year,county_name,employment_status_population_16_years_and_over,employment_status_population_16_years_and_over_in_,employment_status_population_16_years_and_over_in_,employment_status_population_16_years_and_over_in_,employment_status_population_16_years_and_over_in_,employment_status_population_16_years_and_over_in_,employment_status_population_16_years_and_over_not,employment_status_civilian_labor_force,employment_status_civilian_labor_force_unemploymen,employment_status_females_16_years_and_over,employment_status_females_16_years_and_over_in_lab,employment_status_females_16_years_and_over_in_lab,employment_status_females_16_years_and_over_in_lab,employment_status_own_children_of_the_householder_,employment_status_own_children_of_the_householder_,employment_status_own_children_of_the_householder_,employment_status_own_children_of_the_householder_,commuting_to_work_workers_16_years_and_over,commuting_to_work_workers_16_years_and_over_car_tr,commuting_to_work_workers_16_years_and_over_car_tr,commuting_to_work_workers_16_years_and_over_public,commuting_to_work_workers_16_years_and_over_walked,commuting_to_work_workers_16_years_and_over_other_,commuting_to_work_workers_16_years_and_over_worked,commuting_to_work_workers_16_years_and_over_mean_t,occupation_civilian_employed_population_16_years_a,occupation_civilian_employed_population_16_years_a,occupation_civilian_employed_population_16_years_a,occupation_civilian_employed_population_16_years_a,occupation_civilian_employed_population_16_years_a,occupation_civilian_employed_population_16_years_a,industry_civilian_employed_population_16_years_and,industry_civilian_employed_population_16_years_and,industry_civilian_employed_population_16_years_and,industry_civilian_employed_population_16_years_and,state_fips,county_fips,industry_civilian_employed_population_16_years_and,industry_civilian_employed_population_16_years_and,industry_civilian_employed_population_16_years_and,industry_civilian_employed_population_16_years_and,industry_civilian_employed_population_16_years_and,industry_civilian_employed_population_16_years_and,industry_civilian_employed_population_16_years_and,industry_civilian_employed_population_16_years_and,industry_civilian_employed_population_16_years_and,industry_civilian_employed_population_16_years_and,class_of_worker_civilian_employed_population_16_ye,class_of_worker_civilian_employed_population_16_ye,class_of_worker_civilian_employed_population_16_ye,class_of_worker_civilian_employed_population_16_ye,class_of_worker_civilian_employed_population_16_ye,income_and_benefits_in_2021_inflation_adjusted_dol,income_and_benefits_in_2021_inflation_adjusted_dol,income_and_benefits_in_2021_inflation_adjusted_dol,income_and_benefits_in_2021_inflation_adjusted_dol,income_and_benefits_in_2021_inflation_adjusted_dol,income_and_benefits_in_2021_inflation_adjusted_dol,income_and_benefits_in_2021_inflation_adjusted_dol,income_and_benefits_in_2021_inflation_adjusted_dol,income_and_benefits_in_2021_inflation_adjusted_dol,income_and_benefits_in_2021_inflation_adjusted_dol,income_and_benefits_in_2021_inflation_adjusted_dol,income_and_benefits_in_2021_inflation_adjusted_dol,income_and_benefits_in_2021_inflation_adjusted_dol,income_and_benefits_in_2021_inflation_adjusted_dol,income_and_benefits_in_2021_inflation_adjusted_dol,income_and_benefits_in_2021_inflation_adjusted_dol,income_and_benefits_in_2021_inflation_adjusted_dol,income_and_benefits_in_2021_inflation_adjusted_dol,income_and_benefits_in_2021_inflation_adjusted_dol,income_and_benefits_in_2021_inflation_adjusted_dol,income_and_benefits_in_2021_inflation_adjusted_dol,income_and_benefits_in_2021_inflation_adjusted_dol,income_and_benefits_in_2021_inflation_adjusted_dol,income_and_benefits_in_2021_inflation_adjusted_dol,income_and_benefits_in_2021_inflation_adjusted_dol,income_and_benefits_in_2021_inflation_adjusted_dol,income_and_benefits_in_2021_inflation_adjusted_dol,income_and_benefits_in_2021_inflation_adjusted_dol,income_and_benefits_in_2021_inflation_adjusted_dol,income_and_benefits_in_2021_inflation_adjusted_dol,income_and_benefits_in_2021_inflation_adjusted_dol,income_and_benefits_in_2021_inflation_adjusted_dol,income_and_benefits_in_2021_inflation_adjusted_dol,income_and_benefits_in_2021_inflation_adjusted_dol,income_and_benefits_in_2021_inflation_adjusted_dol,income_and_benefits_in_2021_inflation_adjusted_dol,income_and_benefits_in_2021_inflation_adjusted_dol,income_and_benefits_in_2021_inflation_adjusted_dol,income_and_benefits_in_2021_inflation_adjusted_dol,income_and_benefits_in_2021_inflation_adjusted_dol,income_and_benefits_in_2021_inflation_adjusted_dol,income_and_benefits_in_2021_inflation_adjusted_dol,income_and_benefits_in_2021_inflation_adjusted_dol,income_and_benefits_in_2021_inflation_adjusted_dol,health_insurance_coverage_civilian_noninstitutiona,health_insurance_coverage_civilian_noninstitutiona,health_insurance_coverage_civilian_noninstitutiona,health_insurance_coverage_civilian_noninstitutiona,health_insurance_coverage_civilian_noninstitutiona,health_insurance_coverage_civilian_noninstitutiona,health_insurance_coverage_civilian_noninstitutiona,health_insurance_coverage_civilian_noninstitutiona,health_insurance_coverage_civilian_noninstitutiona,health_insurance_coverage_civilian_noninstitutiona,health_insurance_coverage_civilian_noninstitutiona,health_insurance_coverage_civilian_noninstitutiona,health_insurance_coverage_civilian_noninstitutiona,health_insurance_coverage_civilian_noninstitutiona,health_insurance_coverage_civilian_noninstitutiona,health_insurance_coverage_civilian_noninstitutiona,health_insurance_coverage_civilian_noninstitutiona,health_insurance_coverage_civilian_noninstitutiona,health_insurance_coverage_civilian_noninstitutiona,health_insurance_coverage_civilian_noninstitutiona,health_insurance_coverage_civilian_noninstitutiona,health_insurance_coverage_civilian_noninstitutiona,health_insurance_coverage_civilian_noninstitutiona,health_insurance_coverage_civilian_noninstitutiona,percentage_of_families_and_people_whose_income_in_,percentage_of_families_and_people_whose_income_in_,percentage_of_families_and_people_whose_income_in_,percentage_of_families_and_people_whose_income_in_,percentage_of_families_and_people_whose_income_in_,percentage_of_families_and_people_whose_income_in_,percentage_of_families_and_people_whose_income_in_,percentage_of_families_and_people_whose_income_in_,percentage_of_families_and_people_whose_income_in_,percentage_of_families_and_people_whose_income_in_,percentage_of_families_and_people_whose_income_in_,percentage_of_families_and_people_whose_income_in_,percentage_of_families_and_people_whose_income_in_,percentage_of_families_and_people_whose_income_in_,percentage_of_families_and_people_whose_income_in_,percentage_of_families_and_people_whose_income_in_,percentage_of_families_and_people_whose_income_in_,percentage_of_families_and_people_whose_income_in_,percentage_of_families_and_people_whose_income_in_
2021,Appling County; Georgia,14365,7675,7665,7444,221,10,6690,7665,-888888888,7157,3349,3349,3279,1293,564,2701,1456,7300,6151,818,24,76,158,73,23.1,7444,2117,1023,1195,1215,1894,7444,332,803,1159,13,001,92,1290,792,164,174,364,1277,419,291,287,7444,5899,1207,338,0,6637,665,431,1212,843,602,1135,594,802,269,84,39588,55733,4514,62019,2274,19599,1129,20214,575,11775,135,3836,1362,4749,263,266,626,566,551,948,486,703,267,73,51335,64989,22109,1888,21085,29474,30092,42110,27400,18145,15615,9524,8118,2530,4947,178,10091,6853,6687,5264,4898,542,1423,166,84,73,11,82,3238,2391,1020,1524,847,-888888888,-888888888,-888888888,-888888888,-888888888,-888888888,-888888888,-888888888,-888888888,-888888888,-888888888,-888888888,-888888888,-888888888,-888888888,-888888888,-888888888,-888888888,-888888888
2021,Atkinson County; Georgia,6366,3686,3686,3459,227,0,2680,3686,-888888888,3163,1654,1654,1554,538,219,1309,620,3407,2639,458,0,66,200,44,24.4,3459,929,506,519,655,850,3459,163,444,688,13,003,30,350,299,16,164,108,686,338,63,110,3459,2616,538,285,20,2968,197,189,358,732,381,394,340,234,111,32,35741,52851,2225,54928,914,17437,362,17678,343,10086,25,-999999999,559,2106,98,38,203,536,252,334,298,209,111,27,46546,60888,20287,862,23431,28847,28050,32623,37778,8251,6617,3494,3915,1634,2473,123,4632,3222,3019,1996,1928,94,1023,203,57,41,16,146,1410,1085,357,801,325,-888888888,-888888888,-888888888,-888888888,-888888888,-888888888,-888888888,-888888888,-888888888,-888888888,-888888888,-888888888,-888888888,-888888888,-888888888,-888888888,-888888888,-888888888,-888888888
2021,Bacon County; Georgia,8615,4412,4405,4254,151,7,4203,4405,-888888888,4402,2132,2132,2060,865,553,1603,1186,4198,3531,347,0,79,102,139,22.5,4254,1088,686,764,714,1002,4254,281,338,703,13,005,89,578,578,76,82,201,894,132,145,157,4254,3353,690,211,0,3874,411,302,474,515,503,649,419,400,140,61,40391,60342,2733,62409,1421,19553,644,29397,217,7571,73,766,583,2505,137,118,348,408,232,366,359,351,125,61,50440,72922,22846,1369,28750,33785,28864,43102,31189,10485,8472,5403,4090,2013,3104,378,5694,3919,3768,2925,2755,228,843,151,101,68,33,50,1775,1033,552,577,742,-888888888,-888888888,-888888888,-888888888,-888888888,-888888888,-888888888,-888888888,-888888888,-888888888,-888888888,-888888888,-888888888,-888888888,-888888888,-888888888,-888888888,-888888888,-888888888
2021,Baker County; Georgia,2434,1006,1006,884,122,0,1428,1006,-888888888,1293,481,481,470,130,96,406,314,859,752,61,1,4,8,33,24.3,884,291,161,237,116,79,884,116,26,92,13,007,15,110,55,4,25,44,192,23,19,163,884,564,244,76,0,1201,205,59,191,155,135,197,59,111,85,4,33417,52967,694,60778,585,19883,295,23501,84,13095,10,-999999999,154,718,67,9,79,158,90,92,47,87,85,4,45750,65526,22872,483,16917,26450,30760,48597,29327,2928,2432,1360,1376,496,555,16,1526,921,799,704,675,63,95,122,76,31,45,46,605,266,149,124,339,-888888888,-888888888,-888888888,-888888888,-888888888,-888888888,-888888888,-888888888,-888888888,-888888888,-888888888,-888888888,-888888888,-888888888,-888888888,-888888888,-888888888,-888888888,-888888888
2021,Baldwin County; Georgia,36626,18877,18877,17451,1426,0,17749,18877,-888888888,18230,8941,8941,8209,2147,1699,5324,4175,16870,14253,1377,75,117,459,589,25.7,17451,5858,3695,3097,1848,2953,17451,491,822,1730,13,009,297,2132,940,141,914,1148,5441,1741,456,1198,17451,11957,4943,545,6,15948,1847,926,1635,1592,1888,2626,2388,2002,572,472,50413,74134,11050,77481,5751,19738,4366,32402,1114,9723,373,1508,2217,9722,740,270,717,963,951,1630,1970,1593,518,370,68316,93874,28455,6226,29895,41063,29053,47590,36047,41657,36402,28839,13140,5255,9722,508,25356,17423,16161,13832,13126,1141,2329,1262,630,526,104,632,7933,6176,4331,2591,1757,-888888888,-888888888,-888888888,-888888888,-888888888,-888888888,-888888888,-888888888,-888888888,-888888888,-888888888,-888888888,-888888888,-888888888,-888888888,-888888888,-888888888,-888888888,-888888888
2021,Banks County; Georgia,14497,8208,8195,7917,278,13,6289,8195,-888888888,7298,3728,3728,3562,1180,820,2679,1832,7825,6418,699,19,96,0,593,32.7,7917,2541,1163,1426,1084,1703,7917,281,601,1350,13,011,171,1108,681,115,121,526,1673,543,395,352,7917,6133,1244,530,10,6483,433,417,707,431,706,1339,985,1009,255,201,57893,68902,4593,74231,2365,19520,1379,27085,279,10259,128,1198,605,4873,236,232,266,289,534,1187,820,872,258,179,69551,77739,26125,1610,23261,38499,35437,50803,36578,18048,15731,11647,6256,2317,4352,320,10664,7618,7368,6290,5964,415,1078,250,153,77,79,97,3046,2224,1545,1157,822,-888888888,-888888888,-888888888,-888888888,-888888888,-888888888,-888888888,-888888888,-888888888,-888888888,-888888888,-888888888,-888888888,-888888888,-888888888,-888888888,-888888888,-888888888,-888888888
2021,Barrow County; Georgia,63146,41888,41853,40189,1664,35,21258,41853,-888888888,32456,19167,19132,18464,6290,3719,13938,9873,39368,31971,4448,66,293,347,2243,33.8,40189,13272,6287,9192,4598,6840,40189,333,3964,5113,13,013,1663,5021,2457,578,1783,4498,7534,3106,2210,1929,40189,32562,5539,2040,48,28087,1240,738,1884,2569,3487,5527,4733,5119,1633,1157,68365,80177,22752,80209,8821,20895,5623,25784,1199,12225,576,2997,3251,21185,862,285,1070,1590,2282,4084,4045,4468,1534,965,76565,87742,27926,6902,41639,49603,35984,48248,42588,81987,69534,52063,25419,12453,22185,1689,49667,38823,37298,30604,29365,2054,6694,1525,592,350,285,933,10844,7945,5034,3808,2899,-888888888,-888888888,-888888888,-888888888,-888888888,-888888888,-888888888,-888888888,-888888888,-888888888,-888888888,-888888888,-888888888,-888888888,-888888888,-888888888,-888888888,-888888888,-888888888
2021,Bartow County; Georgia,85105,53640,53516,50523,2993,124,31465,53516,-888888888,43292,25056,25056,23252,7677,4723,16782,11825,49267,38924,5292,484,316,305,3946,29.0,50523,15115,7708,12557,5893,9250,50523,346,4620,9039,13,015,1575,5952,3717,614,2059,4629,9131,4096,2769,1976,50523,41125,6417,2912,69,38029,2369,1530,2815,3359,4545,7193,5932,6383,2300,1603,65559,79015,29859,81163,10768,21285,7778,23567,2578,11704,649,2600,3575,27562,1182,582,1224,2546,2513,5148,4960,5676,2412,1319,78153,89759,28467,10467,37059,46285,37639,49847,39377,106770,90867,70055,31738,15903,27490,2419,64447,49155,46692,39034,38006,2283,7658,2463,1408,1089,335,1055,15292,11034,6926,5347,4258,-888888888,-888888888,-888888888,-888888888,-888888888,-888888888,-888888888,-888888888,-888888888,-888888888,-888888888,-888888888,-888888888,-888888888,-888888888,-888888888,-888888888,-888888888,-888888888
2021,Ben Hill County; Georgia,13526,7598,7575,7258,317,23,5928,7575,-888888888,7266,3899,3899,3854,1012,833,2710,1980,7253,6292,656,40,10,128,127,14.9,7258,1635,1097,1841,759,1926,7258,166,464,1418,13,017,148,917,574,118,347,435,1141,574,410,546,7258,5745,1282,231,0,6828,927,643,741,1144,886,1018,680,466,184,139,34455,49605,4684,56908,2366,18950,833,17873,587,9696,79,824,1233,4371,373,189,473,800,539,705,584,401,179,128,40553,58493,20298,2457,20760,33008,26579,36780,29652,16928,13671,8193,7255,3257,4552,350,9534,6685,6423,4617,4350,432,1806,262,104,23,86,158,2849,1906,875,1169,943,-888888888,-888888888,-888888888,-888888888,-888888888,-888888888,-888888888,-888888888,-888888888,-888888888,-888888888,-888888888,-888888888,-888888888,-888888888,-888888888,-888888888,-888888888,-888888888
2021,Berrien County; Georgia,14282,7714,7629,7153,476,85,6568,7629,-888888888,7281,3422,3412,3259,1207,804,2877,1630,7064,6069,588,0,53,88,266,23.6,7153,2126,1082,1334,1198,1413,7153,298,768,1187,13,019,115,806,353,90,250,369,1691,567,233,426,7153,5221,1435,484,13,6634,656,572,680,690,985,1059,980,746,181,85,44907,57388,4487,64947,2503,17532,1086,21018,487,11001,91,2781,1257,4608,279,175,403,519,673,871,794,648,172,74,56235,66924,22072,2026,17376,30718,32695,42911,35053,17941,14041,9078,7247,3900,4623,445,10190,6948,6472,4474,4217,386,1998,476,125,84,47,351,3242,2244,961,1557,998,-888888888,-888888888,-888888888,-888888888,-888888888,-888888888,-888888888,-888888888,-888888888,-888888888,-888888888,-888888888,-888888888,-888888888,-888888888,-888888888,-888888888,-888888888,-888888888
2021,Bibb County; Georgia,122530,70385,70109,64682,5427,276,52145,70109,-888888888,66258,37026,36954,33982,10986,8420,23630,17966,63621,51826,5437,682,1623,842,3211,20.9,64682,22731,12947,15425,4259,9320,64682,398,2966,5526,13,021,1468,7993,3945,954,4874,5854,17201,6799,2768,3936,64682,52200,10093,2333,56,58752,7241,4075,6235,6700,7984,8522,6027,6665,2711,2592,43862,68814,42117,71391,19943,18351,12416,27802,5319,9269,1645,2522,12269,35310,3040,1706,2890,3560,4042,5550,4311,5862,2181,2168,59456,85405,27800,23442,28763,41493,30541,49213,38237,153659,133176,87153,64217,20483,40577,2231,89502,64229,59696,50053,47049,4857,9643,4533,2183,1401,921,2350,25273,19180,9297,12181,6093,-888888888,-888888888,-888888888,-888888888,-888888888,-888888888,-888888888,-888888888,-888888888,-888888888,-888888888,-888888888,-888888888,-888888888,-888888888,-888888888,-888888888,-888888888,-888888888
2021,Bleckley County; Georgia,10550,4950,4942,4561,381,8,5600,4942,-888888888,5692,2552,2552,2292,712,588,1483,1097,4524,3864,429,0,0,116,115,24.9,4561,1364,1133,820,583,661,4561,101,144,501,13,023,45,535,281,27,245,203,1314,330,82,753,4561,2807,1628,126,0,4232,392,299,486,421,552,782,535,538,80,147,48786,64109,2855,62763,1632,20114,1130,29622,535,8833,308,1392,845,3128,199,181,350,286,418,542,432,504,86,130,52512,72112,23599,1104,29500,37183,27709,43750,30188,12197,10971,8304,4565,1226,2695,81,7424,4504,4181,3813,3590,416,368,323,150,76,89,173,2920,2331,1418,1226,589,-888888888,-888888888,-888888888,-888888888,-888888888,-888888888,-888888888,-888888888,-888888888,-888888888,-888888888,-888888888,-888888888,-888888888,-888888888,-888888888,-888888888,-888888888,-888888888
2021,Brantley County; Georgia,14200,6660,6651,6336,315,9,7540,6651,-888888888,7085,2844,2844,2616,1282,704,2780,1425,6270,5543,478,4,0,117,128,33.9,6336,1486,1309,993,1149,1399,6336,287,834,645,13,025,29,702,718,103,324,250,1035,613,235,561,6336,4848,1190,295,3,6625,642,479,1494,614,812,1125,624,680,155,0,38211,48566,3827,60743,2852,17709,1183,18499,721,8490,265,5442,1256,3933,261,170,492,334,624,916,401,633,102,0,53105,59422,19942,2692,19528,29324,32360,41750,33632,18015,15172,7979,9046,2843,4527,167,10609,6220,5923,4523,3954,738,1400,297,230,139,91,67,4389,3180,1307,2370,1209,-888888888,-888888888,-888888888,-888888888,-888888888,-888888888,-888888888,-888888888,-888888888,-888888888,-888888888,-888888888,-888888888,-888888888,-888888888,-888888888,-888888888,-888888888,-888888888
2021,Brooks County; Georgia,13046,7105,7100,6596,504,5,5941,7100,-888888888,6812,3489,3484,3295,1060,499,2430,1558,6485,5354,411,42,330,116,232,25.3,6596,1439,1762,1467,730,1198,6596,358,310,956,13,027,212,745,467,54,247,273,1226,651,493,604,6596,4805,1117,674,0,6004,824,583,816,547,714,1094,554,446,175,251,39770,64125,4090,64335,2093,16847,1152,52707,323,8202,112,940,941,3753,358,226,309,257,516,835,490,422,100,240,60372,83348,27821,2251,18947,31559,30069,41709,30619,16134,13154,9589,6180,2980,3988,260,9079,6394,6013,4516,4314,469,1497,381,181,80,101,200,2685,1772,1329,792,913,-888888888,-888888888,-888888888,-888888888,-888888888,-888888888,-888888888,-888888888,-888888888,-888888888,-888888888,-888888888,-888888888,-888888888,-888888888,-888888888,-888888888,-888888888,-888888888
2021,Bryan County; Georgia,31952,22162,20389,19106,1283,1773,9790,20389,-888888888,16277,10355,10321,9753,3544,2053,8831,6225,20348,17270,1227,26,112,646,1067,31.9,19106,7972,2895,3966,1887,2386,19106,42,1613,2379,13,029,596,2246,1275,297,1121,1574,4096,2216,592,1059,19106,15367,2909,830,0,14796,589,248,957,951,967,2984,2337,3105,1288,1370,81032,103911,12833,97890,3508,20484,2947,26394,584,9693,124,2230,1224,11544,386,138,496,550,522,2351,1959,2701,1235,1206,92905,113223,35589,3252,48398,63475,44121,62183,43914,41416,37516,31997,9922,3900,13302,693,23649,18758,17575,15552,15164,1288,2023,1183,770,703,154,413,4891,4122,3267,1287,769,-888888888,-888888888,-888888888,-888888888,-888888888,-888888888,-888888888,-888888888,-888888888,-888888888,-888888888,-888888888,-888888888,-888888888,-888888888,-888888888,-888888888,-888888888,-888888888
2021,Bulloch County; Georgia,65327,38559,38496,35007,3489,63,26768,38496,-888888888,33569,19004,19004,16967,4631,3198,10088,7659,34007,26961,3121,236,721,904,2064,23.6,35007,11168,6544,7280,4453,5562,35007,725,2545,2813,13,031,780,4545,2240,376,1499,2372,9416,4352,1803,1541,35007,25757,7163,2062,25,28917,2278,1638,3702,2525,4121,5409,3395,3667,1113,1069,50583,70460,23236,68115,7749,18248,5287,28113,1533,9639,464,1893,4268,17141,708,637,1292,1427,2093,3436,2420,3198,995,935,66757,89653,25882,11776,29783,39243,25326,47758,37112,77375,68077,52603,22392,9298,19392,703,49183,35512,32665,27512,26291,1939,5153,2847,1685,1224,542,1162,13671,11461,8865,3184,2210,-888888888,-888888888,-888888888,-888888888,-888888888,-888888888,-888888888,-888888888,-888888888,-888888888,-888888888,-888888888,-888888888,-888888888,-888888888,-888888888,-888888888,-888888888,-888888888
2021,Burke County; Georgia,18840,11077,11069,10444,625,8,7763,11069,-888888888,10001,5360,5360,5002,1880,1213,3706,2601,10266,8531,654,39,93,141,808,26.3,10444,2657,1851,1870,1582,2484,10444,523,1120,1469,13,033,85,883,1568,20,459,793,1663,884,395,582,10444,8108,1600,707,29,8742,520,686,1010,872,1533,1433,725,1294,297,372,47837,73434,6131,81400,3327,18669,1990,24697,510,11342,151,1391,1276,5767,213,220,445,668,1043,876,666,1154,211,271,60822,78629,27921,2975,27880,59045,32087,48209,35695,24047,21000,14843,8756,3047,6540,513,13756,10007,9499,7941,7405,617,1558,508,288,204,107,220,3749,2996,2022,1278,753,-888888888,-888888888,-888888888,-888888888,-888888888,-888888888,-888888888,-888888888,-888888888,-888888888,-888888888,-888888888,-888888888,-888888888,-888888888,-888888888,-888888888,-888888888,-888888888
2021,Butts County; Georgia,20298,10121,10121,9636,485,0,10177,10121,-888888888,9227,4516,4516,4446,1213,811,3458,2270,9420,8044,599,0,41,70,666,32.9,9636,2914,1414,2177,1078,2053,9636,71,1048,1110,13,035,324,1430,912,80,533,818,1711,546,563,490,9636,7835,1454,347,0,8440,434,389,688,891,1685,1361,1036,1518,217,221,53613,71575,6067,69821,3317,19102,2286,31481,671,12895,79,4877,1312,6423,285,134,460,692,1081,1073,937,1377,209,175,65432,75958,25902,2017,34246,52463,33167,48333,34532,22379,20001,13700,8796,2378,5432,293,13175,9319,8866,7855,7603,424,1011,453,265,263,220,188,3856,2993,1587,1588,863,-888888888,-888888888,-888888888,-888888888,-888888888,-888888888,-888888888,-888888888,-888888888,-888888888,-888888888,-888888888,-888888888,-888888888,-888888888,-888888888,-888888888,-888888888,-888888888
2021,Calhoun County; Georgia,4863,1659,1659,1409,250,0,3204,1659,-888888888,1797,819,819,664,267,235,617,518,1393,1147,118,0,11,0,117,24.4,1409,479,234,275,175,246,1409,246,42,96,13,037,22,181,36,0,44,94,385,33,35,195,1409,982,366,61,0,1457,146,98,216,159,196,281,164,98,35,64,43549,60632,1073,60022,724,16601,245,30371,96,9739,20,-999999999,494,1034,81,27,117,139,158,205,166,61,24,56,48214,67304,16401,423,19798,38874,25344,38819,41688,3845,3320,1857,1817,525,1061,72,2003,1467,1229,1001,936,88,228,238,106,60,46,132,536,443,163,317,93,-888888888,-888888888,-888888888,-888888888,-888888888,-888888888,-888888888,-888888888,-888888888,-888888888,-888888888,-888888888,-888888888,-888888888,-888888888,-888888888,-888888888,-888888888,-888888888
2021,Camden County; Georgia,42416,27066,23329,22260,1069,3737,15350,23329,-888888888,20399,11185,10995,10465,4127,2284,8073,5655,25709,20129,1790,59,1261,389,2081,24.4,22260,7367,4446,4791,2505,3151,22260,274,1692,1881,13,039,465,2951,1322,646,935,2081,4059,2971,627,2356,22260,16085,4909,1217,49,20032,1405,791,1516,1912,2831,3245,2717,3565,1299,751,61636,78691,15960,74864,5719,22818,5042,29537,743,8990,384,4052,2265,14175,945,418,827,1195,1869,2224,1879,3229,906,683,70608,87157,32003,5857,40686,52239,36310,52299,39318,50342,45114,34499,17599,5228,14108,551,28932,21590,20645,17441,16747,1571,3204,945,634,421,265,311,7342,6190,4543,2562,1152,-888888888,-888888888,-888888888,-888888888,-888888888,-888888888,-888888888,-888888888,-888888888,-888888888,-888888888,-888888888,-888888888,-888888888,-888888888,-888888888,-888888888,-888888888,-888888888
2021,Candler County; Georgia,8452,4628,4628,4361,267,0,3824,4628,-888888888,4316,2087,2087,1964,818,397,1783,1163,4322,3650,432,0,13,96,131,23.1,4361,1145,831,848,594,943,4361,274,311,595,13,043,63,751,293,51,200,266,947,441,120,49,4361,3235,841,263,22,4034,410,296,755,489,442,657,281,503,127,74,36763,56050,2841,56753,1516,18902,681,22150,360,8492,113,2163,855,2693,219,88,282,427,357,460,250,463,94,53,47221,63390,21843,1341,18268,37970,26309,40206,33433,10657,8773,5417,4579,1884,2926,95,5866,4236,3969,3020,2807,271,949,267,98,35,63,169,1630,974,460,643,656,-888888888,-888888888,-888888888,-888888888,-888888888,-888888888,-888888888,-888888888,-888888888,-888888888,-888888888,-888888888,-888888888,-888888888,-888888888,-888888888,-888888888,-888888888,-888888888
2021,Carroll County; Georgia,93725,58494,58441,54893,3548,53,35231,58441,-888888888,48676,28503,28503,26669,8447,6203,17430,12323,53557,42080,6482,259,647,742,3347,28.4,54893,17591,8702,11790,5811,10999,54893,404,4251,10501,13,045,1614,5639,3681,768,2418,5074,11911,4178,2270,2184,54893,44245,7669,2895,84,42635,2575,1693,4098,4172,5388,7281,6415,6935,2140,1938,62498,77389,33603,76971,13861,19685,8106,27759,2510,10821,774,4121,6219,30560,1107,1038,2269,2356,3517,5310,5084,6221,1942,1716,73783,87346,28188,12075,34751,45306,32731,49028,40045,117319,102994,78943,36801,14325,30454,1346,71063,53946,50819,43092,41444,2903,7727,3127,1658,1203,472,1469,17117,13401,9166,5706,3716,-888888888,-888888888,-888888888,-888888888,-888888888,-888888888,-888888888,-888888888,-888888888,-888888888,-888888888,-888888888,-888888888,-888888888,-888888888,-888888888,-888888888,-888888888,-888888888
2021,Catoosa County; Georgia,54154,33539,33498,32323,1175,41,20615,33498,-888888888,28078,15911,15910,15405,4305,2108,10276,7171,31854,26879,2965,36,113,184,1677,23.5,32323,10717,4495,8062,3376,5673,32323,269,3069,4920,13,047,595,4729,2376,398,2086,2691,6293,2811,1372,714,32323,27051,3416,1840,16,25450,1111,1152,2120,2364,3635,4661,4146,3727,1335,1199,62669,77690,19284,80214,9163,22704,5462,21609,863,9513,503,2808,2576,18128,798,159,843,1293,2614,3622,3223,3328,1179,1069,72582,87293,30461,7322,33396,49826,35001,51766,40530,67137,59575,46888,22026,7562,16261,1168,39126,30606,29531,25159,24102,1424,4372,1075,665,514,184,410,8520,6918,4272,3550,1602,-888888888,-888888888,-888888888,-888888888,-888888888,-888888888,-888888888,-888888888,-888888888,-888888888,-888888888,-888888888,-888888888,-888888888,-888888888,-888888888,-888888888,-888888888,-888888888
2021,Charlton County; Georgia,10310,5291,5291,4704,587,0,5019,5291,-888888888,4062,1922,1922,1664,494,393,1512,912,4669,4371,95,8,0,35,160,27.1,4704,1137,1054,695,732,1086,4704,149,501,651,13,049,48,465,278,47,77,635,921,370,66,496,4704,3392,1130,182,0,3960,502,157,599,329,527,784,395,519,41,107,45494,58530,2534,67122,1671,20376,608,23659,373,10363,4,-999999999,915,2634,205,89,320,210,357,582,337,431,32,71,54453,66159,21824,1326,24821,39663,26480,41806,27245,11408,9453,6201,4655,1955,2475,57,7027,4951,4400,3488,3359,208,912,551,285,212,114,266,2076,1356,632,901,720,-888888888,-888888888,-888888888,-888888888,-888888888,-888888888,-888888888,-888888888,-888888888,-888888888,-888888888,-888888888,-888888888,-888888888,-888888888,-888888888,-888888888,-888888888,-888888888
2021,Chatham County; Georgia,238819,155074,151500,140776,10724,3574,83745,151500,-888888888,125140,77316,77095,71782,20999,15486,38197,29245,141835,109273,13582,2395,3460,3398,9727,22.4,140776,53835,27965,30028,9150,19798,140776,454,8309,11717,13,051,2966,16773,12065,2348,7213,15558,32854,17981,5720,6818,140776,112866,19923,7615,372,115403,7048,4730,9758,10434,14791,20954,15539,17371,7151,7627,61064,86603,90887,83331,36814,21018,25259,29439,5728,11454,1485,5073,13438,69896,3027,1657,3993,5422,8173,12706,10334,12796,5938,5850,74904,101195,34886,45507,42739,61176,33508,51748,42359,286967,247273,187372,94510,39694,67008,4822,174879,138919,129532,105861,100252,9762,23671,9387,5468,4308,1724,3919,35960,29213,20038,12476,6747,-888888888,-888888888,-888888888,-888888888,-888888888,-888888888,-888888888,-888888888,-888888888,-888888888,-888888888,-888888888,-888888888,-888888888,-888888888,-888888888,-888888888,-888888888,-888888888
2021,Chattahoochee County; Georgia,7705,6166,1758,1553,205,4408,1539,1758,-888888888,2361,1304,1001,843,962,375,844,363,5889,3379,664,52,1295,100,399,10.4,1553,505,308,281,230,229,1553,0,100,86,13,053,13,260,52,0,73,138,255,172,73,331,1553,902,589,62,0,2404,245,101,210,259,386,533,274,267,94,35,50018,65747,1919,69328,359,14316,431,23573,150,8303,50,-999999999,357,1881,178,37,198,181,334,357,238,245,78,35,50240,70632,25196,523,31789,43654,25859,27448,26708,4977,4719,3819,1366,258,1907,5,2777,1566,1361,1201,1143,137,160,205,151,128,26,54,1211,1172,948,380,39,-888888888,-888888888,-888888888,-888888888,-888888888,-888888888,-888888888,-888888888,-888888888,-888888888,-888888888,-888888888,-888888888,-888888888,-888888888,-888888888,-888888888,-888888888,-888888888
2021,Chattooga County; Georgia,19953,9628,9613,9301,312,15,10325,9613,-888888888,9624,4778,4770,4596,1710,1139,3020,2170,9026,7722,916,3,101,80,204,26.0,9301,2166,1200,1771,1154,3010,9301,220,645,2872,13,055,204,1098,219,121,374,497,1863,447,309,432,9301,7475,1111,715,0,9189,747,786,1377,1420,1507,1529,863,559,291,110,37946,50175,6024,55086,3966,18115,1889,18219,967,9098,802,3257,1777,5666,199,169,669,857,1120,1144,627,519,268,94,46528,60777,19577,3523,21095,30078,30628,42146,31646,23208,20326,11789,11755,2882,5793,185,13139,8729,8478,7026,6187,1272,1452,251,200,90,110,51,4410,3244,1438,2417,1166,-888888888,-888888888,-888888888,-888888888,-888888888,-888888888,-888888888,-888888888,-888888888,-888888888,-888888888,-888888888,-888888888,-888888888,-888888888,-888888888,-888888888,-888888888,-888888888
2021,Cherokee County; Georgia,206121,141171,141020,135274,5746,151,64950,141020,-888888888,104921,65232,65200,62121,17525,12470,43711,30692,133249,99259,10717,415,905,1443,20510,33.7,135274,59438,20027,31670,12099,12040,135274,646,13099,11120,13,057,4815,16675,6131,3634,10851,22385,23988,11253,6017,4660,135274,112023,14455,8666,130,94208,3164,2339,4563,5516,8336,14752,13401,19853,11724,10560,90681,110981,79204,110269,26330,23500,19598,29296,2438,11430,1141,4097,3474,71437,1972,956,2334,3315,4996,9636,10957,16991,10591,9689,103074,123143,40675,22771,52422,67571,44695,65278,52251,260986,232856,198526,62512,28130,66843,4588,157386,128769,123964,107688,105407,4963,16276,4805,3040,2755,459,1765,28617,23577,19364,6569,5040,-888888888,-888888888,-888888888,-888888888,-888888888,-888888888,-888888888,-888888888,-888888888,-888888888,-888888888,-888888888,-888888888,-888888888,-888888888,-888888888,-888888888,-888888888,-888888888
2021,Clarke County; Georgia,108082,66212,65987,62312,3675,225,41870,65987,-888888888,57162,33110,32997,31303,7227,4694,14239,10766,60985,44077,4839,1602,2895,1445,6127,20.6,62312,28115,11792,11260,3084,8061,62312,496,1882,4934,13,059,1087,7424,2200,862,2171,6801,21615,8543,2553,1744,62312,42662,16316,3064,270,52352,6026,3173,6351,6441,6690,8095,4878,5939,2482,2277,44070,66478,42265,63791,12371,19811,8445,35439,2389,10601,872,3383,4964,24808,1084,840,1841,2655,2608,4165,3221,4281,2120,1993,69079,94093,27301,27544,29207,39398,23997,44643,40184,127402,111555,90241,32100,15847,27694,2504,85806,61350,58280,50043,47645,3584,8237,3070,2041,1787,394,1029,24456,20511,17225,4546,3945,-888888888,-888888888,-888888888,-888888888,-888888888,-888888888,-888888888,-888888888,-888888888,-888888888,-888888888,-888888888,-888888888,-888888888,-888888888,-888888888,-888888888,-888888888,-888888888
2021,Clay County; Georgia,2506,1213,1213,1155,58,0,1293,1213,-888888888,1271,496,496,472,84,60,436,370,1143,946,78,0,46,47,26,20.3,1155,268,203,222,258,204,1155,231,127,83,13,061,14,168,72,0,20,8,218,74,57,83,1155,950,159,46,0,1286,154,138,171,170,230,137,216,42,16,12,35893,45658,735,45191,604,17216,354,28731,90,8480,3,-999999999,368,653,44,33,66,106,70,78,186,42,16,12,51442,61240,22752,633,24676,29573,28278,40701,28451,2838,2447,1623,1287,391,617,61,1471,1053,1006,846,827,50,160,47,3,0,3,44,418,313,168,160,105,-888888888,-888888888,-888888888,-888888888,-888888888,-888888888,-888888888,-888888888,-888888888,-888888888,-888888888,-888888888,-888888888,-888888888,-888888888,-888888888,-888888888,-888888888,-888888888
2021,Clayton County; Georgia,221389,146826,146605,136395,10210,221,74563,146605,-888888888,120612,78060,78012,72272,24356,17292,51458,38466,132709,98622,18291,4118,1178,3009,7491,31.9,136395,35410,27363,30858,11624,31140,136395,497,8418,9816,13,063,3761,15319,20096,2014,6529,13919,28868,13790,6639,6729,136395,110683,19449,5876,387,103399,6913,3551,10873,11290,17103,21765,13312,12866,3736,1990,51945,65231,85549,64117,24353,18535,19221,25914,6865,10320,2298,3426,19561,69882,3421,1647,6735,6919,11413,14548,9897,10419,3113,1770,57281,72624,23532,33517,35282,43337,31009,41051,36135,290873,237735,155632,104143,53138,86666,10241,176498,137942,128511,102145,93431,12882,26366,9431,5328,3163,2271,4103,38556,26613,14225,15328,11943,-888888888,-888888888,-888888888,-888888888,-888888888,-888888888,-888888888,-888888888,-888888888,-888888888,-888888888,-888888888,-888888888,-888888888,-888888888,-888888888,-888888888,-888888888,-888888888
2021,Clinch County; Georgia,5298,2395,2395,2272,123,0,2903,2395,-888888888,2792,1284,1284,1185,519,360,1051,531,2271,1831,289,0,4,131,16,22.3,2272,692,174,400,484,522,2272,349,152,302,13,065,44,146,264,0,102,38,593,187,70,25,2272,1645,486,133,8,2361,541,61,257,148,232,620,222,211,41,28,47750,50640,1588,53703,759,20592,431,29720,152,9380,46,448,407,1750,339,36,99,111,192,472,223,211,41,26,54500,59396,18331,611,18558,24223,30391,35966,27468,6659,5220,3798,2789,1439,1912,167,3774,2187,2074,1545,1533,59,529,113,50,0,50,63,1587,920,648,644,667,-888888888,-888888888,-888888888,-888888888,-888888888,-888888888,-888888888,-888888888,-888888888,-888888888,-888888888,-888888888,-888888888,-888888888,-888888888,-888888888,-888888888,-888888888,-888888888
2021,Cobb County; Georgia,605810,424060,422735,401929,20806,1325,181750,422735,-888888888,313765,202527,202078,190789,53798,37262,117592,86991,394381,289767,28782,2803,4490,8005,60534,30.5,401929,195576,54801,84511,28705,38336,401929,620,28962,30819,13,067,12256,45021,21971,11759,34770,73149,75290,37487,17935,11890,401929,338196,39305,23831,597,287426,11215,5512,14065,18314,28615,47797,38357,53063,31254,39234,86013,116012,246768,115053,65615,23837,53780,30508,7775,10663,3628,3689,16845,192336,4603,1907,5900,9082,16644,28455,24653,40309,25603,35180,105106,135415,44448,95090,55674,72497,44794,66089,54494,757479,661869,560626,172129,95610,188648,16708,474840,391903,373506,321813,314523,14543,51693,18397,10487,8612,2439,7910,82937,64662,52614,16483,18275,-888888888,-888888888,-888888888,-888888888,-888888888,-888888888,-888888888,-888888888,-888888888,-888888888,-888888888,-888888888,-888888888,-888888888,-888888888,-888888888,-888888888,-888888888,-888888888
2021,Coffee County; Georgia,33706,18336,18244,17484,760,92,15370,18244,-888888888,16231,8584,8584,8040,3533,2519,6225,4304,17376,14900,1121,28,115,939,273,18.7,17484,4857,2736,3379,2716,3796,17484,927,1291,2855,13,069,341,1918,1566,60,631,876,3698,1827,723,771,17484,13708,2698,929,149,14934,1698,1146,1888,1456,2265,2360,1581,1617,561,362,44450,57509,10336,64147,5245,17476,2221,20062,990,9479,208,2461,2455,10129,842,428,879,946,1757,1664,1266,1432,554,361,53648,68948,21528,4805,21728,30990,29800,36971,32889,40422,33391,21632,15916,7031,11500,957,22973,16447,15822,12057,11588,826,3765,625,257,170,87,368,6526,4601,2403,2771,1925,-888888888,-888888888,-888888888,-888888888,-888888888,-888888888,-888888888,-888888888,-888888888,-888888888,-888888888,-888888888,-888888888,-888888888,-888888888,-888888888,-888888888,-888888888,-888888888
2021,Colquitt County; Georgia,35084,20541,20531,19111,1420,10,14543,20531,-888888888,17960,9377,9377,8638,3645,2420,7375,5798,18739,15668,1869,242,258,238,464,23.3,19111,5048,3100,3852,3221,3890,19111,2258,1292,2685,13,071,493,2179,1047,93,700,879,4371,1539,774,801,19111,15352,2847,869,43,16219,1466,1496,2147,1722,2319,2482,1688,2056,303,540,41623,61978,11412,68499,5476,17711,2652,24116,1543,10584,403,1754,2851,10626,699,464,1079,1203,1733,1859,1140,1704,246,499,52579,73319,23408,5593,22421,36544,29218,36257,31665,45421,35455,21632,17691,9966,12507,1814,25988,18890,17572,12462,11610,1105,5110,1318,772,385,413,546,7098,4668,2083,2946,2430,-888888888,-888888888,-888888888,-888888888,-888888888,-888888888,-888888888,-888888888,-888888888,-888888888,-888888888,-888888888,-888888888,-888888888,-888888888,-888888888,-888888888,-888888888,-888888888
2021,Columbia County; Georgia,119686,78380,74972,71058,3914,3408,41306,74972,-888888888,61379,36619,36033,34370,11383,7070,25947,17434,73649,62131,5952,135,210,758,4463,26.4,71058,30740,11851,15415,5877,7175,71058,353,5184,5868,13,073,1249,6595,5738,1388,3953,8259,18244,6039,3158,5030,71058,51250,16233,3521,54,47597,1491,726,2791,2875,3794,8925,6962,9357,5425,5251,85928,107156,38446,104160,13938,23073,13526,31486,1456,10567,972,2490,2768,35421,703,329,1254,1395,2071,6383,5730,7915,4840,4801,99342,119895,36804,12176,49637,66478,42443,63987,50113,150536,137744,117945,39547,12792,41480,1256,87945,69232,65731,58006,55835,6224,7725,3501,2335,2058,619,1166,18713,16102,12890,4993,2611,-888888888,-888888888,-888888888,-888888888,-888888888,-888888888,-888888888,-888888888,-888888888,-888888888,-888888888,-888888888,-888888888,-888888888,-888888888,-888888888,-888888888,-888888888,-888888888
2021,Cook County; Georgia,13277,8038,7845,7429,416,193,5239,7845,-888888888,6967,3675,3580,3382,1213,695,2825,2247,7594,6136,1198,13,74,28,145,26.9,7429,2033,1111,1627,1125,1533,7429,130,864,856,13,075,181,1203,486,26,336,633,1387,493,447,387,7429,5636,1099,673,21,6056,762,458,736,718,605,939,717,722,138,261,45702,61239,4322,70969,1941,16812,931,19007,412,8771,91,2632,927,4199,459,194,393,493,494,635,551,623,135,222,51163,70050,22490,1857,21354,35406,32224,43025,36502,16906,13734,9208,5995,3172,4685,271,9568,6963,6571,4880,4684,345,1691,392,211,103,125,181,2605,1576,856,1002,1029,-888888888,-888888888,-888888888,-888888888,-888888888,-888888888,-888888888,-888888888,-888888888,-888888888,-888888888,-888888888,-888888888,-888888888,-888888888,-888888888,-888888888,-888888888,-888888888
2021,Coweta County; Georgia,114239,75108,74998,72427,2571,110,39131,74998,-888888888,58818,35034,35034,33581,9734,6595,23783,17307,71327,56429,5847,412,625,1688,6326,30.8,72427,28659,11026,15259,6261,11222,72427,442,4358,8759,13,077,1805,7871,8469,1445,4076,7674,14524,6420,3431,3153,72427,58762,10061,3502,102,53405,2032,1263,2988,3705,5478,8614,7641,10619,6256,4809,83486,103289,43156,104412,15205,22208,12613,31156,2244,10706,1386,2917,4492,40018,959,432,1622,2180,3143,6058,6093,9428,5800,4303,98047,114849,38527,13387,42381,57947,42896,62577,45137,144378,130356,108323,37004,14022,36888,2041,87350,68931,66657,59140,57499,2973,7517,2274,1313,1172,245,961,18419,14997,11746,4564,3422,-888888888,-888888888,-888888888,-888888888,-888888888,-888888888,-888888888,-888888888,-888888888,-888888888,-888888888,-888888888,-888888888,-888888888,-888888888,-888888888,-888888888,-888888888,-888888888
2021,Crawford County; Georgia,9881,5328,5306,4788,518,22,4553,5306,-888888888,4782,2321,2308,2047,638,574,1641,902,4714,4018,217,64,13,73,329,31.7,4788,1221,878,991,816,882,4788,83,483,324,13,079,67,550,463,34,190,392,935,284,440,543,4788,3616,848,312,12,4283,233,272,514,246,672,923,474,585,218,146,53132,69371,2811,75778,2019,20654,979,26154,533,9514,76,621,647,3096,117,104,322,154,580,531,355,576,218,139,64639,78251,26429,1187,33107,42732,33812,48599,41315,12029,10543,6836,4871,1486,2664,125,7165,5070,4569,4001,3841,201,568,501,310,234,76,191,2095,1514,548,1071,581,-888888888,-888888888,-888888888,-888888888,-888888888,-888888888,-888888888,-888888888,-888888888,-888888888,-888888888,-888888888,-888888888,-888888888,-888888888,-888888888,-888888888,-888888888,-888888888
2021,Crisp County; Georgia,16165,9172,9172,8280,892,0,6993,9172,-888888888,8497,4237,4237,3749,1449,1342,2732,1971,8004,6425,916,26,126,133,378,20.4,8280,2130,1602,1862,924,1762,8280,285,510,1051,13,081,255,1091,584,28,275,377,2000,940,370,514,8280,6056,1676,548,0,7651,606,948,926,840,946,1135,888,793,245,324,41605,64655,5367,66894,3143,19530,1427,30198,705,8393,168,6042,2074,5260,360,366,497,650,577,845,722,726,200,317,54059,76038,25798,2391,21597,36186,30286,39303,34841,20152,16621,9269,9458,3531,5182,262,11180,8304,7579,5475,5164,391,2104,725,452,195,257,273,2876,2003,879,1346,873,-888888888,-888888888,-888888888,-888888888,-888888888,-888888888,-888888888,-888888888,-888888888,-888888888,-888888888,-888888888,-888888888,-888888888,-888888888,-888888888,-888888888,-888888888,-888888888
2021,Dade County; Georgia,13404,7416,7411,7061,350,5,5988,7411,-888888888,6785,3602,3597,3451,870,560,2032,1607,6917,5575,485,22,378,16,441,25.8,7061,1895,1433,1581,1056,1096,7061,20,859,1163,13,083,95,592,529,10,482,407,1661,756,237,250,7061,5758,780,487,36,6142,214,245,828,895,982,955,856,628,255,284,47675,68467,4397,69986,2495,20608,1306,19733,468,11953,127,986,541,4261,69,95,449,440,743,729,686,591,206,253,62819,79692,26581,1881,29446,42534,29033,49982,37476,16181,14168,11026,5656,2013,3667,231,9456,6835,6515,5457,5218,420,1058,320,203,157,46,117,2621,2034,1350,1012,587,-888888888,-888888888,-888888888,-888888888,-888888888,-888888888,-888888888,-888888888,-888888888,-888888888,-888888888,-888888888,-888888888,-888888888,-888888888,-888888888,-888888888,-888888888,-888888888
2021,Dawson County; Georgia,21690,13611,13538,12753,785,73,8079,13538,-888888888,10819,6202,6202,5739,1289,527,3433,2381,12573,10048,1196,3,147,37,1142,30.4,12753,5314,1437,3218,974,1810,12753,77,1170,1212,13,085,275,1772,670,438,727,1749,2467,912,471,813,12753,10281,2012,417,43,9776,466,136,510,523,1430,1671,989,2095,943,1013,77630,100660,7647,99072,3715,23286,2344,32845,345,12901,149,5821,869,7183,362,30,195,342,919,1125,754,1635,908,913,96090,112955,38218,2593,46250,59511,39728,61188,41250,25994,22250,17421,8489,3744,5441,435,15358,11963,11360,9340,9177,452,2020,603,348,320,76,255,3395,2392,1752,851,1003,-888888888,-888888888,-888888888,-888888888,-888888888,-888888888,-888888888,-888888888,-888888888,-888888888,-888888888,-888888888,-888888888,-888888888,-888888888,-888888888,-888888888,-888888888,-888888888
2021,Decatur County; Georgia,22472,12253,12128,11439,689,125,10219,12128,-888888888,11824,5882,5860,5471,2185,1503,4271,3335,11262,9434,1331,7,102,186,202,21.1,11439,2929,2706,2167,1176,2461,11439,659,833,1418,13,087,297,1401,557,175,466,778,2855,806,562,632,11439,8709,1910,774,46,10242,1106,554,1401,945,1657,1270,1420,1241,378,270,45134,63061,7204,66299,3744,18204,2173,24193,631,9087,114,2282,2117,7132,591,144,654,667,1284,929,1239,1002,361,261,52374,74323,24108,3110,21715,32115,32935,41687,34846,27904,23414,13483,12329,4490,7779,464,15590,11080,10487,7837,7302,752,2650,593,435,237,198,158,4510,3309,1566,1910,1201,-888888888,-888888888,-888888888,-888888888,-888888888,-888888888,-888888888,-888888888,-888888888,-888888888,-888888888,-888888888,-888888888,-888888888,-888888888,-888888888,-888888888,-888888888,-888888888
2021,DeKalb County; Georgia,600899,416586,416271,388413,27858,315,184313,416271,-888888888,321244,211667,211586,198528,58246,41897,106271,79346,378700,253455,37121,21765,5031,7697,53631,31.6,388413,183546,57835,78050,20731,48251,388413,1155,17066,24787,13,089,10173,39660,28434,13938,27733,67530,87711,34093,17691,18442,388413,320820,50634,16557,402,286068,14798,9053,20374,24618,34214,49473,35572,43846,21832,32288,69423,101277,237326,102786,69658,20387,54103,29980,12874,10177,4415,3558,36244,165519,5484,2798,9376,11302,16809,25216,21717,29745,16191,26881,87713,123409,39994,120549,50119,68077,40002,55951,50921,753453,652794,491508,225980,100659,184148,12199,475163,389665,364887,307151,291994,23135,57736,24778,14525,9535,5326,10253,85498,66410,44546,27038,19088,-888888888,-888888888,-888888888,-888888888,-888888888,-888888888,-888888888,-888888888,-888888888,-888888888,-888888888,-888888888,-888888888,-888888888,-888888888,-888888888,-888888888,-888888888,-888888888
2021,Dodge County; Georgia,16652,7901,7886,7553,333,15,8751,7886,-888888888,7862,3695,3695,3519,1093,628,2683,1955,7447,6262,743,58,88,109,187,29.4,7553,2204,1190,1328,1304,1527,7553,153,559,1810,13,091,109,538,253,88,282,231,1709,792,299,730,7553,5541,1548,460,4,6569,667,460,687,975,1010,962,689,726,211,182,41362,58425,4460,63665,2746,16261,1363,28225,697,10980,238,1137,1228,4487,264,161,353,555,812,742,542,675,201,182,52141,70545,21159,2082,22500,29422,30925,42248,32037,18316,15954,11279,7379,2362,4145,170,10681,7385,7147,5737,5304,578,1410,238,109,80,57,129,3296,2647,1525,1679,649,-888888888,-888888888,-888888888,-888888888,-888888888,-888888888,-888888888,-888888888,-888888888,-888888888,-888888888,-888888888,-888888888,-888888888,-888888888,-888888888,-888888888,-888888888,-888888888
2021,Dooly County; Georgia,9877,4426,4426,3985,441,0,5451,4426,-888888888,4427,2130,2130,1879,418,346,1435,1194,3927,3083,509,53,72,17,193,22.0,3985,1080,962,516,609,818,3985,521,306,319,13,093,152,209,407,14,115,432,664,338,58,450,3985,2789,822,374,0,3888,374,261,533,570,386,484,410,530,213,127,39641,69303,2712,66682,1750,18160,1049,36984,489,8690,114,4217,918,2605,162,62,271,318,350,310,347,475,200,110,61509,80578,26597,1283,21719,43955,30550,48474,36602,9966,8151,5374,4144,1815,2297,370,5430,3705,3410,2485,2369,141,925,295,67,47,20,228,1725,1433,820,759,292,-888888888,-888888888,-888888888,-888888888,-888888888,-888888888,-888888888,-888888888,-888888888,-888888888,-888888888,-888888888,-888888888,-888888888,-888888888,-888888888,-888888888,-888888888,-888888888
2021,Dougherty County; Georgia,68610,38682,38398,34606,3792,284,29928,38398,-888888888,37574,21414,21356,19372,6137,4761,12317,9970,34037,26789,3852,441,707,590,1658,20.5,34606,10903,7415,7906,2545,5837,34606,623,1448,3194,13,095,725,4064,2096,517,1584,3148,9228,3460,1722,2797,34606,25958,6885,1681,82,34338,4281,2552,4128,3676,5515,6188,2979,3086,977,956,42225,58010,24165,60764,11894,17828,7590,21687,3474,9628,625,2566,8875,19786,1841,947,1882,2167,2816,4051,1868,2571,766,877,51161,70961,24402,14552,29050,38099,29137,43125,35902,85002,72305,43690,39053,12697,21933,1303,49552,34943,31657,25520,23017,3554,6137,3286,2052,1015,1186,1234,14609,10702,4871,7090,3907,-888888888,-888888888,-888888888,-888888888,-888888888,-888888888,-888888888,-888888888,-888888888,-888888888,-888888888,-888888888,-888888888,-888888888,-888888888,-888888888,-888888888,-888888888,-888888888
2021,Douglas County; Georgia,111170,73254,73174,68305,4869,80,37916,73174,-888888888,59196,36639,36609,34319,9804,6250,25474,18736,67361,53522,5562,472,317,1086,6402,33.8,68305,25305,9703,16799,5393,11105,68305,50,4859,6441,13,097,1960,7956,6770,1627,3671,7312,15366,5787,3060,3446,68305,54516,10191,3465,133,50188,2635,1475,3495,3947,6383,10085,7248,8355,3780,2785,67731,84753,41979,82269,13004,20914,9126,32152,2939,10716,1252,3728,5699,36130,1171,699,1633,2353,3987,7515,5508,7499,3360,2405,78130,94640,30260,14058,41684,54172,38284,51942,42942,142112,124714,95631,43526,17398,39442,2664,86112,67573,63456,54798,51967,4464,8658,4117,2556,1813,874,1561,18539,14099,9270,6464,4440,-888888888,-888888888,-888888888,-888888888,-888888888,-888888888,-888888888,-888888888,-888888888,-888888888,-888888888,-888888888,-888888888,-888888888,-888888888,-888888888,-888888888,-888888888,-888888888
2021,Early County; Georgia,8549,4435,4433,4068,365,2,4114,4433,-888888888,4587,2275,2273,2065,775,534,1800,1497,4008,3120,591,10,100,73,114,24.5,4068,1130,710,663,683,882,4068,239,362,595,13,099,107,401,311,27,132,224,1033,233,169,235,4068,2888,997,168,15,4034,375,285,705,395,584,583,598,387,76,46,39665,56437,2600,54241,1795,18369,830,52989,227,8987,59,3792,948,2651,149,144,371,246,408,485,488,258,75,27,50264,59863,22393,1383,22139,47659,27525,41206,31981,10701,9019,5374,4751,1682,2909,35,5801,3862,3557,2833,2628,373,724,305,141,55,86,164,1939,1180,611,711,759,-888888888,-888888888,-888888888,-888888888,-888888888,-888888888,-888888888,-888888888,-888888888,-888888888,-888888888,-888888888,-888888888,-888888888,-888888888,-888888888,-888888888,-888888888,-888888888
2021,Echols County; Georgia,3009,1599,1599,1536,63,0,1410,1599,-888888888,1625,709,709,685,311,76,483,280,1520,1232,40,5,164,50,29,24.5,1536,247,203,416,421,249,1536,170,298,149,13,101,106,224,59,0,8,103,212,55,81,71,1536,1054,249,233,0,1327,193,90,205,112,145,300,63,181,6,32,45151,54418,869,61515,505,13617,244,25830,131,9894,15,-999999999,118,996,96,53,136,85,88,268,56,176,6,32,57102,63776,23036,331,20757,25487,33872,40556,37558,3691,2734,2145,1118,957,906,219,2204,1410,1350,1017,1004,38,333,60,18,18,0,42,794,442,324,240,352,-888888888,-888888888,-888888888,-888888888,-888888888,-888888888,-888888888,-888888888,-888888888,-888888888,-888888888,-888888888,-888888888,-888888888,-888888888,-888888888,-888888888,-888888888,-888888888
2021,Effingham County; Georgia,48234,31751,31398,29762,1636,353,16483,31398,-888888888,24762,14615,14610,13871,4850,2838,10981,8238,29696,26500,1617,133,145,287,1014,29.8,29762,10510,4285,5958,3984,5025,29762,310,2289,5286,13,103,625,3127,3000,193,1248,2219,6050,2001,1516,1898,29762,24238,4252,1272,0,22313,907,791,1402,1756,2516,4446,3566,3794,2019,1116,72279,92687,18694,89028,5943,20946,4114,38897,1052,11021,298,2435,1672,16454,370,157,727,807,1560,3708,2955,3383,1878,909,84910,105781,34545,5859,35838,50291,41049,59857,42797,62796,56505,46960,16281,6291,17598,698,37793,29743,28119,24891,24153,1597,3228,1624,579,358,221,1045,8050,6754,5022,2741,1296,-888888888,-888888888,-888888888,-888888888,-888888888,-888888888,-888888888,-888888888,-888888888,-888888888,-888888888,-888888888,-888888888,-888888888,-888888888,-888888888,-888888888,-888888888,-888888888
2021,Elbert County; Georgia,15702,8996,8946,8265,681,50,6706,8946,-888888888,8289,4234,4211,3946,1243,780,2627,1754,8158,6405,954,6,224,17,552,23.6,8265,1798,1485,1531,1125,2326,8265,494,530,1992,13,105,336,735,479,31,173,417,1723,530,405,420,8265,6316,1339,610,0,7773,760,379,1246,909,1297,1150,858,817,267,90,39904,55130,5347,56998,3416,18288,2019,18316,796,10666,74,4446,1366,5053,194,77,746,609,929,833,665,682,230,88,49425,64927,23647,2720,21897,34510,27559,43360,32821,19197,16704,10247,8882,2493,4551,229,10790,7802,7181,5819,5522,454,1362,621,282,112,190,339,2988,2438,904,1814,550,-888888888,-888888888,-888888888,-888888888,-888888888,-888888888,-888888888,-888888888,-888888888,-888888888,-888888888,-888888888,-888888888,-888888888,-888888888,-888888888,-888888888,-888888888,-888888888
2021,Emanuel County; Georgia,17568,9509,9509,8611,898,0,8059,9509,-888888888,8727,4516,4516,4097,1758,1165,3460,2560,8255,6394,1139,19,109,139,455,28.0,8611,2288,1460,1516,1473,1874,8611,365,836,1491,13,107,148,1014,577,49,188,751,1868,473,392,459,8611,6413,1381,811,6,8245,791,709,1031,937,1301,1596,797,791,109,183,42880,58138,5807,64002,3067,17482,1356,19495,534,9770,43,2288,2004,5518,423,263,708,508,806,1229,768,606,98,109,50697,60582,22599,2727,22454,48060,30668,38968,37974,21956,18311,10946,10046,3645,6072,284,12420,8745,7942,6489,6054,609,1453,803,348,103,269,455,3675,2253,914,1600,1422,-888888888,-888888888,-888888888,-888888888,-888888888,-888888888,-888888888,-888888888,-888888888,-888888888,-888888888,-888888888,-888888888,-888888888,-888888888,-888888888,-888888888,-888888888,-888888888
2021,Evans County; Georgia,8143,4841,4841,4446,395,0,3302,4841,-888888888,4229,2330,2330,2108,753,537,1849,1366,4259,3450,360,0,110,208,131,25.4,4446,1100,685,757,694,1210,4446,515,282,759,13,109,164,391,233,75,67,272,830,406,217,235,4446,3531,746,146,23,3886,372,290,478,325,529,860,323,475,138,96,49325,60171,2832,61006,1432,17188,702,28157,278,10102,130,648,965,2636,299,50,313,202,304,650,194,418,110,96,54505,67735,22695,1250,26923,36916,29500,41276,35391,10297,8427,4808,4637,1870,2935,219,5723,4467,4124,2991,2762,308,1133,343,144,85,81,199,1256,938,446,625,318,-888888888,-888888888,-888888888,-888888888,-888888888,-888888888,-888888888,-888888888,-888888888,-888888888,-888888888,-888888888,-888888888,-888888888,-888888888,-888888888,-888888888,-888888888,-888888888
2021,Fannin County; Georgia,21665,10511,10502,9966,536,9,11154,10502,-888888888,11232,4795,4795,4609,1134,900,2712,1819,9697,7430,1183,32,129,69,854,27.8,9966,3193,2253,2149,1226,1145,9966,143,1228,1151,13,111,127,1082,409,111,511,1179,1806,833,946,440,9966,7194,1236,1536,0,11188,731,763,1103,1092,1935,1964,1278,1055,735,532,49810,73910,6746,75286,5761,21102,3542,28170,678,10157,140,2074,1294,7622,305,180,580,759,1475,1248,937,952,692,494,58601,85899,33262,3566,31302,47351,31516,45848,37404,25062,21640,15046,11380,3422,4239,515,13537,9399,8929,7053,6797,568,1876,470,307,307,54,163,4138,3283,2261,1418,855,-888888888,-888888888,-888888888,-888888888,-888888888,-888888888,-888888888,-888888888,-888888888,-888888888,-888888888,-888888888,-888888888,-888888888,-888888888,-888888888,-888888888,-888888888,-888888888
2021,Fayette County; Georgia,94243,57572,57386,55011,2375,186,36671,57386,-888888888,48867,26619,26619,25289,6191,3714,19791,13984,54037,41023,3894,342,226,1566,6986,31.5,55011,26440,7292,10934,3874,6471,55011,156,3491,4717,13,113,1798,4716,7078,1533,3127,6316,11386,5354,2768,2571,55011,44671,7358,2912,70,42351,1050,821,1939,1906,3486,6613,6314,8665,4557,7000,96084,127054,32986,124829,14316,25144,13558,42917,1939,12357,490,5101,1787,33034,556,353,788,950,2092,5234,4668,7492,4188,6713,111939,142515,46522,9317,49600,66305,46749,76647,52126,117053,108057,93412,32911,8996,28948,1778,66583,51441,49465,45119,44023,2819,4346,1976,1305,1213,153,671,15142,13031,10901,3573,2111,-888888888,-888888888,-888888888,-888888888,-888888888,-888888888,-888888888,-888888888,-888888888,-888888888,-888888888,-888888888,-888888888,-888888888,-888888888,-888888888,-888888888,-888888888,-888888888
2021,Floyd County; Georgia,77995,44992,44901,42819,2082,91,33003,44901,-888888888,40667,21366,21366,20435,6548,4016,14485,10248,41837,33203,4290,72,1691,613,1968,22.8,42819,12427,7702,8875,4390,9425,42819,200,3267,7930,13,115,1029,4268,1989,590,1379,3674,10990,3759,2161,1583,42819,34721,5398,2598,102,35859,2301,1656,3986,4651,4405,6711,3650,5346,1633,1520,52388,73273,26360,72958,13064,20996,8082,29091,2258,9745,887,5437,4923,24971,1143,541,2135,2994,2711,5026,3339,4206,1507,1369,64166,84456,28051,10888,31414,43850,31270,44480,36094,96160,81683,58261,35256,14477,24449,1529,56144,41208,39505,31646,30345,2198,7859,1703,803,539,347,900,14936,10785,5769,5961,4151,-888888888,-888888888,-888888888,-888888888,-888888888,-888888888,-888888888,-888888888,-888888888,-888888888,-888888888,-888888888,-888888888,-888888888,-888888888,-888888888,-888888888,-888888888,-888888888
2021,Forsyth County; Georgia,187139,130592,130450,125676,4774,142,56547,130450,-888888888,94335,57417,57417,54821,17052,10628,47840,33347,123475,85824,8085,688,556,1415,26907,32.3,125676,68341,13816,28311,6559,8649,125676,422,7645,11894,13,117,3670,13938,5246,5627,12832,25411,21721,9577,5493,2200,125676,107242,10201,7984,249,82293,1785,987,2846,2977,5364,9438,8981,18402,12652,18861,120999,145708,71892,146115,18992,25444,14891,31706,1961,12239,768,2345,2574,67028,879,581,1391,1665,3470,7309,6738,16127,11471,17397,133206,156438,49506,15265,64273,91873,55866,99506,63192,245113,223678,201533,42049,21435,70225,4814,145832,120094,115853,104454,103041,2602,11399,4241,3150,2956,285,1091,25738,22123,19812,3318,3615,-888888888,-888888888,-888888888,-888888888,-888888888,-888888888,-888888888,-888888888,-888888888,-888888888,-888888888,-888888888,-888888888,-888888888,-888888888,-888888888,-888888888,-888888888,-888888888
2021,Franklin County; Georgia,18796,10300,10300,9729,571,0,8496,10300,-888888888,9589,5005,5005,4668,1434,1121,3317,2410,9606,7556,1021,3,134,90,802,23.8,9729,2947,1668,1814,983,2317,9729,541,633,1835,13,119,226,1098,678,164,301,432,2207,828,474,312,9729,7564,1455,699,11,8346,645,684,888,885,1100,1568,1110,811,403,252,49636,64900,5660,70239,3521,19585,2149,18638,419,8879,84,5995,1271,6084,192,323,461,687,877,1272,980,728,335,229,59145,73637,25395,2262,20938,35965,30897,44604,34702,23062,19198,13155,8684,3864,5490,570,13319,9488,9007,7229,6989,392,1778,481,133,112,21,348,3831,2709,1534,1343,1122,-888888888,-888888888,-888888888,-888888888,-888888888,-888888888,-888888888,-888888888,-888888888,-888888888,-888888888,-888888888,-888888888,-888888888,-888888888,-888888888,-888888888,-888888888,-888888888
2021,Fulton County; Georgia,851633,586165,585142,552994,32148,1023,265468,585142,-888888888,442266,287110,286859,270118,67665,47329,149473,109765,543677,351602,31642,32648,13467,15268,99050,28.9,552994,299506,68345,117503,18407,49233,552994,1086,21373,33110,13,121,17663,50321,37783,22168,51846,121874,103095,51207,20194,21274,552994,458015,62609,30981,1389,441958,27288,16215,30253,31329,43928,65307,53696,65207,36709,72026,77635,123745,369398,125942,94108,19666,69882,32782,19824,10358,7558,3085,51263,236357,8191,4598,12540,14260,18739,28930,26632,37983,25495,58989,104645,161166,52842,205601,55633,78194,47623,73958,55818,1044516,939730,760683,267714,104786,244455,13433,678562,545862,516779,460105,443010,27475,56674,29083,19279,13476,6433,9804,132700,109249,80481,36180,23451,-888888888,-888888888,-888888888,-888888888,-888888888,-888888888,-888888888,-888888888,-888888888,-888888888,-888888888,-888888888,-888888888,-888888888,-888888888,-888888888,-888888888,-888888888,-888888888
2021,Gilmer County; Georgia,25717,13355,13297,12850,447,58,12362,13297,-888888888,12888,5786,5786,5601,1835,1131,3461,2601,12554,9123,2368,99,134,102,728,28.4,12850,3903,2138,2867,1929,2013,12850,327,1471,1831,13,123,279,1327,620,387,802,1312,2630,812,560,492,12850,9730,2121,992,7,12648,815,410,1535,1225,1451,2573,2159,1449,500,531,60504,74654,8468,74161,6172,21890,3656,26990,799,10569,254,3602,1070,8662,275,120,771,670,1058,1940,1769,1267,399,393,70879,84660,30955,3986,30857,50617,30852,43745,36035,30837,25482,17178,13630,5355,6100,888,17015,11731,11305,8537,8107,714,2768,426,260,177,86,166,5284,3839,2189,1999,1445,-888888888,-888888888,-888888888,-888888888,-888888888,-888888888,-888888888,-888888888,-888888888,-888888888,-888888888,-888888888,-888888888,-888888888,-888888888,-888888888,-888888888,-888888888,-888888888
2021,Glascock County; Georgia,2353,1303,1303,1283,20,0,1050,1303,-888888888,1303,632,632,630,170,149,430,352,1256,1170,41,0,1,10,34,35.6,1283,292,215,338,185,253,1283,36,103,340,13,125,26,100,78,18,42,34,230,72,61,143,1283,953,270,60,0,1045,59,99,77,106,170,221,96,149,43,25,53125,66697,728,73447,355,18865,172,18642,104,9593,15,-999999999,142,712,13,26,35,64,94,168,96,148,43,25,70326,83833,25578,333,24911,29529,35780,51434,37431,2839,2553,1511,1307,286,712,2,1702,1198,1189,1013,943,95,176,9,6,0,6,3,504,399,127,310,105,-888888888,-888888888,-888888888,-888888888,-888888888,-888888888,-888888888,-888888888,-888888888,-888888888,-888888888,-888888888,-888888888,-888888888,-888888888,-888888888,-888888888,-888888888,-888888888
2021,Glynn County; Georgia,67989,40242,40123,38387,1736,119,27747,40123,-888888888,36510,20146,20146,19321,4898,3703,11656,8829,37690,30029,3753,172,475,917,2344,20.0,38387,13794,8076,8525,3114,4878,38387,156,2220,2838,13,127,349,5236,2007,469,1889,4969,8598,5007,1889,2760,38387,29821,5674,2807,85,33401,1959,1207,3154,3803,3558,5951,4217,5327,2237,1988,60775,87482,24043,81281,13080,22596,8396,41282,2344,10375,716,4348,4147,21846,881,876,1320,1617,2187,3889,3074,4296,1999,1707,76034,100878,36304,11555,35227,58038,34012,53663,39405,83348,71910,50413,32949,11438,19104,1331,47368,36119,34607,27863,26361,2387,6744,1512,931,690,299,581,11249,8519,4555,4662,2730,-888888888,-888888888,-888888888,-888888888,-888888888,-888888888,-888888888,-888888888,-888888888,-888888888,-888888888,-888888888,-888888888,-888888888,-888888888,-888888888,-888888888,-888888888,-888888888
2021,Gordon County; Georgia,44813,26618,26618,25807,811,0,18195,26618,-888888888,22858,11547,11547,11191,4134,2871,8636,5860,25441,20756,2729,33,197,345,1381,23.9,25807,7050,4254,5210,3475,5818,25807,869,2122,7094,13,129,838,2542,1216,407,988,1727,3839,1335,1308,1522,25807,20670,3321,1748,68,20183,1361,1125,2132,2477,2850,3431,2296,2883,866,762,50520,69728,15312,70037,6844,18783,3204,22652,1304,12291,352,2618,2036,14484,672,212,1226,1920,1964,2524,1945,2592,813,616,58939,80239,26349,5699,26064,39891,33138,44201,37398,56786,46934,34348,18427,9852,14530,1246,34023,24761,24033,19113,18664,740,4920,728,424,386,83,304,9262,6008,3562,3116,3254,-888888888,-888888888,-888888888,-888888888,-888888888,-888888888,-888888888,-888888888,-888888888,-888888888,-888888888,-888888888,-888888888,-888888888,-888888888,-888888888,-888888888,-888888888,-888888888
2021,Grady County; Georgia,20338,11454,11436,11131,305,18,8884,11436,-888888888,10474,5095,5095,4890,1333,870,4879,3312,10581,8386,1854,0,37,64,240,25.7,11131,3403,1852,1896,2063,1917,11131,984,1058,1283,13,131,366,940,673,78,377,978,2476,713,680,525,11131,8544,1433,1120,34,9760,881,574,1213,1218,1190,1508,1099,1221,584,272,47721,66067,6910,70319,3526,19189,2095,23828,770,10322,191,1337,2169,6666,252,195,507,951,841,1296,787,1051,519,267,60536,78856,25533,3094,20840,35536,33642,42222,42799,25933,20644,13051,10684,5289,6615,1063,14603,10460,10156,7439,7100,592,2717,304,68,29,39,236,4143,2914,1551,1663,1229,-888888888,-888888888,-888888888,-888888888,-888888888,-888888888,-888888888,-888888888,-888888888,-888888888,-888888888,-888888888,-888888888,-888888888,-888888888,-888888888,-888888888,-888888888,-888888888
2021,Greene County; Georgia,15454,7724,7703,7276,427,21,7730,7703,-888888888,7918,3543,3543,3385,926,499,2200,1586,7141,5778,659,17,43,39,605,26.3,7276,2270,1294,1825,675,1212,7276,308,522,650,13,133,160,818,379,91,492,871,1594,959,228,204,7276,5388,1232,642,14,7324,443,417,750,700,727,1049,961,955,459,863,65759,104063,4460,98647,3633,24153,2329,47657,465,10447,51,1776,684,5056,106,101,313,448,594,739,835,841,395,684,80333,121183,43017,2268,25777,65193,30727,51879,35372,18313,14928,10055,8394,3385,3772,469,9199,6652,6241,4398,4176,353,1843,411,48,43,5,363,2547,1838,1178,875,709,-888888888,-888888888,-888888888,-888888888,-888888888,-888888888,-888888888,-888888888,-888888888,-888888888,-888888888,-888888888,-888888888,-888888888,-888888888,-888888888,-888888888,-888888888,-888888888
2021,Gwinnett County; Georgia,723699,495584,495041,474954,20087,543,228115,495041,-888888888,372311,234110,234054,223312,73067,44683,172909,120009,457329,339138,51451,3433,3223,5598,54486,33.8,474954,192133,75432,104539,45409,57441,474954,1224,40377,40816,13,135,17222,55911,28169,12801,33784,67506,90223,44954,25647,16320,474954,393354,52550,27590,1460,313172,12157,7458,17857,24600,35992,56681,41818,59890,28616,28103,75853,99730,272842,99258,67295,21012,49543,29620,9895,10190,5692,3952,20378,234591,6033,3671,11495,15062,23792,41054,32461,50706,25438,24879,86724,109567,33870,78581,46653,63346,39184,53841,46759,943840,793834,626798,235595,150006,267640,28826,580394,465041,446946,366000,352726,23202,80946,18095,12088,9916,2529,6007,115353,83030,64142,25632,32323,-888888888,-888888888,-888888888,-888888888,-888888888,-888888888,-888888888,-888888888,-888888888,-888888888,-888888888,-888888888,-888888888,-888888888,-888888888,-888888888,-888888888,-888888888,-888888888
2021,Habersham County; Georgia,36829,20877,20850,20343,507,27,15952,20850,-888888888,19642,9614,9614,9397,3068,2093,6656,4638,19718,15596,2288,12,147,447,1228,28.9,20343,6442,3178,4136,2411,4176,20343,475,1569,3905,13,137,672,1932,873,795,674,1571,4530,1354,1122,871,20343,16157,2765,1408,13,15123,861,919,1234,1646,2013,2872,2056,2146,710,666,56680,72942,11014,73996,5890,19987,3385,27321,735,10067,134,4678,1789,10523,340,298,463,1016,1422,2061,1691,2002,680,550,69443,85444,25752,4600,27031,41314,30234,43819,34395,44137,37576,27647,15486,6561,11202,1135,24602,18834,18432,14800,14144,1289,3632,402,176,143,37,226,5768,4208,2249,2381,1560,-888888888,-888888888,-888888888,-888888888,-888888888,-888888888,-888888888,-888888888,-888888888,-888888888,-888888888,-888888888,-888888888,-888888888,-888888888,-888888888,-888888888,-888888888,-888888888
2021,Hall County; Georgia,157280,101209,101014,97384,3630,195,56071,101014,-888888888,79387,45333,45305,43501,14761,9549,33767,22464,96275,73995,12181,587,968,1528,7016,28.0,97384,31045,13682,21196,11545,19916,97384,851,10134,16987,13,139,3598,11371,5911,1386,4561,10534,16515,7542,5837,2157,97384,80634,9843,6806,101,67241,2555,1931,5681,5122,8540,12713,9602,10631,4999,5467,67571,94411,53875,91080,20947,22964,15386,29969,3191,10060,1229,4332,5959,49943,1549,844,3007,3222,5405,9604,7529,9227,4723,4833,79278,104465,33209,17298,39099,58387,33325,45237,37045,200776,166131,126812,61770,34645,52977,5511,117817,92908,89689,70586,68374,4041,19103,3219,1732,1251,553,1487,24909,16564,11499,6621,8345,-888888888,-888888888,-888888888,-888888888,-888888888,-888888888,-888888888,-888888888,-888888888,-888888888,-888888888,-888888888,-888888888,-888888888,-888888888,-888888888,-888888888,-888888888,-888888888
2021,Hancock County; Georgia,7577,2391,2391,2339,52,0,5186,2391,-888888888,3237,1532,1532,1516,320,129,736,649,2283,1911,130,0,0,45,197,34.3,2339,569,739,354,222,455,2339,42,169,276,13,141,70,236,157,43,135,76,819,77,22,217,2339,1565,675,99,0,2869,308,202,530,424,376,378,236,202,130,83,33946,53393,1816,51701,1302,22170,871,21531,342,12261,18,-999999999,694,1707,59,89,254,205,169,295,236,187,130,83,53875,72194,18351,1162,21944,25696,29083,39977,32659,6397,5558,3218,3304,839,1238,19,3223,2030,1988,1583,1517,85,405,42,15,5,10,27,1193,805,560,467,388,-888888888,-888888888,-888888888,-888888888,-888888888,-888888888,-888888888,-888888888,-888888888,-888888888,-888888888,-888888888,-888888888,-888888888,-888888888,-888888888,-888888888,-888888888,-888888888
2021,Haralson County; Georgia,23529,14641,14606,13890,716,35,8888,14606,-888888888,11964,6716,6716,6389,2234,1641,4459,3651,13667,10638,1979,0,5,190,855,28.8,13890,4197,1863,2840,1877,3113,13890,288,1098,2770,13,143,691,1143,927,169,537,1238,2786,983,679,581,13890,11102,2051,653,84,11240,688,618,1057,687,1882,2007,1350,1505,1045,401,57752,74759,8514,77991,4244,19729,2396,22917,760,10172,267,3134,1539,8040,280,201,323,434,1378,1672,1165,1275,962,350,70198,87819,28716,3200,24554,37133,36147,50832,39732,29419,25976,19709,9985,3443,7395,272,17449,13542,12921,11013,10581,938,1908,621,326,210,141,295,3907,2961,1693,1591,946,-888888888,-888888888,-888888888,-888888888,-888888888,-888888888,-888888888,-888888888,-888888888,-888888888,-888888888,-888888888,-888888888,-888888888,-888888888,-888888888,-888888888,-888888888,-888888888
2021,Harris County; Georgia,27747,17091,16670,15598,1072,421,10656,16670,-888888888,13903,7727,7727,7249,1897,1208,5152,3584,15537,13114,1257,14,104,110,938,27.0,15598,6586,1823,3430,1654,2105,15598,224,1136,1677,13,145,507,1448,718,276,1393,1527,3785,1299,810,798,15598,11805,2797,981,15,12194,346,277,676,789,963,2489,1851,2397,1148,1258,82244,106588,9350,98306,4377,22595,3402,35337,511,9991,117,4217,1169,9672,225,108,244,680,632,1557,1633,2284,1142,1167,95767,119449,38691,2522,48860,51804,40992,60496,48251,33558,31528,26407,10343,2030,8020,115,19262,14940,14077,13111,12934,724,966,863,445,400,51,418,4322,3804,2780,1518,518,-888888888,-888888888,-888888888,-888888888,-888888888,-888888888,-888888888,-888888888,-888888888,-888888888,-888888888,-888888888,-888888888,-888888888,-888888888,-888888888,-888888888,-888888888,-888888888
2021,Hart County; Georgia,20925,10857,10829,10223,606,28,10068,10829,-888888888,10693,4857,4848,4499,1436,1085,3464,2063,10197,8192,1173,0,191,31,610,21.8,10223,3060,1925,2183,1403,1652,10223,372,929,1982,13,147,389,1173,341,79,430,837,1553,931,433,774,10223,7864,1485,854,20,10111,866,464,1204,933,1438,1868,1418,1281,397,242,54506,65497,6745,67808,4386,20510,2456,23279,592,10472,75,3915,1439,6626,181,226,683,516,873,1325,1193,1099,307,223,67528,77265,26166,3485,29409,40775,31418,43315,38030,25030,21644,15254,10361,3386,5714,503,13622,9766,9201,7773,7476,566,1428,565,347,201,146,218,3856,2650,1449,1544,1206,-888888888,-888888888,-888888888,-888888888,-888888888,-888888888,-888888888,-888888888,-888888888,-888888888,-888888888,-888888888,-888888888,-888888888,-888888888,-888888888,-888888888,-888888888,-888888888
2021,Heard County; Georgia,9112,4982,4980,4628,352,2,4130,4980,-888888888,4616,2236,2236,2051,777,517,1541,1142,4401,3699,390,41,28,97,146,35.9,4628,1226,676,860,882,984,4628,37,601,759,13,149,26,524,307,14,126,553,959,229,306,187,4628,3634,763,227,4,4285,293,355,543,345,461,945,583,478,146,136,55635,68871,2956,70818,1595,20109,772,30714,511,10018,125,2601,1130,3104,124,137,347,215,353,766,506,445,135,76,65060,71124,27055,1181,24473,59385,33041,49194,31576,11316,9707,5653,5183,1609,2746,173,6760,4658,4322,3526,3155,511,796,336,197,104,101,139,2102,1601,592,1159,501,-888888888,-888888888,-888888888,-888888888,-888888888,-888888888,-888888888,-888888888,-888888888,-888888888,-888888888,-888888888,-888888888,-888888888,-888888888,-888888888,-888888888,-888888888,-888888888
2021,Henry County; Georgia,184929,123507,123047,115328,7719,460,61422,123047,-888888888,97898,61191,61095,57336,15544,11321,42719,32889,112415,89404,9266,1357,388,1061,10939,33.5,115328,40707,18095,27130,10112,19284,115328,379,6144,8245,13,151,2914,13368,16847,2394,5526,12019,24293,8882,5204,9113,115328,88223,20834,5970,301,80672,2063,1714,4007,6933,9302,17519,12698,14984,5967,5485,73491,90921,68176,87630,23176,21015,18205,28569,3896,11283,1029,3659,7172,59928,1255,751,2284,4235,6454,12359,9906,12503,5343,4838,82316,99396,32238,20744,50665,59290,40374,54367,46430,235192,210603,173289,61634,24589,63725,4899,143851,114805,108249,96618,93390,7219,11631,6556,4457,3729,936,2099,29046,23383,17631,8424,5663,-888888888,-888888888,-888888888,-888888888,-888888888,-888888888,-888888888,-888888888,-888888888,-888888888,-888888888,-888888888,-888888888,-888888888,-888888888,-888888888,-888888888,-888888888,-888888888
2021,Houston County; Georgia,124602,82574,78109,73873,4236,4465,42028,78109,-888888888,64742,39271,38396,35949,11505,7901,27570,19665,76641,63152,7590,173,610,1090,4026,22.4,73873,27384,12851,16706,6748,10184,73873,532,3235,6594,13,153,734,9815,4223,1002,4214,6746,14987,7215,3365,11211,73873,50112,20572,3139,50,59627,2925,1761,4958,5250,6166,10533,8587,11875,4683,2889,70313,85326,47820,82932,15714,19149,15920,33097,3391,10925,614,2713,6375,41902,1567,666,2102,3041,3911,7408,6163,10142,4279,2623,82984,98195,32279,17725,40166,50486,38642,55570,43570,155622,139357,114336,48387,16265,43414,2978,92261,72406,69004,60523,57724,6717,8481,3402,1801,1432,583,1601,19855,16672,11471,7714,3183,-888888888,-888888888,-888888888,-888888888,-888888888,-888888888,-888888888,-888888888,-888888888,-888888888,-888888888,-888888888,-888888888,-888888888,-888888888,-888888888,-888888888,-888888888,-888888888
2021,Irwin County; Georgia,7963,4434,4434,4094,340,0,3529,4434,-888888888,3646,1965,1965,1843,619,473,1197,1043,4075,3502,221,0,47,176,129,24.2,4094,1118,584,732,516,1144,4094,198,227,627,13,155,108,589,445,58,170,183,916,215,80,278,4094,2971,901,222,0,3604,407,237,435,392,541,780,400,307,38,67,42312,55100,2460,57970,1310,19482,820,23306,135,12504,46,1470,433,2279,181,64,180,142,336,613,369,289,38,67,63251,70171,22120,1325,24215,28833,27495,39342,28917,9369,7736,5188,3612,1633,2243,250,5419,3991,3672,2996,2708,334,676,319,153,124,29,166,1428,887,431,551,541,-888888888,-888888888,-888888888,-888888888,-888888888,-888888888,-888888888,-888888888,-888888888,-888888888,-888888888,-888888888,-888888888,-888888888,-888888888,-888888888,-888888888,-888888888,-888888888
2021,Jackson County; Georgia,57145,36641,36539,34904,1635,102,20504,36539,-888888888,28894,17297,17276,16390,5244,3168,12724,9494,34427,27495,3043,185,137,507,3060,30.5,34904,12939,5259,7702,3558,5446,34904,517,2874,4831,13,157,1490,4908,1967,720,1522,4267,6513,1943,1866,1486,34904,28367,4676,1656,205,24874,925,934,1654,1838,2660,4688,3651,4614,2409,1501,73455,92660,20159,93572,8100,21640,5491,25307,1253,12809,615,4437,2323,19733,463,263,1237,1241,1923,3581,2981,4323,2299,1422,83798,102895,32095,5141,38461,47170,38597,58611,41487,73152,64431,49847,23051,8721,19680,1299,43145,33621,32099,27731,26775,2049,4368,1522,947,526,437,575,9524,7049,4403,3742,2475,-888888888,-888888888,-888888888,-888888888,-888888888,-888888888,-888888888,-888888888,-888888888,-888888888,-888888888,-888888888,-888888888,-888888888,-888888888,-888888888,-888888888,-888888888,-888888888
2021,Jasper County; Georgia,11468,6195,6195,5849,346,0,5273,6195,-888888888,5894,3034,3034,2889,825,683,2154,1390,5716,4820,455,25,34,83,299,36.1,5849,1767,950,1196,959,977,5849,75,727,690,13,159,220,656,572,61,312,459,1036,293,464,284,5849,4681,938,225,5,5300,359,225,395,601,874,1012,672,710,239,213,52322,72452,3883,71466,2032,21650,1187,29755,444,11253,67,2533,725,4092,218,113,202,421,720,837,566,595,221,199,60897,79826,26334,1208,29750,44642,32321,49958,36167,14396,12488,8199,5825,1908,3591,304,8339,5817,5516,4517,4283,312,999,301,164,140,24,137,2522,2054,1167,1002,468,-888888888,-888888888,-888888888,-888888888,-888888888,-888888888,-888888888,-888888888,-888888888,-888888888,-888888888,-888888888,-888888888,-888888888,-888888888,-888888888,-888888888,-888888888,-888888888
2021,Jeff Davis County; Georgia,11393,5984,5967,5663,304,17,5409,5967,-888888888,5977,2765,2765,2663,862,375,2820,1943,5614,4882,380,2,15,270,65,23.0,5663,1774,603,1216,713,1357,5663,366,340,905,13,161,122,586,608,125,151,237,1324,460,151,288,5663,4616,845,202,0,5246,677,320,626,456,1079,770,525,468,165,160,39668,55550,3300,66941,1922,17902,1187,16426,398,11445,163,1777,874,3606,356,112,238,382,709,672,420,407,150,160,50138,65746,21284,1640,21019,29689,34978,44419,35796,14687,11735,7436,5615,2952,4078,589,8408,5660,5407,4017,3630,454,1390,253,77,25,52,176,2748,1951,985,1245,797,-888888888,-888888888,-888888888,-888888888,-888888888,-888888888,-888888888,-888888888,-888888888,-888888888,-888888888,-888888888,-888888888,-888888888,-888888888,-888888888,-888888888,-888888888,-888888888
2021,Jefferson County; Georgia,12422,6620,6620,6236,384,0,5802,6620,-888888888,6452,3031,3031,2804,944,500,2520,1512,6147,5129,650,4,100,128,136,31.6,6236,1896,663,949,846,1882,6236,407,449,1274,13,163,133,621,821,47,148,297,1240,183,123,493,6236,4891,1091,244,10,5625,602,299,797,596,830,988,420,841,145,107,42238,59827,4102,60469,2406,18633,1126,27445,373,10180,45,2449,1211,3857,322,48,440,364,582,808,338,730,143,82,55354,67977,23732,1768,24735,39471,31062,44838,31988,15303,12975,7418,7200,2328,4035,406,8527,5635,5286,4180,3945,446,1106,349,122,101,45,227,2892,2310,1154,1430,582,-888888888,-888888888,-888888888,-888888888,-888888888,-888888888,-888888888,-888888888,-888888888,-888888888,-888888888,-888888888,-888888888,-888888888,-888888888,-888888888,-888888888,-888888888,-888888888
2021,Jenkins County; Georgia,7003,3515,3515,3372,143,0,3488,3515,-888888888,3633,1649,1649,1580,668,429,977,745,3251,2455,331,0,43,47,375,25.3,3372,1112,634,624,270,732,3372,237,230,305,13,165,42,303,417,5,237,252,579,167,282,316,3372,1951,833,588,0,3290,203,621,575,473,427,566,178,182,60,5,29061,42824,2310,44003,1241,16725,826,12796,425,9718,77,1729,702,1977,0,305,277,203,271,496,178,182,60,5,47240,56254,16325,1313,20781,22103,20060,28540,24821,8125,6579,3816,3603,1546,1878,80,4639,3227,3097,2260,2034,226,837,130,31,14,17,99,1412,882,290,615,530,-888888888,-888888888,-888888888,-888888888,-888888888,-888888888,-888888888,-888888888,-888888888,-888888888,-888888888,-888888888,-888888888,-888888888,-888888888,-888888888,-888888888,-888888888,-888888888
2021,Johnson County; Georgia,7695,3751,3751,3316,435,0,3944,3751,-888888888,3173,1300,1300,1150,693,327,960,500,3251,2483,588,0,66,58,56,29.6,3316,892,435,519,688,782,3316,127,544,577,13,167,35,339,207,6,116,146,568,160,204,287,3316,2309,637,364,6,3201,197,293,492,375,328,576,517,216,191,16,46292,56375,2038,63208,1461,17806,732,19693,352,10590,19,9521,739,1957,79,139,240,227,143,490,292,173,158,16,54646,64355,23557,1244,28407,39575,31077,44394,32468,8451,7303,4402,4020,1148,1850,132,4963,3450,3028,2557,2326,349,471,422,97,40,57,325,1513,1293,470,907,220,-888888888,-888888888,-888888888,-888888888,-888888888,-888888888,-888888888,-888888888,-888888888,-888888888,-888888888,-888888888,-888888888,-888888888,-888888888,-888888888,-888888888,-888888888,-888888888
2021,Jones County; Georgia,22469,13370,13322,12636,686,48,9099,13322,-888888888,11696,7005,7005,6704,1734,1151,4454,3427,12480,10678,918,0,26,94,764,29.0,12636,4460,1594,3528,1425,1629,12636,310,1091,1144,13,169,420,1104,642,229,1504,1025,2931,577,513,1146,12636,9700,2391,505,40,10444,594,509,1011,1074,1162,1751,1387,2114,462,380,61701,74120,7639,76920,3896,19358,2721,24250,575,11204,409,2044,1471,7408,364,155,542,508,705,1338,1101,1954,383,358,76917,86053,27780,3036,29720,41578,36912,52749,40639,28002,25657,19511,10459,2345,6844,87,16299,12262,11617,10428,9875,914,1189,645,388,198,245,257,4037,3225,1808,1839,812,-888888888,-888888888,-888888888,-888888888,-888888888,-888888888,-888888888,-888888888,-888888888,-888888888,-888888888,-888888888,-888888888,-888888888,-888888888,-888888888,-888888888,-888888888,-888888888
2021,Lamar County; Georgia,15228,8272,8222,7532,690,50,6956,8222,-888888888,7853,4006,4006,3724,1119,522,2465,1475,7471,6501,374,1,228,224,143,29.5,7532,2172,1617,1916,719,1108,7532,39,477,1297,13,171,238,987,544,85,424,339,1478,597,448,579,7532,5644,1453,432,3,6811,464,396,700,632,892,1208,984,916,394,225,53802,70473,4468,72920,2599,21564,2001,30115,670,11711,173,1572,839,3947,77,117,250,231,442,879,561,811,368,211,74330,92012,27696,2864,31250,39646,29504,51771,38614,18256,16169,12409,6470,2087,4422,254,10721,7210,6568,5769,5591,334,799,642,296,183,113,346,3511,2823,2030,1180,688,-888888888,-888888888,-888888888,-888888888,-888888888,-888888888,-888888888,-888888888,-888888888,-888888888,-888888888,-888888888,-888888888,-888888888,-888888888,-888888888,-888888888,-888888888,-888888888
2021,Lanier County; Georgia,7884,3975,3574,3468,106,401,3909,3574,-888888888,4096,2164,2067,1993,829,467,1360,1051,3698,2874,297,0,150,123,254,22.9,3468,1082,813,649,451,473,3468,93,367,295,13,173,69,373,124,22,174,238,1099,231,244,139,3468,2446,708,314,0,3529,549,203,460,588,449,392,421,327,93,47,33956,49843,2245,59783,1153,15496,636,21592,263,10429,73,1414,602,2403,242,124,337,265,230,375,374,316,93,47,50172,61119,18981,1126,20580,23225,26692,46692,38394,9188,7601,5472,3454,1587,2349,286,5563,3408,3302,2572,2326,316,730,106,39,6,33,67,2155,1684,1164,1050,471,-888888888,-888888888,-888888888,-888888888,-888888888,-888888888,-888888888,-888888888,-888888888,-888888888,-888888888,-888888888,-888888888,-888888888,-888888888,-888888888,-888888888,-888888888,-888888888
2021,Laurens County; Georgia,38218,20097,20097,19073,1024,0,18121,20097,-888888888,20356,10131,10131,9614,3591,2419,7725,5675,18651,16158,1776,11,57,132,517,25.1,19073,5707,3655,3946,2112,3653,19073,375,1539,2073,13,175,308,2498,1274,216,592,1097,4773,2073,929,1326,19073,14839,3408,803,23,17366,1965,1446,2333,1530,2710,2692,1619,2055,417,599,42315,63709,11839,63890,6870,18223,3576,25933,924,9812,600,1263,3621,11751,763,828,1010,1028,2015,2111,1305,1727,412,552,51942,77257,24139,5615,19793,31230,29542,45641,31007,48519,42071,28086,19835,6448,12750,835,27509,18581,17680,14468,13262,1515,3212,901,540,363,185,361,8928,6992,3904,4026,1936,-888888888,-888888888,-888888888,-888888888,-888888888,-888888888,-888888888,-888888888,-888888888,-888888888,-888888888,-888888888,-888888888,-888888888,-888888888,-888888888,-888888888,-888888888,-888888888
2021,Lee County; Georgia,25021,16102,15941,15154,787,161,8919,15941,-888888888,12408,8000,8000,7628,2434,1826,5200,3642,14878,12424,1653,0,22,64,715,22.5,15154,6845,2133,2980,1570,1626,15154,517,971,1087,13,177,417,1708,650,90,730,1118,4712,948,936,1270,15154,10935,3387,820,12,11616,499,297,563,481,1381,2593,1950,2601,744,507,74935,86543,9608,84582,3425,18740,2508,32632,476,8563,121,2138,925,9307,355,137,358,324,857,2024,1585,2426,762,479,84091,94728,31470,2309,44707,49756,43227,62078,48039,31369,28811,23928,8947,2558,9192,282,18009,14445,13847,12660,12437,734,1187,598,301,220,136,297,3564,2807,1995,1246,757,-888888888,-888888888,-888888888,-888888888,-888888888,-888888888,-888888888,-888888888,-888888888,-888888888,-888888888,-888888888,-888888888,-888888888,-888888888,-888888888,-888888888,-888888888,-888888888
2021,Liberty County; Georgia,47814,31382,25460,23034,2426,5922,16432,25460,-888888888,23550,13911,12845,11466,7153,4003,9956,6302,28296,22706,2735,107,1067,379,1302,23.5,23034,7061,4587,5001,2004,4381,23034,126,917,2173,13,179,314,3391,2004,249,1215,2478,4650,2215,851,2451,23034,16448,5495,1088,3,22554,1775,832,1953,2390,4170,4784,2870,2517,887,376,50617,62652,18330,59125,5582,17961,5239,25229,1149,9795,449,2449,3717,15746,1085,505,1015,1403,3064,3670,2040,1868,757,339,55343,67315,23726,6808,38175,47779,30763,41863,33159,57998,51284,39005,20521,6714,18714,1124,33342,23950,21640,18227,16900,3090,3413,2310,1449,1016,600,861,9392,8089,5560,3788,1303,-888888888,-888888888,-888888888,-888888888,-888888888,-888888888,-888888888,-888888888,-888888888,-888888888,-888888888,-888888888,-888888888,-888888888,-888888888,-888888888,-888888888,-888888888,-888888888
2021,Lincoln County; Georgia,6464,3213,3213,3068,145,0,3251,3213,-888888888,3343,1478,1478,1444,380,184,946,583,2996,2612,220,7,19,79,59,31.4,3068,853,659,559,464,533,3068,16,359,439,13,181,116,243,116,19,75,322,781,217,182,183,3068,2044,650,366,8,2953,196,272,350,338,532,455,272,318,154,66,44087,59855,1894,61978,1468,20657,933,25807,132,10028,44,1902,362,2028,91,79,182,183,433,296,277,289,142,56,53565,71865,23927,925,22520,30619,28103,37982,27760,7623,6511,4295,3582,1112,1667,71,4102,2713,2568,1981,1948,173,587,145,66,48,18,79,1389,1094,676,645,295,-888888888,-888888888,-888888888,-888888888,-888888888,-888888888,-888888888,-888888888,-888888888,-888888888,-888888888,-888888888,-888888888,-888888888,-888888888,-888888888,-888888888,-888888888,-888888888
2021,Long County; Georgia,12354,7416,6739,6229,510,677,4938,6739,-888888888,6172,3047,3021,2784,1150,740,2773,1839,6785,5451,792,11,25,146,360,30.4,6229,1790,1266,1088,960,1125,6229,112,619,176,13,183,232,971,469,25,190,666,1305,585,297,582,6229,4409,1379,441,0,5341,432,282,625,482,711,965,639,916,223,66,52742,63839,4006,60783,1285,17112,1346,28173,580,9032,23,3565,1038,3577,163,137,283,308,503,700,517,767,133,66,62086,72546,24903,1764,26380,40392,36250,46016,34367,15599,13482,9617,5487,2117,4876,298,9358,6332,5922,4762,4369,697,1160,410,244,244,0,166,3026,2533,1479,1490,493,-888888888,-888888888,-888888888,-888888888,-888888888,-888888888,-888888888,-888888888,-888888888,-888888888,-888888888,-888888888,-888888888,-888888888,-888888888,-888888888,-888888888,-888888888,-888888888
2021,Lowndes County; Georgia,91855,54963,51768,48865,2903,3195,36892,51768,-888888888,47884,26955,26559,24860,9183,5598,17648,11907,51377,42864,4773,91,978,818,1853,19.5,48865,15820,8577,13064,4172,7232,48865,528,3086,3645,13,185,1278,7773,2247,712,2369,4808,12204,5516,1836,2863,48865,37831,8449,2487,98,42512,6089,1955,4690,4355,4536,7468,5094,4932,1976,1417,48703,65028,31261,69092,11869,17519,8448,28283,1756,9715,618,3049,7244,26200,2803,463,1800,2202,2806,4653,3983,4578,1751,1161,67395,80687,25033,16312,25487,36695,30578,44623,34288,111816,93751,74688,36407,18065,30966,2352,66644,47782,45167,35880,34344,3298,9287,2615,1422,599,918,1193,18862,13676,10127,5778,5186,-888888888,-888888888,-888888888,-888888888,-888888888,-888888888,-888888888,-888888888,-888888888,-888888888,-888888888,-888888888,-888888888,-888888888,-888888888,-888888888,-888888888,-888888888,-888888888
2021,Lumpkin County; Georgia,28065,16233,16115,15421,694,118,11832,16115,-888888888,14429,7558,7558,7326,1708,1165,3781,2447,15179,12533,932,43,728,91,852,27.8,15421,4630,3207,3543,1579,2462,15421,251,1241,1662,13,187,237,2078,529,144,547,1019,3860,2420,815,618,15421,11762,2759,887,13,11102,424,681,1326,1039,1070,1893,1738,1580,849,502,64179,86993,7875,81336,4382,23072,2942,40329,375,10097,229,4499,987,7633,67,197,560,597,871,1513,1350,1381,760,337,75196,97227,30738,3469,29088,60689,27575,42913,37981,32867,29528,25196,8647,3339,6787,384,20243,14593,14007,11967,11668,457,2040,586,468,273,233,118,5650,4855,4209,903,795,-888888888,-888888888,-888888888,-888888888,-888888888,-888888888,-888888888,-888888888,-888888888,-888888888,-888888888,-888888888,-888888888,-888888888,-888888888,-888888888,-888888888,-888888888,-888888888
2021,McDuffie County; Georgia,16991,9554,9552,9039,513,2,7437,9552,-888888888,9074,4734,4732,4457,1456,1113,3453,2426,8951,7743,538,0,34,177,459,24.1,9039,2650,1504,1951,1118,1816,9039,262,843,1253,13,189,242,1121,598,156,257,633,2215,855,251,353,9039,7260,1435,326,18,8216,668,338,975,1021,1040,1917,826,955,354,122,50721,61625,5987,58468,3149,18683,1980,32477,716,12645,136,4630,1339,5564,206,149,427,577,987,1363,607,831,323,94,58391,70852,24321,2652,26353,39485,29898,44152,30938,21511,18551,11505,9666,2960,5644,433,12082,8846,8333,6923,6406,797,1410,513,342,102,246,171,3236,2290,1126,1467,946,-888888888,-888888888,-888888888,-888888888,-888888888,-888888888,-888888888,-888888888,-888888888,-888888888,-888888888,-888888888,-888888888,-888888888,-888888888,-888888888,-888888888,-888888888,-888888888
2021,McIntosh County; Georgia,9585,4956,4902,4697,205,54,4629,4902,-888888888,4884,2425,2425,2344,260,188,1348,881,4705,3780,446,30,39,5,405,31.5,4697,1274,865,1292,555,711,4697,79,229,597,13,191,183,692,414,45,152,756,906,278,267,99,4697,3705,686,268,38,4706,488,266,610,397,594,834,726,426,254,111,49951,62318,3213,59714,2395,18687,1371,23804,386,11416,46,1057,986,3256,186,70,358,204,370,648,673,409,237,101,67681,75204,26632,1450,21294,29811,27406,44637,35378,11175,9540,6535,4915,1635,1909,165,6223,4184,4005,3180,3011,222,825,179,88,71,26,91,2039,1485,749,1020,554,-888888888,-888888888,-888888888,-888888888,-888888888,-888888888,-888888888,-888888888,-888888888,-888888888,-888888888,-888888888,-888888888,-888888888,-888888888,-888888888,-888888888,-888888888,-888888888
2021,Macon County; Georgia,10414,4432,4432,4021,411,0,5982,4432,-888888888,4783,2518,2518,2272,649,567,1460,1061,3992,3172,472,0,75,90,183,22.8,4021,914,1029,673,346,1059,4021,388,57,858,13,193,75,261,327,46,172,67,925,432,109,304,4021,3180,645,196,0,3907,693,377,573,406,474,618,232,347,84,103,33163,56218,2599,64010,1444,18043,764,24556,258,7866,116,1201,1002,2365,232,82,318,237,373,523,177,285,64,74,48229,63659,19538,1542,15030,44212,25105,40547,33845,10305,8181,4550,4718,2124,2361,167,6013,3906,3620,2604,2427,302,1016,286,119,83,43,167,2107,1393,508,979,714,-888888888,-888888888,-888888888,-888888888,-888888888,-888888888,-888888888,-888888888,-888888888,-888888888,-888888888,-888888888,-888888888,-888888888,-888888888,-888888888,-888888888,-888888888,-888888888
2021,Madison County; Georgia,23776,14317,14317,13424,893,0,9459,14317,-888888888,12128,6893,6893,6507,2037,1090,4394,2752,13005,10738,1171,26,331,248,491,27.7,13424,4109,2713,2454,1739,2409,13424,280,1296,1226,13,195,374,1278,944,30,427,1407,3408,1271,769,714,13424,10226,2582,616,0,10510,667,626,955,1437,1418,1761,1447,1353,464,382,51854,69421,8042,68139,3685,20788,2328,24782,696,10922,177,2283,1572,7873,426,286,610,932,1014,1394,1244,1226,410,331,65356,77193,25921,2637,31733,43349,31156,45373,34936,29696,24838,17004,11562,4858,7156,362,17507,13186,12374,9759,8955,1070,2615,812,347,135,212,465,4321,2953,1320,1800,1368,-888888888,-888888888,-888888888,-888888888,-888888888,-888888888,-888888888,-888888888,-888888888,-888888888,-888888888,-888888888,-888888888,-888888888,-888888888,-888888888,-888888888,-888888888,-888888888
2021,Marion County; Georgia,6187,3139,3139,2960,179,0,3048,3139,-888888888,3128,1520,1520,1449,476,342,984,596,2926,2188,457,7,13,20,241,33.9,2960,692,414,684,580,590,2960,151,251,448,13,197,62,360,246,56,137,248,605,174,154,68,2960,2333,377,224,26,2924,219,150,462,284,358,787,200,275,109,80,47250,59677,1932,66600,1225,18647,576,17596,228,10056,113,2666,583,2019,113,45,247,212,186,593,174,272,101,76,60169,69022,23694,905,22022,34212,30199,45368,34482,7484,6258,4033,3114,1226,1667,83,4297,2970,2800,2278,2139,240,522,170,64,62,2,106,1327,812,391,544,515,-888888888,-888888888,-888888888,-888888888,-888888888,-888888888,-888888888,-888888888,-888888888,-888888888,-888888888,-888888888,-888888888,-888888888,-888888888,-888888888,-888888888,-888888888,-888888888
2021,Meriwether County; Georgia,16827,8554,8553,8075,478,1,8273,8553,-888888888,8902,3962,3961,3819,1276,840,2810,2209,7945,6791,738,20,167,44,185,35.0,8075,2046,1677,1223,1060,2069,8075,174,700,1795,13,199,198,565,723,20,326,306,1973,587,364,344,8075,6251,1473,314,37,7895,982,508,913,567,1196,1578,1203,723,94,131,46789,56430,5289,61167,3197,20048,1649,20246,840,11175,156,3472,1633,5471,305,197,576,473,746,1259,1030,684,87,114,57494,66844,23198,2424,18238,29621,31254,50313,31972,20550,17584,11143,8640,2966,4702,527,11685,7732,7350,6389,6178,314,961,382,107,98,9,275,3953,2756,1189,1788,1197,-888888888,-888888888,-888888888,-888888888,-888888888,-888888888,-888888888,-888888888,-888888888,-888888888,-888888888,-888888888,-888888888,-888888888,-888888888,-888888888,-888888888,-888888888,-888888888
2021,Miller County; Georgia,4747,2720,2720,2545,175,0,2027,2720,-888888888,2505,1382,1382,1278,357,274,953,667,2498,2090,174,23,19,31,161,23.5,2545,907,435,522,334,347,2545,242,115,356,13,201,64,313,62,29,144,172,694,104,169,81,2545,1808,440,292,5,2531,160,251,450,187,158,567,225,396,86,51,51983,63809,1737,71975,996,16880,407,17899,175,9296,104,1969,462,1737,57,118,244,91,93,432,225,359,86,32,62483,75446,26933,794,21623,36903,36440,50250,37595,5846,4830,3076,2461,1016,1413,120,3220,2491,2334,1802,1688,148,532,157,34,14,20,123,729,488,271,308,241,-888888888,-888888888,-888888888,-888888888,-888888888,-888888888,-888888888,-888888888,-888888888,-888888888,-888888888,-888888888,-888888888,-888888888,-888888888,-888888888,-888888888,-888888888,-888888888
2021,Mitchell County; Georgia,17471,8996,8996,8205,791,0,8475,8996,-888888888,8221,4226,4226,3844,1420,809,3337,2326,7820,6420,1157,50,22,78,93,24.5,8205,2270,1567,1780,1133,1455,8205,556,565,1347,13,205,472,554,439,28,416,727,1391,381,584,745,8205,6221,1542,437,5,7946,792,821,872,908,958,1819,608,783,184,201,43427,57255,5379,62677,3260,16560,1648,20295,703,9645,196,8274,2592,4991,559,284,496,644,589,950,459,666,182,162,46449,64841,22087,2955,31117,41691,30069,43645,32040,19750,15478,8798,9201,4272,5115,495,11159,8009,7270,5290,4967,584,1980,739,272,86,240,467,3150,1824,867,1361,1326,-888888888,-888888888,-888888888,-888888888,-888888888,-888888888,-888888888,-888888888,-888888888,-888888888,-888888888,-888888888,-888888888,-888888888,-888888888,-888888888,-888888888,-888888888,-888888888
2021,Monroe County; Georgia,22814,13162,13155,12614,541,7,9652,13155,-888888888,11435,6469,6469,6336,1519,1212,3797,2873,12309,10844,903,0,108,80,374,28.0,12614,4509,2468,2498,1077,2062,12614,180,600,1025,13,207,246,1200,776,286,829,1018,3281,1641,636,896,12614,9705,2101,793,15,10176,577,483,786,618,984,2151,1045,1826,779,927,67154,97916,7262,100137,3983,20657,3231,37987,554,11320,190,2845,777,7073,132,267,241,394,707,1508,683,1680,747,714,83796,115458,37296,3103,36083,53671,34855,63970,39065,26716,23684,18650,8983,3032,6150,276,15674,11911,11463,9689,9291,631,1774,448,183,63,120,265,3763,3047,2262,1338,716,-888888888,-888888888,-888888888,-888888888,-888888888,-888888888,-888888888,-888888888,-888888888,-888888888,-888888888,-888888888,-888888888,-888888888,-888888888,-888888888,-888888888,-888888888,-888888888
2021,Montgomery County; Georgia,7105,3653,3649,3306,343,4,3452,3649,-888888888,3508,1660,1660,1497,561,443,1068,883,3256,2680,303,17,78,32,146,27.6,3306,1096,596,448,556,610,3306,151,429,231,13,209,39,342,310,41,114,115,1024,170,217,123,3306,2390,711,200,5,2857,269,182,268,319,410,432,416,272,137,152,48717,74607,2114,80090,1054,18077,609,26086,128,11405,86,2938,462,2012,63,81,130,228,323,391,257,258,137,144,61272,91092,25756,845,19077,33157,29440,53333,33214,8236,7030,5060,3180,1206,2018,182,4790,3316,3045,2582,2430,274,463,271,175,170,14,96,1474,1009,572,557,465,-888888888,-888888888,-888888888,-888888888,-888888888,-888888888,-888888888,-888888888,-888888888,-888888888,-888888888,-888888888,-888888888,-888888888,-888888888,-888888888,-888888888,-888888888,-888888888
2021,Morgan County; Georgia,15759,9542,9542,9250,292,0,6217,9542,-888888888,8233,4560,4560,4401,1301,968,2871,2292,9095,7331,851,42,236,126,509,25.4,9250,3457,1435,1578,943,1837,9250,260,955,1206,13,211,194,663,720,138,409,801,2220,921,343,420,9250,6735,1936,579,0,7246,193,388,396,554,743,1441,973,1576,497,485,71000,94064,5461,87749,2945,22308,1857,36239,277,8807,98,3449,1137,5543,32,153,170,337,483,1171,846,1427,473,451,85531,105380,35597,1703,32210,52965,38778,55526,44385,19536,17409,13842,6230,2127,4807,454,10904,8569,8330,7197,6918,326,1133,239,150,140,10,89,2335,1889,1222,818,446,-888888888,-888888888,-888888888,-888888888,-888888888,-888888888,-888888888,-888888888,-888888888,-888888888,-888888888,-888888888,-888888888,-888888888,-888888888,-888888888,-888888888,-888888888,-888888888
2021,Murray County; Georgia,31163,18798,18780,17508,1272,18,12365,18780,-888888888,15574,8391,8391,7729,2653,1840,6200,4483,17363,15083,1404,0,117,106,653,26.4,17508,3440,2602,4015,1654,5797,17508,291,748,6620,13,213,464,1842,1256,165,396,1099,2166,1105,717,639,17508,15146,1910,452,0,14431,715,788,1372,2018,1823,3169,1918,1687,447,494,53821,67306,10878,72542,4701,19406,2087,22001,1181,12440,227,2483,1788,10740,386,341,651,1357,1385,2528,1645,1533,477,437,62413,74815,24272,3691,26626,40366,32672,45465,32173,39602,34120,23240,14753,5482,10558,658,23334,17283,16082,13326,12872,913,2756,1201,608,458,164,593,6051,4606,2443,2746,1445,-888888888,-888888888,-888888888,-888888888,-888888888,-888888888,-888888888,-888888888,-888888888,-888888888,-888888888,-888888888,-888888888,-888888888,-888888888,-888888888,-888888888,-888888888,-888888888
2021,Muscogee County; Georgia,158330,96558,90074,82847,7227,6484,61772,90074,-888888888,82310,47107,46732,42950,16850,10723,31055,22026,87552,69518,7033,748,1528,2427,6298,20.2,82847,28973,15380,20540,6010,11944,82847,430,3777,8136,13,215,1112,9703,3894,1353,9220,7399,19630,9203,3742,5248,82847,63886,15459,3405,97,78491,7508,3972,8325,8723,10385,13967,9735,9111,3455,3310,50542,70012,57969,71368,23529,17705,17174,25276,5755,9653,1218,2463,13423,47216,2881,1394,3881,4586,5648,8217,7523,7200,2930,2956,66095,84575,28523,31275,32266,45430,33075,48858,37738,194929,171451,125388,75321,23478,53350,2203,114564,83949,77554,65911,62246,9659,11643,6395,3785,2155,1815,2610,30615,23801,14847,13052,6814,-888888888,-888888888,-888888888,-888888888,-888888888,-888888888,-888888888,-888888888,-888888888,-888888888,-888888888,-888888888,-888888888,-888888888,-888888888,-888888888,-888888888,-888888888,-888888888
2021,Newton County; Georgia,85128,55205,55127,51921,3206,78,29923,55127,-888888888,45576,27441,27441,26162,8059,5071,19078,14428,51384,39983,4801,315,603,1375,4307,35.3,51921,17418,7371,11282,5589,10261,51921,360,3778,7508,13,217,1245,5996,4335,926,2398,4622,11412,3845,2922,2574,51921,41022,7897,2872,130,39342,2241,1063,3780,3025,4945,8190,5532,7172,1907,1487,64767,76912,31614,74678,12047,20475,9377,23601,2977,11438,928,1847,5649,29249,1170,823,2254,1643,3569,6530,4325,5857,1804,1274,69797,83646,27441,10093,40527,52372,34087,48177,42020,110418,95639,68771,38572,14779,30732,2759,65364,50492,47654,40603,38259,3829,7051,2838,2018,1782,331,820,14872,10800,6278,5814,4072,-888888888,-888888888,-888888888,-888888888,-888888888,-888888888,-888888888,-888888888,-888888888,-888888888,-888888888,-888888888,-888888888,-888888888,-888888888,-888888888,-888888888,-888888888,-888888888
2021,Oconee County; Georgia,31744,20513,20506,19884,622,7,11231,20506,-888888888,16210,9603,9603,9352,2470,1733,8102,6460,19657,14776,1501,15,127,266,2972,25.9,19884,10605,1958,4010,1387,1924,19884,313,1191,1574,13,219,363,1930,676,303,1672,2560,6160,1158,1153,831,19884,14425,4108,1305,46,13965,345,101,521,733,1329,2253,1359,3194,1789,2341,106165,143139,11507,137386,4299,23321,3498,37461,490,12068,209,2501,342,11491,246,68,183,379,911,1661,1062,3074,1668,2239,121007,158583,49429,2474,46446,67403,43345,76992,55575,40823,37929,33185,9575,2894,11576,466,22988,18609,18036,16213,15758,821,1823,573,525,499,36,48,4379,3850,3539,773,529,-888888888,-888888888,-888888888,-888888888,-888888888,-888888888,-888888888,-888888888,-888888888,-888888888,-888888888,-888888888,-888888888,-888888888,-888888888,-888888888,-888888888,-888888888,-888888888
2021,Oglethorpe County; Georgia,11932,7490,7457,7146,311,33,4442,7457,-888888888,5960,3570,3566,3477,867,537,2021,1718,7048,6068,558,0,35,56,331,29.8,7146,2385,1121,1461,931,1248,7146,223,655,885,13,221,167,1001,561,24,250,576,2073,325,113,293,7146,4886,1855,397,8,5276,375,239,563,486,637,971,725,756,262,262,58791,72349,3920,71278,1925,20231,1102,36634,398,9837,85,1333,592,3710,132,78,229,336,592,592,523,712,262,254,72833,85973,27907,1566,25259,36450,31977,48365,35304,14639,12847,8773,5915,1792,3322,133,8681,6835,6565,5392,4970,686,1173,270,181,120,61,89,1846,1467,691,886,379,-888888888,-888888888,-888888888,-888888888,-888888888,-888888888,-888888888,-888888888,-888888888,-888888888,-888888888,-888888888,-888888888,-888888888,-888888888,-888888888,-888888888,-888888888,-888888888
2021,Paulding County; Georgia,127964,86332,85982,82377,3605,350,41632,85982,-888888888,65726,40300,40255,38917,11898,7253,29656,20303,81009,64816,6732,359,331,723,8048,38.2,82377,30622,11609,20712,9355,10079,82377,474,8068,7075,13,223,2631,11033,6352,1708,5111,8709,16987,6386,4203,3640,82377,67284,10971,4054,68,54961,1786,709,2666,2768,5604,11421,8742,12658,5379,3228,80234,93760,46355,94222,13897,21767,11065,27491,2474,10593,1591,3290,4361,43378,686,333,1295,2187,3951,8984,7393,11097,4867,2585,87557,100577,32316,11583,52223,57814,42104,58425,45980,164649,146632,121284,41809,18017,45392,2684,101424,80041,76956,67476,65223,4502,9480,3085,1948,1605,539,1137,21383,17029,11955,7244,4354,-888888888,-888888888,-888888888,-888888888,-888888888,-888888888,-888888888,-888888888,-888888888,-888888888,-888888888,-888888888,-888888888,-888888888,-888888888,-888888888,-888888888,-888888888,-888888888
2021,Peach County; Georgia,22622,12565,12452,11368,1084,113,10057,12452,-888888888,11699,5642,5626,5111,1776,1267,3644,2661,11187,9441,840,48,182,192,484,24.7,11368,3268,2056,2292,1396,2356,11368,257,654,962,13,225,286,1852,723,64,511,1177,2755,746,379,1002,11368,8402,2255,711,0,10209,1062,444,1117,1322,864,1651,1160,1714,465,410,53215,71930,7433,72584,3542,17618,2576,26915,957,10058,208,2832,1839,6838,427,193,412,842,664,1072,957,1491,395,385,65421,85456,27955,3371,24694,40877,30633,50676,42938,27688,24278,17062,10586,3410,6882,364,16383,11387,10467,8658,8159,1100,1809,920,361,159,211,559,4996,4318,2515,2082,678,-888888888,-888888888,-888888888,-888888888,-888888888,-888888888,-888888888,-888888888,-888888888,-888888888,-888888888,-888888888,-888888888,-888888888,-888888888,-888888888,-888888888,-888888888,-888888888
2021,Pickens County; Georgia,27279,16094,16043,15308,735,51,11185,16043,-888888888,13795,7331,7331,6997,1844,1270,4160,2467,15177,11580,1703,8,65,58,1763,30.8,15308,4764,2463,3483,2014,2584,15308,273,1289,2378,13,227,383,2015,651,345,1149,1176,3313,1079,712,545,15308,12129,2115,1064,0,12646,404,533,1030,1154,1405,2062,2032,2534,672,820,71637,89564,9159,86846,5404,24409,3788,33336,571,11183,137,3296,995,9176,172,204,376,1021,854,1368,1583,2165,651,782,83974,101781,36505,3470,40763,53461,36205,51214,38692,32571,28734,21237,12965,3837,6848,375,18662,14226,13523,11107,10638,805,2416,703,484,351,140,219,4436,3610,2096,1815,826,-888888888,-888888888,-888888888,-888888888,-888888888,-888888888,-888888888,-888888888,-888888888,-888888888,-888888888,-888888888,-888888888,-888888888,-888888888,-888888888,-888888888,-888888888,-888888888
2021,Pierce County; Georgia,15190,8486,8443,8210,233,43,6704,8443,-888888888,7697,3771,3771,3664,1500,833,3092,2429,8147,7048,934,32,73,18,42,25.3,8210,2185,1047,1878,1087,2013,8210,300,614,1723,13,229,257,799,595,20,143,527,1892,595,330,415,8210,6562,1158,490,0,7235,351,388,1039,903,827,1666,823,726,269,243,50820,65392,5237,67071,2822,20215,1445,27222,608,9788,106,1671,1226,4990,111,112,707,559,659,956,795,660,188,243,59942,75938,24203,2245,27233,37014,29657,38527,30029,19475,16536,10671,8048,2939,5209,344,10894,7717,7494,5966,5699,341,1528,223,136,93,69,87,3177,2198,949,1437,979,-888888888,-888888888,-888888888,-888888888,-888888888,-888888888,-888888888,-888888888,-888888888,-888888888,-888888888,-888888888,-888888888,-888888888,-888888888,-888888888,-888888888,-888888888,-888888888
2021,Pike County; Georgia,14953,8715,8715,8344,371,0,6238,8715,-888888888,7711,4110,4110,3951,1057,642,3024,2113,8210,6821,780,49,171,24,365,33.8,8344,3098,1144,1732,1275,1095,8344,117,903,1093,13,231,95,706,816,99,480,745,1650,521,320,799,8344,6084,1906,347,7,6200,406,204,307,413,634,1030,998,1425,389,394,76152,90069,4402,98108,2101,23197,1740,28093,315,9852,121,5526,417,4500,146,47,124,199,413,754,737,1344,385,351,92861,106401,32150,1700,34048,44158,42602,54662,46965,18542,15962,12674,5215,2580,4646,399,11044,8176,7813,6594,6490,260,1219,363,189,154,62,174,2868,2080,1457,883,788,-888888888,-888888888,-888888888,-888888888,-888888888,-888888888,-888888888,-888888888,-888888888,-888888888,-888888888,-888888888,-888888888,-888888888,-888888888,-888888888,-888888888,-888888888,-888888888
2021,Polk County; Georgia,33040,19552,19503,18244,1259,49,13488,19503,-888888888,16844,8635,8635,7913,3305,2032,6420,4412,17842,14792,1767,100,329,178,676,30.3,18244,4105,2984,3736,2376,5043,18244,130,1816,4089,13,233,458,1821,1146,317,667,1681,3180,1282,916,741,18244,14811,2228,1154,51,15507,1069,1115,1558,1770,2397,2749,1826,2006,685,332,48958,62833,11431,65290,5475,18435,3307,22218,1128,11261,559,3400,2463,10723,612,276,680,1185,1591,2366,1478,1601,602,332,61161,72391,23882,4784,27026,36483,32453,43114,34067,42515,35765,25030,15328,6750,11433,1295,24583,18098,17077,13909,13314,919,3168,1021,415,359,120,606,6485,4889,2857,2358,1596,-888888888,-888888888,-888888888,-888888888,-888888888,-888888888,-888888888,-888888888,-888888888,-888888888,-888888888,-888888888,-888888888,-888888888,-888888888,-888888888,-888888888,-888888888,-888888888
2021,Pulaski County; Georgia,8468,3914,3914,3725,189,0,4554,3914,-888888888,4855,1780,1780,1735,649,490,1051,1011,3540,3169,245,1,36,0,89,23.1,3725,1224,477,801,405,818,3725,79,188,627,13,235,27,690,210,20,171,92,1025,196,178,222,3725,2916,694,115,0,3084,268,194,384,423,373,420,341,454,195,32,44946,62762,2072,65412,1563,17677,914,20683,294,7451,96,1864,547,1985,169,90,180,163,207,335,196,448,165,32,65625,75913,21513,1099,26689,33782,28082,43568,36857,8571,7779,5405,4219,792,1816,18,4774,3469,3308,2859,2660,479,449,161,112,30,82,49,1305,1029,531,668,276,-888888888,-888888888,-888888888,-888888888,-888888888,-888888888,-888888888,-888888888,-888888888,-888888888,-888888888,-888888888,-888888888,-888888888,-888888888,-888888888,-888888888,-888888888,-888888888
2021,Putnam County; Georgia,18197,9408,9257,8859,398,151,8789,9257,-888888888,9302,4427,4427,4340,995,726,2794,1975,8850,7200,962,1,25,51,611,27.8,8859,2865,1228,1810,1006,1950,8859,53,583,683,13,237,101,1660,538,89,669,568,1804,1035,558,518,8859,6903,1359,597,0,9499,386,458,698,1543,1066,1537,1261,1218,659,673,55757,88251,6175,90784,4097,24663,3109,27085,1179,13387,138,2200,1134,6350,54,257,279,938,605,1118,1063,1018,527,491,72034,94427,38351,3149,34440,72430,35973,46625,38910,21583,19039,13672,9972,2544,4681,291,11683,7894,7525,6245,6013,482,1280,369,286,213,110,83,3789,2940,1697,1674,849,-888888888,-888888888,-888888888,-888888888,-888888888,-888888888,-888888888,-888888888,-888888888,-888888888,-888888888,-888888888,-888888888,-888888888,-888888888,-888888888,-888888888,-888888888,-888888888
2021,Quitman County; Georgia,1985,786,786,621,165,0,1199,786,-888888888,982,324,324,324,68,16,152,116,621,506,101,0,0,0,14,31.9,621,108,189,118,36,170,621,12,29,148,13,239,0,80,51,0,46,0,117,41,7,90,621,485,122,14,0,946,146,69,163,124,169,135,57,47,7,29,31594,44314,401,59725,566,14983,312,23845,46,9954,0,-666666666,265,514,47,10,88,49,54,129,57,44,7,29,53333,61583,19782,432,22300,23749,26959,40717,30263,2249,1731,1036,1086,518,293,48,1264,752,587,464,436,33,123,165,0,0,0,165,512,347,148,217,165,-888888888,-888888888,-888888888,-888888888,-888888888,-888888888,-888888888,-888888888,-888888888,-888888888,-888888888,-888888888,-888888888,-888888888,-888888888,-888888888,-888888888,-888888888,-888888888
2021,Rabun County; Georgia,14302,6589,6588,6314,274,1,7713,6588,-888888888,7266,3054,3054,2978,830,514,1837,1143,6200,4587,754,26,193,88,552,25.2,6314,2097,1428,1177,887,725,6314,90,690,614,13,241,65,721,330,67,533,751,1131,772,375,175,6314,4892,749,666,7,6585,390,484,786,717,1026,1058,878,662,283,301,48652,72239,3991,66796,3249,23579,1921,34595,362,10379,204,1578,917,4247,190,136,342,280,735,842,634,573,271,244,60734,82290,30057,2338,30153,52059,30021,40329,37412,16516,14229,9643,8110,2287,2986,245,8910,5756,5516,4243,4010,510,1273,240,128,109,19,112,3154,2508,1309,1436,646,-888888888,-888888888,-888888888,-888888888,-888888888,-888888888,-888888888,-888888888,-888888888,-888888888,-888888888,-888888888,-888888888,-888888888,-888888888,-888888888,-888888888,-888888888,-888888888
2021,Randolph County; Georgia,4846,2581,2581,2332,249,0,2265,2581,-888888888,2579,1302,1302,1174,480,289,1084,980,2254,1615,442,17,62,37,81,27.3,2332,410,698,359,242,623,2332,253,89,500,13,243,32,261,143,5,42,82,457,76,71,321,2332,1695,534,103,0,2402,292,236,557,311,461,257,100,136,51,1,28870,38240,1554,41108,971,16617,316,17269,219,7526,0,-666666666,856,1434,164,80,220,206,374,153,65,120,51,1,37061,45473,16454,968,18168,26144,23861,37967,25036,6412,5660,2344,3708,752,1845,34,3287,2374,2125,1812,1549,307,313,249,76,38,38,173,913,691,246,473,222,-888888888,-888888888,-888888888,-888888888,-888888888,-888888888,-888888888,-888888888,-888888888,-888888888,-888888888,-888888888,-888888888,-888888888,-888888888,-888888888,-888888888,-888888888,-888888888
2021,Richmond County; Georgia,163534,101064,94028,85551,8477,7036,62470,94028,-888888888,85403,50771,49398,44260,15173,10522,28510,21450,90386,70447,7909,1289,2099,3253,5389,21.2,85551,26857,18621,19881,6177,14015,85551,255,4217,8950,13,245,1485,10239,4233,1048,2926,11483,21661,9777,4418,4859,85551,65338,17458,2681,74,73631,6824,4527,9151,8876,9358,13732,8772,7184,2762,2445,46237,64114,54748,64224,24132,18426,17105,23133,5991,10176,2369,3055,13862,42579,3023,1299,4729,4711,5360,8283,5491,5270,2290,2123,55730,76550,25874,31052,31832,44260,27652,42761,34869,194409,169326,114162,79972,25083,50100,3080,116154,86051,78076,65274,60035,9769,12802,7975,4869,2987,2214,3106,30103,24138,13480,13824,5965,-888888888,-888888888,-888888888,-888888888,-888888888,-888888888,-888888888,-888888888,-888888888,-888888888,-888888888,-888888888,-888888888,-888888888,-888888888,-888888888,-888888888,-888888888,-888888888
2021,Rockdale County; Georgia,72984,45424,45380,42604,2776,44,27560,45380,-888888888,39306,23121,23096,21619,5783,4043,14993,10625,41819,32556,3925,335,385,928,3690,33.8,42604,15486,6229,9794,3993,7102,42604,104,3620,4050,13,247,688,4511,3777,1124,2718,5251,8928,3628,1910,2295,42604,33347,7156,2101,0,32604,1468,765,2221,3237,4436,6869,4624,4980,2087,1917,64230,83309,26280,78779,9879,22032,8298,31230,1859,10602,778,3225,3902,23116,827,370,1517,1628,3018,4554,3368,4326,1786,1722,72906,92757,30961,9488,42759,54497,36917,44905,48292,92257,78987,58407,31431,13270,24584,2878,54410,41940,39638,32910,31412,2874,6728,2302,1598,1040,613,704,12470,9573,6327,4440,2897,-888888888,-888888888,-888888888,-888888888,-888888888,-888888888,-888888888,-888888888,-888888888,-888888888,-888888888,-888888888,-888888888,-888888888,-888888888,-888888888,-888888888,-888888888,-888888888
2021,Schley County; Georgia,3790,2184,2184,2037,147,0,1606,2184,-888888888,1951,1011,1011,909,262,189,748,582,1996,1663,152,0,0,59,122,24.5,2037,696,326,407,270,338,2037,138,233,249,13,249,51,197,75,0,68,136,496,97,116,181,2037,1460,474,103,0,1600,202,73,161,167,182,379,155,190,63,28,50586,61403,1117,70804,492,19280,288,18776,164,8385,12,-999999999,316,1257,104,13,124,109,167,326,147,203,36,28,62635,69830,23083,343,17552,26864,32591,39245,37409,4622,3972,2688,1666,650,1163,63,2764,2004,1899,1612,1489,169,287,105,86,32,54,19,760,495,244,323,265,-888888888,-888888888,-888888888,-888888888,-888888888,-888888888,-888888888,-888888888,-888888888,-888888888,-888888888,-888888888,-888888888,-888888888,-888888888,-888888888,-888888888,-888888888,-888888888
2021,Screven County; Georgia,11346,6072,6035,5691,344,37,5274,6035,-888888888,5890,3087,3087,2897,710,319,1668,960,5588,4727,588,0,52,69,152,33.7,5691,1507,1067,1187,889,1041,5691,395,336,1021,13,251,56,627,509,87,143,337,1316,249,330,285,5691,4280,1015,396,0,4707,376,264,604,725,634,655,537,628,175,109,43167,62466,3042,66906,1959,19243,1081,28633,565,10536,52,860,666,3121,170,71,121,451,505,510,486,536,167,104,64977,77451,24960,1586,22543,32346,29730,43374,31734,13674,12052,7989,5888,1622,3011,178,8049,5525,5214,4534,4338,341,680,311,149,84,65,162,2524,1936,1007,1224,588,-888888888,-888888888,-888888888,-888888888,-888888888,-888888888,-888888888,-888888888,-888888888,-888888888,-888888888,-888888888,-888888888,-888888888,-888888888,-888888888,-888888888,-888888888,-888888888
2021,Seminole County; Georgia,7492,3321,3321,3144,177,0,4171,3321,-888888888,3973,1539,1539,1478,361,245,1144,788,3059,2586,279,26,45,82,41,27.6,3144,1096,549,468,450,581,3144,138,277,350,13,253,61,328,210,14,111,112,963,111,332,137,3144,2171,711,262,0,3530,320,339,436,377,583,550,344,409,126,46,40579,67154,2197,71191,1651,18424,801,24903,252,10593,106,3473,684,2308,241,125,177,164,391,445,260,387,72,46,55236,81970,30218,1222,25854,37438,35649,45586,37222,9008,7329,3866,4683,1679,1932,108,5025,2919,2773,2002,1809,333,771,146,75,68,20,71,2106,1377,577,975,729,-888888888,-888888888,-888888888,-888888888,-888888888,-888888888,-888888888,-888888888,-888888888,-888888888,-888888888,-888888888,-888888888,-888888888,-888888888,-888888888,-888888888,-888888888,-888888888
2021,Spalding County; Georgia,52519,29501,29410,28033,1377,91,23018,29410,-888888888,27512,14215,14140,13444,4695,3689,9798,6928,27629,23950,1794,3,116,387,1379,27.2,28033,8005,3824,5925,3638,6641,28033,353,2437,4126,13,255,885,3578,2338,175,1194,1865,6197,1931,1437,1517,28033,22859,4011,1072,91,25852,1602,1621,2943,2546,3762,4859,3509,2907,944,1159,51972,83968,18172,92218,10137,21085,5913,29159,2300,10650,451,2558,4579,17570,629,668,1476,1274,2794,3720,2529,2580,890,1010,63458,103182,32796,8282,28218,40194,33112,44375,38434,65697,56896,37216,28078,8801,16393,1231,37386,27137,25943,21281,19887,2175,4662,1194,756,478,278,438,10249,7787,3743,4947,2462,-888888888,-888888888,-888888888,-888888888,-888888888,-888888888,-888888888,-888888888,-888888888,-888888888,-888888888,-888888888,-888888888,-888888888,-888888888,-888888888,-888888888,-888888888,-888888888
2021,Stephens County; Georgia,21557,12153,12153,11497,656,0,9404,12153,-888888888,11180,5699,5699,5209,1769,1216,2971,2223,11395,9270,984,0,372,69,700,23.0,11497,2953,2346,2396,768,3034,11497,196,554,2172,13,257,282,1549,781,116,471,833,2465,1186,445,447,11497,8737,1847,913,0,10037,630,651,1163,1037,1525,2204,1066,1160,432,169,50194,62062,7009,60719,4458,20152,2274,25631,687,10291,90,4718,1662,6820,75,229,397,663,1157,1721,1024,955,432,167,65757,75411,24445,3217,21637,29821,28855,42096,33010,26641,22326,14655,11078,4315,6069,378,15349,11002,10412,8025,7398,899,2387,590,181,112,69,409,4347,3206,1713,1774,1141,-888888888,-888888888,-888888888,-888888888,-888888888,-888888888,-888888888,-888888888,-888888888,-888888888,-888888888,-888888888,-888888888,-888888888,-888888888,-888888888,-888888888,-888888888,-888888888
2021,Stewart County; Georgia,4881,1506,1486,1384,102,20,3375,1486,-888888888,1444,715,715,679,93,87,508,372,1355,1087,263,0,3,0,2,34.7,1384,360,209,335,137,343,1384,104,113,171,13,259,0,137,173,0,38,48,353,44,93,110,1384,918,395,31,40,1665,76,205,328,163,266,249,95,215,19,49,39020,55376,1130,45979,641,19050,449,28641,243,13521,12,-999999999,480,1052,27,61,157,82,298,181,79,117,19,31,48281,59245,19763,613,21847,41883,24849,30886,30000,3358,2918,1799,1678,440,642,11,2104,1310,1256,1054,935,181,202,54,37,23,24,17,794,584,263,446,210,-888888888,-888888888,-888888888,-888888888,-888888888,-888888888,-888888888,-888888888,-888888888,-888888888,-888888888,-888888888,-888888888,-888888888,-888888888,-888888888,-888888888,-888888888,-888888888
2021,Sumter County; Georgia,23317,12919,12894,11925,969,25,10398,12894,-888888888,12373,6562,6550,5924,1747,1475,4508,3696,11718,9183,1571,0,333,89,542,18.4,11925,3899,1912,2755,1227,2132,11925,346,357,1932,13,261,174,1105,609,578,383,1180,2985,978,363,935,11925,8948,2436,514,27,10825,1187,1003,1165,1741,1493,1419,1111,1116,371,219,36687,54696,7400,56973,3818,19211,2690,23273,840,9652,314,1289,2520,6637,434,191,745,1000,905,882,1010,880,371,219,51066,68621,21437,4188,24696,30545,29752,38396,34785,28904,25422,17164,11294,3482,7348,292,16631,11681,10950,9638,9195,754,1312,731,313,181,146,418,4950,3555,2073,1656,1395,-888888888,-888888888,-888888888,-888888888,-888888888,-888888888,-888888888,-888888888,-888888888,-888888888,-888888888,-888888888,-888888888,-888888888,-888888888,-888888888,-888888888,-888888888,-888888888
2021,Talbot County; Georgia,4987,2528,2528,2365,163,0,2459,2528,-888888888,2604,1247,1247,1145,222,179,642,514,2338,2000,237,4,13,28,56,37.5,2365,747,380,340,241,657,2365,36,208,439,13,263,30,214,173,0,127,152,704,121,93,68,2365,1723,517,116,9,2549,162,191,411,411,262,477,253,212,72,98,40719,59346,1605,63448,1176,19485,548,17030,206,12098,45,1016,507,1573,58,53,154,280,214,401,129,196,72,16,51910,60672,26106,976,23452,55333,29775,39432,31425,5821,4896,3161,2754,925,1099,291,3256,2225,2136,1726,1584,185,410,89,68,40,28,21,1031,829,462,555,202,-888888888,-888888888,-888888888,-888888888,-888888888,-888888888,-888888888,-888888888,-888888888,-888888888,-888888888,-888888888,-888888888,-888888888,-888888888,-888888888,-888888888,-888888888,-888888888
2021,Taliaferro County; Georgia,1391,706,705,665,40,1,685,705,-888888888,706,330,330,322,40,40,145,119,666,532,39,0,12,3,80,31.2,665,140,196,109,34,186,665,9,15,126,13,265,14,60,46,13,17,54,106,71,20,114,665,426,168,61,10,605,40,55,70,62,181,111,34,28,15,9,39670,51697,405,51435,298,18100,123,30083,55,9962,19,4489,155,385,17,27,40,92,63,60,34,28,15,9,40542,60369,25109,220,37652,30817,28418,32885,29063,1573,1383,725,893,190,198,10,926,642,602,461,375,96,141,40,37,3,34,3,284,248,104,170,36,-888888888,-888888888,-888888888,-888888888,-888888888,-888888888,-888888888,-888888888,-888888888,-888888888,-888888888,-888888888,-888888888,-888888888,-888888888,-888888888,-888888888,-888888888,-888888888
2021,Tattnall County; Georgia,18965,9060,9027,8363,664,33,9905,9027,-888888888,7833,4020,4020,3747,1150,894,3039,2120,8062,5967,770,2,225,698,400,25.6,8363,2431,1428,1626,1492,1386,8363,917,866,837,13,267,195,901,560,87,146,646,1663,551,315,679,8363,6035,1785,532,11,7556,632,506,741,785,1115,1533,838,852,290,264,49977,63382,5486,63404,2736,16502,1625,25364,575,9013,62,2065,1275,5060,237,150,410,422,735,1205,680,707,260,254,60829,75836,21485,2496,26908,35138,30374,42711,31189,19063,15841,11085,7394,3222,5031,265,10942,8238,7627,5946,5644,568,1681,611,250,187,63,361,2704,1789,1052,993,915,-888888888,-888888888,-888888888,-888888888,-888888888,-888888888,-888888888,-888888888,-888888888,-888888888,-888888888,-888888888,-888888888,-888888888,-888888888,-888888888,-888888888,-888888888,-888888888
2021,Taylor County; Georgia,6485,3228,3220,3000,220,8,3257,3220,-888888888,3416,1529,1529,1405,486,293,902,729,2816,2344,361,0,5,20,86,29.1,3000,858,510,522,509,601,3000,69,307,469,13,269,116,281,101,18,81,312,703,35,209,299,3000,2099,732,160,9,3096,543,228,387,375,443,390,259,323,59,89,36293,54844,2012,65097,1057,17726,744,17080,347,11169,107,1548,971,2051,267,30,242,267,323,282,169,323,59,89,46277,68330,22733,1045,18403,27176,31694,41727,33920,7727,6617,3974,3682,1110,1703,0,4452,3051,2884,2303,2168,165,581,167,33,22,11,134,1401,1044,354,850,357,-888888888,-888888888,-888888888,-888888888,-888888888,-888888888,-888888888,-888888888,-888888888,-888888888,-888888888,-888888888,-888888888,-888888888,-888888888,-888888888,-888888888,-888888888,-888888888
2021,Telfair County; Georgia,10512,3730,3730,3669,61,0,6782,3730,-888888888,4375,1686,1686,1665,575,385,1824,1032,3649,3403,122,1,21,29,73,22.5,3669,1063,698,505,532,871,3669,198,281,439,13,271,234,359,119,67,71,102,1142,170,249,238,3669,2755,629,249,36,3020,243,363,383,359,368,467,428,220,115,74,42971,61154,1832,75335,1488,16754,444,16387,153,8372,62,4315,622,2225,108,170,239,276,288,381,389,193,115,66,53438,68258,16358,795,17044,38887,32390,41750,35777,10054,8935,4687,5384,1119,2680,70,5326,3386,3351,2774,2558,279,577,35,23,20,3,12,1940,1541,549,1257,399,-888888888,-888888888,-888888888,-888888888,-888888888,-888888888,-888888888,-888888888,-888888888,-888888888,-888888888,-888888888,-888888888,-888888888,-888888888,-888888888,-888888888,-888888888,-888888888
2021,Terrell County; Georgia,7191,3832,3788,3507,281,44,3359,3788,-888888888,3790,1952,1908,1730,689,494,1283,808,3429,2666,403,25,46,50,239,25.2,3507,776,611,867,441,812,3507,139,316,463,13,273,123,583,259,30,110,191,543,252,234,264,3507,2589,641,275,2,3344,410,207,366,522,387,534,402,432,28,56,38879,54586,2449,52298,1315,17511,696,18724,414,9029,66,2414,842,2280,240,125,174,338,259,384,364,333,28,35,50313,59552,21109,1064,25313,38595,25745,43013,32000,8750,7099,3938,3994,1651,2212,115,4836,3434,3154,2411,2280,183,743,280,122,43,79,158,1402,768,277,520,634,-888888888,-888888888,-888888888,-888888888,-888888888,-888888888,-888888888,-888888888,-888888888,-888888888,-888888888,-888888888,-888888888,-888888888,-888888888,-888888888,-888888888,-888888888,-888888888
2021,Thomas County; Georgia,35849,22562,22476,21226,1250,86,13287,22476,-888888888,19020,11146,11139,10593,3245,2570,6721,5259,20845,16732,2951,33,140,104,885,19.2,21226,8012,3631,4242,2267,3074,21226,784,1292,2199,13,275,444,2395,1024,182,771,1829,5845,2093,1185,1183,21226,16599,3315,1295,17,17817,1047,1076,1674,2334,2383,2803,2369,2414,939,778,52315,73266,13579,73463,6079,19341,3858,24509,1410,10599,229,1399,3414,12121,557,342,1002,1298,1136,2140,1927,2190,769,760,70226,87141,29912,5696,32848,38832,34347,48657,39708,45195,39145,27649,17639,6050,11320,1197,25920,20204,19168,16045,14919,1351,3123,1036,434,180,254,602,5716,4607,2243,2914,1109,-888888888,-888888888,-888888888,-888888888,-888888888,-888888888,-888888888,-888888888,-888888888,-888888888,-888888888,-888888888,-888888888,-888888888,-888888888,-888888888,-888888888,-888888888,-888888888
2021,Tift County; Georgia,31992,18249,18216,17721,495,33,13743,18216,-888888888,16818,8687,8687,8441,3109,1871,6557,4589,17588,14570,1833,55,288,292,550,19.7,17721,6053,3164,3830,2011,2663,17721,611,1399,1675,13,277,501,2188,848,171,902,1172,4106,2077,1011,1060,17721,14109,2767,780,65,15287,1139,953,2128,2050,1817,2576,1763,1637,765,459,46245,66877,11506,71250,5051,18236,2692,25029,606,9397,117,1080,2436,9939,694,295,1115,1376,937,1624,1442,1416,657,383,58163,78620,26154,5348,27155,41743,30990,42818,34599,40606,33555,22210,14627,7051,11377,1315,23338,16550,16158,12278,11554,983,3880,392,238,139,99,154,6788,5124,2619,2739,1664,-888888888,-888888888,-888888888,-888888888,-888888888,-888888888,-888888888,-888888888,-888888888,-888888888,-888888888,-888888888,-888888888,-888888888,-888888888,-888888888,-888888888,-888888888,-888888888
2021,Toombs County; Georgia,20673,11009,10991,10333,658,18,9664,10991,-888888888,11201,5175,5175,5047,1916,1203,4158,2656,10165,8247,1338,32,332,75,141,24.1,10333,3041,1845,2143,1643,1661,10333,868,777,940,13,279,351,1111,766,130,419,445,2650,812,446,618,10333,7605,2033,657,38,9779,1077,704,1215,1036,1373,1509,983,1211,486,185,42975,66808,6278,74039,3895,18494,1823,39168,1159,12394,221,3129,2189,6282,410,342,646,569,857,1100,660,1053,467,178,56973,82987,25974,3497,26350,36709,31133,41324,34262,26726,22176,12799,12774,4550,7662,798,14701,10040,9459,7212,6544,875,2247,581,240,137,103,341,4661,3519,1683,2506,1142,-888888888,-888888888,-888888888,-888888888,-888888888,-888888888,-888888888,-888888888,-888888888,-888888888,-888888888,-888888888,-888888888,-888888888,-888888888,-888888888,-888888888,-888888888,-888888888
2021,Towns County; Georgia,10934,4907,4907,4661,246,0,6027,4907,-888888888,5770,2347,2347,2181,359,291,952,721,4570,3501,628,8,172,10,251,21.4,4661,1484,1214,1065,484,414,4661,108,373,212,13,281,141,490,260,80,239,471,1221,524,168,374,4661,3294,840,507,20,5323,325,335,549,525,736,1197,627,558,318,153,53084,68951,3014,66853,2906,23946,1886,30053,198,9827,39,1087,405,3493,50,128,339,200,527,842,452,503,302,150,63408,82417,30015,1830,31053,42375,23699,46146,31555,12147,10412,7953,5551,1735,1852,125,6255,4290,4062,3129,3015,162,933,228,75,34,41,153,1965,1448,1191,549,517,-888888888,-888888888,-888888888,-888888888,-888888888,-888888888,-888888888,-888888888,-888888888,-888888888,-888888888,-888888888,-888888888,-888888888,-888888888,-888888888,-888888888,-888888888,-888888888
2021,Treutlen County; Georgia,5026,2352,2352,2155,197,0,2674,2352,-888888888,2200,1029,1029,881,441,252,1031,562,2134,1779,343,5,0,7,0,31.3,2155,752,380,267,356,400,2155,115,274,293,13,283,85,174,158,18,32,202,547,124,30,103,2155,1643,391,121,0,2236,333,241,214,321,205,334,272,197,46,73,35441,57453,1359,66404,835,18660,441,38632,264,8400,10,-999999999,619,1444,112,24,149,246,133,245,227,193,46,69,57328,71969,24309,792,12277,28807,29462,38922,43382,6068,4921,2787,2867,1147,1752,237,3142,2084,1929,1392,1284,148,537,155,112,29,100,43,1058,728,229,573,330,-888888888,-888888888,-888888888,-888888888,-888888888,-888888888,-888888888,-888888888,-888888888,-888888888,-888888888,-888888888,-888888888,-888888888,-888888888,-888888888,-888888888,-888888888,-888888888
2021,Troup County; Georgia,54142,32348,32193,30609,1584,155,21794,32193,-888888888,28571,16180,16180,15284,5109,4220,10394,8254,30276,25171,3002,23,338,617,1125,24.1,30609,8390,5063,5999,2410,8747,30609,122,1473,7670,13,285,629,4071,2162,188,1375,2260,6097,2387,1282,893,30609,25127,4053,1415,14,25216,2386,1588,3043,2584,3386,4113,2851,3389,800,1076,49042,67186,18855,67308,8215,19410,5186,29303,1740,11654,417,2283,4394,17226,1077,621,1634,1646,2287,2870,2406,2996,675,1014,62569,79688,25961,7990,27387,37388,31529,48766,36649,68138,60855,44949,23783,7283,17982,954,40049,30144,28834,25212,24220,1715,3622,1310,781,578,376,529,9905,7737,4746,3923,2168,-888888888,-888888888,-888888888,-888888888,-888888888,-888888888,-888888888,-888888888,-888888888,-888888888,-888888888,-888888888,-888888888,-888888888,-888888888,-888888888,-888888888,-888888888,-888888888
2021,Turner County; Georgia,6899,3862,3862,3533,329,0,3037,3862,-888888888,3502,1776,1776,1586,733,624,1097,874,3512,2610,679,0,29,21,173,23.7,3533,845,873,782,419,614,3533,134,283,242,13,287,3,515,319,11,125,218,793,230,295,365,3533,2476,796,261,0,3269,253,157,589,611,433,369,469,281,87,20,35828,51609,2424,49044,1367,19635,594,26805,379,7633,52,3452,723,2025,44,109,398,240,269,299,341,233,87,5,48651,59562,20299,1244,27348,35874,25242,33567,36328,8643,7345,3796,4313,1298,2288,114,4802,3483,3154,2475,2146,353,679,329,178,8,170,151,1319,965,298,758,354,-888888888,-888888888,-888888888,-888888888,-888888888,-888888888,-888888888,-888888888,-888888888,-888888888,-888888888,-888888888,-888888888,-888888888,-888888888,-888888888,-888888888,-888888888,-888888888
2021,Twiggs County; Georgia,6673,2951,2945,2855,90,6,3722,2945,-888888888,3388,1431,1431,1423,519,289,856,681,2792,2588,83,0,12,35,74,28.4,2855,486,618,704,483,564,2855,237,168,457,13,289,75,281,273,0,65,158,397,244,234,266,2855,2101,560,194,0,2885,337,360,287,227,336,437,452,251,147,51,45824,59019,1567,63637,1528,19516,1029,25492,263,10087,116,633,619,1815,100,118,78,83,247,420,340,231,154,44,63199,76838,24719,1070,18500,25861,32385,43293,34495,7978,7059,5073,3505,919,1724,64,4471,2727,2648,2331,2242,229,317,79,79,71,67,0,1744,1245,830,717,499,-888888888,-888888888,-888888888,-888888888,-888888888,-888888888,-888888888,-888888888,-888888888,-888888888,-888888888,-888888888,-888888888,-888888888,-888888888,-888888888,-888888888,-888888888,-888888888
2021,Union County; Georgia,20861,9430,9420,9132,288,10,11431,9420,-888888888,10757,4548,4548,4366,1202,791,2440,1852,8729,6910,969,57,54,21,718,23.5,9132,3078,1408,2091,1412,1143,9132,196,1203,828,13,291,94,1409,574,87,439,812,2019,603,563,305,9132,7137,954,1041,0,10172,591,448,1419,935,1398,1918,1270,1168,391,634,52509,79565,5833,80269,5772,22607,3635,33826,453,10823,15,1220,1020,6956,224,127,714,663,747,1404,1076,1032,364,605,66914,95786,34630,3216,24272,39154,31047,43942,39076,23644,20686,13791,11581,2958,4144,457,11722,8221,7999,6479,6063,476,1520,222,144,110,34,78,3501,2626,1682,1183,875,-888888888,-888888888,-888888888,-888888888,-888888888,-888888888,-888888888,-888888888,-888888888,-888888888,-888888888,-888888888,-888888888,-888888888,-888888888,-888888888,-888888888,-888888888,-888888888
2021,Upson County; Georgia,21927,11318,11318,10960,358,0,10609,11318,-888888888,11556,5653,5653,5399,2004,1237,3566,2721,10880,9791,675,8,178,101,127,23.7,10960,3393,1967,2033,1175,2392,10960,113,915,2098,13,293,276,789,726,129,627,596,3024,443,495,729,10960,8156,2384,400,20,10364,1359,531,1322,1062,1427,1770,987,1157,436,313,43257,60498,6736,69110,3799,18845,2373,22901,1282,10497,168,2708,2322,6580,501,145,664,556,891,1361,833,927,389,313,57313,74377,24143,3784,23688,33188,31877,52426,33700,26971,23799,15000,11818,3172,6854,527,15321,10626,10269,8952,8313,1020,1317,357,299,102,197,58,4695,3516,1573,2237,1179,-888888888,-888888888,-888888888,-888888888,-888888888,-888888888,-888888888,-888888888,-888888888,-888888888,-888888888,-888888888,-888888888,-888888888,-888888888,-888888888,-888888888,-888888888,-888888888
2021,Walker County; Georgia,54856,32457,32283,30164,2119,174,22399,32283,-888888888,28069,15300,15300,14250,4155,2722,9407,6498,29751,23439,2990,5,372,334,2611,29.7,30164,9484,4625,6795,3927,5333,30164,602,2379,5090,13,295,529,3314,2118,278,1653,2438,7064,2285,1495,919,30164,24207,3812,2104,41,25629,1397,1429,2845,2962,4554,4672,3033,3035,866,836,48633,67170,18516,70205,9934,20719,5251,22046,1490,10151,500,2956,2909,17984,425,357,1326,2025,3164,3870,2569,2642,841,765,61296,79020,26438,7645,26362,36388,32138,44854,39178,66304,56535,38971,25789,9769,15312,1660,38710,29051,27240,22371,20829,2038,4869,1811,919,544,391,892,9659,7454,3616,4378,2205,-888888888,-888888888,-888888888,-888888888,-888888888,-888888888,-888888888,-888888888,-888888888,-888888888,-888888888,-888888888,-888888888,-888888888,-888888888,-888888888,-888888888,-888888888,-888888888
2021,Walton County; Georgia,74945,47048,47039,44697,2342,9,27897,47039,-888888888,38590,21872,21872,20504,6885,4055,15338,10141,43874,35075,3989,118,367,511,3814,34.3,44697,14513,6591,10793,5345,7455,44697,313,3800,5389,13,297,1593,5729,3360,476,2572,4807,8941,3172,2087,2458,44697,34830,6967,2852,48,33009,1213,1191,2630,2388,3470,6297,5111,5876,2911,1922,71692,87881,26591,87070,11063,21641,8047,26208,1519,11274,641,2434,3809,24968,768,396,1347,1414,2409,4640,4304,5381,2618,1691,81755,98395,30719,8041,37769,49166,37179,52849,43112,94567,83246,64430,30120,11321,24759,2023,55300,42890,40837,35246,33868,2427,5591,2053,1158,563,655,895,12410,9682,6725,4091,2728,-888888888,-888888888,-888888888,-888888888,-888888888,-888888888,-888888888,-888888888,-888888888,-888888888,-888888888,-888888888,-888888888,-888888888,-888888888,-888888888,-888888888,-888888888,-888888888
2021,Ware County; Georgia,28221,13392,13392,12790,602,0,14829,13392,-888888888,14277,6458,6458,6176,3056,1584,5190,2928,12609,10991,1011,8,137,173,289,21.2,12790,3652,2144,2724,1798,2472,12790,306,761,1837,13,299,463,1442,889,87,316,1107,3014,743,786,1039,12790,9823,2160,782,25,12763,1438,1109,1318,1766,1946,2196,1342,1061,261,326,39419,55639,8434,59491,4941,18984,2248,31661,1152,9034,236,3178,2192,7799,418,505,553,1030,1358,1553,980,912,254,236,50351,64562,21034,4964,24789,39139,30661,39016,32073,33818,28078,15733,15373,5740,9234,587,18860,12544,11956,9089,8617,687,2867,588,283,182,107,305,6316,4344,1416,3240,1972,-888888888,-888888888,-888888888,-888888888,-888888888,-888888888,-888888888,-888888888,-888888888,-888888888,-888888888,-888888888,-888888888,-888888888,-888888888,-888888888,-888888888,-888888888,-888888888
2021,Warren County; Georgia,4252,2079,2078,1927,151,1,2173,2078,-888888888,2284,973,972,925,328,135,641,404,1885,1612,142,3,28,44,56,27.5,1927,453,365,323,242,544,1927,93,66,535,13,301,22,188,149,15,47,231,316,66,86,113,1927,1536,341,50,0,1915,290,158,187,256,298,356,129,124,62,55,37309,59134,1215,67427,825,17525,468,22027,181,8477,63,3719,595,1272,175,45,121,165,200,249,109,114,62,32,45086,63366,24056,643,28199,48523,27993,37870,32448,5159,4658,2670,2584,501,1102,0,2940,1892,1761,1527,1435,148,234,131,96,45,57,35,1048,816,287,548,232,-888888888,-888888888,-888888888,-888888888,-888888888,-888888888,-888888888,-888888888,-888888888,-888888888,-888888888,-888888888,-888888888,-888888888,-888888888,-888888888,-888888888,-888888888,-888888888
2021,Washington County; Georgia,16293,7729,7696,7380,316,33,8564,7696,-888888888,7933,4091,4091,3897,1191,867,2598,1854,7077,6038,714,7,51,88,179,24.0,7380,2148,1280,1424,910,1618,7380,550,445,1092,13,303,59,702,718,41,311,268,1662,492,284,756,7380,5489,1605,286,0,7153,727,455,1115,964,1008,959,844,695,266,120,39350,57922,4895,59721,3131,18974,1535,25948,969,8872,73,3074,2023,4830,289,210,550,588,699,816,674,630,265,109,51085,70411,22460,2323,21026,29168,30555,42294,35000,18194,15916,9746,8695,2278,4662,188,10135,6743,6491,5367,5079,495,1124,252,97,28,69,155,3392,2590,1165,1727,802,-888888888,-888888888,-888888888,-888888888,-888888888,-888888888,-888888888,-888888888,-888888888,-888888888,-888888888,-888888888,-888888888,-888888888,-888888888,-888888888,-888888888,-888888888,-888888888
2021,Wayne County; Georgia,23650,11796,11741,11190,551,55,11854,11741,-888888888,11592,5362,5362,5133,1911,1388,4802,3337,10843,8914,1215,98,24,114,478,26.0,11190,2803,2373,2017,1751,2246,11190,180,1212,1591,13,305,103,1370,585,117,136,1049,2481,899,799,668,11190,8115,1989,1075,11,10845,870,784,1716,1230,1153,1961,1092,1192,631,216,45115,61727,7477,64434,4176,19712,2221,23957,911,9664,157,2046,2163,7252,378,191,792,765,898,1352,929,1138,611,198,59329,76040,23201,3593,17410,29640,29743,49454,42889,28165,23522,15201,11647,4643,7705,581,15889,10598,10065,7768,7019,930,2297,533,247,109,154,286,5291,3812,2026,2228,1479,-888888888,-888888888,-888888888,-888888888,-888888888,-888888888,-888888888,-888888888,-888888888,-888888888,-888888888,-888888888,-888888888,-888888888,-888888888,-888888888,-888888888,-888888888,-888888888
2021,Webster County; Georgia,1898,1006,1006,921,85,0,892,1006,-888888888,938,376,376,318,132,128,380,194,887,742,108,0,9,0,28,32.2,921,268,212,125,145,171,921,58,100,92,13,307,45,45,81,7,16,45,214,100,13,105,921,642,208,46,25,929,106,117,169,80,115,90,130,69,53,0,32083,49248,583,55896,354,17727,230,24824,32,7528,16,1219,204,558,53,36,60,39,67,55,126,69,53,0,52400,65681,20056,371,16764,22581,28344,38875,36964,2368,1864,1267,1012,504,532,72,1410,941,856,608,605,44,248,85,4,4,0,81,469,366,221,272,103,-888888888,-888888888,-888888888,-888888888,-888888888,-888888888,-888888888,-888888888,-888888888,-888888888,-888888888,-888888888,-888888888,-888888888,-888888888,-888888888,-888888888,-888888888,-888888888
2021,Wheeler County; Georgia,6519,3096,3096,2933,163,0,3423,3096,-888888888,2072,576,576,565,363,226,717,432,2891,2604,99,0,17,18,153,31.3,2933,570,462,155,537,1209,2933,364,315,194,13,309,25,124,529,8,2,554,403,146,43,226,2933,2289,336,308,0,1526,209,211,262,188,126,255,148,98,6,23,26776,44738,806,57276,905,15791,271,15499,135,13482,27,596,257,882,33,34,125,134,114,188,138,93,6,17,53750,60444,17652,644,14483,22119,25726,26095,29821,7390,5563,2527,3416,1827,2095,52,4195,2407,2248,1025,924,110,1223,159,122,58,64,37,1788,1273,344,972,515,-888888888,-888888888,-888888888,-888888888,-888888888,-888888888,-888888888,-888888888,-888888888,-888888888,-888888888,-888888888,-888888888,-888888888,-888888888,-888888888,-888888888,-888888888,-888888888
2021,White County; Georgia,23180,12830,12807,12297,510,23,10350,12807,-888888888,11866,5754,5754,5564,1434,485,3410,2383,12175,10001,677,17,176,241,1063,28.6,12297,4084,2433,2663,1367,1750,12297,193,879,1427,13,311,330,1710,591,197,394,974,2847,1555,536,664,12297,9047,2202,1048,0,10251,380,300,904,913,1623,1509,2318,1512,472,320,64729,77503,7499,69097,4272,23753,2988,31550,396,8809,166,3314,992,7623,158,95,499,428,1333,1057,2013,1296,447,297,76730,86943,30415,2628,34536,47939,31432,51098,36478,27716,24071,18463,10918,3645,5832,420,15607,11338,10979,8986,8633,628,1993,359,241,225,113,118,4269,3174,1871,1529,1095,-888888888,-888888888,-888888888,-888888888,-888888888,-888888888,-888888888,-888888888,-888888888,-888888888,-888888888,-888888888,-888888888,-888888888,-888888888,-888888888,-888888888,-888888888,-888888888
2021,Whitfield County; Georgia,79458,49768,49761,46489,3272,7,29690,49761,-888888888,39927,22495,22495,20825,7493,5013,17733,13379,46046,38982,4693,27,406,454,1484,21.2,46489,11811,6099,8521,4430,15628,46489,645,2826,17777,13,313,792,3905,1691,439,1213,2827,7608,3743,2310,713,46489,40256,4584,1566,83,35258,1710,1315,3853,4471,5685,6530,4642,4349,1282,1421,52439,70819,27664,73302,10552,20401,4815,28247,1936,11666,579,4192,3220,25171,466,464,1863,2987,4208,5384,3642,3642,1219,1296,62773,81425,25322,10087,28496,40776,32194,39779,33146,102259,83872,60254,32762,18387,28248,2540,59940,45776,42877,33828,32914,1852,9049,2899,1499,1209,352,1400,14164,8976,5864,4015,5188,-888888888,-888888888,-888888888,-888888888,-888888888,-888888888,-888888888,-888888888,-888888888,-888888888,-888888888,-888888888,-888888888,-888888888,-888888888,-888888888,-888888888,-888888888,-888888888
2021,Wilcox County; Georgia,7292,2921,2920,2711,209,1,4371,2920,-888888888,2678,1133,1132,1049,540,316,979,650,2653,2258,189,4,30,106,66,29.1,2711,829,417,352,536,577,2711,235,233,419,13,315,33,332,218,19,78,152,551,33,94,314,2711,1883,624,187,17,2446,270,209,337,286,302,480,260,165,108,29,41406,53917,1583,58149,1009,18222,317,26905,112,8445,73,847,388,1661,90,69,149,228,215,419,219,159,91,22,55288,62144,16629,785,18192,34887,29003,38750,34732,6931,5698,3835,2883,1233,1868,161,3782,2633,2489,1854,1759,179,635,144,79,51,32,65,1149,778,417,478,371,-888888888,-888888888,-888888888,-888888888,-888888888,-888888888,-888888888,-888888888,-888888888,-888888888,-888888888,-888888888,-888888888,-888888888,-888888888,-888888888,-888888888,-888888888,-888888888
2021,Wilkes County; Georgia,7841,4226,4214,4118,96,12,3615,4214,-888888888,4084,2004,2004,1963,520,204,1155,799,4028,3407,419,5,52,36,109,26.5,4118,877,953,898,486,904,4118,110,278,694,13,317,54,558,170,51,224,275,912,280,228,284,4118,3067,662,340,49,3988,361,391,606,332,501,746,442,461,82,66,43859,61691,2660,59466,1783,17972,1063,32926,172,11531,55,3947,629,2373,176,94,217,236,305,479,369,371,60,66,56747,77791,27914,1615,22239,35814,28111,35902,31514,9565,8144,5369,4057,1421,2071,375,5291,3724,3650,2951,2772,250,699,74,36,30,14,38,1567,1265,786,666,302,-888888888,-888888888,-888888888,-888888888,-888888888,-888888888,-888888888,-888888888,-888888888,-888888888,-888888888,-888888888,-888888888,-888888888,-888888888,-888888888,-888888888,-888888888,-888888888
2021,Wilkinson County; Georgia,7070,3333,3333,3061,272,0,3737,3333,-888888888,3763,1634,1634,1490,578,321,1298,947,3022,2634,236,6,47,4,95,26.5,3061,679,575,614,449,744,3061,184,211,494,13,319,46,362,158,6,173,203,649,186,145,244,3061,2487,471,103,0,3206,389,324,514,387,376,503,296,272,70,75,34680,53681,1858,61329,1545,16854,836,21354,165,13158,51,2033,544,1921,184,95,222,189,249,364,238,253,68,59,51734,64772,23033,1285,22853,29992,28584,39962,34524,8857,7807,4766,4135,1050,2187,104,4974,3148,2918,2347,2236,195,571,230,183,59,124,47,1826,1500,694,991,326,-888888888,-888888888,-888888888,-888888888,-888888888,-888888888,-888888888,-888888888,-888888888,-888888888,-888888888,-888888888,-888888888,-888888888,-888888888,-888888888,-888888888,-888888888,-888888888
2021,Worth County; Georgia,16668,9344,9344,8711,633,0,7324,9344,-888888888,8746,4274,4274,3921,1119,869,2665,1973,8642,7219,730,31,54,314,294,27.7,8711,2391,1303,1538,1250,2229,8711,399,763,1138,13,321,454,1018,588,110,325,705,2015,424,417,355,8711,7106,1033,571,1,7806,517,476,647,1089,842,1377,1265,1060,370,163,54791,68105,5571,68702,2822,20671,1485,35076,378,10018,180,3626,1370,5633,286,161,460,708,596,942,1085,936,301,158,66044,76533,26819,2173,29202,43465,33788,44045,41662,20676,17426,11176,8479,3250,4758,291,11983,8670,8094,6413,6006,537,1681,576,195,146,58,381,3313,2418,1420,1129,895,-888888888,-888888888,-888888888,-888888888,-888888888,-888888888,-888888888,-888888888,-888888888,-888888888,-888888888,-888888888,-888888888,-888888888,-888888888,-888888888,-888888888,-888888888,-888888888
