year,county_name,employment_status_population_16_years_and_over,employment_status_population_16_years_and_over_in_,employment_status_population_16_years_and_over_in_,employment_status_population_16_years_and_over_in_,employment_status_population_16_years_and_over_in_,employment_status_population_16_years_and_over_in_,employment_status_population_16_years_and_over_not,employment_status_civilian_labor_force,employment_status_civilian_labor_force_unemploymen,employment_status_females_16_years_and_over,employment_status_females_16_years_and_over_in_lab,employment_status_females_16_years_and_over_in_lab,employment_status_females_16_years_and_over_in_lab,employment_status_own_children_of_the_householder_,employment_status_own_children_of_the_householder_,employment_status_own_children_of_the_householder_,employment_status_own_children_of_the_householder_,commuting_to_work_workers_16_years_and_over,commuting_to_work_workers_16_years_and_over_car_tr,commuting_to_work_workers_16_years_and_over_car_tr,commuting_to_work_workers_16_years_and_over_public,commuting_to_work_workers_16_years_and_over_walked,commuting_to_work_workers_16_years_and_over_other_,commuting_to_work_workers_16_years_and_over_worked,commuting_to_work_workers_16_years_and_over_mean_t,occupation_civilian_employed_population_16_years_a,occupation_civilian_employed_population_16_years_a,occupation_civilian_employed_population_16_years_a,occupation_civilian_employed_population_16_years_a,occupation_civilian_employed_population_16_years_a,occupation_civilian_employed_population_16_years_a,industry_civilian_employed_population_16_years_and,industry_civilian_employed_population_16_years_and,industry_civilian_employed_population_16_years_and,industry_civilian_employed_population_16_years_and,state_fips,county_fips,industry_civilian_employed_population_16_years_and,industry_civilian_employed_population_16_years_and,industry_civilian_employed_population_16_years_and,industry_civilian_employed_population_16_years_and,industry_civilian_employed_population_16_years_and,industry_civilian_employed_population_16_years_and,industry_civilian_employed_population_16_years_and,industry_civilian_employed_population_16_years_and,industry_civilian_employed_population_16_years_and,industry_civilian_employed_population_16_years_and,class_of_worker_civilian_employed_population_16_ye,class_of_worker_civilian_employed_population_16_ye,class_of_worker_civilian_employed_population_16_ye,class_of_worker_civilian_employed_population_16_ye,class_of_worker_civilian_employed_population_16_ye,income_and_benefits_in_2021_inflation_adjusted_dol,income_and_benefits_in_2021_inflation_adjusted_dol,income_and_benefits_in_2021_inflation_adjusted_dol,income_and_benefits_in_2021_inflation_adjusted_dol,income_and_benefits_in_2021_inflation_adjusted_dol,income_and_benefits_in_2021_inflation_adjusted_dol,income_and_benefits_in_2021_inflation_adjusted_dol,income_and_benefits_in_2021_inflation_adjusted_dol,income_and_benefits_in_2021_inflation_adjusted_dol,income_and_benefits_in_2021_inflation_adjusted_dol,income_and_benefits_in_2021_inflation_adjusted_dol,income_and_benefits_in_2021_inflation_adjusted_dol,income_and_benefits_in_2021_inflation_adjusted_dol,income_and_benefits_in_2021_inflation_adjusted_dol,income_and_benefits_in_2021_inflation_adjusted_dol,income_and_benefits_in_2021_inflation_adjusted_dol,income_and_benefits_in_2021_inflation_adjusted_dol,income_and_benefits_in_2021_inflation_adjusted_dol,income_and_benefits_in_2021_inflation_adjusted_dol,income_and_benefits_in_2021_inflation_adjusted_dol,income_and_benefits_in_2021_inflation_adjusted_dol,income_and_benefits_in_2021_inflation_adjusted_dol,income_and_benefits_in_2021_inflation_adjusted_dol,income_and_benefits_in_2021_inflation_adjusted_dol,income_and_benefits_in_2021_inflation_adjusted_dol,income_and_benefits_in_2021_inflation_adjusted_dol,income_and_benefits_in_2021_inflation_adjusted_dol,income_and_benefits_in_2021_inflation_adjusted_dol,income_and_benefits_in_2021_inflation_adjusted_dol,income_and_benefits_in_2021_inflation_adjusted_dol,income_and_benefits_in_2021_inflation_adjusted_dol,income_and_benefits_in_2021_inflation_adjusted_dol,income_and_benefits_in_2021_inflation_adjusted_dol,income_and_benefits_in_2021_inflation_adjusted_dol,income_and_benefits_in_2021_inflation_adjusted_dol,income_and_benefits_in_2021_inflation_adjusted_dol,income_and_benefits_in_2021_inflation_adjusted_dol,income_and_benefits_in_2021_inflation_adjusted_dol,income_and_benefits_in_2021_inflation_adjusted_dol,income_and_benefits_in_2021_inflation_adjusted_dol,income_and_benefits_in_2021_inflation_adjusted_dol,income_and_benefits_in_2021_inflation_adjusted_dol,income_and_benefits_in_2021_inflation_adjusted_dol,income_and_benefits_in_2021_inflation_adjusted_dol,health_insurance_coverage_civilian_noninstitutiona,health_insurance_coverage_civilian_noninstitutiona,health_insurance_coverage_civilian_noninstitutiona,health_insurance_coverage_civilian_noninstitutiona,health_insurance_coverage_civilian_noninstitutiona,health_insurance_coverage_civilian_noninstitutiona,health_insurance_coverage_civilian_noninstitutiona,health_insurance_coverage_civilian_noninstitutiona,health_insurance_coverage_civilian_noninstitutiona,health_insurance_coverage_civilian_noninstitutiona,health_insurance_coverage_civilian_noninstitutiona,health_insurance_coverage_civilian_noninstitutiona,health_insurance_coverage_civilian_noninstitutiona,health_insurance_coverage_civilian_noninstitutiona,health_insurance_coverage_civilian_noninstitutiona,health_insurance_coverage_civilian_noninstitutiona,health_insurance_coverage_civilian_noninstitutiona,health_insurance_coverage_civilian_noninstitutiona,health_insurance_coverage_civilian_noninstitutiona,health_insurance_coverage_civilian_noninstitutiona,health_insurance_coverage_civilian_noninstitutiona,health_insurance_coverage_civilian_noninstitutiona,health_insurance_coverage_civilian_noninstitutiona,health_insurance_coverage_civilian_noninstitutiona,percentage_of_families_and_people_whose_income_in_,percentage_of_families_and_people_whose_income_in_,percentage_of_families_and_people_whose_income_in_,percentage_of_families_and_people_whose_income_in_,percentage_of_families_and_people_whose_income_in_,percentage_of_families_and_people_whose_income_in_,percentage_of_families_and_people_whose_income_in_,percentage_of_families_and_people_whose_income_in_,percentage_of_families_and_people_whose_income_in_,percentage_of_families_and_people_whose_income_in_,percentage_of_families_and_people_whose_income_in_,percentage_of_families_and_people_whose_income_in_,percentage_of_families_and_people_whose_income_in_,percentage_of_families_and_people_whose_income_in_,percentage_of_families_and_people_whose_income_in_,percentage_of_families_and_people_whose_income_in_,percentage_of_families_and_people_whose_income_in_,percentage_of_families_and_people_whose_income_in_,percentage_of_families_and_people_whose_income_in_
2021,Adair County; Kentucky,15569,8191,8191,7640,551,0,7378,8191,-888888888,7841,3743,3743,3389,1022,578,2386,1418,7374,5994,494,0,215,37,634,25.6,7640,2410,1031,1508,834,1857,7640,161,468,1230,21,001,61,1193,613,37,259,418,2022,492,333,353,7640,5894,1239,493,14,6890,524,568,962,520,1089,1484,734,742,130,137,46652,60663,4511,65557,3010,18560,1777,23637,667,9221,141,1071,1019,4681,201,167,567,461,607,1097,638,694,116,133,55533,73010,23649,2209,21778,32233,26463,36946,34466,18572,17457,10507,9313,1115,4179,195,11008,7352,6884,6188,5088,1403,696,468,438,255,192,30,3656,3479,1594,2169,177,-888888888,-888888888,-888888888,-888888888,-888888888,-888888888,-888888888,-888888888,-888888888,-888888888,-888888888,-888888888,-888888888,-888888888,-888888888,-888888888,-888888888,-888888888,-888888888
2021,Allen County; Kentucky,16244,9342,9315,8610,705,27,6902,9315,-888888888,8241,4204,4204,3967,1504,900,3073,2279,8459,6684,784,50,186,32,723,26.6,8610,2606,1248,1758,962,2036,8610,341,573,1680,21,003,108,1088,818,59,455,464,1674,855,242,253,8610,6753,1134,690,33,7629,700,259,1023,936,984,1271,1214,811,279,152,47495,63024,5715,61038,3151,19094,1976,18970,437,8838,148,2997,769,5476,345,162,502,582,578,1080,1042,778,255,152,65347,74214,24818,2153,24896,31114,31919,45194,35496,20411,18739,12185,9606,1672,5024,465,11894,8479,7815,7250,6396,1174,565,664,431,59,381,233,3415,3006,1057,2208,409,-888888888,-888888888,-888888888,-888888888,-888888888,-888888888,-888888888,-888888888,-888888888,-888888888,-888888888,-888888888,-888888888,-888888888,-888888888,-888888888,-888888888,-888888888,-888888888
2021,Anderson County; Kentucky,18662,11388,11388,10812,576,0,7274,11388,-888888888,9468,5557,5557,5315,1904,1371,3308,2277,10765,8819,911,7,90,108,830,27.4,10812,4077,1379,2194,1196,1966,10812,216,678,1612,21,005,85,1151,557,194,536,601,2623,562,759,1238,10812,7451,2735,591,35,9063,368,376,861,814,1384,1642,1147,1613,469,389,59887,77985,6749,75379,3129,20472,2892,31805,526,9477,211,2201,735,6209,118,284,343,430,784,1049,965,1413,453,370,78773,92987,30294,2854,33527,41671,37482,57727,43899,23557,22819,16756,9482,738,5858,84,14013,10391,9953,9563,8804,1018,390,438,326,92,234,112,3622,3475,1431,2302,147,-888888888,-888888888,-888888888,-888888888,-888888888,-888888888,-888888888,-888888888,-888888888,-888888888,-888888888,-888888888,-888888888,-888888888,-888888888,-888888888,-888888888,-888888888,-888888888
2021,Ballard County; Kentucky,6410,3436,3431,3242,189,5,2974,3431,-888888888,3173,1536,1536,1437,427,252,1099,639,3206,2939,106,3,45,25,88,22.0,3242,949,468,792,463,570,3242,83,378,336,21,007,71,388,364,12,113,297,707,212,180,101,3242,2617,404,212,9,2945,180,171,272,340,470,592,233,369,145,173,52695,74513,1964,73563,1240,20757,839,26398,210,12921,32,1069,339,2083,110,75,119,191,349,391,226,312,137,173,62401,88655,29639,862,31125,37907,32810,51045,36735,7700,7318,4646,3793,382,1698,33,4392,3059,2907,2689,2230,477,218,152,104,59,54,48,1333,1256,584,819,77,-888888888,-888888888,-888888888,-888888888,-888888888,-888888888,-888888888,-888888888,-888888888,-888888888,-888888888,-888888888,-888888888,-888888888,-888888888,-888888888,-888888888,-888888888,-888888888
2021,Barren County; Kentucky,35018,19463,19458,18211,1247,5,15555,19458,-888888888,18279,9199,9199,8470,2801,1752,6779,4089,17630,13968,1968,77,310,228,1079,23.1,18211,5530,2745,3576,2046,4314,18211,643,1063,4295,21,009,486,2106,836,236,596,1224,3788,1612,843,483,18211,14641,2170,1307,93,17307,1308,1443,1884,2031,2948,3059,2110,1553,578,393,44254,60462,12370,59161,6683,18496,4012,20912,1502,8745,430,4290,2554,11576,588,777,919,1342,1796,2371,1509,1399,505,370,52857,70518,24402,5731,30461,37528,28567,43924,33681,43665,39759,24275,20972,3906,10964,1221,25343,17360,16182,14725,12707,2599,1457,1178,905,139,783,273,7983,7045,2603,4854,938,-888888888,-888888888,-888888888,-888888888,-888888888,-888888888,-888888888,-888888888,-888888888,-888888888,-888888888,-888888888,-888888888,-888888888,-888888888,-888888888,-888888888,-888888888,-888888888
2021,Bath County; Kentucky,9727,4919,4919,4777,142,0,4808,4919,-888888888,4883,2169,2169,2092,982,543,1901,1094,4568,3777,518,0,111,2,160,27.2,4777,1230,835,1001,354,1357,4777,162,272,987,21,011,71,673,271,114,127,403,983,429,99,186,4777,3606,833,338,0,4756,332,453,599,454,674,857,495,602,187,103,46375,71972,3258,60365,1859,19182,1224,33376,542,9686,43,3088,959,3394,139,254,312,224,513,795,357,556,152,92,54819,85515,24942,1362,22473,34654,32557,42544,40279,12622,11737,6704,6894,885,3363,343,7204,4574,4434,4081,3272,988,353,140,115,23,92,25,2630,2466,804,1973,164,-888888888,-888888888,-888888888,-888888888,-888888888,-888888888,-888888888,-888888888,-888888888,-888888888,-888888888,-888888888,-888888888,-888888888,-888888888,-888888888,-888888888,-888888888,-888888888
2021,Bell County; Kentucky,20053,7953,7953,7223,730,0,12100,7953,-888888888,10159,3776,3776,3655,1491,918,2832,1440,6887,5217,1016,5,340,49,260,23.6,7223,1664,1645,1570,680,1664,7223,484,245,956,21,013,103,1010,475,54,149,364,1873,585,332,593,7223,5460,1291,472,0,9483,1358,1040,1471,1330,1329,1550,745,456,126,78,32123,43220,5241,44178,4698,17533,2153,23201,1302,11056,798,3377,2360,6219,512,474,794,870,979,1333,674,398,126,59,42288,51109,17542,3264,16386,27098,22063,34815,29693,24065,22695,9754,16151,1370,5673,182,14007,7207,6494,6029,4365,1935,465,713,576,61,526,137,6800,6214,1279,5354,586,-888888888,-888888888,-888888888,-888888888,-888888888,-888888888,-888888888,-888888888,-888888888,-888888888,-888888888,-888888888,-888888888,-888888888,-888888888,-888888888,-888888888,-888888888,-888888888
2021,Boone County; Kentucky,103369,71691,71620,69155,2465,71,31678,71620,-888888888,52542,33781,33781,32678,10269,7435,23259,17903,68104,54769,5167,359,279,1019,6511,24.4,69155,27431,9182,15218,5384,11940,69155,476,4302,9685,21,015,2678,8337,5972,993,5275,7472,13602,4982,3068,2313,69155,59412,7052,2405,286,48683,865,903,2502,3333,5354,8436,6993,11052,4687,4558,87034,103177,40420,100792,14160,22945,12496,27671,1794,10897,893,4010,2598,35029,361,411,943,1588,3013,5389,5454,9809,4205,3856,101271,116414,38292,13654,45582,62344,43037,62608,47543,133812,126846,104157,38728,6966,36696,1938,79164,65577,63344,60091,56915,5182,3253,2233,1763,1099,713,470,13587,12334,8306,5346,1253,-888888888,-888888888,-888888888,-888888888,-888888888,-888888888,-888888888,-888888888,-888888888,-888888888,-888888888,-888888888,-888888888,-888888888,-888888888,-888888888,-888888888,-888888888,-888888888
2021,Bourbon County; Kentucky,16132,9745,9745,9248,497,0,6387,9745,-888888888,8473,4666,4666,4438,1298,1063,2826,1931,9156,7057,984,25,157,187,746,23.6,9248,3400,1788,1792,947,1321,9248,846,723,1276,21,017,208,1151,442,98,257,683,2078,633,403,450,9248,7309,1160,766,13,8135,666,421,742,860,1192,1084,1090,1368,383,329,53277,75239,5975,79297,2862,19608,1991,22064,712,10222,123,2665,912,5279,173,175,317,463,816,828,786,1184,232,305,69583,89137,29783,2856,30670,44998,34878,48979,43460,20094,19346,13577,8673,748,4867,109,11530,8575,8170,7737,6807,1295,433,405,354,128,247,51,2955,2809,1258,1730,146,-888888888,-888888888,-888888888,-888888888,-888888888,-888888888,-888888888,-888888888,-888888888,-888888888,-888888888,-888888888,-888888888,-888888888,-888888888,-888888888,-888888888,-888888888,-888888888
2021,Boyd County; Kentucky,38968,20377,20377,18640,1737,0,18591,20377,-888888888,19488,9663,9663,8899,3057,2005,6189,4122,18268,15516,1804,3,232,131,582,22.9,18640,7345,2663,4480,1671,2481,18640,325,969,1627,21,019,355,2546,998,373,842,1340,5468,1978,982,837,18640,14759,2779,1065,37,18281,1713,1218,1526,2148,1939,3468,2426,2666,521,656,53077,68567,12317,69107,7850,21890,5616,24085,1700,8933,432,4070,3309,12006,623,412,601,1255,1216,2673,1871,2253,488,614,66778,81262,27596,6275,27135,42032,31347,48483,38507,46919,44220,27651,24921,2699,10912,194,26931,18335,16726,15314,12848,3334,1412,1609,1156,323,856,453,8596,7956,3500,5847,640,-888888888,-888888888,-888888888,-888888888,-888888888,-888888888,-888888888,-888888888,-888888888,-888888888,-888888888,-888888888,-888888888,-888888888,-888888888,-888888888,-888888888,-888888888,-888888888
2021,Boyle County; Kentucky,25039,13777,13748,12896,852,29,11262,13748,-888888888,12647,6827,6813,6369,1827,1158,3767,3103,12382,9720,1220,48,390,100,904,21.8,12896,4493,1874,2771,1056,2702,12896,241,558,2366,21,021,223,1982,654,308,428,708,3583,903,427,515,12896,10366,1772,756,2,11612,768,947,1238,867,1584,2064,1475,1695,594,380,54234,71061,8260,71868,4327,20322,2951,24797,707,9287,194,2618,1222,7547,279,182,653,575,1065,1379,1199,1428,498,289,66714,84307,27797,4065,27267,42044,31548,50693,37324,29098,27355,19250,12925,1743,6778,115,16861,12257,11476,10523,9426,1764,953,781,687,263,446,94,4604,4023,2076,2339,581,-888888888,-888888888,-888888888,-888888888,-888888888,-888888888,-888888888,-888888888,-888888888,-888888888,-888888888,-888888888,-888888888,-888888888,-888888888,-888888888,-888888888,-888888888,-888888888
2021,Bracken County; Kentucky,6563,3880,3880,3700,180,0,2683,3880,-888888888,3269,1686,1686,1530,575,416,1154,810,3591,2861,520,8,68,44,90,34.9,3700,1048,517,683,521,931,3700,86,451,774,21,023,123,431,332,71,136,180,645,191,140,140,3700,2970,486,227,17,3124,234,128,294,329,369,545,424,582,153,66,63277,72562,2299,75000,1328,18727,785,17518,232,8606,86,4179,398,2177,144,34,219,181,220,326,396,508,109,40,73415,79436,26635,947,43250,53035,36155,55060,40019,8367,8045,5562,3807,322,2125,23,4870,3456,3297,3099,2805,371,198,159,142,12,130,17,1414,1340,547,974,74,-888888888,-888888888,-888888888,-888888888,-888888888,-888888888,-888888888,-888888888,-888888888,-888888888,-888888888,-888888888,-888888888,-888888888,-888888888,-888888888,-888888888,-888888888,-888888888
2021,Breathitt County; Kentucky,11117,4842,4842,4387,455,0,6275,4842,-888888888,5569,2384,2384,2177,838,362,1468,880,4301,3461,523,0,170,48,99,30.7,4387,1688,736,774,581,608,4387,150,392,343,21,025,72,466,128,34,54,359,1557,325,213,294,4387,2917,1220,245,5,5506,809,656,826,634,570,840,581,449,67,74,32259,49166,3008,55786,2463,16959,1023,37957,1084,9396,218,2901,1744,3626,414,259,448,397,452,682,397,441,67,69,46733,59275,20654,1880,16597,26662,28526,45474,31332,13537,13062,5722,8834,475,2952,14,8299,4576,4179,3872,2984,1017,307,397,397,45,366,0,3723,3569,825,2993,154,-888888888,-888888888,-888888888,-888888888,-888888888,-888888888,-888888888,-888888888,-888888888,-888888888,-888888888,-888888888,-888888888,-888888888,-888888888,-888888888,-888888888,-888888888,-888888888
2021,Breckinridge County; Kentucky,16262,8570,8561,7899,662,9,7692,8561,-888888888,8199,4013,4013,3680,1181,735,2976,2271,7654,6144,931,44,98,187,250,33.8,7899,2054,1075,1689,874,2207,7899,220,518,2220,21,027,151,1079,368,54,272,279,1735,466,271,266,7899,6230,1207,414,48,7532,539,539,819,798,1077,1399,872,955,332,202,49919,65695,4837,71116,3015,19089,1927,27929,828,10674,86,2857,994,4907,237,171,289,518,719,915,705,862,307,184,65917,78230,25775,2625,26420,39211,33117,52835,36811,20087,19024,12408,10064,1063,4888,133,11395,7844,7291,6749,5736,1213,542,553,354,97,257,199,3551,3371,1378,2355,180,-888888888,-888888888,-888888888,-888888888,-888888888,-888888888,-888888888,-888888888,-888888888,-888888888,-888888888,-888888888,-888888888,-888888888,-888888888,-888888888,-888888888,-888888888,-888888888
2021,Bullitt County; Kentucky,66459,42897,42852,40829,2023,45,23562,42852,-888888888,33552,20271,20239,19291,4640,3793,11892,9285,39852,33672,3245,39,300,420,2176,28.3,40829,12383,4930,9342,4410,9764,40829,214,3239,5779,21,029,1199,5267,4810,622,2571,3659,8068,2400,1493,1508,40829,34774,4744,1236,75,30485,1262,1099,2358,2264,3735,6158,4756,5521,2281,1051,67892,80413,23982,81203,10552,20802,7934,21239,1753,10541,600,2749,2113,22653,506,646,1228,1451,2248,4680,3892,5038,1976,988,78763,89606,31194,7832,37018,45237,38013,54301,41184,81329,78513,60647,29914,2816,18809,244,49660,39592,37889,36351,33035,4727,1538,1703,1378,747,771,325,10068,9363,5198,5169,705,-888888888,-888888888,-888888888,-888888888,-888888888,-888888888,-888888888,-888888888,-888888888,-888888888,-888888888,-888888888,-888888888,-888888888,-888888888,-888888888,-888888888,-888888888,-888888888
2021,Butler County; Kentucky,9894,5221,5221,4933,288,0,4673,5221,-888888888,4919,2454,2454,2307,764,497,1602,1066,4805,3977,616,21,45,17,129,29.0,4933,1361,546,1118,701,1207,4933,141,513,974,21,031,218,245,555,84,125,153,1331,187,196,211,4933,3452,1005,464,12,4403,462,311,438,543,535,822,557,499,171,65,48355,58784,2764,66742,1793,18991,1231,19504,348,7743,63,1110,669,3127,154,99,261,360,343,747,541,391,166,65,62040,69820,23343,1276,22500,29498,31013,49489,33404,12225,11038,6810,6083,1187,3061,249,6995,4817,4541,3978,3333,734,563,276,221,30,195,55,2178,1862,729,1320,316,-888888888,-888888888,-888888888,-888888888,-888888888,-888888888,-888888888,-888888888,-888888888,-888888888,-888888888,-888888888,-888888888,-888888888,-888888888,-888888888,-888888888,-888888888,-888888888
2021,Caldwell County; Kentucky,10120,5770,5770,5476,294,0,4350,5770,-888888888,5220,2770,2770,2669,838,650,1936,1293,5311,4493,382,1,80,46,309,24.4,5476,1718,972,1018,581,1187,5476,317,174,1157,21,033,124,514,321,38,117,467,1184,629,166,268,5476,4219,901,299,57,5259,366,323,659,617,778,695,770,620,234,197,48280,70179,3602,71478,2142,22374,1401,19046,249,10004,46,4293,839,3571,226,53,309,420,415,541,704,551,164,188,66833,81940,29902,1688,26423,44050,35266,46481,38569,12538,11338,7938,5324,1200,3108,141,6833,5150,4895,4206,3625,640,689,255,171,83,113,84,1683,1397,677,891,286,-888888888,-888888888,-888888888,-888888888,-888888888,-888888888,-888888888,-888888888,-888888888,-888888888,-888888888,-888888888,-888888888,-888888888,-888888888,-888888888,-888888888,-888888888,-888888888
2021,Calloway County; Kentucky,31370,18658,18658,17807,851,0,12712,18658,-888888888,16210,9500,9500,9114,2014,1361,4405,3156,17518,13516,1398,15,1696,169,724,16.3,17807,5967,3805,3858,1473,2704,17807,470,1117,1938,21,035,324,2047,798,129,940,988,5606,2090,871,489,17807,13348,3314,1102,43,14621,1376,980,1691,1917,1875,2235,2036,1466,546,499,44534,62766,10476,65156,5155,18027,3614,23154,985,10669,228,2041,1467,8752,363,277,534,998,1003,1617,1807,1326,447,380,69335,79650,25278,5869,25155,36025,25765,44331,34722,36995,34551,24871,15106,2444,7940,446,22869,16895,16117,15053,13196,2385,1064,778,590,290,321,188,5974,5228,2913,2851,746,-888888888,-888888888,-888888888,-888888888,-888888888,-888888888,-888888888,-888888888,-888888888,-888888888,-888888888,-888888888,-888888888,-888888888,-888888888,-888888888,-888888888,-888888888,-888888888
2021,Campbell County; Kentucky,75754,49565,49565,47542,2023,0,26189,49565,-888888888,38656,23853,23853,22920,5713,4141,12453,9239,46987,36308,3793,514,1280,503,4589,23.7,47542,21972,6552,9984,3312,5722,47542,154,3073,4964,21,037,1471,4568,2991,865,3991,6885,11252,3729,1664,1935,47542,40135,5619,1745,43,38030,2900,1692,2712,3297,4334,5950,4643,6217,3201,3084,65580,91974,29302,94314,11844,18809,8444,28216,1953,9556,578,3926,2452,23123,688,575,813,1484,2016,3772,3335,4849,2860,2731,92310,115855,38404,14907,35884,52319,40051,61856,49019,91679,88154,69776,28771,3525,20761,268,56462,45479,43885,41832,39084,3989,2053,1594,1133,719,462,461,10983,10298,6154,4866,685,-888888888,-888888888,-888888888,-888888888,-888888888,-888888888,-888888888,-888888888,-888888888,-888888888,-888888888,-888888888,-888888888,-888888888,-888888888,-888888888,-888888888,-888888888,-888888888
2021,Carlisle County; Kentucky,3802,1861,1849,1792,57,12,1941,1849,-888888888,1949,834,834,818,350,194,697,432,1775,1495,194,8,2,25,51,26.7,1792,492,342,354,208,396,1792,64,221,269,21,039,90,164,95,32,79,138,441,83,65,51,1792,1482,222,83,5,1795,113,158,236,219,282,267,231,190,40,59,42386,69442,1141,73821,809,19319,526,21539,92,9362,28,3625,209,1241,76,62,131,122,168,211,205,167,40,59,56875,84570,26414,554,26786,33129,29641,44625,30893,4759,4409,2318,2730,350,1182,45,2646,1696,1641,1438,1093,393,203,55,30,2,28,25,950,873,316,607,77,-888888888,-888888888,-888888888,-888888888,-888888888,-888888888,-888888888,-888888888,-888888888,-888888888,-888888888,-888888888,-888888888,-888888888,-888888888,-888888888,-888888888,-888888888,-888888888
2021,Carroll County; Kentucky,8258,5033,5007,4619,388,26,3225,5007,-888888888,4071,2307,2281,2201,886,731,1610,1232,4619,3878,346,0,143,108,144,21.9,4619,758,935,1036,648,1242,4619,32,298,1062,21,041,386,461,294,26,194,267,673,592,154,180,4619,3855,520,243,1,4141,262,338,668,473,477,536,446,573,162,206,42433,66946,3104,68103,1351,19106,854,27502,431,10214,50,3984,544,2717,191,176,299,245,366,292,344,510,137,157,52369,76718,26914,1424,26071,43266,31037,63610,31159,10527,9520,5876,4574,1007,2894,158,6025,4642,4269,3741,3220,648,528,373,196,179,17,177,1383,1258,404,933,125,-888888888,-888888888,-888888888,-888888888,-888888888,-888888888,-888888888,-888888888,-888888888,-888888888,-888888888,-888888888,-888888888,-888888888,-888888888,-888888888,-888888888,-888888888,-888888888
2021,Carter County; Kentucky,21207,9199,9185,8705,480,14,12008,9185,-888888888,10870,4314,4314,4250,1894,814,3491,1477,8412,6687,1134,0,271,71,249,30.7,8705,2564,1855,1639,881,1766,8705,268,832,638,21,043,83,1116,914,103,310,382,2370,869,363,457,8705,6570,1717,409,9,9483,1444,641,1462,885,1133,1497,1014,991,244,172,40092,57755,5242,68760,4020,18993,2667,23836,896,10582,223,1605,2066,6444,741,244,902,518,717,1227,882,801,254,158,52273,69758,21141,3039,20597,30142,23562,42209,33855,26520,24005,13016,14408,2515,6649,806,14902,8467,8018,7156,5809,1732,862,449,367,194,178,82,6435,5739,2107,4186,696,-888888888,-888888888,-888888888,-888888888,-888888888,-888888888,-888888888,-888888888,-888888888,-888888888,-888888888,-888888888,-888888888,-888888888,-888888888,-888888888,-888888888,-888888888,-888888888
2021,Casey County; Kentucky,12661,6073,6070,5480,590,3,6588,6070,-888888888,6589,2790,2790,2605,1026,670,2043,1341,5341,4117,686,42,86,56,354,31.5,5480,1607,924,1046,881,1022,5480,347,434,1072,21,045,144,380,423,117,246,164,1413,337,258,145,5480,4098,774,510,98,5856,674,550,754,773,982,762,541,615,130,75,37694,52149,3862,52625,2466,18020,1373,19524,601,9327,48,792,1068,3849,223,233,329,666,661,601,506,477,94,59,42412,60732,20189,2007,20072,32090,24863,41447,32550,15528,13783,7167,8644,1745,3866,567,8520,5495,4971,4336,3359,1119,635,524,343,128,222,181,3025,2663,625,2161,362,-888888888,-888888888,-888888888,-888888888,-888888888,-888888888,-888888888,-888888888,-888888888,-888888888,-888888888,-888888888,-888888888,-888888888,-888888888,-888888888,-888888888,-888888888,-888888888
2021,Christian County; Kentucky,54362,32966,25519,23515,2004,7447,21396,25519,-888888888,25097,12574,12101,11054,7364,3391,11434,7238,30471,23326,2517,123,3044,579,882,17.9,23515,6502,4333,4984,2557,5139,23515,723,1224,4830,21,047,535,2835,960,318,691,2693,4459,1747,979,1521,23515,18023,3708,1704,80,25552,2417,1731,2405,3457,3772,4991,2882,2577,595,725,45913,64296,18950,66555,7658,18582,5458,24324,2013,8547,809,3635,3705,16988,928,549,1179,2440,2639,3621,2164,2243,575,650,54270,77262,25198,8564,26401,36474,31645,37172,35591,63247,57963,38880,27525,5284,20439,1757,34344,23371,21579,19391,16176,4220,2188,1792,1372,598,883,420,10973,10103,5403,5651,870,-888888888,-888888888,-888888888,-888888888,-888888888,-888888888,-888888888,-888888888,-888888888,-888888888,-888888888,-888888888,-888888888,-888888888,-888888888,-888888888,-888888888,-888888888,-888888888
2021,Clark County; Kentucky,29253,17651,17651,16845,806,0,11602,17651,-888888888,15247,8192,8192,7779,2320,1848,4772,3499,16624,13724,1340,8,259,261,1032,25.8,16845,5865,2290,3978,1720,2992,16845,179,1421,2760,21,049,534,2175,928,112,748,1494,4010,1024,592,868,16845,13737,2390,713,5,14836,848,673,1526,1373,1758,2817,2211,2256,790,584,59294,80725,11103,81291,5623,19760,3864,25265,1074,9967,261,2656,1944,10158,318,255,675,778,1041,1977,2028,1937,672,477,75444,89965,33205,4678,30404,54090,33994,50790,39850,36377,34740,23479,16795,1637,8659,216,21330,16082,15395,14571,12644,2570,824,687,549,266,374,138,5248,4789,2112,3159,459,-888888888,-888888888,-888888888,-888888888,-888888888,-888888888,-888888888,-888888888,-888888888,-888888888,-888888888,-888888888,-888888888,-888888888,-888888888,-888888888,-888888888,-888888888,-888888888
2021,Clay County; Kentucky,16573,6112,6112,5486,626,0,10461,6112,-888888888,7818,2739,2739,2585,1314,605,2147,953,5407,4093,794,0,50,87,383,29.3,5486,1578,1111,1129,769,899,5486,81,418,505,21,051,125,831,267,164,269,219,1312,473,454,368,5486,3991,1087,338,70,7015,1081,642,1062,857,962,1203,551,558,40,59,33399,45279,3897,50059,3389,16872,1770,21281,1465,9642,211,4418,2500,5113,565,303,749,603,821,954,516,523,20,59,40230,51029,16624,1902,16101,24687,25354,34525,32500,19297,18237,6911,13370,1060,4531,199,11628,5702,5180,4754,3260,1642,426,522,495,60,435,27,5926,5531,874,4973,395,-888888888,-888888888,-888888888,-888888888,-888888888,-888888888,-888888888,-888888888,-888888888,-888888888,-888888888,-888888888,-888888888,-888888888,-888888888,-888888888,-888888888,-888888888,-888888888
2021,Clinton County; Kentucky,7648,3803,3803,3629,174,0,3845,3803,-888888888,3795,1824,1824,1719,552,358,1232,844,3564,3079,299,1,15,25,145,19.3,3629,978,702,809,380,760,3629,214,244,858,21,053,89,357,104,43,146,225,818,363,44,124,3629,2760,605,259,5,3791,339,318,556,680,712,468,214,367,61,76,35042,52592,2425,57928,1672,16277,785,20378,571,10479,93,1811,904,2360,177,83,247,347,506,363,207,307,55,68,43938,62194,21911,1431,22113,33769,25287,30813,27010,9215,8603,4353,5622,612,2113,67,5310,3359,3194,2870,2148,861,324,165,127,63,64,38,1951,1768,478,1401,183,-888888888,-888888888,-888888888,-888888888,-888888888,-888888888,-888888888,-888888888,-888888888,-888888888,-888888888,-888888888,-888888888,-888888888,-888888888,-888888888,-888888888,-888888888,-888888888
2021,Crittenden County; Kentucky,7184,3574,3574,3463,111,0,3610,3574,-888888888,3555,1475,1475,1475,584,275,1228,770,3356,2474,549,0,168,0,165,27.0,3463,869,659,600,623,712,3463,340,371,610,21,055,38,360,146,10,116,206,644,222,206,194,3463,2845,432,182,4,3452,224,194,515,475,381,513,557,421,80,92,45000,63787,2385,64311,1563,19068,968,25058,279,9366,32,7391,463,2191,83,21,187,286,244,347,475,427,66,55,71688,77647,25939,1261,23771,36482,32345,53661,30754,8763,7840,5096,4071,923,2065,336,4962,3227,3123,2804,2519,355,319,104,59,25,34,45,1735,1539,552,1145,196,-888888888,-888888888,-888888888,-888888888,-888888888,-888888888,-888888888,-888888888,-888888888,-888888888,-888888888,-888888888,-888888888,-888888888,-888888888,-888888888,-888888888,-888888888,-888888888
2021,Cumberland County; Kentucky,4842,2485,2485,2390,95,0,2357,2485,-888888888,2521,1220,1220,1176,523,488,696,544,2170,1732,202,11,59,0,166,19.7,2390,645,371,385,392,597,2390,106,143,472,21,057,0,418,155,18,145,175,564,90,92,12,2390,1845,223,322,0,2451,450,245,248,307,319,364,152,316,26,24,34563,47686,1393,57772,966,16625,514,19167,232,8458,34,2685,448,1371,139,53,179,145,158,258,118,286,19,16,50330,61389,20992,1080,17434,27571,26571,39792,31027,5949,5300,2902,3274,649,1314,110,3416,2266,2171,1761,1189,636,410,95,62,22,40,33,1150,1100,432,746,50,-888888888,-888888888,-888888888,-888888888,-888888888,-888888888,-888888888,-888888888,-888888888,-888888888,-888888888,-888888888,-888888888,-888888888,-888888888,-888888888,-888888888,-888888888,-888888888
2021,Daviess County; Kentucky,79747,49227,49188,47114,2074,39,30520,49188,-888888888,40977,23744,23730,22713,7999,5482,15845,11608,46315,39642,3709,145,611,389,1819,19.7,47114,15447,7799,10493,3877,9498,47114,936,2530,8213,21,059,1255,4993,2550,456,3394,3705,11620,3460,2473,1529,47114,38898,6062,2114,40,40603,3002,1670,3549,3712,5669,7530,5461,6081,2120,1809,57660,78267,29379,81320,14190,19855,9999,22641,2592,9962,732,3387,4243,26972,1597,590,1464,1903,3238,5045,4306,5386,1943,1500,73490,90800,31501,13631,34774,48925,34543,52230,39796,100665,95624,68352,41300,5041,26366,1118,57498,44642,42895,40411,35818,6009,2484,1747,1459,852,684,288,12856,11787,5797,6744,1069,-888888888,-888888888,-888888888,-888888888,-888888888,-888888888,-888888888,-888888888,-888888888,-888888888,-888888888,-888888888,-888888888,-888888888,-888888888,-888888888,-888888888,-888888888,-888888888
2021,Edmonson County; Kentucky,10075,4842,4839,4477,362,3,5233,4839,-888888888,4890,2102,2102,1995,592,367,1456,1035,4234,3476,397,0,196,16,149,34.0,4477,1101,856,820,696,1004,4477,84,600,878,21,061,122,759,217,12,135,198,871,339,121,141,4477,3674,653,145,5,4847,325,449,378,823,708,893,495,598,123,55,41533,56360,3290,56809,2147,17882,1384,17900,277,8684,29,2731,565,3177,121,114,208,535,449,617,441,517,123,52,55351,67438,23329,1670,28856,34865,31627,46053,37886,12086,11029,6639,6207,1057,2522,172,7130,4404,4092,3664,3159,642,428,312,242,61,207,70,2726,2339,826,1726,387,-888888888,-888888888,-888888888,-888888888,-888888888,-888888888,-888888888,-888888888,-888888888,-888888888,-888888888,-888888888,-888888888,-888888888,-888888888,-888888888,-888888888,-888888888,-888888888
2021,Elliott County; Kentucky,6154,1897,1897,1798,99,0,4257,1897,-888888888,2579,856,856,819,346,149,807,297,1742,1353,295,3,20,14,57,39.9,1798,461,178,305,307,547,1798,15,220,455,21,063,0,100,129,21,73,46,318,202,53,166,1798,1195,307,296,0,2173,268,196,264,284,355,413,144,235,9,5,36455,47393,1135,59868,1124,17274,607,15198,303,10432,24,438,527,1444,112,52,181,213,158,430,93,193,7,5,50500,55693,14669,729,23875,29617,25786,54583,31796,6017,5502,2524,3751,515,1386,44,3229,1781,1682,1382,1018,412,300,99,74,6,68,25,1448,1302,407,1000,146,-888888888,-888888888,-888888888,-888888888,-888888888,-888888888,-888888888,-888888888,-888888888,-888888888,-888888888,-888888888,-888888888,-888888888,-888888888,-888888888,-888888888,-888888888,-888888888
2021,Estill County; Kentucky,11499,5333,5333,4952,381,0,6166,5333,-888888888,5902,2448,2448,2305,806,481,2005,1329,4777,3596,766,0,154,23,238,34.5,4952,1010,652,1196,536,1558,4952,27,447,1180,21,065,88,609,273,46,188,230,1070,330,165,299,4952,3869,888,171,24,5598,780,595,605,757,848,769,678,429,48,89,36336,48876,3420,51676,2264,19124,1393,17085,757,8933,283,7898,1615,3693,379,229,360,417,551,691,593,359,32,82,48196,58242,20023,1905,21152,27421,26843,38834,32352,14049,13205,6332,8649,844,3257,92,8193,4938,4613,4233,3148,1336,380,325,214,58,156,111,3255,2994,834,2319,261,-888888888,-888888888,-888888888,-888888888,-888888888,-888888888,-888888888,-888888888,-888888888,-888888888,-888888888,-888888888,-888888888,-888888888,-888888888,-888888888,-888888888,-888888888,-888888888
2021,Fayette County; Kentucky,261182,177531,177409,168732,8677,122,83651,177409,-888888888,134187,85959,85959,82419,21505,15485,41667,32908,164765,126835,13294,2780,5746,2669,13441,20.7,168732,77449,27631,35479,9441,18732,168732,2445,7544,15392,21,067,3799,20887,7145,2209,9016,19644,49399,16466,9051,5735,168732,130702,28764,8917,349,134229,9529,4650,11926,12721,16178,23684,16570,20040,8478,10453,61526,88901,109781,86917,33337,21333,26152,31072,5623,10163,1704,4047,11688,75187,3137,1203,4336,4797,6752,13129,11021,14844,7168,8800,84028,112192,37475,59042,38587,56194,33677,53737,44147,317185,295636,224981,104851,21549,72775,2290,202139,162712,155298,142176,126889,19164,13122,7414,5749,3058,2844,1665,39427,35189,22773,14870,4238,-888888888,-888888888,-888888888,-888888888,-888888888,-888888888,-888888888,-888888888,-888888888,-888888888,-888888888,-888888888,-888888888,-888888888,-888888888,-888888888,-888888888,-888888888,-888888888
2021,Fleming County; Kentucky,11784,6597,6597,6056,541,0,5187,6597,-888888888,5983,3033,3033,2757,1198,798,2124,1793,5859,4627,749,4,89,36,354,31.5,6056,1983,825,1003,796,1449,6056,250,649,1203,21,069,72,718,404,5,165,354,1503,295,272,166,6056,4437,933,635,51,5713,502,361,591,623,884,1188,676,625,162,101,48315,62007,3979,66232,2292,17633,1425,20976,598,9026,76,2537,1004,4101,190,66,375,366,684,987,586,612,163,72,60464,72694,24506,1612,21646,33003,30479,46059,30052,14994,13601,8162,7567,1393,3761,447,8593,5902,5468,4912,3951,1268,556,434,331,152,199,103,2691,2404,826,1751,287,-888888888,-888888888,-888888888,-888888888,-888888888,-888888888,-888888888,-888888888,-888888888,-888888888,-888888888,-888888888,-888888888,-888888888,-888888888,-888888888,-888888888,-888888888,-888888888
2021,Floyd County; Kentucky,28950,12103,12089,10986,1103,14,16847,12089,-888888888,15023,5874,5874,5410,2050,967,4811,2236,10702,9189,938,38,210,47,280,24.3,10986,3647,2212,2318,1085,1724,10986,460,633,670,21,071,316,1229,781,205,438,709,3192,1207,461,685,10986,8397,2039,550,0,14040,1918,1194,2178,1561,1835,2175,1530,1212,240,197,37360,51233,8103,55983,7084,18301,3160,22459,1959,8426,302,3623,3402,9719,1122,573,910,966,1432,1842,1384,1094,231,165,49240,59644,20160,4321,20069,29866,30256,45590,34239,35664,34122,16237,22508,1542,8407,195,20751,11137,10117,9305,7517,2047,812,1020,958,116,884,62,9614,9147,2412,7397,467,-888888888,-888888888,-888888888,-888888888,-888888888,-888888888,-888888888,-888888888,-888888888,-888888888,-888888888,-888888888,-888888888,-888888888,-888888888,-888888888,-888888888,-888888888,-888888888
2021,Franklin County; Kentucky,41794,25812,25797,24568,1229,15,15982,25797,-888888888,21847,12470,12470,11913,3313,2478,6434,5581,24030,18583,2320,158,468,101,2400,19.2,24568,9852,4413,5155,1789,3359,24568,753,1651,2575,21,073,294,2529,840,366,1015,2450,4466,2460,616,4553,24568,15780,7385,1403,0,22247,933,817,2023,2043,3415,4114,3579,3371,882,1070,59498,78841,16991,72522,7655,20040,6901,35259,1340,10091,224,4082,2531,13629,541,271,790,716,1676,2725,2545,2797,676,892,76165,90186,34321,8618,37190,57391,34207,49617,41418,50441,46882,35000,20026,3559,11264,492,30220,23511,22554,20160,18269,2590,2394,957,739,385,408,218,6709,6294,3261,3545,415,-888888888,-888888888,-888888888,-888888888,-888888888,-888888888,-888888888,-888888888,-888888888,-888888888,-888888888,-888888888,-888888888,-888888888,-888888888,-888888888,-888888888,-888888888,-888888888
2021,Fulton County; Kentucky,5249,2443,2425,2262,163,18,2806,2425,-888888888,2618,1214,1212,1149,383,230,921,478,2221,1829,257,0,48,4,83,20.9,2262,568,472,437,217,568,2262,136,171,492,21,075,25,261,113,20,145,190,356,238,19,96,2262,1815,289,154,4,2315,221,325,235,447,434,335,111,179,7,21,33567,43326,1306,45451,1117,19932,611,16962,217,8733,52,327,489,1373,87,167,89,219,277,232,111,174,7,10,45692,52411,18607,942,20958,27383,27446,32384,31959,6080,5704,2655,3928,376,1409,0,3370,2148,1985,1804,1284,543,181,163,52,29,23,111,1222,1138,345,938,84,-888888888,-888888888,-888888888,-888888888,-888888888,-888888888,-888888888,-888888888,-888888888,-888888888,-888888888,-888888888,-888888888,-888888888,-888888888,-888888888,-888888888,-888888888,-888888888
2021,Gallatin County; Kentucky,6869,4072,4058,3883,175,14,2797,4058,-888888888,3366,1881,1881,1769,638,501,1210,1006,3841,3099,528,0,74,2,138,26.5,3883,760,804,637,467,1215,3883,53,300,808,21,077,196,402,391,28,123,240,624,360,224,134,3883,3356,397,118,12,3004,179,164,268,341,370,655,419,443,89,76,54978,66412,2267,66914,1108,18240,782,20199,189,11899,8,2088,342,1991,142,61,138,162,174,550,347,274,81,62,59385,72531,24557,1013,38507,49745,30750,44838,35595,8642,7714,5124,3384,928,2223,230,5238,3679,3528,3200,2784,467,328,151,85,47,40,66,1559,1255,408,927,304,-888888888,-888888888,-888888888,-888888888,-888888888,-888888888,-888888888,-888888888,-888888888,-888888888,-888888888,-888888888,-888888888,-888888888,-888888888,-888888888,-888888888,-888888888,-888888888
2021,Garrard County; Kentucky,13695,7877,7877,7555,322,0,5818,7877,-888888888,7053,3584,3584,3394,1029,704,2194,1589,7452,6017,661,0,19,37,718,34.1,7555,2494,1249,1438,1028,1346,7555,420,791,1029,21,079,245,746,313,107,232,546,1852,389,515,370,7555,5795,1153,589,18,6554,346,203,774,592,977,1329,711,993,415,214,58137,74954,4994,72956,2404,19042,1672,21177,463,10885,62,9819,843,4803,311,47,399,333,526,1167,718,761,359,182,66773,82231,29194,1751,31837,50020,36731,48961,44167,16929,15695,10457,7578,1234,3864,140,10083,7343,7042,6364,5503,1079,678,301,283,147,136,18,2740,2350,1205,1413,390,-888888888,-888888888,-888888888,-888888888,-888888888,-888888888,-888888888,-888888888,-888888888,-888888888,-888888888,-888888888,-888888888,-888888888,-888888888,-888888888,-888888888,-888888888,-888888888
2021,Grant County; Kentucky,18845,11959,11946,11441,505,13,6886,11946,-888888888,9428,5497,5497,5373,2045,1594,3978,3085,11212,9261,1199,0,253,102,397,28.7,11441,2693,1527,2462,1247,3512,11441,156,798,2331,21,081,368,1422,1209,165,896,578,1826,1038,303,351,11441,9637,1340,459,5,9044,534,428,923,988,1019,1759,1133,1476,424,360,60040,72149,6885,75221,2848,20128,1947,23081,586,7754,160,1669,1242,6371,357,61,377,716,728,1199,950,1313,317,353,68831,82559,27247,2673,30189,43437,38324,50706,42278,24577,23476,15710,10794,1101,7172,85,14103,10983,10545,9820,8457,1697,725,438,375,288,313,63,3120,2892,1122,2052,228,-888888888,-888888888,-888888888,-888888888,-888888888,-888888888,-888888888,-888888888,-888888888,-888888888,-888888888,-888888888,-888888888,-888888888,-888888888,-888888888,-888888888,-888888888,-888888888
2021,Graves County; Kentucky,28978,16411,16405,15622,783,6,12567,16405,-888888888,14942,7638,7638,7361,2712,1779,5222,3295,15435,13461,913,49,171,241,600,20.1,15622,4808,2277,2822,2281,3434,15622,855,1284,2542,21,083,475,2035,967,382,549,1011,3311,776,807,628,15622,12777,1988,841,16,14214,1316,915,1706,1192,2242,2691,1687,1461,554,450,48187,65097,9577,70898,5394,19383,3879,19907,910,11166,174,2699,1785,9125,549,197,773,643,1389,1826,1480,1319,516,433,61792,80096,26615,5089,24511,35595,31084,46549,34960,36445,34045,21189,17942,2400,9526,224,20410,14756,14052,12543,10537,2179,1509,704,403,93,310,301,5654,5307,2327,3623,347,-888888888,-888888888,-888888888,-888888888,-888888888,-888888888,-888888888,-888888888,-888888888,-888888888,-888888888,-888888888,-888888888,-888888888,-888888888,-888888888,-888888888,-888888888,-888888888
2021,Grayson County; Kentucky,20832,10909,10883,10404,479,26,9923,10883,-888888888,10436,5113,5113,4870,1825,995,3938,2611,10172,8295,1119,26,215,183,334,27.4,10404,2840,1554,1884,1623,2503,10404,360,1077,2384,21,085,153,1099,608,44,300,268,2461,747,376,527,10404,8205,1608,586,5,9398,926,847,1075,1182,1711,1314,948,787,270,338,40839,57535,6024,64687,3871,17383,1974,24753,1010,8632,138,2288,1292,6104,372,296,529,582,1285,974,754,735,239,338,49844,71380,22051,3294,22656,30171,29640,42736,31563,26022,24564,14345,13576,1458,6704,113,14808,10218,9744,9014,7485,1933,730,474,310,105,208,164,4590,4169,1611,2976,421,-888888888,-888888888,-888888888,-888888888,-888888888,-888888888,-888888888,-888888888,-888888888,-888888888,-888888888,-888888888,-888888888,-888888888,-888888888,-888888888,-888888888,-888888888,-888888888
2021,Green County; Kentucky,8954,4351,4351,3975,376,0,4603,4351,-888888888,4443,1968,1968,1905,779,491,1489,1059,3826,2995,484,67,41,41,198,29.9,3975,918,670,905,471,1011,3975,105,237,836,21,087,55,551,195,50,169,181,1050,178,199,169,3975,3106,663,206,0,4390,430,328,780,696,518,672,444,307,124,91,34363,55977,2737,62282,2116,16986,1005,22656,720,9883,170,5179,912,2896,168,85,392,476,381,552,352,294,124,72,46343,63503,23637,1494,19380,40293,29145,41987,30913,11032,10140,5237,6569,892,2480,214,6446,3965,3647,3225,2491,831,422,318,249,43,206,69,2481,2330,486,2068,151,-888888888,-888888888,-888888888,-888888888,-888888888,-888888888,-888888888,-888888888,-888888888,-888888888,-888888888,-888888888,-888888888,-888888888,-888888888,-888888888,-888888888,-888888888,-888888888
2021,Greenup County; Kentucky,29282,14958,14956,14115,841,2,14324,14956,-888888888,15058,6928,6928,6432,2172,1232,4987,3366,13838,11863,1149,3,345,38,440,24.0,14115,5303,2234,2683,1791,2104,14115,163,1093,1495,21,089,294,2055,821,210,730,996,4194,874,658,532,14115,11328,2175,603,9,14182,1017,609,1435,1550,1637,3107,1633,1903,665,626,55431,74508,9103,81339,6244,22701,4271,26282,852,9209,214,4737,1790,9797,496,254,512,731,1035,2431,1558,1582,637,561,68199,88507,29512,4385,28212,37943,33689,54500,38774,35609,33681,23895,16231,1928,8160,357,20138,13895,13079,12018,10614,1773,1061,816,712,442,270,104,6243,5837,3067,3709,406,-888888888,-888888888,-888888888,-888888888,-888888888,-888888888,-888888888,-888888888,-888888888,-888888888,-888888888,-888888888,-888888888,-888888888,-888888888,-888888888,-888888888,-888888888,-888888888
2021,Hancock County; Kentucky,7081,4175,4175,3966,209,0,2906,4175,-888888888,3497,1802,1802,1708,678,352,1343,889,3904,3506,272,0,10,13,103,24.2,3966,848,668,714,463,1273,3966,110,170,1415,21,091,7,498,179,57,101,176,849,207,146,51,3966,3243,534,189,0,3449,194,84,326,286,468,594,577,625,231,64,61622,73583,2663,71810,1191,20706,1058,22450,247,10145,33,1861,333,2503,120,19,243,133,313,462,459,499,191,64,72813,80244,28509,946,40645,51460,40962,57083,42795,8970,8549,6236,3589,421,2333,108,5152,3851,3654,3483,3118,404,171,197,175,79,96,22,1301,1181,575,689,120,-888888888,-888888888,-888888888,-888888888,-888888888,-888888888,-888888888,-888888888,-888888888,-888888888,-888888888,-888888888,-888888888,-888888888,-888888888,-888888888,-888888888,-888888888,-888888888
2021,Hardin County; Kentucky,86172,54380,50714,47347,3367,3666,31792,50714,-888888888,43232,24859,24200,22781,7731,4940,17675,12390,50005,40477,4722,163,1315,818,2510,22.2,47347,15749,8390,9685,4410,9113,47347,234,2535,7569,21,093,995,5865,2711,999,2312,3456,9946,4274,2276,4175,47347,36528,8845,1870,104,42288,2070,1559,3289,4133,6871,7898,5702,6843,2207,1716,59863,81485,32797,79037,12991,18418,11359,30296,2668,9903,536,4479,3692,28364,789,476,1588,2119,4129,5114,4518,6029,1999,1603,74814,97769,32151,13924,36821,44718,36751,52080,40929,105315,99790,74604,43088,5525,28472,908,61749,46580,43621,40440,35662,8458,3181,2959,2405,1164,1306,554,15169,14287,8174,7899,882,-888888888,-888888888,-888888888,-888888888,-888888888,-888888888,-888888888,-888888888,-888888888,-888888888,-888888888,-888888888,-888888888,-888888888,-888888888,-888888888,-888888888,-888888888,-888888888
2021,Harlan County; Kentucky,21326,7993,7993,6983,1010,0,13333,7993,-888888888,11107,3900,3900,3455,1648,1069,3592,1460,6731,5096,1139,24,173,33,266,23.8,6983,1901,1533,1573,981,995,6983,579,507,506,21,095,80,958,329,98,259,359,1992,589,371,356,6983,5401,1274,308,0,10370,1473,1138,1890,1320,1361,1553,841,516,178,100,30210,44343,5376,47391,5125,18344,2523,25335,1296,9288,927,3578,2825,7014,761,655,929,936,1107,1206,730,443,156,91,37965,51706,17848,3356,18389,25644,25499,41192,30786,26504,25081,9910,18213,1423,6594,229,15186,7498,6514,5911,4172,2001,603,984,830,97,739,154,7688,7251,1643,6116,437,-888888888,-888888888,-888888888,-888888888,-888888888,-888888888,-888888888,-888888888,-888888888,-888888888,-888888888,-888888888,-888888888,-888888888,-888888888,-888888888,-888888888,-888888888,-888888888
2021,Harrison County; Kentucky,14972,8691,8691,8402,289,0,6281,8691,-888888888,7673,3867,3867,3695,1228,864,2623,1786,8230,6751,816,0,194,104,365,29.1,8402,2197,1287,1581,1129,2208,8402,208,664,2152,21,097,44,880,410,49,356,455,1760,554,347,523,8402,6455,1372,571,4,7264,718,424,645,489,1143,1399,1019,873,316,238,53862,68904,5119,74009,3106,17896,2017,21296,588,7971,152,4145,1263,5203,262,80,457,300,714,1168,889,808,333,192,66627,81430,27484,2061,21387,32256,33712,56051,40027,18526,17626,11773,8649,900,4484,171,10779,7875,7689,7144,6158,1410,545,186,186,31,155,0,2904,2722,1110,1941,182,-888888888,-888888888,-888888888,-888888888,-888888888,-888888888,-888888888,-888888888,-888888888,-888888888,-888888888,-888888888,-888888888,-888888888,-888888888,-888888888,-888888888,-888888888,-888888888
2021,Hart County; Kentucky,14958,8365,8365,7945,420,0,6593,8365,-888888888,7539,3969,3969,3807,1290,704,2974,1926,7741,6079,1130,17,48,220,247,28.3,7945,1805,1809,1365,1113,1853,7945,261,528,1942,21,099,128,696,553,98,377,418,1389,1019,286,250,7945,6333,919,609,84,7064,649,549,1038,635,946,1398,879,613,133,224,45342,58422,4687,63209,2788,16053,1713,26064,626,9293,142,1739,1217,4520,216,227,517,325,634,1098,666,504,131,202,59140,70455,22779,2544,22702,34001,28574,47691,32893,18949,17041,9908,9333,1908,4979,466,10964,7594,7204,6265,5041,1436,939,390,356,202,170,34,3370,2933,933,2191,437,-888888888,-888888888,-888888888,-888888888,-888888888,-888888888,-888888888,-888888888,-888888888,-888888888,-888888888,-888888888,-888888888,-888888888,-888888888,-888888888,-888888888,-888888888,-888888888
2021,Henderson County; Kentucky,36125,20664,20651,19983,668,13,15461,20651,-888888888,18791,9740,9740,9445,2886,2283,6442,4668,19636,16483,2092,54,180,105,722,22.1,19983,5758,3708,3714,2451,4352,19983,338,1757,4013,21,101,371,2167,1336,122,904,1224,4678,1565,960,548,19983,16662,2386,915,20,18194,1358,1439,1533,1762,2290,3740,2187,2380,880,625,53635,67408,12494,70445,6842,19284,5013,25132,1518,10579,196,1698,2509,11928,494,522,702,650,1392,2797,1740,2220,853,558,67512,81834,28217,6266,29700,37026,34685,46955,39888,44085,42489,28641,20149,1596,10991,113,25316,18539,17946,16923,14922,2483,1023,593,431,269,172,162,6777,6479,2920,4247,298,-888888888,-888888888,-888888888,-888888888,-888888888,-888888888,-888888888,-888888888,-888888888,-888888888,-888888888,-888888888,-888888888,-888888888,-888888888,-888888888,-888888888,-888888888,-888888888
2021,Henry County; Kentucky,12511,7084,7076,6691,385,8,5427,7076,-888888888,6331,3212,3204,3093,1016,532,2391,1689,6623,5290,693,0,100,36,504,29.0,6691,1569,1554,1418,812,1338,6691,177,458,955,21,103,96,978,310,76,342,682,1339,489,352,437,6691,5059,1004,514,114,5967,520,234,556,544,962,1289,684,781,245,152,52301,75035,4383,75693,2159,20207,1679,21558,518,9215,74,5559,680,3956,155,35,270,290,609,999,552,687,217,142,63635,92832,28702,2011,28574,36248,31417,44058,34321,15614,14037,9109,7200,1577,3915,261,9072,6253,5926,5168,4381,1026,758,327,235,65,181,92,2819,2381,1080,1515,438,-888888888,-888888888,-888888888,-888888888,-888888888,-888888888,-888888888,-888888888,-888888888,-888888888,-888888888,-888888888,-888888888,-888888888,-888888888,-888888888,-888888888,-888888888,-888888888
2021,Hickman County; Kentucky,3790,1883,1883,1770,113,0,1907,1883,-888888888,2009,933,933,872,226,157,626,365,1749,1215,120,48,56,137,173,18.3,1770,636,291,394,121,328,1770,91,67,309,21,105,40,98,157,0,60,224,441,44,125,114,1770,1415,191,151,13,1674,82,87,260,159,290,340,133,139,39,145,46321,78380,1021,84191,833,20408,548,26881,90,10391,26,-999999999,157,1082,34,12,124,80,153,257,133,139,21,129,71476,99787,32029,592,24261,35558,27442,47865,29317,4414,4208,2620,2394,206,1005,0,2389,1753,1640,1497,1288,296,143,113,81,26,55,32,636,605,195,483,31,-888888888,-888888888,-888888888,-888888888,-888888888,-888888888,-888888888,-888888888,-888888888,-888888888,-888888888,-888888888,-888888888,-888888888,-888888888,-888888888,-888888888,-888888888,-888888888
2021,Hopkins County; Kentucky,36232,19623,19594,18184,1410,29,16609,19594,-888888888,18617,9358,9346,8649,2973,1948,6067,3912,17882,16130,1034,1,146,128,443,21.7,18184,5770,3109,3268,2180,3857,18184,960,988,2670,21,107,370,1833,1499,128,658,948,5106,1248,730,1046,18184,14274,3094,781,35,18314,1732,1117,1885,1747,2752,3325,2658,2078,626,394,49495,62007,12450,65999,6803,20068,5112,20838,1281,10364,436,3758,2544,12017,570,527,961,873,1936,2418,1989,1789,588,366,59928,73425,25323,6297,28310,38003,34019,50210,37454,44542,42022,26976,21575,2520,10870,395,25742,18095,16920,15837,13805,2469,1083,1175,870,414,593,305,7647,6910,2638,4825,737,-888888888,-888888888,-888888888,-888888888,-888888888,-888888888,-888888888,-888888888,-888888888,-888888888,-888888888,-888888888,-888888888,-888888888,-888888888,-888888888,-888888888,-888888888,-888888888
2021,Jackson County; Kentucky,10340,4160,4160,3861,299,0,6180,4160,-888888888,5180,1928,1928,1772,957,525,1827,922,3835,2831,653,33,100,37,181,40.5,3861,739,688,737,479,1218,3861,75,421,986,21,109,52,170,275,151,83,266,786,311,88,197,3861,2773,935,153,0,4956,524,619,748,664,584,982,349,338,107,41,33699,46089,2766,55931,2150,16184,1102,16563,942,10400,112,1692,1382,3529,228,232,485,535,491,838,262,310,107,41,46213,53978,18177,1427,14895,25569,27748,43559,29742,12929,12025,6131,7329,904,3248,478,7453,4052,3753,3578,3010,738,175,299,299,15,284,0,3401,3165,1048,2428,236,-888888888,-888888888,-888888888,-888888888,-888888888,-888888888,-888888888,-888888888,-888888888,-888888888,-888888888,-888888888,-888888888,-888888888,-888888888,-888888888,-888888888,-888888888,-888888888
2021,Jefferson County; Kentucky,626238,413332,412568,390859,21709,764,212906,412568,-888888888,325953,200749,200648,190238,54704,40110,106741,81683,383576,295633,30973,8960,6778,6393,34839,22.3,390859,153214,57328,83703,24132,72482,390859,938,19731,46374,21,111,10020,42360,35236,6993,31153,42560,90523,35994,18015,10962,390859,331107,41025,17895,832,323293,19698,13630,26679,29553,42258,59532,40208,48813,20763,22159,61633,86099,251897,85612,101651,20000,75378,27298,17891,10107,6397,3301,33680,191322,7673,4054,10633,12995,20721,34403,26982,36505,18056,19300,79546,105826,36533,131971,40208,54507,37672,54869,44690,772320,731537,530906,306111,40783,182143,6233,467217,375122,356120,332234,293948,48289,23886,19002,15286,7137,8768,3716,92095,85388,43042,50163,6707,-888888888,-888888888,-888888888,-888888888,-888888888,-888888888,-888888888,-888888888,-888888888,-888888888,-888888888,-888888888,-888888888,-888888888,-888888888,-888888888,-888888888,-888888888,-888888888
2021,Jessamine County; Kentucky,41655,26123,26123,24914,1209,0,15532,26123,-888888888,21709,12488,12488,11885,3530,2532,7799,5340,24421,19052,2666,19,731,92,1861,23.3,24914,8930,3842,6150,2638,3354,24914,219,2094,2289,21,113,673,3537,1282,300,1141,2323,7077,1710,1483,786,24914,19593,3533,1724,64,19054,1261,637,1259,1635,2495,3556,2426,3378,1042,1365,65196,95154,14402,92873,6513,21469,4285,28331,1235,10614,436,2985,2081,13215,558,202,630,851,1565,2424,1807,2976,914,1288,81030,113114,34148,5839,38139,51114,33246,53707,38096,52615,49343,36512,20639,3272,13543,814,31261,23861,22857,21490,19192,3186,1367,1004,849,369,528,155,7400,6517,3367,4003,883,-888888888,-888888888,-888888888,-888888888,-888888888,-888888888,-888888888,-888888888,-888888888,-888888888,-888888888,-888888888,-888888888,-888888888,-888888888,-888888888,-888888888,-888888888,-888888888
2021,Johnson County; Kentucky,18170,7928,7928,7405,523,0,10242,7928,-888888888,9348,3721,3721,3411,1561,906,3170,2018,6970,5780,712,13,7,6,452,28.5,7405,2708,1384,1365,654,1294,7405,218,359,261,21,115,78,1238,613,215,344,428,2425,397,237,592,7405,5241,1751,413,0,8376,1095,582,1050,817,1218,1211,1052,1055,155,141,41489,57071,4831,68780,3673,20627,1940,20553,1108,8465,165,5047,1893,6054,464,169,585,582,1056,991,1051,935,155,66,53654,64298,21798,2322,16156,33685,29645,51721,31171,22247,21171,11082,13399,1076,5207,170,13012,7501,6978,6385,4926,1804,593,523,472,51,427,51,5511,5264,1285,4462,247,-888888888,-888888888,-888888888,-888888888,-888888888,-888888888,-888888888,-888888888,-888888888,-888888888,-888888888,-888888888,-888888888,-888888888,-888888888,-888888888,-888888888,-888888888,-888888888
2021,Kenton County; Kentucky,132688,91691,91648,87830,3818,43,40997,91648,-888888888,67315,43712,43712,42052,12510,9713,24606,19530,86480,68509,6472,1292,1304,1568,7335,23.3,87830,36746,12733,19637,6018,12696,87830,371,4964,10813,21,117,3257,9972,5581,1320,7829,9802,19510,7822,3438,3151,87830,75291,9324,3069,146,66999,3310,2269,4839,5991,7571,12211,9229,11801,4856,4922,68503,91344,54172,91336,18912,21082,14917,25788,3830,11761,938,3376,5066,41832,1556,698,1659,2656,3803,7392,6476,9328,3947,4317,85707,108819,36957,25167,43911,58189,40300,56629,46397,167046,158071,120642,55672,8975,42007,1177,101212,83687,80303,74850,68530,8065,5453,3384,2776,1179,1634,608,17525,15902,8668,8748,1623,-888888888,-888888888,-888888888,-888888888,-888888888,-888888888,-888888888,-888888888,-888888888,-888888888,-888888888,-888888888,-888888888,-888888888,-888888888,-888888888,-888888888,-888888888,-888888888
2021,Knott County; Kentucky,11980,4652,4652,4124,528,0,7328,4652,-888888888,6037,2274,2274,2102,771,474,1596,928,3977,3032,370,20,217,52,286,27.1,4124,1387,1086,732,458,461,4124,198,260,114,21,119,112,573,177,97,160,193,1440,301,220,279,4124,3171,690,212,51,5458,844,420,686,723,960,928,509,257,91,40,35583,44884,3063,47759,2719,17402,1532,17869,998,9870,208,3109,1547,3644,351,222,402,449,689,723,453,241,80,34,42101,52409,17582,1814,21301,28415,22731,35620,31409,14413,13480,5424,9999,933,3132,311,8648,4276,3774,3404,2245,1302,370,502,459,38,427,43,4372,4163,1171,3407,209,-888888888,-888888888,-888888888,-888888888,-888888888,-888888888,-888888888,-888888888,-888888888,-888888888,-888888888,-888888888,-888888888,-888888888,-888888888,-888888888,-888888888,-888888888,-888888888
2021,Knox County; Kentucky,23903,10009,10009,9109,900,0,13894,10009,-888888888,12478,4779,4779,4369,2072,805,4538,1845,8863,7536,781,0,150,25,371,25.5,9109,2894,1782,2185,810,1438,9109,149,564,838,21,121,203,1210,630,157,244,1124,2735,505,220,530,9109,7030,1530,549,0,11115,2267,1192,1641,1080,1288,1648,757,803,213,226,29206,47979,5850,63394,4663,17055,1758,21107,2168,9523,279,4142,3454,7232,1217,428,706,920,1037,1209,662,647,189,217,39597,58475,18833,3883,14995,27390,26616,41639,32325,30010,28199,11691,19490,1811,7557,75,17541,9150,8319,7606,5505,2522,713,831,582,186,396,249,8391,7620,1550,6373,771,-888888888,-888888888,-888888888,-888888888,-888888888,-888888888,-888888888,-888888888,-888888888,-888888888,-888888888,-888888888,-888888888,-888888888,-888888888,-888888888,-888888888,-888888888,-888888888
2021,Larue County; Kentucky,11922,6982,6978,6772,206,4,4940,6978,-888888888,5928,3048,3048,2938,844,716,2106,1402,6748,5603,815,0,15,5,310,27.1,6772,2372,614,1263,857,1666,6772,236,325,2063,21,123,61,716,343,82,250,360,1489,212,389,246,6772,5412,906,438,16,5906,369,348,626,659,809,1179,842,674,217,183,53555,64528,4310,69338,1896,18854,1332,16141,577,13118,130,1578,805,3844,231,98,275,394,451,855,536,644,186,174,65123,76029,26002,2062,35000,41541,38640,44734,43442,14495,13667,9423,6435,828,3303,149,8750,6449,6264,5681,4977,908,583,185,177,79,98,8,2301,2213,720,1701,88,-888888888,-888888888,-888888888,-888888888,-888888888,-888888888,-888888888,-888888888,-888888888,-888888888,-888888888,-888888888,-888888888,-888888888,-888888888,-888888888,-888888888,-888888888,-888888888
2021,Laurel County; Kentucky,49406,26109,26074,24732,1342,35,23297,26074,-888888888,25487,12360,12350,11604,4413,2832,8664,5645,24398,20496,2345,36,300,116,1105,21.6,24732,7221,3741,6007,2176,5587,24732,458,1060,3644,21,125,265,4449,1826,375,1144,2116,5347,1768,1316,964,24732,20004,3136,1454,138,23146,2468,1566,2413,2285,3511,4122,2757,2580,975,469,46604,61824,15662,65856,9184,18926,4696,25597,1974,9944,552,1676,4218,16546,1219,774,1317,1467,2908,3045,2316,2240,809,451,53717,70164,24072,6600,22882,36704,32129,45233,34176,61277,56451,32599,31650,4826,15205,713,36111,23893,22742,20323,16992,4167,2419,1151,873,280,604,278,12218,10805,3602,8003,1413,-888888888,-888888888,-888888888,-888888888,-888888888,-888888888,-888888888,-888888888,-888888888,-888888888,-888888888,-888888888,-888888888,-888888888,-888888888,-888888888,-888888888,-888888888,-888888888
2021,Lawrence County; Kentucky,12805,4746,4746,4496,250,0,8059,4746,-888888888,6595,2190,2190,2104,1032,443,2461,997,4377,3702,456,32,20,29,138,29.1,4496,1320,660,1066,495,955,4496,207,180,506,21,127,123,547,372,188,90,244,1469,186,171,213,4496,3248,1084,164,0,5524,703,417,716,868,661,842,505,619,49,144,37014,53890,2919,63812,2738,21831,1184,21882,825,10942,201,2983,1453,3906,362,151,482,418,549,756,440,556,52,140,49674,64318,19330,1618,21354,26410,27371,39053,33767,16185,15097,7590,9826,1088,4177,158,9018,4355,4149,3756,3113,826,393,206,181,98,83,25,4663,4151,1135,3441,512,-888888888,-888888888,-888888888,-888888888,-888888888,-888888888,-888888888,-888888888,-888888888,-888888888,-888888888,-888888888,-888888888,-888888888,-888888888,-888888888,-888888888,-888888888,-888888888
2021,Lee County; Kentucky,5987,2537,2524,2335,189,13,3450,2524,-888888888,2620,979,979,937,493,275,769,348,2258,1759,236,0,84,56,123,38.8,2335,500,427,484,348,576,2335,28,263,263,21,129,43,332,200,31,47,194,541,93,32,268,2335,1546,550,222,17,2616,372,321,414,424,361,286,172,184,25,57,29817,46637,1534,58592,1253,15375,335,15511,411,8759,85,1779,878,1536,159,26,291,220,304,163,134,160,25,54,38857,59778,19097,1080,13657,25460,26945,41711,30753,6705,6534,2938,4370,171,1497,5,3943,2411,2243,2132,1643,666,111,168,150,34,116,18,1532,1495,330,1251,37,-888888888,-888888888,-888888888,-888888888,-888888888,-888888888,-888888888,-888888888,-888888888,-888888888,-888888888,-888888888,-888888888,-888888888,-888888888,-888888888,-888888888,-888888888,-888888888
2021,Leslie County; Kentucky,8585,3738,3738,3460,278,0,4847,3738,-888888888,4273,1560,1560,1438,548,301,1285,533,3265,2844,348,0,7,0,66,37.9,3460,812,723,680,603,642,3460,302,90,518,21,131,50,422,251,22,44,124,994,181,91,371,3460,2461,910,89,0,3688,371,307,617,559,588,425,373,431,17,0,34528,46525,2118,52637,1950,17019,1151,17276,367,8206,161,2229,808,2499,93,222,392,254,429,396,294,402,17,0,44983,54698,17937,1189,24625,28031,28081,42653,30217,10319,10030,3857,7153,289,2311,47,6167,3515,3264,3126,2180,1061,138,251,193,22,171,58,2652,2606,477,2269,46,-888888888,-888888888,-888888888,-888888888,-888888888,-888888888,-888888888,-888888888,-888888888,-888888888,-888888888,-888888888,-888888888,-888888888,-888888888,-888888888,-888888888,-888888888,-888888888
2021,Letcher County; Kentucky,17567,7553,7553,6797,756,0,10014,7553,-888888888,8960,3766,3766,3478,883,561,3073,1559,6701,5117,718,64,240,97,465,28.3,6797,2113,1258,1644,788,994,6797,323,336,280,21,133,154,997,505,108,147,309,2354,476,346,462,6797,4683,1602,396,116,8406,1260,627,1406,863,1256,1487,689,617,80,121,35278,50795,4675,56202,4173,19411,1807,17665,1255,8891,187,1591,2460,5495,437,314,822,488,856,1215,627,572,66,98,45284,58856,21586,2911,18826,34314,28556,46363,31145,21588,20789,9162,14695,799,5041,144,12438,6920,6193,5889,4306,2010,304,727,710,73,693,17,5518,5230,1284,4559,288,-888888888,-888888888,-888888888,-888888888,-888888888,-888888888,-888888888,-888888888,-888888888,-888888888,-888888888,-888888888,-888888888,-888888888,-888888888,-888888888,-888888888,-888888888,-888888888
2021,Lewis County; Kentucky,10488,4348,4348,4001,347,0,6140,4348,-888888888,5264,1776,1776,1695,921,422,1778,738,3873,2987,448,0,23,20,395,45.9,4001,917,702,577,639,1166,4001,57,559,762,21,135,28,398,192,47,225,272,1042,178,160,81,4001,3222,470,299,10,4737,702,301,934,565,550,797,523,200,125,40,32402,46004,2557,52474,2288,17982,1285,21136,545,9128,93,2000,1143,3222,382,119,485,373,382,720,427,169,125,40,41569,54704,18882,1515,18663,26151,26875,39271,32446,12975,12295,6199,7741,680,3263,21,7349,3944,3597,3331,2804,646,266,347,315,43,275,32,3405,3044,930,2298,361,-888888888,-888888888,-888888888,-888888888,-888888888,-888888888,-888888888,-888888888,-888888888,-888888888,-888888888,-888888888,-888888888,-888888888,-888888888,-888888888,-888888888,-888888888,-888888888
2021,Lincoln County; Kentucky,19164,10586,10586,9960,626,0,8578,10586,-888888888,9892,4936,4936,4670,1649,889,3608,2351,9603,7747,939,60,169,54,634,30.7,9960,3073,1846,1505,1333,2203,9960,390,778,1410,21,137,221,947,693,359,240,545,2706,702,497,472,9960,7053,1707,1186,14,9543,689,770,1140,891,1588,2124,992,942,234,173,45856,56415,6589,60587,3698,17808,2029,20990,1077,8396,98,2329,1551,6676,228,180,677,563,1213,1717,921,821,189,167,54954,65780,22157,2867,22877,31367,32152,41820,33063,24088,22260,12819,12550,1828,6024,502,13709,9598,9023,8063,6809,1610,960,575,512,144,374,63,4111,3813,1166,2900,298,-888888888,-888888888,-888888888,-888888888,-888888888,-888888888,-888888888,-888888888,-888888888,-888888888,-888888888,-888888888,-888888888,-888888888,-888888888,-888888888,-888888888,-888888888,-888888888
2021,Livingston County; Kentucky,7343,3877,3877,3612,265,0,3466,3877,-888888888,3819,1699,1699,1555,511,313,1161,660,3542,2820,340,21,102,73,186,23.6,3612,939,540,608,678,847,3612,218,432,478,21,139,167,389,195,77,97,301,760,193,163,142,3612,2757,558,276,21,3560,318,194,424,357,471,740,437,472,85,62,51081,67799,2429,60134,1531,21020,1104,37219,198,10924,104,4778,472,2379,171,26,177,186,344,540,387,432,76,40,63513,75427,29103,1181,24789,51332,26344,46406,29534,8940,8489,5394,4286,451,1894,114,5115,3527,3282,3084,2655,466,198,245,197,44,153,48,1588,1521,722,997,67,-888888888,-888888888,-888888888,-888888888,-888888888,-888888888,-888888888,-888888888,-888888888,-888888888,-888888888,-888888888,-888888888,-888888888,-888888888,-888888888,-888888888,-888888888,-888888888
2021,Logan County; Kentucky,21453,12416,12396,11730,666,20,9037,12396,-888888888,11076,5541,5541,5272,1799,1198,4100,2741,11390,9798,910,25,29,196,432,26.2,11730,3572,1521,2292,1621,2724,11730,574,1201,2928,21,141,193,1217,530,170,353,460,2552,630,556,366,11730,9397,1420,859,54,10749,628,994,962,1102,1370,2115,1732,1355,222,269,53133,64357,7528,66081,4225,19241,2484,21788,719,7315,108,3358,1224,7277,330,292,453,593,1075,1521,1477,1148,182,206,64245,72492,25945,3472,28884,45594,32782,48300,35411,27010,24647,16582,11771,2363,6816,642,15282,11151,10561,9580,8396,1436,981,590,380,125,333,210,4131,3619,1646,2283,512,-888888888,-888888888,-888888888,-888888888,-888888888,-888888888,-888888888,-888888888,-888888888,-888888888,-888888888,-888888888,-888888888,-888888888,-888888888,-888888888,-888888888,-888888888,-888888888
2021,Lyon County; Kentucky,7665,3245,3245,3140,105,0,4420,3245,-888888888,3434,1272,1272,1228,314,158,793,603,3076,2740,141,0,76,20,99,22.1,3140,810,592,553,417,768,3140,95,203,461,21,143,31,297,345,15,102,153,513,456,69,400,3140,2276,660,204,0,3207,107,181,366,356,395,676,407,402,243,74,55203,70676,1987,71144,1586,21346,1192,24088,188,8689,56,8468,473,1871,49,60,70,126,317,432,281,284,224,28,68352,83612,28079,1336,34216,51899,32514,51250,41204,7394,7005,4766,3523,389,1442,34,3817,2742,2661,2385,2134,286,276,81,81,54,27,0,1075,996,551,525,79,-888888888,-888888888,-888888888,-888888888,-888888888,-888888888,-888888888,-888888888,-888888888,-888888888,-888888888,-888888888,-888888888,-888888888,-888888888,-888888888,-888888888,-888888888,-888888888
2021,McCracken County; Kentucky,53900,30657,30621,29431,1190,36,23243,30621,-888888888,28501,15257,15241,14714,4863,3120,9481,6857,28987,24871,1870,139,323,384,1400,16.8,29431,10195,5609,7664,2003,3960,29431,218,1540,2722,21,145,524,4355,1707,665,1535,2494,7351,3188,1700,1432,29431,24426,3767,1129,109,27062,1650,1643,3242,3057,3277,4764,3250,3468,1350,1361,53366,76696,18617,82034,10312,20905,6925,22905,1491,10654,473,3521,2751,16938,853,466,1118,1613,1979,3224,2351,2920,1223,1191,68976,94030,31923,10124,29827,46108,31152,53458,34462,66266,62592,40628,31412,3674,15612,540,37696,27672,26573,24267,20292,4806,2306,1099,947,329,620,152,10024,9432,4305,5820,592,-888888888,-888888888,-888888888,-888888888,-888888888,-888888888,-888888888,-888888888,-888888888,-888888888,-888888888,-888888888,-888888888,-888888888,-888888888,-888888888,-888888888,-888888888,-888888888
2021,McCreary County; Kentucky,13529,5353,5353,4983,370,0,8176,5353,-888888888,6036,2310,2310,2176,962,298,2308,1300,4879,3884,556,0,121,83,235,29.4,4983,1588,1181,708,523,983,4983,147,489,687,21,147,7,529,298,51,180,110,1432,538,254,261,4983,3580,946,434,23,5700,908,522,678,770,870,993,353,476,126,4,33939,44600,3269,49839,2496,18771,1041,22931,1083,9269,119,1422,1774,3738,412,104,457,617,561,757,345,410,71,4,38810,52394,15933,1962,15886,26572,24810,34781,28657,15717,15147,6769,10383,570,4129,59,9011,4785,4415,4224,3279,1210,191,370,341,53,311,29,4226,3935,993,3389,291,-888888888,-888888888,-888888888,-888888888,-888888888,-888888888,-888888888,-888888888,-888888888,-888888888,-888888888,-888888888,-888888888,-888888888,-888888888,-888888888,-888888888,-888888888,-888888888
2021,McLean County; Kentucky,7374,3997,3985,3741,244,12,3377,3985,-888888888,3695,1762,1750,1594,603,386,1410,997,3654,3167,184,3,120,63,117,28.5,3741,1237,425,657,581,841,3741,311,266,540,21,149,181,340,340,3,98,156,924,263,177,142,3741,2846,571,294,30,3659,259,194,363,345,400,710,455,521,347,65,57027,74408,2592,76616,1564,21522,958,18513,267,11217,30,3627,420,2515,106,56,113,163,241,568,454,441,308,65,75847,89820,29849,1144,28300,37508,40250,57409,44788,9100,8750,6230,3791,350,2258,27,5126,3544,3332,3135,2841,399,197,212,159,33,126,53,1582,1509,786,827,73,-888888888,-888888888,-888888888,-888888888,-888888888,-888888888,-888888888,-888888888,-888888888,-888888888,-888888888,-888888888,-888888888,-888888888,-888888888,-888888888,-888888888,-888888888,-888888888
2021,Madison County; Kentucky,75150,47211,47102,44241,2861,109,27939,47102,-888888888,38830,23391,23333,21696,5847,4012,12230,9584,42848,33879,4184,57,1934,334,2460,24.2,44241,16788,8737,8631,3252,6833,44241,490,2344,5319,21,151,528,5076,1978,588,1812,3886,12232,5428,2232,2328,44241,33596,7737,2709,199,35411,2784,1898,3396,3367,4520,6300,4466,5383,1991,1306,55002,73760,27811,70134,11247,19267,8082,29363,2134,10058,576,6132,4588,22795,1332,399,1393,1588,2763,4446,3502,4504,1656,1212,71947,88644,28559,12616,29705,42748,27995,50526,40365,91336,86355,61245,36356,4981,21892,859,57075,42416,40170,37412,31654,7531,2758,2246,1872,1276,752,374,14659,13704,7664,7103,955,-888888888,-888888888,-888888888,-888888888,-888888888,-888888888,-888888888,-888888888,-888888888,-888888888,-888888888,-888888888,-888888888,-888888888,-888888888,-888888888,-888888888,-888888888,-888888888
2021,Magoffin County; Kentucky,9390,3561,3561,3161,400,0,5829,3561,-888888888,4684,1667,1667,1467,814,346,1647,945,2969,2473,327,17,80,22,50,32.4,3161,832,725,602,481,521,3161,109,332,445,21,153,25,370,181,57,19,56,960,200,136,271,3161,2331,725,105,0,4525,722,349,888,631,448,714,329,297,46,101,29615,48464,2412,50325,2040,16596,961,20576,834,10907,38,2329,1427,3030,271,183,493,409,383,602,273,273,46,97,40528,58385,19451,1495,16191,26056,26889,41596,37708,11703,11110,5191,7510,593,2802,107,6935,3373,2999,2776,2147,704,223,374,342,130,227,32,3562,3331,805,2850,231,-888888888,-888888888,-888888888,-888888888,-888888888,-888888888,-888888888,-888888888,-888888888,-888888888,-888888888,-888888888,-888888888,-888888888,-888888888,-888888888,-888888888,-888888888,-888888888
2021,Marion County; Kentucky,15414,8365,8365,7894,471,0,7049,8365,-888888888,7704,3869,3869,3664,1351,963,3043,1868,7415,6302,626,0,86,124,277,20.4,7894,2605,923,1169,813,2384,7894,182,393,2466,21,155,222,834,300,17,242,607,1616,341,329,345,7894,6061,1193,627,13,7536,589,541,767,869,1061,1319,1125,888,264,113,48791,60075,5355,61937,2790,16929,1753,23941,639,10158,179,2164,1307,4676,162,198,277,379,704,874,977,760,243,102,66946,74022,23986,2860,27976,35509,32500,46038,38083,18551,18017,11974,9063,534,4902,93,10605,7588,7223,6907,6020,1199,316,365,362,90,272,3,3017,2903,1200,2067,114,-888888888,-888888888,-888888888,-888888888,-888888888,-888888888,-888888888,-888888888,-888888888,-888888888,-888888888,-888888888,-888888888,-888888888,-888888888,-888888888,-888888888,-888888888,-888888888
2021,Marshall County; Kentucky,25976,14123,14123,13625,498,0,11853,14123,-888888888,13155,6722,6722,6565,1978,1204,4241,3147,13294,11186,1284,8,148,223,445,22.6,13625,4158,1830,3537,1627,2473,13625,227,1055,2104,21,157,334,1802,966,130,662,767,3433,934,517,694,13625,10673,2114,822,16,13217,1072,499,1217,1118,1721,2457,1747,2058,891,437,58989,74072,8764,79177,5081,20703,4053,30600,691,9973,191,3084,1185,9085,337,115,469,592,1273,1793,1367,1861,861,417,74123,90181,31061,4132,27014,36551,36521,53406,37481,31104,29095,20434,13548,2009,6831,505,17637,12679,12262,11277,9927,1714,985,417,315,199,192,102,4958,4541,2433,2555,417,-888888888,-888888888,-888888888,-888888888,-888888888,-888888888,-888888888,-888888888,-888888888,-888888888,-888888888,-888888888,-888888888,-888888888,-888888888,-888888888,-888888888,-888888888,-888888888
2021,Martin County; Kentucky,9421,3394,3361,3109,252,33,6027,3361,-888888888,4104,1510,1510,1357,657,366,1448,1008,2989,2661,249,0,2,0,77,28.5,3109,948,562,980,298,321,3109,127,120,179,21,159,46,689,99,34,336,77,670,135,83,514,3109,2103,945,61,0,3637,676,228,375,354,581,565,225,481,65,87,40826,53281,1895,64752,1757,19724,1047,22911,641,10237,64,2216,707,2429,216,85,272,205,478,454,215,384,56,64,49259,62690,18703,1208,13293,33396,32777,46304,33695,10187,9629,4905,5984,558,2349,239,6046,3127,2955,2831,2238,642,124,172,168,6,162,4,2919,2744,836,2193,175,-888888888,-888888888,-888888888,-888888888,-888888888,-888888888,-888888888,-888888888,-888888888,-888888888,-888888888,-888888888,-888888888,-888888888,-888888888,-888888888,-888888888,-888888888,-888888888
2021,Mason County; Kentucky,13520,7410,7393,7118,275,17,6110,7393,-888888888,6998,3425,3425,3306,981,583,2427,1480,7104,6211,390,9,100,57,337,25.2,7118,2258,1160,1375,821,1504,7118,293,480,1098,21,161,130,1157,487,40,194,316,1812,585,237,289,7118,5833,851,327,107,6591,665,250,746,796,940,947,549,1058,371,269,48106,77694,4642,83559,2433,19669,1620,27065,507,9348,134,1913,1095,4391,229,156,278,473,544,768,387,953,363,240,65551,93779,31437,2200,25550,41655,31090,52363,36780,16832,15545,9682,8111,1287,4115,468,9694,6560,6312,5851,4788,1229,461,248,203,58,160,45,3134,2821,1096,1954,313,-888888888,-888888888,-888888888,-888888888,-888888888,-888888888,-888888888,-888888888,-888888888,-888888888,-888888888,-888888888,-888888888,-888888888,-888888888,-888888888,-888888888,-888888888,-888888888
2021,Meade County; Kentucky,23869,14451,13747,13044,703,704,9418,13747,-888888888,11847,6551,6379,6138,2022,1246,4159,2644,13379,11134,1213,77,131,105,719,32.6,13044,4318,1979,2276,1677,2794,13044,134,1170,1387,21,163,184,1672,1323,177,465,1084,2431,1428,488,1101,13044,9785,2587,663,9,10331,490,525,652,827,1330,2127,1441,1728,859,352,63944,81630,7665,82315,3884,19577,2927,25536,776,9620,153,4153,1107,7376,433,122,305,404,767,1435,1228,1553,808,321,79043,92288,30625,2955,37192,49349,38944,55831,39228,28814,27595,20050,12138,1219,6963,305,17635,12554,11950,11431,9879,2386,519,604,570,314,293,34,5081,4762,2334,3147,319,-888888888,-888888888,-888888888,-888888888,-888888888,-888888888,-888888888,-888888888,-888888888,-888888888,-888888888,-888888888,-888888888,-888888888,-888888888,-888888888,-888888888,-888888888,-888888888
2021,Menifee County; Kentucky,4837,2172,2172,2054,118,0,2665,2172,-888888888,2346,1077,1077,980,452,244,861,393,2005,1597,164,0,9,0,235,39.7,2054,605,135,542,258,514,2054,52,230,506,21,165,104,228,122,40,24,73,422,72,56,125,2054,1567,295,192,0,2130,236,197,217,229,304,392,353,150,46,6,43313,52019,1365,56338,941,16321,488,18793,286,14794,39,4610,401,1464,94,37,134,168,285,244,312,138,46,6,50854,60789,19900,666,17955,32045,28297,46508,30628,6090,5689,2573,3809,401,1461,48,3500,2057,1946,1798,1422,450,148,111,44,5,42,67,1443,1305,261,1149,138,-888888888,-888888888,-888888888,-888888888,-888888888,-888888888,-888888888,-888888888,-888888888,-888888888,-888888888,-888888888,-888888888,-888888888,-888888888,-888888888,-888888888,-888888888,-888888888
2021,Mercer County; Kentucky,18093,10403,10364,9813,551,39,7690,10364,-888888888,9273,4956,4950,4648,1533,1066,3229,2388,9626,7749,1183,31,21,30,612,28.0,9813,3255,1577,1849,883,2249,9813,296,531,2019,21,167,95,1097,853,54,494,623,2145,698,267,641,9813,7908,1419,466,20,8909,608,446,726,1136,1235,1878,1197,1221,270,192,53750,65944,6279,68790,3428,19412,2338,22185,540,9479,124,2362,919,5571,212,38,301,602,649,1209,1013,1140,230,177,68928,81306,27874,3338,31441,37333,32923,46954,41460,22301,20952,14551,9966,1349,5209,298,12992,9594,9048,8303,7275,1275,745,546,431,217,279,115,3398,3207,1711,1953,191,-888888888,-888888888,-888888888,-888888888,-888888888,-888888888,-888888888,-888888888,-888888888,-888888888,-888888888,-888888888,-888888888,-888888888,-888888888,-888888888,-888888888,-888888888,-888888888
2021,Metcalfe County; Kentucky,8149,4457,4457,4309,148,0,3692,4457,-888888888,4191,2073,2073,2042,653,344,1629,1003,4255,3560,458,0,36,27,174,22.5,4309,1134,669,589,675,1242,4309,183,311,1061,21,169,110,522,195,12,187,246,775,284,205,218,4309,3326,630,310,43,4087,268,436,492,537,683,594,490,436,93,58,43196,53572,2780,59367,1721,18351,901,15269,364,6820,127,2030,584,2936,151,186,189,381,585,489,408,399,93,55,49434,62162,21349,1151,19651,28251,30813,43019,33389,10199,9775,6050,5333,424,2493,73,5851,4038,3904,3662,3144,797,242,134,112,63,49,22,1813,1731,524,1398,82,-888888888,-888888888,-888888888,-888888888,-888888888,-888888888,-888888888,-888888888,-888888888,-888888888,-888888888,-888888888,-888888888,-888888888,-888888888,-888888888,-888888888,-888888888,-888888888
2021,Monroe County; Kentucky,8979,5152,5152,4927,225,0,3827,5152,-888888888,4539,2261,2261,2152,724,498,1536,1097,4816,3836,577,22,96,51,234,28.6,4927,1578,496,1058,682,1113,4927,456,338,974,21,171,261,721,96,15,162,172,1191,116,190,235,4927,3498,819,566,44,4491,568,429,492,650,482,791,286,474,180,139,39334,58856,3135,65421,1955,16469,755,17721,395,7922,88,2961,732,2989,221,170,225,417,298,661,241,437,180,139,55639,74541,24577,1502,17500,26545,29852,40904,38533,11150,10452,5899,5901,698,2713,162,6442,4691,4474,4152,3451,913,322,217,175,31,144,42,1751,1579,413,1257,172,-888888888,-888888888,-888888888,-888888888,-888888888,-888888888,-888888888,-888888888,-888888888,-888888888,-888888888,-888888888,-888888888,-888888888,-888888888,-888888888,-888888888,-888888888,-888888888
2021,Montgomery County; Kentucky,22220,12314,12290,11457,833,24,9906,12290,-888888888,11607,5757,5757,5257,1896,1395,3915,3011,11271,9612,996,0,54,123,486,24.6,11457,2627,1744,2791,981,3314,11457,59,962,2574,21,173,179,1993,478,142,390,555,2414,834,373,504,11457,9503,1483,435,36,10748,934,594,1282,992,1622,2082,1616,1280,239,107,49313,58521,7486,62921,3875,18137,2448,21874,765,9444,156,7611,2113,7594,577,152,732,650,1192,1555,1272,1133,224,107,61111,65964,23223,3154,28842,36423,32642,45632,36217,27739,26064,15396,13892,1675,6953,293,16307,11114,10334,9552,8039,1766,782,780,712,258,486,68,5193,4661,1407,3511,532,-888888888,-888888888,-888888888,-888888888,-888888888,-888888888,-888888888,-888888888,-888888888,-888888888,-888888888,-888888888,-888888888,-888888888,-888888888,-888888888,-888888888,-888888888,-888888888
2021,Morgan County; Kentucky,11579,4226,4214,4035,179,12,7353,4214,-888888888,4917,1984,1984,1928,717,316,1675,801,3961,3291,376,14,11,6,263,33.4,4035,1138,516,985,644,752,4035,77,410,503,21,175,23,674,312,29,92,123,1143,81,169,399,4035,2840,955,226,14,4463,431,411,633,475,625,804,418,437,118,111,41664,57478,2510,68846,2156,17978,1183,23697,532,10151,95,1684,906,3129,251,119,294,325,484,674,362,391,122,107,54724,69450,20004,1334,17285,27569,30208,40559,35563,12246,11255,5867,6795,991,2726,286,7184,3881,3714,3311,2604,802,403,167,127,45,82,40,3303,3055,1115,2147,248,-888888888,-888888888,-888888888,-888888888,-888888888,-888888888,-888888888,-888888888,-888888888,-888888888,-888888888,-888888888,-888888888,-888888888,-888888888,-888888888,-888888888,-888888888,-888888888
2021,Muhlenberg County; Kentucky,25291,12924,12919,12159,760,5,12367,12919,-888888888,12730,6254,6254,5864,2004,1129,3836,2808,11501,10008,1021,2,78,202,190,23.6,12159,3476,2060,2744,1024,2855,12159,383,746,2039,21,177,199,1389,742,102,466,970,3178,792,573,580,12159,9632,1778,698,51,11456,693,767,1220,1674,1715,1877,1365,1272,479,394,46124,71723,7563,75302,5340,20317,3550,22075,862,9646,320,2702,1475,7919,370,334,596,706,1292,1611,1158,1083,425,344,61907,83918,28609,3537,27759,40225,30591,49852,35946,30283,28809,17928,15823,1474,6749,200,17305,11353,10658,9836,8291,1923,822,695,594,177,432,101,5952,5623,2317,3737,329,-888888888,-888888888,-888888888,-888888888,-888888888,-888888888,-888888888,-888888888,-888888888,-888888888,-888888888,-888888888,-888888888,-888888888,-888888888,-888888888,-888888888,-888888888,-888888888
2021,Nelson County; Kentucky,36600,23169,23120,22242,878,49,13431,23120,-888888888,18617,10743,10743,10257,3529,2715,6939,5278,21958,18724,1567,7,242,351,1067,25.1,22242,6982,3243,4019,2209,5789,22242,313,1389,5158,21,179,811,2511,1523,157,1110,1535,4589,1375,876,895,22242,18225,3000,1011,6,18163,599,615,1695,1796,2354,3335,2905,3056,1137,671,64354,81819,13990,82896,6177,19891,4536,27899,1144,10826,351,2831,1661,12647,218,204,622,815,1572,2587,2186,2787,1055,601,76338,96583,32121,5516,31618,44155,36419,52462,38813,46107,43496,33729,16761,2611,11460,519,27351,21385,20579,19228,17448,2721,1351,806,619,265,414,187,5966,5412,3155,3039,554,-888888888,-888888888,-888888888,-888888888,-888888888,-888888888,-888888888,-888888888,-888888888,-888888888,-888888888,-888888888,-888888888,-888888888,-888888888,-888888888,-888888888,-888888888,-888888888
2021,Nicholas County; Kentucky,5983,3095,3095,2967,128,0,2888,3095,-888888888,2998,1354,1354,1304,461,210,1088,807,2830,2352,333,0,34,20,91,38.8,2967,679,598,538,458,694,2967,195,244,538,21,181,28,443,192,6,58,99,736,207,118,103,2967,2349,421,197,0,2730,246,117,301,484,296,465,400,263,145,13,44306,58653,1931,60906,1050,18792,495,20183,355,9388,104,2413,446,1894,85,45,157,354,204,399,354,150,141,5,55769,64333,23023,836,26480,40741,31421,52390,36589,7423,7063,4226,4034,360,1885,69,4346,2817,2689,2528,1899,708,161,128,97,42,71,31,1529,1441,534,1111,88,-888888888,-888888888,-888888888,-888888888,-888888888,-888888888,-888888888,-888888888,-888888888,-888888888,-888888888,-888888888,-888888888,-888888888,-888888888,-888888888,-888888888,-888888888,-888888888
2021,Ohio County; Kentucky,18857,10720,10672,10187,485,48,8137,10672,-888888888,9494,5046,5046,4942,1348,821,3656,2585,9831,8335,947,9,133,52,355,25.6,10187,2874,1649,1716,1497,2451,10187,440,864,2051,21,183,86,915,471,68,383,756,2499,742,554,358,10187,7733,1648,800,6,8845,732,409,1029,865,1605,1580,1075,1206,202,142,48481,62781,6182,62071,3570,18814,2232,22549,836,10807,105,2662,864,6055,294,60,535,623,1194,1044,907,1075,192,131,57039,73035,24620,2790,25988,35790,29448,41020,32233,23545,22175,14171,11464,1370,6139,168,13344,9509,9101,8605,6885,2019,496,408,297,155,160,111,3835,3251,1395,2071,584,-888888888,-888888888,-888888888,-888888888,-888888888,-888888888,-888888888,-888888888,-888888888,-888888888,-888888888,-888888888,-888888888,-888888888,-888888888,-888888888,-888888888,-888888888,-888888888
2021,Oldham County; Kentucky,52262,34225,34157,32858,1299,68,18037,34157,-888888888,24394,15550,15550,14917,4027,2893,12708,8920,32489,25377,2497,22,219,170,4204,26.7,32858,15765,4081,7103,2089,3820,32858,307,1838,4116,21,185,754,3438,1910,583,3355,3972,7776,2261,1554,994,32858,27481,3758,1500,119,21934,327,350,925,1068,1608,2832,2832,4884,3070,4038,109815,142091,18626,138252,5959,24433,5283,36986,570,8880,253,2997,800,18101,155,233,446,561,850,2206,2492,4421,2898,3839,122367,156365,46833,3833,43553,67092,48058,79308,54745,64158,62206,54462,15080,1952,18233,513,37344,30930,29864,28774,27484,2015,1090,1066,986,584,449,80,6414,6152,5127,1614,262,-888888888,-888888888,-888888888,-888888888,-888888888,-888888888,-888888888,-888888888,-888888888,-888888888,-888888888,-888888888,-888888888,-888888888,-888888888,-888888888,-888888888,-888888888,-888888888
2021,Owen County; Kentucky,8944,5075,5075,4872,203,0,3869,5075,-888888888,4452,2153,2153,2067,687,531,1612,1153,4782,3747,608,10,127,22,268,39.8,4872,1473,796,802,651,1150,4872,170,428,1002,21,187,126,469,389,32,229,159,903,401,99,465,4872,3480,984,408,0,4167,253,263,468,388,540,905,434,632,163,121,52450,69230,2832,75379,1587,17770,1031,22312,276,9144,53,585,444,2843,124,52,246,193,359,668,350,582,159,110,67883,82343,27384,1324,25873,38686,36243,47590,43156,11066,10171,6934,4652,895,2521,109,6518,4691,4488,3937,3515,542,551,203,169,99,76,34,1827,1626,811,1024,201,-888888888,-888888888,-888888888,-888888888,-888888888,-888888888,-888888888,-888888888,-888888888,-888888888,-888888888,-888888888,-888888888,-888888888,-888888888,-888888888,-888888888,-888888888,-888888888
2021,Owsley County; Kentucky,3410,1243,1243,1048,195,0,2167,1243,-888888888,1829,491,491,446,296,203,339,220,1048,796,132,0,30,43,47,36.5,1048,300,284,134,165,165,1048,21,110,117,21,189,0,66,78,15,45,42,324,69,66,95,1048,652,284,112,0,1460,282,146,196,181,218,141,127,146,23,0,29340,44426,716,50304,793,16095,343,27368,429,10173,50,4088,467,895,67,56,72,185,117,146,99,130,23,0,43036,57486,18097,565,13125,20457,26132,37368,25139,4015,3869,1391,2941,146,886,0,2278,1012,840,802,549,284,38,172,151,14,143,21,1266,1179,280,994,87,-888888888,-888888888,-888888888,-888888888,-888888888,-888888888,-888888888,-888888888,-888888888,-888888888,-888888888,-888888888,-888888888,-888888888,-888888888,-888888888,-888888888,-888888888,-888888888
2021,Pendleton County; Kentucky,11559,6900,6900,6554,346,0,4659,6900,-888888888,5685,3147,3147,2946,859,777,2126,1659,6515,5563,389,48,129,19,367,36.3,6554,1715,872,1468,856,1643,6554,112,673,1055,21,191,178,834,704,82,176,434,1111,394,291,510,6554,5196,1059,241,58,5194,606,344,423,344,675,840,616,1035,236,75,57619,67821,3703,72938,2121,15958,1350,20371,367,8999,118,2177,736,3705,167,144,192,182,500,746,562,909,236,67,73018,80980,25869,1489,19345,30134,36223,51886,39803,14536,13899,9066,6591,637,3686,67,8563,6390,6044,5714,4914,1023,330,346,278,32,246,68,2173,2001,771,1419,172,-888888888,-888888888,-888888888,-888888888,-888888888,-888888888,-888888888,-888888888,-888888888,-888888888,-888888888,-888888888,-888888888,-888888888,-888888888,-888888888,-888888888,-888888888,-888888888
2021,Perry County; Kentucky,22558,11150,11150,9966,1184,0,11408,11150,-888888888,11423,5764,5764,5057,1443,824,4009,2587,9776,7314,1816,0,89,49,508,23.9,9966,3095,2092,2426,1339,1014,9966,556,894,318,21,193,226,1158,372,354,345,600,3636,519,279,709,9966,7403,2157,406,0,11252,1355,783,1321,1813,1122,1919,1150,1302,262,225,40577,63079,7139,73370,4473,19324,2754,19565,1869,9360,120,1020,2811,7888,854,315,689,1180,843,1305,1111,1199,248,144,50719,63663,25009,3364,24478,58971,30640,38980,38565,27871,26544,13390,17370,1327,6809,145,16583,10366,9325,8698,6357,2761,627,1041,830,59,788,211,6217,5873,1744,5007,344,-888888888,-888888888,-888888888,-888888888,-888888888,-888888888,-888888888,-888888888,-888888888,-888888888,-888888888,-888888888,-888888888,-888888888,-888888888,-888888888,-888888888,-888888888,-888888888
2021,Pike County; Kentucky,48170,20628,20628,18883,1745,0,27542,20628,-888888888,24729,9729,9729,9287,3549,2138,7711,3939,18502,15377,1675,90,370,178,812,24.7,18883,7045,3083,4199,1913,2643,18883,969,1011,1169,21,195,511,2649,980,224,939,1112,6070,1430,835,984,18883,14585,3647,628,23,23855,3475,1825,3719,2509,3317,3436,2385,2188,557,444,36910,54314,13307,61553,11432,19130,5563,23870,2891,9864,411,1692,4520,15862,1425,746,1858,1477,2624,2880,2025,1965,548,314,48827,64878,22870,7993,18933,31931,29903,43044,37131,58229,55120,31509,33481,3109,12988,346,34459,19081,17447,16247,13610,3446,1200,1634,1207,401,897,427,15378,14256,4952,11027,1122,-888888888,-888888888,-888888888,-888888888,-888888888,-888888888,-888888888,-888888888,-888888888,-888888888,-888888888,-888888888,-888888888,-888888888,-888888888,-888888888,-888888888,-888888888,-888888888
2021,Powell County; Kentucky,10084,5116,5116,4732,384,0,4968,5116,-888888888,4981,2361,2361,2207,1031,406,1618,845,4525,3968,365,9,30,14,139,29.0,4732,1296,763,1024,574,1075,4732,135,376,731,21,197,31,740,393,37,174,162,940,264,282,467,4732,3464,1025,178,65,4665,649,400,584,541,441,685,649,599,58,59,39493,54593,2988,58720,1995,17682,1129,22356,607,7638,55,1053,1066,3286,231,92,352,433,273,574,632,585,58,56,64375,66758,21320,1379,13200,23919,27829,52755,45192,12771,11994,7274,6546,777,3292,144,7533,4771,4436,4065,3403,922,371,335,287,106,181,48,2762,2595,996,1900,167,-888888888,-888888888,-888888888,-888888888,-888888888,-888888888,-888888888,-888888888,-888888888,-888888888,-888888888,-888888888,-888888888,-888888888,-888888888,-888888888,-888888888,-888888888,-888888888
2021,Pulaski County; Kentucky,51759,28094,28087,26507,1580,7,23665,28087,-888888888,26715,13688,13681,12828,4210,3426,8713,6044,25759,22410,2064,90,293,146,756,22.5,26507,8287,4657,6543,2437,4583,26507,464,1639,3537,21,199,525,3775,1284,534,1220,2029,6866,2128,1386,1120,26507,20532,4435,1355,185,25255,2802,2125,3302,2768,2871,3949,3370,2487,791,790,42652,64568,16921,69091,10584,16751,5781,23178,1898,9673,464,1982,3993,16195,1055,942,1781,1524,1769,2877,2848,1998,708,693,57042,74380,26936,9060,24139,39471,30002,42490,34921,63967,59871,35552,34022,4096,15311,692,36876,25383,23896,21841,17532,5790,2055,1487,1129,326,835,358,11493,10502,3670,7631,991,-888888888,-888888888,-888888888,-888888888,-888888888,-888888888,-888888888,-888888888,-888888888,-888888888,-888888888,-888888888,-888888888,-888888888,-888888888,-888888888,-888888888,-888888888,-888888888
2021,Robertson County; Kentucky,1725,914,914,835,79,0,811,914,-888888888,865,442,442,396,123,82,285,217,808,744,19,0,0,0,45,37.6,835,205,97,161,184,188,835,34,88,189,21,201,5,51,50,3,15,43,158,31,80,88,835,532,210,88,5,844,119,43,55,79,108,190,71,146,18,15,53833,69328,582,78349,369,16209,200,19070,65,7514,14,3686,225,558,45,5,40,26,79,144,105,82,18,14,66214,85125,25810,286,26912,30279,32717,44022,48359,2139,1989,1078,1174,150,545,45,1276,866,787,721,608,143,66,79,70,15,55,9,410,380,101,307,30,-888888888,-888888888,-888888888,-888888888,-888888888,-888888888,-888888888,-888888888,-888888888,-888888888,-888888888,-888888888,-888888888,-888888888,-888888888,-888888888,-888888888,-888888888,-888888888
2021,Rockcastle County; Kentucky,13148,6497,6497,6028,469,0,6651,6497,-888888888,6689,2974,2974,2730,906,551,2053,1370,5842,4909,403,0,189,20,321,24.1,6028,1833,840,1289,713,1353,6028,116,477,1297,21,203,7,690,351,95,274,350,1564,395,188,224,6028,4540,1081,407,0,6307,737,408,1234,492,862,1037,651,634,106,146,40406,57950,3927,66694,2618,16627,1343,20495,804,10083,228,3695,1295,4285,373,136,582,358,586,854,600,546,106,144,53883,71485,24492,2022,19155,28384,30736,47809,32299,15883,15074,8357,8957,809,3703,41,9412,6159,5697,5288,4079,1520,409,462,327,123,204,135,3253,3029,721,2466,224,-888888888,-888888888,-888888888,-888888888,-888888888,-888888888,-888888888,-888888888,-888888888,-888888888,-888888888,-888888888,-888888888,-888888888,-888888888,-888888888,-888888888,-888888888,-888888888
2021,Rowan County; Kentucky,20466,11035,11035,10593,442,0,9431,11035,-888888888,10700,5540,5540,5380,1618,703,2710,2045,10191,7897,921,63,553,179,578,22.2,10593,4325,1725,1820,829,1894,10593,125,662,863,21,205,94,1243,553,118,524,513,3911,1117,364,506,10593,7552,2608,333,100,8819,885,554,986,1170,1217,1391,823,1028,378,387,45681,68101,6243,69249,3172,17951,1803,28351,726,11597,306,3056,2118,5223,193,157,498,589,762,799,621,931,360,313,64427,87187,25416,3596,28344,39486,22519,44819,35798,24388,23058,14820,11129,1330,5895,125,15184,10411,10046,9258,7234,2446,788,365,365,272,114,0,4773,4356,2166,2609,417,-888888888,-888888888,-888888888,-888888888,-888888888,-888888888,-888888888,-888888888,-888888888,-888888888,-888888888,-888888888,-888888888,-888888888,-888888888,-888888888,-888888888,-888888888,-888888888
2021,Russell County; Kentucky,14242,7580,7580,7066,514,0,6662,7580,-888888888,7260,3661,3661,3532,1208,846,2386,1944,6916,5974,547,11,100,60,224,19.7,7066,2093,1125,1533,811,1504,7066,163,447,1496,21,207,171,908,157,108,261,420,1714,662,321,238,7066,5504,1106,456,0,6982,630,779,746,933,781,1154,983,705,130,141,41851,55231,4382,59137,2873,18099,1803,24847,737,9132,138,3294,1183,4551,379,260,378,450,479,888,875,583,130,129,57164,65686,22650,2431,25075,34312,28403,40747,34073,17694,16684,9108,10054,1010,4359,218,9888,6967,6548,5944,4735,1465,604,419,378,93,285,41,2921,2774,925,2147,147,-888888888,-888888888,-888888888,-888888888,-888888888,-888888888,-888888888,-888888888,-888888888,-888888888,-888888888,-888888888,-888888888,-888888888,-888888888,-888888888,-888888888,-888888888,-888888888
2021,Scott County; Kentucky,43327,29443,29399,28445,954,44,13884,29399,-888888888,21976,13798,13793,13238,4175,3137,8916,6709,27938,22917,2500,0,270,135,2116,21.7,28445,10541,3748,5280,2358,6518,28445,518,1371,7215,21,209,633,2767,1052,300,1209,2712,6036,2138,1162,1332,28445,22660,4454,1281,50,21347,871,637,948,1734,2717,4070,3018,4276,1700,1376,73113,90553,17732,89092,5683,20202,4790,26779,856,12102,252,2989,1606,15403,500,203,453,809,1673,2828,2490,3678,1531,1238,85650,102193,34912,5944,43500,57006,41636,60063,41644,56006,53224,43530,15507,2782,14808,420,34371,27622,26758,24803,23470,2107,1955,864,787,598,190,77,6749,6419,3948,3124,330,-888888888,-888888888,-888888888,-888888888,-888888888,-888888888,-888888888,-888888888,-888888888,-888888888,-888888888,-888888888,-888888888,-888888888,-888888888,-888888888,-888888888,-888888888,-888888888
2021,Shelby County; Kentucky,38198,24853,24775,23859,916,78,13345,24775,-888888888,19952,11846,11846,11332,3396,2395,6893,4887,23443,18045,2531,116,225,398,2128,26.3,23859,8522,3284,5001,2228,4824,23859,845,1976,4319,21,211,457,2903,1470,368,1774,1614,4884,1411,854,984,23859,19299,2943,1491,126,17046,763,421,1282,1304,2101,2739,2497,3242,1358,1339,73974,93442,13679,92190,5652,20403,4132,28450,994,9389,155,3774,1672,12388,228,171,554,815,1346,2220,1907,2680,1275,1192,88494,105431,34732,4658,35994,56602,35628,56485,42481,46526,42959,32318,16386,3567,11272,492,27847,22407,21579,19305,17236,2417,2274,828,601,203,411,227,5440,4901,2847,2398,539,-888888888,-888888888,-888888888,-888888888,-888888888,-888888888,-888888888,-888888888,-888888888,-888888888,-888888888,-888888888,-888888888,-888888888,-888888888,-888888888,-888888888,-888888888,-888888888
2021,Simpson County; Kentucky,15154,8720,8720,8360,360,0,6434,8720,-888888888,7726,4008,4008,3871,1299,901,2620,1813,8188,6396,1287,0,44,118,343,21.1,8360,2030,1329,1759,844,2398,8360,169,461,2133,21,213,334,1139,582,84,234,495,1262,597,563,307,8360,6648,968,744,0,7222,627,265,576,653,1262,1645,1053,712,246,183,53420,63920,5468,63479,2423,21333,1751,23169,305,10124,166,3803,810,4872,250,108,165,298,760,1372,922,614,200,183,63534,75591,25186,2350,27995,36248,33486,49044,34798,18983,17654,11852,8274,1329,4796,206,11037,7893,7552,6861,6089,1022,691,341,264,117,147,77,3144,2798,1277,1730,346,-888888888,-888888888,-888888888,-888888888,-888888888,-888888888,-888888888,-888888888,-888888888,-888888888,-888888888,-888888888,-888888888,-888888888,-888888888,-888888888,-888888888,-888888888,-888888888
2021,Spencer County; Kentucky,15472,10566,10559,9957,602,7,4906,10559,-888888888,7634,4874,4867,4638,1196,901,2898,2355,9625,8104,683,9,50,56,723,32.6,9957,3438,1175,2117,1309,1918,9957,91,970,1680,21,215,67,1248,742,59,774,767,2312,571,357,319,9957,8307,1215,389,46,6892,263,64,356,432,621,850,1321,1770,750,465,92973,103694,5658,103638,2114,22198,1816,30853,343,10536,100,3242,429,5556,50,6,137,387,496,724,1074,1604,634,444,98389,112077,37946,1336,34583,59306,42972,57580,45593,19147,18393,15127,5745,754,4730,44,11798,9473,8987,8609,8030,946,378,486,403,336,87,83,2325,2084,1322,912,241,-888888888,-888888888,-888888888,-888888888,-888888888,-888888888,-888888888,-888888888,-888888888,-888888888,-888888888,-888888888,-888888888,-888888888,-888888888,-888888888,-888888888,-888888888,-888888888
2021,Taylor County; Kentucky,20635,12735,12639,11845,794,96,7900,12639,-888888888,10619,5987,5983,5518,1839,1230,3853,2731,11566,9093,922,9,332,136,1074,21.3,11845,3311,1757,2653,1305,2819,11845,294,541,2502,21,217,215,2153,560,160,365,611,3140,681,324,299,11845,9828,1303,625,89,9771,719,455,1093,678,1484,2006,1682,987,395,272,56890,69766,7393,68478,3818,19493,2705,17235,796,9524,178,4274,1361,6478,188,106,514,392,889,1522,1286,940,395,246,66258,83213,27010,3293,28339,41566,30786,45676,36877,25491,24655,16651,11962,836,6535,138,14557,10509,9841,9491,8421,1432,350,668,543,64,494,125,4048,3825,1790,2534,223,-888888888,-888888888,-888888888,-888888888,-888888888,-888888888,-888888888,-888888888,-888888888,-888888888,-888888888,-888888888,-888888888,-888888888,-888888888,-888888888,-888888888,-888888888,-888888888
2021,Todd County; Kentucky,9275,5176,5162,4985,177,14,4099,5162,-888888888,4552,2192,2192,2110,997,401,1971,1096,4938,3569,728,0,84,244,313,24.6,4985,1686,543,760,685,1311,4985,634,297,1123,21,219,116,379,259,26,148,198,1242,163,208,192,4985,3438,890,597,60,4355,421,306,330,514,414,821,591,694,111,153,54823,71577,3129,78192,1609,18562,926,18281,278,10556,98,2279,681,3134,155,133,156,254,377,735,541,537,102,144,62485,84651,26359,1221,23098,33542,35425,53099,32934,12031,9541,5912,4843,2490,3430,896,6646,4588,4416,3532,3063,602,884,172,97,19,78,75,2058,1481,532,1065,577,-888888888,-888888888,-888888888,-888888888,-888888888,-888888888,-888888888,-888888888,-888888888,-888888888,-888888888,-888888888,-888888888,-888888888,-888888888,-888888888,-888888888,-888888888,-888888888
2021,Trigg County; Kentucky,11312,6020,5981,5688,293,39,5292,5981,-888888888,5822,2841,2841,2686,859,421,2121,1184,5635,4547,530,0,25,69,464,25.2,5688,1819,901,935,641,1392,5688,238,321,890,21,221,38,630,396,31,213,265,1403,450,360,453,5688,3778,1481,429,0,5755,332,547,556,663,574,1121,822,564,412,164,53693,66814,3849,68167,2594,19331,1870,21859,239,11315,68,2616,650,3947,129,153,339,344,358,904,671,521,412,116,64517,77457,28133,1808,27228,42193,34117,47238,36806,13994,12465,8573,6598,1529,3353,706,7513,5051,4874,4519,3769,976,355,177,79,50,29,98,2462,2092,1423,1127,370,-888888888,-888888888,-888888888,-888888888,-888888888,-888888888,-888888888,-888888888,-888888888,-888888888,-888888888,-888888888,-888888888,-888888888,-888888888,-888888888,-888888888,-888888888,-888888888
2021,Trimble County; Kentucky,6940,4193,4193,3801,392,0,2747,4193,-888888888,3416,1934,1934,1737,445,305,1168,863,3672,2932,478,0,52,64,146,27.7,3801,968,546,521,587,1179,3801,98,208,1114,21,223,37,333,443,25,125,446,522,160,138,152,3801,3029,394,330,48,3238,214,205,328,219,450,734,349,495,117,127,62125,68832,2271,73704,1232,19938,786,24411,239,8286,80,3086,349,2191,111,32,137,176,246,648,235,372,112,122,68721,78456,26799,1047,31680,46236,35354,51633,34984,8455,7998,5423,3788,457,1932,124,5063,3840,3562,3362,2994,526,200,278,242,125,123,36,1223,1126,366,823,97,-888888888,-888888888,-888888888,-888888888,-888888888,-888888888,-888888888,-888888888,-888888888,-888888888,-888888888,-888888888,-888888888,-888888888,-888888888,-888888888,-888888888,-888888888,-888888888
2021,Union County; Kentucky,11576,6341,6341,6095,246,0,5235,6341,-888888888,5465,2885,2885,2774,805,470,1409,998,6069,5110,452,0,230,99,178,24.7,6095,1458,1127,1101,1093,1316,6095,820,477,1086,21,225,58,663,286,24,91,574,1219,435,170,192,6095,4773,1036,264,22,4934,356,201,472,548,858,998,605,604,203,89,50533,61614,3507,64057,1731,20853,1382,20014,312,9800,64,1859,604,3413,128,58,200,281,486,906,519,608,144,83,59497,73363,24173,1521,29736,32611,30156,42514,30655,13645,12890,9455,5456,755,2624,125,8744,5991,5756,5405,4950,593,351,235,199,32,167,36,2753,2510,1296,1346,243,-888888888,-888888888,-888888888,-888888888,-888888888,-888888888,-888888888,-888888888,-888888888,-888888888,-888888888,-888888888,-888888888,-888888888,-888888888,-888888888,-888888888,-888888888,-888888888
2021,Warren County; Kentucky,105919,71537,71501,68151,3350,36,34382,71501,-888888888,53904,33692,33692,32322,9731,6393,19079,13867,64794,51739,7360,53,2015,1027,2600,20.4,68151,23418,12356,14533,5322,12522,68151,805,3732,10805,21,227,1991,8475,3844,512,2867,6285,16841,7644,2869,1481,68151,55110,9334,3542,165,51010,3268,2241,5168,4986,6863,9442,6886,7024,2613,2519,57625,81129,41385,78968,14488,18944,10048,29300,2559,10518,1279,3002,6337,32064,1344,757,2316,2491,4059,5942,5136,5662,2194,2163,71992,96944,31601,18946,35203,51277,29288,51529,38633,132068,124488,89810,50826,7580,33862,653,81575,64666,61832,56790,49144,9543,5042,2834,2438,1064,1413,396,16909,15498,8396,8375,1411,-888888888,-888888888,-888888888,-888888888,-888888888,-888888888,-888888888,-888888888,-888888888,-888888888,-888888888,-888888888,-888888888,-888888888,-888888888,-888888888,-888888888,-888888888,-888888888
2021,Washington County; Kentucky,9472,5816,5816,5551,265,0,3656,5816,-888888888,4855,2771,2771,2684,771,567,1862,1169,5480,4300,570,13,61,133,403,23.4,5551,1795,859,816,707,1374,5551,292,437,1214,21,229,77,509,216,64,222,236,1414,465,259,146,5551,4205,684,635,27,4642,167,435,461,340,507,924,772,665,145,226,59049,73199,3508,76331,1822,18899,1139,18878,297,6681,20,3255,446,3047,81,102,158,171,322,682,597,605,110,219,75536,89300,28402,1595,27534,42088,33999,52482,38318,11845,10611,7481,4712,1234,2937,451,6825,5080,4871,4293,3738,629,578,209,209,108,124,0,1745,1540,586,1067,205,-888888888,-888888888,-888888888,-888888888,-888888888,-888888888,-888888888,-888888888,-888888888,-888888888,-888888888,-888888888,-888888888,-888888888,-888888888,-888888888,-888888888,-888888888,-888888888
2021,Wayne County; Kentucky,16142,7792,7792,7319,473,0,8350,7792,-888888888,8218,3654,3654,3504,1170,662,2323,1653,7153,5736,850,38,41,53,435,23.3,7319,1731,1113,1779,682,2014,7319,379,298,1648,21,231,131,924,476,102,262,360,1727,460,196,356,7319,5729,1164,414,12,7856,622,683,1172,972,1043,1670,630,666,269,129,41237,59407,4830,65136,3584,17271,1699,27783,964,11990,113,2766,1081,5275,273,117,542,620,789,1405,590,577,269,93,54902,69566,25839,2581,17972,35700,27526,35714,31645,19462,17942,9830,10728,1520,4261,176,11252,7015,6574,5878,4880,1233,696,441,165,36,135,276,4237,3865,1318,2823,372,-888888888,-888888888,-888888888,-888888888,-888888888,-888888888,-888888888,-888888888,-888888888,-888888888,-888888888,-888888888,-888888888,-888888888,-888888888,-888888888,-888888888,-888888888,-888888888
2021,Webster County; Kentucky,10303,5523,5523,5228,295,0,4780,5523,-888888888,5224,2629,2629,2468,911,683,1700,1153,5128,4333,596,0,87,26,86,27.2,5228,1147,759,798,695,1829,5228,354,393,1602,21,233,83,530,374,18,161,145,938,224,209,197,5228,4161,764,303,0,4759,397,368,562,543,614,884,514,641,119,117,47051,61141,3089,67279,1869,19677,1138,24242,488,10436,139,1603,585,3220,89,147,277,346,416,650,438,630,112,115,58984,75092,23759,1539,22516,28021,31220,44420,32663,12699,11946,7936,5588,753,3142,89,7392,5059,4783,4395,3980,516,388,276,209,70,139,67,2333,2137,670,1605,196,-888888888,-888888888,-888888888,-888888888,-888888888,-888888888,-888888888,-888888888,-888888888,-888888888,-888888888,-888888888,-888888888,-888888888,-888888888,-888888888,-888888888,-888888888,-888888888
2021,Whitley County; Kentucky,28218,14249,14227,13289,938,22,13969,14227,-888888888,14471,7204,7204,6855,2758,1570,5557,3694,12897,10024,1836,13,368,0,656,21.8,13289,4523,2820,2673,934,2339,13289,176,668,1678,21,235,291,1883,638,200,367,878,3990,1381,506,633,13289,10093,2467,695,34,12774,1156,1251,1598,1733,1625,2142,1403,1418,201,247,41817,57293,8375,60164,5069,18312,2734,29188,1524,9929,360,2694,2414,8958,703,631,700,1221,1178,1597,1237,1327,177,187,50612,64367,20633,3816,22071,37369,24965,40663,33440,36073,33326,18190,19528,2747,9856,576,20734,13316,12410,11060,8928,2708,1350,906,758,133,625,148,7418,6750,1898,5321,668,-888888888,-888888888,-888888888,-888888888,-888888888,-888888888,-888888888,-888888888,-888888888,-888888888,-888888888,-888888888,-888888888,-888888888,-888888888,-888888888,-888888888,-888888888,-888888888
2021,Wolfe County; Kentucky,5355,1754,1740,1271,469,14,3601,1740,-888888888,2747,992,992,633,419,169,894,402,1268,1019,224,0,1,14,10,23.3,1271,274,424,311,150,112,1271,26,89,123,21,237,18,244,52,2,0,91,338,98,93,97,1271,801,349,121,0,2470,379,300,581,306,415,325,65,70,29,0,24349,33514,1101,33433,1271,15278,515,19416,870,11038,109,2344,889,1532,270,98,262,194,363,222,31,63,29,0,31513,37643,13052,938,16625,24011,15770,35625,21625,6514,6438,2257,5360,76,1495,9,3825,1588,1174,1161,775,524,13,414,414,111,381,0,2237,2183,349,1991,54,-888888888,-888888888,-888888888,-888888888,-888888888,-888888888,-888888888,-888888888,-888888888,-888888888,-888888888,-888888888,-888888888,-888888888,-888888888,-888888888,-888888888,-888888888,-888888888
2021,Woodford County; Kentucky,21518,14005,13970,13603,367,35,7513,13970,-888888888,11433,6885,6858,6677,1916,1204,3841,2835,13510,10881,853,19,195,163,1399,23.0,13603,5691,2269,2598,1115,1930,13603,888,598,1344,21,239,660,1429,487,259,713,1405,2983,953,1002,882,13603,10194,2225,1162,22,10395,429,185,712,1108,1410,1476,1465,2118,1009,483,72765,87170,8291,80628,3669,22292,2930,28858,391,11538,89,3665,674,7402,138,44,120,718,867,980,1283,1853,943,456,90063,101846,35150,2993,36477,46970,38758,54036,42706,26629,25575,20150,9673,1054,6524,273,15155,12207,11964,11359,10098,1560,605,243,229,130,137,14,2948,2793,1683,1416,155,-888888888,-888888888,-888888888,-888888888,-888888888,-888888888,-888888888,-888888888,-888888888,-888888888,-888888888,-888888888,-888888888,-888888888,-888888888,-888888888,-888888888,-888888888,-888888888
