year,county_name,households_by_type_total_households,households_by_type_total_households_married_couple,households_by_type_total_households_married_couple,households_by_type_total_households_cohabiting_cou,households_by_type_total_households_cohabiting_cou,households_by_type_total_households_male_household,households_by_type_total_households_male_household,households_by_type_total_households_male_household,households_by_type_total_households_male_household,households_by_type_total_households_female_househo,households_by_type_total_households_female_househo,households_by_type_total_households_female_househo,households_by_type_total_households_female_househo,households_by_type_total_households_households_wit,households_by_type_total_households_households_wit,households_by_type_total_households_average_househ,households_by_type_total_households_average_family,relationship_population_in_households,relationship_population_in_households_householder,relationship_population_in_households_spouse,relationship_population_in_households_unmarried_pa,relationship_population_in_households_child,relationship_population_in_households_other_relati,relationship_population_in_households_other_nonrel,marital_status_males_15_years_and_over,marital_status_males_15_years_and_over_never_marri,marital_status_males_15_years_and_over_now_married,marital_status_males_15_years_and_over_separated,marital_status_males_15_years_and_over_widowed,marital_status_males_15_years_and_over_divorced,marital_status_females_15_years_and_over,marital_status_females_15_years_and_over_never_mar,marital_status_females_15_years_and_over_now_marri,marital_status_females_15_years_and_over_separated,marital_status_females_15_years_and_over_widowed,marital_status_females_15_years_and_over_divorced,fertility_number_of_women_15_to_50_years_old_who_h,fertility_number_of_women_15_to_50_years_old_who_h,fertility_number_of_women_15_to_50_years_old_who_h,fertility_number_of_women_15_to_50_years_old_who_h,fertility_number_of_women_15_to_50_years_old_who_h,fertility_number_of_women_15_to_50_years_old_who_h,fertility_number_of_women_15_to_50_years_old_who_h,grandparents_number_of_grandparents_living_with_ow,grandparents_number_of_grandparents_living_with_ow,state_fips,county_fips,grandparents_number_of_grandparents_living_with_ow,grandparents_number_of_grandparents_living_with_ow,grandparents_number_of_grandparents_living_with_ow,grandparents_number_of_grandparents_living_with_ow,grandparents_number_of_grandparents_responsible_fo,grandparents_number_of_grandparents_responsible_fo,grandparents_number_of_grandparents_responsible_fo,school_enrollment_population_3_years_and_over_enro,school_enrollment_population_3_years_and_over_enro,school_enrollment_population_3_years_and_over_enro,school_enrollment_population_3_years_and_over_enro,school_enrollment_population_3_years_and_over_enro,school_enrollment_population_3_years_and_over_enro,educational_attainment_population_25_years_and_ove,educational_attainment_population_25_years_and_ove,educational_attainment_population_25_years_and_ove,educational_attainment_population_25_years_and_ove,educational_attainment_population_25_years_and_ove,educational_attainment_population_25_years_and_ove,educational_attainment_population_25_years_and_ove,educational_attainment_population_25_years_and_ove,educational_attainment_population_25_years_and_ove,educational_attainment_population_25_years_and_ove,veteran_status_civilian_population_18_years_and_ov,veteran_status_civilian_population_18_years_and_ov,disability_status_of_the_civilian_noninstitutional,disability_status_of_the_civilian_noninstitutional,disability_status_of_the_civilian_noninstitutional,disability_status_of_the_civilian_noninstitutional,disability_status_of_the_civilian_noninstitutional,disability_status_of_the_civilian_noninstitutional,disability_status_of_the_civilian_noninstitutional,disability_status_of_the_civilian_noninstitutional,residence_1_year_ago_population_1_year_and_over,residence_1_year_ago_population_1_year_and_over_sa,residence_1_year_ago_population_1_year_and_over_di,residence_1_year_ago_population_1_year_and_over_di,residence_1_year_ago_population_1_year_and_over_di,residence_1_year_ago_population_1_year_and_over_di,residence_1_year_ago_population_1_year_and_over_di,residence_1_year_ago_population_1_year_and_over_di,residence_1_year_ago_population_1_year_and_over_di,place_of_birth_total_population,place_of_birth_total_population_native,place_of_birth_total_population_native_born_in_uni,place_of_birth_total_population_native_born_in_uni,place_of_birth_total_population_native_born_in_uni,place_of_birth_total_population_native_born_in_pue,place_of_birth_total_population_foreign_born,u.s._citizenship_status_foreign_born_population,u.s._citizenship_status_foreign_born_population_na,u.s._citizenship_status_foreign_born_population_no,year_of_entry_population_born_outside_the_united_s,year_of_entry_population_born_outside_the_united_s,year_of_entry_population_born_outside_the_united_s,year_of_entry_population_born_outside_the_united_s,year_of_entry_population_born_outside_the_united_s,year_of_entry_population_born_outside_the_united_s,year_of_entry_population_born_outside_the_united_s,world_region_of_birth_of_foreign_born_foreign_born,world_region_of_birth_of_foreign_born_foreign_born,world_region_of_birth_of_foreign_born_foreign_born,world_region_of_birth_of_foreign_born_foreign_born,world_region_of_birth_of_foreign_born_foreign_born,world_region_of_birth_of_foreign_born_foreign_born,world_region_of_birth_of_foreign_born_foreign_born,language_spoken_at_home_population_5_years_and_ove,language_spoken_at_home_population_5_years_and_ove,language_spoken_at_home_population_5_years_and_ove,language_spoken_at_home_population_5_years_and_ove,language_spoken_at_home_population_5_years_and_ove,language_spoken_at_home_population_5_years_and_ove,language_spoken_at_home_population_5_years_and_ove,language_spoken_at_home_population_5_years_and_ove,language_spoken_at_home_population_5_years_and_ove,language_spoken_at_home_population_5_years_and_ove,language_spoken_at_home_population_5_years_and_ove,language_spoken_at_home_population_5_years_and_ove,ancestry_total_population,ancestry_total_population_american,ancestry_total_population_arab,ancestry_total_population_czech,ancestry_total_population_danish,ancestry_total_population_dutch,ancestry_total_population_english,ancestry_total_population_french_except_basque,ancestry_total_population_french_canadian,ancestry_total_population_german,ancestry_total_population_greek,ancestry_total_population_hungarian,ancestry_total_population_irish,ancestry_total_population_italian,ancestry_total_population_lithuanian,ancestry_total_population_norwegian,ancestry_total_population_polish,ancestry_total_population_portuguese,ancestry_total_population_russian,ancestry_total_population_scotch_irish,ancestry_total_population_scottish,ancestry_total_population_slovak,ancestry_total_population_subsaharan_african,ancestry_total_population_swedish,ancestry_total_population_swiss,ancestry_total_population_ukrainian,ancestry_total_population_welsh,ancestry_total_population_west_indian_excluding_hi,computers_and_internet_use_total_households,computers_and_internet_use_total_households_with_a,computers_and_internet_use_total_households_with_a
2022,Appling County; Georgia,6890,3973,1500,275,129,768,163,537,176,1874,333,1095,575,2328,2136,2.61,3.04,17980,6890,3953,278,4820,1707,332,7406,1889,4659,128,121,609,7305,1577,3869,398,726,735,188,30,18,50,0,91,31,541,185,13,001,15,38,16,116,185,131,93,4281,330,190,2190,1029,542,12283,989,1660,4675,2630,1098,676,555,9634,1231,13884,637,18081,2432,4525,81,10425,1152,3131,1199,18272,16277,1995,1983,1557,426,364,62,12,18441,17280,17238,14462,2776,42,1161,1161,332,829,1203,42,0,42,1161,322,839,1161,115,149,0,0,897,0,17295,15555,1740,670,1434,592,122,17,122,54,62,7,18441,2023,35,0,0,24,793,157,0,362,0,0,829,93,0,0,13,2,0,15,113,0,4,21,0,0,63,25,6890,6233,4769
2022,Atkinson County; Georgia,3063,1796,747,134,60,382,43,269,96,751,176,423,262,1263,812,2.69,3.11,8232,3063,1731,190,2257,783,208,3171,680,2057,101,68,265,3349,936,1711,136,213,353,191,69,75,96,18,185,65,340,183,13,003,25,9,14,135,183,88,138,1827,49,124,917,596,141,5468,931,686,1899,946,385,306,315,3851,621,6142,313,8236,1059,2123,106,5015,539,1098,414,8106,7634,472,472,245,227,224,3,0,8265,7131,7067,6028,1039,64,1134,1134,124,1010,1198,64,0,64,1134,428,706,1134,0,0,0,0,1134,0,7753,5847,1906,1183,1906,1183,0,0,0,0,0,0,8265,594,0,0,0,3,421,29,0,182,0,0,490,61,0,73,13,0,0,89,33,0,3,0,0,0,0,0,3063,2708,2258
2022,Bacon County; Georgia,3909,1736,566,203,109,564,55,318,177,1406,364,816,454,1293,1369,2.70,3.31,10556,3909,1689,265,3238,1019,436,4278,1387,1986,112,142,651,4518,1209,1965,202,535,607,113,36,26,45,0,90,25,230,175,13,005,0,0,22,153,175,96,163,2524,15,118,1381,658,352,7324,436,687,2800,1949,653,373,426,6201,799,8277,548,10549,2356,2848,273,5900,1176,1801,907,11054,10211,843,825,366,459,386,73,18,11138,10759,10736,8706,2030,23,379,379,135,244,402,23,0,23,379,45,334,379,0,70,0,0,309,0,10359,9663,696,172,584,107,55,25,38,21,19,19,11138,710,0,0,0,0,752,41,11,565,0,0,1029,0,0,0,0,21,0,66,297,0,1,5,21,0,11,23,3909,3403,3039
2022,Baker County; Georgia,1097,486,95,101,71,238,0,180,112,272,44,142,74,258,533,2.60,3.25,2849,1097,480,82,952,229,9,1153,395,611,9,30,108,1282,462,560,9,101,150,21,17,34,33,0,48,18,64,32,13,007,9,21,2,0,32,10,21,675,53,33,221,206,162,2055,86,208,737,345,289,227,163,1761,390,2325,156,2878,454,553,26,1561,190,764,238,2867,2794,73,73,53,20,19,1,0,2878,2791,2711,2247,464,80,87,87,43,44,167,80,11,69,87,22,65,87,0,67,0,0,20,0,2794,2489,305,85,28,20,0,0,277,65,0,0,2878,486,0,0,0,0,173,26,0,54,0,0,101,0,0,0,0,0,0,1,6,0,22,0,0,0,3,0,1097,781,634
2022,Baldwin County; Georgia,15853,5970,1737,979,294,3594,264,2340,498,5310,1424,2543,1295,4349,4726,2.44,3.08,38657,15853,6109,838,10720,3079,2058,18626,9004,6801,298,442,2081,18402,7920,6045,315,1667,2455,522,258,32,48,4,88,29,1006,459,13,009,77,132,91,159,459,350,130,12902,321,348,3886,2357,5990,27849,1089,2957,8876,6012,2384,3770,2761,23803,6531,35535,2083,41217,6425,8078,175,26435,3428,6704,2822,43423,37024,6399,6315,3008,3307,2762,545,84,43778,42653,42245,34056,8189,408,1125,1125,644,481,1533,408,95,313,1125,168,957,1125,109,441,17,23,527,8,41728,40026,1702,480,794,234,209,26,629,220,70,0,43778,4172,98,8,8,91,3587,324,58,2296,21,58,3019,780,37,52,126,0,11,242,423,0,577,79,21,0,172,168,15853,14467,13369
2022,Banks County; Georgia,6667,4016,1524,186,82,872,20,584,248,1593,213,920,493,2209,2259,2.76,3.18,18381,6667,3987,203,5304,1588,632,7703,1785,4479,90,200,1149,7519,1494,4174,154,833,864,229,23,14,58,0,110,24,613,126,13,011,0,16,19,91,126,87,110,3836,140,236,1829,1087,544,12937,829,1836,4434,2495,1128,1372,843,10272,2215,14412,902,18370,3473,3958,235,11305,1712,3107,1526,18249,17089,1160,1106,151,955,806,149,54,18381,17351,17330,13698,3632,21,1030,1030,462,568,1051,21,0,21,1030,45,985,1030,92,175,0,0,752,11,17470,16073,1397,500,1162,478,215,8,14,14,6,0,18381,2476,12,31,21,40,2311,147,23,1104,32,18,1748,96,0,20,101,57,10,172,501,0,0,35,56,11,98,0,6667,5996,5587
2022,Barrow County; Georgia,28781,15854,7026,2149,874,3689,295,2380,666,7089,2063,3108,1605,11469,7504,2.92,3.34,84117,28781,15882,2117,27315,7947,2075,32705,10878,17649,539,676,2963,34001,9025,16998,1046,2295,4637,1175,314,30,57,4,106,27,2708,815,13,013,195,141,154,325,815,471,482,21057,1447,1039,9820,5019,3732,55726,2777,4131,18698,13334,4986,7743,4057,48818,11800,62882,3693,84157,11059,21478,1259,52121,6109,10558,3691,83425,73502,9923,9785,2334,7451,6014,1437,138,84399,76833,75415,47589,27826,1418,7566,7566,4253,3313,8984,1418,309,1109,7566,1093,6473,7566,686,1484,372,3,4904,117,78992,66675,12317,4682,8284,3300,1584,331,2239,973,210,78,84399,6495,223,94,105,523,9484,1142,189,6460,143,188,7214,1905,92,388,1342,19,137,804,1589,28,483,274,41,459,343,1340,28781,27662,26639
2022,Bartow County; Georgia,38429,21848,8449,2146,766,6452,610,4482,1255,7983,1754,3779,2127,13329,10698,2.82,3.29,108370,38429,21606,2394,33613,9898,2430,43877,12998,23251,786,1956,4886,44428,10474,23758,1214,3967,5015,1651,449,38,64,20,125,18,4381,1312,13,015,191,275,305,541,1312,821,777,25649,1586,1019,11615,6390,5039,73182,3036,5838,27244,15948,5724,10517,4875,64308,15392,83464,5767,108314,12924,25813,1227,67303,6607,15198,5090,108302,96719,11583,11432,4715,6717,5858,859,151,109410,104399,103524,73321,30203,875,5011,5011,2276,2735,5886,875,262,613,5011,864,4147,5011,513,972,171,26,3162,167,102635,93695,8940,3563,7156,3252,1365,151,197,69,222,91,109410,15714,200,44,289,741,12181,1360,151,7628,154,52,9662,2472,14,343,579,80,221,1106,2729,74,917,408,68,96,741,442,38429,36256,31338
2022,Ben Hill County; Georgia,7126,2673,777,358,99,1478,156,1137,337,2617,695,1126,545,2171,2207,2.36,2.97,16841,7126,2656,375,4645,1731,308,6296,2577,2791,202,252,474,7426,2665,2852,244,787,878,201,91,34,51,0,104,15,453,300,13,017,0,112,45,143,300,211,176,3620,150,176,2035,822,437,11502,596,1274,5905,1485,839,1003,400,9632,1403,12915,927,16814,2018,4215,263,9728,835,2871,920,16984,15244,1740,1725,990,735,588,147,15,17169,16774,16590,13420,3170,184,395,395,82,313,579,184,0,184,395,49,346,395,46,31,0,0,318,0,16143,15267,876,337,773,247,67,67,23,23,13,0,17169,1250,0,0,0,27,1057,129,22,625,25,13,823,62,12,0,38,0,0,59,172,0,41,0,0,0,58,12,7126,6370,4667
2022,Berrien County; Georgia,6773,3445,1240,402,125,1160,137,925,308,1766,399,761,509,2142,2335,2.66,3.21,18003,6773,3439,410,5513,1458,410,7184,2009,3823,160,184,1008,7470,1598,3606,328,846,1092,288,42,22,71,0,195,2,458,145,13,019,13,30,0,102,145,82,100,4070,163,194,1979,1067,667,12433,779,1546,4771,2212,1281,1211,633,10108,1844,13749,969,17929,3096,4362,322,10434,1458,3133,1316,17961,16316,1645,1632,661,971,747,224,13,18187,17948,17836,13398,4438,112,239,239,119,120,351,112,0,112,239,80,159,239,20,83,0,4,132,0,17049,16316,733,190,588,52,6,3,139,135,0,0,18187,1333,0,7,12,30,1206,152,11,944,0,63,1593,233,13,31,127,0,9,116,244,11,9,1,17,0,34,0,6773,5798,5108
2022,Bibb County; Georgia,59480,20678,6649,3269,1091,11612,761,8416,2162,23921,5950,12148,5197,17185,18346,2.53,3.31,150535,59480,20723,3211,47498,14242,5381,57810,25252,22494,1503,2041,6520,66988,26848,22663,1936,7031,8510,2369,1374,53,62,36,110,18,3118,1538,13,021,182,339,308,709,1538,1120,894,39861,2150,1784,17110,7594,11223,103131,3803,10075,31676,22824,8086,13738,12929,89253,26667,118352,8861,153328,24430,37831,2232,91175,12812,24322,9386,154668,129267,25401,24941,13068,11873,8614,3259,460,156554,151935,150471,116895,33576,1464,4619,4619,2761,1858,6083,1464,562,902,4619,970,3649,4619,243,2204,260,184,1631,97,146444,138454,7990,2973,4056,1561,1903,618,1700,794,331,0,156554,12310,300,293,83,420,10343,1289,77,5870,471,75,6314,1104,1,347,794,137,104,1594,2216,9,2207,341,38,37,313,1038,59480,54000,49869
2022,Bleckley County; Georgia,4223,2140,764,64,4,639,89,371,160,1380,513,621,390,1503,1466,2.65,3.09,11180,4223,2139,54,3674,680,410,5116,2145,2342,27,70,532,5393,1915,2323,158,549,448,258,79,44,88,50,89,107,350,323,13,023,0,40,42,241,323,189,281,3518,246,123,1073,584,1492,8151,382,602,2602,2202,850,897,616,7167,1513,10030,931,12012,2393,2342,90,7654,1346,2016,957,12341,10912,1429,1426,713,713,473,240,3,12413,12010,11991,9962,2029,19,403,403,291,112,422,19,0,19,403,68,335,403,25,103,136,0,139,0,11790,11510,280,108,189,37,0,0,91,71,0,0,12413,1975,25,5,0,18,1004,66,0,251,0,6,344,161,0,30,16,3,0,57,191,9,13,0,0,0,56,11,4223,3835,3071
2022,Brantley County; Georgia,6649,2919,957,308,273,1474,11,1387,473,1948,217,1211,606,1935,2261,2.71,3.69,18030,6649,3010,228,6004,1587,552,7292,2603,3284,376,439,590,7453,1600,3282,156,1282,1133,194,157,67,49,0,66,49,895,332,13,025,43,155,9,125,332,178,250,3642,185,256,1840,829,532,12582,711,1858,5452,2193,1069,589,710,10013,1299,14009,867,18035,2921,4089,191,11005,1872,2941,858,17918,17278,640,629,475,154,142,12,11,18105,17661,17614,12399,5215,47,444,444,92,352,491,47,7,40,444,158,286,444,11,81,0,0,352,0,17028,16593,435,141,347,141,23,0,65,0,0,0,18105,1934,0,0,14,28,1201,46,15,329,0,16,774,307,0,137,123,12,79,203,144,0,0,0,0,0,72,146,6649,6088,4817
2022,Brooks County; Georgia,5957,2579,571,162,59,1320,83,1094,438,1896,395,1044,531,1360,2197,2.70,3.61,16092,5957,2503,237,4766,2127,502,6410,2147,2864,129,273,997,6897,2111,2890,77,971,848,153,121,57,46,0,61,47,321,195,13,027,0,107,45,43,195,90,158,3551,332,33,1658,913,615,11428,739,1258,4246,2565,943,1114,563,9431,1677,12763,988,16113,2733,3505,263,9485,1449,3123,1021,16230,14662,1568,1566,851,715,529,186,2,16275,15844,15790,11197,4593,54,431,431,199,232,485,54,0,54,431,139,292,431,79,118,0,18,175,41,15377,14992,385,171,367,165,12,0,6,6,0,0,16275,1399,0,8,6,24,1019,235,18,692,0,0,1395,288,38,0,75,15,0,102,301,0,53,8,58,0,69,82,5957,4931,3908
2022,Bryan County; Georgia,15255,9489,4729,774,227,1772,150,1173,280,3220,1114,1307,553,6882,3387,2.94,3.30,44864,15255,9494,768,15612,2464,1271,16838,4822,9688,486,319,1523,17347,4207,9906,268,943,2023,538,134,27,47,17,92,24,692,304,13,029,20,58,5,221,304,214,210,14117,1181,535,6074,3372,2955,28192,638,1513,7057,6574,2852,5989,3569,26041,9558,30043,4223,43080,5438,13160,622,25290,3081,4630,1735,44610,37344,7266,6806,1304,5502,3104,2398,460,44995,42669,41090,21068,20022,1579,2326,2326,1532,794,3905,1579,375,1204,2326,399,1927,2326,473,564,257,0,957,75,41738,38047,3691,1016,2134,684,1126,324,202,8,229,0,44995,3576,38,74,131,405,6523,1226,227,6887,89,50,5157,3094,0,390,875,72,276,494,527,11,514,268,92,60,708,457,15255,14473,13597
2022,Bulloch County; Georgia,29634,11012,4589,2189,814,7011,345,4128,1084,9422,2239,4340,1915,9264,7029,2.47,3.02,73135,29634,11082,2115,18486,4860,6958,32350,16048,11961,526,822,2993,34253,15381,11726,1116,2154,3876,922,501,31,39,17,63,16,2086,970,13,031,214,121,247,388,970,592,737,28730,673,807,7107,3708,16435,45038,1057,4030,12931,9734,3942,8064,5280,39951,13344,63884,3468,79206,11459,15907,1461,54098,6501,9201,3497,78976,58964,20012,19889,9454,10435,8748,1687,123,79829,77065,75919,55884,20035,1146,2764,2764,1189,1575,3910,1146,242,904,2764,855,1909,2764,434,690,134,1,1293,212,75305,71512,3793,1191,2112,860,812,68,760,249,109,14,79829,4997,138,48,100,347,8556,1273,56,5374,120,34,6691,1530,0,249,986,84,235,840,1480,25,286,197,155,15,99,696,29634,28019,24893
2022,Burke County; Georgia,8913,3822,1315,284,119,1737,39,1401,529,3070,629,1604,880,2700,3102,2.70,3.50,24105,8913,3826,273,7944,2559,590,9185,3273,4394,119,381,1018,10119,3303,4364,180,1237,1035,264,121,37,48,0,87,29,825,434,13,033,3,72,39,320,434,315,255,6239,531,249,2822,1613,1024,15584,931,1458,5889,3310,1712,1667,617,13195,2284,18246,1732,24134,3578,6091,276,14154,1919,3889,1383,24189,22512,1677,1677,920,757,586,171,0,24337,23704,23480,18452,5028,224,633,633,339,294,857,224,130,94,633,33,600,633,146,122,0,0,365,0,22853,22077,776,325,509,252,159,46,108,27,0,0,24337,1220,20,0,0,171,1583,343,0,753,0,11,1447,524,0,52,161,11,38,193,271,0,523,183,29,0,4,17,8913,8080,7388
2022,Butts County; Georgia,8483,4187,1314,411,242,1378,129,817,405,2507,678,876,602,2901,2909,2.71,3.06,23007,8483,4169,442,6974,2493,446,11392,4401,4837,468,358,1328,9761,2524,4800,305,941,1191,292,132,48,55,24,81,39,635,230,13,035,36,127,0,67,230,174,223,5010,320,158,2649,1036,847,17892,681,2231,7645,3961,1037,1494,843,14980,2337,20280,1406,23025,3367,5233,451,13985,1619,3807,1297,25263,21868,3395,3271,397,2874,2632,242,124,25522,25047,24837,19939,4898,210,475,475,194,281,685,210,28,182,475,159,316,475,50,21,0,0,342,62,24414,23317,1097,323,1031,323,61,0,0,0,5,0,25522,9448,20,0,10,40,1917,173,16,857,0,104,1490,338,0,15,181,10,39,192,223,0,54,12,16,0,182,26,8483,7817,6899
2022,Calhoun County; Georgia,1497,533,206,135,89,189,8,152,84,640,210,254,165,539,610,2.60,3.12,3898,1497,541,127,1283,384,66,3110,1701,780,92,140,397,1769,696,537,45,264,227,18,18,28,20,26,43,0,103,59,13,037,17,37,0,5,59,30,52,1091,97,45,436,282,231,4212,321,682,1670,904,156,295,184,3209,479,4654,280,3900,658,940,23,2156,291,804,344,5569,4492,1077,1077,238,839,812,27,0,5594,5362,5342,4261,1081,20,232,232,9,223,252,20,0,20,232,13,219,232,3,0,0,0,229,0,5382,5038,344,142,302,142,19,0,0,0,23,0,5594,900,0,0,27,3,76,16,0,206,0,0,120,48,0,0,0,0,0,31,3,0,52,0,2,0,2,20,1497,1254,1117
2022,Camden County; Georgia,20345,10173,3763,1358,535,3493,470,2326,444,5321,1634,2657,1254,7262,5555,2.62,3.05,53323,20345,9903,1641,15722,3710,2002,22961,8343,11326,656,275,2361,21020,5198,10332,313,1999,3178,648,114,18,53,0,103,14,1467,519,13,039,40,211,42,226,519,278,256,13704,1045,730,5826,3595,2508,35521,526,2123,11519,10135,3524,4874,2820,32872,7694,38010,6250,51099,8023,13240,716,30093,4794,7766,2513,54550,47169,7381,7307,2968,4339,1127,3212,74,55105,53642,52748,18286,34462,894,1463,1463,847,616,2357,894,261,633,1463,441,1022,1463,161,602,46,22,569,63,51415,49135,2280,606,1296,351,348,113,584,130,52,12,55105,4320,30,114,71,369,5654,1117,401,6601,40,113,7749,1944,5,728,731,541,171,664,1365,54,153,264,32,53,185,48,20345,19671,18264
2022,Candler County; Georgia,4103,2012,677,71,7,792,25,635,206,1228,191,754,426,1028,1442,2.60,3.40,10648,4103,2012,78,3610,699,146,4271,1278,2164,127,271,431,4390,1020,2167,156,535,512,64,30,28,28,0,53,16,206,149,13,043,39,43,8,59,149,73,124,2434,229,104,1366,474,261,7318,785,861,2601,1737,439,590,305,5672,895,8268,586,10648,1946,2678,113,6085,1064,1885,769,10838,9713,1125,1077,296,781,505,276,48,10946,10175,10107,7982,2125,68,771,771,68,703,839,68,27,41,771,106,665,771,28,105,0,0,633,5,10222,9087,1135,612,995,553,55,0,85,59,0,0,10946,1346,0,0,34,56,531,72,0,714,22,9,951,162,22,23,124,6,96,83,26,26,2,11,8,0,9,0,4103,3510,3218
2022,Carroll County; Georgia,42996,21208,8009,2546,982,7137,556,4575,1378,12105,3419,5157,2863,15239,12934,2.72,3.14,116869,42996,21062,2674,34106,10702,5329,46581,16681,22212,672,1693,5323,50133,15171,23218,964,4198,6582,2027,893,51,66,33,112,28,3265,1220,13,045,629,110,170,311,1220,951,582,32835,2241,1631,12684,6388,9891,76484,3790,8042,26227,16347,5839,10252,5987,64652,16239,91621,5888,118981,18132,28348,1191,74212,10618,16421,6323,118622,99351,19271,18686,9217,9469,6850,2619,585,120060,114251,113085,82091,30994,1166,5809,5809,1999,3810,6975,1166,358,808,5809,1553,4256,5809,440,761,239,0,4369,0,112565,104203,8362,3961,6236,3185,1380,620,444,89,302,67,120060,30946,40,195,0,869,11742,1077,433,6129,38,45,8920,1664,46,299,638,76,157,1072,1660,126,839,284,6,44,197,525,42996,39777,37697
2022,Catoosa County; Georgia,25775,14218,5095,1509,370,3544,250,2648,734,6504,1156,3312,2032,8014,8773,2.62,3.10,67521,25775,14255,1482,20286,4304,1419,27021,7471,15171,239,727,3413,28777,6363,14673,723,2598,4420,522,288,37,34,34,55,15,1640,897,13,047,147,323,0,427,897,653,462,15882,1067,629,7053,4198,2935,47530,1508,3501,15360,11653,4464,6953,4091,42521,11044,52717,4221,67544,11654,15266,1020,40177,5862,12101,4772,67590,58934,8656,8609,3579,5030,1950,3080,47,68052,66428,65827,23007,42820,601,1624,1624,1112,512,2225,601,123,478,1624,376,1248,1624,477,643,62,39,378,25,64538,61459,3079,934,1481,574,1094,143,485,217,19,0,68052,12988,14,16,80,651,10441,573,47,7288,70,29,7340,1273,0,350,767,27,202,896,1682,0,332,473,59,41,379,109,25775,23859,22730
2022,Charlton County; Georgia,4043,1718,495,337,265,1042,0,728,227,946,162,505,256,1116,1343,2.90,3.57,11712,4043,1790,259,3593,1398,629,6542,2808,2281,272,144,1037,4099,1271,1702,74,600,452,160,140,110,77,0,103,96,382,137,13,049,46,13,3,75,137,79,82,2432,148,111,1116,518,539,9002,644,788,4070,1834,574,870,222,7570,1092,10229,871,11689,2179,2295,129,7430,1286,1964,764,12374,10869,1505,1368,333,1035,393,642,137,12547,12116,12003,5982,6021,113,431,431,71,360,544,113,0,113,431,39,392,431,31,37,0,0,363,0,11972,11455,517,322,447,302,41,7,13,13,16,0,12547,901,16,0,0,21,744,25,0,637,0,0,1008,296,0,0,116,0,0,46,140,0,66,6,0,13,35,21,4043,3627,3097
2022,Chatham County; Georgia,117383,47412,15543,7704,2108,22504,943,16129,3959,39763,8409,19933,8603,30745,34759,2.43,3.08,285471,117383,46947,8157,80422,20177,12385,116366,49178,51123,2156,2766,11143,128435,46014,51357,3140,11387,16537,3386,1426,30,45,4,72,27,4828,1757,13,051,231,217,351,958,1757,1210,973,75049,4072,3856,27485,14015,25621,202409,5188,12170,50388,46649,15001,43032,29981,185051,73013,231194,21455,288174,43557,61493,3537,179904,23059,46777,16961,293410,236410,57000,55005,27106,27899,10131,17768,1995,296266,274430,268332,158628,109704,6098,21836,21836,10951,10885,27934,6098,1669,4429,21836,7927,13909,21836,3297,7212,1175,317,9194,641,278799,249805,28994,9659,15585,5138,5547,1069,6455,3313,1407,139,296266,13779,1065,536,450,1767,26122,4431,1206,24177,635,911,27754,9062,751,685,3873,622,1236,2808,6178,121,4515,1550,517,459,1554,2999,117383,111936,106228
2022,Chattahoochee County; Georgia,2031,1142,657,114,78,226,11,139,41,549,191,187,27,1035,281,2.66,2.96,5400,2031,1196,54,1893,189,37,5081,3460,1318,77,46,180,2395,458,1446,142,49,300,209,1,2,110,0,150,38,133,105,13,053,11,0,0,94,105,73,61,2284,207,208,767,217,885,4448,25,155,1041,1498,394,866,469,4268,1335,2985,588,4758,371,2066,38,2420,239,272,94,9249,5579,3670,3415,329,3086,255,2831,255,9402,8992,8454,2281,6173,538,410,410,263,147,948,538,230,308,410,136,274,410,105,136,72,6,86,5,8625,7354,1271,350,780,256,167,52,235,42,89,0,9402,281,7,45,0,6,549,138,8,1062,29,5,844,312,27,26,124,17,52,26,443,2,76,70,0,0,3,94,2031,1862,1660
2022,Chattooga County; Georgia,9292,3909,1186,442,246,1823,150,1322,533,3118,640,1786,1016,2763,3337,2.50,3.13,23267,9292,3932,414,6777,1927,925,10403,3920,4212,233,362,1676,9874,2117,4368,344,1336,1709,375,143,54,76,0,171,19,665,357,13,055,33,158,74,92,357,194,178,4928,206,367,2401,1148,806,17279,1702,2930,6632,3171,1207,950,687,12647,1637,19356,1380,23308,4223,5542,259,13404,2403,4362,1561,24654,21490,3164,3139,1851,1288,1005,283,25,24902,24106,23828,18436,5392,278,796,796,209,587,1074,278,21,257,796,236,560,796,103,70,0,0,622,1,23388,22119,1269,696,1122,595,74,55,4,0,69,46,24902,10375,32,0,0,35,2829,64,3,878,0,13,1399,111,7,27,17,0,59,73,265,0,15,18,0,55,77,12,9292,8044,7219
2022,Cherokee County; Georgia,97023,59853,25430,4613,1004,11963,1589,7292,2094,20594,4142,10980,5923,34869,27852,2.75,3.16,266790,97023,59996,4443,81806,16479,7043,106714,30511,65044,919,2659,7581,110944,26607,62065,1726,7819,12727,3045,365,12,48,1,85,33,5532,1344,13,057,273,172,163,736,1344,708,956,67359,4739,3026,28458,15865,15271,183322,6242,8104,41368,40548,14650,50928,21482,168976,72410,205307,15356,267246,28019,63003,3129,164263,13261,39980,11629,265853,232906,32947,32137,12266,19871,12828,7043,810,268567,242373,239482,122816,116666,2891,26194,26194,11636,14558,29085,2891,542,2349,26194,6785,19409,26194,3970,4141,2308,419,14458,898,253742,221677,32065,13458,20636,9747,6789,1682,2329,1097,2311,932,268567,20989,936,537,639,2189,38200,6141,1211,33121,1170,790,33580,11796,258,1852,5190,929,1194,3665,7447,746,2619,1946,729,780,2135,2031,97023,94134,91740
2022,Clarke County; Georgia,53336,16187,5524,4390,1193,13465,524,7945,1538,19294,2906,10155,3432,11040,11385,2.22,2.89,118273,53336,16098,4420,25050,6054,13315,51868,29112,17099,751,645,4261,58590,30409,17906,810,3720,5745,1195,393,13,29,0,36,32,1403,280,13,059,3,42,104,131,280,245,170,51064,1437,1053,10109,4232,34233,73265,2640,4784,13658,12273,4781,17848,17281,65841,35129,106830,4876,127922,15845,21770,1820,91754,9114,14398,4911,127648,92951,34697,33667,14187,19480,13945,5535,1030,128864,116567,115261,74146,41115,1306,12297,12297,4562,7735,13603,1306,347,959,12297,4669,7628,12297,1172,3846,1114,10,5860,295,122605,104194,18411,5675,10746,3915,2618,516,3449,1029,1598,215,128864,4607,666,343,217,1158,14432,2297,293,10937,398,311,10790,3957,149,568,2045,181,830,1996,3579,49,2103,789,166,141,882,532,53336,50875,47914
2022,Clay County; Georgia,1143,365,76,44,8,304,0,255,99,430,101,184,110,222,468,2.45,3.40,2798,1143,415,49,937,219,35,1196,487,512,63,75,59,1240,534,346,81,83,196,0,0,0,0,0,0,0,45,15,13,061,7,0,4,4,15,8,0,731,24,32,206,288,181,1931,70,254,664,372,251,190,130,1607,320,2195,182,2798,491,660,47,1470,156,668,288,2855,2615,240,240,106,134,88,46,0,2855,2776,2769,2265,504,7,79,79,35,44,86,7,0,7,79,44,35,79,4,26,0,0,31,18,2679,2611,68,23,42,23,26,0,0,0,0,0,2855,418,0,18,0,0,131,13,0,42,0,0,59,21,0,0,21,2,10,8,8,0,0,0,0,0,0,19,1143,1051,912
2022,Clayton County; Georgia,104820,35014,13714,7543,4173,19799,1155,12502,2686,42464,10868,17221,5156,36055,22757,2.79,3.44,292173,104820,34998,7587,102080,32984,9704,104781,49931,39496,2834,2311,10209,123996,54593,39737,4478,8365,16823,5641,3278,59,71,33,105,46,9735,3753,13,063,925,811,283,1734,3753,2547,2269,82278,3184,5904,36236,17740,19214,185573,11249,15712,61521,41468,17380,25582,12661,158612,38243,214658,15716,293120,33552,81270,3030,182685,21371,29165,9151,292604,253426,39178,38037,17096,20941,15060,5881,1141,296312,258162,254223,153287,100936,3939,38150,38150,19665,18485,42089,3939,1324,2615,38150,9582,28568,38150,416,10617,6698,0,20289,130,275123,221681,53442,24844,32627,14662,3274,1093,12556,7784,4985,1305,296312,13738,310,43,57,157,4869,769,70,2620,25,102,4110,801,0,62,480,75,125,753,697,20,13423,125,38,36,372,7219,104820,99468,90689
2022,Clinch County; Georgia,2385,1322,421,73,17,298,45,213,69,692,123,391,111,732,720,2.60,3.13,6197,2385,1320,79,1745,588,80,2593,801,1466,41,56,229,2840,756,1444,33,233,374,111,39,44,64,3,191,2,119,67,13,065,3,0,0,64,67,57,10,1593,29,130,760,475,199,4511,459,715,1659,810,287,412,169,3337,581,5031,225,6621,1093,1682,167,3967,550,972,376,6635,6220,415,328,144,184,166,18,87,6713,6426,6396,5471,925,30,287,287,3,284,317,30,0,30,287,115,172,287,0,43,0,0,244,0,6281,5874,407,354,383,340,0,0,3,3,21,11,6713,675,32,0,0,3,393,11,0,228,0,0,330,82,0,8,0,0,0,9,1,0,0,0,0,0,36,0,2385,2011,1577
2022,Cobb County; Georgia,291171,145088,62594,17832,5292,47599,3006,32525,5980,80652,14854,42697,16403,94522,70293,2.60,3.15,756137,291171,144775,18183,223518,50262,28228,301175,110072,157802,3969,5018,24314,321583,104637,151551,4567,19043,41785,8605,1870,17,44,3,70,32,14965,4628,13,067,790,712,623,2503,4628,2901,3267,197292,12850,9762,77337,43251,54092,519750,19422,16795,92423,94395,38418,163719,94578,483533,258297,589442,38812,760672,69101,175053,6374,487728,34876,97891,27851,757437,644301,113136,108074,51525,56549,36759,19790,5062,765813,646269,632123,300654,331469,14146,119544,119544,57795,61749,133690,14146,4261,9885,119544,38284,81260,119544,9180,32497,13767,159,61617,2324,721660,573116,148544,52034,79530,33336,37389,10130,18642,7048,12983,1520,765813,34922,4331,1527,1487,4662,85952,11580,1735,62993,2423,1804,59714,28330,1295,3335,12171,2971,4673,8504,14771,868,23220,4590,1646,1445,3961,16962,291171,285731,277738
2022,Coffee County; Georgia,14894,6854,2880,919,359,2582,240,1623,316,4539,1340,2242,1297,5824,4432,2.72,3.29,40504,14894,6915,863,12894,3783,1155,17767,6958,7826,254,329,2400,16556,4599,7579,436,1776,2166,869,337,64,93,13,202,16,1576,845,13,069,53,187,305,300,845,508,635,9923,751,614,4480,2218,1860,28579,2298,3909,11269,5130,2290,2268,1415,22372,3683,32489,1998,40774,6881,10480,710,24171,3484,6123,2687,42535,39184,3351,3330,1905,1425,984,441,21,43056,40126,39795,32056,7739,331,2930,2930,1018,1912,3261,331,0,331,2930,1020,1910,2930,100,259,40,0,2495,36,40174,35350,4824,2336,4268,2171,467,112,59,53,30,0,43056,3864,17,1,0,76,2784,230,33,2067,34,17,2731,397,29,38,18,18,52,235,627,0,123,20,97,17,25,85,14894,13528,11941
2022,Colquitt County; Georgia,16539,6705,2659,1082,544,3112,347,1942,700,5640,1273,2580,1441,5786,5274,2.71,3.30,44799,16539,6710,1085,14080,4449,1936,17910,7071,7674,310,456,2399,18114,5251,7389,671,2209,2594,866,481,81,84,30,155,35,1231,458,13,071,114,72,13,259,458,276,211,11275,698,861,5201,2665,1850,29871,2482,4181,11053,5291,2470,2315,2079,23208,4394,33983,2259,45366,7551,11820,566,26675,4311,6871,2674,45015,39856,5159,4295,2688,1607,1365,242,864,45813,40762,40228,32991,7237,534,5051,5051,1138,3913,5585,534,15,519,5051,1926,3125,5051,206,246,62,0,4537,0,42842,35225,7617,3287,6781,2826,321,131,249,121,266,209,45813,8891,280,0,0,159,3258,45,37,1604,25,0,1958,139,17,98,43,29,10,283,237,0,214,100,8,12,72,22,16539,14684,12689
2022,Columbia County; Georgia,50056,29544,12566,1849,685,6388,756,4767,1741,12275,3165,6203,3221,18945,14649,3.12,3.67,156271,50056,29632,1746,57669,12434,4734,60578,19331,34128,707,1229,5183,64181,16985,31311,1790,5452,8643,1806,613,31,47,2,87,26,4663,1337,13,073,300,343,49,645,1337,776,1009,42762,2690,2068,17893,9354,10757,104791,1838,5287,24127,21423,12893,22587,16636,97666,39223,114713,17120,153471,20021,39255,2309,91609,10106,22607,7606,155445,136447,18998,17859,5152,12707,5098,7609,1139,156921,145482,140125,73710,66415,5357,11439,11439,6934,4505,16796,5357,1375,3982,11439,3188,8251,11439,2229,5086,773,15,3070,266,147421,131192,16229,4881,7171,2001,4332,931,3645,1680,1081,269,156921,14997,861,382,301,1235,16253,2292,170,14968,248,391,13849,4652,45,839,1974,386,422,2071,2409,116,1479,477,409,287,1328,896,50056,47655,44924
2022,Cook County; Georgia,6116,2842,1163,389,212,1138,31,819,292,1747,333,878,463,2047,2115,2.78,3.36,17007,6116,2809,432,5576,1626,448,6495,2179,3033,178,233,872,7221,2014,3274,85,869,979,294,122,58,75,0,210,5,408,148,13,075,21,51,13,63,148,111,98,4259,236,125,1797,1223,878,11189,674,1346,3850,2372,1156,1087,704,9169,1791,12709,873,16911,2745,4348,432,9876,1146,2687,1167,16925,15365,1560,1560,1040,520,437,83,0,17242,16777,16626,12765,3861,151,465,465,75,390,616,151,19,132,465,189,276,465,18,44,0,0,403,0,16128,15323,805,422,685,368,99,54,21,0,0,0,17242,1964,0,0,0,61,965,157,0,810,11,13,1180,172,0,60,52,0,0,153,561,0,227,14,0,0,19,343,6116,5273,4488
2022,Coweta County; Georgia,54177,31411,11842,2632,937,7257,401,4868,1490,12877,3084,6498,3015,18225,15296,2.71,3.15,146854,54177,31501,2564,45734,9835,3043,57735,18033,33419,703,1106,4474,61621,15713,32920,1037,4581,7370,1384,152,9,39,1,74,23,3316,1443,13,077,90,136,97,1120,1443,836,1170,36601,2148,1812,16322,9018,7301,100309,2483,6772,26100,21379,9323,21935,12317,91054,34252,112528,9792,146708,18051,34723,1612,90983,8627,21002,7812,146454,130572,15882,15662,7718,7944,4713,3231,220,147449,138031,135790,80075,55715,2241,9418,9418,4462,4956,11659,2241,361,1880,9418,3079,6339,9418,1402,2079,216,10,5383,328,139179,127222,11957,3819,7961,2181,2133,548,1543,999,320,91,147449,15699,428,89,281,1009,18176,2979,418,12644,640,286,11071,5546,72,1033,2213,241,434,1775,3126,162,1063,1066,179,170,966,1598,54177,51807,48697
2022,Crawford County; Georgia,4332,2439,586,142,20,716,46,433,140,1035,180,588,450,1046,1654,2.77,3.23,11991,4332,2413,170,3325,1169,582,5214,1979,2581,91,154,409,4922,1378,2450,128,460,506,146,46,32,61,0,185,7,410,186,13,079,102,0,26,58,186,99,134,2449,118,124,1060,693,454,8525,443,1177,3533,1650,761,503,458,6905,961,9659,951,12010,2739,2478,168,7329,1613,2203,958,11954,10744,1210,1161,388,773,626,147,49,12156,11888,11797,8978,2819,91,268,268,170,98,359,91,0,91,268,11,257,268,3,0,0,0,265,0,11578,11159,419,45,419,45,0,0,0,0,0,0,12156,971,11,0,0,34,697,220,8,377,0,0,611,219,0,16,51,0,0,41,50,0,37,32,0,0,19,1,4332,3824,3330
2022,Crisp County; Georgia,7951,2977,926,526,284,1439,24,1116,452,3009,738,1097,787,2469,2980,2.50,3.01,19869,7951,3018,490,5687,2333,390,7979,3081,3530,113,427,828,8367,2740,3020,306,1159,1142,216,93,33,51,50,100,0,507,298,13,081,0,62,46,190,298,189,223,4821,463,394,2087,1074,803,13661,626,1810,5331,2842,1127,1157,768,11225,1925,15492,984,19875,4227,4738,452,11338,1823,3799,1952,20103,16480,3623,3623,2388,1235,990,245,0,20255,19892,19844,17149,2695,48,363,363,191,172,411,48,0,48,363,0,363,363,20,169,0,0,174,0,19010,18179,831,320,477,111,63,24,282,185,9,0,20255,2578,0,0,24,64,650,89,2,585,0,0,712,140,0,79,68,0,0,105,136,0,80,130,0,0,0,24,7951,6911,5410
2022,Dade County; Georgia,6074,3691,1058,124,16,934,57,559,279,1325,159,869,488,1475,2221,2.48,2.93,15042,6074,3686,141,3865,826,450,6603,1787,3972,53,265,526,7024,1782,3769,90,718,665,86,22,12,23,0,53,6,382,276,13,083,35,128,28,85,276,174,234,4010,139,226,1390,574,1681,11294,455,1076,4140,2353,1202,1474,594,9763,2068,13078,779,16101,2615,3156,99,9783,1425,3162,1091,16172,13297,2875,2770,1376,1394,609,785,105,16239,15906,15758,5138,10620,148,333,333,124,209,481,148,52,96,333,114,219,333,73,43,16,0,167,34,15380,14723,657,174,396,128,172,19,72,19,17,8,16239,2637,9,49,24,192,2391,92,23,1716,14,0,2600,332,4,92,229,73,8,182,360,9,29,64,17,0,281,0,6074,5486,5109
2022,Dawson County; Georgia,10343,6043,1957,625,186,1546,9,1162,430,2129,420,1212,715,2927,3814,2.63,3.08,27227,10343,5993,655,7633,1813,790,11706,3751,6279,46,181,1449,11300,2373,6419,265,838,1405,368,67,25,66,0,113,39,692,213,13,085,19,10,26,158,213,99,162,5925,480,246,2378,1378,1443,19579,670,1680,4281,4535,1470,4797,2146,17229,6943,21816,1587,27151,3534,5453,240,16298,1792,5400,1502,27163,24033,3130,3040,919,2121,1707,414,90,27355,26208,25872,16046,9826,336,1147,1147,752,395,1483,336,7,329,1147,218,929,1147,149,249,13,0,696,40,26023,24491,1532,469,1135,267,303,158,94,44,0,0,27355,2698,116,75,6,329,4708,180,156,3442,67,113,3509,932,27,91,486,50,28,600,540,15,168,54,41,35,288,100,10343,9886,9463
2022,Decatur County; Georgia,10295,4426,1423,589,288,1775,96,1230,328,3505,951,1741,961,3274,3417,2.72,3.34,27993,10295,4398,627,8303,3684,686,11016,4146,4844,304,482,1240,12116,3899,4982,290,1484,1461,243,149,38,37,0,79,10,1069,378,13,087,0,135,60,183,378,283,323,6042,455,505,2940,1597,545,19270,1390,2018,6676,4128,2170,1893,995,15862,2888,21845,1167,27928,4483,7068,396,16186,2389,4674,1698,28857,24324,4533,4531,2314,2217,1764,453,2,29063,28159,28048,21482,6566,111,904,904,368,536,1015,111,5,106,904,88,816,904,51,132,29,0,692,0,27129,25710,1419,392,1245,378,111,0,63,14,0,0,29063,2065,1,7,25,113,2323,132,11,644,21,19,1148,161,0,0,114,0,0,500,232,0,123,16,4,0,7,22,10295,8225,6875
2022,DeKalb County; Georgia,284730,105209,43094,18023,4831,57514,2882,40765,8351,103984,19019,56957,20550,80795,72241,2.63,3.51,749616,284730,104554,18671,227355,79295,35011,287611,130455,119465,5254,6496,25941,327860,134663,116298,7499,22528,46872,9603,3392,26,48,13,69,34,18618,6468,13,089,1243,1201,873,3151,6468,4712,3663,192735,14370,9486,76282,38475,54122,522568,21369,25050,105920,86349,40059,137065,106756,476149,243821,587894,34726,755794,86814,172824,9476,484980,45299,97990,32039,752536,640459,112077,106662,49140,57522,33245,24277,5415,761209,636639,624245,346663,277582,12394,124570,124570,59971,64599,136964,12394,3714,8680,124570,47501,77069,124570,7945,37211,28830,282,48841,1461,710886,573244,137642,56533,51850,25382,30375,10396,24625,10891,30792,9864,761209,44871,4048,1531,1663,3920,46323,7992,1008,39187,2575,1282,32615,14407,767,2405,8222,886,6263,6529,11848,207,38507,3616,1259,1117,3249,24686,284730,272150,258467
2022,Dodge County; Georgia,6608,3126,1035,272,94,1156,206,746,260,2054,407,995,646,2012,2285,2.77,3.29,18301,6608,3090,298,5525,1717,1063,8879,3635,3490,227,241,1286,7907,2080,3298,196,976,1357,157,75,33,41,0,83,17,731,100,13,091,0,12,61,27,100,81,34,4225,309,69,1921,998,928,14411,509,1423,6012,3405,937,1400,725,12479,2125,16105,1088,18442,3997,3827,226,11054,2013,3561,1758,19879,18309,1570,1530,582,948,849,99,40,19977,19642,19583,15254,4329,59,335,335,86,249,394,59,3,56,335,79,256,335,30,4,0,0,292,9,19035,18611,424,176,379,162,37,6,5,5,3,3,19977,1354,116,0,9,37,1225,158,6,496,10,5,723,117,6,0,2,8,25,142,160,10,55,17,14,0,25,0,6608,5746,4521
2022,Dooly County; Georgia,3787,1604,508,308,136,490,0,378,183,1385,220,535,247,966,1352,2.46,2.91,9304,3787,1586,322,2657,736,216,5519,2350,1945,334,42,848,4243,1532,1655,147,442,467,44,39,30,22,111,12,1,229,135,13,093,31,12,35,57,135,101,117,1988,129,60,825,501,473,8557,429,1041,3645,1505,821,763,353,7087,1116,9412,558,9304,1762,1824,100,5374,802,2106,860,11182,9715,1467,1446,526,920,850,70,21,11236,10876,10786,9054,1732,90,360,360,19,341,450,90,0,90,360,82,278,360,0,0,0,0,360,0,10808,9944,864,167,788,155,60,5,0,0,16,7,11236,1290,42,0,0,1,590,50,3,173,0,0,254,44,0,0,18,1,0,20,53,0,117,9,0,0,14,7,3787,3213,2444
2022,Dougherty County; Georgia,34041,9558,3008,2271,1077,6500,374,4890,1563,15712,4117,7962,3322,9906,10537,2.36,3.14,80466,34041,9394,2438,24922,7671,2000,30541,13857,10758,964,1053,3909,37514,15596,10261,1519,4144,5994,1320,863,54,62,21,113,20,1782,886,13,095,173,244,76,393,886,716,368,23534,2071,947,9404,3938,7174,55209,2419,6473,16317,11963,5178,7102,5757,46317,12859,64300,6091,83147,14741,20358,848,49110,7933,13679,5960,83881,68628,15253,14934,8413,6521,4396,2125,319,85038,83174,82643,65337,17306,531,1864,1864,607,1257,2395,531,117,414,1864,659,1205,1864,208,404,143,43,1040,26,79519,76081,3438,1119,2246,755,502,81,536,273,154,10,85038,6714,50,136,10,452,3040,307,5,2092,58,8,2600,887,0,81,184,8,55,451,509,0,1244,89,21,0,98,725,34041,30440,26940
2022,Douglas County; Georgia,50552,24138,9144,3172,1361,7711,1018,5403,1167,15531,4643,6665,2624,18980,12645,2.84,3.37,143326,50552,24153,3147,47412,14126,3936,54095,19739,27169,1087,821,5279,60926,20814,25755,1590,4039,8728,2276,895,39,61,24,117,24,5509,1831,13,097,293,550,647,341,1831,1026,1336,40603,1574,1577,17078,10203,10171,93905,2974,6126,28310,20353,8101,17347,10694,84805,28041,107640,9585,143335,16955,36879,1882,89529,9283,16927,5790,142923,124679,18244,17814,6827,10987,8095,2892,430,144735,130248,128846,73057,55789,1402,14487,14487,7945,6542,15889,1402,395,1007,14487,3470,11017,14487,636,1716,2547,12,9398,178,136206,116565,19641,6435,13087,5017,3277,759,1481,623,1796,36,144735,10949,263,171,198,282,9060,1128,74,6407,26,113,7566,1895,95,236,832,204,167,1189,2124,23,3010,578,47,99,307,5354,50552,48494,46328
2022,Early County; Georgia,4016,1661,585,78,59,747,95,539,120,1530,388,632,396,1218,1535,2.64,3.26,10620,4016,1666,98,3944,701,195,3998,1722,1622,75,244,335,4609,1386,1892,96,693,542,79,53,37,34,0,53,32,140,110,13,099,29,2,16,63,110,48,106,2667,193,68,1162,790,454,6854,382,1004,2796,1147,566,621,338,5468,959,8100,600,10589,1518,2616,42,5998,757,1975,719,10666,10013,653,652,217,435,386,49,1,10753,10648,10632,8633,1999,16,105,105,11,94,121,16,0,16,105,26,79,105,0,10,0,0,95,0,10094,9993,101,26,101,26,0,0,0,0,0,0,10753,991,0,14,0,17,441,48,6,143,0,0,264,53,3,0,0,50,0,36,10,0,223,0,39,0,0,19,4016,2832,2303
2022,Echols County; Georgia,1227,636,288,72,67,145,6,113,46,374,86,150,56,533,352,3.02,3.50,3702,1227,601,73,1123,674,4,1419,513,772,0,58,76,1575,369,726,10,181,289,114,7,14,118,0,185,109,304,185,13,101,24,129,13,19,185,102,158,791,19,87,276,229,180,2271,97,303,1053,383,118,195,122,1871,317,2823,140,3707,370,884,14,2347,168,476,188,3608,3259,349,329,120,209,79,130,20,3707,3412,3393,1999,1394,19,295,295,124,171,314,19,0,19,295,25,270,295,0,20,0,0,275,0,3439,2778,661,154,641,134,0,0,20,20,0,0,3707,298,0,0,0,22,488,0,0,78,0,0,230,13,0,0,0,0,0,8,34,0,10,5,0,0,7,0,1227,955,724
2022,Effingham County; Georgia,22820,13298,5413,943,454,3337,307,2469,371,5242,1054,2704,958,7678,5124,2.85,3.34,64990,22820,13245,1010,22205,4358,1352,25240,7332,14962,259,566,2121,25883,6092,13846,701,1722,3522,1388,297,41,88,19,138,62,1078,596,13,103,272,111,87,126,596,287,470,16587,1194,742,8314,3746,2591,42691,942,3267,14343,9337,4049,7658,3095,38482,10753,47700,5550,64647,7105,17253,373,39725,3983,7669,2749,64397,57100,7297,7240,2793,4447,2769,1678,57,65314,63531,61941,37676,24265,1590,1783,1783,994,789,3373,1590,434,1156,1783,354,1429,1783,391,333,7,26,1001,25,61126,58801,2325,726,1535,566,551,87,220,73,19,0,65314,11995,40,37,44,595,6784,729,202,5764,199,67,5858,1876,10,240,576,110,154,805,1337,16,678,233,27,32,268,315,22820,21889,18501
2022,Elbert County; Georgia,7873,3786,1239,510,193,1178,33,910,342,2399,345,1353,783,2149,2822,2.45,3.04,19308,7873,3767,517,5224,1576,351,7516,2049,4060,189,233,985,8509,2284,3857,304,1055,1009,193,75,35,46,52,93,1,412,212,13,105,111,0,9,92,212,128,95,4384,398,342,2018,903,723,13921,689,1858,5642,3007,767,1180,778,11374,1958,15281,1170,19302,3748,4269,315,11128,1858,3905,1575,19307,17082,2225,2177,967,1210,909,301,48,19570,18645,18624,14648,3976,21,925,925,569,356,946,21,0,21,925,252,673,925,9,145,0,0,765,6,18533,17394,1139,784,929,630,64,24,146,130,0,0,19570,2393,0,0,7,4,2105,334,18,830,44,15,1345,274,7,128,117,0,60,158,249,9,59,86,0,0,41,0,7873,6665,5797
2022,Emanuel County; Georgia,8321,3440,1210,706,436,1449,48,1133,332,2726,597,1240,796,2702,2652,2.64,3.20,21948,8321,3450,687,6941,1993,556,9142,3157,3816,373,376,1420,8976,2316,3596,396,1105,1563,519,275,98,107,47,235,0,582,289,13,107,46,94,8,141,289,206,141,5306,346,265,2515,1364,816,15273,1033,2154,6248,2691,1374,1174,599,12086,1773,17187,1083,22045,4687,5713,522,12835,2524,3497,1641,22489,19657,2832,2811,1084,1727,1333,394,21,22907,22350,22278,18210,4068,72,557,557,82,475,629,72,0,72,557,200,357,557,46,46,15,0,439,11,21322,20540,782,298,673,274,77,19,8,5,24,0,22907,3492,30,30,41,162,1284,67,15,690,24,15,1667,637,8,17,86,116,13,153,383,0,152,19,18,0,6,63,8321,7351,6734
2022,Evans County; Georgia,3914,1589,470,326,158,736,137,491,134,1263,329,680,427,1301,1326,2.62,3.19,10257,3914,1536,371,3292,875,269,4060,1635,1728,30,85,582,4404,1450,1743,139,553,519,187,150,95,73,0,189,0,185,77,13,109,0,49,8,20,77,42,77,2962,174,160,1335,794,499,6975,479,984,2665,1368,338,731,410,5512,1141,7949,574,10257,1675,2793,136,5659,886,1805,653,10625,9498,1127,1122,233,889,791,98,5,10759,10125,10025,8384,1641,100,634,634,150,484,734,100,60,40,634,52,582,634,0,45,0,0,589,0,10113,8840,1273,525,1205,503,41,18,26,4,1,0,10759,623,0,0,4,15,1029,122,105,490,4,0,737,1,0,4,47,0,2,102,65,0,86,15,0,0,7,0,3914,3499,2980
2022,Fannin County; Georgia,11327,6303,1350,367,61,2050,139,1649,768,2607,613,1414,860,2542,5094,2.23,2.66,25265,11327,6282,378,5330,1454,494,10777,1995,6617,55,495,1615,11405,2130,6516,169,1224,1366,306,94,39,70,0,116,45,569,210,13,111,1,25,0,184,210,117,186,3770,204,386,1663,857,660,19858,886,1534,6827,4121,1882,2598,2010,17438,4608,21405,2216,25286,5248,4021,194,13775,2299,7490,2755,25178,22614,2564,2548,734,1814,896,918,16,25436,24658,24491,12198,12293,167,778,778,526,252,945,167,20,147,778,93,685,778,419,80,20,0,248,11,24421,23608,813,197,479,155,288,22,46,20,0,0,25436,1880,58,33,11,170,4191,655,75,4027,147,142,3674,626,38,288,409,28,303,451,954,54,90,136,12,14,204,0,11327,10387,9780
2022,Fayette County; Georgia,42888,27024,10228,1669,914,4791,606,2955,1172,9404,1916,4978,3276,15287,15008,2.76,3.13,118529,42888,26950,1741,36840,8181,1929,47150,13491,28641,423,1214,3381,50988,12633,28344,399,4335,5277,1361,482,34,52,1,89,45,2589,677,13,113,165,26,158,328,677,442,518,32300,1908,1206,13283,8580,7323,81529,1491,2335,16863,15057,7264,23851,14668,77703,38519,91890,10393,118389,13890,27183,1439,68779,5790,22427,6661,118440,104554,13886,13385,3650,9735,6020,3715,501,119259,106437,103882,47786,56096,2555,12822,12822,6880,5942,15377,2555,633,1922,12822,3813,9009,12822,1644,4486,1082,37,5133,440,114068,99002,15066,4815,7009,2387,3976,788,3172,1448,909,192,119259,9584,513,267,154,1311,14156,1597,526,11126,357,614,10308,3335,77,896,1710,202,416,1166,2697,235,1732,599,155,255,738,2273,42888,41812,40187
2022,Floyd County; Georgia,35996,17110,6810,1886,704,6302,521,4141,1401,10698,2606,5322,2914,12228,11561,2.62,3.19,94423,35996,16985,2029,29317,7462,2634,38896,14033,19190,664,1110,3899,41335,12692,17968,1202,3594,5879,1230,563,42,52,19,87,31,2476,836,13,115,19,289,53,475,836,586,643,24198,1332,1454,10047,4686,6679,65521,4060,6323,21379,14037,5104,8512,6106,55138,14618,76173,5064,96514,15691,22233,1142,58693,8628,15588,5921,97588,83929,13659,13460,7570,5890,4183,1707,199,98541,91426,90860,68933,21927,566,7115,7115,2046,5069,7681,566,186,380,7115,2142,4973,7115,209,1098,125,9,5608,66,92908,82378,10530,4996,8810,4371,787,186,676,435,257,4,98541,15347,166,41,35,456,13419,748,184,5904,53,69,9076,1666,7,290,363,47,113,1315,1865,0,321,372,101,27,573,60,35996,32912,30688
2022,Forsyth County; Georgia,84662,59764,32072,3077,968,8763,1443,5452,1231,13058,2700,7363,4002,38803,20205,2.98,3.31,252392,84662,59631,3147,87446,12194,5312,99254,25803,64024,690,1364,7373,100078,21452,61741,757,6115,10013,3154,368,15,52,0,115,30,4083,963,13,117,58,198,183,524,963,537,753,71429,4927,3500,32050,17522,13430,165931,4616,5489,24286,27078,11217,58027,35218,155826,93245,186190,9439,252422,20454,66871,2047,154806,9636,30745,8771,250848,220564,30284,29085,10165,18920,12682,6238,1199,253225,202834,199141,96630,102511,3693,50391,50391,23558,26833,54084,3693,965,2728,50391,15337,35054,50391,4905,29762,2012,56,12386,1270,239084,179816,59268,14137,18059,6254,17799,2632,20501,5030,2909,221,253225,17775,1811,754,977,2011,35579,5338,865,27730,1449,833,24489,13291,343,1661,5999,544,1478,3190,6212,419,2154,1888,590,859,1879,1423,84662,83265,81967
2022,Franklin County; Georgia,8539,4413,1109,487,191,1510,104,908,225,2129,409,1106,607,2385,2982,2.67,3.13,22813,8539,4381,529,6623,2020,721,9429,2768,4920,163,274,1304,9779,2526,4510,237,1163,1343,254,61,20,49,3,101,10,722,298,13,119,13,17,13,255,298,160,268,5278,329,492,2274,1094,1089,15957,897,2154,5310,3214,1694,1587,1101,12906,2688,18379,1209,23261,4141,5092,283,13928,2045,4241,1813,23300,21322,1978,1767,448,1319,1032,287,211,23480,22474,22406,17025,5381,68,1006,1006,245,761,1074,68,21,47,1006,345,661,1006,61,377,47,0,511,10,22280,20607,1673,668,1146,382,107,39,358,222,62,25,23480,3414,41,44,19,134,2139,225,22,1622,36,19,2421,228,0,21,98,0,39,270,377,0,233,98,9,0,109,12,8539,7557,6693
2022,Fulton County; Georgia,450856,159202,67125,29170,5601,103522,5001,77495,12839,158962,28719,93178,29578,117026,97816,2.28,3.13,1029396,450856,158561,29836,280185,69411,40547,424269,197078,176342,5515,8465,36869,453208,194484,166069,7253,28402,57000,12491,4161,22,43,13,56,39,16673,5656,13,121,1073,898,768,2917,5656,4152,2641,271594,17571,11627,100023,56189,86184,730654,16738,30007,117584,104680,44777,242267,174601,683909,416868,836422,41016,1051899,108580,224225,10141,701778,59511,125896,38928,1050921,872443,178478,170037,76308,93729,51128,42601,8441,1061944,919158,901134,462306,438828,18024,142786,142786,70257,72529,160810,18024,4228,13796,142786,52726,90060,142786,14470,65455,15264,679,43684,3234,1003989,838282,165707,48407,59133,21071,47597,9129,42975,14892,16002,3315,1061944,47911,6816,1978,2087,4689,89237,15605,2433,69659,2975,2439,63444,31136,2003,4634,15055,2735,10714,11920,15498,1013,25009,5359,1378,2376,4949,17116,450856,432664,412202
2022,Gilmer County; Georgia,12868,7028,1840,955,232,2084,210,1496,581,2801,429,1779,1174,3088,5760,2.43,2.88,31290,12868,6958,1027,7334,2547,556,13299,3184,7479,278,417,1941,13291,2181,7394,454,1194,2068,458,56,22,81,26,158,35,727,381,13,123,35,32,23,291,381,227,330,5909,399,360,2712,1483,955,23455,1543,1747,8181,4282,2210,3307,2185,20165,5492,25586,2867,31364,5843,5933,270,17383,2794,8048,2779,31258,27732,3526,3509,1393,2116,1421,695,17,31519,29764,29556,16771,12785,208,1755,1755,916,839,1963,208,17,191,1755,222,1533,1755,198,108,6,18,1332,93,29957,27009,2948,952,2346,738,316,36,163,106,123,72,31519,2873,30,41,142,344,4944,541,232,4724,0,68,4403,1157,14,163,528,23,41,515,1284,15,15,433,71,20,244,0,12868,11804,11028
2022,Glascock County; Georgia,1052,562,158,13,6,174,1,165,45,303,76,157,73,281,287,2.68,3.39,2821,1052,557,16,933,231,32,1094,369,545,3,39,138,1319,401,621,18,151,128,11,11,29,15,0,63,0,106,44,13,125,0,0,2,42,44,32,26,688,39,19,282,201,147,1987,156,198,782,389,205,232,25,1633,257,2279,142,2819,455,622,95,1779,189,418,171,2897,2557,340,340,30,310,306,4,0,2903,2899,2848,2531,317,51,4,4,4,0,55,51,0,51,4,0,4,4,0,0,0,0,4,0,2762,2757,5,0,0,0,5,0,0,0,0,0,2903,598,0,0,0,4,202,51,0,31,0,0,134,13,0,2,0,0,0,10,13,8,7,0,0,0,2,0,1052,873,657
2022,Glynn County; Georgia,33991,15720,4245,1934,917,5516,138,4081,1238,10821,2209,5620,3106,8925,12853,2.44,2.96,82848,33991,15662,1995,22556,6227,2417,32186,10718,16401,404,1049,3614,37766,10454,16616,987,4229,5480,1262,873,78,68,46,114,33,1508,750,13,127,143,273,159,175,750,539,481,18395,1183,710,8209,4654,3639,60152,2259,4869,16113,12844,5648,10955,7464,53024,18419,66709,5091,83516,10752,17753,446,47803,4957,17960,5349,83776,71873,11903,11793,6011,5782,3502,2280,110,84566,79785,78795,48981,29814,990,4781,4781,2240,2541,5771,990,156,834,4781,1258,3523,4781,637,1005,325,139,2522,153,80064,73959,6105,2420,4241,1906,820,267,797,221,247,26,84566,5426,198,66,104,496,10158,632,195,5308,336,233,6999,2927,78,473,1267,231,502,1156,2392,47,941,437,50,78,359,416,33991,31227,28476
2022,Gordon County; Georgia,20555,11364,4478,867,334,3502,480,2080,856,4822,1030,2640,1427,7237,6251,2.79,3.28,57255,20555,11336,907,18230,4823,1404,22926,6810,12211,212,1023,2670,23694,6143,12003,584,2155,2809,895,375,55,66,16,127,27,1388,676,13,129,216,101,77,282,676,359,534,13284,915,510,6164,2995,2700,39102,3391,5267,13675,7740,2506,3675,2848,30444,6523,44225,2722,57263,7906,13548,483,35251,4469,8464,2954,57189,52391,4798,4624,3015,1609,1275,334,174,57785,53087,52355,39345,13010,732,4698,4698,1384,3314,5430,732,400,332,4698,933,3765,4698,120,540,0,14,4007,17,54433,45548,8885,3832,8133,3553,388,119,361,160,3,0,57785,9784,0,57,10,336,5982,731,7,3567,27,3,3773,421,110,141,510,22,0,742,924,0,252,80,27,107,81,245,20555,18897,15918
2022,Grady County; Georgia,9792,4271,1474,841,394,1538,48,1172,537,3142,845,1487,949,3244,3537,2.65,3.24,25912,9792,4321,800,8333,2140,526,10078,3112,4869,279,377,1441,10774,3320,4405,508,886,1655,256,112,33,46,8,94,12,469,330,13,131,16,197,61,56,330,298,170,6675,461,296,2976,1469,1473,17685,1297,2075,6395,3756,1365,1671,1126,14313,2797,19672,1774,25906,4769,6385,487,14678,2249,4843,2033,25872,23134,2738,2679,1585,1094,802,292,59,26075,24693,24595,18430,6165,98,1382,1382,138,1244,1480,98,12,86,1382,270,1112,1382,31,31,0,0,1320,0,24464,21621,2843,1387,2630,1331,171,40,42,16,0,0,26075,2236,0,13,5,76,2149,248,22,965,17,10,2320,158,0,27,57,0,22,221,380,7,13,53,9,71,10,8,9792,8672,7931
2022,Greene County; Georgia,7617,3882,747,299,36,1054,84,797,346,2382,450,1260,828,1728,3751,2.47,3.03,18832,7617,3912,269,4818,2012,204,7719,2339,4318,110,304,648,8455,2375,3941,278,1075,786,32,17,8,9,0,14,10,566,208,13,133,10,18,103,77,208,109,137,3414,263,223,1453,834,641,14155,521,1169,4298,2468,968,3029,1702,12465,4731,15591,1310,18861,2540,3400,98,9911,881,5550,1561,18966,17204,1762,1757,403,1354,842,512,5,19020,18212,18067,12261,5806,145,808,808,310,498,953,145,28,117,808,265,543,808,129,151,5,7,495,21,18186,16990,1196,168,847,116,183,33,136,19,30,0,19020,1750,49,34,87,136,2516,225,28,1408,16,70,1509,208,17,87,308,35,28,346,288,0,47,86,14,13,116,32,7617,6820,6195
2022,Gwinnett County; Georgia,317971,175781,84446,15754,5783,47218,4494,29757,5204,79218,20776,36966,12915,127809,71264,3.00,3.50,952500,317971,175045,16425,330970,86721,25368,366949,133808,199088,3962,5416,24675,386480,124540,191554,8483,20955,40948,11536,3301,26,47,5,76,37,25972,5144,13,135,789,1124,872,2359,5144,3866,3408,273370,15470,15174,112426,65565,64735,613696,37881,34585,138067,106453,57921,154792,83997,541230,238789,705134,39776,953145,75231,252352,8261,600068,39518,100725,27452,948445,839170,109275,102768,55705,47063,25320,21743,6507,957977,705347,684363,363607,320756,20984,252630,252630,126210,126420,273614,20984,6664,14320,252630,68764,183866,252630,16612,89237,27397,277,116989,2118,898389,574331,324058,142541,170593,82227,53074,14534,74591,40327,25800,5453,957977,41301,5165,1555,1870,4939,58178,9629,2649,48533,1316,1792,44761,20156,487,3378,11315,1306,2949,7305,12734,521,41347,3208,1087,2089,3234,28321,317971,310039,293193
2022,Habersham County; Georgia,15606,8437,3179,662,191,2755,172,1899,764,3752,476,2264,1288,4584,5838,2.82,3.45,43986,15606,8462,646,13516,4520,1236,17929,5390,9552,248,947,1792,20111,5259,9601,271,1898,3082,328,125,21,29,5,54,13,1034,434,13,137,47,25,129,233,434,294,341,11370,840,410,4661,2584,2875,31309,2886,3153,10544,5622,1921,4024,3159,25270,7183,36074,2497,44698,7297,10230,315,25868,3201,8600,3781,46101,39969,6132,5500,2082,3418,2227,1191,632,46326,41936,41379,30344,11035,557,4390,4390,978,3412,4947,557,116,441,4390,1218,3172,4390,101,672,45,0,3507,65,43773,36865,6908,3370,5464,2507,209,64,888,480,347,319,46326,7459,148,12,11,130,5701,301,63,2339,32,73,4247,384,38,14,124,3,76,895,717,10,123,263,49,35,202,225,15606,13954,13134
2022,Hall County; Georgia,69387,38783,15430,4279,1877,9973,911,5835,1985,16352,3167,8633,4347,24853,21719,2.92,3.39,202941,69387,38639,4450,64661,20136,5668,81509,26883,44581,1168,1776,7101,82423,23928,41377,1779,5860,9479,2896,668,26,61,14,103,38,5833,1587,13,139,150,346,243,848,1587,997,1221,50090,2426,2511,23343,11443,10367,135246,14680,10948,38366,27000,9771,21466,13015,109618,34481,154532,9796,203764,23948,50217,1808,122320,12040,31227,10100,202582,175689,26893,25917,11079,14838,11218,3620,976,204953,170341,167900,109324,58576,2441,34612,34612,11025,23587,37053,2441,815,1626,34612,7597,27015,34612,1248,3404,891,66,28673,330,192240,134875,57365,25556,51029,23440,3085,1010,2945,996,306,110,204953,17199,370,396,312,1124,22114,1865,365,14009,308,363,17050,4090,58,920,2023,165,476,2532,3582,161,1994,667,251,519,680,468,69387,65921,63887
2022,Hancock County; Georgia,2785,1134,160,55,0,424,0,331,171,1172,170,694,434,444,1341,2.54,3.46,7070,2785,1074,113,2137,884,77,4331,2547,1283,73,167,261,3330,1190,1351,28,451,310,0,0,0,0,0,0,0,180,78,13,141,0,0,39,39,78,55,32,1384,125,110,560,309,280,6597,819,824,2371,1284,664,538,97,4954,635,7428,389,7073,1519,1160,15,3955,889,1958,615,8588,7909,679,672,89,583,529,54,7,8588,8472,8467,6457,2010,5,116,116,55,61,121,5,0,5,116,43,73,116,0,50,0,0,50,16,8416,8206,210,82,139,46,64,29,7,7,0,0,8588,714,1,0,0,27,317,36,8,294,0,0,525,6,0,8,30,0,0,90,93,0,1,27,15,0,20,0,2785,2072,1511
2022,Haralson County; Georgia,11357,6432,2641,470,187,2063,73,1425,433,2392,377,1370,760,3980,3555,2.63,3.14,29894,11357,6351,540,8662,2500,484,11799,2997,7093,229,563,917,12411,2424,6856,208,1392,1531,217,63,21,31,18,35,32,982,435,13,143,0,146,30,259,435,188,228,6978,501,454,3049,1707,1267,20766,965,2337,8098,4405,1251,2281,1429,17464,3710,22981,1654,29909,5056,7166,240,18091,2701,4652,2115,29979,27224,2755,2636,1217,1419,908,511,119,30178,29728,29439,23561,5878,289,450,450,284,166,739,289,0,289,450,115,335,450,40,261,0,5,94,50,28271,27566,705,183,341,74,354,109,10,0,0,0,30178,8242,28,7,0,79,3150,212,22,1415,5,26,3163,641,0,73,103,0,25,615,764,0,189,119,0,15,217,9,11357,10406,9492
2022,Harris County; Georgia,12204,7922,2945,243,126,1841,141,1329,367,2198,342,1222,715,4048,4188,2.82,3.23,34375,12204,7888,280,10854,2434,715,14543,4118,8459,237,666,1063,14424,3173,8306,214,1406,1325,356,45,13,49,0,92,29,856,398,13,145,49,49,55,245,398,218,321,8647,722,290,3428,2097,2110,24553,460,1153,6530,6029,2421,4385,3575,22940,7960,27096,3521,34204,5473,7419,428,20375,2819,6410,2226,34522,31112,3410,3337,913,2424,1869,555,73,34914,34137,33340,22290,11050,797,777,777,556,221,1574,797,115,682,777,179,598,777,188,272,47,4,242,24,33195,31487,1708,321,947,178,630,89,114,54,17,0,34914,2914,27,53,154,429,4889,447,53,4178,22,97,5177,451,0,420,212,13,59,503,647,12,33,75,3,25,148,117,12204,11662,10451
2022,Hart County; Georgia,10294,5256,1567,572,159,2087,87,1621,630,2379,297,1444,846,2522,4061,2.46,3.09,25335,10294,5263,587,6266,2543,382,10573,2804,5528,248,455,1538,10936,2348,5750,413,1164,1261,412,60,26,85,0,99,97,696,350,13,147,0,33,53,264,350,204,291,5348,404,221,2536,1209,978,19076,1003,2267,6579,3879,1865,2482,1001,15806,3483,20678,1626,25308,4875,5395,208,14254,1893,5659,2774,25696,23317,2379,2335,943,1392,1048,344,44,26110,25420,25268,16767,8501,152,690,690,302,388,842,152,10,142,690,221,469,690,10,247,10,0,405,18,24847,23412,1435,412,1001,208,92,12,296,187,46,5,26110,3300,0,57,0,114,2830,326,81,2174,43,27,2242,341,11,64,246,15,54,526,434,9,236,112,19,8,227,0,10294,9573,8539
2022,Heard County; Georgia,4405,2085,837,231,113,785,73,571,217,1304,203,556,371,1550,1510,2.58,3.05,11356,4405,2047,266,3043,1313,282,4635,1124,2520,86,144,761,4804,1091,2063,167,557,926,132,73,58,50,0,108,2,580,165,13,149,48,18,0,99,165,114,74,2562,125,223,1114,629,471,7848,356,894,3328,1934,425,602,309,6598,911,8867,863,11353,2710,2619,195,6877,1540,1857,975,11376,10461,915,890,321,569,475,94,25,11489,11291,11261,8793,2468,30,198,198,79,119,228,30,5,25,198,0,198,198,30,64,0,0,104,0,10861,10396,465,300,171,101,66,0,73,44,155,155,11489,2093,0,0,2,74,1267,192,28,610,0,0,1076,141,0,9,15,4,19,192,301,0,10,54,0,0,105,0,4405,3851,3274
2022,Henry County; Georgia,82232,42233,17391,5049,2089,11501,696,8420,2518,23449,6388,9884,4846,30430,22160,2.92,3.42,239896,82232,42226,5033,81896,22117,6392,90645,32199,47198,923,2224,8101,102085,34386,45381,2438,6635,13245,2937,973,27,47,8,80,32,6662,2131,13,151,223,684,352,872,2131,1401,1665,65145,3701,2584,27915,16785,14160,156722,3933,7870,49963,34824,17048,28106,14978,144919,43084,179558,17953,239301,23840,60608,2191,149892,12688,28801,8961,238873,208984,29889,29404,13259,16145,10538,5607,485,240853,222094,218016,126724,91292,4078,18759,18759,13202,5557,22837,4078,1244,2834,18759,3950,14809,18759,642,5038,2565,40,10005,469,227389,203497,23892,8751,12057,4328,4888,1226,4831,2803,2116,394,240853,20490,785,67,196,1432,15349,1562,436,11155,753,80,12764,3255,13,357,1534,202,174,1801,2770,8,8459,553,122,140,668,10010,82232,79829,74035
2022,Houston County; Georgia,60607,30806,13017,3203,1341,10602,1078,7670,1872,15996,4098,8275,3423,21737,15249,2.68,3.25,162428,60607,30990,3022,53419,11050,3340,62228,21019,32620,1057,1133,6399,67317,19097,32567,1712,4994,8947,1950,516,24,48,6,98,13,3704,1493,13,153,238,354,258,643,1493,777,923,45029,2350,2805,19489,9341,11044,107796,2633,4934,29352,23692,12686,19718,14781,100229,34499,118085,17884,158581,19904,41704,1546,95787,10508,21090,7850,162599,140503,22096,21521,10019,11502,7565,3937,575,164117,153757,149986,88848,61138,3771,10360,10360,5759,4601,14131,3771,689,3082,10360,3112,7248,10360,1156,3695,1193,64,4022,230,153879,141812,12067,4873,6422,2542,1842,656,3128,1568,675,107,164117,16813,517,187,63,1179,14708,2429,414,12422,357,131,11751,3800,29,481,1907,291,239,1471,2418,22,2659,814,50,47,707,1796,60607,57510,54957
2022,Irwin County; Georgia,3566,1587,500,142,83,577,28,481,244,1260,335,700,396,1109,1193,2.58,3.33,9207,3566,1581,146,3034,769,111,4106,1604,1912,95,69,426,3781,1206,1552,61,427,535,86,74,58,44,0,121,0,261,183,13,155,4,73,66,40,183,90,164,2180,94,136,1002,592,356,6529,315,877,2373,1414,452,551,547,5337,1098,7404,414,9233,844,2083,36,5503,419,1647,389,9420,8521,899,864,251,613,474,139,35,9487,9356,9288,7851,1437,68,131,131,81,50,199,68,24,44,131,21,110,131,29,20,0,0,82,0,9046,8564,482,67,428,67,39,0,15,0,0,0,9487,1474,0,0,0,23,870,29,13,172,0,0,756,63,0,15,0,0,0,75,47,6,18,0,8,0,0,58,3566,3108,2720
2022,Jackson County; Georgia,25740,16605,7006,1290,367,2703,274,1751,620,5142,1068,2419,1389,9747,7579,2.96,3.32,76269,25740,16605,1283,25278,5714,1649,30236,8594,18203,374,524,2541,30844,6898,17300,502,2595,3549,1052,407,50,58,4,133,10,2018,829,13,157,95,119,153,462,829,458,668,19614,1125,1083,9099,4701,3606,52021,2327,4019,16821,10384,4672,9536,4262,45675,13798,57547,4078,76325,10699,19388,1024,46056,5853,10881,3822,76206,66882,9324,9202,3146,6056,5037,1019,122,77033,72980,71822,49476,22346,1158,4053,4053,2119,1934,5211,1158,461,697,4053,1182,2871,4053,465,1042,206,0,2199,141,72273,65844,6429,2287,4738,1737,748,235,835,315,108,0,77033,7797,117,24,124,511,9953,1373,273,7028,190,66,7762,2396,17,322,535,203,163,951,2077,67,354,518,56,60,313,125,25740,24596,23478
2022,Jasper County; Georgia,5530,3016,1076,443,256,930,33,707,200,1141,325,413,213,2052,1807,2.67,3.08,14788,5530,3045,415,4106,1370,322,5859,1774,3151,66,224,644,6156,1405,3308,140,562,741,75,5,3,23,0,46,10,385,171,13,159,25,12,7,127,171,107,124,3372,149,156,1787,841,439,10251,286,778,4524,2205,582,1036,840,9187,1876,11402,758,14757,2351,3449,80,8796,1321,2512,950,14810,13474,1336,1336,457,879,742,137,0,14882,14593,14513,11744,2769,80,289,289,51,238,369,80,0,80,289,57,232,289,15,15,0,0,213,46,14086,13613,473,245,427,230,31,0,15,15,0,0,14882,3097,0,0,6,55,1924,80,0,1026,43,11,1469,244,0,156,37,0,0,501,445,17,67,3,49,0,24,18,5530,4858,4268
2022,Jeff Davis County; Georgia,5365,2436,1072,277,80,912,75,725,280,1740,431,722,421,2119,1710,2.74,3.40,14674,5365,2436,277,4813,1376,407,5691,1640,2696,4,250,1101,6066,1450,2585,562,692,777,129,0,0,37,0,96,0,702,185,13,161,0,0,0,185,185,160,82,3546,198,276,1662,1055,355,9717,463,1424,3710,2211,791,814,304,7830,1118,10911,964,14711,3027,3843,434,8653,1592,2215,1001,14634,13285,1349,1340,682,658,379,279,9,14791,14271,14244,10480,3764,27,520,520,136,384,547,27,0,27,520,36,484,520,0,25,0,11,484,0,13962,12620,1342,594,1320,581,9,0,13,13,0,0,14791,1065,125,19,0,0,1397,40,0,399,0,0,1414,85,0,12,22,0,0,116,283,0,20,38,11,0,117,20,5365,4772,3867
2022,Jefferson County; Georgia,5826,2508,777,365,141,1099,155,663,240,1854,472,870,585,1866,2046,2.59,3.13,15066,5826,2552,312,4568,1475,333,6065,2216,2688,131,177,853,6547,2095,2653,93,914,792,306,239,114,91,20,203,25,542,290,13,163,22,22,0,246,290,210,177,3548,232,232,1529,985,570,10550,873,1191,4373,2337,635,794,347,8486,1141,11961,974,15139,2317,3630,72,8806,1215,2703,1030,15372,13766,1606,1591,770,821,707,114,15,15591,15092,15016,12909,2107,76,499,499,136,363,575,76,50,26,499,93,406,499,29,71,6,0,393,0,14670,13935,735,464,553,398,109,0,73,66,0,0,15591,1166,0,0,1,14,656,105,5,410,5,0,677,94,0,31,162,0,13,36,218,14,114,42,55,0,1,2,5826,5072,4591
2022,Jenkins County; Georgia,3297,1392,476,30,12,470,0,374,187,1405,83,755,402,880,1383,2.40,3.13,7919,3297,1233,43,1990,908,448,3518,1225,1524,21,344,404,3772,794,1454,109,622,793,30,0,0,18,0,0,37,308,106,13,165,0,0,0,106,106,106,41,1720,108,233,760,393,226,6607,373,846,2936,1512,342,326,272,5388,598,7081,381,7919,1738,1623,0,4505,924,1791,814,8631,7523,1108,1108,184,924,877,47,0,8704,8510,8504,7451,1053,6,194,194,45,149,200,6,0,6,194,59,135,194,43,9,0,0,142,0,8438,7975,463,316,454,316,0,0,9,0,0,0,8704,824,0,0,0,30,893,31,0,256,28,15,470,121,0,0,0,11,0,73,27,0,7,0,0,0,0,0,3297,2757,2198
2022,Johnson County; Georgia,3290,1196,339,220,175,698,51,547,183,1176,216,663,417,915,1209,2.45,3.19,8072,3290,1220,192,2635,542,193,4655,2151,1565,114,258,567,3192,866,1180,163,479,504,104,95,100,70,45,122,38,227,72,13,167,0,13,32,27,72,57,32,1528,96,149,619,366,298,6644,338,1240,2910,982,543,276,355,5066,631,7560,484,8072,1603,1665,71,4812,851,1595,681,9126,8057,1069,1069,273,796,755,41,0,9225,9132,9082,7452,1630,50,93,93,19,74,143,50,11,39,93,22,71,93,0,19,0,0,74,0,8770,8585,185,54,166,54,19,0,0,0,0,0,9225,955,0,0,0,20,819,42,6,201,0,0,718,94,0,0,9,0,0,62,41,0,43,21,0,0,43,53,3290,2755,2523
2022,Jones County; Georgia,10581,5795,2012,609,275,1414,111,1009,348,2763,530,1664,947,3397,3809,2.66,3.20,28100,10581,5781,632,7918,2678,510,11266,3002,6529,137,475,1123,12018,2762,6219,257,1076,1704,439,156,49,69,0,122,45,968,262,13,169,0,93,29,140,262,162,239,6599,338,503,2798,1835,1125,19675,491,1158,8151,4091,2265,2276,1243,18026,3519,21967,1903,28094,4033,6398,182,16709,1927,4987,1924,28082,25892,2190,2187,729,1458,1285,173,3,28382,27888,27766,22309,5457,122,494,494,232,262,616,122,0,122,494,37,457,494,102,126,0,14,213,39,26925,26246,679,209,423,168,68,7,168,34,20,0,28382,4596,71,0,0,76,3627,37,5,1427,24,26,2636,400,19,45,276,41,0,183,353,14,96,15,0,0,58,8,10581,9911,9151
2022,Lamar County; Georgia,6918,3393,1136,632,114,1233,140,967,395,1660,216,1062,627,1889,2463,2.53,3.25,17510,6918,3562,458,4684,1446,442,7439,2588,3619,172,252,808,8033,2502,3715,154,681,981,185,49,18,41,0,86,10,535,379,13,171,43,49,44,243,379,231,331,5124,341,175,1836,817,1955,12272,358,938,4403,3345,1082,1122,1024,10976,2146,14751,1108,18432,2986,3873,300,11412,1438,3147,1248,18560,16443,2117,2101,762,1339,931,408,16,18676,18294,18188,14111,4077,106,382,382,270,112,488,106,65,41,382,73,309,382,8,37,23,0,311,3,17806,17062,744,78,417,18,269,8,32,26,26,26,18676,1919,12,0,19,13,1226,226,18,736,2,61,856,253,0,46,43,0,12,53,268,0,172,106,35,0,9,115,6918,6363,5710
2022,Lanier County; Georgia,3544,1747,539,294,216,689,38,418,186,814,167,452,203,1170,1061,2.73,3.21,9661,3544,1780,256,3015,881,185,3987,1325,1879,159,108,516,4132,1068,2015,124,249,676,70,29,26,28,33,61,0,224,87,13,173,82,3,1,1,87,84,5,2527,191,136,915,634,651,6569,338,528,2694,1235,564,744,466,5703,1210,7305,895,9309,1328,2266,179,5657,746,1386,403,9876,8712,1164,1160,264,896,648,248,4,9964,9356,9214,5972,3242,142,608,608,268,340,750,142,72,70,608,332,276,608,16,132,2,0,458,0,9331,8469,862,358,573,250,150,24,134,82,5,2,9964,596,0,0,0,137,725,41,0,649,108,32,1111,256,0,67,89,88,0,57,133,0,0,39,0,0,76,1,3544,3111,2750
2022,Laurens County; Georgia,17813,8151,2864,714,451,2947,325,1892,651,6001,1640,3115,1780,5940,6220,2.72,3.33,48488,17813,8122,742,16033,4457,1321,18333,7040,8476,194,723,1900,21013,6743,8618,267,2493,2892,322,148,21,28,22,56,5,949,262,13,175,56,19,42,145,262,203,129,12094,701,561,5380,2859,2593,33167,1075,3405,13833,6496,2694,2907,2757,28687,5664,37269,2754,48634,7880,12131,621,27939,4187,8564,3072,48933,44196,4737,4643,3314,1329,1052,277,94,49407,48555,48289,40450,7839,266,852,852,370,482,1118,266,112,154,852,376,476,852,35,267,46,0,498,6,46421,45129,1292,733,858,465,328,227,101,41,5,0,49407,3584,0,0,0,58,2990,107,206,1166,0,60,2261,537,15,72,97,15,28,295,244,0,134,24,15,17,136,144,17813,14980,13507
2022,Lee County; Georgia,11806,7344,3134,328,192,1449,200,903,158,2685,740,1209,695,4934,3215,2.71,3.04,31936,11806,7297,364,9603,2180,686,13210,4223,7781,122,186,898,12813,2605,7664,397,878,1269,499,32,11,64,0,141,23,858,461,13,177,40,256,15,150,461,301,361,9612,466,611,3856,2205,2474,21270,515,1198,5776,4175,2664,4222,2720,19557,6942,24186,2176,31862,3807,8628,716,19026,1696,4208,1395,32638,29354,3284,3045,1220,1825,1618,207,239,32968,31546,31299,23236,8063,247,1422,1422,1035,387,1669,247,7,240,1422,193,1229,1422,67,755,209,10,345,36,30915,29069,1846,290,725,141,468,114,617,30,36,5,32968,5856,0,0,5,254,3764,213,22,2217,83,21,2200,680,18,53,393,14,42,662,595,0,641,201,82,21,57,45,11806,11184,10509
2022,Liberty County; Georgia,22975,10268,4108,1492,540,4336,384,3303,624,6879,2363,2771,930,8411,4736,2.75,3.36,63203,22975,10290,1467,22130,4973,1368,25655,9836,11942,855,582,2440,24044,6718,11552,869,1699,3206,1666,730,91,103,19,166,23,1436,763,13,179,99,226,156,282,763,567,484,16735,973,1005,7479,3084,4194,37758,821,2125,12070,10620,4487,5266,2369,34812,7635,40815,8255,58442,9080,18044,1184,34215,5249,6183,2647,64111,50084,14027,12964,3921,9043,3429,5614,1063,65550,61218,57235,24446,32789,3983,4332,4332,2189,2143,8315,3983,1570,2413,4332,1683,2649,4332,894,912,410,218,1829,69,59089,51638,7451,2230,4749,1448,1438,155,943,600,321,27,65550,2973,105,123,56,146,3133,563,178,4497,161,83,3603,1444,32,157,530,82,35,231,859,0,905,228,88,0,30,1441,22975,21977,21056
2022,Lincoln County; Georgia,3015,1492,442,159,74,445,10,292,163,919,212,457,315,793,1350,2.54,2.99,7652,3015,1471,187,2361,454,164,3127,897,1560,97,200,373,3439,849,1590,75,528,397,16,8,10,10,0,29,3,85,63,13,181,0,0,22,41,63,48,32,1621,120,4,687,509,301,5695,160,567,2374,1140,529,584,341,4968,925,6198,406,7639,1434,1491,114,4235,594,1913,726,7700,7182,518,518,186,332,250,82,0,7726,7525,7494,5541,1953,31,201,201,60,141,232,31,0,31,201,164,37,201,53,6,26,0,116,0,7411,7318,93,26,54,25,39,1,0,0,0,0,7726,863,0,0,0,20,725,78,48,530,0,5,394,149,8,29,34,28,12,48,69,0,14,34,0,0,53,7,3015,2358,1658
2022,Long County; Georgia,5547,2764,1256,209,105,998,90,682,135,1576,382,881,231,2054,1033,3.00,3.39,16624,5547,2593,378,5642,968,1496,6531,2479,3202,75,74,701,6406,2209,2616,372,586,623,194,23,10,48,0,114,7,317,109,13,183,0,22,52,35,109,57,78,4424,264,287,2300,862,711,10800,275,1472,4487,2226,940,848,552,9053,1400,11504,1781,15939,3452,4615,272,9882,2417,1442,763,16686,13637,3049,3015,1150,1865,991,874,34,16804,16123,15344,8138,7206,779,681,681,344,337,1460,779,17,762,681,134,547,681,129,142,16,11,383,0,15814,13998,1816,506,1346,371,360,90,110,45,0,0,16804,1004,48,10,0,92,887,278,40,1344,104,168,1563,359,0,5,48,0,41,202,123,0,0,9,0,0,55,168,5547,5338,4659
2022,Lowndes County; Georgia,43720,18482,7404,2618,1044,7885,351,5816,1272,14735,3652,7563,3325,13966,11057,2.61,3.31,114024,43720,18493,2598,36173,8161,4879,45033,18886,20000,636,1586,3925,49100,18300,19219,1220,4382,5979,2005,739,37,63,32,102,18,1660,678,13,185,127,115,27,409,678,433,246,34835,1943,1799,12892,6233,11968,70095,2271,4990,22374,15201,6974,11039,7246,62834,18285,86294,7814,112686,13002,28531,1335,69402,6936,14753,4731,116684,101101,15583,15207,6865,8342,4801,3541,376,118257,114440,112521,68823,43698,1919,3817,3817,1793,2024,5736,1919,471,1448,3817,1342,2475,3817,390,1375,276,0,1680,96,110346,103433,6913,2452,4252,1447,1298,469,892,374,471,162,118257,6880,231,35,148,465,9862,1121,317,5890,79,149,7407,1873,41,230,792,118,148,922,1804,70,822,272,50,12,515,480,43720,39474,33255
2022,Lumpkin County; Georgia,11450,6676,2272,503,133,1720,47,1200,376,2551,141,1614,907,3003,3973,2.74,3.26,31350,11450,6648,517,8396,2332,2007,14037,5708,6846,91,318,1074,14867,4753,7270,162,1298,1384,562,78,15,65,8,115,38,557,252,13,187,59,16,1,176,252,98,231,10313,362,200,2488,1749,5514,20748,483,2098,6087,4136,1299,3938,2707,18167,6645,27515,1852,33045,4212,5755,184,21383,2215,5907,1813,33136,27994,5142,5095,1562,3533,2687,846,47,33405,32115,31496,20897,10599,619,1290,1290,554,736,1909,619,135,484,1290,554,736,1290,384,275,33,61,519,18,32047,29829,2218,489,1482,258,251,65,288,129,197,37,33405,3412,219,1,118,151,5487,714,35,2645,57,26,3311,1220,50,165,475,35,154,537,1287,25,4,241,76,79,217,27,11450,10695,10171
2022,McDuffie County; Georgia,8212,3503,935,331,28,1464,106,995,327,2914,969,1047,398,2488,2793,2.61,3.12,21419,8212,3474,353,6698,2057,625,8170,3013,3889,154,284,830,9027,2822,3815,153,1059,1178,188,86,29,40,0,71,19,589,260,13,189,25,0,39,196,260,149,194,4991,358,327,2252,1291,763,14705,453,1674,5895,2831,1149,1489,1214,12578,2703,16313,1394,21469,2634,5402,179,12264,1230,3803,1225,21448,19588,1860,1857,784,1073,601,472,3,21715,21335,21124,17243,3881,211,380,380,180,200,591,211,43,168,380,90,290,380,22,88,0,0,260,10,20357,19519,838,45,633,45,204,0,0,0,1,0,21715,2583,0,6,0,142,1245,334,0,1205,0,4,1268,63,0,102,113,6,6,112,235,40,92,37,5,0,46,0,8212,7268,6132
2022,McIntosh County; Georgia,4786,2370,540,209,115,830,1,652,214,1377,195,678,451,1120,2309,2.32,2.75,11126,4786,2368,213,2463,943,353,4690,1402,2454,33,194,607,5018,923,2552,89,595,859,88,20,19,44,0,47,49,357,80,13,191,0,0,14,66,80,34,55,1746,101,73,1077,257,238,8928,270,1289,3272,1926,581,1052,538,7369,1590,9432,741,11074,2567,1699,125,6139,1381,3236,1061,11103,10458,645,601,370,231,173,58,44,11183,11060,10942,7712,3230,118,123,123,108,15,241,118,0,118,123,16,107,123,10,78,0,0,30,5,10892,10567,325,16,131,9,190,7,3,0,1,0,11183,904,0,0,41,35,1408,347,40,645,6,0,1056,265,0,31,32,0,0,327,416,3,58,136,20,0,9,3,4786,4326,3779
2022,Macon County; Georgia,3985,1311,397,148,30,800,16,568,227,1726,348,926,391,968,1422,2.53,3.48,10097,3985,1319,143,3326,1250,74,5663,2996,1798,111,135,623,4500,1837,1324,305,586,448,139,94,60,65,200,64,2,312,134,13,193,28,0,22,84,134,122,73,2425,66,88,1171,467,633,8627,787,1576,3375,1622,399,515,353,6264,868,9799,544,10104,1985,2294,131,5923,1030,1887,824,11964,10544,1420,1415,647,768,723,45,5,12099,11873,11815,10027,1788,58,226,226,3,223,284,58,0,58,226,96,130,226,0,78,0,0,148,0,11492,10879,613,156,393,143,132,0,59,13,29,0,12099,724,0,0,6,24,471,60,0,309,0,6,276,75,0,0,1,0,0,25,26,0,15,11,176,0,0,15,3985,3220,2670
2022,Madison County; Georgia,10883,5664,1873,377,148,1614,23,1039,266,3228,604,1301,703,3576,3753,2.77,3.22,30099,10883,5558,477,9549,2686,946,11923,4167,6128,172,372,1084,12596,3315,6013,253,1251,1764,819,420,113,119,59,264,4,963,468,13,195,84,222,5,157,468,346,208,6439,668,238,3242,1587,704,20802,1453,2060,7106,4284,1824,2002,2073,17289,4075,23332,1287,30162,5450,7045,251,17867,3199,5250,2000,30054,28053,2001,1999,702,1297,1066,231,2,30378,29519,29158,22904,6254,361,859,859,377,482,1220,361,6,355,859,198,661,859,87,392,5,25,350,0,28489,27127,1362,587,870,292,108,2,383,292,1,1,30378,3235,0,4,45,510,3799,268,12,2344,0,16,4509,585,15,126,135,179,33,422,396,0,44,75,45,8,54,0,10883,10033,9281
2022,Marion County; Georgia,2872,1422,436,118,33,554,27,444,155,778,199,316,203,842,1063,2.58,3.07,7411,2872,1396,138,2124,662,219,3077,1000,1618,19,126,314,3082,894,1438,86,309,355,122,111,142,87,88,156,51,277,123,13,197,21,0,44,58,123,99,106,1527,107,85,783,350,202,5391,397,902,1976,1083,376,509,148,4092,657,5972,582,7413,1564,1536,107,4334,698,1543,759,7457,7145,312,305,168,137,69,68,7,7508,7059,6979,5223,1756,80,449,449,86,363,529,80,13,67,449,115,334,449,0,62,2,13,347,25,7166,6480,686,245,582,226,10,0,62,0,32,19,7508,1012,7,21,0,5,547,64,0,242,21,7,431,58,0,0,8,0,0,6,29,0,0,10,0,0,72,0,2872,2327,1845
2022,Meriwether County; Georgia,8106,3494,1047,417,208,1446,159,961,306,2749,540,1144,652,2715,3248,2.52,3.01,20388,8106,3523,384,5451,2644,280,8103,2552,4104,220,540,687,8976,2688,3399,447,1313,1129,423,355,129,97,8,169,59,1127,597,13,199,140,253,6,198,597,448,304,4045,191,463,1840,983,568,14753,624,1895,6266,3229,803,1186,750,12234,1936,16305,1064,20556,4289,4353,110,11978,2252,4225,1927,20441,18019,2422,2422,748,1674,1393,281,0,20679,20469,20363,16845,3518,106,210,210,119,91,316,106,2,104,210,34,176,210,16,133,0,0,43,18,19506,19147,359,121,164,21,69,0,126,100,0,0,20679,2241,5,0,18,78,1417,198,18,825,3,0,1216,476,0,76,66,44,144,223,218,0,190,182,0,0,1,0,8106,6908,5984
2022,Miller County; Georgia,2531,1105,433,169,73,405,20,363,145,852,163,451,319,753,942,2.27,2.83,5749,2531,1064,211,1577,312,54,2233,611,1224,25,147,226,2621,752,1094,23,344,408,39,29,34,29,0,90,0,169,14,13,201,0,0,0,14,14,14,8,1138,47,35,578,361,117,4072,248,457,1218,781,567,461,340,3367,801,4593,293,5765,956,1330,58,3280,436,1155,462,5865,5374,491,481,183,298,252,46,10,5923,5808,5804,4466,1338,4,115,115,7,108,119,4,0,4,115,8,107,115,12,33,0,6,54,10,5554,5336,218,70,118,68,34,0,40,2,26,0,5923,720,0,0,0,0,589,89,0,161,0,0,310,62,0,22,52,0,0,39,24,0,28,46,30,0,0,32,2531,1845,1548
2022,Mitchell County; Georgia,7924,2846,1073,781,159,1280,202,883,220,3017,1052,1200,725,2765,2478,2.48,3.12,19674,7924,2962,665,6321,1389,413,9087,3611,3387,570,160,1359,8530,2908,3023,309,832,1458,197,40,13,45,0,78,29,416,149,13,205,0,84,1,64,149,125,70,4961,218,357,2346,1083,957,14690,774,1657,5323,3734,1397,933,872,12259,1805,16711,1313,19690,4145,4915,437,11177,2169,3598,1539,21416,19090,2326,2326,819,1507,1130,377,0,21634,20961,20865,17196,3669,96,673,673,314,359,769,96,0,96,673,48,625,673,26,29,18,0,600,0,20394,18919,1475,522,958,443,201,10,162,0,154,69,21634,1994,91,0,0,34,1946,207,87,532,1,0,892,81,0,62,40,16,4,187,94,0,158,0,18,4,0,125,7924,7034,6165
2022,Monroe County; Georgia,10248,5681,2226,575,138,1408,54,1127,482,2584,361,1595,866,3527,3766,2.65,3.22,27111,10248,5770,487,7595,2385,626,11807,3258,6535,230,510,1274,11714,2681,6290,292,1214,1237,263,63,23,45,0,103,14,1193,335,13,207,33,183,15,104,335,211,196,6269,490,345,2605,1426,1403,19809,675,1617,6905,3387,1568,3120,2537,17517,5657,22416,1443,27111,4170,5820,562,16268,1949,5023,1659,28005,25639,2366,2354,451,1903,1610,293,12,28287,27856,27700,22373,5327,156,431,431,277,154,587,156,75,81,431,100,331,431,56,160,44,0,131,40,26928,26082,846,271,518,173,97,0,220,98,11,0,28287,3320,0,0,0,189,3300,205,0,1583,0,0,1921,240,0,25,105,0,18,803,618,0,62,65,0,0,82,268,10248,9604,8919
2022,Montgomery County; Georgia,2966,1509,439,102,44,524,31,404,167,831,212,414,273,878,1023,2.66,3.27,7882,2966,1501,107,2494,708,106,3619,1315,1715,34,185,370,3578,1020,1643,79,496,340,90,22,20,44,42,78,10,224,121,13,209,2,74,27,18,121,56,73,2270,118,98,912,326,816,5719,290,631,2202,938,538,606,514,4798,1120,6911,419,8218,1131,1771,9,5003,602,1444,520,8627,7390,1237,1212,181,1031,900,131,25,8687,8313,8264,6529,1735,49,374,374,199,175,423,49,49,0,374,149,225,374,52,19,27,0,276,0,8228,7728,500,243,414,216,50,20,16,7,20,0,8687,799,0,2,0,13,873,74,30,227,20,4,813,296,0,14,43,0,2,47,209,0,95,9,3,14,15,46,2966,2674,2341
2022,Morgan County; Georgia,7587,4429,1725,371,101,825,64,649,233,1962,357,978,558,2461,2698,2.63,3.08,19984,7587,4392,408,5777,1496,324,7932,2307,4648,71,169,737,8572,2200,4554,106,861,851,396,30,14,91,0,180,43,347,157,13,211,48,47,8,54,157,84,157,4564,407,260,2071,1116,710,14369,572,955,5094,2472,983,2519,1774,12842,4293,15636,888,19993,2665,4535,56,11480,1210,3978,1399,19914,18437,1477,1477,408,1069,936,133,0,20171,19699,19473,15663,3810,226,472,472,366,106,698,226,42,184,472,63,409,472,84,12,71,7,298,0,19199,18672,527,141,428,130,77,10,22,1,0,0,20171,4010,0,11,203,33,3659,229,25,1910,22,6,2030,376,12,50,65,18,20,511,560,13,88,16,5,9,117,19,7587,6950,6324
2022,Murray County; Georgia,14859,8333,3122,694,329,1930,196,1092,436,3902,683,2164,1219,5128,4536,2.68,3.12,39776,14859,8270,762,11225,3667,993,15910,4416,9102,292,572,1528,16375,3210,8512,648,2025,1980,509,168,41,55,17,123,4,1442,591,13,213,203,67,185,136,591,259,382,9211,398,854,3923,2426,1610,27036,2787,3661,9573,5905,2041,2039,1030,20588,3069,30434,1363,39779,5454,9613,419,24303,2756,5863,2279,39620,37199,2421,2395,1705,690,552,138,26,40063,37243,37094,28093,9001,149,2820,2820,994,1826,2969,149,29,120,2820,193,2627,2820,12,252,0,13,2543,0,37647,33244,4403,1446,4169,1272,234,174,0,0,0,0,40063,3898,0,7,49,331,12781,251,0,1671,0,0,3171,299,0,41,233,20,0,295,773,0,10,206,22,0,30,0,14859,13180,12043
2022,Muscogee County; Georgia,79856,28647,11141,3965,1653,16998,1074,12731,3293,30246,8731,14884,6764,25361,21805,2.49,3.25,198760,79856,28524,4084,63991,16332,5973,77092,32015,31922,2124,2264,8767,84735,28711,31018,3382,8064,13560,2783,1175,37,55,10,90,30,4156,1779,13,215,199,395,269,916,1779,1119,1138,54474,3184,3210,22958,10843,14279,134389,4906,10483,36439,31445,12922,22117,16077,119000,38194,146701,21054,194634,33383,50684,3200,115794,18607,28156,11576,202153,163119,39034,37254,20392,16862,6928,9934,1780,204572,193850,187738,113582,74156,6112,10722,10722,5868,4854,16834,6112,1262,4850,10722,3817,6905,10722,1750,3821,349,35,4674,93,190401,174919,15482,4589,9425,2898,2762,510,2860,1102,435,79,204572,16361,251,179,71,1045,13188,1751,507,9951,206,317,10340,3083,46,627,1454,210,313,1935,1640,59,2069,322,110,17,468,1407,79856,73649,68445
2022,Newton County; Georgia,39906,19168,7937,2843,1103,5672,353,3798,895,12223,3174,4612,2202,15070,11426,2.81,3.28,111951,39906,19329,2692,36115,11437,2472,41891,15052,21346,545,783,4165,48037,16539,20127,1062,3512,6797,1354,596,35,47,4,85,29,2915,962,13,217,215,71,116,560,962,624,685,30608,1858,1641,13588,7201,6320,73089,2470,5083,24171,18161,6702,9900,6602,65536,16502,84242,7175,112402,16125,28907,1783,68822,8838,14673,5504,111852,98119,13733,12959,4561,8398,5654,2744,774,113298,106170,104535,70644,33891,1635,7128,7128,3402,3726,8763,1635,421,1214,7128,2581,4547,7128,486,914,506,0,5156,66,106391,99001,7390,2528,4986,1949,929,215,834,213,641,151,113298,14610,105,54,76,429,6584,1608,58,4359,125,66,5316,1738,9,187,707,70,90,966,1336,32,1129,240,16,55,293,4824,39906,38389,37204
2022,Oconee County; Georgia,14330,10387,5025,354,149,1338,292,797,371,2251,440,1399,929,6313,4410,2.92,3.22,41778,14330,10444,308,14333,1630,733,16185,3793,11164,87,281,860,17093,3692,10769,185,950,1497,378,7,2,40,0,90,24,845,234,13,219,7,4,0,223,234,106,198,11914,696,625,5365,3230,1998,27475,395,846,4420,5363,1763,7238,7450,26234,14688,30953,2058,41776,3908,11019,428,24332,1617,6425,1863,41693,36770,4923,4904,1072,3832,3098,734,19,41978,38798,38361,24616,13745,437,3180,3180,1911,1269,3617,437,221,216,3180,635,2545,3180,289,1450,424,19,831,167,39955,36214,3741,1292,1723,643,386,35,1591,601,41,13,41978,3640,254,96,285,221,7339,713,51,4701,96,121,4992,1095,34,346,432,6,205,1291,1010,6,23,269,98,80,258,316,14330,13925,13446
2022,Oglethorpe County; Georgia,5273,2660,797,163,47,696,63,491,181,1754,472,951,500,1646,2062,2.81,3.42,14842,5273,2707,125,4370,1914,453,6158,2058,3186,123,168,623,6275,1722,2803,179,690,881,100,17,9,30,0,22,47,598,239,13,221,108,47,31,53,239,188,98,3355,215,139,1382,948,671,10536,444,879,4099,1828,898,1411,977,9213,2388,11784,892,14812,2015,3153,130,8920,987,2739,898,14867,13766,1101,1052,358,694,649,45,49,14974,14796,14651,11503,3148,145,178,178,44,134,323,145,75,70,178,0,178,178,14,7,6,0,141,10,14203,13726,477,88,398,64,55,0,24,24,0,0,14974,1828,0,28,3,94,2110,96,0,754,89,22,1862,449,1,82,61,0,26,203,303,2,83,60,114,34,64,14,5273,4597,3925
2022,Paulding County; Georgia,56715,35095,16771,2981,1281,6588,667,3964,1359,12051,2948,5901,2455,24369,13846,2.98,3.35,169169,56715,34571,3467,57611,12799,4006,65407,19760,37591,914,847,6295,68950,17614,36360,1265,4342,9369,2439,592,29,57,33,103,25,5647,1270,13,223,182,419,209,460,1270,822,1013,45803,3043,1715,20441,10618,9986,111586,2442,7591,33550,28598,9785,19595,10025,101553,29620,125972,9654,168895,19152,43602,1851,106408,11049,18885,6252,167736,149460,18276,17582,4946,12636,10177,2459,694,169898,157889,155631,90370,65261,2258,12009,12009,6548,5461,14267,2258,464,1794,12009,3233,8776,12009,1508,1889,1871,216,6205,320,159462,145835,13627,3605,8383,2624,2549,172,1298,487,1397,322,169898,21396,91,206,122,1238,19163,3014,260,13370,695,157,17337,4347,50,812,2005,344,62,1242,2466,117,2503,406,55,190,1226,3149,56715,55076,52885
2022,Peach County; Georgia,10164,4234,1617,384,231,2275,117,1514,497,3271,923,1610,1065,3419,3653,2.60,3.22,26417,10164,4229,393,8207,2642,782,11316,5079,4651,206,286,1094,12012,4434,4355,239,1554,1430,284,238,49,42,32,76,7,755,455,13,225,113,38,69,235,455,298,311,8273,300,265,2606,1586,3516,18005,1016,1505,5800,3449,2112,2061,2062,15484,4123,22057,2111,27904,4734,5882,366,17463,2237,4559,2131,27704,25174,2530,2448,805,1643,1021,622,82,28054,26798,26397,18682,7715,401,1256,1256,759,497,1657,401,166,235,1256,168,1088,1256,43,57,87,0,989,80,26457,24711,1746,730,1561,648,37,12,76,39,72,31,28054,2998,82,6,47,140,2176,218,18,1296,0,44,1228,330,0,51,169,5,6,286,275,0,222,59,0,0,5,51,10164,9185,8323
2022,Pickens County; Georgia,13042,7778,2251,614,279,1612,117,1261,470,3038,500,1821,1079,3678,5195,2.54,2.98,33112,13042,7733,650,8560,2387,740,13914,3815,8099,135,461,1404,14310,2282,8410,197,1596,1825,310,39,13,46,65,69,20,1128,424,13,227,43,42,114,225,424,203,397,6171,361,428,2983,1573,826,24627,626,1823,8772,5361,2065,3942,2038,22178,5980,26927,2439,33148,6211,6420,288,19421,3292,7307,2631,33216,29867,3349,3280,1063,2217,1640,577,69,33439,32766,32229,20872,11357,537,673,673,240,433,1210,537,153,384,673,68,605,673,130,133,9,0,325,76,31846,30875,971,199,850,157,71,13,50,29,0,0,33439,3295,42,47,89,335,6109,489,155,3575,124,143,4778,1110,0,162,467,0,252,915,1663,32,0,100,0,44,288,1,13042,12379,11877
2022,Pierce County; Georgia,7460,3922,1282,425,234,1184,57,887,211,1929,297,1082,597,2345,2304,2.63,3.18,19631,7460,3958,374,5758,1548,533,7742,2100,4259,271,137,975,7971,1728,4209,270,851,913,242,112,57,55,44,61,52,454,172,13,229,1,27,82,62,172,132,97,4565,288,205,2339,1016,717,13247,779,983,5556,2337,1340,1244,1008,11485,2252,14893,1027,19622,2595,4884,118,11389,1095,3349,1382,19589,18362,1227,1215,769,446,400,46,12,19822,19462,19385,15194,4191,77,360,360,73,287,437,77,0,77,360,11,349,360,46,0,0,0,314,0,18560,18045,515,214,417,214,98,0,0,0,0,0,19822,2658,18,31,0,43,1462,219,185,792,26,8,996,111,0,15,148,0,0,130,367,7,23,85,0,0,41,23,7460,7071,5476
2022,Pike County; Georgia,6445,3958,1585,326,83,873,32,626,291,1288,217,676,434,2262,2151,2.93,3.41,18907,6445,3946,328,6106,1730,352,7537,2060,4265,46,302,864,8017,2013,4272,177,679,876,247,25,11,54,7,113,22,509,223,13,231,0,94,21,108,223,166,133,4227,266,253,1953,1036,719,13056,317,1241,4864,2745,1258,1489,1142,11498,2631,14647,1321,18907,2201,4488,181,11439,1110,2980,910,18995,17210,1785,1765,408,1357,1088,269,20,19145,18875,18769,15034,3735,106,270,270,162,108,376,106,3,103,270,35,235,270,87,71,0,0,112,0,18162,17766,396,83,300,38,68,32,28,13,0,0,19145,2235,45,9,0,139,2514,207,13,859,30,172,1480,275,0,52,43,14,0,508,329,16,113,40,0,2,44,8,6445,5988,5213
2022,Polk County; Georgia,15517,7785,3223,1001,543,2691,269,1786,753,4040,896,2087,1264,5962,4897,2.75,3.31,42714,15517,7764,1032,12459,4829,1113,16770,5271,8946,142,353,2058,17411,4461,8622,448,1499,2381,565,338,66,57,0,115,19,1678,605,13,233,33,99,107,366,605,472,331,10736,655,355,5099,2557,2070,28540,1862,3021,12165,5346,2049,2561,1536,23657,4097,32100,1637,42689,7194,10840,354,25326,3889,6523,2951,42656,38063,4593,4502,2589,1913,1182,731,91,43019,40074,39736,32498,7238,338,2945,2945,698,2247,3283,338,44,294,2945,455,2490,2945,97,304,0,0,2544,0,40205,35455,4750,1684,4238,1616,447,37,0,0,65,31,43019,7790,16,4,0,242,6598,431,0,2109,38,26,3391,971,24,93,252,38,28,388,707,0,177,14,0,0,129,34,15517,14058,13012
2022,Pulaski County; Georgia,3117,1163,261,150,71,757,77,560,237,1047,311,519,238,894,1418,2.76,3.52,8588,3117,1173,209,2649,1055,385,3447,1141,1499,6,298,503,4840,1650,1491,63,860,776,127,85,39,47,229,57,6,346,85,13,235,5,71,0,9,85,49,74,1937,79,92,751,376,639,7360,963,453,2646,1812,538,603,345,5944,948,8016,776,8610,1675,1871,87,4695,735,2044,853,9751,8477,1274,1274,340,934,795,139,0,9887,9652,9535,7663,1872,117,235,235,88,147,352,117,32,85,235,10,225,235,18,62,10,0,145,0,9173,8813,360,86,216,35,53,0,58,51,33,0,9887,1310,0,0,18,58,696,2,0,347,0,0,532,69,0,0,3,0,0,40,244,0,184,9,0,0,15,39,3117,2776,2063
2022,Putnam County; Georgia,9852,5096,1096,396,115,1555,34,1257,402,2805,351,1640,1102,2219,3955,2.23,2.76,22019,9852,5113,373,4243,2239,199,9397,2502,5788,199,235,673,9520,1746,4997,161,1568,1048,137,81,40,35,0,86,0,695,200,13,237,0,50,0,150,200,123,153,4172,346,97,1985,1169,575,16260,795,1217,5545,3150,1391,2654,1508,14248,4162,17766,1622,21943,4492,4330,374,12172,2677,5441,1441,22121,19585,2536,2514,519,1995,1606,389,22,22206,21245,21195,14629,6566,50,961,961,406,555,1011,50,0,50,961,207,754,961,277,77,39,0,558,10,21236,20077,1159,443,944,381,115,30,54,32,46,0,22206,5266,32,0,29,83,2335,285,23,1260,109,3,1651,358,0,0,168,18,67,171,375,27,104,59,11,17,85,0,9852,8944,8213
2022,Quitman County; Georgia,958,399,11,32,4,229,0,203,77,298,18,191,139,95,574,2.28,3.19,2180,958,373,38,397,403,11,1055,308,556,0,90,101,907,193,415,50,189,60,10,10,78,48,0,133,0,102,31,13,239,9,0,0,22,31,31,9,223,20,34,111,19,39,1690,107,246,628,408,116,118,67,1337,185,1941,211,2180,583,239,0,1182,250,759,333,2169,1913,256,256,167,89,40,49,0,2180,2144,2144,1312,832,0,36,36,20,16,36,0,0,0,36,0,36,36,0,0,4,0,32,0,2107,2036,71,45,67,45,4,0,0,0,0,0,2180,410,0,0,0,59,159,16,0,81,0,0,149,4,0,8,3,0,0,21,0,0,4,0,0,0,9,0,958,711,533
2022,Rabun County; Georgia,7020,3657,686,376,131,1121,104,835,319,1866,240,1225,645,1384,3104,2.35,2.84,16514,7020,3614,410,3675,1150,645,7164,1938,3903,41,317,965,7589,1646,3964,58,943,978,108,56,29,33,45,58,7,313,65,13,241,5,8,20,32,65,22,47,2659,160,55,1250,623,571,13158,484,938,3935,3231,880,2052,1638,11736,3690,14281,1216,16683,3395,2624,82,9396,1694,4663,1619,16785,15306,1479,1439,687,752,390,362,40,16915,16050,15979,9340,6639,71,865,865,309,556,936,71,0,71,865,247,618,865,169,172,2,9,479,34,16183,14840,1343,304,988,291,341,1,10,10,4,2,16915,2129,5,36,0,117,2632,229,30,1092,8,41,1748,281,0,76,214,0,18,606,403,17,2,125,57,6,41,0,7020,6522,6018
2022,Randolph County; Georgia,2553,626,147,97,40,637,110,369,96,1193,385,620,386,839,951,2.42,3.29,6184,2553,663,101,2204,576,87,2352,1153,740,49,148,262,2733,1068,666,205,340,454,53,40,39,38,0,79,0,171,59,13,243,21,3,10,25,59,41,27,1850,47,165,778,399,461,4233,304,494,1473,898,538,404,122,3435,526,4773,190,6273,1074,1592,86,3462,500,1219,488,6271,5854,417,413,173,240,126,114,4,6365,6308,6308,5289,1019,0,57,57,46,11,57,0,0,0,57,30,27,57,27,11,0,0,19,0,6000,5953,47,30,26,19,10,0,11,11,0,0,6365,980,0,0,0,0,344,2,0,112,13,0,147,28,0,43,24,0,0,45,91,0,27,0,0,0,24,0,2553,2186,2029
2022,Richmond County; Georgia,74028,22994,6807,3850,1436,15760,864,11604,3255,31424,8139,15112,6352,20591,21739,2.65,3.53,195946,74028,23258,3588,66078,18780,10214,79441,39014,26204,2214,2211,9798,87215,36482,26172,3331,8126,13104,2418,1471,40,47,28,71,26,4904,2527,13,245,411,464,153,1499,2527,1785,1655,50552,2934,2022,20753,10626,14217,135577,4315,12526,43659,30170,12971,19289,12647,118736,31936,152008,17561,194852,35690,47092,2963,118890,20938,28870,11789,203570,172759,30811,30036,13891,16145,6606,9539,775,206153,199215,194417,127900,66517,4798,6938,6938,4070,2868,11736,4798,1408,3390,6938,2037,4901,6938,887,2872,397,107,2545,130,192650,179418,13232,3259,7242,1738,2822,439,2310,959,858,123,206153,12341,316,49,109,482,9485,1574,397,8631,276,204,7800,1756,34,570,1090,272,251,1150,1695,115,3142,273,121,102,415,1145,74028,68706,62229
2022,Rockdale County; Georgia,33240,14564,4708,2072,1115,4911,330,3442,870,11693,2831,5108,1995,11365,10310,2.79,3.36,92826,33240,14419,2224,29469,11331,2143,35329,13164,17049,951,768,3397,40218,15031,15454,954,3633,5146,597,347,23,27,0,47,18,3744,1241,13,247,396,257,135,453,1241,749,951,24417,1620,818,10331,6594,5054,62583,2377,4166,17761,15117,5560,10631,6971,56040,17602,71052,6495,92845,11472,22479,1086,56499,5742,13867,4644,93080,79906,13174,12930,3295,9635,7543,2092,244,93641,84338,83188,45312,37876,1150,9303,9303,5514,3789,10453,1150,306,844,9303,1381,7922,9303,349,1358,701,0,6876,19,88511,78245,10266,5031,6807,3707,1804,607,1094,563,561,154,93641,7300,704,60,67,201,4318,904,75,2711,79,26,3529,752,46,159,197,108,93,700,531,9,1568,455,8,94,51,4451,33240,31715,29338
2022,Schley County; Georgia,1578,935,432,41,27,224,18,188,58,378,85,227,105,576,422,2.89,3.56,4565,1578,935,38,1628,377,9,1819,545,1033,5,50,186,1899,456,987,20,213,223,18,0,0,17,0,44,0,56,0,13,249,0,0,0,0,0,0,0,1356,98,0,456,361,441,3019,106,344,1046,693,288,302,240,2569,542,3465,220,4565,730,1100,65,2856,424,609,241,4544,4334,210,198,44,154,154,0,12,4565,4539,4499,3773,726,40,26,26,16,10,66,40,0,40,26,4,22,26,12,0,0,0,14,0,4296,4200,96,0,90,0,6,0,0,0,0,0,4565,587,0,0,0,13,220,14,0,117,22,0,171,20,0,0,15,0,0,40,18,5,3,0,0,0,0,0,1578,1382,1193
2022,Screven County; Georgia,4727,2288,634,134,0,802,51,695,195,1503,294,725,479,1254,1842,2.89,3.62,13669,4727,2265,158,4740,1338,441,5553,2116,2479,328,169,461,5961,1878,2514,184,778,607,213,130,67,73,0,141,32,301,186,13,251,48,26,16,96,186,115,168,2726,179,133,1430,596,388,10250,249,1296,3888,2193,1012,844,768,8705,1612,11090,939,13674,2109,2842,95,8119,879,2713,1135,13793,12100,1693,1691,759,932,654,278,2,14026,13851,13751,10884,2867,100,175,175,136,39,275,100,6,94,175,16,159,175,9,47,0,0,100,19,13263,12838,425,216,300,178,60,0,56,38,9,0,14026,984,0,0,0,20,1015,131,32,547,0,103,914,163,7,2,91,19,0,23,223,9,3,5,0,0,73,9,4727,4046,3696
2022,Seminole County; Georgia,3653,1494,353,210,36,688,55,477,124,1261,205,657,370,950,1521,2.46,3.07,8999,3653,1532,175,2072,1249,318,3560,1060,1745,36,150,569,4078,995,1739,100,646,598,90,25,24,48,45,87,18,399,198,13,253,32,49,79,38,198,165,60,1753,113,80,877,455,228,6698,197,611,2702,1362,687,741,398,5890,1139,7303,577,9003,1861,1813,109,5079,960,2111,792,9061,8244,817,817,471,346,260,86,0,9117,9050,9033,6900,2133,17,67,67,35,32,84,17,0,17,67,24,43,67,6,53,0,0,8,0,8726,8652,74,65,21,12,18,18,35,35,0,0,9117,1405,0,0,0,20,749,59,9,188,34,0,451,66,2,16,38,0,8,174,87,0,31,0,2,0,135,0,3653,2911,2470
2022,Spalding County; Georgia,26303,11261,3264,1604,766,4326,231,3044,941,9112,2188,4181,2250,8112,9035,2.52,3.05,66256,26303,11171,1709,19326,6238,1509,25556,8999,12462,541,776,2778,28769,8624,11542,976,3400,4227,1017,581,62,66,0,137,12,2431,1065,13,255,106,329,86,544,1065,695,759,14414,978,918,7085,3251,2182,46186,1667,5892,18094,7946,4127,5262,3198,38627,8460,51556,4696,66365,9424,15767,659,38466,4605,12132,4160,66644,58853,7791,7666,2607,5059,3589,1470,125,67415,65404,64951,49817,15134,453,2011,2011,997,1014,2464,453,158,295,2011,450,1561,2011,286,607,140,0,970,8,63222,59871,3351,1097,2508,809,534,186,288,102,21,0,67415,25765,61,5,17,155,4302,356,42,2489,0,18,3186,625,0,365,238,32,135,555,886,0,601,145,141,140,194,377,26303,23669,21222
2022,Stephens County; Georgia,10213,4822,1406,556,167,1789,119,1188,387,3046,517,1763,971,2808,3947,2.54,3.07,25907,10213,4757,621,7112,2235,969,10440,3189,5315,195,305,1436,11495,2858,4983,663,1299,1692,485,72,23,85,30,142,43,580,203,13,257,10,3,52,138,203,124,174,5795,398,164,2378,1275,1580,18319,1003,1991,7465,3918,1012,1777,1153,15325,2930,20998,1977,26660,4770,5734,219,15371,2507,5555,2044,26383,22494,3889,3801,1581,2220,1343,877,88,26732,25700,25414,18248,7166,286,1032,1032,637,395,1318,286,42,244,1032,154,878,1032,119,150,74,0,681,8,25078,23704,1374,419,819,267,375,28,167,111,13,13,26732,4411,41,0,8,194,3728,153,133,1907,95,28,2531,278,0,64,166,36,23,585,594,9,121,26,47,13,182,41,10213,9201,8189
2022,Stewart County; Georgia,1738,574,138,85,51,636,57,499,96,443,98,189,106,438,571,1.96,2.46,3400,1738,506,156,764,215,21,3305,1684,1058,90,76,397,1358,386,556,114,205,97,24,9,25,39,0,78,0,88,10,13,259,0,0,0,10,10,7,10,775,47,11,320,127,270,4182,363,784,1507,702,165,467,194,3035,661,4560,384,3391,816,552,36,2273,518,566,262,5110,3615,1495,1353,295,1058,670,388,142,5121,4043,3936,3181,755,107,1078,1078,55,1023,1185,107,13,94,1078,542,536,1078,9,112,149,0,806,2,5038,4111,927,722,602,494,143,108,71,53,111,67,5121,222,0,0,0,6,260,4,2,98,0,0,88,6,2,4,7,0,0,40,53,0,172,0,0,0,0,135,1738,1504,1200
2022,Sumter County; Georgia,10639,3760,944,362,172,2172,139,1609,391,4345,1214,1902,950,2699,3478,2.59,3.36,27517,10639,3802,322,8729,2810,1215,11105,5035,4237,155,516,1162,12730,5508,4371,339,994,1518,401,280,54,57,0,99,32,661,108,13,261,0,11,70,27,108,74,34,8534,502,244,3213,1474,3101,18489,1242,1765,6631,3551,1200,2616,1484,15482,4100,22778,1342,28616,3821,6536,104,17269,1941,4811,1776,28923,25223,3700,3651,1961,1690,1342,348,49,29378,28500,28310,23858,4452,190,878,878,402,476,1068,190,16,174,878,289,589,878,135,275,96,0,362,10,27654,26175,1479,539,908,332,202,38,161,143,208,26,29378,1687,48,7,0,252,1774,204,61,997,0,55,1055,137,11,25,210,8,112,107,291,26,191,49,36,0,70,47,10639,9423,8123
2022,Talbot County; Georgia,2538,1005,140,197,67,539,9,425,263,797,89,346,240,468,1245,2.27,2.83,5765,2538,1001,207,1353,603,63,2396,666,1072,96,168,394,2604,803,1053,88,380,280,51,47,64,47,0,10,91,221,113,13,263,0,11,7,95,113,83,57,1071,30,29,513,254,245,4411,187,544,1830,775,396,435,244,3680,679,4847,565,5765,1343,946,12,3322,621,1497,710,5784,5329,455,455,132,323,276,47,0,5793,5782,5716,4599,1117,66,11,11,11,0,77,66,0,66,11,0,11,11,2,9,0,0,0,0,5573,5486,87,39,65,39,2,0,20,0,0,0,5793,560,0,0,0,36,312,61,0,235,2,0,294,9,0,14,0,5,22,61,97,0,31,12,0,0,92,1,2538,2058,1775
2022,Taliaferro County; Georgia,643,178,35,42,32,167,53,83,28,256,0,159,58,168,279,2.54,3.25,1632,643,186,51,414,276,62,638,308,230,25,13,62,778,338,236,6,146,52,0,0,0,0,0,0,0,75,9,13,265,0,0,0,9,9,6,0,178,11,6,113,45,3,1300,110,94,547,340,60,86,63,1096,149,1394,155,1630,369,239,17,937,160,454,192,1635,1564,71,71,33,38,38,0,0,1635,1596,1592,1316,276,4,39,39,8,31,43,4,0,4,39,0,39,39,0,1,0,0,38,0,1568,1488,80,1,74,0,5,0,1,1,0,0,1635,67,0,0,0,8,153,14,0,18,0,0,71,52,0,15,2,0,0,0,22,0,3,0,0,0,0,7,643,487,383
2022,Tattnall County; Georgia,7552,3460,1512,558,252,944,157,690,317,2590,474,1447,759,2934,2459,2.54,3.13,19205,7552,3473,537,5687,1654,302,11863,5548,4145,428,408,1334,8380,2128,3669,103,1005,1475,151,24,10,34,0,60,25,609,390,13,267,142,14,67,167,390,268,246,5568,234,259,2485,1503,1087,16973,1499,2187,6732,2979,1204,1288,1084,13287,2372,19329,1460,19245,3460,4913,341,11133,1580,3199,1539,24027,19211,4816,4754,1249,3505,3252,253,62,24309,23046,22860,17861,4999,186,1263,1263,189,1074,1449,186,27,159,1263,70,1193,1263,66,1,14,0,1182,0,23214,20031,3183,781,2954,765,122,0,5,4,102,12,24309,1576,16,4,0,120,2034,421,61,1452,0,0,1718,232,0,56,130,64,0,197,261,0,202,104,0,0,173,115,7552,6599,5846
2022,Taylor County; Georgia,3048,1249,440,93,19,497,84,270,133,1209,163,647,265,852,1140,2.49,3.12,7598,3048,1191,150,2274,708,227,3062,1078,1355,71,134,424,3455,1304,1191,91,537,332,146,35,30,87,0,193,0,102,71,13,269,25,0,6,40,71,54,61,1637,92,78,757,450,260,5518,435,1000,2141,713,328,566,335,4083,901,6221,410,7655,1498,1547,84,4561,804,1547,610,7767,7360,407,403,96,307,154,153,4,7799,7679,7648,6940,708,31,120,120,55,65,151,31,0,31,120,61,59,120,28,54,25,0,13,0,7406,7249,157,25,38,0,65,25,54,0,0,0,7799,949,0,13,0,17,611,59,0,186,0,0,159,24,0,0,30,0,7,56,32,0,53,6,0,0,3,0,3048,2504,2094
2022,Telfair County; Georgia,2948,1349,254,105,36,436,23,308,168,1058,296,495,361,810,1322,3.42,4.14,10083,2948,1349,108,3899,1248,531,5790,3009,1887,112,246,536,4231,1449,1408,114,606,654,45,27,17,21,0,58,10,387,98,13,271,60,7,15,16,98,54,91,3009,135,127,1835,509,403,8699,933,1202,4142,1122,600,321,379,6564,700,9601,589,10079,2357,3007,924,5098,706,1974,727,12462,11407,1055,1047,403,644,588,56,8,12619,11732,11663,9969,1694,69,887,887,61,826,956,69,0,69,887,200,687,887,12,21,30,9,815,0,12102,11104,998,752,920,737,8,0,12,4,58,11,12619,729,0,0,0,0,495,30,0,109,0,0,225,42,0,3,8,0,0,901,45,0,41,7,0,0,0,19,2948,2218,1963
2022,Terrell County; Georgia,3300,1274,376,247,33,482,35,382,195,1297,391,544,277,1066,1278,2.63,3.26,8693,3300,1232,282,3117,643,119,3513,1441,1470,67,226,309,3759,1374,1234,139,576,436,139,125,101,78,0,88,87,317,53,13,273,0,0,2,51,53,25,28,2039,150,200,874,560,255,6081,407,696,2280,1559,350,396,393,4978,789,6897,507,8628,1299,2022,56,4897,612,1709,631,8786,8308,478,475,166,309,248,61,3,9004,8789,8753,7608,1145,36,215,215,84,131,251,36,0,36,215,15,200,215,21,54,12,3,108,17,8505,8091,414,152,282,102,66,38,54,0,12,12,9004,1109,0,0,1,5,377,77,0,181,2,0,313,13,0,27,9,0,14,183,51,0,46,0,0,0,10,0,3300,2779,2522
2022,Thomas County; Georgia,18168,8228,2929,1338,628,3084,261,2434,605,5518,1370,2870,1388,6012,5609,2.48,3.06,45020,18168,8239,1324,13247,3293,749,17084,5804,8597,342,502,1839,19571,5838,8633,687,1740,2673,520,216,35,49,5,105,10,1223,467,13,275,16,58,188,205,467,328,307,10828,844,685,5157,2182,1960,31127,1195,3062,9786,6034,3635,4882,2533,26870,7415,34660,2537,45159,8256,10865,868,26233,4075,8061,3313,45112,39445,5667,5667,3049,2618,1482,1136,0,45665,44568,44387,31562,12825,181,1097,1097,590,507,1278,181,23,158,1097,280,817,1097,100,207,83,0,669,38,42904,40861,2043,591,1476,483,256,12,178,38,133,58,45665,3729,0,25,57,244,3987,539,77,3222,77,60,3638,730,0,176,137,0,61,350,1222,0,259,174,93,38,413,150,18168,16535,15201
2022,Tift County; Georgia,15328,6371,2551,988,517,2786,124,1892,648,5183,1420,2611,1407,5239,4569,2.57,3.18,39326,15328,6577,776,11899,3554,1192,15458,6125,7013,460,375,1485,17214,5619,7020,358,1773,2444,545,189,30,55,30,82,43,856,563,13,277,183,145,45,190,563,395,310,10712,638,575,4274,2345,2880,26945,1446,2887,8972,4928,3669,2594,2449,22612,5043,30883,1585,40637,4383,10305,574,24258,2068,6074,1741,40530,37494,3036,2988,1570,1418,1078,340,48,41247,39096,38902,32216,6686,194,2151,2151,528,1623,2345,194,38,156,2151,364,1787,2151,19,334,57,0,1655,86,38492,33780,4712,1390,4148,1199,159,35,364,115,41,41,41247,13431,60,13,5,177,2633,174,23,1251,11,6,2023,341,10,12,96,21,0,293,397,13,85,19,13,0,60,120,15328,12474,10783
2022,Toombs County; Georgia,9754,4237,1686,395,109,1478,148,1138,431,3644,641,2045,1268,3292,3359,2.71,3.51,26455,9754,4179,452,8290,3131,649,9787,3643,4744,176,175,1049,11296,3368,4498,426,1396,1608,277,120,34,45,0,99,12,1049,514,13,279,159,10,101,244,514,303,452,7224,610,270,3259,1795,1290,17297,1259,1688,6320,3845,1354,1511,1320,14350,2831,19833,1350,26646,4751,7080,434,15226,2281,4340,2036,26614,23029,3585,3554,1571,1983,1477,506,31,26946,25317,24955,20432,4523,362,1629,1629,411,1218,1991,362,222,140,1629,396,1233,1629,123,189,0,0,1317,0,25077,22213,2864,1296,2507,1064,204,118,153,114,0,0,26946,3149,0,13,14,21,3456,118,0,1353,10,0,2140,131,0,52,137,0,49,239,464,0,79,194,0,0,123,2,9754,8741,7586
2022,Towns County; Georgia,5464,3029,365,225,54,759,47,674,206,1451,135,962,604,882,2809,2.14,2.60,11680,5464,3027,224,1862,886,217,5404,1343,3200,34,265,562,5868,1239,3158,28,719,724,98,43,33,46,0,65,51,424,264,13,281,27,90,56,91,264,182,148,2371,141,185,555,441,1049,9554,182,560,2655,2157,944,1754,1302,8812,3056,10985,1044,12383,2305,1561,59,6479,898,4343,1348,12401,10960,1441,1398,187,1211,813,398,43,12546,12214,12072,6167,5905,142,332,332,207,125,474,142,20,122,332,40,292,332,172,19,0,0,126,15,12137,11702,435,67,316,62,93,5,17,0,9,0,12546,1434,21,37,34,161,2156,213,31,1618,44,63,2067,431,16,37,183,1,64,477,468,13,0,64,23,51,237,40,5464,4917,4639
2022,Treutlen County; Georgia,2295,1040,321,95,24,296,0,244,101,864,165,524,266,615,885,2.57,3.29,5887,2295,1019,138,1754,580,101,2760,1175,1214,26,97,248,2440,630,981,144,377,308,26,12,20,26,0,65,8,128,79,13,283,0,32,0,47,79,64,64,1574,108,88,658,537,183,4336,269,877,1914,414,268,480,114,3190,594,4908,246,6070,1350,1503,118,3314,569,1253,663,6338,5357,981,978,352,626,590,36,3,6411,6360,6331,5150,1181,29,51,51,0,51,80,29,0,29,51,0,51,51,49,0,0,0,2,0,6084,6016,68,2,19,2,0,0,0,0,49,0,6411,437,0,0,0,51,438,10,0,354,11,0,741,69,0,29,4,0,0,22,103,0,152,0,0,0,4,12,2295,1850,1621
2022,Troup County; Georgia,25587,11423,3993,1445,900,4096,271,3034,777,8623,2064,4290,2032,8776,7702,2.66,3.26,68057,25587,11451,1431,21197,6263,2128,26006,9386,12587,621,618,2794,29537,9085,12942,821,2834,3855,714,409,42,42,29,75,13,2154,912,13,285,101,189,133,489,912,690,475,17224,1022,1480,7819,3412,3491,46260,1596,3839,16972,10009,4449,5486,3909,40825,9395,52520,3699,68165,11543,16848,1037,40957,5950,10360,4556,68906,59560,9346,9192,5486,3706,2956,750,154,69527,66869,66511,48627,17884,358,2658,2658,1123,1535,3016,358,22,336,2658,1050,1608,2658,162,1162,41,0,1219,74,65162,61395,3767,1258,2297,647,673,148,713,462,84,1,69527,5532,11,16,8,304,5582,710,45,4220,25,43,5127,751,0,109,231,49,41,608,776,0,458,161,12,30,584,292,25587,23255,21448
2022,Turner County; Georgia,3121,1234,357,166,56,626,31,503,71,1095,169,662,392,837,1120,2.74,3.71,8544,3121,1257,147,2767,940,312,3385,1239,1677,59,35,375,3641,1140,1422,157,404,518,114,40,35,59,0,62,72,268,128,13,287,43,63,13,9,128,43,106,2241,155,118,1122,326,520,6043,532,704,2104,1248,820,453,182,4807,635,6705,469,8684,1691,2189,74,4886,941,1609,676,8847,7784,1063,1063,365,698,526,172,0,8894,8564,8492,7426,1066,72,330,330,45,285,402,72,11,61,330,14,316,330,0,0,0,0,327,3,8290,7762,528,311,407,284,121,27,0,0,0,0,8894,1077,0,0,0,13,570,87,3,250,8,0,443,35,0,16,56,0,0,29,129,0,41,0,0,0,13,23,3121,2510,2077
2022,Twiggs County; Georgia,2900,1314,277,113,44,554,0,461,173,919,123,566,395,648,1363,2.71,3.61,7868,2900,1331,97,2023,1334,183,3267,1103,1489,95,92,488,3419,944,1481,136,387,471,75,60,64,52,223,22,0,356,104,13,289,5,38,36,25,104,88,84,1459,62,114,688,416,179,6030,260,988,2560,1173,407,392,250,4782,642,6437,568,7871,1666,1518,112,4537,767,1816,787,7950,7692,258,246,99,147,93,54,12,7955,7874,7841,6818,1023,33,81,81,32,49,114,33,0,33,81,15,66,81,0,19,0,0,62,0,7542,7327,215,116,104,47,81,54,30,15,0,0,7955,926,23,0,13,0,649,15,0,300,0,0,202,52,0,0,0,0,0,37,31,0,6,0,0,0,24,2,2900,2343,2083
2022,Union County; Georgia,10759,6358,1371,628,312,1501,71,1151,748,2272,123,1830,1396,2103,5693,2.26,2.67,24285,10759,6395,595,4805,1063,668,10709,1885,6836,322,378,1288,11074,1438,6836,30,1203,1567,438,183,110,115,0,206,80,413,142,13,291,13,11,52,66,142,84,108,3421,176,314,1583,987,361,19586,699,1619,6373,4004,1899,3047,1945,17268,4992,21089,2433,24305,4668,3775,67,12431,1482,8099,3119,24565,21234,3331,3324,1231,2093,936,1157,7,24880,24157,23957,10367,13590,200,723,723,304,419,923,200,31,169,723,248,475,723,263,79,0,0,305,76,23941,23045,896,353,587,288,222,65,57,0,30,0,24880,2661,54,143,94,818,4491,403,56,3029,403,27,3704,762,37,187,300,64,113,960,1185,45,0,114,77,60,251,0,10759,9646,9312
2022,Upson County; Georgia,10412,4581,1280,874,339,1747,11,1420,674,3210,739,1711,876,2880,3539,2.61,3.20,27143,10412,4487,953,8179,2137,975,10448,3351,4834,309,650,1304,11954,3810,4997,329,1109,1709,185,121,30,30,0,46,23,675,278,13,293,20,31,101,126,278,182,161,6653,468,480,2824,1639,1242,19052,899,2070,7204,4060,1890,1873,1056,16083,2929,21359,1623,27167,4499,6279,137,16096,2208,4792,2154,27479,24169,3310,3265,1827,1438,999,439,45,27638,27016,26796,22251,4545,220,622,622,258,364,842,220,0,220,622,93,529,622,87,85,25,65,326,34,26219,25752,467,144,374,115,89,29,4,0,0,0,27638,2428,12,49,0,18,2189,152,81,756,0,90,1207,153,0,70,178,57,0,424,317,6,372,2,4,0,40,0,10412,9333,8376
2022,Walker County; Georgia,26087,12621,3889,816,375,5030,634,3352,1111,7620,1562,3833,2468,7759,9322,2.55,3.10,66453,26087,12508,918,18376,6865,1699,27561,8559,13288,504,792,4418,28543,6545,13758,686,3557,3997,703,287,36,48,3,106,9,2335,1199,13,295,448,95,54,602,1199,756,822,14981,887,733,6950,3261,3150,47811,2565,4590,16960,10516,3776,5968,3436,40656,9404,53476,3689,66591,13065,14540,863,39648,7044,12403,5158,67448,59244,8204,8082,2737,5345,2826,2519,122,68065,67302,66986,30323,36663,316,763,763,390,373,1079,316,21,295,763,257,506,763,55,328,16,0,312,52,64435,62959,1476,511,1125,327,121,66,193,113,37,5,68065,11214,16,93,38,899,10309,1320,378,4438,192,32,9030,1409,23,187,679,6,80,918,1757,6,293,345,113,26,641,151,26087,23846,21790
2022,Walton County; Georgia,34070,19418,7812,2315,991,4454,273,2996,1080,7883,1734,3495,2373,12515,10879,2.84,3.25,96804,34070,19534,2196,29484,8911,2609,38065,11577,21294,712,762,3720,40675,10756,20932,493,3741,4753,1101,350,30,48,3,102,18,2826,1160,13,297,396,318,187,259,1160,831,827,23342,1539,1188,10405,6155,4055,65681,2251,6250,21064,14724,5446,9940,6006,57180,15946,74178,5556,96813,12728,23551,820,58167,6346,15095,5562,96888,85968,10920,10872,4200,6672,5289,1383,48,97752,92320,91367,63362,28005,953,5432,5432,3551,1881,6385,953,160,793,5432,1333,4099,5432,870,956,435,2,3126,43,92088,86384,5704,1892,3483,1116,1244,498,617,278,360,0,97752,10526,216,54,17,652,11591,1392,567,8334,293,132,9436,1700,57,536,894,87,268,1214,2181,11,527,211,283,40,878,1015,34070,32062,30841
2022,Ware County; Georgia,12756,4949,1523,639,384,2457,276,1667,483,4711,1143,2691,1156,3802,4150,2.63,3.43,33546,12756,4965,629,11762,2276,1158,13973,5743,5329,309,623,1969,14565,4889,5469,530,1747,1930,552,367,72,72,27,131,31,834,290,13,299,87,101,0,102,290,185,170,8182,527,508,4056,2033,1058,24173,1428,3022,9638,4669,1757,2561,1098,19723,3659,27040,1664,33708,4630,8866,418,19069,2455,5773,1757,35236,31965,3271,3170,2119,1051,569,482,101,35917,35126,34973,27880,7093,153,791,791,254,537,944,153,0,153,791,257,534,791,64,346,83,0,294,4,33599,32093,1506,698,995,488,274,118,204,92,33,0,35917,3227,14,0,16,122,2019,284,29,901,62,14,1575,139,0,49,54,0,66,281,389,0,285,13,0,0,107,0,12756,11743,8969
2022,Warren County; Georgia,1945,713,205,120,45,383,9,288,93,729,156,308,196,444,842,2.63,3.31,5108,1945,690,135,1815,447,76,2027,779,802,25,198,223,2328,952,706,110,363,197,38,9,11,35,0,47,37,57,21,13,301,0,0,0,21,21,20,8,1115,89,102,439,255,230,3692,381,650,1372,609,272,260,148,2661,408,4138,219,5122,932,1057,45,2939,544,1126,343,5168,4840,328,324,212,112,89,23,4,5197,5165,5143,4596,547,22,32,32,27,5,54,22,0,22,32,4,28,32,1,24,0,0,7,0,4920,4882,38,20,14,0,4,0,20,20,0,0,5197,399,0,0,0,0,194,27,0,146,0,0,262,33,0,14,0,0,0,28,26,0,5,0,0,0,20,7,1945,1512,1186
2022,Washington County; Georgia,7256,2924,1035,377,185,1001,93,697,257,2954,685,1367,827,2412,2662,2.50,3.06,18116,7256,2878,435,5497,1839,211,8454,3397,3412,225,287,1133,8025,2742,2917,239,1378,749,208,99,40,53,0,107,22,642,372,13,303,22,48,59,243,372,252,233,4583,222,231,1987,1082,1061,14066,800,1423,6176,2203,1013,1756,695,11843,2451,15679,1123,18193,3110,4272,141,10527,1709,3394,1260,19812,16783,3029,2905,1644,1261,1039,222,124,19975,19620,19407,16736,2671,213,355,355,220,135,568,213,0,213,355,42,313,355,10,108,22,0,214,1,18906,18296,610,186,347,85,207,90,29,11,27,0,19975,1368,11,1,0,13,1267,136,8,656,98,0,1081,216,0,19,3,0,1,148,57,0,240,0,15,0,12,54,7256,6269,5579
2022,Wayne County; Georgia,10754,5025,1858,614,305,1932,253,1533,340,3183,726,1505,873,3651,3243,2.64,3.22,28356,10754,4925,734,8668,2875,400,12114,4364,5410,297,442,1601,11981,2871,5396,418,1238,2058,181,89,26,28,0,62,9,1064,674,13,305,1,138,178,357,674,436,390,7221,630,337,3690,1562,1002,20263,995,1950,9049,3658,1749,1713,1149,17318,2862,22888,1556,28388,4908,7343,301,16421,3023,4624,1584,30045,26432,3613,3558,2269,1289,963,326,55,30277,29490,29057,21953,7104,433,787,787,149,638,1220,433,46,387,787,300,487,787,100,265,0,0,422,0,28569,27240,1329,462,930,297,65,12,272,117,62,36,30277,3474,0,13,0,85,2128,180,22,1482,11,21,1994,538,0,123,144,5,0,351,469,1,114,0,48,0,127,30,10754,9882,8693
2022,Webster County; Georgia,876,377,102,38,20,161,0,100,60,300,55,207,110,182,308,2.68,3.58,2350,876,394,44,857,129,50,1118,589,427,27,20,55,898,250,356,64,125,103,14,0,0,28,0,61,0,5,5,13,307,0,0,0,5,5,5,0,605,71,37,198,105,194,1709,184,138,579,462,187,129,30,1387,159,1935,69,2350,342,419,15,1511,142,420,185,2339,2041,298,298,30,268,127,141,0,2354,2187,2176,1722,454,11,167,167,85,82,178,11,0,11,167,20,147,167,11,0,0,0,156,0,2297,1938,359,155,326,155,33,0,0,0,0,0,2354,306,0,0,0,4,107,4,0,55,0,6,41,0,0,4,8,0,0,3,0,0,46,0,0,0,0,8,876,704,614
2022,Wheeler County; Georgia,1597,691,153,43,16,364,5,293,120,499,74,291,188,378,731,4.36,6.07,6968,1597,650,86,3081,1255,299,4501,2497,1487,141,80,296,2176,781,661,96,269,369,74,53,63,64,198,30,16,162,73,13,309,25,22,19,7,73,48,41,1186,15,101,581,367,122,4792,166,961,2126,703,225,557,54,3665,611,6346,346,6968,683,1204,0,4657,437,1107,246,7507,7240,267,262,66,196,189,7,5,7550,7512,7481,6779,702,31,38,38,18,20,69,31,13,18,38,12,26,38,10,0,1,0,27,0,7328,7047,281,222,272,217,8,4,0,0,1,1,7550,710,0,0,0,0,174,9,0,46,0,0,145,33,0,0,0,0,0,0,11,0,69,0,0,0,44,0,1597,1170,1095
2022,White County; Georgia,10344,6295,1687,587,201,1322,101,1047,458,2140,368,1115,724,2712,4163,2.68,3.06,27691,10344,6379,486,7619,1807,1056,11619,3135,6779,33,269,1403,12168,2789,6432,339,1141,1467,525,195,65,89,0,176,37,585,214,13,311,107,0,0,107,214,142,181,5948,232,256,2376,1523,1561,19922,979,1885,6223,4723,1505,2647,1960,17058,4607,22700,2123,27981,4549,5443,298,16176,2009,6362,2242,27541,24063,3478,3478,1079,2399,1763,636,0,28165,27531,27379,16788,10591,152,634,634,519,115,786,152,6,146,634,98,536,634,260,116,0,0,240,18,26776,25826,950,265,518,116,329,101,96,48,7,0,28165,3579,8,86,2,292,5004,472,98,3421,45,14,4647,948,33,168,585,7,28,659,1036,12,2,128,55,73,144,2,10344,9760,8683
2022,Whitfield County; Georgia,35797,17904,7616,1604,963,6446,551,3954,1387,9843,2507,4674,2718,12948,10399,2.84,3.38,101598,35797,17914,1561,34836,8818,2672,40852,14136,20547,851,1624,3694,40901,11223,19507,953,4002,5216,1101,293,23,46,20,84,19,2221,668,13,313,33,200,186,249,668,428,534,25678,1307,1446,11523,6498,4904,66792,8897,8284,21079,12381,3743,7260,5148,49611,12408,76790,3552,102200,11993,26206,1186,61610,5792,14384,5015,101979,93434,8545,8376,4655,3721,1995,1726,169,103033,85103,84219,59761,24458,884,17930,17930,6833,11097,18814,884,372,512,17930,2922,15008,17930,158,1154,149,6,16391,72,96543,67388,29155,12839,27819,12258,450,73,827,477,59,31,103033,7520,52,9,25,409,22822,997,11,3912,35,105,6355,1239,38,57,299,30,38,531,1575,0,1261,508,49,19,224,104,35797,32770,30931
2022,Wilcox County; Georgia,2499,1152,303,91,53,395,65,226,123,861,178,451,248,743,995,2.81,3.34,7010,2499,1182,68,2227,634,400,4632,2258,1514,175,87,598,2856,726,1141,118,475,396,56,33,42,43,0,103,12,151,39,13,315,8,14,1,16,39,22,31,1602,154,71,745,345,287,6487,272,997,2585,1296,453,455,429,5218,884,7244,272,7021,904,1588,18,3973,564,1460,322,8799,8017,782,749,183,566,521,45,33,8839,8485,8461,7059,1402,24,354,354,14,340,378,24,9,15,354,3,351,354,0,23,16,0,310,5,8433,8060,373,296,344,290,6,0,6,0,17,6,8839,729,6,9,0,3,452,13,0,171,0,0,296,32,0,0,31,4,0,104,18,2,74,0,0,0,4,12,2499,2002,1741
2022,Wilkes County; Georgia,4032,1705,543,145,36,903,9,704,320,1279,169,709,490,893,1683,2.35,3.09,9479,4032,1736,121,2506,879,205,3878,1518,1711,74,142,433,4082,995,1841,128,723,395,129,91,94,75,0,170,0,268,79,13,317,7,15,20,37,79,47,41,1980,138,141,953,406,342,7015,367,852,3130,1168,401,839,258,5796,1097,7620,467,9510,1465,1983,87,5323,571,2204,807,9485,8752,733,705,314,391,319,72,28,9610,9340,9208,7993,1215,132,270,270,38,232,402,132,82,50,270,71,199,270,25,5,0,0,240,0,9089,8602,487,206,456,200,25,0,6,6,0,0,9610,794,5,0,0,6,933,69,9,321,0,0,379,16,0,0,34,0,0,89,112,0,82,5,12,0,10,0,4032,2928,2130
2022,Wilkinson County; Georgia,3313,1283,338,155,63,687,33,547,178,1188,263,586,313,775,1178,2.64,3.45,8743,3313,1278,162,2851,808,331,3431,1246,1265,186,159,575,3787,1131,1504,131,577,444,102,71,62,55,199,43,9,129,63,13,319,29,8,22,4,63,51,54,2113,143,80,871,599,420,6122,240,410,2938,1181,615,494,244,5472,738,6863,400,8758,1352,1989,59,5061,759,1708,534,8754,8223,531,527,268,259,193,66,4,8852,8663,8655,7734,921,8,189,189,16,173,197,8,0,8,189,10,179,189,11,4,3,0,152,19,8355,8124,231,138,218,131,6,0,7,7,0,0,8852,1039,0,0,5,20,783,58,3,160,0,17,639,47,0,21,47,6,18,16,113,2,39,0,0,0,26,16,3313,2879,2427
2022,Worth County; Georgia,7896,3666,1197,483,149,1379,86,998,408,2368,681,1220,842,2549,2805,2.60,3.18,20524,7896,3702,464,6154,1693,615,7984,2330,3866,248,280,1260,8909,2195,3919,185,1154,1456,226,154,61,51,129,67,10,584,280,13,321,63,32,0,185,280,170,273,4304,235,443,1869,805,952,14450,554,1548,6388,3088,1498,950,424,12348,1374,16086,1303,20529,3513,4616,366,11969,1373,3944,1774,20403,18220,2183,2183,1045,1138,865,273,0,20706,20350,20289,16342,3947,61,356,356,209,147,417,61,23,38,356,18,338,356,79,131,0,0,146,0,19507,18867,640,198,367,126,55,42,212,30,6,0,20706,3504,0,0,0,47,1824,65,2,834,0,167,1395,219,0,2,71,2,35,147,366,0,84,4,0,33,94,0,7896,7061,5705
