year,county_name,households_by_type_total_households,households_by_type_total_households_married_couple,households_by_type_total_households_married_couple,households_by_type_total_households_cohabiting_cou,households_by_type_total_households_cohabiting_cou,households_by_type_total_households_male_household,households_by_type_total_households_male_household,households_by_type_total_households_male_household,households_by_type_total_households_male_household,households_by_type_total_households_female_househo,households_by_type_total_households_female_househo,households_by_type_total_households_female_househo,households_by_type_total_households_female_househo,households_by_type_total_households_households_wit,households_by_type_total_households_households_wit,households_by_type_total_households_average_househ,households_by_type_total_households_average_family,relationship_population_in_households,relationship_population_in_households_householder,relationship_population_in_households_spouse,relationship_population_in_households_unmarried_pa,relationship_population_in_households_child,relationship_population_in_households_other_relati,relationship_population_in_households_other_nonrel,marital_status_males_15_years_and_over,marital_status_males_15_years_and_over_never_marri,marital_status_males_15_years_and_over_now_married,marital_status_males_15_years_and_over_separated,marital_status_males_15_years_and_over_widowed,marital_status_males_15_years_and_over_divorced,marital_status_females_15_years_and_over,marital_status_females_15_years_and_over_never_mar,marital_status_females_15_years_and_over_now_marri,marital_status_females_15_years_and_over_separated,marital_status_females_15_years_and_over_widowed,marital_status_females_15_years_and_over_divorced,fertility_number_of_women_15_to_50_years_old_who_h,fertility_number_of_women_15_to_50_years_old_who_h,fertility_number_of_women_15_to_50_years_old_who_h,fertility_number_of_women_15_to_50_years_old_who_h,fertility_number_of_women_15_to_50_years_old_who_h,fertility_number_of_women_15_to_50_years_old_who_h,fertility_number_of_women_15_to_50_years_old_who_h,grandparents_number_of_grandparents_living_with_ow,grandparents_number_of_grandparents_living_with_ow,state_fips,county_fips,grandparents_number_of_grandparents_living_with_ow,grandparents_number_of_grandparents_living_with_ow,grandparents_number_of_grandparents_living_with_ow,grandparents_number_of_grandparents_living_with_ow,grandparents_number_of_grandparents_responsible_fo,grandparents_number_of_grandparents_responsible_fo,grandparents_number_of_grandparents_responsible_fo,school_enrollment_population_3_years_and_over_enro,school_enrollment_population_3_years_and_over_enro,school_enrollment_population_3_years_and_over_enro,school_enrollment_population_3_years_and_over_enro,school_enrollment_population_3_years_and_over_enro,school_enrollment_population_3_years_and_over_enro,educational_attainment_population_25_years_and_ove,educational_attainment_population_25_years_and_ove,educational_attainment_population_25_years_and_ove,educational_attainment_population_25_years_and_ove,educational_attainment_population_25_years_and_ove,educational_attainment_population_25_years_and_ove,educational_attainment_population_25_years_and_ove,educational_attainment_population_25_years_and_ove,educational_attainment_population_25_years_and_ove,educational_attainment_population_25_years_and_ove,veteran_status_civilian_population_18_years_and_ov,veteran_status_civilian_population_18_years_and_ov,disability_status_of_the_civilian_noninstitutional,disability_status_of_the_civilian_noninstitutional,disability_status_of_the_civilian_noninstitutional,disability_status_of_the_civilian_noninstitutional,disability_status_of_the_civilian_noninstitutional,disability_status_of_the_civilian_noninstitutional,disability_status_of_the_civilian_noninstitutional,disability_status_of_the_civilian_noninstitutional,residence_1_year_ago_population_1_year_and_over,residence_1_year_ago_population_1_year_and_over_sa,residence_1_year_ago_population_1_year_and_over_di,residence_1_year_ago_population_1_year_and_over_di,residence_1_year_ago_population_1_year_and_over_di,residence_1_year_ago_population_1_year_and_over_di,residence_1_year_ago_population_1_year_and_over_di,residence_1_year_ago_population_1_year_and_over_di,residence_1_year_ago_population_1_year_and_over_di,place_of_birth_total_population,place_of_birth_total_population_native,place_of_birth_total_population_native_born_in_uni,place_of_birth_total_population_native_born_in_uni,place_of_birth_total_population_native_born_in_uni,place_of_birth_total_population_native_born_in_pue,place_of_birth_total_population_foreign_born,u.s._citizenship_status_foreign_born_population,u.s._citizenship_status_foreign_born_population_na,u.s._citizenship_status_foreign_born_population_no,year_of_entry_population_born_outside_the_united_s,year_of_entry_population_born_outside_the_united_s,year_of_entry_population_born_outside_the_united_s,year_of_entry_population_born_outside_the_united_s,year_of_entry_population_born_outside_the_united_s,year_of_entry_population_born_outside_the_united_s,year_of_entry_population_born_outside_the_united_s,world_region_of_birth_of_foreign_born_foreign_born,world_region_of_birth_of_foreign_born_foreign_born,world_region_of_birth_of_foreign_born_foreign_born,world_region_of_birth_of_foreign_born_foreign_born,world_region_of_birth_of_foreign_born_foreign_born,world_region_of_birth_of_foreign_born_foreign_born,world_region_of_birth_of_foreign_born_foreign_born,language_spoken_at_home_population_5_years_and_ove,language_spoken_at_home_population_5_years_and_ove,language_spoken_at_home_population_5_years_and_ove,language_spoken_at_home_population_5_years_and_ove,language_spoken_at_home_population_5_years_and_ove,language_spoken_at_home_population_5_years_and_ove,language_spoken_at_home_population_5_years_and_ove,language_spoken_at_home_population_5_years_and_ove,language_spoken_at_home_population_5_years_and_ove,language_spoken_at_home_population_5_years_and_ove,language_spoken_at_home_population_5_years_and_ove,language_spoken_at_home_population_5_years_and_ove,ancestry_total_population,ancestry_total_population_american,ancestry_total_population_arab,ancestry_total_population_czech,ancestry_total_population_danish,ancestry_total_population_dutch,ancestry_total_population_english,ancestry_total_population_french_except_basque,ancestry_total_population_french_canadian,ancestry_total_population_german,ancestry_total_population_greek,ancestry_total_population_hungarian,ancestry_total_population_irish,ancestry_total_population_italian,ancestry_total_population_lithuanian,ancestry_total_population_norwegian,ancestry_total_population_polish,ancestry_total_population_portuguese,ancestry_total_population_russian,ancestry_total_population_scotch_irish,ancestry_total_population_scottish,ancestry_total_population_slovak,ancestry_total_population_subsaharan_african,ancestry_total_population_swedish,ancestry_total_population_swiss,ancestry_total_population_ukrainian,ancestry_total_population_welsh,ancestry_total_population_west_indian_excluding_hi,computers_and_internet_use_total_households,computers_and_internet_use_total_households_with_a,computers_and_internet_use_total_households_with_a
2022,Anderson County; Texas,16899,8567,3305,923,542,2563,212,2007,743,4846,1105,2126,1109,5904,5745,2.69,3.17,45458,16899,8394,1100,14315,3717,1033,31007,12077,11693,1177,967,5093,17997,3645,8793,408,2338,2813,458,134,26,49,22,100,9,1186,603,48,001,215,39,16,333,603,457,425,11114,449,343,4654,2869,2799,42436,2330,4131,16205,10329,3877,3857,1707,35975,5564,47027,3643,45538,7628,11032,677,26510,3817,7996,3134,57476,48000,9476,9234,3568,5666,5173,493,242,58077,54683,54097,44567,9530,586,3394,3394,1178,2216,3980,586,16,570,3394,887,2507,3394,106,399,529,0,2311,49,55103,48126,6977,2026,6151,1691,241,42,315,240,270,53,58077,4434,14,84,6,555,5154,766,55,5161,85,8,5846,473,11,230,693,73,28,258,638,0,768,112,48,0,248,45,16899,15396,13810
2022,Andrews County; Texas,6603,4027,2078,429,262,749,20,683,158,1398,337,588,325,2852,1337,2.76,3.15,18226,6603,4047,413,5854,1161,148,6873,1754,4366,98,100,555,6791,1617,4053,164,409,548,408,49,30,95,17,153,56,473,155,48,003,112,0,36,7,155,81,142,5219,196,262,2828,1050,883,11043,1600,1290,3222,1912,844,1636,539,8153,2175,12739,577,18230,2173,5623,527,10924,944,1683,702,18127,15096,3031,2845,1644,1201,895,306,186,18362,15140,14997,11064,3933,143,3222,3222,885,2337,3365,143,124,19,3222,1049,2173,3222,11,74,76,0,3056,5,16861,10204,6657,2610,6531,2607,20,0,30,0,76,3,18362,1125,0,20,0,12,1068,91,5,1519,0,32,1097,16,0,145,35,44,31,79,87,0,83,42,0,0,0,0,6603,6382,5988
2022,Angelina County; Texas,31583,15137,6024,1895,649,5145,379,3635,1157,9406,2597,4188,2176,11157,9660,2.64,3.14,83462,31583,15030,1986,26474,6639,1750,33377,11532,16504,419,1286,3636,35080,8791,16182,1085,3530,5492,800,338,31,40,0,95,4,2200,1030,48,005,342,207,179,302,1030,672,580,20877,1057,1255,9968,4785,3812,56714,4181,4899,18290,13873,4894,6706,3871,47634,10577,64572,5121,84625,16138,22001,1715,49502,8726,13122,5697,85924,70481,15443,15334,8809,6525,4781,1744,109,86608,79053,78227,65158,13069,826,7555,7555,2448,5107,8381,826,101,725,7555,943,6612,7555,185,650,226,0,6461,33,80974,65429,15545,5016,14234,4687,270,48,457,183,584,98,86608,6950,106,452,105,427,7587,1449,515,7501,15,47,8812,820,0,474,808,11,0,744,910,0,619,343,148,19,244,56,31583,29157,27928
2022,Aransas County; Texas,11412,5546,1111,1222,634,2374,109,2006,690,2270,347,1550,863,2445,4610,2.08,2.52,23714,11412,5530,1237,4494,858,183,10241,2406,5450,4,369,2012,10426,2255,5945,58,868,1300,452,210,88,111,0,180,80,548,84,48,007,5,49,0,30,84,55,49,4312,304,272,1952,953,831,19026,1025,1142,6057,4850,1354,2992,1606,16859,4598,19861,2096,23759,4005,4186,91,13097,2015,6476,1899,23647,20160,3487,3316,1729,1587,1188,399,171,24048,23023,22680,16274,6406,343,1025,1025,929,96,1368,343,0,343,1025,16,1009,1025,114,385,4,19,503,0,22987,18724,4263,877,3683,594,180,0,388,280,12,3,24048,1816,37,235,19,158,2656,819,57,4640,66,0,2398,402,20,248,407,17,0,243,544,5,7,140,70,0,43,15,11412,10826,10204
2022,Archer County; Texas,3367,1961,736,170,71,481,44,317,165,755,110,525,297,1056,1205,2.55,3.07,8583,3367,1930,182,2683,351,70,3599,978,2107,57,118,339,3478,697,1901,78,435,367,57,13,18,35,0,92,0,134,76,48,009,4,22,29,21,76,36,69,1936,72,82,917,484,381,6034,147,386,2250,1266,466,1023,496,5501,1519,6681,572,8598,1512,1962,182,4872,623,1764,707,8589,7658,931,908,260,648,563,85,23,8649,8234,8185,6350,1835,49,415,415,96,319,464,49,7,42,415,159,256,415,98,7,0,0,294,16,8207,7627,580,251,472,244,99,0,9,7,0,0,8649,648,0,0,15,164,855,143,33,1400,0,0,595,175,0,17,74,3,14,154,269,0,5,39,45,2,39,2,3367,3076,2802
2022,Armstrong County; Texas,725,467,139,25,18,108,10,83,52,125,25,65,21,206,308,2.56,2.93,1853,725,469,22,552,62,23,748,137,462,5,46,98,779,110,481,21,80,87,14,13,109,42,0,36,53,9,0,48,011,0,0,0,0,0,0,0,432,35,0,231,60,106,1331,53,43,441,326,123,235,110,1235,345,1482,163,1848,217,425,0,915,73,508,144,1897,1723,174,174,103,71,70,1,0,1912,1864,1850,1393,457,14,48,48,27,21,62,14,0,14,48,0,48,48,0,2,0,0,46,0,1796,1663,133,33,129,33,0,0,2,0,2,0,1912,98,0,10,0,7,210,17,0,365,0,7,286,44,0,12,0,0,0,10,67,0,0,10,11,0,9,0,725,671,641
2022,Atascosa County; Texas,15920,8166,3217,771,416,2958,325,1692,624,4025,944,1978,1065,5984,4897,3.07,3.59,48943,15920,8171,762,16695,5835,1560,19035,6470,9001,383,860,2321,19382,5659,9147,765,1930,1881,812,362,58,73,95,125,13,2028,958,48,013,229,129,201,399,958,545,527,11893,598,658,6277,3019,1341,31538,2665,3465,12558,6610,1659,3483,1098,25408,4581,36082,3052,48933,5760,13297,682,28661,2619,6975,2459,48961,45213,3748,3622,2486,1136,863,273,126,49403,45553,44926,39579,5347,627,3850,3850,1278,2572,4477,627,234,393,3850,590,3260,3850,235,203,75,0,3337,0,45990,27523,18467,5948,17950,5848,268,11,103,14,146,75,49403,1242,6,472,31,81,2360,815,125,4683,13,9,2397,659,0,174,647,140,65,302,288,0,298,18,45,0,278,5,15920,14687,13456
2022,Austin County; Texas,11913,6965,2734,644,385,1637,282,1054,330,2667,526,1403,797,4267,4086,2.53,2.88,30105,11913,6976,630,8781,1186,619,12218,3210,7513,43,449,1003,12307,2691,7041,240,1220,1115,397,84,29,64,0,132,22,504,138,48,015,21,0,0,117,138,115,63,6945,469,256,3538,1671,1011,20958,1234,1306,6819,5122,1420,3753,1304,18418,5057,23228,1065,30148,3915,7133,392,17083,1715,5932,1808,30183,26758,3425,3378,1382,1996,1761,235,47,30406,27553,27240,21472,5768,313,2853,2853,1370,1483,3166,313,20,293,2853,346,2507,2853,299,239,0,0,2220,95,28758,22268,6490,1893,5607,1788,734,74,140,29,9,2,30406,1246,1,1980,28,77,2487,358,87,5823,59,16,1730,389,14,59,633,24,10,353,413,0,159,117,75,9,149,0,11913,11407,9596
2022,Bailey County; Texas,1933,857,340,209,133,383,48,228,81,484,192,248,176,746,584,3.48,4.05,6718,1933,911,257,2156,1018,443,2647,1336,1028,0,65,218,2769,1213,1201,11,219,125,83,83,66,45,0,101,0,342,45,48,017,0,0,45,0,45,0,0,1291,0,176,526,484,105,4342,439,723,1461,817,236,482,184,3180,666,5044,91,6718,876,1858,0,4043,636,817,240,6886,6569,317,317,137,180,162,18,0,6902,4948,4938,3925,1013,10,1954,1954,358,1596,1964,10,0,10,1954,371,1583,1954,0,81,35,0,1804,34,6342,2533,3809,1702,3667,1689,70,13,72,0,0,0,6902,228,0,2,0,0,238,8,0,76,0,0,128,86,0,0,0,0,0,26,111,0,35,6,0,0,0,35,1933,1655,1532
2022,Bandera County; Texas,8532,4786,904,339,42,1481,30,1143,595,1926,259,1225,778,1642,4280,2.43,2.89,20710,8532,4804,319,4121,1814,1120,8941,2114,5322,21,289,1195,9268,1771,5031,41,1038,1387,65,20,11,19,0,48,7,468,199,48,019,16,22,75,86,199,141,133,3675,154,197,1893,707,724,16279,443,864,4822,3958,1742,2783,1667,14972,4450,17632,2275,21019,3958,3549,110,11639,1678,5831,2170,20964,19344,1620,1489,478,1011,852,159,131,21182,20021,19431,12883,6548,590,1161,1161,573,588,1751,590,197,393,1161,160,1001,1161,287,103,0,0,751,20,20450,17691,2759,1033,2453,910,212,89,63,34,31,0,21182,833,31,181,32,152,2949,714,43,4548,30,23,2539,589,24,173,446,42,53,618,713,19,3,218,10,40,102,1,8532,8083,7503
2022,Bastrop County; Texas,33259,18063,7257,2144,806,4898,313,3387,899,8154,1326,4507,2127,11206,10320,2.89,3.44,95980,33259,17930,2260,31264,8726,2541,39825,13237,20673,833,972,4110,37872,9772,19105,662,3175,5158,816,233,22,39,0,58,37,2922,1184,48,021,213,187,441,343,1184,629,1074,21845,927,1133,10780,5812,3193,64589,5980,4951,19628,15247,3896,10118,4769,53658,14887,73147,7729,96113,11624,25136,1052,56406,5534,14571,5038,97477,86211,11266,11201,3863,7338,5564,1774,65,98435,86283,84898,63171,21727,1385,12152,12152,3927,8225,13537,1385,452,933,12152,1790,10362,12152,618,610,53,69,10564,238,92071,62927,29144,8992,27535,8648,916,162,550,140,143,42,98435,4823,305,1240,90,959,8602,1477,249,14292,70,109,6807,1132,45,536,706,46,478,1209,1683,0,146,631,402,11,566,22,33259,30440,27994
2022,Baylor County; Texas,1477,861,251,89,57,171,0,158,114,356,20,306,162,403,569,2.30,2.86,3396,1477,858,73,792,169,27,1309,254,880,17,56,102,1500,173,866,29,252,180,20,20,96,31,0,81,0,98,58,48,023,6,34,0,18,58,46,58,684,4,31,448,157,44,2468,56,265,905,492,176,481,93,2147,574,2658,227,3396,800,817,42,1822,464,757,294,3446,2986,460,460,264,196,170,26,0,3475,3382,3382,2844,538,0,93,93,50,43,93,0,0,0,93,43,50,93,24,19,0,0,50,0,3313,3057,256,10,156,10,81,0,19,0,0,0,3475,193,20,236,0,48,400,4,0,547,0,0,284,11,0,0,16,0,0,58,133,0,0,0,0,0,0,0,1477,1278,1210
2022,Bee County; Texas,8563,3962,1841,489,183,1884,74,1315,371,2228,480,1116,748,2940,2622,2.76,3.47,23639,8563,3940,522,8344,1732,538,16594,7803,5560,554,345,2332,9219,2916,4120,405,832,946,304,103,36,59,39,83,41,694,222,48,025,71,89,39,23,222,141,181,7267,333,347,2860,1490,2237,21600,1679,2590,7195,5811,1842,1474,1009,17331,2483,24711,1929,23761,3623,6213,258,13884,1474,3664,1891,30744,24695,6049,6022,2273,3749,3578,171,27,30977,29689,29508,25384,4124,181,1288,1288,571,717,1469,181,16,165,1288,185,1103,1288,86,183,42,0,958,19,29393,18995,10398,2300,10055,2157,230,84,61,44,52,15,30977,666,58,259,9,74,1608,468,48,2457,32,0,1644,334,22,67,236,6,69,56,149,0,223,56,21,12,50,28,8563,7573,6472
2022,Bell County; Texas,134495,63087,26939,7127,3477,25336,2207,18164,3750,38945,12016,18251,6338,49064,29190,2.69,3.29,362096,134495,62989,7230,122235,23227,11920,142035,49105,72626,2945,3453,13906,143939,43937,68087,3662,10292,17961,6243,1917,38,67,12,111,34,8234,3483,48,027,420,575,712,1776,3483,1995,2669,104609,4767,6093,44497,20754,28498,227732,7969,12946,58840,63349,23658,40173,20797,206817,60970,250628,49403,349437,51891,102544,6545,206160,29508,40733,15838,367124,283230,83894,79693,42636,37057,17286,19771,4201,372821,342274,323055,177353,145702,19219,30547,30547,15448,15099,49766,19219,6251,12968,30547,8275,22272,30547,3715,8513,1823,491,15805,200,343227,277008,66219,17859,49373,13940,6709,928,7613,2534,2524,457,372821,27026,1958,5135,738,3032,23848,6170,548,39139,522,609,24997,7788,56,2527,3656,1017,1161,2556,4404,122,4537,1338,768,276,1540,3458,134495,127686,120034
2022,Bexar County; Texas,730119,318199,138504,51422,18809,142502,10821,98673,21577,217996,50438,108244,41724,252390,181590,2.71,3.39,1979747,730119,317460,52061,637843,181265,60999,787751,313853,363235,18328,17984,74351,807266,274641,341242,22887,60592,107904,28404,10340,35,56,17,89,33,56751,17837,48,029,3138,3668,2585,8446,17837,11678,11842,541920,28060,28444,228463,114056,142897,1297977,85729,97461,318848,290630,110312,244258,150739,1114787,394997,1486138,144324,1977025,282499,504513,30685,1228764,154224,243748,97590,1990776,1660328,330448,317533,217418,100115,50169,49946,12915,2014059,1750232,1697598,1259360,438238,52634,263827,263827,116990,146837,316461,52634,15623,37011,263827,70543,193284,263827,12277,50591,7343,730,190260,2626,1880365,1165601,714764,214711,639918,188894,28866,8567,34175,13243,11805,4007,2014059,70259,12405,6426,2853,8076,99796,28477,3801,158819,2801,2249,97797,41977,2198,8929,22164,4665,4883,11573,20271,753,16387,7742,2588,2237,6518,5502,730119,696463,645914
2022,Blanco County; Texas,4836,2771,670,312,101,641,19,521,150,1112,126,687,374,1015,1869,2.37,2.85,11485,4836,2801,288,2703,722,135,5022,1223,3307,30,124,338,4913,873,2815,87,461,677,99,17,20,48,0,78,29,208,49,48,031,0,8,23,18,49,21,46,1980,48,73,1034,528,297,8849,443,413,2388,2098,797,2112,598,7993,2710,9553,872,11501,1670,2055,71,6690,674,2756,925,11551,10403,1148,1141,319,822,616,206,7,11608,10801,10552,7671,2881,249,807,807,368,439,1056,249,0,249,807,21,786,807,111,33,1,0,644,18,11184,9972,1212,355,918,327,127,0,166,28,1,0,11608,667,42,163,19,74,2238,441,48,2825,10,14,1690,131,6,156,278,0,5,182,373,9,0,126,32,28,133,0,4836,4585,4216
2022,Borden County; Texas,215,182,82,0,0,23,0,17,10,10,0,7,7,86,74,3.19,3.50,686,215,205,0,238,27,1,233,26,187,0,10,10,270,50,207,0,8,5,4,0,0,29,0,93,0,16,13,48,033,0,0,0,13,13,12,13,206,13,37,86,64,6,439,10,14,93,113,36,128,45,415,173,451,34,686,72,235,0,325,31,126,41,681,679,2,2,0,2,2,0,0,686,681,681,579,102,0,5,5,5,0,5,0,0,0,5,0,5,5,0,0,0,0,5,0,626,595,31,3,28,3,3,0,0,0,0,0,686,89,0,0,0,0,121,0,0,73,0,0,74,0,0,0,0,0,0,6,2,0,0,0,0,0,13,0,215,205,186
2022,Bosque County; Texas,7277,4227,1301,284,114,1119,15,972,440,1647,242,987,612,1947,3085,2.48,2.99,18053,7277,4251,265,4598,1389,273,7461,1730,4540,90,349,752,7786,1476,4363,136,913,898,177,74,46,51,0,102,27,495,244,48,035,43,38,9,154,244,161,154,3643,215,188,1617,952,671,13281,594,1041,4259,3641,1227,1793,726,11646,2519,14532,1239,18040,3478,3849,320,9875,1446,4316,1712,18241,15928,2313,2287,994,1293,792,501,26,18404,17122,17022,13565,3457,100,1282,1282,465,817,1382,100,22,78,1282,224,1058,1282,51,83,5,0,1134,9,17465,14794,2671,727,2487,657,73,8,102,60,9,2,18404,924,2,126,13,116,1807,162,45,3245,3,5,2218,133,8,441,174,14,1,291,383,8,50,70,6,3,104,30,7277,6451,5816
2022,Bowie County; Texas,34486,15191,5550,1106,348,6090,445,4421,1643,12099,2828,6270,3420,11030,11692,2.52,3.17,86958,34486,15326,958,26194,7374,2620,37454,13311,16871,1146,1118,5008,37106,9979,16684,776,3970,5697,1041,585,52,52,11,98,21,2734,1610,48,037,287,623,137,563,1610,886,1382,21615,1098,1931,9730,5084,3772,62699,2126,4157,22138,15259,5068,8817,5134,56416,13951,70785,6145,87122,10961,21932,798,50104,5834,15086,4329,91774,82658,9116,8979,4047,4932,2906,2026,137,92747,88906,88263,58999,29264,643,3841,3841,1548,2293,4484,643,212,431,3841,996,2845,3841,369,1256,100,44,2004,68,87049,81553,5496,2138,3953,1632,799,246,639,242,105,18,92747,31316,80,184,40,461,6434,1081,149,4820,22,0,5135,947,68,310,300,94,58,650,1284,6,3274,157,45,34,144,83,34486,29086,26459
2022,Brazoria County; Texas,127264,72486,34053,7421,2708,19855,1931,13482,2904,27502,6578,14392,7026,49968,32553,2.85,3.37,362186,127264,72635,7353,121304,27390,6240,148827,50570,80324,2055,2914,12964,145611,38347,77352,2504,11201,16207,5054,1451,33,56,1,85,48,10393,3813,48,039,826,784,891,1312,3813,2220,2997,101457,6065,5333,43888,23498,22673,245242,12296,15223,60400,58169,22126,49553,27475,217723,77028,277038,16693,362173,35236,96953,2852,220633,16134,44587,16250,370672,327784,42888,42162,19437,22725,17639,5086,726,374600,323648,316700,240920,75780,6948,50952,50952,26824,24128,57900,6948,2468,4480,50952,13199,37753,50952,2618,18554,2859,32,26327,562,350384,254086,96298,29377,70202,20384,6181,1407,16827,7280,3088,306,374600,16932,1323,4641,538,2414,28577,7849,778,34264,754,584,25716,5546,248,1109,3839,611,1170,3107,4005,218,4402,1374,658,379,1286,1100,127264,121988,116644
2022,Brazos County; Texas,86289,33465,15189,4223,1132,20902,866,12146,1751,27699,5004,13976,3499,24386,15556,2.51,3.15,216664,86289,33299,4358,55077,12926,24715,98919,52313,38211,1242,1263,5890,96374,46008,34909,1502,5384,8571,3117,1238,25,44,6,63,34,3575,1598,48,041,287,305,301,705,1598,965,1036,95379,3114,2596,19999,9727,59943,123121,6259,6942,25985,22533,8211,28990,24201,109920,53191,187421,7803,230202,21988,46739,2538,161674,12171,21789,7279,232043,165825,66218,64255,33225,31030,23861,7169,1963,234548,205864,202262,151430,50832,3602,28684,28684,9864,18820,32286,3602,1480,2122,28684,10922,17762,28684,1781,10259,1103,191,15109,241,221415,169042,52373,17486,35976,12894,5643,1017,8763,3167,1991,408,234548,7645,1380,4196,643,1410,20169,5678,610,31968,472,232,17732,6502,151,1512,4362,323,712,1995,3901,27,1828,1821,190,265,1068,250,86289,83446,72529
2022,Brewster County; Texas,4958,1995,591,294,93,1216,39,1017,225,1453,208,1043,478,1020,1637,1.86,2.53,9201,4958,2059,222,1492,405,65,3977,1077,2339,6,109,446,3979,1019,1985,19,475,481,87,22,20,47,0,124,0,78,71,48,043,0,0,37,34,71,71,0,2038,248,174,609,318,689,7149,298,494,1177,1540,230,2039,1371,6357,3410,7730,635,9376,1141,1724,0,5414,531,2238,610,9373,8120,1253,1235,545,690,376,314,18,9454,8485,8171,5329,2842,314,969,969,384,585,1283,314,41,273,969,544,425,969,95,118,62,14,680,0,9005,6370,2635,823,2439,823,55,0,91,0,50,0,9454,677,0,30,5,146,838,90,9,1079,30,19,1071,285,0,65,132,27,12,188,272,231,0,104,15,0,8,0,4958,4475,3956
2022,Briscoe County; Texas,581,278,93,22,9,154,2,131,46,127,3,100,54,118,265,2.22,2.82,1290,581,265,29,285,40,90,604,200,275,21,24,84,494,83,270,0,111,30,48,10,118,223,0,277,257,21,7,48,045,0,0,0,7,7,0,7,227,4,37,79,74,33,978,76,75,338,221,114,94,60,827,154,1042,93,1290,272,248,2,654,123,388,147,1269,1166,103,103,33,70,70,0,0,1290,1180,1180,943,237,0,110,110,9,101,110,0,0,0,110,0,110,110,0,0,0,0,97,13,1234,909,325,76,325,76,0,0,0,0,0,0,1290,13,0,2,0,9,136,24,0,97,0,0,101,1,0,1,0,0,0,2,41,0,37,0,0,0,3,0,581,491,387
2022,Brooks County; Texas,2652,1134,369,222,113,593,17,548,125,703,28,471,233,742,1020,2.47,3.36,6549,2652,1347,234,1598,657,61,2896,1284,1328,42,69,173,2920,754,1337,207,292,330,111,71,88,78,0,0,153,340,171,48,047,0,10,61,100,171,133,140,1656,0,38,906,430,282,4914,617,850,1521,942,45,691,248,3447,939,5482,372,6551,1564,1577,27,3608,720,1366,817,7059,5949,1110,981,76,905,873,32,129,7059,6418,6402,6018,384,16,641,641,208,433,657,16,0,16,641,250,391,641,0,70,0,0,571,0,6860,2153,4707,657,4637,657,0,0,70,0,0,0,7059,78,0,0,0,21,67,330,0,415,0,0,41,58,0,0,0,0,0,0,0,0,0,0,0,0,0,0,2652,2177,1995
2022,Brown County; Texas,14977,7326,2270,706,250,2745,186,2130,691,4200,1068,2230,1180,4327,5125,2.43,2.99,36350,14977,7298,745,9808,2283,1239,15658,4751,7798,329,674,2106,16123,3924,7710,556,1730,2203,290,56,12,35,0,82,5,972,498,48,049,11,117,25,345,498,332,416,8410,624,300,3572,2131,1783,26536,1031,2316,8848,7108,1956,3901,1376,23189,5277,30161,2562,37013,7868,7835,615,22018,4074,7160,3179,37926,31650,6276,6256,3299,2957,2674,283,20,38159,36736,36598,29622,6976,138,1423,1423,588,835,1561,138,33,105,1423,270,1153,1423,37,112,8,29,1177,60,36229,30087,6142,1343,5841,1180,171,84,112,79,18,0,38159,2069,14,196,30,300,3685,524,64,4731,67,13,4868,492,0,158,320,30,33,863,712,0,223,236,63,10,150,226,14977,13779,12867
2022,Burleson County; Texas,7586,4216,1394,215,97,1383,20,1053,399,1772,210,1007,575,2113,2773,2.34,2.88,17739,7586,4235,208,4081,1247,382,7207,1705,4360,179,230,733,7475,1266,4571,50,910,678,123,82,61,34,0,85,0,609,308,48,051,109,76,68,55,308,181,253,3717,326,178,1829,865,519,12878,694,1403,4375,2624,889,2102,791,10781,2893,14035,982,17767,2427,3923,223,10069,1093,3775,1111,17790,16552,1238,1134,355,779,712,67,104,17958,16636,16419,13265,3154,217,1322,1322,255,1067,1539,217,0,217,1322,458,864,1322,4,58,28,0,1232,0,16961,14039,2922,1327,2790,1279,42,11,90,37,0,0,17958,1321,20,1275,0,135,1271,376,8,2805,44,18,1273,223,0,6,84,0,11,154,264,24,133,2,16,0,43,77,7586,6756,6101
2022,Burnet County; Texas,18629,10538,3413,870,307,2652,166,1908,755,4569,649,2760,1700,5235,7651,2.62,3.13,48848,18629,10503,914,13470,3865,1467,20245,5333,11898,171,651,2192,21155,4393,11288,431,2533,2510,341,97,18,35,4,57,24,1476,574,48,053,78,59,321,116,574,295,494,10458,800,337,5028,2667,1626,35526,2286,1828,10454,8697,2272,6892,3097,31412,9989,39473,3737,48893,7776,10180,330,27408,3949,11305,3497,49439,42772,6667,6501,2793,3708,3103,605,166,49684,46096,45559,31656,13903,537,3588,3588,1376,2212,4125,537,120,417,3588,505,3083,3588,207,137,25,7,3192,20,47269,40498,6771,2493,6364,2377,226,40,158,76,23,0,49684,3504,43,442,70,267,6446,900,29,7413,69,73,5633,922,43,350,753,58,9,882,873,8,10,370,78,6,203,0,18629,17753,16571
2022,Caldwell County; Texas,15087,7907,3242,944,400,2627,103,1886,608,3609,757,1771,969,5362,4852,2.81,3.37,42345,15087,7883,976,12655,4618,1126,18905,7235,9290,328,383,1669,18555,5286,8678,338,1792,2461,609,278,47,56,47,115,5,1839,741,48,055,309,82,135,215,741,390,637,10364,391,570,4572,2913,1918,30562,2255,3769,11478,6639,1320,3641,1460,24538,5101,35490,2717,44025,7074,10402,802,26990,3303,6633,2969,45698,40190,5508,5407,1523,3884,3275,609,101,46141,40754,39894,33015,6879,860,5387,5387,1496,3891,6247,860,319,541,5387,962,4425,5387,192,258,70,20,4823,24,43282,28374,14908,5183,14567,5164,134,12,112,0,95,7,46141,2259,78,229,20,217,2191,638,38,4748,33,65,2529,429,21,166,476,80,39,822,745,0,55,199,23,26,97,22,15087,13876,12887
2022,Calhoun County; Texas,8045,4199,1385,491,265,1584,46,1158,489,1771,494,885,536,2493,2629,2.46,2.97,19782,8045,4352,345,4788,1848,404,8416,2141,4976,102,320,877,7887,1827,4234,303,734,789,187,52,24,45,0,112,0,537,162,48,057,12,9,49,92,162,69,155,4278,211,386,1831,1132,718,13619,1031,1102,4730,3303,1246,1377,830,11486,2207,15389,1281,19864,3740,4738,345,11600,1768,3526,1627,19849,17707,2142,2064,1288,776,557,219,78,20127,17981,17835,15783,2052,146,2146,2146,1096,1050,2292,146,0,146,2146,543,1603,2146,77,690,2,0,1350,27,18873,13678,5195,1810,4367,1392,48,0,768,418,12,0,20127,869,29,1099,21,17,811,159,5,2589,8,0,984,297,0,28,169,51,8,319,176,0,24,42,28,27,57,0,8045,7275,6466
2022,Callahan County; Texas,5270,2842,920,171,67,944,11,818,264,1313,157,780,483,1414,2087,2.61,3.25,13779,5270,2858,165,3529,1576,381,5663,1722,3101,54,225,561,5796,1298,2946,75,708,769,261,144,95,93,0,212,17,458,286,48,059,42,68,8,168,286,223,144,2865,179,237,1254,848,347,9723,187,583,3514,2443,772,1699,525,8953,2224,10885,920,13766,2898,2971,323,8004,1383,2791,1192,13716,11910,1806,1770,943,827,474,353,36,13869,13684,13564,10708,2856,120,185,185,66,119,305,120,16,104,185,75,110,185,6,94,13,0,72,0,13142,12153,989,163,738,82,192,42,59,39,0,0,13869,1112,0,123,3,145,1485,315,39,1693,0,16,1910,79,17,61,66,1,28,293,317,0,0,12,0,0,123,20,5270,4938,4596
2022,Cameron County; Texas,132538,64192,28502,5486,2650,21514,2945,11800,4686,41346,13322,15635,8844,56328,42171,3.16,3.70,418642,132538,64088,5613,158135,52229,6039,156134,57451,79689,3556,4729,10709,163994,51693,73083,7669,15824,15725,5110,2142,39,51,10,97,21,15191,3995,48,061,720,817,659,1799,3995,2545,2947,124291,7936,7501,55638,28883,24333,250129,41455,31439,64955,44776,18792,33806,14906,177235,48712,297367,12348,419997,51336,124139,6549,239058,22589,56800,22198,417188,382723,34465,31717,23948,7769,5307,2462,2748,421854,326927,321821,284771,37050,5106,94927,94927,35440,59487,100033,5106,1738,3368,94927,17873,77054,94927,714,2607,159,54,90846,547,390450,113406,277044,91401,273744,90292,1225,227,1785,881,290,1,421854,8005,223,406,95,556,8412,1852,366,7860,0,236,4679,1918,59,568,867,280,340,701,1299,57,969,739,180,104,329,56,132538,116128,97690
2022,Camp County; Texas,4443,2200,809,279,96,687,42,383,157,1277,371,608,390,1437,1598,2.81,3.43,12475,4443,2213,260,4154,1200,205,4610,1397,2263,29,160,761,5183,1453,2409,163,577,581,40,22,13,14,0,35,0,252,122,48,063,46,0,50,26,122,112,23,3389,238,86,1443,1012,610,8192,559,488,3096,1789,562,1203,495,7145,1698,9234,873,12487,2176,3309,236,6926,1083,2252,857,12412,10777,1635,1609,342,1267,995,272,26,12543,11468,11251,9217,2034,217,1075,1075,385,690,1292,217,155,62,1075,281,794,1075,26,91,35,0,892,31,11725,9982,1743,686,1593,615,87,36,28,0,35,35,12543,1163,0,1,16,48,1235,100,0,836,10,12,755,27,0,84,22,8,0,191,92,0,147,0,9,14,119,6,4443,4008,3616
2022,Carson County; Texas,2260,1216,365,83,39,486,2,420,224,475,80,286,207,542,849,2.54,3.19,5732,2260,1232,68,1745,232,195,2339,600,1261,25,90,363,2379,620,1277,12,217,253,52,6,9,42,0,96,10,81,27,48,065,5,0,9,13,27,13,27,1192,40,32,608,406,106,3905,77,219,1286,981,357,681,304,3609,985,4430,425,5758,565,1371,0,3173,179,1214,386,5685,4866,819,818,353,465,370,95,1,5801,5665,5658,4393,1265,7,136,136,118,18,143,7,0,7,136,22,114,136,33,19,0,0,84,0,5425,5251,174,48,155,46,10,0,9,2,0,0,5801,256,0,6,23,0,460,21,0,896,53,0,577,15,0,20,87,0,10,25,124,0,0,33,14,0,38,9,2260,2069,1787
2022,Cass County; Texas,11530,5667,1732,382,129,1947,59,1471,700,3534,836,1885,1080,3271,4469,2.45,3.04,28265,11530,5645,396,7706,2349,639,11180,3282,6020,206,522,1150,12170,2465,6033,378,1818,1476,418,167,56,72,18,116,52,745,372,48,067,27,58,73,214,372,217,293,5987,214,580,2488,1631,1074,20037,682,1793,8466,4114,1531,2473,978,17562,3451,22205,2160,28276,5937,6427,356,15770,2914,6079,2667,28299,26122,2177,2164,1228,936,650,286,13,28637,27590,27499,21067,6432,91,1047,1047,419,628,1138,91,16,75,1047,150,897,1047,128,458,0,7,426,28,27024,25571,1453,485,715,219,252,31,451,235,35,0,28637,10492,35,165,0,263,2480,159,7,1623,13,14,1619,266,0,17,82,31,12,192,218,0,15,276,3,0,37,0,11530,10070,9057
2022,Castro County; Texas,2384,1365,604,115,16,302,0,237,69,602,158,207,108,942,705,3.06,3.59,7299,2384,1363,121,2658,716,57,2849,768,1566,155,95,265,2758,772,1337,65,265,319,64,17,17,40,0,95,7,301,105,48,069,6,0,13,86,105,59,91,2017,137,83,1034,532,231,4499,827,291,1507,763,234,669,208,3381,877,5242,408,7299,595,2139,9,3971,310,1189,276,7326,6646,680,656,436,220,159,61,24,7381,6171,6128,5097,1031,43,1210,1210,438,772,1253,43,1,42,1210,217,993,1210,1,55,0,0,1154,0,6806,3252,3554,883,3498,852,1,0,55,31,0,0,7381,400,0,0,0,12,318,49,0,745,0,0,161,82,0,8,9,0,0,10,50,0,35,1,0,0,22,70,2384,2192,1945
2022,Chambers County; Texas,15744,9889,4577,1245,803,2597,329,1688,584,2013,589,943,589,6824,3914,2.97,3.30,46787,15744,9953,1191,16010,2690,1199,18522,5757,10268,44,580,1873,17884,4492,10567,353,1160,1312,1128,216,43,100,0,196,45,992,534,48,071,0,165,201,168,534,302,479,12200,449,635,5350,3062,2704,29931,1678,1545,8021,8942,2924,4752,2069,26708,6821,34070,2856,46681,5067,12855,1186,28285,2213,5541,1668,46365,40211,6154,6154,1090,5064,4160,904,0,47037,43271,42701,34069,8632,570,3766,3766,1542,2224,4336,570,31,539,3766,664,3102,3766,40,588,0,0,3105,33,43929,34893,9036,2165,8377,1953,178,4,443,208,38,0,47037,3241,80,317,110,410,4392,1789,310,6290,112,13,3890,1023,0,240,436,12,9,360,622,0,48,145,0,0,263,178,15744,15162,14094
2022,Cherokee County; Texas,18069,9455,3666,976,700,2738,296,1892,598,4900,1338,2148,1217,6718,6126,2.62,3.03,47377,18069,9346,1078,15195,3051,638,20501,6743,10228,584,710,2236,19672,4735,9955,475,2408,2099,1220,564,108,113,151,199,20,1200,561,48,073,304,11,46,200,561,439,320,12248,549,531,6126,2650,2392,33407,3074,3975,10812,7561,2582,3423,1980,26358,5403,37931,2578,47680,6027,12881,565,26403,2772,8396,2690,50190,44558,5632,5232,2820,2412,2192,220,400,50824,45801,45558,37841,7717,243,5023,5023,1342,3681,5266,243,13,230,5023,599,4424,5023,107,185,44,29,4583,75,47336,37521,9815,4184,9612,4096,27,11,161,76,15,1,50824,7612,26,43,13,606,4116,725,18,3864,16,0,4154,521,0,504,131,10,38,341,682,0,167,246,76,0,203,7,18069,16386,14472
2022,Childress County; Texas,1892,922,308,56,53,432,140,181,95,482,135,268,139,663,699,2.82,2.98,5331,1892,798,405,1946,85,205,3871,2123,1139,141,161,307,1819,480,804,40,306,189,66,14,22,65,111,155,13,56,27,48,075,0,0,0,27,27,3,27,857,11,47,444,294,61,4993,306,593,1871,1205,287,526,205,4094,731,5524,212,5331,868,1257,0,3194,427,880,441,6735,5534,1201,1201,462,739,537,202,0,6781,6194,6121,4947,1174,73,587,587,105,482,660,73,0,73,587,80,507,587,4,0,0,0,583,0,6408,4981,1427,279,1424,279,3,0,0,0,0,0,6781,385,4,0,0,59,556,54,0,599,0,0,255,7,0,4,20,29,0,66,114,0,22,13,0,0,0,3,1892,1634,1461
2022,Clay County; Texas,4204,2564,810,81,16,706,19,535,238,853,160,548,315,1191,1495,2.43,2.90,10203,4204,2575,76,2389,713,246,4328,847,2716,72,158,535,4291,649,2586,151,413,492,158,76,101,78,154,104,34,237,142,48,077,0,34,5,103,142,107,93,1942,59,100,977,527,279,7534,208,325,2673,2025,552,1229,522,7001,1751,8196,904,10184,2091,2075,74,5867,1099,2242,918,10208,9024,1184,1141,322,819,638,181,43,10290,10023,9904,7955,1949,119,267,267,87,180,386,119,0,119,267,93,174,267,42,62,0,0,163,0,9828,9285,543,199,438,148,37,2,60,49,8,0,10290,787,0,6,0,76,1217,88,50,1309,11,9,1033,89,0,46,62,33,14,132,96,0,0,35,0,0,67,13,4204,3818,3505
2022,Cochran County; Texas,959,445,217,48,47,220,1,172,67,246,41,119,67,377,293,2.47,3.04,2372,959,439,54,727,159,34,1017,356,488,40,38,95,950,264,437,35,107,107,73,53,204,134,257,227,0,89,74,48,079,4,43,0,27,74,26,26,585,32,56,300,127,70,1689,344,173,574,270,184,103,41,1172,144,1848,110,2476,450,651,22,1400,189,425,239,2474,2105,369,326,173,153,121,32,43,2529,2136,2122,1748,374,14,393,393,90,303,407,14,6,8,393,155,238,393,2,0,1,0,390,0,2334,1178,1156,392,1084,342,71,50,0,0,1,0,2529,168,0,4,0,29,89,4,0,220,0,0,182,19,0,3,0,0,3,6,21,1,7,1,6,0,3,8,959,867,737
2022,Coke County; Texas,1487,705,168,28,2,264,15,228,105,490,60,342,244,264,653,2.15,2.83,3201,1487,708,37,703,161,105,1299,334,753,45,83,84,1408,228,754,21,179,226,27,1,5,46,0,64,37,23,0,48,081,0,0,0,0,0,0,0,743,27,26,389,176,125,2385,132,201,776,657,154,295,170,2052,465,2590,217,3206,615,662,17,1685,216,859,382,3281,2707,574,574,179,395,309,86,0,3305,3179,3167,2573,594,12,126,126,121,5,138,12,0,12,126,6,120,126,4,21,0,0,101,0,3173,2825,348,96,322,86,0,0,26,10,0,0,3305,314,0,0,0,31,420,4,2,471,0,0,293,71,0,34,36,0,0,66,120,0,0,4,9,0,0,7,1487,1296,1172
2022,Coleman County; Texas,3210,1501,492,186,28,658,0,506,250,865,125,609,400,793,1471,2.41,3.23,7745,3210,1509,165,2192,399,270,3250,957,1614,53,164,462,3232,674,1513,44,482,519,100,72,92,69,0,52,115,114,89,48,083,12,0,8,69,89,57,33,1535,200,67,738,453,77,5588,400,260,1641,1759,374,875,279,4928,1154,6111,522,7770,1631,1697,119,4114,713,1959,799,7715,6460,1255,1255,691,564,501,63,0,7808,7345,7290,6123,1167,55,463,463,110,353,518,55,4,51,463,81,382,463,15,58,4,0,386,0,7454,6108,1346,249,1293,234,8,4,41,11,4,0,7808,307,12,3,16,63,833,353,5,971,0,6,562,11,0,43,0,0,15,310,522,0,5,208,0,0,53,0,3210,2835,2672
2022,Collin County; Texas,383675,232942,120396,17893,5208,50978,4770,35544,7324,81862,15732,46934,16549,154723,81555,2.80,3.29,1072980,383675,232363,18408,347231,65730,25573,424584,128198,256176,4060,6570,29580,433764,116257,240568,4946,25677,46316,12271,2218,17,44,7,76,32,22266,5585,48,085,1070,1155,1311,2049,5585,3401,4292,300094,16786,15660,124183,69700,73765,711181,21138,19038,104707,126952,53247,240100,145999,671005,386099,807082,41666,1075700,80779,271528,8026,684686,39975,119486,32778,1069237,902830,166407,156332,76287,80045,46569,33476,10075,1079153,841478,823723,462299,361424,17755,237675,237675,115331,122344,255430,17755,6036,11719,237675,86441,151234,237675,14594,138280,17681,855,61283,4982,1016063,713883,302180,94351,113371,40441,75179,16846,92137,31585,21493,5479,1079153,80066,11539,5793,3114,6635,103194,19747,2747,108553,2703,2762,78875,31670,985,8129,16414,2802,5374,11351,19337,1110,21772,8320,1201,2012,5831,3700,383675,378525,367042
2022,Collingsworth County; Texas,1018,500,236,49,26,208,86,79,50,261,80,138,93,441,391,2.74,3.09,2794,1018,462,67,1018,69,160,946,200,541,61,43,101,1180,319,508,5,211,137,51,43,108,78,0,164,48,25,9,48,087,0,9,0,0,9,9,0,838,38,53,486,162,99,1786,154,243,413,342,184,359,91,1389,450,2021,117,2794,439,844,48,1415,184,535,207,2834,2548,286,286,110,176,56,120,0,2865,2681,2653,1854,799,28,184,184,124,60,212,28,0,28,184,38,146,184,0,0,0,0,184,0,2688,2319,369,164,296,164,73,0,0,0,0,0,2865,113,0,0,0,30,339,4,0,372,0,0,488,36,0,0,11,0,26,34,11,0,0,0,4,0,12,0,1018,956,813
2022,Colorado County; Texas,7376,4097,1183,387,75,1117,68,829,372,1775,124,1189,805,1781,3126,2.74,3.39,20225,7376,4081,389,5954,1843,582,8265,2610,4417,116,252,870,8183,1812,4301,144,1074,852,278,29,16,76,0,172,22,421,167,48,089,84,0,0,83,167,112,114,4618,225,445,2174,1079,695,14013,1156,1028,4896,2978,848,2208,899,11829,3107,15789,1001,20245,2879,4793,260,11109,1059,4343,1560,20291,18244,2047,1984,892,1092,936,156,63,20582,18501,18388,15906,2482,113,2081,2081,1040,1041,2194,113,0,113,2081,454,1627,2081,161,32,43,0,1786,59,19335,15326,4009,948,3842,928,117,20,15,0,35,0,20582,847,0,2018,113,91,1505,639,0,4886,0,12,1270,326,0,80,45,0,18,115,291,0,48,77,0,0,196,8,7376,6285,5751
2022,Comal County; Texas,63957,39072,14084,2975,947,9033,636,6432,1481,12877,1963,7975,3801,19266,20281,2.56,3.02,164001,63957,38943,3109,45982,9203,2807,67055,18301,41640,792,1361,4961,68098,14181,40591,855,4973,7498,2304,384,24,65,0,108,50,3076,1030,48,091,44,81,125,780,1030,543,855,36860,1979,1894,17269,8567,7151,115639,2868,4520,26807,25372,9195,30280,16597,108251,46877,127956,15224,163795,23559,36679,2023,97365,12332,29751,9204,163220,140875,22345,21835,6478,15357,9943,5414,510,165201,154913,151587,98409,53178,3326,10288,10288,5823,4465,13614,3326,550,2776,10288,2181,8107,10288,1371,1396,384,126,6459,552,156246,130971,25275,5544,21692,4873,2172,275,1035,327,376,69,165201,8419,272,1961,482,1164,21736,4547,591,31044,348,400,15063,4523,155,1712,3745,301,574,3098,4232,260,539,1734,339,206,1442,285,63957,62015,60181
2022,Comanche County; Texas,5340,3035,1059,282,110,757,37,647,237,1266,104,881,585,1557,2279,2.52,3.13,13466,5340,3023,272,3628,1016,187,5560,1183,3436,114,200,627,5567,1220,2981,108,628,630,108,29,23,39,0,92,10,310,96,48,093,0,8,7,81,96,35,93,2995,257,190,1498,699,351,9615,656,822,3185,2288,849,1214,601,8137,1815,10564,936,13471,2579,3076,141,7280,1023,3115,1415,13580,12707,873,870,490,380,319,61,3,13651,12214,12155,10339,1816,59,1437,1437,480,957,1496,59,29,30,1437,198,1239,1437,160,56,7,0,1204,10,12913,10019,2894,897,2691,882,135,5,41,10,27,0,13651,1051,0,39,8,132,1310,139,0,1352,0,0,1153,94,0,275,146,13,2,195,176,0,15,41,0,0,122,3,5340,4851,4409
2022,Concho County; Texas,816,429,92,17,2,175,11,148,75,195,49,116,61,154,433,2.96,3.89,2417,816,431,17,792,330,31,1497,681,523,69,58,166,1236,340,502,46,207,141,15,2,7,32,0,87,0,87,87,48,095,87,0,0,0,87,87,0,649,10,29,344,200,66,2474,347,274,913,527,127,216,70,1853,286,2644,241,2417,522,591,61,1076,114,750,347,3212,2349,863,803,57,746,731,15,60,3235,2868,2868,2423,445,0,367,367,49,318,367,0,0,0,367,136,231,367,27,22,0,0,318,0,3106,1999,1107,622,1042,568,36,36,27,16,2,2,3235,62,0,63,0,7,314,40,11,525,0,2,266,38,0,0,6,0,33,68,47,0,30,28,5,0,0,3,816,725,678
2022,Cooke County; Texas,16196,9030,3405,1021,496,2686,334,1894,725,3459,771,1949,1067,5685,5318,2.55,3.00,41239,16196,9085,967,12001,1877,1113,16725,5178,9301,207,661,1378,17080,3689,9771,407,1731,1482,503,211,54,58,8,117,17,969,275,48,097,21,104,94,56,275,119,221,9194,344,580,4242,2465,1563,28556,1414,1785,8948,7250,2514,4462,2183,25357,6645,32211,2499,41392,5675,9545,436,24183,2496,7664,2743,41426,37121,4305,4202,1708,2494,1911,583,103,41860,38753,38143,28183,9960,610,3107,3107,816,2291,3717,610,191,419,3107,631,2476,3107,109,242,118,0,2617,21,39187,33631,5556,2647,5047,2409,342,146,164,92,3,0,41860,2326,0,68,74,654,3979,418,34,6314,41,19,3060,844,38,148,290,41,90,759,877,0,16,262,82,128,314,30,16196,14618,12793
2022,Coryell County; Texas,25156,12989,5911,1495,637,3853,344,2597,707,6819,1485,3589,1597,9362,6448,2.66,3.17,67016,25156,12856,1590,21458,4556,1400,33937,13744,15436,751,829,3177,32922,9451,14631,1294,2677,4869,1485,337,29,67,13,117,21,1493,723,48,099,41,163,215,304,723,441,408,20274,1040,1216,8046,4696,5276,52395,1977,3259,14933,17637,5523,6302,2764,47159,9066,54340,10198,63231,12273,18718,1201,35940,6791,8573,4281,81805,62614,19191,17790,4935,12855,6177,6678,1401,82927,78032,73431,36823,36608,4601,4895,4895,2361,2534,9496,4601,924,3677,4895,1276,3619,4895,1075,1037,171,133,2372,107,77521,65898,11623,2984,8356,2201,1731,280,1340,452,196,51,82927,5603,395,329,266,850,6784,1800,486,12248,37,72,9141,2448,99,814,1356,160,357,665,1463,34,735,855,33,26,315,664,25156,23647,22120
2022,Cottle County; Texas,692,252,83,43,37,123,2,121,64,274,42,186,112,177,294,2.38,3.35,1647,692,199,74,632,46,4,628,284,254,16,25,49,673,180,224,32,106,131,24,24,100,72,0,166,0,16,16,48,101,0,0,0,16,16,16,7,425,53,9,209,110,44,1097,77,122,315,296,86,129,72,898,201,1226,51,1647,458,421,56,866,192,360,210,1631,1532,99,97,35,62,62,0,2,1647,1647,1634,1420,214,13,0,0,0,0,13,13,0,13,0,0,0,0,0,0,0,0,0,0,1546,1291,255,101,253,101,2,0,0,0,0,0,1647,74,0,18,17,12,88,43,0,96,0,0,158,17,0,0,0,0,0,50,20,0,0,4,0,0,43,0,692,574,471
2022,Crane County; Texas,1670,976,368,62,7,360,0,305,54,272,79,160,62,499,445,2.70,3.40,4514,1670,985,56,1558,191,54,1965,738,1047,37,40,103,1761,411,1059,54,147,90,57,11,29,56,140,0,26,19,0,48,103,0,0,0,0,0,0,0,1089,63,157,313,408,148,2894,546,177,1091,559,68,319,134,2171,453,3438,212,4514,259,1198,56,2726,123,590,80,4636,4156,480,441,149,292,285,7,39,4636,3516,3497,3067,430,19,1120,1120,321,799,1139,19,19,0,1120,142,978,1120,0,87,0,0,1033,0,4192,2138,2054,660,1931,623,6,0,117,37,0,0,4636,194,11,38,13,24,305,101,0,171,0,0,95,40,0,0,0,13,0,36,75,0,10,0,0,0,0,0,1670,1618,1243
2022,Crockett County; Texas,1289,816,216,0,0,270,89,181,30,203,0,203,67,305,379,2.24,2.77,2888,1289,781,0,553,265,0,1364,480,799,0,85,0,1126,36,866,2,169,53,60,0,0,168,-666666666,252,0,75,39,48,105,0,0,0,39,39,17,39,432,24,44,292,72,0,2344,294,364,662,611,47,215,151,1686,366,2418,117,2888,364,531,0,1704,158,653,206,2934,2703,231,231,73,158,129,29,0,2949,2616,2547,2109,438,69,333,333,179,154,402,69,0,69,333,2,331,333,0,0,0,0,333,0,2850,1202,1648,154,1648,154,0,0,0,0,0,0,2949,45,0,0,0,0,100,34,0,119,0,0,75,27,0,0,27,0,0,0,0,0,0,0,0,0,0,0,1289,1102,907
2022,Crosby County; Texas,1994,993,365,85,39,337,54,220,55,579,198,241,112,801,653,2.54,2.97,5067,1994,998,82,1435,500,58,2042,551,1197,36,51,207,2052,547,950,73,182,300,40,15,26,37,25,66,20,155,76,48,107,7,11,3,55,76,50,64,1179,104,82,544,330,119,3413,327,430,1289,659,229,394,85,2656,479,3844,264,5067,1086,1313,49,2860,580,894,457,5102,4518,584,548,276,272,268,4,36,5157,4843,4754,4150,604,89,314,314,115,199,403,89,46,43,314,72,242,314,0,34,0,19,261,0,4834,3169,1665,360,1605,326,9,0,51,34,0,0,5157,110,1,0,4,59,251,19,4,317,9,0,211,33,0,2,24,2,0,126,35,0,10,28,0,0,8,43,1994,1829,1691
2022,Culberson County; Texas,629,215,19,0,0,227,0,141,104,187,28,134,96,69,388,3.40,4.62,2140,629,178,0,824,238,271,1154,415,272,27,142,298,714,274,186,15,96,143,0,0,0,0,0,0,0,30,30,48,109,0,30,0,0,30,8,30,111,0,0,92,19,0,1688,318,81,849,262,1,164,13,1289,177,1849,272,2166,518,332,0,1361,272,473,246,2181,1813,368,368,178,190,176,14,0,2181,1984,1914,1738,176,70,197,197,127,70,267,70,14,56,197,8,189,197,0,8,0,0,189,0,2148,706,1442,270,1434,270,0,0,8,0,0,0,2181,47,0,0,0,0,11,0,0,113,0,0,75,0,0,0,0,0,0,0,0,0,0,0,0,0,2,0,629,441,374
2022,Dallam County; Texas,2333,1412,524,78,38,557,0,530,113,286,50,198,35,702,480,3.05,3.78,7125,2333,1408,85,2577,386,336,2955,765,1838,25,72,255,2259,490,1469,35,104,161,107,19,30,73,0,161,21,170,64,48,111,0,0,62,2,64,48,62,1731,168,38,1060,324,141,4467,837,144,1768,959,120,559,80,3486,639,4896,409,7128,750,2269,129,4178,216,681,405,7031,5989,1042,601,405,196,159,37,441,7165,5558,5437,3690,1747,121,1607,1607,424,1183,1728,121,103,18,1607,864,743,1607,6,0,58,0,1543,0,6525,4317,2208,999,2043,969,164,29,0,0,1,1,7165,381,54,0,1,63,566,32,0,927,8,0,362,107,0,20,48,2,0,8,36,0,70,48,1,12,14,15,2333,2102,1902
2022,Dallas County; Texas,959184,409484,181160,60377,22253,196666,11939,135023,24150,292657,64327,153497,51185,320415,212542,2.68,3.43,2572892,959184,408413,61390,827130,240041,76734,1010901,415797,473859,19501,18936,82808,1038949,378911,443598,29004,67246,120190,38412,13487,35,57,21,88,35,72651,23446,48,113,3920,4964,3524,11038,23446,15230,15865,671838,40181,38515,294174,150458,148510,1681632,172962,144376,379639,312289,102577,353037,216752,1364294,569789,1937005,84750,2585512,264190,665094,28652,1635873,138871,284545,96667,2569855,2200565,369290,347159,229470,117689,71582,46107,22131,2604053,1962373,1926712,1405186,521526,35661,641680,641680,210801,430879,677341,35661,12682,22979,641680,191554,450126,641680,17368,134266,52915,857,432380,3894,2421704,1377934,1043770,440684,832626,372981,69133,16777,95397,38240,46614,12686,2604053,103790,13603,8877,3245,9801,144678,28143,3568,130904,3469,2633,111363,40235,1457,8909,18031,3094,6382,16353,26506,843,71816,9906,2651,2309,7422,8632,959184,907941,845798
2022,Dawson County; Texas,4133,1734,648,301,171,828,42,656,183,1270,306,658,373,1323,1250,2.55,3.31,10555,4133,1760,273,3480,821,88,5583,2441,1940,169,235,798,4111,1013,1914,162,459,563,128,62,53,56,0,126,6,244,88,48,115,0,0,3,85,88,40,77,3139,238,193,1523,742,443,7853,1138,1202,2680,1367,406,902,158,5513,1060,9199,372,10588,1733,3143,158,5767,808,1678,767,12293,9637,2656,2560,810,1750,1689,61,96,12342,11669,11632,10500,1132,37,673,673,228,445,710,37,0,37,673,132,541,673,13,0,12,0,646,2,11474,7319,4155,1017,3910,879,199,126,29,0,17,12,12342,767,0,28,3,13,434,104,0,611,0,0,573,156,0,23,41,0,6,101,121,0,40,45,0,0,32,37,4133,3667,3452
2022,Deaf Smith County; Texas,6022,3280,1479,211,101,1191,210,594,162,1340,414,561,305,2487,1594,3.05,3.49,18386,6022,3233,263,6273,2056,539,6917,2404,3400,282,221,610,6809,1546,3653,164,746,700,217,90,48,52,37,95,8,508,250,48,117,45,45,63,97,250,169,80,5013,424,341,2491,1247,510,10827,1764,1250,4445,1691,396,952,329,7813,1281,12861,447,18393,1506,5719,99,10381,667,2293,740,18390,16728,1662,1662,1270,392,348,44,0,18585,15510,15466,13232,2234,44,3075,3075,716,2359,3119,44,0,44,3075,568,2507,3075,0,14,0,0,3053,8,16996,7494,9502,2601,9464,2588,18,0,13,13,7,0,18585,473,0,19,0,85,484,118,0,768,0,0,572,34,0,38,144,0,0,89,115,10,78,40,28,1,44,0,6022,5521,4827
2022,Delta County; Texas,2106,1259,447,192,76,232,20,147,49,423,55,283,215,686,696,2.48,2.82,5215,2106,1264,181,1373,206,85,2009,416,1358,24,52,159,2273,534,1315,13,265,146,30,12,22,25,0,57,2,59,45,48,119,0,0,9,36,45,27,0,1078,71,42,519,261,185,3691,174,225,1295,827,377,549,244,3292,793,4082,313,5215,897,1196,6,3008,381,1011,510,5240,4631,609,609,194,415,355,60,0,5278,5208,5185,4465,720,23,70,70,37,33,93,23,23,0,70,4,66,70,4,19,0,0,47,0,4887,4749,138,48,119,48,9,0,10,0,0,0,5278,509,0,4,0,11,426,107,0,375,62,0,534,44,0,33,4,22,0,13,114,0,0,28,0,0,16,0,2106,1891,1642
2022,Denton County; Texas,334504,192104,91931,17835,5408,50516,4920,33349,5712,74049,14728,42125,14414,124721,68882,2.70,3.19,903399,334504,191782,18119,276591,53369,29034,362178,113813,209705,3443,5427,29790,374038,105563,199849,5565,19977,43084,11444,1908,16,47,5,75,35,17036,4099,48,121,1096,585,683,1735,4099,2768,2543,248503,14578,12183,98144,50680,72918,611044,19033,22065,103411,126064,47987,193763,98721,569946,292484,695854,42505,911300,79821,218413,8291,594839,43559,98048,27971,905224,755203,150021,143578,64312,79266,53701,25565,6443,914870,767122,754014,430587,323427,13108,147748,147748,73633,74115,160856,13108,3947,9161,147748,44764,102984,147748,10231,66876,10401,482,56716,3042,861332,659386,201946,67573,110530,39731,31305,6874,50040,19587,10071,1381,914870,41021,6174,5273,2758,8905,98900,18525,2927,110777,2538,2217,79901,29314,1029,7405,15680,2359,3397,10405,17972,984,15905,5835,1422,1428,5239,2178,334504,329438,317968
2022,DeWitt County; Texas,6586,3330,1206,372,231,1005,76,722,315,1879,128,1274,770,1888,2585,2.72,3.39,17899,6586,3408,314,5792,1282,517,8541,2797,3913,221,377,1233,7561,1641,3744,218,930,1028,190,12,7,54,57,111,4,476,133,48,123,20,0,2,111,133,70,133,4007,385,318,1920,844,540,13944,926,1291,5927,2698,1141,1409,552,11727,1961,15387,913,17923,2973,4413,183,9946,1330,3564,1460,19669,18122,1547,1530,673,857,691,166,17,19826,19285,19246,17180,2066,39,541,541,69,472,580,39,27,12,541,50,491,541,0,38,20,0,477,6,18584,15451,3133,875,2932,827,114,4,80,37,7,7,19826,812,10,1064,5,53,769,320,1,5057,5,0,1636,160,10,40,806,0,0,140,107,8,57,51,12,0,145,108,6586,5664,4759
2022,Dickens County; Texas,638,317,81,24,0,124,12,106,18,173,32,124,85,146,265,2.34,3.12,1495,638,338,23,411,78,7,682,206,343,28,19,86,651,80,360,7,118,86,59,7,61,202,318,500,0,28,20,48,125,3,0,7,10,20,12,20,235,11,15,106,79,24,1174,69,101,467,213,87,159,78,1004,237,1261,63,1498,303,309,16,813,144,376,143,1545,1381,164,164,86,78,73,5,0,1570,1491,1489,1268,221,2,79,79,30,49,81,2,0,2,79,17,62,79,14,1,6,0,58,0,1462,1227,235,56,223,55,11,0,1,1,0,0,1570,90,0,1,0,17,146,7,3,72,5,0,119,6,0,3,0,0,6,4,54,0,0,7,0,0,33,0,638,580,529
2022,Dimmit County; Texas,2808,1113,403,232,212,613,28,377,154,850,359,363,189,1128,902,3.04,3.51,8526,2808,1125,220,3136,857,380,3202,1641,1201,79,88,193,3453,1040,1407,294,460,252,130,39,31,62,0,199,22,142,121,48,127,0,0,31,90,121,71,113,2736,0,326,1199,742,469,5327,1037,414,1858,1099,142,429,348,3876,777,6261,210,8552,1567,2411,129,4723,740,1418,698,8588,7681,907,905,585,320,320,0,2,8672,7724,7724,6968,756,0,948,948,716,232,948,0,0,0,948,7,941,948,0,51,13,0,884,0,8115,3380,4735,1492,4634,1480,16,9,49,3,36,0,8672,107,0,4,0,18,91,0,0,138,0,0,234,0,0,0,0,0,0,37,34,0,13,30,0,0,0,0,2808,2134,1954
2022,Donley County; Texas,1198,606,110,26,8,236,8,172,70,330,54,211,83,216,494,2.46,3.16,2945,1198,591,42,827,195,92,1301,510,606,17,47,121,1445,422,655,41,195,132,16,2,5,22,0,25,27,47,31,48,129,0,2,20,9,31,19,26,925,25,16,385,126,373,2155,83,252,734,598,197,191,100,1820,291,2661,154,3203,298,636,9,1833,118,734,171,3262,2714,548,548,136,412,279,133,0,3298,3187,3186,2614,572,1,111,111,33,78,112,1,0,1,111,33,78,111,3,51,1,0,56,0,3171,2964,207,56,155,56,29,0,22,0,1,0,3298,147,11,0,1,113,327,35,0,447,0,0,446,26,0,2,15,38,30,53,117,0,1,0,0,0,0,33,1198,1047,771
2022,Duval County; Texas,2892,1235,412,203,84,493,0,396,143,961,219,614,337,841,1133,3.25,4.38,9409,2892,1247,178,3431,1221,440,4090,1975,1589,73,107,346,3753,1438,1263,34,480,538,93,87,54,43,0,137,1,148,73,48,131,0,7,0,66,73,55,62,2640,256,270,1028,864,222,6380,872,824,2212,1521,452,284,215,4684,499,7439,289,9413,1954,2521,229,5363,1018,1529,707,9800,8709,1091,1074,109,965,965,0,17,9960,9790,9768,9536,232,22,170,170,77,93,192,22,0,22,170,4,166,170,0,0,0,0,170,0,9291,4017,5274,758,5235,758,39,0,0,0,0,0,9960,318,0,0,0,0,119,19,0,200,0,0,123,18,0,22,0,0,0,0,0,0,0,22,0,0,0,0,2892,2167,1875
2022,Eastland County; Texas,7083,3622,1196,198,91,1541,26,1108,467,1722,408,939,733,1904,2798,2.38,2.92,16831,7083,3643,174,4131,1261,539,7501,2198,3987,111,437,768,7320,1458,3929,148,797,988,292,67,37,81,36,178,14,289,143,48,133,18,58,0,67,143,97,75,4088,256,196,1440,921,1275,12158,643,1131,3647,2956,1002,1826,953,10384,2779,14074,1312,17551,3370,3724,104,10142,1656,3685,1610,17600,14590,3010,2941,1343,1598,1338,260,69,17812,17112,17060,13842,3218,52,700,700,207,493,752,52,14,38,700,172,528,700,52,46,34,0,568,0,16824,14783,2041,497,1853,485,66,0,120,11,2,1,17812,1193,30,11,33,352,2211,121,30,2427,0,69,1385,297,0,56,83,29,27,331,398,0,24,58,19,3,128,6,7083,6316,5732
2022,Ector County; Texas,60676,27877,14430,5022,2686,12349,766,8440,1989,15428,4737,7045,3462,25080,12088,2.64,3.22,160366,60676,28138,4778,53903,10127,2744,62109,21260,32572,912,1593,5772,58501,16763,28591,1499,4893,6755,3335,1082,55,86,38,149,29,3617,1801,48,135,378,346,582,495,1801,1007,1403,45033,3160,2994,20951,10030,7898,96948,9855,12591,28763,21814,7829,10918,5178,74502,16096,113070,5165,161048,16359,49157,2448,96820,7505,15071,6406,159765,133968,25797,24980,12940,12040,8530,3510,817,162300,136399,134373,106572,27801,2026,25901,25901,9716,16185,27927,2026,775,1251,25901,9264,16637,25901,253,1382,847,10,23129,280,148224,77093,71131,21086,68241,20505,861,196,1050,313,979,72,162300,7556,323,283,45,310,6340,963,40,7736,177,338,5276,958,18,230,405,79,189,985,1359,0,923,1028,34,33,320,120,60676,57312,51137
2022,Edwards County; Texas,526,155,38,15,15,218,0,163,130,138,34,104,55,112,248,2.56,4.02,1346,526,175,30,546,60,9,725,306,186,8,32,193,467,103,169,19,88,88,24,1,6,103,0,22,190,13,13,48,137,0,0,0,13,13,0,0,393,51,0,117,212,13,841,131,84,151,232,83,126,34,626,160,1110,95,1346,192,270,21,773,31,303,140,1360,1277,83,83,38,45,35,10,0,1380,1242,1240,1058,182,2,138,138,39,99,140,2,0,2,138,21,117,138,0,0,0,0,138,0,1335,775,560,107,560,107,0,0,0,0,0,0,1380,2,0,14,3,0,157,107,0,166,0,0,74,0,0,0,73,0,0,46,62,0,0,0,9,0,0,0,526,390,306
2022,Ellis County; Texas,65686,39953,17000,3336,1586,8201,944,5174,1753,14196,4199,6525,2990,26429,17321,2.95,3.33,193697,65686,39851,3430,66904,14589,3237,75544,23013,43349,1042,1765,6375,77841,18996,43060,1728,5351,8706,2728,746,33,58,3,121,21,4752,1389,48,139,190,168,334,697,1389,762,1076,52423,2915,2453,23665,12690,10700,125963,6524,8154,34203,31343,10634,24046,11059,111285,35105,143891,11061,194202,23364,51401,2671,118177,11569,24624,9124,193289,170823,22466,22044,9978,12066,9251,2815,422,195509,180432,178849,136684,42165,1583,15077,15077,5929,9148,16660,1583,409,1174,15077,2700,12377,15077,787,1299,519,120,12215,137,182937,148446,34491,11865,31785,11273,1164,133,626,240,916,219,195509,14848,678,3342,188,1172,17344,2968,382,17652,398,255,14943,3744,5,1007,1665,205,290,1634,2808,85,1756,1046,152,101,819,652,65686,63234,60056
2022,El Paso County; Texas,292580,137451,63029,16788,7949,51939,4688,34005,8209,86402,23767,36271,18226,115332,80078,2.91,3.50,850128,292580,136881,17364,307529,79879,15895,333306,129138,158540,9197,8431,28000,341077,109760,149793,13648,28065,39811,14078,5187,44,67,22,111,34,27244,7970,48,141,1515,1724,1188,3543,7970,4630,5796,256296,11976,13219,102473,54724,73904,535173,62651,44245,129988,116159,48269,90357,43504,428277,133861,616144,47565,838774,116288,229101,13022,503282,57816,106391,45450,851668,739421,112247,104341,71187,33154,11452,21702,7906,863832,661318,640983,501420,139563,20335,202514,202514,107789,94725,222849,20335,6502,13833,202514,39415,163099,202514,4070,7431,2504,383,187473,653,803798,246966,556832,230304,541274,225438,6452,1458,6958,2710,2148,698,863832,18454,2354,727,572,1361,16277,5158,905,29682,258,529,19309,9626,181,1173,4028,795,863,1759,2819,105,4320,1117,287,333,1324,2131,292580,270204,252586
2022,Erath County; Texas,16007,8169,3033,1182,241,2556,173,1623,502,4100,576,2711,1286,4705,4531,2.51,3.11,40112,16007,8081,1299,10338,2758,1629,17232,6706,8724,198,606,998,18245,6730,8288,209,1475,1543,699,227,32,60,15,82,57,684,288,48,143,44,29,129,86,288,185,216,13653,435,294,3996,2140,6788,25212,1597,1659,6648,5093,2056,5542,2617,21956,8159,33970,2355,42305,5449,8768,384,27788,2867,5749,2198,42447,34423,8024,7908,2418,5490,4303,1187,116,42788,39382,38939,29660,9279,443,3406,3406,1182,2224,3849,443,52,391,3406,675,2731,3406,190,359,115,89,2594,59,40308,33568,6740,2671,5823,2491,556,21,334,159,27,0,42788,3041,71,431,49,585,5788,571,31,5385,41,35,4282,652,103,219,312,85,91,445,766,0,111,67,19,0,97,4,16007,15195,14023
2022,Falls County; Texas,5499,2520,945,117,49,1202,86,1044,517,1660,139,986,565,1510,2249,2.75,3.70,15127,5499,2473,153,5220,1483,299,6652,2742,2726,115,260,809,7389,2194,2868,252,898,1177,386,22,9,97,0,85,128,477,241,48,145,16,70,96,59,241,157,74,3813,77,114,1613,1220,789,11605,698,1331,3887,3230,895,1027,537,9576,1564,13441,1033,15142,2830,3572,359,8560,1260,3010,1211,16764,14713,2051,2033,320,1713,1409,304,18,17013,16047,15879,12583,3296,168,966,966,325,641,1134,168,51,117,966,147,819,966,80,216,20,16,634,0,16158,13659,2499,983,2042,894,286,69,0,0,171,20,17013,696,0,415,12,68,924,306,1,2658,29,31,1178,249,0,50,205,0,16,456,183,14,46,42,12,19,3,0,5499,4476,4043
2022,Fannin County; Texas,12699,6617,2501,839,369,2115,83,1638,626,3128,486,1871,1093,4167,4405,2.59,3.12,32948,12699,6631,812,9422,2572,812,15970,5158,7820,207,526,2259,13842,2996,7126,270,1584,1866,373,84,24,52,4,108,22,1090,521,48,147,70,150,10,291,521,261,356,7686,598,391,3358,2006,1333,25287,1437,2174,8844,5945,1685,3356,1846,21676,5202,28407,2358,33165,5054,7645,208,19453,2592,6067,2254,35746,30387,5359,5342,1424,3918,3288,630,17,36052,34415,34247,25814,8433,168,1637,1637,523,1114,1805,168,15,153,1637,201,1436,1637,145,133,8,17,1309,25,34259,30684,3575,1256,3273,1156,170,51,92,49,40,0,36052,2128,77,82,76,399,3494,749,20,3772,10,24,3950,518,0,80,185,80,74,258,666,0,95,124,131,65,273,15,12699,11593,10163
2022,Fayette County; Texas,9310,5181,1533,494,110,1311,54,989,460,2324,275,1631,1023,2203,4077,2.59,3.23,24073,9310,5239,448,6682,2108,286,10009,2706,5709,197,412,985,10496,2484,5647,92,1375,898,336,96,41,74,0,126,54,310,121,48,149,25,0,42,54,121,74,99,4542,277,230,2242,1323,470,18005,906,914,7155,3422,1276,3179,1153,16185,4332,19639,1486,24140,3777,4910,243,13138,1738,6092,1796,24345,23066,1279,1273,603,670,639,31,6,24564,22577,22546,19083,3463,31,1987,1987,801,1186,2018,31,6,25,1987,380,1607,1987,128,81,1,11,1741,25,23381,19189,4192,917,3754,868,390,49,48,0,0,0,24564,847,31,3280,81,140,1985,285,46,7137,1,15,1539,459,28,247,172,0,27,123,445,0,160,73,7,0,53,0,9310,7989,6726
2022,Fisher County; Texas,1514,815,305,76,33,260,15,224,91,363,85,217,169,470,609,2.40,2.93,3639,1514,818,89,994,176,48,1560,376,907,12,51,214,1440,252,789,37,219,143,30,9,30,42,0,88,0,68,37,48,151,10,8,0,19,37,15,17,719,73,31,329,153,133,2608,202,159,898,533,297,353,166,2247,519,2895,286,3657,662,784,28,2024,195,849,439,3657,3348,309,309,175,134,121,13,0,3680,3549,3533,3153,380,16,131,131,25,106,147,16,8,8,131,59,72,131,3,9,0,0,104,15,3444,2876,568,166,547,157,12,0,9,9,0,0,3680,390,5,0,0,27,459,25,10,284,0,0,340,20,0,3,7,0,0,53,67,0,19,8,0,0,8,0,1514,1298,1174
2022,Floyd County; Texas,1938,1015,377,91,66,259,0,208,89,573,205,298,200,740,710,2.76,3.34,5356,1938,1035,75,1837,377,94,2055,723,1066,26,80,160,2170,591,1036,106,249,188,102,78,117,84,195,45,77,186,143,48,153,0,24,24,95,143,56,125,1283,106,116,680,198,183,3488,464,539,983,699,244,429,130,2485,559,3973,281,5356,835,1413,27,2984,360,959,448,5347,4980,367,367,68,299,299,0,0,5386,4904,4826,4194,632,78,482,482,86,396,560,78,35,43,482,97,385,482,6,16,0,0,460,0,5047,3067,1980,573,1941,573,23,0,16,0,0,0,5386,96,0,5,0,5,177,42,0,223,0,0,272,11,0,20,0,0,0,33,25,0,43,29,8,0,18,0,1938,1727,1469
2022,Foard County; Texas,462,195,23,6,6,122,4,95,39,139,13,75,49,95,221,2.24,2.96,1035,462,187,7,215,136,28,390,90,185,32,33,50,591,271,222,2,67,29,18,11,39,55,0,95,146,1,0,48,155,0,0,0,0,0,0,0,237,13,0,43,167,14,698,56,81,171,203,75,81,31,561,112,851,50,1035,205,224,0,519,82,292,123,1062,810,252,252,149,103,103,0,0,1075,1065,1065,933,132,0,10,10,9,1,10,0,0,0,10,0,10,10,0,2,0,0,8,0,1031,983,48,18,46,17,0,0,2,1,0,0,1075,72,0,23,0,4,118,0,0,175,0,0,76,7,0,0,6,0,0,7,0,0,0,5,77,0,0,0,462,404,301
2022,Fort Bend County; Texas,270136,177562,92643,12293,5196,28926,2784,17881,4748,51355,13452,23008,9561,123041,69323,3.06,3.41,826717,270136,177478,12386,295100,60822,10795,317410,98020,193933,3740,4873,16844,331059,88748,188438,5921,19211,28741,10424,1686,18,50,3,86,38,21334,4522,48,157,568,835,1043,2076,4522,2531,3318,243493,15965,12396,102396,55221,57515,536035,24973,20742,95805,96284,37609,156424,104198,490320,260622,607459,27247,827611,60472,224809,5548,506031,28465,96771,26459,823704,728581,95123,86306,36263,50043,36740,13303,8817,832607,582595,567860,393113,174747,14735,250012,250012,145206,104806,264747,14735,5101,9634,250012,82615,167397,250012,13142,129695,29514,372,73742,3547,779814,463608,316206,100127,134762,44236,64458,15755,87000,35792,29986,4344,832607,25901,13821,7662,953,3376,45087,11391,1870,50716,1986,1068,34646,16053,408,3556,7855,1656,2514,4159,7040,444,34462,2663,669,476,2264,4908,270136,263037,254931
2022,Franklin County; Texas,3782,2133,626,279,4,621,21,492,205,749,122,355,252,900,1547,2.74,3.27,10346,3782,2068,341,3308,738,109,4099,862,2268,8,271,690,4319,942,2193,88,412,684,189,109,108,95,0,239,0,173,109,48,159,67,31,11,0,109,89,37,2000,88,147,897,529,339,7328,260,363,2054,1867,533,1459,792,6705,2251,8022,524,10346,1693,2423,141,5658,633,2265,919,10172,8871,1301,1277,211,1066,973,93,24,10445,9708,9523,7533,1990,185,737,737,311,426,922,185,25,160,737,160,577,737,66,15,26,5,517,108,9682,8449,1233,363,1124,341,94,22,15,0,0,0,10445,597,0,26,39,109,1605,62,9,1310,21,0,1255,69,0,74,249,0,91,67,319,0,0,87,22,0,50,6,3782,3626,3412
2022,Freestone County; Texas,6701,3317,1382,127,42,1369,58,1022,383,1888,408,1150,684,2075,2638,2.71,3.53,18172,6701,3330,118,5928,1683,412,8393,2790,4050,155,306,1092,7596,1520,3722,103,1182,1069,226,36,20,60,10,141,0,474,253,48,161,10,23,91,129,253,174,156,4139,199,115,2240,1051,534,13871,719,1365,4780,3116,1480,1649,762,11787,2411,15181,1114,18187,3603,4399,229,10092,1741,3696,1633,19416,17860,1556,1501,562,939,898,41,55,19599,18569,18432,15627,2805,137,1030,1030,419,611,1167,137,24,113,1030,131,899,1030,47,24,6,0,953,0,18564,16442,2122,539,2030,531,58,0,21,8,13,0,19599,1037,7,55,0,150,1501,410,60,1683,0,0,1559,164,0,80,199,31,23,228,309,2,227,69,2,21,87,83,6701,5790,4685
2022,Frio County; Texas,4709,2275,831,328,286,653,37,551,242,1453,379,718,466,1822,1785,3.13,3.77,14748,4709,2200,406,5258,1863,312,9157,4377,3553,135,131,961,5571,1844,2205,182,719,621,249,90,46,76,139,104,28,386,135,48,163,18,39,24,54,135,101,46,4461,227,167,1965,1217,885,11719,1422,2093,4575,1918,713,607,391,8204,998,13922,799,14794,2238,3823,389,8869,903,2102,946,17985,14740,3245,2272,599,1673,1573,100,973,18151,15755,15638,14352,1286,117,2396,2396,266,2130,2513,117,47,70,2396,1558,838,2396,15,82,55,0,2211,33,17037,8197,8840,3541,8592,3410,161,77,33,11,54,43,18151,637,0,70,0,56,286,211,6,395,0,5,518,42,0,20,86,0,0,72,131,0,97,138,0,0,50,0,4709,3914,3183
2022,Gaines County; Texas,6909,4479,2306,213,62,990,66,688,284,1227,425,515,348,3095,1467,3.09,3.60,21374,6909,4482,220,8190,1186,387,7696,2037,4644,215,121,679,7431,1718,4701,216,473,323,421,25,14,84,0,86,115,418,193,48,165,124,46,0,23,193,121,150,5493,447,189,3216,1219,422,11665,3353,1269,3857,1239,734,955,258,7043,1213,13888,574,21389,2598,7635,227,11921,1335,1833,1036,21178,18537,2641,2590,972,1618,1178,440,51,21523,16407,16007,13324,2683,400,5116,5116,1920,3196,5516,400,151,249,5116,960,4156,5116,23,172,11,0,4795,115,19353,8753,10600,4693,4916,1899,5579,2782,71,12,34,0,21523,1382,11,0,0,45,481,13,0,3469,0,22,797,4,0,0,48,0,451,128,19,0,0,0,0,0,0,57,6909,6136,5642
2022,Galveston County; Texas,135275,70342,28930,7085,1946,22346,1391,16143,4631,35502,6855,19092,8789,43583,38020,2.55,3.11,344782,135275,70118,7343,103650,20738,7658,138536,43518,76451,1394,3165,14008,143534,38046,73761,2915,10671,18141,4609,1228,30,56,11,112,20,6560,2157,48,167,489,280,440,948,2157,1423,1416,90950,5012,3901,38668,20149,23220,236769,10003,14304,55331,55000,22089,53733,26309,212462,80042,266382,21385,346041,44798,83724,4360,211330,21513,50987,18925,346854,290625,56229,54564,28510,26054,19325,6729,1665,350801,314920,308603,222598,86005,6317,35881,35881,17256,18625,42198,6317,1560,4757,35881,7939,27942,35881,2841,8500,963,236,21864,1477,330121,262861,67260,20415,52424,16306,6312,1349,7491,2611,1033,149,350801,13599,1791,2863,791,3065,31185,8109,1293,43968,1557,638,30724,12073,317,2684,4780,477,777,2938,5425,112,2754,1794,406,1260,1900,1587,135275,128987,123320
2022,Garza County; Texas,1677,967,308,87,13,246,1,228,148,377,51,214,158,393,701,2.59,3.11,4344,1677,787,101,1450,214,115,3128,1173,1402,168,35,350,1917,640,862,47,265,103,2,0,0,2,0,4,0,6,0,48,169,0,0,0,0,0,0,0,1033,4,70,477,226,256,4158,647,601,1362,886,110,313,239,2910,552,4851,303,4356,787,851,0,2616,287,889,500,5728,4536,1192,1057,253,804,480,324,135,5735,4552,4470,3772,698,82,1183,1183,104,1079,1265,82,1,81,1183,403,780,1183,0,74,0,0,1102,7,5570,3608,1962,1038,1894,998,0,0,52,30,16,10,5735,249,0,0,0,34,343,37,2,304,0,0,331,22,0,3,8,0,0,5,47,0,0,0,11,0,15,17,1677,1600,1395
2022,Gillespie County; Texas,11035,6256,1681,290,31,1498,50,1216,487,2991,327,1928,1424,2706,5289,2.41,3.00,26617,11035,6242,323,6500,1902,615,10995,2730,6834,118,454,859,11643,2178,6784,68,1675,938,130,9,4,28,0,53,16,785,168,48,171,0,14,25,129,168,85,148,5047,626,265,2310,1341,505,19720,1178,1049,4978,4037,1530,4346,2602,17493,6948,21591,1816,26628,3903,5362,292,13660,1570,7606,2041,26806,22922,3884,3576,1896,1680,1275,405,308,26953,24308,24112,17586,6526,196,2645,2645,933,1712,2841,196,62,134,2645,950,1695,2645,99,80,14,0,2310,142,25686,21217,4469,2105,3783,1947,628,141,58,17,0,0,26953,969,11,327,135,158,4406,546,13,8471,157,240,2531,605,14,84,299,93,60,591,988,0,0,209,175,0,203,42,11035,10185,9542
2022,Glasscock County; Texas,415,305,104,0,0,86,26,43,7,24,0,22,18,142,101,2.57,2.86,1068,415,282,0,300,53,18,502,105,352,0,15,30,355,9,322,0,2,22,5,0,0,26,0,0,41,19,0,48,173,0,0,0,0,0,0,0,197,42,10,92,51,2,739,73,30,121,217,19,217,62,636,279,803,23,1068,100,265,10,667,58,136,32,1062,999,63,54,54,0,0,0,9,1068,958,934,812,122,24,110,110,12,98,134,24,0,24,110,9,101,110,0,0,0,0,110,0,992,722,270,100,196,100,28,0,0,0,46,0,1068,20,52,21,0,0,75,0,0,262,0,0,66,0,0,0,3,0,0,53,12,0,0,0,0,0,0,0,415,412,332
2022,Goliad County; Texas,2720,1446,552,86,25,515,16,454,144,673,51,456,371,688,1216,2.57,3.38,6982,2720,1450,81,2217,473,41,2887,808,1508,103,126,342,2984,760,1513,27,476,208,40,0,0,29,0,58,0,41,14,48,175,14,0,0,0,14,7,14,1432,62,16,778,372,204,5044,448,336,1563,1247,550,660,240,4260,900,5613,461,6995,1117,1477,43,3866,376,1652,698,7041,6741,300,299,87,212,212,0,1,7092,6719,6680,6141,539,39,373,373,118,255,412,39,0,39,373,16,357,373,17,4,0,0,345,7,6842,5498,1344,360,1224,353,110,0,10,7,0,0,7092,315,12,134,1,5,515,110,5,1355,0,0,481,11,0,18,163,0,24,60,44,0,38,25,7,0,0,0,2720,2236,1961
2022,Gonzales County; Texas,7412,3295,1125,413,240,1668,84,1049,261,2036,516,952,531,2334,2528,2.62,3.16,19410,7412,3303,395,6034,1766,500,7837,2747,3796,86,196,1012,7569,1921,3474,250,836,1088,372,140,67,93,22,152,55,724,268,48,177,40,21,9,198,268,192,181,4593,186,310,2559,1106,432,12754,1190,1692,5537,1916,750,1168,501,9872,1669,14479,844,19447,3181,5257,344,11036,1620,3154,1217,19500,17785,1715,1696,630,1066,958,108,19,19736,17483,17354,15127,2227,129,2253,2253,741,1512,2382,129,18,111,2253,349,1904,2253,40,74,15,0,2101,23,18342,12903,5439,2422,5248,2325,38,0,138,97,15,0,19736,582,0,450,0,77,1091,458,14,2914,0,0,1086,182,31,44,278,0,20,104,311,0,16,69,0,5,36,0,7412,6524,6017
2022,Gray County; Texas,8021,4059,1674,420,173,1340,50,1059,294,2202,513,1250,635,2738,2414,2.45,3.02,19627,8021,4072,383,5854,952,345,9078,2739,4612,363,256,1108,7719,1446,3967,386,803,1117,269,175,95,64,165,83,12,369,167,48,179,21,9,0,137,167,98,131,4937,490,171,2592,1114,570,14061,1207,1384,4547,3433,1236,1726,528,11470,2254,15902,1221,19653,2608,5366,232,11041,1217,3246,1159,21085,17411,3674,3627,1460,2167,1520,647,47,21272,19055,18921,14471,4450,134,2217,2217,606,1611,2351,134,0,134,2217,428,1789,2217,52,111,17,0,2007,30,19934,15894,4040,1620,3941,1586,51,31,46,3,2,0,21272,1336,7,175,20,534,2157,399,0,2551,2,0,1984,265,0,181,190,0,0,92,524,0,40,70,9,0,2,124,8021,7527,6648
2022,Grayson County; Texas,52084,26763,9943,2786,1136,8433,681,6070,2353,14102,2798,7661,4021,16790,17368,2.59,3.13,134655,52084,26740,2858,40702,8732,3539,53570,16229,29406,427,1279,6229,56583,13391,27735,1245,5792,8420,1496,400,26,50,19,92,21,3574,1336,48,181,265,290,112,669,1336,847,957,32277,1513,1846,14391,7105,7422,92530,3591,5274,27905,24509,10136,14097,7018,83665,21115,104421,9576,135810,18788,32522,1331,79358,9023,23930,8434,135378,112141,23237,22946,11977,10969,8658,2311,291,137008,127851,126660,88150,38510,1191,9157,9157,3103,6054,10348,1191,185,1006,9157,2134,7023,9157,670,1362,497,23,6389,216,128586,113398,15188,5622,12801,4931,1308,183,921,501,158,7,137008,7757,173,571,87,1931,16119,2696,285,15877,308,163,16340,2761,38,1241,1448,200,343,1720,3164,13,658,849,154,138,717,201,52084,48755,43792
2022,Gregg County; Texas,47008,21664,8446,3894,1602,8005,400,6045,1638,13445,3425,7063,3819,15815,13650,2.54,3.15,119608,47008,21686,3894,37289,7220,2511,47325,17162,23063,713,1115,5272,50360,13699,23793,957,4460,7451,1186,727,46,41,8,79,14,2594,1374,48,183,190,200,131,853,1374,877,1157,31034,2253,1206,14743,6665,6167,80126,4562,6312,22991,21213,7081,12208,5759,69252,17967,92165,6495,121984,15937,31944,2082,71494,7794,18546,6061,122777,103644,19133,18877,10181,8696,6814,1882,256,124245,113674,112717,83725,28992,957,10571,10571,3564,7007,11528,957,274,683,10571,2755,7816,10571,577,1256,193,24,8351,170,116013,96233,19780,6252,17485,5595,819,212,1193,419,283,26,124245,14240,441,667,231,968,12599,2741,269,9564,43,179,11088,2114,43,380,588,34,95,1163,2333,21,700,421,56,8,348,74,47008,43813,40663
2022,Grimes County; Texas,9769,5440,1989,325,189,1651,121,1172,588,2353,530,1431,736,3229,3574,2.66,3.23,25962,9769,5414,347,7910,1910,612,13246,4584,6167,214,605,1676,10775,2751,5619,393,1010,1002,238,7,3,42,0,76,32,889,460,48,185,5,138,200,117,460,298,362,6795,440,338,3338,1630,1049,20175,1421,2456,6303,4662,1414,2418,1501,16298,3919,22847,1698,26037,3754,6595,270,14510,1677,4932,1807,29126,25491,3635,3602,1372,2230,1972,258,33,29442,27578,27357,21716,5641,221,1864,1864,788,1076,2085,221,0,221,1864,186,1678,1864,147,79,42,0,1577,19,27851,22232,5619,2008,5274,1897,223,26,67,43,55,42,29442,1234,12,327,21,221,2583,764,38,4079,14,33,2829,385,12,154,1167,6,89,509,486,15,566,82,7,11,184,0,9769,8975,7695
2022,Guadalupe County; Texas,60463,34737,14908,4568,2211,8949,770,5954,1752,12209,2759,5839,3138,23377,16911,2.84,3.26,171960,60463,34963,4375,56168,12681,3310,68979,22791,37297,898,1949,6044,70102,18122,37440,1561,4706,8273,2598,720,35,62,32,93,46,4250,1539,48,187,482,193,218,646,1539,949,1243,45471,2955,2597,19013,10784,10122,115577,5196,7412,34105,24056,10667,22664,11477,102969,34141,129472,18370,171006,23494,42486,2568,104225,11911,24295,9015,172368,149830,22538,21703,8129,13574,9003,4571,835,173828,161848,157401,106409,50992,4447,11980,11980,5840,6140,16427,4447,1164,3283,11980,1596,10384,11980,1012,2096,488,41,8159,184,163666,128151,35515,9778,31589,8523,1742,306,1905,757,279,192,173828,7864,218,1439,351,1002,14009,3425,321,27873,197,252,13922,3909,73,746,2712,324,269,2075,2687,74,1219,900,128,167,1010,935,60463,57931,55087
2022,Hale County; Texas,10997,5411,2071,441,214,1868,265,1239,366,3277,1155,1473,961,4176,3239,2.74,3.27,30161,10997,5425,425,10653,1856,805,13282,4969,6140,350,569,1254,12056,3483,6024,548,1102,899,666,516,139,94,35,210,4,640,355,48,189,8,103,55,189,355,213,204,9076,501,524,4101,2096,1854,19888,2751,2263,6562,4008,1360,1827,1117,14874,2944,23704,863,30567,3760,8779,181,17488,1944,4300,1635,32231,25582,6649,6604,3058,3546,3083,463,45,32525,29033,28753,24943,3810,280,3492,3492,1135,2357,3772,280,38,242,3492,821,2671,3492,88,178,0,0,3226,0,30506,18931,11575,3168,11244,3016,187,52,58,29,86,71,32525,1339,86,28,20,113,1213,200,6,1990,81,9,1104,135,0,37,102,187,45,118,103,0,420,57,20,16,65,112,10997,9943,8690
2022,Hall County; Texas,1145,500,153,101,58,218,59,131,58,326,65,209,102,343,398,2.43,2.93,2782,1145,521,83,854,132,47,1118,348,488,77,53,152,1233,336,604,43,142,108,22,6,19,36,0,38,51,60,5,48,191,0,1,0,4,5,5,0,668,48,24,314,156,126,1978,132,228,664,373,221,277,83,1618,360,2222,137,2795,494,625,22,1548,190,622,282,2837,2436,401,399,153,246,209,37,2,2847,2516,2506,2017,489,10,331,331,94,237,341,10,1,9,331,119,212,331,0,12,0,0,319,0,2723,1963,760,212,752,208,0,0,8,4,0,0,2847,102,0,12,0,13,329,43,0,264,2,0,221,30,0,0,4,0,7,21,25,0,18,2,0,0,14,31,1145,957,784
2022,Hamilton County; Texas,3131,1434,426,111,35,626,52,507,255,960,116,644,424,677,1425,2.55,3.36,7970,3131,1445,108,2325,705,256,3389,901,1780,51,192,465,3431,737,1509,24,636,525,73,3,4,49,0,99,37,145,27,48,193,0,27,0,0,27,16,24,1762,94,36,826,604,202,5812,235,386,2085,1145,505,1040,416,5191,1456,6506,566,8038,1607,1738,47,4333,764,1967,796,8198,7423,775,775,368,407,326,81,0,8244,7765,7736,6374,1362,29,479,479,170,309,508,29,0,29,479,228,251,479,43,3,0,0,433,0,7825,6922,903,328,791,307,111,21,1,0,0,0,8244,769,0,72,0,85,874,197,3,1197,2,7,1026,62,0,57,74,4,23,140,167,0,16,167,0,0,17,5,3131,2830,2558
2022,Hansford County; Texas,1763,1049,412,35,18,349,8,312,74,330,52,222,105,624,447,2.95,3.76,5194,1763,1045,41,1846,411,88,2125,634,1216,20,50,205,1932,399,1038,125,274,96,24,2,5,23,0,45,5,236,85,48,195,0,74,10,1,85,78,11,1426,55,52,710,439,170,3276,413,499,731,496,168,812,157,2364,969,3749,218,5191,617,1518,86,3022,211,651,320,5240,4847,393,341,112,229,175,54,52,5270,4350,4115,3012,1103,235,920,920,282,638,1155,235,77,158,920,118,802,920,27,6,1,0,886,0,4888,3146,1742,756,1742,756,0,0,0,0,0,0,5270,464,0,5,5,6,501,11,16,465,0,0,256,43,0,24,0,8,0,112,37,0,1,4,0,0,16,0,1763,1631,1483
2022,Hardeman County; Texas,1304,594,178,94,29,327,18,264,128,289,45,149,79,332,503,2.69,3.44,3508,1304,580,113,1092,279,140,1608,556,686,29,41,296,1346,237,656,47,208,198,66,28,70,95,0,326,16,92,57,48,197,8,4,20,25,57,40,24,731,52,56,264,198,161,2473,127,245,847,623,200,326,105,2101,431,2796,113,3532,756,745,43,2078,476,709,237,3483,3023,460,459,285,174,161,13,1,3541,3300,3266,2755,511,34,241,241,85,156,275,34,18,16,241,52,189,241,6,40,0,0,195,0,3359,2893,466,182,361,167,31,2,33,13,41,0,3541,214,0,52,0,17,361,39,5,195,0,0,543,22,0,0,2,0,0,98,31,0,8,0,3,0,8,10,1304,1142,935
2022,Hardin County; Texas,20845,11566,4565,899,466,3296,382,2358,831,5084,1155,2737,1688,7192,6715,2.69,3.15,56093,20845,11572,894,18082,2968,1732,22004,5397,12579,566,831,2631,23079,4904,11740,452,2666,3317,667,211,35,53,0,97,34,1178,453,48,199,70,112,26,245,453,288,269,12849,676,991,6204,3187,1791,38319,1162,3107,14801,8910,3262,5413,1664,34050,7077,42657,3310,56088,10433,13869,1027,32849,5137,9370,4269,55838,49162,6676,6550,2914,3636,2974,662,126,56576,55571,55163,44556,10607,408,1005,1005,396,609,1413,408,58,350,1005,192,813,1005,164,164,0,0,677,0,53152,50732,2420,1008,2083,893,172,15,147,82,18,18,56576,4371,50,235,97,324,5588,4614,398,5980,45,27,5910,1791,38,135,546,0,121,1333,870,0,226,164,8,0,357,1,20845,19278,17481
2022,Harris County; Texas,1692896,774203,359852,118278,51241,328163,23971,221495,41279,472252,113686,231053,83542,616728,387873,2.77,3.41,4681090,1692896,771192,121247,1562802,410147,122806,1834657,731914,888153,37645,34442,142503,1860624,648911,830829,52644,122522,205718,69490,24671,36,57,20,92,34,120498,36786,48,201,5858,8211,6604,16113,36786,23162,25414,1277778,72905,69150,554384,279236,302103,3032681,314460,227020,694818,576643,213891,629798,376051,2491201,1005849,3484305,152961,4700447,470738,1238347,52404,2947991,247756,514109,170578,4665963,3976603,689360,643627,475844,167783,94942,72841,45733,4726177,3487510,3408238,2514262,893976,79272,1238667,1238667,484769,753898,1317939,79272,32506,46766,1238667,396594,842073,1238667,47251,265549,73607,3108,838756,10396,4393352,2425001,1968351,862500,1554270,710982,141444,34273,201039,98286,71598,18959,4726177,158510,41773,22134,6540,20458,240408,73639,10784,275690,8836,4505,192527,83510,2158,17673,45295,6593,14106,26314,44773,2179,102267,16368,4195,4566,12611,28151,1692896,1614764,1519653
2022,Harrison County; Texas,24993,12670,4673,973,358,4546,349,3161,1024,6804,1986,2975,1564,8393,8132,2.70,3.19,67489,24993,12642,983,21759,4886,2226,26996,8920,13650,223,799,3404,28395,8495,13018,738,2786,3358,664,324,35,42,62,55,22,1356,570,48,203,33,159,17,361,570,407,395,16682,682,826,7762,4028,3384,45553,1563,3298,14935,11745,3900,6889,3223,40692,10112,52320,3991,68373,11927,16656,1506,40363,5906,11354,4515,68422,60299,8123,8023,3469,4554,3224,1330,100,69098,65831,65157,46893,18264,674,3267,3267,1179,2088,3941,674,171,503,3267,356,2911,3267,116,292,193,0,2650,16,65115,58663,6452,2519,5865,2354,210,58,212,75,165,32,69098,8080,39,80,17,911,7023,824,277,4576,54,18,6151,1104,47,439,316,0,75,264,677,0,513,410,24,0,311,65,24993,23002,19487
2022,Hartley County; Texas,1626,1009,436,51,20,232,9,177,71,334,64,240,193,580,592,2.40,2.85,3899,1626,966,84,1119,88,16,2563,1007,1065,129,31,331,1718,204,1166,6,177,165,81,20,77,89,0,174,0,41,0,48,205,0,0,0,0,0,0,0,1023,30,18,789,108,78,4062,316,327,1429,727,236,591,436,3419,1027,4177,220,3903,414,1192,98,1896,159,815,157,5306,4241,1065,1065,119,946,894,52,0,5369,4895,4878,3279,1599,17,474,474,172,302,491,17,3,14,474,168,306,474,15,8,11,0,395,45,5077,4120,957,269,849,263,106,6,2,0,0,0,5369,214,0,33,1,72,846,67,5,764,0,0,602,43,0,98,7,0,1,35,125,3,28,30,0,41,140,26,1626,1598,1470
2022,Haskell County; Texas,2090,1037,302,187,27,341,0,269,166,525,109,315,169,553,831,2.46,3.02,5140,2090,1079,135,1433,284,119,2482,890,1197,98,67,230,2169,566,1034,72,267,230,31,16,25,31,122,23,12,197,111,48,207,24,19,10,58,111,67,82,1114,57,19,516,426,96,3963,327,484,1425,723,205,472,327,3152,799,4465,287,5140,1198,943,39,2975,685,1222,474,5359,4645,714,678,171,507,477,30,36,5408,5115,5093,4470,623,22,293,293,40,253,315,22,17,5,293,68,225,293,7,4,11,0,269,2,5196,4191,1005,358,987,347,14,11,4,0,0,0,5408,268,9,1,3,30,565,94,0,469,41,0,371,116,0,12,0,0,0,234,128,0,22,0,29,16,17,2,2090,1920,1695
2022,Hays County; Texas,89328,45987,20513,7423,2237,14897,1268,9088,1665,21021,3081,10301,4200,28977,19397,2.67,3.18,238152,89328,45965,7461,70319,12349,12730,98992,38985,49655,764,1505,8083,100106,36422,48083,1446,5086,9069,3013,499,13,45,5,49,57,4260,1689,48,209,453,228,291,717,1689,994,1319,76064,3388,2341,25192,13299,31844,149815,6565,7104,33339,32493,9844,39393,21077,136146,60470,189113,11943,243400,26913,55557,2188,160183,15666,27660,9059,242865,201418,41447,40763,15712,25051,20622,4429,684,245351,222578,218379,156365,62014,4199,22773,22773,9423,13350,26972,4199,1027,3172,22773,6093,16680,22773,1840,4260,550,17,15463,643,230886,170471,60415,18048,53684,16110,3619,715,2068,580,1044,643,245351,8486,1689,2495,599,1780,24838,4149,951,30447,875,339,21379,5442,108,1896,3574,477,934,2555,5113,133,1630,1741,300,333,1483,465,89328,86302,81361
2022,Hemphill County; Texas,1345,752,281,10,10,383,50,260,45,200,0,158,136,459,426,2.47,3.11,3322,1345,758,17,875,322,5,1510,399,797,50,40,224,1193,162,833,0,147,51,27,0,0,47,0,99,21,135,94,48,211,0,0,0,94,94,68,89,741,19,45,357,247,73,2262,161,96,801,470,207,410,117,2005,527,2525,142,3322,629,846,83,1869,255,607,291,3367,3190,177,177,36,141,141,0,0,3371,2832,2780,2003,777,52,539,539,203,336,591,52,0,52,539,52,487,539,31,0,0,0,508,0,3206,2141,1065,374,1031,374,34,0,0,0,0,0,3371,151,0,3,0,19,235,10,0,574,0,0,298,15,0,0,0,0,25,109,104,0,4,2,51,0,60,23,1345,1297,1108
2022,Henderson County; Texas,31973,17237,5395,1966,811,5287,156,4009,1629,7483,1085,4462,2941,8670,13018,2.54,3.06,81224,31973,17016,2180,21962,6406,1687,33282,8725,18764,598,1556,3639,34888,6866,18001,833,4397,4791,1264,235,28,75,0,131,47,2191,1027,48,213,176,110,178,563,1027,685,701,16633,850,776,7711,4073,3223,58449,2697,5103,19761,14936,4817,7663,3472,50649,11135,64975,6070,81648,14566,17652,1106,46051,7015,17945,6445,81629,70716,10913,10835,5065,5770,4590,1180,78,82627,78759,78215,60463,17752,544,3868,3868,1387,2481,4412,544,83,461,3868,683,3185,3868,291,444,103,5,2873,152,78093,69970,8123,2634,7320,2249,453,191,345,194,5,0,82627,8050,71,469,54,815,8643,1218,67,8762,154,52,9060,1010,32,367,612,156,56,1195,2034,5,371,225,66,54,422,526,31973,29157,26204
2022,Hidalgo County; Texas,257499,133829,67237,13598,6845,35465,2643,22076,6463,74607,25242,24595,13450,120051,69072,3.36,3.88,864686,257499,133516,13859,346902,103465,9445,314811,123988,159185,6231,6665,18742,329246,111716,147386,13770,25525,30849,13382,4504,38,62,22,112,25,32043,8647,48,215,1491,1562,1667,3927,8647,5402,6104,274938,13329,17070,126337,64714,53488,496398,91148,64779,123312,91055,26214,69445,30445,340471,99890,595897,18395,865514,104955,276371,14487,492963,46524,96180,43944,860026,778676,81350,75637,58288,17349,11129,6220,5713,873167,644844,633753,562114,71639,11091,228323,228323,70457,157866,239414,11091,4015,7076,228323,44536,183787,228323,699,6530,634,47,219540,873,801757,145753,656004,244673,647349,242278,2761,603,5188,1556,706,236,873167,17579,498,455,253,1178,8804,3454,349,14047,196,99,9141,4175,24,1461,1315,326,118,721,1951,80,669,1248,179,111,385,463,257499,233051,206929
2022,Hill County; Texas,13390,6848,2456,596,226,2360,109,1723,794,3586,696,2190,1381,4031,5254,2.63,3.25,35205,13390,6835,617,10588,2924,851,14643,3918,7695,383,513,2134,14667,3244,7474,306,1730,1913,379,165,47,52,4,107,18,895,410,48,217,92,55,25,238,410,265,258,8087,499,512,3721,1885,1470,24820,1407,2166,8495,5889,2517,2974,1372,21247,4346,27781,2386,35478,6177,8303,355,20106,3024,7069,2798,35745,31409,4336,4161,1843,2318,2169,149,175,36138,33839,33564,27049,6515,275,2299,2299,928,1371,2574,275,109,166,2299,419,1880,2299,85,187,39,14,1970,4,34081,28907,5174,1731,4815,1578,180,47,165,102,14,4,36138,2237,24,1188,84,308,3810,528,7,3739,12,27,3823,273,17,209,386,34,103,349,552,0,37,150,73,12,112,53,13390,12260,11378
2022,Hockley County; Texas,7922,4157,1765,400,140,1357,65,1069,458,2008,617,978,686,2926,2399,2.63,3.19,20873,7922,4183,384,6793,1259,332,8377,2472,4510,319,297,779,8429,2186,4260,170,1017,796,421,148,59,84,6,163,36,392,267,48,219,33,49,79,106,267,151,214,5966,565,168,2698,1230,1305,13638,1334,1455,3926,3270,1309,1544,800,10849,2344,15767,775,21279,3344,5728,219,12461,1592,3090,1533,21223,18642,2581,2536,1104,1432,1310,122,45,21495,19767,19572,16608,2964,195,1728,1728,502,1226,1923,195,7,188,1728,390,1338,1728,13,45,20,13,1630,7,19988,14006,5982,1508,5771,1440,160,58,17,10,34,0,21495,2577,0,24,19,154,1513,214,25,2147,0,1,1588,259,3,15,128,5,36,56,223,0,44,37,13,0,48,99,7922,7265,6412
2022,Hood County; Texas,24734,15078,4687,1115,643,3274,223,2364,877,5267,635,3568,2513,7004,10530,2.49,2.93,61584,24734,15178,1027,15975,3460,1210,25188,5638,15964,214,729,2643,26738,4657,15645,378,2769,3289,823,284,50,68,5,121,42,1368,485,48,221,28,29,233,195,485,230,433,12078,733,836,5175,3160,2174,45404,1215,2250,12709,11426,3433,9707,4664,41939,14371,49531,5082,61674,7965,12890,565,33462,2981,15322,4419,61754,54662,7092,6815,1706,5109,3639,1470,277,62459,59816,59277,38560,20717,539,2643,2643,1099,1544,3182,539,185,354,2643,654,1989,2643,355,382,16,46,1671,173,59244,53767,5477,2080,4889,1877,462,127,116,76,10,0,62459,10086,13,336,172,1168,8749,1092,167,7522,71,87,6168,1104,0,630,463,52,175,1078,1583,0,80,432,47,58,623,72,24734,23924,22310
2022,Hopkins County; Texas,13781,7440,2919,556,216,2557,226,1822,670,3228,473,1858,1101,4568,4707,2.65,3.20,36506,13781,7399,579,11148,2886,713,14538,4260,7942,194,500,1642,15091,2885,8222,337,1522,2125,450,76,21,57,29,96,28,1114,748,48,223,51,174,184,339,748,450,538,8566,581,424,4261,2046,1254,24949,1367,2400,8612,5364,1818,3704,1684,21182,5388,27965,1877,36455,5218,8943,384,20997,2355,6515,2479,36619,32379,4240,4075,2481,1594,1251,343,165,37008,33812,33633,27373,6260,179,3196,3196,1102,2094,3375,179,44,135,3196,655,2541,3196,163,272,34,0,2695,32,34744,29397,5347,1912,4903,1795,254,0,174,109,16,8,37008,3494,28,120,34,511,3831,443,37,2943,34,24,2956,440,0,282,196,62,44,420,738,19,89,114,40,18,123,105,13781,12818,11857
2022,Houston County; Texas,7464,3688,1139,378,186,1137,109,887,415,2261,313,1343,676,2058,3237,2.56,3.14,19077,7464,3684,371,5385,1622,551,10143,3515,4330,285,499,1514,8366,1914,3926,231,1185,1110,338,153,73,89,13,214,11,505,291,48,225,30,62,14,185,291,191,197,4499,299,290,1855,1078,977,16318,982,1892,6391,3447,1195,1719,692,13444,2411,17749,1605,19198,4294,4297,488,10232,1922,4669,1884,21733,19291,2442,2417,477,1940,1889,51,25,22107,21458,21311,17999,3312,147,649,649,182,467,796,147,50,97,649,99,550,649,29,71,0,14,535,0,21034,19029,2005,565,1867,538,20,0,97,27,21,0,22107,1206,31,48,48,211,2870,514,11,1829,18,0,2316,196,6,76,278,48,28,357,364,0,353,107,0,7,78,71,7464,6440,5562
2022,Howard County; Texas,12010,5616,2390,743,457,2766,356,2127,479,2885,635,1751,778,4468,3004,2.53,3.13,30431,12010,5616,738,9148,1840,1079,16410,5763,7658,498,513,1978,11787,3073,5602,312,1067,1733,669,346,96,95,36,180,32,773,344,48,227,15,48,20,261,344,112,215,7526,406,500,3528,1591,1501,23829,1928,2596,8261,5969,1783,2233,1059,19305,3292,26938,1783,30826,4999,7480,339,19331,2983,4015,1677,34245,29724,4521,4404,1804,2600,1960,640,117,34488,31086,30770,25077,5693,316,3402,3402,759,2643,3718,316,92,224,3402,779,2623,3402,105,257,72,46,2922,0,32466,23362,9104,3021,8586,2882,272,103,154,16,92,20,34488,1733,60,72,53,90,2535,410,68,2284,125,16,2598,337,0,110,147,12,36,305,371,0,153,41,11,64,213,57,12010,11370,10174
2022,Hudspeth County; Texas,890,401,140,42,16,171,0,111,30,276,122,124,82,342,277,2.73,3.39,2432,890,401,39,972,130,0,1888,891,753,86,45,113,1031,294,422,99,143,73,13,13,36,19,0,40,0,51,31,48,229,31,0,0,0,31,31,31,643,9,20,274,272,68,2242,625,386,567,340,92,212,20,1231,232,2763,168,2437,787,566,105,1504,506,367,176,3312,2293,1019,467,62,405,280,125,552,3329,2100,2022,1369,653,78,1229,1229,127,1102,1307,78,17,61,1229,677,552,1229,10,3,10,0,1206,0,3204,759,2445,1372,2394,1339,7,5,34,18,10,10,3329,197,0,0,0,14,62,58,0,39,2,0,98,26,0,0,0,0,0,2,2,0,55,0,0,0,10,0,890,793,662
2022,Hunt County; Texas,36560,19207,7268,2283,869,6517,525,4587,1510,8553,1559,4059,2334,11920,11673,2.70,3.20,98569,36560,19135,2361,29623,8373,2517,40082,12858,21229,683,1200,4112,41420,10806,20472,733,3852,5557,1581,416,34,67,14,115,37,3242,1174,48,231,273,315,110,476,1174,659,959,25208,1483,1464,10857,5521,5883,67094,2643,5625,23560,16074,4880,9796,4516,58826,14312,77357,7185,100768,15498,24164,1064,60902,8046,15702,6388,100681,84815,15866,15631,7216,8415,7012,1403,235,101596,94659,93202,68401,24801,1457,6937,6937,2488,4449,8394,1457,310,1147,6937,1544,5393,6937,470,980,601,6,4802,78,95291,82650,12641,4611,10898,3976,606,67,777,343,360,225,101596,7178,216,377,18,844,11586,1897,222,11031,242,8,10480,1613,22,518,1137,285,193,1069,2229,12,711,442,54,23,457,80,36560,34340,31275
2022,Hutchinson County; Texas,6711,3587,1195,409,184,1089,91,850,411,1626,203,1163,653,1946,2500,3.04,3.85,20403,6711,3534,475,7546,1712,425,8410,2789,4262,16,405,938,7987,1977,3725,56,950,1279,140,90,34,32,0,37,40,589,254,48,233,14,49,14,177,254,197,123,5188,231,191,2534,1184,1048,13527,730,1178,4466,3716,1326,1537,574,11619,2111,15436,1163,20472,3389,5159,305,11818,1562,3495,1522,20343,18817,1526,1520,581,939,680,259,6,20595,19641,19362,14570,4792,279,954,954,432,522,1233,279,13,266,954,117,837,954,54,89,0,0,790,21,19379,16436,2943,752,2858,706,40,20,44,26,1,0,20595,1359,1,98,3,154,2328,180,18,2205,0,0,2053,582,0,135,116,18,65,75,322,0,9,21,18,0,115,17,6711,5983,5631
2022,Irion County; Texas,647,315,129,18,18,139,27,104,41,175,0,147,58,189,218,2.41,3.26,1561,647,337,18,464,95,0,566,111,369,0,44,42,630,74,367,0,60,129,13,0,0,47,0,124,0,24,0,48,235,0,0,0,0,0,0,0,396,68,8,237,60,23,1127,75,51,272,411,111,183,24,1001,207,1151,79,1552,201,401,17,848,53,303,131,1547,1399,148,148,30,118,118,0,0,1561,1501,1497,1351,146,4,60,60,5,55,64,4,0,4,60,0,60,60,0,0,0,0,60,0,1515,1199,316,9,316,9,0,0,0,0,0,0,1561,49,0,7,17,11,302,2,0,239,0,0,94,1,0,0,0,10,0,31,78,0,0,0,4,0,7,0,647,600,464
2022,Jack County; Texas,2997,1584,609,154,60,443,26,365,90,816,220,459,206,1009,936,2.52,3.10,7559,2997,1574,151,2415,374,48,3943,1443,1852,30,61,557,3070,594,1567,113,342,454,45,0,0,27,0,61,9,141,46,48,237,19,0,3,24,46,27,33,1911,149,94,890,521,257,5841,385,804,1921,1418,405,678,230,4652,908,6709,492,7559,1043,1879,74,4274,516,1406,453,8563,7221,1342,1207,243,964,861,103,135,8588,8168,8035,6433,1602,133,420,420,123,297,553,133,67,66,420,117,303,420,6,38,6,0,348,22,8152,7099,1053,526,937,499,21,10,56,17,39,0,8588,525,0,53,0,69,774,150,3,330,6,0,595,102,0,4,107,0,0,112,126,0,0,14,0,6,116,0,2997,2797,2477
2022,Jackson County; Texas,5235,3232,1245,224,141,810,31,556,173,969,213,454,271,1736,1872,2.83,3.21,14795,5235,3187,256,4750,1205,162,5971,1452,3601,130,137,651,5931,1349,3357,32,575,618,119,19,12,38,0,95,14,223,21,48,239,0,0,0,21,21,21,0,3554,355,177,1688,858,476,10059,928,1025,3484,2507,804,1060,251,8106,1311,11217,704,14789,2221,3783,212,8221,1096,2785,913,14895,13403,1492,1457,641,816,654,162,35,15010,13964,13826,11659,2167,138,1046,1046,384,662,1184,138,41,97,1046,139,907,1046,13,63,17,14,939,0,14019,11128,2891,1142,2724,1083,114,35,53,24,0,0,15010,935,0,1764,0,74,1030,361,37,2490,0,0,1066,66,77,80,191,9,0,60,87,0,12,55,19,9,89,0,5235,4801,4392
2022,Jasper County; Texas,13142,6215,2089,849,475,2354,148,1776,691,3724,574,2221,1421,4177,5129,2.44,3.00,32082,13142,6225,846,8564,2408,897,12973,3574,6824,236,679,1660,13705,2833,6676,399,1885,1912,325,185,56,48,7,112,13,1049,552,48,241,87,76,43,346,552,372,270,6555,414,205,3670,1671,595,22805,787,2114,10773,4720,1620,1927,864,19904,2791,25186,1924,32002,4464,7758,242,17641,1914,6603,2308,32748,29436,3312,3288,855,2433,2040,393,24,33032,32139,31960,26601,5359,179,893,893,362,531,1072,179,30,149,893,234,659,893,166,192,67,0,316,152,31087,29322,1765,862,1333,693,296,117,134,52,2,0,33032,13761,14,30,0,157,1988,633,104,1129,25,2,1422,216,20,78,122,29,0,110,292,0,134,12,26,44,77,12,13142,11797,11156
2022,Jeff Davis County; Texas,1095,405,72,151,72,341,0,341,247,198,0,150,67,144,610,1.78,2.43,1951,1095,379,86,271,75,45,965,211,403,128,70,153,786,101,381,0,129,175,34,14,87,120,-666666666,531,0,0,0,48,243,0,0,0,0,0,0,0,219,33,0,52,105,29,1634,158,75,316,492,138,204,251,1401,455,1701,176,1951,296,264,0,856,46,831,250,1959,1685,274,274,34,240,240,0,0,1992,1772,1758,1380,378,14,220,220,147,73,234,14,0,14,220,69,151,220,84,0,8,0,128,0,1858,1478,380,182,346,174,16,8,0,0,18,0,1992,139,0,0,0,57,403,28,0,157,0,0,187,54,0,41,0,7,8,84,9,0,8,63,0,0,3,0,1095,918,817
2022,Jefferson County; Texas,93193,40388,15278,5498,1971,18380,981,13927,3449,28927,8341,14161,6615,30125,26768,2.57,3.23,239452,93193,40430,5468,76601,17616,6144,104496,40864,46439,2621,3079,11493,98370,31298,42863,2569,9309,12331,2883,1148,35,52,21,89,24,5383,2667,48,245,507,503,542,1115,2667,1736,1876,59109,3170,3929,27357,12882,11771,170001,12486,13438,53944,40524,15767,23546,10296,144077,33842,192448,13128,241246,36383,61803,2414,142971,18095,36472,15874,251292,220330,30962,29703,15751,13952,11038,2914,1259,254942,224120,221752,176674,45078,2368,30822,30822,11156,19666,33190,2368,975,1393,30822,8439,22383,30822,845,6750,591,92,22303,241,237822,184287,53535,20964,43152,17006,3690,1207,6026,2528,667,223,254942,7440,566,684,66,1660,11270,12172,2152,14674,353,136,13655,6050,114,834,1034,149,492,2451,1751,45,1359,509,10,80,408,511,93193,87794,80712
2022,Jim Hogg County; Texas,1342,641,208,215,182,245,12,219,3,241,36,143,67,563,288,3.57,4.32,4786,1342,630,218,1968,545,83,1766,1029,616,0,24,97,1720,783,762,0,79,96,121,35,44,107,199,91,32,146,86,48,247,0,64,15,7,86,52,64,1098,248,87,392,167,204,2439,223,299,1041,517,48,209,102,1917,311,3271,53,4786,645,1559,204,2819,271,408,170,4669,4141,528,528,110,418,405,13,0,4830,4750,4699,4553,146,51,80,80,37,43,131,51,0,51,80,0,80,80,0,10,0,0,70,0,4081,1603,2478,249,2425,249,0,0,53,0,0,0,4830,198,0,0,0,0,155,8,0,145,0,0,47,50,0,0,0,0,0,0,19,0,0,0,0,0,0,0,1342,1201,900
2022,Jim Wells County; Texas,12914,6612,2518,597,161,1989,119,1098,416,3716,1344,1453,841,4930,4237,2.99,3.49,38658,12914,6535,675,12802,4972,760,15044,5319,7650,90,413,1572,15243,5155,6694,255,1649,1490,651,389,71,75,153,85,37,1952,985,48,249,329,68,266,322,985,612,626,9975,305,735,4402,2719,1814,24864,2147,3257,9087,5081,1497,2994,801,19460,3795,28512,1656,38687,6703,10548,541,22196,3689,5943,2473,38697,35183,3514,3514,1975,1539,1015,524,0,39060,37294,37062,33998,3064,232,1766,1766,1086,680,1998,232,0,232,1766,320,1446,1766,13,274,0,0,1479,0,36397,18917,17480,3415,16994,3365,196,31,64,19,226,0,39060,572,114,138,0,110,1297,165,28,2116,21,0,1212,167,0,0,226,0,12,33,101,0,0,126,0,0,19,0,12914,10191,8893
2022,Johnson County; Texas,62297,37224,16212,2979,1265,9080,934,5375,1248,13014,3057,6706,3576,24438,17592,2.89,3.29,179807,62297,37232,2972,58669,14348,4289,72510,21257,41007,847,1928,7471,71806,16254,39966,1078,5193,9315,3054,687,36,72,37,119,42,5261,1660,48,251,255,345,349,711,1660,850,1363,39388,1824,2316,18993,9525,6730,119361,5806,10457,41285,27354,8937,17706,7816,103098,25522,135467,8230,180046,19490,46944,1299,108250,9676,24852,8515,180393,164915,15478,15034,5926,9108,7093,2015,444,182690,172647,170666,130299,40367,1981,10043,10043,4608,5435,12024,1981,583,1398,10043,2037,8006,10043,662,1219,470,0,7559,133,171171,143061,28110,11198,24739,9835,909,340,1886,904,576,119,182690,51006,383,465,163,794,15109,1725,366,13911,31,142,11593,2586,39,1193,1034,163,500,1181,2609,107,674,520,83,252,670,482,62297,59156,56154
2022,Jones County; Texas,5917,3306,1133,382,120,927,41,737,326,1302,254,808,475,1840,2135,2.29,2.71,13537,5917,3238,472,3106,628,176,11315,4713,4373,507,287,1435,5823,1003,3415,144,779,482,170,103,86,59,54,113,8,416,342,48,253,73,81,99,89,342,216,299,3030,154,80,1555,906,335,14653,812,2001,5668,3354,1183,1284,351,11840,1635,16513,1018,13592,2364,3218,94,7437,887,2937,1383,19567,15145,4422,4414,874,3540,3296,244,8,19758,18871,18797,15065,3732,74,887,887,215,672,961,74,1,73,887,272,615,887,99,54,15,0,719,0,18987,15724,3263,902,3019,882,160,0,52,20,32,0,19758,1285,35,48,23,213,2357,293,20,2141,0,4,1844,136,31,125,76,0,52,264,412,0,92,99,77,48,88,86,5917,5372,4936
2022,Karnes County; Texas,4359,2031,760,358,241,832,51,635,219,1138,367,536,370,1498,1431,2.55,3.04,11118,4359,1991,392,3468,662,246,7407,3644,2443,219,279,822,4887,1499,2189,131,574,494,302,256,160,110,16,221,20,128,45,48,255,9,0,0,36,45,39,24,2529,148,302,1042,770,267,10347,921,1556,3827,1738,621,1184,500,7870,1684,11757,592,11310,1525,3048,61,6482,816,1780,648,14600,11500,3100,2606,1337,1269,1169,100,494,14805,13576,13489,12043,1446,87,1229,1229,300,929,1316,87,11,76,1229,596,633,1229,46,184,0,0,999,0,14034,10101,3933,1487,3544,1277,182,61,169,117,38,32,14805,401,0,289,0,21,497,123,22,1525,0,2,908,196,0,55,1045,0,30,54,56,0,41,39,57,10,9,55,4359,3871,3364
2022,Kaufman County; Texas,47899,27826,13348,2480,956,6391,923,3877,981,11202,3573,4653,2150,21644,11730,3.10,3.52,148324,47899,27911,2406,51871,13982,4255,56577,17058,31763,894,1184,5678,58397,15856,29785,1336,4257,7163,2176,720,39,58,1,107,33,5565,1704,48,257,359,326,380,639,1704,1080,1249,42103,1878,3400,19150,9376,8299,94837,4973,7975,27613,23280,8455,16082,6459,81889,22541,107558,7274,148637,16217,42075,1650,90221,8982,16341,5585,147997,122555,25442,25129,8341,16788,13883,2905,313,149773,135420,133839,101762,32077,1581,14353,14353,6549,7804,15934,1581,762,819,14353,3218,11135,14353,560,1396,2464,0,9837,96,139084,110883,28201,8015,23080,6642,1365,414,1303,497,2453,462,149773,9013,543,617,248,638,12601,1359,382,11546,65,79,10850,2393,0,806,491,85,293,989,1624,28,3006,376,401,16,461,209,47899,45973,42089
2022,Kendall County; Texas,16763,10994,4348,584,349,2146,139,1706,583,3039,539,1914,1198,5843,5937,2.67,3.07,44808,16763,10918,673,13557,2070,827,18191,4656,11235,138,436,1726,18987,3847,11594,175,1510,1861,493,224,52,51,34,81,35,733,324,48,259,169,49,31,75,324,241,116,11059,642,356,5157,2801,2103,31578,1288,1085,4868,6689,2329,9746,5573,29205,15319,35056,3297,44831,5174,10249,622,25993,1949,8589,2603,44995,38938,6057,5616,2341,3275,2513,762,441,45376,42021,41126,26440,14686,895,3355,3355,1217,2138,4250,895,96,799,3355,1139,2216,3355,274,526,57,18,2403,77,43340,37090,6250,2402,5520,2204,282,109,367,89,81,0,45376,2173,410,362,133,589,6910,1399,60,8625,98,19,4606,1229,20,221,975,237,101,863,1626,21,67,608,265,127,622,3,16763,16407,15482
2022,Kenedy County; Texas,38,23,11,0,0,3,0,0,0,12,0,0,0,11,24,2.92,2.92,111,38,26,0,42,5,0,46,8,28,0,3,7,42,1,29,0,9,3,10,0,-666666666,769,-666666666,1000,0,0,0,48,261,0,0,0,0,0,0,0,13,12,0,0,0,1,87,41,17,19,3,0,5,2,29,7,88,5,116,29,28,0,46,8,42,21,105,104,1,1,0,1,1,0,0,116,82,82,80,2,0,34,34,22,12,34,0,0,0,34,0,34,34,0,1,0,0,33,0,88,12,76,40,75,40,1,0,0,0,0,0,116,0,0,0,0,0,0,1,0,0,0,0,2,0,0,0,0,0,0,0,0,0,0,0,0,0,0,0,38,21,20
2022,Kent County; Texas,246,133,42,2,0,25,0,22,4,86,4,60,50,49,135,2.33,2.97,572,246,110,1,198,11,6,239,41,139,33,10,16,259,25,115,0,55,64,0,0,0,0,0,0,0,4,4,48,263,0,0,0,4,4,3,4,165,8,18,98,22,19,452,21,31,131,121,22,64,62,400,126,483,22,578,116,143,0,245,50,190,66,635,495,140,140,13,127,126,1,0,635,628,622,569,53,6,7,7,5,2,13,6,6,0,7,0,7,7,5,0,0,0,2,0,615,560,55,36,55,36,0,0,0,0,0,0,635,25,0,16,0,2,80,7,0,45,0,0,42,0,0,5,0,0,5,4,47,0,0,0,0,0,0,0,246,229,228
2022,Kerr County; Texas,22024,10968,2917,1509,838,3858,110,2690,1223,5689,795,3526,2604,5093,10133,2.31,2.77,50864,22024,11057,1423,12363,2428,1569,21590,6374,11468,143,1130,2475,23134,4578,11939,458,2868,3291,626,231,43,64,21,132,8,603,156,48,265,46,12,8,90,156,127,79,9883,675,501,4273,2480,1954,38482,1655,2313,11064,9082,2911,7081,4376,34514,11457,42892,4352,51837,8321,9705,258,27845,3306,14287,4757,52336,43705,8631,8553,4192,4361,3475,886,78,52810,48796,48207,32933,15274,589,4014,4014,2111,1903,4603,589,74,515,4014,569,3445,4014,389,424,132,11,3007,51,50237,43045,7192,2164,6687,2066,248,67,142,31,115,0,52810,2194,32,342,148,488,8232,1541,190,9325,82,89,5453,1399,28,957,871,41,406,1158,1175,10,185,910,16,13,497,27,22024,21018,19627
2022,Kimble County; Texas,1715,885,291,74,36,301,0,208,123,455,16,388,328,399,869,2.50,3.21,4281,1715,858,78,1164,383,83,1842,532,999,8,92,211,1814,237,1045,8,274,250,61,36,120,78,0,250,0,104,86,48,267,0,12,10,64,86,64,44,728,12,14,406,199,97,3177,170,298,885,795,144,602,283,2709,885,3486,302,4281,805,830,103,2242,282,1209,420,4241,3501,740,740,440,300,267,33,0,4316,4153,4030,3242,788,123,163,163,69,94,286,123,6,117,163,25,138,163,29,0,0,0,134,0,4078,3372,706,200,687,195,0,0,0,0,19,5,4316,157,0,49,0,0,371,152,19,1238,0,0,458,66,0,21,0,0,0,57,101,0,77,45,9,0,2,0,1715,1472,1368
2022,King County; Texas,80,58,22,0,0,2,0,2,2,20,13,0,0,35,30,2.70,2.75,216,80,44,0,82,2,8,84,24,54,0,2,4,86,20,51,0,2,13,0,0,0,0,0,0,0,0,0,48,269,0,0,0,0,0,0,0,48,4,0,25,17,2,160,29,5,53,24,0,41,8,126,49,165,0,216,27,51,0,137,24,28,3,216,170,46,46,23,23,23,0,0,216,186,186,167,19,0,30,30,0,30,30,0,0,0,30,1,29,30,0,0,0,0,30,0,202,155,47,22,47,22,0,0,0,0,0,0,216,8,0,0,0,7,58,1,0,22,0,0,21,4,0,0,0,0,0,5,16,0,0,0,0,0,0,0,80,80,80
2022,Kinney County; Texas,1105,423,46,0,0,405,53,255,36,277,7,176,176,119,506,2.66,3.69,2936,1105,501,0,981,129,220,1775,802,670,104,0,199,1114,226,427,0,227,234,19,0,0,46,0,98,0,57,13,48,271,13,0,0,0,13,13,0,442,22,31,54,131,204,2536,217,173,622,1004,183,174,163,2146,337,2786,571,2938,1000,371,75,1809,568,758,357,3134,2897,237,209,84,125,60,65,28,3157,2848,2670,1947,723,178,309,309,110,199,487,178,0,178,309,100,209,309,0,0,0,0,309,0,3022,1889,1133,227,1133,227,0,0,0,0,0,0,3157,0,0,0,47,0,113,8,0,201,38,0,240,12,0,0,0,0,0,0,23,0,0,14,0,0,5,0,1105,845,736
2022,Kleberg County; Texas,11915,4445,1805,771,364,3040,112,2076,283,3659,1143,1398,596,3879,2700,2.44,3.06,29128,11915,4380,835,8100,2263,1635,12361,5680,4855,319,303,1204,12186,5271,4768,294,952,901,368,207,36,46,60,56,20,721,209,48,273,3,65,126,15,209,164,155,9708,297,408,3217,1190,4596,17217,1620,1413,5971,3364,896,2560,1393,14184,3953,23032,1995,30234,4303,7508,500,18868,2098,3858,1705,30650,26608,4042,4035,1487,2548,2067,481,7,30860,28976,28699,24982,3717,277,1884,1884,929,955,2161,277,23,254,1884,481,1403,1884,49,576,136,0,1102,21,28685,18015,10670,2372,9869,2167,187,115,475,41,139,49,30860,910,0,100,12,53,1607,74,43,1778,11,0,975,108,0,151,144,7,16,97,223,11,83,44,0,16,5,8,11915,10845,9734
2022,Knox County; Texas,1248,657,260,38,8,230,6,138,63,323,51,185,105,342,453,2.56,3.12,3200,1248,642,48,1141,107,14,1276,339,677,13,76,171,1393,356,741,16,178,102,104,32,89,138,0,234,128,33,16,48,275,0,11,4,1,16,11,13,835,31,79,372,218,135,2310,229,191,764,601,198,195,132,1890,327,2515,125,3203,635,818,157,1849,258,536,220,3292,2810,482,457,151,306,297,9,25,3333,3059,2989,2445,544,70,274,274,97,177,344,70,70,0,274,94,180,274,5,62,0,0,207,0,3176,2323,853,333,779,271,74,62,0,0,0,0,3333,353,11,51,0,31,234,33,0,357,0,0,269,19,0,22,10,0,0,41,41,0,0,5,4,70,14,3,1248,1102,1034
2022,Lamar County; Texas,20122,9418,3186,1049,500,3581,435,2427,1090,6074,1356,3176,2119,6411,7213,2.46,2.98,49406,20122,9178,1282,14799,3179,846,19278,5795,9968,343,850,2322,20930,5051,9887,244,2737,3011,703,250,42,65,15,143,7,1421,661,48,277,77,63,125,396,661,413,425,10916,620,839,4910,2563,1984,34191,1794,2469,11527,7921,3337,4736,2407,29928,7143,38201,2878,49645,9366,11948,664,28328,4520,9369,4182,49619,42284,7335,7248,4413,2835,1865,970,87,50149,47905,47100,37220,9880,805,2244,2244,1111,1133,3049,805,376,429,2244,722,1522,2244,43,338,263,0,1464,136,46934,42724,4210,1404,2660,813,875,303,348,115,327,173,50149,8519,63,51,63,371,3728,616,38,2831,3,0,3713,238,0,154,66,26,60,420,444,0,233,148,25,40,105,69,20122,18164,15410
2022,Lamb County; Texas,4632,2148,801,228,209,1091,239,740,188,1165,227,742,340,1707,1397,2.77,3.50,12826,4632,2128,252,4240,1354,220,4962,1737,2360,229,206,430,5110,1428,2355,119,759,449,120,64,42,43,33,83,14,391,202,48,279,21,0,15,166,202,76,128,3150,132,107,1738,810,363,8225,1061,859,3037,1585,624,804,255,6305,1059,9444,535,12820,2094,3574,95,7178,945,2068,1054,12852,11446,1406,1381,678,703,567,136,25,13024,11715,11653,10221,1432,62,1309,1309,265,1044,1371,62,8,54,1309,416,893,1309,0,14,19,0,1267,9,12129,7142,4987,1262,4937,1248,42,10,8,4,0,0,13024,814,0,16,0,51,477,64,0,899,0,0,551,128,0,9,20,2,0,53,99,0,19,33,19,0,16,72,4632,3904,3593
2022,Lampasas County; Texas,7934,4608,1714,457,112,1080,49,855,285,1789,371,887,540,2567,2967,2.72,3.22,21567,7934,4635,443,6164,1938,453,9089,2381,5304,224,327,853,8936,1722,4978,79,856,1301,230,66,33,53,3,130,15,543,231,48,281,89,10,28,104,231,96,221,4932,355,171,2190,1222,994,15447,679,822,4697,4381,1750,2183,935,13946,3118,17028,3327,21466,4924,4626,334,12483,2762,4357,1828,21634,19682,1952,1904,638,1266,978,288,48,21829,20690,19949,12647,7302,741,1139,1139,586,553,1880,741,128,613,1139,162,977,1139,454,155,0,0,476,54,20763,18541,2222,574,1599,473,480,24,143,77,0,0,21829,1239,21,90,17,91,2739,659,164,4131,90,2,2379,727,11,75,434,18,86,551,423,0,88,230,83,125,254,28,7934,7476,6869
2022,La Salle County; Texas,1688,1027,302,216,150,161,0,101,14,284,130,116,112,702,687,3.56,3.81,6004,1688,829,183,2598,540,166,3691,1726,1198,39,149,579,2133,837,883,20,211,182,6,0,0,5,0,15,0,176,83,48,283,0,3,29,51,83,49,51,1930,2,0,664,893,371,4483,622,1063,1955,497,103,144,99,2798,243,5416,347,6004,605,1549,96,3305,152,1150,357,6961,6093,868,711,341,370,311,59,157,6965,6541,6408,5757,651,133,424,424,12,412,557,133,133,0,424,202,222,424,0,0,9,0,415,0,6753,2574,4179,824,4152,804,0,0,6,6,21,14,6965,469,0,0,54,0,66,0,0,280,0,0,234,0,0,7,14,0,0,78,54,0,22,0,0,0,0,7,1688,1506,1239
2022,Lavaca County; Texas,8206,4396,1571,457,237,1361,76,1169,520,1992,321,1322,857,2448,3261,2.43,3.02,19929,8206,4449,418,5655,1075,126,8003,2097,4852,74,357,623,8412,1805,4402,40,1226,939,162,62,31,41,0,91,13,337,223,48,285,7,16,154,46,223,128,208,4463,312,412,1969,1261,509,14057,1145,918,5294,2911,1040,1940,809,11994,2749,15573,1167,19937,2877,4806,519,10671,862,4460,1496,20239,17731,2508,2484,1267,1217,1066,151,24,20379,19294,19241,17065,2176,53,1085,1085,287,798,1138,53,11,42,1085,109,976,1085,5,81,5,10,955,29,19204,16499,2705,750,2129,675,477,39,89,36,10,0,20379,748,6,5024,30,45,1230,295,50,6202,4,0,2332,117,0,57,212,0,27,495,90,8,9,38,27,8,135,0,8206,6926,6571
2022,Lee County; Texas,6313,3350,1151,521,445,1017,104,775,383,1425,245,828,478,2184,2367,2.71,3.16,17109,6313,3523,336,5288,1130,519,7271,2195,3811,117,270,878,7130,1603,3647,142,691,1047,321,165,83,93,5,148,60,297,53,48,287,38,0,2,13,53,25,40,3854,297,184,1628,1042,703,12387,776,897,4865,2882,912,1456,599,10714,2055,13780,1109,17152,2670,3598,192,10059,1312,3495,1166,17330,15723,1607,1597,629,968,893,75,10,17543,16322,16170,13742,2428,152,1221,1221,544,677,1373,152,0,152,1221,155,1066,1221,17,67,3,0,1134,0,16445,13550,2895,932,2593,893,235,10,67,29,0,0,17543,914,0,431,0,48,1196,394,0,4018,26,16,1570,264,66,134,305,14,0,196,224,0,101,142,0,0,142,0,6313,5632,5096
2022,Leon County; Texas,6397,3836,1262,228,33,805,40,707,411,1528,287,954,547,1824,2640,2.48,3.00,15839,6397,3794,268,4173,1036,171,6429,1331,4154,89,347,508,6688,1283,3954,88,681,682,129,19,13,41,45,63,21,500,185,48,289,38,6,42,99,185,109,146,3365,147,105,1682,1054,377,11219,712,1018,4351,2804,650,1180,504,9489,1684,12354,1083,15856,3563,3574,405,8551,1521,3731,1637,15806,14140,1666,1666,876,790,686,104,0,15928,15185,15050,12277,2773,135,743,743,155,588,878,135,41,94,743,118,625,743,71,11,0,0,661,0,15095,13310,1785,557,1676,555,101,0,3,2,5,0,15928,838,0,300,11,99,1652,400,2,1722,18,0,2481,289,70,48,49,0,50,54,412,3,83,159,142,0,97,14,6397,5897,4991
2022,Liberty County; Texas,28921,15626,6347,2008,1050,4533,282,3373,1026,6754,1241,3645,1781,10812,8643,3.02,3.63,87381,28921,15619,2000,30026,8606,2209,35388,11889,17653,859,980,4007,36326,9188,17844,1195,3309,4790,1435,536,47,63,34,110,24,3483,1632,48,291,268,240,428,696,1632,982,1272,22325,1087,1472,12025,5421,2320,58795,5635,7062,23131,12893,3865,4551,1658,46098,6209,67360,5085,87380,14115,26096,1168,49804,7465,11480,5482,92410,78010,14400,14258,3364,10894,9490,1404,142,93523,82607,81768,66358,15410,839,10916,10916,2575,8341,11755,839,314,525,10916,2342,8574,10916,130,399,69,0,10306,12,86674,62805,23869,9597,23121,9383,302,67,349,140,97,7,93523,4506,62,688,103,364,6852,3185,72,8489,92,48,7236,1259,61,161,541,43,54,1320,1135,0,538,350,17,0,148,118,28921,26698,25358
2022,Limestone County; Texas,8195,3713,1178,333,178,1597,180,1178,447,2552,538,1200,653,2661,3173,2.60,3.19,21294,8195,3682,362,5884,2660,511,9163,3369,4277,262,310,945,8931,2221,4148,159,1286,1117,381,270,119,90,55,147,49,792,306,48,293,34,93,87,92,306,212,209,4485,270,338,2044,1258,575,15524,1007,1385,5394,3749,1372,1865,752,13132,2617,17257,1634,21498,3602,4934,214,12339,1746,4225,1642,21920,19616,2304,2260,1123,1137,856,281,44,22222,20058,19883,16891,2992,175,2164,2164,748,1416,2339,175,30,145,2164,219,1945,2164,66,157,26,0,1915,0,20925,16883,4042,1364,3776,1158,75,52,167,130,24,24,22222,1143,5,56,39,142,1295,474,27,1803,79,6,1714,264,0,8,142,0,0,666,362,12,517,108,0,0,24,28,8195,6892,5724
2022,Lipscomb County; Texas,1135,629,260,59,40,150,15,99,40,297,121,140,82,474,344,2.63,3.02,2988,1135,626,53,958,147,69,1056,212,683,12,7,142,1265,303,657,22,124,159,59,39,106,82,0,179,8,64,27,48,295,26,0,0,1,27,11,25,772,29,50,368,228,97,1872,160,119,588,409,133,378,85,1593,463,2149,117,2988,457,889,60,1616,220,483,177,3003,2639,364,361,146,215,107,108,3,3038,2591,2530,1292,1238,61,447,447,123,324,508,61,15,46,447,80,367,447,0,6,0,0,441,0,2823,2021,802,369,767,344,4,0,6,0,25,25,3038,96,10,5,1,20,243,53,0,407,0,0,248,13,0,3,5,0,11,44,49,0,0,25,0,0,4,0,1135,1082,984
2022,Live Oak County; Texas,4153,2172,547,224,107,811,59,661,202,946,160,621,319,970,1521,2.38,3.00,9867,4153,2158,244,2715,506,91,5268,1751,2570,160,287,500,4186,1122,2166,81,483,334,173,69,60,86,134,123,0,272,161,48,297,17,57,11,76,161,68,122,2122,32,141,1010,643,296,8273,841,1191,2486,2237,396,630,492,6241,1122,9146,630,9921,1613,2228,102,5465,752,2228,759,11249,9809,1440,1430,280,1150,1111,39,10,11374,10522,10426,8695,1731,96,852,852,207,645,948,96,0,96,852,293,559,852,64,176,33,89,490,0,10737,7554,3183,701,2831,636,146,10,178,52,28,3,11374,618,28,370,0,83,1022,86,12,1915,0,0,962,56,15,19,115,0,0,173,114,0,26,95,12,0,22,0,4153,3435,2849
2022,Llano County; Texas,9612,5034,739,521,190,1478,94,1141,717,2579,315,1630,1274,1575,5476,2.23,2.70,21418,9612,5092,460,4380,1571,303,9065,1578,5773,188,453,1073,9698,1368,5148,111,1569,1502,54,0,0,18,0,37,2,372,144,48,299,46,18,12,68,144,105,58,3264,247,55,1816,884,262,17083,410,1037,4542,4433,1227,3794,1640,15636,5434,18177,2315,21430,4647,3449,234,10094,1678,7887,2735,21518,18874,2644,2582,695,1887,1746,141,62,21637,20764,20559,13679,6880,205,873,873,349,524,1078,205,10,195,873,318,555,873,105,40,0,2,645,81,20880,19123,1757,717,1563,694,164,7,30,16,0,0,21637,1969,61,63,47,172,3074,551,52,4550,33,16,3008,280,10,398,177,50,8,464,683,11,4,203,7,0,159,49,9612,9054,8335
2022,Loving County; Texas,40,21,8,0,0,14,0,14,14,5,0,5,5,8,32,2.40,3.67,96,40,23,0,33,0,0,39,5,20,13,0,1,29,0,24,0,5,0,8,0,-666666666,1000,-666666666,1000,-666666666,0,0,48,301,0,0,0,0,0,0,0,0,0,0,0,0,0,63,0,2,10,19,32,0,0,61,0,68,1,96,18,28,0,34,0,34,18,88,88,0,0,0,0,0,0,0,96,91,91,41,50,0,5,5,5,0,5,0,0,0,5,0,5,5,0,5,0,0,0,0,73,57,16,5,11,0,0,0,5,5,0,0,96,63,0,0,0,0,6,0,3,7,0,0,7,0,0,0,0,0,0,0,0,0,0,0,0,0,2,0,40,35,35
2022,Lubbock County; Texas,121685,51316,20912,9101,2872,25239,1426,16550,3254,36029,6710,19033,7704,36654,28897,2.45,3.11,298561,121685,51517,8889,81902,19689,14879,123000,52314,55264,1801,2589,11032,127323,46028,53810,2403,9305,15777,4372,1755,35,53,14,86,24,6319,3533,48,303,675,669,717,1472,3533,2210,2303,99440,4483,4505,32453,16276,41723,184975,9077,12492,46961,41766,14333,36968,23378,163406,60346,237485,13021,307126,39736,73363,3244,195180,21202,38583,15290,307776,239642,68134,66224,38131,28093,20998,7095,1910,311509,292144,289172,230831,58341,2972,19365,19365,7669,11696,22337,2972,986,1986,19365,8412,10953,19365,1067,5666,2103,137,9686,706,291818,232091,59727,13980,50314,11068,2789,821,4383,1488,2241,603,311509,15887,1049,990,584,1454,26622,3534,382,26270,225,182,20635,3900,94,1639,1371,246,484,2892,5576,80,3111,1648,550,270,2047,749,121685,115697,104581
2022,Lynn County; Texas,2053,1142,466,94,43,354,2,295,135,463,117,243,177,717,684,2.71,3.30,5555,2053,1137,98,1671,464,132,2248,673,1274,50,95,156,2107,511,1121,77,226,172,87,22,39,74,17,166,15,121,53,48,305,3,19,0,31,53,23,35,1462,69,146,648,391,208,3668,296,386,1054,739,292,630,271,2986,901,4080,244,5565,1096,1532,81,3148,524,885,491,5485,4758,727,716,155,561,482,79,11,5619,5423,5373,4712,661,50,196,196,90,106,246,50,25,25,196,34,162,196,3,13,12,10,158,0,5251,3941,1310,384,1251,361,41,16,11,7,7,0,5619,209,0,35,0,50,426,34,0,511,3,0,407,34,0,44,37,0,2,14,81,0,29,6,0,0,20,21,2053,1816,1705
2022,McCulloch County; Texas,3186,1403,435,149,93,665,11,460,200,969,113,599,321,816,1256,2.35,2.98,7499,3186,1399,144,1990,524,256,3067,843,1574,64,129,457,3114,813,1353,71,516,361,86,42,51,59,0,135,8,155,60,48,307,43,3,4,10,60,24,60,1536,29,106,754,430,217,5385,527,556,1695,1314,294,685,314,4302,999,5950,575,7511,1574,1688,148,4183,779,1640,647,7493,6194,1299,1299,856,443,384,59,0,7638,7221,7035,5998,1037,186,417,417,77,340,603,186,0,186,417,0,417,417,29,20,0,0,368,0,7225,5377,1848,435,1788,432,52,3,8,0,0,0,7638,453,0,22,0,31,495,212,10,1359,0,0,685,20,0,145,64,0,62,73,175,13,6,89,11,0,54,5,3186,2992,2774
2022,McLennan County; Texas,94985,43679,17018,5934,2107,16465,1258,10303,3084,28907,6160,15090,6453,30636,27019,2.65,3.22,251359,94985,43548,5989,76207,18024,12606,101332,40624,47973,1495,2806,8434,107508,37216,46493,2318,8683,12798,3316,1175,29,51,14,88,20,6063,3138,48,309,569,478,656,1435,3138,2012,2078,77715,4385,2968,28581,14406,27375,159035,8155,12638,42852,36275,16269,26129,16717,138242,42846,198008,14627,256998,34318,62578,3443,157269,16275,37151,14600,258118,212526,45592,44192,25941,18251,11148,7103,1400,261090,238808,235703,181495,54208,3105,22282,22282,5881,16401,25387,3105,718,2387,22282,5841,16441,22282,1366,2739,709,169,17044,255,244156,196826,47330,24824,41904,22941,2472,564,2492,1041,462,278,261090,9766,266,6106,632,1763,22525,4247,526,35243,313,219,23836,4820,43,1825,2097,124,342,2949,4710,107,2505,1304,145,176,1394,421,94985,88473,81108
2022,McMullen County; Texas,202,117,40,1,0,18,6,10,4,66,15,36,28,72,92,3.32,3.99,670,202,139,1,226,99,3,229,58,161,0,2,8,238,36,129,15,36,22,16,11,256,138,-666666666,271,0,4,0,48,311,0,0,0,0,0,0,0,184,0,16,115,27,26,432,20,28,195,88,33,51,17,384,68,459,23,670,108,211,0,331,64,128,44,655,635,20,20,0,20,20,0,0,670,639,638,599,39,1,31,31,3,28,32,1,0,1,31,0,31,31,3,0,0,0,28,0,620,516,104,19,104,19,0,0,0,0,0,0,670,41,0,0,0,0,52,9,0,86,0,0,126,0,0,0,2,0,0,0,21,0,0,10,0,0,0,0,202,180,154
2022,Madison County; Texas,4081,1984,789,223,147,786,15,651,202,1088,242,603,293,1351,1340,2.78,3.46,11340,4081,2031,169,3811,942,306,6504,3046,2493,122,96,747,4593,1045,2262,122,600,564,92,37,29,37,0,71,15,218,145,48,313,51,15,12,67,145,94,66,3025,216,134,1273,789,613,9295,458,1502,3489,1989,552,947,358,7335,1305,10618,817,11366,1881,2938,107,6494,956,1934,818,13419,11679,1740,1723,313,1410,1331,79,17,13556,12276,12114,10430,1684,162,1280,1280,299,981,1442,162,81,81,1280,478,802,1280,0,104,0,0,1164,12,12750,10302,2448,944,2323,919,98,17,27,8,0,0,13556,733,0,196,20,60,1233,227,2,1676,34,79,1240,183,0,8,69,0,17,231,156,0,33,31,0,0,19,10,4081,3700,3229
2022,Marion County; Texas,4014,1686,367,119,41,884,24,728,328,1325,173,802,507,809,1886,2.38,3.21,9565,4014,1662,152,2547,983,207,4090,1273,1847,23,238,709,4163,964,1866,61,702,570,72,20,22,44,0,97,9,279,153,48,315,12,39,30,72,153,119,101,1515,44,127,848,344,152,7233,263,696,2927,1564,607,977,199,6274,1176,8007,905,9565,2131,1661,265,5319,897,2585,969,9620,8592,1028,992,299,693,646,47,36,9668,9387,9287,6239,3048,100,281,281,161,120,381,100,0,100,281,19,262,281,65,44,0,0,168,4,9326,8993,333,160,237,145,39,0,57,15,0,0,9668,3052,15,38,13,280,1014,111,0,651,0,0,764,70,0,70,49,11,11,107,177,0,90,30,5,12,60,14,4014,3455,3060
2022,Martin County; Texas,1912,1245,663,4,0,297,34,222,40,366,96,195,96,851,382,2.70,3.18,5170,1912,1261,3,1802,137,55,2080,515,1305,8,43,209,1861,249,1247,2,205,158,105,0,0,94,0,200,0,73,51,48,317,0,0,17,34,51,51,17,1347,39,90,706,323,189,3019,299,178,1215,754,63,294,216,2542,510,3686,84,5170,572,1542,14,3107,283,521,275,5172,4423,749,749,350,399,296,103,0,5228,4715,4715,4070,645,0,513,513,194,319,513,0,0,0,513,46,467,513,0,15,0,0,498,0,4895,3179,1716,559,1529,532,187,27,0,0,0,0,5228,307,0,8,0,6,451,144,0,254,0,0,318,29,0,0,0,0,13,2,39,0,0,0,8,0,6,0,1912,1760,1437
2022,Mason County; Texas,1519,1002,332,0,0,230,0,194,97,287,39,208,133,371,743,2.60,3.18,3950,1519,1005,0,1192,234,0,1533,355,1032,13,54,79,1666,274,1037,0,189,166,0,0,0,0,0,0,0,0,0,48,319,0,0,0,0,0,0,0,854,96,33,373,251,101,2769,184,234,595,575,129,722,330,2351,1052,3075,227,3950,746,884,13,1831,184,1235,549,3959,3398,561,560,66,494,447,47,1,3959,3852,3840,3249,591,12,107,107,32,75,119,12,0,12,107,5,102,107,0,13,0,0,94,0,3619,2976,643,283,522,259,117,24,4,0,0,0,3959,264,0,11,3,0,446,113,0,1627,0,0,699,0,0,0,11,0,0,17,101,0,0,10,32,5,16,14,1519,1389,1358
2022,Matagorda County; Texas,14073,6942,2235,530,251,2896,317,2245,671,3705,842,1936,888,4431,4458,2.55,3.17,35897,14073,7033,454,11456,2480,401,14212,4796,7463,193,516,1244,14068,3409,7834,181,1059,1585,371,182,50,49,51,75,24,940,425,48,321,43,23,64,295,425,223,343,9017,263,617,4460,2028,1649,23788,2366,2040,6760,5709,1953,3322,1638,19382,4960,26806,2371,35834,6245,9363,715,20351,2874,6120,2656,35922,32045,3877,3647,1765,1882,1502,380,230,36251,32282,31699,26796,4903,583,3969,3969,1468,2501,4552,583,236,347,3969,1481,2488,3969,294,425,145,0,3105,0,33585,23901,9684,3126,8933,2604,214,29,512,493,25,0,36251,1260,24,1518,130,122,2324,848,60,3595,71,0,2185,527,0,53,170,0,0,359,494,0,162,216,0,8,66,0,14073,12629,10573
2022,Maverick County; Texas,17901,9480,4557,511,258,2613,453,1373,538,5297,2054,1929,1119,8550,5422,3.21,3.71,57500,17901,9527,461,23471,5581,559,21221,6691,11742,513,807,1468,21665,6479,10048,1098,2368,1672,1063,288,40,77,0,165,14,2250,656,48,323,50,218,73,315,656,290,593,16559,639,1085,8009,4397,2429,33187,6555,5185,8773,5465,1958,3846,1405,21447,5251,39859,672,57520,6957,17927,506,32841,3573,6752,2878,56915,51065,5850,5554,3188,2366,2289,77,296,57806,40582,39312,35467,3845,1270,17224,17224,8027,9197,18494,1270,340,930,17224,3606,13618,17224,10,76,0,0,17138,0,52723,5957,46766,19232,45940,19008,40,0,36,23,750,201,57806,750,92,0,0,0,155,145,0,368,0,0,271,188,0,0,16,0,26,12,113,0,15,0,0,0,0,0,17901,15332,13234
2022,Medina County; Texas,17296,10577,4127,636,376,2680,325,1558,788,3403,663,1915,1356,5994,6377,2.84,3.28,49094,17296,10555,654,15961,3540,1088,21883,6844,12056,330,766,1887,20003,4891,11111,671,1716,1614,790,192,37,73,35,149,20,1153,229,48,325,27,64,53,85,229,119,200,12362,718,552,5339,3465,2288,34739,1956,2900,11342,7715,3120,4622,3084,29883,7706,39642,4462,49122,9206,11680,1172,28971,4380,8471,3654,50888,44119,6769,6670,3315,3355,2944,411,99,51432,48473,47463,37475,9988,1010,2959,2959,1393,1566,3969,1010,169,841,2959,334,2625,2959,143,209,0,11,2575,21,48542,36197,12345,3677,11935,3489,313,108,26,11,71,69,51432,2613,4,228,12,215,3938,1645,83,7756,0,8,3483,459,59,432,556,60,116,579,716,0,91,240,28,30,157,20,17296,15673,14719
2022,Menard County; Texas,905,323,32,30,24,231,0,198,55,321,27,281,164,126,474,2.12,3.17,1917,905,352,24,464,96,76,848,263,419,0,45,121,841,91,363,11,177,199,0,0,0,0,0,0,0,56,12,48,327,0,12,0,0,12,0,0,362,12,13,186,136,15,1525,135,202,394,306,124,228,136,1188,364,1591,202,1917,555,373,8,885,193,659,354,1964,1810,154,150,74,76,76,0,4,1964,1889,1889,1704,185,0,75,75,44,31,75,0,0,0,75,4,71,75,15,0,0,0,48,12,1888,1428,460,131,460,131,0,0,0,0,0,0,1964,5,0,9,0,9,275,33,0,394,0,0,228,0,0,0,0,0,0,59,30,0,0,31,0,12,0,0,905,791,670
2022,Midland County; Texas,65265,32930,17527,4488,2384,12372,762,9241,1821,15475,3672,8822,3581,26581,13544,2.57,3.17,167532,65265,33037,4387,53551,8788,2504,65053,20685,36406,907,1261,5794,62611,16129,32939,1484,4737,7322,3694,1019,54,90,18,141,54,4416,1401,48,329,249,270,84,798,1401,887,1108,45569,2780,3117,21152,9856,8664,105464,7914,8544,24457,25069,8424,21716,9340,89006,31056,120095,6759,167933,18174,48901,1343,101934,9466,17098,7365,167141,138150,28991,27933,13841,14092,10100,3992,1058,169393,146290,144660,110166,34494,1630,23103,23103,9858,13245,24733,1630,931,699,23103,7558,15545,23103,545,3159,1549,32,17039,779,155093,102988,52105,16584,47188,14884,1004,161,2343,1120,1570,419,169393,8010,1290,703,193,458,12049,2398,239,10965,256,51,9235,1709,0,560,750,69,136,1419,2122,68,2715,775,53,139,281,425,65265,62526,57622
2022,Milam County; Texas,9767,4874,1801,501,130,2070,155,1559,620,2322,309,1286,628,2707,3555,2.52,3.16,24570,9767,4871,494,7427,1736,275,10036,3273,5142,99,491,1031,10248,2321,5294,214,941,1478,274,46,17,53,0,126,9,601,249,48,331,15,76,16,142,249,199,153,5831,297,351,2661,1337,1185,17084,1181,1245,6665,3608,1269,2148,968,14658,3116,19189,1381,24560,3892,5814,290,13794,1739,4952,1863,24846,22196,2650,2621,939,1682,1222,460,29,25080,23729,23402,19359,4043,327,1351,1351,549,802,1678,327,99,228,1351,176,1175,1351,63,89,9,0,1190,0,23682,19648,4034,1729,3867,1696,64,7,89,26,14,0,25080,1719,6,816,11,82,2366,414,72,4012,6,22,1873,298,62,255,198,0,24,215,366,0,270,131,44,11,24,10,9767,8946,7843
2022,Mills County; Texas,1833,1027,331,15,4,368,80,250,143,423,84,279,193,542,824,2.36,2.86,4333,1833,1025,16,1032,336,91,1947,437,1079,38,58,335,1927,329,1134,49,236,179,49,23,74,60,0,194,29,72,51,48,333,22,0,0,29,51,24,49,910,8,34,430,370,68,3395,182,229,1065,731,222,629,337,2984,966,3654,292,4339,700,799,2,2366,223,1174,475,4433,4054,379,379,185,194,166,28,0,4501,4247,4222,3570,652,25,254,254,141,113,279,25,2,23,254,57,197,254,4,6,13,0,231,0,4405,3689,716,102,683,100,28,0,5,2,0,0,4501,268,0,135,0,29,536,25,0,649,2,0,386,40,0,0,17,0,0,57,147,0,17,38,0,0,30,14,1833,1613,1534
2022,Mitchell County; Texas,2411,1099,337,54,11,475,2,412,141,783,175,470,196,631,796,3.09,4.08,7450,2411,1110,36,2420,741,732,4276,1733,1552,65,65,861,3299,1420,1029,4,437,409,319,314,187,157,0,241,0,161,33,48,335,0,15,2,16,33,17,10,1665,76,41,662,523,363,5459,382,502,2237,1507,307,392,132,4575,524,7297,225,7455,1098,1650,15,4634,489,1171,594,8800,7568,1232,1232,351,881,862,19,0,8947,8709,8698,7353,1345,11,238,238,115,123,249,11,0,11,238,63,175,238,0,10,0,0,228,0,8390,6715,1675,462,1633,456,23,0,6,6,13,0,8947,532,0,42,14,69,576,92,0,1190,2,0,553,11,0,30,54,0,0,95,44,0,6,3,0,0,132,21,2411,2233,1858
2022,Montague County; Texas,7907,4400,1439,433,152,1100,87,865,445,1974,348,1116,679,2201,3013,2.51,3.02,19835,7907,4389,429,5757,807,546,7999,1944,4654,145,341,915,8372,1620,4596,65,1054,1037,193,15,8,50,0,108,5,289,162,48,337,28,0,48,86,162,91,133,4453,230,216,2410,1063,534,14199,661,1044,5474,3492,1154,1823,551,12494,2374,15612,1756,19901,3949,4579,152,11143,1926,4179,1871,20007,17555,2452,2432,939,1493,1330,163,20,20197,19579,19487,15021,4466,92,618,618,108,510,710,92,0,92,618,104,514,618,34,0,0,35,543,6,19145,17627,1518,457,1446,435,72,22,0,0,0,0,20197,2030,10,22,5,181,2165,267,31,2213,0,4,1858,550,0,45,166,3,0,314,218,4,0,67,8,0,49,12,7907,7194,6251
2022,Montgomery County; Texas,224474,137878,61381,12431,4725,29262,2744,20259,4855,44903,8497,25981,11959,84171,59984,2.79,3.25,627117,224474,137129,13172,204639,35344,12359,245877,71969,147887,2608,4719,18694,249944,59561,142852,4125,17089,26317,9068,1951,29,61,6,113,34,13110,4627,48,339,458,1198,862,2109,4627,2752,3180,163362,7975,8640,74303,41865,30579,412475,17842,24198,94566,88477,31714,102960,52718,370435,155678,466158,33437,627117,63239,163191,7351,380449,30336,83477,25552,622620,543977,78643,74653,34415,40238,28470,11768,3990,629989,540907,528526,341617,186909,12381,89082,89082,35124,53958,101463,12381,3574,8807,89082,28164,60918,89082,8323,15206,3253,438,59109,2753,589724,452208,137516,44707,111361,38821,12463,2279,10575,3103,3117,504,629989,35018,2283,3987,1269,5671,76435,24859,1640,82075,1400,1471,55393,20330,828,4077,10934,2214,2911,8555,11797,357,4598,5561,1070,1130,4255,1220,224474,218906,209075
2022,Moore County; Texas,6989,3714,1898,243,190,1352,78,883,213,1680,561,832,504,3107,1842,3.02,3.58,21121,6989,3691,278,7998,1516,649,8085,2882,4408,105,341,349,7507,2026,3912,240,565,764,341,149,60,71,0,132,32,568,272,48,341,0,92,17,163,272,166,212,5540,280,184,3087,1258,731,12547,2685,1338,3905,2191,942,994,492,8524,1486,14612,615,21137,2308,6672,214,12149,1130,2316,964,20994,18786,2208,2117,1450,667,528,139,91,21284,15571,15364,11857,3507,207,5713,5713,1316,4397,5920,207,48,159,5713,2185,3528,5713,38,543,552,0,4556,24,19366,9268,10098,4647,8786,3918,62,27,630,323,620,379,21284,390,73,55,17,100,961,254,6,1208,0,0,447,173,13,41,14,14,0,125,87,0,618,28,0,10,58,11,6989,6629,5870
2022,Morris County; Texas,4879,2349,906,202,46,891,148,623,237,1437,215,833,465,1549,1877,2.43,2.99,11839,4879,2293,254,3204,878,331,4636,1192,2564,61,215,604,5124,1303,2317,117,683,704,118,52,36,46,36,100,11,285,101,48,343,0,18,18,65,101,58,64,2778,125,218,1360,672,403,8137,360,650,3228,2230,567,640,462,7127,1102,9236,973,11839,2445,2757,168,6604,1000,2478,1277,11881,11040,841,830,280,550,509,41,11,11993,11366,11214,8723,2491,152,627,627,170,457,779,152,67,85,627,149,478,627,32,65,142,0,383,5,11442,10189,1253,360,960,242,54,14,97,50,142,54,11993,4363,0,3,0,61,781,93,27,522,19,0,728,122,0,28,41,0,28,36,73,0,27,27,4,0,28,20,4879,4531,4105
2022,Motley County; Texas,460,253,40,36,0,82,10,57,30,89,17,52,38,90,242,2.66,3.32,1223,460,261,32,292,178,0,537,140,280,4,19,94,509,74,326,1,71,37,30,0,0,151,0,139,188,64,27,48,345,0,23,0,4,27,10,17,162,11,0,79,61,11,921,41,88,287,251,66,140,48,792,188,1008,140,1223,282,215,7,625,129,383,146,1200,1111,89,89,12,77,77,0,0,1223,1210,1210,983,227,0,13,13,13,0,13,0,0,0,13,0,13,13,0,0,0,0,13,0,1147,1042,105,28,105,28,0,0,0,0,0,0,1223,77,0,2,3,18,116,97,0,186,0,0,194,25,0,0,0,0,0,0,54,0,0,17,0,0,0,0,460,405,353
2022,Nacogdoches County; Texas,24893,10875,4251,1446,481,5171,387,3293,864,7401,1926,3728,1699,8077,7070,2.39,2.97,59571,24893,10812,1508,16496,3373,2489,24851,9626,11705,506,697,2317,27376,10419,11348,618,2347,2644,1099,498,46,65,2,119,31,1427,874,48,347,136,243,123,372,874,575,469,21992,701,816,7143,3320,10012,37715,2778,2817,11068,9254,2234,6015,3549,32120,9564,49777,3217,63964,10627,14977,1495,39466,5777,9521,3355,63695,50983,12712,12590,7164,5426,4610,816,122,64768,59712,59200,49151,10049,512,5056,5056,1699,3357,5568,512,51,461,5056,701,4355,5056,137,485,19,0,4415,0,60831,51029,9802,4054,9104,3887,245,76,425,91,28,0,64768,5708,37,225,109,385,6383,877,135,4704,134,40,5441,944,30,291,247,91,90,589,888,14,435,212,196,0,233,15,24893,22773,20950
2022,Navarro County; Texas,18058,9436,3468,791,357,2950,283,1907,557,4881,1054,2581,1458,6037,6122,2.87,3.47,51737,18058,9414,846,17032,5302,1085,20902,6964,10644,453,735,2106,20820,5348,10515,631,2194,2132,652,289,50,57,0,108,31,1470,580,48,349,52,106,125,297,580,375,381,13274,906,708,6300,2992,2368,33975,3376,3271,10279,8295,2977,3882,1895,27328,5777,39281,2812,52024,9070,13395,928,30208,4617,8421,3525,51956,44678,7278,7138,4237,2901,2089,812,140,52834,45871,45460,38039,7421,411,6963,6963,2301,4662,7374,411,97,314,6963,1001,5962,6963,112,349,41,672,5773,16,49387,36871,12516,4940,11522,4449,135,27,800,464,59,0,52834,2870,46,222,47,223,3219,838,29,3176,45,103,3898,367,0,116,274,0,13,397,587,12,82,110,4,19,200,43,18058,16119,14643
2022,Newton County; Texas,4787,2443,788,278,114,840,91,612,261,1226,215,657,412,1410,1881,2.54,3.06,12170,4787,2499,222,3491,999,172,4997,1211,2817,157,291,521,5140,1005,2589,206,638,702,230,116,99,93,14,201,40,249,88,48,351,14,8,9,57,88,62,55,2261,122,162,1254,587,136,8735,396,1183,3996,1982,585,424,169,7156,593,9673,720,12181,1879,2658,39,6843,866,2680,974,12168,10949,1219,1205,537,668,522,146,14,12333,12207,12159,9684,2475,48,126,126,92,34,174,48,0,48,126,1,125,126,27,50,12,20,17,0,11756,11563,193,37,24,11,139,0,30,26,0,0,12333,6573,5,2,0,36,627,215,32,345,16,0,456,193,0,4,92,24,0,28,88,0,0,15,27,0,33,2,4787,4399,4222
2022,Nolan County; Texas,5670,2465,940,297,141,1185,82,938,371,1723,402,968,504,1855,1971,2.53,3.23,14362,5670,2505,263,4417,1034,473,5938,2058,2683,92,314,791,5584,1193,2538,277,818,758,189,73,51,67,71,127,3,421,228,48,353,15,46,78,89,228,134,152,3442,223,164,1643,959,453,9530,653,884,3293,2419,951,872,458,7993,1330,10859,732,14480,2841,3798,378,7974,1371,2708,1092,14443,12099,2344,2291,1331,960,709,251,53,14657,13837,13768,11627,2141,69,820,820,350,470,889,69,0,69,820,317,503,820,8,33,0,0,779,0,13636,10256,3380,842,3269,801,89,29,22,12,0,0,14657,1261,14,0,0,16,1318,181,24,1317,0,3,953,184,0,27,0,0,0,94,164,10,52,13,2,10,65,1,5670,5089,4365
2022,Nueces County; Texas,130122,58939,23339,6766,2647,25884,1689,16699,4504,38533,9209,17494,8227,43253,38079,2.65,3.23,344614,130122,58978,6802,105564,32429,10719,140040,53848,65057,2562,3443,15130,142992,43896,63076,4081,13166,18773,4637,1917,40,55,12,88,36,9450,3707,48,355,504,716,732,1755,3707,2503,2444,85262,5117,5350,36190,18787,19818,231734,15272,20665,67626,55036,21017,33323,18795,195797,52118,265901,22914,347381,45511,85145,3721,210525,22402,51711,19388,349337,296502,52835,52077,35575,16502,11030,5472,758,353245,321864,318230,264908,53322,3634,31381,31381,12364,19017,35015,3634,1124,2510,31381,7979,23402,31381,1689,5845,389,75,22866,517,331095,218451,112644,24121,104660,21996,2631,434,4696,1537,657,154,353245,9172,670,1719,399,1681,14714,3264,435,24840,379,395,15840,3919,119,1113,2891,495,790,1875,4105,104,3264,1183,299,198,1176,535,130122,120705,112006
2022,Ochiltree County; Texas,3684,1725,767,261,116,747,168,452,125,951,324,435,176,1564,853,2.67,3.14,9850,3684,1688,288,3109,834,247,3757,1005,2172,44,127,409,3719,1050,1886,71,284,428,204,91,87,87,92,150,12,99,11,48,357,11,0,0,0,11,11,0,2769,379,121,1205,626,438,6078,752,688,2039,1152,319,747,381,4638,1128,6919,348,9850,1406,3005,222,5825,707,1020,477,9772,8610,1162,1073,607,466,214,252,89,9924,6835,6806,4530,2276,29,3089,3089,737,2352,3118,29,11,18,3089,982,2107,3089,8,57,0,0,3024,0,9168,4597,4571,2139,4530,2136,38,0,0,0,3,3,9924,391,0,12,0,31,733,121,9,756,0,0,497,38,0,46,15,0,23,46,93,0,0,6,12,0,58,0,3684,3493,3223
2022,Oldham County; Texas,631,419,223,38,18,78,2,67,36,96,11,62,31,261,178,2.87,3.27,1814,631,386,57,635,82,23,1056,441,481,10,7,117,725,185,390,4,58,88,28,15,71,64,0,80,71,14,2,48,359,2,0,0,0,2,1,2,698,35,24,212,375,52,1302,122,93,351,285,140,224,87,1087,311,1448,88,1852,197,435,0,1143,70,274,127,2139,1681,458,445,107,338,186,152,13,2171,2015,1989,1393,596,26,156,156,58,98,182,26,9,17,156,84,72,156,19,16,5,0,116,0,2045,1735,310,134,278,130,18,0,14,4,0,0,2171,110,0,31,0,1,232,19,0,322,0,0,290,5,2,16,6,2,0,21,36,0,24,1,10,5,4,10,631,580,552
2022,Orange County; Texas,31274,16977,6757,1692,711,5016,305,3783,985,7589,1554,3826,1963,10553,9050,2.69,3.20,84020,31274,16869,1786,26421,5684,1986,33248,10065,17979,509,861,3834,34050,7852,17620,609,3119,4850,1261,441,46,66,9,139,18,1973,822,48,361,67,138,124,493,822,577,645,19425,1162,1297,9002,4644,3320,56679,1407,4649,20272,14032,6591,7267,2461,50623,9728,63511,4543,84069,14072,21202,1312,49835,6821,13032,5939,83698,73083,10615,10498,6244,4254,2623,1631,117,84761,81972,81464,62891,18573,508,2789,2789,1196,1593,3297,508,197,311,2789,912,1877,2789,125,796,11,0,1832,25,79222,73155,6067,2399,4282,1737,1266,436,447,223,72,3,84761,4785,115,215,28,920,7268,10491,2173,9953,21,88,8383,2173,75,284,462,241,12,556,1092,76,495,167,23,134,713,191,31274,29486,28318
2022,Palo Pinto County; Texas,10640,5391,1570,949,430,1674,60,1211,442,2626,423,1543,787,2854,3845,2.66,3.16,28282,10640,5260,1069,8018,2395,900,11140,3037,5824,259,513,1507,11857,2739,5713,262,1120,2023,337,197,56,55,0,124,12,644,189,48,363,2,34,84,69,189,88,156,6107,523,514,2794,1389,887,19471,988,1445,7631,4388,1502,2326,1191,17038,3517,21928,1869,28299,4683,6641,522,16181,2112,5477,2049,28323,24698,3625,3568,1816,1752,1457,295,57,28569,27119,26758,21373,5385,361,1450,1450,548,902,1811,361,87,274,1450,141,1309,1450,111,176,0,0,1151,12,26879,23543,3336,969,3063,918,161,51,112,0,0,0,28569,2783,0,88,10,122,3520,818,37,2803,0,42,3114,413,3,191,143,132,6,346,408,0,24,125,16,0,107,42,10640,9979,9016
2022,Panola County; Texas,8062,4184,1638,606,323,1291,45,1114,450,1981,395,1256,853,2704,3138,2.74,3.46,22090,8062,4331,469,6785,2137,306,9046,2785,4712,151,389,1009,9254,2073,4688,104,1366,1023,350,151,61,73,8,165,12,427,182,48,365,34,22,62,64,182,130,146,4974,259,380,2304,1194,837,15292,692,1798,4455,4468,1409,1796,674,12802,2470,17294,1547,22289,3738,5216,523,12644,1562,4429,1653,22254,20119,2135,2130,1048,1082,794,288,5,22540,21727,21713,15221,6492,14,813,813,280,533,827,14,0,14,813,204,609,813,23,62,0,0,728,0,21249,19423,1826,538,1550,499,82,0,189,39,5,0,22540,3964,0,50,0,85,2195,1026,19,2517,4,0,2855,510,0,99,49,15,0,298,146,0,33,36,11,0,143,0,8062,6972,6595
2022,Parker County; Texas,52622,34032,14142,2198,1075,6632,306,4950,1610,9760,1484,5708,3097,18817,15855,2.84,3.24,149446,52622,34110,2126,46673,9918,3997,59831,14888,37117,650,1288,5888,60688,12740,36043,501,4763,6641,2026,533,36,59,9,119,27,3556,1049,48,367,255,82,208,504,1049,685,717,36041,2048,1796,17372,8113,6712,102048,3516,6407,27449,22971,10192,20626,10887,92125,31513,113638,11008,149659,18438,37233,2026,89251,8983,23175,7429,149698,132086,17612,17343,6119,11224,8297,2927,269,151188,144175,142410,99481,42929,1765,7013,7013,2886,4127,8778,1765,290,1475,7013,1720,5293,7013,1140,886,65,83,4476,363,142139,129704,12435,4348,10670,3914,843,211,852,184,70,39,151188,15325,598,873,524,1060,25067,3073,441,20810,177,223,16651,3224,27,1259,1996,65,511,2175,3580,53,210,1108,435,82,653,175,52622,50900,47774
2022,Parmer County; Texas,3203,2104,705,72,52,523,57,335,103,504,146,238,137,1157,1014,3.04,3.41,9731,3203,2078,93,3287,771,299,3992,1149,2212,75,100,456,3605,817,2298,64,239,187,63,0,0,31,0,76,0,307,52,48,369,19,7,6,20,52,41,39,2367,106,87,1215,667,292,6233,1186,618,1555,1153,571,856,294,4429,1150,7083,311,9717,1127,2712,71,5550,470,1455,586,9757,8810,947,860,494,366,207,159,87,9809,7417,7372,4852,2520,45,2392,2392,634,1758,2437,45,10,35,2392,540,1852,2392,13,0,0,0,2379,0,9083,4260,4823,1762,4747,1739,75,23,0,0,1,0,9809,463,29,12,0,45,304,13,0,446,0,0,381,79,0,3,3,0,8,97,196,0,0,2,3,0,26,55,3203,2967,2728
2022,Pecos County; Texas,5070,2210,867,161,72,1005,38,646,333,1694,381,660,341,1712,1560,2.53,3.06,12815,5070,2195,167,3408,1585,390,6935,2431,2827,201,183,1293,5051,1482,2142,122,534,771,136,0,0,47,0,107,0,437,110,48,371,0,0,37,73,110,74,65,3518,249,376,1662,825,406,10286,1060,1418,3770,2323,535,714,466,7808,1180,11376,626,12863,1091,3711,15,7159,460,1993,616,14937,13500,1437,1378,268,1110,1048,62,59,15114,13281,12991,11172,1819,290,1833,1833,945,888,2123,290,122,168,1833,461,1372,1833,35,164,34,6,1594,0,14101,6896,7205,1319,6949,1222,76,16,146,81,34,0,15114,317,0,19,0,54,466,63,0,422,0,0,402,180,0,75,15,0,0,70,93,0,34,0,0,40,0,20,5070,4412,3781
2022,Polk County; Texas,18084,9039,2860,1282,421,3220,146,2328,1156,4543,1041,2339,1294,5451,6790,2.59,3.10,46838,18084,9003,1322,13085,4282,1062,22893,7028,10539,679,1010,3637,19212,4115,9669,350,2227,2851,484,207,43,53,0,130,4,1261,522,48,373,23,44,78,377,522,297,388,9396,704,418,4557,2201,1516,36530,2487,4319,13608,9016,2283,3197,1620,29724,4817,40372,4341,46887,11327,10150,1140,27681,6000,9056,4187,50256,40503,9753,9723,3796,5927,5121,806,30,50536,48177,47772,36942,10830,405,2359,2359,1124,1235,2764,405,80,325,2359,290,2069,2359,86,165,29,0,1934,145,47988,41485,6503,1796,5843,1613,114,24,267,126,279,33,50536,5959,175,312,118,586,4043,983,178,4934,56,91,4982,909,0,465,406,60,39,626,503,0,179,283,41,28,491,48,18084,16719,14822
2022,Potter County; Texas,42824,17284,7733,2542,1355,10149,896,7177,1984,12849,2748,6801,3276,14845,11628,2.59,3.37,111047,42824,17349,2447,35593,10435,2399,47244,17697,19921,1253,2106,6267,44153,13198,19582,1438,3946,5989,1551,645,45,58,4,107,26,3772,2095,48,375,279,455,579,782,2095,1337,1600,30666,2154,1671,14229,6682,5930,75078,8391,8750,23200,16262,5736,8904,3835,57937,12739,86004,6230,111263,14717,31726,980,64709,7607,14828,6130,116660,101540,15120,14816,7294,7522,6130,1392,304,117905,99993,98293,75281,23012,1700,17912,17912,5835,12077,19612,1700,720,980,17912,4751,13161,17912,244,3968,2161,0,11307,232,109629,74828,34801,12075,26996,8393,417,169,5129,2645,2259,868,117905,5574,151,142,17,1002,8116,1368,183,8673,48,112,7621,1387,13,702,750,14,98,811,1761,0,3801,354,175,13,247,264,42824,39480,35608
2022,Presidio County; Texas,2275,881,222,104,0,508,0,508,272,782,100,682,560,369,1134,2.71,4.88,6163,2275,938,77,2050,823,0,2099,458,1359,81,146,55,2590,829,1156,21,359,225,199,132,169,164,0,244,168,251,0,48,377,0,0,0,0,0,0,0,1398,26,133,754,337,148,3794,1200,256,669,547,317,568,237,2338,805,4326,68,6167,937,1842,41,2920,317,1405,579,5764,5623,141,87,0,87,87,0,54,6168,3953,3807,2823,984,146,2215,2215,691,1524,2361,146,43,103,2215,417,1798,2215,0,2,0,0,2213,0,5663,1458,4205,2274,4203,2273,0,0,2,1,0,0,6168,22,0,55,0,59,319,94,21,152,72,0,97,358,55,0,315,0,0,19,0,0,1,0,39,0,0,0,2275,1872,1601
2022,Rains County; Texas,4710,2603,576,431,171,835,96,626,337,841,181,452,211,1231,1896,2.59,3.10,12193,4710,2783,253,3051,1066,330,4976,1142,2808,224,186,616,5331,1093,2832,56,686,664,59,36,31,25,0,67,4,400,230,48,379,51,0,30,149,230,119,221,2033,106,254,810,529,334,9191,526,633,3304,2275,569,1341,543,8032,1884,9902,1515,12193,2469,2355,66,6912,1259,2926,1144,12137,10870,1267,1231,349,882,774,108,36,12257,11765,11677,8846,2831,88,492,492,175,317,580,88,57,31,492,42,450,492,64,80,16,0,332,0,11719,11051,668,414,533,340,32,15,71,59,32,0,12257,2479,52,146,1,103,1425,264,17,1359,5,35,1115,126,11,42,16,0,0,44,242,0,5,99,0,0,40,0,4710,4275,4052
2022,Randall County; Texas,54984,29374,11964,1724,759,10047,1028,7553,1982,13839,2851,8082,3939,18049,15254,2.52,3.11,138802,54984,29239,1823,40937,7673,4146,55893,16221,31862,650,1569,5591,57705,14732,30098,857,4622,7396,1566,217,13,46,17,89,13,2281,1184,48,381,157,458,96,473,1184,594,947,36263,1423,1452,15489,7721,10178,93239,2051,3683,21795,25820,9392,20217,10281,87505,30498,107581,10310,140575,14840,33653,962,85236,7385,21686,6493,139921,119306,20615,20217,9659,10558,7915,2643,398,141489,134057,132698,98370,34328,1359,7432,7432,3656,3776,8791,1359,509,850,7432,1903,5529,7432,1115,2182,465,74,3462,134,132986,116563,16423,4173,12440,2563,1976,564,1537,888,470,158,141489,10232,274,234,190,790,15056,1985,207,15381,284,38,12427,1977,51,973,1153,80,218,1498,3108,59,751,1027,232,37,809,131,54984,52694,50187
2022,Reagan County; Texas,1090,688,422,15,12,217,24,94,21,170,40,95,35,527,232,3.01,3.41,3284,1090,730,11,1263,172,18,1287,286,807,0,49,145,1122,194,705,36,44,143,61,13,45,73,133,91,41,41,30,48,383,6,0,7,17,30,23,23,824,42,44,470,170,98,1986,29,207,1049,341,122,144,94,1750,238,2306,93,3284,167,1002,0,2029,47,253,120,3270,2904,366,366,240,126,111,15,0,3308,2897,2886,2682,204,11,411,411,55,356,422,11,0,11,411,118,293,411,0,71,0,0,340,0,3010,1407,1603,465,1532,433,0,0,71,32,0,0,3308,62,0,17,0,8,160,0,0,40,0,0,40,0,11,0,0,0,0,23,3,0,0,0,0,0,0,0,1090,1055,920
2022,Real County; Texas,992,547,75,6,0,157,0,123,38,282,29,139,114,128,636,2.73,3.01,2711,992,416,6,594,432,271,1028,294,568,3,50,113,1283,361,415,5,227,275,17,17,36,31,0,91,0,35,19,48,385,0,3,0,16,19,15,10,672,20,40,279,220,113,1967,141,74,726,524,90,316,96,1752,412,2155,217,2728,832,658,39,1145,262,925,531,2780,2465,315,314,111,203,170,33,1,2830,2768,2658,2187,471,110,62,62,22,40,172,110,0,110,62,17,45,62,0,0,0,0,62,0,2668,2319,349,82,349,82,0,0,0,0,0,0,2830,83,0,25,18,31,147,95,14,663,124,0,280,2,0,33,33,0,0,65,105,0,0,11,0,0,12,0,992,869,738
2022,Red River County; Texas,4662,2534,751,56,8,841,7,674,363,1231,183,795,569,1188,2030,2.45,3.09,11437,4662,2536,66,2755,1195,223,4673,1213,2656,89,185,530,5001,931,2603,122,642,703,135,28,28,66,0,141,32,387,175,48,387,49,29,8,89,175,88,126,1940,38,36,991,568,307,8469,455,805,3391,2051,584,786,397,7209,1183,9289,822,11437,1925,2338,43,6194,919,2905,963,11488,10401,1087,1078,411,667,581,86,9,11627,11225,11137,8884,2253,88,402,402,125,277,490,88,2,86,402,104,298,402,28,47,0,0,313,14,10928,10385,543,287,448,270,82,17,11,0,2,0,11627,4458,10,30,3,60,693,36,6,695,0,0,689,95,0,25,12,0,12,24,59,0,99,36,35,0,12,19,4662,3774,3149
2022,Reeves County; Texas,4117,1681,802,189,165,1142,64,929,237,1105,417,381,163,1553,1095,3.13,3.89,12876,4117,1439,430,4939,1226,725,7240,3313,2446,206,308,967,4167,1188,1435,339,446,759,84,56,38,34,0,61,16,267,47,48,389,0,15,17,15,47,24,32,3164,114,61,1587,684,718,9135,1253,1415,3304,1660,604,712,187,6467,899,10769,499,12898,1417,3253,32,7977,775,1668,610,13840,12352,1488,1243,396,847,598,249,245,14022,11599,11315,9919,1396,284,2423,2423,911,1512,2707,284,72,212,2423,615,1808,2423,8,122,0,21,2272,0,13187,6253,6934,2247,6799,2184,0,0,135,63,0,0,14022,696,0,240,0,77,172,7,0,628,0,0,103,389,0,0,0,0,0,61,0,0,0,0,0,0,61,39,4117,3424,2911
2022,Refugio County; Texas,2235,894,144,95,19,494,29,351,188,752,170,327,209,522,1027,2.94,3.88,6561,2235,919,72,2072,1138,125,2655,1007,1058,59,146,385,2822,857,981,135,380,469,68,68,80,49,0,107,0,244,106,48,391,35,4,0,67,106,68,58,1455,101,96,629,524,105,4703,273,487,2057,1060,299,384,143,3943,527,5201,441,6562,1558,1517,210,3617,602,1428,746,6693,5725,968,968,742,226,225,1,0,6718,6552,6544,5778,766,8,166,166,118,48,174,8,0,8,166,7,159,166,20,16,5,0,125,0,6341,4499,1842,267,1810,245,22,22,1,0,9,0,6718,158,8,104,0,57,288,62,34,828,0,8,662,133,0,12,35,0,8,30,26,0,0,39,0,0,22,0,2235,1922,1690
2022,Roberts County; Texas,320,197,64,11,9,55,0,53,3,57,2,49,24,75,89,2.39,3.01,764,320,197,9,207,24,7,327,42,219,0,11,55,278,43,183,2,25,25,0,0,0,0,0,0,0,49,49,48,393,0,0,0,49,49,11,49,172,0,18,103,51,0,536,0,44,202,116,71,76,27,492,103,586,89,764,92,178,4,478,56,108,32,764,738,26,26,0,26,19,7,0,764,764,746,596,150,18,0,0,0,0,18,18,0,18,0,0,0,0,0,0,0,0,0,0,745,724,21,7,9,7,12,0,0,0,0,0,764,43,0,0,0,28,29,35,0,94,0,0,164,2,0,9,0,0,0,5,9,0,0,0,11,0,24,0,320,295,230
2022,Robertson County; Texas,6309,3067,1054,155,13,1166,51,940,378,1921,409,911,553,1794,2430,2.65,3.34,16716,6309,3086,150,5484,1463,224,6628,2229,3146,154,313,786,6971,1909,3461,191,719,691,366,207,106,101,83,203,26,333,235,48,395,34,23,133,45,235,149,145,3808,175,92,2021,852,668,11556,604,1097,4437,2329,965,1458,666,9855,2124,12889,942,16724,3126,4023,471,9398,1509,3303,1146,16672,15169,1503,1498,756,742,614,128,5,16912,16258,15899,13886,2013,359,654,654,256,398,1013,359,304,55,654,115,539,654,60,21,47,0,435,91,15850,13937,1913,363,1659,360,49,0,0,0,205,3,16912,537,3,202,16,67,1176,172,73,1493,24,9,1447,198,16,35,719,0,5,107,304,0,116,175,0,19,37,0,6309,5467,5068
2022,Rockwall County; Texas,37881,26116,13008,1309,501,4020,490,2551,783,6436,1563,3153,1804,16848,9619,2.90,3.24,109912,37881,25935,1491,36874,5605,2126,42965,11864,27530,267,778,2526,43825,10117,26887,348,2802,3671,1512,260,24,56,20,115,27,3360,1361,48,397,137,772,44,408,1361,836,1018,29665,1953,1394,13256,7869,5193,72042,1771,2304,13353,16224,6786,20110,11494,67967,31604,81124,6381,109869,8487,29443,772,67110,4246,13316,3469,109316,92731,16585,16161,4562,11599,9079,2520,424,110631,101644,100046,64473,35573,1598,8987,8987,5134,3853,10585,1598,312,1286,8987,2264,6723,8987,980,2786,720,91,4077,333,103994,88928,15066,4207,10864,3098,1846,520,1774,485,582,104,110631,6360,712,386,575,1273,14730,1636,205,12437,436,368,10191,2666,83,788,1868,175,419,1489,2220,38,750,1039,270,44,609,281,37881,37268,36566
2022,Runnels County; Texas,3780,1845,593,205,108,759,39,574,195,971,222,474,369,1139,1390,2.55,3.10,9652,3780,1806,230,2873,649,314,3968,1153,2050,105,110,550,3946,793,1946,158,591,458,149,67,70,76,100,152,5,246,167,48,399,60,32,42,33,167,86,138,2190,157,219,990,490,334,6840,628,542,2449,1512,456,889,364,5670,1253,7539,529,9647,1833,2310,106,5444,807,1893,920,9763,8499,1264,1264,653,611,488,123,0,9858,9346,9262,8061,1201,84,512,512,168,344,596,84,10,74,512,48,464,512,16,6,1,0,489,0,9306,7307,1999,494,1933,488,59,0,6,6,1,0,9858,385,0,210,0,62,660,162,0,2005,0,0,1008,67,0,27,18,0,0,86,245,0,84,34,0,0,29,0,3780,3326,3105
2022,Rusk County; Texas,17792,9441,3694,777,309,2773,154,2004,878,4801,1048,2077,1388,6179,6388,2.69,3.17,47811,17792,9359,868,15308,3605,879,23289,7697,10716,696,819,3361,19728,5100,9399,419,2341,2469,367,99,18,35,10,79,8,1331,790,48,401,88,91,106,505,790,530,454,11205,478,602,5342,2984,1799,36101,1804,3917,11897,9356,3411,3771,1945,30380,5716,40956,2695,47941,7390,11799,757,27711,3069,8431,3564,52279,43918,8361,8320,2346,5974,5548,426,41,52755,49355,49037,39729,9308,318,3400,3400,1086,2314,3718,318,95,223,3400,577,2823,3400,95,143,58,83,2998,23,49838,42870,6968,2384,6533,2323,203,0,201,51,31,10,52755,9837,45,165,71,385,5628,1042,15,4040,19,33,5037,749,5,218,84,19,6,414,687,0,209,153,0,0,159,73,17792,15970,12979
2022,Sabine County; Texas,4471,2393,543,211,115,733,48,618,386,1134,176,707,452,1014,2156,2.21,2.70,9870,4471,2436,172,2132,576,83,4238,779,2686,63,243,467,4301,565,2429,102,702,503,185,71,99,109,167,178,24,174,95,48,403,26,43,11,15,95,70,35,1611,56,83,682,538,252,7611,319,677,2709,1849,696,724,637,6615,1361,8223,1024,9874,2601,1756,111,5209,1243,2909,1247,9840,8289,1551,1551,648,903,467,436,0,9980,9798,9741,6782,2959,57,182,182,132,50,239,57,17,40,182,37,145,182,34,64,2,0,82,0,9521,9165,356,24,234,5,16,8,71,0,35,11,9980,2322,33,0,0,20,724,412,158,797,0,0,942,140,38,12,63,0,9,143,137,0,10,105,0,15,153,0,4471,4174,3818
2022,San Augustine County; Texas,3051,1542,468,139,82,508,29,413,212,862,118,351,182,986,1424,2.51,2.89,7671,3051,1542,137,1683,1031,227,3203,649,1915,104,107,428,3475,805,1533,169,454,514,22,16,19,14,51,15,0,361,207,48,405,11,27,77,92,207,118,177,1676,88,36,843,455,254,5847,284,750,2636,1225,205,437,310,4813,747,6365,647,7693,1902,1555,266,4057,770,2081,866,7907,6899,1008,1008,490,518,368,150,0,7920,7527,7527,6256,1271,0,393,393,94,299,393,0,0,0,393,36,357,393,0,0,0,0,393,0,7633,7097,536,238,527,238,9,0,0,0,0,0,7920,1166,0,6,24,86,661,152,32,614,35,4,718,30,0,29,7,0,7,197,150,0,112,12,0,0,9,0,3051,2624,2339
2022,San Jacinto County; Texas,10064,5663,1719,764,236,1748,94,1268,793,1889,336,1011,586,2875,4216,2.74,3.24,27527,10064,5730,699,7132,3454,448,11305,3064,6028,144,441,1628,11534,2302,6593,337,1245,1057,647,270,99,117,202,164,50,647,270,48,407,38,9,17,206,270,166,236,5765,299,433,2640,1455,938,19564,1134,1691,7762,4742,1105,1746,1384,16739,3130,21744,2132,27478,6003,5873,331,15596,3198,6009,2474,27236,23941,3295,3251,944,2307,1811,496,44,27666,25727,25499,18487,7012,228,1939,1939,711,1228,2167,228,7,221,1939,183,1756,1939,64,46,14,0,1781,34,26322,22292,4030,1431,3813,1423,110,8,2,0,105,0,27666,3282,32,164,21,125,2075,963,125,2488,40,3,2340,910,0,94,353,99,33,521,550,0,32,221,8,14,110,8,10064,9287,8165
2022,San Patricio County; Texas,23920,11571,4696,1482,674,4599,316,3087,941,6268,1726,2649,1538,8986,7667,2.85,3.41,68223,23920,11441,1585,22333,7593,1351,27265,9686,12786,666,964,3163,26703,8083,12324,569,2505,3222,1096,560,65,71,47,134,21,2463,826,48,409,303,123,160,240,826,543,586,17785,987,776,8728,4055,3239,44640,3674,4229,14810,10636,3433,5325,2533,36737,7858,50672,4921,68177,13051,18071,931,39933,6455,10173,5665,67944,56557,11387,10975,7161,3814,2927,887,412,68942,65263,64682,53350,11332,581,3679,3679,1473,2206,4260,581,54,527,3679,1057,2622,3679,98,453,1,0,3082,45,64306,43934,20372,3639,19402,3156,445,254,484,209,41,20,68942,2051,53,758,116,254,4930,788,83,5781,56,55,3835,928,0,260,527,14,36,324,669,24,33,219,54,94,95,36,23920,21602,19080
2022,San Saba County; Texas,2014,1071,303,93,66,345,0,277,162,505,66,322,261,512,964,2.55,3.21,5143,2014,1079,88,1408,463,91,2644,817,1409,46,69,303,2241,499,1140,83,331,188,75,21,37,73,0,75,106,128,68,48,411,22,2,43,1,68,35,61,1207,40,50,520,448,149,4116,255,329,1624,931,177,577,223,3532,800,4664,401,5183,983,1085,57,2809,385,1289,541,5725,5136,589,545,145,400,362,38,44,5779,5429,5374,4619,755,55,350,350,59,291,405,55,13,42,350,127,223,350,8,10,0,0,332,0,5535,4324,1211,389,1160,363,25,0,7,7,19,19,5779,304,0,46,0,69,653,56,0,841,0,0,752,44,0,52,66,2,41,120,89,0,9,36,0,25,14,0,2014,1846,1739
2022,Schleicher County; Texas,899,524,187,14,10,117,0,112,60,244,15,188,140,293,423,2.74,3.52,2466,899,528,14,780,204,41,992,297,629,0,0,66,991,189,545,10,135,112,30,26,100,57,0,182,0,116,67,48,413,0,0,0,67,67,25,56,574,89,38,199,168,80,1655,162,136,491,541,100,163,62,1357,225,1846,147,2436,310,598,20,1212,77,626,213,2454,2289,165,165,80,85,58,27,0,2474,2229,2229,1860,369,0,245,245,168,77,245,0,0,0,245,5,240,245,0,5,0,3,237,0,2265,1434,831,140,823,135,0,0,8,5,0,0,2474,31,0,0,8,0,279,6,0,127,0,0,67,23,0,0,3,0,0,49,3,0,27,31,0,0,0,0,899,761,600
2022,Scurry County; Texas,5693,3038,1219,353,184,1191,81,978,357,1111,101,821,556,1891,1748,2.62,3.25,14941,5693,2993,401,4387,1034,433,7357,2660,3269,169,149,1110,5949,1353,3184,81,658,673,354,79,48,106,125,214,0,434,179,48,415,62,18,10,89,179,123,155,4152,164,106,1924,1063,895,11030,867,850,3632,2722,912,1492,555,9313,2047,12610,833,15325,2364,4273,267,8665,1120,2387,977,16697,13865,2832,2735,1341,1394,1238,156,97,16883,15843,15799,13411,2388,44,1040,1040,560,480,1084,44,1,43,1040,352,688,1040,1,53,7,0,970,9,15820,11938,3882,1151,3778,1113,18,0,86,38,0,0,16883,1435,101,61,0,27,1063,151,13,846,6,0,1027,181,10,50,12,0,0,101,225,0,13,2,0,0,25,51,5693,5336,4803
2022,Shackelford County; Texas,1324,735,269,88,42,227,27,183,82,274,12,218,101,380,445,2.33,2.89,3090,1324,728,94,794,125,25,1267,346,711,3,49,158,1302,220,829,18,113,122,76,35,137,124,368,187,0,63,54,48,417,42,0,0,12,54,30,54,695,44,31,321,207,92,2148,11,128,512,631,170,565,131,2009,696,2388,215,3098,546,734,20,1747,284,617,242,3070,2710,360,360,136,224,214,10,0,3134,3093,3091,2649,442,2,41,41,27,14,43,2,0,2,41,4,37,41,0,5,0,0,36,0,2991,2818,173,16,142,16,25,0,6,0,0,0,3134,322,0,0,0,62,309,9,42,323,0,0,347,47,0,5,6,0,0,8,90,0,1,15,25,0,0,32,1324,1215,1142
2022,Shelby County; Texas,8988,4496,1524,784,448,1394,113,820,356,2314,524,1278,788,3101,3005,2.67,3.12,23972,8988,4486,795,7747,1641,315,9445,2709,5019,150,459,1108,9515,2390,4749,323,938,1115,365,155,56,71,0,145,28,715,371,48,419,83,83,19,186,371,179,319,5935,446,328,2878,1517,766,15896,1311,1600,5866,4013,907,1587,612,12985,2199,17877,1101,23997,3685,6280,322,13539,1728,4178,1635,23780,21298,2482,2478,1514,964,679,285,4,24157,22269,22206,18416,3790,63,1888,1888,576,1312,1951,63,3,60,1888,299,1589,1888,18,79,6,11,1774,0,22496,19010,3486,1465,3400,1443,33,0,53,22,0,0,24157,4263,0,61,7,97,2075,351,44,1818,0,22,2107,523,3,67,28,0,0,135,228,10,85,68,0,3,39,0,8988,8051,6967
2022,Sherman County; Texas,803,508,245,39,10,90,22,68,29,166,39,104,67,317,230,2.96,3.58,2380,803,536,26,912,103,0,977,273,591,2,40,71,997,274,525,22,97,79,44,31,119,80,0,192,0,36,34,48,421,0,0,0,34,34,14,34,631,13,14,257,168,179,1579,216,225,366,340,88,264,80,1138,344,1852,124,2380,451,562,42,1446,174,372,235,2400,2225,175,175,96,79,49,30,0,2414,1984,1984,1242,742,0,430,430,121,309,430,0,0,0,430,129,301,430,0,25,1,0,404,0,2273,1375,898,293,892,292,0,0,5,0,1,1,2414,169,0,0,0,71,144,0,0,366,0,17,235,5,0,0,3,0,4,20,4,0,0,19,3,0,0,2,803,775,687
2022,Smith County; Texas,81286,42208,17372,3246,873,12761,1105,8485,2541,23071,4584,12101,6660,27668,26643,2.81,3.40,228224,81286,42328,3148,71358,20531,9573,89770,29629,46832,1229,2736,9344,97805,26767,45589,2284,9717,13448,2704,663,22,49,3,87,24,5892,2215,48,423,383,342,320,1170,2215,1295,1677,58840,3110,3667,24673,12549,14841,154691,8441,10749,38459,38821,15869,28037,14315,135501,42352,177619,10841,231934,28839,56725,2733,136267,13903,38942,12203,232061,205711,26350,25494,13601,11893,9038,2855,856,234667,214162,210961,161692,49269,3201,20505,20505,8952,11553,23706,3201,782,2419,20505,4180,16325,20505,895,2808,1457,35,15064,246,219593,180255,39338,16515,34274,14859,1540,482,2308,986,1216,188,234667,44212,536,592,263,2194,22501,3336,324,20709,156,146,17814,3001,38,1396,1281,139,475,2152,3727,25,4834,1309,218,72,861,245,81286,77418,70824
2022,Somervell County; Texas,3345,2159,778,88,0,525,251,232,53,573,112,406,305,1245,1160,2.67,2.99,8945,3345,2195,63,2490,589,263,3818,879,2576,12,54,297,4036,1019,2270,24,398,325,31,12,11,15,0,17,20,202,13,48,425,7,0,0,6,13,6,7,2286,79,48,990,695,474,6560,148,320,2106,1707,403,1400,476,6092,1876,7317,408,9160,1075,2008,56,5548,485,1604,534,9281,7827,1454,1454,397,1057,1018,39,0,9337,8562,8492,6243,2249,70,775,775,180,595,845,70,17,53,775,173,602,775,126,50,48,0,551,0,8974,7374,1600,615,1391,547,145,68,50,0,14,0,9337,1540,0,60,5,58,1340,138,26,846,12,0,600,131,0,43,85,0,21,49,132,0,48,22,2,17,37,0,3345,3134,2948
2022,Starr County; Texas,18634,8496,4181,731,455,2338,226,1541,682,7069,2745,2266,1404,8838,5378,3.50,4.10,65127,18634,8519,698,27888,8659,729,23000,9205,10810,753,637,1595,24681,8263,9782,1957,2868,1811,921,313,36,58,28,113,6,2584,866,48,427,117,209,78,462,866,497,694,21560,1810,1155,9573,4658,4364,36496,9495,4786,9707,6233,1628,3343,1304,22215,4647,44269,966,65191,10113,21434,1108,36289,4926,7468,4079,64645,59363,5282,4675,3290,1385,1207,178,607,65716,48405,47460,44432,3028,945,17311,17311,5377,11934,18256,945,164,781,17311,2535,14776,17311,0,34,3,0,17274,0,59633,5356,54277,21147,54240,21142,2,0,34,5,1,0,65716,415,1,19,2,0,107,58,0,134,16,0,240,86,0,9,2,0,0,15,23,0,8,0,66,0,26,0,18634,15966,12491
2022,Stephens County; Texas,3405,1664,498,171,73,681,46,537,188,889,212,507,340,939,1282,2.59,3.19,8814,3405,1632,198,2509,796,274,4105,1227,1995,137,141,605,3455,660,1724,130,588,353,77,21,25,46,0,49,56,131,108,48,429,0,8,7,93,108,62,88,1879,199,111,903,405,261,6350,423,639,2200,1518,401,884,285,5288,1169,7224,416,8814,1590,2036,158,5028,674,1750,758,9043,7659,1384,1306,423,883,676,207,78,9260,8466,8401,7015,1386,65,794,794,378,416,859,65,37,28,794,157,637,794,57,32,0,0,705,0,8722,7200,1522,800,1445,761,29,15,32,24,16,0,9260,635,0,12,0,57,722,239,9,1073,0,18,1058,20,0,118,141,6,0,11,126,0,7,17,0,0,36,0,3405,3235,2855
2022,Sterling County; Texas,392,300,167,0,0,10,4,6,6,82,11,42,17,200,109,3.46,3.80,1356,392,305,0,530,129,0,468,90,362,4,6,6,462,38,329,0,53,42,9,0,0,39,0,54,0,21,0,48,431,0,0,0,0,0,0,0,373,40,28,209,78,18,820,19,62,345,176,26,120,72,739,192,910,30,1356,109,482,3,718,50,156,56,1384,1381,3,3,3,0,0,0,0,1392,1281,1276,911,365,5,111,111,14,97,116,5,5,0,111,25,86,111,18,3,0,0,90,0,1266,992,274,50,274,50,0,0,0,0,0,0,1392,16,0,0,0,0,180,0,0,98,0,0,224,0,0,0,0,0,0,17,9,0,0,0,0,0,0,0,392,362,347
2022,Stonewall County; Texas,450,252,119,29,17,77,0,62,41,92,6,60,43,171,187,2.86,3.51,1289,450,219,41,487,86,6,518,168,278,2,29,41,543,128,283,29,62,41,11,11,74,37,145,0,0,29,22,48,433,8,14,0,0,22,14,14,390,31,22,106,153,78,769,69,78,339,155,12,57,59,622,116,962,65,1289,187,369,9,681,104,239,74,1331,1122,209,202,93,109,109,0,7,1331,1308,1308,1128,180,0,23,23,10,13,23,0,0,0,23,0,23,23,0,0,0,0,23,0,1190,1047,143,58,129,58,0,0,0,0,14,0,1331,80,0,1,0,14,71,67,0,84,0,0,137,0,0,0,0,0,0,3,44,0,0,12,0,0,14,0,450,390,383
2022,Sutton County; Texas,1068,592,290,20,0,165,25,110,35,291,154,102,65,495,291,3.11,3.62,3322,1068,594,29,1386,236,9,1064,263,624,13,98,66,1247,191,769,45,2,240,66,3,10,78,0,40,132,42,0,48,435,0,0,0,0,0,0,0,1211,78,145,674,201,113,1975,201,194,734,469,74,157,146,1580,303,2261,146,3326,213,1084,30,1800,101,442,82,3279,3056,223,223,133,90,89,1,0,3345,2943,2923,2710,213,20,402,402,112,290,422,20,0,20,402,157,245,402,0,17,0,0,385,0,3162,1435,1727,455,1717,455,0,0,10,0,0,0,3345,60,0,0,0,20,72,22,6,54,0,0,107,105,0,0,0,8,0,28,18,0,2,46,0,0,0,0,1068,948,690
2022,Swisher County; Texas,2401,1082,423,141,65,440,18,349,95,738,89,535,348,728,908,2.64,3.54,6346,2401,1038,191,1992,503,221,2984,1140,1232,88,76,448,2500,659,1040,115,407,279,54,10,14,40,0,83,0,237,174,48,437,32,34,2,106,174,57,123,1972,154,143,875,327,473,4529,614,387,1550,723,381,712,162,3528,874,5241,228,6366,1025,1748,43,3464,487,1154,495,6938,6230,708,688,98,590,474,116,20,6989,6273,6248,5470,778,25,716,716,157,559,741,25,0,25,716,276,440,716,3,5,4,0,663,41,6577,4607,1970,558,1964,556,0,0,2,2,4,0,6989,415,8,0,12,39,322,26,0,470,7,0,269,87,0,38,12,2,0,13,51,0,245,28,9,0,13,8,2401,2021,1714
2022,Tarrant County; Texas,754969,372195,167039,46653,18197,132759,9856,91927,19690,203362,45958,104417,40505,269817,177310,2.76,3.38,2086475,754969,371430,47340,686840,162286,63610,812814,297909,412898,12294,17587,72126,852781,270841,397546,18941,60551,104902,29928,9681,33,55,11,91,35,50584,16407,48,439,2712,3769,3049,6877,16407,10021,11235,572431,30309,31651,243857,128968,137646,1365169,83452,93206,325401,292806,107369,305663,157272,1188511,462935,1566541,105153,2095938,206377,544284,19572,1309709,108531,241945,78274,2090111,1803857,286254,273568,169172,104396,60937,43459,12686,2113854,1769692,1732795,1153901,578894,36897,344162,344162,148045,196117,381059,36897,13226,23671,344162,101772,242390,344162,14585,94896,40420,1352,189783,3126,1975444,1396752,578692,213666,412892,152676,56008,16182,69090,32695,40702,12113,2113854,94458,20084,9955,3672,13448,177948,31288,4322,172940,4678,2934,141834,43857,1113,13112,20201,3411,4910,17699,33802,1215,58033,11717,2149,2108,8902,7589,754969,728610,694681
2022,Taylor County; Texas,53888,26024,10345,4449,1632,9325,642,6414,1587,14090,2897,7796,3755,17667,14316,2.53,3.07,136116,53888,25887,4580,38847,8440,4474,55087,20674,27433,788,1512,4680,58457,18285,26755,1450,4531,7436,1959,779,38,54,3,95,22,2959,1589,48,441,294,259,99,937,1589,974,1200,39745,1842,1763,15740,7874,12526,87176,3377,5350,25754,19851,7850,16025,8969,78449,24994,103011,9781,136403,20026,34988,2083,81283,10190,20132,7753,141452,114268,27184,26140,14891,11249,7720,3529,1044,143029,132762,131000,96068,34932,1762,10267,10267,4279,5988,12029,1762,360,1402,10267,4179,6088,10267,829,2330,1554,41,4987,526,133107,110644,22463,5473,17847,3843,1745,583,1949,544,922,503,143029,7974,132,359,323,804,12628,1779,499,14287,83,116,12911,2730,25,933,1671,59,148,1626,2230,0,1992,1006,89,41,399,758,53888,50334,47730
2022,Terrell County; Texas,436,178,16,0,0,130,5,117,83,128,6,96,92,33,244,1.98,2.91,862,436,204,0,167,55,0,439,98,230,0,74,37,325,49,187,6,77,6,5,0,0,91,0,0,125,0,0,48,443,0,0,0,0,0,0,0,97,0,17,70,10,0,718,16,29,284,156,21,143,69,673,212,754,60,862,230,108,8,459,96,295,126,862,862,0,0,0,0,0,0,0,862,842,833,752,81,9,20,20,12,8,29,9,0,9,20,20,0,20,0,0,0,0,20,0,851,530,321,47,321,47,0,0,0,0,0,0,862,71,0,0,0,0,52,0,0,122,0,0,109,14,0,0,0,0,0,7,7,0,0,6,0,0,0,0,436,387,324
2022,Terry County; Texas,4170,1830,602,240,8,880,4,730,153,1220,483,425,281,1398,1126,2.65,3.32,11030,4170,1886,188,3822,843,121,4860,1895,2189,143,278,355,4256,1273,1987,200,367,429,99,22,16,42,0,111,0,341,198,48,445,94,16,7,81,198,117,121,2917,213,339,1365,778,222,7356,1084,682,2485,1833,461,595,216,5590,811,8580,384,11030,1549,3236,67,6151,702,1643,780,11693,9819,1874,1853,828,1025,956,69,21,11816,10637,10489,8953,1536,148,1179,1179,269,910,1327,148,9,139,1179,357,822,1179,13,22,0,0,1129,15,10963,6640,4323,1255,3799,957,505,298,11,0,8,0,11816,1220,5,8,0,13,504,27,0,659,0,83,509,49,0,6,0,48,4,45,140,0,16,27,118,0,0,12,4170,3755,3396
2022,Throckmorton County; Texas,635,303,96,25,2,174,0,168,73,133,17,101,62,133,275,2.27,3.16,1439,635,295,21,349,84,55,671,197,340,11,21,102,559,107,321,9,83,39,20,2,22,83,0,227,0,7,7,48,447,0,0,0,7,7,7,0,238,29,0,70,74,65,1064,66,38,414,267,64,161,54,960,215,1175,89,1439,214,264,12,808,98,367,104,1432,1235,197,189,39,150,135,15,8,1439,1401,1397,1155,242,4,38,38,12,26,42,4,0,4,38,26,12,38,8,6,0,0,24,0,1322,1247,75,29,49,14,20,12,6,3,0,0,1439,36,0,5,0,6,189,5,0,214,0,2,246,7,0,31,0,10,0,25,11,8,0,3,0,0,0,4,635,616,528
2022,Titus County; Texas,10802,5855,2325,547,112,1762,286,1048,188,2638,770,1397,730,4105,3174,2.88,3.43,31056,10802,5910,494,10238,2848,764,11726,3877,6412,269,287,881,12223,3455,6251,352,985,1180,658,271,71,90,12,171,37,1193,614,48,449,55,93,60,406,614,335,525,8389,441,499,4199,2059,1191,19428,2457,1897,7254,3353,1485,2095,887,15074,2982,22300,1441,31069,4052,9001,266,17708,2039,4360,1747,30775,28257,2518,2463,1424,1039,661,378,55,31301,25191,24897,19974,4923,294,6110,6110,1849,4261,6404,294,149,145,6110,1043,5067,6110,28,319,0,0,5724,39,29029,18162,10867,4612,10483,4363,131,25,253,224,0,0,31301,6089,25,31,24,115,1681,343,7,1074,27,12,1108,301,0,107,79,0,30,165,306,13,395,63,27,11,101,16,10802,9887,8956
2022,Tom Green County; Texas,45449,21390,8517,3008,1028,8798,734,6151,1911,12253,2536,6873,3320,14578,13518,2.49,3.11,113318,45449,21416,3000,33399,7080,2974,47472,16989,23405,551,1477,5050,47819,13477,22672,1127,3610,6933,1443,432,28,52,18,97,14,2659,1148,48,451,255,115,267,511,1148,670,900,31001,1469,1330,13240,5858,9104,77310,4755,5569,21959,20271,5704,12655,6397,66986,19052,87690,7993,114432,16290,28576,1392,67333,7881,18523,7017,117821,100111,17710,17201,9031,8170,5392,2778,509,119276,112137,110649,84998,25651,1488,7139,7139,3363,3776,8627,1488,284,1204,7139,1612,5527,7139,380,881,196,11,5523,148,111675,84541,27134,6913,25129,6325,1007,102,780,420,218,66,119276,5642,214,1213,114,995,10131,1780,212,14091,64,11,9973,1738,23,556,819,83,113,1211,1934,0,644,672,215,64,382,279,45449,42657,38587
2022,Travis County; Texas,538109,230415,105662,47728,8379,121165,5582,86760,12338,138801,21942,81452,21551,153135,97822,2.34,3.02,1261545,538109,229203,48815,315226,67287,62905,543951,229727,255137,5680,7065,46342,522369,188936,236960,9063,26571,60839,15827,3804,19,45,9,65,32,18528,5775,48,453,1215,993,746,2821,5775,3399,3079,311188,20009,13988,118588,59955,98648,901585,48039,34695,134901,148599,50383,301552,183416,818851,484968,1020751,48572,1280605,115523,267088,10576,882824,68565,130693,36382,1275827,1030330,245497,233072,137182,95890,53583,42307,12425,1289054,1065098,1038572,644573,393999,26526,223956,223956,86669,137287,250482,26526,6983,19543,223956,77047,146909,223956,19265,68832,13877,1192,116393,4397,1214982,854828,360154,125317,256653,95434,40297,8196,45416,16562,17788,5125,1289054,40079,12881,10729,3606,8747,119377,31882,3447,139892,3811,3515,105842,39913,1413,10651,22300,3104,9084,14030,29663,871,18292,14124,3119,2732,7280,3417,538109,522994,498083
2022,Trinity County; Texas,5946,2970,618,303,111,1335,294,888,355,1338,211,860,544,1361,2593,2.28,2.75,13582,5946,2870,398,3345,685,338,5663,1360,3114,129,306,754,5893,1145,3048,101,733,866,193,113,87,79,0,188,0,117,57,48,455,2,35,13,7,57,20,22,2564,114,210,1232,632,376,9979,524,831,3883,2597,663,1130,351,8624,1481,11028,1129,13582,3152,2707,156,7344,1441,3531,1555,13590,11054,2536,2499,918,1581,1343,238,37,13735,13179,13090,10264,2826,89,556,556,199,357,645,89,1,88,556,117,439,556,26,17,21,0,492,0,13077,11591,1486,536,1226,536,200,0,60,0,0,0,13735,752,28,68,28,68,1982,469,211,1651,45,0,1606,126,5,145,122,0,0,402,208,6,1,62,7,0,51,0,5946,5152,4805
2022,Tyler County; Texas,6811,3561,909,357,87,1217,167,843,296,1676,263,999,567,1860,2777,2.62,3.17,17833,6811,3607,323,4497,1958,637,9181,2993,4273,432,281,1202,7684,1861,3596,140,967,1120,238,78,40,71,134,97,26,633,348,48,457,14,74,84,176,348,183,294,3766,77,145,1966,865,713,14458,837,1681,6021,3313,711,1256,639,11940,1895,16145,1479,17832,4495,3792,669,9832,1892,4208,1934,19733,16352,3381,3377,1073,2304,1960,344,4,19962,19462,19376,15067,4309,86,500,500,201,299,586,86,0,86,500,136,364,500,8,95,0,2,385,10,19188,17885,1303,556,1036,441,168,51,89,54,10,10,19962,3154,30,128,13,93,1569,881,51,2269,0,32,1360,220,0,32,132,7,11,179,240,0,13,37,0,0,83,15,6811,6201,5579
2022,Upshur County; Texas,14969,8119,3121,546,222,2471,89,1537,660,3833,628,1944,1183,4597,5126,2.72,3.20,40747,14969,8134,520,12462,3328,1334,16432,4824,8960,192,710,1746,16823,3726,8661,206,1873,2357,562,375,91,64,12,123,30,783,408,48,459,84,77,8,239,408,174,175,9131,638,771,4156,2210,1356,28275,1205,2597,9348,7523,2788,3463,1351,24473,4814,31437,2832,40751,8130,9824,598,23685,4190,7242,3342,40919,35722,5197,5159,2419,2740,2046,694,38,41261,39878,39648,29356,10292,230,1383,1383,584,799,1613,230,80,150,1383,180,1203,1383,151,150,42,59,981,0,38896,36895,2001,763,1779,613,74,2,148,148,0,0,41261,4692,3,78,65,382,5249,469,16,4319,0,0,4446,809,0,164,283,21,99,957,899,5,256,169,16,67,197,142,14969,13844,13017
2022,Upton County; Texas,1363,697,239,88,34,284,28,208,61,294,57,158,110,434,434,2.36,2.89,3217,1363,651,95,857,246,5,1260,320,698,35,55,152,1222,216,724,23,104,155,0,0,0,0,0,0,0,124,90,48,461,11,18,0,61,90,66,68,939,66,10,662,106,95,2195,253,209,962,414,145,148,64,1733,212,2392,119,3221,328,892,6,1815,185,514,137,3284,2948,336,336,193,143,143,0,0,3284,3004,2991,2374,617,13,280,280,92,188,293,13,0,13,280,31,249,280,0,17,0,0,263,0,3180,1986,1194,192,1177,180,0,0,17,12,0,0,3284,44,0,4,0,8,219,0,0,63,0,0,100,0,0,7,24,0,0,20,46,0,0,0,0,0,0,2,1363,1223,964
2022,Uvalde County; Texas,8420,3897,1716,532,150,1401,46,947,379,2590,973,1174,534,3556,2711,2.86,3.46,24111,8420,3949,480,8296,2518,448,9696,4122,4215,275,220,864,9760,2586,4548,502,946,1178,578,142,45,102,88,153,51,1208,637,48,463,24,191,0,422,637,341,585,6685,445,271,3084,1278,1607,15486,1915,1780,4202,3289,1344,2200,756,11791,2956,18355,1203,24300,4758,6478,794,13985,2034,3837,1930,24548,21781,2767,2692,1579,1113,752,361,75,24833,22139,21988,18878,3110,151,2694,2694,1058,1636,2845,151,4,147,2694,802,1892,2694,24,227,0,11,2432,0,23084,11738,11346,3138,11052,3077,95,8,195,49,4,4,24833,805,0,80,24,65,1511,412,0,1758,15,10,793,251,40,47,156,79,13,273,211,0,12,58,0,26,55,13,8420,7163,6674
2022,Val Verde County; Texas,16643,8484,3736,494,261,3148,495,2055,692,4517,1186,1990,1301,6942,5360,2.75,3.32,45792,16643,8386,585,15083,4473,622,19009,6046,10139,492,850,1482,17570,4382,8805,502,1930,1951,995,380,76,95,0,181,38,1744,360,48,465,50,40,73,197,360,224,184,12392,618,719,5988,3114,1953,28847,4643,2990,7907,5006,2464,3516,2321,21214,5837,32600,2766,44601,6110,13356,519,24762,2737,6483,2854,47073,39984,7089,6467,3670,2797,1615,1182,622,47693,37598,36693,30684,6009,905,10095,10095,5083,5012,11000,905,339,566,10095,1685,8410,10095,145,183,102,27,9638,0,43937,15282,28655,9383,28406,9340,116,0,122,32,11,11,47693,1021,112,59,35,20,1470,338,46,1613,62,36,908,393,0,78,249,85,5,42,370,0,126,103,0,0,12,37,16643,14976,11876
2022,Van Zandt County; Texas,22326,12518,4125,1247,403,3108,397,2063,981,5453,835,3220,2134,7022,8626,2.66,3.12,59433,22326,12515,1256,15601,6076,1659,23914,5810,14165,476,791,2672,24928,5116,13344,357,3117,2994,994,257,44,79,4,160,36,1791,542,48,467,59,95,120,268,542,363,352,13276,753,737,6092,3400,2294,41750,1750,4082,13897,11445,3446,5096,2034,35918,7130,46313,4301,59443,9077,13686,626,33965,4536,11792,3915,59312,51519,7793,7505,2319,5186,4708,478,288,60053,57823,57471,44487,12984,352,2230,2230,862,1368,2582,352,14,338,2230,295,1935,2230,138,90,3,29,1885,85,56554,51708,4846,1490,4456,1412,296,31,81,47,13,0,60053,11418,72,105,106,237,6061,1101,75,4702,64,70,4515,900,14,194,221,171,79,292,700,0,26,144,26,55,366,128,22326,20329,18064
2022,Victoria County; Texas,34265,16922,6488,2500,787,6159,628,3925,1193,8684,1838,4702,2702,11118,10483,2.62,3.16,89853,34265,16662,2753,27204,6008,2961,35279,12076,18300,513,977,3413,36898,10021,18015,1022,3628,4212,1194,529,47,57,39,104,13,1697,642,48,469,121,89,50,382,642,397,405,22132,1110,1245,10644,5072,4061,59744,3998,5658,18090,14714,5815,8322,3147,50088,11469,68047,4723,90126,13824,22893,1573,52741,6345,14492,5906,89989,76302,13687,13541,8792,4749,3890,859,146,91209,85410,84694,73419,11275,716,5799,5799,2541,3258,6515,716,331,385,5799,1048,4751,5799,195,852,80,40,4546,86,85214,64651,20563,4809,19156,4250,413,85,890,454,104,20,91209,2225,229,3091,70,533,6449,1460,238,12922,73,37,5947,1339,20,266,1124,189,67,1444,967,25,416,231,79,93,251,136,34265,31578,26136
2022,Walker County; Texas,24592,9429,3488,1156,224,6002,432,4356,1241,8005,1333,4291,1860,6274,6929,2.47,3.26,60634,24592,9404,1193,16936,4297,4212,40725,18239,14401,1044,997,6044,27330,10922,9834,373,2936,3265,1084,380,32,63,0,86,62,1406,468,48,471,50,179,6,233,468,302,381,20178,536,484,4979,2294,11885,51244,3032,4504,19589,10864,3354,6420,3481,43708,9901,66189,4396,64399,7469,10823,260,44044,4121,9532,3088,76626,60651,15975,15828,5627,10201,7938,2263,147,77182,71516,70364,56154,14210,1152,5666,5666,1567,4099,6818,1152,195,957,5666,2195,3471,5666,282,465,1439,84,3383,13,74180,61482,12698,3882,10356,3315,402,25,670,189,1270,353,77182,9460,69,550,81,238,10248,2117,239,8549,104,121,8353,1331,0,215,1087,26,146,1091,1236,0,2357,213,0,13,324,110,24592,22743,20680
2022,Waller County; Texas,17780,10256,3895,1260,486,2985,181,1692,362,3279,1091,1186,480,6122,4311,2.96,3.37,52690,17780,10248,1267,17612,3904,1879,22847,9549,11006,245,441,1606,23427,9742,10766,400,1123,1396,857,304,30,54,0,80,45,754,275,48,473,28,2,73,172,275,147,248,19521,913,610,6399,2840,8759,31707,2115,2103,9918,8132,1552,5807,2080,27489,7887,44028,2085,57244,6355,13395,477,37358,4036,6491,1842,56907,50456,6451,6151,1202,4949,4293,656,300,57463,51238,50565,39789,10776,673,6225,6225,2154,4071,6898,673,289,384,6225,1624,4601,6225,150,552,81,0,5322,120,53917,41241,12676,4762,11707,4533,402,129,378,87,189,13,57463,2805,181,858,62,272,3496,912,37,6138,57,51,3504,1080,6,233,586,91,74,477,488,0,838,146,46,104,524,32,17780,17197,14738
2022,Ward County; Texas,4264,2361,1074,190,124,926,130,581,112,787,199,363,235,1803,1143,2.63,3.06,11231,4264,2338,212,3334,961,122,4418,1343,2425,18,139,493,4222,992,2493,68,333,336,169,9,8,68,0,158,12,380,267,48,475,11,120,16,120,267,107,165,2742,215,67,1576,730,154,7184,729,692,2706,1831,411,621,194,5763,815,8055,414,11236,1451,3284,95,6474,834,1478,522,11154,10210,944,944,211,733,467,266,0,11347,10537,10423,9015,1408,114,810,810,426,384,924,114,6,108,810,56,754,810,10,58,0,0,742,0,10479,6855,3624,987,3552,934,1,0,71,53,0,0,11347,411,0,21,8,21,858,38,10,320,0,0,384,39,0,39,9,5,0,50,43,0,50,10,0,0,14,0,4264,3878,3278
2022,Washington County; Texas,14482,7142,2340,607,129,2754,137,2064,918,3979,399,2431,1201,3379,5681,2.31,2.97,33396,14482,7266,496,8801,1894,457,14317,4697,7596,306,446,1272,15194,3936,7498,154,1551,2055,390,153,36,53,35,98,11,559,255,48,477,4,8,3,240,255,176,187,9122,706,458,3588,1731,2639,24195,994,1492,7627,5257,1844,4631,2350,21709,6981,28123,1986,34843,4945,7584,279,19756,2047,7503,2619,35539,30698,4841,4697,1499,3198,2733,465,144,35807,34123,33967,27887,6080,156,1684,1684,611,1073,1840,156,0,156,1684,334,1350,1684,100,204,1,0,1349,30,33920,29536,4384,1272,4010,1242,240,6,128,24,6,0,35807,2177,47,470,34,158,2558,702,95,9066,24,122,2875,338,4,234,1027,27,31,397,473,0,18,220,113,27,31,51,14482,12471,11801
2022,Webb County; Texas,77797,40223,21494,5038,3039,10471,920,6062,1364,22065,7517,7225,4133,39193,19844,3.40,3.86,264293,77797,40125,5162,107038,30910,3261,96666,38973,47878,2093,1681,6041,99867,35473,43150,4196,7975,9073,4408,1899,50,66,16,120,30,10721,3148,48,479,662,561,221,1704,3148,1995,2163,84869,3325,6081,39017,19284,17162,150530,23908,22566,32953,28341,11778,22081,8903,104056,30984,182053,4941,265442,34672,85060,4746,154819,16967,25563,12959,263498,236866,26632,23856,20713,3143,2290,853,2776,267282,200318,195710,181102,14608,4608,66964,66964,22074,44890,71572,4608,2012,2596,66964,15201,51763,66964,349,888,224,0,65418,85,244692,27868,216824,95793,214937,95232,618,129,1051,294,218,138,267282,3300,78,28,99,217,911,420,86,2354,32,23,1428,776,29,45,317,15,156,694,109,23,301,35,61,26,30,27,77797,72122,63028
2022,Wharton County; Texas,15148,7593,3064,506,310,3089,205,2327,772,3960,815,1860,1272,5024,5362,2.70,3.35,40955,15148,7529,578,13203,3806,691,16196,5551,8474,170,523,1478,16640,4719,8460,169,1726,1566,697,265,54,76,56,140,22,1173,442,48,481,0,103,132,207,442,287,295,9798,406,549,4537,2412,1894,27211,2296,2796,8469,5886,2837,3508,1419,22119,4927,30897,1964,41234,6207,10717,276,23506,2790,7011,3141,41256,37383,3873,3729,2036,1693,1671,22,144,41614,37770,37650,34184,3466,120,3844,3844,1386,2458,3964,120,49,71,3844,495,3349,3844,46,70,40,0,3629,59,38785,28382,10403,3542,10140,3491,205,22,58,29,0,0,41614,1257,58,4423,127,139,2371,541,43,4405,0,0,1392,250,18,44,184,0,56,297,408,0,72,137,23,0,61,5,15148,12941,12197
2022,Wheeler County; Texas,1908,1074,443,28,8,310,39,220,103,496,102,220,125,756,656,2.57,2.98,4898,1908,1060,37,1290,491,112,1961,344,1272,13,140,192,2012,418,1066,35,239,254,41,0,0,37,0,124,2,263,155,48,483,34,59,0,62,155,93,72,1097,58,104,537,342,56,3452,237,253,1369,808,189,502,94,2962,596,3757,229,4898,798,1223,91,2726,383,949,324,4927,4295,632,632,313,319,234,85,0,4980,4526,4475,3284,1191,51,454,454,82,372,505,51,38,13,454,142,312,454,9,39,0,0,406,0,4680,3783,897,414,849,408,13,0,17,6,18,0,4980,205,10,27,0,169,412,40,30,394,2,0,609,39,0,37,0,0,31,25,95,0,0,30,6,0,13,0,1908,1695,1542
2022,Wichita County; Texas,48604,21222,8000,3209,987,9829,669,7158,1864,14344,2749,7923,3924,13983,14004,2.42,3.05,117381,48604,21249,3163,33963,7326,3076,54415,21536,24984,762,1550,5583,50554,14624,22091,1488,4979,7372,1334,410,25,46,10,78,22,2307,1510,48,485,219,268,227,796,1510,974,1070,31497,1537,1710,13235,6308,8707,83476,4555,5838,26535,19657,6968,12624,7299,73083,19923,94803,11349,117358,18804,29170,1634,69833,9776,18355,7394,128411,103434,24977,24052,11275,12777,6329,6448,925,129584,121543,119391,79623,39768,2152,8041,8041,3015,5026,10193,2152,601,1551,8041,2846,5195,8041,834,2131,932,26,3994,124,121630,105906,15724,4621,11845,3510,1273,381,1825,659,781,71,129584,8910,187,331,254,1271,10984,1562,379,14575,106,64,11575,2150,134,822,1031,133,167,1065,1910,14,1822,838,190,24,491,359,48604,44427,41541
2022,Wilbarger County; Texas,4626,1868,726,356,203,868,2,743,225,1534,222,920,507,1272,1502,2.55,3.32,11796,4626,1829,401,3628,980,332,5241,2020,2021,131,365,704,5341,1717,2208,38,597,781,177,76,45,61,0,139,7,217,119,48,487,14,83,0,22,119,105,32,2940,42,205,1218,754,721,8703,755,1121,2888,1973,518,1101,347,6827,1448,9881,786,12352,3064,2878,300,7424,1790,2050,974,12646,10377,2269,2259,1553,706,656,50,10,12795,12057,11976,9255,2721,81,738,738,358,380,819,81,41,40,738,147,591,738,18,227,3,0,485,5,11953,9610,2343,573,2063,542,22,0,256,29,2,2,12795,604,0,74,0,96,1085,289,0,1314,2,3,986,94,2,0,37,0,11,41,173,43,39,77,37,9,14,0,4626,4271,3404
2022,Willacy County; Texas,5414,2607,1095,332,183,839,29,657,196,1636,422,613,389,2214,2010,3.52,4.19,19049,5414,2567,386,6999,3085,598,9036,3759,3868,442,163,804,7211,2491,2800,344,819,757,381,225,87,90,76,168,18,952,218,48,489,95,29,27,67,218,154,172,4951,244,274,2237,1313,883,12926,2205,1998,4784,1893,691,994,361,8723,1355,15423,627,19063,2870,4885,225,11304,1382,2874,1263,19975,18691,1284,1263,388,875,788,87,21,20308,17682,17415,16018,1397,267,2626,2626,907,1719,2893,267,32,235,2626,294,2332,2626,0,21,0,0,2605,0,19072,7254,11818,3035,11815,3035,0,0,3,0,0,0,20308,398,0,95,9,3,142,21,0,501,12,0,307,28,15,10,8,0,0,53,24,0,26,22,0,6,19,82,5414,4590,3807
2022,Williamson County; Texas,229906,132339,64716,14633,4365,33665,3012,23049,5105,49269,9918,28365,12570,87491,53576,2.67,3.15,613301,229906,131769,15198,188407,32369,15652,242396,74807,141731,3101,4874,17883,249129,64001,137345,3596,14640,29547,8923,1567,21,56,7,95,39,9963,3142,48,491,786,408,706,1242,3142,1849,2392,160350,11243,9195,69654,35665,34593,414552,11511,12919,75113,86188,36949,123988,67884,390122,191872,463591,38460,614086,61524,152471,5995,385099,33152,76516,22377,610907,506676,104231,100240,42926,57314,34838,22476,3991,617396,528316,516248,308414,207834,12068,89080,89080,42449,46631,101148,12068,3181,8887,89080,31057,58023,89080,7926,39251,4963,418,34819,1703,579812,441336,138476,40120,80948,24991,22817,5314,28321,8537,6390,1278,617396,28129,4852,9014,3316,5163,67015,14825,2213,88243,1325,1492,53072,18336,719,6306,10803,1753,3170,7525,12994,409,7187,6907,1761,1073,4377,1611,229906,225461,218580
2022,Wilson County; Texas,17345,12005,5073,610,211,2123,39,1516,623,2607,536,1336,800,6781,5325,2.88,3.22,49888,17345,12091,546,14771,4286,849,20540,5378,13160,142,469,1391,20163,4623,12490,334,1256,1460,421,84,17,38,4,81,16,1516,497,48,493,42,126,75,254,497,310,414,12192,673,554,5667,3038,2260,34277,1622,1548,11192,8105,3106,6216,2488,31107,8704,38305,4596,49733,6109,11916,663,30063,2789,7754,2657,49865,45603,4262,4201,1041,3160,2437,723,61,50381,48223,47603,38792,8811,620,2158,2158,884,1274,2778,620,183,437,2158,447,1711,2158,75,196,12,84,1774,17,47567,37233,10334,2913,9702,2771,506,115,119,27,7,0,50381,2303,0,834,31,236,4504,718,73,8308,259,53,4101,1056,16,317,3466,22,11,710,605,9,36,388,31,8,150,0,17345,16523,14957
2022,Winkler County; Texas,2685,1563,690,234,138,379,5,260,54,509,94,303,190,1102,870,2.79,3.16,7490,2685,1471,322,2478,485,49,3072,1043,1647,9,33,340,2764,566,1570,62,164,402,128,79,114,82,0,252,21,236,106,48,495,0,20,0,86,106,82,74,1789,41,94,825,729,100,4675,583,704,1697,988,278,350,75,3388,425,5400,272,7496,681,2182,15,4285,340,1029,326,7529,6839,690,669,438,231,191,40,21,7582,6453,6392,5151,1241,61,1129,1129,608,521,1190,61,13,48,1129,197,932,1129,3,43,0,0,1083,0,7065,3757,3308,1003,3265,960,0,0,43,43,0,0,7582,317,0,0,0,99,378,114,0,390,0,3,374,8,0,15,9,0,0,31,20,0,0,0,0,0,29,69,2685,2454,2264
2022,Wise County; Texas,24079,14671,6098,1148,523,3892,400,2660,873,4368,956,2081,1190,9385,7237,2.87,3.26,69168,24079,14684,1129,20888,6119,2269,28224,7676,16388,462,865,2833,27774,5664,15660,478,2440,3532,919,359,50,60,42,108,24,2548,373,48,497,73,68,66,166,373,260,252,16183,699,670,8137,4156,2521,47242,2689,3443,16017,11571,3693,7054,2775,41110,9829,52873,3987,69195,10926,17189,729,41577,6235,10429,3962,69231,61274,7957,7876,2267,5609,4836,773,81,70062,64889,64272,46632,17640,617,5173,5173,1599,3574,5790,617,153,464,5173,933,4240,5173,175,314,58,32,4556,38,65915,55022,10893,4287,10085,4139,422,53,367,89,19,6,70062,4038,23,363,206,739,7913,866,143,7720,31,40,5961,1010,22,590,645,101,161,625,1164,0,166,312,30,48,431,87,24079,22972,20943
2022,Wood County; Texas,17824,9795,2553,711,235,2809,245,2049,1000,4509,639,3065,1979,4373,8264,2.45,2.98,43706,17824,9764,734,10476,3436,1472,19224,5259,10556,193,835,2381,19168,3555,10218,244,2441,2710,483,135,34,60,6,84,61,1049,559,48,499,94,164,85,216,559,316,446,8913,396,492,3753,2406,1866,32972,1762,2823,10455,8666,2298,4216,2752,28387,6968,36804,4425,44285,8879,8537,699,23873,3749,11875,4431,44899,37428,7471,7402,2996,4406,3660,746,69,45341,43299,42913,30784,12129,386,2042,2042,703,1339,2428,386,101,285,2042,621,1421,2042,271,285,52,108,1318,8,43270,39245,4025,1499,3203,1295,425,72,200,52,197,80,45341,4773,6,142,44,401,5416,789,140,4354,12,4,4940,452,58,246,278,6,47,878,786,0,108,288,16,4,406,55,17824,16342,14878
2022,Yoakum County; Texas,2654,1575,906,85,82,313,0,200,7,681,154,283,114,1386,604,2.87,3.31,7606,2654,1564,104,2396,818,70,2755,629,1779,55,64,228,2799,557,1586,89,179,388,74,12,15,41,17,74,18,516,365,48,501,46,123,0,196,365,183,346,2087,134,94,1049,447,363,4596,882,566,1293,1176,234,394,51,3148,445,5168,150,7606,688,2462,19,4403,410,741,259,7556,6942,614,614,319,295,290,5,0,7630,5740,5496,4600,896,244,1890,1890,432,1458,2134,244,222,22,1890,613,1277,1890,13,0,0,0,1854,23,6955,2657,4298,1617,3934,1405,364,212,0,0,0,0,7630,277,0,17,0,0,326,27,0,277,0,0,129,18,0,27,17,0,0,12,193,0,33,3,0,0,0,0,2654,2559,2411
2022,Young County; Texas,7565,3741,1374,561,314,1447,42,1068,273,1816,419,1162,809,2289,2798,2.33,2.85,17629,7565,3710,590,4593,809,362,7044,1680,4224,77,393,670,7360,1735,3910,23,891,801,207,108,58,55,24,114,19,185,150,48,503,3,98,3,46,150,89,112,3940,299,132,2155,945,409,12426,641,837,4077,3073,997,2002,799,10948,2801,13627,1120,17634,2710,4276,98,9792,1509,3566,1103,17752,14641,3111,2984,1892,1092,732,360,127,17903,16528,16442,12988,3454,86,1375,1375,436,939,1461,86,42,44,1375,166,1209,1375,103,62,23,0,1187,0,16919,14373,2546,1312,2370,1280,46,0,107,32,23,0,17903,1367,0,60,20,86,2068,167,0,1331,8,16,1122,162,0,86,45,0,0,314,305,0,0,17,20,0,5,5,7565,6888,6622
2022,Zapata County; Texas,4580,1557,776,568,465,1139,193,735,297,1316,392,567,379,2011,1449,3.01,3.67,13776,4580,1544,586,5229,1605,232,4966,2136,1802,190,178,660,5142,1644,2119,162,765,452,288,232,124,89,0,193,0,382,118,48,505,51,0,0,67,118,52,118,4398,365,338,2064,1191,440,7912,1557,1166,2342,1458,491,722,176,5189,898,9363,312,13776,2230,4533,373,7384,1055,1859,802,13695,12623,1072,1006,439,567,554,13,66,13896,10866,10580,9901,679,286,3030,3030,1010,2020,3316,286,146,140,3030,315,2715,3030,0,0,0,0,3030,0,12762,1819,10943,4020,10943,4020,0,0,0,0,0,0,13896,204,0,10,0,8,178,5,0,313,0,0,127,28,0,3,139,3,0,0,0,0,47,3,0,0,0,0,4580,3798,2998
2022,Zavala County; Texas,3427,1557,502,304,193,656,139,325,132,910,292,244,160,1415,1271,2.81,3.10,9634,3427,1481,383,3150,1132,61,3886,1570,1820,173,47,276,3503,1221,1470,110,257,445,80,80,60,40,0,9,90,311,126,48,507,20,0,22,84,126,86,107,2631,200,58,1103,895,375,5822,959,639,1639,1272,512,588,213,4224,801,6834,341,9615,1638,2847,202,5209,720,1559,716,9564,9230,334,334,235,99,99,0,0,9700,8952,8858,8136,722,94,748,748,362,386,842,94,8,86,748,58,690,748,20,0,22,0,706,0,9003,2623,6380,1482,6380,1482,0,0,0,0,0,0,9700,210,0,0,0,20,19,7,0,56,0,0,133,0,0,0,0,0,0,0,22,0,0,0,0,0,0,0,3427,3084,2749
