year,county_name,households_by_type_total_households,households_by_type_family_households_families,households_by_type_family_households_families_with,households_by_type_family_households_families_marr,households_by_type_family_households_families_marr,households_by_type_family_households_families_male,households_by_type_family_households_families_male,households_by_type_family_households_families_fema,households_by_type_family_households_families_fema,households_by_type_nonfamily_households,households_by_type_nonfamily_households_householde,households_by_type_nonfamily_households_householde,households_by_type_households_with_one_or_more_peo,households_by_type_households_with_one_or_more_peo,households_by_type_average_household_size,households_by_type_average_family_size,relationship_population_in_households,relationship_householder,relationship_spouse,relationship_child,relationship_other_relatives,relationship_nonrelatives,relationship_nonrelatives_unmarried_partner,marital_status_males_15_years_and_over,marital_status_never_married,marital_status_now_married_except_separated,marital_status_separated,marital_status_widowed,marital_status_divorced,marital_status_females_15_years_and_over,marital_status_never_married,marital_status_now_married_except_separated,marital_status_separated,marital_status_widowed,marital_status_divorced,fertility_number_of_women_15_to_50_years_old_who_h,fertility_unmarried_women_widowed_divorced_and_nev,fertility_unmarried_women_widowed_divorced_and_nev,fertility_per_1000_women_15_to_50_years_old,fertility_per_1000_women_15_to_50_years_old_per_10,fertility_per_1000_women_15_to_50_years_old_per_10,fertility_per_1000_women_15_to_50_years_old_per_10,grandparents_number_of_grandparents_living_with_ow,grandparents_responsible_for_grandchildren,grandparents_responsible_for_grandchildren_years_r,state_fips,county_fips,grandparents_responsible_for_grandchildren_years_r,grandparents_responsible_for_grandchildren_years_r,grandparents_responsible_for_grandchildren_years_r,grandparents_number_of_grandparents_responsible_fo,grandparents_who_are_female,grandparents_who_are_married,school_enrollment_population_3_years_and_over_enro,school_enrollment_nursery_school_preschool,school_enrollment_kindergarten,school_enrollment_elementary_school_grades_1_8,school_enrollment_high_school_grades_9_12,school_enrollment_college_or_graduate_school,educational_attainment_population_25_years_and_ove,educational_attainment_less_than_9th_grade,educational_attainment_9th_to_12th_grade_no_diplom,educational_attainment_high_school_graduate_includ,educational_attainment_some_college_no_degree,educational_attainment_associates_degree,educational_attainment_bachelors_degree,educational_attainment_graduate_or_professional_de,educational_attainment_percent_high_school_graduat,educational_attainment_percent_bachelors_degree_or,veteran_status_civilian_population_18_years_and_ov,veteran_status_civilian_veterans,disability_status_of_the_civilian_noninstitutional,disability_status_of_the_civilian_noninstitutional,disability_status_of_the_civilian_noninstitutional,disability_status_of_the_civilian_noninstitutional,disability_status_of_the_civilian_noninstitutional,disability_status_of_the_civilian_noninstitutional,disability_status_of_the_civilian_noninstitutional,disability_status_of_the_civilian_noninstitutional,residence_1_year_ago_population_1_year_and_over,residence_1_year_ago_same_house,residence_1_year_ago_different_house_in_the_u.s.,residence_1_year_ago_different_house_in_the_u.s._s,residence_1_year_ago_different_house_in_the_u.s._d,residence_1_year_ago_different_house_in_the_u.s._d,residence_1_year_ago_different_house_in_the_u.s._d,residence_1_year_ago_abroad,place_of_birth_total_population,place_of_birth_native,place_of_birth_native_born_in_united_states,place_of_birth_native_born_in_united_states_state_,place_of_birth_native_born_in_united_states_differ,place_of_birth_native_born_in_puerto_rico_u.s._isl,place_of_birth_foreign_born,u.s._citizenship_status_foreign_born_population,u.s._citizenship_status_naturalized_u.s._citizen,u.s._citizenship_status_not_a_u.s._citizen,year_of_entry_population_born_outside_the_united_s,year_of_entry_native,year_of_entry_entered_2010_or_later,year_of_entry_entered_before_2010,year_of_entry_foreign_born,year_of_entry_entered_2010_or_later,year_of_entry_entered_before_2010,world_region_of_birth_of_foreign_born_foreign_born,world_region_of_birth_of_foreign_born_europe,world_region_of_birth_of_foreign_born_asia,world_region_of_birth_of_foreign_born_africa,world_region_of_birth_of_foreign_born_oceania,world_region_of_birth_of_foreign_born_latin_americ,world_region_of_birth_of_foreign_born_northern_ame,language_spoken_at_home_population_5_years_and_ove,language_spoken_at_home_english_only,language_spoken_at_home_language_other_than_englis,language_spoken_at_home_language_other_than_englis,language_spoken_at_home_language_other_than_englis,language_spoken_at_home_language_other_than_englis,language_spoken_at_home_language_other_than_englis,language_spoken_at_home_language_other_than_englis,language_spoken_at_home_language_other_than_englis,language_spoken_at_home_language_other_than_englis,language_spoken_at_home_language_other_than_englis,language_spoken_at_home_language_other_than_englis,ancestry_total_population,ancestry_american,ancestry_arab,ancestry_czech,ancestry_danish,ancestry_dutch,ancestry_english,ancestry_french_except_basque,ancestry_french_canadian,ancestry_german,ancestry_greek,ancestry_hungarian,ancestry_irish,ancestry_italian,ancestry_lithuanian,ancestry_norwegian,ancestry_polish,ancestry_portuguese,ancestry_russian,ancestry_scotch_irish,ancestry_scottish,ancestry_slovak,ancestry_subsaharan_african,ancestry_swedish,ancestry_swiss,ancestry_ukrainian,ancestry_welsh,ancestry_west_indian_excluding_hispanic_origin_gro
2012,Polk County; Texas,17038,11899,4380,8352,2426,1024,404,2523,1550,5139,4637,2417,5324,6266,2.43,2.88,41360,17038,8293,10646,3428,1955,853,20168,6028,10027,504,792,2817,17513,2941,8865,639,2330,2738,480,167,41,57,34,131,5,1386,834,168,48,373,216,148,302,834,565,593,9279,607,601,3977,2414,1680,32316,2717,4670,11367,8189,1487,2539,1347,-888888888,-888888888,36079,4750,41432,10251,9538,645,23553,5373,8341,4233,45181,38624,6297,3015,3282,2931,351,260,45618,42759,42578,32631,9947,181,2859,2859,552,2307,3040,181,0,181,2859,340,2519,2859,228,245,33,7,2316,30,42991,37246,5745,2247,4988,2027,410,97,81,61,266,62,45618,2468,8,823,57,747,4671,2134,221,6090,63,53,6556,1239,125,249,308,50,65,1308,571,12,106,213,12,2,215,51
2012,Refugio County; Texas,2784,2005,703,1445,450,139,47,421,206,779,683,367,928,1054,2.53,3.03,7055,2784,1460,1959,654,198,112,2965,833,1629,66,46,391,2993,723,1477,50,509,234,133,76,95,87,37,237,30,326,152,25,48,391,7,5,115,152,103,100,1685,84,67,795,490,249,4951,543,595,1590,1372,354,299,198,-888888888,-888888888,5589,596,7055,1579,1763,156,3958,780,1334,643,7207,6069,1137,782,355,270,85,1,7352,7116,7077,6305,772,39,236,236,56,180,275,39,0,39,236,2,234,236,20,47,0,0,169,0,6921,5023,1898,512,1811,455,58,52,26,5,3,0,7352,222,0,382,4,68,572,152,3,1217,0,9,604,141,20,24,44,3,6,65,142,3,24,66,15,3,19,0
2012,Van Zandt County; Texas,19330,13625,5202,10734,3686,799,331,2092,1185,5705,5060,2610,6105,6549,2.67,3.23,51627,19330,10794,15582,4047,1874,752,20646,4848,11607,406,760,3025,21618,3570,11650,691,2958,2749,474,71,14,43,12,101,12,1576,832,122,48,467,232,67,411,832,519,613,11924,546,553,5915,2991,1919,36011,2395,4871,13355,8521,2354,3074,1441,-888888888,-888888888,39932,4807,51735,10107,12555,847,30044,5100,9136,4160,51963,46028,5882,3480,2402,2063,339,53,52507,50332,50068,39765,10303,264,2175,2175,896,1279,2439,264,0,264,2175,32,2143,2175,151,180,17,0,1696,131,49383,45571,3812,1499,3485,1413,176,10,107,60,44,16,52507,5810,45,401,104,896,7990,978,43,6850,42,72,7197,333,91,372,418,135,186,645,1213,0,50,239,25,16,155,111
2012,Caldwell County; Texas,11640,8176,3657,5677,2164,600,222,1899,1271,3464,2983,1229,4302,2958,3.02,3.65,35135,11640,5646,12331,3685,1833,693,15118,5490,6896,407,363,1962,14953,4122,6730,626,1400,2075,298,117,23,32,47,54,9,1302,502,64,48,055,183,81,174,502,271,443,9826,633,642,4372,2626,1553,23776,2322,2988,9038,4582,1301,2498,1047,-888888888,-888888888,28091,2709,35898,5857,9864,743,21728,3264,4306,1850,37875,31531,6207,1665,4542,4086,456,137,38152,36026,35764,29975,5789,262,2126,2126,581,1545,2388,262,0,262,2126,67,2059,2126,156,43,19,7,1853,48,35535,24920,10615,2671,10450,2619,82,14,65,36,18,2,38152,1346,8,385,93,317,2845,526,78,5005,5,80,3794,577,36,362,270,34,16,549,408,13,52,209,79,32,110,15
2012,Wilbarger County; Texas,5125,3357,1485,2370,855,321,135,666,495,1768,1519,676,1638,1514,2.47,3.10,12653,5125,2382,3798,868,480,295,5252,1839,2611,92,174,536,5422,1229,2610,103,646,834,201,90,52,65,21,170,0,363,204,73,48,487,27,64,40,204,138,128,3335,250,226,1394,983,482,8463,724,1202,2728,1768,501,1057,483,-888888888,-888888888,10000,1052,13032,2277,3326,82,7637,1251,2069,944,13243,11043,2145,986,1159,864,295,55,13451,12872,12806,10587,2219,66,579,579,132,447,645,66,0,66,579,33,546,579,19,61,0,0,497,2,12491,10686,1805,858,1694,824,58,0,53,34,0,0,13451,1692,16,82,0,167,723,273,0,1260,21,0,1394,206,0,8,118,0,0,200,127,0,64,28,51,0,42,19
2012,Martin County; Texas,1531,1171,631,924,507,79,41,168,83,360,344,152,708,403,3.07,3.60,4697,1531,913,1817,316,120,79,1755,516,1034,39,70,96,1885,468,916,93,248,160,67,16,27,59,0,176,0,161,32,0,48,317,3,25,4,32,30,3,1342,150,66,583,353,190,2949,584,280,1015,611,142,234,83,-888888888,-888888888,3390,225,4725,724,1414,0,2725,402,586,322,4722,4053,627,125,502,475,27,42,4804,4289,4281,3800,481,8,515,515,56,459,523,8,0,8,515,0,515,515,0,0,0,0,506,9,4427,3187,1240,478,1127,422,111,56,0,0,2,0,4804,69,0,0,26,50,290,12,26,597,0,0,529,7,0,14,2,0,0,15,18,0,0,20,0,0,17,83
2012,Reagan County; Texas,1172,913,428,793,397,45,0,75,31,259,203,64,523,225,2.83,3.27,3315,1172,820,1005,246,72,55,1370,230,971,13,40,116,1204,182,791,11,119,101,36,22,80,47,0,104,0,127,104,24,48,383,57,0,23,104,54,88,885,46,21,541,209,68,2089,488,274,768,338,52,121,48,-888888888,-888888888,2396,111,3315,255,981,8,2019,129,315,118,3371,2922,449,187,262,227,35,0,3384,2602,2602,2349,253,0,782,782,117,665,782,0,0,0,782,0,782,782,0,0,5,0,777,0,3161,1551,1610,686,1605,686,0,0,0,0,5,0,3384,228,0,7,0,7,153,36,0,197,0,0,179,7,0,0,0,10,0,11,38,0,27,9,0,0,3,23
2012,Yoakum County; Texas,2610,2042,984,1701,797,119,59,222,128,568,549,207,1060,606,3.01,3.46,7868,2610,1712,2768,552,226,26,2829,595,1914,16,103,201,2926,519,1855,88,258,206,90,17,24,48,0,118,10,204,123,0,48,501,76,0,47,123,72,123,2094,107,190,1144,476,177,4787,954,567,1428,828,249,577,184,-888888888,-888888888,5353,288,7868,914,2565,31,4431,589,872,294,7783,6721,847,520,327,248,79,215,7918,5880,5853,4793,1060,27,2038,2038,354,1684,2065,27,0,27,2038,47,1991,2038,50,17,0,0,1971,0,7178,3454,3724,2289,3543,2172,147,91,34,26,0,0,7918,420,17,0,2,109,262,72,0,535,0,2,483,100,0,7,117,0,0,51,77,0,0,6,0,0,4,0
2012,Hale County; Texas,11709,8659,4381,6457,2891,357,226,1845,1264,3050,2667,1087,5177,2850,2.80,3.32,32746,11709,6449,11306,2299,983,490,14324,4502,7382,242,434,1764,13081,3094,6861,367,1234,1525,635,191,50,78,60,147,17,1475,701,162,48,189,156,131,252,701,424,589,10239,625,486,4855,2376,1897,21676,3117,3468,6636,4527,1003,1953,972,-888888888,-888888888,25767,2052,33220,4021,10360,265,18743,1875,4117,1881,35625,27978,7553,3252,4301,3534,767,94,36153,32833,32478,27541,4937,355,3320,3320,1146,2174,3675,355,8,347,3320,25,3295,3320,27,96,7,0,3132,58,33212,20936,12276,3552,12059,3501,127,28,79,23,11,0,36153,1789,10,42,14,325,1821,464,10,3304,0,6,2298,270,23,99,126,67,141,251,347,0,472,74,32,25,33,24
2012,Shelby County; Texas,9768,6958,2947,4839,1789,632,290,1487,868,2810,2443,1239,3656,2853,2.58,3.06,25197,9768,4795,7397,2154,1083,624,9686,2798,5306,210,338,1034,10201,2385,5095,318,1332,1071,474,180,60,81,142,102,43,809,568,27,48,419,232,67,242,568,301,484,5958,692,225,2800,1363,878,16278,1656,2280,6027,3561,550,1608,596,-888888888,-888888888,18772,1747,25237,5165,6827,709,14684,2789,3726,1667,25264,22382,2835,1664,1171,851,320,47,25602,23180,23059,18268,4791,121,2422,2422,368,2054,2543,121,0,121,2422,140,2282,2422,0,76,60,0,2255,31,23669,20108,3561,1713,3352,1668,50,21,76,24,83,0,25602,5066,23,17,32,332,1990,852,73,1728,0,1,2668,196,0,87,99,0,12,294,350,0,202,168,0,4,111,0
2012,Red River County; Texas,4945,3355,1259,2395,749,262,116,698,394,1590,1422,639,1542,1665,2.53,3.12,12528,4945,2430,3536,1147,470,174,4950,1386,2529,93,214,728,5588,1072,2752,137,737,890,156,84,55,54,0,126,12,472,401,50,48,387,41,220,90,401,239,309,2902,141,146,1329,608,678,9187,820,1417,3422,1836,564,892,236,-888888888,-888888888,10040,1103,12524,2977,2742,191,7290,1545,2492,1241,12678,11105,1509,739,770,614,156,64,12795,12424,12326,9973,2353,98,371,371,43,328,469,98,0,98,371,8,363,371,10,15,8,0,326,12,12091,11415,676,381,580,349,69,24,8,0,19,8,12795,1361,0,7,2,201,740,208,6,1316,9,0,1800,60,0,34,26,0,17,87,143,0,675,5,57,0,49,114
2012,Runnels County; Texas,3976,2899,1168,2209,694,119,52,571,422,1077,991,550,1304,1304,2.57,3.02,10202,3976,2206,2901,759,360,128,4128,1110,2468,41,109,400,4267,752,2343,149,486,537,136,93,93,64,25,164,0,240,155,40,48,399,32,4,79,155,82,118,2294,158,71,1202,637,226,7131,755,732,2735,1657,139,779,334,-888888888,-888888888,7920,811,10211,1263,2553,38,5785,501,1873,724,10301,9423,868,582,286,234,52,10,10473,9917,9854,8932,922,63,556,556,263,293,619,63,0,63,556,0,556,556,16,28,0,0,508,4,9814,8313,1501,564,1438,521,32,20,31,23,0,0,10473,381,0,215,9,66,1646,149,5,2074,0,0,1200,120,0,21,71,0,10,173,42,0,0,24,0,0,28,0
2012,Sutton County; Texas,1328,999,472,859,370,47,21,93,81,329,272,120,565,344,3.08,3.57,4093,1328,828,1381,360,196,40,1551,407,1006,1,24,113,1577,409,892,21,93,162,58,12,25,58,97,95,13,235,110,19,48,435,65,12,14,110,67,105,1148,110,62,552,310,114,2546,392,233,805,596,171,258,91,-888888888,-888888888,2888,169,4098,331,1235,10,2353,124,510,197,4089,3717,372,251,121,120,1,0,4123,3661,3640,3264,376,21,462,462,118,344,483,21,0,21,462,0,462,462,0,3,0,0,459,0,3821,1899,1922,681,1919,681,3,0,0,0,0,0,4123,197,0,25,0,123,200,33,0,384,0,0,339,9,0,11,0,0,6,49,45,0,0,1,0,0,0,0
2012,Tom Green County; Texas,41796,28184,11780,20343,7554,1954,814,5887,3412,13612,11387,4420,13899,10998,2.50,3.05,104695,41796,20330,29481,7850,5238,2391,43010,14325,21946,809,1284,4646,45610,12163,21959,1205,4328,5955,1628,552,38,59,49,103,14,3086,1499,313,48,451,170,275,741,1499,912,1149,28818,1550,1428,11266,5355,9219,69299,5239,6923,21554,16329,4380,10135,4739,-888888888,-888888888,80514,9254,105326,14122,25908,1345,64539,7229,14879,5548,108947,81771,26445,13775,12670,6633,6037,731,110434,102894,101385,77962,23423,1509,7540,7540,3267,4273,9049,1509,13,1496,7540,94,7446,7540,576,862,19,28,5999,56,102757,77615,25142,7151,23320,6501,974,340,690,287,158,23,110434,7381,142,1082,175,1258,8043,2471,328,14678,265,114,9332,1872,34,539,673,144,152,1616,1709,51,145,415,74,42,355,130
2012,Victoria County; Texas,31927,22782,10251,15923,5813,1826,1048,5033,3390,9145,7651,3051,12091,8066,2.69,3.17,85919,31927,15970,26833,6666,4523,1890,32783,10318,17078,526,935,3926,35008,8359,16884,1263,3476,5026,1348,722,68,67,85,116,13,3145,1401,311,48,469,252,316,522,1401,871,1118,21906,1644,1171,10548,4695,3848,56137,4670,5664,17446,14569,4421,6592,2775,-888888888,-888888888,63904,5807,86102,12875,23131,1081,51667,7237,11304,4557,85808,69140,16461,11138,5323,4056,1267,207,87188,82465,81891,71392,10499,574,4723,4723,1765,2958,5297,574,16,558,4723,147,4576,4723,111,735,72,33,3718,54,80635,60579,20056,5334,18439,4796,809,231,588,305,220,2,87188,3612,648,4614,60,914,5281,2399,370,17651,220,48,7836,2169,62,371,1205,196,71,1042,909,0,212,535,85,19,594,85
2012,Wharton County; Texas,14638,9866,4184,6832,2424,829,444,2205,1316,4772,4437,2016,5058,4275,2.77,3.51,40518,14638,6875,14320,3570,1115,496,15599,5312,7762,329,603,1593,16479,4422,7595,616,1829,2017,550,417,81,59,26,136,2,1394,603,151,48,481,161,126,165,603,410,464,10376,982,727,4785,2384,1498,26483,3728,3276,8704,5040,1599,3099,1037,-888888888,-888888888,30213,2284,40801,5906,10939,392,24017,2721,5845,2793,40706,36155,4429,3207,1222,1029,193,122,41153,37330,37202,33787,3415,128,3823,3823,997,2826,3951,128,29,99,3823,5,3818,3823,64,122,5,0,3614,18,38170,27639,10531,3627,9983,3486,450,57,62,53,36,31,41153,1248,29,6015,671,158,1596,630,27,6425,50,21,2745,597,12,135,410,12,82,520,223,9,57,346,40,0,127,0
2012,Wichita County; Texas,48135,31904,14519,23457,9528,2021,1070,6426,3921,16231,13653,4836,16439,11854,2.46,3.03,118499,48135,23480,34515,6773,5596,2937,54336,19790,26094,1078,1485,5889,51405,12975,25154,1430,5415,6431,1825,702,44,59,46,102,15,2808,1544,176,48,485,343,185,840,1544,956,1153,33446,1863,1945,12825,6458,10355,82540,4474,8294,27144,20352,5768,10976,5532,-888888888,-888888888,94312,12400,117972,16677,30158,1374,71628,8423,16186,6880,129310,102125,26491,13984,12507,5439,7068,694,131019,122078,120077,80692,39385,2001,8941,8941,3706,5235,10942,2001,28,1973,8941,306,8635,8941,876,2038,442,39,5357,189,122121,106477,15644,6651,12327,5264,1023,320,2111,1067,183,0,131019,17845,253,632,356,1687,8984,3016,523,18287,187,143,13259,2756,61,617,1333,159,319,1450,2397,31,2130,936,117,37,858,575
2012,Borden County; Texas,239,183,89,154,66,8,6,21,17,56,52,20,90,84,2.69,3.13,642,239,146,213,31,13,8,238,58,149,0,5,26,238,17,158,0,40,23,13,0,0,109,0,361,0,14,0,0,48,033,0,0,0,0,0,0,152,4,0,86,54,8,425,21,29,153,58,39,99,26,-888888888,-888888888,444,46,642,75,198,2,304,20,140,53,623,548,75,0,75,75,0,0,642,635,630,566,64,5,7,7,0,7,12,5,0,5,7,0,7,7,0,0,0,0,7,0,578,520,58,8,55,7,3,1,0,0,0,0,642,69,0,3,0,2,77,11,0,59,0,0,107,4,0,0,7,0,0,0,6,1,0,2,0,0,1,4
2012,Marion County; Texas,4620,3096,914,2337,573,124,35,635,306,1524,1396,597,1205,1712,2.25,2.76,10415,4620,2300,2340,822,333,204,4322,1154,2431,172,158,407,4541,665,2494,78,593,711,95,28,32,48,141,80,9,426,321,28,48,315,191,44,58,321,187,262,1800,133,153,901,314,299,7947,528,1043,3001,2020,488,465,402,-888888888,-888888888,8556,1344,10415,2563,1988,96,6162,1365,2265,1102,10460,9387,1063,372,691,453,238,10,10544,10351,10297,6825,3472,54,193,193,50,143,247,54,0,54,193,10,183,193,99,22,0,0,65,7,9956,9545,411,67,332,46,51,0,21,21,7,0,10544,1218,6,89,4,214,945,358,0,898,34,3,1307,89,0,15,31,0,83,82,210,15,34,16,0,0,25,72
2012,Maverick County; Texas,15448,12664,6862,9013,4790,719,302,2932,1770,2784,2517,1028,8053,3925,3.47,3.93,53587,15448,9005,21691,6394,1049,597,18872,5822,10934,483,530,1103,20377,5354,10530,1090,1824,1579,950,383,62,72,56,130,27,3266,1294,326,48,323,422,162,384,1294,670,1149,18478,1406,1118,8316,4825,2813,30316,8843,4331,6905,4783,1673,2628,1153,-888888888,-888888888,36011,1421,53676,8242,18092,829,29806,4028,5778,3385,53127,47256,5372,3791,1581,1113,468,499,54107,35012,33771,29365,4406,1241,19095,19095,7078,12017,20336,1241,0,1241,19095,512,18583,19095,0,108,101,0,18878,8,49350,3003,46347,23473,45901,23300,80,16,47,30,319,127,54107,257,73,0,0,30,204,64,0,411,0,0,235,108,0,48,2,37,0,41,33,0,11,35,37,0,0,0
2012,Grayson County; Texas,46600,32566,13568,23776,8371,2536,1443,6254,3754,14034,11625,4844,15567,13014,2.53,3.02,117927,46600,23741,33595,8426,5565,2781,46457,12584,25363,993,1480,6037,50163,10652,25025,1237,5376,7873,1462,655,46,53,58,99,11,3117,1795,410,48,181,387,333,665,1795,1088,1351,29499,1541,1594,13414,6142,6808,80420,4071,7323,25849,21184,6503,10524,4966,-888888888,-888888888,91615,9836,119084,17934,28918,1146,72187,9038,17979,7750,119376,96654,22384,15926,6458,4480,1978,338,120641,113970,112903,80911,31992,1067,6671,6671,1903,4768,7738,1067,8,1059,6671,151,6520,6671,698,986,275,6,4626,80,112853,101909,10944,4640,9096,4172,1371,272,278,163,199,33,120641,10688,276,522,175,2132,14723,3057,251,16632,84,51,16257,2632,59,727,930,182,479,1601,2482,0,990,996,151,70,647,260
2012,Live Oak County; Texas,3829,2769,920,2281,730,109,57,379,133,1060,948,534,1127,1472,2.59,3.07,9902,3829,2280,2773,688,332,159,5348,1523,2824,193,236,572,4327,871,2456,97,629,274,146,63,71,70,0,161,32,333,199,46,48,297,27,60,66,199,120,132,2474,107,140,1080,691,456,8297,714,1029,3076,1975,413,805,285,-888888888,-888888888,9207,1179,9921,2167,2319,192,5523,859,2079,1116,11386,9612,1728,609,1119,894,225,46,11526,10953,10910,8750,2160,43,573,573,206,367,616,43,0,43,573,10,563,573,40,78,0,0,429,26,10971,7869,3102,832,2939,785,62,0,88,46,13,1,11526,339,4,287,20,139,1093,612,18,2376,0,0,1623,78,0,84,208,0,5,225,155,0,37,98,87,0,34,18
2012,Palo Pinto County; Texas,10556,7414,3049,5532,1958,446,200,1436,891,3142,2717,1217,3546,3298,2.62,3.09,27697,10556,5511,8021,1993,1616,565,10802,2773,5972,272,326,1459,11437,2006,5861,355,1361,1854,302,64,22,49,33,112,3,723,422,77,48,363,26,112,207,422,224,332,6553,527,540,2907,1699,880,18728,1834,2154,6671,4554,779,1769,967,-888888888,-888888888,21020,2605,27673,4398,6956,381,16262,2282,4455,1735,27782,24021,3737,2295,1442,1228,214,24,28010,26301,26092,20543,5549,209,1709,1709,659,1050,1918,209,14,195,1709,15,1694,1709,99,144,0,10,1431,25,26099,22814,3285,1905,2965,1812,252,39,58,48,10,6,28010,2602,29,60,63,420,2156,492,59,2359,46,14,2244,233,0,100,75,0,5,321,494,5,3,125,33,42,23,88
2012,Karnes County; Texas,4496,3145,1477,2230,887,285,198,630,392,1351,1244,606,1617,1425,2.44,2.94,10970,4496,2240,3349,497,388,296,7762,3352,3022,334,264,790,4777,1128,2490,90,623,446,237,111,93,95,84,175,35,236,124,18,48,255,27,12,67,124,89,50,2881,231,149,1225,957,319,10401,1333,1673,3755,1912,631,802,295,-888888888,-888888888,12046,1195,10979,2421,2888,260,6216,1213,1875,948,14704,12091,2401,783,1618,1505,113,212,14936,14056,14033,12599,1434,23,880,880,69,811,903,23,0,23,880,76,804,880,9,10,37,0,824,0,14132,8732,5400,1582,5146,1533,212,42,0,0,42,7,14936,367,0,511,0,78,786,237,4,2261,0,3,891,113,0,53,1532,8,0,154,160,0,37,40,0,0,19,0
2012,DeWitt County; Texas,6890,4654,1699,3529,1135,212,79,913,485,2236,2115,932,1944,2461,2.66,3.39,18344,6890,3558,5693,1891,312,195,8743,2703,4053,209,410,1368,7886,1688,4018,213,1137,830,119,37,19,31,11,68,7,597,326,37,48,123,53,164,72,326,216,258,4180,389,194,1822,1147,628,14273,1514,1890,5254,3005,862,1130,618,-888888888,-888888888,15788,1704,18372,3348,4363,312,10652,1512,3357,1524,20026,17249,2746,1351,1395,1208,187,31,20156,19593,19481,17418,2063,112,563,563,119,444,675,112,0,112,563,8,555,563,19,96,0,0,428,20,19003,15485,3518,889,3198,873,263,10,44,6,13,0,20156,904,0,706,64,194,1062,617,28,5573,4,16,1804,112,0,71,540,0,0,237,348,0,13,114,18,0,60,8
2012,Callahan County; Texas,5182,3500,1387,2900,1057,134,58,466,272,1682,1525,782,1477,1777,2.59,3.24,13415,5182,2895,4134,803,401,159,5314,1225,3109,61,272,647,5580,1019,2856,166,717,822,189,98,72,65,31,162,15,195,107,8,48,059,42,27,30,107,67,83,3203,318,107,1495,736,547,9386,387,849,3316,2617,590,1147,480,-888888888,-888888888,10310,1367,13384,2320,3180,120,7772,1096,2432,1104,13370,11813,1513,606,907,830,77,44,13521,13267,13084,10494,2590,183,254,254,131,123,437,183,0,183,254,3,251,254,73,47,0,9,125,0,12706,12094,612,166,521,154,54,8,14,4,23,0,13521,902,20,34,7,351,1363,87,43,1662,0,18,2037,92,0,84,55,10,0,276,347,2,24,53,0,3,79,91
2012,Cass County; Texas,11739,7932,3072,5937,1878,460,295,1535,899,3807,3395,1503,3470,3888,2.53,3.11,29702,11739,5951,8875,1914,1223,558,11780,3044,6407,294,536,1499,12901,2625,6215,274,1746,2041,283,105,29,44,54,89,6,577,328,82,48,067,54,43,149,328,216,194,6938,438,559,2928,1556,1457,21207,956,2674,8122,5398,1185,1992,880,-888888888,-888888888,23393,3208,29705,6086,6928,561,17225,3126,5552,2399,30046,26541,3417,1785,1632,988,644,88,30324,29883,29733,21663,8070,150,441,441,223,218,591,150,0,150,441,0,441,441,57,44,2,0,338,0,28596,27618,978,313,803,290,103,0,58,23,14,0,30324,5168,15,262,20,595,2231,573,38,2603,0,0,3141,367,0,20,65,21,29,525,367,0,633,138,7,5,58,75
2012,Gregg County; Texas,45083,30802,14208,21643,8780,2422,1530,6737,3898,14281,12434,5014,15822,11532,2.60,3.17,117294,45083,21612,36624,8678,5297,2010,46234,14822,23702,1147,1689,4874,49283,11702,23246,2081,5759,6495,2107,967,67,72,58,135,15,2980,1702,463,48,183,430,292,517,1702,1131,1182,31328,2170,1846,13533,6659,7120,77658,5891,8391,21470,20028,6252,10769,4857,-888888888,-888888888,90397,8896,119254,18217,30990,1629,72725,10127,15539,6461,119738,96782,22144,12980,9164,6676,2488,812,121451,109813,109031,81496,27535,782,11638,11638,2700,8938,12420,782,24,758,11638,425,11213,11638,445,962,276,59,9771,125,112401,94748,17653,8529,15848,8002,745,216,834,268,226,43,121451,13377,256,366,226,1468,12646,4229,310,11805,156,57,13112,2073,58,624,698,1,150,1320,2864,90,510,413,84,67,550,381
2012,Madison County; Texas,3588,2609,898,1956,504,141,74,512,320,979,925,507,1042,1274,2.92,3.45,10487,3588,1967,3484,941,507,119,6737,3180,2566,282,37,672,4514,950,2245,123,501,695,218,83,68,90,21,209,19,360,162,38,48,313,14,19,91,162,91,116,3526,61,64,1412,1319,670,8777,750,1101,3387,2037,582,733,187,-888888888,-888888888,10698,835,10539,1336,2892,73,5863,506,1784,757,13321,11861,1433,507,926,887,39,27,13590,12763,12631,10696,1935,132,827,827,249,578,959,132,0,132,827,4,823,827,13,13,8,0,771,22,12855,10390,2465,582,2367,578,54,0,34,4,10,0,13590,1604,6,75,6,120,1675,365,56,1268,12,3,1096,249,0,40,93,5,10,175,347,0,23,1,12,13,37,0
2012,Lubbock County; Texas,104791,66109,30764,46339,19561,4877,2126,14893,9077,38682,29197,8360,35015,22190,2.54,3.13,266021,104791,46407,76103,17978,20742,5904,108553,44179,49247,2284,2691,10152,112962,36728,49509,3211,9793,13721,3988,1647,39,54,37,85,19,7522,4875,1112,48,303,999,702,2062,4875,2712,3458,93692,4728,4315,29697,13309,41643,163296,11619,14555,41983,41069,9295,28948,15827,-888888888,-888888888,210917,16676,274387,37397,67158,3263,177504,20790,29725,13344,274815,206950,66572,42127,24445,18565,5880,1293,278339,262968,260510,209784,50726,2458,15371,15371,5628,9743,17829,2458,31,2427,15371,594,14777,15371,1155,4754,486,66,8478,432,258475,202321,56154,14242,49119,12379,2943,406,3233,1314,859,143,278339,19545,1183,1117,940,2885,21932,5234,353,32324,329,285,26186,4122,186,1678,2439,223,621,3982,5410,175,934,1973,421,66,1164,536
2012,Kaufman County; Texas,34597,27316,13257,20877,9641,1832,825,4607,2791,7281,6094,2441,15432,7667,2.95,3.31,102025,34597,20864,33654,8718,4192,1901,38271,9662,22983,876,832,3918,40476,8591,22223,1459,3140,5063,-888888888,-888888888,-888888888,-888888888,-888888888,-888888888,-888888888,4028,2255,443,48,257,433,449,930,2255,1310,1827,28159,1750,1847,13140,6230,5192,65488,4573,6651,20812,18337,3733,7976,3406,-888888888,-888888888,73665,7104,102373,12818,29523,1594,62422,6971,10428,4253,102215,84490,17263,8003,9260,7506,1754,462,103385,96314,95689,74081,21608,625,7071,7071,1870,5201,7696,625,0,625,7071,241,6830,7071,267,448,180,0,6062,114,95697,81887,13810,6404,12436,6008,520,126,688,237,166,33,103385,8531,135,1081,73,1705,8394,2655,362,12879,75,116,12445,1948,27,256,1031,77,184,1379,1509,0,526,412,147,24,443,239
2012,Kendall County; Texas,12742,9872,3784,8449,3041,523,137,900,606,2870,2427,1131,4389,3803,2.60,2.98,33176,12742,8427,9021,2106,880,324,13239,2918,9012,202,256,851,14011,2328,9020,174,1084,1405,484,34,12,68,0,196,17,875,420,5,48,259,211,66,138,420,245,349,8497,603,311,3898,2253,1432,23276,1230,1012,4481,5700,1818,5398,3637,-888888888,-888888888,25557,3820,33235,3779,8054,327,19835,1823,5346,1629,33386,28471,4747,2027,2720,1866,854,168,33745,30894,30455,19937,10518,439,2851,2851,979,1872,3290,439,0,439,2851,99,2752,2851,271,300,0,16,2179,85,31981,26133,5848,2389,5018,2149,628,204,202,36,0,0,33745,1925,23,332,111,391,4197,866,245,9544,77,10,3963,1108,91,417,1141,22,275,658,868,43,3,403,70,28,231,0
2012,Floyd County; Texas,2598,1910,837,1471,531,108,99,331,207,688,637,260,944,760,2.43,2.87,6309,2598,1477,1872,231,131,80,2323,504,1568,73,66,112,2532,443,1478,63,296,252,42,2,3,30,0,70,8,166,59,0,48,153,46,0,13,59,29,51,1738,172,50,959,357,200,4080,668,425,1229,912,195,468,183,-888888888,-888888888,4559,341,6309,848,1880,117,3391,271,1038,460,6390,5408,982,732,250,215,35,0,6439,6028,5989,5428,561,39,411,411,118,293,450,39,0,39,411,34,377,411,3,0,0,0,408,0,5943,3743,2200,608,2192,608,8,0,0,0,0,0,6439,248,0,9,1,31,429,72,60,608,0,5,400,43,0,0,0,0,20,63,94,0,36,0,7,0,59,32
2012,Bailey County; Texas,2357,1714,577,1442,436,103,50,169,91,643,574,265,846,733,2.97,3.60,7005,2357,1369,2307,784,188,112,2633,704,1584,8,54,283,2550,417,1502,19,363,249,66,16,29,48,0,82,29,518,460,0,48,017,0,134,326,460,242,452,2059,151,36,1086,527,259,4016,675,639,1201,699,265,359,178,-888888888,-888888888,4833,512,7005,1082,2263,65,3792,449,950,568,7039,5649,1366,753,613,550,63,24,7096,6042,6042,4547,1495,0,1054,1054,230,824,1054,0,0,0,1054,0,1054,1054,0,12,0,0,1042,0,6478,3487,2991,959,2979,947,0,0,12,12,0,0,7096,258,55,9,0,41,416,44,0,436,0,0,270,30,0,0,0,0,0,2,13,0,56,0,0,0,20,10
2012,Chambers County; Texas,11822,9601,4421,8067,3568,718,459,816,394,2221,1811,644,4998,2286,2.90,3.21,34272,11822,8106,11360,1797,1187,468,13243,3107,8439,133,378,1186,13263,2530,8541,186,718,1288,514,209,63,61,66,130,6,928,680,205,48,071,360,61,54,680,328,587,9769,577,662,4666,2117,1747,22081,1357,1837,6622,6709,1846,2688,1022,-888888888,-888888888,24747,2312,34280,4480,9790,617,21297,2385,3193,1478,34030,29591,4426,2077,2349,2005,344,13,34562,31863,31693,24995,6698,170,2699,2699,742,1957,2869,170,4,166,2699,107,2592,2699,144,285,256,0,1975,39,32154,26404,5750,2193,4903,1994,598,60,195,139,54,0,34562,3605,59,635,100,358,2871,2179,330,3866,50,47,3546,753,0,105,292,14,56,660,660,0,571,141,0,0,226,28
2012,Bell County; Texas,103715,75114,39756,54155,25434,4185,2143,16774,12179,28601,24202,6540,43558,18360,2.90,3.42,300634,103715,54040,105058,22994,14827,4534,115585,38024,61840,2550,2440,10731,119826,27480,62632,4731,8847,16136,5476,1474,40,66,39,109,20,7256,3019,709,48,027,1270,305,735,3019,1884,2250,90131,6372,5073,36526,17076,25084,183099,8574,11443,52863,52380,18612,25537,13690,-888888888,-888888888,198412,42368,283710,33506,87595,3327,169733,19565,26382,10614,304921,229856,67363,35157,32206,11617,20589,7702,310155,285772,268492,144684,123808,17280,24383,24383,10852,13531,41663,17280,133,17147,24383,472,23911,24383,4233,6162,819,384,12175,610,282057,233510,48547,14625,34908,10682,6446,1466,6301,2320,892,157,310155,14191,472,4120,553,2027,24791,5337,906,44021,578,162,23182,7243,109,1765,3971,487,575,4001,4692,253,3428,1919,281,201,949,1889
2012,Cameron County; Texas,116839,93501,48781,63027,32215,6233,2649,24241,13917,23338,20094,8838,57693,31285,3.44,3.94,402501,116839,62943,158798,52832,11089,4498,138527,46452,75160,3849,3332,9734,155853,45425,73834,7798,13915,14881,7684,3099,61,76,69,135,23,18401,6109,1829,48,061,1617,654,2009,6109,3838,4685,127300,7573,8373,59361,29746,22247,231645,53952,31807,55691,42287,13460,24088,10360,-888888888,-888888888,271913,16629,402896,51070,133208,5832,225412,25316,44276,19922,398716,356105,39667,31928,7739,4639,3100,2944,405819,305692,301608,261368,40240,4084,100127,100127,31846,68281,104211,4084,347,3737,100127,2229,97898,100127,856,2231,219,29,96053,739,369397,99007,270390,109588,266994,108419,1348,479,1631,591,417,99,405819,7710,143,256,481,905,6843,2189,232,11315,152,354,6128,1414,53,852,1060,170,244,1081,1449,103,293,840,206,123,490,64
2012,Deaf Smith County; Texas,6268,4642,2377,3452,1721,461,206,729,450,1626,1444,690,2626,1600,3.03,3.61,19001,6268,3450,6859,1819,605,250,6918,2057,3844,147,192,678,7112,1523,3982,237,711,659,604,225,125,136,110,261,11,794,348,76,48,117,22,119,131,348,196,324,5260,239,511,2753,1204,553,11202,2212,1328,3494,2063,434,1113,558,-888888888,-888888888,13051,650,19063,2031,6212,104,10743,977,2108,950,18738,16566,2099,1123,976,762,214,73,19275,16085,15934,13317,2617,151,3190,3190,666,2524,3341,151,0,151,3190,34,3156,3190,0,36,15,0,3119,20,17396,8316,9080,3559,8860,3413,34,16,36,14,150,116,19275,587,11,31,2,135,763,127,25,1737,14,9,918,108,0,57,50,0,15,114,137,0,95,21,7,0,17,16
2012,El Paso County; Texas,252426,192617,100652,128121,65068,13513,5556,50983,30028,59809,51884,18536,116277,59947,3.12,3.65,787670,252426,128009,298813,83756,24666,9625,288191,100569,147539,7996,7054,25033,315058,91383,144793,14760,25939,38183,12603,4708,45,61,56,100,25,34145,13916,3387,48,141,3595,1942,4992,13916,8349,10989,262049,14715,13297,107864,57751,68422,470833,78604,47299,113307,104815,31347,64234,31227,-888888888,-888888888,546122,48149,778070,94167,239375,8584,457286,48951,81409,36632,789895,669278,109304,77744,31560,7232,24328,11313,801115,592221,576082,444682,131400,16139,208894,208894,89345,119549,225033,16139,634,15505,208894,5341,203553,208894,3818,7274,462,182,196610,548,735487,194337,541150,226379,526525,221014,7447,2217,5730,2788,1448,360,801115,29496,3064,773,766,1899,14626,5019,913,28241,388,506,19906,8120,153,1540,3573,478,1162,2455,3175,224,1384,1633,403,250,1051,874
2012,La Salle County; Texas,1884,1274,571,740,324,106,57,428,190,610,520,302,753,681,3.22,4.05,6072,1884,744,2205,938,301,222,3094,1274,1161,144,113,402,2247,728,802,167,306,244,170,158,195,126,63,248,29,263,174,54,48,283,58,38,24,174,103,124,1593,93,74,848,468,110,4271,1078,944,1121,738,158,141,91,-888888888,-888888888,4940,328,6075,1643,1892,284,3275,752,908,607,6751,5402,1200,356,844,806,38,149,6850,6355,6335,5552,783,20,495,495,73,422,515,20,0,20,495,87,408,495,0,20,0,0,475,0,6294,2319,3975,1570,3944,1565,11,5,20,0,0,0,6850,49,0,24,0,25,291,48,6,306,0,0,322,41,0,0,0,4,0,82,26,0,0,0,5,0,0,38
2012,Terrell County; Texas,439,249,100,203,72,23,10,23,18,190,163,108,110,201,2.28,2.92,1001,439,227,213,37,85,13,451,107,241,15,11,77,429,60,267,13,72,17,19,0,0,95,0,594,0,22,12,0,48,443,0,0,12,12,8,12,131,0,0,86,45,0,801,98,98,304,154,17,92,38,-888888888,-888888888,810,107,1001,158,191,0,567,56,243,102,981,845,136,14,122,122,0,0,1001,860,860,710,150,0,141,141,38,103,141,0,0,0,141,0,141,141,0,39,0,0,102,0,941,453,488,104,444,83,44,21,0,0,0,0,1001,46,0,0,0,5,45,11,0,69,0,0,111,46,0,13,0,0,0,37,15,0,0,6,0,0,12,0
2012,Tyler County; Texas,8179,5615,1900,4191,1236,330,138,1094,526,2564,2248,1145,2505,3072,2.40,2.86,19631,8179,4297,4777,1350,1028,502,9916,2969,4976,157,394,1420,8083,1159,4386,306,1158,1074,212,100,62,54,60,137,0,894,525,85,48,457,228,30,182,525,308,334,4089,255,201,1959,1156,518,15387,978,1838,6331,3734,878,1002,626,-888888888,-888888888,17211,2140,19608,4439,4372,367,11207,2032,4029,2040,21406,18765,2621,765,1856,1311,545,20,21638,21186,21107,17151,3956,79,452,452,169,283,531,79,0,79,452,0,452,452,27,76,0,0,349,0,20560,19183,1377,350,1164,304,167,0,43,43,3,3,21638,2527,12,155,29,288,2794,1011,93,2587,71,57,2836,437,0,45,53,0,25,614,332,0,15,106,0,21,184,87
2012,Wheeler County; Texas,2354,1646,646,1306,472,71,10,269,164,708,601,321,763,761,2.26,2.68,5325,2354,1310,1139,322,200,155,2073,431,1369,35,67,171,2222,298,1347,45,255,277,116,0,0,101,0,212,36,164,122,46,48,483,32,0,44,122,79,76,1120,72,49,625,258,116,3713,257,433,1235,870,267,507,144,-888888888,-888888888,4072,321,5325,743,1342,22,3060,260,923,461,5350,4398,939,346,593,390,203,13,5414,4832,4772,3517,1255,60,582,582,105,477,642,60,0,60,582,9,573,582,2,50,0,0,519,11,5014,4056,958,506,883,490,16,0,49,13,10,3,5414,271,12,19,7,82,762,121,0,859,7,0,742,4,0,32,5,0,9,84,73,0,0,11,8,0,2,39
2012,Archer County; Texas,3330,2574,1043,2235,805,139,91,200,147,756,661,293,1086,926,2.65,3.03,8828,3330,2233,2655,328,282,91,3655,906,2318,25,77,329,3603,534,2345,15,338,371,97,44,62,51,43,122,12,136,80,25,48,009,27,4,24,80,50,64,2193,161,83,1093,578,278,6127,322,556,2255,1487,342,911,254,-888888888,-888888888,6815,777,8831,1304,2117,130,5297,554,1417,620,8866,8316,531,277,254,209,45,19,8944,8583,8551,6831,1720,32,361,361,54,307,393,32,0,32,361,1,360,361,11,45,0,0,284,21,8520,7931,589,285,535,255,15,3,39,27,0,0,8944,831,7,123,0,232,707,148,28,1988,4,8,1118,231,0,47,39,0,8,106,175,0,0,87,10,3,20,28
2012,Brewster County; Texas,4106,2325,866,1822,668,137,57,366,141,1781,1426,499,918,1165,2.18,2.83,8957,4106,1796,2253,200,602,298,3795,1302,1800,58,61,574,3824,886,2052,39,399,448,68,19,19,33,7,72,0,63,63,0,48,043,27,0,36,63,29,52,2401,74,124,890,364,949,6210,450,565,1257,1521,221,1203,993,-888888888,-888888888,7319,734,9081,1709,1838,114,5735,853,1508,742,9084,6850,2179,1079,1100,753,347,55,9175,8685,8600,6140,2460,85,490,490,210,280,575,85,0,85,490,0,490,490,34,76,9,6,355,10,8664,5390,3274,465,3109,433,79,10,86,22,0,0,9175,748,37,69,22,84,1057,317,12,1184,102,0,709,203,10,93,112,0,38,284,205,0,23,115,33,0,38,0
2012,Hidalgo County; Texas,214396,176120,98233,124130,67769,9878,4534,42112,25930,38276,32796,12872,113336,49788,3.58,4.04,768568,214396,124078,321016,90367,18711,6825,263464,88659,147288,7123,6039,14355,286310,82144,144027,15618,21628,22893,15377,4334,47,78,48,138,27,34725,12747,3167,48,215,3386,1874,4320,12747,7545,10445,257184,16191,16039,122729,56309,45916,423503,106250,58053,101898,73015,18106,46920,19261,-888888888,-888888888,506773,23498,769529,107884,267494,16304,430232,54763,71803,36817,760500,656662,96148,76943,19205,11716,7489,7690,774820,546495,539858,464224,75634,6637,228325,228325,59241,169084,234962,6637,282,6355,228325,5976,222349,228325,1295,6094,223,0,218596,2117,699054,104797,594257,229913,586409,227464,2306,790,4890,1612,652,47,774820,7939,1057,931,877,1862,10087,6089,659,20654,339,414,10353,3956,49,1543,1761,543,587,1748,2245,35,295,1515,318,337,613,304
2012,Smith County; Texas,77916,53631,23522,39754,16026,3397,1419,10480,6077,24285,20518,7720,27098,20770,2.63,3.21,205008,77916,39804,62737,16174,8377,2920,78349,23868,43008,1693,2139,7641,86651,21695,42244,2624,8900,11188,3001,1082,41,59,37,104,21,6530,3203,573,48,423,949,805,876,3203,1814,2632,57496,2947,3121,24029,11560,15839,133303,8837,11462,34574,32925,12478,22703,10324,-888888888,-888888888,155928,16059,207441,27837,53465,2423,124775,13829,29201,11585,207132,167432,38928,23068,15860,11956,3904,772,209691,190697,189470,143270,46200,1227,18994,18994,4922,14072,20221,1227,28,1199,18994,631,18363,18994,828,2186,361,44,15397,178,194768,163331,31437,13630,27764,12563,1779,262,1644,712,250,93,209691,16188,419,589,466,3123,19249,6437,460,22554,393,293,26006,3253,64,757,2160,183,361,2707,4674,49,1152,1113,190,30,698,148
2012,Crockett County; Texas,1273,901,298,723,223,70,0,108,75,372,268,105,414,344,2.81,3.29,3573,1273,742,1049,276,233,143,1405,263,824,39,25,254,1471,296,746,79,129,221,25,18,42,30,0,88,0,160,160,15,48,105,74,22,49,160,89,138,697,90,98,326,111,72,2520,422,526,678,510,142,177,65,-888888888,-888888888,2778,156,3576,380,891,0,2175,157,510,223,3643,3409,222,57,165,157,8,12,3669,3198,3175,2919,256,23,471,471,213,258,494,23,0,23,471,11,460,471,45,1,0,0,397,28,3362,1955,1407,437,1391,426,16,11,0,0,0,0,3669,306,0,28,0,0,382,32,16,256,33,0,130,40,0,123,28,0,16,68,110,0,0,121,0,0,0,0
2012,Haskell County; Texas,2480,1753,578,1433,386,59,19,261,173,727,714,371,654,902,2.21,2.65,5492,2480,1435,1282,176,119,86,2482,375,1699,100,80,228,2406,443,1371,12,367,213,134,23,50,118,278,98,62,118,103,27,48,207,15,19,42,103,53,87,1173,110,25,634,179,225,4128,428,488,1419,945,236,429,183,-888888888,-888888888,4656,368,5497,1222,1235,86,2984,557,1278,579,5820,4767,1051,651,400,386,14,2,5891,5525,5490,4912,578,35,366,366,14,352,401,35,0,35,366,39,327,366,27,2,34,0,303,0,5574,4631,943,517,895,497,21,6,0,0,27,14,5891,475,0,249,0,34,828,113,3,814,0,0,804,8,0,3,42,3,4,104,67,0,37,5,1,0,27,35
2012,Howard County; Texas,11079,7480,3124,5311,1818,548,286,1621,1020,3599,3077,1353,3685,3217,2.62,3.20,29069,11079,5256,8916,2283,1535,776,16311,5391,7450,747,546,2177,12141,2583,5716,830,1455,1557,516,291,94,75,52,158,8,811,376,96,48,227,78,58,144,376,264,212,8444,408,466,3485,2053,2032,23632,2863,3715,6277,6197,1936,1814,830,-888888888,-888888888,27065,2837,29382,5744,7841,562,17116,3265,4425,1917,34484,26348,7981,4592,3389,2322,1067,155,34927,30713,30456,24315,6141,257,4214,4214,548,3666,4471,257,0,257,4214,277,3937,4214,84,286,79,0,3702,63,32657,23281,9376,4147,8782,3822,213,112,318,189,63,24,34927,2545,26,55,36,342,2844,538,22,2814,38,10,3056,205,11,85,158,0,67,528,568,10,158,133,7,0,106,227
2012,Mills County; Texas,1855,1337,551,1137,407,93,62,107,82,518,473,288,643,705,2.52,2.97,4668,1855,1178,1154,306,175,25,1846,376,1237,8,93,132,2063,249,1312,32,270,200,43,0,0,44,0,129,0,174,83,8,48,333,39,29,7,83,40,75,1051,39,91,557,311,53,3391,317,426,1102,734,219,461,132,-888888888,-888888888,3685,458,4712,637,1173,30,2557,225,982,382,4846,4446,397,238,159,159,0,3,4880,4484,4478,3729,749,6,396,396,106,290,402,6,0,6,396,0,396,396,16,4,0,0,376,0,4611,4046,565,324,543,318,18,6,0,0,4,0,4880,304,6,7,0,52,1161,51,5,1100,4,0,607,42,0,8,2,0,15,105,50,0,0,21,13,0,27,0
2012,Montague County; Texas,8058,5511,2017,4412,1466,249,106,850,445,2547,2273,1095,2292,2719,2.41,2.96,19456,8058,4411,5283,1132,572,284,7779,1714,4766,127,314,858,8135,1309,4536,79,1096,1115,232,61,31,57,16,135,18,452,317,65,48,337,90,51,111,317,185,269,4321,202,233,2123,1134,629,13644,890,1547,4548,3739,868,1493,559,-888888888,-888888888,15131,1838,19509,3456,4604,198,11079,1614,3826,1644,19490,16268,3139,2060,1079,862,217,83,19737,19046,18992,14781,4211,54,691,691,258,433,745,54,0,54,691,0,691,691,31,58,9,9,584,0,18478,16869,1609,452,1469,446,103,5,21,1,16,0,19737,2166,0,68,9,533,1876,520,12,2921,11,7,2531,291,0,72,196,88,26,420,365,0,0,113,197,0,201,81
2012,Panola County; Texas,8870,6467,2443,4861,1636,381,160,1225,647,2403,2119,1029,2900,2682,2.62,3.10,23274,8870,4811,6606,2137,850,367,9329,2283,5389,267,243,1147,9605,1568,5018,422,1227,1370,410,138,65,79,157,136,3,862,659,50,48,365,316,47,246,659,409,476,5344,263,418,2847,1049,767,15953,994,1994,6106,3932,1201,1287,439,-888888888,-888888888,18009,1821,23469,4288,5805,212,14064,2532,3600,1544,23511,20288,3176,1710,1466,1126,340,47,23814,22885,22792,16759,6033,93,929,929,77,852,1022,93,8,85,929,35,894,929,27,22,0,0,858,22,22284,20949,1335,704,1270,691,24,0,41,13,0,0,23814,3391,0,96,30,322,2137,934,120,2016,9,0,3669,295,0,17,357,0,25,431,325,0,71,89,0,9,55,47
2012,Sabine County; Texas,4269,2800,883,2122,458,208,126,470,299,1469,1309,774,1000,1963,2.46,3.10,10514,4269,2127,2718,1047,353,238,4366,960,2280,90,365,671,4608,840,2402,127,716,523,90,44,47,46,0,130,0,180,149,11,48,403,22,41,75,149,94,91,1884,21,53,1165,462,183,7791,415,1011,3126,1767,374,739,359,-888888888,-888888888,8579,1501,10520,2634,2063,155,5686,1098,2771,1381,10572,9508,1047,514,533,429,104,17,10642,10487,10373,7431,2942,114,155,155,62,93,269,114,0,114,155,0,155,155,23,0,0,0,128,4,10176,9689,487,133,419,133,68,0,0,0,0,0,10642,1305,0,0,27,244,1951,571,13,1242,12,4,1641,192,0,1,39,0,0,151,202,0,69,75,0,0,15,38
2012,Sherman County; Texas,996,777,367,670,285,35,17,72,65,219,176,74,386,245,2.98,3.45,2972,996,708,1103,90,75,48,1146,364,683,10,25,64,1133,213,783,23,58,56,24,5,21,34,42,83,8,23,11,0,48,421,0,11,0,11,4,11,874,45,40,462,270,57,1803,252,187,523,388,93,274,86,-888888888,-888888888,2054,179,2987,342,986,38,1650,162,351,142,3026,2426,589,232,357,254,103,11,3040,2528,2513,1564,949,15,512,512,73,439,527,15,0,15,512,0,512,512,0,6,3,0,503,0,2844,1873,971,394,955,386,10,8,6,0,0,0,3040,195,0,32,6,58,209,25,0,583,0,0,170,14,0,22,0,0,1,22,94,0,0,49,16,0,3,0
2012,Swisher County; Texas,2622,1835,656,1509,429,115,73,211,154,787,714,279,820,862,2.73,3.37,7166,2622,1527,2169,651,197,105,3331,1116,1789,25,42,359,2739,459,1684,35,275,286,134,95,183,96,139,173,16,304,214,104,48,437,0,12,98,214,114,202,1733,131,98,866,457,181,5004,491,677,1818,938,235,505,340,-888888888,-888888888,5776,525,7170,1018,2037,40,3883,461,1250,517,7704,6092,1595,648,947,873,74,17,7816,7340,7242,6324,918,98,476,476,172,304,574,98,0,98,476,34,442,476,9,13,1,0,439,14,7180,5163,2017,684,1964,666,40,18,13,0,0,0,7816,531,10,6,0,38,631,146,8,750,11,9,670,67,0,72,19,0,0,98,169,0,294,6,5,0,60,49
2012,Hunt County; Texas,30682,20832,8485,16072,6010,1220,468,3540,2007,9850,8394,3326,10067,8420,2.72,3.35,83384,30682,16080,24716,8115,3791,1331,33486,9294,18026,768,1104,4294,34727,7549,17234,1217,4006,4721,903,329,34,44,14,72,30,2957,1211,207,48,231,248,305,451,1211,711,915,23131,1404,1319,9846,4532,6030,55946,3694,6622,19142,13231,3584,6350,3323,-888888888,-888888888,64425,8070,84979,13743,21355,1021,52069,7516,11555,5206,85132,70365,13903,7891,6012,4884,1128,864,85955,79993,79326,60097,19229,667,5962,5962,1499,4463,6629,667,0,667,5962,344,5618,5962,597,843,31,56,4356,79,80246,70085,10161,3846,8729,3200,691,247,624,388,117,11,85955,8122,50,478,104,1368,8111,2341,114,12943,121,366,13117,2419,43,471,1014,67,186,1266,2063,31,235,498,36,50,348,335
2012,Camp County; Texas,4350,3139,1444,2199,916,248,131,692,397,1211,1051,528,1574,1366,2.80,3.42,12190,4350,2249,4324,1026,241,167,4643,1196,2573,210,246,418,4987,1202,2363,168,613,641,265,58,38,95,86,166,37,403,212,77,48,063,40,0,95,212,87,152,3199,197,110,1503,847,542,8179,1246,869,2362,2066,378,740,518,-888888888,-888888888,9100,1020,12196,2474,3289,312,6907,1206,2000,956,12149,10568,1474,828,646,569,77,107,12389,10866,10789,8480,2309,77,1523,1523,295,1228,1600,77,0,77,1523,49,1474,1523,28,30,22,0,1443,0,11527,9109,2418,1375,2341,1337,38,16,9,0,30,22,12389,681,0,47,0,247,854,215,82,1023,30,0,1602,115,0,21,23,33,21,177,159,0,631,161,0,0,71,0
2012,Hansford County; Texas,1918,1421,718,1139,531,118,70,164,117,497,456,214,758,497,2.86,3.38,5490,1918,1132,1976,271,193,119,2111,634,1197,42,95,143,2089,493,1187,70,182,157,120,75,138,98,207,114,44,111,45,17,48,195,4,0,24,45,24,38,1573,84,75,767,525,122,3370,527,333,1028,626,146,538,172,-888888888,-888888888,3888,314,5496,709,1668,48,3102,348,726,313,5479,4668,778,378,400,171,229,33,5556,4662,4607,3481,1126,55,894,894,223,671,949,55,0,55,894,5,889,894,0,11,0,0,883,0,5126,3234,1892,784,1867,779,12,0,13,5,0,0,5556,284,0,42,4,197,579,80,0,854,15,0,508,83,0,138,7,0,4,125,100,0,0,8,0,0,0,27
2012,Clay County; Texas,4272,2996,1083,2584,904,133,62,279,117,1276,1118,521,1253,1354,2.49,2.98,10629,4272,2593,2663,680,421,210,4274,920,2690,34,177,453,4479,643,2782,54,463,537,117,19,22,52,0,155,4,341,174,21,48,077,33,39,81,174,87,164,2302,118,131,1121,579,353,7568,297,586,2793,2049,477,943,423,-888888888,-888888888,8248,866,10591,1867,2425,167,6321,977,1845,723,10586,9534,1027,321,706,581,125,25,10718,10618,10502,8073,2429,116,100,100,44,56,216,116,0,116,100,3,97,100,32,19,0,0,49,0,10128,9823,305,79,237,72,64,7,4,0,0,0,10718,1070,28,47,27,328,815,204,11,1626,0,0,1140,153,3,108,60,9,28,114,122,0,0,87,28,0,36,15
2012,Hartley County; Texas,1717,1305,584,1185,479,27,20,93,85,412,381,211,612,547,2.65,3.10,4556,1717,1185,1432,130,92,39,3118,951,1557,101,49,460,1811,201,1192,50,188,180,78,0,0,75,0,216,0,69,38,0,48,205,27,0,11,38,17,31,1338,86,150,605,355,142,4479,277,615,1566,890,245,680,206,-888888888,-888888888,4701,513,4558,497,1310,60,2508,169,740,268,5961,4893,1033,110,923,575,348,35,6015,5594,5554,3492,2062,40,421,421,56,365,461,40,0,40,421,0,421,421,24,6,18,0,365,8,5681,4610,1071,414,977,407,87,0,6,6,1,1,6015,262,54,17,0,179,858,256,7,1449,0,1,742,51,2,38,103,54,75,116,141,0,9,50,1,0,34,20
2012,Hill County; Texas,13503,9331,3446,7303,2491,606,280,1422,675,4172,3685,1676,4174,4422,2.53,3.05,34122,13503,7206,9373,2567,1473,614,13614,3129,8012,423,553,1497,14330,2710,7652,407,1643,1918,509,164,47,69,78,130,14,1085,568,191,48,217,57,89,231,568,352,429,8369,398,546,4004,1707,1714,23611,2055,2793,7292,6103,1913,2476,979,-888888888,-888888888,26530,3220,34436,6187,8522,362,19825,3129,6089,2696,34635,29458,5095,2789,2306,1781,525,82,35079,32485,32322,26224,6098,163,2594,2594,550,2044,2757,163,2,161,2594,73,2521,2594,42,98,35,0,2402,17,32787,27779,5008,2051,4510,1954,371,55,86,38,41,4,35079,2923,41,1121,28,465,4013,828,38,4692,12,70,5028,623,0,185,179,22,51,585,642,5,130,183,50,17,158,50
2012,Limestone County; Texas,7928,5615,2166,4511,1480,213,82,891,604,2313,2117,994,2522,2495,2.65,3.19,21000,7928,4506,5973,1842,751,293,9844,2870,5638,161,312,863,8994,1743,4847,263,1032,1109,256,119,56,53,10,122,7,655,501,95,48,293,133,126,147,501,277,427,4910,366,405,2291,1085,763,15923,1701,1590,5764,3781,982,1505,600,-888888888,-888888888,17848,1983,21134,3650,5342,223,12245,1886,3547,1541,23098,19408,3521,1704,1817,1546,271,169,23350,21152,21012,17529,3483,140,2198,2198,221,1977,2338,140,0,140,2198,138,2060,2198,109,96,0,0,1993,0,21835,17994,3841,2613,3587,2482,123,57,103,63,28,11,23350,1385,7,214,42,303,1542,615,105,3073,0,17,2915,225,0,92,200,0,19,248,234,0,30,122,11,0,56,81
2012,Nacogdoches County; Texas,23247,14652,6798,10112,4133,1013,416,3527,2249,8595,7029,2339,7599,5447,2.53,3.17,58871,23247,10008,17524,4329,3763,1051,24308,9927,11572,364,575,1870,27629,10523,10673,691,2644,3098,1027,596,51,57,38,95,13,1336,953,195,48,347,368,163,227,953,578,646,21975,968,1091,6326,3070,10520,36361,2894,3837,10464,8433,1807,5655,3271,-888888888,-888888888,49487,3408,63821,9261,15088,640,41456,5259,7277,3362,63738,49120,14463,7456,7007,5820,1187,155,64647,59036,58627,48551,10076,409,5611,5611,1178,4433,6020,409,0,409,5611,107,5504,5611,92,674,105,0,4712,28,60161,50514,9647,4345,8653,3924,299,82,588,275,107,64,64647,5286,134,372,324,999,7145,1860,124,7142,22,67,7237,1126,12,169,552,19,228,964,1034,4,273,133,204,0,321,132
2012,Parmer County; Texas,3299,2569,1182,1985,897,172,37,412,248,730,623,333,1415,869,3.04,3.49,10019,3299,1985,3373,1044,318,148,3894,1147,2331,69,105,242,3718,818,2081,116,374,329,197,66,67,85,0,185,23,419,169,11,48,369,77,14,67,169,86,141,2820,168,186,1384,647,435,6084,1408,846,1497,1187,298,695,153,-888888888,-888888888,7047,463,10016,970,3122,101,5736,430,1158,439,10002,8565,1387,821,566,327,239,50,10172,8238,8144,5516,2628,94,1934,1934,516,1418,2028,94,0,94,1934,17,1917,1934,34,5,3,0,1886,6,9323,4683,4640,2225,4602,2217,33,3,5,5,0,0,10172,435,0,7,7,190,575,60,12,890,0,17,743,83,0,14,57,6,4,90,38,0,9,9,19,11,19,0
2012,Parker County; Texas,41640,31395,13649,25743,10675,1822,1006,3830,1968,10245,8590,3139,15183,10234,2.73,3.17,113491,41640,25694,36140,6188,3829,1576,46775,12041,27699,935,1147,4953,45965,8407,26718,1211,3937,5692,1349,235,21,49,40,106,15,2726,975,229,48,367,140,153,453,975,474,742,29472,1620,1548,13747,7163,5394,77200,2582,7225,21159,21762,6085,12588,5799,-888888888,-888888888,87101,11612,113718,14663,29559,1203,70003,8286,14156,5174,115650,99148,16193,6285,9908,7877,2031,309,116820,111976,110809,77811,32998,1167,4844,4844,1954,2890,6011,1167,0,1167,4844,78,4766,4844,621,589,42,20,3277,295,109648,100232,9416,3612,7968,3307,817,183,350,99,281,23,116820,11731,217,816,131,1806,15555,3149,352,19202,118,271,16643,2099,56,925,1420,241,392,2181,2955,70,98,931,205,115,678,419
2012,Presidio County; Texas,2654,1632,643,1237,430,33,22,362,191,1022,936,594,731,1118,2.87,3.96,7607,2654,1231,2715,884,123,82,2886,950,1499,25,150,262,3027,746,1505,104,480,192,122,46,60,75,0,218,18,347,171,64,48,377,41,13,53,171,97,171,1678,100,108,989,353,128,5000,1539,561,1078,595,36,783,408,-888888888,-888888888,5617,347,7614,1951,2061,73,4129,896,1424,982,7604,6649,876,517,359,313,46,79,7678,5570,5520,4347,1173,50,2108,2108,600,1508,2158,50,0,50,2108,6,2102,2108,50,0,0,0,2058,0,7058,948,6110,2277,6018,2277,91,0,1,0,0,0,7678,174,0,37,0,50,229,58,0,326,0,0,221,105,13,0,93,0,0,63,80,0,0,35,0,4,17,0
2012,Val Verde County; Texas,14903,11384,5458,8439,3707,585,370,2360,1381,3519,3089,1368,6164,4056,3.18,3.75,47410,14903,8459,17550,5317,1181,662,18196,5787,9992,502,539,1376,18295,4195,9738,796,1727,1839,927,197,39,83,65,141,35,1780,939,47,48,465,286,291,315,939,537,843,13227,679,821,6490,3166,2071,29004,6770,3314,7581,4880,1862,3410,1187,-888888888,-888888888,32944,2970,46593,4963,14435,339,26289,2237,5869,2387,47570,40708,6439,3700,2739,1482,1257,423,48578,37610,36968,30728,6240,642,10968,10968,4127,6841,11610,642,0,642,10968,442,10526,10968,51,247,0,4,10607,59,44488,11997,32491,11230,32193,11119,74,0,189,99,35,12,48578,2222,46,24,17,161,1326,332,49,2799,0,12,1652,582,0,153,294,95,34,179,175,0,0,66,115,34,32,159
2012,Culberson County; Texas,854,519,280,364,203,26,20,129,57,335,314,65,298,184,2.75,3.78,2351,854,371,947,127,52,40,842,254,465,24,12,87,1071,283,440,41,161,146,7,7,21,11,0,33,0,27,0,0,48,109,0,0,0,0,0,0,648,46,45,260,247,50,1485,337,201,505,156,42,172,72,-888888888,-888888888,1693,142,2361,398,693,3,1425,246,243,149,2386,2252,128,105,23,11,12,6,2386,2065,2016,1680,336,49,321,321,175,146,370,49,0,49,321,0,321,321,0,6,0,4,311,0,2232,796,1436,291,1415,291,15,0,0,0,6,0,2386,278,11,7,0,17,44,21,0,156,0,0,104,10,0,0,40,0,0,22,0,0,0,13,0,0,12,0
2012,Ector County; Texas,49065,34520,17130,23652,10863,3189,1642,7679,4625,14545,12206,4169,20435,10200,2.78,3.32,136459,49065,23625,44887,11515,7367,3365,50949,16164,25721,1261,1559,6244,53261,13553,25852,1962,4673,7221,3085,1534,89,90,44,167,19,4938,2739,843,48,135,470,273,1153,2739,1607,2028,38469,1991,2786,17621,7725,8346,82426,10738,11324,23595,20996,4904,7640,3229,-888888888,-888888888,98017,7332,136762,18556,40103,1909,82955,10531,13704,6116,136036,113021,22232,13517,8715,6620,2095,783,138193,120283,118957,96562,22395,1326,17910,17910,5942,11968,19236,1326,0,1326,17910,131,17779,17910,467,936,150,67,16144,146,125969,73096,52873,17548,51100,16998,815,238,719,239,239,73,138193,7161,259,318,55,970,5850,1796,253,9667,44,43,7899,874,0,667,441,71,50,1132,1321,0,364,780,13,104,255,181
2012,Garza County; Texas,1659,1177,517,863,328,42,5,272,184,482,467,189,573,541,2.36,2.84,3914,1659,867,1137,166,85,83,3606,1187,1714,197,49,459,1807,414,975,64,114,240,27,0,0,28,0,61,0,97,50,15,48,169,0,25,10,50,28,40,1121,157,20,366,276,302,4806,1165,667,1255,1022,184,333,180,-888888888,-888888888,5264,239,3920,711,1012,45,2159,390,749,276,6271,4549,1583,436,1147,429,718,139,6295,3738,3718,3416,302,20,2557,2557,168,2389,2577,20,0,20,2557,190,2367,2557,26,13,19,0,2499,0,5861,2819,3042,2466,2954,2428,49,25,7,0,32,13,6295,379,13,14,0,53,337,62,0,304,0,0,378,91,0,6,12,0,0,20,47,0,19,13,0,0,0,154
2012,Glasscock County; Texas,431,309,144,284,131,3,0,22,13,122,106,21,156,96,2.86,3.51,1232,431,276,421,79,25,20,565,154,351,0,11,49,398,69,296,0,16,17,2,0,0,8,0,28,0,13,4,0,48,173,0,0,4,4,2,4,356,32,24,163,105,32,794,87,83,218,223,44,111,28,-888888888,-888888888,892,50,1255,74,363,11,751,35,141,28,1251,1135,108,61,47,39,8,8,1255,1074,1074,962,112,0,181,181,97,84,181,0,0,0,181,0,181,181,0,0,6,0,175,0,1195,949,246,122,244,122,2,0,0,0,0,0,1255,20,0,39,6,12,146,32,0,426,0,0,109,16,0,0,5,0,0,9,48,0,6,4,0,0,10,0
2012,Grimes County; Texas,8716,6241,2175,4471,1341,436,128,1334,706,2475,2214,1099,2704,2697,2.68,3.23,23361,8716,4425,6684,2807,729,338,12091,4164,5426,438,281,1782,9548,2072,4962,183,1022,1309,404,158,59,77,89,152,20,870,651,130,48,185,153,157,211,651,399,545,6015,211,241,2945,1652,966,18424,1649,2501,6858,4168,1220,1380,648,-888888888,-888888888,20563,2458,23391,3513,5998,317,13854,1788,3539,1408,26257,22155,4046,1370,2676,2413,263,56,26564,24220,24047,19313,4734,173,2344,2344,605,1739,2517,173,1,172,2344,66,2278,2344,138,116,35,0,2050,5,24992,20410,4582,1853,4231,1693,202,44,124,116,25,0,26564,1609,21,259,20,323,2394,790,125,3932,230,84,3059,395,21,143,1621,5,34,570,574,0,77,83,16,57,80,8
2012,Collin County; Texas,283025,208722,116258,170897,92985,10886,5577,26939,17696,74303,61098,12498,122474,42934,2.77,3.27,784624,283025,170932,262015,39905,28747,11533,291635,81224,181973,3399,3163,21876,308380,69505,180757,5451,16452,36215,-888888888,-888888888,-888888888,-888888888,-888888888,-888888888,-888888888,13848,4079,816,48,085,1122,678,1463,4079,2526,3120,229739,17157,14107,103013,45784,49678,506312,16302,18512,78435,107019,37995,165677,82372,-888888888,-888888888,563867,43096,785722,47039,224216,4977,500527,24215,60979,17847,777439,663363,108201,54402,53799,34252,19547,5875,788580,649678,640179,359972,280207,9499,138902,138902,62830,76072,148401,9499,147,9352,138902,4248,134654,138902,11014,69246,10367,604,44741,2930,730066,548128,181938,68031,80577,34145,39937,11365,49457,19719,11967,2802,788580,65247,7156,4774,2718,9714,74845,21879,2486,112289,2473,2630,81896,27195,905,6457,13033,1386,6839,10508,19500,659,11689,9015,1482,1649,5159,1848
2012,Angelina County; Texas,30846,22169,9838,15299,6004,1983,866,4887,2968,8677,7539,2945,11597,8248,2.70,3.21,83259,30846,15319,27470,6239,3385,1620,32622,9693,16570,964,1006,4389,34584,7953,16677,1434,3651,4869,1282,462,44,62,65,101,27,2537,1357,464,48,005,204,69,620,1357,856,1083,22541,1719,1336,10427,4951,4108,55380,5249,6661,16620,14336,4141,5807,2566,-888888888,-888888888,63336,6784,83879,13861,23049,1008,49510,7715,11320,5138,85434,70201,15003,10653,4350,3024,1326,230,86550,80124,79479,66531,12948,645,6426,6426,1657,4769,7071,645,0,645,6426,22,6404,6426,177,327,162,0,5727,33,80130,66606,13524,5489,12781,5367,437,45,249,77,57,0,86550,10013,41,305,131,922,7995,2286,310,8710,101,128,8905,607,31,273,259,63,62,1020,1416,21,1142,124,59,20,297,90
2012,Cottle County; Texas,719,524,161,418,111,17,3,89,47,195,178,106,167,292,2.19,2.58,1574,719,407,388,31,29,9,584,95,407,11,26,45,747,139,437,9,136,26,11,0,0,33,0,112,0,10,9,0,48,101,0,0,9,9,4,9,345,29,14,148,88,66,1180,140,101,350,333,58,174,24,-888888888,-888888888,1262,132,1581,356,338,10,833,133,410,213,1588,1397,191,153,38,30,8,0,1600,1555,1555,1401,154,0,45,45,12,33,45,0,0,0,45,2,43,45,2,2,0,0,41,0,1508,1342,166,48,162,46,2,0,2,2,0,0,1600,128,0,0,0,24,170,26,3,216,0,0,138,3,0,7,9,0,5,25,44,0,103,2,0,0,0,10
2012,Hays County; Texas,54543,35667,17919,27904,13764,2600,1272,5163,2883,18876,13121,3183,19482,9593,2.75,3.34,150165,54543,27887,45573,9991,12171,3025,62341,25547,30023,831,1205,4735,63768,22869,29458,907,3927,6607,1829,630,25,41,19,63,26,3408,1096,143,48,209,323,195,435,1096,582,854,55844,2851,2337,17548,8707,24401,91228,4720,5759,19338,22605,5959,23341,9506,-888888888,-888888888,119592,10503,156823,15261,38539,1304,105002,9180,13282,4777,156772,122249,34081,13271,20810,18055,2755,442,158464,147006,145050,107136,37914,1956,11458,11458,3614,7844,13414,1956,31,1925,11458,303,11155,11458,1455,1378,73,80,8197,275,147847,113096,34751,9927,31163,9187,2219,327,1152,386,217,27,158464,5661,318,2091,549,1522,15518,4279,753,29259,352,240,13593,4546,167,1770,2714,219,661,2795,3175,108,114,1911,307,168,859,391
2012,Brazoria County; Texas,105920,79539,39823,60985,29389,5071,2498,13483,7936,26381,22308,6790,44135,21094,2.85,3.34,302338,105920,60836,102898,22583,10101,4436,122478,35415,68712,2514,2962,12875,118820,27131,64405,3305,9784,14195,4989,1584,46,64,36,118,28,8593,3687,1127,48,039,894,459,1207,3687,2354,2470,85855,5578,5381,38701,18540,17655,201158,12700,17366,50972,49781,16389,34925,19025,-888888888,-888888888,226923,21446,302697,31858,86443,2657,187002,17393,29252,11808,309443,265567,42158,22782,19376,14974,4402,1718,313813,274513,271925,203773,68152,2588,39300,39300,17207,22093,41888,2588,12,2576,39300,883,38417,39300,2561,11434,885,23,23723,674,289310,216467,72843,22360,55027,17880,6133,1071,10550,3229,1133,180,313813,23277,739,5774,445,3448,22792,10125,1078,40316,606,814,26851,7616,95,1369,4105,122,983,4229,5070,188,1512,2346,267,167,1380,750
2012,Donley County; Texas,1348,937,323,717,189,65,37,155,97,411,355,166,361,483,2.48,3.00,3347,1348,733,965,175,126,78,1501,573,772,24,30,102,1542,390,779,42,190,141,11,8,17,14,33,15,0,45,34,0,48,129,0,11,23,34,28,18,1077,25,38,359,180,475,2392,177,223,714,617,206,277,178,-888888888,-888888888,2894,332,3596,561,758,18,2086,248,752,295,3619,2997,604,173,431,375,56,18,3652,3561,3519,2776,743,42,91,91,22,69,133,42,0,42,91,1,90,91,28,13,0,0,48,2,3473,3225,248,81,193,61,40,18,15,2,0,0,3652,76,0,12,20,50,432,109,0,835,2,0,484,3,0,29,23,0,19,73,97,0,6,26,0,0,25,13
2012,Atascosa County; Texas,14995,11450,5052,8283,3460,909,358,2258,1234,3545,3069,1268,6226,3998,2.98,3.46,44721,14995,8290,15255,4641,1540,703,16817,5222,9109,535,515,1436,17545,4361,8973,494,1749,1968,595,297,56,57,108,78,22,1945,961,244,48,013,250,58,409,961,522,651,12368,1305,531,6027,2859,1646,28243,3622,3801,10067,5566,1501,2304,1382,-888888888,-888888888,32104,3110,44665,7453,12905,965,26216,3954,5544,2534,44571,39277,5191,2719,2472,1834,638,103,45091,42312,42016,36076,5940,296,2779,2779,1194,1585,3075,296,0,296,2779,47,2732,2779,26,81,43,0,2600,29,41674,24852,16822,5132,16548,5062,117,12,82,36,75,22,45091,1332,0,631,32,572,2529,1347,23,6916,65,0,3763,508,0,127,1060,0,40,821,386,0,181,502,8,0,17,66
2012,Nolan County; Texas,5709,3742,1453,2856,891,193,128,693,434,1967,1622,645,1710,1665,2.56,3.20,14634,5709,2836,4221,1173,695,267,5910,1742,3270,88,158,652,6025,1219,3063,241,672,830,245,128,80,75,45,122,48,334,193,106,48,353,33,43,11,193,152,86,3800,221,213,1757,933,676,9760,1168,1059,3291,2127,776,988,351,-888888888,-888888888,11352,1046,14847,2639,3752,191,8772,1246,2323,1202,14762,12317,2426,1659,767,641,126,19,15104,14351,14296,12412,1884,55,753,753,321,432,808,55,0,55,753,22,731,753,13,8,7,0,725,0,14025,10976,3049,808,2985,779,43,15,7,0,14,14,15104,1729,0,40,16,141,902,246,8,1850,2,0,1436,79,0,41,64,5,23,185,244,0,7,105,2,0,66,80
2012,Hudspeth County; Texas,1097,796,362,568,244,31,28,197,90,301,301,154,464,350,2.97,3.69,3253,1097,570,1217,353,16,16,1325,412,647,25,80,161,1287,389,630,63,132,73,82,48,124,108,182,166,16,149,103,28,48,229,0,46,29,103,64,53,964,28,94,465,257,120,2146,615,384,533,343,64,122,85,-888888888,-888888888,2415,184,3253,664,992,38,1782,375,479,251,3346,3034,308,84,224,174,50,4,3407,2303,2268,1834,434,35,1104,1104,327,777,1139,35,0,35,1104,8,1096,1104,0,0,13,6,1085,0,3162,627,2535,1067,2493,1062,36,5,0,0,6,0,3407,249,0,0,0,9,12,24,0,92,1,0,137,5,0,0,0,0,29,11,5,0,16,0,0,0,44,3
2012,Ward County; Texas,3934,2765,1214,1908,743,218,50,639,421,1169,1040,464,1428,1100,2.65,3.21,10437,3934,1923,3262,926,392,232,3975,1058,2101,207,164,445,4261,855,1975,121,673,637,193,78,60,77,45,160,21,364,158,35,48,475,48,27,48,158,70,142,2629,115,64,1514,720,216,6755,972,990,2271,1498,244,543,237,-888888888,-888888888,7713,725,10444,1689,2905,146,6044,855,1495,688,10543,9020,1511,594,917,704,213,12,10705,9955,9897,7617,2280,58,750,750,369,381,808,58,0,58,750,0,750,750,16,33,0,0,698,3,9922,6437,3485,1243,3443,1230,18,0,13,13,11,0,10705,709,0,0,0,109,701,103,25,671,5,0,745,51,0,14,12,0,0,160,67,0,27,26,9,0,7,64
2012,Harrison County; Texas,23147,17166,7342,12335,4736,1201,678,3630,1928,5981,5173,2492,8395,6605,2.76,3.23,63840,23147,12320,20452,5429,2492,1188,25224,7800,13305,714,575,2830,26732,6644,13004,841,2829,3414,861,464,57,55,32,108,13,1785,1107,302,48,203,230,235,340,1107,674,832,17499,1029,1151,7349,3748,4222,42644,2272,4141,14619,10759,3104,5489,2260,-888888888,-888888888,49081,5162,64948,9152,16802,556,39500,4683,8646,3913,65155,55002,9963,5635,4328,2925,1403,190,65958,62465,62062,45693,16369,403,3493,3493,541,2952,3896,403,0,403,3493,142,3351,3493,204,272,109,0,2880,28,61363,55079,6284,3197,5554,3028,467,100,152,69,111,0,65958,8562,78,288,86,1032,5499,1671,171,6076,41,38,6582,1479,0,248,412,66,51,960,1920,0,618,262,32,0,466,134
2012,Menard County; Texas,869,582,233,442,149,19,3,121,81,287,257,114,257,301,2.51,3.11,2181,869,461,629,138,84,47,853,227,494,9,42,81,914,202,482,17,93,120,26,14,56,52,0,183,0,8,5,0,48,327,5,0,0,5,5,0,628,62,3,325,174,64,1533,140,179,474,413,41,179,107,-888888888,-888888888,1695,328,2181,578,535,88,1165,270,481,220,2214,1863,342,195,147,130,17,9,2232,2124,2123,1768,355,1,108,108,51,57,109,1,0,1,108,0,108,108,0,0,0,0,108,0,2094,1562,532,167,499,166,33,1,0,0,0,0,2232,593,0,3,7,7,166,5,0,284,0,0,163,29,0,0,0,0,0,38,0,0,0,6,0,0,0,7
2012,Fayette County; Texas,10470,7092,2867,6000,2299,271,108,821,460,3378,2980,1587,3082,3678,2.28,2.81,23897,10470,6054,6161,655,557,315,9780,2232,6403,109,303,733,10351,1771,6135,164,1422,859,237,105,56,50,21,119,6,280,107,39,48,149,11,0,57,107,69,81,5251,344,318,2501,1249,839,17638,1521,1855,6317,3769,1080,2387,709,-888888888,-888888888,19171,2226,24079,3034,5379,183,13696,1348,5004,1503,24335,21913,2295,1044,1251,1074,177,127,24557,22681,22601,18937,3664,80,1876,1876,413,1463,1956,80,0,80,1876,22,1854,1876,89,28,10,0,1749,0,23227,19047,4180,1611,3307,1493,873,118,0,0,0,0,24557,1372,12,4356,51,189,1753,524,46,7538,30,36,2371,293,52,82,167,15,70,190,343,13,23,72,32,9,60,27
2012,Williamson County; Texas,151352,110495,59138,88889,45039,6032,3614,15574,10485,40857,33160,8387,62656,26296,2.79,3.29,422701,151352,88729,141869,22493,18258,8143,157315,44833,95886,2226,1846,12524,166277,37915,93388,3161,9358,22455,-888888888,-888888888,-888888888,-888888888,-888888888,-888888888,-888888888,8503,3235,901,48,491,1026,566,742,3235,1866,2483,121826,9339,7767,54292,25242,25186,272350,9643,11895,56809,68896,22768,71662,30677,-888888888,-888888888,303652,34491,422885,38987,121424,4684,263877,22061,37584,12242,419957,340255,76842,32333,44509,29858,14651,2860,426296,380770,373849,231274,142575,6921,45526,45526,18351,27175,52447,6921,182,6739,45526,1127,44399,45526,4465,15349,1558,162,22943,1049,392866,313653,79213,25850,56096,19180,11062,2373,10218,3912,1837,385,426296,26347,2024,9640,1763,4902,41513,11858,2552,77387,1287,1241,44814,13661,490,4091,8076,962,2394,7556,11006,492,2751,7334,1281,401,3053,793
2012,Hutchinson County; Texas,8318,5663,2412,4177,1477,423,199,1063,736,2655,2466,903,2788,2229,2.60,3.24,21648,8318,4176,6701,1821,632,233,8580,2320,4533,226,220,1281,8728,1809,4380,307,1097,1135,195,61,25,40,17,79,10,697,416,96,48,233,125,69,126,416,237,340,5785,504,344,2606,1262,1069,14495,800,1623,4824,4163,980,1469,636,-888888888,-888888888,16229,1898,21775,3161,5745,266,12810,1503,3220,1392,21794,18910,2872,1409,1463,617,846,12,21992,20654,20492,14795,5697,162,1338,1338,483,855,1500,162,1,161,1338,1,1337,1338,62,60,6,0,1202,8,20482,17310,3172,1086,3019,1042,74,25,79,19,0,0,21992,1811,30,144,15,625,2325,578,38,2706,33,0,3135,269,1,61,236,0,32,495,584,0,34,101,20,0,83,241
2012,Morris County; Texas,5028,3435,1224,2395,712,210,108,830,404,1593,1488,744,1528,1794,2.52,3.12,12674,5028,2423,3701,1174,348,171,4964,1479,2663,151,134,537,5528,1150,2525,254,876,723,137,90,65,49,135,61,9,566,370,148,48,343,90,53,79,370,208,292,2999,238,92,1270,788,611,8914,571,1060,3171,1990,793,832,497,-888888888,-888888888,9937,1079,12680,3155,2977,192,7247,1691,2456,1272,12795,10829,1940,710,1230,1104,126,26,12914,12399,12322,9664,2658,77,515,515,87,428,592,77,0,77,515,18,497,515,16,23,62,0,405,9,12097,11273,824,359,772,339,11,3,6,6,35,11,12914,1343,16,14,11,253,1087,290,13,1341,6,0,1956,203,0,10,31,19,36,194,265,0,615,52,0,0,130,28
2012,Orange County; Texas,31105,22216,9331,16634,6493,1482,653,4100,2185,8889,7837,2754,10921,8063,2.62,3.12,81476,31105,16599,23996,6556,3220,1808,32037,8649,17557,619,1250,3962,33416,6577,17558,924,3802,4555,1084,476,53,56,52,115,10,2522,1669,422,48,361,393,191,663,1669,966,1190,20224,1446,1273,9322,4610,3573,54523,2396,5020,22778,13301,4365,4664,1999,-888888888,-888888888,61708,6638,81559,15317,20571,1467,49807,8729,11181,5121,81373,70699,10581,6413,4168,2801,1367,93,82306,80317,79822,59918,19904,495,1989,1989,952,1037,2484,495,39,456,1989,20,1969,1989,230,693,14,28,978,46,76962,72522,4440,1458,2839,950,874,129,654,338,73,41,82306,6456,135,197,125,1007,7088,7834,4544,8035,66,132,8747,2355,90,200,529,94,44,1502,1082,8,101,189,28,1,188,28
2012,Winkler County; Texas,2672,1826,920,1340,580,104,60,382,280,846,767,346,995,625,2.62,3.22,6993,2672,1344,2382,328,267,163,2669,656,1491,107,125,290,2703,480,1399,128,450,246,138,19,27,81,134,120,32,159,79,5,48,495,0,20,54,79,48,67,1841,115,216,889,397,224,4361,905,530,1254,1122,196,263,91,-888888888,-888888888,5019,325,6993,1072,2115,116,4038,584,840,372,6994,5907,1056,475,581,448,133,31,7137,6086,6038,4891,1147,48,1051,1051,255,796,1099,48,0,48,1051,45,1006,1051,2,26,0,0,1023,0,6517,3713,2804,1142,2772,1135,5,0,27,7,0,0,7137,473,0,12,0,26,293,92,0,528,0,0,436,0,0,52,26,0,2,10,113,0,0,3,20,0,21,0
2012,Harris County; Texas,1412895,968252,505254,669459,338129,82576,37923,216217,129202,444643,366948,82662,564252,242599,2.88,3.52,4063490,1412895,669136,1395142,379602,206715,77663,1551158,588464,767164,37631,27950,129949,1588307,492494,738101,59817,113230,184665,73689,25188,45,68,45,112,30,114314,45263,12001,48,201,11061,7119,15082,45263,28955,31964,1163198,74245,68864,504518,246249,269322,2542494,298259,252407,596111,537770,144453,465218,248276,-888888888,-888888888,2954489,187792,4079200,368869,1144162,38262,2603525,206254,331513,124353,4037912,3315430,684959,527038,157921,84707,73214,37523,4101752,3075033,3028775,2203399,825376,46258,1026719,1026719,328201,698518,1072977,46258,1237,45021,1026719,27813,998906,1026719,40471,208549,35888,2254,731324,8233,3765122,2166216,1598906,785516,1286188,658676,109320,29620,164899,85756,38499,11464,4101752,160921,27247,26874,6632,25023,205425,84807,10495,308670,10347,5941,210889,75297,2594,15613,44563,5647,15286,33072,44658,1851,61803,18527,4806,4095,11412,16158
2012,Burnet County; Texas,16648,11954,4631,9264,3066,628,402,2062,1163,4694,4057,2026,5154,5684,2.53,2.97,42172,16648,9196,11791,2594,1943,892,17037,3972,10558,344,490,1673,17779,3287,9499,495,1995,2503,336,171,41,37,62,57,16,1200,722,75,48,053,170,81,396,722,436,550,9159,676,539,4485,2411,1048,30027,2120,2218,9912,7607,1555,4466,2149,-888888888,-888888888,33091,4653,42321,8008,9828,496,24394,4030,8099,3482,42587,37178,5335,2602,2733,2138,595,74,42946,40132,39686,28968,10718,446,2814,2814,703,2111,3260,446,0,446,2814,23,2791,2814,267,221,1,24,2243,58,40513,34917,5596,2468,5132,2265,327,108,115,94,22,1,42946,2602,22,522,223,707,6632,1640,119,9428,137,122,6367,871,48,261,355,177,139,1144,1612,0,3,509,67,22,211,36
2012,Gillespie County; Texas,10694,7309,2515,6033,1806,267,121,1009,588,3385,2956,1743,2884,4511,2.27,2.75,24283,10694,6021,5661,1097,810,370,9922,1762,6525,153,466,1016,10868,1547,6272,77,1540,1432,283,77,40,65,86,119,23,624,408,144,48,171,182,60,22,408,212,392,4750,360,252,2287,1209,642,18388,1365,940,5616,4279,1039,3353,1796,-888888888,-888888888,19848,3039,24266,3787,4902,134,13156,1501,6208,2152,24468,21325,3108,1900,1208,921,287,35,24777,23002,22850,16747,6103,152,1775,1775,527,1248,1927,152,0,152,1775,142,1633,1775,149,48,27,0,1539,12,23562,18119,5443,1941,3785,1680,1593,241,21,20,44,0,24777,1358,83,159,110,330,2683,636,24,10556,30,0,2308,481,31,246,235,25,43,740,555,14,15,352,111,0,197,2
2012,Dallas County; Texas,849874,555311,284810,370755,181050,48358,21994,136198,81766,294563,243911,55962,320095,151648,2.76,3.47,2346778,849874,370525,775896,226282,124201,49450,895860,350160,426822,21988,17688,79202,932033,301186,407668,35199,70294,117686,-888888888,-888888888,-888888888,-888888888,-888888888,-888888888,-888888888,67228,29033,6698,48,113,6581,4883,10871,29033,18854,19725,645057,37484,40177,286829,137760,142807,1486474,172788,168037,342900,302396,82154,272432,145767,-888888888,-888888888,1722519,109460,2356126,217234,654736,21405,1497141,118869,204249,76960,2342991,1927951,396489,287280,109209,68309,40900,18551,2379214,1833276,1811182,1322413,488769,22094,545938,545938,141087,404851,568032,22094,872,21222,545938,14017,531921,545938,15239,96731,26953,622,403398,2995,2185375,1309659,875716,419317,725958,362013,49343,13319,74987,36296,25428,7689,2379214,104917,9780,8381,4058,14897,133905,36916,3101,160427,3835,2812,124564,34571,1340,10759,17492,1845,8885,20737,27986,788,37802,11674,2696,1567,7775,5243
2012,Guadalupe County; Texas,45411,34806,16574,27889,12893,1426,506,5491,3175,10605,9086,3811,18373,11329,2.87,3.30,130168,45411,27821,44042,8313,4581,1812,49681,13715,29429,655,1387,4495,52776,12422,29091,1095,4434,5734,2096,699,48,64,29,123,31,3701,1631,481,48,187,385,159,606,1631,937,1237,38557,2181,2020,16745,8647,8964,84474,5201,6114,24265,20645,6881,13711,7657,-888888888,-888888888,94407,15700,129782,16236,36069,1762,78584,8547,15129,5927,130271,113001,16868,7313,9555,6787,2768,402,131945,122678,118871,82449,36422,3807,9267,9267,4020,5247,13074,3807,61,3746,9267,174,9093,9267,790,1235,221,47,6864,110,122842,92627,30215,8767,27274,7979,1832,365,1047,423,62,0,131945,7870,162,1079,207,1319,11582,3453,659,27894,137,271,11997,2993,62,903,2669,359,496,1718,2179,127,492,851,80,160,726,264
2012,McMullen County; Texas,289,154,40,127,32,20,5,7,3,135,116,52,40,115,2.41,3.40,696,289,134,220,15,38,26,389,169,130,4,31,55,257,54,143,17,20,23,8,0,0,62,0,163,0,0,0,0,48,311,0,0,0,0,0,0,96,0,0,16,19,61,528,73,54,172,167,27,32,3,-888888888,-888888888,627,98,696,211,69,3,469,123,158,85,687,643,44,7,37,28,9,0,696,644,644,570,74,0,52,52,0,52,52,0,0,0,52,12,40,52,0,0,0,0,52,0,662,424,238,56,238,56,0,0,0,0,0,0,696,9,0,10,0,0,61,15,0,136,0,52,110,0,0,0,0,0,0,26,13,0,0,0,0,0,0,0
2012,Young County; Texas,7209,4951,1910,4022,1388,263,160,666,362,2258,2034,1024,2154,2297,2.51,3.08,18114,7209,4018,5083,1208,596,351,7136,1507,4427,104,163,935,7471,1172,4035,150,1278,836,249,141,86,66,0,172,0,490,270,53,48,503,66,68,83,270,127,178,4164,285,267,2080,1017,515,12642,1240,1298,4460,2946,746,1453,499,-888888888,-888888888,13918,1409,18176,3265,4450,140,10445,1526,3281,1599,18096,15823,2240,1268,972,637,335,33,18368,17299,17195,14329,2866,104,1069,1069,216,853,1173,104,4,100,1069,6,1063,1069,3,23,0,0,1006,37,17148,15046,2102,1235,2035,1204,36,0,8,8,23,23,18368,2076,0,187,0,384,1498,339,43,2050,28,11,2137,57,11,75,73,9,0,327,310,21,7,30,0,0,303,60
2012,Johnson County; Texas,51776,39841,18136,31359,13419,2860,1349,5622,3368,11935,9673,3368,21467,12133,2.87,3.26,148481,51776,31356,46588,12102,6659,2777,58310,15586,34358,1237,1324,5805,58878,11464,33621,1167,4837,7789,1893,572,37,52,35,96,22,5360,3336,807,48,251,748,443,1338,3336,1847,2618,39238,2148,2369,19225,8734,6762,97099,6197,10658,32493,26039,6334,10828,4550,-888888888,-888888888,110075,10921,148819,17029,40984,1343,90872,9344,16963,6342,149677,129216,19848,10710,9138,8162,976,613,151174,140803,139300,105614,33686,1503,10371,10371,2877,7494,11874,1503,0,1503,10371,245,10126,10371,603,1007,47,265,8295,154,140482,120503,19979,7577,18159,6789,727,218,951,559,142,11,151174,13305,71,868,533,2740,26016,3661,589,23355,157,385,22688,3170,92,1126,1820,249,438,2462,2835,0,248,1053,107,78,788,515
2012,Hopkins County; Texas,13262,9763,3695,7793,2699,522,183,1448,813,3499,3054,1411,4284,3801,2.59,3.07,34367,13262,7767,10185,2302,851,516,13606,3314,8162,194,438,1498,14152,2334,8266,253,1693,1606,561,139,44,72,40,148,22,1032,784,44,48,223,247,164,329,784,435,646,8255,469,489,3862,1961,1474,23363,1889,3002,8196,5259,1475,2184,1358,-888888888,-888888888,26192,2645,34402,5400,8886,410,20303,2919,5213,2071,34585,29584,4849,2800,2049,1580,469,152,35088,32274,32117,26705,5412,157,2814,2814,566,2248,2971,157,0,157,2814,31,2783,2814,154,112,27,12,2509,0,32636,27898,4738,2190,4402,2088,178,49,142,53,16,0,35088,6874,0,69,37,628,3629,487,60,4274,14,72,3672,486,0,85,164,21,67,671,899,28,118,156,39,2,119,119
2012,Ochiltree County; Texas,3732,2797,1578,2122,1078,242,177,433,323,935,789,326,1690,777,2.74,3.16,10241,3732,2082,3433,527,467,324,3786,1015,2365,18,59,329,3747,739,2216,75,322,395,184,102,101,75,93,141,0,331,185,66,48,357,72,36,11,185,103,170,2705,139,274,1415,631,246,6222,911,986,2057,1089,324,619,236,-888888888,-888888888,7037,497,10244,1062,3277,159,5905,452,1062,451,10179,8438,1610,628,982,412,570,131,10314,8128,7947,5376,2571,181,2186,2186,456,1730,2367,181,0,181,2186,0,2186,2186,15,22,0,0,2149,0,9346,5446,3900,1832,3875,1826,13,0,12,6,0,0,10314,468,0,40,0,122,756,221,29,1251,0,0,929,101,0,19,121,5,12,50,82,0,0,2,8,7,4,6
2012,Knox County; Texas,1598,984,418,759,247,30,22,195,149,614,570,279,442,535,2.23,2.90,3563,1598,747,1007,117,94,57,1408,354,816,19,74,145,1530,351,768,39,279,93,19,1,3,24,0,30,28,35,26,4,48,275,0,11,11,26,13,24,844,61,62,407,209,105,2604,295,291,1023,496,172,277,50,-888888888,-888888888,2783,282,3568,723,919,7,1926,330,723,386,3699,3108,591,290,301,290,11,0,3713,3424,3416,3098,318,8,289,289,99,190,297,8,0,8,289,0,289,289,0,0,0,0,289,0,3433,2710,723,300,708,296,14,4,0,0,1,0,3713,257,0,21,0,33,384,34,0,630,3,0,408,29,0,22,14,0,11,57,58,0,6,9,26,0,18,3
2012,McLennan County; Texas,83966,56076,25156,39510,15675,3634,1848,12932,7633,27890,21946,7904,29022,20416,2.69,3.25,225694,83966,39487,69659,17189,15393,4525,88823,32098,43914,1694,1998,9119,96563,29976,41896,2255,9379,13057,3467,1647,47,58,32,98,20,6723,3774,995,48,309,870,397,1512,3774,2349,2693,72920,3507,3711,25892,12861,26949,141235,10502,15254,39420,32532,12744,20373,10410,-888888888,-888888888,175133,16685,230721,30467,58740,2475,144079,15940,27902,12052,231394,185752,44980,28967,16013,11422,4591,662,234626,215660,213255,170827,42428,2405,18966,18966,5184,13782,21371,2405,29,2376,18966,569,18397,18966,1100,2234,473,116,14836,207,217932,177049,40883,17796,35552,15996,2774,555,2206,1110,351,135,234626,19515,376,5818,408,2496,17311,5030,484,36146,334,142,25968,3768,111,1543,2648,44,358,3135,4344,24,1019,1401,358,134,1238,244
2012,Concho County; Texas,918,699,254,532,160,79,25,88,69,219,213,111,323,343,2.99,3.33,2743,918,534,690,406,195,46,2518,851,1101,144,73,349,1039,157,525,69,102,186,22,0,0,49,0,154,16,160,60,8,48,095,13,11,28,60,28,58,582,27,46,313,131,65,3327,620,299,1270,653,105,239,141,-888888888,-888888888,3480,255,2731,482,581,11,1632,252,518,219,4049,3112,748,177,571,255,316,189,4073,2710,2688,2230,458,22,1363,1363,46,1317,1385,22,7,15,1363,145,1218,1363,7,22,0,0,1302,32,3906,2293,1613,1083,1582,1080,16,3,15,0,0,0,4073,1026,0,47,0,20,159,44,0,303,0,0,81,33,0,1,13,0,7,32,9,0,0,11,0,0,9,8
2012,Edwards County; Texas,854,547,201,415,111,48,26,84,64,307,291,135,201,341,2.34,3.02,2001,854,402,610,92,43,19,784,204,406,10,85,79,888,223,413,32,88,132,4,0,0,9,0,33,0,0,0,0,48,137,0,0,0,0,0,0,383,28,34,195,80,46,1406,314,91,381,224,68,227,101,-888888888,-888888888,1634,101,2004,322,389,0,1193,133,422,189,2023,1696,327,162,165,115,50,0,2023,1848,1824,1541,283,24,175,175,86,89,199,24,0,24,175,0,175,175,6,0,0,0,169,0,1939,989,950,201,950,201,0,0,0,0,0,0,2023,181,0,0,0,23,230,30,0,246,0,0,175,22,0,5,0,0,0,92,30,0,0,0,0,0,17,0
2012,Eastland County; Texas,7145,4561,1753,3503,1178,212,115,846,460,2584,2214,1013,2095,2616,2.46,3.09,17597,7145,3529,4746,1243,934,305,7403,2338,3652,136,392,885,7713,1501,3721,151,1093,1247,225,144,73,58,196,56,5,495,286,65,48,133,102,16,103,286,191,181,4461,359,326,1695,890,1191,12426,974,1449,4419,2765,711,1569,539,-888888888,-888888888,14354,1801,18246,3809,4165,194,10538,1856,3543,1759,18321,15902,2351,1362,989,625,364,68,18519,17905,17835,14499,3336,70,614,614,99,515,684,70,5,65,614,17,597,614,29,33,16,28,485,23,17452,15958,1494,531,1326,512,98,8,60,11,10,0,18519,1512,9,0,18,220,1200,511,18,1934,60,22,1589,208,0,72,51,0,46,242,381,15,33,88,19,0,53,77
2012,Jeff Davis County; Texas,879,636,156,568,127,28,8,40,21,243,227,129,174,379,2.56,3.02,2251,879,611,493,181,87,8,1076,247,649,23,36,121,948,217,587,3,102,39,13,10,51,29,0,146,0,69,28,0,48,243,0,0,28,28,15,23,369,18,1,135,184,31,1717,182,126,471,358,54,331,195,-888888888,-888888888,1917,298,2247,666,332,13,1275,305,640,348,2286,2068,215,30,185,145,40,3,2319,2133,2123,1432,691,10,186,186,45,141,196,10,0,10,186,0,186,186,12,2,0,0,172,0,2194,1226,968,192,958,192,10,0,0,0,0,0,2319,40,3,0,10,4,421,143,0,336,0,0,227,31,0,0,20,0,3,90,87,0,3,30,0,0,5,0
2012,Jim Hogg County; Texas,1784,1306,373,919,182,80,41,307,150,478,465,218,536,581,2.92,3.58,5216,1784,888,1903,584,57,13,2242,844,1097,118,83,100,1972,578,901,101,212,180,120,101,151,110,75,214,37,288,198,76,48,247,30,23,69,198,76,198,1098,65,98,508,302,125,3107,610,524,1128,509,32,190,114,-888888888,-888888888,4034,330,5219,1125,1223,37,3206,559,790,529,5167,4423,742,389,353,168,185,2,5257,4744,4708,4382,326,36,513,513,159,354,549,36,0,36,513,1,512,513,0,0,0,0,513,0,4850,896,3954,993,3936,993,0,0,0,0,18,0,5257,72,0,0,0,0,66,19,0,50,0,0,0,35,0,0,0,0,0,0,16,0,46,0,0,0,0,0
2012,Montgomery County; Texas,160190,119577,56577,93881,42227,8329,4262,17367,10088,40613,33389,10695,62323,33983,2.85,3.30,455888,160190,93929,149640,31192,20937,8647,173273,47951,101687,3733,3689,16213,179979,39288,99847,4721,14387,21736,6498,1725,35,58,41,111,21,11215,4899,977,48,339,1217,884,1821,4899,2706,3983,123244,9273,7363,57729,28021,20858,295062,16439,25370,71968,72696,19670,61869,27050,-888888888,-888888888,331798,32075,456016,46797,126329,4681,282260,25498,47427,16618,452364,375600,72559,36474,36085,24651,11434,4205,458339,399907,395385,252506,142879,4522,58432,58432,17104,41328,62954,4522,95,4427,58432,1972,56460,58432,5667,7955,843,255,41696,2016,424918,344735,80183,35064,67133,31640,6330,1074,5459,2019,1261,331,458339,36977,1198,4220,1624,6233,46721,19183,2923,75382,1041,1227,55582,15223,317,3867,11340,761,1922,7117,11234,464,1118,5328,706,632,3288,1377
2012,Dimmit County; Texas,3428,2517,1034,1652,615,290,78,575,341,911,869,481,1228,1167,2.89,3.51,9913,3428,1670,3803,834,178,150,3703,1268,1790,180,156,309,3945,979,1801,170,489,506,271,156,137,120,211,188,19,348,207,24,48,127,57,15,111,207,107,174,2629,207,363,1097,684,278,6057,1612,869,1883,959,178,416,140,-888888888,-888888888,7032,409,9935,2260,3014,212,5480,1164,1441,884,9826,8412,1414,857,557,546,11,0,10054,9251,9029,7681,1348,222,803,803,507,296,1025,222,15,207,803,0,803,803,0,0,39,0,764,0,9225,2484,6741,2687,6665,2686,37,1,0,0,39,0,10054,87,39,0,0,0,80,0,0,401,0,0,212,80,0,0,19,0,0,0,4,0,0,0,112,0,0,4
2012,Webb County; Texas,67003,55288,31817,36067,20772,3876,1840,15345,9205,11715,9672,3483,37667,14037,3.69,4.10,247335,67003,36063,101982,33528,8759,3541,83965,30897,43749,1943,1565,5811,92754,30180,41580,4934,7406,8654,5201,1867,54,79,56,137,30,12961,4853,960,48,479,1015,781,2097,4853,3026,3874,87109,6139,5329,39421,19047,17173,134890,29191,19177,28478,26908,8312,16727,6097,-888888888,-888888888,162417,6071,248342,32414,87813,5498,141236,15993,19293,10923,245331,204921,37552,32170,5382,3725,1657,2858,250320,179183,175725,163890,11835,3458,71137,71137,20030,51107,74595,3458,370,3088,71137,1395,69742,71137,283,1450,38,0,69333,33,225234,18093,207141,113438,205509,112920,412,113,1181,405,39,0,250320,2386,375,30,0,97,785,667,144,2265,31,29,1737,543,34,86,418,248,108,120,241,0,53,132,23,20,45,27
2012,Armstrong County; Texas,668,527,188,464,157,9,9,54,22,141,137,83,213,255,2.61,2.99,1742,668,448,441,158,27,6,727,124,517,4,18,64,730,65,460,45,87,73,15,0,0,44,0,89,18,13,13,5,48,011,3,0,5,13,11,5,407,12,35,205,70,85,1279,54,103,317,403,100,223,79,-888888888,-888888888,1421,207,1742,278,399,24,982,98,361,156,1809,1626,183,45,138,108,30,0,1820,1725,1721,1365,356,4,95,95,24,71,99,4,0,4,95,0,95,95,20,3,0,0,72,0,1720,1593,127,33,117,30,3,0,7,3,0,0,1820,99,0,0,0,42,224,75,0,282,0,0,306,3,0,19,30,1,3,26,71,0,0,23,0,0,12,0
2012,Castro County; Texas,2597,1884,949,1478,694,85,54,321,201,713,642,292,1083,731,3.04,3.69,7883,2597,1505,2849,715,217,95,2967,818,1732,23,112,282,2948,670,1574,103,291,310,214,61,70,116,0,184,101,265,120,10,48,069,17,0,93,120,74,102,2182,119,191,1079,548,245,4829,980,599,1536,891,168,481,174,-888888888,-888888888,5507,434,7886,826,2475,20,4359,373,1052,433,7824,6838,974,558,416,281,135,12,7984,6275,6179,4863,1316,96,1709,1709,244,1465,1805,96,0,96,1709,60,1649,1709,6,12,0,0,1686,5,7286,3649,3637,1526,3619,1514,6,0,12,12,0,0,7984,308,0,16,5,113,428,58,4,1044,0,0,497,222,0,0,63,0,3,106,58,0,24,14,0,0,17,0
2012,Kleberg County; Texas,11024,7509,3539,4807,1997,678,199,2024,1343,3515,2447,761,4148,2482,2.72,3.20,30019,11024,4836,9013,2655,2491,646,12876,6073,5142,255,200,1206,12447,4283,5357,444,983,1380,489,255,52,59,62,79,31,990,553,87,48,273,148,126,192,553,372,411,11604,790,468,3386,1586,5374,18026,2855,1707,4153,4158,1093,2773,1287,-888888888,-888888888,23558,2177,31089,4378,7843,484,19760,2333,3486,1561,31552,25027,6325,3164,3161,2641,520,200,31925,29471,28982,25005,3977,489,2454,2454,670,1784,2943,489,51,438,2454,182,2272,2454,173,614,11,12,1580,64,29423,14725,14698,4024,13910,3703,380,160,368,142,40,19,31925,1157,25,235,0,91,1113,423,11,2576,47,19,1143,339,17,40,234,45,26,176,150,0,206,97,18,26,122,24
2012,Cooke County; Texas,14489,10309,4305,7949,3015,799,361,1561,929,4180,3661,1725,4790,4331,2.60,3.12,37651,14489,7946,11678,2224,1314,646,14977,4171,8424,256,547,1579,15434,2818,8416,444,1694,2062,581,152,39,69,54,134,18,853,427,171,48,097,64,66,126,427,262,334,9174,523,488,4276,2264,1623,25076,1798,2555,8033,6207,2114,3258,1111,-888888888,-888888888,28562,2969,37767,5490,9657,511,22226,2860,5884,2119,37941,31361,6505,3550,2955,1906,1049,75,38427,35550,35294,26372,8922,256,2877,2877,592,2285,3133,256,0,256,2877,12,2865,2877,92,159,24,0,2571,31,35725,30684,5041,2114,4639,1996,190,23,168,89,44,6,38427,2857,87,297,88,895,3675,1192,308,8995,2,13,4545,695,9,139,260,26,45,710,466,0,18,201,41,18,195,127
2012,Crosby County; Texas,2195,1564,673,1238,484,80,36,246,153,631,547,277,787,705,2.73,3.29,5991,2195,1231,1888,469,208,145,2221,603,1383,19,47,169,2416,434,1264,104,350,264,78,48,82,59,35,126,12,243,151,52,48,107,36,17,46,151,80,139,1502,134,107,786,365,110,3895,645,527,1278,788,148,359,150,-888888888,-888888888,4318,313,5975,1177,1764,94,3237,548,974,535,6049,4704,1328,854,474,351,123,17,6100,5758,5715,5000,715,43,342,342,77,265,385,43,0,43,342,0,342,342,14,2,0,0,326,0,5593,3660,1933,654,1924,654,9,0,0,0,0,0,6100,398,0,4,0,88,386,48,4,441,0,0,343,37,0,4,100,0,6,87,34,0,0,10,4,0,17,5
2012,Fisher County; Texas,1484,1073,402,890,325,66,35,117,42,411,385,185,468,554,2.61,3.18,3874,1484,862,1154,325,49,29,1629,424,999,28,67,111,1567,300,876,55,215,121,72,37,110,93,0,197,41,143,118,34,48,151,25,23,36,118,58,106,868,39,56,470,216,87,2675,251,225,1064,553,166,320,96,-888888888,-888888888,3046,282,3886,604,917,25,2143,244,826,335,3927,3597,330,177,153,134,19,0,3963,3864,3856,3508,348,8,99,99,44,55,107,8,0,8,99,0,99,99,7,1,2,0,89,0,3752,3065,687,180,667,173,20,7,0,0,0,0,3963,434,0,4,0,23,330,54,7,446,0,0,314,32,0,7,5,0,0,33,38,0,5,14,0,0,3,4
2012,Duval County; Texas,3843,2755,1212,1883,753,207,151,665,308,1088,951,381,1417,1316,2.89,3.44,11096,3843,1878,3541,1300,534,239,4970,1969,2216,196,163,426,4432,1206,2072,51,540,563,233,152,112,97,67,197,18,502,281,86,48,131,48,0,147,281,146,198,2673,86,202,1215,790,380,7590,1141,1561,2431,1583,313,363,198,-888888888,-888888888,8872,616,11105,2917,2943,151,6273,1557,1889,1209,11663,9552,2098,821,1277,1210,67,13,11821,11362,11360,10717,643,2,459,459,162,297,461,2,0,2,459,0,459,459,0,0,0,0,459,0,11019,3676,7343,2226,7319,2220,18,0,6,6,0,0,11821,348,19,14,0,33,214,132,0,360,0,0,400,36,0,0,0,0,11,16,1,0,8,0,0,0,0,23
2012,Blanco County; Texas,4104,2810,1002,2223,676,107,37,480,289,1294,1098,449,1179,1390,2.50,3.02,10263,4104,2243,2615,808,493,313,4246,959,2538,90,154,505,4335,628,2395,74,539,699,96,28,30,49,0,142,11,217,125,0,48,031,43,9,73,125,62,82,2112,215,173,946,502,276,7585,457,404,2238,2054,333,1437,662,-888888888,-888888888,8182,1184,10294,1524,2243,94,6209,711,1842,719,10361,9324,1037,623,414,343,71,0,10425,9687,9630,7662,1968,57,738,738,183,555,795,57,0,57,738,11,727,738,50,12,6,0,659,11,9883,8433,1450,744,1341,724,97,15,7,0,5,5,10425,416,11,93,11,117,1627,512,24,3492,58,5,1288,348,17,119,81,0,40,234,158,0,6,168,38,0,65,11
2012,Jasper County; Texas,13722,9726,3665,7462,2521,445,154,1819,990,3996,3586,1369,4513,4142,2.53,3.03,34675,13722,7435,9570,2781,1167,518,13873,3368,8150,238,543,1574,14535,2758,7895,447,1558,1877,525,111,31,67,43,151,10,1162,873,190,48,241,170,140,373,873,512,744,8339,600,504,4085,1964,1186,24194,1277,2859,9808,5915,1486,2251,598,-888888888,-888888888,26822,3346,34684,6471,8881,550,20069,3277,5734,2644,35188,30783,4368,2571,1797,1579,218,37,35703,34583,34482,27370,7112,101,1120,1120,218,902,1221,101,0,101,1120,0,1120,1120,92,138,79,28,783,0,33257,31048,2209,896,1720,737,275,84,148,60,66,15,35703,3410,34,125,52,993,3569,2523,302,4434,0,59,5064,548,0,40,183,51,0,736,674,0,122,111,6,0,129,139
2012,Jefferson County; Texas,92754,60573,27398,39124,15724,5168,2195,16281,9479,32181,28183,10558,31462,23832,2.53,3.18,234782,92754,39152,74382,18239,10255,4245,103368,37801,46362,3180,3233,12792,98467,27858,42527,3164,11561,13357,3769,1826,55,64,41,114,23,6676,3406,850,48,245,621,562,1373,3406,2375,2276,63433,3751,3335,26298,14105,15944,164614,11716,17633,52821,41860,10770,20672,9142,-888888888,-888888888,191175,17970,236654,35239,60082,2714,145609,18235,30963,14290,248494,206337,41089,26227,14862,10895,3967,1068,251627,225625,224104,173980,50124,1521,26002,26002,8462,17540,27523,1521,49,1472,26002,656,25346,26002,674,6435,572,5,17940,376,234413,190380,44033,18914,32812,15255,4788,947,5722,2572,711,140,251627,10015,635,1008,289,1876,14101,20515,3153,19059,442,182,16180,6320,70,788,1614,81,489,2887,2565,91,2688,1293,146,105,598,344
2012,Kinney County; Texas,1185,880,278,723,235,65,10,92,33,305,276,94,392,442,2.87,3.48,3404,1185,700,1074,406,39,18,1548,424,892,41,31,160,1344,238,773,28,160,145,32,28,104,55,175,75,0,171,76,0,48,271,31,10,35,76,33,61,666,60,22,324,198,62,2533,478,219,697,566,167,355,51,-888888888,-888888888,2747,496,3404,627,827,3,1894,305,683,319,3544,3024,437,256,181,99,82,83,3574,3086,3073,2395,678,13,488,488,173,315,501,13,0,13,488,49,439,488,8,90,0,0,390,0,3343,1479,1864,445,1716,388,58,0,90,57,0,0,3574,226,0,0,0,58,155,90,52,514,0,0,234,0,0,82,37,0,0,54,82,0,0,0,0,5,1,4
2012,Oldham County; Texas,727,499,219,405,168,8,8,86,43,228,209,91,239,205,2.38,2.91,1732,727,376,547,32,50,35,796,278,388,3,20,107,774,137,413,5,117,102,43,5,26,99,0,206,36,16,0,0,48,359,0,0,0,0,0,0,542,34,16,251,139,102,1323,114,131,345,373,40,223,97,-888888888,-888888888,1440,102,1907,390,485,30,1109,211,313,149,2026,1749,277,142,135,123,12,0,2048,1983,1960,1521,439,23,65,65,37,28,88,23,4,19,65,1,64,65,1,8,0,0,53,3,1934,1780,154,39,135,31,11,0,8,8,0,0,2048,122,0,0,0,45,163,64,0,498,0,0,286,38,0,13,4,0,0,53,96,0,1,4,55,0,8,23
2012,Lamb County; Texas,4890,3539,1567,2618,992,311,182,610,393,1351,1233,618,1847,1460,2.81,3.34,13735,4890,2618,4462,1192,573,344,5139,1308,2856,112,155,708,5469,1193,2837,110,674,655,235,133,85,75,134,119,15,456,190,54,48,279,15,21,100,190,101,148,3755,207,208,1865,922,553,8674,1164,1231,2747,1912,425,884,311,-888888888,-888888888,9859,771,13718,1776,4120,161,7527,743,2071,872,13776,11567,2155,1296,859,655,204,54,13996,12599,12555,11049,1506,44,1397,1397,512,885,1441,44,0,44,1397,8,1389,1397,31,37,0,0,1329,0,12819,8057,4762,1788,4734,1781,11,2,17,5,0,0,13996,926,2,28,17,102,728,293,21,827,9,0,1006,20,0,20,0,3,21,201,174,0,66,100,20,0,35,17
2012,Lipscomb County; Texas,1129,794,357,635,284,60,24,99,49,335,277,129,392,309,2.90,3.48,3277,1129,654,1136,182,176,33,1325,392,754,47,42,90,1262,223,696,35,131,177,72,5,17,95,30,240,21,21,16,9,48,295,0,5,2,16,7,15,773,27,32,353,263,98,2111,212,190,688,490,98,369,64,-888888888,-888888888,2397,221,3277,382,927,43,1930,170,420,169,3248,2632,611,201,410,146,264,5,3324,2923,2914,1507,1407,9,401,401,55,346,410,9,0,9,401,0,401,401,13,12,0,0,376,0,3008,2258,750,349,725,348,11,0,1,1,13,0,3324,159,0,31,28,60,359,70,0,729,0,1,389,45,0,3,10,0,15,68,64,0,0,15,11,0,8,2
2012,McCulloch County; Texas,3053,2001,770,1640,598,91,26,270,146,1052,984,567,867,1130,2.67,3.41,8153,3053,1630,2686,505,279,102,3220,846,1786,26,113,449,3319,489,1762,11,654,403,206,110,133,128,82,255,53,264,69,0,48,307,22,0,47,69,52,69,1736,57,158,988,380,153,5643,632,426,2032,1124,345,706,378,-888888888,-888888888,6238,583,8158,1457,2043,160,4649,662,1466,635,8157,6768,1388,902,486,432,54,1,8281,7786,7780,6679,1101,6,495,495,148,347,501,6,0,6,495,0,495,495,4,38,0,0,453,0,7761,6285,1476,494,1425,494,7,0,44,0,0,0,8281,2033,0,59,2,85,744,110,3,796,0,0,571,103,0,38,0,0,0,170,68,0,0,158,33,0,7,58
2012,Mason County; Texas,1690,1203,424,1016,287,85,81,102,56,487,438,329,445,766,2.35,2.81,3968,1690,993,1045,135,105,91,1723,396,1082,14,65,166,1639,142,1078,8,225,186,22,0,0,35,0,60,25,35,5,0,48,319,0,5,0,5,5,0,763,61,56,384,196,66,2902,236,312,823,559,148,579,245,-888888888,-888888888,3182,427,3968,675,796,56,2081,265,1091,354,3942,3602,340,193,147,79,68,0,3978,3619,3604,3245,359,15,359,359,73,286,374,15,0,15,359,0,359,359,12,0,14,0,319,14,3779,3090,689,363,599,358,90,5,0,0,0,0,3978,545,0,14,0,88,292,157,0,1329,0,0,476,15,0,7,0,0,37,166,184,0,0,105,37,0,44,0
2012,Dickens County; Texas,875,584,196,482,131,4,4,98,61,291,279,133,223,295,2.32,2.93,2030,875,491,542,94,28,15,1103,306,559,82,25,131,953,174,474,0,152,153,30,4,15,67,40,161,31,52,31,4,48,125,3,11,13,31,24,23,393,30,35,170,119,39,1777,176,257,630,400,78,183,53,-888888888,-888888888,1951,171,2034,386,448,18,1174,190,412,178,2367,1790,546,179,367,314,53,31,2399,2305,2305,1971,334,0,94,94,6,88,94,0,0,0,94,10,84,94,8,1,0,0,85,0,2282,1939,343,125,342,124,0,0,1,1,0,0,2399,431,0,5,0,24,210,51,0,208,0,8,271,21,0,0,2,0,10,18,27,0,0,4,0,0,31,0
2012,Lee County; Texas,6026,4312,1861,3372,1294,336,210,604,357,1714,1468,633,2017,1791,2.65,3.15,15939,6026,3389,4980,896,648,172,6670,1955,3700,196,222,597,6483,1258,3557,177,784,707,295,97,64,86,103,162,24,298,109,37,48,287,20,19,33,109,68,84,4064,274,238,1819,1156,577,10918,1168,936,4014,2733,661,964,442,-888888888,-888888888,12314,1339,15971,2255,4153,142,9243,1008,2575,1105,16279,14084,2195,977,1218,923,295,0,16591,15513,15343,12791,2552,170,1078,1078,156,922,1248,170,0,170,1078,0,1078,1078,18,19,0,0,1041,0,15568,12496,3072,1283,2597,1227,366,56,75,0,34,0,16591,633,51,460,100,119,1187,504,36,5387,38,0,1515,210,0,27,168,0,50,192,129,0,26,173,0,0,67,16
2012,Tarrant County; Texas,651877,451651,235223,327213,161910,32442,15874,91996,57439,200226,167887,42693,259177,117222,2.75,3.34,1792096,651877,326989,596314,134607,82309,37313,673708,223229,357131,14399,12930,66019,716203,195442,348776,22802,51052,98131,31485,11480,48,66,42,119,24,46077,20114,4632,48,439,4701,3554,7227,20114,12427,14556,519463,32742,29875,226112,108014,122720,1135356,83726,98179,270000,277539,76091,227049,102772,-888888888,-888888888,1306429,120320,1797974,176854,505753,17744,1133944,100833,158277,58277,1787734,1471860,304720,208248,96472,56855,39617,11154,1814667,1530807,1506039,1000908,505131,24768,283860,283860,93913,189947,308628,24768,737,24031,283860,6962,276898,283860,14650,66250,18348,1990,179421,3201,1672138,1210650,461488,206821,351164,164100,38340,10678,52878,26198,19106,5845,1814667,139431,10076,9743,3929,19661,141463,36826,4950,205983,3919,3087,163693,42281,1559,13054,21666,2168,6468,21553,33513,1161,35225,13263,3158,1701,9092,4098
2012,Anderson County; Texas,16245,11519,5327,8424,3370,898,522,2197,1435,4726,4241,1985,6019,4803,2.93,3.50,47612,16245,8405,16296,4077,2589,809,29756,9840,12610,1287,991,5028,18993,4443,8419,901,2342,2888,767,287,53,72,60,112,34,1336,452,61,48,001,115,109,167,452,275,334,12402,608,594,5148,3528,2524,41788,3008,6022,16527,9417,2606,2987,1221,-888888888,-888888888,46798,4941,47734,7085,11430,271,29310,4025,6994,2789,57725,47080,10559,5141,5418,4774,644,86,58269,54404,53986,42994,10992,418,3865,3865,760,3105,4283,418,11,407,3865,66,3799,3865,151,235,59,10,3401,9,55113,47869,7244,2514,6706,2352,131,6,305,151,102,5,58269,3265,130,213,51,453,9460,1060,61,4970,86,48,6596,835,20,332,290,13,78,627,919,0,98,200,115,0,133,31
2012,Ellis County; Texas,50327,40204,19595,31374,14437,2523,1199,6307,3959,10123,8403,3095,22706,10687,2.94,3.29,147897,50327,31323,49038,11876,5333,2741,55709,14766,34017,884,1255,4787,58725,13185,32524,1604,4561,6851,2254,785,47,60,25,128,18,5578,2389,369,48,139,632,425,963,2389,1302,1902,43288,2762,2574,19646,9937,8369,93135,6036,8831,27889,24296,6676,13309,6098,-888888888,-888888888,106653,10106,148565,18855,42959,2399,90810,10297,14796,6159,147867,124476,22909,14228,8681,6821,1860,482,149712,137846,137146,105632,31514,700,11866,11866,3043,8823,12566,700,16,684,11866,209,11657,11866,499,642,38,12,10568,107,138877,112147,26730,10530,24793,10001,861,192,696,243,380,94,149712,11263,434,3423,260,1866,14348,3239,430,18580,212,269,15514,3074,26,851,1291,185,332,2400,3465,155,177,1084,222,25,727,512
2012,Jackson County; Texas,5191,3654,1374,2842,950,215,114,597,310,1537,1339,671,1667,1616,2.68,3.22,13888,5191,2843,4282,978,594,225,5378,1496,2987,98,267,530,5706,1128,3087,68,776,647,265,155,107,85,100,136,41,491,392,138,48,239,136,5,113,392,241,263,3294,188,154,1683,852,417,9329,984,1021,3095,2077,588,1193,371,-888888888,-888888888,10467,947,13895,2390,3607,331,8084,972,2204,1087,13826,12168,1648,993,655,495,160,10,14075,13284,13198,11587,1611,86,791,791,199,592,877,86,0,86,791,7,784,791,22,0,0,4,765,0,13036,10098,2938,826,2728,822,201,0,9,4,0,0,14075,464,0,1855,15,100,1066,447,14,2892,28,0,1529,129,0,72,251,0,101,269,218,0,9,198,5,0,225,5
2012,Kerr County; Texas,20376,13618,4787,10606,3081,583,208,2429,1498,6758,5953,3324,5382,8339,2.33,2.87,47568,20376,10590,11875,2967,1760,717,19795,5171,11499,331,726,2068,21612,4165,11183,284,3048,2932,460,244,51,48,51,108,0,1196,569,176,48,265,62,133,198,569,317,385,10455,349,755,4730,2086,2535,35458,1649,2606,10342,8531,1936,6948,3446,-888888888,-888888888,39559,6322,48477,8664,9777,607,26815,3668,11885,4389,49040,40933,7895,4479,3416,2752,664,212,49469,46336,45712,30391,15321,624,3133,3133,1468,1665,3757,624,7,617,3133,115,3018,3133,417,259,0,12,2388,57,46896,38335,8561,2747,7942,2542,370,98,242,107,7,0,49469,2341,118,451,151,611,5560,1861,240,11028,167,92,5697,1097,113,617,862,55,226,1586,1277,45,23,572,128,32,292,87
2012,Milam County; Texas,9398,6522,2473,4970,1530,398,163,1154,780,2876,2492,1240,2807,3002,2.58,3.13,24293,9398,4953,7736,1221,985,598,9439,2724,5238,96,432,949,9881,2147,5225,329,1165,1015,383,166,63,73,84,143,17,528,340,28,48,331,92,36,184,340,261,242,5908,406,395,2967,1475,665,16455,1302,1741,6841,3492,826,1622,631,-888888888,-888888888,18197,2079,24288,5117,6425,569,13728,2764,4135,1784,24325,21268,3001,1780,1221,1045,176,56,24691,23535,23421,20104,3317,114,1156,1156,245,911,1270,114,10,104,1156,33,1123,1156,60,56,0,28,978,34,22973,19370,3603,1262,3323,1221,224,16,56,25,0,0,24691,1203,0,1266,20,246,2092,398,205,5351,25,17,2577,410,0,0,196,0,42,548,364,20,57,128,18,0,66,66
2012,Comanche County; Texas,5296,3535,1215,2886,915,171,88,478,212,1761,1576,816,1446,1961,2.58,3.21,13687,5296,2871,4087,849,584,250,5464,1232,3266,196,201,569,5693,986,2958,171,774,804,316,140,109,115,59,265,27,342,176,99,48,093,43,30,4,176,107,159,2924,228,238,1411,805,242,9488,761,1329,3293,1789,543,1265,508,-888888888,-888888888,10552,1195,13692,2431,3323,119,7546,1155,2823,1157,13685,12328,1272,677,595,453,142,85,13875,12980,12919,11079,1840,61,895,895,193,702,956,61,0,61,895,6,889,895,49,84,0,0,762,0,12969,10385,2584,1052,2500,1042,73,10,11,0,0,0,13875,1072,0,149,10,186,1195,164,0,1205,10,0,1396,67,0,53,33,10,13,165,246,0,0,51,13,8,39,46
2012,Falls County; Texas,5738,3816,1353,2531,840,267,102,1018,411,1922,1743,756,1620,1867,2.76,3.49,15864,5738,2542,5238,1715,631,238,6693,2337,2865,177,299,1015,7872,2364,3227,340,965,976,211,103,37,44,90,73,7,384,253,112,48,145,47,6,88,253,159,206,4215,220,178,1690,1222,905,12070,1152,1750,4538,2591,613,969,457,-888888888,-888888888,13842,1478,15902,3038,3861,210,9390,1600,2651,1228,17537,15376,2147,800,1347,1281,66,14,17756,16874,16823,14666,2157,51,882,882,371,511,933,51,0,51,882,66,816,882,19,49,0,0,811,3,16698,13929,2769,969,2494,910,150,8,125,51,0,0,17756,1246,2,611,11,164,1236,328,12,3121,1,34,1365,243,10,50,692,23,25,271,98,0,92,37,48,0,10,9
2012,Brooks County; Texas,2465,1665,701,936,295,178,148,551,258,800,720,389,880,937,2.90,3.64,7149,2465,869,2422,1109,284,238,2802,1330,1029,47,130,266,2804,866,945,73,530,390,95,46,54,68,244,65,34,352,126,12,48,047,31,30,53,126,71,86,1506,27,108,835,385,151,4565,1166,628,1509,747,83,303,129,-888888888,-888888888,5320,386,7153,2102,1916,184,4009,1187,1228,731,7119,6114,1001,721,280,199,81,4,7236,6856,6853,6474,379,3,380,380,70,310,383,3,0,3,380,99,281,380,11,103,0,0,266,0,6663,2086,4577,1035,4503,981,11,0,63,54,0,0,7236,255,38,0,0,0,105,56,0,120,0,0,21,0,0,29,57,0,0,9,11,0,0,29,0,0,0,0
2012,Austin County; Texas,10600,7503,3057,6113,2355,327,152,1063,550,3097,2869,1343,3297,3277,2.65,3.22,28134,10600,6121,9132,1393,888,371,11089,3096,6461,93,233,1206,11455,2458,6495,175,1265,1062,363,116,42,57,0,155,9,616,379,47,48,015,176,47,109,379,202,315,7137,449,231,3507,1897,1053,18906,1550,1564,6466,4544,1271,2490,1021,-888888888,-888888888,21201,1942,28152,3187,7141,214,16593,1311,4418,1662,28073,25030,2990,1642,1348,1139,209,53,28372,25378,25231,20762,4469,147,2994,2994,511,2483,3141,147,0,147,2994,5,2989,2994,64,17,0,0,2871,42,26546,21433,5113,2177,4617,2079,462,85,34,13,0,0,28372,2325,0,2740,40,301,1654,701,72,7058,11,10,2623,369,41,153,1137,20,22,290,561,38,0,169,36,32,33,2
2012,Kenedy County; Texas,168,116,41,79,41,13,0,24,0,52,52,22,41,74,2.67,3.41,448,168,78,150,52,0,0,154,16,82,13,21,22,195,32,81,0,82,0,16,0,0,211,0,640,0,0,0,0,48,261,0,0,0,0,0,0,108,0,0,82,21,5,323,36,88,74,80,6,25,14,-888888888,-888888888,328,31,451,15,123,0,231,0,97,15,434,434,0,0,0,0,0,0,451,429,429,378,51,0,22,22,20,2,22,0,0,0,22,0,22,22,0,0,1,0,21,0,431,338,93,42,92,41,0,0,0,0,1,1,451,0,0,12,0,0,12,5,0,15,0,0,0,0,0,0,0,0,0,0,29,0,1,0,0,0,0,0
2012,Colorado County; Texas,8048,5569,2077,4310,1470,384,157,875,450,2479,2336,1125,2333,2847,2.53,3.12,20381,8048,4267,5645,1868,553,258,8237,2326,4953,144,384,430,8523,1628,4535,299,1351,710,341,75,41,81,0,194,14,479,221,5,48,089,90,0,126,221,154,174,4277,252,293,2149,1110,473,14266,1426,1380,5637,2565,913,1751,594,-888888888,-888888888,15904,1664,20425,2894,4872,151,11697,1346,3856,1397,20533,18796,1729,656,1073,822,251,8,20784,18894,18836,16204,2632,58,1890,1890,580,1310,1948,58,0,58,1890,39,1851,1890,50,90,0,0,1685,65,19563,15385,4178,1336,3743,1197,345,71,90,68,0,0,20784,1053,0,2016,26,136,978,326,62,5620,9,0,1421,88,30,35,355,9,0,175,195,0,0,79,22,9,8,132
2012,San Patricio County; Texas,22235,16812,7496,11948,4763,1519,744,3345,1989,5423,4593,1811,8694,5876,2.90,3.37,64528,22235,11990,22535,5265,2503,1350,24917,7808,13141,536,717,2715,25496,6269,12706,877,2590,3054,1148,606,80,75,62,145,21,2235,991,343,48,409,112,95,441,991,541,765,17544,899,946,8551,4407,2741,41116,4687,4533,12056,10891,2613,4727,1609,-888888888,-888888888,46673,5641,64253,10790,18169,955,37963,5848,8121,3987,64361,52766,11465,5840,5625,4380,1245,130,65352,62014,61685,49770,11915,329,3338,3338,1164,2174,3667,329,30,299,3338,25,3313,3338,208,555,0,28,2443,104,60589,39250,21339,6379,20649,6191,381,86,280,102,29,0,65352,2478,13,847,404,673,3457,1756,124,9132,81,8,5325,994,16,317,510,132,183,683,845,0,22,352,59,6,399,65
2012,Randall County; Texas,47312,32238,14660,25626,10358,1856,1279,4756,3023,15074,12643,4035,16095,10442,2.52,3.06,119159,47312,25690,35233,5380,5544,2030,46219,13206,26903,561,940,4609,50044,11968,26563,801,4145,6567,1934,581,38,63,35,113,23,2285,1098,332,48,381,135,182,449,1098,677,740,34681,2241,1582,12850,7011,10997,77392,2125,4573,18209,22149,7162,15550,7624,-888888888,-888888888,90975,9046,120235,11759,29866,707,75407,5792,14962,5260,119407,99170,20018,10172,9846,7988,1858,219,121090,115866,114794,83071,31723,1072,5224,5224,2107,3117,6296,1072,0,1072,5224,258,4966,5224,648,1322,632,27,2427,168,112903,100627,12276,3768,9398,2374,1077,352,1155,654,646,388,121090,10659,276,658,257,1867,13447,3186,211,21771,433,93,14166,2612,78,918,1154,45,302,2624,2866,7,1318,895,217,86,609,462
2012,San Saba County; Texas,2054,1372,500,990,282,125,67,257,151,682,620,311,613,785,2.63,3.31,5395,2054,979,1661,526,175,94,2728,974,1222,67,93,372,2184,370,1055,28,421,310,56,15,29,62,0,125,40,198,57,14,48,411,3,0,40,57,36,57,1439,40,16,732,350,301,4141,464,278,1517,1014,157,573,138,-888888888,-888888888,4734,476,5432,1052,1290,72,2991,563,1151,417,5968,4982,955,454,501,469,32,31,6037,5601,5542,4683,859,59,436,436,220,216,495,59,0,59,436,21,415,436,13,0,0,0,423,0,5757,4428,1329,422,1273,422,41,0,15,0,0,0,6037,612,0,34,11,47,683,239,0,730,0,0,849,15,0,41,27,0,16,143,120,0,8,33,8,0,10,22
2012,Schleicher County; Texas,1114,852,337,650,241,85,36,117,60,262,250,151,438,326,2.95,3.49,3289,1114,649,1077,398,51,45,1210,279,762,29,60,80,1227,165,753,38,160,111,61,24,94,85,247,152,0,160,125,23,48,413,2,9,91,125,65,125,912,101,28,564,117,102,2068,224,240,694,416,103,345,46,-888888888,-888888888,2343,226,3291,397,984,65,1859,176,448,156,3319,2828,491,339,152,125,27,0,3327,3020,2970,2648,322,50,307,307,132,175,357,50,0,50,307,0,307,307,0,0,0,0,307,0,3064,2091,973,224,970,221,3,3,0,0,0,0,3327,141,0,30,0,66,154,17,0,391,0,0,267,5,0,0,8,0,2,74,38,8,0,25,0,0,0,0
2012,Zavala County; Texas,3557,2683,1110,1724,626,167,99,792,385,874,846,362,1339,1042,3.19,3.79,11345,3557,1709,4253,1535,291,116,4336,1653,2116,174,68,325,4378,1263,2014,247,414,440,172,55,39,65,76,81,44,394,132,15,48,507,15,4,98,132,75,105,3322,151,122,1802,780,467,6733,1819,817,1678,1393,364,462,200,-888888888,-888888888,8041,386,11348,2274,3712,206,6176,1172,1460,896,11619,10309,1190,456,734,624,110,120,11753,10135,10056,8831,1225,79,1618,1618,502,1116,1697,79,0,79,1618,39,1579,1618,0,0,0,0,1618,0,10679,2447,8232,3371,8232,3371,0,0,0,0,0,0,11753,53,1,48,0,22,83,74,22,315,0,0,178,0,0,18,2,14,0,66,7,0,0,0,0,0,7,7
2012,Calhoun County; Texas,7827,5581,2259,4296,1684,199,52,1086,523,2246,1918,881,2630,2285,2.70,3.25,21118,7827,4289,6431,1833,738,329,8553,2329,4995,248,225,756,8208,1711,4528,218,896,855,351,92,43,76,40,179,0,670,306,58,48,057,50,59,139,306,176,231,5261,392,431,2428,1347,663,13988,1554,1797,4398,3271,844,1382,742,-888888888,-888888888,15740,1820,21157,4134,5596,424,12398,2163,3163,1547,20986,17547,3325,2300,1025,808,217,114,21366,19397,19257,16656,2601,140,1969,1969,775,1194,2109,140,0,140,1969,24,1945,1969,38,426,46,0,1429,30,19846,14310,5536,2228,4918,1941,102,0,486,267,30,20,21366,849,69,892,19,141,1774,441,86,3811,74,0,2312,376,0,23,220,0,0,253,400,0,0,242,15,8,85,135
2012,Foard County; Texas,535,319,111,240,69,19,19,60,23,216,198,59,151,195,2.30,3.00,1231,535,246,290,103,57,33,505,116,252,21,16,100,561,103,253,0,98,107,21,18,115,81,386,45,0,93,89,44,48,155,8,27,10,89,49,81,228,21,8,108,91,0,932,62,171,250,216,15,155,63,-888888888,-888888888,968,92,1234,392,305,14,654,225,275,153,1261,1109,152,59,93,62,31,0,1273,1244,1234,995,239,10,29,29,8,21,39,10,0,10,29,0,29,29,4,6,0,0,19,0,1186,1076,110,19,94,16,10,0,6,3,0,0,1273,69,0,60,0,40,97,7,23,265,0,0,192,13,0,0,1,0,0,23,26,0,0,0,0,0,0,16
2012,Goliad County; Texas,3056,2078,709,1673,502,120,35,285,172,978,864,358,795,1022,2.30,2.81,7019,3056,1671,1722,359,211,53,2952,666,1692,77,139,378,2997,406,1898,87,373,233,92,5,9,61,35,174,0,164,84,6,48,175,6,0,72,84,45,84,1459,152,30,780,372,125,5272,520,338,1774,1303,619,547,171,-888888888,-888888888,5624,746,7027,1364,1594,129,4066,691,1367,544,7129,6164,965,343,622,500,122,0,7223,7092,7073,6089,984,19,131,131,25,106,150,19,0,19,131,0,131,131,20,2,0,0,109,0,6816,5442,1374,403,1287,395,78,6,9,2,0,0,7223,345,8,298,3,19,676,130,19,2322,13,61,581,49,0,36,79,0,0,135,66,0,20,17,32,22,0,57
2012,Hamilton County; Texas,3081,2150,645,1761,494,189,50,200,101,931,870,474,723,1278,2.65,3.26,8170,3081,1782,2387,697,223,51,3372,862,1852,135,150,373,3594,565,1827,66,598,538,53,22,32,33,0,96,0,162,41,7,48,193,15,0,19,41,25,31,1608,149,30,877,404,148,6059,459,632,2158,1398,290,845,277,-888888888,-888888888,6638,760,8189,1601,1802,39,4445,648,1942,914,8409,7181,1228,645,583,494,89,0,8448,8209,8206,6909,1297,3,239,239,52,187,242,3,0,3,239,0,239,239,3,5,0,0,231,0,7995,7416,579,213,555,197,19,11,5,5,0,0,8448,1523,0,78,4,113,1005,198,49,1680,0,0,1219,50,0,111,38,12,0,94,293,0,0,107,0,0,71,0
2012,Mitchell County; Texas,2747,1972,835,1569,670,145,102,258,63,775,728,420,1007,925,2.51,2.99,6892,2747,1584,1684,647,230,147,5037,2045,2157,167,133,535,2833,587,1596,36,417,197,61,43,77,41,0,98,0,273,225,82,48,335,41,33,69,225,134,161,2267,134,21,940,691,481,6444,593,836,2161,1919,472,391,72,-888888888,-888888888,7566,700,6908,1260,1801,121,3919,641,1188,498,9252,6710,2540,843,1697,1603,94,2,9367,8825,8737,7432,1305,88,542,542,151,391,630,88,0,88,542,24,518,542,2,53,0,0,487,0,8834,6459,2375,674,2279,655,43,0,53,19,0,0,9367,880,0,20,0,107,510,308,50,917,0,0,672,108,0,2,71,0,0,88,108,0,48,3,0,0,0,33
2012,Titus County; Texas,10631,7882,3901,5863,2634,501,230,1518,1037,2749,2324,977,4410,2645,2.97,3.49,31553,10631,5927,11041,2683,1271,518,11743,3652,6247,341,258,1245,12144,2636,6508,397,1141,1462,602,192,56,78,42,143,27,1041,432,147,48,449,72,47,166,432,238,384,8955,639,611,4406,1806,1493,18937,2612,2610,5300,4486,1309,1623,997,-888888888,-888888888,22328,1683,31701,5323,9701,444,18451,3132,3549,1747,31580,27377,4026,2159,1867,1387,480,177,32045,25904,25692,20645,5047,212,6141,6141,1533,4608,6353,212,0,212,6141,138,6003,6141,57,169,0,0,5902,13,29113,18893,10220,5503,9910,5364,139,52,168,87,3,0,32045,2213,10,30,75,169,2206,318,37,2340,0,3,2348,365,0,58,81,46,61,368,348,3,1565,143,0,12,161,28
2012,Lavaca County; Texas,7879,5549,2200,4461,1626,384,222,704,352,2330,2114,1019,2425,2657,2.39,2.89,18850,7879,4425,5112,956,478,384,7508,1901,4670,91,251,595,8009,1364,4613,127,1197,708,314,131,81,84,0,203,19,340,198,45,48,285,3,71,79,198,130,173,4022,326,299,1976,945,476,13605,1374,1540,5338,2622,649,1593,489,-888888888,-888888888,14809,1224,18863,3339,4460,430,10701,1378,3702,1531,18972,17175,1791,996,795,754,41,6,19269,18210,18193,16908,1285,17,1059,1059,221,838,1076,17,0,17,1059,0,1059,1059,67,24,0,0,954,14,18050,14881,3169,813,2338,727,810,79,21,7,0,0,19269,687,6,6117,50,62,1194,320,30,6445,0,0,2081,130,0,19,164,6,8,175,180,0,15,94,31,30,22,9
2012,Terry County; Texas,4096,2663,1059,1942,677,157,143,564,239,1433,1314,659,1194,1288,2.78,3.58,11371,4096,1937,3901,1043,394,175,5459,1894,2332,233,195,805,4392,1131,1858,98,581,724,55,15,11,22,0,54,6,391,320,7,48,445,93,48,172,320,179,309,3099,201,216,1284,955,443,8061,1401,1261,2328,1425,468,876,302,-888888888,-888888888,9381,493,11447,1971,3180,185,6525,1023,1742,763,12500,9857,2516,1216,1300,1009,291,127,12561,11273,11221,9953,1268,52,1288,1288,238,1050,1340,52,0,52,1288,26,1262,1288,15,23,0,0,1246,4,11570,7208,4362,1684,3790,1362,561,311,0,0,11,11,12561,958,0,0,0,224,582,94,0,1248,5,0,559,132,0,0,15,0,0,303,74,0,0,16,14,0,65,27
2012,Wise County; Texas,20352,15819,6708,13163,5374,613,342,2043,992,4533,3872,1525,7668,5029,2.87,3.28,58477,20352,13136,18606,4364,2019,743,23435,6082,14093,355,495,2410,23225,3908,13678,607,2109,2923,671,120,22,48,54,90,16,1610,562,33,48,497,314,55,160,562,372,346,14815,878,786,7208,3601,2342,38885,2959,4003,13937,9808,1996,4483,1699,-888888888,-888888888,43851,4946,58471,8818,15432,835,35765,4726,7274,3257,58729,50884,7703,3596,4107,3106,1001,142,59351,55281,54959,40901,14058,322,4070,4070,936,3134,4392,322,0,322,4070,71,3999,4070,110,135,18,0,3755,52,55416,47607,7809,3157,7455,3040,251,66,60,30,43,21,59351,5271,42,162,129,885,4144,1387,94,6470,15,38,5026,562,0,288,245,13,42,560,708,0,43,251,76,2,157,53
2012,Matagorda County; Texas,13338,9762,4312,7317,2974,622,354,1823,984,3576,3220,1450,4736,3678,2.71,3.23,36102,13338,7338,12239,2147,1040,441,14124,4168,7788,262,443,1463,14592,2960,7838,480,1484,1830,694,197,55,84,77,175,12,702,535,70,48,321,190,67,208,535,360,398,9106,621,395,4561,2391,1138,23395,2557,2362,8483,4656,1739,2895,703,-888888888,-888888888,27034,2798,36117,5302,9599,381,21478,3030,5040,1891,36071,32564,3426,2131,1295,1004,291,81,36653,32767,32564,27071,5493,203,3886,3886,1510,2376,4089,203,0,203,3886,18,3868,3886,156,452,41,0,3237,0,34023,24282,9741,4089,8849,3668,339,99,493,312,60,10,36653,1497,10,1870,85,219,2422,947,42,5261,0,26,3511,393,0,59,273,201,14,465,359,0,59,21,14,33,115,127
2012,Pecos County; Texas,4745,3367,1589,2522,1099,163,77,682,413,1378,1251,560,1800,1307,2.75,3.36,13050,4745,2526,4321,1096,362,183,7127,2103,3440,377,322,885,5193,1143,2736,298,643,373,105,8,6,34,9,78,0,431,222,24,48,371,54,72,72,222,137,137,3219,154,233,1553,974,305,10309,2202,1360,3444,1722,402,713,466,-888888888,-888888888,11695,853,13057,1503,3810,55,7434,630,1813,818,15401,12768,2600,1100,1500,1229,271,33,15510,13032,12826,11025,1801,206,2478,2478,770,1708,2684,206,13,193,2478,6,2472,2478,0,74,0,16,2353,35,14309,6594,7715,2481,7651,2425,64,56,0,0,0,0,15510,706,28,10,45,143,443,113,22,607,4,2,771,29,7,32,13,0,4,145,116,0,322,16,18,0,9,4
2012,Rockwall County; Texas,26141,21219,11422,17684,9260,1202,686,2333,1476,4922,4131,1359,12215,5132,2.98,3.31,78011,26141,17652,27114,4209,2895,1356,28796,7240,18546,200,449,2361,30696,6028,18424,512,2078,3654,-888888888,-888888888,-888888888,-888888888,-888888888,-888888888,-888888888,1516,497,84,48,397,236,47,130,497,278,421,23433,1938,1467,10399,5529,4100,50331,1956,2511,11432,12829,3822,12429,5352,-888888888,-888888888,55412,5045,78036,5277,23249,553,47502,2970,7285,1754,77901,68509,8993,3046,5947,4596,1351,399,78749,70772,69842,45498,24344,930,7977,7977,2792,5185,8907,930,0,930,7977,201,7776,7977,926,1224,684,32,4965,146,73219,61711,11508,4321,8648,3447,1314,301,1087,495,459,78,78749,10402,250,519,300,991,9086,2571,366,10689,372,165,7514,2745,46,640,952,165,243,1309,1806,0,701,828,140,82,571,6
2012,Taylor County; Texas,49423,32484,14823,23961,9859,1720,891,6803,4073,16939,13857,4870,16858,12249,2.53,3.10,124964,49423,23922,36515,7783,7321,2395,50192,16555,25988,961,1720,4968,54169,15369,24829,1204,5544,7223,2165,806,44,65,33,121,8,2929,1734,192,48,441,351,310,881,1734,1022,1204,37146,1497,2065,13805,6233,13546,80720,5182,6692,22749,20953,5603,13364,6177,-888888888,-888888888,95702,12302,126354,18955,32031,1793,77592,9889,16731,7273,129126,100692,27411,17150,10261,7220,3041,1023,131425,124061,121865,90230,31635,2196,7364,7364,3338,4026,9560,2196,93,2103,7364,231,7133,7364,937,1694,608,78,3990,57,121628,103944,17684,5651,14450,4129,1731,491,1044,703,459,328,131425,9405,141,472,200,1097,11682,3125,327,17510,238,137,13359,1896,20,663,891,179,287,2158,2803,79,970,814,140,47,744,262
2012,Throckmorton County; Texas,758,471,153,392,123,45,24,34,6,287,276,136,202,278,2.12,2.75,1607,758,389,370,66,24,14,720,170,380,10,38,122,691,130,419,0,99,43,9,3,24,30,41,76,0,54,50,7,48,447,35,0,8,50,31,42,279,33,14,95,87,50,1196,67,172,396,242,97,146,76,-888888888,-888888888,1322,146,1613,336,304,27,901,134,408,175,1620,1554,64,40,24,23,1,2,1626,1572,1569,1290,279,3,54,54,7,47,57,3,0,3,54,0,54,54,1,0,0,0,53,0,1554,1466,88,60,82,60,3,0,0,0,3,0,1626,75,0,17,0,31,242,12,3,161,0,0,279,14,0,22,12,7,0,21,17,0,0,18,0,0,13,2
2012,Walker County; Texas,20151,11619,4991,8545,3152,542,282,2532,1557,8532,6070,1850,5585,4769,2.30,2.98,46423,20151,8585,11947,2438,3302,1046,35913,16314,12091,1149,892,5467,22546,8206,9781,393,1949,2217,858,492,53,57,58,81,24,850,622,186,48,471,61,160,215,622,396,435,19790,325,817,4802,3472,10374,43303,2774,5145,14353,11113,2056,5299,2563,-888888888,-888888888,56415,4927,49421,4948,10953,275,32144,2668,6324,2005,66761,53694,12988,3573,9415,9011,404,79,67447,62748,62186,50458,11728,562,4699,4699,1084,3615,5261,562,0,562,4699,180,4519,4699,154,596,192,0,3689,68,64362,54262,10100,3273,9190,3075,445,75,290,88,175,35,67447,7547,104,685,66,799,7302,1776,108,8390,29,8,6306,1469,8,252,1313,7,233,766,1340,0,484,220,69,70,228,34
2012,Wood County; Texas,15904,11393,3431,9246,2389,558,286,1589,756,4511,3903,1962,4050,6533,2.52,2.96,40093,15904,9274,10243,2759,1913,782,17092,3852,10140,257,432,2411,17815,2608,9954,319,2451,2483,413,165,44,53,17,114,20,994,521,71,48,499,195,66,189,521,360,350,8381,489,567,3969,1885,1471,30295,1631,3685,10762,7489,1549,3564,1615,-888888888,-888888888,33345,4972,40641,8629,8538,601,22536,4215,9567,3813,41605,35441,6131,2802,3329,2721,608,33,41927,40383,40275,29604,10671,108,1544,1544,434,1110,1652,108,2,106,1544,5,1539,1544,180,116,0,16,1175,57,39751,36981,2770,1361,2452,1236,135,28,175,97,8,0,41927,9131,7,157,68,723,5001,1194,22,5929,83,93,6871,454,7,285,260,51,159,948,1015,3,98,518,24,0,196,102
2012,Aransas County; Texas,9825,6765,1982,5334,1171,494,198,937,613,3060,2645,1218,2460,3790,2.34,2.75,23006,9825,5303,5155,1409,1314,579,9482,1825,5402,296,225,1734,10145,1747,5614,267,1116,1401,335,202,83,74,65,164,15,484,219,84,48,007,23,0,112,219,120,179,4293,178,363,2018,1040,694,17061,1021,1299,5884,4033,875,2621,1328,-888888888,-888888888,18754,2921,23037,4444,4626,178,12920,2292,5491,1974,23083,19151,3879,1727,2152,1552,600,53,23391,22010,21870,14683,7187,140,1381,1381,522,859,1521,140,0,140,1381,91,1290,1381,149,354,26,0,721,131,22118,18226,3892,1379,3359,1114,142,28,325,187,66,50,23391,1495,90,245,79,173,2710,855,45,4366,55,20,2881,561,0,182,378,109,75,299,485,0,14,434,38,10,136,22
2012,Cochran County; Texas,1069,811,354,658,276,74,41,79,37,258,240,111,452,291,2.78,3.30,2975,1069,663,948,254,41,23,1184,309,738,42,28,67,1184,270,693,30,117,74,60,7,23,85,0,212,0,149,68,13,48,079,23,5,27,68,40,58,781,87,22,350,222,100,1901,408,212,564,374,103,172,68,-888888888,-888888888,2168,135,2998,550,852,55,1728,276,418,219,3040,2623,363,138,225,188,37,54,3087,2688,2681,2235,446,7,399,399,67,332,406,7,0,7,399,7,392,399,12,7,0,0,380,0,2845,1658,1187,503,1133,459,52,43,2,1,0,0,3087,212,0,0,4,15,201,43,3,309,0,0,223,18,0,4,1,0,0,10,62,0,26,25,0,0,0,4
2012,Coke County; Texas,1411,961,318,798,217,58,33,105,68,450,424,279,355,561,2.20,2.68,3102,1411,791,687,140,73,46,1375,278,884,37,52,124,1436,187,803,60,241,145,52,34,146,85,0,255,6,75,53,25,48,081,28,0,0,53,34,53,641,36,36,260,227,82,2417,154,196,790,643,246,262,126,-888888888,-888888888,2614,315,3099,422,553,20,1763,131,783,271,3255,2679,574,239,335,325,10,2,3298,3182,3171,2647,524,11,116,116,75,41,127,11,7,4,116,0,116,116,3,0,0,0,105,8,3134,2705,429,78,425,78,4,0,0,0,0,0,3298,132,0,24,3,28,365,94,0,483,0,0,500,17,3,7,40,15,5,44,63,0,0,15,4,0,11,0
2012,Coryell County; Texas,20464,16324,9149,12397,6472,742,395,3185,2282,4140,3566,1152,9895,3790,3.20,3.63,65484,20464,12422,25348,5140,2110,639,28160,10111,14364,701,390,2594,29864,6987,15464,866,2214,4333,1142,261,26,52,23,82,27,1528,557,166,48,099,247,72,72,557,362,386,21492,1289,1231,9090,4871,5011,45214,1572,3701,14899,13832,4496,4477,2237,-888888888,-888888888,46952,9578,61626,7341,20560,941,35471,4117,5595,2283,74474,58360,13868,3609,10259,4657,5602,2246,75728,71655,67389,35578,31811,4266,4073,4073,2158,1915,8339,4266,174,4092,4073,261,3812,4073,1178,1112,117,31,1556,79,69473,59358,10115,2582,6826,1646,1978,402,1168,491,143,43,75728,4547,140,528,216,660,8949,1700,320,13207,161,145,6979,2005,38,661,956,56,264,792,1815,27,596,398,103,21,310,403
2012,Hemphill County; Texas,1405,973,446,786,336,26,0,161,110,432,411,229,467,381,2.71,3.38,3813,1405,763,1404,147,94,37,1469,364,890,23,82,110,1416,195,785,14,204,218,101,20,71,130,98,277,0,57,15,6,48,211,9,0,0,15,12,6,1028,20,109,492,282,125,2482,263,280,757,669,77,353,83,-888888888,-888888888,2735,220,3813,429,1128,27,2183,223,502,179,3740,3259,481,207,274,124,150,0,3863,3379,3353,2367,986,26,484,484,85,399,510,26,0,26,484,4,480,484,9,0,0,0,475,0,3574,2729,845,429,836,425,9,4,0,0,0,0,3863,483,0,18,8,96,337,50,0,447,0,0,230,26,0,76,11,0,0,41,50,0,0,40,14,0,18,8
2012,Moore County; Texas,6799,5228,2706,4109,1877,274,113,845,716,1571,1279,498,3002,1421,3.17,3.65,21584,6799,4109,8200,1530,946,324,7999,2653,4443,205,182,516,7854,1966,4384,281,637,586,389,152,65,76,23,164,11,721,333,103,48,341,31,103,96,333,181,298,6466,200,346,3393,1465,1062,12593,2232,1756,3715,2533,697,1158,502,-888888888,-888888888,14763,752,21589,2343,6993,287,12591,1164,2005,892,21429,16881,4116,2550,1566,1033,533,432,21765,16116,16009,12213,3796,107,5649,5649,1385,4264,5756,107,0,107,5649,88,5561,5649,39,1208,178,22,4152,50,19732,9517,10215,4460,8790,3485,313,35,901,794,211,146,21765,1093,58,110,26,377,906,157,10,1945,7,16,1464,315,0,130,125,0,0,301,127,18,146,81,10,0,45,11
2012,Potter County; Texas,42430,27299,13293,17985,7830,2410,1110,6904,4353,15131,12966,3784,15467,8983,2.75,3.49,116854,42430,17902,39140,10907,6475,2706,47428,16826,21664,1245,1560,6133,45099,12614,18842,2099,4593,6951,1780,952,61,62,63,104,16,3593,1897,340,48,375,397,331,829,1897,1119,1430,32489,2227,2073,14844,6827,6518,75406,8263,9738,20678,20402,4832,7967,3526,-888888888,-888888888,87401,7435,117058,13959,33588,1161,71232,7559,12238,5239,119301,94685,23683,12602,11081,8743,2338,933,121099,104995,104020,78521,25499,975,16104,16104,3976,12128,17079,975,10,965,16104,738,15366,16104,277,4162,532,2,11100,31,110844,78036,32808,13406,27516,10424,888,198,3754,2404,650,380,121099,6255,160,388,263,1647,7093,2657,134,13017,52,28,10211,1661,19,617,640,37,142,1399,2028,30,1064,599,220,8,535,421
2012,San Augustine County; Texas,3368,2004,478,1443,170,169,80,392,228,1364,1206,686,700,1418,2.57,3.36,8649,3368,1443,2002,1291,545,105,3486,1078,1644,134,210,420,3784,776,1502,253,804,449,100,58,58,56,139,63,24,325,250,10,48,405,36,34,170,250,131,189,1988,115,87,942,451,393,6160,702,971,2384,1187,233,389,294,-888888888,-888888888,7001,981,8684,2266,1897,178,4894,1269,1893,819,8803,7777,1026,498,528,414,114,0,8898,8725,8670,7160,1510,55,173,173,76,97,228,55,0,55,173,0,173,173,44,2,0,0,127,0,8384,7960,424,193,338,173,84,18,2,2,0,0,8898,579,0,42,12,137,832,296,117,891,0,35,1170,52,0,0,93,0,0,133,169,0,33,62,0,0,10,0
2012,Shackelford County; Texas,1354,922,402,747,311,29,12,146,79,432,395,177,427,420,2.43,2.99,3285,1354,745,950,139,97,36,1322,343,813,12,30,124,1410,302,748,21,167,172,55,14,38,76,0,173,39,62,48,22,48,417,6,2,18,48,24,48,760,64,51,333,222,90,2273,192,145,720,632,71,390,123,-888888888,-888888888,2552,217,3290,501,781,48,1926,219,583,234,3310,3070,210,119,91,59,32,30,3346,3217,3205,2638,567,12,129,129,71,58,141,12,0,12,129,19,110,129,14,9,0,0,93,13,3168,2843,325,112,320,112,5,0,0,0,0,0,3346,257,9,32,0,66,214,51,0,234,13,0,227,0,0,14,0,0,0,39,46,3,0,54,3,0,29,0
2012,Starr County; Texas,15671,13175,6833,8947,4623,863,285,3365,1925,2496,2335,1093,8534,4295,3.85,4.31,60371,15671,8940,26341,8302,1117,352,20846,7325,10678,782,381,1680,22908,6444,10980,1279,2224,1981,1004,550,74,65,56,125,11,3680,1490,247,48,427,374,358,511,1490,954,1268,20075,1621,1113,9339,4649,3353,33547,12815,5677,6929,4421,862,2068,775,-888888888,-888888888,40231,1017,60425,11691,20606,1359,33496,6042,6323,4290,59865,54700,4523,3453,1070,745,325,642,60882,41972,41119,38104,3015,853,18910,18910,5023,13887,19763,853,8,845,18910,276,18634,18910,7,14,9,0,18880,0,55162,2531,52631,25499,52572,25494,42,4,17,1,0,0,60882,384,14,0,0,41,168,17,10,322,0,0,118,51,4,0,0,0,0,6,11,0,8,0,0,0,0,4
2012,Upton County; Texas,1179,885,402,681,296,86,43,118,63,294,241,121,514,343,2.73,3.13,3215,1179,678,914,297,147,82,1291,301,756,87,54,93,1237,286,698,50,120,83,45,20,68,66,103,121,0,106,70,0,48,461,7,7,56,70,40,56,808,39,75,385,189,120,2129,356,176,705,520,63,221,88,-888888888,-888888888,2376,175,3229,535,924,55,1841,247,464,233,3255,2682,569,299,270,195,75,4,3300,2943,2939,2442,497,4,357,357,48,309,361,4,0,4,357,4,353,357,0,0,0,0,317,40,3007,1862,1145,427,1142,427,3,0,0,0,0,0,3300,54,0,26,0,36,201,41,0,456,0,0,416,5,0,28,57,0,4,40,37,0,0,18,0,0,0,28
2012,Brown County; Texas,13302,9476,3677,7378,2664,526,149,1572,864,3826,3316,1485,4400,4222,2.70,3.19,35866,13302,7404,9793,3578,1789,469,14984,4029,8228,220,458,2049,15708,3037,8202,319,2198,1952,356,126,31,42,50,86,4,1077,438,73,48,049,108,51,206,438,265,313,9396,310,471,4105,2430,2080,25369,1522,2409,10010,5982,1378,2910,1158,-888888888,-888888888,28903,3594,36663,5039,8874,286,21598,2395,6191,2358,37315,33521,3752,1609,2143,1903,240,42,38018,36438,36162,29295,6867,276,1580,1580,729,851,1856,276,0,276,1580,38,1542,1580,40,207,0,0,1276,57,35699,32704,2995,1136,2756,971,113,78,123,87,3,0,38018,3312,14,133,31,441,8165,713,82,4040,12,4,4028,526,0,131,252,9,15,496,530,0,34,139,37,0,198,91
2012,Hall County; Texas,1270,851,330,669,224,45,22,137,84,419,378,248,395,523,2.58,3.24,3271,1270,664,876,365,96,67,1277,260,734,44,27,212,1388,221,735,14,170,248,58,7,20,85,44,162,58,109,49,1,48,191,4,26,18,49,45,10,805,38,59,362,241,105,2247,325,276,726,445,145,252,78,-888888888,-888888888,2466,261,3268,460,864,10,1682,155,722,295,3301,2983,318,124,194,188,6,0,3337,2884,2860,2320,540,24,453,453,122,331,477,24,0,24,453,0,453,453,61,19,0,0,373,0,3126,2373,753,305,696,305,47,0,5,0,5,0,3337,259,3,6,15,32,273,68,9,298,14,0,258,55,0,3,16,0,0,55,15,0,5,34,9,0,4,30
2012,Franklin County; Texas,4207,2976,1184,2319,860,189,28,468,296,1231,1064,587,1401,1519,2.48,2.94,10413,4207,2307,2757,716,426,248,4089,927,2512,37,70,543,4322,888,2453,97,512,372,109,50,50,48,0,131,0,321,199,25,48,159,35,0,139,199,126,149,2576,163,147,1202,526,538,7191,454,692,2238,1608,527,1060,612,-888888888,-888888888,7992,991,10413,2287,2592,275,5893,1024,1928,988,10432,9158,1271,529,742,656,86,3,10593,9918,9878,7613,2265,40,675,675,169,506,715,40,0,40,675,0,675,675,29,25,0,15,606,0,9906,8602,1304,564,1266,539,13,0,25,25,0,0,10593,934,0,22,4,344,1264,185,0,1304,0,0,1600,316,0,22,286,0,92,187,396,12,135,35,0,0,48,34
2012,Frio County; Texas,4831,3731,1523,2474,888,366,198,891,437,1100,895,367,1999,1432,3.02,3.51,14592,4831,2494,4827,2055,385,179,8295,3604,3443,308,175,765,5519,1526,2676,192,642,483,257,200,118,78,66,170,8,717,460,143,48,163,114,45,158,460,279,414,4449,254,119,1966,1475,635,10787,1989,2028,3542,2042,303,647,236,-888888888,-888888888,12977,954,14611,2767,4284,91,8399,1546,1928,1130,17089,14389,2145,730,1415,1385,30,555,17265,15682,15613,13911,1702,69,1583,1583,250,1333,1652,69,0,69,1583,94,1489,1583,0,47,40,0,1496,0,16136,6348,9788,2712,9699,2656,59,26,19,19,11,11,17265,1339,0,38,21,41,780,139,6,762,3,0,403,79,0,36,310,0,0,203,202,10,70,0,0,0,0,36
2012,Lampasas County; Texas,7091,5131,2039,4065,1416,392,159,674,464,1960,1633,893,2193,2236,2.74,3.23,19407,7091,4085,6070,1285,876,294,7634,1740,4607,116,303,868,8108,1420,4471,143,1011,1063,314,170,85,70,18,146,34,372,209,16,48,281,67,7,119,209,121,153,4481,142,279,2162,1312,586,13318,915,958,3964,3574,1326,1703,878,-888888888,-888888888,14576,3245,19230,3302,4988,508,11232,1496,3010,1298,19599,15814,3689,1878,1811,1610,201,96,19837,18389,17589,11125,6464,800,1448,1448,571,877,2248,800,20,780,1448,114,1334,1448,283,137,90,0,910,28,18572,16046,2526,843,2014,689,317,57,116,41,79,56,19837,1488,166,85,94,232,2604,697,16,4376,10,28,2590,470,35,172,426,55,25,260,604,0,128,229,0,12,117,100
2012,San Jacinto County; Texas,9238,7104,2373,5475,1526,560,299,1069,548,2134,1842,874,2855,3225,2.85,3.26,26317,9238,5430,8098,2557,994,370,10490,2609,6105,230,291,1255,10671,1980,5767,169,1288,1467,295,195,74,56,68,100,19,1183,433,219,48,407,87,30,97,433,290,330,5846,273,405,2922,1540,706,18009,1060,2656,7326,4219,625,1448,675,-888888888,-888888888,20031,2394,26318,4081,6449,236,15354,2157,4515,1688,26218,22626,3564,1265,2299,1731,568,28,26482,25530,25430,19571,5859,100,952,952,207,745,1052,100,16,84,952,0,952,952,102,60,0,0,784,6,24864,22916,1948,990,1767,973,129,0,52,17,0,0,26482,4142,0,206,3,757,2953,941,49,3353,13,8,4476,533,3,184,268,0,0,411,327,0,38,89,0,76,62,41
2012,Upshur County; Texas,14643,10681,4378,8457,3127,659,406,1565,845,3962,3493,1521,4975,4330,2.64,3.11,38682,14643,8484,11348,2657,1550,659,15242,3489,9043,470,499,1741,16161,2815,9206,379,1877,1884,633,146,42,72,71,168,2,1093,689,70,48,459,185,142,292,689,401,571,9366,535,372,4713,2195,1551,26485,1368,2979,9079,7454,1802,2639,1164,-888888888,-888888888,29639,3439,38762,7805,9721,877,23199,4355,5842,2573,38853,33451,5381,2561,2820,2166,654,21,39386,38088,37732,28781,8951,356,1298,1298,404,894,1654,356,0,356,1298,0,1298,1298,177,262,7,0,849,3,36852,34875,1977,741,1357,634,261,62,218,15,141,30,39386,6606,136,108,32,758,3791,639,54,4951,19,37,6202,539,38,172,316,0,19,824,775,0,197,156,44,22,472,149
2012,Waller County; Texas,13492,9787,4380,7467,3094,463,257,1857,1029,3705,2767,932,4778,3140,3.00,3.47,40495,13492,7521,13413,3209,2860,528,16848,6466,8403,294,539,1146,17322,6086,7863,528,1226,1619,604,275,42,52,47,95,16,741,320,59,48,473,101,22,138,320,233,194,13454,625,603,4562,2477,5187,24843,1870,2986,9612,4450,1071,3537,1317,-888888888,-888888888,32361,2452,42622,4886,10506,454,27757,2723,4359,1709,42387,37228,5073,1973,3100,2637,463,86,42894,37093,36620,27774,8846,473,5801,5801,1349,4452,6274,473,0,473,5801,76,5725,5801,236,235,109,39,5147,35,39802,30620,9182,3478,8704,3308,343,131,95,39,40,0,42894,2373,22,785,286,293,2007,991,99,5911,17,10,2372,763,0,185,940,25,27,563,428,38,303,182,75,0,88,158
2012,Wilson County; Texas,15122,12234,5427,10113,4275,678,355,1443,797,2888,2391,1148,6003,3915,2.81,3.13,42472,15122,10132,13660,2320,1238,542,16583,3798,10936,204,312,1333,17243,3507,10297,291,1468,1680,511,179,42,51,16,123,18,1377,640,124,48,493,160,146,210,640,325,551,11042,543,640,5291,2721,1847,28480,2056,2234,10040,6962,2018,3750,1420,-888888888,-888888888,31639,4741,42381,6240,11257,673,25851,3349,5273,2218,42505,38491,3910,1281,2629,2035,594,104,42999,40844,40552,33521,7031,292,2155,2155,999,1156,2447,292,8,284,2155,80,2075,2155,159,204,0,0,1688,104,40372,30982,9390,2673,8813,2439,419,140,145,87,13,7,42999,1677,0,1091,110,681,3520,899,178,10030,39,20,4594,828,3,131,3573,32,109,897,537,12,0,200,49,30,135,33
2012,Hockley County; Texas,7978,6080,2511,4771,1853,310,141,999,517,1898,1638,722,3031,2099,2.79,3.20,22289,7978,4747,6788,1857,919,312,8817,2632,5056,162,194,773,9043,2047,5159,317,912,608,498,114,48,89,52,151,42,912,524,163,48,219,115,52,194,524,296,478,6739,564,469,2520,1276,1910,13907,1624,1845,3472,3346,998,1869,753,-888888888,-888888888,16804,1259,22784,3059,6165,304,13767,1428,2852,1327,22576,17846,4516,1893,2623,2205,418,214,22988,21575,21477,18405,3072,98,1413,1413,417,996,1511,98,0,98,1413,102,1311,1413,45,106,2,10,1245,5,21311,14624,6687,1841,6505,1749,100,37,48,23,34,32,22988,1745,115,72,17,207,1619,413,9,2429,25,2,1778,205,0,64,59,22,20,303,301,0,2,46,13,0,85,156
2012,Midland County; Texas,49898,35944,17384,26946,11817,2531,1271,6467,4296,13954,12179,4197,19348,10474,2.74,3.28,136865,49898,26903,43907,11235,4922,2412,51695,15927,29365,1032,982,4389,54893,13242,29248,1379,4583,6441,2222,649,41,65,50,115,16,4578,2122,508,48,329,419,316,879,2122,1246,1703,37480,2966,2729,15696,8745,7344,86389,7101,8411,21482,23634,5946,14153,5662,-888888888,-888888888,100417,9125,137346,18348,37961,1847,84761,9587,14624,6914,136410,114003,21992,12852,9140,6821,2319,415,138472,126408,125245,96910,28335,1163,12064,12064,4953,7111,13227,1163,134,1029,12064,283,11781,12064,229,1293,323,0,10085,134,127270,89352,37918,13974,35206,13244,1266,166,1028,496,418,68,138472,9887,450,604,162,1572,10868,1987,459,13581,126,23,11002,1223,54,1036,758,44,142,1614,2674,24,604,693,286,32,555,215
2012,Llano County; Texas,8536,5443,1192,4454,651,175,94,814,447,3093,2789,1569,1503,4067,2.22,2.75,18911,8536,4442,4083,1017,833,415,7941,1489,4694,113,362,1283,8634,846,4563,308,1486,1431,186,78,53,64,38,175,0,528,384,80,48,299,113,95,96,384,243,306,2967,297,276,1237,769,388,14985,630,1412,4167,4086,814,2668,1208,-888888888,-888888888,16061,2723,18894,4187,3020,155,9965,1592,5909,2440,18914,16215,2699,1238,1461,1174,287,0,19115,18639,18531,12548,5983,108,476,476,69,407,584,108,0,108,476,7,469,476,38,14,0,3,416,5,18333,17197,1136,541,1056,499,66,42,14,0,0,0,19115,1776,0,152,37,366,3930,1018,24,4044,60,11,3129,390,21,170,189,0,18,813,634,0,6,347,30,0,213,6
2012,Fannin County; Texas,11783,8471,3271,6483,2339,678,307,1310,625,3312,2966,1462,3847,3913,2.66,3.17,31303,11783,6511,9375,2460,1174,485,14813,4076,7578,398,561,2200,12956,2241,7070,356,1758,1531,355,170,58,52,81,110,1,994,502,162,48,147,83,70,187,502,286,388,7533,394,389,3397,1935,1418,23448,1673,2841,8752,5219,1381,2390,1192,-888888888,-888888888,26410,3283,31497,5883,7442,592,18722,3175,5333,2116,33469,27583,5742,2265,3477,3077,400,144,33867,32285,32068,25153,6915,217,1582,1582,508,1074,1799,217,0,217,1582,32,1550,1582,115,113,0,10,1320,24,31939,29216,2723,1002,2472,975,113,5,125,22,13,0,33867,3003,7,76,52,752,2970,835,102,5050,111,79,4860,425,40,17,196,5,140,603,495,4,58,260,8,0,55,131
2012,Brazos County; Texas,68936,38546,19141,26823,12227,3487,1368,8236,5546,30390,18911,3749,20910,10115,2.60,3.16,179105,68936,26708,45580,10962,26919,4029,81103,44722,30552,922,1073,3834,79346,37321,28854,2310,4368,6493,3274,1044,26,54,19,78,26,3128,1607,309,48,041,366,371,561,1607,1133,1067,86112,3259,2139,16491,8427,55796,94476,6415,7911,20186,18700,4662,20087,16515,-888888888,-888888888,154023,8629,190345,17656,39636,2477,136875,9987,13834,5192,191244,128828,59220,33259,25961,21266,4695,3196,194087,169068,167067,129734,37333,2001,25019,25019,4671,20348,27020,2001,14,1987,25019,1481,23538,25019,1697,8373,1057,71,13305,516,181532,140880,40652,16669,28285,12121,5407,1577,6105,2825,855,146,194087,8622,891,4807,721,2214,16983,5904,428,32236,607,457,18377,5987,170,1508,3401,189,729,4225,4249,120,1433,2301,151,359,1373,264
2012,Gaines County; Texas,5402,4120,2251,3514,1881,139,95,467,275,1282,1080,504,2390,1139,3.23,3.85,17462,5402,3578,7089,1073,320,218,6410,1618,3998,50,341,403,6139,1298,3716,75,692,358,497,192,135,120,63,223,39,527,207,52,48,165,88,55,12,207,142,174,4513,290,325,2438,941,519,9785,2890,1119,2622,1504,439,1001,210,-888888888,-888888888,11624,609,17467,1895,5948,256,9951,901,1568,738,17028,14044,2568,1694,874,632,242,416,17572,13718,13685,11939,1746,33,3854,3854,1146,2708,3887,33,0,33,3854,204,3650,3854,0,43,7,53,3343,408,15802,8038,7764,3100,3995,1763,3673,1307,96,30,0,0,17572,479,26,0,0,395,777,396,0,3841,0,0,995,39,0,30,13,0,0,102,44,0,6,37,30,0,17,37
2012,Gray County; Texas,8465,5846,2661,4625,2031,307,162,914,468,2619,2355,1200,3039,2567,2.47,3.00,20905,8465,4618,6063,1013,746,427,9549,2477,5298,220,401,1153,8536,1518,4715,234,1050,1019,328,90,48,71,68,143,3,595,386,81,48,179,160,26,119,386,254,280,4998,408,200,2493,1121,776,15341,1025,1867,5277,3917,1120,1500,635,-888888888,-888888888,17158,1538,20910,2751,5559,209,11944,1202,3407,1340,22458,18640,3802,1429,2373,2020,353,16,22731,21226,21124,15485,5639,102,1505,1505,515,990,1607,102,0,102,1505,2,1503,1505,47,79,16,0,1359,4,21044,17205,3839,1338,3559,1276,174,7,106,55,0,0,22731,2275,0,131,126,243,2503,309,17,3154,19,0,2172,148,13,50,139,0,121,383,278,0,16,75,38,15,92,69
2012,Jack County; Texas,3010,2009,759,1598,546,158,47,253,166,1001,839,323,872,873,2.59,3.19,7784,3010,1606,2270,519,379,185,4318,1378,1988,134,115,703,3179,559,1718,55,412,435,94,20,25,55,32,153,6,152,86,7,48,237,27,10,42,86,67,64,1919,169,71,794,658,227,6173,447,723,2342,1547,365,541,208,-888888888,-888888888,7067,787,7784,1304,1960,37,4537,792,1287,475,8904,6831,2073,676,1397,1203,194,0,9027,8564,8537,6878,1659,27,463,463,77,386,490,27,0,27,463,4,459,463,18,21,6,0,418,0,8574,7546,1028,552,981,530,25,0,22,22,0,0,9027,896,11,19,0,156,447,81,19,646,81,0,974,56,9,33,75,0,5,106,113,0,6,107,0,0,96,13
2012,Bosque County; Texas,6883,4891,1712,3950,1258,190,98,751,356,1992,1804,977,2010,2532,2.56,3.07,17600,6883,3944,4874,1295,604,293,7277,1617,4313,133,351,863,7533,1160,4192,162,1071,948,144,44,28,40,0,94,16,551,358,46,48,035,117,86,109,358,201,260,4088,253,146,1953,1016,720,12838,1070,1415,4329,3305,754,1417,548,-888888888,-888888888,14052,2047,17659,3153,4060,158,10078,1475,3521,1520,17966,15614,2339,1054,1285,959,326,13,18114,17006,16946,13764,3182,60,1108,1108,311,797,1168,60,4,56,1108,15,1093,1108,49,18,0,0,1041,0,17128,14912,2216,824,2141,798,47,19,25,7,3,0,18114,3569,0,269,72,193,1586,462,47,3623,2,11,2100,94,0,713,65,21,32,472,354,15,3,102,4,0,76,29
2012,Bexar County; Texas,596862,404241,199742,277302,129190,31090,14688,95849,55864,192621,160832,45156,228004,127108,2.82,3.48,1683181,596862,276871,572641,150994,85813,31417,645937,237521,317443,14123,14248,62602,686309,207724,304949,24018,55831,93787,28235,10251,42,63,38,106,28,54629,22262,4981,48,029,5493,4676,7112,22262,13943,15302,506275,31575,27668,206365,103211,137456,1065530,95605,97597,260961,258634,76573,177033,99127,-888888888,-888888888,1233217,151738,1679479,220579,462831,22442,1043168,123686,173480,74451,1695574,1372424,310535,226169,84366,42798,41568,12615,1719902,1495907,1457953,1088615,369338,37954,223995,223995,88930,135065,261949,37954,1172,36782,223995,7100,216895,223995,12180,34534,4936,282,169871,2192,1589642,916214,673428,199379,616080,180177,24106,5001,26232,11576,7010,2625,1719902,63671,6229,8818,3351,9573,83461,30289,3506,167120,2415,2789,95119,33309,1332,7475,23115,2788,4986,14360,21185,814,10643,8771,1837,1303,5805,4573
2012,Baylor County; Texas,1735,1053,438,813,316,101,18,139,104,682,664,284,454,692,2.10,2.69,3644,1735,826,788,162,133,82,1489,240,909,0,41,299,1685,260,780,28,391,226,68,26,78,96,0,267,59,24,24,0,48,023,15,0,9,24,7,24,765,0,27,295,269,174,2812,114,362,959,646,120,438,173,-888888888,-888888888,3008,338,3644,815,698,0,2006,314,940,501,3652,3121,531,243,288,216,72,0,3706,3577,3548,3143,405,29,129,129,56,73,158,29,0,29,129,0,129,129,32,0,0,0,97,0,3520,3292,228,105,196,105,32,0,0,0,0,0,3706,302,0,243,0,139,315,54,12,526,0,0,456,0,88,9,10,0,0,33,77,0,0,0,0,0,6,0
2012,Denton County; Texas,237732,168703,92059,134421,70957,9165,4702,25117,16400,69029,53344,10322,98137,33789,2.76,3.27,655469,237732,134130,212412,36590,34605,12791,249878,78781,143728,3886,2953,20530,263936,74383,140575,5135,14088,29755,-888888888,-888888888,-888888888,-888888888,-888888888,-888888888,-888888888,13723,4696,1156,48,121,1501,802,1237,4696,2633,3504,209157,14393,11516,83358,36643,63247,415720,15045,20210,77878,103124,32010,116446,51007,-888888888,-888888888,484681,39827,663650,50533,182519,5988,434880,29093,46251,15452,659082,529411,125751,63865,61886,44042,17844,3920,667934,574947,566265,335049,231216,8682,92987,92987,35570,57417,101669,8682,83,8599,92987,2198,90789,92987,7420,33304,4198,191,45495,2379,618167,484459,133708,52812,84135,36656,19010,4158,26549,11360,4014,638,667934,35350,3750,3881,2219,11145,73623,20434,3513,105281,1827,2439,75319,22064,815,7249,12637,1335,3882,10494,15997,731,6990,7393,2161,1793,4644,1486
2012,Galveston County; Texas,109142,74846,34562,56501,24605,4534,2118,13811,7839,34296,28380,8364,38853,23931,2.64,3.21,288110,109142,56522,89958,18756,13732,5993,113495,34639,61766,1885,2609,12596,117969,28849,60034,3504,10463,15119,3931,1262,36,55,18,115,16,7143,3451,719,48,167,851,443,1438,3451,2237,2511,79717,5895,4152,33794,16381,19495,193159,10215,15452,49817,47131,15947,35554,19043,-888888888,-888888888,217970,22055,289091,34484,74158,2787,182358,18650,32575,13047,289075,238534,49574,30810,18764,12878,5886,967,292874,264610,261503,183965,77538,3107,28264,28264,10854,17410,31371,3107,132,2975,28264,600,27664,28264,2803,6666,848,51,17352,544,272873,222043,50830,18341,39854,14931,4843,941,5507,2380,626,89,292874,15766,902,3475,739,3217,24285,12154,1614,41347,1135,1046,31293,13772,376,2045,4597,415,1609,3556,5290,174,2017,2968,270,353,1448,526
2012,Roberts County; Texas,347,275,92,236,73,5,5,34,14,72,72,34,102,98,2.86,3.23,992,347,247,328,38,32,13,338,43,251,0,6,38,465,107,253,23,37,45,21,0,0,95,0,120,147,36,13,0,48,393,0,8,5,13,6,13,207,5,6,101,95,0,669,12,28,166,197,20,152,94,-888888888,-888888888,734,37,992,87,258,3,588,53,146,31,977,834,143,65,78,33,45,0,992,979,978,600,378,1,13,13,9,4,14,1,0,1,13,0,13,13,0,5,0,0,8,0,919,883,36,4,19,4,12,0,5,0,0,0,992,33,0,4,0,34,193,96,0,287,0,0,200,9,0,7,0,0,0,27,71,0,0,0,10,7,0,0
2012,Uvalde County; Texas,8660,6315,2984,4477,2011,337,128,1501,845,2345,2011,1013,3538,2765,2.98,3.56,25788,8660,4483,9507,2201,937,193,9720,3340,5073,177,249,881,10420,2605,4722,302,1351,1440,458,215,68,77,70,159,4,968,337,200,48,463,29,46,62,337,184,246,8104,521,300,3836,1541,1906,16217,2924,2174,3558,3546,1385,2026,604,-888888888,-888888888,18848,1488,26052,4092,7577,177,14673,2075,3802,1840,26067,22675,3262,1982,1280,1047,233,130,26434,24085,23770,20042,3728,315,2349,2349,789,1560,2664,315,0,315,2349,93,2256,2349,25,108,9,0,2194,13,24430,11251,13179,2957,12993,2900,134,32,52,25,0,0,26434,503,9,228,22,183,1706,495,0,2589,13,0,1374,250,4,0,245,76,0,237,447,0,18,75,20,0,171,31
2012,Bowie County; Texas,33920,22975,10225,15990,6188,1531,751,5454,3286,10945,9858,3857,11905,9364,2.59,3.19,87833,33920,15982,27462,6792,3677,1442,37400,12051,18503,875,977,4994,36671,8830,16524,1452,4732,5133,1573,683,65,76,53,136,31,2922,1937,300,48,037,481,482,674,1937,1192,1462,23459,1614,997,10396,5486,4966,61822,3065,5683,21032,16650,3978,7410,4004,-888888888,-888888888,69955,8170,87931,13832,22352,1269,53097,7383,12482,5180,91036,77072,13821,7549,6272,2502,3770,143,92460,89286,88739,57828,30911,547,3174,3174,1204,1970,3721,547,0,547,3174,244,2930,3174,317,610,198,0,1981,68,86491,80642,5849,2166,4450,1725,577,43,636,372,186,26,92460,15601,36,390,203,1448,6092,1416,90,9588,30,207,10127,1622,31,133,345,105,260,1098,1211,0,2067,486,8,21,513,59
2012,Kent County; Texas,394,220,77,174,54,9,3,37,20,174,163,46,99,114,1.99,2.69,783,394,171,180,21,17,5,350,88,184,6,22,50,348,33,180,1,92,42,7,2,39,51,133,96,0,30,15,0,48,263,0,2,13,15,4,11,141,2,9,73,30,27,589,26,38,208,144,50,86,37,-888888888,-888888888,673,49,783,140,153,5,470,63,160,72,823,615,208,32,176,132,44,0,829,807,796,677,119,11,22,22,2,20,33,11,0,11,22,0,22,22,0,0,0,0,20,2,782,739,43,21,43,21,0,0,0,0,0,0,829,132,0,3,0,26,108,4,0,177,0,0,129,6,0,2,3,0,1,30,39,0,0,0,8,0,2,7
2012,Somervell County; Texas,3221,2191,1040,1798,859,75,61,318,120,1030,932,399,1286,863,2.53,3.20,8159,3221,1826,2373,618,121,48,3285,677,2081,41,132,354,3405,632,1973,97,387,316,217,0,0,112,0,293,21,307,137,25,48,425,21,4,87,137,82,105,2126,208,109,1025,585,199,5694,362,559,1470,1074,505,1341,383,-888888888,-888888888,6261,787,8222,1072,2117,65,4938,604,1167,403,8325,6738,1545,480,1065,797,268,42,8444,7672,7633,5368,2265,39,772,772,453,319,811,39,0,39,772,0,772,772,72,0,0,0,700,0,7928,6571,1357,620,1323,620,20,0,14,0,0,0,8444,367,0,70,56,147,783,241,0,1620,0,11,1462,151,0,61,4,26,14,315,294,0,19,17,0,0,8,56
2012,Hardin County; Texas,20468,15154,6393,11905,4650,969,558,2280,1185,5314,4530,1934,7447,5413,2.64,3.10,54071,20468,11898,16301,3663,1741,804,20645,4764,12608,291,702,2280,22129,3824,12778,386,2620,2521,681,243,45,53,49,106,11,1629,880,199,48,199,183,188,310,880,510,762,13161,704,1097,6393,3024,1943,35931,1314,3705,14268,8722,2534,4078,1310,-888888888,-888888888,40393,4356,54044,9011,14055,789,32803,5145,7186,3077,53891,47399,6391,3717,2674,2230,444,101,54497,53708,53554,43448,10106,154,789,789,343,446,943,154,0,154,789,17,772,789,60,203,0,0,470,56,50813,48842,1971,751,1504,539,235,52,220,148,12,12,54497,3975,17,311,54,882,6312,5968,749,7415,133,79,7579,1344,16,126,583,0,122,924,1061,0,212,195,31,8,265,22
2012,Leon County; Texas,6434,4568,1543,3301,882,496,273,771,388,1866,1580,824,1820,2435,2.60,3.04,16713,6434,3262,4496,1538,983,350,6806,1397,3862,208,417,922,6935,1132,3621,185,1049,948,205,49,30,61,72,137,8,477,217,18,48,289,58,30,111,217,118,153,3338,143,92,1801,830,472,11935,934,1311,4252,3061,689,1170,518,-888888888,-888888888,13036,1860,16720,3117,3791,138,9404,1336,3525,1643,16655,15185,1453,703,750,582,168,17,16827,15958,15841,12087,3754,117,869,869,181,688,986,117,2,115,869,0,869,869,22,4,0,0,843,0,15784,14320,1464,887,1442,868,22,19,0,0,0,0,16827,1119,0,67,9,218,2077,475,7,2410,1,20,2642,390,28,37,134,0,56,326,228,0,4,51,53,28,43,67
2012,Newton County; Texas,5185,3684,1006,2767,602,273,135,644,269,1501,1328,608,1378,1715,2.68,3.20,13918,5185,2791,3367,1936,639,305,6089,1854,3175,82,289,689,5653,1142,2971,82,688,770,191,113,69,62,76,139,0,475,211,7,48,351,40,27,137,211,133,145,3011,75,292,1372,801,471,9815,558,1340,4540,2035,428,701,213,-888888888,-888888888,11072,1482,13921,2343,3300,103,8297,1199,2324,1041,14171,12720,1451,269,1182,1163,19,0,14372,14060,13950,10727,3223,110,312,312,122,190,422,110,0,110,312,27,285,312,39,63,24,12,174,0,13572,12961,611,257,379,174,101,20,107,63,24,0,14372,907,79,87,0,86,1371,1129,180,1025,0,0,1323,231,0,0,146,0,74,174,216,0,24,0,4,10,0,0
2012,Reeves County; Texas,3474,2444,888,1707,517,134,55,603,316,1030,862,336,1123,1130,3.40,4.14,11818,3474,1705,4411,1569,659,149,6264,2753,2450,242,182,637,4858,1404,2077,254,676,447,235,124,82,96,112,185,13,517,194,20,48,389,61,21,92,194,144,88,2571,83,101,1382,752,253,9134,2178,1385,2706,1544,266,842,213,-888888888,-888888888,10538,554,11823,2171,3068,64,6771,964,1984,1143,13370,10998,2206,628,1578,1322,256,166,13606,10999,10909,9721,1188,90,2607,2607,430,2177,2697,90,0,90,2607,274,2333,2607,4,48,25,0,2499,31,12659,4529,8130,3360,8017,3313,74,16,32,24,7,7,13606,531,0,34,0,61,366,67,0,475,0,4,244,91,0,8,67,9,0,165,100,0,44,12,9,0,98,0
2012,Travis County; Texas,405406,233949,119540,168275,81831,19197,8754,46477,28955,171457,123836,19316,129468,55158,2.50,3.20,1014649,405406,167939,280841,65577,94886,31222,414879,177123,189898,6150,5456,36252,409448,147001,180007,10090,22009,50341,-888888888,-888888888,-888888888,-888888888,-888888888,-888888888,-888888888,17911,7229,1581,48,453,2196,1029,2423,7229,4535,5134,294672,18516,14833,105850,47201,108272,661131,45861,41036,111573,132037,38385,185228,107011,-888888888,-888888888,787186,54371,1028267,86651,246359,8681,707732,52353,74176,25617,1019422,772520,236891,156052,80839,51201,29638,10011,1034842,848835,833336,548547,284789,15499,186007,186007,48938,137069,201506,15499,337,15162,186007,6943,179064,186007,12224,45312,5193,717,119496,3065,958478,657256,301222,132396,232672,110751,27233,6014,35677,14127,5640,1504,1034842,39400,5961,10976,4295,10199,94010,30703,4400,139148,3332,2832,91018,29446,1718,9227,15735,2087,6655,16913,24625,796,7925,12264,2636,1602,7284,1605
2012,Collingsworth County; Texas,1197,786,365,606,256,37,27,143,82,411,390,224,410,432,2.47,3.14,2959,1197,566,885,230,81,40,1135,251,691,6,65,122,1144,187,608,56,189,104,43,13,73,87,0,182,0,129,51,29,48,087,0,19,3,51,32,42,759,71,63,400,149,76,2030,244,193,594,472,116,314,97,-888888888,-888888888,2194,209,2963,526,856,20,1541,234,566,272,3009,2615,393,151,242,120,122,1,3050,2733,2724,1980,744,9,317,317,59,258,326,9,0,9,317,0,317,317,0,43,0,0,274,0,2783,2050,733,279,678,250,22,15,13,0,20,14,3050,236,7,5,14,41,215,26,0,345,0,0,348,36,19,10,44,0,0,29,17,0,0,0,0,0,8,0
2012,Erath County; Texas,14223,8777,3620,7019,2596,402,133,1356,891,5446,3958,1445,4127,3215,2.55,3.15,36315,14223,6991,9724,2197,3180,745,15193,5771,7691,223,251,1257,16162,5306,7364,331,1361,1800,386,108,17,37,8,65,13,924,437,55,48,143,180,98,104,437,200,372,12712,638,516,3498,2297,5763,22065,1954,2228,5910,5391,1166,3762,1654,-888888888,-888888888,29790,2581,37684,4452,8354,236,24903,2344,4427,1872,37785,30090,7623,3971,3652,2980,672,72,38192,34917,34582,27674,6908,335,3275,3275,883,2392,3610,335,0,335,3275,54,3221,3275,154,131,20,0,2918,52,35781,29567,6214,2380,5804,2296,191,24,219,60,0,0,38192,3908,0,111,31,719,3000,731,42,4811,11,18,3969,438,0,274,348,49,17,630,671,0,6,242,51,0,152,32
2012,Motley County; Texas,457,266,103,227,93,22,10,17,0,191,187,123,111,199,2.52,3.53,1153,457,243,352,79,22,16,523,186,256,0,23,58,416,69,217,0,91,39,6,0,0,32,0,0,59,8,3,0,48,345,3,0,0,3,0,3,289,4,12,143,114,16,772,59,36,295,177,49,119,37,-888888888,-888888888,872,89,1153,202,281,11,604,97,268,94,1153,1045,108,28,80,55,25,0,1153,1123,1121,974,147,2,30,30,11,19,32,2,0,2,30,0,30,30,0,1,0,0,29,0,1113,1002,111,29,110,29,0,0,1,0,0,0,1153,55,0,0,2,14,172,24,0,226,0,0,181,0,0,0,3,0,0,4,137,0,2,0,0,0,8,15
2012,Coleman County; Texas,3511,2406,729,1869,520,159,30,378,179,1105,1013,460,852,1293,2.47,3.02,8665,3511,1879,2082,899,294,70,3623,1044,2067,34,72,406,3618,451,2130,52,538,447,53,36,50,32,43,73,0,200,105,35,48,083,10,42,18,105,70,88,1646,82,96,784,442,242,6075,410,753,2423,1406,225,659,199,-888888888,-888888888,6850,886,8679,1310,1967,63,4921,612,1791,635,8650,8029,618,329,289,109,180,3,8817,8700,8637,7186,1451,63,117,117,63,54,180,63,0,63,117,0,117,117,31,0,0,1,85,0,8235,7840,395,114,355,114,36,0,4,0,0,0,8817,874,0,27,0,126,1772,158,0,976,11,0,913,146,0,2,20,0,3,76,141,0,0,3,9,0,52,29
2012,Medina County; Texas,15413,12179,5225,9394,3909,789,270,1996,1046,3234,2793,1145,5984,4229,2.81,3.20,43320,15413,9401,14338,3047,1121,476,18715,5727,10668,446,541,1333,17659,3517,10123,560,1629,1830,926,254,60,92,32,178,50,1411,756,145,48,325,226,59,326,756,431,617,12365,601,703,5542,3162,2357,29990,2986,2924,8374,7360,2524,4132,1690,-888888888,-888888888,34175,4559,43396,6838,11778,527,25620,3427,5998,2884,45476,40428,5020,2080,2940,2445,495,28,46009,43312,42811,36171,6640,501,2697,2697,1050,1647,3198,501,10,491,2697,10,2687,2697,148,195,3,0,2351,0,43010,27937,15073,3827,14708,3822,311,5,51,0,3,0,46009,3110,41,220,63,557,3101,1372,248,8075,9,12,3224,407,12,203,770,59,158,654,712,0,135,309,56,0,79,73
2012,Henderson County; Texas,30311,20337,7270,16056,5130,1117,589,3164,1551,9974,8228,3654,8822,10346,2.55,3.11,77290,30311,16012,20586,6382,3999,1215,30828,7674,17472,459,1240,3983,32942,5986,17329,928,4333,4366,1182,364,46,71,32,141,29,2705,1842,323,48,213,584,298,637,1842,1061,1630,17978,850,1262,7998,3842,4026,54357,4090,6806,18640,12704,4425,4990,2702,-888888888,-888888888,60665,7876,77674,14945,17880,951,45255,7928,14539,6066,77643,65238,12184,6764,5420,4138,1282,221,78558,74254,73928,56447,17481,326,4304,4304,1384,2920,4630,326,0,326,4304,9,4295,4304,439,232,17,0,3581,35,73943,67254,6689,2761,6016,2579,506,58,162,124,5,0,78558,24835,67,157,247,1245,6519,1215,168,6626,68,81,6836,1231,32,287,615,34,150,858,1073,44,32,357,95,0,222,179
2012,Lamar County; Texas,19260,13621,5617,10224,3709,1033,406,2364,1502,5639,5043,2229,6530,5797,2.52,3.02,48495,19260,10242,13784,3516,1693,788,18930,4907,11182,298,638,1905,20919,4539,10711,682,2409,2578,658,318,55,57,75,95,21,1501,768,89,48,277,184,106,389,768,508,566,12475,789,843,5274,2804,2765,33070,1745,3911,11212,8185,2788,3346,1883,-888888888,-888888888,37639,3958,48715,8982,12032,731,28694,4768,7989,3483,49092,39797,9111,5988,3123,1749,1374,184,49740,47616,47389,36919,10470,227,2124,2124,646,1478,2351,227,0,227,2124,34,2090,2124,205,316,0,0,1544,59,46515,43405,3110,1263,2136,813,732,278,219,172,23,0,49740,5306,72,62,82,873,4224,789,71,5481,28,28,6539,591,0,148,421,2,125,636,573,0,532,201,95,48,351,206
2012,Kimble County; Texas,1950,1250,405,993,262,63,19,194,124,700,595,256,437,787,2.30,2.91,4487,1950,971,1079,342,145,116,1942,421,1126,41,86,268,1956,268,1091,0,346,251,32,8,26,45,0,112,12,107,54,0,48,267,17,0,37,54,28,54,730,19,62,372,215,62,3457,325,325,1212,816,161,371,247,-888888888,-888888888,3733,445,4487,862,844,70,2538,440,1105,352,4561,3993,568,157,411,390,21,0,4577,4262,4255,3670,585,7,315,315,98,217,322,7,0,7,315,0,315,315,0,18,0,0,297,0,4358,3348,1010,324,990,316,20,8,0,0,0,0,4577,1020,0,64,9,55,439,153,41,629,17,9,487,17,0,8,0,0,0,60,37,0,0,63,13,0,20,5
2012,Washington County; Texas,12279,8423,3287,6292,2139,499,178,1632,970,3856,3384,1706,3595,4150,2.59,3.20,31774,12279,6285,9660,2545,1005,404,13377,4482,6942,244,586,1123,14133,3464,6671,317,2188,1493,621,378,97,84,66,163,26,532,147,42,48,477,68,0,37,147,105,93,8007,532,344,3136,1634,2361,22474,1807,2590,6900,4113,1602,4055,1407,-888888888,-888888888,26226,2293,33005,4822,7355,357,19769,2247,5881,2218,33227,28238,4791,2675,2116,1964,152,198,33628,31674,31536,25667,5869,138,1954,1954,514,1440,2092,138,0,138,1954,181,1773,1954,141,382,8,13,1410,0,31647,27670,3977,1285,3097,1057,603,182,274,46,3,0,33628,1246,84,587,50,217,2266,535,2,9989,38,0,2248,317,11,110,1857,0,119,466,327,16,115,269,202,20,71,35
2012,Stephens County; Texas,3552,2586,1153,1970,737,233,139,383,277,966,890,461,1338,1174,2.48,2.94,8818,3552,1948,2459,601,258,125,4032,1118,2265,70,96,483,3704,538,2164,145,504,353,138,47,69,73,68,143,14,303,198,26,48,429,48,6,118,198,112,162,2035,152,88,1035,504,256,6441,461,800,2158,1701,474,682,165,-888888888,-888888888,7331,768,8818,1411,2230,99,4909,642,1679,670,9445,7533,1855,639,1216,1020,196,57,9561,9041,9027,7548,1479,14,520,520,102,418,534,14,0,14,520,0,520,520,14,18,0,0,488,0,8950,7631,1319,671,1263,660,11,0,45,11,0,0,9561,1080,9,33,3,119,583,96,0,834,0,10,1008,27,0,15,32,0,15,140,138,0,22,11,0,0,16,12
2012,Andrews County; Texas,5183,3904,1751,3055,1295,355,163,494,293,1279,1144,587,1976,1246,2.88,3.30,14944,5183,3022,5068,906,765,360,5551,1442,3370,79,166,494,5739,1221,3254,151,543,570,198,54,34,55,35,60,57,335,207,66,48,003,109,9,23,207,116,177,3966,244,365,1875,1106,376,9130,1388,1020,2683,2395,350,1019,275,-888888888,-888888888,10577,923,14932,1682,4417,152,8887,862,1628,668,14751,12639,2065,930,1135,822,313,47,15006,12890,12825,9375,3450,65,2116,2116,440,1676,2181,65,0,65,2116,0,2116,2116,0,172,0,0,1944,0,13747,8268,5479,2048,5235,1913,28,0,216,135,0,0,15006,1051,0,0,16,106,964,207,30,934,0,15,816,153,0,19,18,0,0,126,247,0,0,26,26,0,40,0
2012,Gonzales County; Texas,6804,4933,2128,3507,1278,368,187,1058,663,1871,1641,916,2404,2202,2.86,3.45,19453,6804,3523,6635,1913,578,339,7624,2227,4170,59,273,895,7615,1773,3934,196,907,805,332,134,66,79,86,159,6,646,349,0,48,177,77,91,181,349,200,301,4904,246,357,2494,1354,453,12723,2319,1487,4118,2575,391,1268,565,-888888888,-888888888,14372,1237,19448,3633,5362,645,11104,1675,2982,1313,19478,17253,2183,1311,872,695,177,42,19773,17194,17111,15548,1563,83,2579,2579,410,2169,2662,83,0,83,2579,13,2566,2579,24,21,20,0,2514,0,18308,11074,7234,2251,6964,2204,240,47,21,0,9,0,19773,476,167,1400,0,106,1448,273,29,3459,22,0,2284,78,0,31,154,0,0,523,267,0,34,60,7,0,75,200
2012,Lynn County; Texas,2173,1634,679,1185,464,87,31,362,184,539,480,214,796,684,2.64,3.04,5733,2173,1172,1779,377,232,135,2321,663,1310,11,63,274,2271,470,1187,75,255,284,53,24,39,41,0,106,12,179,114,9,48,305,27,0,78,114,72,76,1407,124,56,713,425,89,3827,525,393,1318,762,160,504,165,-888888888,-888888888,4314,248,5812,1005,1571,78,3330,472,911,455,5853,5128,717,329,388,321,67,8,5886,5452,5436,4829,607,16,434,434,188,246,450,16,0,16,434,0,434,434,10,20,0,0,400,4,5467,3587,1880,651,1760,552,116,99,0,0,4,0,5886,324,0,4,0,71,560,113,0,571,8,1,422,82,0,0,3,0,2,78,62,0,0,21,7,0,0,97
2012,Zapata County; Texas,4357,3727,2158,2643,1412,82,66,1002,680,630,563,233,2534,1035,3.21,3.50,13986,4357,2665,5266,1399,299,150,4903,1334,3027,174,111,257,5094,1134,2890,109,481,480,384,68,45,113,37,201,37,473,252,47,48,505,70,58,77,252,160,252,4158,495,250,2007,919,487,7695,2393,1171,2027,1079,372,469,184,-888888888,-888888888,9221,516,13986,2284,4793,233,7768,1327,1425,724,13768,12306,1462,982,480,234,246,0,14014,10724,10476,9355,1121,248,3290,3290,856,2434,3538,248,0,248,3290,0,3290,3290,1,0,0,0,3289,0,12432,1648,10784,4790,10783,4790,1,0,0,0,0,0,14014,161,0,15,0,66,241,1,0,311,0,0,278,85,0,10,0,0,0,15,6,0,0,0,25,0,0,0
2012,Hood County; Texas,20631,14777,5272,12471,3947,549,333,1757,992,5854,5097,2235,5768,7136,2.45,2.88,50526,20631,12504,12958,2296,2137,928,20727,4120,13332,155,690,2430,21699,3033,13119,319,2284,2944,625,138,33,61,30,134,18,1009,618,202,48,221,71,145,200,618,342,532,9825,587,566,4431,2460,1781,36741,1736,3334,10501,10516,2195,5655,2804,-888888888,-888888888,40315,5996,50570,7508,10775,424,29107,3399,10688,3685,50589,41912,8097,4787,3310,2500,810,580,51161,48355,47959,31950,16009,396,2806,2806,812,1994,3202,396,0,396,2806,371,2435,2806,194,179,17,0,2316,100,48317,43748,4569,1729,4103,1697,305,13,161,19,0,0,51161,5417,0,203,41,974,6823,1552,37,7179,39,137,8662,1212,36,302,444,39,142,755,1675,37,10,466,25,32,510,108
2012,King County; Texas,103,68,17,62,17,2,0,4,0,35,35,15,17,30,2.17,2.78,224,103,74,41,6,0,0,114,19,84,0,0,11,99,13,63,0,23,0,0,0,0,0,0,0,0,0,0,0,48,269,0,0,0,0,0,0,35,0,0,14,16,5,196,7,7,78,48,10,37,9,-888888888,-888888888,201,9,227,37,26,0,160,32,41,5,227,191,36,0,36,35,1,0,227,212,205,170,35,7,15,15,13,2,22,7,0,7,15,0,15,15,0,6,0,0,9,0,227,199,28,10,21,3,7,7,0,0,0,0,227,0,7,0,0,0,40,13,0,44,0,0,45,1,0,0,0,0,0,12,4,0,0,0,0,0,0,0
2012,Cherokee County; Texas,17273,12445,5269,9065,3628,880,366,2500,1275,4828,4158,2082,6199,5173,2.77,3.31,47815,17273,9038,15478,4180,1846,573,20261,6067,10396,469,751,2578,19493,4346,9667,586,2679,2215,607,237,44,57,16,94,38,1360,638,140,48,073,145,78,275,638,436,425,12746,684,691,6258,2825,2288,32750,3391,4453,11785,6877,2044,3014,1186,-888888888,-888888888,37606,3619,48430,6548,13065,425,28215,3455,7150,2668,49932,43341,6491,3265,3226,2853,373,100,50690,45720,45450,38387,7063,270,4970,4970,779,4191,5240,270,0,270,4970,53,4917,4970,64,202,3,11,4675,15,47099,39367,7732,3517,7445,3428,132,11,126,78,29,0,50690,3042,82,172,52,543,7957,1175,49,4672,5,56,6802,724,15,127,237,4,196,670,732,6,9,125,0,0,166,50
2012,Delta County; Texas,1955,1321,449,1040,315,44,12,237,122,634,534,260,554,671,2.63,3.24,5141,1955,1022,1503,437,224,115,2064,462,1117,42,116,327,2167,435,1137,45,279,271,110,56,117,105,97,222,10,169,55,13,48,119,6,0,36,55,28,49,1206,92,17,556,295,246,3589,220,296,1404,948,158,428,135,-888888888,-888888888,4029,535,5149,918,1211,24,2949,531,989,363,5129,4566,563,268,295,275,20,0,5240,5100,5087,3971,1116,13,140,140,10,130,153,13,0,13,140,0,140,140,12,21,0,0,107,0,4918,4710,208,123,194,119,6,0,0,0,8,4,5240,810,18,18,3,34,573,113,2,657,9,0,898,10,0,12,32,0,0,86,89,0,0,55,0,0,22,8
2012,Jones County; Texas,5566,3663,1536,2907,1144,146,51,610,341,1903,1653,948,1662,1953,2.41,3.05,13388,5566,2946,3924,643,309,166,10934,4762,3767,467,295,1643,6263,1021,3370,192,832,848,172,53,40,53,0,105,34,278,138,19,48,253,19,51,49,138,75,118,3842,241,185,1581,1399,436,14556,1618,2692,5207,3215,440,946,438,-888888888,-888888888,16411,1749,13527,2458,3704,174,7313,1201,2510,1083,19949,15718,4197,791,3406,3049,357,34,20137,19277,19162,15425,3737,115,860,860,218,642,975,115,0,115,860,69,791,860,41,34,0,0,785,0,19218,15394,3824,1681,3671,1620,76,31,70,23,7,7,20137,1025,26,34,21,229,1410,240,4,1905,0,0,1575,296,0,45,81,5,17,120,264,0,122,145,10,20,93,84
2012,Jim Wells County; Texas,13515,10030,4780,6898,2944,668,271,2464,1565,3485,3139,1214,5546,3697,2.99,3.55,40398,13515,6890,14601,4120,1272,564,15275,4792,8214,418,413,1438,15945,3895,7905,622,1762,1761,676,182,39,71,81,126,17,1631,721,152,48,249,145,228,196,721,350,656,11015,857,562,5618,2563,1415,25306,3633,3723,8232,5265,1435,1816,1202,-888888888,-888888888,29178,2284,40393,8300,11793,826,23469,4490,5131,2984,40225,34343,5856,3471,2385,2024,361,26,41014,39228,39157,35552,3605,71,1786,1786,801,985,1857,71,0,71,1786,43,1743,1786,37,125,3,34,1576,11,37681,17963,19718,4546,19502,4486,98,1,41,34,77,25,41014,1567,77,580,17,87,1039,357,11,3411,35,0,2339,109,0,11,407,0,28,188,151,6,0,36,6,3,56,0
2012,Dallam County; Texas,2339,1648,822,1150,517,102,56,396,249,691,613,117,932,367,2.85,3.43,6675,2339,1146,2410,451,329,126,2565,723,1252,31,50,509,2390,639,1182,116,163,290,155,36,44,95,0,195,0,136,78,0,48,111,0,17,61,78,63,45,1758,64,266,809,445,174,3894,661,446,1213,935,223,314,102,-888888888,-888888888,4653,255,6680,750,2081,123,4060,434,539,193,6590,5159,1220,425,795,485,310,211,6734,5627,5546,3954,1592,81,1107,1107,273,834,1188,81,8,73,1107,164,943,1107,21,34,8,0,1039,5,6105,3988,2117,1081,1792,849,294,201,31,31,0,0,6734,378,0,3,7,146,595,119,7,1476,0,7,733,49,0,20,100,0,15,186,26,0,0,51,21,0,14,0
2012,Fort Bend County; Texas,184182,153442,82516,122260,65866,8588,3894,22594,12756,30740,26280,6904,90409,30798,3.16,3.49,581298,184182,122339,212835,47125,14817,5152,215802,63132,133073,3618,2972,13007,229729,56479,133008,5387,13873,20982,8758,1744,27,57,17,111,31,16802,6030,1285,48,157,1856,784,2105,6030,3709,4765,181405,11791,11242,78902,39327,40143,367823,21012,22039,68642,82513,23374,99804,50439,-888888888,-888888888,415014,25889,581803,40422,172105,5372,365875,20738,43823,14312,580270,515638,59501,25128,34373,25575,8798,5131,587666,438953,431830,297375,134455,7123,148713,148713,76383,72330,155836,7123,320,6803,148713,3751,144962,148713,6738,74832,11492,288,53119,2244,544450,339195,205255,72044,101643,36801,38237,10336,53349,21630,12026,3277,587666,24269,5403,9114,1558,3958,31518,12757,1264,53558,2027,702,29920,12593,372,2924,6839,569,1928,4594,6224,410,14943,2520,738,661,2024,3810
2012,Irion County; Texas,587,451,192,377,154,11,11,63,27,136,128,72,228,168,2.72,3.18,1594,587,385,479,117,26,19,598,158,353,4,19,64,632,47,439,5,86,55,18,9,127,51,0,137,0,89,46,0,48,235,0,27,19,46,22,46,397,39,26,228,72,32,1103,80,127,485,237,62,90,22,-888888888,-888888888,1171,162,1596,169,425,4,959,60,212,105,1587,1464,123,50,73,24,49,0,1596,1563,1557,1279,278,6,33,33,9,24,39,6,0,6,33,0,33,33,0,9,0,0,24,0,1520,1212,308,87,299,83,0,0,9,4,0,0,1596,67,0,0,0,13,115,59,33,204,0,0,161,104,0,7,12,0,0,35,15,0,0,0,0,0,0,0
2012,Willacy County; Texas,5382,4226,1863,2715,1230,368,124,1143,509,1156,1053,567,2416,1820,3.69,4.34,19844,5382,2718,8159,3229,356,101,9469,4071,4043,296,248,811,7757,2537,3019,382,746,1073,244,47,17,51,23,97,19,755,271,77,48,489,40,10,144,271,156,197,5926,245,519,2501,1742,919,13444,3449,1823,4330,2287,419,820,316,-888888888,-888888888,16077,1066,19853,3111,5901,244,11357,1654,2595,1213,21781,19720,1859,275,1584,1433,151,202,21983,18690,18562,16625,1937,128,3293,3293,1055,2238,3421,128,0,128,3293,97,3196,3293,19,0,0,0,3261,13,20450,10715,9735,4056,9522,3951,33,7,98,98,82,0,21983,399,6,42,16,46,238,83,13,579,32,2,201,67,0,136,26,0,5,60,77,0,15,23,0,0,8,31
2012,Dawson County; Texas,4382,2992,1279,2305,955,157,87,530,237,1390,1290,758,1451,1463,2.62,3.28,11474,4382,2346,3917,558,271,201,6603,2691,2814,140,119,839,4479,715,2429,88,671,576,205,82,89,88,0,222,16,235,137,61,48,115,10,17,49,137,112,38,3308,236,184,1464,1011,413,8945,1520,1280,2970,2090,354,517,214,-888888888,-888888888,10536,548,11486,1807,3224,203,6342,779,1920,825,13611,11984,1617,552,1065,976,89,10,13761,12773,12763,11508,1255,10,988,988,278,710,998,10,0,10,988,20,968,988,0,0,0,0,986,2,12793,7961,4832,1605,4667,1561,154,44,11,0,0,0,13761,810,0,15,0,68,535,149,0,1045,24,0,878,128,0,58,27,16,0,62,129,0,87,2,0,0,32,1
2012,Burleson County; Texas,6293,4488,1679,3562,1277,256,122,670,280,1805,1652,726,1971,2139,2.69,3.25,16918,6293,3537,5033,1515,540,167,6803,1799,4106,9,214,675,7025,1309,3796,102,786,1032,220,54,31,61,0,114,39,300,108,28,48,051,20,5,55,108,62,95,3930,286,288,1856,914,586,11839,1285,1576,4344,2762,522,963,387,-888888888,-888888888,13096,1260,16907,3100,4053,221,9873,1655,2981,1224,17000,14886,2097,939,1158,925,233,17,17160,15861,15625,12930,2695,236,1299,1299,100,1199,1535,236,0,236,1299,10,1289,1299,83,99,0,2,1094,21,16089,13851,2238,1030,1904,935,301,95,33,0,0,0,17160,980,18,1609,6,151,1076,615,22,3579,0,0,1761,285,0,65,241,0,31,179,200,0,25,148,0,0,196,0
2012,Nueces County; Texas,122305,83017,37407,54216,21939,7634,3652,21167,11816,39288,31664,9956,44237,29800,2.73,3.33,334390,122305,54199,108516,30931,18439,8626,129864,47347,60786,3239,3256,15236,137558,39678,58968,4772,13441,20699,4750,2103,44,56,28,108,14,11495,5511,1253,48,355,1136,882,2240,5511,3381,3929,92741,5512,4829,39460,19633,23307,217032,21736,23783,56953,55977,15152,27079,16352,-888888888,-888888888,250322,28874,335639,57444,87905,6298,207682,32149,40052,18997,336146,270560,64061,43932,20129,13817,6312,1525,340568,314755,311128,254258,56870,3627,25813,25813,10600,15213,29440,3627,81,3546,25813,1006,24807,25813,1793,4666,276,164,18481,433,316598,187632,128966,38898,121095,36441,3476,751,3807,1633,588,73,340568,11364,810,2437,457,2442,16483,6471,778,32245,744,221,19887,5890,107,1430,3377,261,786,3569,4058,44,863,1684,130,122,933,417
2012,Rains County; Texas,4256,3046,971,2265,609,367,177,414,185,1210,1090,543,1173,1631,2.55,3.03,10871,4256,2272,3204,703,436,122,4601,1224,2521,79,234,543,4491,847,2395,126,554,569,68,39,35,32,14,96,2,287,150,47,48,379,15,13,75,150,89,122,2295,137,125,1098,569,366,7828,471,835,3233,2011,340,648,290,-888888888,-888888888,8596,1335,10876,2104,2380,112,6260,1024,2236,968,10886,9319,1554,810,744,701,43,13,10976,10536,10494,8124,2370,42,440,440,175,265,482,42,0,42,440,6,434,440,10,62,0,0,339,29,10469,9658,811,161,750,140,29,17,23,0,9,4,10976,952,29,143,0,310,1124,745,61,1887,12,3,1899,174,0,68,160,0,27,223,165,0,0,66,0,0,5,31
2012,Real County; Texas,1218,923,222,712,134,85,37,126,51,295,263,119,304,634,2.66,2.98,3236,1218,758,665,406,189,11,1475,371,853,41,46,164,1402,163,900,0,225,114,16,0,0,30,0,151,0,60,55,7,48,385,0,16,32,55,32,16,615,32,16,287,184,96,2500,241,336,659,592,150,359,163,-888888888,-888888888,2680,423,3248,520,642,32,1574,133,1032,355,3316,2871,443,157,286,285,1,2,3326,3217,3179,2489,690,38,109,109,25,84,147,38,0,38,109,0,109,109,0,6,0,0,103,0,3182,2659,523,130,517,124,0,0,6,6,0,0,3326,670,0,17,0,125,381,105,0,505,0,0,536,48,0,46,10,0,21,90,101,0,0,6,15,0,28,5
2012,Sterling County; Texas,464,372,149,301,113,12,0,59,36,92,84,53,157,126,2.56,2.90,1189,464,290,363,54,18,15,522,191,303,0,12,16,504,57,295,12,83,57,22,0,0,93,0,222,0,17,7,0,48,431,0,4,3,7,5,4,221,4,0,86,107,24,827,107,63,268,186,31,132,40,-888888888,-888888888,947,53,1189,134,276,19,764,59,149,56,1203,1009,194,60,134,32,102,0,1223,1101,1099,934,165,2,122,122,9,113,124,2,0,2,122,0,122,122,3,0,0,0,119,0,1139,838,301,138,298,138,3,0,0,0,0,0,1223,129,0,16,0,44,90,29,0,120,0,0,96,14,0,0,0,0,0,14,31,0,0,4,2,0,0,0
2012,Carson County; Texas,2337,1810,647,1533,483,91,76,186,88,527,490,261,710,694,2.62,3.02,6123,2337,1534,1908,206,138,51,2396,502,1564,30,136,164,2526,377,1580,88,242,239,72,24,51,55,56,79,37,72,23,9,48,065,8,6,0,23,11,23,1583,89,65,790,360,279,4255,159,419,1232,1216,276,651,302,-888888888,-888888888,4632,495,6146,770,1583,50,3572,311,991,409,6118,5254,864,307,557,548,9,0,6215,6077,6042,4776,1266,35,138,138,84,54,173,35,0,35,138,0,138,138,30,4,0,0,100,4,5867,5416,451,85,428,85,13,0,10,0,0,0,6215,380,36,6,0,244,518,153,8,1324,5,0,984,52,0,66,192,0,0,106,189,0,0,43,0,0,2,29
2012,Freestone County; Texas,7028,4678,1852,3638,1387,246,65,794,400,2350,2012,987,2138,2440,2.58,3.23,18127,7028,3652,5450,1313,684,322,8374,2146,4272,235,290,1431,7441,1471,3694,200,1086,990,196,105,54,50,36,112,0,557,300,60,48,161,54,42,144,300,160,278,4631,531,248,2044,1040,768,13748,849,2059,4813,3203,1046,1279,499,-888888888,-888888888,15008,1851,18116,2993,4592,172,10369,1376,3155,1445,19350,16477,2825,1040,1785,1612,173,48,19631,18335,18331,15431,2900,4,1296,1296,155,1141,1300,4,0,4,1296,51,1245,1296,58,80,7,0,1100,51,18401,16308,2093,809,1931,745,105,18,23,12,34,34,19631,1262,34,78,53,651,2749,618,18,2199,0,0,2783,244,0,85,74,2,21,250,191,0,21,110,0,0,75,82
2012,Hardeman County; Texas,1740,1181,524,814,289,64,34,303,201,559,476,233,637,580,2.34,2.83,4065,1740,843,988,331,163,83,1582,279,900,46,56,301,1698,300,885,43,201,269,98,22,57,108,0,192,67,197,121,25,48,197,71,6,19,121,77,74,841,44,66,381,201,149,2906,216,275,1137,644,140,348,146,-888888888,-888888888,3135,360,4072,908,987,48,2306,470,779,390,4067,3451,616,339,277,258,19,0,4124,3993,3942,3181,761,51,131,131,31,100,182,51,0,51,131,0,131,131,4,24,1,0,102,0,3865,3371,494,186,469,162,1,0,24,24,0,0,4124,620,1,18,39,26,453,41,24,564,1,0,481,0,0,0,17,0,2,62,65,0,1,23,0,0,0,8
2012,Briscoe County; Texas,657,441,163,350,117,17,12,74,34,216,200,134,175,281,2.55,3.20,1674,657,346,569,56,46,27,717,219,387,9,42,60,660,128,336,16,113,67,9,4,23,26,0,64,6,18,0,0,48,045,0,0,0,0,0,0,297,15,36,103,109,34,1138,119,109,356,284,74,148,48,-888888888,-888888888,1302,103,1674,240,372,11,927,90,375,139,1646,1578,68,18,50,28,22,0,1674,1527,1520,1270,250,7,147,147,12,135,154,7,0,7,147,0,147,147,4,0,0,2,140,1,1533,1227,306,128,306,128,0,0,0,0,0,0,1674,116,0,2,0,28,155,49,0,203,0,0,355,0,0,70,0,0,4,12,44,0,1,0,0,0,0,36
2012,Liberty County; Texas,24461,18169,7777,13636,5366,1258,647,3275,1764,6292,5414,2160,9506,6189,2.86,3.35,69880,24461,13723,22230,6795,2671,1245,29082,8341,15422,1091,637,3591,30689,7225,15234,1254,3166,3810,1345,513,55,69,38,139,15,3293,1760,431,48,291,329,328,672,1760,1007,1502,18997,1367,1157,8719,5096,2658,49137,4344,7879,18281,11953,2164,3261,1255,-888888888,-888888888,56276,5664,69891,13269,19361,1192,42341,7869,8189,4208,74582,59450,14723,5247,9476,8516,960,409,75662,70382,69941,55198,14743,441,5280,5280,1324,3956,5721,441,0,441,5280,283,4997,5280,310,380,59,9,4456,66,70451,58904,11547,3886,10631,3602,737,220,158,64,21,0,75662,5030,127,1112,71,495,5828,4370,269,9867,51,24,9781,1943,0,222,1075,84,132,924,964,10,363,479,44,27,409,350
2012,Loving County; Texas,35,15,0,15,0,0,0,0,0,20,17,5,0,5,2.43,2.00,85,35,15,0,0,35,0,65,39,15,0,3,8,20,0,15,0,5,0,0,0,-666666666,0,-666666666,-666666666,0,0,0,0,48,301,0,0,0,0,0,0,0,0,0,0,0,0,82,3,5,58,13,0,0,3,-888888888,-888888888,85,2,85,9,0,0,80,4,5,5,85,72,13,11,2,2,0,0,85,85,85,64,21,0,0,0,0,0,0,0,0,0,0,0,0,0,0,0,0,0,0,0,85,85,0,0,0,0,0,0,0,0,0,0,85,0,0,0,0,0,5,2,0,2,0,0,5,0,0,0,0,0,0,0,0,0,0,0,0,0,0,0
2012,Robertson County; Texas,5989,4290,1815,3039,1189,234,132,1017,494,1699,1515,667,2018,1929,2.73,3.32,16356,5989,3051,5246,1657,413,198,6429,2101,3336,237,179,576,6742,1653,3181,95,936,877,218,115,55,64,99,121,5,574,146,49,48,395,59,35,3,146,114,76,4101,335,234,1864,1165,503,10978,1110,1438,4000,2082,468,1409,471,-888888888,-888888888,12345,1147,16349,3062,4238,245,9348,1445,2763,1372,16329,14821,1458,803,655,494,161,50,16596,15610,15570,13382,2188,40,986,986,162,824,1026,40,0,40,986,40,946,986,3,38,50,0,895,0,15449,12925,2524,988,2246,902,122,3,106,33,50,50,16596,971,3,331,3,147,1459,413,14,2421,0,0,1587,175,0,29,710,0,0,459,276,0,50,70,25,41,45,51
2012,Rusk County; Texas,18060,12811,5261,9697,3598,855,393,2259,1270,5249,4665,1982,6009,5217,2.67,3.21,48193,18060,9750,14813,3787,1783,771,22929,6829,11345,613,960,3182,20081,4039,10429,491,2383,2739,784,303,58,70,87,131,12,1465,997,211,48,401,191,247,348,997,576,743,12344,747,618,5526,3365,2088,36039,2795,4387,12548,9367,2210,3252,1480,-888888888,-888888888,40861,4462,48273,7346,12327,422,28582,3584,7364,3340,52577,42748,9777,2897,6880,6424,456,52,53211,50094,49819,40277,9542,275,3117,3117,549,2568,3392,275,0,275,3117,2,3115,3117,142,208,16,0,2751,0,49774,43480,6294,2079,5914,1982,160,20,211,77,9,0,53211,4544,51,175,41,561,5869,1554,165,5389,8,0,6374,499,9,173,424,72,44,779,737,27,42,175,166,30,201,126
2012,Trinity County; Texas,4707,3175,752,2592,495,170,52,413,205,1532,1489,769,978,2154,3.04,3.85,14307,4707,2584,4746,1730,540,114,5506,1459,2989,53,363,642,6267,1215,3111,165,919,857,276,149,108,96,222,109,21,502,247,48,48,455,99,34,66,247,170,142,2905,93,182,1500,786,344,10090,836,1128,4737,2007,414,646,322,-888888888,-888888888,11252,1431,14341,2633,3208,69,7885,1551,3248,1013,14245,13129,1030,435,595,471,124,86,14466,13850,13824,11088,2736,26,616,616,209,407,642,26,0,26,616,0,616,616,119,30,0,0,457,10,13642,12753,889,403,854,397,5,0,30,6,0,0,14466,4028,0,39,3,217,2574,506,46,1148,13,0,1527,111,0,18,215,0,9,192,341,0,20,159,11,52,37,0
2012,Bandera County; Texas,8495,5895,1866,5069,1456,292,141,534,269,2600,2365,851,1991,2922,2.37,2.87,20161,8495,5058,5029,935,644,282,8467,1755,5151,92,342,1127,8688,1356,5368,80,779,1105,200,0,0,51,0,167,3,274,162,100,48,019,45,0,17,162,80,127,4245,337,110,2171,889,738,15364,718,1172,4413,4408,1157,2281,1215,-888888888,-888888888,16488,3440,20329,4072,3973,148,12247,2074,4109,1850,20285,18695,1574,873,701,597,104,16,20477,19741,19553,13530,6023,188,736,736,311,425,924,188,0,188,736,32,704,736,161,72,0,2,437,64,19471,17370,2101,346,1850,303,159,16,92,27,0,0,20477,1915,53,153,73,323,3479,1128,37,4295,51,15,3245,424,15,99,597,50,114,362,904,0,0,267,32,0,109,10
2012,Childress County; Texas,2431,1698,724,1412,499,104,80,182,145,733,610,285,790,666,2.26,2.69,5505,2431,1327,1335,201,211,165,3670,1469,1606,79,75,441,2197,301,1464,15,176,241,115,8,19,99,0,236,12,123,110,31,48,075,29,0,50,110,55,110,1511,105,47,837,260,262,4921,199,453,2070,1184,238,535,242,-888888888,-888888888,5664,445,5505,840,1335,104,3262,429,908,307,7017,5637,1350,417,933,778,155,30,7047,6735,6639,5594,1045,96,312,312,112,200,408,96,0,96,312,14,298,312,52,44,0,0,216,0,6797,5821,976,258,846,210,107,48,13,0,10,0,7047,704,7,28,0,106,388,115,0,569,0,0,831,99,44,0,25,0,0,35,154,0,36,15,0,0,91,21
2012,Comal County; Texas,41112,30902,12712,25786,9929,1344,664,3772,2119,10210,8585,3580,14197,11558,2.62,3.02,107806,41112,25849,30427,6068,4350,1494,42780,10241,27163,620,913,3843,45213,8634,27465,626,4012,4476,1463,366,37,61,22,126,29,2985,1567,284,48,091,525,128,630,1567,906,1292,25648,1495,1451,11752,6691,4259,75501,3905,4352,18864,18484,5541,16448,7907,-888888888,-888888888,82996,12691,107836,13495,25622,1209,65719,6603,16495,5683,107677,90910,16228,7000,9228,7359,1869,539,108985,102149,100916,70366,30550,1233,6836,6836,2666,4170,8069,1233,24,1209,6836,175,6661,6836,1015,715,22,0,4790,294,102769,84567,18202,4939,15140,4501,2353,252,612,173,97,13,108985,7472,215,1415,470,1229,11376,4561,445,29976,232,205,12288,3054,180,911,2056,101,319,2191,2563,94,49,1230,295,188,734,37
2012,Houston County; Texas,7883,5240,1838,3821,1109,256,108,1163,621,2643,2500,1150,2239,3034,2.72,3.47,21447,7883,3796,6635,2533,600,260,10616,3663,4737,578,376,1262,9063,1994,4086,358,1802,823,215,82,39,49,15,103,20,739,481,53,48,225,41,45,342,481,255,394,5028,277,224,2305,1425,797,16830,1442,2084,6458,3623,858,1703,662,-888888888,-888888888,18696,1977,21461,4800,4673,154,12517,2536,4271,2110,23281,19845,3432,2090,1342,1136,206,4,23512,22439,22308,18973,3335,131,1073,1073,251,822,1204,131,0,131,1073,0,1073,1073,117,43,6,0,847,60,22302,20251,2051,616,1734,502,210,47,107,67,0,0,23512,1987,79,351,15,426,2759,628,90,2070,62,31,3193,186,0,23,101,5,4,473,204,15,55,40,21,19,82,161
2012,Navarro County; Texas,17441,12354,5378,9088,3439,838,385,2428,1554,5087,4241,1872,6217,4762,2.67,3.18,46595,17441,9150,14444,3371,2189,938,18064,5727,9513,421,623,1780,18982,4015,10050,310,1979,2628,713,397,76,66,34,129,23,1511,849,215,48,349,271,55,308,849,520,693,12758,669,809,5853,2733,2694,30481,2624,4086,9905,6635,2196,3567,1468,-888888888,-888888888,34777,3269,47037,8179,12766,771,27642,4419,6629,2989,47061,39957,7003,4202,2801,2124,677,101,47739,42585,42364,35283,7081,221,5154,5154,979,4175,5375,221,6,215,5154,88,5066,5154,82,301,10,0,4753,8,44229,35236,8993,4706,8478,4581,302,67,211,58,2,0,47739,3589,33,506,22,429,3959,944,49,5139,44,64,4593,582,5,376,353,4,45,640,755,0,41,386,23,6,276,19
2012,Scurry County; Texas,6148,4644,1896,3492,1249,280,102,872,545,1504,1397,672,2131,1661,2.44,2.86,15002,6148,3517,4337,786,214,136,7197,2097,3893,208,154,845,6165,1054,3600,186,567,758,267,145,104,77,118,142,0,452,294,101,48,415,77,70,46,294,172,253,4193,291,108,1916,1027,851,11058,1167,1493,3143,2833,787,1165,470,-888888888,-888888888,12646,1049,15301,2195,4209,190,8851,965,2241,1040,16607,13829,2760,1438,1322,1112,210,18,16855,15779,15647,13495,2152,132,1076,1076,339,737,1208,132,0,132,1076,6,1070,1076,48,37,6,2,983,0,15600,11351,4249,1326,4162,1298,43,0,34,28,10,0,16855,1975,123,44,26,159,890,263,25,1877,0,1,1255,147,0,32,24,5,0,169,327,0,20,16,0,0,40,6
2012,Stonewall County; Texas,615,440,138,390,116,18,9,32,13,175,160,78,155,216,2.27,2.72,1393,615,378,341,36,23,12,647,114,420,4,30,79,551,56,368,4,76,47,18,1,14,78,0,237,0,24,24,0,48,433,8,0,16,24,15,16,339,36,26,130,115,32,1074,118,95,294,220,47,233,67,-888888888,-888888888,1094,117,1393,196,353,19,738,58,302,119,1434,1363,71,39,32,32,0,0,1447,1410,1401,1204,197,9,37,37,10,27,46,9,0,9,37,0,37,37,0,0,0,0,37,0,1367,1250,117,45,87,33,19,1,0,0,11,11,1447,89,0,0,0,9,203,75,0,173,0,0,172,15,0,0,17,0,0,42,17,12,0,11,0,0,0,0
2012,Bastrop County; Texas,25471,18756,8613,14725,6348,1117,503,2914,1762,6715,5783,2059,9687,6124,2.82,3.31,71807,25471,14761,23289,5290,2996,950,29715,7909,16577,694,638,3897,28297,5702,15834,819,2352,3590,986,259,37,59,40,121,21,1975,660,75,48,021,284,137,164,660,402,463,17249,936,1060,8935,4068,2250,49175,4724,4654,15968,12255,3462,5395,2717,-888888888,-888888888,54628,7281,71765,8779,19247,876,44159,4403,8359,3500,73066,63472,9476,4857,4619,3483,1136,118,74023,66313,65611,48764,16847,702,7710,7710,2022,5688,8412,702,0,702,7710,178,7532,7710,401,387,0,32,6837,53,69095,52179,16916,6710,15997,6431,377,69,470,166,72,44,74023,2799,167,1694,243,526,6503,1945,102,13712,101,178,6675,999,18,553,765,76,136,1351,1472,0,263,816,68,50,334,119
2012,Bee County; Texas,8681,5920,2724,4139,1600,287,124,1494,1000,2761,2425,1110,3081,2451,2.76,3.40,23973,8681,4108,7993,2086,1105,583,16573,7368,6109,506,503,2087,9827,2521,4531,495,1063,1217,387,77,26,68,0,112,50,799,434,210,48,025,102,24,98,434,246,394,6963,347,347,3353,1639,1277,21751,2988,3396,6852,5135,1536,1125,719,-888888888,-888888888,25234,2664,24113,4605,6788,403,14068,2582,3257,1620,31627,24384,7085,2131,4954,4583,371,158,32083,30756,30486,25757,4729,270,1327,1327,326,1001,1597,270,0,270,1327,36,1291,1327,48,36,0,0,1186,57,30197,19196,11001,2410,10634,2309,194,71,101,2,72,28,32083,463,54,359,11,169,1729,741,87,3669,0,6,2386,378,0,85,217,0,165,420,486,0,3,20,56,0,129,60
2012,Crane County; Texas,1551,1225,542,998,393,73,60,154,89,326,276,117,641,373,2.74,3.12,4251,1551,1031,1364,208,97,59,1695,417,1072,16,60,130,1674,244,1048,28,179,175,59,26,75,58,189,42,26,181,106,41,48,103,19,12,34,106,87,37,1245,77,73,549,383,163,2799,491,301,865,585,168,289,100,-888888888,-888888888,3114,295,4254,560,1245,25,2514,285,495,250,4291,3648,643,249,394,223,171,0,4359,3652,3606,2694,912,46,707,707,265,442,753,46,0,46,707,24,683,707,11,0,0,0,692,4,4048,2131,1917,664,1913,664,4,0,0,0,0,0,4359,105,0,0,0,70,131,69,4,329,0,0,314,22,0,13,0,0,0,36,38,0,0,10,0,0,0,4
