year,county_name,sex_and_age_total_population,sex_and_age_total_population_male,sex_and_age_total_population_female,sex_and_age_total_population_sex_ratio_males_per_1,sex_and_age_total_population_under_5_years,sex_and_age_total_population_5_to_9_years,sex_and_age_total_population_10_to_14_years,sex_and_age_total_population_15_to_19_years,sex_and_age_total_population_20_to_24_years,sex_and_age_total_population_25_to_34_years,sex_and_age_total_population_35_to_44_years,sex_and_age_total_population_45_to_54_years,sex_and_age_total_population_55_to_59_years,sex_and_age_total_population_60_to_64_years,sex_and_age_total_population_65_to_74_years,sex_and_age_total_population_75_to_84_years,sex_and_age_total_population_85_years_and_over,sex_and_age_total_population_median_age_years,sex_and_age_total_population_under_18_years,sex_and_age_total_population_16_years_and_over,sex_and_age_total_population_18_years_and_over,sex_and_age_total_population_21_years_and_over,sex_and_age_total_population_62_years_and_over,sex_and_age_total_population_65_years_and_over,sex_and_age_total_population_18_years_and_over,sex_and_age_total_population_18_years_and_over_mal,sex_and_age_total_population_18_years_and_over_fem,sex_and_age_total_population_18_years_and_over_sex,sex_and_age_total_population_65_years_and_over,sex_and_age_total_population_65_years_and_over_mal,sex_and_age_total_population_65_years_and_over_fem,sex_and_age_total_population_65_years_and_over_sex,race_total_population,race_total_population_one_race,race_total_population_two_or_more_races,race_total_population_one_race,race_total_population_one_race_white,race_total_population_one_race_black_or_african_am,race_total_population_one_race_american_indian_and,race_total_population_one_race_american_indian_and,race_total_population_one_race_american_indian_and,race_total_population_one_race_american_indian_and,race_total_population_one_race_american_indian_and,race_total_population_one_race_american_indian_and,race_total_population_one_race_american_indian_and,state_fips,county_fips,race_total_population_one_race_american_indian_and,race_total_population_one_race_asian,race_total_population_one_race_asian_asian_indian,race_total_population_one_race_asian_chinese,race_total_population_one_race_asian_filipino,race_total_population_one_race_asian_japanese,race_total_population_one_race_asian_korean,race_total_population_one_race_asian_vietnamese,race_total_population_one_race_asian_other_asian,race_total_population_one_race_native_hawaiian_and,race_total_population_one_race_native_hawaiian_and,race_total_population_one_race_native_hawaiian_and,race_total_population_one_race_native_hawaiian_and,race_total_population_one_race_native_hawaiian_and,race_total_population_one_race_some_other_race,race_total_population_two_or_more_races,race_total_population_two_or_more_races_white_and_,race_total_population_two_or_more_races_white_and_,race_total_population_two_or_more_races_white_and_,race_total_population_two_or_more_races_white_and_,race_total_population_two_or_more_races_black_or_a,race_total_population_two_or_more_races_black_or_a,race_alone_or_in_combination_with_one_or_more_othe,race_alone_or_in_combination_with_one_or_more_othe,race_alone_or_in_combination_with_one_or_more_othe,race_alone_or_in_combination_with_one_or_more_othe,race_alone_or_in_combination_with_one_or_more_othe,race_alone_or_in_combination_with_one_or_more_othe,race_alone_or_in_combination_with_one_or_more_othe,hispanic_or_latino_and_race_total_population,hispanic_or_latino_and_race_total_population_hispa,hispanic_or_latino_and_race_total_population_hispa,hispanic_or_latino_and_race_total_population_hispa,hispanic_or_latino_and_race_total_population_hispa,hispanic_or_latino_and_race_total_population_hispa,hispanic_or_latino_and_race_total_population_not_h,hispanic_or_latino_and_race_total_population_not_h,hispanic_or_latino_and_race_total_population_not_h,hispanic_or_latino_and_race_total_population_not_h,hispanic_or_latino_and_race_total_population_not_h,hispanic_or_latino_and_race_total_population_not_h,hispanic_or_latino_and_race_total_population_not_h,hispanic_or_latino_and_race_total_population_not_h,hispanic_or_latino_and_race_total_population_not_h,hispanic_or_latino_and_race_total_population_not_h,total_housing_units,citizen_voting_age_population_citizen_18_and_over_,citizen_voting_age_population_citizen_18_and_over_,citizen_voting_age_population_citizen_18_and_over_
2023,Anderson County; Texas,57825,35335,22490,157.1,3007,3260,2954,3148,3707,8573,9392,8361,3689,3036,5250,2974,474,39.5,11217,48035,46608,44519,10467,8698,46608,29351,17257,170.1,8698,3997,4701,85.0,57825,48466,9359,48466,34824,10860,494,0,3,0,0,0,0,48,001,491,330,0,3,129,5,7,102,84,58,9,49,0,0,1900,9359,650,1446,185,6633,63,67,57825,44011,11766,2248,573,84,8798,57825,11182,9450,282,15,1435,46643,32271,10519,440,330,58,131,2894,665,2229,20474,44480,27809,16671
2023,Andrews County; Texas,18518,9100,9418,96.6,1503,1574,1685,1225,1432,2562,2759,1918,833,1237,1148,497,145,33.1,5697,13492,12821,12264,2512,1790,12821,6437,6384,100.8,1790,863,927,93.1,18518,14135,4383,14135,11040,347,37,0,0,0,0,0,0,48,003,37,88,0,11,72,0,0,5,0,0,0,0,0,0,2623,4383,109,139,22,4040,0,0,18518,15404,505,195,110,5,6731,18518,10525,9747,50,0,728,7993,7322,347,37,77,0,26,184,9,175,7063,11445,5699,5746
2023,Angelina County; Texas,86791,42650,44141,96.6,5666,5730,6812,6327,5363,10931,10410,10468,5431,5307,8512,4418,1416,37.8,22162,67200,64629,61089,17213,14346,64629,31442,33187,94.7,14346,6434,7912,81.3,86791,73450,13341,73450,58239,10603,831,551,0,67,0,87,0,48,005,126,824,50,141,189,54,20,207,163,0,0,0,0,0,2953,13341,797,2529,117,9054,45,82,86791,71393,11893,4041,1117,11,12469,86791,20104,17567,332,27,2178,66687,51241,10603,163,824,0,157,3699,140,3559,36798,60163,29086,31077
2023,Aransas County; Texas,24449,12264,12185,100.6,1079,728,1512,1085,836,2929,2691,2728,1843,2174,3881,2337,626,51.0,4249,20719,20200,19804,8198,6844,20200,9840,10360,95.0,6844,3297,3547,93.0,24449,21474,2975,21474,19731,273,311,108,0,26,0,0,0,48,007,177,267,0,7,2,36,126,96,0,0,0,0,0,0,892,2975,196,197,238,2137,54,34,24449,22618,579,649,505,32,3128,24449,6542,5857,19,36,630,17907,16525,273,147,267,0,12,683,79,604,15795,19987,9740,10247
2023,Archer County; Texas,8734,4447,4287,103.7,421,658,530,597,407,916,1016,1025,627,703,1091,518,225,43.1,2012,7014,6722,6404,2271,1834,6722,3380,3342,101.1,1834,873,961,90.8,8734,8247,487,8247,7960,70,84,13,0,5,0,0,0,48,009,66,18,0,0,15,0,3,0,0,0,0,0,0,0,115,487,159,118,0,141,0,0,8734,8407,233,266,23,2,319,8734,787,665,22,5,95,7947,7547,67,29,18,0,1,285,25,260,3920,6502,3223,3279
2023,Armstrong County; Texas,1883,910,973,93.5,118,75,179,72,150,160,217,185,77,161,266,158,65,43.0,409,1500,1474,1432,578,489,1474,742,732,101.4,489,243,246,98.8,1883,1795,88,1795,1744,10,18,0,0,0,0,0,0,48,011,18,23,0,22,0,0,1,0,0,0,0,0,0,0,0,88,23,4,0,61,0,0,1883,1832,33,22,23,0,61,1883,180,147,0,0,33,1703,1622,10,18,23,0,0,30,3,27,888,1421,712,709
2023,Atascosa County; Texas,50058,24874,25184,98.8,3380,4096,3578,3573,3243,6281,6624,6047,3046,2672,4435,2220,863,36.1,13404,38487,36654,34843,8943,7518,36654,18054,18600,97.1,7518,3433,4085,84.0,50058,36220,13838,36220,27306,644,44,0,0,0,0,7,0,48,013,37,278,77,16,103,0,0,9,73,0,0,0,0,0,7948,13838,89,692,11,12464,42,0,50058,41102,1291,938,322,0,20908,50058,32389,29464,231,94,2600,17669,15926,601,24,278,0,136,704,249,455,19005,33933,16522,17411
2023,Austin County; Texas,30712,15570,15142,102.8,1738,1697,2476,1938,1578,3581,3467,3606,2184,2043,3808,2169,427,41.6,7242,24312,23470,22230,7811,6404,23470,11676,11794,99.0,6404,3035,3369,90.1,30712,28973,1739,28973,21755,2858,89,62,0,0,0,0,0,48,015,27,234,14,0,0,4,0,55,161,0,0,0,0,0,4037,1739,234,177,44,1142,86,37,30712,23371,3223,352,289,11,5224,30712,8359,7272,160,167,760,22353,18717,2690,23,234,0,140,549,101,448,14086,21713,10878,10835
2023,Bailey County; Texas,7044,3418,3626,94.3,506,300,753,935,440,585,1151,569,340,239,669,398,159,35.1,1973,5370,5071,4349,1363,1226,5071,2406,2665,90.3,1226,616,610,101.0,7044,6027,1017,6027,5002,60,0,0,0,0,0,0,0,48,017,0,50,0,0,0,0,0,0,50,0,0,0,0,0,915,1017,35,0,0,806,0,0,7044,5843,271,0,226,0,1721,7044,4548,4137,5,12,394,2496,2205,30,0,50,0,0,211,0,211,2786,4335,2167,2168
2023,Bandera County; Texas,21589,10716,10873,98.6,867,1138,1022,1099,762,1527,2101,2838,1973,1915,3954,1945,448,53.4,3596,18415,17993,17230,7502,6347,17993,8930,9063,98.5,6347,3259,3088,105.5,21589,18357,3232,18357,17081,238,174,54,0,0,0,1,0,48,019,119,78,0,0,52,0,4,22,0,0,0,0,0,0,786,3232,114,248,92,2631,0,0,21589,20273,357,533,211,14,3550,21589,4366,3351,137,0,878,17223,15956,232,86,78,0,136,735,281,454,11507,17400,8759,8641
2023,Bastrop County; Texas,102370,51913,50457,102.9,6682,7058,8215,7319,6214,12466,12741,12525,6961,6572,10294,4050,1273,37.5,26574,78987,75796,71755,19182,15617,75796,38787,37009,104.8,15617,7522,8095,92.9,102370,79426,22944,79426,57919,5881,1329,656,0,61,0,17,0,48,021,595,730,93,186,93,24,20,193,121,30,0,30,0,0,13537,22944,922,1320,458,18683,317,43,102370,79657,7420,3718,1480,127,33263,102370,45026,36859,910,85,7172,57344,46827,5854,103,689,0,332,3539,1160,2379,38269,66370,33809,32561
2023,Baylor County; Texas,3464,1736,1728,100.5,134,254,246,187,158,298,352,387,321,211,506,305,105,47.5,806,2753,2658,2643,1017,916,2658,1279,1379,92.7,916,449,467,96.1,3464,3104,360,3104,2803,26,6,0,0,0,0,0,0,48,023,6,0,0,0,0,0,0,0,0,47,26,21,0,0,222,360,87,4,0,258,0,0,3464,3158,119,15,0,47,491,3464,473,425,0,0,48,2991,2630,26,6,0,47,33,249,152,97,2170,2609,1269,1340
2023,Bee County; Texas,31000,19230,11770,163.4,1572,1656,1981,1802,2494,5638,5115,3652,1825,1359,2351,1055,500,35.8,6358,25500,24642,23476,4736,3906,24642,15911,8731,182.2,3906,1864,2042,91.3,31000,22459,8541,22459,17754,1883,251,49,0,28,0,44,0,48,025,130,181,88,14,73,0,0,0,6,0,0,0,0,0,2390,8541,292,623,50,7182,177,108,31000,26010,2488,1151,231,0,9770,31000,19187,17246,168,45,1728,11813,8641,1852,81,181,0,59,999,60,939,10607,23911,15329,8582
2023,Bell County; Texas,379811,189026,190785,99.1,29926,28612,30118,27062,30235,60810,51605,40131,18527,18790,27220,11943,4832,32.1,105006,285894,274805,257390,55102,43995,274805,135630,139175,97.5,43995,19794,24201,81.8,379811,326147,53664,326147,197699,88579,2334,445,32,223,0,88,0,48,027,1546,11201,1192,773,2636,360,2394,1450,2396,2557,883,225,469,980,23777,53664,9722,2971,4037,26345,1135,1359,379811,245970,105499,9761,18143,4070,55368,379811,98037,64937,18289,1221,13590,281774,163585,82125,475,10947,2448,1571,20623,1824,18799,151858,260827,129139,131688
2023,Bexar County; Texas,2037344,1010696,1026648,98.4,133231,139995,147593,146238,145586,317910,290258,242776,112698,103277,157091,71429,29262,34.6,508025,1586838,1529319,1443659,317700,257782,1529319,751917,777402,96.7,257782,112874,144908,77.9,2037344,1464384,572960,1464384,1006462,161052,21311,3473,17,2229,0,482,49,48,029,15061,65868,17135,9153,14233,2073,4011,8081,11182,3230,914,1161,532,623,206461,572960,22255,14692,14181,476560,1655,6609,2037344,1560752,204563,58412,93350,8704,714627,2037344,1212855,1007932,34191,7160,163572,824489,544259,149264,2632,62508,2323,9204,54299,7471,46828,807160,1392898,677787,715111
2023,Blanco County; Texas,12008,5925,6083,97.4,512,598,649,623,374,1319,1180,1435,1033,1212,1919,834,320,50.3,2146,10158,9862,9596,3785,3073,9862,4893,4969,98.5,3073,1462,1611,90.8,12008,10570,1438,10570,9686,92,60,0,0,0,0,0,0,48,031,60,44,0,0,9,5,0,0,30,0,0,0,0,0,688,1438,71,206,63,908,0,0,12008,11074,250,369,194,0,1699,12008,2209,1956,15,1,237,9799,9121,92,22,44,0,0,520,173,347,6099,9510,4652,4858
2023,Borden County; Texas,723,305,418,73.0,62,106,33,42,33,106,76,92,29,46,55,25,18,30.0,240,511,483,480,135,98,483,223,260,85.8,98,47,51,92.2,723,635,88,635,616,11,0,0,0,0,0,0,0,48,033,0,0,0,0,0,0,0,0,0,0,0,0,0,0,8,88,0,10,0,66,0,12,723,692,23,10,0,0,86,723,110,110,0,0,0,613,580,11,0,0,0,0,22,12,10,352,474,214,260
2023,Bosque County; Texas,18546,9109,9437,96.5,946,1119,1027,1095,923,1780,2127,2061,1215,1569,2658,1629,397,46.3,3872,15245,14674,14158,5756,4684,14674,7162,7512,95.3,4684,2224,2460,90.4,18546,15986,2560,15986,14726,253,22,0,0,0,0,0,0,48,035,22,89,18,28,23,0,0,0,20,0,0,0,0,0,896,2560,358,178,56,1835,8,0,18546,17278,636,310,148,3,2853,18546,3492,3250,34,2,206,15054,14013,217,22,89,0,129,584,118,466,9344,13951,6791,7160
2023,Bowie County; Texas,92321,46392,45929,101.0,5579,6316,6287,6126,5620,12268,11906,11079,5664,5478,9352,4996,1650,38.4,22050,72926,70271,66975,19140,15998,70271,35097,35174,99.8,15998,6998,9000,77.8,92321,87508,4813,87508,60611,22965,389,0,0,18,0,0,0,48,037,371,1162,212,81,346,0,166,266,91,173,16,95,54,8,2208,4813,1387,788,227,1602,0,195,92321,65118,24907,1368,1531,465,4217,92321,7726,6172,184,3,1367,84595,56874,22837,345,1162,119,152,3106,294,2812,39791,68125,33991,34134
2023,Brazoria County; Texas,381650,192838,188812,102.1,24367,28045,28921,26711,22314,51453,58172,50285,24346,19218,30196,12930,4692,36.5,98742,295025,282908,269090,58907,47818,282908,142086,140822,100.9,47818,22076,25742,85.8,381650,315094,66556,315094,204171,60242,1655,199,0,122,0,0,0,48,039,1334,27891,6486,4645,5611,160,1170,6057,3762,73,12,2,29,30,21062,66556,2881,2478,2026,54565,156,1102,381650,268759,66028,5758,30798,833,78740,381650,119727,97524,4759,941,16503,261923,163852,59286,613,27626,66,899,9581,2155,7426,146587,260526,130562,129964
2023,Brazos County; Texas,237980,120125,117855,101.9,13309,14161,12847,27089,44207,34809,27533,21085,9967,9597,14279,6221,2876,26.8,48241,195032,189739,158611,28969,23376,189739,95672,94067,101.7,23376,10632,12744,83.4,237980,209876,28104,209876,157983,25666,1362,488,1,93,0,0,0,48,041,780,13608,4344,3540,994,296,1439,802,2193,264,194,64,6,0,10993,28104,1813,1383,1747,20962,66,181,237980,185149,28679,3868,16074,602,33153,237980,64536,53052,1179,1226,9079,173444,127348,24510,173,13388,184,947,6894,1643,5251,99118,171319,84796,86523
2023,Brewster County; Texas,9464,4548,4916,92.5,391,594,495,321,495,1570,1211,953,516,526,1492,647,253,42.2,1623,7923,7841,7586,2617,2392,7841,3994,3847,103.8,2392,1131,1261,89.7,9464,8039,1425,8039,7138,27,38,0,7,0,0,0,0,48,043,31,114,0,12,95,0,7,0,0,16,0,0,16,0,706,1425,32,133,91,1033,0,0,9464,8563,93,307,274,16,1806,9464,3980,3235,34,0,711,5484,5246,27,0,114,16,0,81,25,56,5955,7535,3841,3694
2023,Briscoe County; Texas,1223,647,576,112.3,48,72,62,49,30,134,170,125,96,95,197,121,24,50.8,218,1039,1005,989,387,342,1005,533,472,112.9,342,161,181,89.0,1223,1143,80,1143,1034,66,2,0,0,0,0,0,0,48,045,2,0,0,0,0,0,0,0,0,0,0,0,0,0,41,80,0,2,0,78,0,0,1223,1114,66,4,0,0,119,1223,321,312,0,0,9,902,840,45,2,0,0,13,2,0,2,901,945,502,443
2023,Brooks County; Texas,6987,3503,3484,100.5,217,448,405,272,486,1336,887,874,340,448,673,474,127,38.1,1295,5812,5692,5560,1592,1274,5692,2874,2818,102.0,1274,494,780,63.3,6987,4375,2612,4375,3621,54,0,0,0,0,0,0,0,48,047,0,0,0,0,0,0,0,0,0,16,0,16,0,0,684,2612,0,7,13,2592,0,0,6987,6233,54,7,13,16,3276,6987,6290,5755,0,0,535,697,572,54,0,0,16,0,55,35,20,3856,5367,2594,2773
2023,Brown County; Texas,38294,19165,19129,100.2,1980,1884,2540,2652,2559,4235,4689,4556,2582,2746,4546,2178,1147,41.4,7972,31326,30322,28634,9540,7871,30322,14998,15324,97.9,7871,3586,4285,83.7,38294,32771,5523,32771,29910,1276,62,0,1,0,0,0,0,48,049,61,213,42,49,9,0,2,66,45,10,4,0,0,6,1300,5523,260,473,95,4553,16,46,38294,35348,1648,625,314,16,5941,38294,8503,7391,101,4,1007,29791,27004,1235,22,213,10,273,1034,280,754,19087,29531,14463,15068
2023,Burleson County; Texas,18327,8752,9575,91.4,973,897,1510,1059,747,2019,2138,2243,1481,1150,2673,1101,336,44.3,4033,14795,14294,13759,4857,4110,14294,7052,7242,97.4,4110,1967,2143,91.8,18327,16280,2047,16280,13194,2119,117,0,0,0,0,0,0,48,051,117,164,21,0,97,0,4,42,0,0,0,0,0,0,686,2047,118,183,73,1458,0,28,18327,15126,2343,478,251,0,2354,18327,4003,3378,13,19,593,14324,11552,2119,0,67,0,80,506,147,359,9485,13456,6579,6877
2023,Burnet County; Texas,51064,25162,25902,97.1,2509,2572,3477,2924,2757,5485,5861,5709,3350,4493,7175,3581,1171,44.9,10464,41983,40600,39118,14490,11927,40600,19798,20802,95.2,11927,5678,6249,90.9,51064,45647,5417,45647,41635,636,395,279,0,0,0,0,0,48,053,116,346,142,25,65,12,30,72,0,59,29,3,27,0,2576,5417,246,445,218,4057,7,26,51064,46877,1158,1166,705,135,6856,51064,11782,10092,79,46,1565,39282,36432,636,91,323,59,131,1610,489,1121,24577,38322,18703,19619
2023,Caldwell County; Texas,47184,23885,23299,102.5,2939,2418,3654,3506,3143,6404,6280,5825,2687,3157,4443,1907,821,38.2,11042,37693,36142,34101,8893,7171,36142,18199,17943,101.4,7171,3270,3901,83.8,47184,34281,12903,34281,27276,2025,253,37,3,0,0,71,0,48,055,142,321,37,34,63,15,0,0,172,0,0,0,0,0,4406,12903,650,478,61,11176,17,86,47184,40004,3076,1123,537,0,15829,47184,26565,24028,373,69,2095,20619,16787,1914,3,321,0,56,1538,324,1214,17013,31970,16032,15938
2023,Calhoun County; Texas,19921,10304,9617,107.1,1162,1388,1262,1074,1103,2877,2268,2164,1411,1505,1990,1017,700,39.9,4655,15961,15266,14885,4452,3707,15266,7887,7379,106.9,3707,1859,1848,100.6,19921,16061,3860,16061,13102,495,37,0,0,0,0,0,0,48,057,37,1054,4,620,18,0,0,41,371,0,0,0,0,0,1373,3860,122,242,13,3461,0,0,19921,16954,617,279,1089,8,4848,19921,9816,8224,104,124,1364,10105,8242,467,37,1054,0,0,305,98,207,10743,14280,7434,6846
2023,Callahan County; Texas,14017,6928,7089,97.7,734,709,996,1074,700,1397,1671,1667,832,1326,1746,777,388,43.8,3005,11405,11012,10477,3688,2911,11012,5339,5673,94.1,2911,1376,1535,89.6,14017,12615,1402,12615,11997,245,7,0,0,0,0,0,0,48,059,7,77,0,77,0,0,0,0,0,28,0,28,0,0,261,1402,64,182,49,1084,19,0,14017,13376,328,212,126,28,1349,14017,1487,1389,21,0,77,12530,11528,245,7,77,28,98,547,233,314,6523,10926,5295,5631
2023,Cameron County; Texas,423192,208624,214568,97.2,30688,33969,36253,36214,31998,54310,49816,48989,21426,20098,34073,18588,6770,32.4,123291,315037,299901,278669,71119,59431,299901,145602,154299,94.4,59431,26400,33031,79.9,423192,255289,167903,255289,211525,2574,1912,741,0,33,0,67,0,48,061,1071,3151,691,207,679,190,71,704,609,218,167,11,16,24,35909,167903,635,1020,401,163546,34,240,423192,378716,4229,4198,4327,635,201513,423192,378059,356487,1310,725,19537,45133,37309,1872,409,3116,104,542,1781,516,1265,157565,244803,120642,124161
2023,Camp County; Texas,12652,6143,6509,94.4,799,987,1003,923,547,1541,1547,1326,725,972,1387,782,113,38.7,3341,9691,9311,8760,2773,2282,9311,4444,4867,91.3,2282,1074,1208,88.9,12652,10752,1900,10752,7635,1843,0,0,0,0,0,0,0,48,063,0,143,0,0,6,0,0,92,45,0,0,0,0,0,1131,1900,307,153,13,1167,70,22,12652,9404,2332,312,197,0,2436,12652,3377,3287,4,0,86,9275,6754,1786,0,143,0,11,581,123,458,5795,8348,3896,4452
2023,Carson County; Texas,5802,2891,2911,99.3,282,320,441,429,337,600,711,671,282,456,741,390,142,42.3,1303,4675,4499,4266,1529,1273,4499,2217,2282,97.2,1273,625,648,96.5,5802,5605,197,5605,5277,35,126,0,0,0,0,0,0,48,065,126,8,0,2,0,0,0,0,6,49,0,13,0,36,110,197,60,8,0,110,13,0,5802,5461,114,153,8,49,220,5802,608,417,0,15,176,5194,4773,35,126,8,49,27,176,89,87,2792,4485,2214,2271
2023,Cass County; Texas,28582,14027,14555,96.4,1627,1745,1932,1777,1311,3359,2890,3481,1763,2355,3575,2170,597,43.8,6461,22930,22121,21277,7884,6342,22121,10617,11504,92.3,6342,2927,3415,85.7,28582,27287,1295,27287,21919,4789,167,40,9,29,0,0,0,48,067,89,215,7,119,6,1,0,64,18,0,0,0,0,0,197,1295,161,289,29,775,0,21,28582,23193,4991,469,247,0,1000,28582,1467,1159,13,5,290,27115,21369,4781,44,208,0,110,603,130,473,13963,21743,10402,11341
2023,Castro County; Texas,7328,3713,3615,102.7,564,520,676,647,454,817,808,798,356,455,754,418,61,34.9,2121,5374,5207,4853,1511,1233,5207,2642,2565,103.0,1233,615,618,99.5,7328,4786,2542,4786,3957,86,49,0,0,0,0,0,0,48,069,49,91,0,0,91,0,0,0,0,0,0,0,0,0,603,2542,40,83,0,2410,0,0,7328,6499,126,141,91,0,3022,7328,4783,4031,51,0,701,2545,2199,86,49,91,0,2,118,59,59,3026,4331,2140,2191
2023,Chambers County; Texas,49178,25118,24060,104.4,3277,3463,4593,3397,3146,6425,7476,6274,2810,2096,4296,1508,417,35.3,13515,36846,35663,34012,7514,6221,35663,17929,17734,101.1,6221,2921,3300,88.5,49178,44118,5060,44118,35645,3580,60,0,0,0,0,0,0,48,071,60,742,87,83,107,0,0,161,304,0,0,0,0,0,4091,5060,641,295,28,3745,0,102,49178,40522,4565,384,770,88,8070,49178,12418,10778,109,37,1494,36760,31031,3554,60,742,0,46,1327,292,1035,18144,33342,16948,16394
2023,Cherokee County; Texas,51143,26022,25121,103.6,3487,3396,3890,3257,3117,6392,6232,6047,2524,3606,5551,2756,888,38.2,13000,39536,38143,36578,11306,9195,38143,19394,18749,103.4,9195,4270,4925,86.7,51143,44415,6728,44415,34347,6675,720,105,0,456,0,0,0,48,073,159,313,5,32,196,2,6,72,0,0,0,0,0,0,2360,6728,685,360,32,5343,39,0,51143,40886,7496,1322,432,3,7851,51143,12143,11359,52,0,732,39000,30049,6638,37,311,0,129,1836,702,1134,20964,34839,17639,17200
2023,Childress County; Texas,6772,4159,2613,159.2,378,429,242,244,548,1612,973,643,377,205,569,397,155,33.6,1260,5655,5512,5383,1269,1121,5512,3526,1986,177.5,1121,539,582,92.6,6772,5519,1253,5519,4137,451,8,0,0,0,0,0,0,48,075,8,8,0,0,0,0,8,0,0,0,0,0,0,0,915,1253,62,71,0,1013,100,0,6772,5290,617,186,8,0,1931,6772,2305,1800,1,0,504,4467,3663,451,8,8,0,0,337,97,240,2935,5320,3359,1961
2023,Clay County; Texas,10402,5242,5160,101.6,471,493,691,562,513,1060,1143,1292,958,858,1409,691,261,47.8,2040,8582,8362,8064,2968,2361,8362,4136,4226,97.9,2361,1143,1218,93.8,10402,9779,623,9779,9461,118,61,0,0,0,0,0,0,48,077,61,91,0,17,71,1,0,0,2,7,0,7,0,0,41,623,53,170,23,355,0,0,10402,10084,191,242,114,7,409,10402,705,638,0,0,67,9697,9116,117,61,91,0,5,307,41,266,5154,8267,4102,4165
2023,Cochran County; Texas,2520,1317,1203,109.5,183,176,171,241,98,285,417,257,113,156,245,115,63,38.7,682,1949,1838,1733,538,423,1838,957,881,108.6,423,233,190,122.6,2520,1608,912,1608,1204,183,8,0,0,0,0,0,0,48,079,8,4,0,0,4,0,0,0,0,0,0,0,0,0,209,912,17,21,14,836,2,10,2520,2103,215,32,26,0,1067,2520,1501,1389,0,0,112,1019,861,127,3,0,0,3,25,0,25,1260,1571,789,782
2023,Coke County; Texas,3315,1665,1650,100.9,145,193,237,197,92,349,345,361,226,257,486,291,136,47.2,716,2688,2599,2511,1034,913,2599,1250,1349,92.7,913,406,507,80.1,3315,3011,304,3011,2823,58,10,0,0,0,0,0,0,48,081,10,4,0,0,0,0,0,0,4,0,0,0,0,0,116,304,0,40,26,198,0,0,3315,3118,84,81,43,4,354,3315,691,595,0,0,96,2624,2501,57,0,4,0,0,62,0,62,2147,2595,1246,1349
2023,Coleman County; Texas,7765,3947,3818,103.4,286,339,612,639,182,626,912,874,560,697,1146,725,167,48.5,1597,6309,6168,5814,2449,2038,6168,3158,3010,104.9,2038,996,1042,95.6,7765,7009,756,7009,6159,302,58,31,0,0,0,19,0,48,083,8,68,0,0,34,0,0,0,34,3,3,0,0,0,419,756,17,83,9,638,0,0,7765,6914,321,148,79,3,1064,7765,1252,1132,2,0,118,6513,5993,302,20,68,0,8,122,22,100,4902,5825,2922,2903
2023,Collin County; Texas,1116601,555119,561482,98.9,65005,78039,84400,84200,64939,143234,177611,166108,69233,56818,78424,37019,11571,37.3,280048,870371,836553,792387,157922,127014,836553,412214,424339,97.1,127014,56806,70208,80.9,1116601,998089,118512,998089,636304,119522,4839,954,3,441,0,134,0,48,085,3307,196936,99913,33972,9265,3441,10353,14639,25353,909,146,471,23,269,39579,118512,12218,6338,13013,72634,609,1556,1116601,748433,138137,17072,216365,2626,120605,1116601,178350,120161,8128,2467,47594,938251,572361,117821,2225,196106,571,6281,42886,8720,34166,421938,726233,355558,370675
2023,Collingsworth County; Texas,2733,1300,1433,90.7,189,213,296,221,94,240,276,294,160,163,388,92,107,38.1,789,2013,1944,1814,620,587,1944,819,1125,72.8,587,276,311,88.7,2733,2108,625,2108,1570,216,45,0,0,0,0,0,0,48,087,45,0,0,0,0,0,0,0,0,23,0,0,23,0,254,625,0,87,0,379,0,0,2733,2094,256,291,0,23,752,2733,891,738,0,0,153,1842,1471,216,4,0,23,0,128,25,103,1471,1895,772,1123
2023,Colorado County; Texas,20736,10442,10294,101.4,1281,1545,1157,1495,1037,1901,2169,2495,1220,1704,2724,1361,647,43.8,4844,16280,15892,14933,5595,4732,15892,7946,7946,100.0,4732,2204,2528,87.2,20736,19131,1605,19131,13702,2703,130,25,0,0,0,0,0,48,089,105,100,0,0,13,0,0,27,60,0,0,0,0,0,2496,1605,58,170,38,1207,0,102,20736,15205,2865,330,138,0,3833,20736,6218,5476,0,0,742,14518,11493,2550,13,100,0,61,301,65,236,10066,15111,7354,7757
2023,Comal County; Texas,174552,86945,87607,99.2,9283,10866,11565,10902,9022,19841,23062,22605,12026,12995,20556,9079,2750,42.0,38791,140637,135761,130484,40563,32385,135761,67094,68667,97.7,32385,15302,17083,89.6,174552,146862,27690,146862,130460,4415,634,120,0,13,0,0,0,48,091,501,2765,544,285,1094,115,120,67,540,72,12,60,0,0,8516,27690,1141,1837,1327,21796,8,88,174552,157720,6045,3101,4648,511,31432,174552,48664,39622,1525,558,6959,125888,113270,4271,133,2247,72,1026,4869,886,3983,74484,131605,64623,66982
2023,Comanche County; Texas,13786,6964,6822,102.1,774,956,829,936,654,1419,1502,1545,1121,787,1883,1045,335,43.7,3160,11057,10626,10233,3701,3263,10626,5332,5294,100.7,3263,1555,1708,91.0,13786,10701,3085,10701,10170,70,109,71,0,0,0,0,0,48,093,38,63,21,0,14,0,9,1,18,0,0,0,0,0,289,3085,14,283,38,2709,0,0,13786,13255,106,392,116,19,3005,13786,4002,3784,0,0,218,9784,9196,70,25,63,0,18,412,146,266,6940,9772,4829,4943
2023,Concho County; Texas,3301,2165,1136,190.6,90,115,125,284,73,503,430,604,290,131,368,158,130,45.3,421,2935,2880,2661,698,656,2880,1938,942,205.7,656,320,336,95.2,3301,2802,499,2802,2566,122,2,0,0,0,0,0,0,48,095,2,54,13,3,0,0,0,16,22,0,0,0,0,0,58,499,8,41,0,444,0,0,3301,3059,136,43,60,0,502,3301,1024,691,0,50,283,2277,2019,122,2,54,0,6,74,19,55,1420,2568,1643,925
2023,Cooke County; Texas,42473,21316,21157,100.8,2671,2880,2706,2843,2629,4876,5135,4847,2691,3298,4777,2320,800,40.3,9947,33670,32526,30987,9682,7897,32526,16187,16339,99.1,7897,3655,4242,86.2,42473,37203,5270,37203,33507,1411,225,0,10,0,0,0,0,48,097,215,294,6,8,242,24,5,9,0,14,0,0,0,14,1752,5270,312,507,97,4137,0,26,42473,38624,1777,783,519,112,5986,42473,8719,7578,216,0,925,33754,30431,1411,175,294,0,52,1391,416,975,17841,30498,15033,15465
2023,Coryell County; Texas,83772,42282,41490,101.9,5443,5673,5268,5499,8559,15302,12598,8961,3944,3304,5567,2911,743,32.4,19056,66527,64716,60250,11120,9221,64716,32662,32054,101.9,9221,4018,5203,77.2,83772,69204,14568,69204,51794,11608,535,86,5,0,0,0,0,48,099,444,1664,101,235,670,98,322,57,181,617,268,18,119,212,2986,14568,2300,2688,909,6125,205,292,83772,64938,15407,4503,3375,1000,10246,83772,16992,10754,3113,247,2878,66780,46233,10658,187,1664,617,260,7161,742,6419,29180,62296,31468,30828
2023,Cottle County; Texas,1302,659,643,102.5,64,64,125,68,45,64,249,117,62,105,224,97,18,44.3,287,1036,1015,963,394,339,1015,502,513,97.9,339,185,154,120.1,1302,972,330,972,855,64,0,0,0,0,0,0,0,48,101,0,0,0,0,0,0,0,0,0,0,0,0,0,0,53,330,40,46,59,158,0,0,1302,1158,104,73,59,0,238,1302,338,281,0,0,57,964,769,64,0,0,0,13,118,0,118,972,1015,502,513
2023,Crane County; Texas,4623,2247,2376,94.6,307,172,446,466,332,489,525,797,231,164,448,201,45,36.7,1203,3668,3420,3144,772,694,3420,1832,1588,115.4,694,321,373,86.1,4623,3938,685,3938,1818,119,11,0,0,0,0,0,0,48,103,11,113,0,0,82,0,0,0,31,6,6,0,0,0,1871,685,0,26,0,648,0,0,4623,2503,119,37,113,17,2519,4623,3160,3084,0,63,13,1463,1222,74,11,113,6,0,37,0,37,1829,2634,1395,1239
2023,Crockett County; Texas,2881,1563,1318,118.6,105,336,61,165,5,564,214,495,157,157,527,85,10,42.9,667,2379,2214,2214,684,622,2214,1125,1089,103.3,622,308,314,98.1,2881,2442,439,2442,1070,17,0,0,0,0,0,0,0,48,105,0,0,0,0,0,0,0,0,0,0,0,0,0,0,1355,439,0,2,0,437,0,0,2881,1509,17,2,0,0,1792,2881,1795,1795,0,0,0,1086,1067,17,0,0,0,0,2,0,2,1739,1971,928,1043
2023,Crosby County; Texas,5072,2568,2504,102.6,303,357,366,423,326,520,721,459,298,330,548,341,80,39.3,1300,3965,3772,3559,1207,969,3772,1889,1883,100.3,969,455,514,88.5,5072,4375,697,4375,3517,132,6,0,0,2,0,0,0,48,107,4,50,0,33,0,0,0,15,2,9,0,0,9,0,661,697,114,41,3,486,16,0,5072,4197,287,89,64,9,1159,5072,2831,2390,17,13,411,2241,1976,112,0,50,9,1,93,0,93,2668,3622,1764,1858
2023,Culberson County; Texas,2181,1184,997,118.8,103,207,103,102,59,235,150,531,58,50,401,182,0,48.1,471,1768,1710,1666,631,583,1710,976,734,133.0,583,349,234,149.1,2181,1206,975,1206,1008,4,61,0,16,0,0,41,0,48,109,4,23,0,0,23,0,0,0,0,0,0,0,0,0,110,975,0,0,15,960,0,0,2181,1983,4,61,38,0,1070,2181,1899,1738,1,29,131,282,194,4,61,23,0,0,0,0,0,959,1638,934,704
2023,Dallam County; Texas,7180,3819,3361,113.6,692,730,566,584,212,973,1113,810,624,187,460,186,43,30.4,2339,5042,4841,4586,826,689,4841,2670,2171,123.0,689,383,306,125.2,7180,5642,1538,5642,4472,14,128,103,0,11,0,0,0,48,111,14,3,0,0,3,0,0,0,0,0,0,0,0,0,1025,1538,86,233,3,1213,3,0,7180,6007,103,364,6,0,2238,7180,3781,3618,0,0,163,3399,3040,14,0,3,0,82,260,16,244,3053,3650,1796,1854
2023,Dallas County; Texas,2603816,1290882,1312934,98.3,180240,177513,191617,180456,180651,428929,359127,317701,149720,138870,187595,80615,30782,34.0,661827,2017885,1941989,1840931,380048,298992,1941989,952867,989122,96.3,298992,131673,167319,78.7,2603816,2154536,449280,2154536,1062078,586837,18019,6416,58,1311,0,211,0,48,113,10023,178176,73050,16549,11764,2459,7739,34498,32117,1469,111,233,676,449,307957,449280,24432,13357,13089,357655,5602,5777,2603816,1488228,636656,51322,202106,5213,688980,2603816,1061995,841733,16057,9726,194479,1541821,705258,578968,3947,176404,1204,8337,67703,7766,59937,1053471,1558943,750024,808919
2023,Dawson County; Texas,12311,7173,5138,139.6,808,855,813,764,1034,2007,1726,1296,661,684,934,537,192,34.6,2942,9683,9369,8856,2005,1663,9369,5657,3712,152.4,1663,733,930,78.8,12311,9459,2852,9459,6717,877,21,0,0,0,0,0,0,48,115,21,51,22,0,5,0,0,24,0,2,2,0,0,0,1791,2852,11,82,0,2637,30,0,12311,9507,957,216,60,2,4481,12311,6815,6371,12,32,400,5496,4381,803,13,51,2,0,246,92,154,4892,8885,5340,3545
2023,Deaf Smith County; Texas,18487,9396,9091,103.4,1656,1692,1513,1532,1325,2447,2133,1923,933,872,1545,552,364,31.4,5760,13280,12727,11865,3160,2461,12727,6320,6407,98.6,2461,1112,1349,82.4,18487,12597,5890,12597,9767,357,244,0,0,17,0,0,0,48,117,227,8,0,0,0,0,8,0,0,0,0,0,0,0,2221,5890,44,43,78,5642,0,15,18487,15619,420,351,86,0,7946,18487,14000,13030,133,243,594,4487,4038,148,190,8,0,0,103,0,103,6993,10559,5166,5393
2023,Delta County; Texas,5345,2410,2935,82.1,422,275,374,320,202,719,640,562,239,495,644,322,131,40.7,1269,4182,4076,3915,1229,1097,4076,1953,2123,92.0,1097,518,579,89.5,5345,4864,481,4864,4316,446,14,0,0,0,0,0,0,48,119,14,4,0,0,2,0,0,0,2,0,0,0,0,0,84,481,34,138,0,86,0,0,5345,4797,621,239,4,0,388,5345,466,441,12,0,13,4879,4194,446,14,4,0,28,193,16,177,2441,4041,1943,2098
2023,Denton County; Texas,945644,467910,477734,97.9,55071,62065,66342,66049,60186,137293,147491,136022,61538,47536,67306,29225,9520,36.8,224897,748460,720747,684872,133864,106051,720747,352878,367869,95.9,106051,47615,58436,81.5,945644,821333,124311,821333,573342,101626,6524,2125,21,466,0,536,0,48,121,3376,97666,43946,9980,4207,1150,13084,8078,17221,838,70,545,104,119,41337,124311,12278,6822,11301,80062,1386,1989,945644,691241,122075,19971,112890,2423,129875,945644,191815,135561,10389,5119,40746,753829,511104,99365,1385,97075,806,3588,40506,8378,32128,364120,648861,315993,332868
2023,DeWitt County; Texas,19853,10393,9460,109.9,1293,1397,1110,999,1224,2147,2567,2408,1337,1418,2343,1138,472,41.8,4487,15874,15366,14840,4739,3953,15366,8186,7180,114.0,3953,1787,2166,82.5,19853,17708,2145,17708,12111,1466,194,11,0,0,0,0,0,48,123,183,98,0,0,0,7,0,91,0,0,0,0,0,0,3839,2145,212,166,20,1622,0,38,19853,14179,1740,424,157,15,5516,19853,7017,6057,60,6,894,12836,10653,1452,35,91,0,57,548,235,313,9222,14914,7876,7038
2023,Dickens County; Texas,1641,827,814,101.6,98,59,104,123,64,142,223,189,69,169,232,147,22,45.7,355,1356,1286,1237,486,401,1286,677,609,111.2,401,175,226,77.4,1641,1551,90,1551,1282,24,19,0,0,0,0,0,0,48,125,19,1,0,0,1,0,0,0,0,3,3,0,0,0,222,90,0,13,0,77,0,0,1641,1372,24,32,1,3,299,1641,558,426,0,0,132,1083,1044,24,0,1,3,0,11,1,10,1107,1250,650,600
2023,Dimmit County; Texas,8507,4274,4233,101.0,594,552,871,1107,213,749,1505,621,305,581,862,458,89,36.3,2413,6394,6094,5310,1841,1409,6094,2952,3142,94.0,1409,595,814,73.1,8507,3614,4893,3614,2592,60,99,0,0,0,0,0,0,48,127,99,15,15,0,0,0,0,0,0,0,0,0,0,0,848,4893,60,2,0,4769,0,0,8507,7485,120,163,15,0,5679,8507,7403,6773,0,4,626,1104,804,60,99,15,0,54,72,12,60,4012,5854,2851,3003
2023,Donley County; Texas,3276,1666,1610,103.5,126,144,227,314,254,243,320,312,192,262,485,310,87,45.4,586,2745,2690,2368,1008,882,2690,1294,1396,92.7,882,344,538,63.9,3276,3187,89,3187,2856,177,12,0,0,0,0,1,0,48,129,11,82,29,15,0,0,0,0,38,0,0,0,0,0,60,89,14,5,10,57,0,0,3276,2942,191,17,95,3,117,3276,399,351,23,0,25,2877,2572,177,12,82,0,0,34,2,32,1950,2633,1258,1375
2023,Duval County; Texas,9824,5050,4774,105.8,620,837,679,768,378,1557,1221,1016,561,654,787,615,131,35.9,2546,7520,7278,6875,1949,1533,7278,3888,3390,114.7,1533,729,804,90.7,9824,7043,2781,7043,6657,69,62,62,0,0,0,0,0,48,131,0,0,0,0,0,0,0,0,0,0,0,0,0,0,255,2781,7,43,0,2700,0,0,9824,9428,107,126,10,0,2955,9824,8038,7572,6,0,460,1786,1636,69,0,0,0,0,81,0,81,4430,7194,3864,3330
2023,Eastland County; Texas,17846,8947,8899,100.5,993,1170,903,1310,1293,1823,1947,1991,1254,1252,2281,1219,410,42.6,3824,14370,14022,13197,4742,3910,14022,7077,6945,101.9,3910,1837,2073,88.6,17846,15531,2315,15531,14719,405,102,0,0,0,0,0,0,48,133,102,67,20,6,12,8,0,8,13,5,0,5,0,0,233,2315,91,166,103,1795,0,4,17846,17004,572,326,192,32,2173,17846,3013,2555,8,7,443,14833,13818,401,54,62,5,34,459,96,363,9391,13323,6596,6727
2023,Ector County; Texas,163206,83807,79399,105.6,14115,14952,12925,11703,11442,26286,22893,17327,7996,7529,9889,4613,1536,31.3,49505,118656,113701,107318,20623,16038,113701,58451,55250,105.8,16038,7223,8815,81.9,163206,129709,33497,129709,87032,8298,1161,86,2,18,0,156,0,48,135,899,2010,223,168,712,27,65,557,258,62,54,8,0,0,31146,33497,1143,1314,466,28895,193,74,163206,119818,10313,3305,2770,227,61160,163206,101602,93112,670,2209,5611,61604,48982,7650,311,1769,32,95,2765,322,2443,67542,98593,50072,48521
2023,Edwards County; Texas,1392,772,620,124.5,21,67,49,193,140,54,234,184,94,41,177,95,43,39.6,224,1168,1168,1015,353,315,1168,666,502,132.7,315,201,114,176.3,1392,1335,57,1335,1191,22,2,0,0,0,0,0,0,48,137,2,0,0,0,0,0,0,0,0,0,0,0,0,0,120,57,4,15,0,35,0,1,1392,1247,29,19,0,0,156,1392,610,608,1,0,1,782,737,22,2,0,0,0,21,0,21,903,1093,654,439
2023,Ellis County; Texas,203927,101035,102892,98.2,13217,14094,16804,15356,12560,26279,28471,26397,12149,12203,16701,7476,2220,36.3,53955,156569,149972,142107,33501,26397,149972,73290,76682,95.6,26397,11939,14458,82.6,203927,176964,26963,176964,131379,27009,1395,266,0,232,0,0,0,48,139,897,1583,437,114,321,0,42,50,619,309,0,138,4,167,15289,26963,2538,2798,781,17742,293,131,203927,157363,30855,6670,2650,483,35351,203927,56354,48905,971,529,5949,147573,111619,26896,266,1583,213,766,6230,1040,5190,72541,140295,67585,72710
2023,El Paso County; Texas,866275,430439,435836,98.8,58783,60927,69105,65880,68861,131277,110927,98921,45280,45128,65575,32046,13565,33.3,228795,663465,637480,598847,138975,111186,637480,313881,323599,97.0,111186,48046,63140,76.1,866275,529702,336573,529702,339519,28593,7922,1721,19,766,0,214,0,48,141,5202,10988,2144,1816,1930,721,1507,1160,1710,1558,432,72,251,803,141122,336573,4480,2968,3618,310098,885,3047,866275,668321,41555,17630,18897,2687,462476,866275,716543,671629,8696,1401,34817,149732,97259,25346,2212,9787,1317,1794,12017,1232,10785,320812,548941,273967,274974
2023,Erath County; Texas,43244,21162,22082,95.8,2575,2392,2522,4670,5435,5517,4700,4347,2348,2446,3733,1871,688,31.9,9021,35254,34223,29588,7724,6292,34223,16511,17712,93.2,6292,2878,3414,84.3,43244,39424,3820,39424,34681,610,296,0,0,0,0,0,0,48,143,296,439,120,212,21,30,22,24,10,112,0,0,0,112,3286,3820,147,383,130,2622,51,0,43244,38261,950,985,595,327,6279,43244,9508,8179,209,36,1084,33736,31390,595,114,402,112,111,1012,161,851,18515,32277,15437,16840
2023,Falls County; Texas,17063,8079,8984,89.9,929,926,1144,1094,813,1998,2143,2551,999,1151,1947,968,400,41.5,3604,13817,13459,12854,3969,3315,13459,6275,7184,87.3,3315,1574,1741,90.4,17063,14968,2095,14968,9887,3453,52,0,0,0,0,0,0,48,145,52,989,56,0,10,0,0,8,915,0,0,0,0,0,587,2095,436,137,0,1266,43,29,17063,11812,3962,320,1008,94,1972,17063,4166,3890,42,0,234,12897,8524,3387,0,201,0,10,775,108,667,7449,12801,6006,6795
2023,Fannin County; Texas,36525,19517,17008,114.8,1814,2316,2209,2310,2016,4679,5019,4589,2463,2608,3820,2011,671,40.7,7796,29747,28729,27427,8010,6502,28729,15463,13266,116.6,6502,3067,3435,89.3,36525,33922,2603,33922,30109,2312,146,37,0,4,0,0,0,48,147,105,198,0,60,5,0,14,0,119,10,0,6,0,4,1147,2603,284,711,187,1027,83,52,36525,32565,2809,1078,463,76,2350,36525,4616,4069,40,15,492,31909,27808,2299,109,198,10,269,1216,122,1094,14743,27783,14966,12817
2023,Fayette County; Texas,24783,12430,12353,100.6,1225,1443,1405,1313,1247,2406,2516,2821,1584,2304,3700,1959,860,48.6,4973,20431,19810,19208,7969,6519,19810,9731,10079,96.5,6519,3062,3457,88.6,24783,22596,2187,22596,19639,1490,79,48,0,0,0,0,0,48,149,31,90,18,27,0,12,7,1,25,4,0,0,0,4,1294,2187,133,151,61,1741,0,0,24783,21811,1647,302,166,4,3126,24783,5355,5243,9,0,103,19428,17308,1431,19,82,4,62,522,156,366,13210,18716,9133,9583
2023,Fisher County; Texas,3661,1882,1779,105.8,233,241,189,152,119,553,439,481,240,222,473,220,99,42.6,762,2954,2899,2823,956,792,2899,1476,1423,103.7,792,361,431,83.8,3661,3127,534,3127,2811,140,12,4,0,0,0,0,0,48,151,8,9,0,0,0,0,0,0,9,0,0,0,0,0,155,534,4,93,0,405,0,0,3661,3345,176,137,9,0,560,3661,965,904,1,0,60,2696,2410,140,1,9,0,6,130,22,108,2041,2794,1417,1377
2023,Floyd County; Texas,5294,2666,2628,101.4,321,518,324,401,146,698,609,605,308,347,460,408,149,38.5,1377,4066,3917,3724,1280,1017,3917,1921,1996,96.2,1017,473,544,86.9,5294,4651,643,4651,3686,143,7,0,0,0,0,0,0,48,153,7,9,0,0,9,0,0,0,0,0,0,0,0,0,806,643,58,50,33,464,7,0,5294,4303,216,76,61,0,1293,5294,3051,2834,0,0,217,2243,1973,126,4,9,0,0,131,0,131,2601,3468,1625,1843
2023,Foard County; Texas,1079,439,640,68.6,55,25,36,173,113,44,81,113,95,31,118,143,52,45.7,254,838,825,749,334,313,825,380,445,85.4,313,161,152,105.9,1079,842,237,842,787,3,5,0,0,0,0,0,0,48,155,5,3,0,0,0,0,0,0,3,0,0,0,0,0,44,237,166,6,0,22,0,0,1079,1004,192,47,23,13,73,1079,118,98,7,0,13,961,755,3,5,3,0,0,195,0,195,602,824,380,444
2023,Fort Bend County; Texas,859721,423591,436130,97.1,53279,64478,71643,64326,49343,99166,133472,121615,49966,47789,69673,27063,7908,37.1,231703,655912,628018,596432,132688,104644,628018,305150,322868,94.5,104644,48474,56170,86.3,859721,741484,118237,741484,318338,176568,3248,806,34,381,0,60,0,48,157,1967,187639,70630,37913,14673,846,3747,26055,33775,403,109,65,0,229,55288,118237,9928,3316,7930,83314,1611,2155,859721,427746,194448,12709,201723,1313,145984,859721,210272,130982,5347,4116,69827,649449,256176,174209,866,186089,369,2365,29375,5113,24262,293694,538144,261666,276478
2023,Franklin County; Texas,10522,5322,5200,102.3,568,616,754,863,294,1111,1210,1231,822,730,1364,762,197,43.5,2380,8469,8142,7645,2807,2323,8142,3976,4166,95.4,2323,1141,1182,96.5,10522,9206,1316,9206,8282,543,29,0,0,0,0,0,0,48,159,29,20,0,0,0,0,16,4,0,0,0,0,0,0,332,1316,70,87,32,1078,20,0,10522,9572,642,142,61,14,1416,10522,1500,1368,0,0,132,9022,8173,537,29,20,0,18,245,13,232,5121,7703,3764,3939
2023,Freestone County; Texas,19813,10375,9438,109.9,1032,1467,1188,1228,956,2349,2691,2333,1329,1283,2265,1246,446,41.8,4507,15795,15306,14556,4832,3957,15306,8039,7267,110.6,3957,1820,2137,85.2,19813,16853,2960,16853,13449,2903,78,0,0,0,0,0,0,48,161,78,41,0,0,15,3,6,11,6,0,0,0,0,0,382,2960,147,168,47,2489,12,7,19813,16364,3112,268,88,63,2905,19813,3321,2907,16,10,388,16492,12582,2903,31,25,0,21,930,483,447,9101,14792,7824,6968
2023,Frio County; Texas,18019,10733,7286,147.3,1169,958,1503,1596,1478,3110,2506,1778,925,775,1276,639,306,31.8,4685,14157,13334,12432,2596,2221,13334,8125,5209,156.0,2221,1008,1213,83.1,18019,12424,5595,12424,8391,814,42,16,0,0,0,0,0,48,163,26,391,0,273,0,14,40,56,8,0,0,0,0,0,2786,5595,160,31,0,5285,20,0,18019,13957,1005,192,391,0,8159,18019,13977,10958,39,122,2858,4042,2731,749,7,340,0,25,190,9,181,6378,11478,6872,4606
2023,Gaines County; Texas,21904,11298,10606,106.5,2185,2484,1812,1935,1694,2251,2795,2372,1193,1121,1219,668,175,29.3,7830,15153,14074,13097,2625,2062,14074,7161,6913,103.6,2062,975,1087,89.7,21904,18518,3386,18518,16823,541,0,0,0,0,0,0,0,48,165,0,6,0,0,0,0,0,0,6,0,0,0,0,0,1148,3386,0,53,0,3191,0,55,21904,20121,627,140,6,0,4450,21904,8723,7967,50,0,706,13181,12465,541,0,6,0,30,139,55,84,7661,10704,5497,5207
2023,Galveston County; Texas,354721,175066,179655,97.4,20668,24144,24483,24116,20714,45738,48436,45267,22774,24065,34361,14464,5491,38.5,84634,279984,270087,257331,68938,54316,270087,131864,138223,95.4,54316,25045,29271,85.6,354721,301325,53396,301325,228663,43820,1319,117,0,88,0,0,0,48,167,1114,11842,2915,1736,1803,311,287,2768,2022,111,34,10,2,65,15570,53396,4480,2502,2992,39241,303,379,354721,280430,50209,6311,15369,475,57647,354721,91727,68355,3604,1271,18497,262994,194511,42681,521,11677,111,1461,12032,2528,9504,159379,253313,122833,130480
2023,Garza County; Texas,5435,3406,2029,167.9,273,247,344,252,571,850,743,748,267,335,362,285,158,38.4,1029,4528,4406,4079,959,805,4406,2901,1505,192.8,805,429,376,114.1,5435,4498,937,4498,3320,568,38,0,0,0,0,0,0,48,169,38,14,0,0,14,0,0,0,0,0,0,0,0,0,558,937,91,18,0,795,16,17,5435,4224,692,72,14,0,1370,5435,2717,2360,27,6,324,2718,2023,558,15,14,0,0,108,27,81,2094,3606,2102,1504
2023,Gillespie County; Texas,27202,13380,13822,96.8,1245,1630,1362,1703,934,2487,2954,2567,1761,2482,4364,2747,966,50.5,5277,22641,21925,21238,9428,8077,21925,10571,11354,93.1,8077,3708,4369,84.9,27202,24803,2399,24803,23081,123,151,104,0,28,0,0,0,48,171,19,91,0,12,28,1,0,0,50,77,32,0,0,45,1280,2399,52,378,86,1866,0,1,27202,25479,191,541,177,77,3152,27202,6092,5313,34,0,745,21110,20185,51,19,91,77,76,611,210,401,14255,21063,10164,10899
2023,Glasscock County; Texas,1070,607,463,131.1,67,87,68,55,13,145,185,154,51,80,62,77,26,40.6,274,841,796,780,205,165,796,421,375,112.3,165,83,82,101.2,1070,764,306,764,729,0,0,0,0,0,0,0,0,48,173,0,0,0,0,0,0,0,0,0,0,0,0,0,0,35,306,0,8,0,254,0,0,1070,991,0,52,0,0,333,1070,290,290,0,0,0,780,709,0,0,0,0,0,71,63,8,463,708,348,360
2023,Goliad County; Texas,7096,3564,3532,100.9,340,493,403,316,344,898,781,733,580,475,1007,455,271,44.8,1428,5737,5668,5514,1952,1733,5668,2824,2844,99.3,1733,829,904,91.7,7096,5941,1155,5941,5339,361,30,0,0,0,0,0,0,48,175,30,1,0,0,0,0,0,1,0,0,0,0,0,0,210,1155,24,23,4,924,66,114,7096,6314,565,119,5,0,1248,7096,2288,2182,0,0,106,4808,4287,339,30,1,0,0,151,45,106,3541,5459,2678,2781
2023,Gonzales County; Texas,19764,9871,9893,99.8,1307,1212,1667,1452,1122,2116,2319,2164,1143,1411,2403,1113,335,38.8,5159,15172,14605,13996,4780,3851,14605,7125,7480,95.3,3851,1655,2196,75.4,19764,15876,3888,15876,12826,1242,24,0,0,0,0,0,0,48,177,24,124,0,8,46,0,59,11,0,97,0,0,0,97,1563,3888,45,206,5,3499,0,56,19764,16605,1343,280,156,97,5195,19764,10035,9291,108,30,606,9729,8105,1187,0,99,97,14,227,84,143,8976,13257,6389,6868
2023,Gray County; Texas,21131,11261,9870,114.1,1268,1563,1560,1398,1413,2685,2834,2496,1457,994,2039,1149,275,36.8,5313,16532,15818,15099,3961,3463,15818,8448,7370,114.6,3463,1560,1903,82.0,21131,19765,1366,19765,16471,976,263,0,0,10,0,0,0,48,179,253,233,14,0,128,13,66,12,0,36,0,0,0,36,1786,1366,212,229,4,736,76,8,21131,17742,1362,664,247,36,2536,21131,6499,5810,33,0,656,14632,12799,930,141,173,36,126,427,22,405,9975,14511,7690,6821
2023,Grayson County; Texas,139988,68593,71395,96.1,8719,9667,9409,9661,7998,16978,16720,17063,9194,9558,15072,6818,3131,39.4,33760,109958,106228,100864,30362,25021,106228,51427,54801,93.8,25021,11346,13675,83.0,139988,125353,14635,125353,110428,7550,802,213,0,0,0,39,0,48,181,550,1808,494,220,109,19,243,230,493,105,0,55,0,50,4660,14635,1651,2590,700,7965,75,127,139988,124614,10420,4394,2919,148,13502,139988,22190,18494,236,203,3257,117798,100814,7441,532,1808,105,700,6398,848,5550,60366,100038,48329,51709
2023,Gregg County; Texas,124860,61023,63837,95.6,8349,8272,10174,9045,8396,16566,15659,13898,6752,7977,11823,5539,2410,35.9,32324,96123,92536,86886,24500,19772,92536,44474,48062,92.5,19772,8585,11187,76.7,124860,105151,19709,105151,76025,24429,296,27,0,75,0,10,0,48,183,184,1657,337,88,112,11,146,336,627,38,20,0,18,0,2706,19709,1877,802,428,14681,187,260,124860,95158,27928,2313,2450,201,18139,124860,24748,22225,303,122,2098,100112,69011,23969,150,1651,29,232,5070,932,4138,53590,85623,40565,45058
2023,Grimes County; Texas,30385,16656,13729,121.3,1594,1971,2071,1867,1886,3429,3905,3953,2288,1787,3703,1431,500,40.5,6839,24193,23546,22519,6472,5634,23546,13005,10541,123.4,5634,2753,2881,95.6,30385,25856,4529,25856,19302,3552,161,0,0,0,0,0,0,48,185,161,124,18,8,0,0,0,44,54,21,0,0,21,0,2696,4529,289,803,32,3049,44,37,30385,23716,4088,1124,236,104,5943,30385,7691,7017,19,13,642,22694,17247,3491,128,124,0,465,1239,83,1156,12188,22460,12312,10148
2023,Guadalupe County; Texas,178368,89128,89240,99.9,10321,12435,12722,12724,10484,22830,26480,23210,11392,9828,15637,8146,2159,37.5,43392,140183,134976,127799,31435,25942,134976,66610,68366,97.4,25942,11879,14063,84.5,178368,139550,38818,139550,108064,14206,696,87,0,38,0,4,0,48,187,567,3081,225,222,908,222,204,755,545,107,23,0,34,50,13396,38818,2157,1370,1270,29688,346,282,178368,145310,18942,3768,6145,988,44910,178368,68626,57530,2490,477,8129,109742,85530,13040,135,2761,84,1245,6947,862,6085,67366,128743,63374,65369
2023,Hale County; Texas,32247,16772,15475,108.4,2108,2338,2590,2705,2534,4269,4074,3546,1660,1900,2580,1349,594,34.1,8672,24521,23575,22130,5483,4523,23575,12405,11170,111.1,4523,2072,2451,84.5,32247,26466,5781,26466,20276,1316,555,0,0,0,0,0,0,48,189,555,203,8,17,110,0,0,0,68,17,0,17,0,0,4099,5781,408,372,0,4829,2,44,32247,25993,1819,972,207,61,9040,32247,19597,16395,213,20,2969,12650,10343,1297,45,193,17,143,612,69,543,13399,21711,11304,10407
2023,Hall County; Texas,2827,1376,1451,94.8,129,231,167,141,105,374,271,318,222,173,395,232,69,44.9,616,2252,2211,2137,802,696,2211,1091,1120,97.4,696,337,359,93.9,2827,2365,462,2365,1773,140,29,0,0,0,0,0,0,48,191,29,12,0,0,0,0,0,0,12,0,0,0,0,0,411,462,51,94,0,247,29,22,2827,2175,254,166,12,1,698,2827,975,716,0,0,259,1852,1542,140,29,12,0,0,129,0,129,1748,2042,981,1061
2023,Hamilton County; Texas,8320,4139,4181,99.0,410,508,606,584,367,810,960,801,650,546,1071,648,359,43.8,1845,6690,6475,6167,2376,2078,6475,3244,3231,100.4,2078,974,1104,88.2,8320,7536,784,7536,7225,158,23,0,0,0,0,0,0,48,193,23,5,0,4,0,1,0,0,0,3,0,3,0,0,122,784,13,64,8,682,0,0,8320,8009,179,97,13,3,820,8320,1129,1098,0,0,31,7191,6900,158,23,5,3,7,95,9,86,4356,6147,3077,3070
2023,Hansford County; Texas,5182,2665,2517,105.9,365,486,339,504,261,587,607,604,371,340,389,176,153,35.9,1496,3828,3686,3460,846,718,3686,1868,1818,102.8,718,338,380,88.9,5182,3997,1185,3997,3687,11,48,0,0,10,0,0,0,48,195,38,6,0,0,0,6,0,0,0,0,0,0,0,0,245,1185,18,54,0,1057,17,0,5182,4855,46,119,6,39,1341,5182,2575,2428,69,0,78,2607,2471,11,38,6,0,0,81,0,81,2284,3145,1602,1543
2023,Hardeman County; Texas,3529,1869,1660,112.6,198,197,174,331,140,343,399,441,286,252,538,197,33,44.3,718,2858,2811,2615,931,768,2811,1514,1297,116.7,768,414,354,116.9,3529,3074,455,3074,2746,121,16,0,0,0,0,0,0,48,197,16,44,29,0,1,0,0,14,0,0,0,0,0,0,147,455,33,124,0,216,0,0,3529,3201,154,222,46,0,445,3529,949,727,69,53,100,2580,2313,121,16,44,0,0,86,3,83,1866,2632,1411,1221
2023,Hardin County; Texas,57126,28108,29018,96.9,3301,4489,3876,3882,2895,6934,7564,6863,3944,3423,6011,3073,871,39.3,14172,44620,42954,40916,12007,9955,42954,20936,22018,95.1,9955,4446,5509,80.7,57126,53535,3591,53535,48845,3483,104,0,0,0,0,0,0,48,199,104,277,15,91,33,0,0,99,39,8,0,0,0,8,818,3591,314,547,361,1996,0,29,57126,52327,4041,959,645,52,3093,57126,3723,2628,100,9,986,53403,47568,3183,19,277,8,79,2269,1061,1208,24686,42444,20769,21675
2023,Harris County; Texas,4758579,2366425,2392154,98.9,329995,342965,358653,335972,317136,735345,691394,592794,264830,246032,345053,148468,49942,34.4,1243425,3658965,3515154,3333982,686617,543463,3515154,1733246,1781908,97.3,543463,244135,299328,81.6,4758579,3828915,929664,3828915,1910341,909089,40420,13316,80,6335,0,633,0,48,201,20056,343379,70809,58733,32085,5061,13237,106189,57265,3898,889,1392,420,1197,621788,929664,42335,19568,32311,746284,7262,24904,4758579,2783929,1008393,97734,394818,10207,1431342,4758579,2065668,1410477,38394,44391,572406,2692911,1303071,890273,5099,339625,2552,20623,131668,28732,102936,1884607,2845384,1381113,1464271
2023,Harrison County; Texas,69584,33828,35756,94.6,4011,4446,5322,5306,4494,8321,8914,7743,4389,4704,7174,3530,1230,38.9,16922,55007,52662,48762,15071,11934,52662,25495,27167,93.8,11934,5429,6505,83.5,69584,63790,5794,63790,45279,14214,435,0,0,0,0,0,0,48,203,435,425,68,60,38,0,57,55,147,2,0,0,0,2,3435,5794,953,464,217,3480,138,217,69584,50587,15715,1284,737,10,7274,69584,10129,9367,41,0,721,59455,42240,14210,177,402,2,176,2248,592,1656,29530,50876,24633,26243
2023,Hartley County; Texas,5307,3125,2182,143.2,311,320,434,138,104,842,1021,670,312,278,507,258,112,39.5,1198,4197,4109,4103,1019,877,4109,2545,1564,162.7,877,391,486,80.5,5307,4276,1031,4276,3641,355,42,0,0,0,0,2,0,48,205,40,16,11,0,1,4,0,0,0,12,0,0,0,12,210,1031,32,44,42,882,16,0,5307,4656,403,117,58,12,1107,5307,1629,1516,15,1,97,3678,3017,355,41,16,12,0,237,103,134,1808,3766,2339,1427
2023,Haskell County; Texas,5390,2876,2514,114.4,223,219,285,578,178,530,734,625,443,335,750,375,115,44.3,940,4547,4450,4053,1403,1240,4450,2380,2070,115.0,1240,581,659,88.2,5390,4967,423,4967,4222,328,4,0,0,0,0,0,0,48,207,4,9,0,0,2,0,0,7,0,0,0,0,0,0,404,423,13,112,1,263,3,0,5390,4640,354,146,10,0,692,5390,1402,1228,28,0,146,3988,3565,317,4,9,0,0,93,18,75,3084,4210,2231,1979
2023,Hays County; Texas,256429,127861,128568,99.5,14998,16672,16409,20505,28671,35486,37879,29261,11707,14330,20117,7819,2575,33.9,57970,204625,198459,180928,38515,30511,198459,98191,100268,97.9,30511,14054,16457,85.4,256429,204156,52273,204156,170650,10507,1843,393,0,62,0,26,0,48,209,1362,4947,1037,820,1327,98,396,430,839,302,103,83,74,42,15907,52273,1576,1664,1890,42415,328,474,256429,221117,13999,6440,8099,609,61564,256429,100152,83668,1989,569,13926,156277,131514,9766,271,4679,123,2374,7550,1880,5670,99775,186076,91843,94233
2023,Hemphill County; Texas,3311,1801,1510,119.3,156,178,244,329,195,304,421,457,256,136,413,92,130,41.3,776,2604,2535,2373,687,635,2535,1341,1194,112.3,635,282,353,79.9,3311,2968,343,2968,2473,69,14,0,0,0,0,0,0,48,211,14,0,0,0,0,0,0,0,0,0,0,0,0,0,412,343,0,8,72,243,0,0,3311,2805,69,42,81,0,666,3311,1099,1072,0,0,27,2212,2094,11,14,0,0,0,93,21,72,1694,2266,1199,1067
2023,Henderson County; Texas,83658,41288,42370,97.4,4621,4868,5171,5168,4618,9310,9048,9896,5520,6711,11038,5645,2044,43.8,17936,67856,65722,62973,22800,18727,65722,31892,33830,94.3,18727,8735,9992,87.4,83658,74500,9158,74500,67374,4430,312,44,0,3,0,24,0,48,213,241,591,53,25,57,10,0,79,367,87,9,20,28,30,1706,9158,927,1007,134,6571,0,2,83658,76502,5843,1755,754,102,8349,83658,11964,10657,201,42,1064,71694,62931,4408,190,589,87,58,3431,975,2456,41352,63271,30636,32635
2023,Hidalgo County; Texas,880921,434784,446137,97.5,70226,74029,84588,77440,68067,119928,108698,100364,39145,36940,57561,33176,10759,30.3,276639,636603,604282,559659,123461,101496,604282,293920,310362,94.7,101496,45233,56263,80.4,880921,461814,419107,461814,348336,6070,3170,1298,0,163,0,43,0,48,215,1666,8981,1683,679,3306,631,1146,744,792,195,0,62,18,115,95062,419107,1020,1713,701,411544,33,558,880921,765562,8483,7207,10565,423,510302,880921,809705,771869,2902,854,34080,71216,53536,4814,630,8750,169,1291,2026,385,1641,302173,456189,223941,232248
2023,Hill County; Texas,36664,18377,18287,100.5,2114,2148,2740,2415,2150,4026,4217,4285,2410,2717,4399,2292,751,40.8,8568,29096,28096,26745,8878,7442,28096,13958,14138,98.7,7442,3560,3882,91.7,36664,34336,2328,34336,28634,2255,220,8,0,3,0,0,0,48,217,209,279,83,34,49,1,56,21,35,0,0,0,0,0,2948,2328,335,402,112,1206,0,26,36664,30887,2714,710,404,66,4387,36664,8284,7590,95,49,550,28380,24992,2102,54,197,0,111,924,179,745,16314,26744,13201,13543
2023,Hockley County; Texas,21455,10676,10779,99.0,1487,1492,1698,1642,1441,2775,2810,2304,1270,1273,1949,874,440,35.8,5695,16443,15760,14827,4028,3263,15760,7775,7985,97.4,3263,1528,1735,88.1,21455,16015,5440,16015,13547,769,82,0,0,0,0,0,0,48,219,82,49,11,16,4,8,7,0,3,0,0,0,0,0,1568,5440,146,129,17,4869,0,66,21455,18921,1044,366,79,36,6634,21455,10644,9500,23,0,1121,10811,9631,611,48,49,0,0,472,131,341,9209,14715,7287,7428
2023,Hood County; Texas,64198,31122,33076,94.1,3285,3333,4209,3651,3054,6539,7189,7039,5082,4515,9586,4851,1865,46.3,13281,52677,50917,49232,18772,16302,50917,24563,26354,93.2,16302,7699,8603,89.5,64198,58345,5853,58345,55175,694,234,0,0,25,0,15,0,48,221,194,474,12,50,105,10,51,57,189,27,0,16,0,11,1741,5853,462,541,313,4319,0,0,64198,60956,1156,915,867,77,6181,64198,8569,7177,243,127,1022,55629,52062,657,172,421,23,360,1934,597,1337,28796,49595,23862,25733
2023,Hopkins County; Texas,37351,18392,18959,97.0,2284,2665,2529,2451,2203,4501,4294,4695,2408,2463,4057,2009,792,39.6,9114,29213,28237,27097,8204,6858,28237,13770,14467,95.2,6858,3135,3723,84.2,37351,34721,2630,34721,30031,2641,150,0,0,0,0,40,0,48,223,110,338,39,11,37,0,6,217,28,41,3,9,8,21,1520,2630,206,343,0,1806,49,38,37351,32570,2970,617,359,107,3476,37351,6812,6255,36,56,465,30539,26594,2641,103,338,41,131,691,105,586,15793,25994,12480,13514
2023,Houston County; Texas,22042,11842,10200,116.1,1100,1184,1320,1217,917,2568,2959,2885,1537,1530,2633,1657,535,44.0,4415,18181,17627,17102,5826,4825,17627,9616,8011,120.0,4825,2218,2607,85.1,22042,19948,2094,19948,13899,4864,153,32,0,9,0,0,0,48,225,112,152,56,16,37,0,13,7,23,5,5,0,0,0,875,2094,232,485,7,1227,52,8,22042,15923,5197,704,208,51,2133,22042,3096,2663,64,9,360,18946,12907,4750,70,152,5,21,1041,244,797,10833,17124,9388,7736
2023,Howard County; Texas,33127,18653,14474,128.9,1985,2317,1909,2353,1800,4972,5297,4444,1788,1933,2648,1201,480,37.0,7461,26377,25666,24183,5476,4329,25666,14746,10920,135.0,4329,2136,2193,97.4,33127,27906,5221,27906,23000,1862,131,14,0,0,0,0,0,48,227,117,384,9,9,170,0,51,0,145,33,33,0,0,0,2496,5221,347,298,100,4271,57,24,33127,28087,2346,543,511,33,6899,33127,15547,12716,230,202,2399,17580,14579,1615,109,336,33,90,818,137,681,13999,22954,12544,10410
2023,Hudspeth County; Texas,3331,2031,1300,156.2,100,145,169,477,252,655,449,461,79,174,216,123,31,33.2,598,2894,2733,2404,464,370,2733,1763,970,181.8,370,189,181,104.4,3331,1582,1749,1582,1219,25,38,0,0,34,0,0,0,48,229,4,0,0,0,0,0,0,0,0,0,0,0,0,0,300,1749,0,25,0,1610,0,4,3331,2954,110,171,2,0,1943,3331,2181,1885,33,0,263,1150,997,25,0,0,0,0,128,35,93,1130,1873,1169,704
2023,Hunt County; Texas,104917,51789,53128,97.5,6607,7189,7247,7725,6972,13714,12649,12967,6525,6940,9856,4615,1911,37.2,25535,82371,79382,74573,20516,16382,79382,38818,40564,95.7,16382,7582,8800,86.2,104917,94999,9918,94999,76798,8392,941,302,0,0,0,1,0,48,231,638,1123,189,226,177,4,140,191,196,12,0,3,0,9,7733,9918,1194,1203,769,6230,51,174,104917,86408,9934,2352,2019,68,14291,104917,21575,18438,561,335,2241,83342,69771,8053,470,1066,12,258,3712,734,2978,41973,74450,36284,38166
2023,Hutchinson County; Texas,20413,10422,9991,104.3,1163,1386,1594,1613,1256,2538,2588,2041,1468,1217,2187,874,488,38.1,5140,15807,15273,14411,4194,3549,15273,7707,7566,101.9,3549,1652,1897,87.1,20413,17278,3135,17278,15112,492,367,53,42,12,0,9,0,48,233,251,137,0,3,11,90,22,11,0,42,42,0,0,0,1128,3135,151,612,35,2268,0,0,20413,18209,674,1015,198,42,3441,20413,5011,4479,21,12,499,15402,13897,486,178,137,42,71,591,144,447,10175,14809,7556,7253
2023,Irion County; Texas,1432,688,744,92.5,54,80,159,72,0,166,140,158,194,98,196,70,45,50.5,343,1116,1089,1067,369,311,1089,516,573,90.1,311,129,182,70.9,1432,1344,88,1344,993,0,4,0,0,0,0,0,0,48,235,4,0,0,0,0,0,0,0,0,0,0,0,0,0,347,88,12,0,0,76,0,0,1432,1081,12,4,0,0,423,1432,428,428,0,0,0,1004,988,0,4,0,0,0,12,0,12,795,1041,510,531
2023,Jack County; Texas,8623,4702,3921,119.9,368,443,775,545,619,1126,1050,1069,539,585,826,506,172,41.3,1918,6984,6705,6386,1877,1504,6705,3777,2928,129.0,1504,726,778,93.3,8623,8107,516,8107,7511,305,2,0,0,0,0,0,0,48,237,2,52,0,52,0,0,0,0,0,0,0,0,0,0,237,516,68,88,0,278,0,0,8623,7989,404,172,83,31,566,8623,1589,1370,29,45,145,7034,6517,293,2,52,0,0,170,0,170,3799,6389,3583,2806
2023,Jackson County; Texas,15081,7643,7438,102.8,970,796,1250,1026,727,1586,1782,2108,921,944,1586,1088,297,42.1,3658,12006,11423,10960,3592,2971,11423,5852,5571,105.0,2971,1420,1551,91.6,15081,13290,1791,13290,10940,894,15,0,0,0,0,0,0,48,239,15,313,43,28,51,0,0,191,0,0,0,0,0,0,1128,1791,11,150,0,1596,0,30,15081,12701,935,169,313,0,2758,15081,4948,4581,0,0,367,10133,8705,894,15,305,0,0,214,99,115,7021,10958,5697,5261
2023,Jasper County; Texas,32807,16112,16695,96.5,1867,1912,2525,1941,1795,3449,3789,4165,2451,2123,4034,1986,770,42.5,7713,26108,25094,24484,8088,6790,25094,12139,12955,93.7,6790,3087,3703,83.4,32807,30797,2010,30797,24577,5061,2,0,0,0,0,0,0,48,241,2,158,0,0,78,0,47,0,33,8,8,0,0,0,991,2010,390,311,113,1114,6,0,32807,26570,5522,370,296,33,2116,32807,2248,1910,3,0,335,30559,24190,5061,2,158,8,26,1114,289,825,16558,24664,12057,12607
2023,Jeff Davis County; Texas,1740,1001,739,135.5,130,0,128,36,43,35,132,181,222,153,375,238,67,58.7,294,1465,1446,1446,803,680,1446,820,626,131.0,680,357,323,110.5,1740,1324,416,1324,1254,11,0,0,0,0,0,0,0,48,243,0,0,0,0,0,0,0,0,0,0,0,0,0,0,59,416,16,29,0,361,0,0,1740,1670,37,39,10,0,420,1740,540,525,0,0,15,1200,1160,11,0,0,0,0,29,0,29,1483,1356,730,626
2023,Jefferson County; Texas,253939,130676,123263,106.0,16995,17459,17854,15991,16158,35898,34195,29710,14937,16320,23006,10870,4546,37.1,62564,197615,191375,182344,47811,38422,191375,98598,92777,106.3,38422,17171,21251,80.8,253939,223713,30226,223713,111975,84147,1037,138,0,23,0,40,0,48,245,836,9552,1816,386,1079,168,179,4151,1773,150,10,23,20,97,16852,30226,2141,1415,820,23521,134,635,253939,140848,87708,3389,10735,394,42145,253939,59759,47189,1126,863,10581,194180,94924,83512,381,9503,150,507,5203,1025,4178,109351,173867,89024,84843
2023,Jim Hogg County; Texas,4797,2657,2140,124.2,986,301,285,338,481,645,438,386,221,311,273,72,60,25.0,1664,3200,3133,2789,545,405,3133,1680,1453,115.6,405,173,232,74.6,4797,2880,1917,2880,2661,23,0,0,0,0,0,0,0,48,247,0,46,0,0,46,0,0,0,0,0,0,0,0,0,150,1917,0,0,219,1698,0,0,4797,4578,23,0,265,0,1848,4797,3757,3665,0,0,92,1040,1024,5,0,11,0,0,0,0,0,1931,3103,1660,1443
2023,Jim Wells County; Texas,38863,19374,19489,99.4,2588,3018,3193,2833,2523,4805,5085,4235,2057,2379,3574,1630,943,35.5,10628,29312,28235,26835,7525,6147,28235,13901,14334,97.0,6147,2830,3317,85.3,38863,32946,5917,32946,30485,313,188,22,0,0,0,0,0,48,249,166,190,0,0,55,22,0,0,113,77,0,77,0,0,1693,5917,91,151,21,5453,0,0,38863,36229,404,523,228,77,7347,38863,30860,28277,38,0,2545,8003,7206,231,35,190,77,0,264,1,263,16207,27578,13615,13963
2023,Johnson County; Texas,188820,95006,93814,101.3,11912,13447,14543,13692,11747,24356,26201,23597,12943,9883,16276,8109,2114,37.2,48899,145753,139921,133346,32205,26499,139921,69738,70183,99.4,26499,11987,14512,82.6,188820,165607,23213,165607,143407,9216,942,315,20,53,0,3,0,48,251,551,2109,295,310,524,19,285,436,240,188,102,23,44,19,9745,23213,1771,1843,719,16866,151,157,188820,166136,11461,3482,3274,1124,27326,188820,46403,41124,1187,185,3907,142417,125257,8914,371,1847,188,547,5293,702,4591,68594,133578,66117,67461
2023,Jones County; Texas,19968,12849,7119,180.5,795,802,1106,941,1541,3503,3228,2681,1241,961,1978,788,403,39.0,3313,17071,16655,16130,3783,3169,16655,11125,5530,201.2,3169,1559,1610,96.8,19968,17247,2721,17247,13119,2100,117,2,0,8,0,0,0,48,253,107,92,3,0,9,0,2,31,47,0,0,0,0,0,1819,2721,72,318,15,1722,107,76,19968,15537,2491,828,224,57,3862,19968,5671,4932,80,37,622,14297,11250,2055,21,92,0,86,793,134,659,7060,16176,10749,5427
2023,Karnes County; Texas,14819,8483,6336,133.9,749,817,881,831,1045,2495,2581,1494,919,801,1291,609,306,37.1,2983,12111,11836,11283,2556,2206,11836,7068,4768,148.2,2206,1028,1178,87.3,14819,11279,3540,11279,8743,1074,57,0,0,0,0,0,0,48,255,57,243,0,0,25,0,6,212,0,8,0,4,0,4,1154,3540,79,257,34,2838,17,35,14819,12169,1278,562,326,8,4244,14819,7863,7073,92,70,628,6956,5198,1027,7,243,8,0,473,104,369,5892,11150,6809,4341
2023,Kaufman County; Texas,160718,79469,81249,97.8,11738,12884,13482,11877,9378,22916,24336,19483,8623,8501,11256,4724,1520,34.2,45986,119858,114732,108549,22658,17500,114732,55944,58788,95.2,17500,7918,9582,82.6,160718,136031,24687,136031,96408,27068,870,152,0,81,0,24,0,48,257,613,2724,824,383,425,154,45,579,314,17,16,0,0,1,8944,24687,2129,1336,716,18364,363,83,160718,119948,30327,3491,3891,262,28598,160718,42372,36325,1303,642,4102,118346,83554,26783,312,2667,17,337,4676,692,3984,52744,106121,51599,54522
2023,Kendall County; Texas,46971,23079,23892,96.6,2079,3026,3416,3151,2748,4233,6147,6199,3458,3166,5463,2661,1224,43.1,10675,37715,36296,34782,11111,9348,36296,17665,18631,94.8,9348,4290,5058,84.8,46971,40347,6624,40347,36524,415,63,0,0,10,0,0,0,48,259,53,484,285,118,46,0,0,9,26,32,0,0,32,0,2829,6624,435,673,230,4869,0,22,46971,42998,915,900,945,187,7960,46971,11114,9035,84,112,1883,35857,33365,388,41,484,32,80,1467,227,1240,18797,34008,16520,17488
2023,Kenedy County; Texas,52,29,23,126.1,0,3,0,2,0,5,11,0,0,5,20,2,4,65.5,3,49,49,47,31,26,49,27,22,122.7,26,10,16,62.5,52,12,40,12,10,0,1,0,0,0,0,0,0,48,261,1,1,1,0,0,0,0,0,0,0,0,0,0,0,0,40,1,0,1,38,0,0,52,50,1,1,2,0,38,52,47,47,0,0,0,5,2,0,1,1,0,0,1,0,1,69,40,27,13
2023,Kent County; Texas,727,394,333,118.3,12,41,57,33,19,42,74,43,67,97,119,99,24,57.6,127,615,600,573,275,242,600,295,305,96.7,242,80,162,49.4,727,659,68,659,635,6,0,0,0,0,0,0,0,48,263,0,0,0,0,0,0,0,0,0,0,0,0,0,0,18,68,7,8,8,26,0,0,727,692,24,19,16,0,63,727,86,71,11,0,4,641,606,6,0,0,0,0,29,6,23,484,598,293,305
2023,Kerr County; Texas,53166,25923,27243,95.2,2558,2665,2803,3141,2929,5444,5211,5571,3126,4491,8190,5019,2018,48.6,9787,44669,43379,41354,17861,15227,43379,20847,22532,92.5,15227,7104,8123,87.5,53166,46132,7034,46132,41107,850,279,0,0,0,0,0,0,48,265,279,501,311,30,73,16,8,21,42,0,0,0,0,0,3395,7034,68,603,247,5553,19,41,53166,47954,1101,1251,868,8,9386,53166,14049,12059,250,6,1734,39117,36100,813,58,489,0,360,1297,511,786,25439,41742,19960,21782
2023,Kimble County; Texas,4355,2119,2236,94.8,210,183,152,329,120,387,589,453,197,366,857,407,105,50.3,714,3743,3641,3430,1567,1369,3641,1743,1898,91.8,1369,607,762,79.7,4355,3733,622,3733,3440,98,16,0,0,2,0,0,0,48,267,14,0,0,0,0,0,0,0,0,0,0,0,0,0,179,622,0,33,0,534,0,24,4355,4038,137,80,0,0,753,4355,1114,1053,14,0,47,3241,3092,84,12,0,0,0,53,5,48,2825,3452,1684,1768
2023,King County; Texas,189,94,95,98.9,10,7,15,3,0,43,15,20,5,28,40,3,0,49.1,35,154,154,154,45,43,154,71,83,85.5,43,31,12,258.3,189,155,34,155,153,0,0,0,0,0,0,0,0,48,269,0,0,0,0,0,0,0,0,0,0,0,0,0,0,2,34,0,13,0,21,0,0,189,187,0,13,0,0,23,189,49,49,0,0,0,140,127,0,0,0,0,0,13,0,13,148,140,64,76
2023,Kinney County; Texas,3140,1689,1451,116.4,99,81,71,80,258,471,285,505,326,136,396,412,20,50.4,274,2866,2866,2789,952,828,2866,1563,1303,120.0,828,364,464,78.4,3140,2583,557,2583,2259,3,92,0,0,0,0,0,0,48,271,92,0,0,0,0,0,0,0,0,0,0,0,0,0,229,557,0,17,0,532,0,0,3140,2816,11,117,0,0,761,3140,1678,1380,37,9,252,1462,1401,3,41,0,0,0,17,0,17,1548,2704,1421,1283
2023,Kleberg County; Texas,30629,15409,15220,101.2,2039,1535,2677,2720,4301,4223,3567,2776,1476,1271,2289,1293,462,29.3,7364,24077,23265,20724,4537,4044,23265,11647,11618,100.2,4044,1830,2214,82.7,30629,19715,10914,19715,16355,1051,318,0,0,61,0,173,0,48,273,84,399,128,96,72,11,20,40,32,0,0,0,0,0,1592,10914,90,110,327,10231,0,46,30629,27200,1196,476,783,5,11965,30629,21830,20054,82,44,1650,8799,6436,995,203,395,0,82,688,177,511,13984,22295,11117,11178
2023,Knox County; Texas,3322,1639,1683,97.4,175,342,207,170,120,353,457,376,252,251,331,193,95,40.5,860,2546,2462,2393,798,619,2462,1205,1257,95.9,619,248,371,66.8,3322,2796,526,2796,2375,132,7,0,0,0,0,0,0,48,275,7,58,0,0,0,0,0,12,46,0,0,0,0,0,224,526,81,29,14,402,0,0,3322,2901,213,36,72,0,626,3322,1124,1023,0,6,95,2198,1897,100,7,58,0,3,133,9,124,1802,2341,1121,1220
2023,Lamar County; Texas,50421,24743,25678,96.4,3225,3758,3166,3083,2850,6498,5479,6238,3160,3216,5818,2874,1056,40.0,12185,39557,38236,36680,11726,9748,38236,18171,20065,90.6,9748,4367,5381,81.2,50421,47000,3421,47000,38898,6254,389,32,0,0,0,0,0,48,277,357,453,32,133,66,7,0,60,155,117,0,0,0,117,889,3421,986,828,83,1189,18,129,50421,42165,7417,1382,630,165,2256,50421,4659,4217,43,0,399,45762,36181,6239,357,446,117,21,2401,462,1939,22744,37242,17763,19479
2023,Lamb County; Texas,12919,6585,6334,104.0,873,1036,997,1101,821,1385,1541,1382,816,783,1198,735,251,36.6,3558,9795,9361,8810,2725,2184,9361,4632,4729,97.9,2184,1012,1172,86.3,12919,10409,2510,10409,9208,393,48,0,0,43,0,0,0,48,279,5,121,0,0,0,0,0,12,109,36,36,0,0,0,603,2510,151,125,2,2131,0,3,12919,11703,547,271,127,36,2835,12919,7445,6949,6,0,490,5474,4752,353,1,105,36,3,224,40,184,5893,8346,4066,4280
2023,Lampasas County; Texas,22267,11091,11176,99.2,1078,1161,1667,1600,1077,2041,2801,2843,1629,1811,2631,1396,532,43.9,4835,17956,17432,16568,5585,4559,17432,8663,8769,98.8,4559,2136,2423,88.2,22267,19238,3029,19238,17206,904,141,27,0,74,0,0,0,48,281,40,277,43,0,70,0,58,22,84,5,0,5,0,0,705,3029,289,316,170,1858,24,113,22267,20025,1447,661,510,29,2810,22267,4477,2993,712,73,699,17790,15640,822,36,245,5,44,998,178,820,9802,16803,8340,8463
2023,La Salle County; Texas,6946,4130,2816,146.7,159,239,797,815,440,708,1089,697,214,268,638,722,160,38.8,1618,5537,5328,4851,1737,1520,5328,3342,1986,168.3,1520,771,749,102.9,6946,4395,2551,4395,2966,240,60,0,0,0,0,0,0,48,283,60,6,0,0,0,0,0,6,0,0,0,0,0,0,1123,2551,0,25,0,2521,0,0,6946,5512,240,90,6,0,3649,6946,5629,5105,42,0,482,1317,951,240,53,6,0,0,67,42,25,2307,4930,3049,1881
2023,Lavaca County; Texas,20479,10104,10375,97.4,1210,1314,1419,1347,951,2178,2304,2112,1270,1557,2654,1482,681,43.1,4857,16156,15622,15077,5747,4817,15622,7595,8027,94.6,4817,2171,2646,82.0,20479,18568,1911,18568,15491,817,10,2,0,0,0,0,0,48,285,8,104,0,0,72,7,1,0,24,0,0,0,0,0,2146,1911,130,400,31,1094,3,120,20479,17224,1184,470,155,77,3431,20479,4046,3724,14,76,232,16433,14688,817,0,104,0,33,791,169,622,10499,14766,7058,7708
2023,Lee County; Texas,17758,8770,8988,97.6,1167,1087,990,962,948,2146,2320,1939,1348,1166,2191,1156,338,41.4,3833,14283,13925,13437,4522,3685,13925,7011,6914,101.4,3685,1781,1904,93.5,17758,15944,1814,15944,13194,1841,342,267,0,0,0,0,0,48,287,75,12,0,0,0,0,0,0,12,0,0,0,0,0,555,1814,250,83,0,1413,0,12,17758,14973,2124,461,24,8,2015,17758,4649,4380,0,27,242,13109,10692,1841,15,5,0,77,479,250,229,7924,13078,6683,6395
2023,Leon County; Texas,16067,7891,8176,96.5,856,879,1213,1084,665,1670,1781,1634,950,1523,2224,1215,373,44.3,3655,12811,12412,11904,4721,3812,12412,6119,6293,97.2,3812,1865,1947,95.8,16067,15063,1004,15063,12852,1172,107,0,0,0,0,2,0,48,289,105,32,10,3,4,15,0,0,0,0,0,0,0,0,900,1004,24,146,10,758,0,0,16067,13838,1250,295,57,9,1670,16067,2594,2233,4,0,357,13473,11721,1172,35,32,0,9,504,288,216,9018,11899,5848,6051
2023,Liberty County; Texas,97993,48669,49324,98.7,7439,7987,8552,7302,6184,13782,12641,11817,5567,5021,7554,3236,911,33.3,28751,72173,69242,65670,14973,11701,69242,33931,35311,96.1,11701,5514,6187,89.1,97993,84959,13034,84959,61723,7907,847,202,0,0,0,5,0,48,291,640,522,90,8,238,14,64,72,36,17,0,0,0,17,13943,13034,803,574,224,10757,5,164,97993,74337,9033,1791,815,22,25300,97993,36192,30620,126,195,5251,61801,50752,7806,155,522,17,123,2426,671,1755,34765,59308,28515,30793
2023,Limestone County; Texas,22185,11220,10965,102.3,1284,1542,1435,1228,1142,2837,2408,2628,1567,1526,2803,1332,453,42.0,4991,17648,17194,16416,5748,4588,17194,8627,8567,100.7,4588,2095,2493,84.0,22185,18053,4132,18053,13546,3809,39,4,1,0,0,0,0,48,293,34,201,31,0,2,0,40,128,0,0,0,0,0,0,458,4132,80,166,41,3788,0,25,22185,17653,3927,228,242,9,4281,22185,5126,4653,60,11,402,17059,12308,3770,35,201,0,34,711,425,286,10430,15815,7867,7948
2023,Lipscomb County; Texas,2964,1407,1557,90.4,202,208,331,198,171,288,380,281,158,186,317,191,53,37.4,890,2184,2074,1998,666,561,2074,971,1103,88.0,561,248,313,79.2,2964,2584,380,2584,2079,12,11,0,0,0,0,0,0,48,295,11,0,0,0,0,0,0,0,0,14,0,0,0,14,468,380,24,106,23,216,0,0,2964,2459,36,128,23,14,695,2964,1095,871,40,0,184,1869,1670,12,11,0,14,0,162,14,148,1505,1805,831,974
2023,Live Oak County; Texas,11444,6110,5334,114.5,713,651,630,624,503,2158,1141,1257,717,737,1226,858,229,38.6,2344,9352,9100,8769,2685,2313,9100,5029,4071,123.5,2313,1170,1143,102.4,11444,9597,1847,9597,8817,269,18,0,0,0,0,0,0,48,297,18,57,19,9,29,0,0,0,0,56,0,0,56,0,380,1847,0,215,422,1187,0,0,11444,10655,283,242,479,56,1590,11444,4815,3851,0,13,951,6629,5545,238,0,57,56,0,733,96,637,5971,8336,4410,3926
2023,Llano County; Texas,22011,10659,11352,93.9,817,646,1380,862,828,1639,1795,2279,1424,2209,4562,2677,893,57.5,3432,18986,18579,17967,9482,8132,18579,8982,9597,93.6,8132,3893,4239,91.8,22011,20250,1761,20250,19333,231,38,0,0,0,0,0,0,48,299,38,125,0,0,15,0,3,75,32,0,0,0,0,0,523,1761,114,199,109,1205,0,23,22011,21028,421,254,242,90,1758,22011,2787,2244,16,112,415,19224,18309,231,38,122,0,96,428,59,369,15583,18155,8840,9315
2023,Loving County; Texas,54,34,20,170.0,0,0,0,0,2,0,0,0,0,12,15,5,20,68.9,0,54,54,54,42,40,54,34,20,170.0,40,24,16,150.0,54,54,0,54,49,0,0,0,0,0,0,0,0,48,301,0,5,0,5,0,0,0,0,0,0,0,0,0,0,0,0,0,0,0,0,0,0,54,49,0,0,5,0,0,54,0,0,0,0,0,54,49,0,0,5,0,0,0,0,0,47,54,34,20
2023,Lubbock County; Texas,314633,155226,159407,97.4,19661,20754,21087,26512,37830,45086,39522,31313,14670,17059,24701,11113,5325,31.7,74234,249152,240399,218951,50871,41139,240399,117523,122876,95.6,41139,18087,23052,78.5,314633,265704,48929,265704,210030,23187,1890,174,25,108,0,41,0,48,303,1542,7492,1099,1999,1723,132,432,506,1601,333,25,242,66,0,22772,48929,3180,2159,1539,38968,246,666,314633,257476,28170,5454,9590,770,63782,314633,112607,91266,1627,451,19263,202026,164080,21230,488,7365,194,735,7934,1677,6257,136468,230570,112329,118241
2023,Lynn County; Texas,5667,2946,2721,108.3,366,455,465,383,290,722,834,569,354,333,508,269,119,37.2,1565,4294,4102,3940,1114,896,4102,2100,2002,104.9,896,435,461,94.4,5667,4322,1345,4322,3664,90,64,0,0,0,0,0,0,48,305,64,27,0,0,17,0,7,0,3,8,0,0,0,8,469,1345,21,23,27,1125,8,7,5667,4876,147,208,75,11,1711,5667,2356,2004,2,30,320,3311,3082,88,3,27,8,0,103,0,103,2527,3982,2026,1956
2023,McCulloch County; Texas,7565,3769,3796,99.3,409,415,519,414,431,766,742,1000,405,681,1042,571,170,47.1,1626,6190,5939,5729,2231,1783,5939,2893,3046,95.0,1783,821,962,85.3,7565,6095,1470,6095,5662,58,59,0,0,0,0,0,0,48,307,59,35,22,13,0,0,0,0,0,0,0,0,0,0,281,1470,7,358,0,1105,0,0,7565,7132,65,417,35,0,1386,7565,2325,2101,0,0,224,5240,4813,58,7,35,0,0,327,71,256,4216,5606,2780,2826
2023,McLennan County; Texas,263608,129082,134526,96.0,16986,17486,18233,22253,26517,34222,31488,27645,14452,14545,23138,11819,4824,34.0,63669,206828,199939,182563,47886,39781,199939,96334,103605,93.0,39781,17566,22215,79.1,263608,220359,43249,220359,167794,37077,1366,133,2,23,0,16,0,48,309,1192,4233,811,957,664,149,308,710,634,130,9,79,0,42,9759,43249,3146,1479,1642,34864,124,264,263608,210111,41754,3462,6340,415,45820,263608,70219,62030,1580,617,5992,193389,144220,35935,458,4123,64,845,7744,1409,6335,107194,184817,88435,96382
2023,McMullen County; Texas,623,267,356,75.0,54,131,45,25,14,81,86,36,28,21,71,11,20,32.6,237,386,386,363,110,102,386,191,195,97.9,102,43,59,72.9,623,423,200,423,384,0,4,0,0,0,0,0,0,48,311,4,0,0,0,0,0,0,0,0,0,0,0,0,0,35,200,0,16,0,184,0,0,623,584,0,20,0,0,219,623,339,266,0,0,73,284,278,0,4,0,0,0,2,2,0,326,364,183,181
2023,Madison County; Texas,13574,7641,5933,128.8,848,793,869,837,1089,2178,2099,1427,640,732,1157,721,184,35.8,3015,10939,10559,9995,2563,2062,10559,6221,4338,143.4,2062,1003,1059,94.7,13574,11711,1863,11711,8442,2129,48,0,0,0,0,0,0,48,313,48,113,0,0,59,10,0,23,21,6,0,0,0,6,973,1863,219,325,46,1062,46,86,13574,10094,2483,486,171,6,2197,13574,3509,2930,35,61,483,10065,7137,2086,25,113,6,12,686,47,639,5095,9772,5761,4011
2023,Marion County; Texas,9631,4705,4926,95.5,378,650,454,509,544,851,897,991,800,982,1580,801,194,50.6,1734,8081,7897,7485,3181,2575,7897,3898,3999,97.5,2575,1242,1333,93.2,9631,9224,407,9224,6881,2085,83,0,0,0,0,0,0,48,315,83,37,11,0,19,7,0,0,0,18,18,0,0,0,120,407,0,110,4,233,0,0,9631,7236,2131,207,87,18,367,9631,436,257,0,0,179,9195,6773,2079,83,37,18,6,199,68,131,5609,7783,3860,3923
2023,Martin County; Texas,5230,3001,2229,134.6,338,407,527,402,346,531,764,576,335,442,362,142,58,37.2,1539,3891,3691,3547,698,562,3691,1955,1736,112.6,562,286,276,103.6,5230,4559,671,4559,3999,64,0,0,0,0,0,0,0,48,317,0,0,0,0,0,0,0,0,0,0,0,0,0,0,496,671,9,187,0,475,0,0,5230,4670,73,187,0,0,971,5230,2383,2236,0,0,147,2847,2510,64,0,0,0,70,203,16,187,2207,3366,1774,1592
2023,Mason County; Texas,3951,1991,1960,101.6,309,334,125,218,184,295,501,283,205,289,730,304,174,46.5,914,3159,3037,2961,1334,1208,3037,1461,1576,92.7,1208,530,678,78.2,3951,3648,303,3648,3342,3,0,0,0,0,0,0,0,48,319,0,29,25,0,4,0,0,0,0,0,0,0,0,0,274,303,0,23,0,280,0,0,3951,3645,3,23,29,0,554,3951,826,825,0,0,1,3125,3062,3,0,29,0,0,31,14,17,2411,2914,1422,1492
2023,Matagorda County; Texas,36274,18050,18224,99.0,2622,2324,2867,2225,2160,4656,4260,3824,2239,2610,3933,2049,505,37.5,9328,28013,26946,25936,8316,6487,26946,13531,13415,100.9,6487,3087,3400,90.8,36274,31096,5178,31096,20293,3810,103,0,0,0,0,0,0,48,321,103,626,232,0,106,0,4,160,124,58,0,58,0,0,6206,5178,415,222,57,4299,0,62,36274,25341,4300,414,717,92,10643,36274,15678,13689,436,45,1508,20596,15269,3669,42,602,58,230,726,170,556,18871,24968,12301,12667
2023,Maverick County; Texas,57770,28860,28910,99.8,5042,5019,4996,4862,4505,7956,6565,6741,2477,2733,3976,2265,633,30.2,18012,41645,39758,36747,8745,6874,39758,19505,20253,96.3,6874,2990,3884,77.0,57770,26799,30971,26799,20020,135,944,84,0,0,0,0,0,48,323,860,282,0,7,30,0,101,0,144,32,0,0,32,0,5386,30971,0,20,21,30680,46,47,57770,50889,266,1094,376,32,36239,57770,54797,52400,700,0,1697,2973,1642,133,791,282,32,0,93,0,93,20258,30707,15526,15181
2023,Medina County; Texas,52419,27114,25305,107.1,2929,3384,3371,3706,3376,6219,6343,6985,3333,3726,5454,2485,1108,39.6,11878,41939,40541,38432,11345,9047,40541,21091,19450,108.4,9047,4317,4730,91.3,52419,40522,11897,40522,34127,1492,392,4,0,0,0,0,0,48,325,388,316,171,60,69,0,6,5,5,0,0,0,0,0,4195,11897,235,366,82,10700,13,0,52419,45957,1884,1225,440,43,15252,52419,26780,23364,436,38,2942,25639,22155,1471,66,256,0,403,1288,552,736,19758,39149,20394,18755
2023,Menard County; Texas,1964,1032,932,110.7,82,123,192,105,8,172,150,122,140,237,245,324,64,58.0,466,1537,1498,1462,781,633,1498,777,721,107.8,633,362,271,133.6,1964,1695,269,1695,1594,8,21,0,0,0,0,0,0,48,327,21,0,0,0,0,0,0,0,0,0,0,0,0,0,72,269,0,40,0,187,0,0,1964,1856,32,103,0,0,285,1964,549,516,15,0,18,1415,1343,8,0,0,0,0,64,0,64,1309,1436,715,721
2023,Midland County; Texas,171496,87327,84169,103.8,14340,14760,13231,11395,10183,29043,26211,17403,8837,7854,11177,4599,2463,32.6,49714,126913,121782,115754,22017,18239,121782,61790,59992,103.0,18239,8002,10237,78.2,171496,141885,29611,141885,102681,12427,991,292,0,19,0,0,0,48,329,680,3715,564,565,433,0,207,536,1410,14,0,14,0,0,22057,29611,1094,1131,853,24276,337,103,171496,131082,15067,3389,5411,92,47414,171496,76792,67147,979,2095,6571,94704,75381,10995,322,3715,14,217,4060,603,3457,71565,111070,55860,55210
2023,Milam County; Texas,25268,12585,12683,99.2,1372,1504,2025,1399,1542,2787,2831,2905,1641,1857,3196,1739,470,41.6,5798,20108,19470,18779,6313,5405,19470,9595,9875,97.2,5405,2555,2850,89.6,25268,22601,2667,22601,18542,2430,44,0,0,0,0,0,0,48,331,44,45,0,13,14,0,0,18,0,47,0,0,0,47,1493,2667,176,283,60,1933,0,6,25268,21164,2668,418,132,115,3603,25268,6466,5710,174,0,582,18802,15695,2341,32,45,0,17,672,248,424,11581,18654,9236,9418
2023,Mills County; Texas,4499,2300,2199,104.6,100,192,301,358,98,343,421,668,269,451,652,470,176,52.2,809,3831,3690,3543,1569,1298,3690,1866,1824,102.3,1298,655,643,101.9,4499,3845,654,3845,3648,27,0,0,0,0,0,0,0,48,333,0,13,0,0,0,0,0,2,11,0,0,0,0,0,157,654,22,136,3,485,0,0,4499,4302,49,144,16,0,650,4499,851,716,0,0,135,3648,3417,27,0,13,0,12,179,27,152,2614,3603,1793,1810
2023,Mitchell County; Texas,8989,5619,3370,166.7,441,501,437,577,948,1391,1057,1281,475,561,755,384,181,36.9,1666,7578,7323,6802,1753,1320,7323,4630,2693,171.9,1320,580,740,78.4,8989,7165,1824,7165,5779,531,97,42,0,0,0,0,0,48,335,55,136,0,0,51,0,0,0,85,0,0,0,0,0,622,1824,120,415,0,1103,32,23,8989,7526,761,638,147,0,1868,8989,3481,3121,23,0,337,5508,4212,509,43,136,0,17,591,13,578,3697,7141,4478,2663
2023,Montague County; Texas,20599,10027,10572,94.8,1083,1191,1565,1288,1033,2178,2286,2553,1400,1533,2558,1456,475,44.0,4714,16454,15885,15209,5523,4489,15885,7705,8180,94.2,4489,2079,2410,86.3,20599,19559,1040,19559,18809,10,104,0,0,0,0,0,0,48,337,104,47,47,0,0,0,0,0,0,1,1,0,0,0,588,1040,76,476,68,350,0,9,20599,19810,100,641,126,1,992,20599,2463,2375,20,0,68,18136,17324,10,104,47,1,0,650,43,607,10313,15364,7402,7962
2023,Montgomery County; Texas,654722,325669,329053,99.0,41979,46781,51457,46470,38750,83092,92551,86525,37569,41007,55887,24473,8181,37.2,170795,504762,483927,460627,112209,88541,483927,238662,245265,97.3,88541,40792,47749,85.4,654722,560476,94246,560476,467109,39061,2953,976,0,200,0,46,0,48,339,1731,21686,6242,3977,3520,556,945,1952,4494,477,252,127,31,67,29190,94246,5890,4400,4850,72908,182,1579,654722,557983,48123,9701,28377,1375,106088,654722,177581,126070,4948,3334,43229,477141,395015,37118,670,20779,446,2137,20976,5119,15857,253801,432637,212530,220107
2023,Moore County; Texas,21234,11153,10081,110.6,1910,1868,1838,1453,1621,3110,2607,2234,1179,1032,1481,535,366,30.6,6637,15300,14597,13916,3002,2382,14597,7664,6933,110.5,2382,1120,1262,88.7,21234,15916,5318,15916,13014,997,425,55,0,242,0,6,0,48,341,122,500,10,0,16,0,0,0,474,0,0,0,0,0,980,5318,67,222,478,4312,0,0,21234,18109,1183,767,1097,0,5412,21234,12743,10941,0,529,1273,8491,6159,971,34,500,0,39,788,68,720,8221,10661,5513,5148
2023,Morris County; Texas,12014,5783,6231,92.8,595,890,789,654,848,1023,1582,1342,788,891,1573,734,305,42.4,2758,9652,9256,8909,3076,2612,9256,4392,4864,90.3,2612,1203,1409,85.4,12014,10983,1031,10983,7853,2229,127,13,0,0,0,0,0,48,343,114,121,0,0,0,0,0,91,30,4,0,4,0,0,649,1031,208,526,0,297,0,0,12014,8884,2437,653,121,4,946,12014,1288,1147,0,0,141,10726,7533,2207,71,121,0,60,734,21,713,5812,8891,4257,4634
2023,Motley County; Texas,1267,694,573,121.1,92,31,52,76,63,96,150,105,128,81,195,161,37,51.4,221,1072,1046,1013,421,393,1046,552,494,111.7,393,203,190,106.8,1267,1129,138,1129,1075,33,4,0,0,0,0,4,0,48,345,0,0,0,0,0,0,0,0,0,0,0,0,0,0,17,138,0,36,0,102,0,0,1267,1213,33,40,0,0,119,1267,102,57,5,0,40,1165,1056,33,4,0,0,8,64,28,36,746,1046,552,494
2023,Nacogdoches County; Texas,64897,31354,33543,93.5,3980,4033,4723,6635,7609,7605,7038,6130,3566,3559,6099,2994,926,31.8,15263,51186,49634,43690,12277,10019,49634,23464,26170,89.7,10019,4512,5507,81.9,64897,57765,7132,57765,42724,11335,300,14,0,20,0,0,0,48,347,266,563,96,118,36,0,11,177,125,26,0,0,0,26,2817,7132,470,476,516,5137,13,34,64897,49594,12021,1065,1288,47,8285,64897,13825,12045,288,0,1492,51072,37520,11063,86,489,26,129,1759,204,1555,28995,46492,22029,24463
2023,Navarro County; Texas,53735,26535,27200,97.6,3630,4300,3913,4273,3487,6050,6365,6123,3192,3452,5470,2609,871,37.4,14351,40939,39384,36738,10869,8950,39384,19280,20104,95.9,8950,4145,4805,86.3,53735,45075,8660,45075,32907,5880,183,67,0,0,0,0,0,48,349,116,432,39,10,23,8,0,65,287,490,0,2,0,488,5183,8660,1506,419,55,6234,6,40,53735,41408,7671,862,636,624,11710,53735,16796,15513,105,8,1170,36939,27289,5704,33,432,408,63,3010,843,2167,21790,35003,16923,18080
2023,Newton County; Texas,12193,6197,5996,103.4,546,738,708,811,562,1273,1300,1488,981,991,1592,926,277,45.8,2438,10035,9755,9332,3487,2795,9755,4806,4949,97.1,2795,1323,1472,89.9,12193,11603,590,11603,9187,2185,73,44,0,0,0,6,0,48,351,23,84,0,49,33,0,0,2,0,20,0,0,20,0,54,590,123,65,50,274,0,0,12193,9743,2308,177,153,45,381,12193,415,299,28,0,88,11778,9168,2185,15,84,20,32,274,61,213,6460,9669,4769,4900
2023,Nolan County; Texas,14565,7429,7136,104.1,913,873,1281,1094,820,1723,1580,1609,916,832,1731,669,524,36.5,3733,11312,10832,10333,3373,2924,10832,5434,5398,100.7,2924,1382,1542,89.6,14565,11963,2602,11963,10042,618,113,19,0,0,0,0,0,48,353,94,14,7,0,0,0,7,0,0,0,0,0,0,0,1176,2602,305,62,11,2049,82,29,14565,12533,1063,292,52,0,3291,14565,5396,4954,19,0,423,9169,7873,573,25,14,0,66,618,180,438,7129,10627,5344,5283
2023,Nueces County; Texas,352829,175595,177234,99.1,21877,24238,23453,24768,24737,48438,47242,41196,21540,20260,32940,15607,6533,36.8,84438,277764,268391,254079,67376,55080,268391,132044,136347,96.8,55080,24871,30209,82.3,352829,236461,116368,236461,193284,14126,1554,307,20,22,0,34,0,48,355,1171,8322,1703,1003,2690,152,644,1207,923,99,13,43,10,33,19076,116368,1734,1953,1205,108761,78,607,352829,308294,17039,4723,10281,358,129905,352829,219138,197799,1842,611,18886,133691,105486,13160,456,8151,61,756,5621,1649,3972,153109,252120,123412,128708
2023,Ochiltree County; Texas,9852,4961,4891,101.4,754,859,875,686,714,1338,1257,1026,703,520,682,311,127,33.3,3032,7203,6820,6515,1407,1120,6820,3454,3366,102.6,1120,521,599,87.0,9852,8541,1311,8541,6802,0,84,13,0,8,0,0,0,48,357,63,27,27,0,0,0,0,0,0,0,0,0,0,0,1628,1311,0,101,0,1189,0,0,9852,8099,0,206,27,0,2838,9852,5484,5403,0,27,54,4368,4131,0,57,27,0,15,138,47,91,4340,5217,2655,2562
2023,Oldham County; Texas,2097,1247,850,146.7,125,118,132,410,65,279,288,241,73,110,161,56,39,32.5,751,1562,1346,1300,284,256,1346,701,645,108.7,256,138,118,116.9,2097,1904,193,1904,1716,155,0,0,0,0,0,0,0,48,359,0,3,0,3,0,0,0,0,0,0,0,0,0,0,30,193,1,13,0,173,0,0,2097,1909,162,13,3,0,209,2097,513,417,0,0,96,1584,1407,153,0,3,0,2,19,5,14,791,1279,644,635
2023,Orange County; Texas,84993,42187,42806,98.6,5537,6394,5846,5645,4956,10802,11364,10028,5285,5613,8157,3995,1371,37.9,21572,65761,63421,60790,16803,13523,63421,31154,32267,96.6,13523,6116,7407,82.6,84993,78366,6627,78366,68653,7347,147,0,8,0,0,14,0,48,361,125,662,26,30,121,0,102,151,232,67,13,0,0,54,1490,6627,939,766,326,4058,11,21,84993,75077,8416,1215,1195,140,5942,84993,7763,5899,188,131,1545,77230,66245,7153,97,662,67,152,2854,849,2005,37681,62091,30425,31666
2023,Palo Pinto County; Texas,28920,14261,14659,97.3,1722,1790,2075,1741,1690,3358,3268,3328,2099,2071,3444,1676,658,41.1,6715,22810,22205,21214,7097,5778,22205,10768,11437,94.2,5778,2713,3065,88.5,28920,26555,2365,26555,23784,737,151,4,0,0,0,0,0,48,363,147,296,191,12,8,39,0,0,46,0,0,0,0,0,1587,2365,144,298,65,1661,15,36,28920,26092,1028,548,381,8,3374,28920,5846,4974,153,80,639,23074,21205,737,42,250,0,107,733,241,492,15147,21154,10167,10987
2023,Panola County; Texas,22624,11459,11165,102.6,1287,1523,1437,1632,1293,2444,2650,2836,1300,1599,2826,1353,444,40.5,5243,17967,17381,16302,5614,4623,17381,8641,8740,98.9,4623,2194,2429,90.3,22624,19787,2837,19787,16794,2589,8,0,0,0,0,0,0,48,365,8,91,5,4,22,0,0,44,16,4,4,0,0,0,301,2837,88,1051,85,1547,18,0,22624,19612,2724,1106,186,33,1849,22624,2266,2050,63,0,153,20358,16231,2577,8,91,4,136,1311,74,1237,10818,16791,8317,8474
2023,Parker County; Texas,158079,79157,78922,100.3,9441,11062,11658,10541,8325,18228,21940,20425,9933,11476,15695,7189,2166,39.3,39163,122922,118916,113857,31384,25050,118916,58822,60094,97.9,25050,11818,13232,89.3,158079,141841,16238,141841,134222,2251,645,200,18,49,0,13,0,48,367,365,1232,51,124,274,11,196,422,154,117,31,0,57,29,3374,16238,986,2028,503,11379,38,94,158079,150228,3937,3240,2029,359,15591,158079,22268,19017,507,213,2531,135811,126490,2183,211,1204,66,285,5372,1576,3796,58786,114429,56251,58178
2023,Parmer County; Texas,9752,5151,4601,112.0,721,817,740,739,565,1220,1409,900,468,710,952,381,130,36.2,2757,7354,6995,6613,1811,1463,6995,3649,3346,109.1,1463,703,760,92.5,9752,7272,2480,7272,6536,35,85,0,0,0,0,0,0,48,369,85,19,0,0,7,12,0,0,0,0,0,0,0,0,597,2480,70,283,0,1846,0,0,9752,9016,105,649,19,0,2724,9752,6446,5931,0,0,515,3306,3027,35,5,0,0,9,230,29,201,3753,5449,2814,2635
2023,Pecos County; Texas,14983,8615,6368,135.3,826,1129,1098,832,962,2161,2177,2217,899,690,1276,578,138,37.3,3621,11737,11362,10827,2549,1992,11362,6695,4667,143.5,1992,1003,989,101.4,14983,11709,3274,11709,8767,647,54,0,0,0,0,0,0,48,371,54,331,173,0,42,0,0,0,116,22,22,0,0,0,1888,3274,13,54,0,3125,0,7,14983,12034,698,168,331,22,5079,14983,10666,9933,7,0,726,4317,3379,534,0,331,22,0,51,0,51,5853,10339,6182,4157
2023,Polk County; Texas,51780,27835,23945,116.2,2639,2677,3413,2724,2922,5823,6310,6601,3600,5274,7109,2027,661,43.9,10540,42508,41240,39810,13152,9797,41240,22416,18824,119.1,9797,5064,4733,107.0,51780,46168,5612,46168,39920,4073,838,4,0,0,0,0,0,48,373,834,317,14,30,49,19,70,30,105,10,0,6,4,0,1010,5612,624,665,218,3335,311,42,51780,45134,5202,2012,628,136,4526,51780,7799,6642,329,114,714,43981,36983,4057,540,317,4,28,2052,125,1927,25677,39976,21648,18328
2023,Potter County; Texas,116634,60016,56618,106.0,8042,8786,9206,8316,7634,16174,15940,13511,6310,6485,9610,4594,2026,35.1,31334,88827,85300,81091,20255,16230,85300,43939,41361,106.2,16230,7314,8916,82.0,116634,97733,18901,97733,72161,12309,679,203,0,4,0,17,0,48,375,455,5947,373,33,76,60,80,1286,4039,131,18,25,9,79,6506,18901,1221,954,290,14783,68,222,116634,90460,14708,2243,6534,287,22549,116634,45218,39901,299,432,4586,71416,50076,11919,311,5827,53,230,3000,839,2161,49133,76020,38753,37267
2023,Presidio County; Texas,6043,3129,2914,107.4,444,808,192,409,437,248,762,624,570,240,721,501,87,42.0,1680,4504,4363,4057,1468,1309,4363,2051,2312,88.7,1309,542,767,70.7,6043,2570,3473,2570,2231,65,150,0,33,117,0,0,0,48,377,0,1,0,0,0,0,0,1,0,0,0,0,0,0,123,3473,1,0,37,3435,0,0,6043,5704,66,150,38,0,3558,6043,4622,4556,0,0,66,1421,1171,0,150,1,0,0,99,62,37,3380,3403,1690,1713
2023,Rains County; Texas,12505,6255,6250,100.1,534,732,650,702,479,1255,1676,1401,880,1166,1887,907,236,46.2,2414,10327,10091,9735,3738,3030,10091,4887,5204,93.9,3030,1465,1565,93.6,12505,11586,919,11586,10903,357,60,0,0,0,0,0,0,48,379,60,96,12,52,3,3,11,6,9,0,0,0,0,0,170,919,68,169,56,471,0,0,12505,11816,429,234,159,150,743,12505,1228,1153,31,0,44,11277,10383,357,60,96,0,35,346,42,304,5858,9868,4794,5074
2023,Randall County; Texas,143791,71055,72736,97.7,8607,9389,10281,10548,9706,19672,20533,16073,8027,8449,13677,6719,2110,36.8,34450,113261,109341,102602,27248,22506,109341,53495,55846,95.8,22506,10144,12362,82.1,143791,126616,17175,126616,111928,5230,924,56,1,96,0,6,0,48,381,765,2796,260,441,213,8,173,1075,626,208,0,203,1,4,5530,17175,1427,1428,693,12247,24,7,143791,128899,7527,3310,3788,351,18231,143791,34127,28916,229,188,4794,109664,97639,4639,266,2509,42,464,4105,913,3192,61137,106350,51683,54667
2023,Reagan County; Texas,3259,1687,1572,107.3,346,202,341,348,233,440,497,300,174,75,218,64,21,29.4,1130,2245,2129,1963,352,303,2129,1143,986,115.9,303,147,156,94.2,3259,2486,773,2486,1243,177,46,0,0,0,0,0,0,48,383,46,64,0,0,32,0,0,12,20,0,0,0,0,0,956,773,6,42,0,687,0,0,3259,2016,183,88,64,38,1675,3259,2186,2081,0,31,74,1073,771,159,0,64,0,0,79,25,54,1379,1818,985,833
2023,Real County; Texas,2821,1546,1275,121.3,159,144,267,261,47,210,79,211,175,254,587,352,75,56.5,752,2198,2069,1990,1138,1014,2069,1069,1000,106.9,1014,522,492,106.1,2821,2784,37,2784,2668,39,0,0,0,0,0,0,0,48,385,0,0,0,0,0,0,0,0,0,0,0,0,0,0,77,37,0,1,0,36,0,0,2821,2705,39,1,0,0,113,2821,664,643,0,0,21,2157,2106,39,0,0,0,0,12,11,1,1829,2037,1051,986
2023,Red River County; Texas,11621,5656,5965,94.8,790,386,748,617,530,1052,1207,1612,891,818,1697,1100,173,49.1,2350,9546,9271,9010,3351,2970,9271,4489,4782,93.9,2970,1377,1593,86.4,11621,11304,317,11304,8957,1903,206,0,0,0,0,6,0,48,387,200,48,4,34,0,7,0,0,3,3,0,0,3,0,187,317,20,117,25,147,0,0,11621,9270,1923,327,73,7,338,11621,826,706,0,7,113,10795,8548,1903,105,48,3,23,165,10,155,6186,9074,4389,4685
2023,Reeves County; Texas,13219,7846,5373,146.0,878,696,1123,1145,1009,1990,1859,1774,643,480,923,431,268,34.4,3282,10365,9937,9068,1938,1622,9937,6074,3863,157.2,1622,777,845,92.0,13219,10311,2908,10311,5507,201,161,49,0,0,0,0,0,48,389,112,50,37,0,13,0,0,0,0,2,0,2,0,0,4390,2908,0,8,7,2849,0,0,13219,8415,201,188,82,2,7283,13219,11206,10236,0,0,970,2013,1619,188,13,50,2,126,15,0,15,5118,8615,5117,3498
2023,Refugio County; Texas,6693,3208,3485,92.1,380,351,448,451,361,839,642,784,480,452,869,472,164,43.9,1494,5428,5199,5024,1821,1505,5199,2560,2639,97.0,1505,697,808,86.3,6693,4996,1697,4996,4143,493,11,0,0,0,0,0,0,48,391,11,15,15,0,0,0,0,0,0,0,0,0,0,0,334,1697,73,56,5,1519,0,0,6693,5840,603,74,20,0,1897,6693,3354,3216,0,0,138,3339,2766,411,1,15,0,20,126,14,112,3328,5141,2553,2588
2023,Roberts County; Texas,785,411,374,109.9,20,116,72,32,23,51,164,61,49,65,90,15,27,39.4,220,571,565,545,162,132,565,288,277,104.0,132,60,72,83.3,785,757,28,757,747,2,2,0,0,0,0,2,0,48,393,0,0,0,0,0,0,0,0,0,0,0,0,0,0,6,28,0,13,0,0,0,4,785,771,17,26,0,0,17,785,83,73,8,0,2,702,679,2,0,0,0,0,21,4,17,392,565,288,277
2023,Robertson County; Texas,16973,8341,8632,96.6,1072,992,1321,1133,861,1832,2035,1950,919,1430,2035,804,589,40.9,4065,13380,12908,12277,4326,3428,12908,6244,6664,93.7,3428,1524,1904,80.0,16973,14829,2144,14829,10770,3478,58,11,8,0,0,0,0,48,395,39,54,24,4,0,0,7,19,0,0,0,0,0,0,469,2144,40,126,28,1776,0,0,16973,12757,3519,358,82,0,2418,16973,3712,3514,51,14,133,13261,9351,3385,19,50,0,4,452,268,184,8559,12392,6052,6340
2023,Rockwall County; Texas,116931,58114,58817,98.8,7041,8788,9431,8894,6381,13482,18061,16347,7544,6398,9069,4301,1194,37.6,31234,89584,85697,81123,18151,14564,85697,42169,43528,96.9,14564,6536,8028,81.4,116931,103812,13119,103812,83206,9947,739,169,0,28,0,0,0,48,397,542,4050,1314,529,573,91,146,755,642,120,0,115,5,0,5750,13119,669,1119,890,9319,40,122,116931,95836,11160,2362,5360,169,15811,116931,23581,17012,1132,307,5130,93350,75874,9679,171,3917,120,491,3098,473,2625,41426,82059,40562,41497
2023,Runnels County; Texas,9880,4971,4909,101.3,569,724,644,670,428,1136,1172,1205,645,620,1170,651,246,41.8,2327,7775,7553,7160,2444,2067,7553,3833,3720,103.0,2067,1013,1054,96.1,9880,7806,2074,7806,6882,296,38,0,36,0,0,0,0,48,399,2,0,0,0,0,0,0,0,0,0,0,0,0,0,590,2074,99,144,0,1639,0,139,9880,8791,561,208,0,0,2421,9880,3402,3011,21,16,354,6478,5980,296,2,0,0,0,200,33,167,4989,7275,3695,3580
2023,Rusk County; Texas,52613,27957,24656,113.4,2898,3228,3675,3343,3221,7039,7029,6491,3125,3557,5527,2357,1123,38.8,11932,42134,40681,38744,11077,9007,40681,21828,18853,115.8,9007,4223,4784,88.3,52613,44073,8540,44073,35558,6920,91,0,0,0,0,0,0,48,401,91,189,0,71,28,0,0,56,34,45,3,0,0,42,1270,8540,846,1611,136,5088,87,9,52613,43816,8282,1951,503,256,6844,52613,9839,7935,350,32,1522,42774,32552,6920,91,187,45,4,2975,204,2771,21258,38762,20826,17936
2023,Sabine County; Texas,9998,5024,4974,101.0,548,406,535,421,342,990,889,1028,766,1096,1666,953,358,54.3,1770,8456,8228,8058,3663,2977,8228,4094,4134,99.0,2977,1498,1479,101.3,9998,9552,446,9552,8659,459,87,0,0,0,0,0,0,48,403,87,203,0,0,52,0,0,151,0,44,0,44,0,0,100,446,121,131,47,42,48,0,9998,9057,678,266,250,51,192,9998,417,322,0,0,95,9581,8457,459,16,151,44,91,363,6,357,7665,8160,4026,4134
2023,San Augustine County; Texas,7889,3787,4102,92.3,316,482,496,471,342,709,726,998,620,593,1189,664,283,48.8,1585,6587,6304,6099,2503,2136,6304,3079,3225,95.5,2136,994,1142,87.0,7889,7751,138,7751,5574,1746,72,13,0,0,0,0,0,48,405,59,0,0,0,0,0,0,0,0,0,0,0,0,0,359,138,16,19,0,64,0,0,7889,5673,1762,130,0,0,462,7889,643,626,0,0,17,7246,5406,1746,59,0,0,0,35,0,35,4799,6054,2970,3084
2023,San Jacinto County; Texas,27983,13883,14100,98.5,1441,1915,1616,1683,1684,2814,2820,3496,2382,2218,3579,1711,624,45.0,6049,22553,21934,20872,6959,5914,21934,10915,11019,99.1,5914,2885,3029,95.2,27983,24505,3478,24505,20489,2365,207,12,0,45,0,0,0,48,407,150,54,0,0,12,0,42,0,0,0,0,0,0,0,1390,3478,422,344,0,2515,50,0,27983,23917,2882,649,54,99,3908,27983,5129,4001,205,266,657,22854,19494,2274,28,54,0,3,1001,107,894,14487,20544,10311,10233
2023,San Patricio County; Texas,69519,35450,34069,104.1,4649,4619,5654,4879,4176,8984,9554,8193,3963,4163,6248,3305,1132,37.1,18078,53515,51441,48721,13239,10685,51441,25893,25548,101.4,10685,5003,5682,88.0,69519,50767,18752,50767,44690,1122,312,42,0,51,0,0,0,48,409,219,682,81,111,219,36,40,66,129,137,0,103,34,0,3824,18752,565,461,258,16821,14,1,69519,63244,1933,899,1281,291,21075,69519,39012,35105,434,616,2857,30507,26720,1000,35,674,137,447,1494,424,1070,29954,49383,24752,24631
2023,San Saba County; Texas,5802,3062,2740,111.8,269,394,222,407,398,828,712,525,265,479,738,430,135,40.1,1113,4817,4689,4475,1563,1303,4689,2537,2152,117.9,1303,646,657,98.3,5802,4975,827,4975,4503,141,21,0,0,0,0,0,0,48,411,21,12,0,0,2,0,0,10,0,11,0,0,0,11,287,827,130,56,28,585,10,0,5802,5320,292,94,40,11,890,5802,1753,1643,10,0,100,4049,3639,141,11,12,11,0,235,11,224,2848,4307,2231,2076
2023,Schleicher County; Texas,2426,1152,1274,90.4,191,124,163,145,105,264,349,277,87,203,369,108,41,39.8,580,1920,1846,1780,634,518,1846,928,918,101.1,518,237,281,84.3,2426,2184,242,2184,1441,18,1,0,0,0,0,0,0,48,413,1,0,0,0,0,0,0,0,0,9,0,0,0,9,715,242,0,27,0,211,0,0,2426,1679,18,28,0,13,930,2426,1282,1236,0,0,46,1144,1077,18,0,0,9,0,40,13,27,1290,1761,870,891
2023,Scurry County; Texas,16633,8910,7723,115.4,1049,1039,1407,1202,1043,2462,2179,1699,1090,903,1542,752,266,36.4,4210,12977,12423,11667,3204,2560,12423,6790,5633,120.5,2560,1199,1361,88.1,16633,14420,2213,14420,11460,445,224,0,0,0,0,3,0,48,415,221,104,0,11,40,1,0,42,10,0,0,0,0,0,2187,2213,112,266,21,1692,32,5,16633,13607,626,605,127,14,3936,16633,7089,6474,54,8,553,9544,8256,445,206,104,0,123,410,98,312,6896,12074,6567,5507
2023,Shackelford County; Texas,3169,1531,1638,93.5,171,198,174,295,129,298,376,353,217,317,376,172,93,43.9,717,2563,2452,2319,834,641,2452,1160,1292,89.8,641,299,342,87.4,3169,2933,236,2933,2751,37,8,0,1,0,0,0,0,48,417,7,6,0,0,0,0,5,1,0,0,0,0,0,0,131,236,11,64,14,146,0,0,3169,2986,49,72,21,0,277,3169,401,383,0,0,18,2768,2614,37,0,6,0,0,111,21,90,1572,2440,1157,1283
2023,Shelby County; Texas,24108,12082,12026,100.5,1690,1387,2167,1730,1398,2624,2624,3116,1500,1596,2576,1357,343,40.0,6339,18496,17769,16861,5296,4276,17769,8780,8989,97.7,4276,2021,2255,89.6,24108,22072,2036,22072,16166,3751,289,2,0,102,0,0,0,48,419,185,35,0,0,15,13,0,7,0,212,0,212,0,0,1619,2036,97,661,0,1216,35,0,24108,18154,3897,1012,36,213,2848,24108,4736,4553,0,0,183,19372,14466,3751,185,35,212,30,693,29,664,11530,16597,8140,8457
2023,Sherman County; Texas,2434,1211,1223,99.0,137,96,115,335,163,333,251,152,236,217,196,153,50,36.5,532,2033,1902,1719,530,399,1902,961,941,102.1,399,162,237,68.4,2434,1922,512,1922,1667,4,1,0,0,0,0,0,0,48,421,1,28,0,0,28,0,0,0,0,0,0,0,0,0,222,512,6,5,21,480,0,0,2434,2179,10,6,49,0,702,2434,1149,1049,0,0,100,1285,1223,4,0,28,0,3,27,0,27,1117,1573,762,811
2023,Smith County; Texas,238014,115366,122648,94.1,15096,16566,16214,16874,15786,31951,29523,26919,14366,13900,23752,11920,5147,37.4,57909,186877,180105,169887,49060,40819,180105,85754,94351,90.9,40819,18156,22663,80.1,238014,217354,20660,217354,164335,39645,967,203,1,123,0,0,0,48,423,640,3925,515,607,803,14,127,658,1201,194,0,69,0,125,8288,20660,3368,1469,658,14047,101,107,238014,184448,43592,2909,4862,350,23026,238014,49012,44002,474,82,4454,189002,137969,39597,146,3855,194,612,6629,959,5670,98672,168887,79919,88968
2023,Somervell County; Texas,9510,4791,4719,101.5,438,380,770,690,449,941,1265,1262,533,921,1094,452,315,44.0,2059,7708,7451,7163,2441,1861,7451,3704,3747,98.9,1861,940,921,102.1,9510,8476,1034,8476,7939,183,44,0,0,0,0,0,0,48,425,44,0,0,0,0,0,0,0,0,0,0,0,0,0,310,1034,40,161,0,654,0,0,9510,8973,223,384,0,0,1143,9510,1719,1646,23,0,50,7791,7328,183,16,0,0,51,213,12,201,3967,6888,3385,3503
2023,Starr County; Texas,65809,32110,33699,95.3,6055,5739,6372,5565,5363,8881,7476,7256,2807,2909,4271,2083,1032,29.1,21566,46794,44243,40873,9041,7386,44243,21220,23023,92.2,7386,3211,4175,76.9,65809,36890,28919,36890,29115,217,101,78,0,0,0,0,0,48,427,23,17,0,0,17,0,0,0,0,0,0,0,0,0,7440,28919,0,7,0,28826,0,0,65809,57970,229,172,17,26,36344,65809,64036,60836,24,19,3157,1773,1417,164,0,17,0,117,58,58,0,23008,32306,15925,16381
2023,Stephens County; Texas,9278,5081,4197,121.1,503,440,682,548,760,1063,1255,916,552,728,1098,541,192,41.6,1981,7505,7297,7037,2239,1831,7297,3938,3359,117.2,1831,841,990,84.9,9278,8198,1080,8198,7361,298,74,23,0,0,0,0,0,48,429,51,91,21,4,0,0,0,55,11,0,0,0,0,0,374,1080,68,82,5,824,0,0,9278,8351,366,257,96,0,1299,9278,2308,2156,0,0,152,6970,6379,290,0,91,0,24,186,20,166,4669,6953,3790,3163
2023,Sterling County; Texas,1389,743,646,115.0,126,147,185,119,25,195,161,156,23,68,75,93,16,31.4,500,927,889,812,199,184,889,453,436,103.9,184,76,108,70.4,1389,1258,131,1258,1135,2,2,0,0,0,0,0,0,48,431,2,2,0,0,2,0,0,0,0,0,0,0,0,0,117,131,0,0,4,127,0,0,1389,1266,2,2,6,0,244,1389,447,434,0,7,6,942,932,2,2,2,0,0,4,0,4,508,785,446,339
2023,Stonewall County; Texas,1244,594,650,91.4,69,58,96,127,86,88,89,138,45,129,181,98,40,46.5,334,972,910,857,406,319,910,446,464,96.1,319,157,162,96.9,1244,1168,76,1168,1147,7,0,0,0,0,0,0,0,48,433,0,0,0,0,0,0,0,0,0,0,0,0,0,0,14,76,0,0,0,76,0,0,1244,1223,7,0,0,0,90,1244,283,283,0,0,0,961,938,7,0,0,0,0,16,16,0,733,897,446,451
2023,Sutton County; Texas,3306,1678,1628,103.1,257,329,268,163,144,502,292,435,308,81,311,164,52,34.9,901,2452,2405,2236,575,527,2405,1209,1196,101.1,527,279,248,112.5,3306,3004,302,3004,1628,4,29,14,0,0,0,0,0,48,435,15,0,0,0,0,0,0,0,0,11,0,11,0,0,1332,302,25,12,0,265,0,0,3306,1930,29,41,0,11,1597,3306,2162,2038,0,104,20,1144,1065,4,15,0,11,6,43,6,37,1740,2181,1084,1097
2023,Swisher County; Texas,6981,3958,3023,130.9,436,425,602,339,700,892,811,751,450,347,772,280,176,36.5,1697,5455,5284,5111,1453,1228,5284,2917,2367,123.2,1228,533,695,76.7,6981,5897,1084,5897,4827,561,37,0,0,0,0,3,0,48,437,34,69,21,3,39,0,0,0,6,23,23,0,0,0,380,1084,78,74,0,926,0,6,6981,5905,645,111,69,23,1312,6981,3194,2850,3,49,292,3787,2860,544,34,9,0,156,184,32,152,3038,4891,2664,2227
2023,Tarrant County; Texas,2135743,1049149,1086594,96.6,138478,148388,163353,156407,142044,315991,299570,269205,126638,119196,160217,70750,25506,35.1,548477,1653897,1587266,1500831,323037,256473,1587266,769793,817473,94.2,256473,113679,142794,79.6,2135743,1811978,323765,1811978,1112743,374520,11656,3234,12,918,0,125,3,48,439,7364,125856,26498,11442,10277,1483,5729,35434,34993,4803,1135,824,428,2416,182400,323765,28347,13885,14667,236931,2779,4576,2135743,1421627,420231,38458,150445,7685,437211,2135743,637594,511950,27709,7990,89945,1498149,921922,366947,3221,124187,4252,8788,68832,8626,60206,827874,1401301,674908,726393
2023,Taylor County; Texas,144259,70882,73377,96.6,9902,9973,9809,11181,14814,20729,17885,13584,7523,7562,11993,6372,2932,33.0,35427,112366,108832,100618,25944,21297,108832,52865,55967,94.5,21297,9240,12057,76.6,144259,125125,19134,125125,101650,11567,547,72,4,23,0,11,0,48,441,437,3258,208,226,952,172,303,687,710,228,217,0,0,11,7875,19134,1605,1096,696,14239,8,395,144259,120210,14149,2413,4132,315,23114,144259,35709,30596,778,334,4001,108550,89142,11066,215,3143,228,889,3867,406,3461,61581,104103,50270,53833
2023,Terrell County; Texas,851,458,393,116.5,6,25,68,28,19,21,61,73,89,145,194,96,26,60.9,120,752,731,724,376,316,731,391,340,115.0,316,135,181,74.6,851,737,114,737,710,0,0,0,0,0,0,0,0,48,443,0,0,0,0,0,0,0,0,0,0,0,0,0,0,27,114,0,25,0,84,0,0,851,824,0,30,0,0,116,851,364,302,0,0,62,487,487,0,0,0,0,0,0,0,0,663,725,391,334
2023,Terry County; Texas,11699,6216,5483,113.4,855,989,870,904,694,1356,1728,1206,857,473,991,528,248,35.7,3288,8801,8411,7887,2096,1767,8411,4453,3958,112.5,1767,803,964,83.3,11699,7844,3855,7844,6660,519,67,0,0,0,0,0,0,48,445,67,22,0,0,16,0,0,6,0,0,0,0,0,0,576,3855,55,28,14,3643,14,15,11699,10486,669,126,39,0,4320,11699,6574,5507,7,0,1060,5125,4481,461,38,20,0,0,125,23,102,4796,7634,4039,3595
2023,Throckmorton County; Texas,1589,838,751,111.6,119,69,104,84,76,191,176,152,112,116,154,199,37,42.7,332,1293,1257,1164,455,390,1257,674,583,115.6,390,210,180,116.7,1589,1499,90,1499,1481,0,0,0,0,0,0,0,0,48,447,0,8,0,0,8,0,0,0,0,0,0,0,0,0,10,90,0,15,0,75,0,0,1589,1571,0,15,8,0,85,1589,124,74,0,0,50,1465,1428,0,0,6,0,0,31,16,15,960,1231,674,557
2023,Titus County; Texas,31284,15669,15615,100.3,2222,2436,2576,2515,1959,4087,3534,3810,1659,1887,2882,1277,440,34.7,8935,23426,22349,21120,5668,4599,22349,10915,11434,95.5,4599,2071,2528,81.9,31284,26573,4711,26573,17748,2978,260,81,0,17,0,0,0,48,449,162,380,0,0,0,0,33,274,73,0,0,0,0,0,5207,4711,133,306,71,4068,0,0,31284,22389,3174,694,456,0,9345,31284,13887,12703,80,22,1082,17397,13488,2963,71,380,0,9,486,165,321,12110,18557,9002,9555
2023,Tom Green County; Texas,119398,59705,59693,100.0,7491,8021,8264,8526,8791,17275,15680,11955,6921,6734,11711,5503,2526,35.8,28580,94038,90818,84741,23992,19740,90818,45103,45715,98.7,19740,9067,10673,85.0,119398,96552,22846,96552,82355,4487,571,118,0,9,0,0,0,48,451,444,1617,126,148,586,29,199,216,313,114,20,62,32,0,7408,22846,1376,955,647,18574,63,160,119398,104682,6808,1930,2980,188,26493,119398,47877,42986,792,177,3922,71521,62009,4009,88,1528,110,553,3224,683,2541,51949,87126,43046,44080
2023,Travis County; Texas,1307625,666411,641214,103.9,73947,72851,75580,78859,83711,256746,218230,172074,71181,64543,91012,35333,13558,35.5,267667,1069924,1039958,990512,176839,139903,1039958,529365,510593,103.7,139903,64015,75888,84.4,1307625,1102664,204961,1102664,781848,106691,9187,2023,44,1009,0,177,0,48,453,5934,98998,34012,20467,5742,1568,6659,14496,16054,888,218,208,230,232,105052,204961,13408,8517,17559,143856,1358,3274,1307625,976727,132040,28664,122635,3353,261343,1307625,425105,318115,13240,11036,82714,882520,624387,102188,1638,97051,637,5655,50964,10247,40717,594638,921600,465564,456036
2023,Trinity County; Texas,13850,6811,7039,96.8,651,672,914,792,698,1228,1367,1607,1055,1110,2103,1269,384,49.8,2709,11461,11141,10730,4351,3756,11141,5373,5768,93.2,3756,1816,1940,93.6,13850,13009,841,13009,11085,1258,30,0,0,0,0,0,0,48,455,30,12,0,4,0,0,0,0,8,0,0,0,0,0,624,841,189,190,15,433,3,0,13850,11923,1452,234,27,0,1066,13850,1480,1260,58,0,162,12370,10711,1202,10,12,0,7,428,69,359,8261,10814,5167,5647
2023,Tyler County; Texas,20084,10887,9197,118.4,817,1181,1200,989,1276,2625,2393,2442,1245,1468,2527,1460,461,42.5,3907,16675,16177,15661,5268,4448,16177,8883,7294,121.8,4448,2097,2351,89.2,20084,18739,1345,18739,16183,2130,24,0,0,0,0,0,0,48,457,24,112,4,5,2,0,10,60,31,0,0,0,0,0,290,1345,196,248,48,728,29,0,20084,17492,2434,357,167,0,1068,20084,1614,1350,16,4,244,18470,15478,2130,24,100,0,47,691,150,541,9499,15807,8658,7149
2023,Upshur County; Texas,41864,20851,21013,99.2,2337,2962,2879,2780,2253,5131,5119,4661,3273,2824,4600,2373,672,40.3,10056,33117,31808,30117,9469,7645,31808,15605,16203,96.3,7645,3545,4100,86.5,41864,38484,3380,38484,34059,2995,102,57,0,12,0,0,0,48,459,33,181,23,0,54,0,4,0,100,15,0,0,0,15,1132,3380,390,607,185,1726,30,0,41864,37400,3735,1037,366,109,3047,41864,4219,3861,44,7,307,37645,32744,2995,33,181,15,48,1629,225,1404,17444,30990,15109,15881
2023,Upton County; Texas,3227,1642,1585,103.6,72,177,384,203,166,267,528,382,197,252,400,125,74,41.1,727,2574,2500,2382,663,599,2500,1294,1206,107.3,599,288,311,92.6,3227,3022,205,3022,1397,30,11,0,0,0,0,0,0,48,461,11,53,42,7,0,0,0,0,4,0,0,0,0,0,1531,205,0,19,0,135,0,48,3227,1551,78,33,53,0,1717,3227,1812,1711,99,0,2,1415,1344,30,11,11,0,0,19,0,19,1629,2377,1253,1124
2023,Uvalde County; Texas,24810,12475,12335,101.1,1769,1904,1745,1978,1906,3240,3244,2410,1440,1102,2235,1226,611,34.6,6492,18980,18318,16931,4670,4072,18318,8938,9380,95.3,4072,1824,2248,81.1,24810,20562,4248,20562,16673,354,316,0,0,0,0,0,0,48,463,316,431,100,15,0,0,16,28,272,0,0,0,0,0,2788,4248,69,92,13,3791,0,0,24810,20842,423,669,474,5,6846,24810,17548,15863,225,0,1460,7262,6406,154,44,277,0,90,291,142,149,10092,17084,8312,8772
2023,Val Verde County; Texas,47647,24617,23030,106.9,3725,3915,3588,3537,3893,6910,5847,5138,2676,1773,3676,2075,894,32.3,13378,35774,34269,32299,7582,6645,34269,17882,16387,109.1,6645,2994,3651,82.0,47647,36427,11220,36427,29628,671,156,35,0,0,0,0,0,48,465,121,298,13,20,175,30,0,12,48,0,0,0,0,0,5674,11220,373,160,109,10307,81,4,47647,40723,1256,423,472,0,16139,47647,38580,35189,187,98,3106,9067,7465,573,58,287,0,97,587,56,531,18631,29935,15553,14382
2023,Van Zandt County; Texas,61323,30161,31162,96.8,3523,4108,3895,4003,3167,6777,7196,7534,4190,4550,7248,3729,1403,42.1,14114,48850,47209,45301,14999,12380,47209,23011,24198,95.1,12380,5660,6720,84.2,61323,57569,3754,57569,54161,1667,191,0,10,0,0,0,0,48,467,181,282,69,111,24,31,1,25,21,8,0,8,0,0,1260,3754,414,578,93,2110,53,41,61323,57814,2377,1099,511,313,3505,61323,7835,7420,104,15,296,53488,49913,1667,184,282,8,116,1318,61,1257,25708,45650,22047,23603
2023,Victoria County; Texas,91281,44916,46365,96.9,5996,6649,6415,6333,5884,12201,11619,9843,5810,5301,8940,4550,1740,36.6,23026,70616,68255,65228,18440,15230,68255,33177,35078,94.6,15230,6869,8361,82.2,91281,69327,21954,69327,56218,5244,174,2,0,0,0,5,0,48,469,167,1117,192,358,151,30,83,247,56,54,54,0,0,0,6520,21954,693,402,197,19462,22,51,91281,77696,6873,1182,1543,101,26901,91281,43432,38823,445,41,4123,47849,39294,4999,99,1108,54,336,1959,464,1495,39238,64867,31414,33453
2023,Walker County; Texas,78292,46296,31996,144.7,3105,3207,3232,6532,9818,11115,11270,10344,4555,4352,6636,2744,1382,37.1,11493,68123,66799,59314,13373,10762,66799,39881,26918,148.2,10762,5088,5674,89.7,78292,68950,9342,68950,48459,15921,248,20,18,27,0,0,0,48,471,183,880,179,63,238,54,20,258,68,303,0,17,278,8,3139,9342,996,1305,154,6344,136,87,78292,57572,17277,1977,1058,316,9787,78292,16931,13834,323,18,2756,61361,41681,15506,95,845,286,164,2784,223,2561,29626,63272,37730,25542
2023,Waller County; Texas,59455,29741,29714,100.1,3662,3524,4544,5561,7904,7636,7571,5958,3285,3018,4397,1900,495,30.8,14126,46857,45329,40019,8635,6792,45329,22352,22977,97.3,6792,3248,3544,91.6,59455,52242,7213,52242,27731,14046,818,46,0,75,0,0,0,48,473,697,996,121,34,42,21,37,626,115,56,0,56,0,0,8595,7213,897,354,155,5079,92,84,59455,34656,15261,1696,1280,59,14181,59455,19593,16205,167,555,2666,39862,23095,13895,55,996,17,286,1518,89,1429,19946,41203,19976,21227
2023,Ward County; Texas,11255,5728,5527,103.6,852,883,959,760,680,1508,1648,1211,594,604,820,599,137,34.9,3275,8363,7980,7637,1827,1556,7980,4113,3867,106.4,1556,696,860,80.9,11255,10055,1200,10055,7263,714,112,0,0,0,0,0,0,48,475,112,178,0,134,0,0,0,31,13,0,0,0,0,0,1788,1200,0,42,0,1155,0,0,11255,8460,714,154,181,0,2946,11255,6238,5721,12,0,505,5017,4222,538,9,178,0,0,70,28,42,5137,7652,3912,3740
2023,Washington County; Texas,36156,17843,18313,97.4,1886,2415,2084,2764,2412,3903,3768,3938,2044,2891,4549,2513,989,40.9,7784,29498,28372,26418,9963,8051,28372,13727,14645,93.7,8051,3595,4456,80.7,36156,32104,4052,32104,24952,5486,145,89,32,0,0,19,0,48,477,5,493,58,19,225,0,191,0,0,0,0,0,0,0,1028,4052,75,845,145,2612,6,12,36156,28955,5718,1115,826,25,3895,36156,6557,5966,29,20,542,29599,22304,5470,37,493,0,103,1192,273,919,17371,27126,12827,14299
2023,Webb County; Texas,267731,132784,134947,98.4,22121,23909,24390,23722,21203,36847,33155,31554,12884,11060,16047,7357,3482,29.8,84736,192502,182995,168900,33564,26886,182995,89711,93284,96.2,26886,11706,15180,77.1,267731,124595,143136,124595,100976,1207,821,294,0,19,0,21,0,48,479,487,1227,111,225,307,72,199,210,103,4,0,4,0,0,20360,143136,84,168,219,141501,14,54,267731,243539,1643,1446,1852,164,162732,267731,254619,241536,890,265,11928,13112,9554,995,112,1222,4,543,682,101,581,86727,140462,70833,69629
2023,Wharton County; Texas,41651,20617,21034,98.0,2824,2781,3118,2722,2628,4974,5514,4417,2685,2542,4320,2148,978,38.4,10649,32507,31002,29724,8955,7446,31002,15160,15842,95.7,7446,3417,4029,84.8,41651,35000,6651,35000,26407,5541,68,26,0,0,0,13,0,48,481,29,196,111,29,0,0,18,5,33,0,0,0,0,0,2788,6651,508,152,51,5712,0,170,41651,32851,6242,232,278,23,8705,41651,17294,15397,302,95,1500,24357,18297,5167,31,196,0,28,638,120,518,17546,28966,14236,14730
2023,Wheeler County; Texas,4902,2456,2446,100.4,237,363,365,346,219,435,757,525,281,364,598,316,96,40.6,1199,3912,3703,3542,1249,1010,3703,1820,1883,96.7,1010,464,546,85.0,4902,4598,304,4598,4017,81,134,0,0,0,0,11,0,48,483,123,78,0,0,45,0,0,0,33,0,0,0,0,0,288,304,82,49,1,156,0,0,4902,4315,163,198,80,1,459,4902,1224,1019,0,67,138,3678,3383,81,11,70,0,9,124,4,120,2595,3344,1649,1695
2023,Wichita County; Texas,129842,67214,62628,107.3,8056,8419,8386,10179,10846,19082,16232,13625,7293,8138,11531,5862,2193,35.0,29808,103395,100034,92782,24851,19586,100034,51842,48192,107.6,19586,8663,10923,79.3,129842,117437,12405,117437,95929,13432,843,119,0,120,0,23,0,48,485,581,2915,415,126,582,95,184,622,891,191,89,67,15,20,4127,12405,1757,1391,724,7135,140,302,129842,107675,15975,2888,4013,377,12123,129842,26409,23229,810,316,2054,103433,82146,13037,345,2896,155,152,4702,745,3957,55664,95580,49102,46478
2023,Wilbarger County; Texas,12712,6111,6601,92.6,943,704,629,1095,703,1501,1641,1463,760,869,1452,765,187,39.5,2859,10323,9853,9241,2910,2404,9853,4653,5200,89.5,2404,1142,1262,90.5,12712,10558,2154,10558,8474,787,66,0,0,0,0,0,0,48,487,66,365,3,10,50,0,0,0,302,0,0,0,0,0,866,2154,268,168,77,1228,85,16,12712,10512,1245,594,479,23,2381,12712,3798,3284,36,8,470,8914,7045,770,20,365,0,0,714,102,612,5848,9489,4394,5095
2023,Willacy County; Texas,20218,10941,9277,117.9,1196,1233,1554,1571,1735,3090,2737,2180,786,1180,1679,932,345,33.7,4835,15904,15383,14335,3578,2956,15383,8619,6764,127.4,2956,1309,1647,79.5,20218,12784,7434,12784,11486,293,25,0,0,0,0,0,0,48,489,25,0,0,0,0,0,0,0,0,0,0,0,0,0,980,7434,70,67,29,7227,14,0,20218,18899,394,122,29,0,8228,20218,17623,16939,64,0,620,2595,2118,293,0,0,0,0,184,46,138,6854,13758,7795,5963
2023,Williamson County; Texas,643889,320207,323682,98.9,39013,44061,46932,42451,35563,91256,108539,87139,34030,32642,50107,24374,7782,37.2,157599,504452,486290,464795,101133,82263,486290,239199,247091,96.8,82263,36424,45839,79.5,643889,548951,94938,548951,410837,44429,3028,783,3,494,0,41,0,48,491,1707,57684,29513,7489,3367,637,4599,3666,8413,753,296,214,103,140,32220,94938,7570,4642,8112,62138,411,1836,643889,500629,58737,12036,70448,2320,102261,643889,157980,121692,6861,2788,26639,485909,354615,42712,727,57181,686,3510,26478,4457,22021,251600,441219,215833,225386
2023,Wilson County; Texas,51501,25875,25626,101.0,2810,3481,3580,3477,2800,5612,6926,7038,3502,3687,5357,2597,634,40.1,12118,40794,39383,37688,10776,8588,39383,19708,19675,100.2,8588,4098,4490,91.3,51501,41368,10133,41368,37157,912,204,85,0,1,0,0,0,48,493,118,267,0,21,34,13,0,142,57,0,0,0,0,0,2828,10133,156,976,145,8210,82,16,51501,47003,1226,1714,448,0,11602,51501,20354,18186,262,34,1872,31147,28649,912,35,267,0,291,993,255,738,19259,38124,19133,18991
2023,Winkler County; Texas,7540,4042,3498,115.6,528,543,598,697,477,904,1103,765,446,467,729,230,53,35.3,2144,5651,5396,5129,1200,1012,5396,2800,2596,107.9,1012,457,555,82.3,7540,6156,1384,6156,4389,323,179,46,0,0,0,67,0,48,495,66,65,0,0,0,0,0,65,0,2,2,0,0,0,1198,1384,0,9,0,1341,0,34,7540,5739,357,188,65,2,2573,7540,4660,4261,43,103,253,2880,2454,275,0,65,2,58,26,17,9,3209,4723,2437,2286
2023,Wise County; Texas,72359,36522,35837,101.9,4260,5195,5164,4868,3887,8747,9564,9350,4814,5359,6948,3225,978,40.0,17836,56806,54523,52026,13956,11151,54523,27308,27215,100.3,11151,5314,5837,91.0,72359,67157,5202,67157,61099,1094,367,16,19,3,0,0,0,48,497,329,506,161,74,87,22,0,49,113,20,0,0,6,14,4071,5202,466,872,187,3311,20,96,72359,66113,1776,1464,706,38,7648,72359,14878,13002,677,103,1096,57481,53380,1009,234,484,9,275,2090,589,1501,27196,51147,25396,25751
2023,Wood County; Texas,46094,23014,23080,99.7,2026,2469,2607,2640,2593,4363,4651,5086,3473,3716,7227,3848,1395,48.4,8728,38418,37366,35885,14424,12470,37366,18665,18701,99.8,12470,5905,6565,89.9,46094,42501,3593,42501,38804,1858,27,0,0,0,0,2,0,48,499,25,255,43,33,25,48,22,69,15,5,0,5,0,0,1552,3593,221,512,99,2320,38,58,46094,42269,2317,847,359,56,4122,46094,5153,4235,92,130,696,40941,37458,1844,12,255,5,153,1214,194,1020,22267,36204,17998,18206
2023,Yoakum County; Texas,7589,3974,3615,109.9,692,578,782,571,466,814,766,1144,331,576,515,219,135,33.0,2459,5335,5130,4783,1268,869,5130,2622,2508,104.5,869,389,480,81.0,7589,5172,2417,5172,4465,11,98,0,98,0,0,0,0,48,501,0,66,0,0,0,0,0,0,66,0,0,0,0,0,532,2417,6,161,47,2174,0,0,7589,6882,46,288,113,0,2706,7589,4950,4765,0,0,185,2639,2392,11,0,66,0,0,170,8,162,3015,4088,2056,2032
2023,Young County; Texas,17963,8945,9018,99.2,1006,1150,1390,1108,859,2083,2180,2115,968,1337,2228,1064,475,40.7,4277,14208,13686,13117,4467,3767,13686,6780,6906,98.2,3767,1729,2038,84.8,17963,16403,1560,16403,14942,311,54,0,0,0,0,0,0,48,503,54,49,35,0,0,0,0,14,0,0,0,0,0,0,1047,1560,113,113,69,1227,0,0,17963,16487,451,194,133,0,2281,17963,3621,2869,351,27,374,14342,13584,254,54,35,0,93,322,43,279,8550,12965,6281,6684
2023,Zapata County; Texas,13855,6919,6936,99.8,1094,1201,1409,1206,1001,1711,1730,1456,635,537,1011,582,282,31.5,4463,9929,9392,8832,2180,1875,9392,4587,4805,95.5,1875,876,999,87.7,13855,6532,7323,6532,5478,37,0,0,0,0,0,0,0,48,505,0,109,0,0,0,0,0,109,0,0,0,0,0,0,908,7323,40,0,0,7251,0,16,13855,12785,109,0,125,0,8175,13855,13014,12372,10,3,629,841,633,37,0,109,0,0,62,6,56,6218,7185,3416,3769
2023,Zavala County; Texas,9532,5028,4504,111.6,684,631,942,880,689,1143,1229,993,598,274,1033,225,211,32.5,2810,7194,6722,6370,1592,1469,6722,3419,3303,103.5,1469,685,784,87.4,9532,4163,5369,4163,3469,79,11,0,0,0,0,0,0,48,507,11,78,30,0,38,0,0,0,10,0,0,0,0,0,526,5369,0,0,0,5299,0,3,9532,8799,82,78,78,0,5895,9532,8831,8642,0,1,188,701,582,79,0,40,0,0,0,0,0,3951,6458,3273,3185
