year,county_name,employment_status_population_16_years_and_over,employment_status_in_labor_force,employment_status_in_labor_force_civilian_labor_fo,employment_status_in_labor_force_civilian_labor_fo,employment_status_in_labor_force_civilian_labor_fo,employment_status_in_labor_force_armed_forces,employment_status_not_in_labor_force,employment_status_civilian_labor_force,employment_status_percent_unemployed,employment_status_females_16_years_and_over,employment_status_in_labor_force,employment_status_in_labor_force_civilian_labor_fo,employment_status_in_labor_force_civilian_labor_fo,employment_status_own_children_under_6_years,employment_status_all_parents_in_family_in_labor_f,employment_status_own_children_6_to_17_years,employment_status_all_parents_in_family_in_labor_f,commuting_to_work_workers_16_years_and_over,commuting_to_work_car_truck_or_van____drove_alone,commuting_to_work_car_truck_or_van____carpooled,commuting_to_work_public_transportation_excluding_,commuting_to_work_walked,commuting_to_work_other_means,commuting_to_work_worked_at_home,commuting_to_work_mean_travel_time_to_work_minutes,occupation_civilian_employed_population_16_years_a,occupation_management_business_science_and_arts_oc,occupation_service_occupations,occupation_sales_and_office_occupations,occupation_natural_resources_construction_and_main,occupation_production_transportation_and_material_,industry_civilian_employed_population_16_years_and,industry_agriculture_forestry_fishing_and_hunting_,industry_construction,industry_manufacturing,state_fips,county_fips,industry_wholesale_trade,industry_retail_trade,industry_transportation_and_warehousing_and_utilit,industry_information,industry_finance_and_insurance_and_real_estate_and,industry_professional_scientific_and_management_an,industry_educational_services_and_health_care_and_,industry_arts_entertainment_and_recreation_and_acc,industry_other_services_except_public_administrati,industry_public_administration,class_of_worker_civilian_employed_population_16_ye,class_of_worker_private_wage_and_salary_workers,class_of_worker_government_workers,class_of_worker_self_employed_in_own_not_incorpora,class_of_worker_unpaid_family_workers,income_and_benefits_in_2010_inflation_adjusted_dol,income_and_benefits_in_2010_inflation_adjusted_dol,income_and_benefits_in_2010_inflation_adjusted_dol,income_and_benefits_in_2010_inflation_adjusted_dol,income_and_benefits_in_2010_inflation_adjusted_dol,income_and_benefits_in_2010_inflation_adjusted_dol,income_and_benefits_in_2010_inflation_adjusted_dol,income_and_benefits_in_2010_inflation_adjusted_dol,income_and_benefits_in_2010_inflation_adjusted_dol,income_and_benefits_in_2010_inflation_adjusted_dol,income_and_benefits_in_2010_inflation_adjusted_dol,income_and_benefits_in_2010_inflation_adjusted_dol,income_and_benefits_in_2010_inflation_adjusted_dol,income_and_benefits_in_2010_inflation_adjusted_dol,income_and_benefits_in_2010_inflation_adjusted_dol,income_and_benefits_in_2010_inflation_adjusted_dol,income_and_benefits_in_2010_inflation_adjusted_dol,income_and_benefits_in_2010_inflation_adjusted_dol,income_and_benefits_in_2010_inflation_adjusted_dol,income_and_benefits_in_2010_inflation_adjusted_dol,income_and_benefits_in_2010_inflation_adjusted_dol,income_and_benefits_in_2010_inflation_adjusted_dol,income_and_benefits_in_2010_inflation_adjusted_dol,income_and_benefits_in_2010_inflation_adjusted_dol,income_and_benefits_in_2010_inflation_adjusted_dol,income_and_benefits_in_2010_inflation_adjusted_dol,income_and_benefits_in_2010_inflation_adjusted_dol,income_and_benefits_in_2010_inflation_adjusted_dol,income_and_benefits_in_2010_inflation_adjusted_dol,income_and_benefits_in_2010_inflation_adjusted_dol,income_and_benefits_in_2010_inflation_adjusted_dol,income_and_benefits_in_2010_inflation_adjusted_dol,income_and_benefits_in_2010_inflation_adjusted_dol,income_and_benefits_in_2010_inflation_adjusted_dol,income_and_benefits_in_2010_inflation_adjusted_dol,income_and_benefits_in_2010_inflation_adjusted_dol,income_and_benefits_in_2010_inflation_adjusted_dol,income_and_benefits_in_2010_inflation_adjusted_dol,income_and_benefits_in_2010_inflation_adjusted_dol,income_and_benefits_in_2010_inflation_adjusted_dol,income_and_benefits_in_2010_inflation_adjusted_dol,income_and_benefits_in_2010_inflation_adjusted_dol,income_and_benefits_in_2010_inflation_adjusted_dol,income_and_benefits_in_2010_inflation_adjusted_dol,health_insurance_coverage_civilian_noninstitutiona,health_insurance_coverage_with_health_insurance_co,health_insurance_coverage_with_health_insurance_co,health_insurance_coverage_with_health_insurance_co,health_insurance_coverage_no_health_insurance_cove,health_insurance_coverage_civilian_noninstitutiona,health_insurance_coverage_no_health_insurance_cove,health_insurance_coverage_civilian_noninstitutiona,health_insurance_coverage_in_labor_force,health_insurance_coverage_in_labor_force_employed,health_insurance_coverage_in_labor_force_employed_,health_insurance_coverage_in_labor_force_employed_,health_insurance_coverage_in_labor_force_employed_,health_insurance_coverage_in_labor_force_employed_,health_insurance_coverage_in_labor_force_unemploye,health_insurance_coverage_in_labor_force_unemploye,health_insurance_coverage_in_labor_force_unemploye,health_insurance_coverage_in_labor_force_unemploye,health_insurance_coverage_in_labor_force_unemploye,health_insurance_coverage_not_in_labor_force,health_insurance_coverage_not_in_labor_force_with_,health_insurance_coverage_not_in_labor_force_with_,health_insurance_coverage_not_in_labor_force_with_,health_insurance_coverage_not_in_labor_force_no_he,percentage_of_families_and_people_whose_income_in_,percentage_of_families_and_people_whose_income_in_,percentage_of_families_and_people_whose_income_in_,percentage_of_families_and_people_whose_income_in_,percentage_of_families_and_people_whose_income_in_,percentage_of_families_and_people_whose_income_in_,percentage_of_families_and_people_whose_income_in_,percentage_of_families_and_people_whose_income_in_,percentage_of_families_and_people_whose_income_in_,percentage_of_families_and_people_whose_income_in_,percentage_of_families_and_people_whose_income_in_,percentage_of_families_and_people_whose_income_in_,percentage_of_families_and_people_whose_income_in_,percentage_of_families_and_people_whose_income_in_,percentage_of_families_and_people_whose_income_in_,percentage_of_families_and_people_whose_income_in_,percentage_of_families_and_people_whose_income_in_,percentage_of_families_and_people_whose_income_in_,percentage_of_families_and_people_whose_income_in_
2010,Alamance County; North Carolina,116332,77396,77335,70874,6461,61,38936,77335,-888888888,61891,37515,37515,34733,10872,8119,22677,16969,69357,56390,9273,114,1016,514,2050,22.0,70874,21838,12037,18265,7502,11232,70874,633,5498,12145,37,001,1373,9113,2616,923,4190,5667,17201,5845,3226,2444,70874,56534,10224,3970,146,59000,4783,4142,7762,7522,9084,11598,6515,5318,1207,1069,44167,55762,47179,54670,17914,15534,9537,18729,1770,7671,1213,2645,6263,39987,1951,1749,4092,4857,6088,8764,5578,4921,1129,858,52806,64477,22819,19013,24952,35215,25506,39543,31531,-888888888,-888888888,-888888888,-888888888,-888888888,-888888888,-888888888,-888888888,-888888888,-888888888,-888888888,-888888888,-888888888,-888888888,-888888888,-888888888,-888888888,-888888888,-888888888,-888888888,-888888888,-888888888,-888888888,-888888888,-888888888,-888888888,-888888888,-888888888,-888888888,-888888888,-888888888,-888888888,-888888888,-888888888,-888888888,-888888888,-888888888,-888888888,-888888888,-888888888,-888888888,-888888888,-888888888
2010,Alexander County; North Carolina,29215,18396,18327,16401,1926,69,10819,18327,-888888888,14717,8219,8219,7442,2481,1684,5571,3632,16105,13257,1970,63,268,94,453,24.5,16401,3791,2249,3262,1733,5366,16401,319,1332,5113,37,003,609,1662,733,237,468,947,2900,649,648,784,16401,12952,2311,1018,120,13419,1104,1104,2042,1633,2055,2976,1301,757,177,270,40014,52210,10260,53919,4229,15145,2157,13626,531,7867,169,2743,1087,8929,265,369,1020,1037,1588,2497,1139,637,159,218,51431,61437,20716,4490,20481,32937,25870,36700,28583,-888888888,-888888888,-888888888,-888888888,-888888888,-888888888,-888888888,-888888888,-888888888,-888888888,-888888888,-888888888,-888888888,-888888888,-888888888,-888888888,-888888888,-888888888,-888888888,-888888888,-888888888,-888888888,-888888888,-888888888,-888888888,-888888888,-888888888,-888888888,-888888888,-888888888,-888888888,-888888888,-888888888,-888888888,-888888888,-888888888,-888888888,-888888888,-888888888,-888888888,-888888888,-888888888,-888888888
2010,Alleghany County; North Carolina,9296,5117,5117,4701,416,0,4179,5117,-888888888,4492,1935,1935,1849,608,324,1230,806,4566,3202,1071,0,36,33,224,24.6,4701,1188,459,933,1317,804,4701,852,514,769,37,005,77,320,240,72,151,214,1017,238,152,85,4701,3450,785,466,0,4971,793,619,713,699,830,587,346,265,74,45,30845,40874,3239,39561,2202,14217,992,19924,209,6657,101,2099,574,3080,270,279,344,486,596,506,333,170,51,45,38535,49153,18919,1891,16229,26916,16477,30666,25736,-888888888,-888888888,-888888888,-888888888,-888888888,-888888888,-888888888,-888888888,-888888888,-888888888,-888888888,-888888888,-888888888,-888888888,-888888888,-888888888,-888888888,-888888888,-888888888,-888888888,-888888888,-888888888,-888888888,-888888888,-888888888,-888888888,-888888888,-888888888,-888888888,-888888888,-888888888,-888888888,-888888888,-888888888,-888888888,-888888888,-888888888,-888888888,-888888888,-888888888,-888888888,-888888888,-888888888
2010,Anson County; North Carolina,21488,11475,11475,9924,1551,0,10013,11475,-888888888,10289,5669,5669,4848,1723,1385,4014,3275,9591,7717,1318,39,116,9,392,23.9,9924,2161,1712,1938,1466,2647,9924,283,940,2206,37,007,245,1028,658,76,69,363,2310,489,543,714,9924,7442,1690,774,18,9535,1009,669,1490,1647,2039,1400,749,315,84,133,34745,44890,7226,43867,3150,15295,1562,14810,554,7853,74,3700,1642,6567,286,264,1052,1181,1518,1133,660,274,66,133,39612,52299,16856,2968,21948,27044,21480,32472,27480,-888888888,-888888888,-888888888,-888888888,-888888888,-888888888,-888888888,-888888888,-888888888,-888888888,-888888888,-888888888,-888888888,-888888888,-888888888,-888888888,-888888888,-888888888,-888888888,-888888888,-888888888,-888888888,-888888888,-888888888,-888888888,-888888888,-888888888,-888888888,-888888888,-888888888,-888888888,-888888888,-888888888,-888888888,-888888888,-888888888,-888888888,-888888888,-888888888,-888888888,-888888888,-888888888,-888888888
2010,Ashe County; North Carolina,22198,13271,13271,11976,1295,0,8927,13271,-888888888,11311,5935,5935,5467,1806,1052,3217,2299,11564,9055,2043,0,47,73,346,25.0,11976,2964,1811,2927,1977,2297,11976,537,1347,2176,37,009,190,1862,346,211,702,544,2279,717,710,355,11976,9162,1659,1155,0,11848,1483,957,1937,1617,1667,2275,923,611,235,143,34538,46083,8412,46030,4376,13610,2726,20516,546,7137,165,5320,1307,7902,451,392,1139,1082,1269,1940,802,561,175,91,46537,54183,20350,3946,17917,27994,21567,33497,27738,-888888888,-888888888,-888888888,-888888888,-888888888,-888888888,-888888888,-888888888,-888888888,-888888888,-888888888,-888888888,-888888888,-888888888,-888888888,-888888888,-888888888,-888888888,-888888888,-888888888,-888888888,-888888888,-888888888,-888888888,-888888888,-888888888,-888888888,-888888888,-888888888,-888888888,-888888888,-888888888,-888888888,-888888888,-888888888,-888888888,-888888888,-888888888,-888888888,-888888888,-888888888,-888888888,-888888888
2010,Avery County; North Carolina,15215,8147,8112,7552,560,35,7068,8112,-888888888,6977,3761,3761,3607,797,533,2173,1624,7018,5264,1192,0,232,40,290,23.3,7552,2101,1635,1732,1180,904,7552,298,883,677,37,011,176,1012,264,29,310,279,1982,925,424,293,7552,5449,1252,844,7,7194,664,643,1272,1029,1048,1194,600,382,158,204,34918,57594,5305,44233,2854,15837,1380,33549,335,6442,148,3492,934,4625,308,150,760,607,676,1025,458,332,136,173,47644,68570,23465,2569,23650,36550,19672,33140,28586,-888888888,-888888888,-888888888,-888888888,-888888888,-888888888,-888888888,-888888888,-888888888,-888888888,-888888888,-888888888,-888888888,-888888888,-888888888,-888888888,-888888888,-888888888,-888888888,-888888888,-888888888,-888888888,-888888888,-888888888,-888888888,-888888888,-888888888,-888888888,-888888888,-888888888,-888888888,-888888888,-888888888,-888888888,-888888888,-888888888,-888888888,-888888888,-888888888,-888888888,-888888888,-888888888,-888888888
2010,Beaufort County; North Carolina,37822,22148,22127,19756,2371,21,15674,22127,-888888888,19958,10568,10568,9162,3551,2336,6249,4865,19287,15463,2565,56,316,258,629,26.8,19756,5872,3309,3998,3620,2957,19756,1443,2247,2804,37,013,419,2048,701,153,978,916,4736,1338,1097,876,19756,14659,3047,1987,63,20059,2148,1666,2743,2225,3148,3851,2099,1530,312,337,40653,53553,14432,53811,7916,14749,4546,20480,1341,6673,315,2912,2535,14131,881,860,1378,1581,2426,3132,1828,1414,299,332,49668,63563,22728,5928,19627,28081,24119,40286,30514,-888888888,-888888888,-888888888,-888888888,-888888888,-888888888,-888888888,-888888888,-888888888,-888888888,-888888888,-888888888,-888888888,-888888888,-888888888,-888888888,-888888888,-888888888,-888888888,-888888888,-888888888,-888888888,-888888888,-888888888,-888888888,-888888888,-888888888,-888888888,-888888888,-888888888,-888888888,-888888888,-888888888,-888888888,-888888888,-888888888,-888888888,-888888888,-888888888,-888888888,-888888888,-888888888,-888888888
2010,Bertie County; North Carolina,16892,9445,9440,8312,1128,5,7447,9440,-888888888,8754,4708,4708,3907,1477,1104,2776,2217,7984,5930,1371,5,264,159,255,25.7,8312,1832,1683,1643,1187,1967,8312,496,391,2043,37,015,210,827,347,24,117,339,2137,354,442,585,8312,6608,1295,409,0,8160,1261,930,1339,1080,1156,1260,566,362,155,51,29110,42324,5453,43072,3308,13017,1709,16540,881,6203,166,2872,1875,5483,502,339,922,728,922,1031,484,349,155,51,39443,51430,17614,2677,14788,22658,20426,30359,25226,-888888888,-888888888,-888888888,-888888888,-888888888,-888888888,-888888888,-888888888,-888888888,-888888888,-888888888,-888888888,-888888888,-888888888,-888888888,-888888888,-888888888,-888888888,-888888888,-888888888,-888888888,-888888888,-888888888,-888888888,-888888888,-888888888,-888888888,-888888888,-888888888,-888888888,-888888888,-888888888,-888888888,-888888888,-888888888,-888888888,-888888888,-888888888,-888888888,-888888888,-888888888,-888888888,-888888888
2010,Bladen County; North Carolina,27552,15052,15028,13581,1447,24,12500,15028,-888888888,14574,7392,7392,6609,2524,1788,5032,3668,13179,10320,2117,4,268,97,373,26.0,13581,3402,2159,2736,2369,2915,13581,1197,1027,3000,37,017,310,1331,595,177,750,659,2491,690,459,895,13581,10290,2447,799,45,13974,2256,1504,2300,1606,1891,2163,1241,685,123,205,30471,42755,9222,49342,5338,12849,2190,14741,1448,8080,277,2057,2629,9003,836,361,1477,1034,1523,1749,1094,607,123,199,41937,53572,17890,4971,13839,21272,23937,34470,25886,-888888888,-888888888,-888888888,-888888888,-888888888,-888888888,-888888888,-888888888,-888888888,-888888888,-888888888,-888888888,-888888888,-888888888,-888888888,-888888888,-888888888,-888888888,-888888888,-888888888,-888888888,-888888888,-888888888,-888888888,-888888888,-888888888,-888888888,-888888888,-888888888,-888888888,-888888888,-888888888,-888888888,-888888888,-888888888,-888888888,-888888888,-888888888,-888888888,-888888888,-888888888,-888888888,-888888888
2010,Brunswick County; North Carolina,84679,48803,48676,44009,4667,127,35876,48676,-888888888,43490,23207,23207,20785,6169,4501,11884,8427,42687,33880,5981,232,672,555,1367,24.2,44009,13082,8242,10396,6668,5621,44009,523,6590,3430,37,019,701,5750,2430,886,2895,4297,7665,4998,2207,1637,44009,34469,5493,3947,100,45409,3063,2898,5494,5461,7639,8805,5308,4366,1230,1145,45806,60004,32817,54065,17201,17224,13185,28258,1912,8046,516,3663,4342,31003,1312,1079,2994,3502,5193,6747,4258,3867,1099,952,54644,68412,26315,14406,29802,40118,24733,41632,32463,-888888888,-888888888,-888888888,-888888888,-888888888,-888888888,-888888888,-888888888,-888888888,-888888888,-888888888,-888888888,-888888888,-888888888,-888888888,-888888888,-888888888,-888888888,-888888888,-888888888,-888888888,-888888888,-888888888,-888888888,-888888888,-888888888,-888888888,-888888888,-888888888,-888888888,-888888888,-888888888,-888888888,-888888888,-888888888,-888888888,-888888888,-888888888,-888888888,-888888888,-888888888,-888888888,-888888888
2010,Buncombe County; North Carolina,190916,122630,122129,113559,8570,501,68286,122129,-888888888,100607,59322,59169,56093,15213,9491,30340,21582,110280,86334,12566,982,2490,1594,6314,20.7,113559,41149,21188,27040,11572,12610,113559,1089,9848,12144,37,021,2999,14235,3309,1642,6241,10252,28681,12884,5994,4241,113559,86951,16782,9637,189,99309,7213,6743,12810,12851,15970,19437,10764,8486,2422,2613,44190,59665,76877,57981,31621,15631,18396,20306,3541,7328,1525,1749,9198,60886,2510,2175,5893,6813,10051,13230,8707,7099,2105,2303,54981,71669,25665,38423,28549,39076,25243,38314,32292,-888888888,-888888888,-888888888,-888888888,-888888888,-888888888,-888888888,-888888888,-888888888,-888888888,-888888888,-888888888,-888888888,-888888888,-888888888,-888888888,-888888888,-888888888,-888888888,-888888888,-888888888,-888888888,-888888888,-888888888,-888888888,-888888888,-888888888,-888888888,-888888888,-888888888,-888888888,-888888888,-888888888,-888888888,-888888888,-888888888,-888888888,-888888888,-888888888,-888888888,-888888888,-888888888,-888888888
2010,Burke County; North Carolina,72956,43582,43518,38866,4652,64,29374,43518,-888888888,36857,20771,20771,18778,5709,3649,13313,10070,37853,31540,3992,94,466,372,1389,21.4,38866,10863,7957,7428,3992,8626,38866,275,2701,9213,37,023,1014,3712,1372,279,967,2028,10748,3065,1700,1792,38866,28476,7769,2598,23,34888,3338,2954,5421,4890,5412,6755,3424,1760,534,400,37139,48187,25624,48643,12868,14422,6964,16680,1644,6851,488,2213,4003,24168,1352,1100,2993,3363,4200,5660,3083,1574,462,381,46799,56664,19220,10720,19843,27315,23557,32443,29146,-888888888,-888888888,-888888888,-888888888,-888888888,-888888888,-888888888,-888888888,-888888888,-888888888,-888888888,-888888888,-888888888,-888888888,-888888888,-888888888,-888888888,-888888888,-888888888,-888888888,-888888888,-888888888,-888888888,-888888888,-888888888,-888888888,-888888888,-888888888,-888888888,-888888888,-888888888,-888888888,-888888888,-888888888,-888888888,-888888888,-888888888,-888888888,-888888888,-888888888,-888888888,-888888888,-888888888
2010,Cabarrus County; North Carolina,128724,89719,89531,81311,8220,188,39005,89531,-888888888,67029,42303,42281,38511,14567,9903,29899,22522,78825,66217,7728,381,482,773,3244,26.6,81311,28405,11241,22123,9075,10467,81311,459,7301,9159,37,025,3116,10159,4189,1623,7358,7761,17138,6636,4031,2381,81311,66725,9798,4631,157,63680,3548,3384,6662,6395,9752,12293,9018,7788,2584,2256,53928,69096,52902,69810,16412,15942,10247,16823,1540,8454,565,3253,5137,45065,1742,1157,3525,3680,6436,9517,7636,7005,2451,1916,65594,78881,26165,18615,30686,43150,31168,47126,36553,-888888888,-888888888,-888888888,-888888888,-888888888,-888888888,-888888888,-888888888,-888888888,-888888888,-888888888,-888888888,-888888888,-888888888,-888888888,-888888888,-888888888,-888888888,-888888888,-888888888,-888888888,-888888888,-888888888,-888888888,-888888888,-888888888,-888888888,-888888888,-888888888,-888888888,-888888888,-888888888,-888888888,-888888888,-888888888,-888888888,-888888888,-888888888,-888888888,-888888888,-888888888,-888888888,-888888888
2010,Caldwell County; North Carolina,65572,39646,39598,35439,4159,48,25926,39598,-888888888,33578,18002,18002,16091,5260,3080,12201,8687,34602,29264,3724,0,420,364,830,22.5,35439,8518,5182,7660,4355,9724,35439,406,2662,9801,37,027,1475,4215,1836,334,952,1800,7132,1938,1671,1217,35439,27737,5130,2498,74,31296,2911,2976,4561,4386,4532,6106,3015,2011,432,366,37261,49135,23412,50412,10650,14642,5197,16994,1071,8462,592,2494,3364,21667,1160,1163,2798,2744,3337,5258,2597,1844,425,341,48462,58116,19686,9629,20661,27382,25045,34390,29980,-888888888,-888888888,-888888888,-888888888,-888888888,-888888888,-888888888,-888888888,-888888888,-888888888,-888888888,-888888888,-888888888,-888888888,-888888888,-888888888,-888888888,-888888888,-888888888,-888888888,-888888888,-888888888,-888888888,-888888888,-888888888,-888888888,-888888888,-888888888,-888888888,-888888888,-888888888,-888888888,-888888888,-888888888,-888888888,-888888888,-888888888,-888888888,-888888888,-888888888,-888888888,-888888888,-888888888
2010,Camden County; North Carolina,7512,4734,4558,4247,311,176,2778,4558,-888888888,3754,2231,2231,2149,643,428,1777,1109,4250,3841,245,40,0,50,74,30.8,4247,1480,670,1052,738,307,4247,161,491,342,37,029,67,441,114,37,394,402,776,409,72,541,4247,3047,954,246,0,3442,168,111,200,464,477,696,459,702,143,22,61091,70040,2796,66960,1130,12986,931,22161,153,3672,79,701,328,2541,79,33,82,272,355,465,445,657,131,22,74320,80732,25544,901,28925,37133,34255,54614,36229,-888888888,-888888888,-888888888,-888888888,-888888888,-888888888,-888888888,-888888888,-888888888,-888888888,-888888888,-888888888,-888888888,-888888888,-888888888,-888888888,-888888888,-888888888,-888888888,-888888888,-888888888,-888888888,-888888888,-888888888,-888888888,-888888888,-888888888,-888888888,-888888888,-888888888,-888888888,-888888888,-888888888,-888888888,-888888888,-888888888,-888888888,-888888888,-888888888,-888888888,-888888888,-888888888,-888888888
2010,Carteret County; North Carolina,54248,33452,32504,29724,2780,948,20796,32504,-888888888,27743,15573,15302,13764,3850,2586,8073,5798,30046,23135,3960,115,673,787,1376,23.3,29724,9143,5390,7551,4562,3078,29724,521,3366,1936,37,031,749,3801,1370,369,1934,2532,5634,3331,1499,2682,29724,20131,6334,3206,53,28632,1923,1682,3821,2807,5240,5635,3394,2424,1082,624,46155,60178,21244,56830,9972,15206,7807,23613,1263,8401,532,2079,2447,18524,785,469,1806,1623,3210,4223,2851,2154,871,532,56842,70042,26791,10108,29619,40163,25567,41885,30584,-888888888,-888888888,-888888888,-888888888,-888888888,-888888888,-888888888,-888888888,-888888888,-888888888,-888888888,-888888888,-888888888,-888888888,-888888888,-888888888,-888888888,-888888888,-888888888,-888888888,-888888888,-888888888,-888888888,-888888888,-888888888,-888888888,-888888888,-888888888,-888888888,-888888888,-888888888,-888888888,-888888888,-888888888,-888888888,-888888888,-888888888,-888888888,-888888888,-888888888,-888888888,-888888888,-888888888
2010,Caswell County; North Carolina,19456,10792,10792,9281,1511,0,8664,10792,-888888888,9670,5211,5211,4548,1398,1001,3352,2272,8861,7245,1096,0,189,59,272,30.6,9281,2687,1521,1951,1203,1919,9281,350,807,1854,37,033,180,942,512,124,398,643,2134,499,463,375,9281,6984,1576,706,15,8788,884,952,1309,950,1588,1529,1033,430,14,99,36927,45266,6494,45950,3268,14014,1817,16094,536,6093,223,2228,1390,6345,390,442,794,735,1291,1336,853,391,14,99,44401,51927,17814,2443,18673,27032,21791,33318,30820,-888888888,-888888888,-888888888,-888888888,-888888888,-888888888,-888888888,-888888888,-888888888,-888888888,-888888888,-888888888,-888888888,-888888888,-888888888,-888888888,-888888888,-888888888,-888888888,-888888888,-888888888,-888888888,-888888888,-888888888,-888888888,-888888888,-888888888,-888888888,-888888888,-888888888,-888888888,-888888888,-888888888,-888888888,-888888888,-888888888,-888888888,-888888888,-888888888,-888888888,-888888888,-888888888,-888888888
2010,Catawba County; North Carolina,120252,78354,78285,71515,6770,69,41898,78285,-888888888,61941,36408,36408,33417,11214,7294,23907,17901,69896,60390,6015,109,647,771,1964,21.0,71515,21033,10700,17525,6226,16031,71515,437,4449,18478,37,035,2927,8310,3591,787,2900,4425,13982,5662,3421,2146,71515,59296,8012,4093,114,59251,4171,3951,7610,7925,10050,11384,6549,4858,1380,1373,43484,57653,46596,58481,17597,15569,8742,19367,1759,7583,795,2311,5818,40086,1461,1404,4212,4790,6739,9188,5465,4320,1294,1213,53285,67755,22969,19165,25986,34407,26258,37987,30708,-888888888,-888888888,-888888888,-888888888,-888888888,-888888888,-888888888,-888888888,-888888888,-888888888,-888888888,-888888888,-888888888,-888888888,-888888888,-888888888,-888888888,-888888888,-888888888,-888888888,-888888888,-888888888,-888888888,-888888888,-888888888,-888888888,-888888888,-888888888,-888888888,-888888888,-888888888,-888888888,-888888888,-888888888,-888888888,-888888888,-888888888,-888888888,-888888888,-888888888,-888888888,-888888888,-888888888
2010,Chatham County; North Carolina,49222,30900,30890,28832,2058,10,18322,30890,-888888888,25717,14526,14526,13572,4290,2634,8115,6101,28158,21378,3899,235,742,288,1616,26.1,28832,11702,4384,5435,3396,3915,28832,713,2226,4232,37,037,754,2647,951,482,1177,3192,7697,1994,1801,966,28832,20557,5470,2782,23,24877,1394,1451,2412,2884,2930,4962,3370,3181,1175,1118,56038,74170,19075,71350,8362,16637,5690,26875,490,7224,491,3773,1354,17465,498,602,1435,1841,2017,3543,2679,2757,1055,1038,66120,86020,29991,7412,31423,43278,27662,42964,36108,-888888888,-888888888,-888888888,-888888888,-888888888,-888888888,-888888888,-888888888,-888888888,-888888888,-888888888,-888888888,-888888888,-888888888,-888888888,-888888888,-888888888,-888888888,-888888888,-888888888,-888888888,-888888888,-888888888,-888888888,-888888888,-888888888,-888888888,-888888888,-888888888,-888888888,-888888888,-888888888,-888888888,-888888888,-888888888,-888888888,-888888888,-888888888,-888888888,-888888888,-888888888,-888888888,-888888888
2010,Cherokee County; North Carolina,22624,12038,12038,11363,675,0,10586,12038,-888888888,11674,5744,5744,5467,1510,1017,3593,2803,11059,9562,1100,0,169,42,186,21.6,11363,2949,2091,2275,2104,1944,11363,407,1608,1321,37,039,216,1264,404,147,562,831,2886,664,592,461,11363,8071,1909,1353,30,11497,1278,759,1706,1519,2031,2162,936,723,311,72,38144,48945,7839,49427,4811,15790,2598,19637,463,6561,143,2878,1182,8325,446,346,1131,1044,1652,1870,850,653,279,54,44949,54883,20747,3172,18600,31695,23474,36043,27123,-888888888,-888888888,-888888888,-888888888,-888888888,-888888888,-888888888,-888888888,-888888888,-888888888,-888888888,-888888888,-888888888,-888888888,-888888888,-888888888,-888888888,-888888888,-888888888,-888888888,-888888888,-888888888,-888888888,-888888888,-888888888,-888888888,-888888888,-888888888,-888888888,-888888888,-888888888,-888888888,-888888888,-888888888,-888888888,-888888888,-888888888,-888888888,-888888888,-888888888,-888888888,-888888888,-888888888
2010,Chowan County; North Carolina,11980,6667,6653,6008,645,14,5313,6653,-888888888,6276,2984,2970,2667,780,634,2002,1260,5923,4159,1104,12,172,335,141,28.5,6008,1645,1090,1456,1009,808,6008,235,815,769,37,041,128,595,287,39,267,326,1510,397,352,288,6008,4375,1055,578,0,5904,783,484,876,716,962,925,432,537,69,120,36761,49782,3970,53063,2510,13443,1417,15983,241,5453,160,1278,764,3842,289,155,597,414,610,757,375,457,69,119,45932,61016,20900,2062,16974,26704,22296,34255,24993,-888888888,-888888888,-888888888,-888888888,-888888888,-888888888,-888888888,-888888888,-888888888,-888888888,-888888888,-888888888,-888888888,-888888888,-888888888,-888888888,-888888888,-888888888,-888888888,-888888888,-888888888,-888888888,-888888888,-888888888,-888888888,-888888888,-888888888,-888888888,-888888888,-888888888,-888888888,-888888888,-888888888,-888888888,-888888888,-888888888,-888888888,-888888888,-888888888,-888888888,-888888888,-888888888,-888888888
2010,Clay County; North Carolina,8756,4521,4521,4120,401,0,4235,4521,-888888888,4472,2188,2188,2092,412,225,1349,925,3970,3243,533,0,28,56,110,23.5,4120,1212,732,945,682,549,4120,25,582,317,37,043,78,573,136,9,214,341,1078,335,218,214,4120,2680,785,655,0,4510,640,244,777,582,876,572,396,279,110,34,35109,45669,2970,44001,1954,14450,908,20728,197,9004,105,3967,503,2958,105,199,484,448,580,454,350,210,110,18,39406,52478,20474,1552,20761,31503,23434,30988,32857,-888888888,-888888888,-888888888,-888888888,-888888888,-888888888,-888888888,-888888888,-888888888,-888888888,-888888888,-888888888,-888888888,-888888888,-888888888,-888888888,-888888888,-888888888,-888888888,-888888888,-888888888,-888888888,-888888888,-888888888,-888888888,-888888888,-888888888,-888888888,-888888888,-888888888,-888888888,-888888888,-888888888,-888888888,-888888888,-888888888,-888888888,-888888888,-888888888,-888888888,-888888888,-888888888,-888888888
2010,Cleveland County; North Carolina,77284,46117,46097,40619,5478,20,31167,46097,-888888888,40805,21998,21998,19581,6570,4379,15337,11842,39473,34142,3318,67,607,425,914,22.6,40619,11453,6863,9481,4155,8667,40619,556,2699,8448,37,045,992,5023,2396,373,1334,2441,9484,3118,2295,1460,40619,32124,5915,2526,54,37679,3797,3340,5534,4934,5540,7242,3895,2354,576,467,38208,48946,28044,50468,12912,14875,7266,15974,2069,8296,784,2206,5397,26735,1731,1364,3285,3217,4455,6097,3390,2239,539,418,47460,57033,19284,10944,18883,27684,24303,37356,29198,-888888888,-888888888,-888888888,-888888888,-888888888,-888888888,-888888888,-888888888,-888888888,-888888888,-888888888,-888888888,-888888888,-888888888,-888888888,-888888888,-888888888,-888888888,-888888888,-888888888,-888888888,-888888888,-888888888,-888888888,-888888888,-888888888,-888888888,-888888888,-888888888,-888888888,-888888888,-888888888,-888888888,-888888888,-888888888,-888888888,-888888888,-888888888,-888888888,-888888888,-888888888,-888888888,-888888888
2010,Columbus County; North Carolina,44741,24676,24657,22083,2574,19,20065,24657,-888888888,22856,12072,12072,10861,3957,2193,8423,5794,21414,16923,3384,32,268,339,468,26.8,22083,5507,5115,4957,3260,3244,22083,752,2180,2508,37,047,679,2550,1259,245,1174,878,5794,1754,935,1375,22083,16753,3713,1596,21,21779,3105,1768,3316,2610,2953,3959,2221,1176,336,335,35421,47642,15301,50061,8256,13840,4522,16512,1799,7371,592,2058,3580,15068,1358,677,2000,1742,2402,3134,1973,1154,336,292,45193,56475,18784,6711,17465,26319,22993,35519,26894,-888888888,-888888888,-888888888,-888888888,-888888888,-888888888,-888888888,-888888888,-888888888,-888888888,-888888888,-888888888,-888888888,-888888888,-888888888,-888888888,-888888888,-888888888,-888888888,-888888888,-888888888,-888888888,-888888888,-888888888,-888888888,-888888888,-888888888,-888888888,-888888888,-888888888,-888888888,-888888888,-888888888,-888888888,-888888888,-888888888,-888888888,-888888888,-888888888,-888888888,-888888888,-888888888,-888888888
2010,Craven County; North Carolina,79218,49077,42860,38796,4064,6217,30141,42860,-888888888,39859,21721,21119,19112,8598,5186,13377,9422,43606,33125,6570,28,1573,788,1522,20.1,38796,11455,7390,9442,5459,5050,38796,789,2904,4380,37,049,751,3838,2019,683,1604,2983,8262,3962,1981,4640,38796,27082,9235,2463,16,40202,3598,2273,4946,5301,6227,7096,5324,3755,925,757,44599,58260,30444,53304,12788,15178,9915,26247,1759,8103,907,2521,4722,27918,1486,1139,2844,3235,4295,5705,4442,3279,811,682,53604,65889,24591,12284,27278,38824,25279,39599,29216,-888888888,-888888888,-888888888,-888888888,-888888888,-888888888,-888888888,-888888888,-888888888,-888888888,-888888888,-888888888,-888888888,-888888888,-888888888,-888888888,-888888888,-888888888,-888888888,-888888888,-888888888,-888888888,-888888888,-888888888,-888888888,-888888888,-888888888,-888888888,-888888888,-888888888,-888888888,-888888888,-888888888,-888888888,-888888888,-888888888,-888888888,-888888888,-888888888,-888888888,-888888888,-888888888,-888888888
2010,Cumberland County; North Carolina,237332,159200,131787,117667,14120,27413,78132,131787,-888888888,123845,74128,70697,63082,28789,17144,49427,35118,141071,114211,13650,577,4081,1845,6707,21.0,117667,37833,23191,30458,10990,15195,117667,1091,7171,10429,37,051,2706,15675,4892,2654,4827,8715,31169,11412,5961,10965,117667,81164,30271,6074,158,117311,10985,6243,13417,15730,19617,22484,12853,11307,2681,1994,43834,56376,97004,53874,26988,13969,26112,20578,5356,7346,3171,2159,14799,80379,5711,2715,8432,9555,13239,16528,10355,9843,2289,1712,50910,63171,22285,36932,30712,39070,26719,38932,30881,-888888888,-888888888,-888888888,-888888888,-888888888,-888888888,-888888888,-888888888,-888888888,-888888888,-888888888,-888888888,-888888888,-888888888,-888888888,-888888888,-888888888,-888888888,-888888888,-888888888,-888888888,-888888888,-888888888,-888888888,-888888888,-888888888,-888888888,-888888888,-888888888,-888888888,-888888888,-888888888,-888888888,-888888888,-888888888,-888888888,-888888888,-888888888,-888888888,-888888888,-888888888,-888888888,-888888888
2010,Currituck County; North Carolina,18364,12799,12507,11393,1114,292,5565,12507,-888888888,9321,5920,5902,5402,1691,1122,3680,2647,11442,9226,1396,36,150,214,420,32.0,11393,3531,1720,3110,2061,971,11393,124,1957,730,37,053,217,1816,540,134,962,857,1805,969,557,725,11393,8351,1944,1054,44,9396,398,473,905,1249,1053,2122,1442,1210,300,244,55376,66243,7730,62754,2648,13921,2400,22419,300,6880,141,2411,512,6747,233,130,515,715,623,1711,1231,1055,290,244,66213,75985,26083,2649,27512,38191,30069,42431,34730,-888888888,-888888888,-888888888,-888888888,-888888888,-888888888,-888888888,-888888888,-888888888,-888888888,-888888888,-888888888,-888888888,-888888888,-888888888,-888888888,-888888888,-888888888,-888888888,-888888888,-888888888,-888888888,-888888888,-888888888,-888888888,-888888888,-888888888,-888888888,-888888888,-888888888,-888888888,-888888888,-888888888,-888888888,-888888888,-888888888,-888888888,-888888888,-888888888,-888888888,-888888888,-888888888,-888888888
2010,Dare County; North Carolina,27680,19312,19179,17940,1239,133,8368,19179,-888888888,13819,8943,8943,8314,2148,1543,4386,3495,17663,13393,1900,52,398,408,1512,20.5,17940,6072,3254,4434,3221,959,17940,341,2401,831,37,055,319,2342,498,184,1850,1520,2382,3190,955,1127,17940,12595,3010,2186,149,15465,861,470,1496,1533,2893,3573,1812,1863,515,449,53889,68113,12846,59970,3971,15237,3116,31856,231,7835,163,931,608,9843,201,167,753,913,1584,2274,1656,1550,390,355,65778,79983,30327,5622,37310,43112,28997,38631,37029,-888888888,-888888888,-888888888,-888888888,-888888888,-888888888,-888888888,-888888888,-888888888,-888888888,-888888888,-888888888,-888888888,-888888888,-888888888,-888888888,-888888888,-888888888,-888888888,-888888888,-888888888,-888888888,-888888888,-888888888,-888888888,-888888888,-888888888,-888888888,-888888888,-888888888,-888888888,-888888888,-888888888,-888888888,-888888888,-888888888,-888888888,-888888888,-888888888,-888888888,-888888888,-888888888,-888888888
2010,Davidson County; North Carolina,126426,82395,82294,74623,7671,101,44031,82294,-888888888,65060,38795,38782,34749,11926,8709,24653,19589,72896,62987,7406,135,559,425,1384,22.6,74623,19976,10530,19641,8875,15601,74623,520,5701,18127,37,057,1937,8802,3844,1590,4152,5100,14597,5056,3396,1801,74623,62787,8296,3466,74,64484,5199,4632,8406,7903,9761,13272,7923,5291,1216,881,44249,54774,49899,56122,19775,15523,12512,16560,1964,8070,899,3184,7122,45158,2297,1649,4639,4749,7066,10737,7040,4991,1128,862,54652,64143,22268,19326,23734,30995,27432,39410,31769,-888888888,-888888888,-888888888,-888888888,-888888888,-888888888,-888888888,-888888888,-888888888,-888888888,-888888888,-888888888,-888888888,-888888888,-888888888,-888888888,-888888888,-888888888,-888888888,-888888888,-888888888,-888888888,-888888888,-888888888,-888888888,-888888888,-888888888,-888888888,-888888888,-888888888,-888888888,-888888888,-888888888,-888888888,-888888888,-888888888,-888888888,-888888888,-888888888,-888888888,-888888888,-888888888,-888888888
2010,Davie County; North Carolina,31961,19871,19856,18336,1520,15,12090,19856,-888888888,16612,9343,9343,8686,2677,1704,6573,4394,17980,15213,1534,49,324,120,740,23.9,18336,5872,2627,4697,2023,3117,18336,335,1359,3665,37,059,561,2315,872,291,1099,1272,3910,1205,1026,426,18336,15158,1991,1173,14,15832,967,640,1836,1880,2645,2822,2170,1647,633,592,49727,66194,12132,66655,5115,16466,3516,23271,287,7173,238,3332,1081,11890,374,182,1082,1275,1931,2518,1866,1498,621,543,61659,75460,26139,3942,26077,36788,30285,42527,32559,-888888888,-888888888,-888888888,-888888888,-888888888,-888888888,-888888888,-888888888,-888888888,-888888888,-888888888,-888888888,-888888888,-888888888,-888888888,-888888888,-888888888,-888888888,-888888888,-888888888,-888888888,-888888888,-888888888,-888888888,-888888888,-888888888,-888888888,-888888888,-888888888,-888888888,-888888888,-888888888,-888888888,-888888888,-888888888,-888888888,-888888888,-888888888,-888888888,-888888888,-888888888,-888888888,-888888888
2010,Duplin County; North Carolina,43780,26629,26606,24178,2428,23,17151,26606,-888888888,22546,12095,12095,10873,4346,3105,8636,5744,23831,18200,3995,59,652,343,582,23.8,24178,5489,4120,4798,5232,4539,24178,2971,2588,4143,37,061,583,2935,906,110,536,1266,4456,1461,1331,892,24178,18051,3793,2261,73,20969,2494,2235,3432,2907,3443,3028,2009,1035,228,158,32816,43074,15465,44947,7002,12831,3676,14475,1523,6725,399,3577,2781,13809,851,886,1962,2007,2475,2632,1624,991,236,145,40774,51982,16693,7160,16880,24358,20846,31669,25567,-888888888,-888888888,-888888888,-888888888,-888888888,-888888888,-888888888,-888888888,-888888888,-888888888,-888888888,-888888888,-888888888,-888888888,-888888888,-888888888,-888888888,-888888888,-888888888,-888888888,-888888888,-888888888,-888888888,-888888888,-888888888,-888888888,-888888888,-888888888,-888888888,-888888888,-888888888,-888888888,-888888888,-888888888,-888888888,-888888888,-888888888,-888888888,-888888888,-888888888,-888888888,-888888888,-888888888
2010,Durham County; North Carolina,205632,141272,141023,129486,11537,249,64360,141023,-888888888,109027,71839,71806,66366,22051,14992,32836,26034,126345,94954,16931,4232,3715,1642,4871,21.7,129486,62611,20506,26760,10756,8853,129486,323,8839,8142,37,063,2117,10773,3768,3597,7854,17052,46302,10888,5291,4540,129486,100079,23447,5811,149,105201,8760,5375,11214,11757,15580,19499,12184,13070,4029,3733,49894,66659,88770,65062,21597,15521,17003,22476,2992,7328,1665,2549,9903,62250,3148,2143,5223,5975,8380,11719,8828,10489,3186,3159,62890,79588,27503,42951,34323,45718,28627,43520,40638,-888888888,-888888888,-888888888,-888888888,-888888888,-888888888,-888888888,-888888888,-888888888,-888888888,-888888888,-888888888,-888888888,-888888888,-888888888,-888888888,-888888888,-888888888,-888888888,-888888888,-888888888,-888888888,-888888888,-888888888,-888888888,-888888888,-888888888,-888888888,-888888888,-888888888,-888888888,-888888888,-888888888,-888888888,-888888888,-888888888,-888888888,-888888888,-888888888,-888888888,-888888888,-888888888,-888888888
2010,Edgecombe County; North Carolina,43699,25314,25314,21804,3510,0,18385,25314,-888888888,24179,12844,12844,11068,4254,2948,8793,7075,21140,17208,2810,211,391,280,240,20.2,21804,4462,4106,5100,2451,5685,21804,790,1434,3881,37,065,599,2660,1466,757,825,1268,4737,1831,772,784,21804,17755,3253,755,41,21601,3145,2239,3378,2611,3326,3618,1820,1164,215,85,32665,42589,15171,45185,7929,13751,3866,14671,1820,7861,524,1540,4787,14499,1347,777,2043,1908,2408,3068,1548,1124,207,69,41857,50772,16747,7102,16621,24027,22179,32257,29048,-888888888,-888888888,-888888888,-888888888,-888888888,-888888888,-888888888,-888888888,-888888888,-888888888,-888888888,-888888888,-888888888,-888888888,-888888888,-888888888,-888888888,-888888888,-888888888,-888888888,-888888888,-888888888,-888888888,-888888888,-888888888,-888888888,-888888888,-888888888,-888888888,-888888888,-888888888,-888888888,-888888888,-888888888,-888888888,-888888888,-888888888,-888888888,-888888888,-888888888,-888888888,-888888888,-888888888
2010,Forsyth County; North Carolina,268715,173996,173758,160304,13454,238,94719,173758,-888888888,143721,85203,85138,79014,27249,18230,53022,39824,156728,131625,13061,1931,2495,2741,4875,20.3,160304,60000,26405,40286,13784,19829,160304,548,11242,20574,37,067,5795,17167,6984,2894,11878,15166,40989,14579,7599,4889,160304,133430,17963,8774,137,136612,11370,7821,16048,16448,20586,25662,15357,13809,4761,4750,46749,64404,107118,64805,37067,15910,26789,20419,3852,8043,2180,3196,11423,87701,4811,3160,7635,8710,11541,18768,12671,11922,4270,4213,59867,77653,26213,48911,28953,39014,28060,43615,34961,-888888888,-888888888,-888888888,-888888888,-888888888,-888888888,-888888888,-888888888,-888888888,-888888888,-888888888,-888888888,-888888888,-888888888,-888888888,-888888888,-888888888,-888888888,-888888888,-888888888,-888888888,-888888888,-888888888,-888888888,-888888888,-888888888,-888888888,-888888888,-888888888,-888888888,-888888888,-888888888,-888888888,-888888888,-888888888,-888888888,-888888888,-888888888,-888888888,-888888888,-888888888,-888888888,-888888888
2010,Franklin County; North Carolina,45695,29017,29017,26179,2838,0,16678,29017,-888888888,23297,13229,13229,11888,4336,2451,9056,6142,25373,20720,3053,69,406,285,840,32.4,26179,7931,3846,6162,4349,3891,26179,627,3825,3559,37,069,903,3165,1225,367,1139,1939,5466,1208,1197,1559,26179,19804,4466,1837,72,22765,1958,1585,2424,3370,3504,4214,3033,1871,559,247,43710,54139,18125,55517,7313,14083,3897,15384,1034,7737,359,2144,2885,16242,867,591,1188,2533,2662,3387,2539,1763,517,195,51591,61540,21331,6523,23431,34328,28100,39472,33895,-888888888,-888888888,-888888888,-888888888,-888888888,-888888888,-888888888,-888888888,-888888888,-888888888,-888888888,-888888888,-888888888,-888888888,-888888888,-888888888,-888888888,-888888888,-888888888,-888888888,-888888888,-888888888,-888888888,-888888888,-888888888,-888888888,-888888888,-888888888,-888888888,-888888888,-888888888,-888888888,-888888888,-888888888,-888888888,-888888888,-888888888,-888888888,-888888888,-888888888,-888888888,-888888888,-888888888
2010,Gaston County; North Carolina,159849,102178,102116,90475,11641,62,57671,102116,-888888888,84178,48767,48757,43341,14731,9876,30514,22743,88106,74500,8980,486,536,1524,2080,24.6,90475,27592,13725,22634,9815,16709,90475,320,7049,17025,37,071,3603,10236,5786,1538,5323,6771,18131,7323,4615,2755,90475,75911,10435,4059,70,77363,7116,5029,10000,9876,11806,14817,8490,6709,1799,1721,43253,56781,60551,58529,23077,15234,12844,16139,3952,8151,1615,2815,9768,54016,3091,2181,5430,6265,8377,11834,7595,6081,1638,1524,53366,65590,22305,23347,24046,34280,27233,42119,32473,-888888888,-888888888,-888888888,-888888888,-888888888,-888888888,-888888888,-888888888,-888888888,-888888888,-888888888,-888888888,-888888888,-888888888,-888888888,-888888888,-888888888,-888888888,-888888888,-888888888,-888888888,-888888888,-888888888,-888888888,-888888888,-888888888,-888888888,-888888888,-888888888,-888888888,-888888888,-888888888,-888888888,-888888888,-888888888,-888888888,-888888888,-888888888,-888888888,-888888888,-888888888,-888888888,-888888888
2010,Gates County; North Carolina,9408,5565,5539,5048,491,26,3843,5539,-888888888,4901,2688,2688,2369,858,550,2092,1566,4956,4079,494,24,72,218,69,39.2,5048,1519,673,987,923,946,5048,193,611,842,37,073,129,636,286,32,164,223,1221,211,153,347,5048,3560,1117,358,13,4406,411,281,712,390,603,806,603,509,37,54,45682,54399,3325,57231,1478,13218,1032,13440,149,8266,58,1757,709,3350,228,163,380,357,386,678,581,486,37,54,55559,62372,19893,1056,21020,27012,29630,41721,30052,-888888888,-888888888,-888888888,-888888888,-888888888,-888888888,-888888888,-888888888,-888888888,-888888888,-888888888,-888888888,-888888888,-888888888,-888888888,-888888888,-888888888,-888888888,-888888888,-888888888,-888888888,-888888888,-888888888,-888888888,-888888888,-888888888,-888888888,-888888888,-888888888,-888888888,-888888888,-888888888,-888888888,-888888888,-888888888,-888888888,-888888888,-888888888,-888888888,-888888888,-888888888,-888888888,-888888888
2010,Graham County; North Carolina,7034,3727,3727,3345,382,0,3307,3727,-888888888,3597,1846,1846,1690,726,433,1109,627,3217,2812,242,0,109,0,54,17.8,3345,711,838,724,545,527,3345,50,347,400,37,075,17,420,197,53,175,135,702,477,133,239,3345,2454,692,185,14,3784,538,315,727,698,563,468,240,120,70,45,28447,40463,2652,43645,1405,13498,738,13324,178,5917,95,5654,548,2494,169,176,410,496,446,403,159,120,70,45,34831,49062,17825,1290,17500,23782,22772,30996,28342,-888888888,-888888888,-888888888,-888888888,-888888888,-888888888,-888888888,-888888888,-888888888,-888888888,-888888888,-888888888,-888888888,-888888888,-888888888,-888888888,-888888888,-888888888,-888888888,-888888888,-888888888,-888888888,-888888888,-888888888,-888888888,-888888888,-888888888,-888888888,-888888888,-888888888,-888888888,-888888888,-888888888,-888888888,-888888888,-888888888,-888888888,-888888888,-888888888,-888888888,-888888888,-888888888,-888888888
2010,Granville County; North Carolina,46345,28238,28204,25907,2297,34,18107,28204,-888888888,21706,12590,12570,11549,3635,2641,8696,6903,25229,21554,2315,0,222,203,935,27.5,25907,7822,4600,6128,3011,4346,25907,654,1988,4649,37,077,773,3002,796,322,1279,2141,6354,1121,933,1895,25907,18543,5711,1497,156,19820,1484,1356,2302,2240,2861,4698,2146,2037,445,251,48210,57473,15670,58445,5545,14296,4027,15800,852,6481,425,2580,1966,14093,507,506,1343,1514,2104,3698,1873,1918,395,235,57203,65969,21733,5727,24769,33944,28678,39851,33288,-888888888,-888888888,-888888888,-888888888,-888888888,-888888888,-888888888,-888888888,-888888888,-888888888,-888888888,-888888888,-888888888,-888888888,-888888888,-888888888,-888888888,-888888888,-888888888,-888888888,-888888888,-888888888,-888888888,-888888888,-888888888,-888888888,-888888888,-888888888,-888888888,-888888888,-888888888,-888888888,-888888888,-888888888,-888888888,-888888888,-888888888,-888888888,-888888888,-888888888,-888888888,-888888888,-888888888
2010,Greene County; North Carolina,16892,9650,9574,8423,1151,76,7242,9574,-888888888,7809,4692,4692,4155,1595,1090,3138,2340,8207,6814,1036,0,26,172,159,24.4,8423,1705,2025,1706,1389,1598,8423,410,811,1445,37,079,125,722,321,142,245,302,2310,437,401,752,8423,5787,2022,605,9,7021,590,544,1097,786,1152,1476,737,480,152,7,41488,49580,5503,48146,2513,14214,1457,17959,436,7770,270,1633,1192,5252,292,207,719,537,990,1422,499,497,82,7,48409,54935,17362,1769,18250,28027,23285,33348,29505,-888888888,-888888888,-888888888,-888888888,-888888888,-888888888,-888888888,-888888888,-888888888,-888888888,-888888888,-888888888,-888888888,-888888888,-888888888,-888888888,-888888888,-888888888,-888888888,-888888888,-888888888,-888888888,-888888888,-888888888,-888888888,-888888888,-888888888,-888888888,-888888888,-888888888,-888888888,-888888888,-888888888,-888888888,-888888888,-888888888,-888888888,-888888888,-888888888,-888888888,-888888888,-888888888,-888888888
2010,Guilford County; North Carolina,376433,253514,253193,230715,22478,321,122919,253193,-888888888,200461,123434,123384,112749,35191,23364,72246,54499,224781,186284,20661,3482,3753,2852,7749,20.7,230715,80743,36853,64380,18922,29817,230715,878,13957,30580,37,081,9480,28331,12069,5263,20063,20387,51129,21677,10509,6392,230715,188426,29522,12530,237,189561,15946,10999,22979,23488,28665,33860,20600,19381,7001,6642,45676,64442,154447,63831,48213,15816,29949,20924,5437,7998,5516,3410,18579,119383,6381,4261,10687,12148,16942,23249,16551,16893,6459,5812,59367,78577,26267,70178,29173,38748,27522,42787,33708,-888888888,-888888888,-888888888,-888888888,-888888888,-888888888,-888888888,-888888888,-888888888,-888888888,-888888888,-888888888,-888888888,-888888888,-888888888,-888888888,-888888888,-888888888,-888888888,-888888888,-888888888,-888888888,-888888888,-888888888,-888888888,-888888888,-888888888,-888888888,-888888888,-888888888,-888888888,-888888888,-888888888,-888888888,-888888888,-888888888,-888888888,-888888888,-888888888,-888888888,-888888888,-888888888,-888888888
2010,Halifax County; North Carolina,43933,23906,23846,20773,3073,60,20027,23846,-888888888,23271,12242,12200,10780,3947,2871,8429,6245,20149,17128,2189,48,275,133,376,21.6,20773,5615,4165,4761,2387,3845,20773,606,1504,3246,37,083,359,2678,961,244,739,1105,5088,1663,954,1626,20773,14949,4421,1362,41,21590,3203,2022,4156,2657,2763,3507,1571,1209,285,217,30439,43204,14489,45912,9139,13342,3855,17747,2252,6700,442,3182,5100,14307,1320,681,2499,1968,1950,3019,1390,1030,233,217,40569,52002,17223,7283,16491,24066,22131,34088,27215,-888888888,-888888888,-888888888,-888888888,-888888888,-888888888,-888888888,-888888888,-888888888,-888888888,-888888888,-888888888,-888888888,-888888888,-888888888,-888888888,-888888888,-888888888,-888888888,-888888888,-888888888,-888888888,-888888888,-888888888,-888888888,-888888888,-888888888,-888888888,-888888888,-888888888,-888888888,-888888888,-888888888,-888888888,-888888888,-888888888,-888888888,-888888888,-888888888,-888888888,-888888888,-888888888,-888888888
2010,Harnett County; North Carolina,82406,52018,49068,44272,4796,2950,30388,49068,-888888888,42729,23833,23435,20935,9445,5538,18558,12659,45627,37234,5658,121,647,721,1246,27.9,44272,12527,7771,10085,6726,7163,44272,1055,4457,6853,37,085,993,5673,1579,582,1837,3360,9627,2877,1813,3566,44272,32951,8691,2576,54,39111,3780,2928,4534,4894,6152,7745,4823,3236,684,335,42853,51577,31162,52275,10319,13640,7539,17463,1358,6856,614,2500,4475,27922,1632,1046,2854,3300,4437,6607,4296,2802,677,271,52708,59150,19274,11189,22046,30288,25904,41211,29414,-888888888,-888888888,-888888888,-888888888,-888888888,-888888888,-888888888,-888888888,-888888888,-888888888,-888888888,-888888888,-888888888,-888888888,-888888888,-888888888,-888888888,-888888888,-888888888,-888888888,-888888888,-888888888,-888888888,-888888888,-888888888,-888888888,-888888888,-888888888,-888888888,-888888888,-888888888,-888888888,-888888888,-888888888,-888888888,-888888888,-888888888,-888888888,-888888888,-888888888,-888888888,-888888888,-888888888
2010,Haywood County; North Carolina,48214,28171,28103,26295,1808,68,20043,28103,-888888888,25283,13280,13280,12366,3202,2256,7666,5865,25726,20992,2712,79,375,286,1282,22.3,26295,8081,4289,6532,3858,3535,26295,191,3041,3416,37,087,771,3525,1207,374,1531,1518,5904,2466,1488,863,26295,19851,3786,2620,38,26445,1883,2277,3518,3491,4298,5040,2988,1983,551,416,41377,54482,18514,53852,10525,15928,6904,22032,1036,7661,498,3626,2309,18125,527,733,1958,2274,3273,4026,2573,1847,523,391,51596,64649,24233,8320,22048,31028,26187,37017,31155,-888888888,-888888888,-888888888,-888888888,-888888888,-888888888,-888888888,-888888888,-888888888,-888888888,-888888888,-888888888,-888888888,-888888888,-888888888,-888888888,-888888888,-888888888,-888888888,-888888888,-888888888,-888888888,-888888888,-888888888,-888888888,-888888888,-888888888,-888888888,-888888888,-888888888,-888888888,-888888888,-888888888,-888888888,-888888888,-888888888,-888888888,-888888888,-888888888,-888888888,-888888888,-888888888,-888888888
2010,Henderson County; North Carolina,84954,49390,49315,45759,3556,75,35564,49315,-888888888,44477,23358,23293,21774,7145,4118,13117,9315,44195,35413,5527,42,748,408,2057,21.0,45759,15004,8290,10407,5206,6852,45759,467,4071,6225,37,089,1093,5826,1696,555,2543,4261,10797,3720,3040,1465,45759,35974,5148,4492,145,45109,2899,2939,5321,5653,7112,9100,5981,3958,1108,1038,46446,59969,32162,55914,17860,16947,11396,23039,1146,6879,815,3181,3287,30337,1000,1137,2335,3320,4643,7370,5237,3360,1000,935,58381,70896,26061,14772,26641,35641,25658,40073,31309,-888888888,-888888888,-888888888,-888888888,-888888888,-888888888,-888888888,-888888888,-888888888,-888888888,-888888888,-888888888,-888888888,-888888888,-888888888,-888888888,-888888888,-888888888,-888888888,-888888888,-888888888,-888888888,-888888888,-888888888,-888888888,-888888888,-888888888,-888888888,-888888888,-888888888,-888888888,-888888888,-888888888,-888888888,-888888888,-888888888,-888888888,-888888888,-888888888,-888888888,-888888888,-888888888,-888888888
2010,Hertford County; North Carolina,19596,10303,10295,9030,1265,8,9293,10295,-888888888,10071,5494,5494,4765,1690,1169,3134,2347,8673,6815,1523,16,92,143,84,23.1,9030,2478,1837,1899,975,1841,9030,282,384,1825,37,091,114,1191,422,55,236,408,2781,444,242,646,9030,6708,1969,353,0,9007,1457,805,1486,1323,1186,1233,801,589,59,68,30878,43303,6031,47434,3528,13101,1852,15140,924,6584,241,2419,1936,5913,536,401,919,775,927,995,715,526,57,62,39973,52532,17002,3094,16360,23735,21568,32209,28750,-888888888,-888888888,-888888888,-888888888,-888888888,-888888888,-888888888,-888888888,-888888888,-888888888,-888888888,-888888888,-888888888,-888888888,-888888888,-888888888,-888888888,-888888888,-888888888,-888888888,-888888888,-888888888,-888888888,-888888888,-888888888,-888888888,-888888888,-888888888,-888888888,-888888888,-888888888,-888888888,-888888888,-888888888,-888888888,-888888888,-888888888,-888888888,-888888888,-888888888,-888888888,-888888888,-888888888
2010,Hoke County; North Carolina,31913,20313,18144,16292,1852,2169,11600,18144,-888888888,16497,9737,9369,8553,5063,3245,7711,5397,18015,15064,1782,15,319,439,396,25.1,16292,4227,3694,3724,2151,2496,16292,572,1131,2140,37,093,204,1877,611,254,581,1181,3633,1764,677,1667,16292,11525,3677,1054,36,14232,1147,1251,1771,1843,2296,2788,1657,1204,234,41,42927,51156,11835,50274,3119,11468,2720,20909,755,7348,198,3278,1941,10557,557,765,1189,1359,1694,2399,1350,1028,206,10,47281,54333,17630,3675,26583,38555,25292,37488,30592,-888888888,-888888888,-888888888,-888888888,-888888888,-888888888,-888888888,-888888888,-888888888,-888888888,-888888888,-888888888,-888888888,-888888888,-888888888,-888888888,-888888888,-888888888,-888888888,-888888888,-888888888,-888888888,-888888888,-888888888,-888888888,-888888888,-888888888,-888888888,-888888888,-888888888,-888888888,-888888888,-888888888,-888888888,-888888888,-888888888,-888888888,-888888888,-888888888,-888888888,-888888888,-888888888,-888888888
2010,Hyde County; North Carolina,4703,2055,2055,1956,99,0,2648,2055,-888888888,1851,1076,1076,1026,223,158,808,650,1799,1140,365,18,108,29,139,25.5,1956,540,446,513,211,246,1956,330,82,105,37,095,46,145,102,0,41,162,464,179,77,223,1956,1037,574,342,3,1921,241,180,149,251,402,378,211,99,0,10,38265,44956,1381,44869,747,13603,357,17976,111,6618,27,5707,327,1315,82,166,142,58,301,308,149,99,0,10,44406,49745,14992,606,31097,34081,17437,36631,17830,-888888888,-888888888,-888888888,-888888888,-888888888,-888888888,-888888888,-888888888,-888888888,-888888888,-888888888,-888888888,-888888888,-888888888,-888888888,-888888888,-888888888,-888888888,-888888888,-888888888,-888888888,-888888888,-888888888,-888888888,-888888888,-888888888,-888888888,-888888888,-888888888,-888888888,-888888888,-888888888,-888888888,-888888888,-888888888,-888888888,-888888888,-888888888,-888888888,-888888888,-888888888,-888888888,-888888888
2010,Iredell County; North Carolina,119511,78640,78402,71592,6810,238,40871,78402,-888888888,61361,36012,36012,32702,11791,7190,25674,17823,69933,58887,6689,259,496,689,2913,24.0,71592,20701,10617,17964,8049,14261,71592,729,5153,13288,37,097,2774,10231,3552,987,3928,5344,13677,6475,3501,1953,71592,60045,6937,4362,248,58006,4239,3200,6857,6237,8995,10697,7826,6211,1828,1916,48962,66138,46088,67294,16454,15801,9521,20027,1482,8850,695,3498,3764,41363,1847,1150,3698,4187,6002,8820,6717,5652,1590,1700,59639,75966,25610,16643,26860,39184,28013,45949,31965,-888888888,-888888888,-888888888,-888888888,-888888888,-888888888,-888888888,-888888888,-888888888,-888888888,-888888888,-888888888,-888888888,-888888888,-888888888,-888888888,-888888888,-888888888,-888888888,-888888888,-888888888,-888888888,-888888888,-888888888,-888888888,-888888888,-888888888,-888888888,-888888888,-888888888,-888888888,-888888888,-888888888,-888888888,-888888888,-888888888,-888888888,-888888888,-888888888,-888888888,-888888888,-888888888,-888888888
2010,Jackson County; North Carolina,32843,19156,19104,17831,1273,52,13687,19104,-888888888,16712,9402,9402,8955,2260,1677,4283,3122,17505,13837,2168,71,854,197,378,19.7,17831,5556,4549,4182,2167,1377,17831,214,2012,606,37,099,134,1953,610,79,800,1223,5046,3688,935,531,17831,12226,4308,1256,41,15866,2297,1195,1981,1838,2431,3056,1560,977,290,241,37190,48955,12181,45944,4990,14353,2871,23212,548,6890,223,1770,1459,9780,520,538,1102,1209,1563,2361,1161,898,260,168,49500,59579,20228,6086,20568,30358,18976,36758,27632,-888888888,-888888888,-888888888,-888888888,-888888888,-888888888,-888888888,-888888888,-888888888,-888888888,-888888888,-888888888,-888888888,-888888888,-888888888,-888888888,-888888888,-888888888,-888888888,-888888888,-888888888,-888888888,-888888888,-888888888,-888888888,-888888888,-888888888,-888888888,-888888888,-888888888,-888888888,-888888888,-888888888,-888888888,-888888888,-888888888,-888888888,-888888888,-888888888,-888888888,-888888888,-888888888,-888888888
2010,Johnston County; North Carolina,120852,82851,82521,76095,6426,330,38001,82521,-888888888,62208,38118,38105,35361,14430,9347,28426,20924,74674,60477,10052,100,542,847,2656,28.2,76095,24541,10531,20152,11602,9269,76095,1208,9726,8902,37,101,3106,9058,3966,1259,4853,6281,13716,4924,3727,5369,76095,56860,13624,5427,184,59093,3865,3854,6886,6545,8509,12504,7678,6909,1403,940,49745,59418,48657,60496,14808,14454,9429,16981,2408,8007,1291,2758,5915,43426,1610,1770,4274,4649,5892,9714,7101,6314,1283,819,58187,67154,22437,15667,27173,34678,30507,42752,33726,-888888888,-888888888,-888888888,-888888888,-888888888,-888888888,-888888888,-888888888,-888888888,-888888888,-888888888,-888888888,-888888888,-888888888,-888888888,-888888888,-888888888,-888888888,-888888888,-888888888,-888888888,-888888888,-888888888,-888888888,-888888888,-888888888,-888888888,-888888888,-888888888,-888888888,-888888888,-888888888,-888888888,-888888888,-888888888,-888888888,-888888888,-888888888,-888888888,-888888888,-888888888,-888888888,-888888888
2010,Jones County; North Carolina,8071,4652,4599,4198,401,53,3419,4599,-888888888,4246,2189,2177,1960,688,449,1382,954,4127,3045,762,24,93,81,122,28.3,4198,1104,742,953,684,715,4198,393,420,550,37,103,206,447,143,25,142,285,1006,303,84,194,4198,3239,756,203,0,4086,347,291,607,626,712,767,433,209,36,58,38354,48235,2990,45398,1689,14569,1021,20194,233,7315,145,1673,601,2771,123,182,364,370,509,583,365,181,36,58,45876,55234,20066,1315,27730,31628,23574,35769,26831,-888888888,-888888888,-888888888,-888888888,-888888888,-888888888,-888888888,-888888888,-888888888,-888888888,-888888888,-888888888,-888888888,-888888888,-888888888,-888888888,-888888888,-888888888,-888888888,-888888888,-888888888,-888888888,-888888888,-888888888,-888888888,-888888888,-888888888,-888888888,-888888888,-888888888,-888888888,-888888888,-888888888,-888888888,-888888888,-888888888,-888888888,-888888888,-888888888,-888888888,-888888888,-888888888,-888888888
2010,Lee County; North Carolina,42828,28105,27815,25101,2714,290,14723,27815,-888888888,21945,13647,13614,12060,4594,3313,8853,6888,24799,19559,3903,72,190,461,614,22.2,25101,6969,3863,5640,2892,5737,25101,377,2184,6674,37,105,868,3020,847,249,788,1540,4685,1560,1155,1154,25101,20314,3677,1095,15,20986,1877,1290,2666,2378,3471,4038,2511,2031,533,191,44120,54666,16366,54576,6487,15047,4047,18007,713,7776,316,2992,2039,14771,846,435,1365,1886,2285,3255,2109,1883,516,191,53375,63500,21061,6215,22466,31774,25811,38352,29163,-888888888,-888888888,-888888888,-888888888,-888888888,-888888888,-888888888,-888888888,-888888888,-888888888,-888888888,-888888888,-888888888,-888888888,-888888888,-888888888,-888888888,-888888888,-888888888,-888888888,-888888888,-888888888,-888888888,-888888888,-888888888,-888888888,-888888888,-888888888,-888888888,-888888888,-888888888,-888888888,-888888888,-888888888,-888888888,-888888888,-888888888,-888888888,-888888888,-888888888,-888888888,-888888888,-888888888
2010,Lenoir County; North Carolina,46639,27965,27848,25309,2539,117,18674,27848,-888888888,24948,13616,13567,12542,4296,3204,8832,6519,24418,18671,4054,155,396,413,729,22.3,25309,6964,4963,4989,3510,4883,25309,897,1999,4442,37,107,635,2337,892,290,781,1185,7485,1755,1299,1312,25309,18198,5358,1689,64,24142,3281,2248,3501,3554,3624,3757,2325,1338,314,200,33625,45448,17963,45039,8446,13890,4967,17020,1407,6400,349,3754,4407,15955,1074,1355,1971,2188,2565,2976,2135,1262,265,164,42317,53526,19017,8187,18772,27758,22898,33212,28064,-888888888,-888888888,-888888888,-888888888,-888888888,-888888888,-888888888,-888888888,-888888888,-888888888,-888888888,-888888888,-888888888,-888888888,-888888888,-888888888,-888888888,-888888888,-888888888,-888888888,-888888888,-888888888,-888888888,-888888888,-888888888,-888888888,-888888888,-888888888,-888888888,-888888888,-888888888,-888888888,-888888888,-888888888,-888888888,-888888888,-888888888,-888888888,-888888888,-888888888,-888888888,-888888888,-888888888
2010,Lincoln County; North Carolina,59798,38676,38623,34829,3794,53,21122,38623,-888888888,30334,17985,17970,16108,5311,3846,11959,9009,33923,28458,3725,94,246,379,1021,28.8,34829,9775,4789,8694,4276,7295,34829,468,3119,7011,37,109,1299,4140,2590,512,2165,2393,6075,2401,1431,1225,34829,28470,4083,2263,13,29407,1837,1759,3996,3403,4571,5824,3156,3155,1033,673,47450,60170,23428,60557,9176,15547,5199,17867,927,7349,497,3244,2849,21824,1024,624,2516,2492,3262,4575,2821,2889,969,652,54765,68066,23560,7583,25879,34400,27673,42330,31199,-888888888,-888888888,-888888888,-888888888,-888888888,-888888888,-888888888,-888888888,-888888888,-888888888,-888888888,-888888888,-888888888,-888888888,-888888888,-888888888,-888888888,-888888888,-888888888,-888888888,-888888888,-888888888,-888888888,-888888888,-888888888,-888888888,-888888888,-888888888,-888888888,-888888888,-888888888,-888888888,-888888888,-888888888,-888888888,-888888888,-888888888,-888888888,-888888888,-888888888,-888888888,-888888888,-888888888
2010,McDowell County; North Carolina,35773,21418,21385,19330,2055,33,14355,21385,-888888888,18044,10098,10098,9112,3233,2151,5929,4394,18763,15138,2614,0,342,142,527,22.6,19330,5376,3577,3816,2211,4350,19330,427,1469,4825,37,111,322,1939,826,121,523,949,4463,1669,816,981,19330,14691,3460,1177,2,17560,1768,1630,2976,2418,2574,3280,1652,927,139,196,34953,45156,12370,47811,6788,14677,3389,13289,614,6875,236,4478,2022,11512,685,518,1487,1476,1913,2825,1494,814,139,161,47243,54161,18798,6048,20049,25684,24139,35371,29417,-888888888,-888888888,-888888888,-888888888,-888888888,-888888888,-888888888,-888888888,-888888888,-888888888,-888888888,-888888888,-888888888,-888888888,-888888888,-888888888,-888888888,-888888888,-888888888,-888888888,-888888888,-888888888,-888888888,-888888888,-888888888,-888888888,-888888888,-888888888,-888888888,-888888888,-888888888,-888888888,-888888888,-888888888,-888888888,-888888888,-888888888,-888888888,-888888888,-888888888,-888888888,-888888888,-888888888
2010,Macon County; North Carolina,28054,15756,15756,14553,1203,0,12298,15756,-888888888,14544,7185,7185,6680,1841,1035,4001,2405,14076,11190,1977,0,190,104,615,21.4,14553,4350,2640,3479,2721,1363,14553,238,2235,1257,37,113,181,1994,504,258,1006,1229,2819,1515,911,406,14553,11028,1878,1585,62,15780,1451,1357,1882,2412,2870,2885,1454,875,199,395,38615,56495,11005,49541,6450,16464,3445,25513,671,5987,192,2832,1770,10535,665,534,993,1495,1991,2278,1248,825,191,315,46702,65498,26156,5245,24218,36578,23024,35231,28230,-888888888,-888888888,-888888888,-888888888,-888888888,-888888888,-888888888,-888888888,-888888888,-888888888,-888888888,-888888888,-888888888,-888888888,-888888888,-888888888,-888888888,-888888888,-888888888,-888888888,-888888888,-888888888,-888888888,-888888888,-888888888,-888888888,-888888888,-888888888,-888888888,-888888888,-888888888,-888888888,-888888888,-888888888,-888888888,-888888888,-888888888,-888888888,-888888888,-888888888,-888888888,-888888888,-888888888
2010,Madison County; North Carolina,16862,9227,9227,8591,636,0,7635,9227,-888888888,8587,4415,4415,4108,1221,692,2587,1726,8214,6325,1091,0,249,14,535,31.5,8591,2333,1605,2185,1035,1433,8591,190,777,1151,37,115,245,1093,429,70,337,520,2485,736,289,269,8591,6467,1345,779,0,8002,893,563,1362,871,1126,1719,857,418,139,54,38580,47348,5672,47728,3477,13684,1603,20239,499,7017,124,4084,778,5646,276,301,747,673,839,1485,839,332,113,41,49838,54296,18792,2356,19596,29303,23535,35866,27963,-888888888,-888888888,-888888888,-888888888,-888888888,-888888888,-888888888,-888888888,-888888888,-888888888,-888888888,-888888888,-888888888,-888888888,-888888888,-888888888,-888888888,-888888888,-888888888,-888888888,-888888888,-888888888,-888888888,-888888888,-888888888,-888888888,-888888888,-888888888,-888888888,-888888888,-888888888,-888888888,-888888888,-888888888,-888888888,-888888888,-888888888,-888888888,-888888888,-888888888,-888888888,-888888888,-888888888
2010,Martin County; North Carolina,19741,11339,11330,10186,1144,9,8402,11330,-888888888,10666,5693,5693,5304,1349,873,3445,2638,9902,7877,1344,0,325,131,225,23.5,10186,2756,1876,2342,1426,1786,10186,468,673,1683,37,117,274,992,423,128,466,733,2750,717,360,519,10186,7582,1873,665,66,9954,1297,1006,1511,1190,1560,1827,880,474,119,90,34766,44361,6969,46321,3502,14289,2291,17659,709,7280,166,1954,1479,6883,553,570,915,811,1062,1531,832,456,99,54,43293,50988,18728,3071,19236,28010,22440,35186,26465,-888888888,-888888888,-888888888,-888888888,-888888888,-888888888,-888888888,-888888888,-888888888,-888888888,-888888888,-888888888,-888888888,-888888888,-888888888,-888888888,-888888888,-888888888,-888888888,-888888888,-888888888,-888888888,-888888888,-888888888,-888888888,-888888888,-888888888,-888888888,-888888888,-888888888,-888888888,-888888888,-888888888,-888888888,-888888888,-888888888,-888888888,-888888888,-888888888,-888888888,-888888888,-888888888,-888888888
2010,Mecklenburg County; North Carolina,680404,498648,497840,454035,43805,808,181756,497840,-888888888,356044,237593,237446,216608,77771,51337,136284,99383,444552,341922,53318,14593,8136,4784,21799,24.7,454035,183499,65745,122426,36262,46103,454035,912,34880,37411,37,119,17087,49022,24950,12447,63660,55078,84602,42625,22060,9301,454035,385624,43838,23876,697,350392,20640,14883,34132,36166,51564,68960,41710,45230,17222,19885,55294,79041,304643,77996,64361,16093,42910,20985,7878,7989,5514,3480,29048,218847,9030,5928,17272,18121,28239,42749,29645,35917,14561,17385,67375,93896,31848,131545,39101,52115,31834,48632,38471,-888888888,-888888888,-888888888,-888888888,-888888888,-888888888,-888888888,-888888888,-888888888,-888888888,-888888888,-888888888,-888888888,-888888888,-888888888,-888888888,-888888888,-888888888,-888888888,-888888888,-888888888,-888888888,-888888888,-888888888,-888888888,-888888888,-888888888,-888888888,-888888888,-888888888,-888888888,-888888888,-888888888,-888888888,-888888888,-888888888,-888888888,-888888888,-888888888,-888888888,-888888888,-888888888,-888888888
2010,Mitchell County; North Carolina,13097,7202,7194,6495,699,8,5895,7194,-888888888,6656,3239,3239,2811,781,573,1938,1211,6370,5094,888,0,80,16,292,25.9,6495,1535,1067,1174,1276,1443,6495,444,727,1232,37,121,218,611,279,100,219,160,1473,409,211,412,6495,4793,1138,552,12,6812,842,668,1177,886,1273,975,533,316,102,40,32743,42035,4489,46052,2896,13825,1573,12945,503,7134,35,271,863,4601,252,194,638,638,1158,855,424,300,102,40,41727,51313,18804,2211,15339,21993,22983,31582,26250,-888888888,-888888888,-888888888,-888888888,-888888888,-888888888,-888888888,-888888888,-888888888,-888888888,-888888888,-888888888,-888888888,-888888888,-888888888,-888888888,-888888888,-888888888,-888888888,-888888888,-888888888,-888888888,-888888888,-888888888,-888888888,-888888888,-888888888,-888888888,-888888888,-888888888,-888888888,-888888888,-888888888,-888888888,-888888888,-888888888,-888888888,-888888888,-888888888,-888888888,-888888888,-888888888,-888888888
2010,Montgomery County; North Carolina,21433,12420,12412,11026,1386,8,9013,12412,-888888888,10982,5488,5488,4856,1927,1398,3910,2788,10749,8937,1407,36,150,55,164,25.5,11026,2772,2018,1664,1275,3297,11026,382,996,2841,37,123,320,840,364,43,416,613,2418,800,556,437,11026,8172,1846,995,13,9853,1184,1112,1676,1123,1502,1541,691,639,204,181,33861,48312,7050,51993,3555,13935,1673,18661,476,7267,153,2767,1277,6495,496,348,954,747,1084,1337,700,577,115,137,43740,57625,18618,3358,17347,27942,21760,34783,28013,-888888888,-888888888,-888888888,-888888888,-888888888,-888888888,-888888888,-888888888,-888888888,-888888888,-888888888,-888888888,-888888888,-888888888,-888888888,-888888888,-888888888,-888888888,-888888888,-888888888,-888888888,-888888888,-888888888,-888888888,-888888888,-888888888,-888888888,-888888888,-888888888,-888888888,-888888888,-888888888,-888888888,-888888888,-888888888,-888888888,-888888888,-888888888,-888888888,-888888888,-888888888,-888888888,-888888888
2010,Moore County; North Carolina,69291,38676,37831,34055,3776,845,30615,37831,-888888888,36788,18099,18071,16285,5651,3983,11942,8816,33803,28238,3381,31,444,462,1247,22.5,34055,11829,7841,7316,3567,3502,34055,910,2998,3021,37,125,620,3858,1093,612,1507,2957,8536,4113,1966,1864,34055,25443,5269,3235,108,34030,2424,2156,3936,4067,4896,6840,4476,3291,875,1069,48319,62370,22663,60897,14332,16903,9179,25895,1062,7378,628,4605,2335,23167,958,525,1884,2278,3366,5569,3943,2881,777,986,61068,74650,25786,10863,25385,34996,26461,43369,31342,-888888888,-888888888,-888888888,-888888888,-888888888,-888888888,-888888888,-888888888,-888888888,-888888888,-888888888,-888888888,-888888888,-888888888,-888888888,-888888888,-888888888,-888888888,-888888888,-888888888,-888888888,-888888888,-888888888,-888888888,-888888888,-888888888,-888888888,-888888888,-888888888,-888888888,-888888888,-888888888,-888888888,-888888888,-888888888,-888888888,-888888888,-888888888,-888888888,-888888888,-888888888,-888888888,-888888888
2010,Nash County; North Carolina,74139,47732,47662,43648,4014,70,26407,47662,-888888888,38922,23315,23305,21317,6484,4751,15187,11836,42272,35397,4903,277,491,373,831,21.0,43648,13360,6105,11843,4636,7704,43648,1133,2988,7340,37,127,2022,5721,2053,957,2665,2932,9187,3215,1750,1685,43648,34804,6883,1837,124,37762,3512,2648,4363,4396,6288,6876,4229,3589,883,978,44499,58552,29245,60922,11465,14618,6726,18121,2352,6857,647,2293,5453,25403,1497,920,2413,2515,4278,5206,3665,3247,806,856,55186,69439,23909,12359,26720,33774,28612,42151,33513,-888888888,-888888888,-888888888,-888888888,-888888888,-888888888,-888888888,-888888888,-888888888,-888888888,-888888888,-888888888,-888888888,-888888888,-888888888,-888888888,-888888888,-888888888,-888888888,-888888888,-888888888,-888888888,-888888888,-888888888,-888888888,-888888888,-888888888,-888888888,-888888888,-888888888,-888888888,-888888888,-888888888,-888888888,-888888888,-888888888,-888888888,-888888888,-888888888,-888888888,-888888888,-888888888,-888888888
2010,New Hanover County; North Carolina,162037,108140,107667,99334,8333,473,53897,107667,-888888888,84669,52708,52679,48992,12818,8934,24713,17724,97128,79885,9118,623,1811,1701,3990,19.8,99334,36623,19725,25440,9121,8425,99334,175,8560,7004,37,129,2961,11405,3756,3000,6738,11501,23114,13136,5074,2910,99334,79198,12789,7160,187,83679,7580,4645,9421,8829,12437,16036,9247,9016,3041,3427,48553,67902,66537,66071,22667,16498,15899,22835,2763,8205,1802,4537,6943,48870,1988,1724,3741,3782,6937,10626,7198,7598,2538,2738,65188,85024,29363,34809,30160,42678,25776,43586,34019,-888888888,-888888888,-888888888,-888888888,-888888888,-888888888,-888888888,-888888888,-888888888,-888888888,-888888888,-888888888,-888888888,-888888888,-888888888,-888888888,-888888888,-888888888,-888888888,-888888888,-888888888,-888888888,-888888888,-888888888,-888888888,-888888888,-888888888,-888888888,-888888888,-888888888,-888888888,-888888888,-888888888,-888888888,-888888888,-888888888,-888888888,-888888888,-888888888,-888888888,-888888888,-888888888,-888888888
2010,Northampton County; North Carolina,17905,9265,9255,8187,1068,10,8640,9255,-888888888,9512,4842,4832,4314,1302,985,3175,2484,7929,6635,1103,2,85,60,44,26.5,8187,1936,2026,1836,879,1510,8187,281,496,1202,37,131,180,1204,396,69,114,610,1827,575,343,890,8187,5918,1866,403,0,8377,1408,842,1291,1117,1209,1408,660,324,95,23,30578,40092,5321,43191,3780,14142,1693,15843,639,6696,158,2256,1875,5179,371,279,872,681,961,1025,568,307,92,23,40230,49837,17128,3198,14768,22146,22668,36250,29359,-888888888,-888888888,-888888888,-888888888,-888888888,-888888888,-888888888,-888888888,-888888888,-888888888,-888888888,-888888888,-888888888,-888888888,-888888888,-888888888,-888888888,-888888888,-888888888,-888888888,-888888888,-888888888,-888888888,-888888888,-888888888,-888888888,-888888888,-888888888,-888888888,-888888888,-888888888,-888888888,-888888888,-888888888,-888888888,-888888888,-888888888,-888888888,-888888888,-888888888,-888888888,-888888888,-888888888
2010,Onslow County; North Carolina,130788,94232,61647,55847,5800,32585,36556,61647,-888888888,58451,34047,32185,28551,17085,8089,22780,14520,86602,58475,14081,269,5278,1891,6608,22.5,55847,16062,11662,14129,8237,5757,55847,743,6098,2409,37,133,830,7095,2476,788,2661,4312,11489,7201,2983,6762,55847,37726,14142,3899,80,56633,3968,2788,6769,8227,10657,11569,6102,4604,1257,692,43561,54016,48068,50441,11172,13400,11819,21312,1763,7354,721,5279,4704,41731,1961,1609,3972,5866,8282,9057,5230,4158,1018,578,48380,58953,21048,14902,29476,36748,23452,30023,28068,-888888888,-888888888,-888888888,-888888888,-888888888,-888888888,-888888888,-888888888,-888888888,-888888888,-888888888,-888888888,-888888888,-888888888,-888888888,-888888888,-888888888,-888888888,-888888888,-888888888,-888888888,-888888888,-888888888,-888888888,-888888888,-888888888,-888888888,-888888888,-888888888,-888888888,-888888888,-888888888,-888888888,-888888888,-888888888,-888888888,-888888888,-888888888,-888888888,-888888888,-888888888,-888888888,-888888888
2010,Orange County; North Carolina,105940,69939,69883,65485,4398,56,36001,69883,-888888888,56387,35166,35143,32997,8291,4955,17451,12352,63721,42849,7215,4555,3197,1900,4005,21.8,65485,33976,10396,13044,4586,3483,65485,697,3799,3724,37,135,1103,5692,1069,1325,3235,8400,24703,6879,2820,2039,65485,43844,16686,4871,84,50085,4935,2471,4949,5246,6350,6728,5381,6461,3327,4237,52981,84270,42707,81032,10122,16927,7372,26355,1015,7167,549,2051,2770,30200,1133,687,2457,2215,3406,4378,3884,5291,2868,3881,79811,110151,32912,19885,30010,43252,25896,53105,44208,-888888888,-888888888,-888888888,-888888888,-888888888,-888888888,-888888888,-888888888,-888888888,-888888888,-888888888,-888888888,-888888888,-888888888,-888888888,-888888888,-888888888,-888888888,-888888888,-888888888,-888888888,-888888888,-888888888,-888888888,-888888888,-888888888,-888888888,-888888888,-888888888,-888888888,-888888888,-888888888,-888888888,-888888888,-888888888,-888888888,-888888888,-888888888,-888888888,-888888888,-888888888,-888888888,-888888888
2010,Pamlico County; North Carolina,11087,5667,5645,5257,388,22,5420,5645,-888888888,5324,2620,2620,2452,536,277,1447,972,5071,3923,782,10,116,96,144,25.7,5257,1520,838,1199,871,829,5257,234,536,800,37,137,67,542,415,34,228,429,1153,449,172,198,5257,4000,849,403,5,5463,369,369,823,756,784,1174,591,406,68,123,40561,54375,3766,50966,2504,14980,1586,23831,219,6458,51,2659,389,3936,43,136,449,575,677,955,524,386,68,123,51630,64537,23320,1527,22659,27651,24386,39551,29884,-888888888,-888888888,-888888888,-888888888,-888888888,-888888888,-888888888,-888888888,-888888888,-888888888,-888888888,-888888888,-888888888,-888888888,-888888888,-888888888,-888888888,-888888888,-888888888,-888888888,-888888888,-888888888,-888888888,-888888888,-888888888,-888888888,-888888888,-888888888,-888888888,-888888888,-888888888,-888888888,-888888888,-888888888,-888888888,-888888888,-888888888,-888888888,-888888888,-888888888,-888888888,-888888888,-888888888
2010,Pasquotank County; North Carolina,31893,20432,19699,17547,2152,733,11461,19699,-888888888,16472,10229,10091,9058,3097,2591,5909,4376,17970,13991,2510,55,317,657,440,23.6,17547,5590,3741,3946,2136,2134,17547,341,1608,1324,37,139,415,2228,586,223,752,1263,5011,1747,883,1166,17547,12445,3903,1199,0,14563,1388,922,1749,1649,2315,3050,1701,1214,253,322,44085,58390,11643,55067,4458,14629,3286,20274,579,7065,212,3283,2020,10281,645,454,985,930,1659,2443,1546,1065,245,309,54785,67321,21736,4282,25699,35138,21880,37182,30893,-888888888,-888888888,-888888888,-888888888,-888888888,-888888888,-888888888,-888888888,-888888888,-888888888,-888888888,-888888888,-888888888,-888888888,-888888888,-888888888,-888888888,-888888888,-888888888,-888888888,-888888888,-888888888,-888888888,-888888888,-888888888,-888888888,-888888888,-888888888,-888888888,-888888888,-888888888,-888888888,-888888888,-888888888,-888888888,-888888888,-888888888,-888888888,-888888888,-888888888,-888888888,-888888888,-888888888
2010,Pender County; North Carolina,40002,23945,23603,21749,1854,342,16057,23603,-888888888,20047,11271,11242,10557,3304,2161,7302,5650,21503,16955,2792,20,142,250,1344,27.8,21749,5660,3815,5462,3910,2902,21749,605,3018,2378,37,141,683,3568,955,308,1141,1741,4031,1419,850,1052,21749,17004,2834,1878,33,20209,1964,1074,2313,2575,3258,4040,2250,1851,537,347,44338,56293,15083,57496,7082,14628,4509,19082,579,7832,279,2386,2430,14391,839,361,1230,1710,2344,3407,1993,1685,475,347,54087,65983,22872,5818,22221,29726,26178,42965,29268,-888888888,-888888888,-888888888,-888888888,-888888888,-888888888,-888888888,-888888888,-888888888,-888888888,-888888888,-888888888,-888888888,-888888888,-888888888,-888888888,-888888888,-888888888,-888888888,-888888888,-888888888,-888888888,-888888888,-888888888,-888888888,-888888888,-888888888,-888888888,-888888888,-888888888,-888888888,-888888888,-888888888,-888888888,-888888888,-888888888,-888888888,-888888888,-888888888,-888888888,-888888888,-888888888,-888888888
2010,Perquimans County; North Carolina,10751,5738,5695,5198,497,43,5013,5695,-888888888,5650,2728,2713,2405,698,478,1727,1076,5151,4195,501,42,158,181,74,28.7,5198,1446,854,1371,692,835,5198,246,307,418,37,143,200,820,301,21,227,438,1136,360,275,449,5198,3682,1200,266,50,5353,576,447,557,676,915,954,535,398,189,106,43041,54099,3663,50037,2494,14750,1740,24864,297,8721,216,2458,847,4083,313,205,266,545,816,853,444,346,189,106,48870,61674,22085,1270,17781,26609,21383,42414,28077,-888888888,-888888888,-888888888,-888888888,-888888888,-888888888,-888888888,-888888888,-888888888,-888888888,-888888888,-888888888,-888888888,-888888888,-888888888,-888888888,-888888888,-888888888,-888888888,-888888888,-888888888,-888888888,-888888888,-888888888,-888888888,-888888888,-888888888,-888888888,-888888888,-888888888,-888888888,-888888888,-888888888,-888888888,-888888888,-888888888,-888888888,-888888888,-888888888,-888888888,-888888888,-888888888,-888888888
2010,Person County; North Carolina,30734,19410,19410,17613,1797,0,11324,19410,-888888888,16111,9131,9131,7978,2710,1593,5894,4440,17137,14183,2211,6,211,38,488,29.8,17613,4818,2841,4226,2573,3155,17613,491,1766,2986,37,145,529,1855,1149,295,705,1542,3862,915,704,814,17613,13924,2742,918,29,15388,1601,866,1950,1735,2263,2939,2295,1289,345,105,44668,53856,11547,56785,5116,13483,3071,16327,615,8863,509,3516,1835,10757,679,278,1121,1098,1839,2337,1854,1194,262,95,54747,61451,21848,4631,21286,32335,29841,40811,32521,-888888888,-888888888,-888888888,-888888888,-888888888,-888888888,-888888888,-888888888,-888888888,-888888888,-888888888,-888888888,-888888888,-888888888,-888888888,-888888888,-888888888,-888888888,-888888888,-888888888,-888888888,-888888888,-888888888,-888888888,-888888888,-888888888,-888888888,-888888888,-888888888,-888888888,-888888888,-888888888,-888888888,-888888888,-888888888,-888888888,-888888888,-888888888,-888888888,-888888888,-888888888,-888888888,-888888888
2010,Pitt County; North Carolina,128626,85589,85366,77329,8037,223,43037,85366,-888888888,69323,43104,43009,38776,12485,9227,22380,17181,75401,61631,7956,373,1470,2248,1723,19.6,77329,28467,14230,18828,6990,8814,77329,1182,5000,7459,37,147,2006,8825,2446,1182,3985,5005,24978,8682,3720,2859,77329,58298,15377,3581,73,64005,8914,5522,8035,6941,9700,10206,6112,5366,1683,1526,38592,53573,52443,53802,14415,14227,9027,19184,2513,6881,1012,3110,7777,37234,2938,1872,3543,3615,5381,7289,4937,4842,1503,1314,53432,68987,21935,26771,21710,30883,22148,40264,33132,-888888888,-888888888,-888888888,-888888888,-888888888,-888888888,-888888888,-888888888,-888888888,-888888888,-888888888,-888888888,-888888888,-888888888,-888888888,-888888888,-888888888,-888888888,-888888888,-888888888,-888888888,-888888888,-888888888,-888888888,-888888888,-888888888,-888888888,-888888888,-888888888,-888888888,-888888888,-888888888,-888888888,-888888888,-888888888,-888888888,-888888888,-888888888,-888888888,-888888888,-888888888,-888888888,-888888888
2010,Polk County; North Carolina,17012,9282,9260,8270,990,22,7730,9260,-888888888,8869,4199,4199,3838,949,529,2874,2286,8119,6352,1115,54,121,39,438,27.0,8270,2152,1412,2059,1387,1260,8270,223,886,1380,37,149,132,995,387,123,412,461,1647,632,426,566,8270,6066,1366,770,68,9038,530,557,1576,1043,1318,1989,1051,721,160,93,43692,53573,6023,49166,3725,16925,2363,22922,244,5601,92,3925,459,5929,146,167,717,638,937,1569,925,604,153,73,55846,63016,24008,3109,24234,34668,26356,40805,29296,-888888888,-888888888,-888888888,-888888888,-888888888,-888888888,-888888888,-888888888,-888888888,-888888888,-888888888,-888888888,-888888888,-888888888,-888888888,-888888888,-888888888,-888888888,-888888888,-888888888,-888888888,-888888888,-888888888,-888888888,-888888888,-888888888,-888888888,-888888888,-888888888,-888888888,-888888888,-888888888,-888888888,-888888888,-888888888,-888888888,-888888888,-888888888,-888888888,-888888888,-888888888,-888888888,-888888888
2010,Randolph County; North Carolina,109035,71880,71769,65793,5976,111,37155,71769,-888888888,55781,33206,33181,30405,10293,6235,21969,14904,64171,53947,7601,35,582,391,1615,22.7,65793,16377,9085,14836,8397,17098,65793,1238,5214,18701,37,151,1982,6872,3338,988,2887,4067,11400,4353,3257,1496,65793,54214,7311,4136,132,54925,4841,4033,7305,7687,8787,10671,6043,4122,628,808,40346,53427,43490,53349,16609,14973,8150,15784,2130,8297,1282,3149,5982,38888,2058,1590,4262,5266,6575,8764,5227,3789,598,759,49257,62274,21297,16037,21974,30057,25227,37041,28670,-888888888,-888888888,-888888888,-888888888,-888888888,-888888888,-888888888,-888888888,-888888888,-888888888,-888888888,-888888888,-888888888,-888888888,-888888888,-888888888,-888888888,-888888888,-888888888,-888888888,-888888888,-888888888,-888888888,-888888888,-888888888,-888888888,-888888888,-888888888,-888888888,-888888888,-888888888,-888888888,-888888888,-888888888,-888888888,-888888888,-888888888,-888888888,-888888888,-888888888,-888888888,-888888888,-888888888
2010,Richmond County; North Carolina,36267,18795,18747,16438,2309,48,17472,18747,-888888888,18614,8679,8679,7723,3557,2414,6803,4416,15987,13710,1827,0,114,72,264,19.8,16438,3838,3539,3292,2307,3462,16438,416,1304,3048,37,153,202,2268,921,241,551,758,3464,1178,726,1361,16438,12201,3493,737,7,17228,2708,1683,2797,2616,2292,2589,1317,908,137,181,30439,43239,11553,45101,6672,14787,3074,13903,1135,6934,584,2014,2968,11472,1453,676,1477,1822,1562,2178,1158,837,137,172,38881,52049,17692,5756,16752,23302,22767,34674,27483,-888888888,-888888888,-888888888,-888888888,-888888888,-888888888,-888888888,-888888888,-888888888,-888888888,-888888888,-888888888,-888888888,-888888888,-888888888,-888888888,-888888888,-888888888,-888888888,-888888888,-888888888,-888888888,-888888888,-888888888,-888888888,-888888888,-888888888,-888888888,-888888888,-888888888,-888888888,-888888888,-888888888,-888888888,-888888888,-888888888,-888888888,-888888888,-888888888,-888888888,-888888888,-888888888,-888888888
2010,Robeson County; North Carolina,99756,53561,53403,48485,4918,158,46195,53403,-888888888,52017,25826,25826,23589,11501,7314,21605,14384,47344,37979,7176,26,859,418,886,23.5,48485,12315,8826,9310,8609,9425,48485,1887,6239,8340,37,155,957,4391,1943,430,1652,2158,13179,3300,1910,2099,48485,36435,8644,3275,131,44504,7010,4486,7762,6396,6464,6151,2952,2262,537,484,29667,41618,31434,44840,14907,13067,6968,16726,3166,7707,978,2039,9706,31073,3858,2506,4985,4257,4915,4971,2626,2089,443,423,34788,47225,15321,13431,17310,26196,21304,32075,25553,-888888888,-888888888,-888888888,-888888888,-888888888,-888888888,-888888888,-888888888,-888888888,-888888888,-888888888,-888888888,-888888888,-888888888,-888888888,-888888888,-888888888,-888888888,-888888888,-888888888,-888888888,-888888888,-888888888,-888888888,-888888888,-888888888,-888888888,-888888888,-888888888,-888888888,-888888888,-888888888,-888888888,-888888888,-888888888,-888888888,-888888888,-888888888,-888888888,-888888888,-888888888,-888888888,-888888888
2010,Rockingham County; North Carolina,74861,45536,45438,40941,4497,98,29325,45438,-888888888,39313,21538,21525,19688,6085,4351,13321,9426,39746,32668,5417,42,486,217,916,25.6,40941,9828,6302,9703,5305,9803,40941,635,3400,9923,37,157,1415,4663,2009,454,1941,2916,8111,2124,1956,1394,40941,32276,5774,2812,79,37831,3303,3203,4844,5410,6673,6723,4160,2587,528,400,39231,50116,28417,50300,13767,14726,7790,14993,2255,6268,984,2528,4726,26424,1570,1169,2749,3377,4763,5787,3720,2432,504,353,48641,58793,20801,11407,22035,28040,25789,36819,30505,-888888888,-888888888,-888888888,-888888888,-888888888,-888888888,-888888888,-888888888,-888888888,-888888888,-888888888,-888888888,-888888888,-888888888,-888888888,-888888888,-888888888,-888888888,-888888888,-888888888,-888888888,-888888888,-888888888,-888888888,-888888888,-888888888,-888888888,-888888888,-888888888,-888888888,-888888888,-888888888,-888888888,-888888888,-888888888,-888888888,-888888888,-888888888,-888888888,-888888888,-888888888,-888888888,-888888888
2010,Rowan County; North Carolina,107723,67338,67242,60954,6288,96,40385,67242,-888888888,55123,31197,31161,28371,10654,6779,20252,14313,59434,50035,6241,316,743,715,1384,22.7,60954,16308,10167,13754,7258,13467,60954,456,5254,11648,37,159,2153,8204,3337,647,2255,4044,13218,4773,2846,2119,60954,49067,8212,3585,90,52877,4514,4199,6297,6411,8315,10322,6449,4594,884,892,43596,54939,40329,56315,16384,15526,10142,17200,1650,7950,986,2984,5395,37116,2028,1691,3541,4259,5870,8252,5655,4153,882,785,52850,63333,21525,15761,23566,32811,26496,40328,30695,-888888888,-888888888,-888888888,-888888888,-888888888,-888888888,-888888888,-888888888,-888888888,-888888888,-888888888,-888888888,-888888888,-888888888,-888888888,-888888888,-888888888,-888888888,-888888888,-888888888,-888888888,-888888888,-888888888,-888888888,-888888888,-888888888,-888888888,-888888888,-888888888,-888888888,-888888888,-888888888,-888888888,-888888888,-888888888,-888888888,-888888888,-888888888,-888888888,-888888888,-888888888,-888888888,-888888888
2010,Rutherford County; North Carolina,53644,30177,30161,26484,3677,16,23467,30161,-888888888,28133,14604,14588,13016,4375,2526,9215,6334,25591,21238,2806,46,402,288,811,23.1,26484,7065,4772,5771,2862,6014,26484,194,1920,5276,37,161,708,3697,1182,371,1037,1593,6561,1679,1373,893,26484,20295,3845,2327,17,27458,3253,2431,4386,3504,4756,4856,2178,1455,330,309,35364,45670,19176,47386,10034,15138,5485,16479,1776,7934,452,2412,4119,18443,1251,1084,2421,2299,3526,4030,1911,1308,304,309,43702,54655,18961,9015,19140,26056,23873,36007,28091,-888888888,-888888888,-888888888,-888888888,-888888888,-888888888,-888888888,-888888888,-888888888,-888888888,-888888888,-888888888,-888888888,-888888888,-888888888,-888888888,-888888888,-888888888,-888888888,-888888888,-888888888,-888888888,-888888888,-888888888,-888888888,-888888888,-888888888,-888888888,-888888888,-888888888,-888888888,-888888888,-888888888,-888888888,-888888888,-888888888,-888888888,-888888888,-888888888,-888888888,-888888888,-888888888,-888888888
2010,Sampson County; North Carolina,48513,30476,30386,27546,2840,90,18037,30386,-888888888,24986,14176,14176,12803,4969,3480,9899,7423,26961,21671,3782,63,467,294,684,24.1,27546,7539,4264,5154,4536,6053,27546,3021,1997,4566,37,163,846,3522,1187,421,822,1232,5925,1368,1400,1239,27546,21043,4547,1887,69,23781,2737,1938,3669,3298,3578,4018,2367,1645,280,251,35740,48603,17835,48498,8374,14020,3995,20409,1561,6877,258,1650,3516,16559,1043,845,2315,2297,2599,3347,2095,1523,276,219,44296,56966,19086,7222,18009,26890,22981,33216,26855,-888888888,-888888888,-888888888,-888888888,-888888888,-888888888,-888888888,-888888888,-888888888,-888888888,-888888888,-888888888,-888888888,-888888888,-888888888,-888888888,-888888888,-888888888,-888888888,-888888888,-888888888,-888888888,-888888888,-888888888,-888888888,-888888888,-888888888,-888888888,-888888888,-888888888,-888888888,-888888888,-888888888,-888888888,-888888888,-888888888,-888888888,-888888888,-888888888,-888888888,-888888888,-888888888,-888888888
2010,Scotland County; North Carolina,28030,13874,13857,11918,1939,17,14156,13857,-888888888,14784,7212,7212,6289,2817,1290,5711,3827,11616,10006,983,0,193,118,316,19.6,11918,3563,2227,2867,1239,2022,11918,430,550,2240,37,165,275,1475,393,56,422,601,3272,793,579,832,11918,8944,2257,717,0,13236,2404,1300,2230,1507,1872,1947,776,917,129,154,29368,42294,8405,47775,4903,14810,2606,14922,917,7534,302,3720,3185,9112,1368,584,1320,1042,1401,1691,611,855,90,150,37232,49183,16297,4124,17414,25441,22861,36864,28776,-888888888,-888888888,-888888888,-888888888,-888888888,-888888888,-888888888,-888888888,-888888888,-888888888,-888888888,-888888888,-888888888,-888888888,-888888888,-888888888,-888888888,-888888888,-888888888,-888888888,-888888888,-888888888,-888888888,-888888888,-888888888,-888888888,-888888888,-888888888,-888888888,-888888888,-888888888,-888888888,-888888888,-888888888,-888888888,-888888888,-888888888,-888888888,-888888888,-888888888,-888888888,-888888888,-888888888
2010,Stanly County; North Carolina,47944,29203,29180,26314,2866,23,18741,29180,-888888888,24292,13675,13675,12394,4164,2694,8832,6306,25745,21627,2830,13,291,341,643,26.2,26314,7583,4920,5626,3767,4418,26314,313,2457,4532,37,167,715,2823,1113,468,1417,1414,6216,1718,1607,1521,26314,20053,4272,1965,24,22134,1687,1623,2781,2585,3448,4535,2802,2001,305,367,44802,55409,16577,57405,7534,15015,4068,16155,690,8104,320,2792,1914,15505,476,498,1380,1671,2526,3836,2697,1823,289,309,58125,66078,21139,6629,20662,28968,26892,40030,30844,-888888888,-888888888,-888888888,-888888888,-888888888,-888888888,-888888888,-888888888,-888888888,-888888888,-888888888,-888888888,-888888888,-888888888,-888888888,-888888888,-888888888,-888888888,-888888888,-888888888,-888888888,-888888888,-888888888,-888888888,-888888888,-888888888,-888888888,-888888888,-888888888,-888888888,-888888888,-888888888,-888888888,-888888888,-888888888,-888888888,-888888888,-888888888,-888888888,-888888888,-888888888,-888888888,-888888888
2010,Stokes County; North Carolina,37592,23301,23301,21093,2208,0,14291,23301,-888888888,19569,11094,11094,10171,2993,2093,7327,5147,20551,17445,2077,65,182,195,587,28.8,21093,4900,2989,5484,3393,4327,21093,257,1915,5045,37,169,561,2540,1055,260,1144,1564,3817,1421,866,648,21093,17070,2205,1758,60,18759,1366,1247,2514,2802,2940,3965,2039,1332,416,138,42689,51735,14260,52712,6570,15504,3716,17054,684,7886,402,1540,2222,14018,500,581,1635,2128,2279,3240,1908,1221,388,138,49134,58489,20852,4741,23352,30454,27199,40136,30547,-888888888,-888888888,-888888888,-888888888,-888888888,-888888888,-888888888,-888888888,-888888888,-888888888,-888888888,-888888888,-888888888,-888888888,-888888888,-888888888,-888888888,-888888888,-888888888,-888888888,-888888888,-888888888,-888888888,-888888888,-888888888,-888888888,-888888888,-888888888,-888888888,-888888888,-888888888,-888888888,-888888888,-888888888,-888888888,-888888888,-888888888,-888888888,-888888888,-888888888,-888888888,-888888888,-888888888
2010,Surry County; North Carolina,58095,35743,35672,32734,2938,71,22352,35672,-888888888,30172,16474,16474,15391,5329,3267,10875,7407,31955,26604,3521,190,401,252,987,25.3,32734,8806,5403,7225,4685,6615,32734,837,3142,6443,37,171,1082,4186,1355,429,1237,1949,7214,2414,1562,884,32734,26009,4163,2401,161,29668,3216,2415,4567,3878,4485,5219,3019,2084,442,343,37294,49353,21593,51936,10675,14270,5340,17191,1170,6579,388,2062,3513,20106,1210,933,2671,2735,3103,4257,2577,1902,425,293,47248,58000,20541,9562,20144,29671,23889,36616,27898,-888888888,-888888888,-888888888,-888888888,-888888888,-888888888,-888888888,-888888888,-888888888,-888888888,-888888888,-888888888,-888888888,-888888888,-888888888,-888888888,-888888888,-888888888,-888888888,-888888888,-888888888,-888888888,-888888888,-888888888,-888888888,-888888888,-888888888,-888888888,-888888888,-888888888,-888888888,-888888888,-888888888,-888888888,-888888888,-888888888,-888888888,-888888888,-888888888,-888888888,-888888888,-888888888,-888888888
2010,Swain County; North Carolina,11038,6088,6070,5590,480,18,4950,6070,-888888888,5786,2984,2984,2838,990,733,1860,1340,5473,4787,357,0,70,21,238,17.3,5590,1963,1736,819,584,488,5590,67,576,336,37,173,56,401,146,93,244,411,1336,1033,195,696,5590,3444,1524,622,0,5772,837,307,876,864,798,1191,446,218,195,40,35071,46007,4065,48849,2138,14827,1066,16791,194,5896,159,899,477,3877,408,118,448,481,564,997,414,212,195,40,48101,55735,19297,1895,22072,25876,25489,38074,27489,-888888888,-888888888,-888888888,-888888888,-888888888,-888888888,-888888888,-888888888,-888888888,-888888888,-888888888,-888888888,-888888888,-888888888,-888888888,-888888888,-888888888,-888888888,-888888888,-888888888,-888888888,-888888888,-888888888,-888888888,-888888888,-888888888,-888888888,-888888888,-888888888,-888888888,-888888888,-888888888,-888888888,-888888888,-888888888,-888888888,-888888888,-888888888,-888888888,-888888888,-888888888,-888888888,-888888888
2010,Transylvania County; North Carolina,27692,14122,14109,13075,1034,13,13570,14109,-888888888,14155,6695,6695,6119,1372,850,3805,2905,12706,9671,1819,0,373,310,533,21.5,13075,3824,2803,2589,2221,1638,13075,406,1693,1082,37,175,153,1627,451,283,611,1121,3243,1055,786,564,13075,10178,1707,1175,15,13847,1124,1156,1682,2002,2322,2533,1431,1103,231,263,39408,54449,8802,48647,6611,17668,4524,23723,356,6846,208,2138,1215,9017,327,458,820,1081,1651,2071,1221,960,188,240,52674,65981,23939,4830,24540,31978,20240,35770,28708,-888888888,-888888888,-888888888,-888888888,-888888888,-888888888,-888888888,-888888888,-888888888,-888888888,-888888888,-888888888,-888888888,-888888888,-888888888,-888888888,-888888888,-888888888,-888888888,-888888888,-888888888,-888888888,-888888888,-888888888,-888888888,-888888888,-888888888,-888888888,-888888888,-888888888,-888888888,-888888888,-888888888,-888888888,-888888888,-888888888,-888888888,-888888888,-888888888,-888888888,-888888888,-888888888,-888888888
2010,Tyrrell County; North Carolina,3774,1805,1805,1522,283,0,1969,1805,-888888888,1721,988,988,832,282,257,400,362,1485,1158,255,0,20,1,51,30.4,1522,368,236,356,274,288,1522,145,72,166,37,177,21,194,22,16,71,59,273,123,156,204,1522,1019,457,40,6,1663,187,113,301,329,278,276,56,78,26,19,32215,42978,1245,42016,725,12869,296,17838,166,4530,21,2652,420,1276,137,32,247,207,216,276,38,78,26,19,37708,48098,15812,387,18711,21536,19035,28488,29737,-888888888,-888888888,-888888888,-888888888,-888888888,-888888888,-888888888,-888888888,-888888888,-888888888,-888888888,-888888888,-888888888,-888888888,-888888888,-888888888,-888888888,-888888888,-888888888,-888888888,-888888888,-888888888,-888888888,-888888888,-888888888,-888888888,-888888888,-888888888,-888888888,-888888888,-888888888,-888888888,-888888888,-888888888,-888888888,-888888888,-888888888,-888888888,-888888888,-888888888,-888888888,-888888888,-888888888
2010,Union County; North Carolina,139186,97419,97291,90218,7073,128,41767,97291,-888888888,71249,44583,44569,41243,17681,10881,38491,26094,88259,71553,9537,445,592,754,5378,28.6,90218,32623,12367,24242,10655,10331,90218,988,9698,11717,37,179,4052,11311,3557,2256,7992,9125,16319,6002,4478,2723,90218,74868,9282,5929,139,65635,2673,2481,5100,5769,9850,12761,9696,10027,3659,3619,63386,82705,56756,81791,14972,16497,8815,20650,1180,9932,686,3102,4257,52641,1190,1101,3306,4149,7450,10639,8667,9239,3502,3398,71538,91353,28596,12994,34719,44978,32332,50131,35704,-888888888,-888888888,-888888888,-888888888,-888888888,-888888888,-888888888,-888888888,-888888888,-888888888,-888888888,-888888888,-888888888,-888888888,-888888888,-888888888,-888888888,-888888888,-888888888,-888888888,-888888888,-888888888,-888888888,-888888888,-888888888,-888888888,-888888888,-888888888,-888888888,-888888888,-888888888,-888888888,-888888888,-888888888,-888888888,-888888888,-888888888,-888888888,-888888888,-888888888,-888888888,-888888888,-888888888
2010,Vance County; North Carolina,34599,19080,19051,17271,1780,29,15519,19051,-888888888,18703,9656,9656,8946,3622,2432,7296,4865,16879,13607,2235,18,244,302,473,23.1,17271,4167,3629,4402,1771,3302,17271,267,1138,3085,37,181,530,2375,556,231,573,1076,4253,1448,671,1068,17271,13129,3323,809,10,16473,2388,1479,2400,2207,2769,2454,1349,1098,211,118,34025,45295,11550,45538,5647,13798,3799,17816,1479,7311,433,2022,3149,11227,952,821,1529,1396,2167,1993,1090,986,183,110,41025,52682,17622,5246,17421,26817,24224,34126,27565,-888888888,-888888888,-888888888,-888888888,-888888888,-888888888,-888888888,-888888888,-888888888,-888888888,-888888888,-888888888,-888888888,-888888888,-888888888,-888888888,-888888888,-888888888,-888888888,-888888888,-888888888,-888888888,-888888888,-888888888,-888888888,-888888888,-888888888,-888888888,-888888888,-888888888,-888888888,-888888888,-888888888,-888888888,-888888888,-888888888,-888888888,-888888888,-888888888,-888888888,-888888888,-888888888,-888888888
2010,Wake County; North Carolina,651740,469999,469144,439524,29620,855,181741,469144,-888888888,338013,221302,221292,207049,74251,46761,140380,101185,430676,344958,42533,4635,6816,6063,25671,24.1,439524,213705,55344,108700,33506,28269,439524,1739,32165,40788,37,183,13596,45451,16073,15083,32243,73821,90501,35280,19576,23208,439524,350128,67484,21462,450,325486,14626,12138,27893,29418,44194,58391,44162,54227,21156,19281,63770,83783,285194,82552,57968,16641,46125,23613,5769,7266,3035,3238,16840,213822,5825,4791,13157,14631,22474,37135,32946,46176,19199,17488,81461,100167,32592,111664,40183,50503,35201,54928,41846,-888888888,-888888888,-888888888,-888888888,-888888888,-888888888,-888888888,-888888888,-888888888,-888888888,-888888888,-888888888,-888888888,-888888888,-888888888,-888888888,-888888888,-888888888,-888888888,-888888888,-888888888,-888888888,-888888888,-888888888,-888888888,-888888888,-888888888,-888888888,-888888888,-888888888,-888888888,-888888888,-888888888,-888888888,-888888888,-888888888,-888888888,-888888888,-888888888,-888888888,-888888888,-888888888,-888888888
2010,Warren County; North Carolina,16977,7642,7642,6871,771,0,9335,7642,-888888888,8507,3926,3926,3456,1264,741,2888,1937,6571,5375,800,19,142,41,194,29.3,6871,2002,1247,1443,957,1222,6871,482,581,833,37,185,134,951,301,66,143,288,2159,267,160,506,6871,4654,1576,597,44,7835,1391,712,1131,999,1178,1180,618,359,140,127,30641,44598,4796,49073,3340,14858,2002,16808,593,7529,64,3480,1477,5316,468,331,754,745,995,949,501,323,140,110,40323,53646,17838,2519,13580,24298,23180,41171,28541,-888888888,-888888888,-888888888,-888888888,-888888888,-888888888,-888888888,-888888888,-888888888,-888888888,-888888888,-888888888,-888888888,-888888888,-888888888,-888888888,-888888888,-888888888,-888888888,-888888888,-888888888,-888888888,-888888888,-888888888,-888888888,-888888888,-888888888,-888888888,-888888888,-888888888,-888888888,-888888888,-888888888,-888888888,-888888888,-888888888,-888888888,-888888888,-888888888,-888888888,-888888888,-888888888,-888888888
2010,Washington County; North Carolina,10496,5623,5623,4705,918,0,4873,5623,-888888888,5670,3110,3110,2605,914,768,2039,1763,4574,3384,730,26,76,208,150,25.1,4705,1346,1112,891,574,782,4705,456,216,584,37,187,201,403,157,84,126,227,1358,486,113,294,4705,3035,1206,464,0,4911,809,432,713,792,599,840,322,281,87,36,32716,42659,3135,44698,2047,14351,1242,14945,507,6293,105,2964,1112,3275,298,197,411,536,405,794,247,269,82,36,41007,51864,16982,1636,16563,23465,21937,34343,28786,-888888888,-888888888,-888888888,-888888888,-888888888,-888888888,-888888888,-888888888,-888888888,-888888888,-888888888,-888888888,-888888888,-888888888,-888888888,-888888888,-888888888,-888888888,-888888888,-888888888,-888888888,-888888888,-888888888,-888888888,-888888888,-888888888,-888888888,-888888888,-888888888,-888888888,-888888888,-888888888,-888888888,-888888888,-888888888,-888888888,-888888888,-888888888,-888888888,-888888888,-888888888,-888888888,-888888888
2010,Watauga County; North Carolina,43662,27772,27703,25550,2153,69,15890,27703,-888888888,22003,12786,12725,11791,2315,1505,4258,2916,24576,18336,3172,192,1615,143,1118,18.6,25550,8537,5764,6969,2556,1724,25550,260,2082,730,37,189,384,3818,620,209,1679,1157,7606,4745,1592,668,25550,16823,5926,2705,96,21153,3694,1484,3631,2361,2740,3174,1630,1350,594,495,31967,49239,17409,46147,4881,15985,3006,22180,453,7351,138,2480,1024,11224,938,283,1283,1267,1399,2552,1283,1271,500,448,56112,68968,20961,9929,18536,25661,13352,37190,31202,-888888888,-888888888,-888888888,-888888888,-888888888,-888888888,-888888888,-888888888,-888888888,-888888888,-888888888,-888888888,-888888888,-888888888,-888888888,-888888888,-888888888,-888888888,-888888888,-888888888,-888888888,-888888888,-888888888,-888888888,-888888888,-888888888,-888888888,-888888888,-888888888,-888888888,-888888888,-888888888,-888888888,-888888888,-888888888,-888888888,-888888888,-888888888,-888888888,-888888888,-888888888,-888888888,-888888888
2010,Wayne County; North Carolina,93295,58969,55701,50504,5197,3268,34326,55701,-888888888,48345,28069,27541,24888,9953,6074,18435,13571,52682,44107,5939,258,673,510,1195,21.8,50504,14650,9171,11267,6882,8534,50504,2009,3552,7192,37,191,1858,5983,2250,553,1919,2851,12875,3398,2611,3453,50504,36506,10684,3220,94,46280,4708,3213,5870,6007,7653,9330,4383,3694,772,650,41224,51475,36100,50891,13648,14287,10160,18306,2113,7613,656,3672,5915,32101,1901,1494,3463,3912,5454,7465,3834,3243,719,616,49504,59568,20446,14179,24185,31392,24978,35945,28428,-888888888,-888888888,-888888888,-888888888,-888888888,-888888888,-888888888,-888888888,-888888888,-888888888,-888888888,-888888888,-888888888,-888888888,-888888888,-888888888,-888888888,-888888888,-888888888,-888888888,-888888888,-888888888,-888888888,-888888888,-888888888,-888888888,-888888888,-888888888,-888888888,-888888888,-888888888,-888888888,-888888888,-888888888,-888888888,-888888888,-888888888,-888888888,-888888888,-888888888,-888888888,-888888888,-888888888
2010,Wilkes County; North Carolina,55070,32960,32904,29596,3308,56,22110,32904,-888888888,28157,15183,15183,13848,4780,3209,9568,6643,28856,23839,3476,88,401,100,952,23.6,29596,7408,4579,8015,3954,5640,29596,913,2735,5212,37,193,841,5015,1124,365,1531,2195,5632,1832,1285,916,29596,23091,3784,2667,54,27814,3208,2514,4953,3683,3999,4719,2591,1577,282,288,33438,47009,19847,48103,10793,13577,4157,16776,1338,6006,363,2749,3468,19534,1447,935,3002,2471,3198,4119,2399,1453,276,234,43439,55231,19406,8280,18304,25775,22621,31780,26775,-888888888,-888888888,-888888888,-888888888,-888888888,-888888888,-888888888,-888888888,-888888888,-888888888,-888888888,-888888888,-888888888,-888888888,-888888888,-888888888,-888888888,-888888888,-888888888,-888888888,-888888888,-888888888,-888888888,-888888888,-888888888,-888888888,-888888888,-888888888,-888888888,-888888888,-888888888,-888888888,-888888888,-888888888,-888888888,-888888888,-888888888,-888888888,-888888888,-888888888,-888888888,-888888888,-888888888
2010,Wilson County; North Carolina,61953,38374,38330,34074,4256,44,23579,38330,-888888888,33012,18756,18738,16686,6009,4026,12718,9648,33295,27584,3932,189,500,523,567,19.5,34074,9795,5660,7782,4344,6493,34074,720,2952,6513,37,195,1400,3927,1370,297,2220,1993,7463,2344,1493,1382,34074,26804,5563,1694,13,31677,3742,2393,4196,4375,4665,5284,3455,2569,561,437,38596,51002,24088,51103,9421,14520,5764,17507,1558,7531,533,1394,4403,21395,2017,955,2425,2527,3244,4084,2921,2306,493,423,47716,59411,20691,10282,23016,31337,25653,38100,30163,-888888888,-888888888,-888888888,-888888888,-888888888,-888888888,-888888888,-888888888,-888888888,-888888888,-888888888,-888888888,-888888888,-888888888,-888888888,-888888888,-888888888,-888888888,-888888888,-888888888,-888888888,-888888888,-888888888,-888888888,-888888888,-888888888,-888888888,-888888888,-888888888,-888888888,-888888888,-888888888,-888888888,-888888888,-888888888,-888888888,-888888888,-888888888,-888888888,-888888888,-888888888,-888888888,-888888888
2010,Yadkin County; North Carolina,30152,18759,18747,17425,1322,12,11393,18747,-888888888,15524,8955,8955,8266,2525,1740,6065,4166,16914,14217,1930,35,110,261,361,26.3,17425,4841,2714,3501,2539,3830,17425,590,1585,3799,37,197,559,1821,832,165,786,941,4007,1007,852,481,17425,14089,2090,1193,53,14908,1442,1078,2078,2233,2246,2729,1455,1243,287,117,39807,50108,10860,54058,4954,14820,2719,16743,667,6875,201,1829,1261,10358,435,360,1060,1329,1875,2378,1332,1224,272,93,50990,59989,20379,4550,18802,25962,25952,34193,30809,-888888888,-888888888,-888888888,-888888888,-888888888,-888888888,-888888888,-888888888,-888888888,-888888888,-888888888,-888888888,-888888888,-888888888,-888888888,-888888888,-888888888,-888888888,-888888888,-888888888,-888888888,-888888888,-888888888,-888888888,-888888888,-888888888,-888888888,-888888888,-888888888,-888888888,-888888888,-888888888,-888888888,-888888888,-888888888,-888888888,-888888888,-888888888,-888888888,-888888888,-888888888,-888888888,-888888888
2010,Yancey County; North Carolina,14788,8215,8215,7723,492,0,6573,8215,-888888888,7630,3660,3660,3457,824,463,2558,1206,7384,5696,1134,19,246,37,252,25.6,7723,1607,1823,1518,1344,1431,7723,243,995,939,37,199,134,838,344,163,240,563,1797,500,649,318,7723,5215,1391,1100,17,7491,798,703,1162,1015,1203,1588,578,344,39,61,35703,43907,5253,45070,3041,14993,1481,15904,426,5778,126,2200,1281,5458,298,394,722,746,951,1355,571,321,39,61,42252,50786,18576,2033,17228,24705,21787,35080,26581,-888888888,-888888888,-888888888,-888888888,-888888888,-888888888,-888888888,-888888888,-888888888,-888888888,-888888888,-888888888,-888888888,-888888888,-888888888,-888888888,-888888888,-888888888,-888888888,-888888888,-888888888,-888888888,-888888888,-888888888,-888888888,-888888888,-888888888,-888888888,-888888888,-888888888,-888888888,-888888888,-888888888,-888888888,-888888888,-888888888,-888888888,-888888888,-888888888,-888888888,-888888888,-888888888,-888888888
