year,county_name,households_by_type_total_households,households_by_type_total_households_family_househo,households_by_type_total_households_family_househo,households_by_type_total_households_family_househo,households_by_type_total_households_family_househo,households_by_type_total_households_family_househo,households_by_type_total_households_family_househo,households_by_type_total_households_family_househo,households_by_type_total_households_family_househo,households_by_type_total_households_nonfamily_hous,households_by_type_total_households_nonfamily_hous,households_by_type_total_households_nonfamily_hous,households_by_type_households_with_one_or_more_peo,households_by_type_households_with_one_or_more_peo,households_by_type_average_household_size,households_by_type_average_family_size,relationship_population_in_households,relationship_population_in_households_householder,relationship_population_in_households_spouse,relationship_population_in_households_child,relationship_population_in_households_other_relati,relationship_population_in_households_nonrelatives,relationship_population_in_households_nonrelatives,marital_status_males_15_years_and_over,marital_status_males_15_years_and_over_never_marri,marital_status_males_15_years_and_over_now_married,marital_status_males_15_years_and_over_separated,marital_status_males_15_years_and_over_widowed,marital_status_males_15_years_and_over_divorced,marital_status_females_15_years_and_over,marital_status_females_15_years_and_over_never_mar,marital_status_females_15_years_and_over_now_marri,marital_status_females_15_years_and_over_separated,marital_status_females_15_years_and_over_widowed,marital_status_females_15_years_and_over_divorced,fertility_number_of_women_15_to_50_years_old_who_h,fertility_number_of_women_15_to_50_years_old_who_h,fertility_number_of_women_15_to_50_years_old_who_h,fertility_number_of_women_15_to_50_years_old_who_h,fertility_number_of_women_15_to_50_years_old_who_h,fertility_number_of_women_15_to_50_years_old_who_h,fertility_number_of_women_15_to_50_years_old_who_h,grandparents_number_of_grandparents_living_with_ow,grandparents_number_of_grandparents_living_with_ow,grandparents_number_of_grandparents_living_with_ow,state_fips,county_fips,grandparents_number_of_grandparents_living_with_ow,grandparents_number_of_grandparents_living_with_ow,grandparents_number_of_grandparents_living_with_ow,grandparents_number_of_grandparents_responsible_fo,grandparents_number_of_grandparents_responsible_fo,grandparents_number_of_grandparents_responsible_fo,school_enrollment_population_3_years_and_over_enro,school_enrollment_population_3_years_and_over_enro,school_enrollment_population_3_years_and_over_enro,school_enrollment_population_3_years_and_over_enro,school_enrollment_population_3_years_and_over_enro,school_enrollment_population_3_years_and_over_enro,educational_attainment_population_25_years_and_ove,educational_attainment_population_25_years_and_ove,educational_attainment_population_25_years_and_ove,educational_attainment_population_25_years_and_ove,educational_attainment_population_25_years_and_ove,educational_attainment_population_25_years_and_ove,educational_attainment_population_25_years_and_ove,educational_attainment_population_25_years_and_ove,educational_attainment_percent_high_school_graduat,educational_attainment_percent_bachelors_degree_or,veteran_status_civilian_population_18_years_and_ov,veteran_status_civilian_population_18_years_and_ov,disability_status_of_the_civilian_noninstitutional,disability_status_of_the_civilian_noninstitutional,disability_status_of_the_civilian_noninstitutional,disability_status_of_the_civilian_noninstitutional,disability_status_of_the_civilian_noninstitutional,disability_status_of_the_civilian_noninstitutional,disability_status_of_the_civilian_noninstitutional,disability_status_of_the_civilian_noninstitutional,residence_1_year_ago_population_1_year_and_over,residence_1_year_ago_population_1_year_and_over_sa,residence_1_year_ago_population_1_year_and_over_di,residence_1_year_ago_population_1_year_and_over_di,residence_1_year_ago_population_1_year_and_over_di,residence_1_year_ago_population_1_year_and_over_di,residence_1_year_ago_population_1_year_and_over_di,residence_1_year_ago_population_1_year_and_over_ab,place_of_birth_total_population,place_of_birth_total_population_native,place_of_birth_total_population_native_born_in_uni,place_of_birth_total_population_native_born_in_uni,place_of_birth_total_population_native_born_in_uni,place_of_birth_total_population_native_born_in_pue,place_of_birth_total_population_foreign_born,u.s._citizenship_status_foreign_born_population,u.s._citizenship_status_foreign_born_population_na,u.s._citizenship_status_foreign_born_population_no,year_of_entry_population_born_outside_the_united_s,year_of_entry_native,year_of_entry_native_entered_2010_or_later,year_of_entry_native_entered_before_2010,year_of_entry_foreign_born,year_of_entry_foreign_born_entered_2010_or_later,year_of_entry_foreign_born_entered_before_2010,world_region_of_birth_of_foreign_born_foreign_born,world_region_of_birth_of_foreign_born_foreign_born,world_region_of_birth_of_foreign_born_foreign_born,world_region_of_birth_of_foreign_born_foreign_born,world_region_of_birth_of_foreign_born_foreign_born,world_region_of_birth_of_foreign_born_foreign_born,world_region_of_birth_of_foreign_born_foreign_born,language_spoken_at_home_population_5_years_and_ove,language_spoken_at_home_population_5_years_and_ove,language_spoken_at_home_population_5_years_and_ove,language_spoken_at_home_population_5_years_and_ove,language_spoken_at_home_population_5_years_and_ove,language_spoken_at_home_population_5_years_and_ove,language_spoken_at_home_population_5_years_and_ove,language_spoken_at_home_population_5_years_and_ove,language_spoken_at_home_population_5_years_and_ove,language_spoken_at_home_population_5_years_and_ove,language_spoken_at_home_population_5_years_and_ove,language_spoken_at_home_population_5_years_and_ove,ancestry_total_population,ancestry_total_population_american,ancestry_total_population_arab,ancestry_total_population_czech,ancestry_total_population_danish,ancestry_total_population_dutch,ancestry_total_population_english,ancestry_total_population_french_except_basque,ancestry_total_population_french_canadian,ancestry_total_population_german,ancestry_total_population_greek,ancestry_total_population_hungarian,ancestry_total_population_irish,ancestry_total_population_italian,ancestry_total_population_lithuanian,ancestry_total_population_norwegian,ancestry_total_population_polish,ancestry_total_population_portuguese,ancestry_total_population_russian,ancestry_total_population_scotch_irish,ancestry_total_population_scottish,ancestry_total_population_slovak,ancestry_total_population_subsaharan_african,ancestry_total_population_swedish,ancestry_total_population_swiss,ancestry_total_population_ukrainian,ancestry_total_population_welsh,ancestry_total_population_west_indian_excluding_hi,computers_and_internet_use_total_households,computers_and_internet_use_total_households_with_a,computers_and_internet_use_total_households_with_a
2015,Childress County; Texas,2391,1573,660,1287,449,23,18,263,193,818,713,330,803,694,2.44,3.04,5823,2391,1322,1596,289,225,75,3582,1560,1458,23,45,496,2274,361,1425,3,249,236,146,44,85,121,264,189,35,192,162,57,48,075,28,0,77,162,75,162,1432,68,101,776,217,270,4806,300,330,1926,1064,381,556,249,-888888888,-888888888,5634,579,5823,946,1401,27,3455,495,967,424,6967,5775,1176,365,811,638,173,16,7059,6746,6690,5282,1408,56,313,313,153,160,369,56,0,56,313,44,269,313,31,50,0,0,232,0,6720,5845,875,362,741,327,78,35,42,0,14,0,7059,845,0,23,0,122,382,138,0,676,0,0,553,112,3,0,0,0,17,103,62,0,25,2,0,23,48,20,-888888888,-888888888,-888888888
2015,Comal County; Texas,43951,32671,12985,27001,9840,1482,706,4188,2439,11280,9393,4129,14476,13719,2.70,3.13,118537,43951,26984,34716,7748,5138,1967,47454,12764,28845,724,1032,4089,49525,10539,28771,814,4289,5112,1609,647,55,62,18,135,21,2995,1119,264,48,091,265,143,447,1119,643,944,27795,1586,1466,12189,6982,5572,82814,4108,3783,21146,19373,6739,18978,8687,-888888888,-888888888,91742,12443,118666,16234,27686,1247,71134,8076,19846,6911,118319,102156,15688,5314,10374,8296,2078,475,119632,112249,110208,74769,35439,2041,7383,7383,2939,4444,9424,2041,89,1952,7383,918,6465,7383,1014,823,23,11,5208,304,112867,92947,19920,5135,17255,4611,2062,359,517,156,86,9,119632,8220,182,1361,429,1361,14025,4711,555,30768,276,241,12128,3828,206,1295,2442,142,275,2134,2712,80,42,1204,228,122,934,120,-888888888,-888888888,-888888888
2015,Houston County; Texas,8046,5111,1734,3705,1084,285,87,1121,563,2935,2726,1383,2054,3233,2.45,3.17,19714,8046,3701,5831,1566,570,298,10363,3510,4284,362,504,1703,8878,1964,4163,203,1573,975,163,50,22,40,28,78,10,484,359,0,48,225,67,38,254,359,227,185,4280,237,174,2095,1076,698,16706,1031,1894,6229,3954,1169,1829,600,-888888888,-888888888,18451,1989,19766,3685,4402,155,11063,1654,4301,1876,22789,20100,2673,1219,1454,1315,139,16,22949,22163,22041,18558,3483,122,786,786,285,501,908,122,11,111,786,29,757,786,46,29,0,6,663,42,21768,20111,1657,706,1492,655,124,26,41,25,0,0,22949,1467,41,184,10,289,3634,555,107,2211,81,20,3564,145,0,15,199,0,18,294,340,13,49,59,12,10,93,161,-888888888,-888888888,-888888888
2015,Navarro County; Texas,17477,12503,5698,8916,3551,974,504,2613,1643,4974,4200,1976,6411,5131,2.70,3.20,47273,17477,8943,14970,3624,2259,960,18314,5648,9513,424,620,2109,19329,4331,9867,444,2097,2590,857,273,51,79,98,152,10,1403,672,220,48,349,114,51,287,672,422,521,11898,499,769,5821,2576,2233,31308,3227,3866,9537,7271,2486,3386,1535,-888888888,-888888888,35438,3164,47382,9016,12517,768,27632,4810,7233,3438,47370,39942,7381,4645,2736,2069,667,47,48118,42830,42471,34676,7795,359,5288,5288,1209,4079,5647,359,20,339,5288,276,5012,5288,47,270,6,244,4718,3,44666,34838,9828,4947,9026,4681,184,26,601,223,17,17,48118,3778,21,500,48,364,3381,825,24,4599,15,53,4618,576,59,126,365,3,89,568,716,0,28,229,18,5,121,35,-888888888,-888888888,-888888888
2015,Scurry County; Texas,5832,4137,1799,3340,1269,299,159,498,371,1695,1478,612,2010,1659,2.65,3.20,15455,5832,3371,4692,1056,504,298,7440,2409,3742,231,248,810,6163,1246,3512,202,557,646,206,32,21,58,33,127,0,287,105,0,48,415,38,34,33,105,56,73,4681,333,215,2031,1102,1000,11171,1111,979,3432,3212,724,1129,584,-888888888,-888888888,12879,1072,15754,2218,4359,277,9029,952,2366,989,17016,14239,2735,1161,1574,1441,133,42,17238,16161,16080,13304,2776,81,1077,1077,360,717,1158,81,3,78,1077,31,1046,1077,37,46,4,0,990,0,16000,11606,4394,1358,4288,1331,38,0,64,27,4,0,17238,2018,3,64,1,74,893,205,26,1982,0,0,1298,103,0,23,52,15,9,75,280,0,23,28,0,0,14,136,-888888888,-888888888,-888888888
2015,Stonewall County; Texas,580,391,123,330,90,28,17,33,16,189,181,96,139,243,2.35,2.92,1363,580,314,384,52,33,13,541,89,343,2,29,78,555,55,337,0,123,40,22,1,15,115,0,289,0,17,17,0,48,433,0,0,17,17,6,12,350,72,19,157,73,29,1012,97,102,379,215,61,115,43,-888888888,-888888888,1023,139,1363,279,391,16,616,103,356,160,1386,1311,75,41,34,31,3,0,1414,1362,1355,1113,242,7,52,52,29,23,59,7,0,7,52,0,52,52,0,0,0,0,52,0,1313,1169,144,48,144,48,0,0,0,0,0,0,1414,140,0,0,0,20,223,39,0,157,0,2,244,0,0,0,20,0,0,18,19,0,0,9,0,0,0,0,-888888888,-888888888,-888888888
2015,Bastrop County; Texas,25454,18355,7382,14197,5406,1365,653,2793,1323,7099,5802,2110,9110,6670,2.94,3.50,74775,25454,14220,23864,7762,3475,1500,30871,9463,16299,854,750,3505,29711,6961,15666,614,2507,3963,764,154,20,46,15,91,20,2461,1012,97,48,021,522,168,225,1012,510,892,19420,738,1135,9705,4672,3170,51089,4915,4968,15554,13234,3272,6124,3022,-888888888,-888888888,57132,6545,74866,10171,19782,810,45528,6034,9556,3327,75903,64766,10883,4278,6605,5843,762,254,76948,68717,67580,50966,16614,1137,8231,8231,1580,6651,9368,1137,310,827,8231,406,7825,8231,577,450,0,15,7162,27,72081,52555,19526,7197,17925,6593,1089,418,499,186,13,0,76948,4341,164,1250,186,611,6165,1895,95,10870,51,66,5636,916,22,562,1085,117,220,1558,1811,0,1657,659,392,61,339,147,-888888888,-888888888,-888888888
2015,Bee County; Texas,8762,6177,2740,4141,1613,414,243,1622,884,2585,2161,817,3242,2478,2.85,3.42,24934,8762,4097,8398,2446,1231,679,16865,7418,6158,551,361,2377,10027,2586,4561,460,1041,1379,494,77,25,86,37,130,60,940,371,55,48,025,172,43,101,371,195,318,6780,345,333,3408,1625,1069,22094,2453,3607,7309,5019,1572,1383,751,-888888888,-888888888,25757,2446,25088,4567,6847,552,14773,2278,3468,1737,32195,25728,6375,1727,4648,4291,357,92,32659,31313,31061,26835,4226,252,1346,1346,453,893,1598,252,6,246,1346,102,1244,1346,49,35,50,0,1212,0,30756,19350,11406,2023,11080,1975,124,7,85,13,117,28,32659,660,75,433,10,221,1713,739,17,2989,44,21,2076,334,0,54,134,0,36,251,458,19,346,33,0,0,137,41,-888888888,-888888888,-888888888
2015,Crane County; Texas,1542,1121,521,859,357,133,84,129,80,421,358,96,598,337,3.01,3.58,4636,1542,862,1675,354,203,93,1788,532,990,49,48,169,1779,319,987,46,235,192,127,57,133,119,276,144,25,165,67,26,48,103,27,14,0,67,46,19,1288,54,69,554,368,243,2899,521,285,880,741,102,272,98,-888888888,-888888888,3327,205,4636,402,1399,0,2724,168,513,234,4598,3855,743,249,494,291,203,0,4730,3931,3855,3074,781,76,799,799,325,474,875,76,0,76,799,97,702,799,6,0,0,0,793,0,4340,2263,2077,833,2077,833,0,0,0,0,0,0,4730,103,0,0,0,10,333,5,0,136,0,0,280,16,0,0,0,0,0,13,47,0,0,9,0,0,0,0,-888888888,-888888888,-888888888
2015,Trinity County; Texas,5325,3366,922,2512,591,289,84,565,247,1959,1809,950,1167,2471,2.69,3.50,14331,5325,2507,3995,1915,589,196,5721,1278,3094,234,296,819,6276,1177,2796,369,1000,934,80,11,8,28,44,45,13,361,273,53,48,455,72,100,48,273,139,167,2785,106,95,1462,725,397,10594,673,1092,4434,2490,730,863,312,-888888888,-888888888,11501,1513,14331,3807,2903,202,7810,1916,3618,1689,14327,12461,1845,422,1423,1137,286,21,14405,13770,13762,11008,2754,8,635,635,180,455,643,8,0,8,635,23,612,635,47,50,0,0,529,9,13786,12687,1099,256,937,237,115,2,47,17,0,0,14405,1964,39,28,14,250,2079,688,43,1886,24,2,2797,367,0,114,170,0,2,289,148,0,67,140,20,30,72,0,-888888888,-888888888,-888888888
2015,Bandera County; Texas,8292,5541,1741,4696,1350,260,120,585,271,2751,2436,957,1919,3092,2.45,3.00,20286,8292,4670,5014,1399,911,380,8891,1935,4970,139,414,1433,8936,1313,5282,225,848,1268,232,50,32,64,0,158,9,312,170,55,48,019,47,0,68,170,85,148,3922,271,296,1763,909,683,15840,854,1398,4624,4070,1312,2441,1141,-888888888,-888888888,17076,2833,20602,3796,3698,166,11906,1549,4998,2081,20679,17940,2719,941,1778,1471,307,20,20796,19926,19683,13990,5693,243,870,870,440,430,1113,243,0,243,870,58,812,870,189,45,0,3,562,71,19905,17703,2202,310,1982,240,182,50,38,20,0,0,20796,1420,6,187,81,440,3570,818,85,4170,69,57,2858,551,25,80,788,49,122,489,655,8,4,206,50,0,152,19,-888888888,-888888888,-888888888
2015,Nueces County; Texas,126900,87112,38747,56851,22840,8654,3856,21607,12051,39788,31258,10664,45315,32249,2.72,3.27,344789,126900,56844,108411,32902,19732,9162,135368,48419,64781,3138,3366,15664,142317,41040,63233,5015,13096,19933,4902,2267,48,58,32,102,19,11266,5331,1353,48,355,875,1133,1970,5331,3303,3543,92426,5420,4954,40469,19202,22381,226272,19199,24202,63779,56572,16852,29260,16408,-888888888,-888888888,260927,27320,347131,49873,89220,4509,214337,26496,43574,18868,347619,279857,66735,42926,23809,15852,7957,1027,352060,322980,319649,261637,58012,3331,29080,29080,12243,16837,32411,3331,358,2973,29080,3379,25701,29080,2083,5579,257,189,20567,405,328091,198510,129581,31848,121102,29223,3368,733,4261,1729,850,163,352060,12731,1023,2472,462,2002,15622,5859,914,29182,1182,388,19057,4988,146,1412,2897,244,990,2828,4491,29,1532,1402,438,123,1166,259,-888888888,-888888888,-888888888
2015,Rains County; Texas,4201,2992,808,2258,491,288,128,446,189,1209,1101,624,1100,1728,2.61,3.11,10966,4201,2246,2991,1088,440,164,4631,1098,2573,121,173,666,4560,738,2391,68,588,775,146,86,88,72,10,182,7,410,195,51,48,379,50,5,89,195,131,132,2182,104,237,1022,471,348,8065,438,930,3188,2126,529,593,261,-888888888,-888888888,8748,1401,10970,2142,2289,69,6174,1054,2507,1019,10906,9480,1395,689,706,695,11,31,11037,10692,10595,7984,2611,97,345,345,149,196,442,97,0,97,345,53,292,345,47,48,0,0,223,27,10498,9822,676,224,610,197,35,24,25,0,6,3,11037,1313,36,60,16,240,940,333,126,1427,7,22,1321,210,0,9,39,0,19,143,252,0,0,24,0,0,57,30,-888888888,-888888888,-888888888
2015,Real County; Texas,1224,876,201,690,94,42,32,144,75,348,323,178,216,684,2.65,3.06,3246,1224,669,794,342,217,41,1450,394,798,26,91,141,1425,172,784,2,194,273,59,19,64,112,0,242,76,0,0,0,48,385,0,0,0,0,0,0,576,39,14,238,237,48,2481,179,287,709,651,110,396,149,-888888888,-888888888,2693,423,3265,657,651,13,1519,154,1095,490,3289,2688,601,216,385,364,21,0,3356,3290,3268,2429,839,22,66,66,13,53,88,22,0,22,66,0,66,66,0,0,0,0,66,0,3148,2706,442,107,436,107,0,0,0,0,6,0,3356,470,0,66,14,72,565,87,0,655,0,19,625,58,0,0,2,26,16,101,110,0,0,60,0,0,63,0,-888888888,-888888888,-888888888
2015,Sterling County; Texas,451,347,132,263,105,38,9,46,18,104,84,43,140,138,2.90,3.36,1308,451,272,426,121,38,28,493,153,265,9,14,52,499,44,283,13,59,100,6,0,0,26,0,55,0,13,13,3,48,431,0,5,5,13,9,8,270,0,9,156,68,37,876,107,81,281,165,47,139,56,-888888888,-888888888,951,44,1308,143,395,4,728,62,185,77,1335,1230,105,43,62,20,42,0,1346,1254,1254,1009,245,0,92,92,15,77,92,0,0,0,92,0,92,92,4,0,0,0,88,0,1192,802,390,116,390,116,0,0,0,0,0,0,1346,45,0,46,0,11,61,89,0,115,0,0,111,10,0,0,0,0,0,17,9,0,3,0,0,0,0,3,-888888888,-888888888,-888888888
2015,Carson County; Texas,2293,1692,640,1344,436,99,68,249,136,601,522,241,740,653,2.62,3.05,5999,2293,1355,1863,249,239,93,2282,514,1340,39,120,269,2488,414,1425,69,270,310,83,14,22,62,0,115,40,108,0,0,48,065,0,0,0,0,0,0,1540,52,60,845,358,225,4071,100,314,1157,1138,369,628,365,-888888888,-888888888,4516,479,6020,744,1552,93,3502,282,966,369,5986,5247,739,112,627,503,124,0,6068,5956,5934,4420,1514,22,112,112,66,46,134,22,4,18,112,8,104,112,46,24,4,3,26,9,5730,5391,339,29,280,29,54,0,5,0,0,0,6068,331,0,33,15,117,574,98,11,1639,27,35,911,60,0,42,179,0,8,177,127,2,8,49,10,0,8,0,-888888888,-888888888,-888888888
2015,Freestone County; Texas,7406,5326,2043,3872,1395,306,120,1148,528,2080,1915,912,2345,2481,2.44,2.92,18057,7406,3830,5304,1080,437,247,8304,2188,4582,251,275,1008,7546,1453,3768,123,1156,1046,97,48,25,26,0,69,0,517,189,5,48,161,44,20,120,189,108,150,4360,350,227,2105,1050,628,13640,697,1784,4619,3693,1174,1185,488,-888888888,-888888888,15083,1425,18067,3145,4483,241,10250,1434,3334,1470,19427,16498,2908,1131,1777,1523,254,21,19586,18127,18056,15143,2913,71,1459,1459,296,1163,1530,71,2,69,1459,130,1329,1459,60,108,20,0,1196,75,18438,16210,2228,940,2017,869,158,21,21,18,32,32,19586,1169,34,206,58,323,2132,471,10,2168,34,13,2373,322,0,89,246,12,18,294,376,0,32,93,0,0,115,53,-888888888,-888888888,-888888888
2015,Hardeman County; Texas,1634,990,349,775,230,43,24,172,95,644,571,287,412,544,2.42,3.13,3954,1634,746,1030,333,211,50,1547,410,827,36,36,238,1731,268,855,95,251,262,100,12,31,110,0,259,7,86,68,3,48,197,0,14,51,68,35,59,977,47,27,528,235,140,2861,229,361,948,688,129,399,107,-888888888,-888888888,3094,223,3980,879,897,38,2374,543,709,298,3950,3460,471,268,203,188,15,19,3992,3745,3738,2918,820,7,247,247,24,223,254,7,0,7,247,72,175,247,3,0,1,0,243,0,3854,3368,486,245,471,245,6,0,0,0,9,0,3992,334,31,11,4,34,291,125,8,401,0,0,405,7,0,22,34,0,1,10,81,0,0,0,0,0,7,34,-888888888,-888888888,-888888888
2015,Briscoe County; Texas,675,489,197,397,152,13,11,79,34,186,166,106,228,269,2.47,2.87,1670,675,365,469,79,82,33,688,181,417,0,32,58,668,148,382,7,65,66,13,3,19,37,0,85,16,30,4,0,48,045,0,4,0,4,4,0,406,22,26,187,104,67,1123,190,82,287,252,67,180,65,-888888888,-888888888,1261,73,1670,180,409,0,905,64,356,116,1660,1482,178,85,93,10,83,0,1670,1475,1471,1243,228,4,195,195,37,158,199,4,0,4,195,8,187,195,13,0,1,0,180,1,1574,1196,378,204,373,200,4,4,0,0,1,0,1670,66,0,4,0,16,191,107,0,141,0,0,205,0,0,10,0,11,8,30,65,0,30,43,6,0,0,13,-888888888,-888888888,-888888888
2015,Liberty County; Texas,25319,18487,7700,14186,5362,1366,715,2935,1623,6832,5747,2343,9362,6987,2.82,3.33,71399,25319,14185,22044,6759,3092,1244,29923,9069,16157,691,882,3124,31498,8070,15447,1327,2934,3720,1189,521,52,61,56,109,16,2869,1642,246,48,291,400,323,673,1642,908,1345,18223,1046,1297,8897,4367,2616,50708,4605,7440,19291,12074,2450,3376,1472,-888888888,-888888888,58086,5022,71431,12982,19379,745,42679,7183,9373,5054,76380,62949,13355,4576,8779,7986,793,76,77486,71808,71295,56923,14372,513,5678,5678,1428,4250,6191,513,2,511,5678,569,5109,5678,133,473,67,0,4940,65,72186,59437,12749,4698,11815,4462,456,76,384,160,94,0,77486,4643,91,862,35,594,6771,3978,310,9987,109,41,9786,1953,10,294,727,63,87,753,1056,10,882,363,7,11,186,90,-888888888,-888888888,-888888888
2015,Loving County; Texas,45,18,2,16,0,0,0,2,2,27,19,11,2,14,2.60,2.28,117,45,20,3,0,49,0,71,38,19,0,1,13,40,2,17,0,11,10,0,0,0,0,-666666666,-666666666,0,0,0,0,48,301,0,0,0,0,0,0,6,0,0,6,0,0,106,0,21,55,21,7,2,0,-888888888,-888888888,111,4,117,22,6,0,87,10,24,12,117,105,12,5,7,0,7,0,117,104,99,69,30,5,13,13,0,13,18,5,0,5,13,0,13,13,0,0,0,0,13,0,117,100,17,13,17,13,0,0,0,0,0,0,117,0,0,0,0,3,10,4,8,4,0,0,6,0,0,0,0,0,0,0,0,0,0,0,0,0,0,0,-888888888,-888888888,-888888888
2015,Robertson County; Texas,6065,4222,1584,2987,936,279,157,956,491,1843,1596,726,1781,2027,2.69,3.31,16335,6065,3006,5283,1474,507,261,6446,2136,3083,172,286,769,6715,1663,3369,131,836,716,161,95,49,47,95,82,0,525,255,34,48,395,93,85,43,255,201,130,4022,336,255,1812,905,714,10974,740,1464,4114,2459,389,1333,475,-888888888,-888888888,12457,820,16336,2632,4070,93,9306,1257,2960,1282,16314,14507,1721,861,860,711,149,86,16532,15485,15311,13372,1939,174,1047,1047,246,801,1221,174,83,91,1047,131,916,1047,14,58,79,0,864,32,15430,13172,2258,999,2026,857,42,7,13,13,177,122,16532,790,90,251,86,148,1364,287,13,1968,5,27,2133,297,0,4,562,42,32,245,171,8,234,172,44,20,18,4,-888888888,-888888888,-888888888
2015,Rusk County; Texas,17753,12655,5143,9100,3304,1080,502,2475,1337,5098,4536,2002,6042,5311,2.75,3.28,48792,17753,9174,15594,4082,2189,847,22912,7359,10902,677,924,3050,20155,4703,9599,625,2434,2794,748,273,47,67,66,123,17,1628,1125,246,48,401,227,191,461,1125,649,762,11564,595,725,5550,2824,1870,36246,2628,4478,12229,9629,2300,3589,1393,-888888888,-888888888,41052,3786,48869,7802,12401,982,28906,3731,7562,3089,52805,42691,10097,3077,7020,6668,352,17,53457,49700,49509,40094,9415,191,3757,3757,1150,2607,3948,191,0,191,3757,60,3697,3757,203,234,9,2,3270,39,50033,43388,6645,2713,6232,2651,237,6,152,56,24,0,53457,4308,35,64,23,782,5459,1960,58,5350,30,2,7016,511,8,133,233,22,78,604,881,40,59,282,192,16,95,111,-888888888,-888888888,-888888888
2015,San Jacinto County; Texas,9476,6923,2020,5321,1085,685,419,917,516,2553,2124,1100,2541,3562,2.84,3.31,26881,9476,5357,7801,2852,1395,337,10764,2922,6023,217,407,1195,11074,2112,6108,296,999,1559,264,142,53,50,96,75,11,1047,328,86,48,407,100,52,90,328,197,248,5651,281,473,2863,1480,554,18655,1082,2375,8392,4012,676,1511,607,-888888888,-888888888,20794,2069,26876,5234,6224,404,15517,2481,5135,2349,26776,22674,4040,1502,2538,2121,417,62,27023,25961,25821,19749,6072,140,1062,1062,388,674,1202,140,23,117,1062,0,1062,1062,87,81,0,0,866,28,25441,23009,2432,902,2297,892,97,0,38,10,0,0,27023,3794,0,104,7,265,2367,1078,57,3072,22,3,3345,531,11,188,194,0,0,298,435,0,148,77,0,0,24,0,-888888888,-888888888,-888888888
2015,Upshur County; Texas,13844,10104,3734,8267,2893,501,206,1336,635,3740,3183,1613,4544,4491,2.85,3.35,39518,13844,8231,12103,3367,1973,660,15652,4050,8967,390,590,1655,16350,3078,8731,448,1971,2122,441,130,35,52,8,126,4,1335,697,59,48,459,163,107,368,697,373,596,9469,414,417,4697,2234,1707,26951,1593,3054,8786,7494,2124,2795,1105,-888888888,-888888888,30291,3025,39602,7525,9776,791,23434,4128,6392,2606,39460,34250,5206,1960,3246,2486,760,4,40096,38843,38463,28878,9585,380,1253,1253,256,997,1633,380,0,380,1253,15,1238,1253,138,77,0,0,1033,5,37536,35257,2279,776,1957,738,186,23,125,15,11,0,40096,6661,0,99,44,532,3965,691,23,4525,15,33,5797,732,6,151,309,20,25,932,946,7,230,132,84,64,321,182,-888888888,-888888888,-888888888
2015,Waller County; Texas,13937,10190,4584,7581,3319,735,258,1874,1007,3747,2751,906,5025,3281,2.94,3.39,41032,13937,7565,13728,3098,2704,580,18227,7506,8385,455,596,1285,18448,7223,8030,380,1268,1547,584,238,31,48,55,67,18,861,410,92,48,473,111,22,185,410,225,235,16172,799,763,4835,2389,7386,24740,2531,2894,7761,5345,1548,3401,1260,-888888888,-888888888,34860,2047,45592,6036,10973,292,29606,3501,5013,2243,45224,38607,6530,2393,4137,3548,589,87,45847,39435,38977,29715,9262,458,6412,6412,1767,4645,6870,458,15,443,6412,417,5995,6412,254,287,144,25,5666,36,42816,32391,10425,4497,9818,4387,311,83,218,23,78,4,45847,1580,70,617,24,311,2778,1052,24,5783,44,21,2917,763,0,143,801,26,112,542,551,2,815,81,15,0,195,92,-888888888,-888888888,-888888888
2015,Wilson County; Texas,15477,12015,4928,9508,3647,822,420,1685,861,3462,2871,1193,5589,4152,2.90,3.29,44945,15477,9498,14944,3032,1994,1014,18066,5052,10406,303,558,1747,18187,4294,9890,291,1620,2092,536,324,65,53,33,112,16,1271,374,73,48,493,106,104,91,374,257,257,11780,599,668,5568,2787,2158,30423,2044,2495,10582,6907,2460,4114,1821,-888888888,-888888888,33981,4754,44857,5799,11434,547,27398,2935,6025,2317,45085,41225,3747,1634,2113,1781,332,113,45509,43459,43013,35183,7830,446,2050,2050,941,1109,2496,446,36,410,2050,160,1890,2050,98,189,0,0,1659,104,42959,33005,9954,3105,9324,2842,519,194,100,66,11,3,45509,2162,0,1161,98,529,2741,1064,117,10186,0,47,4493,826,5,139,3978,53,84,418,555,0,11,276,35,45,162,32,-888888888,-888888888,-888888888
2015,Hockley County; Texas,8089,6012,2474,4418,1782,491,165,1103,527,2077,1817,836,3078,2215,2.80,3.25,22642,8089,4404,7090,2007,1052,361,8802,2781,4781,113,283,844,9254,2308,4855,362,993,736,372,114,42,66,92,104,13,778,455,105,48,219,116,36,198,455,278,396,6989,517,358,2831,1404,1879,14184,1434,1721,3712,3858,1228,1594,637,-888888888,-888888888,17099,990,23173,3448,6218,352,13875,1709,3080,1387,22982,18183,4644,1892,2752,2457,295,155,23322,21753,21631,18643,2988,122,1569,1569,302,1267,1691,122,14,108,1569,119,1450,1569,26,65,2,1,1473,2,21633,14917,6716,2083,6509,2007,91,20,110,56,6,0,23322,2779,18,77,5,194,1545,317,8,2132,58,4,1756,199,0,39,18,24,16,144,152,0,17,53,15,0,104,107,-888888888,-888888888,-888888888
2015,Midland County; Texas,52870,36702,16925,27395,11591,2960,1379,6347,3955,16168,13141,4130,19482,10812,2.83,3.42,149435,52870,27396,48228,13273,7668,3383,57228,18733,30567,1029,1040,5859,58717,15066,30857,1096,4666,7032,2623,758,43,71,42,126,15,4718,2047,340,48,329,677,282,748,2047,1167,1613,39475,2782,2617,18205,8358,7513,94044,7065,8924,22187,25023,6763,17166,6916,-888888888,-888888888,109535,8464,150249,16487,41668,1726,93342,8581,15239,6180,148614,121919,25990,13637,12353,7892,4461,705,151290,135182,133817,102353,31464,1365,16108,16108,5226,10882,17473,1365,230,1135,16108,2371,13737,16108,457,1943,429,0,13131,148,138739,95075,43664,14826,40087,13574,848,72,2082,1091,647,89,151290,8988,252,609,212,1223,10082,2171,471,15613,193,43,12426,1622,132,846,807,18,209,1962,2727,8,897,571,262,64,527,312,-888888888,-888888888,-888888888
2015,Llano County; Texas,8654,5592,1423,4802,1013,244,123,546,287,3062,2740,1637,1602,4394,2.21,2.75,19123,8654,4765,4090,956,658,400,8092,1399,4958,116,378,1241,8707,960,4961,176,1307,1303,145,78,55,51,31,133,0,283,177,19,48,299,13,96,49,177,117,110,2980,291,228,1300,747,414,15168,555,1290,4125,4128,879,2942,1249,-888888888,-888888888,16186,2601,19070,4216,3079,236,9665,1473,6326,2507,19177,16584,2572,1219,1353,1051,302,21,19323,18772,18513,12394,6119,259,551,551,224,327,810,259,0,259,551,22,529,551,129,54,12,2,339,15,18522,17351,1171,462,1016,363,81,35,74,64,0,0,19323,1524,2,147,41,374,2852,723,36,4441,34,26,2832,575,18,363,329,0,59,556,522,0,44,288,26,22,245,12,-888888888,-888888888,-888888888
2015,Fannin County; Texas,11974,8498,3154,6444,2127,557,296,1497,731,3476,2976,1421,3684,4016,2.56,3.05,30671,11974,6507,8560,2355,1275,742,14819,4181,7474,392,492,2280,13011,2407,7003,255,1586,1760,302,161,51,45,82,72,13,833,398,158,48,147,83,8,149,398,239,298,7495,403,352,3241,1978,1521,23530,1337,2793,8277,5724,1634,2356,1409,-888888888,-888888888,26531,3360,30827,5101,7199,400,18006,2670,5622,2031,33351,27003,6289,2352,3937,3308,629,59,33748,31964,31716,24240,7476,248,1784,1784,358,1426,2032,248,0,248,1784,183,1601,1784,124,183,2,0,1475,0,31921,28943,2978,1180,2492,1054,365,96,107,25,14,5,33748,3652,9,168,70,354,3213,1084,105,4546,31,46,4091,354,27,92,278,49,142,634,562,17,27,308,23,0,111,10,-888888888,-888888888,-888888888
2015,Brazos County; Texas,73858,40474,19572,29104,13042,3141,1160,8229,5370,33384,20709,4572,21432,11576,2.58,3.17,190550,73858,28978,48571,10346,28797,4150,85714,46320,31629,1094,1059,5612,83634,38082,31659,1939,5101,6853,2933,897,22,47,14,63,30,3020,1831,274,48,041,303,339,915,1831,1261,1314,88142,3029,2387,18441,8552,55733,103564,7343,7771,21119,21340,5665,21551,18775,-888888888,-888888888,162957,8672,201420,17190,42078,1923,143446,9481,15896,5786,202799,138995,60419,32381,28038,23702,4336,3385,205271,178214,175770,136453,39317,2444,27057,27057,6387,20670,29501,2444,106,2338,27057,5808,21249,27057,1635,9309,645,111,14939,418,192288,147335,44953,18653,31704,13636,5044,1463,7353,3397,852,157,205271,9564,1173,5603,777,1607,16384,6314,478,33920,577,362,18909,6454,192,1360,3897,209,716,4026,5107,125,833,1950,261,383,1558,322,-888888888,-888888888,-888888888
2015,Gaines County; Texas,5615,4368,2224,3640,1837,271,174,457,213,1247,1065,479,2424,1199,3.35,3.88,18803,5615,3643,7454,1490,601,214,6741,1571,4099,130,261,680,6607,1490,3994,115,583,425,267,37,21,61,1,139,16,494,191,37,48,165,73,14,67,191,124,155,4694,174,333,3026,932,229,10685,2763,1444,2982,1590,640,905,361,-888888888,-888888888,12365,389,18808,2338,6551,213,10566,1229,1691,896,18590,15051,3133,1875,1258,832,426,406,18916,14346,14264,11767,2497,82,4570,4570,1561,3009,4652,82,7,75,4570,805,3765,4570,11,85,10,51,4225,188,17023,8186,8837,3391,4759,2020,3943,1312,119,59,16,0,18916,975,0,15,0,207,690,566,0,2618,0,0,621,35,0,27,296,0,502,105,206,0,15,7,8,12,7,145,-888888888,-888888888,-888888888
2015,Gray County; Texas,8250,5529,2394,4316,1722,442,267,771,405,2721,2394,1077,2711,2542,2.59,3.21,21342,8250,4361,6313,1529,889,427,9704,2848,4975,225,381,1275,8405,1636,4452,290,963,1064,340,120,60,73,34,140,17,588,304,108,48,179,121,7,68,304,163,238,5320,320,355,2674,1046,925,15366,1152,1847,5067,3889,1318,1505,588,-888888888,-888888888,17145,1492,21337,3326,5807,214,12113,1700,3417,1412,22643,18670,3943,1560,2383,2026,357,30,22983,20931,20732,15136,5596,199,2052,2052,606,1446,2251,199,7,192,2052,60,1992,2052,64,114,0,0,1874,0,21335,17068,4267,1660,3955,1619,152,23,109,18,51,0,22983,1753,66,120,100,317,2854,366,16,3018,0,10,2108,382,10,107,196,9,34,369,557,0,52,112,45,0,111,52,-888888888,-888888888,-888888888
2015,Jack County; Texas,3031,2220,847,1896,652,84,32,240,163,811,728,224,983,863,2.55,2.99,7733,3031,1886,1964,566,286,103,4383,1468,2265,76,52,522,3200,528,2046,32,215,379,114,21,29,70,40,164,9,311,143,18,48,237,11,82,32,143,79,140,1788,58,116,814,631,169,6134,554,699,2484,1381,337,439,240,-888888888,-888888888,7089,682,7733,1509,1857,152,4541,804,1335,553,8860,7270,1548,323,1225,1076,149,42,8946,8555,8521,6894,1627,34,391,391,88,303,425,34,0,34,391,12,379,391,14,4,13,0,360,0,8566,7594,972,573,935,566,16,0,8,7,13,0,8946,1020,0,3,7,148,479,94,9,725,0,3,719,57,8,53,45,0,5,78,77,0,13,44,4,0,15,9,-888888888,-888888888,-888888888
2015,Bosque County; Texas,6999,4947,1708,3992,1247,300,187,655,274,2052,1823,1047,1956,2773,2.52,3.02,17612,6999,3980,4788,1237,608,378,7175,1700,4192,159,344,780,7540,1242,4315,197,912,874,105,39,26,30,6,72,6,556,333,56,48,035,43,59,175,333,175,311,3824,257,157,1858,920,632,12739,1057,1267,4416,3103,731,1467,698,-888888888,-888888888,13999,1675,17623,2906,3972,150,9797,1342,3854,1414,17859,15472,2387,1202,1185,1080,105,0,17971,16760,16671,13402,3269,89,1211,1211,382,829,1300,89,23,66,1211,34,1177,1211,62,30,10,0,1093,16,16996,14497,2499,980,2380,954,81,9,36,17,2,0,17971,3845,4,252,73,287,1645,386,54,2931,14,14,2063,175,0,513,91,5,9,384,475,15,3,70,2,0,53,53,-888888888,-888888888,-888888888
2015,Bexar County; Texas,618831,419295,201072,282988,127123,33887,15115,102420,58834,199536,164021,48699,232284,140901,2.90,3.56,1792471,618831,282667,614726,176890,99357,35141,692936,267462,324695,16292,14913,69574,729879,230266,315626,26152,58059,99776,28044,10169,39,60,32,99,27,58635,21481,5008,48,029,4875,4176,7422,21481,13485,15521,526332,28901,28206,216480,105655,147090,1145479,93276,97558,289011,273484,86596,195958,109596,-888888888,-888888888,1326076,153129,1793642,241574,480605,23673,1117205,134350,195832,83551,1798840,1461646,324453,235026,89427,48105,41322,12741,1825502,1586390,1545086,1159237,385849,41304,239112,239112,94074,145038,280416,41304,3767,37537,239112,23437,215675,239112,12712,40728,5758,271,177293,2350,1692248,1000983,691265,208357,627798,185505,25401,6556,29323,12918,8743,3378,1825502,64309,7905,8605,3774,9806,81161,27473,3908,167461,2637,2800,94568,36878,1063,8720,23860,3146,4920,13306,18775,795,13243,8399,1803,1498,5392,3978,-888888888,-888888888,-888888888
2015,Baylor County; Texas,1723,977,376,838,272,27,14,112,90,746,717,374,415,630,2.06,2.84,3555,1723,853,815,125,39,27,1393,250,920,30,42,151,1666,285,809,39,313,220,46,0,0,61,0,101,71,73,64,21,48,023,15,7,21,64,29,64,835,28,28,368,274,137,2643,80,227,838,614,201,518,165,-888888888,-888888888,2860,215,3555,688,768,1,1984,273,803,414,3601,2767,834,562,272,256,16,0,3628,3527,3500,2954,546,27,101,101,77,24,128,27,0,27,101,0,101,101,62,0,0,9,30,0,3500,3346,154,41,113,41,32,0,9,0,0,0,3628,379,0,133,0,69,251,67,38,569,0,0,271,19,64,0,6,0,76,138,38,0,0,11,0,0,17,12,-888888888,-888888888,-888888888
2015,Denton County; Texas,257275,182667,98003,143010,74561,10510,4858,29147,18584,74608,56979,13037,104746,41684,2.80,3.31,719934,257275,142929,232506,46234,40990,13856,277308,90196,155417,3855,3791,24049,292863,83503,151431,5531,16385,36013,-888888888,-888888888,-888888888,-888888888,-888888888,-888888888,-888888888,15479,5010,1174,48,121,1330,1013,1493,5010,3055,3635,223446,14232,11946,89325,41285,66658,466487,17415,20262,90160,110626,35423,132632,59969,-888888888,-888888888,538023,40841,727409,57435,192768,6296,475372,32080,59269,19059,722933,586184,131961,65218,66743,47112,19631,4788,731851,627238,617541,365376,252165,9697,104613,104613,43600,61013,114310,9697,915,8782,104613,11220,93393,104613,7874,40046,4927,282,48673,2811,681895,529917,151978,55342,94179,36451,21554,4730,31911,13247,4334,914,731851,45686,3328,4400,2288,9757,72388,20708,3015,102679,1951,2038,74930,25269,650,7319,12052,1585,3950,9885,17574,932,7632,7436,1971,1869,4868,1896,-888888888,-888888888,-888888888
2015,Galveston County; Texas,113866,77609,34831,58155,25009,4529,2117,14925,7705,36257,29435,8619,39783,27114,2.66,3.24,302510,113866,58184,94554,20781,15125,6789,119867,39087,62660,2221,2835,13064,124976,31877,61857,3459,10844,16939,3941,1373,36,53,27,104,16,8205,3599,976,48,167,743,445,1435,3599,2405,2498,84391,6058,4420,34502,17288,22123,203891,10099,15336,49929,50817,18024,38853,20833,-888888888,-888888888,231139,20601,303734,39860,76330,3466,190289,21811,37115,14583,304473,253130,50005,28054,21951,16210,5741,1338,308163,278066,274212,191487,82725,3854,30097,30097,12463,17634,33951,3854,341,3513,30097,2217,27880,30097,2862,7305,1211,89,17725,905,287973,230346,57627,18399,44934,14660,5884,1147,5760,2379,1049,213,308163,16086,1268,3031,759,3142,23962,11148,1928,42412,1264,545,32988,12455,555,2253,4672,373,1198,3495,5333,173,2038,3454,369,397,1515,447,-888888888,-888888888,-888888888
2015,Roberts County; Texas,350,274,111,229,79,7,4,38,28,76,76,47,121,114,2.66,3.08,931,350,230,319,20,12,3,323,60,239,2,6,16,379,66,236,8,32,37,8,0,0,43,0,75,38,6,6,0,48,393,3,0,3,6,2,3,251,6,11,178,50,6,616,3,18,186,190,23,155,41,-888888888,-888888888,649,48,931,135,282,4,487,76,162,55,922,764,158,14,144,131,13,0,931,926,921,684,237,5,5,5,5,0,10,5,0,5,5,0,5,5,0,5,0,0,0,0,880,872,8,0,5,0,0,0,3,0,0,0,931,62,0,1,0,28,243,7,0,194,0,0,155,6,0,6,0,0,0,24,11,0,0,0,0,0,8,3,-888888888,-888888888,-888888888
2015,Uvalde County; Texas,8435,5863,2373,4161,1569,450,169,1252,635,2572,2205,1136,2796,2913,3.13,3.88,26441,8435,4171,9837,2854,1144,249,10069,3765,4642,234,292,1136,10593,2871,4827,376,1375,1144,625,355,113,103,73,201,14,790,376,208,48,463,41,51,76,376,258,290,7751,636,396,3430,1468,1821,16518,2913,1958,3832,3607,1682,1870,656,-888888888,-888888888,19386,1274,26595,3503,7566,134,14941,1829,4088,1540,26423,22677,3708,1753,1955,1205,750,38,26952,23750,23490,20457,3033,260,3202,3202,1062,2140,3462,260,36,224,3202,170,3032,3202,45,155,25,9,2941,27,24866,11574,13292,2978,12995,2920,150,32,143,26,4,0,26952,568,26,30,9,28,1398,450,0,2192,0,0,1434,169,0,50,168,154,64,354,362,0,42,48,85,0,82,0,-888888888,-888888888,-888888888
2015,Bowie County; Texas,33423,23339,9715,15846,5400,1517,734,5976,3581,10084,8791,3655,11581,9678,2.63,3.15,87818,33423,15827,26929,7443,4196,1091,37577,12992,17686,933,1049,4917,37153,9373,17125,1237,4538,4880,1538,631,56,74,80,124,28,3302,1968,365,48,037,467,281,855,1968,1266,1483,22319,1303,1140,10185,5145,4546,62572,2308,5636,22530,16716,3963,7477,3942,-888888888,-888888888,70781,7495,87842,13055,22292,1070,52097,6781,13453,5204,91785,78868,12752,6638,6114,2574,3540,165,93155,89661,89127,57170,31957,534,3494,3494,1365,2129,4028,534,8,526,3494,488,3006,3494,352,772,214,77,2037,42,87215,81701,5514,2260,4044,1691,536,80,775,456,159,33,93155,24030,62,334,149,1102,5824,1570,84,8142,29,270,8875,1173,41,212,256,58,180,1094,1542,0,1011,330,120,0,320,55,-888888888,-888888888,-888888888
2015,Kent County; Texas,372,215,67,196,57,6,4,13,6,157,152,66,80,149,2.07,2.78,771,372,180,174,28,17,6,331,48,200,9,27,47,338,31,191,0,75,41,27,8,205,211,333,313,118,18,7,0,48,263,0,1,6,7,0,7,98,10,0,61,17,10,616,48,83,161,153,18,98,55,-888888888,-888888888,662,56,771,187,151,2,418,72,202,113,779,640,139,52,87,66,21,0,821,786,784,648,136,2,35,35,9,26,37,2,0,2,35,0,35,35,0,0,0,0,33,2,740,646,94,36,94,36,0,0,0,0,0,0,821,99,0,3,0,9,109,10,0,156,0,0,90,5,0,7,0,0,1,20,23,0,0,0,6,0,0,1,-888888888,-888888888,-888888888
2015,Somervell County; Texas,3386,2571,1231,1947,882,203,97,421,252,815,710,351,1430,987,2.45,2.76,8294,3386,1936,2157,444,371,238,3359,777,2189,25,125,243,3595,796,1910,35,430,424,178,74,78,92,0,208,47,272,186,0,48,425,61,4,121,186,111,153,2152,209,170,960,524,289,5895,343,728,1548,1383,557,935,401,-888888888,-888888888,6530,629,8420,1009,2065,121,4963,484,1392,404,8524,7362,1162,664,498,479,19,0,8608,8074,7961,5871,2090,113,534,534,293,241,647,113,0,113,534,0,534,534,60,0,0,15,457,2,8163,7031,1132,603,1113,603,6,0,13,0,0,0,8608,689,0,59,10,247,855,208,11,1182,0,138,1285,62,0,55,12,0,11,155,334,14,0,27,2,0,45,42,-888888888,-888888888,-888888888
2015,Hardin County; Texas,20799,15086,5939,11947,4563,829,337,2310,1039,5713,5049,2073,6986,5901,2.64,3.15,54940,20799,11993,16402,4088,1658,577,21383,5138,12847,236,862,2300,22419,4096,12728,494,2680,2421,690,268,52,55,104,97,4,1556,647,95,48,199,107,87,358,647,466,511,13466,661,841,6494,3049,2421,37025,1459,3608,14146,9391,2703,4016,1702,-888888888,-888888888,41462,4219,54935,8390,13874,770,33218,4479,7843,3141,54755,49146,5562,2904,2658,2263,395,47,55375,54585,54362,44127,10235,223,790,790,336,454,1013,223,13,210,790,65,725,790,117,254,0,0,414,5,51768,49889,1879,738,1392,520,187,51,280,167,20,0,55375,3667,11,205,81,800,5469,5918,591,6796,65,39,7494,1439,0,206,604,0,61,629,1429,0,185,169,11,7,141,79,-888888888,-888888888,-888888888
2015,Leon County; Texas,6142,4371,1450,3178,814,474,282,719,354,1771,1481,762,1757,2429,2.72,3.25,16702,6142,3164,4919,1748,729,368,6734,1395,3756,194,401,988,6974,1381,3465,154,1143,831,273,144,86,82,64,149,42,602,280,89,48,289,68,29,94,280,209,201,3317,154,97,1786,803,477,11843,957,964,4286,2873,726,1419,618,-888888888,-888888888,13020,1706,16720,2421,3799,84,9175,1165,3746,1172,16558,14756,1780,1074,706,624,82,22,16819,15729,15644,12183,3461,85,1090,1090,299,791,1175,85,2,83,1090,14,1076,1090,121,38,0,13,894,24,15733,13935,1798,1007,1696,985,83,3,19,19,0,0,16819,1012,0,26,4,135,2048,485,52,2720,9,6,2449,201,0,26,103,0,21,541,305,0,11,51,14,31,136,48,-888888888,-888888888,-888888888
2015,Newton County; Texas,4825,3038,721,2240,366,314,125,484,230,1787,1562,579,929,1701,2.88,3.76,13892,4825,2322,4053,1995,697,179,6045,2209,2593,223,282,738,5628,1342,2393,238,616,1039,151,100,51,50,163,44,4,308,151,57,48,351,41,27,26,151,111,66,2946,150,96,1349,885,466,9621,411,778,4819,2509,484,442,178,-888888888,-888888888,11087,1344,13874,2987,3118,221,8370,1570,2386,1196,14086,12797,1284,348,936,900,36,5,14231,13985,13827,11172,2655,158,246,246,78,168,404,158,0,158,246,33,213,246,30,51,12,7,146,0,13442,13038,404,105,236,54,53,0,77,51,38,0,14231,1232,3,54,0,198,1464,1311,108,1117,0,5,1300,348,0,31,134,0,0,134,78,0,14,17,3,5,9,6,-888888888,-888888888,-888888888
2015,Reeves County; Texas,3716,2434,974,1875,694,130,44,429,236,1282,1153,580,1149,1350,3.06,3.94,11363,3716,1856,4157,1143,491,127,6763,2779,2861,303,165,655,4823,1271,2314,198,608,432,229,89,64,86,51,179,15,336,126,9,48,389,0,16,101,126,83,63,2820,140,147,1448,767,318,9511,2229,1594,2455,1921,286,806,220,-888888888,-888888888,11027,599,11364,1546,3132,48,6448,636,1784,862,13989,11321,2305,442,1863,1501,362,363,14179,10851,10753,9108,1645,98,3328,3328,459,2869,3426,98,0,98,3328,710,2618,3328,9,105,0,13,3201,0,13277,4947,8330,3569,8172,3474,68,48,90,47,0,0,14179,468,0,0,0,43,201,104,5,576,0,0,372,108,0,6,21,0,0,38,34,0,5,13,15,0,11,11,-888888888,-888888888,-888888888
2015,Travis County; Texas,428220,244438,120943,179352,84831,18495,8276,46591,27836,183782,131962,23520,131551,64873,2.57,3.28,1098509,428220,179237,304470,74268,112314,32016,451304,195663,201724,7424,5921,40572,448065,162062,193159,11595,24590,56659,-888888888,-888888888,-888888888,-888888888,-888888888,-888888888,-888888888,20818,7532,1503,48,453,2053,1218,2758,7532,4603,5478,308897,19592,15911,113727,50079,109588,742369,49170,41151,126981,142175,41719,217271,123902,-888888888,-888888888,860468,52401,1114221,96046,260213,9873,765061,56322,88947,29851,1106988,869049,227388,144763,82625,50083,32542,10551,1121645,921463,901554,591619,309935,19909,200182,200182,60830,139352,220091,19909,2029,17880,200182,25527,174655,200182,13802,51758,7049,985,123201,3387,1043280,712414,330866,132708,253545,109030,31049,6651,38753,14632,7519,2395,1121645,45561,8044,11474,3554,9942,89443,29150,3826,136916,3823,3052,86584,32213,1604,10344,18173,2263,7364,16306,23565,1031,11462,12977,2431,1753,7279,2450,-888888888,-888888888,-888888888
2015,Collingsworth County; Texas,1109,803,340,650,230,32,11,121,99,306,269,148,387,371,2.70,3.19,2996,1109,634,886,241,126,47,1139,288,733,14,43,61,1187,224,629,42,212,80,26,4,15,47,0,97,0,131,95,18,48,087,24,45,8,95,55,95,708,96,65,376,101,70,2052,254,183,670,502,132,223,88,-888888888,-888888888,2237,188,2996,517,821,36,1610,204,565,277,3029,2703,326,88,238,145,93,0,3058,2645,2628,2063,565,17,413,413,30,383,430,17,13,4,413,0,413,413,0,26,0,0,387,0,2819,2061,758,355,719,345,23,0,2,0,14,10,3058,199,4,24,22,47,279,58,4,336,0,0,369,4,0,14,44,0,6,8,42,0,0,0,0,0,5,0,-888888888,-888888888,-888888888
2015,Erath County; Texas,14572,8886,3765,7051,2680,554,304,1281,781,5686,4114,1347,4109,3467,2.62,3.18,38218,14572,6981,10200,2186,4279,933,16089,6599,7718,122,326,1324,16834,5750,7614,321,1294,1855,542,120,18,51,18,81,21,564,320,48,48,143,139,48,85,320,154,242,13388,405,559,3708,1903,6813,22713,1741,1806,6146,5609,1374,4201,1836,-888888888,-888888888,31502,2069,39547,4245,8466,298,26062,1934,5019,2013,39607,32339,7235,3466,3769,3132,637,33,40039,36572,36139,27987,8152,433,3467,3467,1293,2174,3900,433,0,433,3467,82,3385,3467,163,169,32,51,3041,11,37514,30268,7246,2668,6891,2592,126,3,217,73,12,0,40039,5952,72,181,22,460,2968,776,55,4252,132,189,3553,634,0,243,298,4,41,559,588,0,12,190,8,3,76,97,-888888888,-888888888,-888888888
2015,Motley County; Texas,445,270,94,222,74,18,3,30,17,175,159,80,108,176,2.41,3.14,1071,445,235,248,95,48,24,511,170,234,8,8,91,410,63,235,17,69,26,23,0,0,114,0,242,88,23,14,0,48,345,7,3,4,14,6,10,245,9,10,93,86,47,716,67,48,228,214,36,105,18,-888888888,-888888888,866,53,1071,247,205,10,603,129,263,108,1049,864,185,88,97,93,4,0,1071,1049,1048,838,210,1,22,22,13,9,23,1,0,1,22,0,22,22,0,0,0,0,22,0,1018,930,88,32,88,32,0,0,0,0,0,0,1071,50,0,0,4,19,189,31,0,144,11,0,188,14,0,3,0,0,14,0,20,0,0,25,0,0,2,0,-888888888,-888888888,-888888888
2015,Coleman County; Texas,3405,2453,790,1973,510,98,44,382,236,952,862,429,930,1313,2.49,2.97,8481,3405,1948,2090,798,240,119,3521,826,2264,44,42,345,3525,546,2069,93,485,332,58,47,63,36,73,72,0,269,134,68,48,083,14,41,11,134,78,104,1563,136,156,776,376,119,6057,261,817,2487,1527,249,558,158,-888888888,-888888888,6688,660,8499,1168,1845,83,4768,529,1886,556,8498,8012,476,186,290,221,69,10,8536,8363,8340,6828,1512,23,173,173,44,129,196,23,0,23,173,32,141,173,3,81,0,1,88,0,8041,7602,439,153,382,120,56,33,1,0,0,0,8536,758,0,17,7,94,948,205,0,936,22,0,916,245,3,2,55,0,15,96,175,0,0,48,0,0,23,17,-888888888,-888888888,-888888888
2015,Medina County; Texas,14975,11495,4447,8802,3421,794,156,1899,870,3480,2902,1338,5528,4726,2.98,3.42,44681,14975,8815,13583,5470,1838,363,19720,6347,10435,361,853,1724,18283,4041,10199,548,1745,1750,919,394,85,91,30,190,38,1740,592,169,48,325,156,0,267,592,366,490,12402,572,520,5443,3373,2494,31240,2845,2876,9951,7238,2422,4110,1798,-888888888,-888888888,35799,4571,44775,7287,11558,515,26478,3651,6739,3121,46791,41568,5206,2055,3151,2709,442,17,47392,44900,44348,37162,7186,552,2492,2492,1105,1387,3044,552,7,545,2492,165,2327,2492,131,121,8,0,2206,26,44628,30221,14407,3073,14063,3027,196,5,132,41,16,0,47392,2374,24,404,93,371,3339,1610,120,8386,0,63,3196,720,13,168,712,25,59,699,753,12,160,211,20,0,60,30,-888888888,-888888888,-888888888
2015,Henderson County; Texas,29780,20855,7276,16453,5084,1357,704,3045,1488,8925,7576,3666,8622,10814,2.61,3.14,77806,29780,16473,21947,6151,3455,1357,31149,7590,17505,589,1358,4107,33471,6458,17858,715,3963,4477,955,276,34,58,11,127,16,2371,1241,251,48,213,353,164,473,1241,714,1036,17195,883,1115,7851,3784,3562,54979,3948,5987,18832,13159,3987,6331,2735,-888888888,-888888888,61422,6645,78125,13677,17573,782,45027,7116,15525,5779,78000,67297,10524,5680,4844,3397,1447,179,79016,74653,74163,56766,17397,490,4363,4363,1111,3252,4853,490,9,481,4363,513,3850,4363,230,360,8,0,3697,68,74574,67852,6722,2986,5912,2690,519,111,281,180,10,5,79016,13050,17,261,192,891,8518,1255,149,9003,131,50,9190,1666,2,359,424,48,150,1114,1307,25,59,392,250,0,284,284,-888888888,-888888888,-888888888
2015,Lamar County; Texas,19026,13281,5491,9805,3338,753,417,2723,1736,5745,5032,2361,6192,5964,2.56,3.10,48705,19026,9788,14456,3680,1755,943,19129,5420,10722,185,557,2245,20774,4462,10376,607,2591,2738,585,323,57,53,45,89,22,1487,829,120,48,277,314,170,225,829,553,652,12355,964,575,5151,2694,2971,33228,1856,3108,11517,8751,2608,3568,1820,-888888888,-888888888,37816,3565,48900,8677,11723,1079,28656,3805,8521,3793,48996,40437,8402,5841,2561,1529,1032,157,49566,47246,46979,37266,9713,267,2320,2320,826,1494,2587,267,9,258,2320,118,2202,2320,185,363,28,0,1565,179,46368,43059,3309,1141,2263,804,800,245,236,92,10,0,49566,4862,24,96,28,845,3568,844,138,4855,28,26,5785,472,17,399,342,52,195,859,871,7,159,99,63,72,99,77,-888888888,-888888888,-888888888
2015,Kimble County; Texas,1990,1309,365,1030,196,94,56,185,113,681,578,289,437,836,2.22,2.75,4427,1990,1061,917,309,150,112,1905,371,1107,62,95,270,1973,300,1050,43,308,272,48,13,33,65,0,156,17,147,140,13,48,267,68,0,59,140,65,135,628,53,41,281,166,87,3470,226,361,1229,871,190,442,151,-888888888,-888888888,3753,468,4427,802,733,49,2481,347,1213,406,4436,3831,605,337,268,241,27,0,4486,4175,4140,3600,540,35,311,311,149,162,346,35,0,35,311,0,311,311,0,0,0,0,311,0,4257,3355,902,346,892,336,10,10,0,0,0,0,4486,630,0,85,7,54,577,244,45,916,14,7,490,37,8,8,27,0,0,70,158,0,0,29,0,0,0,19,-888888888,-888888888,-888888888
2015,Washington County; Texas,11952,8409,3153,6286,2097,432,194,1691,862,3543,3034,1433,3459,4386,2.68,3.24,32058,11952,6300,10126,2446,1234,492,13701,4567,6820,270,503,1541,14393,3610,6742,396,2064,1581,371,186,45,51,73,91,8,735,135,23,48,477,96,14,2,135,83,102,7950,429,350,3216,1436,2519,22846,1350,2593,7140,4881,1937,3526,1419,-888888888,-888888888,26767,2251,33578,5180,7367,350,19829,2494,6382,2336,33766,30327,3351,1376,1975,1832,143,88,34236,31667,31481,25364,6117,186,2569,2569,1209,1360,2755,186,74,112,2569,150,2419,2569,117,400,121,0,1889,42,32179,27684,4495,1135,3684,900,614,142,178,93,19,0,34236,1560,54,852,13,225,2204,625,56,9540,22,0,1697,491,11,171,1433,0,128,426,424,0,560,176,26,27,76,66,-888888888,-888888888,-888888888
2015,Stephens County; Texas,3447,2342,874,1923,632,83,36,336,206,1105,998,509,1049,1127,2.55,3.14,8781,3447,1955,2541,516,322,138,4044,1064,2281,102,147,450,3641,635,1997,148,495,366,99,56,72,55,87,91,13,251,173,59,48,429,30,11,73,173,89,122,2058,153,138,985,543,239,6416,459,746,2243,1316,428,908,316,-888888888,-888888888,7299,464,8781,1323,2153,52,4957,621,1671,650,9355,7740,1604,605,999,866,133,11,9452,8850,8842,7302,1540,8,602,602,128,474,610,8,0,8,602,19,583,602,9,30,0,0,563,0,8893,7320,1573,748,1507,748,8,0,21,0,37,0,9452,923,9,27,10,84,522,206,6,609,0,10,751,43,0,49,60,0,10,61,97,0,6,7,0,0,5,0,-888888888,-888888888,-888888888
2015,Andrews County; Texas,5476,4258,2054,3434,1672,276,106,548,276,1218,1018,369,2325,1141,3.05,3.50,16683,5476,3400,5969,1283,555,250,6381,1920,3668,61,100,632,6070,1186,3572,241,504,567,422,151,97,108,70,209,35,530,270,69,48,003,115,42,44,270,190,163,4241,202,303,2309,1101,326,9980,1318,1232,3352,2247,665,880,286,-888888888,-888888888,11666,858,16683,1908,5109,219,9957,876,1617,813,16365,14110,2232,964,1268,1165,103,23,16775,14509,14401,10856,3545,108,2266,2266,763,1503,2374,108,8,100,2266,319,1947,2266,7,28,8,0,2223,0,15288,9267,6021,2058,5893,2029,69,7,44,22,15,0,16775,1072,0,16,5,65,659,179,9,1438,0,6,1462,297,0,16,43,0,0,75,92,0,24,22,46,0,48,23,-888888888,-888888888,-888888888
2015,Gonzales County; Texas,6477,4631,2115,3313,1281,283,125,1035,709,1846,1702,805,2426,2082,3.07,3.69,19855,6477,3323,6693,2426,936,372,7851,2328,4055,203,371,894,7798,1837,3946,252,951,812,264,76,37,62,42,122,14,1156,560,15,48,177,114,30,401,560,391,498,5086,377,308,2529,1376,496,12918,2111,1491,4351,2753,429,1299,484,-888888888,-888888888,14769,1189,19883,4022,5403,702,11365,2013,3115,1307,19925,17653,2259,1137,1122,936,186,13,20172,17453,17349,15256,2093,104,2719,2719,369,2350,2823,104,0,104,2719,77,2642,2719,34,19,16,0,2647,3,18768,11876,6892,2323,6723,2303,97,8,19,5,53,7,20172,580,13,1188,7,116,1352,421,0,3321,59,13,2013,160,3,14,183,0,0,313,177,0,29,61,20,0,48,43,-888888888,-888888888,-888888888
2015,Lynn County; Texas,2188,1608,684,1108,396,83,39,417,249,580,522,229,778,656,2.62,3.09,5731,2188,1114,1867,380,182,82,2247,644,1228,23,79,273,2219,489,1215,59,242,214,41,22,34,33,0,91,2,131,87,35,48,305,14,1,37,87,60,70,1401,126,85,705,353,132,3771,463,390,1202,916,179,470,151,-888888888,-888888888,4211,275,5733,1050,1553,68,3264,517,916,465,5740,4967,769,411,358,309,49,4,5764,5326,5301,4738,563,25,438,438,146,292,463,25,0,25,438,5,433,438,10,18,1,0,409,0,5350,3684,1666,471,1527,407,131,63,0,0,8,1,5764,468,0,21,0,28,338,27,2,613,0,2,465,20,0,1,7,0,11,81,99,0,1,23,2,0,7,131,-888888888,-888888888,-888888888
2015,Zapata County; Texas,4517,3651,2086,2464,1310,264,159,923,617,866,795,329,2357,1128,3.16,3.59,14274,4517,2514,5701,1241,301,211,4930,1550,2734,55,182,409,5267,1297,2599,252,504,615,337,106,62,97,0,148,67,558,234,0,48,505,30,87,117,234,120,234,4103,382,412,2064,915,330,7958,2416,1302,2067,1139,367,425,242,-888888888,-888888888,9480,451,14274,2195,4828,393,7847,1030,1599,772,14010,12379,1615,1173,442,403,39,16,14308,10385,10196,9228,968,189,3923,3923,823,3100,4112,189,0,189,3923,302,3621,3923,0,0,0,3,3920,0,12747,1389,11358,6066,11356,6066,2,0,0,0,0,0,14308,180,0,15,0,12,227,0,0,255,0,0,195,72,0,11,0,0,0,69,7,0,0,10,12,0,0,0,-888888888,-888888888,-888888888
2015,Hood County; Texas,20932,14328,5099,12042,3927,547,273,1739,899,6604,5611,2545,5801,8155,2.51,3.04,52486,20932,12032,13716,3464,2342,1003,21412,4339,12930,364,897,2882,22658,3509,12762,452,2703,3232,701,112,26,68,36,146,11,1573,640,188,48,221,49,50,353,640,404,453,10350,651,434,4858,2458,1949,38287,1755,2673,10874,10956,2260,6564,3205,-888888888,-888888888,41944,5848,52422,7846,11075,349,29272,3456,12075,4041,52552,46329,5476,2839,2637,2227,410,747,53171,50370,49813,32958,16855,557,2801,2801,665,2136,3358,557,36,521,2801,558,2243,2801,266,215,0,0,2231,89,50351,45165,5186,1879,4772,1756,203,51,211,72,0,0,53171,6599,11,288,103,784,6704,1324,165,7823,116,141,8245,954,40,330,418,25,136,852,1637,2,20,515,69,18,295,337,-888888888,-888888888,-888888888
2015,King County; Texas,113,77,20,69,20,3,0,5,0,36,24,12,20,34,2.36,2.74,267,113,65,50,19,20,0,129,32,81,6,0,10,113,25,69,0,19,0,4,0,0,66,0,200,0,0,0,0,48,269,0,0,0,0,0,0,39,2,2,14,17,4,220,32,12,87,38,3,33,15,-888888888,-888888888,229,0,267,19,38,0,183,14,46,5,264,264,0,0,0,0,0,0,267,218,207,179,28,11,49,49,19,30,60,11,0,11,49,0,49,49,0,4,0,0,45,0,260,193,67,44,56,33,11,11,0,0,0,0,267,4,11,1,0,0,20,4,0,35,6,0,28,2,0,0,0,0,0,8,5,0,0,0,0,4,0,7,-888888888,-888888888,-888888888
2015,Cherokee County; Texas,17729,12935,5673,9189,3549,993,527,2753,1597,4794,4101,1893,6401,5463,2.74,3.26,48510,17729,9208,16388,3633,1552,611,20472,6824,10386,385,615,2262,19709,4811,9768,552,2366,2212,543,233,41,50,9,98,20,1116,600,129,48,073,34,135,302,600,373,459,12943,817,723,5961,3125,2317,33172,3090,4138,11065,7316,2159,4030,1374,-888888888,-888888888,38011,3244,48955,6724,13132,449,28127,3455,7696,2820,50612,43886,6622,3641,2981,2282,699,104,51167,46536,46348,38269,8079,188,4631,4631,1098,3533,4819,188,12,176,4631,371,4260,4631,76,225,14,18,4269,29,47585,38263,9322,4148,8938,4003,123,22,215,94,46,29,51167,4402,74,95,206,702,6724,1010,83,4668,17,64,6202,555,0,112,196,17,82,353,543,22,47,436,7,8,190,78,-888888888,-888888888,-888888888
2015,Delta County; Texas,1928,1442,456,1142,347,44,17,256,92,486,432,252,584,746,2.67,3.16,5152,1928,1147,1454,509,114,64,2086,576,1225,21,45,219,2161,350,1243,21,299,248,118,45,105,113,48,250,18,183,93,35,48,119,14,0,44,93,65,63,1120,71,42,493,323,191,3637,190,336,1223,983,221,524,160,-888888888,-888888888,4051,563,5152,945,1172,27,2961,549,1019,369,5129,4300,829,515,314,256,58,0,5223,5136,5120,4103,1017,16,87,87,56,31,103,16,0,16,87,0,87,87,7,54,2,0,24,0,4865,4751,114,34,42,10,15,4,21,0,36,20,5223,790,30,56,41,167,526,143,2,619,10,0,687,37,0,15,40,8,6,110,38,0,0,0,0,0,28,13,-888888888,-888888888,-888888888
2015,Jones County; Texas,5489,3729,1426,2939,980,150,69,640,377,1760,1515,826,1765,1971,2.26,2.76,12409,5489,2973,3017,588,342,268,11123,4987,3676,540,279,1641,5932,874,3600,130,586,742,169,54,46,56,155,75,14,484,334,23,48,253,70,33,208,334,200,263,3560,123,243,1555,1202,437,14517,1035,2747,5666,3304,359,1050,356,-888888888,-888888888,16401,1551,12532,2456,3532,193,6379,1129,2621,1134,19858,15183,4643,832,3811,3346,465,32,19978,19369,19207,15435,3772,162,609,609,132,477,771,162,0,162,609,42,567,609,9,0,7,0,593,0,19064,15228,3836,1319,3682,1282,96,30,28,2,30,5,19978,983,14,24,11,196,985,224,0,2108,6,0,1540,155,11,63,28,14,26,150,404,0,106,192,4,22,96,49,-888888888,-888888888,-888888888
2015,Jim Wells County; Texas,13829,10370,4617,7151,3039,602,266,2617,1312,3459,3144,1274,5561,4033,2.97,3.49,41043,13829,7129,14170,4503,1412,612,15334,5288,8064,241,422,1319,16357,4156,8014,484,1868,1835,781,273,57,81,65,158,11,1699,832,38,48,249,255,243,296,832,467,659,10747,962,643,5062,2747,1333,25677,3256,4160,8756,5340,1347,1879,939,-888888888,-888888888,29735,2095,41061,6863,11726,565,23890,3322,5445,2976,40752,36032,4582,2796,1786,1469,317,138,41461,38958,38871,35757,3114,87,2503,2503,1017,1486,2590,87,0,87,2503,293,2210,2503,89,150,0,70,2158,36,38186,19723,18463,4963,18327,4904,107,30,29,29,0,0,41461,1369,0,249,49,198,896,286,7,3567,30,0,1658,32,0,90,271,19,17,92,146,0,0,33,0,5,15,0,-888888888,-888888888,-888888888
2015,Dallam County; Texas,2256,1573,851,1117,553,152,116,304,182,683,633,133,938,384,3.09,3.80,6970,2256,1125,2827,452,310,157,2683,1032,1251,35,47,318,2476,752,1144,140,177,263,155,27,31,94,77,177,0,100,61,27,48,111,0,9,25,61,40,39,2033,108,69,995,535,326,4091,539,501,1363,1021,211,370,86,-888888888,-888888888,4832,361,6975,961,2182,88,4222,596,571,277,6864,5492,1316,743,573,414,159,56,7014,5901,5834,3786,2048,67,1113,1113,351,762,1180,67,12,55,1113,258,855,1113,27,53,17,0,1007,9,6374,4296,2078,764,1893,679,153,60,32,25,0,0,7014,370,0,14,0,54,307,123,0,1314,0,0,418,24,0,56,103,0,30,149,90,14,5,13,0,19,5,0,-888888888,-888888888,-888888888
2015,Fort Bend County; Texas,206188,170472,88979,135712,70759,8686,4036,26074,14184,35716,30691,9139,97540,40536,3.17,3.53,652643,206188,135614,239781,55090,15970,6398,244503,73421,149753,3106,3402,14821,260121,66895,146521,6344,16226,24135,8983,1989,27,53,16,103,28,20562,6879,1057,48,157,1713,1685,2424,6879,4336,5325,203007,13008,11605,88509,42851,47034,416757,22531,23848,72934,86990,28262,116719,65473,-888888888,-888888888,471764,26690,653193,51082,186202,7539,408768,25030,58223,18513,650721,574700,68363,27775,40588,28607,11981,7658,658331,482796,473805,326209,147596,8991,175535,175535,94565,80970,184526,8991,1216,7775,175535,18294,157241,175535,8196,88718,14472,632,60394,3123,612667,378455,234212,79947,110683,38165,46664,11715,63815,26351,13050,3716,658331,27399,5602,10451,1509,3543,32550,12408,1868,56467,1136,1042,28759,13021,243,2805,8971,1197,3561,4139,6436,420,20025,2628,903,692,2244,3777,-888888888,-888888888,-888888888
2015,Irion County; Texas,658,489,165,416,129,24,7,49,29,169,154,43,181,176,2.50,2.95,1642,658,441,446,68,29,26,657,138,441,3,22,53,663,76,443,12,88,44,19,6,63,55,0,157,0,28,0,0,48,235,0,0,0,0,0,0,399,15,14,209,87,74,1126,53,73,393,355,87,118,47,-888888888,-888888888,1266,105,1642,168,376,0,1008,63,258,105,1625,1431,194,30,164,83,81,0,1644,1578,1570,1261,309,8,66,66,56,10,74,8,0,8,66,0,66,66,0,0,6,0,60,0,1557,1299,258,40,258,40,0,0,0,0,0,0,1644,66,0,0,7,19,156,41,0,221,0,0,217,33,0,14,0,0,0,33,23,0,0,0,0,0,16,10,-888888888,-888888888,-888888888
2015,Willacy County; Texas,5553,4562,2003,2933,1170,290,55,1339,778,991,905,496,2537,1831,3.51,3.93,19504,5553,2889,7603,2857,602,180,9666,4171,4274,235,202,784,7693,2106,3416,551,749,871,221,31,13,48,3,100,16,692,216,63,48,489,28,26,99,216,139,133,5468,142,430,2654,1530,712,13541,3334,1696,4808,2163,418,864,258,-888888888,-888888888,16392,878,19512,3507,5610,370,11231,1885,2671,1252,21757,19041,2503,783,1720,1508,212,213,22002,18325,18247,16494,1753,78,3677,3677,1000,2677,3755,78,10,68,3677,186,3491,3677,90,14,0,0,3561,12,20616,9434,11182,4252,11071,4226,94,12,14,14,3,0,22002,552,11,46,7,0,215,107,12,432,12,3,187,106,0,2,17,11,12,84,87,0,17,60,33,0,0,23,-888888888,-888888888,-888888888
2015,Dawson County; Texas,4232,2937,1302,2252,908,130,90,555,304,1295,1177,599,1423,1400,2.74,3.43,11597,4232,2243,4186,695,241,204,6247,2476,2774,233,172,592,4547,1025,2273,132,661,456,200,105,94,80,0,188,0,213,80,6,48,115,21,4,49,80,65,44,3142,196,219,1478,918,331,8853,1267,1170,3309,1822,315,723,247,-888888888,-888888888,10307,524,11622,1762,3231,210,6489,730,1902,822,13421,10679,2678,1332,1346,969,377,64,13542,12573,12537,10871,1666,36,969,969,199,770,1005,36,2,34,969,89,880,969,14,68,0,0,874,13,12599,7896,4703,1558,4412,1415,203,101,67,42,21,0,13542,976,0,37,10,130,670,237,0,1028,25,0,856,176,0,29,19,0,12,34,116,0,42,99,0,0,27,29,-888888888,-888888888,-888888888
2015,Rockwall County; Texas,28457,23192,11506,19208,9417,983,398,3001,1691,5265,4342,1767,12666,6143,2.98,3.31,84837,28457,19146,29411,5048,2775,1216,32055,8244,20640,158,595,2418,33818,6817,19639,528,2508,4326,-888888888,-888888888,-888888888,-888888888,-888888888,-888888888,-888888888,2149,770,135,48,397,149,135,351,770,358,604,24622,1634,1258,11110,5712,4908,55187,2022,2641,12271,13784,4109,13893,6467,-888888888,-888888888,61343,5038,84784,6708,24140,809,51469,3595,9175,2304,84323,74892,9261,3416,5845,4474,1371,170,85536,77929,76699,51007,25692,1230,7607,7607,3217,4390,8837,1230,194,1036,7607,348,7259,7607,716,1444,548,58,4704,137,80113,68488,11625,3939,8929,3258,1070,261,1103,381,523,39,85536,6958,435,698,105,1124,9555,3137,194,13276,432,227,9321,2364,5,802,1012,109,273,1212,2365,46,960,792,48,25,558,143,-888888888,-888888888,-888888888
2015,Taylor County; Texas,49476,32451,13767,23780,8835,2386,1372,6285,3560,17025,13511,5005,15869,12507,2.59,3.16,128249,49476,23738,37363,9146,8526,2924,51518,18023,25785,984,1528,5198,55008,15684,25495,1669,5274,6886,2090,644,35,62,30,108,11,3237,1953,441,48,441,389,180,943,1953,1220,1544,38871,2364,2091,14143,6749,13524,81434,4730,6423,23714,20416,6117,13703,6331,-888888888,-888888888,98373,11840,129730,20600,32878,1553,79297,10975,17555,8072,132294,100523,31011,20414,10597,7341,3256,760,134435,127233,125398,91750,33648,1835,7202,7202,3185,4017,9037,1835,298,1537,7202,925,6277,7202,865,1852,863,34,3428,160,124537,105101,19436,5225,15461,3563,1932,563,1457,782,586,317,134435,10418,620,444,155,1327,12741,2589,452,16201,180,160,13537,2329,67,1082,695,131,292,1906,2537,24,1107,875,60,12,570,419,-888888888,-888888888,-888888888
2015,Throckmorton County; Texas,701,454,144,355,92,26,20,73,32,247,238,124,159,305,2.17,2.69,1524,701,354,344,68,57,26,620,141,372,13,24,70,689,111,365,26,112,75,23,10,76,80,0,245,0,22,22,7,48,447,15,0,0,22,14,14,281,12,23,112,92,42,1137,37,124,356,306,65,196,53,-888888888,-888888888,1220,140,1534,276,325,12,774,67,435,197,1519,1398,118,29,89,64,25,3,1545,1508,1504,1278,226,4,37,37,18,19,41,4,0,4,37,0,37,37,1,8,0,0,28,0,1458,1308,150,102,145,102,2,0,0,0,3,0,1545,139,0,8,0,16,189,13,3,150,0,0,189,0,0,12,12,21,0,12,25,0,0,14,7,0,11,3,-888888888,-888888888,-888888888
2015,Walker County; Texas,20685,12271,4965,8985,3127,619,406,2667,1432,8414,6364,2280,5517,5282,2.37,2.97,48964,20685,8941,12282,2939,4117,1042,35907,15432,12925,855,925,5770,24472,9223,10318,320,2057,2554,619,277,27,39,49,46,17,849,708,203,48,471,148,143,214,708,472,583,20426,674,817,4704,3086,11145,44515,3081,4988,15927,9972,2155,5844,2548,-888888888,-888888888,58307,4969,52158,4883,10782,494,34305,2243,7071,2146,68657,55722,12778,3947,8831,7922,909,157,69330,64212,63566,51074,12492,646,5118,5118,1529,3589,5764,646,0,646,5118,681,4437,5118,175,753,389,13,3654,134,66283,55521,10762,3793,9595,3221,470,178,357,184,340,210,69330,6873,181,490,85,690,9368,2337,147,8323,120,59,5946,1359,26,284,1208,98,147,816,1213,0,681,212,58,68,163,27,-888888888,-888888888,-888888888
2015,Wood County; Texas,16064,11495,3304,9206,2176,643,332,1646,796,4569,3912,2026,3899,6938,2.57,3.02,41362,16064,9162,11063,2995,2078,892,17634,4115,10071,327,631,2490,18169,2954,9779,415,2249,2772,531,187,47,69,8,114,56,944,581,129,48,499,103,73,276,581,324,444,8453,240,434,4275,1772,1732,30901,1663,3099,10738,8313,1820,3755,1513,-888888888,-888888888,34304,4734,41903,9311,8404,761,22721,3950,10778,4600,42209,36203,5897,2394,3503,2884,619,109,42712,41120,40843,29195,11648,277,1592,1592,567,1025,1869,277,13,264,1592,83,1509,1592,162,155,0,0,1250,25,40677,37562,3115,1294,2719,1165,150,14,231,115,15,0,42712,7729,0,242,58,856,4504,870,63,5459,89,97,5355,658,0,368,365,28,138,1087,1258,0,85,331,26,0,183,39,-888888888,-888888888,-888888888
2015,Aransas County; Texas,9682,6451,1862,5402,1221,356,190,693,451,3231,2671,1397,2329,4134,2.46,2.95,23838,9682,5453,5493,1623,1587,481,10126,2471,5606,303,262,1484,10410,1917,5697,456,1082,1258,358,81,37,81,31,179,32,623,351,11,48,007,30,15,295,351,212,321,4153,175,246,2240,919,573,17888,1103,1717,5521,5206,845,2231,1265,-888888888,-888888888,19718,2555,23866,5477,4560,389,13208,2607,6098,2481,24005,19122,4860,2289,2571,2249,322,23,24292,22852,22686,16173,6513,166,1440,1440,571,869,1606,166,16,150,1440,91,1349,1440,76,403,20,0,780,161,23131,19606,3525,1275,3037,1027,64,16,356,193,68,39,24292,1577,59,263,89,188,2458,1567,226,4233,19,0,3108,461,0,180,413,127,119,259,514,0,32,311,32,10,134,71,-888888888,-888888888,-888888888
2015,Cochran County; Texas,1030,725,288,545,203,43,25,137,60,305,286,151,384,326,2.79,3.47,2876,1030,537,906,351,52,18,1150,340,661,18,49,82,1129,356,525,32,141,75,49,22,57,74,99,67,71,170,117,6,48,079,45,17,49,117,72,96,776,78,46,366,208,78,1821,410,213,540,351,85,135,87,-888888888,-888888888,2133,88,2949,486,827,36,1693,256,429,194,2955,2575,366,223,143,104,39,14,2993,2476,2422,2122,300,54,517,517,86,431,571,54,22,32,517,80,437,517,0,7,0,0,510,0,2765,1469,1296,664,1196,578,99,86,1,0,0,0,2993,330,0,0,0,10,173,33,19,269,0,0,142,7,1,12,2,0,0,3,12,0,17,20,0,0,0,17,-888888888,-888888888,-888888888
2015,Coke County; Texas,1601,1027,345,859,231,51,45,117,69,574,490,267,386,587,1.95,2.42,3114,1601,853,537,70,53,26,1353,204,909,42,60,138,1363,161,848,35,192,127,0,0,0,0,0,0,0,62,39,22,48,081,0,5,12,39,23,36,707,23,34,400,142,108,2427,116,170,814,553,273,346,155,-888888888,-888888888,2597,259,3121,515,562,12,1739,154,820,349,3238,2721,514,198,316,308,8,3,3238,3115,3102,2632,470,13,123,123,92,31,136,13,1,12,123,1,122,123,0,4,0,0,113,6,3173,2808,365,104,360,99,1,1,4,4,0,0,3238,161,0,17,0,45,260,126,2,492,0,0,378,43,2,7,26,12,0,51,84,0,0,3,13,0,35,9,-888888888,-888888888,-888888888
2015,Coryell County; Texas,21829,16422,8581,12654,6247,861,419,2907,1915,5407,4636,1675,9425,4499,2.86,3.32,62491,21829,12716,21584,3879,2483,841,28995,10337,14250,613,430,3365,30220,6976,15608,1182,2148,4306,1307,291,30,60,20,101,21,1161,671,150,48,099,261,48,212,671,438,484,22313,1612,1203,8592,4725,6181,46703,1798,3704,14150,15121,5009,4898,2023,-888888888,-888888888,48181,9339,58975,8087,19682,1264,33061,4477,6232,2346,75020,58244,15348,4847,10501,5707,4794,1428,76128,71347,67219,33671,33548,4128,4781,4781,2579,2202,8909,4128,559,3569,4781,446,4335,4781,1338,1246,110,153,1891,43,70249,59913,10336,3066,6996,2057,1961,429,1206,523,173,57,76128,5880,73,335,282,810,5437,1952,227,13757,15,105,8504,2222,58,376,1159,112,228,979,1449,41,1444,347,171,36,525,404,-888888888,-888888888,-888888888
2015,Hemphill County; Texas,1466,1152,598,966,444,70,49,116,105,314,287,155,625,363,2.77,3.19,4068,1466,951,1498,74,79,65,1494,379,1025,20,24,46,1489,213,1004,19,106,147,47,13,42,55,146,60,15,59,51,51,48,211,0,0,0,51,26,51,1214,20,100,647,290,157,2547,198,251,657,709,111,507,114,-888888888,-888888888,2801,230,4063,388,1309,17,2206,224,548,147,4034,3600,434,106,328,184,144,0,4115,3598,3591,2507,1084,7,517,517,110,407,524,7,0,7,517,66,451,517,31,1,0,0,480,5,3816,2883,933,365,890,357,43,8,0,0,0,0,4115,265,14,5,8,38,343,65,5,455,0,0,262,21,0,76,25,0,11,64,58,0,0,9,8,0,38,0,-888888888,-888888888,-888888888
2015,Moore County; Texas,6893,5476,2656,4343,1941,398,192,735,523,1417,1106,434,3198,1394,3.21,3.63,22108,6893,4350,7800,2259,806,293,8309,2605,4637,330,190,547,7854,1645,4895,122,501,691,538,227,111,104,151,169,19,940,631,171,48,341,125,216,119,631,321,584,6228,271,364,3408,1343,842,12889,3115,1508,3369,2657,687,1219,334,-888888888,-888888888,15166,571,22083,2828,7072,480,12994,1444,2017,904,21832,18384,3339,2031,1308,1063,245,109,22281,16116,15947,11900,4047,169,6165,6165,1328,4837,6334,169,9,160,6165,289,5876,6165,11,1345,276,0,4533,0,20201,10005,10196,4648,8559,3684,208,0,1173,829,256,135,22281,1096,77,96,14,212,1042,126,0,1910,0,8,1218,315,0,69,198,0,0,187,136,33,221,149,9,0,98,17,-888888888,-888888888,-888888888
2015,Potter County; Texas,43227,27782,13794,18250,8314,2308,1036,7224,4444,15445,13239,4125,15759,9719,2.68,3.40,115691,43227,18250,39157,9133,5924,2653,48129,17097,21297,1427,1560,6748,45372,12883,19390,1746,4450,6903,1970,878,57,70,56,111,27,3058,1688,410,48,375,295,296,687,1688,993,1195,33112,2741,2082,14846,6483,6960,76622,8370,9966,21323,20077,5500,7918,3468,-888888888,-888888888,88390,7081,115824,13795,33841,823,69134,7466,12849,5506,120323,95931,23292,12912,10380,8260,2120,1100,122352,104843,104102,79180,24922,741,17509,17509,4556,12953,18250,741,88,653,17509,2402,15107,17509,260,4944,732,15,11512,46,112097,77094,35003,14153,28814,9997,460,133,4720,3384,1009,639,122352,5951,276,188,135,1357,6769,2224,148,13022,152,89,9372,1584,13,529,935,95,259,1269,1602,23,1835,550,141,16,320,333,-888888888,-888888888,-888888888
2015,San Augustine County; Texas,2882,1841,432,1384,279,91,31,366,122,1041,928,515,601,1300,2.93,3.88,8445,2882,1425,2531,1350,257,67,3477,1219,1577,107,227,347,3695,856,1600,93,681,465,85,9,10,54,185,78,0,268,186,9,48,405,24,23,130,186,102,142,1661,137,67,840,322,295,6347,662,615,2720,1326,338,448,238,-888888888,-888888888,6912,909,8487,2322,1783,49,4682,1278,2022,995,8589,7825,752,343,409,352,57,12,8695,8533,8517,6959,1558,16,162,162,59,103,178,16,0,16,162,0,162,162,0,3,0,0,159,0,8202,7746,456,113,404,110,49,0,3,3,0,0,8695,714,0,0,0,85,1442,276,14,1035,0,8,724,53,0,10,52,0,42,149,179,0,0,42,0,0,13,0,-888888888,-888888888,-888888888
2015,Shackelford County; Texas,1377,955,338,770,211,54,42,131,85,422,378,175,392,432,2.42,2.93,3328,1377,768,889,183,111,40,1313,304,804,16,54,135,1388,203,852,14,158,161,38,19,65,55,0,187,0,50,18,10,48,417,0,3,5,18,12,13,811,84,43,328,221,135,2308,173,152,783,591,87,427,95,-888888888,-888888888,2557,200,3333,573,788,50,1939,308,606,215,3327,2977,321,176,145,125,20,29,3352,3215,3190,2684,506,25,137,137,85,52,162,25,0,25,137,19,118,137,13,11,1,0,112,0,3142,2951,191,71,190,71,0,0,0,0,1,0,3352,281,5,41,0,22,263,21,0,214,17,0,265,0,0,26,4,0,0,61,51,0,1,91,0,0,15,6,-888888888,-888888888,-888888888
2015,Starr County; Texas,16145,13424,7156,8743,4588,746,340,3935,2228,2721,2523,1249,8710,4636,3.84,4.31,62039,16145,8673,27061,8707,1453,749,21673,8043,10822,949,462,1397,23543,6871,10546,1383,2510,2233,926,374,47,59,14,123,15,3383,1347,262,48,427,312,284,489,1347,865,1111,19746,1529,1299,8939,4846,3133,34607,12305,6286,7680,4207,979,2281,869,-888888888,-888888888,41785,889,62096,11460,20828,1328,34408,5603,6860,4529,61549,56307,4160,3435,725,625,100,1082,62648,41905,40784,38196,2588,1121,20743,20743,5483,15260,21864,1121,89,1032,20743,1532,19211,20743,5,72,0,0,20666,0,56360,2206,54154,28984,54051,28947,13,3,86,30,4,4,62648,473,21,20,0,15,55,52,19,179,0,0,166,59,0,0,0,0,0,17,35,0,5,0,0,0,0,0,-888888888,-888888888,-888888888
2015,Upton County; Texas,1217,874,448,714,347,61,41,99,60,343,321,140,526,315,2.75,3.32,3342,1217,673,1107,244,101,54,1237,270,780,27,45,115,1257,260,732,68,120,77,80,29,97,105,144,180,7,26,7,0,48,461,0,0,7,7,7,0,862,62,43,455,209,93,2055,271,221,810,444,101,138,70,-888888888,-888888888,2338,131,3347,473,1067,32,1861,240,419,201,3350,2849,481,226,255,167,88,20,3405,3029,3029,2552,477,0,376,376,98,278,376,0,0,0,376,21,355,376,13,0,0,0,357,6,3037,1863,1174,332,1163,326,11,6,0,0,0,0,3405,86,0,38,0,45,152,47,6,383,0,0,323,13,0,22,16,0,6,50,80,0,9,27,0,0,5,23,-888888888,-888888888,-888888888
2015,Brown County; Texas,13295,9208,3604,7157,2490,741,359,1310,755,4087,3588,1800,4238,4622,2.71,3.23,36002,13295,7132,10079,3307,2189,525,15034,4060,8051,369,667,1887,15659,3131,8060,405,2089,1974,209,83,21,25,18,46,12,994,408,77,48,049,110,107,114,408,209,276,9148,437,489,4011,2186,2025,25560,1580,2144,9675,6266,1311,3341,1243,-888888888,-888888888,29111,3122,36802,5033,8608,370,21509,2144,6685,2519,37369,34220,3087,1486,1601,1491,110,62,37833,36251,36046,29492,6554,205,1582,1582,386,1196,1787,205,6,199,1582,154,1428,1582,66,111,4,0,1381,20,35654,33247,2407,858,2170,798,53,1,163,59,21,0,37833,3503,79,129,42,427,6378,592,42,3710,41,20,3379,323,0,96,165,0,28,499,590,4,81,201,27,8,93,78,-888888888,-888888888,-888888888
2015,Hall County; Texas,1155,820,274,595,177,66,17,159,80,335,311,196,356,494,2.71,3.30,3135,1155,596,1033,261,90,49,1255,295,654,17,76,213,1342,386,621,5,130,200,51,47,107,81,263,23,0,93,84,24,48,191,11,12,37,84,63,58,819,12,19,449,243,96,2095,334,222,585,580,108,187,79,-888888888,-888888888,2435,232,3145,635,768,38,1688,266,689,331,3197,2761,436,211,225,169,56,0,3203,2816,2803,2236,567,13,387,387,104,283,400,13,0,13,387,2,385,387,12,15,0,0,360,0,3101,2205,896,320,859,313,9,0,23,7,5,0,3203,261,4,1,0,5,204,26,10,253,11,0,285,5,0,4,14,0,0,61,79,0,5,10,37,0,6,4,-888888888,-888888888,-888888888
2015,Franklin County; Texas,4259,3044,1072,2225,728,222,30,597,314,1215,1038,566,1284,1479,2.46,2.90,10491,4259,2226,2868,699,439,240,4143,969,2532,39,111,492,4266,812,2320,64,475,595,102,53,48,47,0,82,33,322,221,42,48,159,74,0,105,221,134,165,2392,157,149,1311,424,351,7259,467,609,2434,1948,490,795,516,-888888888,-888888888,7997,888,10485,2342,2596,188,5882,1241,2007,913,10490,9633,844,351,493,396,97,13,10599,9925,9906,7698,2208,19,674,674,235,439,693,19,0,19,674,0,674,674,56,0,0,14,590,14,9971,8728,1243,599,1187,585,37,7,4,0,15,7,10599,983,33,0,0,222,1204,83,0,1348,39,31,1795,113,0,11,278,0,63,127,242,15,21,83,0,0,28,0,-888888888,-888888888,-888888888
2015,Frio County; Texas,4794,3720,1550,2483,850,257,111,980,589,1074,919,327,1889,1500,3.14,3.62,15045,4794,2478,5260,1994,519,258,8813,4154,3484,312,105,758,5789,2013,2520,81,535,640,278,205,99,81,51,183,2,689,478,105,48,163,133,9,231,478,254,410,4367,375,278,1765,1223,726,10961,1975,1798,3701,2062,543,772,110,-888888888,-888888888,13734,858,15055,2558,4414,166,8548,1157,2093,1235,17982,15094,1855,569,1286,1237,49,1033,18168,15648,15550,13986,1564,98,2520,2520,559,1961,2618,98,0,98,2520,863,1657,2520,13,93,56,0,2358,0,16968,7073,9895,3037,9694,2938,131,37,33,25,37,37,18168,721,0,0,0,124,612,111,17,634,4,9,525,41,0,10,64,53,15,167,25,14,69,0,0,0,21,9,-888888888,-888888888,-888888888
2015,Lampasas County; Texas,7505,5503,2148,4432,1578,422,190,649,380,2002,1686,895,2282,2494,2.66,3.15,19957,7505,4440,6021,1371,620,390,8015,1881,4851,187,300,796,8252,1416,4815,164,940,917,190,80,43,44,24,105,0,424,223,43,48,281,124,8,48,223,122,203,4863,253,236,2366,1259,749,13768,648,1049,3553,4137,1486,1945,950,-888888888,-888888888,15029,3151,19729,3282,4892,305,11458,1610,3379,1367,20113,17229,2779,1513,1266,949,317,105,20219,18966,18226,11440,6786,740,1253,1253,479,774,1993,740,59,681,1253,148,1105,1253,220,222,123,55,631,2,19026,16502,2524,789,1947,627,256,26,188,60,133,76,20219,1875,3,132,84,194,1976,427,13,3651,8,28,2810,584,23,334,443,2,45,317,536,0,168,88,0,21,36,14,-888888888,-888888888,-888888888
2015,Matagorda County; Texas,13382,9238,4164,6653,2614,773,398,1812,1152,4144,3828,1688,4664,3843,2.70,3.34,36175,13382,6571,12283,2756,1183,726,14074,4537,7146,232,513,1646,14666,3212,7325,638,1769,1722,726,259,65,89,21,197,1,1001,648,100,48,321,151,63,334,648,382,592,8363,638,698,4289,1953,785,23859,3131,2291,8449,4780,1563,2803,842,-888888888,-888888888,27143,2698,36183,5360,9446,430,21414,2730,5323,2200,36120,32299,3808,2779,1029,793,236,13,36598,32532,32232,27649,4583,300,4066,4066,1588,2478,4366,300,9,291,4066,133,3933,4066,181,464,70,0,3341,10,34007,24266,9741,4433,8830,4054,242,76,593,303,76,0,36598,1562,8,1476,47,108,1753,917,60,5115,25,30,2916,588,0,43,280,21,69,862,514,16,91,87,28,17,57,120,-888888888,-888888888,-888888888
2015,Pecos County; Texas,4339,2881,1246,2400,1018,152,61,329,167,1458,1286,595,1476,1251,3.17,4.07,13770,4339,2428,4553,1859,591,202,7368,2272,3514,408,221,953,5145,1242,2667,284,527,425,166,59,42,55,100,73,19,433,216,54,48,371,95,30,37,216,104,216,3496,237,258,1581,875,545,10658,1948,1329,3749,2015,552,708,357,-888888888,-888888888,11998,1010,13766,1607,3800,105,8114,712,1852,790,15707,12551,3130,1295,1835,1655,180,26,15807,13643,13280,11384,1896,363,2164,2164,877,1287,2527,363,39,324,2164,32,2132,2164,14,24,0,15,2111,0,14642,6970,7672,1990,7567,1972,69,11,19,7,17,0,15807,531,21,23,75,45,537,123,19,672,0,3,565,129,6,33,0,0,0,165,169,0,274,28,29,0,40,3,-888888888,-888888888,-888888888
2015,Polk County; Texas,17480,12392,4328,8836,2554,913,449,2643,1325,5088,4454,2309,5320,6463,2.40,2.84,42003,17480,8832,10640,3288,1763,1040,20686,5829,10530,613,764,2950,17532,3226,9143,598,1936,2629,576,432,104,70,67,148,5,1385,793,69,48,373,271,175,278,793,523,606,8911,405,487,4343,2206,1470,32916,2432,4252,12408,8120,1647,2696,1361,-888888888,-888888888,36571,4316,42098,9909,9537,1071,23832,4741,8729,4097,45614,39124,6074,2734,3340,3016,324,416,46113,43028,42714,32782,9932,314,3085,3085,640,2445,3399,314,0,314,3085,604,2481,3085,181,258,98,0,2476,72,43513,38148,5365,2330,4770,2176,233,70,78,30,284,54,46113,3002,74,338,67,692,4385,1622,411,6146,23,21,5813,1153,99,176,572,0,129,419,733,14,221,308,72,0,130,29,-888888888,-888888888,-888888888
2015,Refugio County; Texas,2753,1916,710,1321,385,181,124,414,201,837,739,353,944,1011,2.59,3.16,7118,2753,1359,2048,729,229,134,2962,827,1598,106,62,369,2932,722,1412,117,466,215,122,87,119,83,47,180,11,277,166,23,48,391,18,24,101,166,103,121,1556,105,47,753,429,222,4936,512,477,1774,1243,451,294,185,-888888888,-888888888,5590,570,7118,1632,1687,182,4011,698,1420,752,7171,6117,1054,551,503,489,14,0,7277,7064,7007,6350,657,57,213,213,56,157,270,57,0,57,213,0,213,213,28,6,0,0,179,0,6827,4925,1902,467,1859,465,32,2,6,0,5,0,7277,275,0,177,2,65,569,172,3,1101,0,0,784,29,0,17,58,1,2,63,16,3,26,6,11,0,10,3,-888888888,-888888888,-888888888
2015,Van Zandt County; Texas,18613,12919,4766,10347,3508,695,312,1877,946,5694,4894,2402,5714,6668,2.79,3.40,52015,18613,10350,15833,4834,2385,721,20949,5555,11170,414,705,3105,21820,3995,11305,761,2837,2922,716,229,44,65,15,160,11,1742,961,92,48,467,184,149,536,961,620,667,11913,498,674,5834,3045,1862,36417,2090,4601,12891,8877,2331,3733,1894,-888888888,-888888888,40441,4266,52072,9606,12266,663,29975,4715,9831,4228,52146,46382,5707,2967,2740,2379,361,57,52736,50002,49700,39119,10581,302,2734,2734,1011,1723,3036,302,0,302,2734,254,2480,2734,246,317,12,46,2082,31,49832,45585,4247,1909,3722,1678,333,161,104,70,88,0,52736,6439,84,305,67,801,6910,977,235,5886,28,76,6466,425,68,195,439,145,118,973,1164,0,79,235,35,69,169,67,-888888888,-888888888,-888888888
2015,Caldwell County; Texas,12451,8831,3759,6307,2398,667,283,1857,1078,3620,2843,1239,4506,3272,2.85,3.38,35493,12451,6263,11200,3583,1996,798,15883,5717,7484,406,331,1945,15775,4578,7010,350,1431,2406,451,242,44,47,40,70,27,1240,666,58,48,055,154,140,314,666,366,521,9642,504,513,4416,2457,1752,25019,2600,2654,9000,5407,1495,2765,1098,-888888888,-888888888,29661,2495,37433,5661,9489,728,23182,2918,4762,2015,38967,32606,6211,1441,4770,4054,716,150,39347,36438,36092,30375,5717,346,2909,2909,758,2151,3255,346,16,330,2909,137,2772,2909,74,72,39,13,2634,77,36991,25528,11463,3667,11177,3580,197,38,49,14,40,35,39347,2071,0,631,79,352,2424,659,102,4936,5,92,3034,317,0,111,305,25,28,553,368,29,94,166,42,15,94,9,-888888888,-888888888,-888888888
2015,Wilbarger County; Texas,5212,3295,1383,2372,742,188,112,735,529,1917,1738,851,1551,1571,2.41,3.04,12543,5212,2429,3578,713,611,281,5176,1649,2664,146,164,553,5347,1280,2469,76,619,903,186,63,38,63,41,109,26,405,278,19,48,487,21,125,113,278,135,269,3302,274,95,1510,715,708,8662,691,1137,2591,2127,688,1132,296,-888888888,-888888888,9997,829,12994,2534,3136,178,7753,1364,2105,992,12995,10444,2475,1491,984,682,302,76,13158,12638,12524,10127,2397,114,520,520,133,387,634,114,13,101,520,41,479,520,17,60,14,0,417,12,12295,10569,1726,722,1626,664,51,13,49,45,0,0,13158,992,42,31,21,153,819,244,0,1558,0,0,1313,117,0,29,70,0,20,119,313,0,117,37,50,0,35,23,-888888888,-888888888,-888888888
2015,Martin County; Texas,1630,1171,543,884,402,69,44,218,97,459,391,139,624,428,3.18,3.86,5187,1630,887,1954,504,212,110,1953,609,973,54,103,214,1963,561,1012,44,186,160,26,10,15,21,0,58,0,101,44,0,48,317,0,0,44,44,24,41,1405,127,143,646,326,163,3117,365,276,1105,625,202,405,139,-888888888,-888888888,3669,200,5187,589,1583,4,2998,332,606,253,5216,4495,719,296,423,393,30,2,5252,4775,4767,4258,509,8,477,477,101,376,485,8,0,8,477,6,471,477,9,0,0,0,446,22,4830,3262,1568,416,1351,358,214,58,3,0,0,0,5252,171,0,6,21,53,282,80,18,832,0,0,332,5,0,33,6,0,0,16,31,0,4,5,8,0,8,0,-888888888,-888888888,-888888888
2015,Reagan County; Texas,1217,883,436,733,319,70,46,80,71,334,285,111,469,279,2.93,3.53,3566,1217,762,1156,312,119,53,1437,356,928,42,22,89,1371,287,844,28,101,111,28,8,23,35,49,64,0,162,68,36,48,383,32,0,0,68,28,63,919,13,49,493,261,103,2366,424,316,877,460,41,191,57,-888888888,-888888888,2622,97,3566,388,976,0,2190,184,400,204,3564,2974,480,208,272,197,75,110,3598,2680,2666,2493,173,14,918,918,313,605,932,14,0,14,918,145,773,918,0,0,10,0,908,0,3403,1455,1948,728,1938,728,0,0,0,0,10,0,3598,121,0,0,0,10,150,6,0,290,0,0,141,0,0,0,11,0,6,15,42,0,10,0,0,0,0,21,-888888888,-888888888,-888888888
2015,Yoakum County; Texas,2727,2091,1094,1687,851,133,36,271,207,636,594,258,1141,647,3.01,3.57,8202,2727,1695,3008,661,111,57,2920,713,1881,78,106,142,3028,679,1816,9,317,207,107,45,53,56,0,144,0,184,133,14,48,501,102,17,0,133,71,133,2231,156,146,1226,455,248,4832,1044,363,1436,954,327,513,195,-888888888,-888888888,5537,324,8202,978,2676,113,4617,554,909,311,8068,7165,789,469,320,278,42,114,8213,6010,5958,4523,1435,52,2203,2203,379,1824,2255,52,0,52,2203,415,1788,2203,34,31,0,0,2105,33,7443,3618,3825,1927,3627,1814,142,73,56,40,0,0,8213,528,74,21,0,69,506,65,0,512,0,0,497,155,0,7,168,0,6,61,141,0,15,9,0,0,0,0,-888888888,-888888888,-888888888
2015,Hale County; Texas,11513,8491,4021,6100,2537,453,232,1938,1252,3022,2613,901,4699,2807,2.86,3.37,32913,11513,6119,11045,2933,1303,559,14161,4648,7048,335,381,1749,12951,3230,6623,499,1184,1415,582,187,49,73,36,137,23,1205,609,62,48,189,131,85,331,609,370,476,9823,402,618,4668,2334,1801,21328,3130,2766,6878,4445,975,1943,1191,-888888888,-888888888,25528,1586,33432,3685,9966,123,19285,1894,4181,1668,34845,27216,7508,3416,4092,3534,558,121,35504,31765,31612,27171,4441,153,3739,3739,1175,2564,3892,153,0,153,3739,110,3629,3739,73,155,11,0,3480,20,32675,20286,12389,3675,12200,3565,107,57,73,51,9,2,35504,1717,15,30,43,278,1478,455,3,2537,14,0,2563,97,22,162,127,2,0,286,469,0,892,93,22,0,40,124,-888888888,-888888888,-888888888
2015,Shelby County; Texas,9396,6237,2627,4466,1757,435,185,1336,685,3159,2984,1280,3118,2852,2.72,3.43,25518,9396,4516,8262,2392,952,333,9740,2771,5017,305,439,1208,10214,2613,4554,379,1360,1308,541,266,86,95,25,185,35,934,684,200,48,419,86,43,355,684,437,430,6135,433,431,2995,1459,817,16397,1545,2206,5859,3704,656,1566,861,-888888888,-888888888,18834,1635,25545,4217,6891,655,14739,1958,3915,1604,25310,22224,3074,1821,1253,769,484,12,25725,22903,22814,18100,4714,89,2822,2822,424,2398,2911,89,0,89,2822,139,2683,2822,0,183,213,0,2423,3,23879,19661,4218,1713,3709,1667,32,1,217,45,260,0,25725,2073,0,37,70,328,2163,847,33,1802,25,4,3769,300,0,92,102,1,2,370,325,0,331,118,5,8,65,3,-888888888,-888888888,-888888888
2015,Red River County; Texas,5196,3263,1148,2362,751,165,56,736,341,1933,1747,821,1386,1858,2.38,3.03,12360,5196,2375,3451,812,526,169,4980,1343,2469,85,248,835,5489,1179,2719,156,768,667,41,23,18,15,35,19,5,308,271,50,48,387,67,97,57,271,159,217,2576,240,195,1144,536,461,9003,586,1274,3512,1974,475,930,252,-888888888,-888888888,10004,908,12360,2756,2563,162,7176,1451,2621,1143,12484,10632,1814,1060,754,587,167,38,12567,12211,12176,9784,2392,35,356,356,119,237,391,35,0,35,356,10,346,356,8,20,8,0,309,11,11942,11149,793,206,751,181,29,16,0,0,13,9,12567,1899,0,16,0,165,786,127,15,915,15,0,1398,117,0,31,97,0,3,86,161,0,506,0,2,0,12,11,-888888888,-888888888,-888888888
2015,Runnels County; Texas,3703,2669,963,1939,595,252,104,478,264,1034,948,551,1132,1417,2.76,3.27,10231,3703,1953,3056,1058,461,128,4154,1262,2188,79,129,496,4263,882,2114,50,641,576,83,59,50,40,0,65,34,231,127,11,48,399,20,31,65,127,73,97,2371,151,53,1191,770,206,6994,684,753,2711,1442,181,928,295,-888888888,-888888888,7909,755,10236,1276,2536,78,5637,436,2063,762,10412,9817,579,284,295,227,68,16,10445,10074,10037,9186,851,37,371,371,126,245,408,37,0,37,371,27,344,371,16,45,0,0,305,5,9840,8760,1080,353,1010,310,41,26,25,17,4,0,10445,303,0,238,26,76,1304,187,30,1858,0,0,1081,20,0,12,97,0,7,162,97,0,0,32,0,0,21,4,-888888888,-888888888,-888888888
2015,Sutton County; Texas,1480,1146,551,968,429,33,11,145,111,334,271,178,614,446,2.66,3.02,3936,1480,930,1196,192,138,101,1599,367,1100,1,39,92,1434,250,921,10,108,145,55,6,19,64,80,74,47,136,41,13,48,435,15,0,13,41,24,28,973,109,89,436,234,105,2524,458,183,711,549,113,410,100,-888888888,-888888888,2829,176,3941,307,1137,30,2219,112,585,165,3932,3470,441,221,220,216,4,21,3966,3459,3446,3051,395,13,507,507,177,330,520,13,0,13,507,56,451,507,0,7,0,0,500,0,3662,1860,1802,601,1778,601,14,0,0,0,10,0,3966,150,0,30,0,17,233,81,10,280,0,0,276,9,0,3,0,0,8,29,62,0,0,9,0,0,0,0,-888888888,-888888888,-888888888
2015,Tom Green County; Texas,42825,27418,11292,19924,7551,1948,996,5546,2745,15407,12884,4429,13095,11314,2.54,3.19,108850,42825,19853,31200,8995,5977,2458,45263,15890,21492,632,1330,5919,47015,12877,21480,1349,4359,6950,1525,440,29,55,29,101,4,2582,1291,313,48,451,325,296,357,1291,777,931,28995,1677,1774,11555,5428,8561,72819,5596,6637,22075,16986,5425,10721,5379,-888888888,-888888888,84521,9933,109946,15814,26863,1491,67156,8083,15927,6240,113591,88524,24461,12451,12010,6194,5816,606,115056,108104,105876,80871,25005,2228,6952,6952,3552,3400,9180,2228,138,2090,6952,373,6579,6952,281,947,98,24,5541,61,107237,80960,26277,6746,24611,6246,530,105,1056,380,80,15,115056,6018,79,1469,206,913,7347,2176,339,15342,282,125,10648,2095,39,755,1048,118,198,1302,1910,43,154,633,62,65,437,296,-888888888,-888888888,-888888888
2015,Victoria County; Texas,32510,23051,10027,16705,6266,1602,734,4744,3027,9459,8008,3164,11764,8885,2.73,3.25,88787,32510,16664,27920,7206,4487,2229,34206,10774,17981,534,793,4124,36279,8849,17657,1121,3299,5353,1268,666,61,62,37,105,24,2977,1348,343,48,469,121,214,670,1348,838,1005,23206,1959,1637,10411,5041,4158,58076,4596,5582,18151,14161,5006,7362,3218,-888888888,-888888888,66586,5759,89003,13607,23325,1429,53346,6781,12332,5397,88881,73105,15507,10146,5361,3863,1498,269,90099,84789,84132,73060,11072,657,5310,5310,1775,3535,5967,657,92,565,5310,427,4883,5310,215,766,76,21,4160,72,83469,63930,19539,4960,17763,4463,859,143,786,354,131,0,90099,4101,369,3580,258,740,5091,2230,85,15269,136,161,6995,1925,24,292,1116,117,21,836,980,30,153,218,62,31,198,32,-888888888,-888888888,-888888888
2015,Wharton County; Texas,14741,10115,4279,7004,2700,1052,443,2059,1136,4626,4228,2090,5032,4697,2.77,3.43,40767,14741,7029,14018,3531,1448,562,15720,5281,7753,295,697,1694,16544,4061,8224,551,1902,1806,524,252,56,57,9,117,20,1099,517,61,48,481,224,92,140,517,321,370,10071,684,617,4980,2472,1318,26694,3250,3018,8976,5779,1911,2547,1213,-888888888,-888888888,30489,1843,40954,6108,10767,491,23928,2632,6259,2985,40811,37631,3069,2284,785,657,128,111,41264,37658,37564,34313,3251,94,3606,3606,767,2839,3700,94,27,67,3606,176,3430,3606,104,23,12,10,3432,25,38448,28311,10137,3429,9580,3366,512,36,23,23,22,4,41264,1336,3,5874,326,186,1454,623,16,6062,0,24,2346,454,0,33,214,5,107,435,190,9,482,330,26,0,138,0,-888888888,-888888888,-888888888
2015,Wichita County; Texas,47941,30791,14152,22043,8875,2366,1406,6382,3871,17150,14630,5565,15931,12739,2.45,3.07,117504,47941,22052,34455,7259,5797,3167,55190,21474,24193,1081,1660,6782,51543,14075,23837,1369,5351,6911,1835,670,41,61,51,100,16,2762,1561,279,48,485,347,333,602,1561,997,1114,33282,2204,1947,12977,6186,9968,83603,4271,7373,27089,20613,6209,12045,6003,-888888888,-888888888,95955,11975,117339,17395,29958,1365,70373,8934,17008,7096,130279,105665,23658,11559,12099,5677,6422,956,131957,123013,120989,82872,38117,2024,8944,8944,3775,5169,10968,2024,179,1845,8944,1370,7574,8944,1063,2009,692,21,5058,101,123305,106665,16640,7339,12879,5763,1271,350,1972,1155,518,71,131957,11225,277,551,285,1350,8735,2968,313,18143,180,124,13744,2884,31,639,1180,146,194,1287,2320,18,2772,861,95,48,777,706,-888888888,-888888888,-888888888
2015,Borden County; Texas,262,198,96,170,76,6,6,22,14,64,58,46,102,104,2.69,3.13,705,262,171,229,21,22,1,259,53,171,0,14,21,262,15,181,0,49,17,20,0,0,152,0,314,53,0,0,0,48,033,0,0,0,0,0,0,126,3,2,67,34,20,474,1,29,137,112,44,103,48,-888888888,-888888888,497,49,705,118,208,12,338,42,159,64,679,554,122,19,103,101,2,3,705,691,691,611,80,0,14,14,7,7,14,0,0,0,14,0,14,14,0,7,0,0,7,0,601,535,66,12,39,7,7,2,3,3,17,0,705,141,3,3,0,10,63,9,0,50,0,0,58,0,0,0,21,0,14,3,11,2,0,3,0,0,2,0,-888888888,-888888888,-888888888
2015,Marion County; Texas,4463,2791,829,2290,625,84,0,417,204,1672,1487,654,1039,1710,2.26,2.85,10100,4463,2271,2316,565,485,155,4213,1009,2446,142,144,472,4537,834,2375,102,652,574,33,16,16,17,0,40,0,360,233,16,48,315,98,48,71,233,124,207,2065,190,182,726,487,480,7764,365,914,2918,1942,512,674,439,-888888888,-888888888,8406,1174,10100,2298,1842,72,5963,1168,2295,1058,10206,8944,1256,403,853,474,379,6,10248,10142,10075,6400,3675,67,106,106,68,38,173,67,0,67,106,6,100,106,5,21,0,0,80,0,9822,9429,393,82,348,69,19,0,13,13,13,0,10248,2648,9,0,10,192,677,176,44,721,0,3,762,159,0,132,59,0,31,114,137,0,154,56,0,0,24,0,-888888888,-888888888,-888888888
2015,Maverick County; Texas,16030,12966,6844,9153,4827,630,240,3183,1777,3064,2854,1386,8140,4310,3.48,4.00,55808,16030,9119,23055,6674,930,585,20254,6908,11254,428,364,1300,21205,6060,10306,1138,2044,1657,1164,467,69,86,60,153,34,3150,1151,203,48,323,352,375,221,1151,640,1027,17548,1022,977,8263,4542,2744,31775,8381,4622,7123,5969,2271,2451,958,-888888888,-888888888,38281,1163,55840,9377,18262,828,31355,4845,6223,3704,55358,48757,5926,4108,1818,1238,580,675,56548,37723,36152,31835,4317,1571,18825,18825,6720,12105,20396,1571,162,1409,18825,1719,17106,18825,9,255,45,0,18516,0,51565,3273,48292,22627,47778,22418,54,0,206,131,254,78,56548,192,130,0,0,29,323,199,0,451,8,0,224,203,14,0,31,59,0,4,46,0,94,15,0,0,0,0,-888888888,-888888888,-888888888
2015,Grayson County; Texas,47215,32294,13247,23819,8490,2284,1142,6191,3615,14921,12541,5358,15427,14116,2.55,3.07,120357,47215,23761,34486,8493,6402,2576,47468,12832,25678,1006,1446,6506,51086,11528,25823,1264,5359,7112,1692,624,44,61,37,110,25,3580,1494,263,48,181,331,181,719,1494,933,1125,30443,1835,1503,13514,6643,6948,82272,3795,6802,26300,21646,6998,10704,6027,-888888888,-888888888,93434,10040,121443,19769,29222,1328,72745,10420,19476,8021,121243,99380,21423,13670,7753,5098,2655,440,122780,115338,114323,82247,32076,1015,7442,7442,2254,5188,8457,1015,41,974,7442,864,6578,7442,527,1163,264,28,5356,104,115166,103216,11950,4742,9913,4097,945,146,754,427,338,72,122780,11706,197,866,210,1599,12894,2650,265,18020,234,220,16845,2356,29,711,798,49,263,1676,2339,0,663,940,95,34,529,260,-888888888,-888888888,-888888888
2015,Live Oak County; Texas,3699,2508,870,1990,644,214,45,304,181,1191,1007,574,1094,1486,2.78,3.46,10273,3699,2019,3130,1014,411,206,5454,1617,2687,162,285,703,4454,977,2328,162,595,392,236,98,89,106,0,259,33,393,241,57,48,297,15,43,126,241,131,201,2477,95,186,1145,662,389,8583,731,937,3092,2337,392,846,248,-888888888,-888888888,9417,1334,10284,1670,2440,96,5646,621,2198,953,11750,10454,1173,414,759,658,101,123,11873,11101,11059,9105,1954,42,772,772,176,596,814,42,0,42,772,93,679,772,67,76,0,0,623,6,11317,8198,3119,1121,2880,1070,86,0,153,51,0,0,11873,500,8,196,9,45,775,213,51,2743,0,0,1341,60,0,125,295,0,4,73,108,0,24,79,22,0,13,64,-888888888,-888888888,-888888888
2015,Palo Pinto County; Texas,10562,7041,2665,5240,1633,546,234,1255,798,3521,2976,1320,3259,3446,2.62,3.19,27646,10562,5283,7800,2304,1697,600,10906,2701,5866,418,460,1461,11468,2315,5717,397,1363,1676,274,87,29,46,5,111,5,789,400,99,48,363,100,107,94,400,234,319,5839,442,430,2831,1537,599,18819,1290,2179,6960,4447,971,1994,978,-888888888,-888888888,21181,2124,27642,5020,6724,413,16084,2641,4834,1966,27755,22691,4988,2898,2090,1781,309,76,27921,26275,26097,20477,5620,178,1646,1646,684,962,1824,178,7,171,1646,114,1532,1646,53,160,25,4,1376,28,26072,22857,3215,1781,2969,1697,153,61,57,4,36,19,27921,2602,81,26,8,305,1572,352,31,1958,53,18,1577,358,0,84,98,0,12,385,343,6,13,123,20,25,100,66,-888888888,-888888888,-888888888
2015,Karnes County; Texas,4309,2931,1246,2077,760,269,112,585,374,1378,1326,628,1452,1417,2.83,3.52,12183,4309,2029,4060,1309,476,193,7448,3245,2949,171,238,845,4793,1219,2319,114,595,546,229,118,93,93,79,195,0,350,193,34,48,255,22,37,100,193,102,179,3023,235,197,1457,731,403,10186,1152,1522,3693,1927,567,1021,304,-888888888,-888888888,11749,1000,12189,2314,3130,248,7106,1111,1953,955,14649,12976,1549,453,1096,995,101,124,14879,14290,14176,12934,1242,114,589,589,171,418,703,114,11,103,589,64,525,589,15,39,0,0,535,0,14083,10094,3989,1214,3804,1148,146,41,34,25,5,0,14879,326,0,475,0,51,601,161,13,1909,0,5,1031,127,0,64,1577,7,0,121,174,0,0,78,6,0,5,0,-888888888,-888888888,-888888888
2015,DeWitt County; Texas,7061,5036,1795,3641,1070,437,89,958,636,2025,1839,958,2326,2533,2.66,3.19,18750,7061,3676,5229,2124,660,331,8854,2650,4323,358,349,1174,7958,1568,4092,166,1252,880,157,110,55,41,36,78,9,701,471,39,48,123,105,174,153,471,294,337,4172,516,127,1998,1043,488,14491,1393,1702,5434,3010,845,1556,551,-888888888,-888888888,15974,1611,18776,3226,4557,285,10651,1351,3568,1590,20383,17472,2904,1279,1625,1435,190,7,20540,19939,19824,17529,2295,115,601,601,160,441,716,115,0,115,601,25,576,601,39,18,0,0,538,6,19215,15896,3319,764,3032,733,230,26,40,5,17,0,20540,1046,11,866,43,89,1181,257,92,5097,25,41,1946,132,6,27,603,0,0,220,181,0,17,106,24,0,56,8,-888888888,-888888888,-888888888
2015,Callahan County; Texas,5273,3268,1133,2661,846,127,49,480,238,2005,1888,811,1289,1799,2.55,3.38,13453,5273,2644,3912,1227,397,137,5317,1361,2925,89,250,692,5603,1038,2776,263,721,805,188,144,111,68,23,142,27,343,193,30,48,059,38,13,112,193,111,164,2935,211,139,1484,784,317,9466,390,787,3667,2736,529,1020,337,-888888888,-888888888,10305,1294,13451,2341,3225,134,7674,1121,2552,1086,13437,12166,1218,328,890,744,146,53,13532,13235,13154,10773,2381,81,297,297,156,141,378,81,0,81,297,7,290,297,41,68,0,0,182,6,12723,12108,615,161,555,151,12,0,30,10,18,0,13532,1360,18,37,7,160,1159,122,17,1004,0,0,1321,33,0,69,65,8,4,220,318,3,45,44,3,4,40,39,-888888888,-888888888,-888888888
2015,Cass County; Texas,11691,7946,2746,5855,1725,517,321,1574,700,3745,3335,1576,3168,4251,2.56,3.12,29910,11691,5853,8547,2460,1359,562,11858,3079,6437,251,535,1556,12847,2522,6091,370,1869,1995,245,104,32,40,65,61,15,621,375,130,48,067,51,44,150,375,263,261,6427,519,437,2849,1537,1085,21270,797,2274,9354,4810,1133,2053,849,-888888888,-888888888,23465,2485,29920,5316,6858,257,17017,2705,6045,2354,30048,26901,3100,1977,1123,776,347,47,30328,29767,29523,22021,7502,244,561,561,284,277,805,244,0,244,561,63,498,561,66,82,1,12,400,0,28552,27678,874,345,776,310,47,0,39,35,12,0,30328,8904,27,166,0,142,2497,363,32,2583,0,44,2681,169,4,34,42,17,14,194,275,0,160,58,37,6,60,0,-888888888,-888888888,-888888888
2015,Gregg County; Texas,45618,30560,13608,20701,8144,2319,1043,7540,4421,15058,13078,4896,15976,12084,2.61,3.20,118922,45618,20680,35963,10584,6077,2410,46595,15329,23151,1273,1476,5366,49868,12540,22127,2309,5504,7388,1925,797,52,66,56,121,12,3974,2045,372,48,183,521,135,1017,2045,1295,1404,31636,1954,1707,14263,6369,7343,78906,4760,7777,22242,21366,6618,11053,5090,-888888888,-888888888,91557,8385,121269,17864,31592,2020,73544,9030,16133,6814,121426,96592,24225,15890,8335,6366,1969,609,123178,112311,111642,84416,27226,669,10867,10867,2768,8099,11536,669,52,617,10867,1186,9681,10867,315,1316,384,24,8799,29,113830,95194,18636,7527,16500,6860,740,277,1267,371,129,19,123178,10933,100,290,194,2069,10664,3466,385,12430,209,118,13543,2061,128,538,839,110,68,1453,2123,37,404,543,68,36,434,555,-888888888,-888888888,-888888888
2015,Madison County; Texas,4121,2827,1228,2074,757,201,147,552,324,1294,1136,535,1400,1419,2.32,2.79,9549,4121,2094,2417,553,364,235,7738,3495,2937,238,138,930,4231,717,2244,137,544,589,186,67,73,84,27,139,61,306,79,18,48,313,24,24,13,79,51,45,2263,67,73,930,793,400,9569,921,1326,3521,2322,462,744,273,-888888888,-888888888,11584,1011,9649,1687,2254,99,5469,756,1926,832,13670,11457,2198,606,1592,1467,125,15,13838,12943,12846,10681,2165,97,895,895,256,639,992,97,0,97,895,65,830,895,6,31,14,0,841,3,13178,10985,2193,765,2092,749,56,0,43,16,2,0,13838,820,9,206,31,93,1053,382,43,1572,0,12,1272,269,0,54,169,0,18,190,188,0,42,16,31,10,30,25,-888888888,-888888888,-888888888
2015,Lubbock County; Texas,107540,66941,30445,46593,19389,5706,2636,14642,8420,40599,30604,9659,35046,23990,2.59,3.21,279018,107540,46459,81535,19902,23582,6519,113449,46774,50775,2096,2792,11012,117889,40332,49859,3389,9776,14533,4088,1559,34,53,38,80,21,7868,4502,698,48,303,964,984,1856,4502,2574,3222,98068,5365,4451,31227,14461,42564,169930,10713,15206,44089,42771,10393,29562,17196,-888888888,-888888888,220321,15437,286551,40773,70130,4107,184056,22669,32365,13997,287134,214395,71267,45164,26103,19998,6105,1472,290782,274218,271575,219045,52530,2643,16564,16564,6822,9742,19207,2643,170,2473,16564,2000,14564,16564,1552,4924,1057,29,8739,263,270579,209842,60737,14119,52707,11983,3247,636,3515,1224,1268,276,290782,20816,985,936,638,2353,20665,5073,447,33339,574,440,22953,4946,83,1306,2330,224,633,3490,4597,171,1446,1625,421,114,1236,445,-888888888,-888888888,-888888888
2015,Kaufman County; Texas,35418,27447,13302,20764,9883,2066,938,4617,2481,7971,6533,2753,15407,8530,3.05,3.46,107909,35418,20745,35998,10903,4845,1961,40872,11715,23318,1165,821,3853,43063,10265,22300,1229,3500,5769,-888888888,-888888888,-888888888,-888888888,-888888888,-888888888,-888888888,4679,2209,322,48,257,552,398,937,2209,1199,1845,29789,1592,1653,14444,6554,5546,69926,4568,6890,21983,18208,4975,9054,4248,-888888888,-888888888,78676,6838,108297,13841,30438,1612,65854,7520,12005,4709,107711,90878,16404,7672,8732,7240,1492,429,109289,100834,99886,77022,22864,948,8455,8455,2210,6245,9403,948,42,906,8455,445,8010,8455,335,717,178,0,7104,121,101534,84736,16798,6698,14900,6195,947,153,744,308,207,42,109289,14727,163,884,246,920,9106,2385,298,12062,170,136,9883,1908,7,441,1050,179,115,1328,1648,8,550,365,163,68,494,126,-888888888,-888888888,-888888888
2015,Kendall County; Texas,13552,10109,3791,8277,2804,389,91,1443,896,3443,3079,1565,4113,4584,2.72,3.22,36849,13552,8261,11786,2440,810,450,14482,3643,9107,118,422,1192,15846,3296,9094,348,1397,1711,244,30,8,30,0,67,18,484,269,31,48,259,86,53,99,269,165,240,9649,729,321,4518,2645,1436,25551,1054,1294,5391,5484,1896,6814,3618,-888888888,-888888888,28498,3357,36902,5450,8815,449,21518,2582,6569,2419,37149,32160,4907,1429,3478,2659,819,82,37361,35181,34403,23900,10503,778,2180,2180,867,1313,2958,778,20,758,2180,147,2033,2180,249,230,0,0,1607,94,35469,30333,5136,1776,4543,1681,436,31,157,64,0,0,37361,2902,0,311,75,498,5641,1138,111,9157,15,14,3311,1406,81,380,562,17,74,768,1020,68,82,528,61,12,159,0,-888888888,-888888888,-888888888
2015,Floyd County; Texas,2413,1771,706,1300,408,127,100,344,198,642,598,251,832,756,2.54,3.01,6129,2413,1304,1873,387,152,109,2268,623,1326,75,61,183,2465,495,1370,113,257,230,59,8,13,45,0,108,0,188,64,10,48,153,25,3,26,64,40,61,1588,104,49,878,351,206,3963,588,449,1153,873,243,512,145,-888888888,-888888888,4466,337,6129,872,1712,71,3342,357,1075,444,6108,5243,853,537,316,302,14,12,6178,5647,5640,5099,541,7,531,531,156,375,538,7,0,7,531,72,459,531,6,17,0,0,508,0,5739,3594,2145,503,2128,491,17,12,0,0,0,0,6178,232,0,11,1,43,355,71,0,503,0,0,457,41,0,0,3,0,0,31,61,0,37,31,3,0,40,8,-888888888,-888888888,-888888888
2015,Bailey County; Texas,2392,1803,849,1393,673,134,53,276,123,589,543,308,1031,800,2.92,3.45,6996,2392,1386,2403,635,180,82,2691,668,1612,97,88,226,2592,623,1448,116,277,128,38,4,6,26,0,64,0,403,374,47,48,017,52,75,200,374,188,374,1971,43,167,1078,555,128,4299,747,619,1394,999,204,198,138,-888888888,-888888888,4943,498,6996,997,2183,106,3780,346,1033,545,7046,6044,1002,585,417,355,62,0,7126,5801,5701,4101,1600,100,1325,1325,218,1107,1425,100,12,88,1325,320,1005,1325,17,19,0,0,1289,0,6596,3408,3188,1346,3177,1335,0,0,11,11,0,0,7126,474,44,0,0,80,288,106,46,224,0,0,217,45,0,0,12,0,0,19,13,0,4,0,0,0,14,0,-888888888,-888888888,-888888888
2015,Chambers County; Texas,13018,9875,4627,8331,3852,631,439,913,336,3143,2743,973,5209,2789,2.84,3.31,36965,13018,8374,12288,2157,1128,563,14320,3531,8843,181,521,1244,14403,3007,8960,172,787,1477,539,175,49,58,39,129,11,925,615,133,48,071,145,53,284,615,328,495,9909,514,886,4906,2086,1517,23796,1871,2159,7575,6139,1605,3177,1270,-888888888,-888888888,26875,2174,37046,5136,10358,436,22782,2938,3906,1762,36736,32802,3918,1336,2582,2089,493,16,37251,33392,33205,26375,6830,187,3859,3859,777,3082,4046,187,24,163,3859,553,3306,3859,227,591,206,5,2767,63,34716,27868,6848,3343,5684,2922,597,203,261,169,306,49,37251,3699,322,383,90,368,2832,2177,250,3838,67,19,3565,651,0,154,384,12,194,581,619,0,928,122,0,5,105,102,-888888888,-888888888,-888888888
2015,Bell County; Texas,109844,79124,40689,57708,26914,4827,2353,16589,11422,30720,26147,7339,44757,21110,2.89,3.42,316914,109844,57780,108559,25479,15252,5132,122992,41194,65386,2641,2807,10964,125079,29943,65646,3764,8778,16948,4940,1339,35,58,23,99,17,7977,3580,911,48,027,1175,501,993,3580,2144,2796,96367,6439,5804,37884,17856,28384,194614,8958,10683,54977,55507,19439,29486,15564,-888888888,-888888888,214578,46226,303696,41992,91186,4904,182562,24128,29948,12960,320994,247632,68486,35501,32985,11828,21157,4876,326041,299462,282231,153036,129195,17231,26579,26579,13154,13425,43810,17231,2264,14967,26579,3077,23502,26579,3667,6624,1051,440,14462,335,297055,241134,55921,16751,41669,12711,5949,865,6936,2957,1367,218,326041,28627,733,4465,825,3102,22474,6069,716,44826,569,462,26097,7904,120,1997,4141,422,907,3727,5781,285,6708,2335,308,69,807,2573,-888888888,-888888888,-888888888
2015,Cameron County; Texas,121097,95991,48568,63544,30857,6896,3075,25551,14636,25106,22216,10571,57538,34806,3.42,3.92,414190,121097,63439,165150,52063,12441,5504,144950,51328,76311,3318,4149,9844,161732,49188,73654,8099,14947,15844,6333,2555,48,62,43,110,23,18523,5989,1320,48,061,1654,832,2183,5989,3638,4870,128154,8333,7192,60897,29747,21985,240350,52482,32210,57724,44500,14041,28347,11046,-888888888,-888888888,284310,15638,415215,55382,133173,7186,232724,25518,49318,22678,411485,369699,38506,31035,7471,4970,2501,3280,417947,315981,311265,273091,38174,4716,101966,101966,32188,69778,106682,4716,827,3889,101966,7523,94443,101966,1013,2568,252,0,97461,672,381314,97106,284208,110988,280329,109788,1474,357,1596,604,809,239,417947,8183,685,309,485,758,6125,1766,318,9491,54,145,5178,1752,37,910,953,165,204,820,1533,121,182,866,76,121,353,100,-888888888,-888888888,-888888888
2015,Deaf Smith County; Texas,6194,4522,2354,3335,1563,394,203,793,588,1672,1523,620,2600,1538,3.05,3.66,18884,6194,3369,7140,1535,646,153,6903,2254,3792,118,343,396,7153,1896,3790,270,653,544,400,159,73,90,0,195,10,634,295,101,48,117,16,89,89,295,181,229,5778,333,382,2677,1389,997,11192,1971,1145,3452,2357,606,1212,449,-888888888,-888888888,13117,677,19058,1985,6117,121,10828,1064,2113,800,18747,16667,1971,1124,847,718,129,109,19245,16312,16240,13204,3036,72,2933,2933,609,2324,3005,72,0,72,2933,103,2830,2933,17,31,23,0,2856,6,17445,8979,8466,2778,8432,2770,8,0,16,8,10,0,19245,687,18,22,1,130,829,47,42,1602,5,0,669,92,0,19,46,0,12,54,148,0,79,21,19,0,8,0,-888888888,-888888888,-888888888
2015,El Paso County; Texas,259612,194964,96194,130207,62383,14522,6109,50235,27702,64648,56147,19692,112519,63666,3.14,3.72,816371,259612,129995,308157,91807,26800,10475,305349,109901,152506,8574,7425,26943,327144,98826,145070,14308,26877,42063,11736,4497,40,56,34,96,22,33373,13254,3109,48,141,3176,2188,4781,13254,7454,10525,262714,14898,12792,106968,54798,73258,495453,74302,46041,121206,112750,35527,72967,32660,-888888888,-888888888,573246,49850,804897,106925,238536,10046,476935,55989,89426,40890,819035,698202,108629,78121,30508,6675,23833,12204,831095,618983,599008,462741,136267,19975,212112,212112,89957,122155,232087,19975,2680,17295,212112,18137,193975,212112,4167,7994,695,347,198379,530,763568,212685,550883,235186,534735,229152,7804,2265,6539,3138,1805,631,831095,30059,2925,1166,606,2130,12692,5725,1163,29130,564,435,20418,8501,169,1506,3172,673,1385,1598,3209,220,1577,1394,389,268,1172,1519,-888888888,-888888888,-888888888
2015,La Salle County; Texas,1971,1331,607,984,431,67,0,280,176,640,590,345,795,713,3.19,4.02,6290,1971,988,2351,687,293,117,3166,1247,1487,49,88,295,2309,777,1085,69,232,146,167,92,109,113,79,196,22,284,204,105,48,283,37,56,6,204,114,187,1735,122,126,839,552,96,4455,927,792,1455,525,91,449,216,-888888888,-888888888,5111,148,6290,1120,2080,172,3230,450,980,498,7060,5806,1023,368,655,536,119,231,7191,6556,6439,5476,963,117,635,635,113,522,752,117,0,117,635,152,483,635,0,0,0,0,635,0,6557,2068,4489,1487,4483,1481,0,0,0,0,6,6,7191,58,0,45,0,28,72,0,0,387,0,0,333,0,0,0,50,0,0,97,11,0,0,0,0,0,0,0,-888888888,-888888888,-888888888
2015,Terrell County; Texas,466,258,107,201,84,2,0,55,23,208,168,92,107,188,1.98,2.57,921,466,195,199,11,50,24,375,79,233,0,27,36,407,40,203,9,76,79,6,0,0,33,0,102,0,0,0,0,48,443,0,0,0,0,0,0,144,0,0,108,27,9,739,86,56,266,183,20,70,58,-888888888,-888888888,755,76,921,140,166,0,509,40,246,100,913,846,63,3,60,60,0,4,921,833,831,698,133,2,88,88,10,78,90,2,0,2,88,4,84,88,0,17,0,0,71,0,890,367,523,44,489,44,34,0,0,0,0,0,921,15,0,0,0,0,52,30,0,77,0,0,53,20,0,0,2,0,0,23,4,0,0,3,0,0,0,0,-888888888,-888888888,-888888888
2015,Tyler County; Texas,7968,5608,1769,4431,1320,317,142,860,307,2360,2082,1012,2247,3009,2.39,2.84,19038,7968,4548,4493,1250,779,423,9785,3305,4757,190,345,1188,8167,1129,4840,228,971,999,235,81,55,62,15,155,2,702,502,65,48,457,123,144,170,502,357,335,3707,140,177,1848,1010,532,15102,603,1774,6315,3780,945,1161,524,-888888888,-888888888,17216,1875,19038,4566,4211,414,10646,2263,4181,1889,21264,18145,3119,1225,1894,1645,249,0,21462,21008,20874,17353,3521,134,454,454,163,291,588,134,0,134,454,41,413,454,16,65,0,0,373,0,20307,18699,1608,314,1409,287,182,10,17,17,0,0,21462,3112,16,142,8,270,1978,1285,91,2153,30,73,2366,294,5,87,97,13,20,537,377,12,40,255,12,19,126,5,-888888888,-888888888,-888888888
2015,Wheeler County; Texas,2293,1598,635,1326,514,63,39,209,82,695,584,244,748,668,2.42,2.87,5548,2293,1342,1444,210,259,128,2175,432,1408,50,69,216,2211,367,1395,30,204,215,87,13,32,77,47,158,8,161,131,55,48,483,29,36,11,131,79,106,1231,122,53,703,212,141,3791,251,458,1185,1010,247,507,133,-888888888,-888888888,4159,307,5548,775,1459,75,3175,342,914,358,5545,4662,883,365,518,353,165,0,5618,5023,4979,3798,1181,44,595,595,93,502,639,44,2,42,595,19,576,595,0,47,28,0,508,12,5226,4048,1178,458,1068,444,24,0,48,11,38,3,5618,466,16,16,7,38,648,81,6,592,0,7,689,20,0,39,41,0,17,85,83,0,28,24,12,0,25,16,-888888888,-888888888,-888888888
2015,Archer County; Texas,3350,2486,984,2186,801,138,68,162,115,864,744,362,1085,1058,2.60,3.02,8703,3350,2190,2592,249,322,141,3609,875,2253,60,69,352,3659,659,2252,42,360,346,66,11,14,36,0,89,13,185,129,0,48,009,7,5,117,129,66,122,2080,57,112,958,638,315,6085,304,379,2223,1448,476,1008,247,-888888888,-888888888,6796,856,8708,1303,1972,98,5242,582,1494,623,8711,7989,720,430,290,240,50,2,8779,8480,8444,6626,1818,36,299,299,88,211,335,36,0,36,299,2,297,299,5,39,0,0,237,18,8455,7879,576,247,549,245,6,0,21,2,0,0,8779,722,8,97,1,175,564,160,23,1769,3,7,878,185,8,24,121,0,6,117,194,0,0,20,7,4,44,21,-888888888,-888888888,-888888888
2015,Brewster County; Texas,4025,2139,836,1649,597,211,72,279,167,1886,1573,534,900,1264,2.27,3.00,9129,4025,1628,2295,363,818,247,3826,1294,1718,47,76,691,3827,1019,1792,16,353,647,36,6,5,18,18,37,0,113,108,0,48,043,37,11,60,108,55,97,2297,231,75,884,283,824,6535,302,476,1398,1482,323,1489,1065,-888888888,-888888888,7409,950,9153,1915,1824,84,5682,966,1647,865,9185,7242,1935,1057,878,643,235,8,9235,8871,8751,6262,2489,120,364,364,196,168,484,120,0,120,364,0,364,364,24,0,7,0,309,24,8689,5356,3333,512,3206,503,65,9,0,0,62,0,9235,1180,8,59,20,72,611,201,2,1224,48,1,839,227,15,64,157,0,27,161,294,0,24,114,35,15,75,0,-888888888,-888888888,-888888888
2015,Hidalgo County; Texas,224021,183335,98468,126203,66681,11004,4395,46128,27392,40686,34990,14766,114821,55707,3.62,4.09,809976,224021,125993,338655,101553,19754,7798,280729,97323,152845,7692,6634,16235,305162,92239,146003,16741,24414,25765,14136,4339,42,68,40,121,26,34859,11696,2359,48,215,2641,1809,4887,11696,6813,9653,267739,16354,16343,127135,58633,49274,451492,107346,63828,104889,78675,21180,53684,21890,-888888888,-888888888,541601,21610,811347,109136,277228,15793,453024,52491,81095,40852,804850,715483,82108,64852,17256,10513,6743,7259,819217,583357,575081,497044,78037,8276,235860,235860,61911,173949,244136,8276,1458,6818,235860,18803,217057,235860,1386,6753,205,87,225680,1749,740142,113356,626786,236435,618351,233749,2266,651,5786,1975,383,60,819217,15844,1232,705,830,1511,9503,6415,656,19093,310,459,9454,4017,63,1920,1761,233,675,1395,2542,9,723,1249,247,123,690,492,-888888888,-888888888,-888888888
2015,Smith County; Texas,78778,53709,22943,39518,15476,3675,1654,10516,5813,25069,20991,8282,26361,22558,2.70,3.29,212582,78778,39501,65403,17896,11004,2776,81924,25242,44022,1765,2091,8804,90144,23885,42323,2444,9425,12067,3067,1247,44,59,25,109,17,6486,3040,567,48,423,916,497,1060,3040,1631,2424,58914,3221,2777,24323,12068,16525,140170,9580,12313,35886,34812,12701,23910,10968,-888888888,-888888888,162868,13836,215234,28213,54407,2753,128977,13839,31850,11621,214612,176845,37212,21629,15583,11002,4581,555,217552,199749,198324,149863,48461,1425,17803,17803,5267,12536,19228,1425,180,1245,17803,1529,16274,17803,773,2443,471,162,13792,162,202358,167237,35121,14495,30522,13127,1898,137,2277,1031,424,200,217552,27171,569,565,383,2541,19274,6877,441,20209,261,244,20298,3761,80,738,1753,142,388,3297,4062,38,1600,1331,326,22,997,229,-888888888,-888888888,-888888888
2015,Howard County; Texas,11206,7528,3273,5359,2154,496,264,1673,855,3678,3135,1390,3831,3110,2.73,3.36,30594,11206,5265,9493,2985,1645,579,16974,5908,7390,639,636,2401,12333,2759,5768,434,1579,1793,512,250,74,72,51,127,22,1077,535,145,48,227,152,57,181,535,365,309,8635,482,363,3938,1834,2018,24225,2156,3164,7577,6317,1902,2251,858,-888888888,-888888888,28065,2686,30882,5449,8025,336,18587,3127,4270,1986,35789,28944,6633,3552,3081,1977,1104,212,36105,32719,32491,25105,7386,228,3386,3386,675,2711,3614,228,0,228,3386,343,3043,3386,84,199,52,3,3044,4,33928,24270,9658,3646,9225,3427,179,83,238,136,16,0,36105,2879,29,43,30,249,2516,622,16,2816,40,22,3038,300,11,123,98,0,91,292,474,22,173,160,29,6,84,158,-888888888,-888888888,-888888888
2015,Mills County; Texas,1848,1316,556,1082,404,80,34,154,118,532,525,334,605,797,2.55,3.12,4718,1848,1093,1428,271,78,13,1739,323,1137,16,115,148,2096,351,1248,10,275,212,14,0,0,15,0,53,0,58,43,7,48,333,11,17,8,43,28,34,1271,51,106,684,310,120,3347,200,374,896,846,291,493,247,-888888888,-888888888,3616,371,4719,769,1216,75,2379,299,1124,395,4835,4509,307,84,223,204,19,19,4875,4548,4510,3742,768,38,327,327,113,214,365,38,0,38,327,15,312,327,19,2,0,0,306,0,4643,4065,578,272,548,264,28,6,2,2,0,0,4875,329,2,15,0,53,706,51,16,906,0,0,611,50,0,36,6,4,9,167,122,0,0,67,6,0,78,14,-888888888,-888888888,-888888888
2015,Montague County; Texas,8024,5314,2057,4226,1474,357,204,731,379,2710,2399,1222,2307,2862,2.39,2.98,19157,8024,4201,5166,1160,606,408,7707,1583,4646,147,366,965,8105,1331,4411,139,1085,1139,354,26,14,89,24,200,23,421,276,94,48,337,17,50,115,276,164,203,4206,211,315,2071,1068,541,13604,822,1576,4634,3625,793,1570,584,-888888888,-888888888,14992,1677,19179,3600,4467,170,10768,1632,3944,1798,19170,16337,2762,1571,1191,1016,175,71,19478,18432,18259,14300,3959,173,1046,1046,265,781,1219,173,18,155,1046,91,955,1046,53,35,11,20,918,9,18327,16407,1920,741,1792,738,110,0,18,3,0,0,19478,2172,0,46,77,442,2950,495,13,3088,23,29,2583,508,0,65,67,0,11,614,372,0,0,182,145,0,100,143,-888888888,-888888888,-888888888
2015,Panola County; Texas,8923,6187,2316,4680,1668,326,168,1181,480,2736,2356,1129,2883,2817,2.63,3.15,23495,8923,4693,6486,2095,1298,453,9234,2297,5140,295,313,1189,9702,1926,4807,343,1335,1291,270,138,54,52,0,119,6,881,646,75,48,365,279,35,257,646,415,416,5401,264,256,3052,958,871,16015,881,1845,5211,4896,1129,1429,624,-888888888,-888888888,18120,1544,23702,4077,5780,445,14073,2052,3849,1580,23680,20907,2742,1638,1104,994,110,31,23900,22866,22772,17077,5695,94,1034,1034,177,857,1128,94,9,85,1034,73,961,1034,27,118,0,0,859,30,22352,20715,1637,594,1456,590,70,0,111,4,0,0,23900,3040,0,68,27,514,2111,1030,18,1970,10,0,3066,266,0,23,300,16,62,377,459,149,24,26,0,9,98,21,-888888888,-888888888,-888888888
2015,Sabine County; Texas,3795,2456,672,1943,303,105,57,408,312,1339,1255,682,779,1826,2.73,3.54,10349,3795,1964,3303,959,328,120,4137,874,2087,102,166,908,4563,789,2222,171,698,683,101,29,27,52,54,121,0,189,171,77,48,403,0,12,82,171,86,171,1987,82,86,1098,545,176,7630,330,790,3417,1928,252,587,326,-888888888,-888888888,8276,1262,10357,2265,2164,90,5284,949,2909,1226,10363,9693,633,225,408,250,158,37,10440,10356,10293,7384,2909,63,84,84,48,36,147,63,0,63,84,0,84,84,15,27,0,0,42,0,9968,9520,448,93,402,82,19,11,27,0,0,0,10440,1249,14,12,27,183,2471,379,33,1282,41,4,1452,210,0,1,27,0,0,123,162,0,25,36,0,0,35,32,-888888888,-888888888,-888888888
2015,Sherman County; Texas,986,762,302,623,219,58,31,81,52,224,194,76,329,264,3.07,3.53,3031,986,643,1034,254,114,41,1230,319,703,21,36,151,1167,189,751,60,88,79,65,5,22,91,206,103,51,40,23,14,48,421,0,9,0,23,12,23,745,55,55,369,164,102,2045,305,238,571,389,120,329,93,-888888888,-888888888,2270,126,3023,542,788,25,1878,359,357,158,3028,2721,307,112,195,181,14,0,3066,2548,2493,1625,868,55,518,518,102,416,573,55,0,55,518,4,514,518,0,0,0,0,518,0,2897,1941,956,405,944,402,7,3,0,0,5,0,3066,176,0,13,0,7,243,49,0,542,0,0,297,5,0,10,27,10,11,40,42,0,1,0,0,0,0,0,-888888888,-888888888,-888888888
2015,Swisher County; Texas,2594,1887,813,1489,557,141,103,257,153,707,611,361,893,923,2.73,3.22,7089,2594,1421,2317,455,302,152,3219,990,1849,62,53,265,2833,642,1470,53,358,310,105,76,112,73,0,158,17,100,55,18,48,437,2,6,29,55,32,41,1780,121,124,834,452,249,4956,453,626,1734,1157,197,553,236,-888888888,-888888888,5734,503,7104,1153,1979,63,3810,611,1315,479,7649,6181,1464,691,773,748,25,4,7713,7198,7156,5965,1191,42,515,515,154,361,557,42,0,42,515,39,476,515,18,25,0,0,472,0,7101,5312,1789,550,1761,544,4,0,23,6,1,0,7713,356,0,1,0,69,483,133,7,780,9,8,625,90,0,26,9,0,2,96,76,0,375,8,8,9,41,21,-888888888,-888888888,-888888888
2015,Hunt County; Texas,30832,21018,8281,16246,5901,1327,526,3445,1854,9814,8313,3236,9738,8986,2.77,3.39,85415,30832,16221,26266,7823,4273,1431,34493,10343,18314,767,922,4147,35943,8308,17211,1587,3972,4865,901,350,34,44,19,88,12,2836,1076,155,48,231,290,295,336,1076,624,801,23429,1251,1430,9730,4617,6401,57974,3377,6229,20087,14256,3904,6393,3728,-888888888,-888888888,66724,7719,87220,15081,21279,927,53161,8176,12780,5978,87144,70794,15449,8124,7325,5783,1542,901,88052,82456,81779,59836,21943,677,5596,5596,1622,3974,6273,677,4,673,5596,638,4958,5596,378,949,42,14,4098,115,82546,71264,11282,3588,9648,3043,792,170,776,362,66,13,88052,9399,145,381,192,1949,8203,2314,139,12728,196,94,12252,2160,37,480,955,38,148,917,1878,13,112,514,158,27,341,305,-888888888,-888888888,-888888888
2015,Camp County; Texas,4431,3270,1429,2273,913,284,160,713,356,1161,1077,553,1694,1502,2.81,3.32,12441,4431,2235,4001,1346,428,264,4669,1310,2406,76,231,646,5110,1327,2508,107,779,389,257,145,98,91,48,192,2,545,281,69,48,063,56,19,137,281,137,227,3010,194,158,1565,710,383,8118,665,1092,2967,1739,495,803,357,-888888888,-888888888,9211,934,12448,2088,3305,174,7065,865,2078,1049,12303,11083,1211,565,646,432,214,9,12516,11086,11040,8991,2049,46,1430,1430,581,849,1476,46,0,46,1430,296,1134,1430,4,31,0,6,1389,0,11650,9206,2444,1064,2387,1056,16,0,31,8,10,0,12516,1604,0,32,0,108,792,175,24,783,0,0,1071,144,0,7,83,31,0,109,101,0,554,72,0,0,0,36,-888888888,-888888888,-888888888
2015,Hansford County; Texas,1972,1517,704,1195,535,157,54,165,115,455,415,175,759,544,2.78,3.26,5489,1972,1197,1818,406,96,52,2073,543,1297,34,82,117,2109,407,1247,65,177,213,83,0,0,68,36,119,27,125,85,15,48,195,0,0,70,85,47,75,1473,80,60,852,353,128,3465,509,347,1025,746,166,523,149,-888888888,-888888888,3921,228,5489,683,1638,7,3076,337,775,339,5524,4904,620,336,284,178,106,0,5559,4534,4507,3223,1284,27,1025,1025,192,833,1052,27,0,27,1025,70,955,1025,0,14,0,0,1011,0,5153,3189,1964,970,1943,970,4,0,17,0,0,0,5559,399,0,53,0,177,528,107,0,759,0,0,455,71,0,99,32,0,0,71,126,0,0,33,0,0,0,0,-888888888,-888888888,-888888888
2015,Guadalupe County; Texas,48940,36990,17050,28652,12514,2241,920,6097,3616,11950,10264,4287,19335,12797,2.89,3.36,141577,48940,28686,47916,10850,5185,2042,54711,16378,31080,891,1566,4796,57611,14038,30273,1087,4991,7222,1876,591,35,53,24,96,30,4536,1950,368,48,187,689,220,673,1950,1149,1456,40842,2191,2041,17815,9462,9333,92461,4786,6872,27426,21274,7992,15763,8348,-888888888,-888888888,104157,16301,141235,17703,38018,1505,85550,9270,17667,6928,142092,124757,16844,6516,10328,7833,2495,491,143460,133217,128875,87877,40998,4342,10243,10243,4740,5503,14585,4342,312,4030,10243,519,9724,10243,876,1759,211,51,7101,245,134116,102782,31334,8562,28216,7695,1480,193,1593,648,45,26,143460,7899,146,1318,255,1470,11295,3954,436,27358,114,209,11590,2701,40,1148,2452,233,599,1246,1799,43,675,935,151,142,419,207,-888888888,-888888888,-888888888
2015,Clay County; Texas,4146,2897,1017,2395,808,200,106,302,103,1249,1099,560,1110,1448,2.51,3.03,10409,4146,2424,2924,525,390,161,4263,1006,2467,97,283,410,4385,689,2694,88,480,434,90,28,33,44,0,116,5,180,97,14,48,077,37,19,27,97,51,92,2316,74,141,1105,587,409,7457,384,451,2946,2047,443,823,363,-888888888,-888888888,8173,870,10403,1930,2300,185,6091,940,2012,805,10388,8849,1490,573,917,905,12,49,10479,10282,10225,7735,2490,57,197,197,27,170,254,57,0,57,197,22,175,197,11,31,0,0,153,2,9962,9485,477,163,421,150,12,0,44,13,0,0,10479,1316,22,59,2,302,1769,237,35,2203,6,0,1578,103,8,59,42,8,16,187,142,0,0,110,3,0,52,23,-888888888,-888888888,-888888888
2015,Hartley County; Texas,1769,1307,571,1216,507,33,23,58,41,462,415,242,653,611,2.61,3.12,4619,1769,1224,1351,192,83,42,3187,1020,1533,106,88,440,1874,247,1259,40,191,137,106,18,71,104,94,262,0,137,84,0,48,205,74,2,8,84,30,82,1229,96,86,617,323,107,4529,311,605,1553,880,215,725,240,-888888888,-888888888,4828,393,4624,488,1290,44,2519,113,815,331,6059,5105,947,185,762,518,244,7,6121,5506,5456,3623,1833,50,615,615,124,491,665,50,2,48,615,31,584,615,69,1,1,0,518,26,5795,4600,1195,533,1108,532,76,0,10,1,1,0,6121,391,12,11,0,112,754,164,9,1072,0,1,683,111,0,34,130,30,33,105,78,0,1,23,5,0,60,17,-888888888,-888888888,-888888888
2015,Hill County; Texas,12902,8911,3190,6805,2132,578,253,1528,805,3991,3406,1592,3885,4598,2.63,3.18,33950,12902,6769,9577,3079,1623,710,13728,3565,7357,510,589,1707,14329,2802,7678,496,1607,1746,579,210,61,80,49,167,15,1231,559,129,48,217,106,63,261,559,308,485,8359,537,532,3646,1835,1809,23723,2012,2870,7858,5583,1888,2340,1172,-888888888,-888888888,26608,2994,34256,6142,8275,416,19498,2985,6483,2741,34482,29703,4681,2582,2099,1655,444,98,34923,32412,32288,25875,6413,124,2511,2511,565,1946,2635,124,16,108,2511,163,2348,2511,64,142,16,0,2269,20,32800,27587,5213,2012,4852,1941,214,15,104,51,43,5,34923,3436,42,885,18,479,4030,759,18,5181,53,32,4833,450,3,230,283,33,67,599,471,0,39,267,34,8,98,26,-888888888,-888888888,-888888888
2015,Limestone County; Texas,8084,5571,2028,4125,1231,303,146,1143,651,2513,2266,1010,2426,2580,2.77,3.40,22418,8084,4089,6793,2463,989,392,9784,3306,4932,148,411,987,9185,2152,4338,353,1018,1324,222,109,46,47,15,101,10,689,460,97,48,293,139,70,154,460,290,380,5170,291,390,2356,1194,939,15970,1499,1630,5707,3823,1109,1586,616,-888888888,-888888888,18003,1554,22481,3879,5315,208,13430,1796,3736,1875,23213,19816,3339,1780,1559,1366,193,58,23454,21238,21148,18412,2736,90,2216,2216,369,1847,2306,90,0,90,2216,217,1999,2216,107,100,81,0,1928,0,21972,18000,3972,2796,3626,2573,161,70,118,91,67,62,23454,1316,0,152,9,273,1612,470,52,2690,0,2,3202,250,0,138,141,18,99,278,232,0,106,62,10,0,80,15,-888888888,-888888888,-888888888
2015,Nacogdoches County; Texas,23888,15013,6768,10646,4371,1327,591,3040,1806,8875,7312,2680,7576,5992,2.52,3.19,60124,23888,10622,17895,4312,3407,993,24769,9722,11974,440,621,2012,27752,10349,11065,627,2686,3025,877,344,30,49,16,90,9,1328,683,95,48,347,244,120,224,683,413,507,22231,1044,1029,6534,3186,10438,37136,2729,3961,10422,8303,2393,5558,3770,-888888888,-888888888,50107,3476,64677,9197,15343,611,41564,5148,7770,3438,64647,50420,14087,7564,6523,5846,677,140,65531,59578,59318,48563,10755,260,5953,5953,1356,4597,6213,260,21,239,5953,466,5487,5953,180,795,84,0,4874,20,60792,51093,9699,4528,8531,4060,456,103,530,289,182,76,65531,4372,99,309,22,907,6280,1938,162,6194,15,52,6122,1118,1,234,467,22,50,1080,1180,9,243,469,131,0,248,117,-888888888,-888888888,-888888888
2015,Parmer County; Texas,3224,2489,1232,1871,789,190,95,428,348,735,548,292,1316,819,3.08,3.47,9922,3224,1844,3546,746,562,202,3874,1294,2161,73,76,270,3645,911,1903,221,333,277,155,4,4,70,0,157,13,218,89,16,48,369,35,6,32,89,34,89,2741,191,147,1402,630,371,6038,1118,830,1836,1105,225,644,280,-888888888,-888888888,7039,315,9922,1278,2965,111,5762,603,1195,564,9822,8484,1175,628,547,317,230,163,10004,8050,7916,5395,2521,134,1954,1954,473,1481,2088,134,0,134,1954,211,1743,1954,18,0,2,0,1912,22,9188,4558,4630,2150,4566,2143,64,7,0,0,0,0,10004,542,0,30,21,71,326,39,7,696,4,9,548,67,0,25,22,9,5,99,58,0,117,26,17,9,14,0,-888888888,-888888888,-888888888
2015,Parker County; Texas,42781,32561,13179,26618,10032,2019,1156,3924,1991,10220,8905,3404,14917,11718,2.78,3.21,118747,42781,26662,37831,7331,4142,1633,48318,12388,28503,1208,956,5263,48763,9250,28115,896,3978,6524,1346,350,28,48,39,99,14,3091,1138,407,48,367,253,201,277,1138,557,866,30249,1525,1832,14008,6791,6093,81156,3203,5727,21809,22544,6382,15045,6446,-888888888,-888888888,91365,10907,118993,14804,29890,1293,72342,7516,16761,5995,120237,104658,15379,6491,8888,6717,2171,200,121418,116453,115348,82439,32909,1105,4965,4965,1946,3019,6070,1105,35,1070,4965,404,4561,4965,529,492,250,15,3495,184,114344,104294,10050,3116,8773,2734,641,169,378,120,258,93,121418,12005,75,772,218,1408,14233,3368,314,20687,242,194,16807,2359,56,1010,1300,175,328,2006,2775,148,281,1349,231,63,976,653,-888888888,-888888888,-888888888
2015,Presidio County; Texas,2634,1773,630,1310,455,102,0,361,175,861,791,476,761,1085,2.77,3.55,7299,2634,1320,2427,770,148,86,2701,813,1622,33,94,139,2885,673,1432,131,535,114,96,11,16,63,0,206,5,345,196,90,48,377,0,57,49,196,91,181,1792,34,123,981,554,100,4834,1371,688,838,621,62,676,578,-888888888,-888888888,5263,326,7304,1661,2041,74,3801,655,1462,932,7187,6322,808,474,334,212,122,57,7304,4868,4812,3763,1049,56,2436,2436,654,1782,2492,56,0,56,2436,299,2137,2436,27,162,0,0,2247,0,6751,921,5830,2498,5542,2446,73,0,215,52,0,0,7304,294,0,19,0,40,223,46,0,212,0,0,208,95,14,46,86,0,0,19,16,0,0,72,0,0,0,0,-888888888,-888888888,-888888888
2015,Val Verde County; Texas,14790,11171,5409,8347,3783,825,510,1999,1116,3619,3275,1327,6059,4238,3.20,3.78,47291,14790,8362,17734,5001,1404,646,18725,6206,9930,433,619,1537,18249,4618,9259,728,2014,1630,705,225,43,64,76,101,19,1829,691,111,48,465,88,165,327,691,376,576,12705,654,861,6291,3013,1886,29268,6512,3425,7772,4734,1850,3742,1233,-888888888,-888888888,33292,3258,46360,5658,14321,445,25698,2603,6341,2610,48038,40719,6736,4535,2201,1243,958,583,48980,38099,37045,30579,6466,1054,10881,10881,4111,6770,11935,1054,108,946,10881,1030,9851,10881,201,234,10,5,10402,29,44855,12668,32187,10532,31777,10459,242,16,98,30,70,27,48980,2527,135,137,12,86,1244,302,36,2341,11,0,2034,452,0,200,158,0,63,147,199,0,21,185,50,17,85,67,-888888888,-888888888,-888888888
2015,Culberson County; Texas,788,540,219,409,146,18,10,113,63,248,235,80,271,272,2.86,3.62,2257,788,381,824,211,53,29,907,337,436,24,38,72,951,280,448,38,83,102,25,21,65,46,0,60,55,119,84,0,48,109,21,0,63,84,36,73,475,33,30,201,174,37,1443,363,184,475,223,55,103,40,-888888888,-888888888,1728,115,2283,516,568,12,1357,299,358,205,2273,2070,201,114,87,71,16,2,2296,2000,1944,1598,346,56,296,296,159,137,352,56,0,56,296,2,294,296,0,0,0,3,293,0,2120,683,1437,459,1426,459,11,0,0,0,0,0,2296,268,0,4,4,5,41,51,0,85,0,0,101,15,0,0,13,2,0,16,3,0,0,14,0,0,2,0,-888888888,-888888888,-888888888
2015,Ector County; Texas,50868,36204,17996,24830,11763,3200,1482,8174,4751,14664,11711,4051,20964,10810,2.91,3.45,147784,50868,24927,51432,12335,8222,3400,55833,19045,27743,1114,1704,6227,56066,14867,27226,1607,5045,7321,3867,1513,83,106,50,189,25,5082,2183,584,48,135,571,238,790,2183,1300,1564,41691,2229,3246,19799,8231,8186,88691,9854,13090,25431,22294,5042,9366,3614,-888888888,-888888888,105401,7312,148173,19476,44098,2069,89876,10929,14199,6478,146719,119863,25669,15166,10503,7189,3314,1187,149557,128858,127003,102114,24889,1855,20699,20699,6926,13773,22554,1855,255,1600,20699,1793,18906,20699,366,1264,516,64,18366,123,136200,75419,60781,20271,58560,19579,711,163,972,393,538,136,149557,9089,262,208,68,965,6156,1696,229,8990,67,45,7572,1348,11,457,417,83,161,763,1230,0,1045,481,17,93,372,219,-888888888,-888888888,-888888888
2015,Garza County; Texas,1532,1166,460,862,330,23,7,281,123,366,321,173,555,456,2.70,3.16,4139,1532,857,1337,322,91,76,3821,1353,1671,252,52,493,1728,360,919,48,178,223,12,3,7,13,0,12,16,134,59,14,48,169,0,31,14,59,39,41,1270,86,38,541,321,284,4877,1290,677,1357,927,169,262,195,-888888888,-888888888,5275,228,4154,522,1093,0,2435,262,626,260,6395,4540,1617,236,1381,612,769,238,6410,3791,3757,3149,608,34,2619,2619,206,2413,2653,34,0,34,2619,334,2285,2619,48,11,7,0,2553,0,6137,2924,3213,2341,3146,2301,49,29,4,4,14,7,6410,371,7,42,0,48,380,44,0,296,17,0,393,34,0,0,15,0,0,4,31,0,7,21,0,0,0,137,-888888888,-888888888,-888888888
2015,Glasscock County; Texas,431,337,155,333,155,0,0,4,0,94,94,28,171,113,2.74,3.22,1180,431,314,399,36,0,0,509,156,339,0,4,10,411,45,328,0,22,16,5,0,0,24,0,102,0,4,0,0,48,173,0,0,0,0,0,0,364,23,24,180,112,25,786,92,71,203,180,47,173,20,-888888888,-888888888,834,49,1180,56,346,0,660,7,174,49,1173,1061,112,88,24,18,6,0,1180,976,966,887,79,10,204,204,64,140,214,10,0,10,204,0,204,204,0,0,0,0,202,2,1138,803,335,158,333,158,2,0,0,0,0,0,1180,42,0,13,3,20,58,12,0,358,0,0,39,5,0,0,2,0,0,9,64,0,0,0,0,0,17,0,-888888888,-888888888,-888888888
2015,Grimes County; Texas,9005,6189,2487,4430,1544,481,247,1278,696,2816,2527,1278,2931,3029,2.63,3.23,23663,9005,4409,6857,2564,828,439,12263,4167,5400,320,466,1910,9572,2213,4698,383,1092,1186,160,36,14,31,48,60,8,691,298,41,48,185,56,49,152,298,166,239,6388,240,156,3074,1706,1212,18676,1807,2240,6696,4700,1087,1432,714,-888888888,-888888888,20959,1883,23710,3400,5972,320,13799,1429,3939,1651,26783,23475,3270,1200,2070,1910,160,38,26961,24334,24212,19862,4350,122,2627,2627,817,1810,2749,122,0,122,2627,149,2478,2627,145,22,66,7,2387,0,25629,20556,5073,1972,4887,1910,117,31,39,31,30,0,26961,1721,14,338,52,334,1943,867,48,4002,54,77,3080,387,17,46,1319,5,82,531,487,0,60,71,0,7,128,11,-888888888,-888888888,-888888888
2015,Collin County; Texas,305827,226540,123102,184350,98179,11309,6088,30881,18835,79287,64878,15953,130988,54547,2.81,3.30,858599,305827,184172,286556,49531,32513,13655,322820,92425,197880,3429,4081,25005,342174,81591,196009,5834,18878,39862,-888888888,-888888888,-888888888,-888888888,-888888888,-888888888,-888888888,17792,4850,1370,48,085,935,828,1717,4850,3062,3568,249604,18111,13939,110993,52973,53588,557114,18502,18016,86368,115236,41610,179668,97714,-888888888,-888888888,624020,42388,859074,56954,237501,6084,543331,28157,78242,22713,850882,732467,111712,53188,58524,36190,22334,6703,862215,702279,690459,395055,295404,11820,159936,159936,74895,85041,171756,11820,914,10906,159936,19747,140189,159936,11967,81373,14432,465,48323,3376,804066,600602,203464,75005,87272,35035,46213,13692,56602,23271,13377,3007,862215,78882,7846,4903,2923,9500,81061,21376,2109,118201,2357,2221,83508,28172,906,7009,14025,1563,6611,11573,19167,885,16715,8324,1575,2408,5854,2619,-888888888,-888888888,-888888888
2015,Angelina County; Texas,30583,22705,10393,15633,6395,2014,890,5058,3108,7878,7010,3169,12124,8607,2.77,3.23,84655,30583,15679,28168,6786,3439,1933,33174,10003,16998,1073,1101,3999,35401,8538,17262,1147,3680,4774,1182,352,32,57,28,117,9,2965,1270,223,48,005,240,136,671,1270,796,1073,22640,1429,1577,10227,5186,4221,56564,4943,6831,17874,14253,4040,5700,2923,-888888888,-888888888,64635,6356,85572,15925,23049,1667,50513,8507,12010,5751,86606,70531,15927,11105,4822,3618,1204,148,87748,80562,79984,66835,13149,578,7186,7186,1739,5447,7764,578,37,541,7186,435,6751,7186,156,687,42,0,6277,24,81553,67000,14553,5843,13245,5439,532,85,710,296,66,23,87748,7505,203,412,39,1210,5998,2165,235,8678,108,96,8791,803,24,307,571,57,87,792,922,44,494,129,8,13,209,200,-888888888,-888888888,-888888888
2015,Cottle County; Texas,635,432,123,357,84,18,0,57,39,203,184,129,141,296,2.38,2.94,1510,635,355,424,58,38,5,542,112,370,16,18,26,631,71,387,12,129,32,20,0,0,86,0,220,0,37,15,3,48,101,0,8,4,15,12,15,358,101,0,147,64,46,1056,131,130,326,266,42,122,39,-888888888,-888888888,1116,74,1510,297,394,10,707,108,409,179,1493,1236,257,205,52,40,12,0,1510,1444,1444,1210,234,0,66,66,0,66,66,0,0,0,66,0,66,66,0,0,0,0,66,0,1327,1089,238,65,229,65,9,0,0,0,0,0,1510,152,0,5,3,40,141,37,3,114,0,0,156,31,0,20,3,0,2,27,60,0,0,2,0,0,0,0,-888888888,-888888888,-888888888
2015,Hays County; Texas,61360,39447,19934,30081,14883,3172,1777,6194,3274,21913,14156,3823,21714,11977,2.78,3.34,170673,61360,30075,49931,12293,17014,3855,70441,29433,32916,887,1329,5876,71863,25569,32233,1346,4384,8331,2048,741,26,42,15,61,29,3975,1341,289,48,209,289,258,505,1341,804,953,62359,2989,2314,19915,9032,28109,103614,5095,6349,22223,25468,7028,26030,11421,-888888888,-888888888,135015,10542,175818,16958,42078,1451,117117,9989,16623,5518,175701,136567,38093,14907,23186,19865,3321,1041,177562,163735,161538,117814,43724,2197,13827,13827,4255,9572,16024,2197,98,2099,13827,1563,12264,13827,1557,1676,157,33,10152,252,166535,125732,40803,12188,36722,11336,2240,345,1560,507,281,0,177562,7800,336,2591,537,2102,15142,4956,781,29362,488,349,15867,5534,131,1949,2559,169,766,3071,4177,77,803,1761,335,282,958,373,-888888888,-888888888,-888888888
2015,Brazoria County; Texas,112510,82536,41365,63629,30401,5522,2924,13385,8040,29974,25367,7897,45900,24063,2.85,3.38,321167,112510,63693,108780,24107,12077,5379,129768,38656,71679,2751,3324,13358,126688,31373,68190,2849,9562,14714,5248,1618,43,65,26,115,34,8900,3880,811,48,039,1128,454,1487,3880,2524,2706,91415,5902,6154,40444,18964,19951,213913,13924,16069,54892,50807,17134,39650,21437,-888888888,-888888888,241792,19941,321393,31129,89616,2175,198068,16360,33709,12594,327595,290119,36365,17883,18482,14302,4180,1111,331741,288307,285426,217124,68302,2881,43434,43434,20971,22463,46315,2881,332,2549,43434,2512,40922,43434,2162,12749,1800,13,25984,726,307400,228005,79395,24417,59528,19141,4568,723,13274,4087,2025,466,331741,23085,677,5085,452,2710,20399,9321,807,37997,905,661,26081,6344,38,1315,3793,496,967,2863,5212,61,2176,1340,707,218,1470,1867,-888888888,-888888888,-888888888
2015,Donley County; Texas,1311,846,242,639,142,37,5,170,95,465,433,243,283,576,2.53,3.25,3313,1311,632,1012,258,100,38,1489,522,683,68,37,179,1528,336,715,17,221,239,2,1,2,3,0,8,0,57,31,0,48,129,6,3,22,31,25,15,936,31,67,281,140,417,2400,181,215,803,641,195,231,134,-888888888,-888888888,2874,288,3540,681,699,13,1995,270,846,398,3580,3049,531,167,364,234,130,0,3588,3508,3473,2521,952,35,80,80,17,63,115,35,0,35,80,6,74,80,10,7,0,0,62,1,3395,3186,209,59,180,58,22,0,7,1,0,0,3588,207,0,4,9,69,394,46,17,645,2,0,561,24,0,18,16,0,4,32,60,0,5,18,0,0,36,22,-888888888,-888888888,-888888888
2015,Crockett County; Texas,1433,1056,411,918,323,50,0,88,88,377,286,101,543,340,2.53,2.91,3619,1433,915,853,251,167,167,1452,337,956,34,16,109,1526,238,950,23,146,169,41,0,0,52,0,140,0,163,153,14,48,105,48,0,91,153,75,153,635,52,58,293,148,84,2528,320,408,688,527,247,226,112,-888888888,-888888888,2830,141,3619,403,869,14,2239,153,511,236,3669,3164,505,281,224,220,4,0,3699,3300,3265,2929,336,35,399,399,178,221,434,35,0,35,399,0,399,399,34,28,33,0,304,0,3393,1647,1746,345,1654,322,82,13,0,0,10,10,3699,105,0,20,0,0,229,31,0,302,37,0,172,46,0,13,31,0,0,22,123,0,59,8,0,0,0,0,-888888888,-888888888,-888888888
2015,Haskell County; Texas,2285,1501,552,1150,320,95,44,256,188,784,694,330,610,888,2.20,2.73,5016,2285,1170,1237,192,132,104,2809,807,1451,163,130,258,2170,403,1171,35,366,195,39,26,58,45,148,61,0,96,55,14,48,207,38,3,0,55,33,39,1033,94,33,555,173,178,4393,608,630,1431,874,204,451,195,-888888888,-888888888,4821,324,5021,1364,1032,109,2763,661,1226,594,5832,4700,1017,194,823,714,109,115,5853,4981,4962,4295,667,19,872,872,45,827,891,19,8,11,872,170,702,872,32,50,23,0,767,0,5601,4297,1304,874,1222,819,13,0,50,43,19,12,5853,385,4,44,0,104,334,116,11,789,0,0,743,36,0,0,15,0,0,118,66,0,19,3,2,0,15,54,-888888888,-888888888,-888888888
2015,Atascosa County; Texas,15363,11719,5213,8179,3333,1192,519,2348,1361,3644,3198,1393,6482,4386,3.04,3.50,46636,15363,8147,15222,5959,1945,1022,17818,5367,9427,461,703,1860,18319,4452,9410,612,2012,1833,602,139,27,56,4,109,26,2149,732,132,48,013,188,68,344,732,333,552,12484,1059,695,6030,3105,1595,29641,3407,3759,10671,6023,1620,2765,1396,-888888888,-888888888,33787,3221,46593,5645,13213,583,27269,2813,6111,2249,46398,39563,6650,3606,3044,2054,990,185,47050,43869,43418,36634,6784,451,3181,3181,1523,1658,3632,451,94,357,3181,201,2980,3181,133,171,63,0,2786,28,43632,25771,17861,6593,17464,6496,199,48,98,0,100,49,47050,1543,50,862,31,363,2136,1050,31,6825,26,11,2988,313,0,61,1035,0,0,627,327,0,84,447,0,0,79,66,-888888888,-888888888,-888888888
2015,Nolan County; Texas,5599,3599,1386,2615,820,177,106,807,460,2000,1667,773,1575,1726,2.62,3.30,14665,5599,2629,4500,1142,795,185,5896,2055,2986,116,206,533,5970,1042,2912,241,853,922,238,148,101,76,44,135,33,289,185,71,48,353,43,31,40,185,133,110,3761,364,223,1861,726,587,9762,935,1148,3393,2256,845,866,319,-888888888,-888888888,11298,958,14875,2853,3763,158,8715,1442,2397,1253,14842,12045,2747,1530,1217,989,228,50,15061,14564,14519,12406,2113,45,497,497,205,292,542,45,0,45,497,52,445,497,11,58,0,0,419,9,14058,10785,3273,729,3211,715,31,0,17,0,14,14,15061,1548,2,24,3,146,745,125,9,1497,0,0,1127,33,0,29,12,5,9,127,140,0,0,24,2,27,37,35,-888888888,-888888888,-888888888
2015,Hudspeth County; Texas,968,728,228,521,157,63,24,144,47,240,222,130,342,396,3.06,3.65,2959,968,521,944,463,63,25,1326,409,739,35,48,95,1302,407,580,66,174,75,66,45,98,89,207,111,3,151,103,23,48,229,12,16,52,103,60,57,798,32,68,384,209,105,2238,627,463,549,360,55,143,41,-888888888,-888888888,2462,163,2959,749,868,80,1554,356,537,313,3258,2762,308,143,165,112,53,188,3330,2151,2104,1653,451,47,1179,1179,228,951,1226,47,0,47,1179,135,1044,1179,17,26,0,3,1133,0,3109,741,2368,1202,2342,1187,20,15,6,0,0,0,3330,143,0,3,0,3,117,46,8,108,3,0,112,14,0,0,0,0,24,3,15,0,20,4,0,0,40,0,-888888888,-888888888,-888888888
2015,Ward County; Texas,3883,2656,1237,1958,774,155,45,543,418,1227,1116,446,1306,1064,2.86,3.60,11090,3883,1958,4013,933,303,200,4228,1265,2218,104,133,508,4347,880,2069,54,659,685,181,39,28,71,100,118,18,306,94,19,48,475,12,20,43,94,47,75,2734,77,161,1602,648,246,7008,864,859,2452,1667,368,551,247,-888888888,-888888888,8066,646,11095,1745,3146,138,6413,938,1536,669,11069,9647,1422,743,679,557,122,0,11225,10313,10276,7978,2298,37,912,912,394,518,949,37,0,37,912,128,784,912,47,40,0,8,816,1,10381,6393,3988,1217,3932,1194,21,0,28,23,7,0,11225,595,0,19,0,55,436,110,35,769,4,8,569,48,8,14,0,0,0,118,165,0,5,35,6,0,0,17,-888888888,-888888888,-888888888
2015,Harrison County; Texas,23546,17231,7131,13203,5107,864,456,3164,1568,6315,5658,2649,8235,7126,2.76,3.30,65060,23546,13253,20649,5665,1947,585,25319,7391,14119,544,531,2734,27029,6384,13785,532,2881,3447,868,417,55,58,15,113,19,2058,1400,369,48,203,250,196,585,1400,852,1088,16117,800,1145,7314,3549,3309,43561,2325,4718,14815,9790,3573,6077,2263,-888888888,-888888888,49578,4440,65766,8330,16710,337,39486,4032,9570,3961,65580,58501,6930,3751,3179,2120,1059,149,66417,62270,61959,45165,16794,311,4147,4147,900,3247,4458,311,37,274,4147,416,3731,4147,179,267,37,0,3625,39,61956,55875,6081,3118,5498,2964,407,113,148,27,28,14,66417,16093,29,202,156,618,5068,1364,168,4708,42,21,4915,959,40,365,285,99,36,779,1637,0,854,307,35,0,538,227,-888888888,-888888888,-888888888
2015,Menard County; Texas,951,628,269,494,169,10,0,124,100,323,306,186,293,386,2.25,2.77,2135,951,457,557,98,72,52,817,194,500,0,19,104,905,100,524,22,121,138,15,6,46,37,0,114,0,8,0,0,48,327,0,0,0,0,0,0,560,61,24,339,94,42,1550,205,148,470,406,51,137,133,-888888888,-888888888,1656,174,2135,533,526,62,1075,194,534,277,2166,1803,363,176,187,145,42,0,2182,2083,2063,1676,387,20,99,99,38,61,119,20,0,20,99,18,81,99,0,0,0,0,99,0,2091,1561,530,206,506,203,24,3,0,0,0,0,2182,222,0,3,0,20,280,94,13,646,0,0,300,74,0,0,0,0,0,36,56,0,0,16,0,0,0,21,-888888888,-888888888,-888888888
2015,Fayette County; Texas,9558,6569,2351,5436,1882,495,165,638,304,2989,2703,1467,2677,3686,2.55,3.13,24365,9558,5440,6971,1562,834,331,10005,2678,5845,85,450,947,10510,2221,5578,128,1323,1260,239,104,44,51,44,104,12,380,169,75,48,149,12,23,59,169,106,131,5079,324,478,2356,1156,765,17857,1739,1888,6591,3642,1136,2055,806,-888888888,-888888888,19576,2055,24428,3239,5261,246,13784,1442,5383,1551,24658,23058,1534,740,794,765,29,66,24849,23052,22981,19809,3172,71,1797,1797,596,1201,1868,71,12,59,1797,118,1679,1797,53,48,0,0,1673,23,23545,19290,4255,1107,3653,993,548,86,28,28,26,0,24849,1240,33,4167,46,191,1729,456,37,6935,0,0,1617,387,64,162,203,12,24,248,283,21,12,134,0,0,48,24,-888888888,-888888888,-888888888
2015,Williamson County; Texas,161793,117380,60769,95004,46590,6188,3554,16188,10625,44413,36358,9882,65513,32258,2.90,3.42,469262,161793,94926,159372,30128,23043,8341,177107,52621,104665,2386,2334,15101,187463,45888,101537,3674,11080,25284,-888888888,-888888888,-888888888,-888888888,-888888888,-888888888,-888888888,11000,3608,962,48,491,879,634,1133,3608,2058,2920,134716,9683,8167,59940,27789,29137,306409,9567,13273,63338,73982,25957,81467,38825,-888888888,-888888888,342452,33706,469711,43354,129930,4444,291515,24365,48266,14545,467525,380704,83973,35016,48957,32852,16105,2848,473592,419971,412161,253241,158920,7810,53621,53621,23892,29729,61431,7810,612,7198,53621,5428,48193,53621,4327,18769,2564,181,26680,1100,440120,349018,91102,29847,64037,21810,12243,2709,12594,4715,2228,613,473592,32208,1657,8469,1510,5472,45045,13671,2532,79459,1236,1217,44094,15065,608,5078,9094,1121,2169,8014,10580,394,4057,6200,1046,515,3040,1149,-888888888,-888888888,-888888888
2015,Hutchinson County; Texas,8297,5495,2356,4056,1431,434,274,1005,651,2802,2575,917,2756,2258,2.62,3.28,21719,8297,4082,6533,1892,915,428,8557,2374,4431,177,313,1262,8550,1930,4372,258,923,1067,344,121,53,72,50,127,30,686,444,92,48,233,205,53,94,444,257,358,5484,404,349,2379,1279,1073,14262,756,1501,4454,4291,1102,1540,618,-888888888,-888888888,16059,1479,21700,3637,5759,268,12760,1915,3181,1454,21609,18886,2718,1140,1578,787,791,5,21858,20493,20316,14875,5441,177,1365,1365,421,944,1542,177,9,168,1365,33,1332,1365,70,97,14,0,1180,4,20329,17516,2813,976,2681,945,50,27,82,4,0,0,21858,2189,30,94,0,633,2071,451,12,2658,0,0,2196,475,1,84,265,0,52,264,451,0,27,88,24,0,105,48,-888888888,-888888888,-888888888
2015,Morris County; Texas,4954,3654,1287,2659,881,236,90,759,316,1300,1238,662,1674,1838,2.53,3.01,12552,4954,2659,3191,1506,242,135,4887,1110,2907,175,118,577,5411,892,2780,156,707,876,219,68,55,82,96,175,3,712,477,136,48,343,142,97,102,477,214,441,2762,176,63,1417,607,499,8886,491,1000,3083,2336,688,834,454,-888888888,-888888888,9816,1204,12559,2991,2884,204,7116,1478,2559,1309,12523,10558,1939,882,1057,1017,40,26,12700,12199,12138,10028,2110,61,501,501,79,422,562,61,0,61,501,11,490,501,20,18,37,0,423,3,11913,11061,852,420,825,406,9,4,3,3,15,7,12700,1910,8,8,0,143,1039,120,13,720,5,0,1733,249,0,41,196,19,0,99,213,0,160,42,0,0,17,28,-888888888,-888888888,-888888888
2015,Orange County; Texas,32054,22434,9084,16496,5919,1904,914,4034,2251,9620,8280,3200,10679,8614,2.57,3.07,82443,32054,16543,24040,5930,3876,1910,32488,9040,17569,530,1134,4215,33749,7187,17713,710,3218,4921,1046,579,62,55,16,111,18,2204,1455,315,48,361,179,335,626,1455,807,1140,20220,1632,1154,9030,4721,3683,55379,1792,4429,22178,14531,4385,5753,2311,-888888888,-888888888,62627,6245,82514,13791,20568,1332,50069,7293,11877,5166,82219,69685,12338,7444,4894,2934,1960,196,83217,81314,80819,61438,19381,495,1903,1903,793,1110,2398,495,100,395,1903,130,1773,1903,284,587,0,0,998,34,77697,74038,3659,1237,2435,800,458,106,684,283,82,48,83217,6637,82,64,96,914,6164,6141,2883,8229,44,184,7384,2465,16,88,471,50,47,1159,850,12,123,302,45,0,112,4,-888888888,-888888888,-888888888
2015,Winkler County; Texas,2628,1910,860,1451,572,118,24,341,264,718,662,267,942,633,2.84,3.40,7469,2628,1472,2576,544,249,148,2820,769,1613,103,79,256,2847,595,1535,82,323,312,132,57,69,71,0,149,27,254,121,43,48,495,0,32,46,121,85,81,1862,97,223,946,472,124,4584,789,526,1430,1068,264,428,79,-888888888,-888888888,5297,351,7469,1079,2279,96,4333,547,857,436,7426,6370,1014,247,767,497,270,42,7576,6581,6525,5150,1375,56,995,995,290,705,1051,56,2,54,995,56,939,995,32,24,0,0,939,0,6959,4088,2871,1051,2841,1043,0,0,30,8,0,0,7576,366,0,9,0,53,237,31,0,541,0,2,435,34,0,6,37,7,2,34,39,0,0,2,0,0,0,0,-888888888,-888888888,-888888888
2015,Harris County; Texas,1499528,1024967,519345,703481,343363,87258,39288,234228,136694,474561,391508,94144,583890,279576,2.88,3.53,4316075,1499528,702852,1481391,412613,219691,89781,1655842,640228,808441,40118,30023,137032,1697573,551869,774246,59418,116699,195341,68401,24843,41,60,30,99,29,126437,44863,9803,48,201,9001,8506,17553,44863,28954,31610,1239179,80667,72583,530761,254405,300763,2734398,305685,252482,637839,570815,162181,517569,287827,-888888888,-888888888,3164723,171858,4335831,402965,1189312,40645,2763195,220977,383324,141343,4294408,3548341,699777,534060,165717,87951,77766,46290,4356362,3249599,3195681,2329843,865838,53918,1106763,1106763,369755,737008,1160681,53918,6987,46931,1106763,123123,983640,1106763,45373,236121,48715,2596,764512,9446,4013836,2285506,1728330,819879,1375708,681373,123327,34384,179620,88594,49675,15528,4356362,190283,32404,27150,6310,23753,202178,85759,11408,304601,9546,6663,212751,80865,2434,16707,47244,6444,15655,30975,44214,2004,64556,19166,4336,4328,11791,17810,-888888888,-888888888,-888888888
2015,Burnet County; Texas,16940,12166,4156,9331,2568,1014,691,1821,897,4774,4159,2069,5044,6095,2.58,3.00,43726,16940,9312,11911,3117,2446,986,17775,4517,10307,429,706,1816,18373,3687,9884,451,2285,2066,371,191,41,41,66,69,11,1483,938,97,48,053,401,61,379,938,589,680,9411,588,400,4583,2385,1455,30751,1847,2750,9812,7356,1994,4808,2184,-888888888,-888888888,34393,4150,43830,8252,9741,545,25140,4066,8949,3641,43669,37151,6389,3205,3184,2867,317,129,44144,41495,41137,30081,11056,358,2649,2649,868,1781,3007,358,0,358,2649,1,2648,2649,328,149,86,0,2058,28,41765,35651,6114,2561,5804,2450,206,49,6,0,98,62,44144,2924,18,320,288,448,5628,1774,127,8766,139,72,5656,651,37,329,396,96,106,1250,1325,0,33,764,48,0,244,29,-888888888,-888888888,-888888888
2015,Gillespie County; Texas,10577,7178,2303,5999,1749,371,138,808,416,3399,3096,1804,2487,4731,2.36,2.92,25007,10577,5992,6588,1227,623,278,10146,2074,6598,35,499,940,11171,2034,6149,102,1644,1242,296,126,58,68,43,118,38,296,147,45,48,171,13,0,89,147,81,131,4963,336,187,2379,1148,913,18728,1334,1152,4979,4087,928,4249,1999,-888888888,-888888888,20408,2483,25005,4015,4983,250,13268,1327,6754,2438,25134,21776,3259,1921,1338,915,423,99,25398,22832,22675,17306,5369,157,2566,2566,1023,1543,2723,157,0,157,2566,517,2049,2566,151,60,55,10,2290,0,24159,18751,5408,1940,4260,1756,1048,145,13,12,87,27,25398,1533,42,287,74,357,2762,600,120,9524,12,195,2551,535,7,403,158,20,46,767,514,0,72,421,122,72,161,3,-888888888,-888888888,-888888888
2015,Dallas County; Texas,881279,576726,289261,381346,180253,52889,24161,142491,84847,304553,250119,61330,329162,168892,2.79,3.49,2454394,881279,381291,809477,247053,135294,54243,935978,368719,442152,23211,18060,83836,981499,328622,422437,35552,70934,123954,-888888888,-888888888,-888888888,-888888888,-888888888,-888888888,-888888888,75223,31583,6311,48,113,7256,5398,12618,31583,19990,22178,673135,40456,41777,298826,140387,151689,1568849,179659,170162,358718,316804,86660,293253,163593,-888888888,-888888888,1812399,101226,2464732,235503,671060,21769,1565503,128651,228169,85083,2450169,2034400,395174,282049,113125,69647,43478,20595,2485003,1902783,1878079,1373261,504818,24704,582220,582220,164783,417437,606924,24704,3017,21687,582220,57269,524951,582220,15159,109824,30427,816,422448,3546,2290480,1334926,955554,465919,788948,401796,54504,14251,83169,39938,28933,9934,2485003,101388,11286,7579,3590,14317,132660,34562,3971,155810,4530,3137,121303,35636,1536,10566,18684,2288,8443,20789,28591,1157,43843,12087,2674,1806,7738,5760,-888888888,-888888888,-888888888
2015,McMullen County; Texas,278,216,59,170,45,17,7,29,7,62,52,27,65,148,2.80,3.19,778,278,158,252,62,28,9,328,133,178,3,7,7,301,39,183,10,52,17,7,0,0,52,0,130,0,0,0,0,48,311,0,0,0,0,0,0,143,18,9,50,44,22,544,79,50,158,150,23,45,39,-888888888,-888888888,601,46,778,193,177,7,370,46,231,140,763,708,55,6,49,46,3,0,778,745,743,686,57,2,33,33,0,33,35,2,0,2,33,22,11,33,0,0,0,0,33,0,695,455,240,69,234,69,6,0,0,0,0,0,778,18,0,1,0,0,0,9,0,59,0,26,110,0,0,0,0,0,0,9,0,0,0,0,0,0,0,0,-888888888,-888888888,-888888888
2015,Young County; Texas,7115,5274,1988,4127,1314,348,196,799,478,1841,1655,899,2308,2386,2.54,2.98,18038,7115,4154,5105,1202,462,216,7203,1898,4317,181,286,521,7424,1411,4182,72,911,848,220,110,67,60,0,147,10,524,357,60,48,503,90,72,135,357,169,220,3978,210,313,1912,1146,397,12500,1043,1336,4482,2878,566,1458,737,-888888888,-888888888,13871,1298,18056,2873,4458,101,10265,1358,3333,1414,18123,15970,2141,1177,964,784,180,12,18329,17175,16930,13858,3072,245,1154,1154,341,813,1399,245,4,241,1154,62,1092,1154,3,51,11,0,1089,0,17047,14635,2412,1318,2380,1310,24,0,8,8,0,0,18329,1781,0,16,0,528,1455,291,11,1992,87,0,1334,52,9,174,80,0,8,198,264,0,0,0,10,0,38,79,-888888888,-888888888,-888888888
2015,Johnson County; Texas,53685,41093,18695,32106,13744,3044,1685,5943,3266,12592,10472,3940,21694,13530,2.84,3.25,152550,53685,32149,48196,12182,6338,2868,60156,16425,34861,1219,1579,6072,61318,12492,34492,1330,5005,7999,2394,659,41,66,38,130,20,5156,2622,726,48,251,376,605,915,2622,1553,2044,40458,1946,2399,18846,9415,7852,100643,6664,10216,31862,26743,7730,12446,4982,-888888888,-888888888,114066,10117,152853,17341,41226,1307,92464,9076,19163,6958,153317,133114,19859,10462,9397,7971,1426,344,155450,144776,143267,106731,36536,1509,10674,10674,3082,7592,12183,1509,49,1460,10674,501,10173,10674,527,1030,81,148,8753,135,145191,121931,23260,7849,20883,6904,1189,457,1105,473,83,15,155450,20358,79,865,392,2087,15544,2816,498,19844,186,356,18944,3607,237,1227,1865,219,372,2406,2797,50,714,912,282,62,1059,642,-888888888,-888888888,-888888888
2015,Hopkins County; Texas,13273,9879,4260,7508,2956,608,223,1763,1081,3394,2870,1453,4936,4148,2.65,3.09,35185,13273,7533,10618,2458,1303,591,13707,3652,7984,210,386,1475,14430,2650,8163,224,1807,1586,614,124,37,79,47,145,30,1216,690,45,48,223,131,88,426,690,369,519,8419,402,532,4077,1881,1527,23710,1866,2328,8844,5405,1431,2491,1345,-888888888,-888888888,26617,2578,35207,6070,8993,412,20445,3183,5769,2475,35159,29132,5989,3515,2474,1854,620,38,35645,32578,32334,26330,6004,244,3067,3067,944,2123,3311,244,0,244,3067,47,3020,3067,310,126,30,4,2597,0,33220,28407,4813,1864,4363,1770,281,56,155,38,14,0,35645,5659,0,29,25,487,3126,708,148,3905,29,58,4534,642,0,57,224,25,47,735,640,0,108,93,34,4,71,102,-888888888,-888888888,-888888888
2015,Ochiltree County; Texas,3696,2770,1517,2050,978,276,205,444,334,926,778,286,1648,748,2.86,3.35,10582,3696,2075,3707,730,374,277,3922,1130,2306,101,68,317,3836,926,2061,153,304,392,248,110,98,98,53,219,0,333,129,35,48,357,25,69,0,129,46,104,2996,186,236,1455,832,287,6282,793,792,1839,1476,430,660,292,-888888888,-888888888,7273,485,10582,1024,3369,180,6168,418,1045,426,10420,9047,1373,840,533,286,247,0,10642,8442,8399,5985,2414,43,2200,2200,474,1726,2243,43,15,28,2200,220,1980,2200,0,29,9,0,2162,0,9681,5379,4302,1862,4262,1839,17,0,23,23,0,0,10642,654,0,71,9,67,614,112,27,1284,0,4,883,43,0,37,196,0,24,130,44,0,0,22,0,0,9,15,-888888888,-888888888,-888888888
2015,Knox County; Texas,1437,954,461,709,270,42,27,203,164,483,453,243,492,500,2.55,3.22,3662,1437,716,1251,151,107,54,1449,360,780,23,80,206,1528,334,778,60,231,125,32,8,21,41,0,94,9,68,33,11,48,275,3,15,4,33,17,29,865,71,56,448,193,97,2552,244,235,945,614,126,309,79,-888888888,-888888888,2817,266,3667,684,979,37,1981,280,707,367,3763,3149,603,178,425,392,33,11,3796,3544,3540,3131,409,4,252,252,85,167,256,4,0,4,252,26,226,252,0,0,0,0,248,4,3505,2783,722,304,707,304,15,0,0,0,0,0,3796,214,0,38,0,56,376,102,10,522,1,0,405,22,0,28,11,13,7,17,56,0,4,10,3,0,29,0,-888888888,-888888888,-888888888
2015,McLennan County; Texas,86769,57860,25534,41061,16014,4078,1908,12721,7612,28909,23032,8022,29296,21749,2.68,3.25,232377,86769,40993,72650,16397,15568,4711,92025,33949,45301,1574,2250,8951,99257,30894,43741,2797,9071,12754,2987,1097,31,49,28,81,18,6299,3450,906,48,309,848,506,1190,3450,2092,2431,74214,4015,4257,26240,12829,26873,145233,9977,14181,40524,34049,14191,21171,11140,-888888888,-888888888,181232,16949,237186,29682,59796,2440,147318,15424,30072,11818,238494,191796,45983,29992,15991,11773,4218,715,241505,220919,218176,174519,43657,2743,20586,20586,5907,14679,23329,2743,87,2656,20586,2373,18213,20586,944,2688,702,18,15925,309,224219,181331,42888,20129,37101,17686,2443,580,2744,1590,600,273,241505,20628,620,5794,373,2166,16733,5315,332,34057,380,275,24395,4314,94,1731,2008,58,366,3751,4597,51,1164,1364,255,94,948,300,-888888888,-888888888,-888888888
2015,Concho County; Texas,813,604,178,497,134,29,6,78,38,209,190,76,207,318,3.30,3.82,2685,813,513,888,304,167,7,2443,841,1237,56,54,255,1037,137,528,15,97,260,49,38,208,116,0,309,14,47,9,3,48,095,6,0,0,9,7,6,754,91,18,328,261,56,3068,667,463,924,574,83,253,104,-888888888,-888888888,3413,221,2685,286,673,0,1387,117,625,169,4061,3317,565,93,472,283,189,179,4086,2695,2673,2442,231,22,1391,1391,23,1368,1413,22,0,22,1391,236,1155,1391,0,34,15,0,1317,25,3833,2438,1395,1035,1358,1015,5,0,32,20,0,0,4086,223,0,58,14,22,198,47,0,466,0,0,124,14,0,2,9,0,0,39,42,5,11,4,0,0,0,8,-888888888,-888888888,-888888888
2015,Edwards County; Texas,747,488,134,400,93,38,18,50,23,259,248,202,138,429,2.54,3.31,1894,747,426,603,96,22,22,703,164,407,9,37,86,931,217,428,11,218,57,7,0,0,16,0,65,0,8,8,0,48,137,8,0,0,8,4,8,292,29,22,121,80,40,1367,211,74,394,246,99,285,58,-888888888,-888888888,1564,195,1894,321,342,0,995,83,557,238,1906,1768,137,61,76,39,37,1,1906,1689,1672,1384,288,17,217,217,133,84,234,17,0,17,217,1,216,217,0,0,0,0,158,59,1799,905,894,152,894,152,0,0,0,0,0,0,1906,147,0,0,11,0,245,30,0,295,0,0,170,8,0,0,4,0,2,69,74,0,0,22,5,0,5,0,-888888888,-888888888,-888888888
2015,Eastland County; Texas,6810,4043,1143,3094,814,201,130,748,199,2767,2496,1114,1417,2602,2.55,3.45,17398,6810,3121,5096,1687,684,289,7104,2467,3147,125,325,1040,7842,1730,3481,264,1070,1297,153,80,38,40,38,73,7,420,255,21,48,133,38,59,137,255,223,128,4161,252,378,1590,911,1030,12239,816,1298,4398,3032,933,1281,481,-888888888,-888888888,14275,1393,18060,4111,4047,140,10372,2182,3641,1789,18070,15866,2137,969,1168,1070,98,67,18328,17628,17605,14627,2978,23,700,700,302,398,723,23,8,15,700,47,653,700,17,79,3,0,583,18,17208,15463,1745,444,1568,428,115,11,62,5,0,0,18328,2002,0,10,6,136,1229,309,16,1547,6,72,1393,386,0,94,63,0,17,253,200,0,15,45,21,0,28,0,-888888888,-888888888,-888888888
2015,Jeff Davis County; Texas,1023,639,119,565,114,18,0,56,5,384,346,140,159,448,2.12,2.74,2169,1023,566,384,159,37,20,946,181,608,25,30,102,990,165,544,35,134,112,0,0,0,0,0,0,0,88,70,0,48,243,0,0,70,70,34,68,398,35,14,174,142,33,1778,201,141,375,309,102,333,317,-888888888,-888888888,1854,195,2169,516,319,7,1238,249,612,260,2232,2027,177,30,147,97,50,28,2232,1782,1748,1060,688,34,450,450,55,395,484,34,0,34,450,42,408,450,21,18,0,0,411,0,2177,1234,943,363,913,358,13,0,14,2,3,3,2232,158,5,26,27,8,255,86,0,327,0,0,214,18,0,0,14,0,4,123,88,0,4,4,19,0,10,0,-888888888,-888888888,-888888888
2015,Jim Hogg County; Texas,1688,1272,477,936,316,42,13,294,148,416,376,239,570,698,3.09,3.71,5216,1688,889,1692,868,79,46,2055,815,986,43,24,187,2025,520,989,26,314,176,155,117,225,173,88,323,44,214,98,17,48,247,6,31,44,98,60,98,1373,70,121,708,312,162,3380,458,507,1022,786,173,313,121,-888888888,-888888888,3862,278,5216,1070,1377,90,2873,512,966,468,5172,4557,615,456,159,158,1,0,5239,4895,4826,4640,186,69,344,344,41,303,413,69,0,69,344,55,289,344,0,0,0,0,344,0,4927,1293,3634,944,3610,920,24,24,0,0,0,0,5239,35,0,0,0,0,32,9,0,88,0,0,82,19,0,0,0,0,0,0,16,0,0,0,0,0,0,0,-888888888,-888888888,-888888888
2015,Webb County; Texas,69668,56626,31445,36819,20076,4024,1980,15783,9389,13042,10952,4199,37274,15500,3.73,4.21,259796,69668,36745,108235,36552,8596,3736,89457,34003,45357,2265,1528,6304,97778,32914,41908,5446,7765,9745,4713,1854,50,69,41,130,20,13360,4665,877,48,479,918,784,2086,4665,2687,3905,88489,6053,5076,40736,19056,17568,142944,29519,20164,34841,25150,8806,16999,7465,-888888888,-888888888,172822,5730,260902,32141,90366,5213,148883,15213,21653,11715,257821,223305,31366,26735,4631,3214,1417,3150,263251,193652,189465,176105,13360,4187,69599,69599,19700,49899,73786,4187,746,3441,69599,6732,62867,69599,375,1136,91,0,67902,95,236875,21998,214877,98166,213508,97709,528,135,810,322,31,0,263251,3007,467,33,30,62,1221,665,117,1806,80,8,1340,797,17,142,262,90,88,125,212,0,128,126,0,58,25,407,-888888888,-888888888,-888888888
2015,Armstrong County; Texas,714,534,217,485,188,7,6,42,23,180,146,85,226,247,2.63,3.03,1878,714,489,551,46,78,14,825,169,511,10,19,116,800,133,482,8,79,98,11,0,0,29,0,40,27,11,11,5,48,011,4,2,0,11,9,5,392,28,29,137,106,92,1375,23,105,334,467,130,221,95,-888888888,-888888888,1543,222,1878,341,400,22,1100,142,378,177,1928,1756,172,32,140,136,4,0,1943,1907,1895,1444,451,12,36,36,27,9,48,12,0,12,36,0,36,36,14,5,3,0,14,0,1828,1682,146,12,124,12,14,0,8,0,0,0,1943,134,0,3,0,67,222,57,2,300,0,0,265,6,0,10,9,0,4,66,49,0,0,13,0,0,8,0,-888888888,-888888888,-888888888
2015,Castro County; Texas,2501,1911,775,1483,582,142,24,286,169,590,479,193,957,685,3.14,3.65,7858,2501,1485,2895,691,286,84,2978,869,1582,45,115,367,2934,735,1522,102,252,323,131,32,35,77,27,159,9,371,128,4,48,069,38,3,83,128,75,107,2055,75,221,1042,538,179,4773,892,537,1582,931,200,448,183,-888888888,-888888888,5514,309,7858,775,2434,26,4385,320,1039,429,7828,6821,903,342,561,427,134,104,7948,6280,6230,5161,1069,50,1668,1668,427,1241,1718,50,0,50,1668,249,1419,1668,6,9,4,0,1637,12,7258,3608,3650,1467,3576,1413,15,0,8,3,51,51,7948,364,0,0,13,180,479,105,0,855,0,0,349,130,0,3,18,0,2,78,127,0,23,10,0,7,0,0,-888888888,-888888888,-888888888
2015,Kleberg County; Texas,10906,6981,3312,4653,1964,537,216,1791,1132,3925,2734,689,3778,2585,2.76,3.36,30145,10906,4710,9376,2420,2733,474,13168,6198,5164,278,185,1343,12338,4504,5091,389,1091,1263,420,206,40,52,41,69,32,912,413,38,48,273,67,151,157,413,275,296,11637,844,525,3441,1689,5138,17767,2624,1889,3924,3627,1182,2995,1526,-888888888,-888888888,23760,1859,31362,4844,7933,655,19681,2382,3748,1807,31640,25740,5872,3708,2164,1791,373,28,32029,29824,29363,25334,4029,461,2205,2205,772,1433,2666,461,78,383,2205,313,1892,2205,86,330,91,7,1672,19,29696,15346,14350,3727,13860,3597,145,5,261,108,84,17,32029,1333,42,182,40,91,1171,242,21,1623,17,63,853,346,0,51,212,14,16,194,156,0,223,70,13,19,44,8,-888888888,-888888888,-888888888
2015,Cooke County; Texas,14598,10420,4247,8115,2945,607,288,1698,1014,4178,3501,1552,4654,4494,2.61,3.09,38097,14598,8143,11466,2159,1731,721,15257,4383,8510,193,556,1615,15797,3284,8549,379,1468,2117,623,197,48,74,8,144,36,700,206,80,48,097,12,62,52,206,153,109,9095,612,683,3993,2184,1623,25864,1209,2124,8306,6724,2073,3811,1617,-888888888,-888888888,29286,2866,38252,5829,9314,430,22540,3124,6398,2275,38365,32255,6077,3469,2608,1903,705,33,38761,36001,35641,26121,9520,360,2760,2760,526,2234,3120,360,0,360,2760,212,2548,2760,265,214,20,3,2236,22,36236,31048,5188,1766,4545,1655,450,26,130,78,63,7,38761,2811,81,166,30,593,3812,976,274,8789,24,99,4388,765,9,334,370,77,144,432,550,15,25,158,20,20,294,164,-888888888,-888888888,-888888888
2015,Crosby County; Texas,2189,1591,655,1153,413,120,77,318,165,598,544,252,763,716,2.71,3.23,5922,2189,1156,1813,574,190,131,2182,638,1268,19,47,210,2431,560,1216,104,280,271,54,30,43,42,23,71,21,247,138,39,48,107,31,26,42,138,82,120,1501,112,115,813,332,129,3846,562,604,1179,874,176,352,99,-888888888,-888888888,4350,229,5916,1094,1650,61,3248,503,1018,530,5949,4901,1048,621,427,409,18,0,6007,5756,5715,4922,793,41,251,251,49,202,292,41,0,41,251,5,246,251,8,0,2,0,241,0,5586,3863,1723,496,1718,494,3,0,0,0,2,2,6007,626,3,10,0,134,334,32,2,265,4,0,277,40,0,29,24,0,6,87,139,0,0,4,4,0,22,8,-888888888,-888888888,-888888888
2015,Fisher County; Texas,1667,1030,365,838,285,30,20,162,60,637,555,238,406,636,2.29,2.93,3818,1667,830,948,215,158,98,1575,403,918,18,52,184,1597,314,806,85,221,171,44,14,36,58,36,129,0,90,58,17,48,151,32,7,2,58,46,35,714,29,52,347,186,100,2670,248,204,891,670,222,313,122,-888888888,-888888888,3065,318,3834,585,793,29,2117,219,924,337,3817,3447,368,191,177,145,32,2,3858,3767,3739,3279,460,28,91,91,20,71,119,28,0,28,91,16,75,91,0,7,0,0,84,0,3599,2873,726,199,708,192,5,0,13,7,0,0,3858,466,1,0,0,28,343,109,15,362,0,0,476,28,0,16,14,0,0,70,67,0,3,16,0,0,12,3,-888888888,-888888888,-888888888
2015,Duval County; Texas,3937,2763,1205,1792,697,317,189,654,319,1174,985,461,1586,1364,2.80,3.35,11041,3937,1784,3376,1346,598,322,4929,1972,2108,131,183,535,4373,1227,1903,92,578,573,187,50,34,78,30,179,0,531,218,82,48,131,8,0,128,218,103,167,2443,203,151,1243,648,198,7461,1059,1299,2481,1574,445,426,177,-888888888,-888888888,8804,528,11046,2968,2773,236,6307,1512,1966,1220,11483,9585,1898,842,1056,1027,29,0,11577,11101,11042,10547,495,59,476,476,294,182,535,59,0,59,476,0,476,476,5,34,0,0,437,0,10811,4125,6686,1477,6672,1468,5,0,9,9,0,0,11577,248,0,8,0,10,130,72,0,395,0,0,276,87,0,1,7,31,0,3,1,0,0,12,0,0,0,19,-888888888,-888888888,-888888888
2015,Blanco County; Texas,4164,3043,872,2524,669,158,61,361,142,1121,1012,480,995,1461,2.55,3.00,10606,4164,2497,2916,671,358,129,4459,1063,2897,22,134,343,4574,750,2692,126,431,575,78,5,5,39,0,111,13,201,89,0,48,031,70,6,13,89,45,62,2400,173,111,1010,461,645,7901,487,391,2425,1956,397,1554,691,-888888888,-888888888,8627,1266,10611,1764,2091,100,6357,922,2163,742,10622,9485,1137,619,518,341,177,0,10723,9824,9785,7232,2553,39,899,899,268,631,938,39,0,39,899,83,816,899,124,40,4,0,724,7,10266,8737,1529,655,1340,572,143,39,42,40,4,4,10723,586,11,242,50,135,1499,388,19,3150,126,7,1349,569,0,170,134,16,14,324,247,0,4,164,48,0,200,16,-888888888,-888888888,-888888888
2015,Montgomery County; Texas,173238,128184,62076,101950,46286,7734,4232,18500,11558,45054,37615,13217,67327,40557,2.88,3.37,499313,173238,102000,169024,33321,21730,8304,191376,53931,111331,3427,3562,19125,198742,45891,108315,4584,15760,24192,7314,1794,32,61,15,119,27,10874,3964,721,48,339,1189,524,1530,3964,2141,3073,134855,9417,7701,63166,30053,24518,325211,18059,26463,79102,75425,21501,70587,34074,-888888888,-888888888,366757,32381,499565,52535,135576,4508,306386,27718,57603,20309,495975,421038,71168,35067,36101,22556,13545,3769,502586,438455,432243,276827,155416,6212,64131,64131,19986,44145,70343,6212,963,5249,64131,5891,58240,64131,5488,9487,795,279,45650,2432,467817,376807,91010,38123,76883,34566,6502,1066,6557,2191,1068,300,502586,38379,1513,4905,1589,6780,49686,17880,2996,77815,1205,1268,55672,16490,277,4323,12792,770,2010,6947,10781,433,1158,4161,719,656,2561,1598,-888888888,-888888888,-888888888
2015,Dimmit County; Texas,3568,2229,923,1326,453,319,170,584,300,1339,1288,457,1178,1080,2.96,3.98,10571,3568,1309,4365,971,358,309,3904,1494,1543,174,121,572,4131,1406,1400,184,436,705,60,32,21,25,10,44,15,457,305,14,48,127,34,0,257,305,149,305,3034,287,83,1455,846,363,6490,1349,715,1937,1396,322,466,305,-888888888,-888888888,7493,378,10587,2274,3189,302,5943,1185,1455,787,10528,9257,1271,426,845,783,62,0,10682,10078,9746,8201,1545,332,604,604,330,274,936,332,18,314,604,0,604,604,0,23,12,0,569,0,9696,2872,6824,1742,6775,1742,14,0,23,0,12,0,10682,25,12,0,0,279,170,9,0,329,0,0,85,28,0,0,0,0,0,30,89,0,0,0,133,0,0,0,-888888888,-888888888,-888888888
2015,Jasper County; Texas,12310,8280,2504,6461,1741,363,151,1456,612,4030,3720,1673,3007,4303,2.83,3.59,34861,12310,6456,11661,3314,1120,405,13659,3839,7112,150,628,1930,14538,3292,7107,424,1891,1824,252,114,28,34,0,76,7,802,541,77,48,241,87,54,323,541,358,406,8046,534,709,4012,1856,935,23939,1251,2549,10534,5722,1590,1669,624,-888888888,-888888888,26882,2583,34866,7510,8886,638,19975,3463,6005,3409,35470,31828,3621,2356,1265,1112,153,21,35768,34859,34724,28976,5748,135,909,909,262,647,1044,135,0,135,909,1,908,909,16,62,75,0,756,0,33336,31249,2087,790,1802,666,112,9,87,75,86,40,35768,3653,6,34,25,507,3920,2442,267,3961,0,30,4160,360,0,75,153,0,25,348,483,0,157,28,7,0,61,50,-888888888,-888888888,-888888888
2015,Jefferson County; Texas,93495,59419,26946,38675,15673,4697,2044,16047,9229,34076,29948,10962,31138,24688,2.53,3.23,236905,93495,38654,75888,18244,10624,4402,103889,38954,46681,2611,3087,12556,98809,29252,41723,3076,10966,13792,3340,1409,43,58,36,101,20,6279,3277,714,48,245,488,467,1608,3277,2213,2163,60809,3804,3627,26154,12817,14407,166637,12021,16236,55543,40402,11775,21698,8962,-888888888,-888888888,192668,16304,239027,33428,59854,2395,147161,16826,32012,14207,249806,211156,37555,22423,15132,10717,4415,1095,252872,223938,222092,172742,49350,1846,28934,28934,9750,19184,30780,1846,295,1551,28934,2859,26075,28934,485,7100,824,1,20172,352,235590,184050,51540,20147,39861,15891,4791,1206,5939,2849,949,201,252872,9006,719,752,168,1445,11761,19534,3202,16751,534,245,16402,5822,56,695,1138,159,226,2550,2329,74,2137,1054,108,100,430,339,-888888888,-888888888,-888888888
2015,Kinney County; Texas,1079,730,191,601,157,46,4,83,30,349,283,140,247,374,3.00,3.80,3233,1079,637,1138,267,112,56,1730,491,930,39,36,234,1253,238,760,10,159,86,0,0,0,0,0,0,0,82,14,0,48,271,14,0,0,14,0,0,672,37,31,376,152,76,2613,545,332,729,561,119,289,38,-888888888,-888888888,2892,539,3223,528,675,0,2024,264,524,264,3577,2822,587,210,377,206,171,168,3577,2929,2839,2057,782,90,648,648,166,482,738,90,20,70,648,139,509,648,11,64,0,0,573,0,3486,1558,1928,550,1844,517,20,0,64,33,0,0,3577,310,0,0,8,2,111,182,0,567,0,0,480,0,0,44,3,8,0,34,49,0,0,0,31,0,22,4,-888888888,-888888888,-888888888
2015,Oldham County; Texas,640,464,182,413,146,5,1,46,35,176,167,86,193,206,2.52,3.02,1611,640,400,457,79,35,8,873,390,414,0,13,56,722,129,443,6,75,69,31,7,59,88,137,161,0,15,15,0,48,359,6,0,9,15,7,15,673,18,26,306,268,55,1166,42,149,229,338,84,236,88,-888888888,-888888888,1363,97,1637,265,370,15,946,113,321,137,2057,1786,271,31,240,204,36,0,2071,2021,2000,1481,519,21,50,50,31,19,71,21,0,21,50,0,50,50,7,3,0,0,38,2,1936,1742,194,31,186,26,5,5,3,0,0,0,2071,193,0,0,0,71,239,39,1,450,0,0,233,15,2,7,7,0,0,20,51,0,7,18,17,0,0,11,-888888888,-888888888,-888888888
2015,Lamb County; Texas,4865,3448,1663,2600,1070,192,125,656,468,1417,1248,669,1850,1471,2.78,3.32,13540,4865,2624,4247,1133,671,391,5219,1414,2926,57,199,623,5235,903,2771,212,687,662,190,77,63,67,178,92,11,366,157,56,48,279,36,5,60,157,103,85,3558,126,251,1752,900,529,8607,1156,1094,2624,1945,383,996,409,-888888888,-888888888,9791,549,13540,1737,3951,56,7506,832,2083,849,13542,11106,2325,1327,998,590,408,111,13742,12260,12176,10664,1512,84,1482,1482,611,871,1566,84,0,84,1482,102,1380,1482,12,28,0,0,1442,0,12628,7745,4883,1622,4849,1611,26,9,8,2,0,0,13742,763,0,0,13,74,594,241,13,789,5,0,932,67,0,31,6,11,6,184,126,0,230,23,0,0,15,14,-888888888,-888888888,-888888888
2015,Lipscomb County; Texas,1198,868,399,700,321,74,24,94,54,330,301,121,440,286,2.87,3.40,3438,1198,712,1109,260,159,36,1428,462,783,24,29,130,1303,243,757,35,136,132,75,22,77,101,72,199,10,55,49,39,48,295,0,3,7,49,30,48,803,41,67,360,236,99,2221,205,181,826,444,152,315,98,-888888888,-888888888,2562,216,3438,388,921,47,2105,199,412,142,3401,2930,470,114,356,196,160,1,3483,3007,2997,1693,1304,10,476,476,78,398,486,10,1,9,476,42,434,476,3,21,0,0,452,0,3205,2403,802,345,768,345,30,0,4,0,0,0,3483,224,0,33,3,74,398,78,0,731,1,0,439,14,0,7,20,7,12,33,68,1,0,6,6,0,6,2,-888888888,-888888888,-888888888
2015,McCulloch County; Texas,3145,2149,833,1672,553,158,129,319,151,996,840,387,1047,1098,2.59,3.08,8134,3145,1688,2290,497,514,275,3208,762,1843,13,52,538,3441,604,1864,55,374,544,58,36,43,35,0,96,9,374,252,31,48,307,96,76,49,252,164,209,1483,56,225,688,399,115,5881,608,705,1838,1637,176,632,285,-888888888,-888888888,6302,604,8146,1392,1969,150,4550,649,1627,593,8218,6995,1222,766,456,436,20,1,8273,7870,7857,6728,1129,13,403,403,158,245,416,13,0,13,403,20,383,403,12,1,0,0,390,0,7758,6420,1338,411,1318,411,11,0,8,0,1,0,8273,921,1,120,2,80,1017,184,9,1102,2,0,903,118,0,30,7,0,0,167,119,0,9,74,28,6,1,12,-888888888,-888888888,-888888888
2015,Mason County; Texas,1714,1085,355,891,219,72,62,122,74,629,571,383,402,809,2.37,3.00,4057,1714,888,1140,147,168,61,1868,560,951,19,90,248,1643,168,1005,0,155,315,25,13,51,39,0,74,21,59,14,0,48,319,0,0,14,14,8,14,579,37,79,259,154,50,3053,320,138,1058,745,107,466,219,-888888888,-888888888,3312,383,4057,576,754,28,2211,211,1092,337,4024,3401,623,225,398,264,134,0,4066,3650,3604,3076,528,46,416,416,74,342,462,46,31,15,416,16,400,416,7,22,16,0,366,5,3838,2947,891,420,749,362,49,8,92,50,1,0,4066,277,0,25,0,56,626,154,0,1135,0,4,556,14,0,7,6,0,0,134,162,0,0,42,20,0,33,0,-888888888,-888888888,-888888888
2015,Dickens County; Texas,878,560,210,454,136,26,14,80,60,318,301,129,221,312,2.36,3.03,2073,878,478,614,44,59,25,1015,319,501,49,33,113,873,161,491,3,108,110,26,5,26,68,0,110,72,30,26,8,48,125,13,0,5,26,17,21,433,18,28,235,124,28,1634,149,238,462,468,64,187,66,-888888888,-888888888,1793,147,2077,405,488,5,1119,196,470,204,2258,1924,309,192,117,116,1,25,2281,2193,2160,1890,270,33,88,88,9,79,121,33,9,24,88,8,80,88,6,1,1,0,80,0,2149,1842,307,121,299,119,6,0,1,1,1,1,2281,461,0,5,0,13,190,45,3,182,0,14,326,15,0,0,32,0,0,32,31,0,1,6,0,0,4,9,-888888888,-888888888,-888888888
2015,Lee County; Texas,5996,4266,1542,3405,1111,353,148,508,283,1730,1490,657,1827,1783,2.69,3.23,16130,5996,3383,5139,1003,609,255,6928,2325,3686,74,272,571,6686,1549,3508,125,796,708,294,205,118,83,203,88,42,332,113,35,48,287,18,9,51,113,80,60,4027,164,136,1852,1182,693,11155,949,937,4362,2435,552,1372,548,-888888888,-888888888,12742,1313,16176,2629,3716,83,9856,1353,2604,1193,16411,14454,1933,719,1214,1060,154,24,16664,15504,15300,12880,2420,204,1160,1160,369,791,1364,204,5,199,1160,28,1132,1160,22,35,3,0,1100,0,15742,12841,2901,1170,2518,1057,303,69,77,41,3,3,16664,699,21,449,12,93,1084,410,42,4115,0,0,844,231,0,137,131,25,0,197,294,0,482,245,0,21,20,0,-888888888,-888888888,-888888888
2015,Tarrant County; Texas,673737,466070,235778,334542,159633,34951,17533,96577,58612,207667,171758,48276,262524,133919,2.81,3.41,1891536,673737,334290,635360,152188,95961,40004,714412,245102,369909,13661,15287,70453,762057,222452,359960,21609,52666,105370,29620,11580,45,60,30,105,25,50802,20392,4351,48,439,4301,3737,8003,20392,12882,14298,544887,33088,29594,237874,110771,133560,1210423,83831,96184,287717,291757,84551,249176,117207,-888888888,-888888888,1390134,112758,1899050,193845,522269,18920,1193336,108032,183445,66893,1888661,1561433,313623,212098,101525,61172,40353,13605,1914526,1612780,1582553,1058137,524416,30227,301746,301746,109562,192184,331973,30227,3682,26545,301746,28355,273391,301746,14997,73600,23448,1675,184387,3639,1772203,1276383,495820,214559,371083,163986,46053,14227,56739,29012,21945,7334,1914526,141132,11527,9961,4093,17041,135799,39078,6037,203642,4069,3638,161339,42328,1739,13217,22467,2574,6269,20698,33797,1126,35907,13581,2785,2006,9288,4769,-888888888,-888888888,-888888888
2015,Anderson County; Texas,16737,11909,4885,8856,3166,1002,550,2051,1169,4828,4341,2070,5775,5145,2.68,3.18,44777,16737,8806,13692,3412,2130,855,30649,11026,12679,1188,814,4942,17927,3657,8917,540,2086,2727,669,274,57,71,50,116,35,1415,702,169,48,001,201,157,175,702,436,520,12583,662,455,5224,3464,2778,41678,2724,5715,15377,10361,2775,3122,1604,-888888888,-888888888,46678,4271,44901,5814,11217,213,26601,2936,7083,2665,57414,47769,9509,4005,5504,4939,565,136,57915,54173,53836,43753,10083,337,3742,3742,908,2834,4079,337,31,306,3742,347,3395,3742,81,238,249,20,3143,11,54896,46760,8136,2908,7424,2668,144,39,333,197,235,4,57915,3059,92,300,17,628,7232,1216,62,5807,61,19,6930,826,8,226,528,20,339,405,1101,11,151,132,108,9,402,119,-888888888,-888888888,-888888888
2015,Ellis County; Texas,52653,41290,19351,32933,14394,2134,1134,6223,3823,11363,9391,3642,21980,12189,2.95,3.35,155341,52653,32901,52186,11949,5652,2669,59295,16813,35382,1021,1214,4865,62353,14273,34727,1596,4640,7117,2249,734,41,59,17,126,15,5069,2155,257,48,139,507,397,994,2155,1236,1757,44547,2326,2311,20777,9844,9289,99361,6820,8461,29503,26167,7376,14796,6238,-888888888,-888888888,113744,10175,155792,18219,43112,1490,95336,10075,17344,6654,155062,132318,22272,13903,8369,6879,1490,472,157058,143603,142604,109631,32973,999,13455,13455,3928,9527,14454,999,154,845,13455,1107,12348,13455,575,782,223,32,11627,216,146649,118844,27805,11958,25942,11379,868,202,580,215,415,162,157058,13554,288,2794,270,2275,15074,2930,784,17791,208,321,15919,3537,77,1205,1638,164,235,2063,3663,20,215,1349,338,31,943,172,-888888888,-888888888,-888888888
2015,Jackson County; Texas,5109,3575,1410,2958,1126,166,90,451,194,1534,1354,637,1585,1564,2.79,3.40,14249,5109,2971,4640,957,572,144,5572,1343,3287,128,233,581,5794,1399,3127,91,757,420,159,95,67,52,49,102,11,281,123,3,48,239,65,16,39,123,65,97,3540,286,76,1798,803,577,9621,855,987,3257,2182,664,1310,366,-888888888,-888888888,10751,1022,14249,2270,3729,177,8303,1075,2217,1018,14251,12636,1602,877,725,512,213,13,14486,13502,13410,11528,1882,92,984,984,214,770,1076,92,0,92,984,40,944,984,4,25,51,7,884,13,13409,10566,2843,769,2748,739,58,9,37,21,0,0,14486,537,0,1568,0,126,1078,501,13,2699,0,0,1753,194,0,88,205,0,6,185,230,0,45,184,0,0,90,0,-888888888,-888888888,-888888888
2015,Kerr County; Texas,20316,13130,4434,9831,2640,665,233,2634,1561,7186,6358,3455,5037,8874,2.38,2.95,48280,20316,9756,12293,3607,2308,840,20142,5704,10914,301,891,2332,22089,4545,10516,593,3034,3401,503,221,41,53,13,107,15,1192,501,192,48,265,35,120,154,501,245,415,10531,671,479,4632,2129,2620,36128,1843,2648,10047,9322,2131,6644,3493,-888888888,-888888888,40361,5675,49209,9286,9610,489,26976,4337,12623,4460,49656,41084,8391,4491,3900,3266,634,181,50149,46812,46065,32172,13893,747,3337,3337,1726,1611,4084,747,21,726,3337,141,3196,3337,614,269,37,13,2231,173,47625,39145,8480,2498,7944,2356,259,39,218,85,59,18,50149,3614,68,357,211,528,5362,1742,301,9825,105,15,5790,1261,83,518,985,0,236,1345,1141,46,42,470,170,57,400,129,-888888888,-888888888,-888888888
2015,Milam County; Texas,9346,6037,2440,4562,1545,345,196,1130,699,3309,3015,1469,2711,3138,2.56,3.28,23910,9346,4593,7340,1847,784,482,9513,2873,4818,278,433,1111,9857,2087,5123,384,1164,1099,183,57,23,37,0,77,14,516,232,43,48,331,83,14,92,232,153,170,5783,404,546,2545,1494,794,16292,1240,1794,6105,3384,1056,2012,701,-888888888,-888888888,18184,1988,23890,5162,6076,544,13450,2513,4364,2105,24144,20754,3328,1384,1944,1652,292,62,24344,22998,22682,19224,3458,316,1346,1346,405,941,1662,316,33,283,1346,71,1275,1346,81,142,0,0,1070,53,22784,19423,3361,989,2969,887,222,4,170,98,0,0,24344,1393,23,1265,23,198,1748,513,52,4214,33,18,2425,341,0,68,214,0,25,531,315,0,39,116,6,0,83,24,-888888888,-888888888,-888888888
2015,Comanche County; Texas,5119,3545,1288,2780,927,220,65,545,296,1574,1433,746,1482,1987,2.62,3.21,13424,5119,2801,3958,1072,474,176,5384,1232,3209,90,194,659,5610,985,2923,95,954,653,251,136,103,94,35,199,34,457,233,120,48,093,36,36,41,233,140,218,2836,193,202,1389,787,265,9364,999,998,3469,1876,456,1077,489,-888888888,-888888888,10446,967,13429,2430,3177,87,7272,1029,2980,1314,13422,11997,1326,707,619,513,106,99,13623,12546,12445,10849,1596,101,1077,1077,181,896,1178,101,4,97,1077,93,984,1077,39,34,10,0,994,0,12774,9958,2816,1275,2685,1257,105,18,20,0,6,0,13623,1488,0,42,0,152,1290,191,0,1284,0,0,1283,46,0,27,35,20,4,119,129,0,18,25,6,6,15,39,-888888888,-888888888,-888888888
2015,Falls County; Texas,5418,3369,1140,2484,787,212,57,673,296,2049,1869,982,1417,2035,2.86,3.83,15516,5418,2482,5180,1871,565,173,6637,2424,2843,96,262,1012,7658,2300,3161,248,1027,922,177,86,33,40,64,72,6,499,238,50,48,145,17,39,132,238,157,161,4048,270,136,1581,1161,900,11943,1146,1690,4503,2648,545,1047,364,-888888888,-888888888,13696,1295,15532,2810,3714,236,9064,1449,2754,1125,17188,15677,1459,360,1099,1034,65,52,17410,16300,16246,13887,2359,54,1110,1110,355,755,1164,54,0,54,1110,163,947,1110,27,59,0,0,1024,0,16346,13364,2982,1297,2787,1274,173,15,13,6,9,2,17410,1213,0,419,6,127,1176,314,4,2894,1,48,1655,274,7,28,482,0,24,213,113,0,53,27,85,0,13,18,-888888888,-888888888,-888888888
2015,Brooks County; Texas,2080,1496,615,869,228,176,154,451,233,584,558,284,719,851,3.31,3.95,6880,2080,888,2566,955,391,228,3003,1618,973,89,124,199,2816,1060,933,65,413,345,105,93,85,68,0,117,30,356,85,0,48,047,14,13,58,85,45,63,1480,114,76,626,249,415,4494,875,446,1691,923,34,344,181,-888888888,-888888888,5609,321,6898,1344,1612,79,4083,744,1203,521,7162,5785,1214,457,757,740,17,163,7221,6652,6652,6297,355,0,569,569,81,488,569,0,0,0,569,281,288,569,0,141,2,0,426,0,6553,1879,4674,1395,4624,1351,6,0,42,42,2,2,7221,127,0,0,10,7,45,69,0,64,0,10,12,86,0,7,12,9,0,13,15,0,2,0,0,0,0,0,-888888888,-888888888,-888888888
2015,Austin County; Texas,11038,7906,3261,6479,2595,322,93,1105,573,3132,2851,1271,3621,3484,2.59,3.13,28629,11038,6478,8912,1462,739,340,11327,3053,6794,113,254,1113,11718,2333,6942,158,1209,1076,286,88,33,46,8,112,10,659,384,39,48,015,148,119,78,384,231,297,6948,257,382,3375,1942,992,19347,1786,1229,5870,4822,1759,2778,1103,-888888888,-888888888,21745,1797,28641,3542,7104,268,16773,1786,4764,1488,28659,25355,3247,1536,1711,1447,264,57,28886,26240,26208,21098,5110,32,2646,2646,610,2036,2678,32,0,32,2646,188,2458,2646,65,6,10,6,2548,11,27130,21735,5395,1979,5014,1898,367,81,14,0,0,0,28886,2175,0,2125,14,174,2040,863,97,6701,18,31,2433,557,35,149,1162,25,43,368,469,8,304,91,43,0,191,13,-888888888,-888888888,-888888888
2015,Kenedy County; Texas,145,110,53,89,48,0,0,21,5,35,35,17,57,49,3.88,4.72,562,145,94,274,41,8,0,222,72,103,1,0,46,169,29,97,0,37,6,11,0,0,125,0,478,0,6,6,2,48,261,0,0,4,6,4,4,162,0,0,132,26,4,332,43,64,111,53,11,31,19,-888888888,-888888888,374,21,565,74,191,6,306,26,68,42,550,520,30,25,5,5,0,0,565,473,473,422,51,0,92,92,8,84,92,0,0,0,92,71,21,92,0,1,0,0,91,0,525,297,228,151,227,150,0,0,1,1,0,0,565,36,0,41,0,0,8,12,0,11,0,0,0,9,0,0,0,0,0,0,9,0,0,0,0,0,0,0,-888888888,-888888888,-888888888
2015,Colorado County; Texas,7657,5530,1958,4354,1469,454,155,722,334,2127,1948,984,2148,2746,2.67,3.20,20407,7657,4359,6229,1601,561,191,8233,2363,4490,140,510,730,8513,1800,4659,160,1059,835,253,57,28,62,0,148,18,286,161,7,48,089,51,0,103,161,85,134,4362,368,227,2228,1012,527,14328,1157,1348,5564,2746,901,2006,606,-888888888,-888888888,15953,1694,20417,2742,4804,258,11656,1216,3957,1268,20584,19687,890,476,414,325,89,7,20757,19151,18987,16467,2520,164,1606,1606,780,826,1770,164,27,137,1606,244,1362,1606,47,38,0,0,1405,116,19553,15118,4435,951,4167,872,230,72,38,7,0,0,20757,889,0,1987,20,109,928,231,17,5459,6,0,1228,254,0,47,108,0,0,168,245,0,0,92,61,7,67,5,-888888888,-888888888,-888888888
2015,San Patricio County; Texas,22781,17174,7977,12291,5293,1500,621,3383,2063,5607,4776,2141,9293,6314,2.87,3.33,65309,22781,12242,22156,5542,2588,1629,25309,8107,13460,682,695,2365,25850,6322,12911,893,2377,3347,1370,726,94,90,58,172,24,2524,1153,304,48,409,309,56,484,1153,544,895,16627,636,926,8307,4285,2473,41749,4245,5161,12969,10291,2799,4310,1974,-888888888,-888888888,47801,4887,65254,10248,18048,995,38376,5186,8830,4067,65003,54414,10420,5259,5161,4139,1022,169,66070,62632,62036,50531,11505,596,3438,3438,1298,2140,4034,596,66,530,3438,347,3091,3438,181,495,13,46,2633,70,61285,39382,21903,5397,21085,5135,447,61,351,200,20,1,66070,2662,103,704,267,625,3032,1679,129,8270,53,17,5044,907,23,296,739,109,276,556,740,0,38,312,35,41,224,96,-888888888,-888888888,-888888888
2015,Randall County; Texas,48770,33292,14461,26011,10192,1807,1141,5474,3128,15478,12252,4114,16160,11661,2.55,3.07,124596,48770,25928,36617,6391,6890,2818,48834,14818,27509,601,1174,4732,52010,12799,26883,1069,4462,6797,1600,575,37,51,7,98,17,2588,1407,365,48,381,405,172,465,1407,833,1036,35325,2304,1750,13618,6822,10831,82432,2103,4685,18239,24623,7756,16839,8187,-888888888,-888888888,95604,9188,125914,13649,30923,964,78517,6367,16474,6318,125189,105215,19710,9670,10040,7548,2492,264,126782,121667,120806,88758,32048,861,5115,5115,2001,3114,5976,861,14,847,5115,597,4518,5115,491,1490,452,23,2518,141,118481,106096,12385,3432,9742,2226,1058,313,977,498,608,395,126782,12073,406,443,147,2056,14178,3004,216,20535,333,214,14158,2372,97,593,1345,112,145,2361,3281,11,671,874,337,26,610,394,-888888888,-888888888,-888888888
2015,San Saba County; Texas,2126,1367,471,1041,359,125,32,201,80,759,633,323,529,894,2.45,3.03,5205,2126,1029,1367,377,306,104,2723,895,1288,61,96,383,2198,421,1176,36,326,239,65,15,31,68,91,113,14,94,36,0,48,411,8,8,20,36,21,28,1338,65,54,492,466,261,4207,521,407,1293,1210,164,454,158,-888888888,-888888888,4683,439,5240,903,1181,125,2838,405,1221,373,5792,4824,924,270,654,573,81,44,5893,5253,5215,4557,658,38,640,640,203,437,678,38,0,38,640,79,561,640,2,0,0,0,638,0,5570,4270,1300,608,1217,608,67,0,16,0,0,0,5893,543,0,11,12,79,503,168,0,927,13,0,693,83,0,28,38,0,24,172,157,0,16,24,7,0,21,49,-888888888,-888888888,-888888888
2015,Schleicher County; Texas,1074,821,338,619,236,18,0,184,102,253,216,114,393,322,3.00,3.55,3224,1074,617,996,478,59,39,1194,317,748,10,32,87,1212,254,671,57,140,90,35,9,26,50,68,101,0,109,80,43,48,413,13,0,24,80,42,80,916,95,76,508,139,98,1903,289,164,450,526,102,271,101,-888888888,-888888888,2274,156,3224,361,950,35,1796,157,478,169,3214,2848,366,289,77,72,5,0,3224,2794,2769,2363,406,25,430,430,150,280,455,25,0,25,430,0,430,430,0,0,0,0,430,0,3009,1830,1179,304,1175,304,4,0,0,0,0,0,3224,128,0,0,0,49,180,50,2,410,0,0,132,21,0,18,2,0,6,65,24,0,0,4,0,3,0,6,-888888888,-888888888,-888888888
2015,Zavala County; Texas,3627,2642,1158,1524,526,233,132,885,500,985,883,307,1444,1022,3.26,3.98,11806,3627,1537,4600,1730,312,268,4438,1829,1852,171,63,523,4526,1547,1749,453,446,331,140,87,52,50,80,45,41,459,238,84,48,507,38,30,86,238,133,238,3388,190,179,1700,707,612,6887,1489,1255,1858,1136,532,481,136,-888888888,-888888888,8379,415,11806,2825,3681,632,6631,1316,1494,877,11902,10777,1063,176,887,553,334,62,12060,10916,10645,9157,1488,271,1144,1144,500,644,1415,271,0,271,1144,52,1092,1144,0,0,0,0,1144,0,10960,2363,8597,2927,8578,2923,0,0,0,0,19,4,12060,199,2,19,0,35,67,76,0,262,0,0,235,0,0,19,31,0,0,52,14,0,0,0,0,0,0,2,-888888888,-888888888,-888888888
2015,Calhoun County; Texas,7994,5590,2348,4195,1550,482,188,913,610,2404,2014,765,2609,2434,2.68,3.25,21401,7994,4260,6372,1970,805,431,8536,2402,4751,239,137,1007,8577,2111,4545,183,865,873,344,143,58,71,49,148,12,647,241,22,48,057,60,32,127,241,170,165,5194,249,345,2503,1273,824,14403,1395,1498,4586,3305,1288,1542,789,-888888888,-888888888,16116,1516,21472,3895,5541,398,12589,1881,3342,1616,21327,18574,2561,1559,1002,730,272,192,21666,19404,19361,16906,2455,43,2262,2262,840,1422,2305,43,0,43,2262,107,2155,2262,48,772,17,0,1399,26,20181,14361,5820,2343,4917,1725,128,0,742,594,33,24,21666,946,59,652,0,136,1491,348,138,3471,57,0,1859,301,0,18,283,0,23,339,252,0,5,223,29,13,111,38,-888888888,-888888888,-888888888
2015,Foard County; Texas,507,261,93,192,57,26,10,43,26,246,237,123,105,239,2.30,3.28,1164,507,203,321,72,61,22,532,108,253,15,46,110,451,99,200,5,78,69,49,45,409,254,1000,69,0,37,34,29,48,155,5,0,0,34,21,17,201,0,0,129,72,0,904,48,135,254,229,33,149,56,-888888888,-888888888,945,103,1164,323,252,0,591,174,321,149,1161,1040,121,46,75,55,20,0,1197,1161,1136,891,245,25,36,36,20,16,61,25,0,25,36,0,36,36,5,7,0,0,24,0,1129,1045,84,34,69,31,8,0,7,3,0,0,1197,131,0,13,0,40,70,0,15,145,0,0,135,0,0,0,0,0,0,7,41,0,0,11,0,0,3,15,-888888888,-888888888,-888888888
2015,Goliad County; Texas,2881,2115,637,1653,413,117,52,345,172,766,677,359,727,1065,2.54,2.97,7309,2881,1630,2036,507,255,61,2983,830,1786,24,117,226,3130,588,1734,42,481,285,84,11,15,57,19,161,0,142,98,0,48,175,31,16,51,98,41,81,1601,121,34,785,442,219,5198,271,327,2055,1325,497,472,251,-888888888,-888888888,5791,654,7293,1334,1588,88,4233,667,1472,579,7332,6765,558,99,459,261,198,9,7410,7255,7238,6384,854,17,155,155,55,100,172,17,0,17,155,1,154,155,75,1,3,0,76,0,7082,5967,1115,270,1081,264,28,5,5,1,1,0,7410,463,77,236,0,22,655,164,12,1845,19,10,593,51,0,19,169,0,1,148,73,0,1,52,8,15,17,32,-888888888,-888888888,-888888888
2015,Hamilton County; Texas,3166,2203,653,1797,465,144,33,262,155,963,924,481,708,1344,2.52,3.08,7977,3166,1809,2131,639,232,77,3391,819,1836,100,157,479,3505,498,2031,66,480,430,83,37,63,57,0,164,0,147,53,3,48,193,8,6,36,53,38,42,1540,104,97,778,391,170,5979,471,684,1985,1190,377,920,352,-888888888,-888888888,6580,710,8032,1949,1676,99,4352,977,2004,873,8202,7031,1123,648,475,446,29,48,8266,7910,7885,6385,1500,25,356,356,140,216,381,25,0,25,356,96,260,356,5,50,0,0,301,0,7856,7196,660,325,569,276,63,40,28,9,0,0,8266,842,0,80,9,80,813,183,39,1164,0,20,888,42,0,82,38,28,126,129,335,0,0,93,0,0,15,8,-888888888,-888888888,-888888888
2015,Mitchell County; Texas,2753,1920,671,1559,486,124,69,237,116,833,712,310,786,836,2.45,2.94,6741,2753,1543,1867,312,266,146,4879,2047,1962,166,141,563,2840,530,1581,75,333,321,41,13,23,29,0,70,0,229,204,26,48,335,34,37,107,204,124,151,2240,108,56,928,710,438,6352,785,877,2120,1451,423,543,153,-888888888,-888888888,7435,554,6741,1121,1734,50,3859,601,1148,470,9105,6606,2475,896,1579,1510,69,24,9169,8494,8421,6975,1446,73,675,675,119,556,748,73,0,73,675,20,655,675,16,42,0,0,615,2,8696,6391,2305,763,2232,753,27,0,44,10,2,0,9169,1053,0,14,15,87,286,50,0,659,0,0,471,70,0,0,82,4,1,117,72,0,59,0,0,0,3,0,-888888888,-888888888,-888888888
2015,Titus County; Texas,10461,8060,3487,5951,2491,800,252,1309,744,2401,2063,951,4206,2803,3.08,3.51,32223,10461,5916,10967,3315,1564,455,12064,4009,6437,237,360,1021,12489,3047,6587,343,1113,1399,499,114,31,65,24,134,12,1107,461,78,48,449,125,60,198,461,272,313,8959,521,666,4317,1985,1470,19551,2887,2464,5745,4237,1292,1915,1011,-888888888,-888888888,22964,1636,32259,4673,9539,491,18786,2468,3934,1714,32060,28922,2917,1614,1303,806,497,221,32553,26329,25948,21138,4810,381,6224,6224,1515,4709,6605,381,140,241,6224,301,5923,6224,32,201,0,0,5988,3,29898,18620,11278,5561,10992,5420,145,66,138,75,3,0,32553,3955,5,73,0,78,1946,310,42,1632,0,24,1594,239,0,72,24,35,39,352,316,4,909,45,6,34,125,27,-888888888,-888888888,-888888888
2015,Lavaca County; Texas,7701,5571,2177,4455,1587,438,167,678,423,2130,1958,1007,2373,2755,2.48,2.95,19107,7701,4439,5553,882,532,407,7599,1850,4743,130,266,610,8126,1526,4686,61,1082,771,213,55,31,56,22,127,8,329,143,28,48,285,23,25,67,143,89,104,4300,418,265,1999,1081,537,13578,1285,1182,5652,2580,719,1614,546,-888888888,-888888888,14994,1450,19114,3633,4555,510,10628,1463,3931,1660,19252,16740,2504,1401,1103,1063,40,8,19549,18371,18306,16640,1666,65,1178,1178,153,1025,1243,65,0,65,1178,62,1116,1178,55,59,0,0,1050,14,18333,14889,3444,924,2623,825,769,71,52,28,0,0,19549,875,30,6016,23,89,1217,466,82,6213,0,7,1909,120,0,38,219,6,15,202,226,27,8,48,16,0,75,18,-888888888,-888888888,-888888888
2015,Terry County; Texas,4046,2833,1166,1926,672,209,103,698,391,1213,1074,584,1484,1362,2.86,3.45,11584,4046,1914,3755,1276,593,230,5370,2120,2207,182,124,737,4415,916,2085,85,595,734,61,25,21,25,8,47,9,497,375,23,48,445,26,79,247,375,208,326,3345,235,309,1449,826,526,8027,1374,1096,2368,1678,499,700,312,-888888888,-888888888,9305,480,11613,1985,3382,143,6511,1042,1720,800,12598,9283,3223,1720,1503,1191,312,92,12687,11656,11628,10347,1281,28,1031,1031,299,732,1059,28,0,28,1031,130,901,1031,28,24,0,0,978,1,11674,7370,4304,1554,3699,1266,588,277,0,0,17,11,12687,1095,0,0,3,122,605,60,0,921,0,0,985,64,0,5,36,0,0,67,170,0,49,105,0,0,11,22,-888888888,-888888888,-888888888
2015,Wise County; Texas,21068,15989,6671,12994,5037,635,375,2360,1259,5079,4243,1667,7769,5693,2.86,3.28,60273,21068,12977,18643,4905,2680,914,24252,6434,14164,419,660,2575,24203,4273,13525,753,2232,3420,980,306,50,70,9,170,8,1672,605,56,48,497,151,76,322,605,355,463,14656,841,825,7249,3559,2182,40786,2680,3780,15029,10402,2162,5040,1693,-888888888,-888888888,45654,4571,60270,10080,15562,841,36426,5623,8282,3616,60427,51196,8979,4564,4415,3609,806,252,61243,57125,56666,43042,13624,459,4118,4118,1386,2732,4577,459,36,423,4118,250,3868,4118,171,206,6,0,3673,62,57104,49138,7966,3213,7633,3090,86,19,208,96,39,8,61243,5344,104,145,101,1076,4637,844,84,6693,17,24,6540,922,3,350,210,22,41,601,678,0,0,380,96,9,279,68,-888888888,-888888888,-888888888
2015,Burleson County; Texas,6401,4619,1667,3491,1123,308,117,820,427,1782,1638,842,1923,2260,2.67,3.15,17120,6401,3512,5216,1197,794,236,6848,2059,3762,55,258,714,7120,1344,3903,258,855,760,128,22,13,36,0,61,28,270,106,22,48,051,0,0,84,106,58,96,3832,211,221,2016,791,593,11987,1040,1574,4364,2669,550,1201,589,-888888888,-888888888,13296,1376,17120,2860,3997,212,9905,1239,3218,1409,17096,14889,2193,922,1271,1228,43,14,17293,16094,16054,12990,3064,40,1199,1199,334,865,1239,40,0,40,1199,118,1081,1199,93,28,0,1,1059,18,16322,13939,2383,898,2125,855,205,12,53,31,0,0,17293,897,31,1671,4,140,1311,538,21,3036,0,19,1409,333,0,124,281,0,45,205,146,4,87,78,14,7,72,0,-888888888,-888888888,-888888888
