year,county_name,employment_status_population_16_years_and_over,employment_status_population_16_years_and_over_in_,employment_status_population_16_years_and_over_in_,employment_status_population_16_years_and_over_in_,employment_status_population_16_years_and_over_in_,employment_status_population_16_years_and_over_in_,employment_status_population_16_years_and_over_not,employment_status_civilian_labor_force,employment_status_civilian_labor_force_percent_une,employment_status_females_16_years_and_over,employment_status_females_16_years_and_over_in_lab,employment_status_females_16_years_and_over_in_lab,employment_status_females_16_years_and_over_in_lab,employment_status_own_children_under_6_years,employment_status_own_children_under_6_years_all_p,employment_status_own_children_6_to_17_years,employment_status_own_children_6_to_17_years_all_p,commuting_to_work_workers_16_years_and_over,commuting_to_work_workers_16_years_and_over_car_tr,commuting_to_work_workers_16_years_and_over_car_tr,commuting_to_work_workers_16_years_and_over_public,commuting_to_work_workers_16_years_and_over_walked,commuting_to_work_workers_16_years_and_over_other_,commuting_to_work_workers_16_years_and_over_worked,commuting_to_work_mean_travel_time_to_work_minutes,occupation_civilian_employed_population_16_years_a,occupation_civilian_employed_population_16_years_a,occupation_civilian_employed_population_16_years_a,occupation_civilian_employed_population_16_years_a,occupation_civilian_employed_population_16_years_a,occupation_civilian_employed_population_16_years_a,industry_civilian_employed_population_16_years_and,industry_civilian_employed_population_16_years_and,industry_civilian_employed_population_16_years_and,industry_civilian_employed_population_16_years_and,industry_civilian_employed_population_16_years_and,industry_civilian_employed_population_16_years_and,industry_civilian_employed_population_16_years_and,industry_civilian_employed_population_16_years_and,industry_civilian_employed_population_16_years_and,industry_civilian_employed_population_16_years_and,industry_civilian_employed_population_16_years_and,industry_civilian_employed_population_16_years_and,industry_civilian_employed_population_16_years_and,industry_civilian_employed_population_16_years_and,state_fips,county_fips,class_of_worker_civilian_employed_population_16_ye,class_of_worker_civilian_employed_population_16_ye,class_of_worker_civilian_employed_population_16_ye,class_of_worker_civilian_employed_population_16_ye,class_of_worker_civilian_employed_population_16_ye,income_and_benefits_in_2014_inflation_adjusted_dol,income_and_benefits_in_2014_inflation_adjusted_dol,income_and_benefits_in_2014_inflation_adjusted_dol,income_and_benefits_in_2014_inflation_adjusted_dol,income_and_benefits_in_2014_inflation_adjusted_dol,income_and_benefits_in_2014_inflation_adjusted_dol,income_and_benefits_in_2014_inflation_adjusted_dol,income_and_benefits_in_2014_inflation_adjusted_dol,income_and_benefits_in_2014_inflation_adjusted_dol,income_and_benefits_in_2014_inflation_adjusted_dol,income_and_benefits_in_2014_inflation_adjusted_dol,income_and_benefits_in_2014_inflation_adjusted_dol,income_and_benefits_in_2014_inflation_adjusted_dol,income_and_benefits_in_2014_inflation_adjusted_dol,income_and_benefits_in_2014_inflation_adjusted_dol,income_and_benefits_in_2014_inflation_adjusted_dol,income_and_benefits_in_2014_inflation_adjusted_dol,income_and_benefits_in_2014_inflation_adjusted_dol,income_and_benefits_in_2014_inflation_adjusted_dol,income_and_benefits_in_2014_inflation_adjusted_dol,income_and_benefits_in_2014_inflation_adjusted_dol,income_and_benefits_in_2014_inflation_adjusted_dol,income_and_benefits_in_2014_inflation_adjusted_dol,income_and_benefits_in_2014_inflation_adjusted_dol,income_and_benefits_in_2014_inflation_adjusted_dol,income_and_benefits_in_2014_inflation_adjusted_dol,income_and_benefits_in_2014_inflation_adjusted_dol,income_and_benefits_in_2014_inflation_adjusted_dol,income_and_benefits_in_2014_inflation_adjusted_dol,income_and_benefits_in_2014_inflation_adjusted_dol,income_and_benefits_in_2014_inflation_adjusted_dol,income_and_benefits_in_2014_inflation_adjusted_dol,income_and_benefits_in_2014_inflation_adjusted_dol,income_and_benefits_in_2014_inflation_adjusted_dol,income_and_benefits_in_2014_inflation_adjusted_dol,income_and_benefits_in_2014_inflation_adjusted_dol,income_and_benefits_in_2014_inflation_adjusted_dol,income_and_benefits_in_2014_inflation_adjusted_dol,income_and_benefits_in_2014_inflation_adjusted_dol,income_and_benefits_in_2014_inflation_adjusted_dol,income_and_benefits_in_2014_inflation_adjusted_dol,income_and_benefits_in_2014_inflation_adjusted_dol,income_and_benefits_in_2014_inflation_adjusted_dol,income_and_benefits_in_2014_inflation_adjusted_dol,health_insurance_coverage_civilian_noninstitutiona,health_insurance_coverage_civilian_noninstitutiona,health_insurance_coverage_civilian_noninstitutiona,health_insurance_coverage_civilian_noninstitutiona,health_insurance_coverage_civilian_noninstitutiona,health_insurance_coverage_civilian_noninstitutiona,health_insurance_coverage_civilian_noninstitutiona,health_insurance_coverage_civilian_noninstitutiona,health_insurance_coverage_civilian_noninstitutiona,health_insurance_coverage_civilian_noninstitutiona,health_insurance_coverage_civilian_noninstitutiona,health_insurance_coverage_civilian_noninstitutiona,health_insurance_coverage_civilian_noninstitutiona,health_insurance_coverage_civilian_noninstitutiona,health_insurance_coverage_civilian_noninstitutiona,health_insurance_coverage_civilian_noninstitutiona,health_insurance_coverage_civilian_noninstitutiona,health_insurance_coverage_civilian_noninstitutiona,health_insurance_coverage_civilian_noninstitutiona,health_insurance_coverage_civilian_noninstitutiona,health_insurance_coverage_civilian_noninstitutiona,health_insurance_coverage_civilian_noninstitutiona,health_insurance_coverage_civilian_noninstitutiona,health_insurance_coverage_civilian_noninstitutiona,percentage_of_families_and_people_whose_income_in_,percentage_of_families_and_people_whose_income_in_,percentage_of_families_and_people_whose_income_in_,percentage_of_families_and_people_whose_income_in_,percentage_of_families_and_people_whose_income_in_,percentage_of_families_and_people_whose_income_in_,percentage_of_families_and_people_whose_income_in_,percentage_of_families_and_people_whose_income_in_,percentage_of_families_and_people_whose_income_in_,percentage_of_families_and_people_whose_income_in_,percentage_of_families_and_people_whose_income_in_,percentage_of_families_and_people_whose_income_in_,percentage_of_families_and_people_whose_income_in_,percentage_of_families_and_people_whose_income_in_,percentage_of_families_and_people_whose_income_in_,percentage_of_families_and_people_whose_income_in_,percentage_of_families_and_people_whose_income_in_,percentage_of_families_and_people_whose_income_in_,percentage_of_families_and_people_whose_income_in_
2014,Pendleton County; Kentucky,11710,7064,7064,6526,538,0,4646,7064,-888888888,5921,3438,3438,3203,927,732,2067,1664,6469,5551,728,53,22,5,110,37.6,6526,1767,958,1254,1051,1496,6526,97,873,1035,266,642,508,99,244,559,1391,324,160,328,21,191,6526,4987,1058,472,9,5349,383,340,654,772,685,1205,611,421,183,95,46085,59842,3821,64388,1907,17246,1087,23785,300,7807,202,5347,699,3555,134,101,302,411,502,976,492,396,161,80,59233,70459,23755,1794,24583,37505,29763,43585,31731,14566,13046,9886,4753,1520,3416,150,9257,6747,6247,5615,5461,337,632,500,343,262,110,157,2510,1953,832,1262,557,-888888888,-888888888,-888888888,-888888888,-888888888,-888888888,-888888888,-888888888,-888888888,-888888888,-888888888,-888888888,-888888888,-888888888,-888888888,-888888888,-888888888,-888888888,-888888888
2014,Robertson County; Kentucky,1815,859,859,746,113,0,956,859,-888888888,947,406,406,355,209,124,247,148,741,589,103,0,9,4,36,28.1,746,212,141,78,131,184,746,77,55,182,0,40,35,0,12,25,237,25,22,36,21,201,746,615,107,24,0,911,128,94,187,106,102,163,57,64,10,0,30479,41500,519,48791,375,15586,260,13278,85,11259,16,1006,187,590,55,34,72,91,64,144,57,63,10,0,45543,52865,17326,321,16815,20057,29333,36957,32273,2189,1875,1156,974,314,461,23,1288,829,721,588,571,25,133,108,24,0,24,84,459,385,158,253,74,-888888888,-888888888,-888888888,-888888888,-888888888,-888888888,-888888888,-888888888,-888888888,-888888888,-888888888,-888888888,-888888888,-888888888,-888888888,-888888888,-888888888,-888888888,-888888888
2014,Russell County; Kentucky,14194,6870,6870,6024,846,0,7324,6870,-888888888,7263,3239,3239,2850,1329,676,2200,1456,5884,4871,652,0,96,137,128,19.9,6024,1681,1104,1153,775,1311,6024,220,401,1210,93,727,307,113,124,283,1482,541,192,331,21,207,6024,4563,968,493,0,7223,1295,765,1032,994,1099,1111,446,318,94,69,30773,40419,4225,46993,3028,14089,1418,15911,1138,8857,180,2808,1586,4628,604,315,540,640,697,1020,433,286,37,56,38741,47841,17181,2595,15976,25584,25042,34109,28686,17485,14363,8880,8263,3122,3911,305,10491,6411,5583,4065,3793,392,1518,828,329,222,147,499,4080,3280,1203,2506,800,-888888888,-888888888,-888888888,-888888888,-888888888,-888888888,-888888888,-888888888,-888888888,-888888888,-888888888,-888888888,-888888888,-888888888,-888888888,-888888888,-888888888,-888888888,-888888888
2014,Spencer County; Kentucky,13618,9140,9140,8515,625,0,4478,9140,-888888888,6799,4252,4252,3992,1218,967,2770,2161,8366,7452,621,16,35,108,134,32.7,8515,2398,1244,2184,1123,1566,8515,112,576,1590,291,1007,734,86,721,722,1677,356,396,247,21,215,8515,7327,814,374,0,6301,236,187,470,461,777,1507,1193,1116,244,110,65149,73271,5175,74133,1792,18063,1217,24400,401,9075,104,6884,475,5100,78,83,247,277,611,1362,1066,1022,244,110,72146,80798,26564,1201,30368,37532,35351,53927,36997,17300,15923,13771,4105,1377,4361,93,11042,8721,8164,7498,7367,226,666,557,264,222,46,293,2321,1996,1444,832,325,-888888888,-888888888,-888888888,-888888888,-888888888,-888888888,-888888888,-888888888,-888888888,-888888888,-888888888,-888888888,-888888888,-888888888,-888888888,-888888888,-888888888,-888888888,-888888888
2014,Washington County; Kentucky,9496,5709,5709,5257,452,0,3787,5709,-888888888,4868,2645,2645,2457,767,435,1887,1421,5076,4102,574,54,149,64,133,27.6,5257,1337,758,1206,631,1325,5257,273,385,1255,122,581,222,25,261,273,1121,328,288,123,21,229,5257,4074,627,556,0,4514,396,379,646,603,745,788,571,289,53,44,39313,49332,3189,52519,1706,15015,1027,14536,367,7723,120,5998,690,3120,116,205,353,370,546,697,484,259,46,44,49353,57970,19818,1394,21282,28074,24325,43617,27210,11736,10465,7969,3972,1271,2765,116,7105,5313,4898,4216,4023,309,682,415,178,130,54,237,1792,1560,926,801,232,-888888888,-888888888,-888888888,-888888888,-888888888,-888888888,-888888888,-888888888,-888888888,-888888888,-888888888,-888888888,-888888888,-888888888,-888888888,-888888888,-888888888,-888888888,-888888888
2014,Bath County; Kentucky,9183,4563,4560,3913,647,3,4620,4560,-888888888,4711,2000,2000,1715,851,503,1801,1085,3879,3137,443,8,87,19,185,24.9,3913,970,727,738,444,1034,3913,214,230,778,100,355,291,30,113,229,787,274,266,246,21,011,3913,2869,691,345,8,4361,696,416,605,575,863,622,312,194,36,42,33091,44662,2783,45290,1678,14219,842,34438,476,8073,171,2392,1096,3017,352,166,353,480,665,535,248,145,33,40,37853,51692,17137,1344,15254,26981,21867,36478,28898,11771,9840,6008,5339,1931,2968,171,7067,4213,3608,2828,2605,266,780,605,352,188,206,253,2854,2145,815,1555,709,-888888888,-888888888,-888888888,-888888888,-888888888,-888888888,-888888888,-888888888,-888888888,-888888888,-888888888,-888888888,-888888888,-888888888,-888888888,-888888888,-888888888,-888888888,-888888888
2014,Ballard County; Kentucky,6648,3720,3706,3454,252,14,2928,3706,-888888888,3367,1702,1702,1610,398,207,1066,575,3389,2876,252,33,35,78,115,22.2,3454,930,513,862,364,785,3454,143,275,582,135,611,191,73,138,294,569,205,153,85,21,007,3454,2857,348,249,0,3279,244,218,466,489,459,545,374,319,88,77,42852,57517,2301,59487,1392,16482,769,21001,170,8935,54,4228,437,2174,50,99,236,306,277,481,277,308,73,67,54286,69179,23417,1105,25023,34094,26387,48472,31324,8149,7132,5090,3175,1017,1812,42,4862,3406,3158,2622,2466,199,536,248,132,99,57,116,1456,1133,660,567,323,-888888888,-888888888,-888888888,-888888888,-888888888,-888888888,-888888888,-888888888,-888888888,-888888888,-888888888,-888888888,-888888888,-888888888,-888888888,-888888888,-888888888,-888888888,-888888888
2014,Barren County; Kentucky,33654,20153,20111,18435,1676,42,13501,20111,-888888888,17516,9368,9368,8620,2946,1997,6708,4806,18044,14777,1891,44,305,175,852,20.7,18435,5230,3173,3543,1556,4933,18435,555,1231,4411,320,1964,1032,173,497,916,4014,1795,865,662,21,009,18435,14010,2881,1493,51,16789,1874,1589,2477,1701,2608,2918,1907,1339,181,195,38885,49495,11815,51975,6055,14457,3236,20680,1697,8663,287,4179,3427,11589,701,690,1381,1194,1797,2604,1706,1205,159,152,50305,58192,19907,5200,18411,28541,24885,36071,29513,41885,35587,24964,15855,6298,10192,1078,25245,18792,17258,14207,13382,1191,3051,1534,829,485,354,705,6453,4989,2361,3225,1464,-888888888,-888888888,-888888888,-888888888,-888888888,-888888888,-888888888,-888888888,-888888888,-888888888,-888888888,-888888888,-888888888,-888888888,-888888888,-888888888,-888888888,-888888888,-888888888
2014,Boyle County; Kentucky,23784,13300,13285,12126,1159,15,10484,13285,-888888888,12143,6407,6399,5923,1834,1322,3791,2844,11754,9257,1267,17,463,127,623,19.2,12126,3970,2559,2576,1097,1924,12126,324,582,1702,417,1330,530,344,404,769,3423,1037,654,610,21,021,12126,9227,1971,910,18,10981,1016,713,1697,1376,1695,1763,1373,848,214,286,40853,56929,7849,56506,4294,16869,2608,21816,845,8452,249,6082,2086,7441,412,367,960,764,1130,1377,1171,784,197,279,51027,67899,22394,3540,25896,32448,20957,40324,31197,28027,24476,18303,10093,3551,5986,286,17331,12380,11320,9232,8539,895,2088,1060,647,463,223,413,4951,4211,2541,2049,740,-888888888,-888888888,-888888888,-888888888,-888888888,-888888888,-888888888,-888888888,-888888888,-888888888,-888888888,-888888888,-888888888,-888888888,-888888888,-888888888,-888888888,-888888888,-888888888
2014,Green County; Kentucky,9084,5122,5122,4646,476,0,3962,5122,-888888888,4696,2429,2429,2221,749,500,1607,1131,4531,3521,664,5,35,37,269,27.5,4646,1068,927,1004,515,1132,4646,128,263,1016,61,706,246,67,139,264,1099,235,233,189,21,087,4646,3449,619,571,7,4474,584,408,757,510,718,632,461,291,56,57,34368,47040,2995,49915,1934,14812,897,15940,485,8167,136,2395,956,3129,163,157,439,374,627,553,441,273,45,57,44888,57613,19465,1345,14792,20867,21651,35375,28549,11070,9544,6392,4635,1526,2445,92,6636,4608,4209,3413,3098,344,796,399,199,86,113,200,2028,1600,709,1084,428,-888888888,-888888888,-888888888,-888888888,-888888888,-888888888,-888888888,-888888888,-888888888,-888888888,-888888888,-888888888,-888888888,-888888888,-888888888,-888888888,-888888888,-888888888,-888888888
2014,Hancock County; Kentucky,6717,3894,3878,3640,238,16,2823,3878,-888888888,3333,1751,1751,1608,653,448,1439,1067,3591,3095,331,4,24,39,98,25.3,3640,809,545,621,403,1262,3640,120,190,1401,12,309,151,8,127,107,713,261,139,102,21,091,3640,3115,402,120,3,3367,223,154,464,437,385,748,423,438,57,38,50311,57748,2489,60229,1228,18871,688,15270,201,6141,122,4787,558,2552,123,103,306,313,302,547,396,377,57,28,53086,62027,22637,815,29911,40835,29282,51676,30183,8584,7790,6056,2907,794,2197,66,5125,3675,3459,3034,2929,170,425,216,107,77,33,109,1450,1256,693,707,194,-888888888,-888888888,-888888888,-888888888,-888888888,-888888888,-888888888,-888888888,-888888888,-888888888,-888888888,-888888888,-888888888,-888888888,-888888888,-888888888,-888888888,-888888888,-888888888
2014,Harlan County; Kentucky,22940,8788,8788,7922,866,0,14152,8788,-888888888,11857,3861,3861,3561,1993,632,4041,1853,7803,6372,1114,74,150,74,19,22.3,7922,2267,1472,1750,1405,1028,7922,1200,418,370,88,1006,418,63,197,473,2532,505,264,388,21,095,7922,5979,1508,429,6,11251,1915,1313,2375,1298,1545,1396,614,617,104,74,25186,38200,6019,44693,4665,15325,2960,15583,1908,8239,361,2139,3336,7865,929,662,1496,1005,1206,1230,581,586,96,74,33625,45527,15543,3386,14913,20105,22952,40400,30093,28296,23265,12392,14264,5031,6582,342,17605,8272,7426,5850,5271,875,1576,846,434,245,202,412,9333,6640,2344,5125,2693,-888888888,-888888888,-888888888,-888888888,-888888888,-888888888,-888888888,-888888888,-888888888,-888888888,-888888888,-888888888,-888888888,-888888888,-888888888,-888888888,-888888888,-888888888,-888888888
2014,Martin County; Kentucky,10342,3221,3221,2581,640,0,7121,3221,-888888888,4511,1295,1295,1089,871,196,1645,516,2475,2118,284,12,20,8,33,35.0,2581,777,332,486,535,451,2581,631,60,131,23,291,166,16,54,75,771,88,140,135,21,159,2581,1930,554,97,0,4381,865,406,809,442,617,483,319,385,29,26,28040,41294,2116,53208,2099,16713,973,17345,972,8910,168,2868,1589,3201,626,169,492,330,468,459,251,376,29,1,34556,45659,15406,1180,15741,27562,26051,41741,30240,11267,9513,4816,5991,1754,2681,123,7162,3152,2516,2056,1996,107,460,636,380,121,267,256,4010,3095,992,2457,915,-888888888,-888888888,-888888888,-888888888,-888888888,-888888888,-888888888,-888888888,-888888888,-888888888,-888888888,-888888888,-888888888,-888888888,-888888888,-888888888,-888888888,-888888888,-888888888
2014,Hardin County; Kentucky,83100,54582,49347,44863,4484,5235,28518,49347,-888888888,42152,24584,24291,21938,9252,5994,16827,11104,49533,39858,5809,193,956,643,2074,22.5,44863,15384,7340,11691,3638,6810,44863,559,2341,5259,1176,5887,2129,995,2016,3678,10179,4135,2323,4186,21,093,44863,32544,10097,2219,3,39955,2820,1891,4586,4567,6266,7372,5383,4951,1233,886,49602,63398,31453,61693,11007,16075,9780,24153,2185,8109,1011,3801,5326,28084,1451,746,2210,3044,4168,5750,4475,4340,1158,742,60290,71999,24559,11871,28308,40528,27572,41366,33919,100898,89330,73245,31438,11568,27334,1418,61672,46475,42361,36722,34568,4900,5639,4114,2480,1764,901,1634,15197,12364,8830,5722,2833,-888888888,-888888888,-888888888,-888888888,-888888888,-888888888,-888888888,-888888888,-888888888,-888888888,-888888888,-888888888,-888888888,-888888888,-888888888,-888888888,-888888888,-888888888,-888888888
2014,Lincoln County; Kentucky,19452,10658,10657,9308,1349,1,8794,10657,-888888888,10161,5050,5050,4390,1745,1006,3638,2307,9061,7422,1085,20,58,7,469,28.9,9308,2378,1407,2147,1323,2053,9308,306,840,1578,180,1178,639,265,325,461,2223,528,511,274,21,137,9308,7263,1276,769,0,9693,1111,1196,1330,1050,1902,1290,873,793,66,82,35949,45434,6666,47890,3855,14946,1737,18425,814,8605,283,2855,2269,6918,566,505,871,660,1509,1186,815,687,37,82,43470,52503,18192,2775,14614,24379,24723,40433,31641,24339,20115,13384,9588,4224,5893,526,14633,9835,8573,6843,6674,442,1730,1262,504,288,225,758,4798,3593,1582,2372,1205,-888888888,-888888888,-888888888,-888888888,-888888888,-888888888,-888888888,-888888888,-888888888,-888888888,-888888888,-888888888,-888888888,-888888888,-888888888,-888888888,-888888888,-888888888,-888888888
2014,McLean County; Kentucky,7523,4357,4357,4035,322,0,3166,4357,-888888888,3873,2004,2004,1869,670,431,1517,1075,3918,3250,303,26,63,53,223,28.3,4035,1284,519,804,481,947,4035,354,323,669,33,449,348,14,181,110,1001,146,259,148,21,149,4035,2972,694,366,3,3744,301,222,546,435,724,703,426,276,62,49,40851,52172,2677,56246,1486,16850,690,15184,227,8829,63,3017,609,2649,151,54,316,269,511,584,407,246,62,49,51013,61229,20789,1095,22846,28900,27217,41745,30192,9420,8454,6259,3676,966,2250,125,5558,4022,3733,3273,3159,195,460,289,167,107,74,122,1536,1277,730,804,259,-888888888,-888888888,-888888888,-888888888,-888888888,-888888888,-888888888,-888888888,-888888888,-888888888,-888888888,-888888888,-888888888,-888888888,-888888888,-888888888,-888888888,-888888888,-888888888
2014,Monroe County; Kentucky,8592,4530,4504,4090,414,26,4062,4504,-888888888,4291,1982,1982,1787,689,304,1617,1071,4028,3140,519,21,28,21,299,22.6,4090,1204,507,814,559,1006,4090,376,311,791,119,535,118,65,115,145,965,145,203,202,21,171,4090,2930,681,438,41,4436,656,467,777,545,591,782,288,198,109,23,30378,42894,2772,47499,1812,13868,878,18954,639,9147,85,2925,1040,2974,329,164,423,435,498,537,276,186,109,17,39313,50491,17571,1462,15047,25296,22081,33703,26412,10659,9319,6039,4838,1340,2468,84,6366,4162,3777,3248,3104,254,529,385,149,76,73,236,2204,1741,702,1243,463,-888888888,-888888888,-888888888,-888888888,-888888888,-888888888,-888888888,-888888888,-888888888,-888888888,-888888888,-888888888,-888888888,-888888888,-888888888,-888888888,-888888888,-888888888,-888888888
2014,Ohio County; Kentucky,18647,9864,9864,8979,885,0,8783,9864,-888888888,9522,4467,4467,4041,1806,778,3842,2387,8867,7085,1387,47,165,65,118,24.7,8979,2251,1579,1615,1279,2255,8979,639,669,2176,115,1060,441,17,175,380,1829,500,630,348,21,183,8979,6943,1480,556,0,8573,843,755,1287,944,1634,1462,873,571,84,120,39574,50340,5795,50091,3430,16693,1743,16821,910,8810,194,1494,1776,6306,404,260,902,694,1365,1181,791,531,84,94,43690,55178,18991,2267,17623,34137,23056,36688,26736,23635,20941,14412,9717,2694,5915,168,14039,9327,8504,7483,7093,568,1021,823,352,175,189,471,4712,3715,1658,2370,997,-888888888,-888888888,-888888888,-888888888,-888888888,-888888888,-888888888,-888888888,-888888888,-888888888,-888888888,-888888888,-888888888,-888888888,-888888888,-888888888,-888888888,-888888888,-888888888
2014,Powell County; Kentucky,9758,4375,4373,3910,463,2,5383,4373,-888888888,4919,1991,1991,1851,807,554,1998,1329,3644,2894,622,19,9,46,54,27.5,3910,1106,665,634,554,951,3910,166,344,800,68,272,235,37,84,230,985,249,229,211,21,197,3910,2933,769,203,5,4628,861,534,685,574,427,899,329,225,28,66,29141,42691,2778,49214,2012,14876,815,14780,851,8840,168,2865,1516,2917,193,124,486,429,313,793,296,213,28,42,46694,55037,16544,1711,11611,20452,23306,43384,30568,12371,10311,6101,5484,2060,3106,228,7627,4126,3711,3058,2894,243,653,415,237,143,98,178,3501,2500,866,1928,1001,-888888888,-888888888,-888888888,-888888888,-888888888,-888888888,-888888888,-888888888,-888888888,-888888888,-888888888,-888888888,-888888888,-888888888,-888888888,-888888888,-888888888,-888888888,-888888888
2014,Webster County; Kentucky,10734,5642,5642,5216,426,0,5092,5642,-888888888,5396,2461,2461,2245,1032,542,1833,1254,5136,4267,555,0,159,49,106,25.2,5216,1333,808,926,914,1235,5216,750,240,985,205,534,435,21,99,257,1067,205,234,184,21,233,5216,4201,642,349,24,5057,318,508,718,668,717,913,563,425,163,64,40852,54575,3580,57701,2130,16376,998,15327,391,9917,38,7700,659,3665,118,256,352,362,571,867,531,423,121,64,54046,64360,20983,1392,20026,28099,27066,41774,31149,13199,11260,8263,4687,1939,3106,418,8107,5351,4948,4135,3899,365,813,403,257,170,87,146,2756,2194,1149,1301,562,-888888888,-888888888,-888888888,-888888888,-888888888,-888888888,-888888888,-888888888,-888888888,-888888888,-888888888,-888888888,-888888888,-888888888,-888888888,-888888888,-888888888,-888888888,-888888888
2014,Caldwell County; Kentucky,10353,6105,6103,5454,649,2,4248,6103,-888888888,5424,3060,3060,2714,843,746,1848,1410,5314,4455,441,12,124,248,34,21.3,5454,1682,885,1205,587,1095,5454,394,308,1054,54,680,177,0,244,235,1311,350,337,310,21,033,5454,3870,1048,536,0,5320,642,365,664,680,786,1051,483,481,101,67,40135,51288,3505,57537,2100,16977,1226,16685,273,8576,93,2773,1008,3604,394,121,345,372,465,825,457,457,101,67,55357,61766,21194,1716,22873,26146,26408,41509,32083,12749,10948,7466,5260,1801,2889,103,7605,5768,5157,4160,3945,348,997,611,263,135,134,348,1837,1496,692,964,341,-888888888,-888888888,-888888888,-888888888,-888888888,-888888888,-888888888,-888888888,-888888888,-888888888,-888888888,-888888888,-888888888,-888888888,-888888888,-888888888,-888888888,-888888888,-888888888
2014,Casey County; Kentucky,12714,6318,6318,5636,682,0,6396,6318,-888888888,6465,2783,2783,2509,1144,572,2120,1122,5482,4266,718,0,40,195,263,28.3,5636,1472,780,1410,626,1348,5636,283,248,1080,148,756,357,109,206,194,1301,467,240,247,21,045,5636,4428,806,364,38,6186,832,780,1100,869,933,849,426,328,43,26,30051,39851,4120,41391,2657,14449,1002,14261,600,7317,114,2286,1385,4213,386,366,580,563,767,758,400,324,43,26,41127,48644,15949,1973,16280,20391,20353,31875,25366,15704,12661,7178,6951,3043,3647,425,9339,5790,5159,3916,3574,452,1243,631,308,135,177,323,3549,2513,1019,1665,1036,-888888888,-888888888,-888888888,-888888888,-888888888,-888888888,-888888888,-888888888,-888888888,-888888888,-888888888,-888888888,-888888888,-888888888,-888888888,-888888888,-888888888,-888888888,-888888888
2014,Christian County; Kentucky,55208,34431,27579,23768,3811,6852,20777,27579,-888888888,26438,13856,13431,11401,8188,3758,11870,6578,29388,22119,3451,105,1968,486,1259,18.1,23768,6919,4289,5259,2311,4990,23768,963,1058,4350,426,3140,927,349,1051,1299,5404,1670,1076,2055,21,047,23768,17074,5189,1434,71,25734,2622,1404,3868,3837,4180,4737,2224,1974,455,433,38720,51724,19784,51903,7123,15995,4749,20190,1639,9675,504,1394,4657,18147,1379,481,2326,2532,3144,3723,1977,1760,417,408,45464,59687,19704,7587,24143,31147,25792,32986,30139,65729,55451,43274,19505,10278,21035,1989,37216,25939,22291,17871,17033,1712,4420,3648,2146,1411,854,1502,11277,8966,5676,4085,2311,-888888888,-888888888,-888888888,-888888888,-888888888,-888888888,-888888888,-888888888,-888888888,-888888888,-888888888,-888888888,-888888888,-888888888,-888888888,-888888888,-888888888,-888888888,-888888888
2014,Grayson County; Kentucky,20415,11159,11143,9944,1199,16,9256,11143,-888888888,10285,5138,5138,4583,1744,1070,3822,1860,9784,7771,1390,12,114,109,388,26.3,9944,2732,1326,1973,1617,2296,9944,348,1266,2184,173,1325,405,111,307,319,2023,578,403,502,21,085,9944,7551,1555,820,18,9839,1089,865,1663,1460,1458,1688,666,722,107,121,33788,48848,6736,51861,3848,14737,1891,18044,1017,8237,210,2537,2007,6860,502,434,971,842,1119,1491,628,682,107,84,43212,56931,19404,2979,21069,29282,23340,39041,30080,25544,21411,14628,10187,4133,6246,540,15387,10350,9244,7431,7092,578,1813,1106,620,357,339,486,5037,3752,2059,2175,1285,-888888888,-888888888,-888888888,-888888888,-888888888,-888888888,-888888888,-888888888,-888888888,-888888888,-888888888,-888888888,-888888888,-888888888,-888888888,-888888888,-888888888,-888888888,-888888888
2014,Henry County; Kentucky,12132,7564,7564,6915,649,0,4568,7564,-888888888,6305,3662,3662,3294,926,605,2274,1689,6703,5514,805,13,97,69,205,30.3,6915,1850,1392,1375,785,1513,6915,294,575,1218,109,846,430,99,380,381,1327,496,260,500,21,103,6915,5229,996,682,8,5984,534,483,746,577,1022,1184,653,558,166,61,44764,54102,4547,54207,2100,15773,1270,19164,506,9893,236,3983,1025,4310,196,306,471,356,734,929,566,535,164,53,52018,62119,21288,1674,22036,30651,26491,40919,31195,15353,13490,10101,5545,1863,3730,178,9369,6981,6372,5399,5202,290,973,609,274,132,156,335,2388,2026,1099,1259,362,-888888888,-888888888,-888888888,-888888888,-888888888,-888888888,-888888888,-888888888,-888888888,-888888888,-888888888,-888888888,-888888888,-888888888,-888888888,-888888888,-888888888,-888888888,-888888888
2014,Hopkins County; Kentucky,37057,21349,21318,19539,1779,31,15708,21318,-888888888,19239,10102,10102,9435,3482,2381,6476,4424,19276,16838,1468,5,397,252,316,21.5,19539,5734,3596,4351,2448,3410,19539,1662,1057,2623,609,2402,696,133,931,947,4973,1274,1249,983,21,107,19539,15213,3129,1167,30,18533,1728,1377,2437,2047,3027,3560,1956,1844,302,255,42404,54820,12912,57876,6879,16922,4127,18781,1450,9818,363,2577,3141,12443,803,402,1235,1091,2146,2854,1730,1687,277,218,54414,64946,22632,6090,22293,32093,26844,47034,30542,45743,39479,29846,15703,6264,10746,978,27967,20064,18456,15727,15030,1030,2729,1608,559,335,263,1049,7903,6403,3487,3680,1500,-888888888,-888888888,-888888888,-888888888,-888888888,-888888888,-888888888,-888888888,-888888888,-888888888,-888888888,-888888888,-888888888,-888888888,-888888888,-888888888,-888888888,-888888888,-888888888
2014,Laurel County; Kentucky,46768,25045,25013,21792,3221,32,21723,25013,-888888888,24092,12272,12272,10841,4570,2546,8692,5047,21131,17724,2443,33,231,172,528,20.1,21792,5490,3552,6414,1807,4529,21792,333,1060,3146,594,3344,1383,481,870,2032,4765,1637,1142,1005,21,125,21792,17383,3252,1143,14,23184,2481,2185,3363,3312,3596,4408,1905,1288,329,317,35746,49240,15586,53854,9306,15514,3926,19438,2811,8748,399,2167,5165,16500,1408,1031,1878,2436,2699,3473,1755,1202,307,311,41797,57330,19375,6684,19695,26554,25070,37913,28111,58843,48550,30360,24937,10293,14246,963,36662,23922,20926,16495,15576,1289,4431,2996,1099,508,619,1897,12740,9755,3980,7012,2985,-888888888,-888888888,-888888888,-888888888,-888888888,-888888888,-888888888,-888888888,-888888888,-888888888,-888888888,-888888888,-888888888,-888888888,-888888888,-888888888,-888888888,-888888888,-888888888
2014,Marshall County; Kentucky,25682,14216,14177,13059,1118,39,11466,14177,-888888888,13163,6669,6654,6148,1902,1543,4009,2807,12898,10946,1130,52,147,134,489,21.2,13059,3868,2456,2933,1474,2328,13059,195,921,1729,315,1417,1130,265,572,778,3295,1137,824,481,21,157,13059,10058,2105,880,16,12426,819,721,1592,1618,2203,2233,1473,1267,323,177,44539,57401,8486,60156,5622,18330,3132,18085,647,9758,200,1374,1365,9060,261,288,678,1069,1774,1945,1449,1146,316,134,56089,67037,23595,3366,21488,29384,27404,40520,31256,30684,27825,21023,11709,2859,6397,240,18281,13196,12132,10553,10176,687,1579,1064,498,321,177,566,5085,4611,2505,2622,474,-888888888,-888888888,-888888888,-888888888,-888888888,-888888888,-888888888,-888888888,-888888888,-888888888,-888888888,-888888888,-888888888,-888888888,-888888888,-888888888,-888888888,-888888888,-888888888
2014,Montgomery County; Kentucky,21165,12246,12209,10602,1607,37,8919,12209,-888888888,11066,5577,5577,4892,2045,1387,4139,2619,10413,8884,1200,6,107,51,165,24.0,10602,3081,1247,2495,1284,2495,10602,163,708,2723,162,1510,504,169,405,400,2169,726,432,531,21,173,10602,8051,1958,570,23,10288,1346,742,1406,1327,1569,1650,1092,808,152,196,38373,53067,7089,59154,3462,14305,1905,23848,1059,8549,213,2397,2226,6935,638,333,905,889,1042,1123,952,715,150,188,45789,62434,21057,3353,21901,30544,27296,41582,32945,26598,22921,16344,10014,3677,6514,170,16449,11573,10045,8462,8211,522,1583,1528,789,517,326,739,4876,3691,1606,2454,1185,-888888888,-888888888,-888888888,-888888888,-888888888,-888888888,-888888888,-888888888,-888888888,-888888888,-888888888,-888888888,-888888888,-888888888,-888888888,-888888888,-888888888,-888888888,-888888888
2014,Nicholas County; Kentucky,5651,3303,3293,3086,207,10,2348,3293,-888888888,2860,1514,1514,1403,430,319,1063,739,3027,2525,343,0,36,0,123,32.1,3086,862,564,631,418,611,3086,166,251,596,3,263,175,13,105,292,729,182,122,189,21,181,3086,2383,491,201,11,2861,315,210,389,303,451,579,296,220,73,25,41996,51839,2127,54462,1009,14566,631,16477,233,7852,48,3869,488,2026,109,81,227,192,408,447,244,220,73,25,49815,61631,21276,835,18281,26989,27369,42417,30659,6948,5813,4286,2421,1135,1645,141,4240,3092,2893,2411,2311,196,482,199,76,61,31,123,1148,770,440,411,378,-888888888,-888888888,-888888888,-888888888,-888888888,-888888888,-888888888,-888888888,-888888888,-888888888,-888888888,-888888888,-888888888,-888888888,-888888888,-888888888,-888888888,-888888888,-888888888
2014,Owen County; Kentucky,8436,4864,4864,4415,449,0,3572,4864,-888888888,4328,2279,2279,2111,757,465,1784,1335,4270,3383,526,6,21,60,274,28.9,4415,1202,794,814,542,1063,4415,176,223,884,41,444,440,39,147,300,990,257,176,298,21,187,4415,3167,874,368,6,4355,379,313,645,477,734,791,511,380,65,60,40995,54302,3138,54954,1653,15295,1024,16709,360,8287,103,1310,734,2986,154,99,318,280,526,696,444,372,65,32,52633,62585,22346,1369,20665,34757,26853,41598,30286,10717,9433,7107,3656,1284,2594,181,6459,4611,4170,3639,3526,138,531,441,266,209,69,175,1848,1451,718,883,397,-888888888,-888888888,-888888888,-888888888,-888888888,-888888888,-888888888,-888888888,-888888888,-888888888,-888888888,-888888888,-888888888,-888888888,-888888888,-888888888,-888888888,-888888888,-888888888
2014,Scott County; Kentucky,37457,26537,26523,24481,2042,14,10920,26523,-888888888,19212,12495,12495,11279,4165,3015,8013,6033,24213,20231,2481,24,443,210,824,21.8,24481,8848,3611,4845,1933,5244,24481,624,965,5663,608,2643,1090,216,819,1875,5402,2213,1227,1136,21,209,24481,19485,3757,1198,41,18306,1251,841,1108,1569,2600,3719,2908,3006,691,613,62134,73750,14981,74983,4675,16917,3434,22472,1000,9536,419,2163,2594,13212,611,249,621,865,1707,2762,2449,2722,666,560,73121,84991,27906,5094,33919,40894,32374,51769,40191,48908,44399,36592,12150,4509,12932,412,31163,24972,23049,20370,19697,1106,2679,1923,1190,787,436,733,6191,5539,3751,2283,652,-888888888,-888888888,-888888888,-888888888,-888888888,-888888888,-888888888,-888888888,-888888888,-888888888,-888888888,-888888888,-888888888,-888888888,-888888888,-888888888,-888888888,-888888888,-888888888
2014,Warren County; Kentucky,93288,61596,61568,55986,5582,28,31692,61568,-888888888,48273,29945,29945,27462,8612,5746,16232,11582,54401,44836,5761,209,1668,590,1337,18.8,55986,18260,9770,14228,4270,9458,55986,637,2808,8852,1405,8002,2601,1014,1837,4228,14800,5684,2632,1486,21,227,55986,44059,9147,2705,75,44923,4024,3144,5321,5092,6571,8313,5461,4723,1319,955,45209,61608,35730,61565,12259,16842,7307,20709,2373,8920,835,3564,6416,28830,1756,1278,2132,2635,3945,6149,4531,4352,1178,874,60674,75931,24012,16093,26327,34040,22921,43428,32362,115958,100323,79880,32272,15635,26423,1554,76531,58621,53378,45046,43444,2416,8332,5243,3207,2306,995,2036,17910,14259,9323,6078,3651,-888888888,-888888888,-888888888,-888888888,-888888888,-888888888,-888888888,-888888888,-888888888,-888888888,-888888888,-888888888,-888888888,-888888888,-888888888,-888888888,-888888888,-888888888,-888888888
2014,Bourbon County; Kentucky,15856,9815,9815,8751,1064,0,6041,9815,-888888888,8221,4633,4633,4134,1307,975,3011,2040,8588,6713,1077,20,222,42,514,22.5,8751,2699,1480,1931,1185,1456,8751,1131,533,1335,205,947,304,169,417,489,1671,645,480,425,21,017,8751,6923,1203,614,11,7782,719,635,998,871,1189,1273,1002,671,260,164,43521,57831,5827,58070,2761,15862,1824,17414,611,10552,223,3850,1493,5304,293,249,561,655,822,931,846,546,253,148,52400,66908,23267,2478,23668,36422,26805,39521,32008,19718,16932,12617,6988,2786,4685,195,11866,8939,7974,6601,6368,326,1373,965,507,363,153,458,2927,2169,1156,1347,758,-888888888,-888888888,-888888888,-888888888,-888888888,-888888888,-888888888,-888888888,-888888888,-888888888,-888888888,-888888888,-888888888,-888888888,-888888888,-888888888,-888888888,-888888888,-888888888
2014,Boyd County; Kentucky,39905,20724,20698,18343,2355,26,19181,20698,-888888888,20211,9857,9857,8833,3079,2206,6175,4326,18049,14985,1934,16,650,207,257,20.9,18343,6200,2982,4829,1728,2604,18343,152,1120,1637,542,2508,1218,410,552,1483,5386,1805,892,638,21,019,18343,14766,2605,930,42,19533,2005,1549,2484,2280,2916,3391,2038,1978,404,488,41739,60484,12948,62733,8111,18058,5151,22949,1608,9151,464,4316,3715,13291,816,609,1054,1619,1928,2741,1861,1826,381,456,53793,73161,24446,6242,19104,31099,25417,47192,31796,47079,40743,28294,19725,6336,10396,558,28562,19573,17369,14412,13357,1481,2957,2204,970,465,550,1234,8989,7445,3692,4935,1544,-888888888,-888888888,-888888888,-888888888,-888888888,-888888888,-888888888,-888888888,-888888888,-888888888,-888888888,-888888888,-888888888,-888888888,-888888888,-888888888,-888888888,-888888888,-888888888
2014,Crittenden County; Kentucky,7320,3811,3811,3467,344,0,3509,3811,-888888888,3676,1725,1725,1612,675,385,1320,729,3386,2694,464,16,88,7,117,25.0,3467,923,567,638,590,749,3467,368,248,474,44,426,278,45,218,90,811,156,127,182,21,055,3467,2671,509,287,0,3812,452,346,569,612,337,652,452,268,76,48,33356,49656,2531,51622,1631,16467,863,22352,212,7631,62,6255,464,2482,172,150,273,389,237,475,421,256,76,33,51724,60178,20548,1330,22188,28618,23416,48566,24450,9079,7455,5334,3550,1624,2132,362,5261,3538,3226,2567,2446,251,659,312,161,83,78,151,1723,1298,743,689,425,-888888888,-888888888,-888888888,-888888888,-888888888,-888888888,-888888888,-888888888,-888888888,-888888888,-888888888,-888888888,-888888888,-888888888,-888888888,-888888888,-888888888,-888888888,-888888888
2014,Fayette County; Kentucky,246175,168494,168314,154890,13424,180,77681,168314,-888888888,126333,81005,80950,74854,21304,15138,38579,29414,152309,120481,14798,2822,5767,2515,5926,19.8,154890,65863,28987,36100,9998,13942,154890,3489,7079,13315,3917,17393,5027,3068,7961,16902,46520,17095,7372,5752,21,067,154890,120437,27061,7221,171,124101,11714,7463,14411,13124,16847,20894,13836,14832,5458,5522,48667,69679,102046,69197,28787,16692,19186,25024,5730,8518,2227,4452,15711,71151,3757,2354,5995,5938,8676,12420,10176,12400,4635,4800,67638,88980,29168,52950,30534,41972,26357,47039,38091,299164,259957,213614,74873,39207,64260,3414,202658,159921,147381,124265,119696,6853,23116,12540,6686,4956,1975,5854,42737,36082,26541,12033,6655,-888888888,-888888888,-888888888,-888888888,-888888888,-888888888,-888888888,-888888888,-888888888,-888888888,-888888888,-888888888,-888888888,-888888888,-888888888,-888888888,-888888888,-888888888,-888888888
2014,Johnson County; Kentucky,18584,8037,8037,7265,772,0,10547,8037,-888888888,9567,3547,3547,3241,1490,660,3152,1306,6974,5954,711,31,151,17,110,27.2,7265,2014,1231,1950,1182,888,7265,649,511,261,186,1068,436,124,186,499,1840,571,302,632,21,115,7265,5396,1541,328,0,9134,1169,955,1282,1157,1440,1645,770,460,155,101,35026,46104,5386,53291,3997,16216,1651,16372,1503,8968,429,2452,2532,6643,545,547,776,842,1159,1405,694,448,155,72,43049,52190,18380,2491,16455,27567,27251,44897,31424,22972,19970,11335,11197,3002,5274,94,14300,7610,6869,5737,5199,670,1132,741,372,187,185,369,6690,5283,1780,3863,1407,-888888888,-888888888,-888888888,-888888888,-888888888,-888888888,-888888888,-888888888,-888888888,-888888888,-888888888,-888888888,-888888888,-888888888,-888888888,-888888888,-888888888,-888888888,-888888888
2014,Menifee County; Kentucky,5121,2504,2490,2076,414,14,2617,2490,-888888888,2488,1237,1237,1015,364,249,735,488,2035,1635,248,58,20,9,65,35.6,2076,428,480,330,235,603,2076,74,152,492,7,213,155,4,70,85,497,65,56,206,21,165,2076,1442,520,114,0,2404,360,233,376,397,283,413,166,149,12,15,30313,41073,1503,46472,973,14999,413,17836,336,7771,28,1361,693,1716,241,149,237,229,154,379,163,137,12,15,35185,46653,16464,688,22443,26238,26607,40704,30625,6246,5371,2944,3099,875,1455,21,3871,2296,1921,1626,1543,112,295,375,140,67,73,235,1575,1251,366,957,324,-888888888,-888888888,-888888888,-888888888,-888888888,-888888888,-888888888,-888888888,-888888888,-888888888,-888888888,-888888888,-888888888,-888888888,-888888888,-888888888,-888888888,-888888888,-888888888
2014,Morgan County; Kentucky,11109,4358,4358,3937,421,0,6751,4358,-888888888,4852,2009,2009,1876,695,297,1780,952,3799,3218,357,0,88,20,116,31.7,3937,1145,755,804,632,601,3937,244,380,306,59,615,189,116,143,139,983,148,130,485,21,175,3937,2533,1133,258,13,4841,631,547,932,528,730,604,327,415,106,21,29730,44334,2978,49681,2071,15213,922,22336,754,8435,148,2382,1544,3586,279,277,669,399,610,548,296,397,106,5,37821,50383,16379,1255,14635,25890,20437,32638,29821,11833,10227,5712,5805,1606,2696,155,7273,4176,3781,3140,2849,431,641,395,171,72,99,224,3097,2533,994,1761,564,-888888888,-888888888,-888888888,-888888888,-888888888,-888888888,-888888888,-888888888,-888888888,-888888888,-888888888,-888888888,-888888888,-888888888,-888888888,-888888888,-888888888,-888888888,-888888888
2014,Perry County; Kentucky,22848,11061,11061,9559,1502,0,11787,11061,-888888888,11833,5227,5227,4549,1970,885,3261,2075,9130,7717,733,23,214,204,239,21.5,9559,2949,1702,2554,1189,1165,9559,935,493,218,279,1411,548,116,336,429,3222,691,377,504,21,193,9559,7287,1867,405,0,11005,1657,1137,1668,1284,1421,1932,853,741,149,163,32302,46967,6823,54902,4476,15676,1699,16652,1436,8880,399,2395,3520,7792,953,491,1103,980,1047,1474,809,645,144,146,41454,53889,18606,3213,17284,28846,26023,43281,28051,27684,22875,13209,12313,4809,6094,411,17897,10539,9118,7435,6936,668,1683,1421,700,333,374,721,7358,5364,1472,4187,1994,-888888888,-888888888,-888888888,-888888888,-888888888,-888888888,-888888888,-888888888,-888888888,-888888888,-888888888,-888888888,-888888888,-888888888,-888888888,-888888888,-888888888,-888888888,-888888888
2014,Pulaski County; Kentucky,50918,28072,28072,25443,2629,0,22846,28072,-888888888,26334,13585,13585,12503,4191,2425,8779,5890,24989,20940,2863,63,384,258,481,20.1,25443,7356,4784,7113,2476,3714,25443,631,1917,3044,816,3948,1156,252,1010,1522,6579,2037,1257,1274,21,199,25443,19882,4026,1475,60,26052,4287,1999,4100,3076,3792,4053,2191,1651,344,559,33425,48651,17205,54394,10121,14486,5350,16822,2715,8622,630,2686,5345,17671,1875,843,2398,2004,2882,3449,1899,1475,328,518,43269,58656,20348,8381,16833,25970,23289,35188,29532,62706,54238,37802,26918,8468,14313,666,38003,26297,23908,19449,18243,1994,4459,2389,1158,513,768,1231,11706,9594,4542,6379,2112,-888888888,-888888888,-888888888,-888888888,-888888888,-888888888,-888888888,-888888888,-888888888,-888888888,-888888888,-888888888,-888888888,-888888888,-888888888,-888888888,-888888888,-888888888,-888888888
2014,Clay County; Kentucky,17461,6865,6865,5712,1153,0,10596,6865,-888888888,8036,3050,3050,2597,1456,800,2491,1104,5502,4473,746,20,129,51,83,27.0,5712,1591,900,1467,750,1004,5712,325,425,645,106,734,281,137,168,251,1711,253,134,542,21,051,5712,3804,1538,338,32,7652,1686,917,1430,829,893,959,517,345,36,40,22626,36715,3979,47055,3342,14201,1123,15193,1843,8356,267,2642,2734,5280,804,425,1051,556,767,824,456,321,36,40,31280,43698,14574,2372,13343,19027,20207,32312,29250,19750,16991,8330,10323,2759,4484,272,12630,6564,5488,4598,4173,507,890,1076,571,228,361,505,6066,4991,1378,4043,1075,-888888888,-888888888,-888888888,-888888888,-888888888,-888888888,-888888888,-888888888,-888888888,-888888888,-888888888,-888888888,-888888888,-888888888,-888888888,-888888888,-888888888,-888888888,-888888888
2014,Adair County; Kentucky,15537,8331,8331,7451,880,0,7206,8331,-888888888,7901,3763,3763,3359,1121,682,2520,1575,7267,5980,814,43,148,53,229,24.1,7451,2060,1166,1644,687,1894,7451,278,548,1603,140,1124,328,86,210,281,1905,357,293,298,21,001,7451,5567,1086,774,24,7124,906,646,1204,847,989,1261,620,499,89,63,34490,45204,4555,50563,2982,14605,1185,19744,742,7492,114,2241,1336,4871,293,270,759,434,876,1150,520,426,89,54,46610,54046,17772,2253,15606,24240,22374,33862,28872,18760,15560,10406,7338,3200,3954,471,11859,7878,7066,5675,5271,564,1391,812,302,138,164,510,3981,3153,1616,1825,828,-888888888,-888888888,-888888888,-888888888,-888888888,-888888888,-888888888,-888888888,-888888888,-888888888,-888888888,-888888888,-888888888,-888888888,-888888888,-888888888,-888888888,-888888888,-888888888
2014,Breathitt County; Kentucky,11170,4900,4900,4337,563,0,6270,4900,-888888888,5608,2202,2202,2035,863,456,1687,799,4202,3193,648,32,144,111,74,28.0,4337,1178,1065,950,554,590,4337,242,250,226,87,524,216,44,188,234,1425,208,224,469,21,025,4337,2926,1176,235,0,5434,902,592,1090,730,571,865,343,242,76,23,26094,37757,2977,44442,2325,13685,985,19149,1289,8875,222,2843,1967,3647,328,275,732,556,424,715,302,227,65,23,33533,44911,15574,1787,13302,20197,21716,36844,25951,13496,11440,5442,7157,2056,2911,116,8684,4661,4118,3302,2876,545,816,543,227,116,118,316,4023,3221,881,2562,802,-888888888,-888888888,-888888888,-888888888,-888888888,-888888888,-888888888,-888888888,-888888888,-888888888,-888888888,-888888888,-888888888,-888888888,-888888888,-888888888,-888888888,-888888888,-888888888
2014,Graves County; Kentucky,29286,16923,16900,15457,1443,23,12363,16900,-888888888,15093,7919,7919,7223,3005,1855,5359,3504,15198,12460,1445,76,164,208,845,21.9,15457,4108,3072,3388,1855,3034,15457,763,1005,2395,269,1812,1041,231,592,982,3834,1074,831,628,21,083,15457,11448,2462,1539,8,14284,1390,1118,2181,1674,2324,2294,1517,1159,280,347,39529,53657,9882,56189,5541,16832,2991,17615,828,9361,294,4010,2258,9905,636,263,1196,906,1843,1953,1386,1111,279,332,51250,65751,21367,4379,19341,25098,25051,42980,30178,37017,31733,22561,13881,5284,9070,571,21888,15843,14485,11840,11259,907,2645,1358,463,250,228,895,6045,4890,2511,2910,1155,-888888888,-888888888,-888888888,-888888888,-888888888,-888888888,-888888888,-888888888,-888888888,-888888888,-888888888,-888888888,-888888888,-888888888,-888888888,-888888888,-888888888,-888888888,-888888888
2014,Hart County; Kentucky,14406,7751,7741,6950,791,10,6655,7741,-888888888,7288,3339,3339,2898,1307,554,2918,1510,6807,5133,1005,40,193,102,334,27.2,6950,1470,1318,1256,1071,1835,6950,360,661,1600,156,624,439,97,250,405,1235,497,312,314,21,099,6950,4826,1082,1020,22,7135,961,593,1154,883,1164,1255,547,424,100,54,34771,46392,4870,48548,2600,15114,1502,17074,867,8455,203,1892,1492,5136,497,325,615,585,937,1114,512,408,95,48,43622,53539,18289,1999,18045,25794,22328,34148,27546,18156,14990,9667,7546,3166,4549,544,10898,7148,6421,5124,4848,394,1297,727,373,216,157,354,3750,2786,1145,1957,964,-888888888,-888888888,-888888888,-888888888,-888888888,-888888888,-888888888,-888888888,-888888888,-888888888,-888888888,-888888888,-888888888,-888888888,-888888888,-888888888,-888888888,-888888888,-888888888
2014,Butler County; Kentucky,10198,5566,5566,4970,596,0,4632,5566,-888888888,5100,2409,2409,2205,834,427,1856,1079,4875,4036,569,8,49,126,87,27.5,4970,1288,614,1221,733,1114,4970,199,452,1282,130,484,215,72,260,294,951,186,189,256,21,031,4970,3728,628,567,47,5107,817,479,626,659,768,907,468,243,120,20,34581,44170,3370,49199,1985,14957,968,16665,486,7990,136,1825,1060,3447,314,199,446,375,605,711,434,235,108,20,45176,53220,18747,1660,15026,24078,25511,38354,27610,12589,10816,6819,5276,1773,2920,140,7631,5295,4734,3865,3643,239,869,561,284,166,143,277,2336,1849,828,1154,487,-888888888,-888888888,-888888888,-888888888,-888888888,-888888888,-888888888,-888888888,-888888888,-888888888,-888888888,-888888888,-888888888,-888888888,-888888888,-888888888,-888888888,-888888888,-888888888
2014,Trimble County; Kentucky,6994,4232,4232,3695,537,0,2762,4232,-888888888,3517,1815,1815,1544,536,300,1344,770,3574,3034,398,0,5,48,89,30.3,3695,923,547,661,606,958,3695,114,264,852,153,240,351,35,143,162,881,218,190,92,21,223,3695,3026,404,265,0,3578,342,141,354,551,496,680,625,330,50,9,47119,55275,2716,54786,1165,15881,857,17234,215,9892,44,1675,454,2505,205,16,181,334,347,586,482,295,50,9,57738,63238,22804,1073,28734,35407,29574,48879,30529,8807,7522,6106,2448,1285,2164,143,5361,4004,3516,3026,2935,163,490,488,161,70,91,327,1357,1032,673,464,325,-888888888,-888888888,-888888888,-888888888,-888888888,-888888888,-888888888,-888888888,-888888888,-888888888,-888888888,-888888888,-888888888,-888888888,-888888888,-888888888,-888888888,-888888888,-888888888
2014,Harrison County; Kentucky,14813,8374,8374,7662,712,0,6439,8374,-888888888,7681,3948,3948,3632,1127,757,2729,1997,7487,6193,853,0,158,105,178,26.8,7662,1811,1360,1967,689,1835,7662,258,504,1905,105,974,402,58,393,473,1666,377,354,193,21,097,7662,6098,1006,544,14,7257,870,699,899,1069,942,1010,958,566,143,101,35957,52433,4846,61073,2734,14742,1448,17357,485,8849,214,2161,1128,4619,317,314,474,600,655,788,798,446,143,84,48381,62429,21488,2638,21429,32517,26445,44395,30534,18442,15547,11071,6421,2895,4374,389,11261,7974,7342,5923,5516,558,1419,632,288,165,123,344,3287,2563,1268,1504,724,-888888888,-888888888,-888888888,-888888888,-888888888,-888888888,-888888888,-888888888,-888888888,-888888888,-888888888,-888888888,-888888888,-888888888,-888888888,-888888888,-888888888,-888888888,-888888888
2014,Hickman County; Kentucky,3855,1989,1989,1735,254,0,1866,1989,-888888888,2070,981,981,908,271,163,619,469,1725,1470,89,0,19,36,111,20.5,1735,499,325,334,256,321,1735,216,115,254,45,181,116,11,54,100,409,60,92,82,21,105,1735,1290,257,188,0,1992,97,140,407,264,355,417,197,96,7,12,42256,45833,1303,46658,968,16057,580,15611,118,8019,22,1532,235,1267,54,65,118,138,289,335,162,90,4,12,48845,54344,20051,725,22565,30655,25768,39979,31201,4590,3866,2661,1930,724,981,52,2682,1869,1617,1300,1231,77,317,252,52,19,33,200,813,658,384,407,155,-888888888,-888888888,-888888888,-888888888,-888888888,-888888888,-888888888,-888888888,-888888888,-888888888,-888888888,-888888888,-888888888,-888888888,-888888888,-888888888,-888888888,-888888888,-888888888
2014,Lyon County; Kentucky,7369,2953,2953,2721,232,0,4416,2953,-888888888,3277,1204,1204,1080,338,220,841,584,2677,2293,223,7,93,16,45,21.9,2721,684,608,674,282,473,2721,93,263,434,31,390,121,44,62,199,430,174,142,338,21,143,2721,1952,602,163,4,3263,247,203,452,457,523,547,340,374,87,33,43715,55456,2022,53874,1476,18282,1007,25831,225,8300,26,1523,355,1913,52,47,229,187,331,356,307,300,75,29,56884,68341,23621,1350,29583,36971,22917,45269,27104,7077,6372,5217,2790,705,1221,51,4126,2814,2596,2231,2207,66,365,218,175,171,10,43,1312,1066,726,587,246,-888888888,-888888888,-888888888,-888888888,-888888888,-888888888,-888888888,-888888888,-888888888,-888888888,-888888888,-888888888,-888888888,-888888888,-888888888,-888888888,-888888888,-888888888,-888888888
2014,Wayne County; Kentucky,16731,8145,8145,6889,1256,0,8586,8145,-888888888,8448,3791,3791,3292,1266,729,2732,1565,6788,5489,778,18,256,41,206,21.3,6889,1534,1301,1257,1040,1757,6889,497,364,1627,123,721,307,116,275,158,1763,432,282,224,21,231,6889,5175,1176,516,22,8004,1253,823,1341,1182,1386,1086,480,379,34,40,29295,38890,4893,40069,3524,15539,1461,17023,1155,9313,253,2179,2329,5450,643,279,892,787,991,965,460,359,34,40,36225,46485,15935,2554,16266,21730,20955,31466,26356,20438,17253,9826,10234,3185,4494,178,12383,7411,6185,4927,4531,613,1258,1226,493,298,212,733,4972,3956,1272,3031,1016,-888888888,-888888888,-888888888,-888888888,-888888888,-888888888,-888888888,-888888888,-888888888,-888888888,-888888888,-888888888,-888888888,-888888888,-888888888,-888888888,-888888888,-888888888,-888888888
2014,Lewis County; Kentucky,10987,5047,5047,4465,582,0,5940,5047,-888888888,5532,2331,2331,2095,884,370,2025,1237,4324,3183,671,59,90,123,198,32.3,4465,1188,701,632,897,1047,4465,365,614,881,38,346,247,74,109,139,1130,183,196,143,21,135,4465,3220,728,517,0,5222,1005,505,839,769,623,595,462,371,31,22,27707,39883,3254,44392,2243,14042,994,16609,721,8478,199,1935,1500,3705,359,351,574,533,506,544,429,356,31,22,36431,47927,15764,1517,13205,19457,22412,35575,28116,13698,11314,6837,6050,2384,3228,387,8362,4759,4195,3293,3038,343,902,564,393,258,159,171,3603,2695,1007,1880,908,-888888888,-888888888,-888888888,-888888888,-888888888,-888888888,-888888888,-888888888,-888888888,-888888888,-888888888,-888888888,-888888888,-888888888,-888888888,-888888888,-888888888,-888888888,-888888888
2014,Trigg County; Kentucky,11460,5920,5905,5461,444,15,5540,5905,-888888888,5863,2827,2827,2597,915,570,2085,1436,5442,4593,490,0,177,36,146,24.9,5461,1828,719,1328,437,1149,5461,328,379,960,78,635,282,100,267,320,1271,379,154,308,21,221,5461,4036,1057,328,40,6055,435,331,883,717,930,1207,769,590,95,98,45303,58252,4068,57774,2571,17506,1800,23109,466,6460,103,4059,702,4213,162,74,465,453,738,952,662,543,95,69,55414,68044,24982,1842,22389,33832,30088,41344,32536,14178,11716,9278,4832,2462,3225,553,8151,5484,5117,4082,3968,248,1035,367,192,132,75,175,2667,1979,1352,918,688,-888888888,-888888888,-888888888,-888888888,-888888888,-888888888,-888888888,-888888888,-888888888,-888888888,-888888888,-888888888,-888888888,-888888888,-888888888,-888888888,-888888888,-888888888,-888888888
2014,Woodford County; Kentucky,19950,13533,13512,12668,844,21,6417,13512,-888888888,10453,6291,6291,5839,1574,1137,4035,3039,12411,10008,1340,35,306,131,591,22.4,12668,4811,1691,2812,1881,1473,12668,1492,743,1641,137,1483,334,186,583,1162,2555,878,687,787,21,239,12668,9918,1818,918,14,9716,626,313,967,1061,1212,1946,1405,1407,356,423,58639,75810,7823,74879,2809,17705,1895,22599,466,8370,176,3468,1182,6633,246,99,493,517,694,1381,1136,1348,341,378,73204,90942,29995,3083,32696,42063,30460,47340,38609,25022,21917,18312,6871,3105,5839,280,15547,12428,11686,9825,9563,471,1861,742,447,218,240,295,3119,2450,1744,935,669,-888888888,-888888888,-888888888,-888888888,-888888888,-888888888,-888888888,-888888888,-888888888,-888888888,-888888888,-888888888,-888888888,-888888888,-888888888,-888888888,-888888888,-888888888,-888888888
2014,Leslie County; Kentucky,8971,3571,3560,3226,334,11,5400,3560,-888888888,4644,1624,1624,1530,672,262,1510,674,3091,2614,383,58,36,0,0,30.5,3226,844,585,594,748,455,3226,873,210,113,16,318,64,23,110,150,1114,23,121,91,21,131,3226,2504,586,133,3,4212,913,298,797,312,617,513,390,279,67,26,29156,41091,2272,53289,1665,14364,919,14581,723,7304,63,2176,1032,2930,294,162,569,237,527,455,390,222,48,26,39877,48908,16708,1282,9952,18516,32816,47330,30800,10901,9198,5385,4847,1703,2419,59,6898,3403,3088,2607,2475,167,481,315,100,74,26,215,3495,2547,982,1875,948,-888888888,-888888888,-888888888,-888888888,-888888888,-888888888,-888888888,-888888888,-888888888,-888888888,-888888888,-888888888,-888888888,-888888888,-888888888,-888888888,-888888888,-888888888,-888888888
2014,Jessamine County; Kentucky,38674,25243,25243,22946,2297,0,13431,25243,-888888888,20091,11985,11985,11064,3925,2494,7943,5369,22243,17959,2519,55,545,66,1099,23.6,22946,7858,4526,5307,2509,2746,22946,444,1983,2445,858,3009,1123,128,936,1808,6327,1956,1251,678,21,113,22946,18206,3122,1542,76,18120,1511,954,1913,2163,2510,3555,2063,2070,656,725,50057,70087,14617,69872,5282,18339,3108,21563,1138,8042,398,3294,3006,13636,970,574,1139,1337,1766,2782,1878,1893,643,654,59737,79893,26235,4484,27245,36770,25276,44273,33553,48999,42602,33622,14419,6397,12491,795,30697,23270,21211,17650,17024,1100,3561,2059,1164,677,511,895,7427,6325,3918,3014,1102,-888888888,-888888888,-888888888,-888888888,-888888888,-888888888,-888888888,-888888888,-888888888,-888888888,-888888888,-888888888,-888888888,-888888888,-888888888,-888888888,-888888888,-888888888,-888888888
2014,Lawrence County; Kentucky,12569,5983,5983,5508,475,0,6586,5983,-888888888,6451,2773,2773,2632,1058,465,2342,1414,5364,4358,659,9,71,113,154,33.8,5508,1341,951,1331,865,1020,5508,573,312,312,94,767,603,66,208,294,1112,587,204,376,21,127,5508,4231,1031,239,7,5940,738,691,957,487,848,1069,638,377,87,48,36225,48499,3639,52944,2618,16439,1305,21138,775,7861,122,1589,1454,4264,300,320,609,379,677,965,521,365,87,41,45445,53954,19037,1676,15207,31847,25821,48174,26343,15739,13363,8468,6457,2376,3637,78,9851,5778,5317,4241,3947,432,1076,461,146,65,81,315,4073,3166,1350,2114,907,-888888888,-888888888,-888888888,-888888888,-888888888,-888888888,-888888888,-888888888,-888888888,-888888888,-888888888,-888888888,-888888888,-888888888,-888888888,-888888888,-888888888,-888888888,-888888888
2014,Livingston County; Kentucky,7713,4101,4101,3776,325,0,3612,4101,-888888888,3922,1871,1871,1714,546,296,1263,599,3600,3139,304,21,37,14,85,28.2,3776,767,742,730,833,704,3776,257,352,384,93,473,285,9,152,113,913,318,317,110,21,139,3776,3026,511,239,0,3708,366,232,636,489,541,619,390,339,73,23,40580,50455,2504,52427,1632,16822,823,18439,367,10242,116,2443,557,2710,128,124,352,300,438,584,350,338,73,23,50328,59917,20700,998,19904,23298,25748,46902,29885,9359,8094,6001,3637,1265,1955,59,5648,3801,3497,2943,2830,207,554,304,110,94,34,194,1847,1389,852,764,458,-888888888,-888888888,-888888888,-888888888,-888888888,-888888888,-888888888,-888888888,-888888888,-888888888,-888888888,-888888888,-888888888,-888888888,-888888888,-888888888,-888888888,-888888888,-888888888
2014,McCracken County; Kentucky,52679,31174,31128,28883,2245,46,21505,31128,-888888888,27676,14836,14814,13814,4487,3231,9131,6424,28388,24700,2162,127,282,352,765,17.3,28883,9113,5566,7349,2740,4115,28883,537,1681,2936,921,3901,1659,366,1169,2788,7070,3211,1749,895,21,145,28883,23302,3648,1864,69,27409,2728,1885,3678,3097,3939,4918,2442,3286,725,711,43650,61215,19277,64025,10383,16578,5815,20959,1793,7985,531,1301,4425,17475,1234,686,1560,1619,2549,3577,2101,2782,725,642,56543,76064,26571,9934,23881,33045,26332,48160,30851,64425,56467,42412,22834,7958,14435,496,39138,29201,27128,22494,21221,1729,4634,2073,986,770,250,1087,9937,8211,4609,4386,1726,-888888888,-888888888,-888888888,-888888888,-888888888,-888888888,-888888888,-888888888,-888888888,-888888888,-888888888,-888888888,-888888888,-888888888,-888888888,-888888888,-888888888,-888888888,-888888888
2014,Shelby County; Kentucky,34062,22081,22047,20404,1643,34,11981,22047,-888888888,17959,10391,10391,9679,3360,2361,6899,4883,19732,15614,2900,9,445,44,720,24.5,20404,6500,3853,4762,2183,3106,20404,742,1202,3111,587,2209,844,273,1334,1592,4428,1719,1064,1299,21,211,20404,16333,2827,1191,53,15665,726,753,1600,1293,2335,2883,2355,2446,568,706,57890,73563,12613,71763,4847,17524,3370,23703,594,8611,1097,3288,2009,11732,358,245,893,756,1836,2084,2069,2292,526,673,71075,83966,27152,3933,27771,37175,30124,48816,35848,42297,36335,30219,11687,5962,10638,476,26236,20485,19074,15372,14906,1068,3702,1411,807,581,226,604,5751,4571,3246,1803,1180,-888888888,-888888888,-888888888,-888888888,-888888888,-888888888,-888888888,-888888888,-888888888,-888888888,-888888888,-888888888,-888888888,-888888888,-888888888,-888888888,-888888888,-888888888,-888888888
2014,Whitley County; Kentucky,27981,14303,14287,12560,1727,16,13678,14287,-888888888,14459,6923,6923,6248,2891,1660,4880,3125,12348,10035,1311,116,503,142,241,20.5,12560,3357,2467,3382,994,2360,12560,295,517,2053,338,1498,480,110,549,899,3538,880,501,902,21,235,12560,9480,2501,567,12,12931,1612,1281,2172,1889,1974,2142,807,796,125,133,32255,43524,8455,45501,5212,16095,2271,18733,1716,8384,371,1927,3545,9332,669,528,1341,1657,1643,1820,744,699,108,123,39625,50083,16406,3599,14901,24246,20328,36421,24485,34979,29380,17512,15606,5599,8500,450,21654,13511,11836,9443,8656,968,2393,1675,720,263,480,955,8143,6376,2715,4214,1767,-888888888,-888888888,-888888888,-888888888,-888888888,-888888888,-888888888,-888888888,-888888888,-888888888,-888888888,-888888888,-888888888,-888888888,-888888888,-888888888,-888888888,-888888888,-888888888
2014,Garrard County; Kentucky,13543,8264,8260,7254,1006,4,5279,8260,-888888888,6933,3965,3965,3436,1030,755,2617,1884,7010,5768,744,49,43,71,335,32.8,7254,2082,1235,1561,1123,1253,7254,176,861,1018,246,738,378,83,283,492,1963,358,340,318,21,079,7254,5501,1212,522,19,6567,587,386,988,682,958,1177,945,661,114,69,44304,55841,4948,55723,2450,15633,1411,19429,598,8383,114,4231,1394,4945,260,281,677,358,727,1000,861,630,114,37,54024,61809,22334,1622,24433,34821,27707,43100,32569,16777,14092,10568,5772,2685,3796,352,10477,7784,6866,5643,5423,343,1223,918,424,269,173,494,2693,2119,1146,1301,574,-888888888,-888888888,-888888888,-888888888,-888888888,-888888888,-888888888,-888888888,-888888888,-888888888,-888888888,-888888888,-888888888,-888888888,-888888888,-888888888,-888888888,-888888888,-888888888
2014,Campbell County; Kentucky,73165,49533,49526,45481,4045,7,23632,49526,-888888888,37828,24550,24550,22722,6414,4755,12890,9895,44705,37137,3574,974,1456,273,1291,22.3,45481,16793,7146,12819,3616,5107,45481,197,2665,4928,1244,5670,2405,927,3530,4974,10887,4361,1680,2013,21,037,45481,37731,5880,1833,37,35478,2520,1875,3790,3490,4744,6765,4518,4943,1774,1059,54482,68553,27969,71249,10403,17352,6556,19433,1693,9360,649,2801,3557,22573,1035,718,1372,1635,2675,4678,3590,4271,1657,942,70737,83170,27479,12905,31232,40745,32417,47355,40392,89928,79399,65285,24031,10529,20382,1572,58012,47051,43198,37757,36671,1954,5441,3853,2264,1674,661,1589,10961,9050,5659,4149,1911,-888888888,-888888888,-888888888,-888888888,-888888888,-888888888,-888888888,-888888888,-888888888,-888888888,-888888888,-888888888,-888888888,-888888888,-888888888,-888888888,-888888888,-888888888,-888888888
2014,Grant County; Kentucky,18649,11362,11350,10208,1142,12,7287,11350,-888888888,9353,5171,5171,4716,2019,1246,4391,2621,9864,8174,1215,3,125,99,248,29.1,10208,2340,1693,2710,1035,2430,10208,204,580,2432,283,1069,928,90,479,606,1672,967,331,567,21,081,10208,8360,1460,388,0,8301,690,499,939,685,1667,1444,1223,855,245,54,46382,57358,6402,57111,2901,16183,1438,20002,640,9048,251,3414,1771,6296,374,329,643,526,1160,1169,1105,707,229,54,52515,62844,19872,2005,28606,35487,27190,41364,32027,24283,21086,16545,7610,3197,6791,283,14748,10582,9607,8212,7859,547,1395,975,372,272,111,603,4166,3274,1979,1797,892,-888888888,-888888888,-888888888,-888888888,-888888888,-888888888,-888888888,-888888888,-888888888,-888888888,-888888888,-888888888,-888888888,-888888888,-888888888,-888888888,-888888888,-888888888,-888888888
2014,Logan County; Kentucky,21112,11503,11486,10475,1011,17,9609,11486,-888888888,10802,4926,4926,4489,1972,939,4188,2801,10191,8864,784,17,118,141,267,22.7,10475,2597,1484,2161,1415,2818,10475,453,789,2804,233,1442,501,88,191,392,1995,573,653,361,21,141,10475,8206,1467,786,16,10862,1398,886,1350,1686,1598,2053,938,664,202,87,36101,46592,7562,48803,4309,14770,2162,17284,595,7836,189,2331,1872,7083,617,217,744,869,1217,1703,884,578,181,73,47607,56127,19063,3779,19157,26964,24664,38971,29700,26558,22318,15766,9978,4240,6490,404,15813,10730,9751,7658,7431,348,2093,979,429,255,174,550,5083,3927,2161,2340,1156,-888888888,-888888888,-888888888,-888888888,-888888888,-888888888,-888888888,-888888888,-888888888,-888888888,-888888888,-888888888,-888888888,-888888888,-888888888,-888888888,-888888888,-888888888,-888888888
2014,Mercer County; Kentucky,17098,10489,10483,9075,1408,6,6609,10483,-888888888,8807,4775,4775,4190,1459,954,3128,2561,8852,7588,734,0,77,47,406,24.6,9075,2644,1485,2110,1075,1761,9075,303,645,1909,154,1013,406,97,417,496,1949,723,456,507,21,167,9075,6881,1467,633,94,8770,897,681,1199,1135,1003,1669,1061,835,177,113,42658,53839,6182,56349,3253,16872,1982,19806,652,9367,181,2634,1345,5966,395,203,621,648,737,1458,872,771,160,101,55123,63836,22614,2804,21841,30510,27067,43626,34231,21164,18376,13711,7661,2788,4877,412,12812,9566,8309,7137,6827,423,1172,1257,602,381,261,655,3246,2736,1547,1525,510,-888888888,-888888888,-888888888,-888888888,-888888888,-888888888,-888888888,-888888888,-888888888,-888888888,-888888888,-888888888,-888888888,-888888888,-888888888,-888888888,-888888888,-888888888,-888888888
2014,Union County; Kentucky,12274,6338,6338,5831,507,0,5936,6338,-888888888,5908,2631,2631,2417,997,648,1792,998,5674,4771,402,47,359,35,60,20.3,5831,1465,897,1269,1170,1030,5831,1219,158,718,122,782,337,12,196,250,1250,331,298,158,21,225,5831,4203,1172,446,10,5620,525,491,964,590,990,744,646,466,119,85,38367,50837,3920,54553,2015,16233,1029,16004,551,10060,118,3409,1136,3820,348,145,456,434,633,632,551,417,119,85,47022,60168,19611,1800,20704,28592,23265,42298,25943,15033,12460,8848,5446,2573,3294,201,9664,5993,5488,4602,4359,453,886,505,248,121,138,257,3671,2442,1410,1298,1229,-888888888,-888888888,-888888888,-888888888,-888888888,-888888888,-888888888,-888888888,-888888888,-888888888,-888888888,-888888888,-888888888,-888888888,-888888888,-888888888,-888888888,-888888888,-888888888
2014,Calloway County; Kentucky,31852,18937,18844,16855,1989,93,12915,18844,-888888888,16670,9567,9567,8509,2145,1417,4138,3214,16674,14051,1059,36,978,231,319,17.8,16855,5610,3097,4168,1571,2409,16855,293,1023,2005,343,2014,715,131,811,930,5456,1778,855,501,21,035,16855,12268,3399,1169,19,14854,2089,1268,1797,1667,2114,2607,1532,1325,246,209,38589,51436,10671,53453,4838,16793,2930,19411,715,7250,147,1804,1800,8715,503,251,796,860,1337,1986,1333,1230,223,196,57525,68253,21093,6139,18086,26558,19577,41978,35495,37519,33044,26627,10871,4475,6838,480,25031,17764,15866,13736,13296,739,2130,1898,1144,954,211,754,7267,6168,4547,2018,1099,-888888888,-888888888,-888888888,-888888888,-888888888,-888888888,-888888888,-888888888,-888888888,-888888888,-888888888,-888888888,-888888888,-888888888,-888888888,-888888888,-888888888,-888888888,-888888888
2014,Daviess County; Kentucky,76330,46342,46267,43112,3155,75,29988,46267,-888888888,39931,21784,21780,20456,7405,4946,14802,9961,42397,36829,3313,161,1028,294,772,18.1,43112,12844,7694,10577,4096,7901,43112,1111,2781,6856,828,5652,2244,408,2943,2764,10280,3645,2208,1392,21,059,43112,35431,5110,2451,120,38000,2821,2552,5006,4471,5534,7557,4556,3911,734,858,45760,57957,27978,59661,13177,17593,7892,19234,2887,9121,987,2951,5118,25671,1432,1015,2135,2623,3723,5793,3985,3489,698,778,58213,68161,23140,12329,25352,34851,27017,45905,32695,95793,85736,65598,33483,10057,23708,1101,57855,43463,40684,35053,33206,2845,5631,2779,1462,1050,444,1317,14392,12400,7145,6620,1992,-888888888,-888888888,-888888888,-888888888,-888888888,-888888888,-888888888,-888888888,-888888888,-888888888,-888888888,-888888888,-888888888,-888888888,-888888888,-888888888,-888888888,-888888888,-888888888
2014,Henderson County; Kentucky,36665,22554,22535,20438,2097,19,14111,22535,-888888888,19199,10620,10620,9628,3497,2561,6665,5049,19982,17123,1902,74,216,160,507,20.8,20438,5875,3377,4975,2129,4082,20438,772,981,3302,568,2917,1039,209,741,1486,5327,1483,902,711,21,101,20438,16478,2918,1023,19,18875,1940,1607,2452,2175,2772,3138,2399,1598,395,399,41006,54950,13668,55919,6537,17007,3631,19469,1568,9465,462,2978,3380,12413,631,632,1079,1267,2007,2650,1977,1489,350,331,53708,66746,22968,6462,20215,30564,27161,44103,32485,45446,39687,29564,16185,5759,10850,691,27911,20923,18955,16246,15223,1462,2709,1968,953,481,483,1015,6988,5654,2854,3508,1334,-888888888,-888888888,-888888888,-888888888,-888888888,-888888888,-888888888,-888888888,-888888888,-888888888,-888888888,-888888888,-888888888,-888888888,-888888888,-888888888,-888888888,-888888888,-888888888
2014,Jackson County; Kentucky,10676,4653,4618,4155,463,35,6023,4618,-888888888,5469,2005,2005,1943,890,429,2021,1088,4107,2959,892,97,58,56,45,31.2,4155,1050,467,843,453,1342,4155,72,315,979,46,442,392,75,98,218,1023,104,174,217,21,109,4155,3071,863,221,0,5670,1036,658,1028,740,674,795,365,316,27,31,27224,37554,3423,44357,2133,15186,878,15071,887,9061,295,4763,2122,4216,466,426,879,586,507,677,379,271,0,25,31412,41863,15760,1454,11789,23270,27055,45388,32849,13222,10704,5727,6280,2518,3032,286,8251,4515,4068,3154,3050,214,914,447,185,50,143,262,3736,2680,876,2115,1056,-888888888,-888888888,-888888888,-888888888,-888888888,-888888888,-888888888,-888888888,-888888888,-888888888,-888888888,-888888888,-888888888,-888888888,-888888888,-888888888,-888888888,-888888888,-888888888
2014,Meade County; Kentucky,22312,13651,12866,11421,1445,785,8661,12866,-888888888,11098,6075,5967,5254,2274,1279,4922,3383,11778,10315,978,42,83,85,275,31.4,11421,3323,1794,2489,1921,1894,11421,323,1039,1162,413,1126,1153,196,407,695,2377,1013,492,1025,21,163,11421,8246,2695,480,0,10557,706,673,1187,1257,1539,2148,1341,1200,363,143,49379,62324,8054,60204,3160,16585,2526,26485,557,8778,111,3841,1609,8148,378,316,705,863,1280,1791,1218,1151,332,114,56765,67832,23229,2409,25244,41451,28262,44550,31762,28261,24546,19585,9236,3715,7573,332,17502,12200,10881,9107,8760,1050,1774,1319,897,561,390,422,5302,4115,2893,1972,1187,-888888888,-888888888,-888888888,-888888888,-888888888,-888888888,-888888888,-888888888,-888888888,-888888888,-888888888,-888888888,-888888888,-888888888,-888888888,-888888888,-888888888,-888888888,-888888888
2014,Oldham County; Kentucky,47003,29969,29906,28394,1512,63,17034,29906,-888888888,22007,14126,14115,13324,3686,2819,12532,9107,27947,23452,2260,148,358,161,1568,26.0,28394,13114,3483,6954,2162,2681,28394,363,1535,3591,890,2970,1623,650,2542,2710,6827,2498,1278,917,21,185,28394,23214,3655,1500,25,19610,688,339,1158,1232,1996,3263,2971,4030,1812,2121,84447,105608,16819,104478,5067,19843,3765,26024,627,9044,364,5534,1033,16011,358,148,571,804,1387,2819,2520,3650,1750,2004,93801,115488,34113,3599,39021,57416,38034,67118,45077,57310,53760,49374,10519,3550,16586,611,34460,27893,26525,24570,24252,750,1955,1368,966,794,207,402,6567,5985,5063,1458,582,-888888888,-888888888,-888888888,-888888888,-888888888,-888888888,-888888888,-888888888,-888888888,-888888888,-888888888,-888888888,-888888888,-888888888,-888888888,-888888888,-888888888,-888888888,-888888888
2014,Anderson County; Kentucky,16894,11167,11163,10318,845,4,5727,11163,-888888888,8842,5460,5456,5172,1669,1162,3472,2632,10192,8337,1628,0,25,58,144,26.8,10318,2772,1648,2678,1129,2091,10318,129,782,2020,158,1029,334,173,363,463,2063,699,574,1531,21,005,10318,6978,2689,613,38,8353,584,354,704,1053,1231,1795,1386,1020,161,65,53410,59872,6624,57352,2492,16832,1937,23690,343,10520,123,4754,917,6008,276,145,328,625,850,1507,1116,954,156,51,64634,68138,23566,2345,30534,36950,30509,39435,37555,21550,19116,15945,5950,2434,5485,211,13334,10434,9634,8351,8093,488,1283,800,378,269,109,422,2900,2382,1706,1007,518,-888888888,-888888888,-888888888,-888888888,-888888888,-888888888,-888888888,-888888888,-888888888,-888888888,-888888888,-888888888,-888888888,-888888888,-888888888,-888888888,-888888888,-888888888,-888888888
2014,Breckinridge County; Kentucky,15876,8472,8457,7412,1045,15,7404,8457,-888888888,8050,3869,3869,3380,1272,732,3109,2039,7251,5636,1031,47,135,178,224,28.3,7412,1775,1225,1440,1139,1833,7412,321,650,1440,204,1067,433,52,227,250,1770,426,369,203,21,027,7412,5674,1172,547,19,7325,672,569,972,991,1158,1582,739,531,72,39,40039,48162,4907,49070,3184,16268,1854,17612,828,9011,59,2337,1278,5217,281,232,640,604,862,1319,681,491,68,39,49785,55682,18151,2108,22464,27759,21751,37640,26362,19816,16607,12067,7644,3209,4746,422,11841,7939,6985,5576,5266,530,1409,954,442,238,216,512,3902,3053,1792,1658,849,-888888888,-888888888,-888888888,-888888888,-888888888,-888888888,-888888888,-888888888,-888888888,-888888888,-888888888,-888888888,-888888888,-888888888,-888888888,-888888888,-888888888,-888888888,-888888888
2014,Floyd County; Kentucky,31497,13738,13731,12562,1169,7,17759,13731,-888888888,16233,6686,6686,6153,2744,1175,5130,2395,11926,10114,1327,15,171,68,231,24.4,12562,3797,2390,3191,1791,1393,12562,1122,916,562,414,1789,540,102,565,900,3453,1094,391,714,21,071,12562,9026,2723,809,4,15438,2399,1643,2424,2235,1721,2245,1168,1153,307,143,30190,44330,8649,51913,7417,16312,2861,16797,2090,8368,324,3562,4350,10725,1100,751,1616,1678,1289,1695,1110,1104,289,93,37845,51858,17958,4713,15840,24380,25236,45589,28608,38434,31971,17388,19179,6463,8631,391,24313,13188,12019,9083,8296,1046,2936,1169,588,259,329,581,11125,8570,2604,6945,2555,-888888888,-888888888,-888888888,-888888888,-888888888,-888888888,-888888888,-888888888,-888888888,-888888888,-888888888,-888888888,-888888888,-888888888,-888888888,-888888888,-888888888,-888888888,-888888888
2014,Rockcastle County; Kentucky,13545,6907,6901,6176,725,6,6638,6901,-888888888,6846,3213,3213,2891,1147,696,2425,1472,6007,5229,501,14,73,98,92,26.7,6176,1325,1410,1517,757,1167,6176,171,408,1167,118,645,251,167,165,345,1615,383,338,403,21,203,6176,4729,1148,299,0,6634,1050,671,1093,744,1014,971,534,455,36,66,31536,42880,4293,45997,2593,14136,1413,19034,819,8506,215,2835,1585,4753,507,354,606,619,749,877,491,448,36,66,39911,50986,17146,1881,14639,19660,23548,37243,28711,16671,14506,9242,7272,2165,3817,99,10310,6453,5753,4872,4558,529,881,700,366,158,230,334,3857,3006,1419,1824,851,-888888888,-888888888,-888888888,-888888888,-888888888,-888888888,-888888888,-888888888,-888888888,-888888888,-888888888,-888888888,-888888888,-888888888,-888888888,-888888888,-888888888,-888888888,-888888888
2014,Allen County; Kentucky,16009,9263,9263,8143,1120,0,6746,9263,-888888888,8246,4186,4186,3682,1455,926,2977,1835,7996,6345,987,6,137,169,352,25.7,8143,1996,1146,1904,1202,1895,8143,417,579,1506,300,1451,480,104,222,436,1633,433,355,227,21,003,8143,6220,1156,730,37,8057,936,656,945,1004,1265,1545,934,588,96,88,40273,49152,5757,51201,2804,16191,1581,18386,648,8355,136,3674,1290,5593,259,176,586,702,1041,1251,837,561,92,88,50781,59150,19651,2464,16215,25927,26755,37643,32087,20005,16705,11955,7249,3300,4869,632,12172,8728,7684,6437,6181,448,1247,1044,493,333,169,551,3444,2601,1367,1596,843,-888888888,-888888888,-888888888,-888888888,-888888888,-888888888,-888888888,-888888888,-888888888,-888888888,-888888888,-888888888,-888888888,-888888888,-888888888,-888888888,-888888888,-888888888,-888888888
2014,Bullitt County; Kentucky,60203,40357,40268,36809,3459,89,19846,40268,-888888888,30617,19252,19252,17733,4957,3746,12046,9687,36148,30954,3716,138,320,192,828,27.3,36809,9250,4789,10450,4140,8180,36809,184,2519,5862,1062,4623,4344,763,2527,2727,6900,2162,1879,1257,21,029,36809,31068,4285,1404,52,28282,1239,1110,3018,2809,4476,6029,4620,4028,641,312,56199,64185,22479,63385,8969,17556,6517,19470,1375,9066,1030,2995,3384,21160,584,650,1366,1868,3058,5103,4052,3676,568,235,64482,71139,24364,7122,31068,38087,30332,46152,35326,75779,69183,58329,20796,6596,18323,607,48023,38073,34905,31422,30491,1837,3483,3168,1889,1463,480,1279,9950,8730,6135,3850,1220,-888888888,-888888888,-888888888,-888888888,-888888888,-888888888,-888888888,-888888888,-888888888,-888888888,-888888888,-888888888,-888888888,-888888888,-888888888,-888888888,-888888888,-888888888,-888888888
2014,Fulton County; Kentucky,5306,2654,2651,2352,299,3,2652,2651,-888888888,2687,1257,1257,1078,403,348,848,639,2329,2001,181,12,24,38,73,19.0,2352,640,464,432,236,580,2352,127,205,392,96,209,167,11,83,112,548,129,96,177,21,075,2352,1718,478,138,18,2662,436,286,454,210,400,412,211,207,41,5,32948,44178,1686,48225,1133,15508,527,17317,268,8677,44,934,750,1751,143,144,251,199,271,351,158,188,41,5,41484,52929,18892,911,14879,24995,24128,42917,26915,6163,5148,3358,2885,1015,1361,105,3635,2456,2157,1637,1474,226,520,299,116,65,59,183,1179,977,373,748,202,-888888888,-888888888,-888888888,-888888888,-888888888,-888888888,-888888888,-888888888,-888888888,-888888888,-888888888,-888888888,-888888888,-888888888,-888888888,-888888888,-888888888,-888888888,-888888888
2014,Knott County; Kentucky,13102,5623,5623,4804,819,0,7479,5623,-888888888,6670,2600,2600,2360,1088,562,2009,969,4608,3905,363,22,113,98,107,26.4,4804,1585,732,1176,692,619,4804,596,310,93,227,631,163,115,160,240,1492,295,150,332,21,119,4804,3498,1118,175,13,5776,733,663,969,702,768,767,545,481,114,34,31624,46348,3389,52111,2590,16211,1210,23047,819,9258,197,2227,1567,3943,307,323,556,512,578,616,479,455,83,34,41187,54640,18304,1833,16811,26972,25659,44375,32127,15973,13274,7983,7383,2699,3432,173,10346,5380,4591,3720,3517,309,871,789,415,243,172,374,4966,3729,1471,2753,1237,-888888888,-888888888,-888888888,-888888888,-888888888,-888888888,-888888888,-888888888,-888888888,-888888888,-888888888,-888888888,-888888888,-888888888,-888888888,-888888888,-888888888,-888888888,-888888888
2014,Muhlenberg County; Kentucky,25450,12622,12614,11410,1204,8,12828,12614,-888888888,12666,5733,5733,5282,1946,1106,4065,2549,11185,9712,916,20,117,238,182,21.7,11410,2755,2071,2176,1716,2692,11410,626,787,1799,248,1458,910,84,289,489,2885,614,587,634,21,177,11410,8202,2449,732,27,11619,1110,906,1885,1355,1941,2092,1066,986,214,64,38849,48974,7599,53032,4963,16759,2758,17237,1043,9255,208,2426,2092,8459,576,437,984,962,1505,1854,964,923,200,54,47392,56563,19200,3160,18728,26174,25900,39021,27955,30131,25868,18049,12028,4263,6743,346,18272,11815,10702,8786,8418,492,1916,1113,442,264,191,671,6457,5132,2536,3117,1325,-888888888,-888888888,-888888888,-888888888,-888888888,-888888888,-888888888,-888888888,-888888888,-888888888,-888888888,-888888888,-888888888,-888888888,-888888888,-888888888,-888888888,-888888888,-888888888
2014,Wolfe County; Kentucky,5733,2068,2068,1873,195,0,3665,2068,-888888888,2938,1059,1059,1017,426,126,1006,340,1823,1498,238,0,7,0,80,31.1,1873,445,538,411,249,230,1873,63,149,205,22,198,53,27,41,39,633,126,100,217,21,237,1873,1144,622,107,0,2826,790,342,485,355,262,350,113,88,12,29,21198,32379,1346,41313,1205,14085,363,21310,802,9238,79,2389,1174,1816,333,242,288,189,271,257,125,70,12,29,27123,39467,13455,1010,11492,17819,19292,35976,21491,7154,6199,2723,4154,955,1719,51,4318,1894,1721,1513,1307,216,208,173,59,35,24,114,2424,1848,377,1594,576,-888888888,-888888888,-888888888,-888888888,-888888888,-888888888,-888888888,-888888888,-888888888,-888888888,-888888888,-888888888,-888888888,-888888888,-888888888,-888888888,-888888888,-888888888,-888888888
2014,Bell County; Kentucky,22873,9552,9539,8416,1123,13,13321,9539,-888888888,11973,4668,4668,4107,1767,860,3668,1946,8203,6376,1133,8,326,132,228,21.7,8416,2085,1579,2143,1153,1456,8416,572,483,807,178,1247,447,76,284,585,2263,466,520,488,21,013,8416,6353,1502,550,11,11181,2298,1282,2014,1400,1609,1246,798,403,59,72,24976,35361,6059,41699,4379,14171,2293,17956,1851,7369,321,3528,3422,7403,1038,491,1393,1007,1295,1007,697,349,59,67,32924,42034,14657,3778,13281,20894,21992,36943,27368,27354,22460,11659,13793,4894,6096,517,16854,9142,8111,6440,5816,768,1671,1031,448,191,266,583,7712,5589,1795,4485,2123,-888888888,-888888888,-888888888,-888888888,-888888888,-888888888,-888888888,-888888888,-888888888,-888888888,-888888888,-888888888,-888888888,-888888888,-888888888,-888888888,-888888888,-888888888,-888888888
2014,Cumberland County; Kentucky,5558,2837,2837,2499,338,0,2721,2837,-888888888,2904,1458,1458,1290,438,284,934,572,2449,2043,223,27,25,13,118,19.8,2499,882,363,456,317,481,2499,145,180,552,39,213,124,24,73,94,588,273,79,115,21,057,2499,1761,439,299,0,2684,385,332,390,416,427,492,100,75,30,37,30813,40436,1712,44677,1083,16233,502,12966,346,7929,33,1818,599,1810,159,146,284,330,286,410,67,61,30,37,34340,46986,17245,874,14805,23059,22792,33451,26883,6743,5261,3121,2976,1482,1494,115,3977,2687,2366,1711,1536,245,655,321,146,65,81,175,1290,753,271,530,537,-888888888,-888888888,-888888888,-888888888,-888888888,-888888888,-888888888,-888888888,-888888888,-888888888,-888888888,-888888888,-888888888,-888888888,-888888888,-888888888,-888888888,-888888888,-888888888
2014,Lee County; Kentucky,6352,2408,2408,2141,267,0,3944,2408,-888888888,2862,1060,1060,947,354,160,879,481,2124,1777,265,0,20,50,12,31.0,2141,633,293,427,401,387,2141,51,282,222,74,172,116,87,60,74,605,91,140,167,21,129,2141,1479,526,128,8,2957,737,321,463,379,373,406,144,94,33,7,23968,34441,1607,40113,1305,13245,576,14546,459,7488,125,2657,1143,1741,243,140,245,277,263,316,137,86,27,7,33203,44129,15059,1216,12336,19862,21804,38664,29688,6843,5730,2915,3381,1113,1469,51,4308,2312,2051,1741,1655,121,310,261,121,64,69,140,1996,1384,329,1139,612,-888888888,-888888888,-888888888,-888888888,-888888888,-888888888,-888888888,-888888888,-888888888,-888888888,-888888888,-888888888,-888888888,-888888888,-888888888,-888888888,-888888888,-888888888,-888888888
2014,Edmonson County; Kentucky,9992,5163,5163,4652,511,0,4829,5163,-888888888,5009,2189,2189,2023,738,561,1636,973,4527,3699,453,1,211,61,102,32.7,4652,1316,782,1143,611,800,4652,96,419,799,168,536,188,27,233,305,1176,333,295,77,21,061,4652,3441,869,337,5,4734,526,361,681,440,787,864,476,447,92,60,42404,51861,3148,54464,2101,15422,1008,18183,528,8083,89,1396,1080,3476,173,211,382,386,593,716,464,423,74,54,49773,58523,20652,1258,16239,30909,26437,42146,30619,12041,10786,7653,4568,1255,2491,15,7457,4890,4408,3841,3731,228,567,482,226,160,66,256,2567,2150,1008,1279,417,-888888888,-888888888,-888888888,-888888888,-888888888,-888888888,-888888888,-888888888,-888888888,-888888888,-888888888,-888888888,-888888888,-888888888,-888888888,-888888888,-888888888,-888888888,-888888888
2014,Bracken County; Kentucky,6597,3792,3792,3520,272,0,2805,3792,-888888888,3346,1692,1692,1584,627,409,1275,871,3472,2802,452,0,56,22,140,34.3,3520,990,504,768,613,645,3520,128,364,550,70,332,256,40,181,306,790,194,212,97,21,023,3520,2655,607,258,0,3303,274,214,498,483,380,537,434,375,62,46,40194,54760,2298,61767,1167,15211,716,16497,241,9800,66,4529,487,2208,111,77,204,226,270,450,421,343,60,46,59149,67759,21742,1095,23224,27660,32846,46922,34812,8418,7645,5896,2736,773,2087,79,5136,3634,3380,3021,2857,313,359,254,132,101,41,122,1502,1289,755,634,213,-888888888,-888888888,-888888888,-888888888,-888888888,-888888888,-888888888,-888888888,-888888888,-888888888,-888888888,-888888888,-888888888,-888888888,-888888888,-888888888,-888888888,-888888888,-888888888
2014,Nelson County; Kentucky,34357,22188,22188,19786,2402,0,12169,22188,-888888888,17766,10900,10900,9788,3499,2589,7303,5285,19277,16438,1910,0,127,176,626,25.9,19786,5294,3027,4379,2071,5015,19786,568,1338,4508,399,2659,1011,248,1008,1285,4081,949,956,776,21,179,19786,16298,2393,1064,31,16660,1001,1162,1923,2373,2366,3445,1893,1846,259,392,45655,61436,13351,58482,5089,16971,3415,21404,1112,8430,641,3111,2901,12451,755,419,1161,1541,1641,2846,1778,1700,245,365,56579,69821,23531,4209,25418,32829,27427,43526,32043,43962,38744,29645,14276,5218,11239,453,27382,20944,18610,15999,15232,1168,2611,2334,1244,789,493,1090,6438,5388,3104,2902,1050,-888888888,-888888888,-888888888,-888888888,-888888888,-888888888,-888888888,-888888888,-888888888,-888888888,-888888888,-888888888,-888888888,-888888888,-888888888,-888888888,-888888888,-888888888,-888888888
2014,Marion County; Kentucky,15624,8897,8874,7990,884,23,6727,8874,-888888888,7524,4098,4098,3768,1513,963,3141,2376,7798,6357,846,32,184,97,282,20.9,7990,2188,1422,1377,783,2220,7990,416,519,2056,182,927,194,73,223,534,1788,413,379,286,21,155,7990,6101,1237,635,17,7385,802,648,1176,778,1220,1369,759,482,43,108,38478,48768,5191,52535,2614,13906,1476,17575,507,8163,284,3208,1531,4895,440,106,651,495,917,1062,667,456,24,77,46440,56377,18741,2490,18706,31551,23990,35318,28987,18761,16589,12335,6568,2172,4813,175,11324,8310,7535,6277,5946,496,1258,775,403,122,288,372,3014,2647,1568,1412,367,-888888888,-888888888,-888888888,-888888888,-888888888,-888888888,-888888888,-888888888,-888888888,-888888888,-888888888,-888888888,-888888888,-888888888,-888888888,-888888888,-888888888,-888888888,-888888888
2014,Boone County; Kentucky,92145,65616,65546,61454,4092,70,26529,65546,-888888888,47030,30864,30864,29018,10697,7237,22134,16659,60369,51999,4485,537,434,730,2184,24.1,61454,23904,8250,16894,4080,8326,61454,358,2893,8244,2073,7739,5123,1191,4818,6141,12765,5026,2503,2580,21,015,61454,52020,7242,2109,83,43903,1445,1318,4102,2846,5800,9116,7101,7563,2652,1960,67286,81417,36830,82545,10705,17908,8058,23859,1145,10552,902,3612,3478,32595,793,405,2382,1514,3412,6710,6305,6867,2469,1738,79073,91185,29656,11308,38937,50524,35237,53623,40163,122230,111714,98410,25403,10516,34170,1415,75596,61782,58061,52564,51514,2230,5497,3721,2087,1914,266,1634,13814,11899,9009,4037,1915,-888888888,-888888888,-888888888,-888888888,-888888888,-888888888,-888888888,-888888888,-888888888,-888888888,-888888888,-888888888,-888888888,-888888888,-888888888,-888888888,-888888888,-888888888,-888888888
2014,Knox County; Kentucky,25019,11172,11172,9350,1822,0,13847,11172,-888888888,13060,5319,5319,4389,2248,1194,4882,2699,9112,7866,775,91,171,27,182,19.4,9350,2291,1619,2434,1206,1800,9350,257,657,1180,147,1285,641,199,377,788,2463,671,343,342,21,121,9350,7210,1606,476,58,12524,2247,1457,2466,1927,1639,1462,441,654,153,78,25523,36635,6831,41213,5120,15970,1966,17213,2437,9457,358,3336,4396,8228,894,816,1384,1399,1270,1257,444,589,118,57,32619,43835,15013,4296,15505,21639,19760,31193,26322,31491,26375,12202,17003,5116,7631,197,19000,10689,8867,6759,6078,805,2108,1822,778,293,485,1044,8311,6544,1761,5276,1767,-888888888,-888888888,-888888888,-888888888,-888888888,-888888888,-888888888,-888888888,-888888888,-888888888,-888888888,-888888888,-888888888,-888888888,-888888888,-888888888,-888888888,-888888888,-888888888
2014,Letcher County; Kentucky,19326,8489,8485,7469,1016,4,10837,8485,-888888888,9894,4034,4034,3635,1639,808,3018,1595,7159,5862,821,16,67,140,253,26.3,7469,2545,980,1654,1373,917,7469,1183,395,213,198,918,310,264,184,353,2408,414,194,435,21,133,7469,5659,1458,322,30,9391,1511,909,1545,1083,1104,1348,847,914,102,28,31630,44317,5420,52470,3733,16215,2390,13611,1403,7912,344,3611,2382,6582,701,421,730,770,1010,1177,780,874,102,17,45189,53423,18163,2809,15756,22269,25299,52486,28621,23770,20240,12273,10869,3530,5264,166,14920,8067,7059,6114,5808,512,945,1008,362,187,175,646,6853,5081,1929,3680,1772,-888888888,-888888888,-888888888,-888888888,-888888888,-888888888,-888888888,-888888888,-888888888,-888888888,-888888888,-888888888,-888888888,-888888888,-888888888,-888888888,-888888888,-888888888,-888888888
2014,Pike County; Kentucky,52027,23040,23040,20501,2539,0,28987,23040,-888888888,26847,10627,10627,9701,4076,1470,8283,4145,20019,17064,1857,149,506,108,335,23.6,20501,5624,3541,5161,3275,2900,20501,2660,1074,1142,305,2563,1106,329,826,1276,5874,1460,909,977,21,195,20501,15768,3804,919,10,26312,3572,2536,4414,3354,3749,3808,2212,1811,426,430,32571,47344,15264,54903,12469,16745,5141,16140,3739,9021,949,2244,7101,17754,1516,1087,2554,2403,2681,3127,1975,1636,388,387,42058,56332,19749,8558,17910,27023,25749,46274,28227,63672,55359,33351,30370,8313,13813,637,40629,21759,19377,16386,15190,1784,2991,2382,1305,745,577,1077,18870,15281,5479,11491,3589,-888888888,-888888888,-888888888,-888888888,-888888888,-888888888,-888888888,-888888888,-888888888,-888888888,-888888888,-888888888,-888888888,-888888888,-888888888,-888888888,-888888888,-888888888,-888888888
2014,Gallatin County; Kentucky,6541,4117,4117,3725,392,0,2424,4117,-888888888,3297,1845,1845,1645,781,538,1275,802,3703,3015,490,3,103,28,64,27.4,3725,712,611,887,610,905,3725,105,320,800,187,319,406,117,128,253,554,173,210,153,21,077,3725,2996,482,228,19,3024,203,141,410,372,412,673,440,309,29,35,48917,55931,2467,54307,1026,14591,579,19086,119,9516,63,1843,466,2021,89,80,224,320,244,419,353,235,29,28,52229,61241,20507,1003,32409,41779,30344,42816,32177,8450,7134,4799,2946,1316,2248,119,5268,3873,3510,2865,2748,177,645,363,97,44,55,266,1395,1109,482,680,286,-888888888,-888888888,-888888888,-888888888,-888888888,-888888888,-888888888,-888888888,-888888888,-888888888,-888888888,-888888888,-888888888,-888888888,-888888888,-888888888,-888888888,-888888888,-888888888
2014,Franklin County; Kentucky,40219,24515,24390,21682,2708,125,15704,24390,-888888888,21015,12153,12110,11061,3186,2581,6168,4699,21388,17630,2347,267,441,143,560,18.0,21682,7911,3119,5645,1934,3073,21682,307,1348,2403,197,2142,851,239,923,1670,3681,2467,1025,4429,21,073,21682,13090,7277,1270,45,21065,1774,1051,2319,2354,3623,3635,2420,2749,738,402,46818,61638,15538,56022,6498,17119,6371,34659,1187,9043,207,5214,3475,12921,746,433,1045,954,2129,2452,1871,2262,662,367,61194,73946,26592,8144,31215,39174,28547,41802,38030,48551,42180,34163,14931,6371,10290,489,31102,23060,20476,17404,16797,1096,3072,2584,1047,731,340,1537,8042,6769,4386,3074,1273,-888888888,-888888888,-888888888,-888888888,-888888888,-888888888,-888888888,-888888888,-888888888,-888888888,-888888888,-888888888,-888888888,-888888888,-888888888,-888888888,-888888888,-888888888,-888888888
2014,Kenton County; Kentucky,126093,85325,85229,78082,7147,96,40768,85229,-888888888,64520,40467,40467,37300,13525,9119,24151,18327,76846,64542,6722,1644,1181,395,2362,22.9,78082,27378,11532,21874,5865,11433,78082,252,4402,9918,3100,8634,5307,1832,6798,7859,15663,7460,3429,3428,21,117,78082,67012,8373,2629,68,61962,4393,2934,6259,6270,8611,12269,8431,8023,2458,2314,54817,70126,49695,71809,16727,17623,10825,21210,3759,9078,1555,3577,8073,40005,2134,1102,2910,3177,4937,8154,6565,6572,2264,2190,66646,83585,27788,21957,33573,42395,31866,48528,39679,160144,141018,113431,44232,19126,39939,2271,101746,80647,74025,64239,62108,3880,9786,6622,3656,2495,1343,2966,21099,16996,10512,8188,4103,-888888888,-888888888,-888888888,-888888888,-888888888,-888888888,-888888888,-888888888,-888888888,-888888888,-888888888,-888888888,-888888888,-888888888,-888888888,-888888888,-888888888,-888888888,-888888888
2014,McCreary County; Kentucky,14537,5636,5636,4533,1103,0,8901,5636,-888888888,6557,2566,2566,2151,1213,700,2293,1656,4407,3512,666,4,56,116,53,28.6,4533,977,806,1263,526,961,4533,161,332,665,115,696,395,115,112,284,1147,276,77,158,21,147,4533,3419,775,301,38,6210,1490,686,1445,646,699,804,287,131,17,5,20000,30086,3312,35383,2740,11458,990,18260,1314,8920,279,2047,2372,4495,709,457,985,555,589,769,287,122,17,5,28055,35529,11287,1715,10981,14726,18509,30499,28157,16495,14275,7518,8709,2220,4006,84,10167,5512,4432,3657,3480,435,775,1080,664,335,329,416,4655,3710,1153,3003,945,-888888888,-888888888,-888888888,-888888888,-888888888,-888888888,-888888888,-888888888,-888888888,-888888888,-888888888,-888888888,-888888888,-888888888,-888888888,-888888888,-888888888,-888888888,-888888888
2014,Madison County; Kentucky,69455,43092,43031,39106,3925,61,26363,43031,-888888888,35910,20901,20893,19056,5633,3752,11025,7878,38502,30204,4069,155,2266,791,1017,22.5,39106,14282,8053,8837,2990,4944,39106,532,2351,4828,911,4744,952,700,1420,2667,11727,4503,1798,1973,21,151,39106,30102,7177,1774,53,31752,3318,2626,4232,3253,4567,5740,3313,3177,917,609,42155,55750,24024,56445,9366,16569,6463,21960,2351,8949,981,3243,5746,20284,1133,1181,2074,1759,2881,4336,2813,2719,810,578,55664,67674,21535,11468,23738,32509,20629,45689,33910,84731,73800,56692,25791,10931,17935,656,56901,41166,37547,31697,30005,2866,5850,3619,2067,1502,687,1552,15735,12888,8139,5886,2847,-888888888,-888888888,-888888888,-888888888,-888888888,-888888888,-888888888,-888888888,-888888888,-888888888,-888888888,-888888888,-888888888,-888888888,-888888888,-888888888,-888888888,-888888888,-888888888
2014,Magoffin County; Kentucky,10407,4138,4138,3674,464,0,6269,4138,-888888888,5294,1690,1690,1538,798,265,2043,1052,3507,2761,609,9,25,9,94,30.1,3674,1050,692,567,766,599,3674,302,421,315,33,419,203,0,96,182,1221,265,49,168,21,153,3674,2713,817,130,14,4928,898,501,812,658,609,763,336,311,29,11,27947,39441,2756,48711,1929,14642,910,16449,895,9181,180,2724,1731,3471,351,294,491,504,522,690,304,275,29,11,36880,47197,15838,1457,14163,19271,25870,39508,30858,12973,10762,5683,6423,2211,3078,127,8155,3994,3538,2821,2512,335,717,456,175,95,94,281,4161,3081,1144,2250,1080,-888888888,-888888888,-888888888,-888888888,-888888888,-888888888,-888888888,-888888888,-888888888,-888888888,-888888888,-888888888,-888888888,-888888888,-888888888,-888888888,-888888888,-888888888,-888888888
2014,Metcalfe County; Kentucky,8007,4345,4341,3957,384,4,3662,4341,-888888888,4068,1918,1918,1691,711,411,1399,837,3897,3176,377,0,62,13,269,21.4,3957,904,496,938,498,1121,3957,256,315,965,101,565,232,15,119,295,753,121,116,104,21,169,3957,2973,475,467,42,3918,468,355,742,645,628,487,295,213,62,23,30453,42278,2689,44673,1484,14320,668,15800,478,8264,77,5038,1026,2658,119,156,443,449,470,458,287,200,53,23,40980,51997,17265,1260,17010,20593,22213,31043,25516,9930,8050,5150,4189,1880,2318,223,5953,4091,3730,2781,2584,327,949,361,177,98,96,184,1862,1357,579,952,505,-888888888,-888888888,-888888888,-888888888,-888888888,-888888888,-888888888,-888888888,-888888888,-888888888,-888888888,-888888888,-888888888,-888888888,-888888888,-888888888,-888888888,-888888888,-888888888
2014,Owsley County; Kentucky,3883,1371,1371,1165,206,0,2512,1371,-888888888,2034,578,578,506,260,94,620,369,1126,902,122,0,10,38,54,20.2,1165,398,235,182,197,153,1165,102,96,50,0,99,111,59,25,38,299,33,90,163,21,189,1165,559,458,148,0,1740,541,175,282,130,110,218,179,78,27,0,19146,35175,792,45382,725,12511,288,24075,529,8880,102,3767,831,1130,168,83,184,94,105,212,179,78,27,0,37308,47933,14591,610,9338,11330,22146,34963,31205,4609,3933,1609,2657,676,944,17,2872,1300,1100,903,755,162,197,200,119,61,58,81,1572,1191,293,982,381,-888888888,-888888888,-888888888,-888888888,-888888888,-888888888,-888888888,-888888888,-888888888,-888888888,-888888888,-888888888,-888888888,-888888888,-888888888,-888888888,-888888888,-888888888,-888888888
2014,Rowan County; Kentucky,19333,10112,10109,9528,581,3,9221,10109,-888888888,10086,4966,4966,4808,1442,816,2863,2030,9382,7844,934,92,245,25,242,20.5,9528,3131,2214,1939,818,1426,9528,145,694,1153,105,1322,261,23,269,387,3247,981,392,549,21,205,9528,6618,2324,544,42,8407,1134,705,1075,907,1333,1511,734,799,109,100,40697,49125,6006,51363,2912,15226,1496,23129,725,6793,201,1530,1764,5216,310,262,610,501,819,1236,592,683,106,97,51325,60841,18168,3191,21596,28245,23468,41424,32055,23261,19588,14555,7284,3673,4568,499,15746,9781,9220,7404,6907,674,1816,561,273,202,81,288,5965,4923,3390,1745,1042,-888888888,-888888888,-888888888,-888888888,-888888888,-888888888,-888888888,-888888888,-888888888,-888888888,-888888888,-888888888,-888888888,-888888888,-888888888,-888888888,-888888888,-888888888,-888888888
2014,Simpson County; Kentucky,13784,8224,8215,7510,705,9,5560,8215,-888888888,7129,3834,3834,3579,1232,629,2582,1908,7437,6307,648,0,142,210,130,20.7,7510,1807,1343,2048,619,1693,7510,163,481,1802,137,1017,329,49,177,544,1395,770,398,248,21,213,7510,6108,807,589,6,6660,641,299,1042,1034,1050,1225,823,412,94,40,39055,49091,4709,52317,2484,16614,1002,17645,389,8157,210,2639,1006,4493,346,183,391,649,771,850,809,367,87,40,48130,57311,18840,2167,22341,29712,24746,41279,28908,17235,14510,10496,5860,2725,4293,240,10461,7679,7069,5658,5467,309,1411,610,210,150,60,400,2782,2108,1020,1234,674,-888888888,-888888888,-888888888,-888888888,-888888888,-888888888,-888888888,-888888888,-888888888,-888888888,-888888888,-888888888,-888888888,-888888888,-888888888,-888888888,-888888888,-888888888,-888888888
2014,Taylor County; Kentucky,20227,11686,11686,10379,1307,0,8541,11686,-888888888,10578,5635,5635,4989,1785,1068,3371,2470,10126,8243,822,7,331,161,562,19.7,10379,2568,1696,2782,1170,2163,10379,521,603,1658,208,1657,407,176,414,523,2508,845,409,450,21,217,10379,8229,1353,791,6,9491,1055,825,1594,1224,1601,1487,849,646,118,92,35521,45885,6775,46893,3548,15684,1940,15878,815,7717,336,4553,1754,6410,464,322,949,703,1265,1214,848,468,110,67,44672,52632,18430,3081,19978,28838,21467,35534,27057,24749,20578,14033,10180,4171,5550,472,15154,10776,9631,7522,6987,997,2109,1145,415,199,216,730,4378,3518,1881,1919,860,-888888888,-888888888,-888888888,-888888888,-888888888,-888888888,-888888888,-888888888,-888888888,-888888888,-888888888,-888888888,-888888888,-888888888,-888888888,-888888888,-888888888,-888888888,-888888888
2014,Clark County; Kentucky,28384,17433,17383,15815,1568,50,10951,17383,-888888888,14733,8301,8301,7462,2503,1775,4875,3488,15408,12750,1554,63,373,123,545,23.5,15815,5328,2379,3928,1713,2467,15815,331,999,2241,380,2446,840,129,970,1513,3110,1097,952,807,21,049,15815,12518,2193,1020,84,14368,1104,907,1793,1928,1900,2419,1677,1923,475,242,46554,61091,10637,62321,4849,16541,3075,20045,959,9253,382,4008,2728,9874,504,236,1025,1130,1259,1965,1338,1715,469,233,59117,72342,24787,4494,25881,33728,29264,46369,32744,35219,30656,22612,12396,4563,8195,467,21678,16113,14676,12389,11839,725,2287,1437,695,318,397,742,5565,4498,2443,2418,1067,-888888888,-888888888,-888888888,-888888888,-888888888,-888888888,-888888888,-888888888,-888888888,-888888888,-888888888,-888888888,-888888888,-888888888,-888888888,-888888888,-888888888,-888888888,-888888888
2014,Todd County; Kentucky,9408,5211,5160,4745,415,51,4197,5160,-888888888,4778,2203,2203,2021,1044,681,2320,1113,4729,3823,486,23,87,142,168,22.8,4745,1070,623,1036,685,1331,4745,351,403,1159,113,527,287,48,233,155,786,183,236,264,21,219,4745,3521,798,413,13,4567,392,450,652,559,673,1040,348,348,72,33,41047,49301,3156,52997,1643,15442,801,19565,421,8023,69,1462,743,3318,140,231,393,435,406,958,322,328,72,33,51364,57460,18592,1249,19901,25634,26766,40243,28206,12277,9752,6648,4486,2525,3399,569,7044,4902,4533,3419,3260,275,1114,369,133,78,65,236,2142,1574,857,897,568,-888888888,-888888888,-888888888,-888888888,-888888888,-888888888,-888888888,-888888888,-888888888,-888888888,-888888888,-888888888,-888888888,-888888888,-888888888,-888888888,-888888888,-888888888,-888888888
2014,Carlisle County; Kentucky,4102,2366,2358,2170,188,8,1736,2358,-888888888,2129,1070,1070,981,371,194,678,439,2121,1735,199,13,13,37,124,23.7,2170,516,466,455,273,460,2170,155,219,355,39,211,206,14,103,131,407,103,76,151,21,039,2170,1542,385,243,0,2075,139,139,324,255,356,384,224,200,47,7,39125,52516,1406,58755,869,15878,381,14569,119,9105,28,5861,338,1474,63,78,175,160,268,301,213,164,47,5,49435,58978,21959,601,21165,32792,26399,50042,27247,4963,4207,2770,1980,756,1104,82,2948,2194,2013,1592,1499,124,421,181,91,66,25,90,754,595,302,367,159,-888888888,-888888888,-888888888,-888888888,-888888888,-888888888,-888888888,-888888888,-888888888,-888888888,-888888888,-888888888,-888888888,-888888888,-888888888,-888888888,-888888888,-888888888,-888888888
2014,Carroll County; Kentucky,8420,4934,4934,4184,750,0,3486,4934,-888888888,4197,2265,2265,1909,961,755,1575,1093,4140,3466,529,0,50,24,71,18.9,4184,863,646,951,590,1134,4184,200,286,1084,82,282,420,8,177,141,692,518,99,195,21,041,4184,3398,580,193,13,4108,330,401,677,486,610,805,275,321,194,9,39668,51138,2941,55052,1445,14907,787,14431,367,9007,142,2655,1017,2745,242,254,296,270,357,561,253,324,179,9,47721,59959,19711,1363,26214,31823,25142,50558,29924,10567,8705,5543,4220,1862,2738,209,6376,4648,3942,3113,2992,177,829,706,308,109,213,398,1728,1331,632,859,397,-888888888,-888888888,-888888888,-888888888,-888888888,-888888888,-888888888,-888888888,-888888888,-888888888,-888888888,-888888888,-888888888,-888888888,-888888888,-888888888,-888888888,-888888888,-888888888
2014,Clinton County; Kentucky,8114,3835,3820,3437,383,15,4279,3820,-888888888,4115,1671,1671,1549,837,421,1379,929,3418,2906,375,8,14,20,95,18.6,3437,765,622,694,421,935,3437,236,233,960,82,251,158,11,25,72,776,258,177,198,21,053,3437,2391,679,367,0,3878,475,437,825,661,437,548,222,146,32,95,27285,41626,2169,49486,1848,14284,698,27168,522,7174,60,5175,742,2562,116,153,635,490,259,492,187,146,32,52,31884,48478,17171,1316,15147,27582,21843,29792,30000,10032,8707,4962,4832,1325,2404,132,5897,3680,3317,2753,2544,263,564,363,176,106,81,187,2217,1775,549,1405,442,-888888888,-888888888,-888888888,-888888888,-888888888,-888888888,-888888888,-888888888,-888888888,-888888888,-888888888,-888888888,-888888888,-888888888,-888888888,-888888888,-888888888,-888888888,-888888888
2014,Estill County; Kentucky,11608,5480,5478,4774,704,2,6128,5478,-888888888,5878,2579,2579,2368,927,479,2095,1208,4560,3622,725,0,64,62,87,33.6,4774,1011,874,911,577,1401,4774,119,309,1245,130,559,319,54,149,280,884,248,254,224,21,065,4774,3678,850,232,14,5706,938,458,1033,696,907,951,382,229,101,11,29905,40080,3611,39586,2219,16106,1321,17599,935,10049,228,2116,1951,4029,448,321,562,558,616,837,377,198,101,11,37831,46538,16449,1677,18097,22559,21658,37443,27197,14423,12177,7086,7025,2246,3210,214,8906,5157,4465,3527,3175,450,938,692,307,161,152,385,3749,3066,1302,2078,683,-888888888,-888888888,-888888888,-888888888,-888888888,-888888888,-888888888,-888888888,-888888888,-888888888,-888888888,-888888888,-888888888,-888888888,-888888888,-888888888,-888888888,-888888888,-888888888
2014,Greenup County; Kentucky,29426,15092,15092,13276,1816,0,14334,15092,-888888888,15309,7192,7192,6469,2127,1432,4909,3148,13055,11306,1322,50,111,35,231,23.8,13276,4573,2269,3004,1385,2045,13276,229,868,1195,220,1900,1193,169,469,849,4272,856,462,594,21,089,13276,10528,1990,750,8,14230,1305,1140,1711,1854,1845,2977,1398,1419,343,238,44035,56047,9188,59552,6130,18705,3427,20576,1062,8304,365,3873,2094,10236,539,498,970,1082,1544,2575,1186,1289,333,220,54003,65110,22360,3994,21975,31582,26592,47646,34732,36223,31130,22300,14303,5093,8134,418,21759,14387,12746,10360,9951,606,2386,1641,878,552,340,763,7372,5877,3160,3578,1495,-888888888,-888888888,-888888888,-888888888,-888888888,-888888888,-888888888,-888888888,-888888888,-888888888,-888888888,-888888888,-888888888,-888888888,-888888888,-888888888,-888888888,-888888888,-888888888
2014,Fleming County; Kentucky,11396,6445,6445,5863,582,0,4951,6445,-888888888,5953,2831,2831,2610,914,428,2370,1348,5697,4636,670,24,88,73,206,27.3,5863,1765,710,1332,961,1095,5863,407,541,1037,88,709,341,151,150,201,1632,248,193,165,21,069,5863,4507,783,573,0,5542,588,620,866,825,629,819,672,368,19,136,33392,52199,3846,54913,2105,15811,893,18327,603,7152,198,1940,1190,3976,262,296,540,603,495,709,605,315,19,132,43194,60909,20719,1566,17736,28046,24680,36107,30855,14487,11571,7518,5710,2916,3553,459,8699,5950,5401,4178,3871,406,1223,549,165,118,47,384,2749,1911,795,1427,838,-888888888,-888888888,-888888888,-888888888,-888888888,-888888888,-888888888,-888888888,-888888888,-888888888,-888888888,-888888888,-888888888,-888888888,-888888888,-888888888,-888888888,-888888888,-888888888
2014,Carter County; Kentucky,22080,11588,11571,10173,1398,17,10492,11571,-888888888,11323,5270,5270,4687,1914,865,3709,2168,9977,7818,1422,55,388,99,195,31.0,10173,2467,1743,2323,1670,1970,10173,187,1076,1408,213,1494,528,334,376,441,2269,845,621,381,21,043,10173,8032,1596,531,14,10525,989,823,1625,1514,1634,1958,864,822,208,88,37139,48829,7136,49879,4502,16216,2573,19645,1071,8593,278,2303,1987,7330,444,337,915,933,1308,1576,802,774,153,88,46304,56928,19536,3195,21192,29358,22324,42780,27374,27135,22915,15035,10973,4220,6210,555,16764,10826,9469,7482,6954,726,1987,1357,683,349,347,674,5938,4934,2605,2819,1004,-888888888,-888888888,-888888888,-888888888,-888888888,-888888888,-888888888,-888888888,-888888888,-888888888,-888888888,-888888888,-888888888,-888888888,-888888888,-888888888,-888888888,-888888888,-888888888
2014,Elliott County; Kentucky,6442,2277,2277,2099,178,0,4165,2277,-888888888,2755,985,985,926,413,232,935,434,2019,1660,242,9,46,21,41,31.5,2099,559,481,263,459,337,2099,99,324,175,24,152,157,42,14,92,499,130,204,187,21,063,2099,1299,567,192,41,2790,621,224,453,434,273,416,217,121,15,16,28363,37800,1554,46100,1257,14158,544,14785,492,7743,113,1928,941,1952,269,134,262,293,255,378,217,121,15,8,35804,45108,15159,838,12688,20441,19990,31049,28869,6767,5721,3195,3226,1046,1500,69,4016,2139,1961,1639,1544,128,322,178,56,25,31,122,1877,1344,417,1025,533,-888888888,-888888888,-888888888,-888888888,-888888888,-888888888,-888888888,-888888888,-888888888,-888888888,-888888888,-888888888,-888888888,-888888888,-888888888,-888888888,-888888888,-888888888,-888888888
2014,Jefferson County; Kentucky,597548,393140,392295,355687,36608,845,204408,392295,-888888888,313665,191621,191476,174379,56155,40267,104854,79126,349017,287034,29410,9681,6763,5082,11047,21.9,355687,130393,58874,89284,23702,53434,355687,1100,16486,39241,11437,37376,27060,8200,29112,35680,87310,34712,16857,11116,21,111,355687,297797,41178,16239,473,306511,26190,18852,35351,34192,44774,54060,34272,34244,11786,12790,47692,67896,234409,69745,90440,17081,57899,22459,19309,8828,8891,3410,44670,185802,9583,6355,15216,17701,25088,35269,26475,28709,10319,11087,62214,83206,28464,120709,30168,42249,30098,46911,38034,742865,652440,514764,231751,90425,171549,7396,470834,370648,336220,288855,276627,19165,47365,34428,16211,10502,6467,18217,100186,83082,51002,41629,17104,-888888888,-888888888,-888888888,-888888888,-888888888,-888888888,-888888888,-888888888,-888888888,-888888888,-888888888,-888888888,-888888888,-888888888,-888888888,-888888888,-888888888,-888888888,-888888888
2014,Larue County; Kentucky,11363,6365,6332,5562,770,33,4998,6332,-888888888,5724,2745,2738,2398,857,530,2166,1560,5500,4670,542,0,128,38,122,26.1,5562,1381,754,998,844,1585,5562,114,491,1293,130,530,381,95,223,243,1030,392,382,258,21,123,5562,4151,848,546,17,5294,423,490,698,734,868,1053,533,309,99,87,39364,51259,3636,53029,1842,16358,1215,19058,508,8208,194,5154,985,3869,294,221,348,490,673,884,465,308,99,87,47313,59031,20051,1425,19913,26962,25302,40322,27309,13862,11978,7961,5895,1884,3169,194,8519,5981,5237,4423,4021,541,814,744,403,209,194,341,2538,2010,861,1394,528,-888888888,-888888888,-888888888,-888888888,-888888888,-888888888,-888888888,-888888888,-888888888,-888888888,-888888888,-888888888,-888888888,-888888888,-888888888,-888888888,-888888888,-888888888,-888888888
2014,Mason County; Kentucky,13741,7906,7892,7347,545,14,5835,7892,-888888888,7251,4052,4052,3795,1398,954,2599,1779,7233,5928,906,44,77,107,171,25.1,7347,2192,1179,1761,916,1299,7347,319,479,1087,95,1027,587,120,289,360,1853,623,292,216,21,161,7347,5819,1030,491,7,6636,677,404,950,964,995,1065,644,636,91,210,39783,61204,4891,62875,2323,16250,1243,18763,545,9685,142,1696,1193,4714,261,128,610,604,882,804,584,588,82,171,46336,71257,23694,1922,20449,34159,24349,46500,30696,17063,14735,10515,6421,2328,4187,402,10370,7321,6788,5766,5364,628,1022,533,269,111,158,264,3049,2409,1235,1419,640,-888888888,-888888888,-888888888,-888888888,-888888888,-888888888,-888888888,-888888888,-888888888,-888888888,-888888888,-888888888,-888888888,-888888888,-888888888,-888888888,-888888888,-888888888,-888888888
