year,county_name,households_by_type_total_households,households_by_type_total_households_married_couple,households_by_type_total_households_married_couple,households_by_type_total_households_cohabiting_cou,households_by_type_total_households_cohabiting_cou,households_by_type_total_households_male_household,households_by_type_total_households_male_household,households_by_type_total_households_male_household,households_by_type_total_households_male_household,households_by_type_total_households_female_househo,households_by_type_total_households_female_househo,households_by_type_total_households_female_househo,households_by_type_total_households_female_househo,households_by_type_total_households_households_wit,households_by_type_total_households_households_wit,households_by_type_total_households_average_househ,households_by_type_total_households_average_family,relationship_population_in_households,relationship_population_in_households_householder,relationship_population_in_households_spouse,relationship_population_in_households_unmarried_pa,relationship_population_in_households_child,relationship_population_in_households_other_relati,relationship_population_in_households_other_nonrel,marital_status_males_15_years_and_over,marital_status_males_15_years_and_over_never_marri,marital_status_males_15_years_and_over_now_married,marital_status_males_15_years_and_over_separated,marital_status_males_15_years_and_over_widowed,marital_status_males_15_years_and_over_divorced,marital_status_females_15_years_and_over,marital_status_females_15_years_and_over_never_mar,marital_status_females_15_years_and_over_now_marri,marital_status_females_15_years_and_over_separated,marital_status_females_15_years_and_over_widowed,marital_status_females_15_years_and_over_divorced,fertility_number_of_women_15_to_50_years_old_who_h,fertility_number_of_women_15_to_50_years_old_who_h,fertility_number_of_women_15_to_50_years_old_who_h,fertility_number_of_women_15_to_50_years_old_who_h,fertility_number_of_women_15_to_50_years_old_who_h,fertility_number_of_women_15_to_50_years_old_who_h,fertility_number_of_women_15_to_50_years_old_who_h,grandparents_number_of_grandparents_living_with_ow,grandparents_number_of_grandparents_living_with_ow,state_fips,county_fips,grandparents_number_of_grandparents_living_with_ow,grandparents_number_of_grandparents_living_with_ow,grandparents_number_of_grandparents_living_with_ow,grandparents_number_of_grandparents_living_with_ow,grandparents_number_of_grandparents_responsible_fo,grandparents_number_of_grandparents_responsible_fo,grandparents_number_of_grandparents_responsible_fo,school_enrollment_population_3_years_and_over_enro,school_enrollment_population_3_years_and_over_enro,school_enrollment_population_3_years_and_over_enro,school_enrollment_population_3_years_and_over_enro,school_enrollment_population_3_years_and_over_enro,school_enrollment_population_3_years_and_over_enro,educational_attainment_population_25_years_and_ove,educational_attainment_population_25_years_and_ove,educational_attainment_population_25_years_and_ove,educational_attainment_population_25_years_and_ove,educational_attainment_population_25_years_and_ove,educational_attainment_population_25_years_and_ove,educational_attainment_population_25_years_and_ove,educational_attainment_population_25_years_and_ove,educational_attainment_population_25_years_and_ove,educational_attainment_population_25_years_and_ove,veteran_status_civilian_population_18_years_and_ov,veteran_status_civilian_population_18_years_and_ov,disability_status_of_the_civilian_noninstitutional,disability_status_of_the_civilian_noninstitutional,disability_status_of_the_civilian_noninstitutional,disability_status_of_the_civilian_noninstitutional,disability_status_of_the_civilian_noninstitutional,disability_status_of_the_civilian_noninstitutional,disability_status_of_the_civilian_noninstitutional,disability_status_of_the_civilian_noninstitutional,residence_1_year_ago_population_1_year_and_over,residence_1_year_ago_population_1_year_and_over_sa,residence_1_year_ago_population_1_year_and_over_di,residence_1_year_ago_population_1_year_and_over_di,residence_1_year_ago_population_1_year_and_over_di,residence_1_year_ago_population_1_year_and_over_di,residence_1_year_ago_population_1_year_and_over_di,residence_1_year_ago_population_1_year_and_over_ab,place_of_birth_total_population,place_of_birth_total_population_native,place_of_birth_total_population_native_born_in_uni,place_of_birth_total_population_native_born_in_uni,place_of_birth_total_population_native_born_in_uni,place_of_birth_total_population_native_born_in_pue,place_of_birth_total_population_foreign_born,u.s._citizenship_status_foreign_born_population,u.s._citizenship_status_foreign_born_population_na,u.s._citizenship_status_foreign_born_population_no,year_of_entry_population_born_outside_the_united_s,year_of_entry_population_born_outside_the_united_s,year_of_entry_population_born_outside_the_united_s,year_of_entry_population_born_outside_the_united_s,year_of_entry_population_born_outside_the_united_s,year_of_entry_population_born_outside_the_united_s,year_of_entry_population_born_outside_the_united_s,world_region_of_birth_of_foreign_born_foreign_born,world_region_of_birth_of_foreign_born_foreign_born,world_region_of_birth_of_foreign_born_foreign_born,world_region_of_birth_of_foreign_born_foreign_born,world_region_of_birth_of_foreign_born_foreign_born,world_region_of_birth_of_foreign_born_foreign_born,world_region_of_birth_of_foreign_born_foreign_born,language_spoken_at_home_population_5_years_and_ove,language_spoken_at_home_population_5_years_and_ove,language_spoken_at_home_population_5_years_and_ove,language_spoken_at_home_population_5_years_and_ove,language_spoken_at_home_population_5_years_and_ove,language_spoken_at_home_population_5_years_and_ove,language_spoken_at_home_population_5_years_and_ove,language_spoken_at_home_population_5_years_and_ove,language_spoken_at_home_population_5_years_and_ove,language_spoken_at_home_population_5_years_and_ove,language_spoken_at_home_population_5_years_and_ove,language_spoken_at_home_population_5_years_and_ove,ancestry_total_population,ancestry_total_population_american,ancestry_total_population_arab,ancestry_total_population_czech,ancestry_total_population_danish,ancestry_total_population_dutch,ancestry_total_population_english,ancestry_total_population_french_except_basque,ancestry_total_population_french_canadian,ancestry_total_population_german,ancestry_total_population_greek,ancestry_total_population_hungarian,ancestry_total_population_irish,ancestry_total_population_italian,ancestry_total_population_lithuanian,ancestry_total_population_norwegian,ancestry_total_population_polish,ancestry_total_population_portuguese,ancestry_total_population_russian,ancestry_total_population_scotch_irish,ancestry_total_population_scottish,ancestry_total_population_slovak,ancestry_total_population_subsaharan_african,ancestry_total_population_swedish,ancestry_total_population_swiss,ancestry_total_population_ukrainian,ancestry_total_population_welsh,ancestry_total_population_west_indian_excluding_hi,computers_and_internet_use_total_households,computers_and_internet_use_total_households_with_a,computers_and_internet_use_total_households_with_a
2019,Surry County; Virginia,2730,1459,388,92,34,446,30,323,118,733,122,385,245,735,1034,2.39,2.88,6523,2730,1453,99,1672,468,101,2684,656,1576,106,53,293,2927,796,1449,53,328,301,60,24,32,47,0,113,0,269,142,51,181,3,18,63,58,142,93,73,1155,60,58,568,207,262,4952,270,474,1794,1086,307,667,354,4208,1021,5386,707,6517,1026,1131,88,3973,449,1413,489,6467,6031,436,120,316,201,115,0,6523,6452,6435,4912,1523,17,71,71,42,29,88,17,0,17,71,3,68,71,39,12,15,0,5,0,6237,6158,79,2,8,2,36,0,22,0,13,0,6523,590,0,2,2,26,801,73,0,341,0,23,436,95,1,6,64,6,45,88,117,0,814,59,15,0,85,7,2730,2247,1769
2019,Clarke County; Virginia,5612,3124,1109,235,29,957,51,692,175,1296,230,752,487,1673,1978,2.54,3.03,14227,5612,3107,242,3785,1017,464,6022,1782,3422,54,162,602,6085,1155,3341,165,768,656,170,46,38,60,0,153,20,420,102,51,043,57,14,0,31,102,44,77,3034,140,232,1271,930,461,10358,501,630,3067,1864,964,1796,1536,9227,3332,11443,1095,14254,1503,2934,59,8439,469,2881,975,14300,12885,1394,288,1106,836,270,21,14423,13911,13757,7690,6067,154,512,512,262,250,666,154,31,123,512,98,414,512,116,116,6,0,271,3,13785,12951,834,272,553,169,156,46,104,55,21,2,14423,1972,77,34,37,132,1876,291,94,2185,48,23,1933,906,0,78,294,0,72,274,589,39,20,165,43,0,191,6,5612,5100,4416
2019,Mecklenburg County; Virginia,12075,5438,1153,551,276,2172,159,1573,573,3914,729,2445,1483,2798,5235,2.46,3.09,29715,12075,5446,547,7636,3026,985,12473,4146,6017,433,591,1286,13464,3371,5818,385,2191,1699,397,267,82,70,7,154,16,1015,427,51,117,127,58,31,211,427,277,266,5427,333,315,2648,1405,726,22720,1749,2354,7220,4817,1997,3217,1366,18617,4583,24916,2388,29803,6195,5812,409,16627,2990,7364,2796,30350,28229,2101,740,1361,703,658,20,30728,29987,29916,21500,8416,71,741,741,214,527,812,71,0,71,741,288,453,741,98,34,44,0,565,0,29171,28574,597,243,362,160,129,30,29,9,77,44,30728,6104,91,9,6,89,3171,258,42,1377,17,138,1666,611,0,52,334,0,40,658,382,35,501,65,7,17,248,21,12075,8845,7333
2019,Augusta County; Virginia,29539,16762,5239,1449,552,4389,447,3030,1102,6939,745,4308,2408,8439,10707,2.40,2.83,70880,29539,16734,1459,17695,3939,1514,32367,9051,18101,657,1169,3389,31084,6144,17517,766,3480,3177,709,287,43,48,9,93,24,2120,1261,51,015,117,322,211,611,1261,738,1179,14460,991,714,6556,3664,2535,55109,2144,4818,21353,10376,3892,8166,4360,48147,12526,60599,5648,70843,9670,14282,539,41459,4540,15102,4591,74550,65078,9294,4413,4881,3933,948,178,75079,73151,72528,53264,19264,623,1928,1928,847,1081,2551,623,106,517,1928,463,1465,1928,470,423,126,0,839,70,71671,69200,2471,883,1615,708,612,94,213,59,31,22,75079,10264,187,80,138,1126,8631,1312,214,12189,109,74,6405,1821,13,300,933,89,287,3131,1774,24,236,294,351,74,293,21,29539,25607,22398
2019,Goochland County; Virginia,8506,5408,1642,230,39,1194,15,857,289,1674,171,1222,700,2155,3277,2.55,3.05,21711,8506,5391,260,5612,1551,391,9670,2695,5641,206,405,723,10032,1947,5870,214,991,1010,88,13,6,19,0,38,13,572,262,51,075,24,32,19,187,262,141,233,4478,299,83,1882,1393,821,17126,556,919,4083,3183,1226,4413,2746,15651,7159,18805,1530,21736,2664,3998,238,12851,1222,4887,1204,22749,20293,2420,389,2031,1714,317,36,22865,21920,21544,14222,7322,376,945,945,644,301,1321,376,31,345,945,78,867,945,217,305,14,12,290,107,22024,20913,1111,329,453,185,350,56,253,71,55,17,22865,1660,33,86,71,266,3838,381,39,3281,158,78,2448,1193,10,80,318,61,79,427,701,14,54,412,19,49,266,0,8506,7721,7081
2019,Madison County; Virginia,4949,2900,879,124,44,882,69,672,234,1043,155,593,355,1375,1768,2.62,3.12,12954,4949,2897,112,3611,969,416,5330,1418,3245,137,187,343,5589,1353,3121,59,513,543,176,0,0,69,0,173,0,362,150,51,113,37,31,0,82,150,82,136,2709,210,150,1327,561,461,9581,496,839,3476,1982,548,1454,786,8246,2240,10458,822,13020,1708,2712,67,7581,799,2727,842,13017,11616,1369,685,684,574,110,32,13170,12780,12663,9811,2852,117,390,390,188,202,507,117,0,117,390,107,283,390,107,64,0,11,208,0,12545,12092,453,183,151,78,184,32,118,73,0,0,13170,1539,146,19,10,89,1671,142,10,2688,0,80,1681,417,13,10,148,64,24,199,660,21,30,31,25,0,69,0,4949,4189,3497
2019,Roanoke County; Virginia,38222,20488,7192,2379,789,5277,338,4209,1470,10078,1597,6418,3743,11140,13409,2.40,2.92,91629,38222,20520,2376,24660,4440,1411,37222,9779,21873,550,1187,3833,41276,9345,21371,786,4317,5457,876,211,21,43,21,75,23,2391,802,51,161,41,177,74,510,802,475,612,20526,1480,853,8740,5083,4370,67542,1760,3419,16895,13299,8148,15399,8622,62363,24021,74767,6541,92166,10117,18967,719,54001,4555,19198,4843,93159,82070,10673,4249,6424,4656,1768,416,93823,88477,87687,59004,28683,790,5346,5346,3151,2195,6136,790,64,726,5346,1175,4171,5346,980,2447,256,0,1507,156,89405,83199,6206,2056,2254,743,1798,524,1778,691,376,98,93823,11738,509,154,166,814,11908,1851,212,13093,208,225,9392,2843,109,399,1051,60,182,2652,2543,204,255,578,264,245,569,129,38222,34724,32163
2019,Brunswick County; Virginia,6037,2104,438,335,123,1151,104,841,386,2447,461,1160,614,1475,2462,2.34,3.01,14132,6037,2180,256,4028,1328,303,7718,3522,2663,339,204,990,6561,2158,2198,293,959,953,190,170,81,65,0,147,25,476,120,51,025,37,20,11,52,120,86,85,3282,80,236,1143,976,847,12305,544,2100,4473,2842,676,1005,665,9661,1670,13763,1333,14453,2787,2757,192,8345,1351,3351,1244,16347,14559,1762,486,1276,925,351,26,16520,16232,16053,12630,3423,179,288,288,69,219,467,179,10,169,288,101,187,288,29,77,0,0,182,0,15811,15359,452,160,274,90,77,5,78,65,23,0,16520,940,12,16,19,72,1089,260,28,665,14,174,884,212,28,52,107,9,0,155,103,7,2492,0,1,39,51,64,6037,4732,4019
2019,Northampton County; Virginia,5148,2192,521,228,36,990,71,777,320,1738,291,1029,617,1127,2168,2.25,2.88,11581,5148,2202,228,2884,778,341,4656,1481,2347,135,210,483,5206,1358,2222,185,813,628,130,43,34,61,0,114,34,152,85,51,131,4,0,27,54,85,50,65,2111,119,61,1084,502,345,8704,549,974,3044,1564,603,1165,805,7181,1970,9507,1055,11618,1811,2363,136,6276,600,2979,1075,11799,11109,687,341,346,193,153,3,11885,11236,11177,7539,3638,59,649,649,349,300,708,59,14,45,649,64,585,649,128,110,11,0,389,11,11256,10180,1076,369,825,305,184,22,67,42,0,0,11885,6618,4,5,0,85,943,145,12,528,79,6,761,209,0,11,108,0,61,82,146,9,62,37,17,5,60,29,5148,4243,3720
2019,Rockbridge County; Virginia,9248,4999,1542,566,162,1404,119,1055,545,2279,281,1492,890,2473,3897,2.42,2.90,22352,9248,5073,504,5383,1353,791,9507,2486,5498,88,278,1157,9867,1980,5083,209,1199,1396,177,71,32,41,30,86,7,628,349,51,163,22,79,35,213,349,191,254,4298,315,251,1675,1091,966,17011,872,1371,5727,3102,1402,2727,1810,14768,4537,18554,1707,22364,3119,3962,288,12703,1314,5699,1517,22384,19750,2568,1450,1118,799,319,66,22570,22046,21899,15235,6664,147,524,524,326,198,671,147,11,136,524,46,478,524,200,85,0,0,239,0,21590,20875,715,219,390,204,272,15,53,0,0,0,22570,5211,0,24,0,345,2095,285,62,2144,25,133,2369,573,0,138,206,49,30,1091,235,30,41,54,66,0,84,0,9248,7754,6997
2019,Norton city; Virginia,1628,599,286,22,0,385,71,217,124,622,187,364,211,577,493,2.40,3.09,3913,1628,597,23,1111,313,241,1410,412,732,0,43,223,1734,271,728,113,156,466,40,0,0,45,217,57,0,95,50,51,720,27,0,0,23,50,24,50,857,70,22,392,186,187,2747,110,329,659,727,297,409,216,2308,625,3029,230,3913,830,941,77,2360,494,612,259,3921,2914,1007,94,913,799,114,0,3970,3824,3784,2951,833,40,146,146,109,37,186,40,0,40,146,56,90,146,0,146,0,0,0,0,3614,3468,146,0,0,0,37,0,109,0,0,0,3970,1391,6,0,6,26,138,93,6,314,16,0,362,99,0,0,65,8,0,52,34,0,0,0,18,0,0,0,1628,1373,1107
2019,Colonial Heights city; Virginia,7036,2957,950,528,257,1073,122,832,285,2478,572,1470,707,2232,2572,2.45,3.08,17262,7036,2907,580,5113,1208,418,6341,2113,3132,172,268,656,7732,2429,3091,201,972,1039,176,114,43,44,0,97,3,536,84,51,570,13,23,22,26,84,55,70,3892,172,220,1830,822,848,12094,421,610,3795,2948,1238,2069,1013,11063,3082,13424,1681,17297,2736,3973,255,9866,1186,3458,1295,17322,14297,2943,820,2123,1847,276,82,17428,16152,15766,10663,5103,386,1276,1276,878,398,1662,386,50,336,1276,209,1067,1276,320,559,229,0,156,12,16363,14673,1690,604,531,176,473,164,438,232,248,32,17428,1241,55,52,19,70,1899,414,132,1738,26,24,1533,867,13,36,168,21,38,383,291,31,297,96,43,22,51,57,7036,6278,5498
2019,Bland County; Virginia,2367,1365,426,67,55,345,0,227,130,590,73,396,229,615,1033,2.32,2.72,5486,2367,1342,82,1358,281,56,3072,928,1526,116,134,368,2474,353,1512,21,273,315,17,0,0,16,0,44,0,112,43,51,021,17,26,0,0,43,25,43,1026,12,146,326,235,307,4945,220,345,2098,1054,527,520,181,4380,701,5354,362,5486,1003,1034,66,3087,408,1365,529,6373,5743,630,73,557,501,56,0,6388,6371,6363,3588,2775,8,17,17,6,11,25,8,0,8,17,0,17,17,11,6,0,0,0,0,6113,5968,145,0,102,0,17,0,19,0,7,0,6388,1506,0,0,0,79,543,43,0,610,0,0,598,66,0,16,27,0,0,196,237,0,21,25,8,0,64,0,2367,1910,1675
2019,Botetourt County; Virginia,13264,8303,2680,479,151,1787,83,1357,442,2695,363,1808,1118,3657,4886,2.49,2.92,33006,13264,8293,509,8630,1587,723,13826,3370,8578,155,541,1182,14414,2851,8564,264,1320,1415,192,46,15,29,0,54,19,553,294,51,023,31,64,29,170,294,174,258,7004,418,258,3030,1908,1390,24512,835,940,7919,5071,2804,4206,2737,22737,6943,26838,2867,33003,4438,6468,445,19340,1847,7195,2146,33175,29753,3309,1836,1473,1033,440,113,33343,32590,32329,21960,10369,261,753,753,464,289,1014,261,2,259,753,172,581,753,270,117,27,3,225,111,31924,31020,904,303,428,199,383,61,84,34,9,9,33343,6102,70,10,161,312,3478,554,231,4354,42,26,3815,1065,40,174,426,44,210,759,957,11,39,68,100,69,213,5,13264,11768,10635
2019,Bristol city; Virginia,7334,3044,864,349,82,1351,15,1227,393,2590,542,1547,935,1710,2651,2.26,3.00,16552,7334,2964,430,4292,1187,345,6645,2072,3259,125,203,986,7466,1699,3339,281,992,1155,170,57,32,45,63,86,4,511,372,51,520,63,61,70,178,372,248,307,3556,225,237,1424,925,745,12084,384,1466,3585,2628,953,1814,1254,10234,3068,13308,1216,16738,3821,3592,203,9700,2014,3446,1604,16721,14376,2333,642,1691,776,915,12,16912,16734,16671,7715,8956,63,178,178,123,55,241,63,0,63,178,22,156,178,50,11,29,0,88,0,15976,15584,392,75,89,41,270,24,14,10,19,0,16912,4438,7,0,0,207,1829,185,16,1769,19,20,1901,163,14,18,96,26,19,385,406,23,5,12,0,10,107,131,7334,6171,5669
2019,Williamsburg city; Virginia,4706,1666,462,278,54,1180,36,942,230,1582,151,960,390,782,1553,2.24,2.93,10550,4706,1657,284,2062,524,1317,6158,3605,1827,50,213,463,7498,4671,1756,57,440,574,95,30,7,18,0,32,3,80,49,51,830,10,28,0,11,49,43,11,7198,177,82,566,330,6043,7439,82,310,1393,1071,361,2019,2203,7047,4222,13273,1009,14696,1602,1556,63,10882,843,2258,696,14875,9305,5108,1380,3728,2453,1275,462,14927,13900,13563,6188,7375,337,1027,1027,381,646,1364,337,44,293,1027,472,555,1027,145,577,92,36,148,29,14412,12410,2002,278,564,102,546,43,569,83,323,50,14927,758,213,98,104,111,2062,251,199,2397,126,108,1866,1051,100,94,523,85,221,224,484,23,164,249,0,73,175,69,4706,4484,4058
2019,Carroll County; Virginia,12357,6346,1825,651,393,2348,91,1882,665,3012,374,1855,1204,3041,4954,2.40,2.94,29630,12357,6309,681,7415,2134,734,12547,3205,6913,342,610,1477,12701,2304,6673,394,1720,1610,308,149,51,54,125,98,4,827,405,51,035,155,0,104,146,405,229,279,5188,267,377,2465,1276,803,22236,1797,2473,7999,4300,2327,2377,963,17966,3340,24157,1880,29645,5162,5603,155,17058,2583,6984,2424,29506,27009,2390,1435,955,473,482,107,29801,29193,29059,18829,10230,134,608,608,239,369,742,134,4,130,608,251,357,608,80,13,1,0,503,11,28306,27597,709,357,500,338,190,5,4,0,15,14,29801,8181,13,51,35,287,3009,199,29,2579,32,0,2679,344,13,28,116,0,17,625,650,0,22,81,15,0,200,4,12357,9677,8388
2019,Hampton city; Virginia,54050,20365,6950,3173,1178,11284,816,7668,1924,19228,4035,9949,4157,14979,14501,2.41,3.06,130462,54050,20293,3235,37173,9075,6636,52954,21378,22454,1442,1575,6105,58197,19432,22481,1510,5804,8970,1274,491,23,38,0,64,19,2831,1152,51,650,219,319,119,495,1152,900,521,35446,1928,1290,12471,6581,13176,90505,2242,5505,26300,23163,8949,14858,9488,82758,24346,101380,18797,129082,20278,28512,1614,80582,11082,19988,7582,133773,108619,24631,10076,14555,8099,6456,523,135041,128695,125680,68256,57424,3015,6346,6346,4082,2264,9361,3015,364,2651,6346,1161,5185,6346,686,2521,669,0,2417,53,126762,118526,8236,2489,4270,1232,952,90,2365,1070,649,97,135041,8637,360,81,182,725,7781,1531,431,8374,365,315,7471,3223,83,358,1274,220,192,866,1650,83,3081,590,70,203,352,1526,54050,49414,44332
2019,Washington County; Virginia,22321,11651,3379,819,349,3885,103,3115,1045,5966,883,3645,2174,5630,8481,2.34,2.88,52230,22321,11668,813,12769,3398,1261,22500,6136,12287,577,939,2561,23659,4564,12421,488,3219,2967,428,186,34,38,18,82,11,1230,743,51,191,66,136,75,466,743,459,526,10645,532,497,4511,2507,2598,39884,2428,3265,13678,7480,3938,5482,3613,34191,9095,44115,3537,53184,11277,9902,801,31364,5615,11918,4861,53684,47423,6155,2724,3431,2288,1143,106,54071,53337,53164,33151,20013,173,734,734,379,355,907,173,0,173,734,105,629,734,146,215,10,0,278,85,51855,50864,991,255,576,184,264,29,106,33,45,9,54071,14378,16,51,95,606,5639,414,169,5954,124,139,5915,764,8,181,315,6,165,2005,1082,7,49,101,263,23,326,16,22321,18937,16829
2019,Page County; Virginia,9286,4843,1334,798,247,1660,193,1088,424,1985,282,1160,814,2492,3517,2.54,3.01,23575,9286,4895,740,6377,1572,705,9757,3003,5055,246,363,1090,10096,2137,5367,250,1174,1168,315,131,52,65,0,168,4,623,362,51,139,85,19,40,218,362,257,302,4690,259,240,2232,1116,843,17388,1150,1867,7913,3106,968,1568,816,14371,2384,18934,1710,23556,4711,4827,316,13876,2282,4853,2113,23518,20392,3095,2016,1079,857,222,31,23788,23400,23222,18322,4900,178,388,388,221,167,566,178,17,161,388,43,345,388,103,105,52,14,110,4,22636,22115,521,121,270,78,173,27,59,16,19,0,23788,3449,61,31,88,207,2119,382,25,3993,19,53,2374,712,2,136,146,0,54,240,762,0,18,60,160,0,94,0,9286,7153,6235
2019,Alexandria city; Virginia,70598,25736,10739,4362,868,15791,523,11746,1889,24709,2785,17402,4770,15884,13292,2.21,3.02,156086,70598,25698,4414,34216,9869,11291,63024,25358,29396,1362,1003,5905,69494,26850,28486,1577,4256,8325,2012,416,16,43,1,63,29,1714,545,51,510,178,112,74,181,545,397,140,30504,2873,1412,10848,5111,10260,119631,4746,3605,13882,15653,6262,35528,39955,111280,75483,126248,11220,153892,10964,28603,791,107943,5722,17346,4451,155488,122783,29330,10641,18689,8382,10307,3375,157613,114677,109497,33586,75911,5180,42936,42936,17377,25559,48116,5180,925,4255,42936,13265,29671,42936,3605,10272,13788,259,14503,509,146399,97339,49060,17702,21112,9480,9127,2196,4980,1566,13841,4460,157613,5485,3480,732,527,1305,14039,3333,712,17127,883,721,16461,7584,493,1432,4277,457,2025,2041,3615,511,14670,1850,594,559,1175,1299,70598,67562,64603
2019,Arlington County; Virginia,107032,40114,18282,7232,432,27511,824,19858,2925,32175,2977,22061,5617,23758,18373,2.15,2.97,230027,107032,39977,7385,47594,9247,18792,98323,44689,45338,1198,1365,5733,99103,41486,42563,1202,4856,8996,2684,308,8,39,2,37,47,1795,298,51,013,90,23,42,143,298,176,109,48465,4700,2576,17114,7445,16630,172979,6206,3588,13487,13405,6041,60599,69653,163185,130252,188439,12177,228804,13526,41546,965,163303,6703,23955,5858,230570,183640,41775,16803,24972,10091,14881,5155,233464,179200,172752,47329,125423,6448,54264,54264,26667,27597,60712,6448,1614,4834,54264,16181,38083,54264,6769,20030,7161,312,19449,543,219590,154457,65133,17815,29632,9136,14531,2559,12580,4144,8390,1976,233464,8494,4916,1063,1156,2494,23185,6060,1375,29582,2075,1336,27399,14061,895,2700,8130,750,3961,2663,6231,637,5690,2816,1009,1667,2095,1311,107032,102425,97674
2019,Buchanan County; Virginia,8569,4156,1026,452,180,1406,122,959,279,2555,368,1475,874,2065,3204,2.44,2.96,20888,8569,4142,449,5842,1311,575,9317,2835,4558,300,455,1169,9285,1894,4467,383,1209,1332,211,78,36,50,49,74,31,568,282,51,027,17,80,43,142,282,205,144,3942,94,281,1581,1104,882,16363,2056,2839,5739,2769,1036,1102,822,11468,1924,17858,806,20910,5578,3762,280,12656,3056,4492,2242,21610,19699,1881,862,1019,456,563,30,21788,21405,21337,17130,4207,68,383,383,206,177,451,68,4,64,383,127,256,383,35,131,142,0,75,0,20924,20498,426,79,69,14,93,12,62,0,202,53,21788,10334,78,0,0,140,736,116,29,1018,0,15,1138,118,0,115,31,0,0,231,207,0,188,50,41,0,147,9,8569,6224,5546
2019,Stafford County; Virginia,47075,30642,14351,2396,979,5012,663,3154,729,9025,2634,4056,1767,20547,10185,3.04,3.36,143143,47075,30601,2405,50012,9117,3933,58091,19049,33298,818,1003,3923,57440,14608,32180,1415,3345,5892,2020,570,34,56,15,100,31,4125,1313,51,179,86,293,123,811,1313,701,1076,42030,2152,1896,17450,9955,10577,93950,2334,4028,21483,20785,7822,22089,15409,87588,37498,104652,20297,141163,12510,38352,919,88117,6606,14694,4985,145139,123187,20844,6742,14102,7475,6627,1108,146773,132439,127931,55608,72323,4508,14334,14334,8309,6025,18842,4508,902,3606,14334,1639,12695,14334,1647,3814,1277,55,7362,179,137410,117666,19744,6620,12125,4367,3504,943,2447,940,1668,370,146773,8933,939,648,582,1322,13522,2834,870,18289,587,637,15554,8002,255,1378,3898,538,880,2117,3459,389,2173,1050,233,345,1388,1300,47075,45616,44388
2019,Richmond city; Virginia,90301,22575,6977,6640,1361,23078,706,16908,3850,38008,6343,22291,7246,18201,21347,2.39,3.35,215695,90301,22637,6578,52004,19168,25007,89974,49645,26312,2066,2592,9359,102123,51591,26159,3659,7819,12895,2989,1612,33,46,8,67,26,3538,1203,51,760,316,148,186,553,1203,883,304,55683,2974,2621,16311,7203,26574,157879,8531,14523,34429,29041,8777,37147,25431,134825,62578,185997,11806,223952,34052,39890,2667,155677,20606,28385,10779,223805,170428,51540,25891,25649,18591,7058,1837,226622,210689,207564,138125,69439,3125,15933,15933,4890,11043,19058,3125,427,2698,15933,5851,10082,15933,1537,3381,1407,71,9179,358,213270,193137,20133,10127,12433,7821,3435,897,2454,949,1811,460,226622,9630,1737,630,470,1129,16757,3094,728,15607,859,610,14299,8006,284,1141,2949,230,895,3040,4792,349,3347,1149,549,519,1543,2195,90301,79530,68129
2019,Essex County; Virginia,4555,2162,521,430,272,662,0,519,160,1301,273,849,421,1251,1648,2.38,2.90,10844,4555,2081,509,2743,833,123,4150,1226,2147,48,144,585,4957,1642,2222,65,632,396,210,175,111,93,15,193,16,322,216,51,057,106,14,9,87,216,108,216,2245,233,87,992,490,443,7883,366,1028,2973,1763,383,1001,369,6489,1370,8746,636,10894,1596,2225,124,6291,748,2378,724,10893,9564,1325,786,539,353,186,4,10998,10827,10757,8378,2379,70,171,171,112,59,241,70,0,70,171,33,138,171,13,71,56,3,28,0,10358,9985,373,134,141,50,111,0,89,52,32,32,10998,569,12,46,0,104,1322,208,11,932,0,3,838,416,0,33,117,0,18,91,204,0,899,12,0,0,9,0,4555,3677,2796
2019,Tazewell County; Virginia,16531,8341,2414,614,244,2813,204,1991,769,4763,506,2896,1750,4307,6328,2.42,3.00,40058,16531,8334,634,10562,3275,722,17346,5038,9069,509,780,1950,17684,3254,8730,744,2787,2169,682,254,68,84,17,176,32,1393,834,51,185,209,172,170,283,834,536,582,7933,304,518,3452,1891,1768,30468,2621,2949,11108,6115,3125,2873,1677,24898,4550,33561,2429,40320,8789,8019,445,23567,4597,8734,3747,40873,36803,4065,2304,1761,898,863,5,41603,41232,41054,24269,16785,178,371,371,152,219,549,178,0,178,371,118,253,371,36,197,4,15,97,22,39409,38944,465,98,119,50,151,43,135,5,60,0,41603,10797,50,22,6,505,2887,352,16,4283,22,379,5742,1084,11,145,151,0,69,1012,655,0,6,72,0,25,114,31,16531,13197,12068
2019,Manassas Park city; Virginia,4641,2440,1245,394,84,755,120,471,102,1052,304,542,154,2037,886,3.66,4.38,16986,4641,2457,380,5685,2944,879,7007,2464,3490,321,63,669,6315,2038,2784,342,418,733,85,10,4,19,0,44,0,721,186,51,685,15,113,28,30,186,115,131,5004,232,298,2069,972,1433,11099,909,1006,2935,1919,1237,2096,997,9184,3093,12609,916,16957,1559,4348,97,11172,826,1437,636,16871,14022,2703,401,2302,1718,584,146,16986,10851,10479,6422,4057,372,6135,6135,2946,3189,6507,372,102,270,6135,1323,4812,6135,229,1611,534,0,3761,0,15888,8252,7636,3385,5244,2440,1219,430,943,482,230,33,16986,638,5,34,0,128,594,148,139,1083,0,44,1119,342,0,9,120,201,11,26,214,11,510,161,14,32,307,277,4641,4492,4157
2019,Sussex County; Virginia,3794,1656,492,163,82,680,59,403,128,1295,298,671,379,1056,1402,2.38,2.95,9033,3794,1677,155,2637,593,177,6037,3067,2069,157,133,611,3869,1098,1769,128,435,439,127,83,81,74,0,108,63,155,91,51,183,1,15,13,62,91,71,49,2125,62,26,894,683,460,8395,511,1140,3568,1607,500,742,327,6744,1069,9566,974,9086,1531,1785,88,5449,728,1852,715,11262,9545,1698,289,1409,1278,131,19,11377,11114,11044,8871,2173,70,263,263,115,148,333,70,2,68,263,21,242,263,18,58,10,0,162,15,10890,10374,516,90,259,71,120,8,20,11,117,0,11377,566,33,41,11,41,715,132,8,483,3,0,562,71,0,6,106,7,11,79,134,52,2304,13,0,1,26,141,3794,2989,2520
2019,Manassas city; Virginia,12898,7312,3378,666,207,1507,185,931,219,3413,868,1913,768,5188,2861,3.19,3.75,41094,12898,7280,688,14060,4672,1496,15866,5621,8774,192,271,1008,15860,4950,7814,396,941,1759,661,111,22,66,2,92,59,1266,190,51,683,76,29,27,58,190,121,118,10864,575,641,5027,2289,2332,26403,2402,2160,6805,4859,2358,4828,2991,21841,7819,30023,2316,41082,2769,11059,186,26020,1474,4003,1109,40520,34634,5615,1970,3645,2895,750,271,41174,30402,29417,15928,13489,985,10772,10772,4366,6406,11757,985,284,701,10772,1844,8928,10772,534,1877,578,23,7739,21,37730,22502,15228,7221,12055,5843,1354,531,1163,676,656,171,41174,1720,399,38,40,346,2487,507,176,3682,157,110,3474,1376,56,345,574,106,306,267,462,130,719,180,107,84,271,416,12898,11919,11483
2019,Salem city; Virginia,9912,4309,1422,536,217,1883,171,1433,469,3184,564,1848,1004,2831,3348,2.30,2.92,22754,9912,4346,519,5747,1690,540,9988,3450,4808,136,224,1370,11395,3415,4720,213,1384,1663,295,91,26,49,16,86,25,541,238,51,775,29,97,24,88,238,139,122,6816,438,114,2309,1110,2845,17108,583,1273,4953,3577,1947,2961,1814,15252,4775,20426,1747,24411,2812,4814,221,15346,1257,4251,1334,25119,21328,3746,1190,2556,2005,551,45,25317,24460,24319,17585,6734,141,857,857,299,558,998,141,33,108,857,235,622,857,163,344,66,11,237,36,24182,23007,1175,345,517,147,463,145,67,22,128,31,25317,3355,108,67,48,232,2559,304,48,3425,30,85,2605,876,29,32,215,37,41,871,438,11,29,112,69,46,299,93,9912,8949,7862
2019,Charlotte County; Virginia,4661,2042,521,249,81,938,64,674,376,1432,229,871,484,1132,1877,2.55,3.24,11882,4661,2039,241,3490,1046,405,4862,1729,2110,124,185,714,5056,1365,2098,270,690,633,98,20,16,42,44,37,47,368,135,51,037,17,7,80,31,135,58,92,2532,146,118,1340,584,344,8449,587,832,3415,1890,807,604,314,7030,918,9368,826,11908,2460,2661,327,6658,1142,2589,991,11954,11137,817,282,535,384,151,0,12040,11947,11924,9007,2917,23,93,93,72,21,116,23,0,23,93,19,74,93,0,68,6,0,19,0,11442,11197,245,135,20,9,179,116,40,10,6,0,12040,2785,0,2,1,54,685,125,91,794,10,18,898,327,9,5,49,19,5,207,178,12,66,25,8,0,46,4,4661,3322,2783
2019,Greensville County; Virginia,3647,1564,565,183,66,852,41,639,167,1048,211,517,389,1063,1347,2.26,2.83,8244,3647,1517,226,2035,782,37,6444,3092,1962,227,228,935,3544,843,1662,116,589,334,88,50,56,51,0,82,34,186,45,51,081,0,0,12,33,45,28,39,2386,163,117,934,665,507,8795,572,1382,3630,1838,568,540,265,6841,805,9719,868,8244,1354,1773,156,4833,603,1638,595,11477,9284,2193,302,1891,1745,146,0,11525,11327,11250,8006,3244,77,198,198,59,139,275,77,0,77,198,16,182,198,43,7,0,0,148,0,11076,10640,436,87,322,87,84,0,7,0,23,0,11525,620,46,13,0,26,750,31,27,772,0,30,477,136,0,10,22,38,8,117,134,47,2875,0,0,7,22,95,3647,2901,2305
2019,Isle of Wight County; Virginia,14587,8155,2833,746,233,2120,27,1717,565,3566,835,1950,1307,4485,4922,2.49,2.97,36370,14587,8112,795,10113,2008,755,14745,3911,8668,302,457,1407,15612,3458,8565,342,1590,1657,222,53,14,29,10,62,9,803,373,51,093,48,57,63,205,373,245,234,8516,436,556,3457,1813,2254,26285,951,2231,7345,5899,2752,4132,2975,23103,7107,28724,3806,36181,5242,7656,579,21859,2503,6666,2160,36400,32540,3468,1119,2349,1940,409,392,36627,35546,35042,24191,10851,504,1081,1081,487,594,1585,504,112,392,1081,538,543,1081,301,276,32,0,457,15,34735,33076,1659,549,750,361,549,97,206,89,154,2,36627,3553,81,83,31,316,4518,683,139,3488,108,91,2920,1121,20,129,773,53,56,485,1057,40,3422,315,53,109,386,40,14587,12999,11398
2019,Franklin city; Virginia,3522,1226,382,115,8,592,15,479,190,1589,490,789,437,934,1262,2.28,3.02,8019,3522,1238,101,2801,297,60,2746,899,1320,111,114,302,3637,1089,1187,131,540,690,287,161,137,159,0,164,194,79,67,51,620,9,0,15,43,67,39,65,2032,115,224,960,357,376,5762,180,609,1677,1344,853,689,410,4973,1099,6096,579,8033,1126,2051,54,4510,492,1472,580,8020,7215,805,414,391,298,93,0,8147,8036,8004,6114,1890,32,111,111,85,26,143,32,14,18,111,11,100,111,1,73,0,0,37,0,7601,7394,207,35,131,24,49,11,27,0,0,0,8147,627,0,0,0,24,580,50,0,511,0,0,289,59,0,52,6,0,51,57,24,0,1862,20,23,0,0,0,3522,2874,2566
2019,Lexington city; Virginia,2158,645,235,93,13,489,14,366,103,931,45,699,445,372,903,2.02,2.84,4354,2158,683,85,778,135,515,3978,3033,681,33,71,160,2801,1385,757,8,241,410,12,0,0,8,0,0,38,65,65,51,678,0,0,0,65,65,24,65,4227,57,21,230,200,3719,3190,88,185,698,582,147,897,593,2917,1490,6568,293,7161,912,649,70,5432,530,1080,312,7205,5749,1383,283,1100,568,532,73,7241,6904,6669,2914,3755,235,337,337,162,175,572,235,20,215,337,131,206,337,62,222,29,23,1,0,7074,6638,436,78,194,24,67,0,175,54,0,0,7241,714,8,54,36,40,997,333,91,1408,0,13,1046,337,4,27,319,21,19,200,533,23,29,196,0,162,133,7,2158,1807,1552
2019,Henry County; Virginia,21218,9496,2324,1079,337,3847,182,3027,1123,6796,1010,4197,2267,4763,8449,2.38,3.08,50567,21218,9566,1044,13755,3625,1359,20519,5407,10485,631,1195,2801,22606,5093,10302,839,3189,3183,579,321,58,58,0,121,21,1281,716,51,089,85,158,183,290,716,380,601,10242,474,583,4503,2654,2028,37831,3032,4505,12957,7931,4138,3433,1835,30294,5268,41312,3804,50684,10565,9996,522,28854,5309,11834,4734,50780,45998,4705,2655,2050,1592,458,77,51308,49918,49558,36754,12804,360,1390,1390,697,693,1750,360,32,328,1390,52,1338,1371,121,220,25,0,977,28,48904,45603,3301,1209,2672,1062,330,35,274,97,25,15,51308,13688,10,7,44,216,3750,756,15,2789,32,11,3543,1011,0,102,177,21,9,499,560,29,416,32,77,22,182,82,21218,17022,14901
2019,King William County; Virginia,6078,3698,1390,270,188,664,73,503,182,1446,193,759,320,1961,1746,2.74,3.12,16632,6078,3715,262,5480,818,279,6538,1868,3929,76,151,514,7013,1777,3843,67,587,739,232,71,37,62,0,103,48,208,20,51,101,0,2,1,17,20,2,20,4207,337,270,1599,954,1047,11503,399,513,3944,3042,1188,1756,661,10591,2417,12912,1137,16632,1933,3776,215,10295,1002,2561,716,16538,15588,915,273,642,532,110,35,16688,16349,16241,12328,3913,108,339,339,243,96,447,108,24,84,339,67,272,339,76,107,68,0,80,8,15768,15359,409,84,142,38,201,12,64,34,2,0,16688,2583,0,88,0,20,3355,204,60,1978,0,19,1729,752,37,41,236,0,16,293,320,0,1011,62,46,0,212,0,6078,5445,4499
2019,Louisa County; Virginia,13871,8025,2422,987,353,2138,55,1714,691,2721,350,1573,859,3750,4934,2.59,3.01,35921,13871,8003,999,9177,2243,1628,14628,4145,8406,169,539,1369,15236,3482,8253,479,1379,1643,364,137,38,50,7,102,15,1031,570,51,109,86,122,20,342,570,381,431,7147,356,362,3428,1616,1385,26220,1386,2487,8575,5455,2009,3739,2569,22347,6308,28691,3259,35946,6211,7345,355,21626,3251,6975,2605,35631,31750,3838,1687,2151,1765,386,43,36040,34733,34414,23352,11062,319,1307,1307,699,608,1626,319,11,308,1307,248,1059,1307,341,360,1,16,559,30,34034,32406,1628,505,862,330,519,95,129,33,118,47,36040,3871,220,153,42,416,4399,574,116,4347,23,192,4275,1241,141,153,607,98,241,764,566,5,72,65,59,64,283,0,13871,12268,10820
2019,Prince Edward County; Virginia,7185,3051,881,303,50,1396,132,934,417,2435,389,1322,732,1959,2690,2.45,3.07,17630,7185,3000,353,4499,1539,1054,9944,5457,3324,167,273,723,9955,4425,3237,317,1178,798,250,76,17,41,0,90,0,692,164,51,147,0,29,0,135,164,149,29,8406,256,205,1550,903,5492,13040,813,1017,4452,2642,627,1927,1562,11210,3489,19193,1265,21536,3327,3687,214,14296,1640,3553,1473,22730,19781,2909,619,2290,1830,460,40,22905,21730,21555,15390,6165,175,1175,1175,219,956,1350,175,0,175,1175,234,941,1175,191,165,94,0,685,40,21846,20393,1453,814,955,646,292,86,189,82,17,0,22905,3598,28,45,26,130,2070,314,192,2041,42,12,1676,725,0,76,284,23,56,238,281,34,646,107,24,39,59,31,7185,5606,4790
2019,Rockingham County; Virginia,30994,17916,6313,1936,812,4331,159,3237,1168,6811,926,4141,2418,9057,10697,2.53,2.99,78527,30994,17961,1887,22187,3792,1706,31935,9134,18696,382,1166,2557,33796,8242,18234,606,3590,3124,847,184,21,48,7,101,13,1334,609,51,165,83,173,80,273,609,335,487,18717,918,1079,7843,4208,4669,54936,3862,4945,19294,8692,3668,8600,5875,46129,14475,62431,4423,79919,10332,17828,634,47172,4669,14919,5029,79396,69715,9408,4445,4963,3998,965,273,80284,75633,74613,54403,20210,1020,4651,4651,2035,2616,5671,1020,319,701,4651,973,3678,4651,679,842,472,39,2527,92,75751,68686,7065,2614,4456,1920,1554,347,284,120,771,227,80284,9141,388,93,56,708,7177,1124,224,17177,373,254,6174,1873,57,311,827,26,846,1319,1475,83,697,352,1833,455,470,58,30994,26446,23637
2019,James City County; Virginia,28920,17186,5212,1455,520,3363,265,2567,851,6916,1117,4578,2674,7890,11662,2.55,3.02,73848,28920,17218,1434,20810,3719,1747,29837,8142,18446,408,788,2053,32802,7798,18065,599,2714,3626,521,95,13,35,12,63,22,1406,615,51,095,223,122,86,184,615,335,544,17238,1076,733,7054,3814,4561,54422,889,1783,9674,9988,4662,15076,12350,51750,27426,59125,9601,73345,9737,15063,517,40207,3929,18075,5291,74367,64021,9857,3149,6708,3702,3006,489,74916,69904,68224,30206,38018,1680,5012,5012,3018,1994,6692,1680,466,1214,5012,1073,3939,5012,1429,1620,457,35,1309,162,71330,65629,5701,1975,2433,1038,1691,268,1192,627,385,42,74916,6346,293,381,307,1183,11819,2149,712,11783,303,493,9301,3748,42,818,2243,148,627,1275,2663,330,574,661,240,229,921,265,28920,27354,25062
2019,Russell County; Virginia,10812,5692,1530,432,174,1725,46,1264,401,2963,351,2063,1320,2467,4086,2.46,3.09,26645,10812,5679,434,7154,1859,707,11239,3087,6179,152,482,1339,11701,2156,5889,486,1794,1376,184,125,47,32,0,69,15,561,364,51,167,151,0,56,157,364,173,357,5106,249,287,2358,1295,917,20001,2127,1822,7601,4107,1906,1820,618,16052,2438,21960,1268,26905,7031,5172,389,16163,4003,5570,2639,26965,25021,1942,989,953,757,196,2,27141,26893,26784,21242,5542,109,248,248,171,77,357,109,0,109,248,73,175,248,9,92,12,0,132,3,25877,25365,512,59,308,10,136,20,62,28,6,1,27141,12817,84,0,41,85,1675,139,31,1352,11,10,1490,138,0,63,39,0,0,503,227,0,43,13,10,0,295,0,10812,7787,6459
2019,Smyth County; Virginia,12686,6207,1987,578,208,2160,305,1584,618,3741,646,2223,1268,3732,4560,2.36,2.89,30000,12686,6195,573,7802,1937,807,12586,3367,6677,415,440,1687,13286,2401,6600,540,1809,1936,293,63,20,46,16,91,16,931,490,51,173,56,108,70,256,490,304,401,5891,267,384,2738,1387,1115,22499,1474,2274,8487,4942,2030,2139,1153,18751,3292,24785,2147,30115,7359,5982,539,17830,3962,6303,2858,30489,26893,3596,1942,1654,1112,542,0,30767,30338,30179,23754,6425,159,429,429,60,369,588,159,36,123,429,179,250,429,38,79,0,0,287,25,29293,28528,765,152,459,80,179,13,62,54,65,5,30767,9185,45,0,9,184,2421,158,11,2920,79,7,2466,412,0,67,62,23,26,770,585,0,8,63,40,19,249,82,12686,10103,8880
2019,Charlottesville city; Virginia,18617,5768,2470,1095,141,4797,171,2849,576,6957,943,3589,1165,4074,3983,2.37,3.00,44098,18617,5700,1148,9241,1992,7400,19555,10778,6626,252,463,1436,21234,10649,6308,446,1186,2645,378,34,3,26,0,30,26,352,183,51,540,0,34,79,70,183,183,13,16271,765,294,3295,1340,10577,30356,1135,1558,5014,4803,1167,8041,8638,27663,16679,39556,1677,46679,4113,7336,179,34204,2224,5139,1710,46756,33318,12649,4557,8092,5401,2691,789,47096,41334,40555,22797,17758,779,5762,5762,2315,3447,6541,779,45,734,5762,2516,3246,5762,943,2776,860,16,1047,120,44730,37713,7017,2202,2088,628,2144,517,1852,578,933,479,47096,3242,617,145,77,338,4437,1117,305,4480,204,246,4166,1920,119,356,899,165,548,891,1357,161,1012,398,225,207,407,108,18617,17195,15691
2019,Campbell County; Virginia,23071,11399,3899,950,439,3868,241,2502,1055,6854,1033,4262,2445,6505,8002,2.37,2.90,54669,23071,11364,1012,14263,3238,1721,22206,6113,12371,546,946,2230,24079,5728,11775,490,2979,3107,955,236,38,79,7,152,30,1401,702,51,031,87,127,71,417,702,488,411,11752,657,711,4903,2681,2800,39844,1811,3307,12812,9643,3326,5986,2959,34726,8945,44193,4051,54704,8244,11005,513,33072,3700,10627,4031,54528,49045,5392,2268,3124,2431,693,91,55225,53881,53625,39492,14133,256,1344,1344,561,783,1600,256,44,212,1344,473,871,1344,154,440,104,0,595,51,52396,50803,1593,685,831,396,325,101,377,178,60,10,55225,11454,155,278,42,626,5791,754,126,4806,144,131,4233,1212,61,233,474,69,83,1051,1539,9,438,271,60,42,239,71,23071,19615,16901
2019,Henrico County; Virginia,128464,57934,24463,6912,2225,21625,1595,14840,3841,41993,7308,24834,11222,39567,35761,2.53,3.21,324944,128464,57828,6970,99683,21188,10811,123510,44465,63329,2222,2964,10530,141950,44550,60843,4162,11987,20408,3714,1055,23,46,3,82,24,6651,1741,51,087,444,347,264,686,1741,1228,996,79273,4409,3962,34211,18008,18683,226964,6319,12438,48174,44427,16385,59750,39471,208207,99221,252157,17967,325010,36222,74917,3143,202111,17549,47982,15530,323455,272935,47226,25065,22161,15995,6166,3294,327535,285291,280355,188668,91687,4936,42244,42244,20022,22222,47180,4936,915,4021,42244,13105,29139,42244,4829,23407,3732,79,9734,463,307420,260227,47193,17868,13413,5662,12852,4034,15782,6704,5146,1468,327535,17947,3735,574,610,2954,34421,4341,1142,30113,1204,1246,25416,12354,605,1543,5326,588,2737,5236,6905,560,5544,1528,548,1163,2240,2180,128464,118231,110693
2019,King George County; Virginia,9202,5628,2321,643,222,1385,204,811,217,1546,234,874,347,3409,2240,2.82,3.26,25976,9202,5637,625,8321,1705,486,10370,3117,5993,267,107,886,10335,2398,5998,317,686,936,310,42,16,51,4,109,18,748,330,51,099,22,83,20,205,330,196,209,6417,437,328,3195,1347,1110,17363,347,825,4607,3830,1508,3811,2435,16191,6246,19119,3367,25663,2636,6647,188,15741,1535,3275,913,25943,22225,3568,1179,2389,1219,1170,150,26229,25487,24763,11241,13522,724,742,742,448,294,1466,724,279,445,742,145,597,742,174,245,32,0,262,29,24615,23389,1226,344,837,193,217,72,130,51,42,28,26229,1869,12,7,137,554,2723,497,38,4164,80,27,3352,1347,11,129,493,100,55,327,680,38,128,123,14,41,237,118,9202,8796,8272
2019,Lancaster County; Virginia,5062,2583,439,201,76,885,39,781,386,1393,147,963,607,755,2643,2.09,2.64,10591,5062,2576,207,2238,427,81,4316,935,2694,30,211,446,5047,974,2707,54,764,548,26,24,25,16,0,44,0,98,40,51,103,0,7,2,31,40,34,30,1719,132,75,762,398,352,8621,309,520,2646,1812,617,1408,1309,7792,2717,9084,1242,10613,1675,1640,50,5176,525,3797,1100,10691,9375,1293,615,678,500,178,23,10724,10439,10312,6985,3327,127,285,285,187,98,412,127,23,104,285,21,264,285,130,100,7,15,14,19,10294,9927,367,157,128,31,212,108,27,18,0,0,10724,764,12,24,29,63,1801,236,118,936,3,92,821,280,1,21,131,19,7,417,382,7,728,51,36,0,68,0,5062,4282,3662
2019,Lee County; Virginia,9149,4217,1230,531,207,1688,147,1363,553,2713,432,1600,923,2546,3496,2.45,3.09,22459,9149,4201,524,5871,2141,573,10628,3288,4786,355,497,1702,9707,1998,4650,328,1492,1239,205,57,25,46,58,100,0,784,388,51,105,24,88,67,209,388,237,239,4465,120,304,1942,1150,949,18005,1687,2501,6205,4280,1317,1495,520,13817,2015,19526,1402,22459,5843,4422,241,13164,3289,4873,2313,23769,20998,2752,1568,1184,567,617,19,23948,23631,23536,13210,10326,95,317,317,115,202,412,95,5,90,317,0,317,317,32,63,0,0,222,0,22861,22255,606,212,426,171,66,20,24,0,90,21,23948,8969,0,0,0,197,1729,293,0,1844,35,34,3265,203,0,23,191,0,11,253,376,0,149,85,0,0,139,10,9149,6616,4436
2019,Mathews County; Virginia,3920,2167,590,324,53,603,0,473,304,826,45,655,452,894,1989,2.21,2.72,8648,3920,2212,280,1755,252,229,3850,1102,2123,45,213,367,4080,795,2317,17,646,305,102,0,0,71,0,215,0,220,79,51,115,0,46,0,33,79,26,79,1258,27,37,464,533,197,6919,226,430,2132,1693,509,1401,528,6263,1929,7456,1097,8685,1583,1293,269,4700,641,2692,673,8700,7840,857,165,692,552,140,3,8788,8589,8585,5697,2888,4,199,199,196,3,203,4,0,4,199,3,196,199,20,53,0,3,123,0,8455,8216,239,31,61,0,122,28,56,3,0,0,8788,1388,0,39,116,101,2209,246,53,1221,0,29,1038,366,14,61,177,0,1,122,310,0,71,65,31,16,163,0,3920,3313,2781
2019,Middlesex County; Virginia,4603,2201,452,265,76,918,46,708,327,1219,53,858,585,863,2302,2.23,2.85,10280,4603,2195,283,2120,893,186,4525,1146,2431,119,209,620,4697,937,2285,148,796,531,104,66,71,64,0,132,28,228,112,51,119,0,42,0,70,112,62,37,1833,80,156,766,400,431,8371,311,772,2732,1984,772,1128,672,7288,1800,8949,1143,10333,1709,1726,60,5415,686,3192,963,10554,9249,1229,180,1049,841,208,76,10675,10395,10266,7528,2738,129,280,280,173,107,409,129,0,129,280,89,191,280,53,92,8,11,100,16,10247,9861,386,89,196,33,139,48,40,0,11,8,10675,1139,0,32,38,97,2257,185,110,1230,24,6,1273,346,0,136,198,0,18,326,289,27,186,96,15,4,40,44,4603,3902,3083
2019,Prince George County; Virginia,11507,6774,2648,425,87,1478,169,1051,349,2830,537,1460,743,3972,3487,2.96,3.50,34056,11507,6782,406,11529,2494,1338,17135,6431,7941,620,488,1655,14073,3643,7010,389,1358,1673,420,61,15,53,9,100,22,1052,265,51,149,53,4,25,183,265,180,200,9508,463,378,3963,2160,2544,26330,783,1695,8895,6258,2496,4223,1980,23852,6203,28046,4654,32853,4542,8291,428,19498,2399,5064,1715,37813,31543,5893,766,5127,2622,2505,377,38114,36894,35478,19433,16045,1416,1220,1220,786,434,2636,1416,345,1071,1220,240,980,1220,254,498,59,0,388,21,35979,33181,2798,632,1548,339,802,150,273,100,175,43,38114,3119,118,349,37,272,2783,512,172,2828,139,146,2734,1109,0,105,337,36,137,382,322,33,287,95,17,96,187,234,11507,10484,9588
2019,Richmond County; Virginia,3069,1779,530,134,39,470,0,378,102,686,46,458,293,707,1176,2.36,2.89,7257,3069,1778,130,1910,322,48,4313,1495,2025,183,141,469,3220,449,1986,41,351,393,72,21,48,61,0,100,45,119,21,51,159,0,8,13,0,21,13,21,1889,61,137,927,310,454,6942,386,958,2455,1408,503,794,438,5598,1232,7395,664,7267,1049,1483,38,4066,454,1718,557,8843,7388,1429,123,1306,1145,161,26,8884,8516,8469,6306,2163,47,368,368,157,211,415,47,31,16,368,65,303,368,28,27,40,0,273,0,8630,7893,737,311,615,281,19,15,40,15,63,0,8884,670,23,10,0,47,1286,189,11,299,19,8,909,234,9,9,62,8,0,80,95,17,105,0,0,0,15,7,3069,2310,2070
2019,Scott County; Virginia,8773,4497,1289,335,49,1714,83,1454,576,2227,282,1476,848,2023,3473,2.41,3.08,21119,8773,4509,306,5373,1557,601,9363,2432,4888,162,414,1467,9277,1690,4759,365,1377,1086,196,44,25,47,0,100,19,533,308,51,169,35,153,57,63,308,159,223,3945,308,207,1821,1045,564,16428,1322,1734,6251,3431,1502,1342,846,13372,2188,17857,1498,21126,5877,4024,335,12088,3345,5014,2197,21789,19772,2003,923,1080,630,450,14,21902,21634,21535,7825,13710,99,268,268,100,168,367,99,41,58,268,82,186,268,52,101,0,0,92,23,21024,20672,352,111,145,72,112,35,42,4,53,0,21902,7503,15,0,0,138,2243,175,31,1437,10,27,2051,98,0,57,65,3,64,1083,340,0,0,22,2,19,42,15,8773,6510,5640
2019,Spotsylvania County; Virginia,44436,26400,10694,2438,770,5468,546,3409,983,10130,2165,5055,2392,16469,12302,2.98,3.40,132397,44436,26432,2423,43816,10722,4568,51494,16252,28805,1056,1121,4260,54257,14745,27746,1490,4048,6228,1646,246,15,52,0,96,32,3856,1286,51,177,120,388,203,575,1286,677,1062,34547,1608,1941,14879,8496,7623,88387,2702,5109,26058,19459,7007,17232,10820,80576,28052,99130,14009,131998,15558,33186,1508,80804,7570,18008,6480,131262,115441,15523,7038,8485,5726,2759,298,132833,123820,120710,66412,54298,3110,9013,9013,5230,3783,12123,3110,365,2745,9013,1292,7721,9013,863,2567,567,38,4804,174,124580,111987,12593,4990,8396,3524,1961,444,1594,747,642,275,132833,8232,593,480,225,1821,13904,2919,754,17098,504,573,14177,7292,171,801,3040,252,835,2617,3071,281,820,717,207,305,1289,813,44436,42118,39895
2019,Appomattox County; Virginia,6091,3531,1192,304,130,666,50,471,120,1590,332,845,464,1890,2044,2.57,2.95,15634,6091,3546,292,4308,966,431,6248,1527,3832,229,140,520,6735,1564,3708,102,617,744,202,87,50,60,30,119,20,290,199,51,011,33,100,0,66,199,149,118,3523,317,89,1589,856,672,11114,504,1063,3766,2382,1080,1528,791,9547,2319,12346,1407,15633,2437,3350,75,9160,1363,3123,999,15519,14674,823,396,427,284,143,22,15707,15514,15483,11680,3803,31,193,193,64,129,224,31,0,31,193,66,127,193,43,10,7,0,108,25,14813,14567,246,97,215,82,19,3,5,5,7,7,15707,4296,15,20,27,183,1587,228,32,1068,49,25,822,411,20,53,152,78,14,151,213,6,197,90,30,0,58,0,6091,4982,4230
2019,Franklin County; Virginia,22997,12656,3779,1439,497,3232,170,2303,929,5670,854,3297,2034,6152,9064,2.38,2.76,54632,22997,12633,1461,12998,3086,1457,23087,5807,13588,255,937,2500,24419,5264,12842,601,2957,2755,495,223,39,43,4,99,10,1313,634,51,067,24,334,66,210,634,426,358,11690,528,769,4922,2488,2983,40822,1973,2877,14250,8669,4133,5520,3400,35972,8920,45366,4144,55845,8082,10797,578,32447,4214,12601,3290,55656,50376,5218,2695,2523,1830,693,62,56187,54958,54693,39691,15002,265,1229,1229,586,643,1494,265,0,265,1229,213,1016,1229,349,162,33,0,586,99,53575,51814,1761,547,1164,450,407,54,140,43,50,0,56187,7060,72,97,13,701,6102,1006,155,6464,110,113,4808,1047,88,248,853,18,207,1280,1361,60,198,174,76,91,241,17,22997,19205,16895
2019,King and Queen County; Virginia,2707,1331,414,152,50,498,0,341,141,726,34,503,355,629,1212,2.60,3.22,7042,2707,1339,142,1716,711,427,2955,734,1507,134,189,391,2982,762,1349,13,463,395,64,25,32,47,0,138,0,213,47,51,097,0,29,8,10,47,24,37,1434,155,52,612,314,301,5222,180,440,1938,1019,411,877,357,4602,1234,5677,503,7042,924,1365,97,4049,273,1628,554,6940,6217,723,118,605,462,143,0,7042,6956,6864,5104,1760,92,86,86,42,44,178,92,38,54,86,0,86,86,52,0,18,0,16,0,6671,6605,66,36,66,36,0,0,0,0,0,0,7042,692,0,0,0,40,1543,50,65,703,0,30,969,262,10,20,92,5,10,48,60,0,539,47,6,0,62,0,2707,2162,1641
2019,Montgomery County; Virginia,35685,15638,5675,2186,437,7781,292,4303,713,10080,1450,5496,2215,8423,8077,2.49,2.93,88855,35685,15633,2180,18728,3534,13095,44197,22842,17441,451,732,2731,41210,17693,15912,565,2903,4137,623,38,2,23,0,31,27,1279,464,51,121,158,116,49,141,464,331,264,40559,742,807,6415,3617,28978,55964,1073,2729,13076,10020,3620,12227,13219,52162,25446,82629,4522,97474,9778,15236,422,70502,5534,11736,3822,97158,73573,22173,11883,10290,6340,3950,1412,98140,90512,89175,52356,36819,1337,7628,7628,2543,5085,8965,1337,262,1075,7628,3558,4070,7628,1170,4892,447,5,982,132,93826,84187,9639,2684,2054,440,2986,866,3913,1285,686,93,98140,12517,708,188,258,636,8999,1757,432,12506,424,388,9145,3437,108,647,2183,243,579,2309,2132,166,414,918,287,237,603,544,35685,33402,31333
2019,New Kent County; Virginia,7961,5025,1918,505,226,967,24,778,322,1464,264,785,487,2818,2630,2.65,2.99,21117,7961,5055,478,5790,1341,492,8962,2537,5294,246,349,536,8928,1737,5291,309,784,807,249,22,11,54,0,63,61,599,443,51,127,64,140,9,230,443,291,335,4525,301,229,2100,815,1080,15699,178,970,5412,3714,1207,2493,1725,14551,4218,17169,1944,21097,2293,4455,278,13058,1046,3584,969,21534,18657,2877,678,2199,1632,567,0,21686,21105,20841,14710,6131,264,581,581,385,196,845,264,16,248,581,83,498,581,242,106,0,1,232,0,20484,19623,861,232,465,176,254,0,142,56,0,0,21686,2975,10,36,122,125,3676,270,0,2557,0,154,2423,1055,19,168,418,54,18,666,392,13,369,128,57,11,60,20,7961,7422,6297
2019,Cumberland County; Virginia,3975,1955,622,250,117,802,13,534,258,968,164,608,337,1009,1623,2.46,3.07,9782,3975,1995,206,2832,545,229,3956,1168,1969,158,178,483,4321,1239,2161,129,430,362,140,92,78,67,0,154,0,133,42,51,049,0,0,0,42,42,21,42,1858,46,120,867,500,325,7105,514,658,2710,1582,584,518,539,5933,1057,7867,798,9814,1623,1947,117,5716,606,2151,900,9725,9184,453,108,345,278,67,88,9824,9724,9628,7182,2446,96,100,100,100,0,196,96,14,82,100,0,100,100,65,35,0,0,0,0,9364,9036,328,51,25,0,238,22,60,29,5,0,9824,599,0,8,43,75,1322,221,0,1131,0,0,805,472,19,32,277,0,0,157,87,0,67,91,26,0,48,11,3975,3165,2407
2019,Dickenson County; Virginia,5778,2844,917,213,88,1151,119,886,335,1570,269,923,467,1567,2148,2.47,3.09,14285,5778,2855,199,4124,1018,311,6255,1777,3186,85,306,901,6147,1134,2958,435,892,728,195,101,76,66,55,146,4,239,95,51,051,19,14,17,45,95,57,84,2655,108,196,1178,684,489,10850,1166,1286,4181,2157,895,798,367,8398,1165,11854,925,14280,3994,2887,130,8396,2292,2997,1572,14572,13571,990,618,372,272,100,11,14756,14701,14678,11825,2853,23,55,55,13,42,78,23,6,17,55,12,43,55,28,0,0,0,20,7,14029,13968,61,12,40,12,21,0,0,0,0,0,14756,7147,0,0,0,12,517,88,14,742,4,0,1040,113,3,27,136,21,0,181,318,0,13,0,0,0,21,8,5778,4305,3599
2019,Halifax County; Virginia,14158,6310,1966,510,211,2716,114,1853,820,4622,662,2655,1786,3511,5968,2.38,3.01,33757,14158,6291,525,9660,2582,541,13629,4426,6706,585,710,1202,15163,3919,6873,349,2327,1695,404,47,12,60,18,134,12,669,233,51,083,10,61,16,146,233,127,195,6858,266,249,3104,1908,1331,24859,1739,2872,8938,5084,2391,2559,1276,20248,3835,27465,2476,33813,6348,7060,566,19029,2606,7724,3176,34256,32180,2015,1018,997,592,405,61,34552,33840,33636,26759,6877,204,712,712,296,416,916,204,31,173,712,115,597,712,39,268,149,10,238,8,32677,31202,1475,477,644,247,421,144,155,86,255,0,34552,8900,60,0,0,147,2035,487,33,1628,5,9,1284,405,4,68,264,83,21,236,506,0,1188,388,17,13,50,63,14158,9635,8103
2019,Loudoun County; Virginia,128637,86326,50482,5393,1369,14444,1484,9429,1888,22474,4708,12281,5111,61407,24946,3.06,3.47,393112,128637,86386,5443,137036,24824,10786,148048,42173,94489,2021,1873,7492,153071,37558,91296,2382,8195,13640,5582,541,13,55,3,97,41,9281,1698,51,107,400,478,223,597,1698,1081,1152,117908,9078,6112,53011,25287,24420,253596,7809,7710,31378,35813,15321,90108,65457,238077,155565,281245,21956,392980,22751,112524,2546,245198,10855,35258,9350,390361,341067,45370,21537,23833,14127,9706,3924,395134,298352,288587,134888,153699,9765,96782,96782,56458,40324,106547,9765,2020,7745,96782,18399,78383,96782,8247,54922,5858,217,26663,875,366827,250969,115858,36011,39846,16440,33998,6987,33851,10393,8163,2191,395134,22327,6517,1455,1317,2921,31477,6958,1648,44573,1963,2074,40612,23619,723,2788,10168,1055,3456,4664,7537,873,6444,3765,992,1577,3014,1984,128637,125414,121710
2019,Prince William County; Virginia,142000,86483,44802,6550,2978,19333,1954,12133,2625,29634,7318,14206,5363,62658,29697,3.22,3.66,457446,142000,86470,6633,162709,42845,16789,176490,59130,98348,3755,2683,12574,179992,52604,94754,4789,10239,17606,6416,1532,27,55,5,82,46,13798,3076,51,153,585,546,389,1556,3076,1749,2573,133799,7418,6542,56974,28696,34169,295119,17714,16295,59087,57604,23103,71859,49457,261110,121316,329872,42139,453557,35221,125770,3866,284211,18753,43576,12602,455541,395147,55806,25754,30052,17506,12546,4588,461423,348468,334487,164860,169627,13981,112955,112955,60214,52741,126936,13981,2616,11365,112955,22812,90143,112955,6138,34141,15918,124,56086,548,427305,283096,144209,59204,83634,38626,26343,8198,17600,7567,16632,4813,461423,20196,6122,803,805,3191,27677,6701,1681,41335,1781,1545,37009,17980,715,2458,10001,996,2356,4082,6593,1283,21226,2763,719,1080,1846,3727,142000,138014,133766
2019,Southampton County; Virginia,6562,3470,1131,243,101,1018,96,723,304,1831,402,930,520,2120,2240,2.50,2.97,16422,6562,3454,268,4480,1340,318,7843,2115,3884,300,415,1129,7209,1800,3462,209,850,888,207,100,52,61,0,107,41,527,291,51,175,22,31,2,236,291,238,156,3489,179,265,1407,1069,569,13213,723,1286,3942,3486,1344,1587,845,11204,2432,14356,1852,16377,2669,3463,131,9738,1256,3176,1282,17748,15600,2119,933,1186,1059,127,29,17880,17795,17670,12879,4791,125,85,85,47,38,210,125,11,114,85,18,67,85,3,25,4,0,44,9,17008,16730,278,40,94,40,135,0,13,0,36,0,17880,1774,11,4,31,76,2134,370,54,1212,83,0,1243,613,28,22,181,27,19,327,153,4,1733,118,70,36,70,16,6562,5668,4876
2019,Highland County; Virginia,1078,624,108,43,5,208,10,170,72,203,6,146,120,163,577,2.04,2.46,2204,1078,635,35,337,66,53,981,160,671,5,54,91,997,128,673,0,108,88,13,0,0,50,0,116,0,38,38,51,091,0,21,9,8,38,30,17,189,10,14,105,40,20,1873,95,120,725,437,74,252,170,1658,422,1946,297,2204,426,258,15,1089,133,857,278,2194,2099,95,64,31,28,3,0,2204,2198,2180,1475,705,18,6,6,6,0,24,18,0,18,6,0,6,6,6,0,0,0,0,0,2119,2103,16,0,16,0,0,0,0,0,0,0,2204,290,0,0,0,24,203,56,0,387,0,0,268,20,0,35,15,0,8,163,99,6,0,10,23,0,30,0,1078,875,825
2019,Caroline County; Virginia,10946,5377,1857,727,213,2019,222,1282,331,2823,528,1226,753,3584,3508,2.57,3.00,28099,10946,5324,759,7705,2640,725,12069,4233,5675,247,367,1547,12316,3129,5852,311,1154,1870,297,118,34,44,21,88,10,841,387,51,033,21,64,104,198,387,310,211,6325,437,663,2854,1316,1055,20376,753,2289,7685,4070,1526,2689,1364,17334,4053,21488,2613,28082,3358,6994,244,16339,1696,4749,1418,30030,25090,4905,1589,3316,2193,1123,35,30381,29250,28763,19346,9417,487,1131,1131,589,542,1618,487,0,487,1131,123,1008,1131,131,307,64,0,615,14,28228,26605,1623,422,1149,338,362,51,38,33,74,0,30381,2323,17,76,213,135,2501,626,254,3454,66,118,2796,1131,0,191,449,13,61,481,541,146,169,131,3,17,135,83,10946,9644,8052
2019,Gloucester County; Virginia,14786,8519,2645,1012,270,1856,171,1250,327,3399,377,2209,1186,3953,4886,2.50,2.97,36984,14786,8552,977,10209,1845,615,15260,4081,9111,204,420,1444,16045,3115,8989,325,1683,1933,436,101,28,55,15,95,30,697,378,51,073,149,85,6,138,378,248,285,7870,425,365,3112,1768,2200,27051,845,1976,8762,6737,2431,3762,2538,24230,6300,29566,4341,36644,6381,7304,407,22593,3267,6747,2707,36800,33272,3434,1931,1503,1095,408,94,37222,36588,35752,22275,13477,836,634,634,456,178,1470,836,104,732,634,54,580,634,246,210,0,0,145,33,35337,34307,1030,164,390,66,399,81,194,17,47,0,37222,3092,35,0,264,192,7911,876,195,4361,116,144,4853,1387,56,264,716,113,52,910,1102,43,441,343,74,92,405,0,14786,13470,12561
2019,Patrick County; Virginia,7755,3935,1090,338,100,1506,92,1184,499,1976,215,1320,871,1702,3319,2.24,2.78,17370,7755,3920,354,4198,844,299,7495,1610,4113,294,431,1047,7695,1123,4231,323,1121,897,101,21,17,32,26,71,5,335,51,51,141,0,0,0,51,51,25,13,3020,224,276,1177,662,681,13547,1060,1622,4708,2770,1324,1263,800,10865,2063,14621,1089,17384,3392,3127,219,9813,1328,4444,1845,17653,15782,1843,940,903,512,391,28,17748,17513,17380,10379,7001,133,235,235,156,79,368,133,22,111,235,6,229,235,88,43,3,8,49,44,16959,16251,708,231,483,185,135,26,71,20,19,0,17748,5268,0,22,43,247,1644,264,37,1347,27,14,1376,191,14,14,64,8,5,324,358,0,6,33,21,9,27,5,7755,6034,5182
2019,Powhatan County; Virginia,10265,6974,2637,492,153,1164,60,783,182,1635,126,995,657,3323,3425,2.55,2.87,26206,10265,7009,475,6796,1225,436,13182,4218,7287,200,311,1166,11447,1984,7311,188,842,1122,411,92,41,73,0,169,29,726,358,51,145,77,58,93,130,358,214,293,5969,240,251,2389,1909,1180,21304,577,1583,6390,4755,1771,4444,1784,19144,6228,23522,2185,26235,3085,5105,204,16118,1219,5012,1662,28436,25728,2658,471,2187,1956,231,50,28815,28179,28036,19026,9010,143,636,636,311,325,779,143,0,143,636,78,558,636,214,66,20,0,310,26,27524,26850,674,152,333,81,287,50,30,10,24,11,28815,3036,75,136,238,229,4220,635,137,3458,55,126,3498,1034,83,289,449,51,63,723,545,49,57,108,0,31,161,17,10265,9693,9189
2019,Shenandoah County; Virginia,17402,8796,2668,1334,661,2912,124,2281,886,4360,545,2880,1666,4613,6532,2.46,3.03,42841,17402,8745,1363,11389,2916,1026,17374,4882,9527,348,662,1955,18317,3777,9338,368,2228,2606,531,174,39,61,39,101,33,895,367,51,171,45,105,72,145,367,233,264,8877,459,510,4054,2091,1763,30957,1502,2513,11746,6286,2557,4324,2029,26942,6353,34012,3374,42902,6807,9180,626,24824,2998,8898,3183,42722,36629,5626,2786,2840,1622,1218,467,43224,41208,40606,27570,13036,602,2016,2016,849,1167,2618,602,135,467,2016,416,1600,2016,238,445,88,8,1171,66,40885,37862,3023,1320,2411,1118,390,119,150,33,72,50,43224,4921,41,139,84,282,3091,762,238,10124,17,78,4758,999,63,168,570,47,102,791,780,127,101,234,245,84,405,150,17402,14619,12944
2019,Fauquier County; Virginia,24562,14838,5998,1328,352,3082,300,2188,698,5314,993,3149,1834,8622,7710,2.82,3.32,69357,24562,14734,1383,22431,4608,1639,27753,8105,16079,430,712,2427,28845,6853,15670,599,2375,3348,804,131,18,53,0,95,36,2172,559,51,061,0,88,58,413,559,290,434,16931,1120,812,7281,4318,3400,48069,1286,2324,12768,10061,4143,11222,6265,44459,17487,53294,6120,69323,7026,16317,509,41919,2732,11087,3785,69029,61803,6967,2140,4827,3674,1153,259,69728,65298,64234,36822,27412,1064,4430,4430,2067,2363,5494,1064,149,915,4430,529,3901,4430,782,885,121,46,2425,171,65735,59757,5978,2190,4043,1628,1051,271,698,252,186,39,69728,5115,142,92,176,890,8930,1557,465,11587,502,356,8740,3595,162,515,1878,244,358,1385,2409,203,509,597,195,118,718,128,24562,22667,21678
2019,Staunton city; Virginia,10597,4370,1490,745,329,1895,80,1570,566,3587,603,2343,1277,2846,3776,2.18,2.81,23077,10597,4379,746,5383,1181,791,9108,2722,4762,183,263,1178,11452,3236,4619,321,1538,1738,308,86,24,52,0,101,16,633,203,51,790,0,81,60,62,203,139,144,4639,99,176,2082,940,1342,17644,538,1272,5261,3438,1245,3114,2776,15834,5890,19793,1764,23830,3480,4617,196,14315,1454,4898,1830,24138,19577,4445,1394,3051,2359,692,116,24432,23523,23181,15140,8041,342,909,909,352,557,1251,342,97,245,909,453,456,909,213,292,142,0,262,0,22982,21744,1238,473,329,118,356,55,280,188,273,112,24432,1704,219,94,12,226,3346,449,46,4434,37,79,2267,948,59,205,404,147,115,974,586,108,330,186,80,71,128,173,10597,9174,7938
2019,Fluvanna County; Virginia,9923,5918,2087,639,178,1308,181,982,397,2058,280,1251,702,3110,3534,2.55,2.99,25323,9923,5876,692,6806,1441,585,9908,2717,5927,95,208,961,12350,3009,6391,300,1001,1649,266,61,17,40,0,81,20,400,178,51,065,0,73,0,105,178,130,137,6056,169,307,2293,1597,1690,19285,427,1293,4651,4719,1651,3619,2925,17565,6544,21107,2279,25206,3379,5365,355,14743,1259,5098,1765,26390,23765,2588,715,1873,1514,359,37,26594,25674,25401,15692,9709,273,920,920,527,393,1193,273,19,254,920,219,701,920,356,165,90,0,286,23,25407,24182,1225,351,531,231,458,45,190,50,46,25,26594,2002,56,20,103,216,3792,537,113,3394,78,48,2791,1282,192,198,403,94,63,410,575,11,156,99,27,19,490,28,9923,9149,8509
2019,Craig County; Virginia,2297,1203,448,64,15,403,0,375,51,627,81,424,193,608,693,2.22,2.83,5094,2297,1185,64,1110,338,100,2000,483,1171,33,48,265,2326,586,1217,25,191,307,89,19,36,84,0,164,0,85,74,51,045,0,0,0,74,74,53,42,888,33,36,429,197,193,3774,202,144,1416,669,451,612,280,3428,892,4155,320,5094,810,940,53,3066,359,1088,398,5035,4505,530,238,292,190,102,0,5110,5098,5098,3829,1269,0,12,12,12,0,12,0,0,0,12,0,12,12,0,0,0,0,0,12,4807,4773,34,2,32,0,2,2,0,0,0,0,5110,622,0,0,0,68,835,205,0,644,0,0,436,130,0,5,1,6,0,208,48,0,0,0,14,0,80,0,2297,1997,1688
2019,Radford city; Virginia,5573,1550,643,111,3,1695,41,1138,239,2217,229,1171,334,1085,1116,2.64,3.32,14734,5573,1542,125,2918,1006,3570,7559,4772,1681,189,225,692,8574,5170,1549,295,546,1014,72,4,1,11,0,21,0,310,152,51,750,0,0,61,91,152,97,91,8703,71,97,878,426,7231,8200,334,391,1951,1646,763,1495,1620,7475,3115,15807,830,17612,2215,1870,78,14272,1544,1470,593,17573,12986,4572,1181,3391,2956,435,15,17691,17236,17052,12109,4943,184,455,455,329,126,639,184,36,148,455,62,393,455,120,269,23,0,29,14,17139,16268,871,141,441,37,221,23,103,81,106,0,17691,3923,81,0,14,181,1169,243,7,1679,25,64,1766,786,20,32,289,25,75,573,270,15,145,27,29,4,103,80,5573,4936,4448
2019,Winchester city; Virginia,10490,3940,1478,1139,442,2022,189,1527,460,3389,552,2066,878,3105,3051,2.56,3.31,26863,10490,3985,1115,7593,2315,1365,10872,4588,4447,195,398,1244,11665,3782,4517,348,1163,1855,427,212,52,65,0,138,13,666,154,51,840,50,29,0,75,154,63,98,7271,288,205,3119,1276,2383,18536,1474,1473,4561,3302,1223,3710,2793,15589,6503,21458,1745,27669,4020,6372,247,16989,2376,4308,1397,27288,22374,4821,1420,3401,2303,1098,93,27897,24213,23632,13341,10291,581,3684,3684,1069,2615,4265,581,325,256,3684,992,2692,3684,345,541,83,0,2697,18,26025,20835,5190,2346,4233,2054,374,80,365,173,218,39,27897,3282,176,129,42,189,3135,387,71,3982,74,118,3344,1420,48,170,302,41,99,318,755,56,205,169,67,25,259,405,10490,9008,7912
2019,Accomack County; Virginia,13438,6375,1745,380,117,2491,148,1637,594,4192,779,2326,1334,3439,5305,2.35,2.89,31563,13438,6372,378,7927,2569,879,12930,4183,6719,370,596,1062,13995,3291,6883,658,1774,1389,410,105,31,66,0,123,29,861,378,51,001,53,84,24,217,378,310,206,6326,254,343,3107,1443,1179,23507,1559,2801,8633,4019,1919,2647,1929,19147,4576,25581,2606,32263,4545,6914,325,18069,1883,7280,2337,32211,29947,2223,1027,1196,240,956,41,32673,30148,29784,18418,11366,364,2525,2525,611,1914,2889,364,119,245,2525,540,1985,2525,150,201,39,5,2100,30,30791,27247,3544,1993,2486,1406,845,516,171,71,42,0,32673,16166,62,3,22,83,2310,253,92,1615,29,107,1553,516,2,62,523,16,77,168,560,40,119,170,40,42,111,779,13438,10898,9204
2019,Floyd County; Virginia,6493,3744,1204,292,110,1038,28,840,391,1419,226,878,659,1722,2417,2.40,2.87,15611,6493,3736,306,4023,635,418,6613,1574,3895,75,257,812,6686,1160,3903,139,700,784,190,0,0,62,0,144,20,222,161,51,063,22,27,0,112,161,100,116,2710,89,60,1302,967,292,11619,796,711,4146,2326,1073,1541,1026,10112,2567,12624,862,15599,2265,3068,123,9076,1016,3455,1126,15476,14129,1347,717,630,426,204,0,15704,15224,15147,11468,3679,77,480,480,239,241,557,77,0,77,480,66,414,480,119,21,12,0,254,74,14961,14567,394,115,264,82,97,0,21,21,12,12,15704,2774,92,0,11,170,1621,160,37,1954,0,398,1468,257,16,35,130,15,39,158,359,0,0,118,30,37,79,0,6493,5301,4777
2019,Giles County; Virginia,6910,3414,1087,433,99,1167,85,771,301,1896,317,1160,704,1940,2538,2.41,2.97,16635,6910,3443,427,4442,911,502,6813,1871,3856,98,345,643,7137,1558,3388,258,950,983,122,38,22,34,0,79,5,476,198,51,071,62,23,0,113,198,111,172,3283,198,246,1446,791,602,12103,465,875,4686,2999,885,1429,764,10763,2193,13304,983,16653,2376,3467,172,9722,1022,3464,1182,16654,15079,1553,889,664,348,316,22,16772,16600,16535,11898,4637,65,172,172,93,79,237,65,15,50,172,39,133,172,37,22,0,0,113,0,15904,15609,295,83,225,79,35,0,22,4,13,0,16772,3055,0,0,32,98,1413,337,16,2423,49,9,1779,436,0,57,289,0,5,172,254,9,12,41,9,40,96,0,6910,5567,5090
2019,Grayson County; Virginia,6498,3306,823,229,48,1159,71,856,288,1804,282,1223,698,1444,2659,2.25,2.83,14606,6498,3327,205,3512,740,324,6942,2101,3649,80,263,849,6634,1140,3462,304,860,868,174,10,8,61,0,158,3,315,211,51,077,8,30,23,150,211,111,160,2694,160,100,1255,650,529,12001,845,1405,4468,2392,1242,1147,502,9751,1649,13083,981,14708,2890,2657,165,8384,1354,3667,1371,15619,14062,1526,644,882,601,281,31,15742,15390,15311,9490,5821,79,352,352,123,229,431,79,32,47,352,50,302,352,66,49,4,0,233,0,15050,14284,766,234,625,190,56,18,65,15,20,11,15742,4876,15,0,0,90,1370,149,13,952,0,9,1147,275,7,22,108,0,11,303,439,6,4,47,29,15,76,0,6498,5081,4497
2019,Nottoway County; Virginia,5446,2305,833,222,128,901,99,602,241,2018,377,1056,665,1719,2031,2.45,3.04,13328,5446,2301,231,4123,1061,166,7167,3032,2756,169,323,887,5772,1356,2462,316,879,759,114,60,43,42,0,82,18,403,152,51,135,18,42,27,65,152,91,112,2820,85,116,1382,668,569,11013,855,1381,4151,2185,814,983,644,8777,1627,12440,1159,13776,2708,2993,244,8106,1411,2677,1053,15263,13427,1802,347,1455,1281,174,34,15433,14844,14694,11956,2738,150,589,589,247,342,739,150,32,118,589,129,460,589,9,74,190,0,316,0,14613,14024,589,289,496,242,16,9,9,0,68,38,15433,2836,43,0,0,61,1217,81,0,867,0,1,717,273,3,4,4,0,2,212,225,14,819,18,0,16,51,21,5446,4242,3552
2019,Rappahannock County; Virginia,2913,1504,393,189,24,504,15,344,169,716,95,476,231,667,1327,2.53,3.09,7365,2913,1521,171,1934,548,278,3184,904,1665,58,203,354,3125,674,1604,76,361,410,26,0,0,21,0,49,0,175,60,51,157,27,0,33,0,60,24,52,1309,65,90,528,383,243,5499,310,328,1519,1027,349,1007,959,4861,1966,6090,629,7373,1179,1288,91,4178,523,1907,565,7347,6854,472,182,290,179,111,21,7378,7057,6902,4087,2815,155,321,321,127,194,476,155,0,155,321,40,281,321,129,35,32,0,94,31,7026,6651,375,144,217,101,87,0,63,35,8,8,7378,588,25,52,24,105,1758,239,15,808,44,60,1261,204,0,119,188,0,52,150,128,0,11,71,0,0,58,0,2913,2570,2246
2019,Charles City County; Virginia,2896,1330,309,166,51,639,18,483,165,761,64,409,242,537,1173,2.42,2.98,7014,2896,1341,170,1795,597,215,2973,1037,1406,55,118,357,3169,852,1442,117,457,301,48,24,30,37,0,76,16,150,41,51,036,7,5,4,25,41,31,18,1107,60,58,495,256,238,5459,286,821,2092,1047,410,525,278,4352,803,5906,561,6992,1269,1086,44,4228,665,1678,560,6960,6488,445,100,345,288,57,27,7014,6880,6818,5695,1123,62,134,134,44,90,196,62,3,59,134,15,119,134,55,30,0,0,43,6,6730,6522,208,58,85,38,80,11,41,9,2,0,7014,632,2,21,2,26,545,56,35,478,14,11,278,47,0,7,39,7,11,66,89,3,113,9,23,3,8,6,2896,2290,1780
2019,Culpeper County; Virginia,17071,9927,3928,1210,490,1926,238,1268,496,4008,571,2175,1108,6436,5351,2.91,3.34,49697,17071,9972,1135,15282,4306,1931,20322,6586,10830,525,565,1816,20287,5545,10543,703,1465,2031,450,222,40,40,0,86,15,2101,699,51,047,230,154,129,186,699,418,471,11824,563,716,5742,2962,1841,34346,1576,3196,10712,7337,2681,5436,3408,29574,8844,38411,3795,49800,6150,12550,333,29444,2969,7806,2848,50693,44211,6331,2615,3716,2455,1261,151,51101,46597,45926,29629,16297,671,4504,4504,1937,2567,5175,671,101,570,4504,1059,3445,4504,491,597,644,14,2711,47,47813,41886,5927,2474,4303,2087,849,112,397,138,378,137,51101,4224,134,153,55,652,6254,1036,199,7073,95,146,5195,2206,123,255,1234,84,137,701,1037,121,905,319,28,40,252,222,17071,15343,14253
2019,Dinwiddie County; Virginia,10401,5040,1731,479,195,1950,148,1291,440,2932,389,1622,831,3163,3445,2.66,3.29,27709,10401,5065,446,8258,2850,689,11433,4013,5288,366,456,1310,12233,3290,5588,230,1454,1671,424,63,18,67,1,154,15,1092,561,51,053,72,101,0,388,561,283,530,6179,225,201,2714,1315,1724,20501,1204,2249,7382,4013,1830,2506,1317,17048,3823,22628,2133,28164,4289,5826,299,17549,2192,4789,1798,28244,24466,3711,1919,1792,1503,289,67,28485,27694,27314,22083,5231,380,791,791,325,466,1171,380,0,380,791,58,733,791,126,155,0,0,468,42,26978,25860,1118,430,856,361,131,33,111,36,20,0,28485,2707,14,106,15,120,1649,373,80,2021,43,30,1358,367,0,74,394,10,190,249,304,12,225,47,122,42,26,96,10401,8927,7749
2019,Greene County; Virginia,7548,4149,1533,378,93,1089,164,700,187,1932,305,1107,428,2378,2163,2.57,3.06,19398,7548,4095,427,5520,1358,450,7675,2184,4635,110,172,574,8032,1882,4212,268,672,998,101,48,25,23,0,50,5,462,159,51,079,72,0,9,78,159,100,100,4735,237,339,2361,967,831,13550,807,1081,3873,2939,915,1973,1962,11662,3935,14733,1464,19322,2647,4698,230,11495,1380,3129,1037,19328,17088,2199,707,1492,1157,335,41,19519,18628,18380,11567,6813,248,891,891,265,626,1139,248,34,214,891,226,665,891,61,248,16,23,483,60,18410,17007,1403,590,992,413,240,57,163,120,8,0,19519,1807,46,63,25,195,3418,290,117,2603,65,13,2205,887,1,145,338,86,134,231,486,99,88,114,92,61,205,9,7548,6957,6442
2019,Hanover County; Virginia,38987,24276,9243,1554,410,4792,495,3104,1113,8365,1413,5150,3039,12676,12419,2.66,3.10,103750,38987,24229,1546,32077,4846,2065,41935,11696,25136,623,957,3523,44808,10378,25101,732,3775,4822,1015,263,24,44,6,81,29,1726,689,51,085,168,37,199,285,689,357,629,26706,1664,1359,10904,6214,6565,73032,1287,3731,18615,14419,5938,18980,10062,68014,29042,82085,7272,105093,11034,23318,743,63873,5042,17902,5249,104658,93728,10688,4264,6424,4913,1511,242,105537,101825,101022,70286,30736,803,3712,3712,2115,1597,4515,803,148,655,3712,780,2932,3712,708,1423,283,26,1078,194,100281,95889,4392,1422,2111,616,982,272,1013,439,286,95,105537,10761,431,391,157,1114,19243,2607,412,12958,353,395,11454,5365,168,644,2486,211,372,2443,3123,316,1567,645,418,179,936,344,38987,36276,33540
2019,Lunenburg County; Virginia,4293,2275,565,175,118,653,37,457,199,1190,172,714,414,1014,1774,2.63,3.17,11308,4293,2239,212,3215,1114,235,5434,1844,2605,179,158,648,5090,1458,2357,118,574,583,80,28,19,34,0,90,0,194,117,51,111,18,51,12,36,117,103,10,2154,92,92,888,766,316,8984,633,1362,3626,1654,693,743,273,6989,1016,10038,1085,11311,2445,2233,106,6478,1248,2600,1091,12190,11506,659,315,344,312,32,25,12282,11537,11469,8320,3149,68,745,745,318,427,813,68,0,68,745,398,347,745,23,324,0,0,386,12,11720,11155,565,179,180,53,133,47,196,69,56,10,12282,2461,86,0,0,105,694,53,3,604,0,24,644,149,0,33,75,18,12,102,209,13,40,33,4,14,84,45,4293,2862,2410
2019,Orange County; Virginia,13679,7323,2259,954,394,2196,286,1616,594,3206,530,1951,1019,4100,4875,2.59,3.07,35429,13679,7275,993,10230,2161,1091,14309,3995,7714,408,440,1752,15117,4045,7736,400,1355,1581,391,152,37,51,5,96,30,1119,537,51,137,52,121,32,332,537,384,342,8139,536,497,3469,1910,1727,25251,809,2051,8761,5392,1896,3998,2344,22391,6342,28061,3183,35477,5823,7949,505,20583,2722,6945,2596,35588,30774,4809,2153,2656,2135,521,5,36010,34339,34135,20120,14015,204,1671,1671,653,1018,1875,204,43,161,1671,259,1412,1671,278,212,142,9,986,44,33975,32027,1948,1092,1476,918,437,155,10,0,25,19,36010,2869,37,13,68,277,5221,868,149,5282,98,38,5155,1422,0,266,536,0,44,636,843,76,262,529,154,68,115,85,13679,12179,10717
2019,Emporia city; Virginia,2086,629,189,73,44,370,91,242,66,1014,338,487,320,728,643,2.49,3.25,5199,2086,587,73,1978,433,42,1927,829,646,142,70,240,2233,679,696,26,367,465,11,0,0,9,0,19,0,82,44,51,595,10,16,0,18,44,28,18,1462,30,50,676,466,240,3515,299,425,1187,836,282,380,106,2791,486,3878,194,5221,888,1564,88,2919,458,738,342,5431,4479,945,297,648,508,140,7,5442,5292,5200,4088,1112,92,150,150,53,97,242,92,32,60,150,21,129,150,3,7,21,0,116,3,5170,4836,334,142,315,128,5,0,14,14,0,0,5442,166,87,0,3,0,153,116,0,202,0,2,53,72,0,0,1,11,7,9,54,0,1477,2,0,0,12,0,2086,1697,1361
2019,Wythe County; Virginia,11983,6298,1724,797,295,2094,302,1411,478,2794,325,1974,1106,3104,4174,2.39,2.86,28623,11983,6320,774,6954,1529,1063,11772,3052,6549,250,621,1300,12429,2637,6665,297,1458,1372,268,142,52,44,21,86,19,609,235,51,197,0,8,98,129,235,45,157,5690,284,272,2519,1614,1001,21175,1050,1874,8019,3939,2266,2372,1655,18251,4027,23098,2240,28677,5679,5719,239,17100,3160,5858,2280,28612,26175,2410,1374,1036,810,226,27,28844,28676,28539,22411,6128,137,168,168,108,60,305,137,0,137,168,1,167,168,49,55,2,0,62,0,27487,27104,383,156,116,50,119,13,133,93,15,0,28844,9500,1,41,9,312,2145,300,64,3551,0,8,1910,292,17,80,136,54,4,630,443,0,1,73,90,11,119,0,11983,9711,8504
2019,Chesapeake city; Virginia,84849,46736,19642,3831,1444,11454,1342,7344,1992,22828,5961,10803,5086,32142,21401,2.76,3.21,234347,84849,46744,3801,76451,16551,5951,93069,31559,50109,1880,2119,7402,99152,26452,50306,2450,8025,11919,3478,815,28,60,4,107,33,6152,2158,51,550,218,199,360,1381,2158,1400,1310,65001,4057,3170,26488,13609,17677,161042,3549,9100,38715,40503,15777,33407,19991,148393,53398,174341,26832,227567,25729,58127,2562,139031,13109,30409,10058,236860,202478,32777,11211,21566,13739,7827,1605,239982,225838,220251,124021,96230,5587,14144,14144,8578,5566,19731,5587,1037,4550,14144,3667,10477,14144,2052,5355,882,49,5510,296,224838,206199,18639,5462,9181,2927,3974,767,4200,1565,1284,203,239982,30479,421,355,506,1547,20003,3763,1114,21831,634,613,20491,10154,190,1472,4583,272,658,2646,4115,161,3547,1730,418,222,1830,2325,84849,79976,76285
2019,Harrisonburg city; Virginia,16723,5809,2689,1142,540,4048,202,2371,615,5724,1195,2605,1125,4982,3423,2.75,3.14,45953,16723,5839,1117,10464,2965,8845,21712,12738,6937,356,317,1364,24050,13703,6328,609,1348,2062,614,144,10,34,4,53,33,633,185,51,660,51,87,0,47,185,86,131,23330,551,597,3813,1481,16888,27002,2255,2099,6909,4126,1818,5459,4336,22648,9795,44488,1236,52590,4849,8709,287,39363,2834,4518,1728,52704,36819,15018,5028,9990,6951,3039,867,53273,44151,42586,25710,16876,1565,9122,9122,2625,6497,10687,1565,489,1076,9122,3716,5406,9122,712,2594,825,0,4765,226,50545,37643,12902,6422,8290,4521,2278,940,1268,548,1066,413,53273,2923,1454,113,68,524,3438,780,265,8546,186,133,4807,2643,74,198,884,46,391,852,1026,32,1073,300,1121,310,322,101,16723,15082,13051
2019,Albemarle County; Virginia,41496,21020,8029,2098,337,6383,442,4464,1675,11995,1752,7626,3834,11497,13641,2.42,3.00,100226,41496,20945,2174,26341,4622,4648,42248,14649,22553,734,1364,2948,47252,14549,22212,1149,4223,5119,1247,331,22,48,3,88,29,1872,945,51,003,206,131,221,387,945,677,626,30286,1693,1243,9828,4945,12577,72937,2202,3587,11493,11708,3732,20761,19454,67148,40215,85367,6705,106023,9279,21684,459,65432,3758,18907,5062,106228,85218,19619,7275,12344,8401,3943,1391,107405,96238,94391,49663,44728,1847,11167,11167,4916,6251,13014,1847,458,1389,11167,3652,7515,11167,2253,4936,662,49,2913,354,101622,89729,11893,4094,4610,1963,3628,861,2908,1031,747,239,107405,8897,644,259,385,1284,12047,2095,461,14035,417,424,9613,4641,315,1049,2341,222,933,2097,3422,261,965,857,360,409,1144,390,41496,38638,35398
2019,Bedford County; Virginia,31317,18572,5979,1625,434,4402,316,3196,1000,6718,905,4199,2433,8673,10996,2.49,2.91,77899,31317,18648,1623,20399,4042,1870,32063,7826,19581,384,1079,3193,33590,6811,19440,633,3293,3413,861,228,30,54,0,120,20,1680,791,51,019,85,211,218,277,791,523,563,16788,889,933,7144,3939,3883,56691,1835,3820,17138,12372,4968,9867,6691,51036,16558,62565,6607,78005,11131,15789,647,46106,5332,16110,5152,77533,67420,9812,4258,5554,4125,1429,301,78376,76090,75265,50626,24639,825,2286,2286,1210,1076,3111,825,391,434,2286,648,1638,2286,545,758,184,9,580,210,74667,71388,3279,880,1081,303,1111,125,583,274,504,178,78376,11885,158,204,111,889,10831,1053,343,9168,147,177,7725,2547,152,337,851,125,130,1927,1822,83,596,409,31,33,674,188,31317,27178,23846
2019,Buckingham County; Virginia,5826,2706,858,428,267,985,41,728,293,1707,286,900,497,1814,2195,2.56,3.08,14931,5826,2679,442,4622,918,444,8042,2839,3239,362,360,1242,6454,1693,2977,197,906,681,220,174,104,73,0,175,8,380,229,51,029,68,69,0,92,229,156,177,3243,215,59,1435,979,555,12674,1003,1553,5422,2346,768,932,650,10118,1582,13928,1237,14974,2561,3112,223,8736,1240,3126,1098,16891,15233,1635,461,1174,1068,106,23,17059,16826,16696,13162,3534,130,233,233,127,106,363,130,0,130,233,12,221,233,47,33,0,0,153,0,16304,15941,363,107,222,84,83,3,22,16,36,4,17059,1525,33,6,0,67,2041,223,20,879,136,41,1071,327,0,19,221,9,88,170,206,7,25,173,0,37,125,27,5826,4734,3723
2019,Wise County; Virginia,14925,7082,2243,849,464,2873,78,2143,825,4121,853,2128,1065,4323,4658,2.37,2.87,35416,14925,7069,858,8617,2836,1111,17053,5859,8156,432,750,1856,15334,3274,7392,772,1863,2033,392,116,30,51,45,75,30,954,606,51,195,0,68,83,455,606,419,434,8437,313,460,3559,2036,2069,27524,2559,4071,8161,6111,2498,2572,1552,20894,4124,31014,2193,36190,9682,7462,521,22154,5554,6574,3607,38148,32887,5177,2957,2220,1232,988,84,38486,38074,37854,27813,10041,220,412,412,220,192,632,220,48,172,412,80,332,412,149,169,10,0,84,0,36628,35988,640,157,321,100,243,45,60,7,16,5,38486,13930,41,47,0,414,2516,391,16,2875,40,89,4381,1070,0,101,187,0,47,712,1009,7,127,40,0,53,143,58,14925,12094,9606
2019,Covington city; Virginia,2384,1115,432,160,43,453,42,372,102,656,169,444,263,818,848,2.31,2.98,5498,2384,1111,159,1420,367,57,2191,583,1261,19,52,276,2419,466,1217,104,361,271,55,16,30,48,51,94,0,141,27,51,580,16,6,0,5,27,22,21,1147,154,33,550,208,202,3984,117,388,1770,856,232,413,208,3479,621,4451,418,5498,758,1147,68,3220,344,1131,346,5557,5051,478,58,420,378,42,28,5598,5410,5349,4037,1312,61,188,188,147,41,249,61,5,56,188,66,122,188,6,51,0,0,131,0,5266,5144,122,0,42,0,29,0,51,0,0,0,5598,506,15,9,23,12,496,44,41,548,0,9,346,52,0,0,46,0,0,81,32,9,0,8,4,0,8,47,2384,1993,1841
2019,Portsmouth city; Virginia,36370,12474,4559,2307,720,7523,506,5474,1387,14066,3277,7074,2923,10699,10245,2.51,3.29,91368,36370,12485,2313,27609,8572,4019,36063,15594,13650,1185,1339,4295,39994,13597,14110,1870,4364,6053,1163,492,35,51,22,80,24,2232,1228,51,740,301,224,177,526,1228,816,728,22729,1420,1163,9763,4496,5887,63610,2003,5470,19125,17413,5674,9067,4858,56137,13925,69304,10238,89616,13108,22051,700,54124,7067,13441,5341,93753,78181,15225,6801,8424,5498,2926,347,95097,92323,90955,60346,30609,1368,2774,2774,1547,1227,4142,1368,196,1172,2774,953,1821,2774,359,967,120,53,1200,75,87988,83953,4035,1285,2344,692,553,61,1020,519,118,13,95097,12116,147,143,54,299,4399,866,338,4081,230,224,4066,2005,24,83,882,162,95,736,1010,121,4806,266,27,148,326,985,36370,32235,28951
2019,Virginia Beach city; Virginia,170798,86804,35261,9570,2882,27606,2440,17800,4594,46818,10591,23973,11112,57684,44087,2.58,3.08,440254,170798,86747,9626,128215,27774,17094,178421,60772,93818,3698,4094,16039,187935,50751,93296,5015,14177,24696,6104,1457,26,55,16,92,25,11070,4265,51,810,810,921,547,1987,4265,2512,2971,114324,7488,5389,44086,22353,35008,307059,6103,13729,64449,78779,33419,69469,41111,287227,110580,326949,56598,424868,47472,100267,3545,263701,24664,60900,19263,444210,365430,74565,40502,34063,15254,18809,4215,450201,407810,395633,188428,207205,12177,42391,42391,26283,16108,54568,12177,1709,10468,42391,8834,33557,42391,7106,22188,1824,122,10425,726,421625,369023,52602,17076,20282,6126,9556,1838,20857,8539,1907,573,450201,42108,1884,1553,949,3988,41096,10464,2583,52548,3220,1293,49457,25120,887,3286,10637,1979,2741,5127,10384,663,8687,3978,903,1350,3369,4378,170798,162311,153492
2019,Alleghany County; Virginia,6600,3246,989,468,147,1021,33,812,354,1865,288,1280,816,1835,2532,2.24,2.78,14799,6600,3251,471,3503,765,209,6137,1643,3434,119,294,647,6749,1438,3321,91,1021,878,157,43,28,52,0,76,50,488,222,51,005,31,33,32,126,222,108,157,2787,109,172,1140,854,512,11228,482,1090,4530,2303,1135,1021,667,9656,1688,12250,1042,14861,2794,2841,213,8594,1343,3426,1238,15023,13713,1310,838,472,287,185,0,15157,14967,14928,11602,3326,39,190,190,96,94,229,39,6,33,190,8,182,190,55,32,0,0,84,19,14484,14220,264,32,193,12,55,13,16,7,0,0,15157,2231,20,8,94,80,1068,225,51,1730,58,0,1713,235,0,73,41,0,8,267,301,6,0,31,49,54,68,0,6600,5381,4603
2019,Galax city; Virginia,2663,1172,460,107,88,552,53,424,190,832,140,510,299,804,965,2.31,2.93,6145,2663,1231,104,1701,338,108,2409,433,1337,118,162,359,2838,559,1242,109,442,486,117,32,45,83,61,131,67,116,68,51,640,0,22,11,35,68,51,32,1460,78,53,693,313,323,4754,545,612,1444,1094,357,395,307,3597,702,5103,532,6273,1646,1405,190,3617,838,1251,618,6412,5700,695,172,523,394,129,17,6517,6091,6017,4181,1836,74,426,426,116,310,500,74,0,74,426,26,400,426,8,42,22,0,348,6,6185,5399,786,304,727,296,30,8,29,0,0,0,6517,1769,0,0,0,125,594,81,0,487,0,0,268,142,9,5,23,14,0,209,120,0,22,27,0,0,28,0,2663,2128,1824
2019,Westmoreland County; Virginia,7923,3588,965,427,74,1548,46,1123,503,2360,397,1423,761,1935,3168,2.22,2.85,17622,7923,3528,473,4003,1285,410,7196,1828,3847,228,406,887,7661,1500,3677,163,1073,1248,225,150,90,69,0,151,6,723,335,51,193,143,88,10,94,335,152,261,3231,151,65,1697,733,585,13191,767,1275,4461,3126,1025,1627,910,11149,2537,14261,2024,17537,2463,3345,86,9842,929,4350,1448,17469,15365,2099,669,1430,980,450,5,17751,17066,16916,10347,6569,150,685,685,216,469,835,150,0,150,685,43,642,685,119,96,6,0,440,24,16844,15858,986,470,730,365,156,64,82,41,18,0,17751,1626,14,86,41,167,2147,304,52,1779,96,92,1960,970,29,58,213,0,6,166,525,0,271,59,48,10,124,77,7923,6801,5931
2019,Northumberland County; Virginia,5584,2905,519,408,126,849,28,693,427,1422,136,886,683,1034,3204,2.18,2.63,12190,5584,2928,390,2479,658,151,5070,841,3118,68,395,648,5520,1054,2999,88,748,631,87,0,0,50,0,127,0,324,76,51,133,0,0,19,57,76,37,59,2000,260,144,887,297,412,9810,231,647,3206,2003,890,1727,1106,8932,2833,10378,1335,12190,1883,1812,44,5905,628,4473,1211,12125,10878,1216,351,865,754,111,31,12190,12029,11936,6834,5102,93,161,161,59,102,254,93,0,93,161,0,161,161,98,50,0,0,13,0,11829,11431,398,17,179,9,117,0,35,0,67,8,12190,1058,19,42,31,68,1727,202,74,1282,0,91,1126,409,20,71,132,0,5,267,171,0,391,78,48,10,70,0,5584,4869,4327
2019,Pulaski County; Virginia,14533,7331,2093,957,259,2673,163,2092,595,3572,438,2147,1215,3380,5251,2.27,2.78,33050,14533,7339,948,8018,1546,666,14633,3921,7737,542,523,1910,14599,2919,7839,343,1729,1769,246,63,19,36,20,78,8,704,423,51,155,0,86,79,258,423,238,232,6086,360,292,2440,1624,1370,25571,1109,2103,8488,5606,3139,3096,2030,22359,5126,28069,2603,33022,6571,6081,412,19467,3211,7474,2948,33917,29416,4474,2236,2238,1660,578,27,34182,33520,33445,24955,8490,75,662,662,386,276,737,75,12,63,662,74,588,662,91,246,50,23,224,28,32576,31785,791,392,449,220,180,129,95,43,67,0,34182,9547,103,64,0,517,3586,315,105,3238,48,42,3301,719,18,168,361,8,64,729,803,27,93,198,20,36,115,8,14533,12292,10234
2019,Warren County; Virginia,14651,7343,2387,791,222,2949,186,2025,704,3568,754,1788,780,4379,4432,2.64,3.16,38704,14651,7337,774,11030,3297,1615,16074,5284,7989,258,532,2011,16211,3869,8138,597,1412,2195,534,225,51,61,38,117,18,1230,378,51,187,80,118,0,180,378,261,314,8718,482,566,3619,2172,1879,27346,902,2670,9821,6048,1967,4117,1821,23774,5938,30734,3200,39180,5437,8743,660,24483,2709,5954,2068,38935,34516,4330,1682,2648,2205,443,89,39492,37757,37110,23437,13673,647,1735,1735,856,879,2382,647,5,642,1735,337,1398,1735,499,585,11,8,591,41,37167,34916,2251,676,1288,335,463,78,363,245,137,18,39492,6585,254,124,134,433,4105,816,266,5249,100,111,4713,1435,63,251,659,138,46,760,1184,186,45,353,117,46,281,83,14651,13239,12191
2019,Danville city; Virginia,18293,5736,1709,1069,425,3553,168,2660,745,7935,1780,4135,2135,4827,6253,2.16,2.84,39475,18293,5687,1110,10715,2785,885,15117,6234,6182,501,469,1731,18427,5835,6356,984,2553,2699,495,270,49,57,40,89,26,1172,673,51,590,90,100,47,436,673,413,562,9872,619,543,4225,1975,2510,28537,1697,3508,9002,6762,2549,3172,1847,23332,5019,32055,2915,39900,7730,8956,431,23251,4312,7693,2987,40615,35038,5478,3184,2294,1389,905,99,41070,39640,39455,29028,10427,185,1430,1430,570,860,1615,185,33,152,1430,404,1026,1430,77,441,76,9,819,8,38651,36641,2010,861,1322,658,530,140,94,19,64,44,41070,5407,62,47,15,95,2236,170,27,1531,97,24,1783,435,19,58,255,18,12,698,523,11,4248,27,13,7,144,103,18293,14745,13144
2019,Fredericksburg city; Virginia,10762,3788,1492,684,146,2545,231,1794,299,3745,715,2198,814,2843,2336,2.42,3.27,26059,10762,3867,599,7009,1880,1942,10418,4885,4127,322,166,918,13031,5807,4490,268,620,1846,343,30,5,38,0,61,18,284,76,51,630,0,50,0,26,76,56,49,8931,516,352,2485,1130,4448,17265,748,952,4097,3561,846,3901,3160,15565,7061,22476,1877,28442,3213,5989,136,19379,1949,3074,1128,28140,20216,7615,2176,5439,4305,1134,309,28622,25714,25113,13233,11880,601,2908,2908,889,2019,3509,601,150,451,2908,1430,1478,2908,269,1123,294,0,1207,15,26625,23327,3298,1729,1553,1169,1067,331,311,141,367,88,28622,1385,269,64,33,229,3125,720,130,3320,147,214,2761,1039,46,123,406,57,138,494,503,23,191,138,89,326,321,226,10762,10059,9116
2019,Amherst County; Virginia,12160,6222,1846,657,286,1937,175,1390,540,3344,411,1917,1213,3319,4577,2.52,3.07,30677,12160,6304,579,8528,2342,764,12679,4082,6467,357,476,1297,13862,3360,6678,428,1627,1769,285,120,32,42,14,72,25,863,374,51,009,12,146,43,173,374,172,322,6917,491,214,2754,1282,2176,22723,1201,2063,8176,4503,2441,2924,1415,19459,4339,25532,2565,31589,4920,6237,222,18907,2677,6445,2021,31522,27549,3834,1177,2657,2095,562,139,31775,31205,30901,24084,6817,304,570,570,307,263,874,304,68,236,570,88,482,570,126,185,50,7,168,34,30051,29197,854,223,439,121,208,45,133,30,74,27,31775,6030,6,29,35,116,3193,342,41,2668,73,100,2168,588,0,133,151,0,32,822,917,81,139,471,18,6,275,7,12160,9879,8409
2019,Bath County; Virginia,1801,885,190,238,44,422,51,235,104,256,0,256,162,366,631,2.28,2.81,4098,1801,839,257,790,365,46,1837,549,975,48,92,173,1897,586,948,0,183,180,68,68,101,68,0,131,0,91,76,51,017,17,29,0,30,76,48,76,711,32,70,244,138,227,3148,121,184,1350,740,253,355,145,2843,500,3583,373,4231,618,724,54,2603,210,904,354,4262,3810,452,138,314,167,147,0,4307,4216,4216,3242,974,0,91,91,11,80,91,0,0,0,91,52,39,91,0,28,0,0,52,11,4103,4019,84,67,56,52,0,0,15,15,13,0,4307,701,0,0,0,32,527,100,0,441,16,0,582,84,0,63,45,0,0,32,115,0,0,34,43,0,14,0,1801,1420,1236
2019,Hopewell city; Virginia,9224,3045,1050,939,420,1745,122,1294,321,3495,1012,1492,799,3101,2647,2.41,3.00,22237,9224,3112,875,6762,1687,577,7991,3075,3386,158,330,1042,9585,3179,3415,417,1239,1335,341,227,68,65,0,136,0,613,230,51,670,62,89,12,67,230,154,116,5784,476,252,2577,1201,1278,14850,889,1884,5448,3313,1117,1560,639,12077,2199,16606,2073,22156,4307,5764,375,13064,2343,3328,1589,22248,18213,4027,1333,2694,1750,944,8,22456,21626,20893,15093,5800,733,830,830,488,342,1563,733,398,335,830,345,485,830,153,297,111,0,222,47,20789,19024,1765,724,1047,428,342,108,285,163,91,25,22456,1140,32,13,9,131,949,180,14,1365,40,26,908,391,0,45,70,25,5,305,370,111,342,40,0,0,64,75,9224,7747,6985
2019,Newport News city; Virginia,69835,26137,9838,4482,1507,14305,1206,9916,1974,24911,6349,13057,4852,21493,16758,2.44,3.12,170691,69835,26116,4479,51962,11532,6767,68696,28591,29829,2207,1294,6775,75548,27352,28461,3295,6340,10100,2759,1387,49,60,36,86,34,4091,1823,51,700,493,219,261,850,1823,1310,1107,47851,3049,2420,17698,7986,16698,116443,3413,7085,33142,29868,12339,19250,11346,105945,30596,129500,19513,169839,26058,41568,2860,106051,14952,22220,8246,176852,146023,29540,12031,17509,9392,8117,1289,179673,166211,160896,89922,70974,5315,13462,13462,6959,6503,18777,5315,968,4347,13462,4155,9307,13462,2321,4276,1117,19,5416,313,166556,148799,17757,6039,9200,3127,4013,782,3256,1801,1288,329,179673,15735,850,260,279,1579,11191,3016,674,15996,406,562,13273,5326,63,823,2330,279,420,1846,2839,103,3034,656,252,242,811,2459,69835,63689,53340
2019,Frederick County; Virginia,31503,18708,6844,1700,583,4370,317,2968,1100,6725,1274,3494,2063,10258,10099,2.70,3.11,85045,31503,18692,1716,25706,5336,2092,34623,10128,19980,502,858,3155,35399,7816,19961,494,3147,3981,1168,357,40,61,12,114,29,2195,786,51,069,205,140,111,330,786,441,639,19975,1273,1163,8989,4808,3742,59684,2414,4042,19325,11736,5303,9687,7177,53228,16864,66367,6478,85121,10203,19881,732,50843,4897,14397,4574,85350,74699,10199,3810,6389,4924,1465,452,86415,81034,79390,47678,31712,1644,5381,5381,2054,3327,7025,1644,565,1079,5381,908,4473,5381,605,1004,179,18,3319,256,81267,73354,7913,2492,6474,2277,770,97,502,117,167,1,86415,14758,87,256,207,953,9423,1657,595,16325,253,474,11092,3981,202,687,2303,218,336,1458,1894,212,263,569,418,66,969,323,31503,28515,25602
2019,Lynchburg city; Virginia,28273,10783,3741,1466,423,5498,335,3364,928,10526,2057,5670,2521,7306,7986,2.48,3.19,70070,28273,10822,1449,19880,4795,4851,31034,15803,11468,365,1128,2270,36497,16791,11911,1083,2757,3955,1288,634,38,54,11,79,38,1149,306,51,680,32,91,15,168,306,250,199,29571,1000,835,6713,3449,17574,44924,1697,3380,11337,8899,3630,9472,6509,39847,15981,64952,4755,78994,9919,15403,644,52972,5754,10619,3521,79374,62527,16235,7010,9225,5076,4149,612,80569,76349,75203,45565,29638,1146,4220,4220,1485,2735,5366,1146,144,1002,4220,2109,2111,4220,467,1610,726,33,1144,240,75684,70597,5087,1779,2225,938,1070,182,1273,550,519,109,80569,12581,283,157,65,994,7695,1444,288,8853,305,187,5826,2937,39,869,1076,370,198,1276,1703,115,1259,619,138,137,670,257,28273,25050,22511
2019,York County; Virginia,25103,15432,6253,970,330,3102,555,1892,735,5599,1387,3142,1818,9321,7437,2.65,3.06,66525,25103,15476,928,20215,3300,1503,26755,7451,16446,400,747,1711,28059,6060,16392,466,2367,2774,936,235,34,60,0,125,27,1197,282,51,199,95,23,0,164,282,165,213,18652,975,915,7632,4214,4916,45689,1056,1383,8651,8634,4464,11571,9930,43250,21501,48013,9508,64131,7421,16245,929,37324,3158,10562,3334,67264,56510,9657,2300,7357,4207,3150,1097,67982,62622,60154,25306,34848,2468,5360,5360,3294,2066,7828,2468,390,2078,5360,1108,4252,5360,1164,2791,389,86,871,59,64203,57049,7154,2364,2408,692,2171,521,2194,979,381,172,67982,4390,190,190,232,574,9218,1820,392,10100,187,244,7934,4252,65,1059,1689,120,635,1376,1473,204,681,540,97,269,373,331,25103,23794,22615
2019,Martinsville city; Virginia,5532,1888,550,359,198,965,41,786,194,2320,496,1195,472,1402,1757,2.24,2.93,12399,5532,1863,391,3780,664,169,4505,1661,1942,90,174,638,5693,1803,2190,225,805,670,259,206,122,92,0,165,37,228,59,51,690,30,0,29,0,59,41,42,2804,206,119,1297,689,493,8779,535,974,2504,1909,1013,1247,597,7270,1844,9755,734,12429,2446,3097,236,7124,1246,2208,964,12579,10319,2245,800,1445,1178,267,15,12852,12370,12224,8577,3647,146,482,482,194,288,628,146,15,131,482,117,365,482,102,101,34,15,230,0,11806,10982,824,224,497,100,214,65,79,51,34,8,12852,1877,18,0,16,78,924,152,0,716,0,0,573,190,0,39,23,8,3,106,257,0,206,0,7,0,54,0,5532,4634,4089
2019,Nelson County; Virginia,6419,3451,809,370,68,868,39,662,212,1730,241,898,502,1603,2682,2.29,2.69,14728,6419,3441,390,3237,963,278,5993,1457,3694,164,199,479,6504,1228,3598,159,773,746,197,51,43,79,0,101,80,455,148,51,125,0,27,0,121,148,115,65,2791,165,135,1292,689,510,11091,605,976,3904,1642,596,1894,1474,9510,3368,12077,1207,14785,1881,2754,86,8217,696,3814,1099,14675,13671,974,306,668,553,115,30,14831,14397,14278,10281,3997,119,434,434,166,268,553,119,18,101,434,25,409,434,199,40,45,0,125,25,14168,13556,612,198,313,147,182,51,51,0,66,0,14831,1794,40,0,0,86,1869,164,20,1522,27,47,1062,348,10,19,269,29,42,349,490,11,51,20,81,24,142,0,6419,5582,4397
2019,Pittsylvania County; Virginia,26267,13373,4008,1242,590,4173,433,3033,1103,7479,1485,3805,2301,7769,9807,2.29,2.72,60035,26267,13281,1334,14869,3553,731,25493,6754,14304,703,978,2754,26451,5904,13496,890,3179,2982,659,298,46,55,5,110,27,1702,1008,51,143,92,253,212,451,1008,629,810,12091,547,567,5476,3252,2249,45229,2684,5159,15841,10514,4457,4380,2194,37386,6574,49444,4149,60021,10786,11688,916,35126,5065,13207,4805,60716,54896,5796,3803,1993,997,996,24,61256,60180,59898,47716,12182,282,1076,1076,401,675,1358,282,29,253,1076,118,958,1076,65,237,93,0,674,7,58696,56684,2012,836,1286,637,497,126,161,72,68,1,61256,11813,46,91,34,281,5099,514,47,3674,84,202,4348,1030,0,56,342,64,72,676,1075,17,2577,190,74,20,234,151,26267,21671,18820
2019,Buena Vista city; Virginia,2517,1121,389,110,0,407,61,241,92,879,140,404,191,748,888,2.36,2.81,5951,2517,1088,151,1591,490,114,2360,762,1193,64,43,298,2922,910,1180,61,300,471,38,0,0,25,0,45,0,144,115,51,530,58,31,0,26,115,58,115,1881,73,39,673,204,892,4123,294,485,1662,808,217,341,316,3344,657,5133,418,6394,955,1344,11,3928,476,1122,468,6369,5182,1177,168,1009,432,577,10,6484,6416,6405,4736,1669,11,68,68,24,44,79,11,0,11,68,44,24,68,2,0,0,0,50,16,6154,5985,169,41,126,41,26,0,17,0,0,0,6484,1461,0,0,39,13,362,46,0,460,4,0,198,135,0,89,23,0,27,329,53,0,6,21,13,32,40,0,2517,2011,1754
2019,Falls Church city; Virginia,5493,2856,1426,264,71,806,58,611,155,1567,382,969,369,1995,1245,2.56,3.15,14083,5493,2870,251,4461,412,596,5359,1704,3209,20,57,369,5906,1782,2851,105,490,678,109,0,0,32,0,35,37,57,21,51,610,0,7,14,0,21,21,14,4006,354,229,1633,904,886,9580,28,79,696,939,408,3336,4094,9473,7430,10544,908,14060,906,3516,94,8728,470,1816,342,13967,11244,2198,598,1600,1047,553,525,14128,11415,10974,3208,7766,441,2713,2713,1628,1085,3154,441,89,352,2713,373,2340,2713,423,1214,97,100,860,19,13383,10806,2577,633,756,194,819,104,854,299,148,36,14128,518,89,151,151,188,2285,232,88,2431,88,85,2042,745,66,303,636,0,199,219,519,94,75,328,60,65,157,31,5493,5392,5147
2019,Petersburg city; Virginia,13165,2842,790,862,185,3069,196,2284,562,6392,1310,3306,1209,3182,3906,2.33,3.28,30673,13165,2795,911,8795,3532,1475,11379,5927,3262,481,319,1390,14259,6308,3222,807,1860,2062,332,198,35,43,30,52,36,803,382,51,730,118,62,55,147,382,251,194,6480,339,419,2529,1482,1711,21736,1407,2326,7768,4680,1252,2531,1772,18003,4303,24174,2491,30438,6826,6666,357,18768,4019,5004,2450,30990,23777,6982,3029,3953,3013,940,231,31362,30152,29717,21965,7752,435,1210,1210,472,738,1645,435,24,411,1210,211,999,1210,142,255,227,0,576,10,29079,27070,2009,585,1366,448,227,55,139,44,277,38,31362,1094,50,22,0,79,855,126,28,779,99,10,602,218,0,73,202,24,86,75,157,11,851,76,0,6,41,192,13165,10676,9089
2019,Poquoson city; Virginia,4593,2922,1142,143,27,556,50,401,97,972,221,552,335,1551,1537,2.62,3.05,12033,4593,2904,155,3779,438,164,4994,1585,2942,0,117,350,5000,774,3097,158,560,411,95,0,0,39,0,70,22,193,50,51,735,0,0,16,34,50,42,16,3186,100,140,1217,870,859,8460,180,251,2191,1549,717,1929,1643,8029,3572,9155,1428,11782,1458,2668,36,6771,682,2343,740,12008,10503,1411,303,1108,786,322,94,12090,11573,11319,6516,4803,254,517,517,377,140,771,254,61,193,517,57,460,517,186,244,0,0,72,15,11536,10992,544,109,137,24,215,21,192,64,0,0,12090,1629,0,13,20,131,2011,395,103,1813,58,126,1169,673,21,78,473,102,134,212,304,0,0,85,19,5,135,12,4593,4191,3985
2019,Fairfax city; Virginia,8577,5038,2275,308,42,1390,52,775,186,1841,193,982,352,2784,2214,2.67,3.10,22898,8577,5071,292,6212,1161,1585,9321,3251,5399,161,138,372,9764,2721,5497,134,693,719,290,0,0,53,0,76,46,340,88,51,600,10,44,0,34,88,34,82,6105,444,396,2053,1026,2186,16122,506,459,2167,2256,932,5047,4755,15157,9802,18238,1423,22994,1394,5249,122,14722,689,3023,583,23212,19451,3213,498,2715,2220,495,548,23531,16722,16126,7188,8938,596,6809,6809,3666,3143,7405,596,146,450,6809,1939,4870,6809,467,3378,595,0,2316,53,21836,14438,7398,2778,3092,1115,1286,293,2536,1316,484,54,23531,937,358,21,102,225,2067,433,169,2841,89,81,2649,1079,56,265,481,89,337,336,675,130,341,272,26,42,100,45,8577,8427,8184
2019,Waynesboro city; Virginia,9193,3441,1251,734,209,1808,140,1380,502,3210,719,2123,1087,2688,2886,2.39,3.25,21963,9193,3393,778,6264,1736,599,8343,2952,3813,219,405,954,9305,2923,3743,280,981,1378,339,250,85,68,0,131,24,728,244,51,820,45,105,0,94,244,147,177,5042,264,406,2433,862,1077,15332,708,1422,5125,2980,938,2414,1745,13202,4159,16927,1587,21960,3257,5158,470,13004,1430,3798,1357,21898,18229,3499,1301,2198,1929,269,170,22140,21303,20969,14998,5971,334,837,837,207,630,1171,334,51,283,837,401,436,837,65,230,0,0,542,0,20730,19320,1410,503,1039,327,151,37,185,139,35,0,22140,2311,35,0,49,197,1939,210,32,2947,33,40,2323,855,19,50,123,11,17,442,592,11,303,25,53,220,271,0,9193,7912,6676
2019,Roanoke city; Virginia,41740,13425,3870,3393,1024,9110,784,6876,1379,15812,3294,9083,3747,10641,11609,2.33,3.11,97307,41740,13339,3474,26747,7467,4540,37912,15546,14522,861,1642,5341,42739,14666,14863,1349,4683,7178,1273,759,50,54,52,79,27,2425,1064,51,770,245,95,154,570,1064,588,623,20997,1796,1388,9163,4028,4622,69961,3362,6299,23853,13782,6278,10092,6295,60300,16387,77460,6467,98035,12781,21691,637,61121,6695,15223,5449,97959,78893,18629,10244,8385,5979,2406,437,99229,92565,91250,63630,27620,1315,6664,6664,2077,4587,7979,1315,440,875,6664,2219,4445,6664,495,2539,592,0,2902,136,92446,84455,7991,3092,3952,1380,2336,772,1056,554,647,386,99229,7557,498,145,145,857,7336,1078,207,8683,237,138,8332,2255,110,134,1228,91,369,1997,2042,61,1528,450,160,77,520,915,41740,35815,31244
2019,Suffolk city; Virginia,33774,17951,7099,1716,692,4839,402,3190,972,9268,2446,4416,2128,12140,9246,2.65,3.12,89643,33774,17930,1734,28257,6311,1637,34254,10130,19093,857,891,3283,37568,10427,18953,1019,3141,4028,1454,594,54,68,34,122,29,2420,899,51,800,220,244,115,320,899,518,587,23410,1674,966,9912,5253,5605,60972,1959,4216,16545,14864,5415,10580,7393,54797,17973,66247,10917,87819,10621,21903,879,53372,5384,12544,4358,88716,75376,12709,5241,7468,4895,2573,631,90093,86930,85262,53259,32003,1668,3163,3163,1842,1321,4831,1668,323,1345,3163,888,2275,3163,501,1339,142,0,1104,77,84134,79847,4287,1112,1966,349,1260,198,836,468,225,97,90093,6507,196,223,232,852,7126,1410,469,7970,160,311,5741,2718,106,575,1191,206,251,850,1381,167,12789,476,82,96,427,1247,33774,30869,27405
2019,Norfolk city; Virginia,88353,30916,12084,5247,1402,20492,1211,14196,2946,31698,8072,15856,5736,26189,19880,2.47,3.18,218185,88353,30879,5296,60089,18910,14658,106565,54336,37444,2834,2231,9720,96371,38915,33399,4263,7247,12547,3400,1316,33,55,7,84,25,5043,2097,51,710,355,472,253,1017,2097,1475,1244,64492,3941,3033,20274,8115,29129,152830,4907,13483,39080,38396,12904,27117,16943,134440,44060,169819,26924,215745,29101,48150,2577,141647,16664,25948,9860,241077,176367,62719,26540,36179,17760,18419,1991,244601,226898,222026,120892,101134,4872,17703,17703,9317,8386,22575,4872,1212,3660,17703,5465,12238,17703,2212,6682,1798,56,6694,261,228523,204754,23769,7133,11391,4182,4415,771,5982,1964,1981,216,244601,16391,1039,446,405,1650,13504,4791,964,20356,816,618,19052,7946,266,1813,3818,529,1128,2310,4004,293,4560,1553,230,296,1109,2496,88353,80410,73673
2019,Amelia County; Virginia,4954,2731,850,329,119,790,79,557,185,1104,132,685,437,1399,1783,2.59,3.16,12818,4954,2774,280,3800,872,138,5290,1356,2982,196,141,615,5382,1142,2820,71,872,477,79,0,0,33,0,63,21,391,174,51,007,0,0,0,174,174,90,174,2715,240,142,1269,807,257,9283,623,874,3787,1845,563,1014,577,7786,1591,10177,980,12861,1864,2776,139,7678,1016,2407,709,12846,11539,1299,650,649,628,21,8,12953,12804,12732,10247,2485,72,149,149,91,58,221,72,0,72,149,8,141,149,99,0,0,0,50,0,12190,11729,461,285,344,218,117,67,0,0,0,0,12953,1257,107,0,0,134,1448,97,0,1553,0,0,805,239,43,12,124,105,25,442,439,0,24,38,71,98,50,0,4954,4123,3564
2019,Chesterfield County; Virginia,124971,69412,28528,5944,2142,16972,2031,10672,3349,32643,7544,16900,8389,44743,35254,2.72,3.18,339875,124971,69397,5894,107379,22127,10107,131134,41837,73052,2398,3581,10266,145448,39800,73512,3469,10804,17863,5014,1663,38,60,14,122,24,7910,2764,51,041,349,536,873,1006,2764,1879,1758,88729,5298,4231,37283,20342,21575,231044,7538,10175,54442,46410,18972,57956,35551,213331,93507,260405,25184,340982,37218,81752,4261,210023,18833,49207,14124,339207,295808,41833,19703,22130,14199,7931,1566,343551,313847,308274,190678,117596,5573,29704,29704,15279,14425,35277,5573,835,4738,29704,5256,24448,29704,3103,9443,1779,44,14733,602,322925,284445,38480,15584,23440,10985,6715,1293,6008,2736,2317,570,343551,24633,2705,1103,735,2652,38450,6502,1399,34839,807,1186,28771,13363,336,1580,6140,735,1271,5971,7774,504,3422,2090,715,410,2796,2501,124971,118202,112621
2019,Fairfax County; Virginia,396501,231274,109626,17025,4567,57574,4324,36819,9219,90628,16227,52356,21475,144455,103131,2.87,3.37,1136778,396501,231054,17236,356286,83267,52434,453041,153784,260828,5728,7504,25197,468177,135582,251231,8190,29146,44028,13850,2087,15,50,13,74,39,23248,4202,51,059,783,916,906,1597,4202,2782,2912,306125,20915,16272,117975,65180,85783,780061,32538,26127,99809,98206,43218,242401,237762,721396,480163,864481,73603,1131851,81935,270122,6996,713325,36853,148404,38086,1132495,966584,147580,75238,72342,31778,40564,18331,1145862,787038,756158,311188,444970,30880,358824,358824,199792,159032,389704,30880,6526,24354,358824,81156,277668,358824,24310,184408,39391,666,107261,2788,1071858,650491,421367,159554,149180,66765,94037,23404,129435,55099,48715,14286,1145862,48007,27122,3638,3373,9446,93025,20175,4932,118896,6200,5676,107268,56354,3507,9845,29151,3214,12114,13278,20627,3557,41047,9996,3849,5326,7718,4830,396501,385225,372354
