year,county_name,employment_status_population_16_years_and_over,employment_status_population_16_years_and_over_in_,employment_status_population_16_years_and_over_in_,employment_status_population_16_years_and_over_in_,employment_status_population_16_years_and_over_in_,employment_status_population_16_years_and_over_in_,employment_status_population_16_years_and_over_not,employment_status_civilian_labor_force,employment_status_civilian_labor_force_unemploymen,employment_status_females_16_years_and_over,employment_status_females_16_years_and_over_in_lab,employment_status_females_16_years_and_over_in_lab,employment_status_females_16_years_and_over_in_lab,employment_status_own_children_of_the_householder_,employment_status_own_children_of_the_householder_,employment_status_own_children_of_the_householder_,employment_status_own_children_of_the_householder_,commuting_to_work_workers_16_years_and_over,commuting_to_work_workers_16_years_and_over_car_tr,commuting_to_work_workers_16_years_and_over_car_tr,commuting_to_work_workers_16_years_and_over_public,commuting_to_work_workers_16_years_and_over_walked,commuting_to_work_workers_16_years_and_over_other_,commuting_to_work_workers_16_years_and_over_worked,commuting_to_work_mean_travel_time_to_work_minutes,occupation_civilian_employed_population_16_years_a,occupation_civilian_employed_population_16_years_a,occupation_civilian_employed_population_16_years_a,occupation_civilian_employed_population_16_years_a,occupation_civilian_employed_population_16_years_a,occupation_civilian_employed_population_16_years_a,industry_civilian_employed_population_16_years_and,industry_civilian_employed_population_16_years_and,industry_civilian_employed_population_16_years_and,industry_civilian_employed_population_16_years_and,industry_civilian_employed_population_16_years_and,industry_civilian_employed_population_16_years_and,industry_civilian_employed_population_16_years_and,industry_civilian_employed_population_16_years_and,industry_civilian_employed_population_16_years_and,industry_civilian_employed_population_16_years_and,industry_civilian_employed_population_16_years_and,industry_civilian_employed_population_16_years_and,industry_civilian_employed_population_16_years_and,industry_civilian_employed_population_16_years_and,state_fips,county_fips,class_of_worker_civilian_employed_population_16_ye,class_of_worker_civilian_employed_population_16_ye,class_of_worker_civilian_employed_population_16_ye,class_of_worker_civilian_employed_population_16_ye,class_of_worker_civilian_employed_population_16_ye,income_and_benefits_in_2016_inflation_adjusted_dol,income_and_benefits_in_2016_inflation_adjusted_dol,income_and_benefits_in_2016_inflation_adjusted_dol,income_and_benefits_in_2016_inflation_adjusted_dol,income_and_benefits_in_2016_inflation_adjusted_dol,income_and_benefits_in_2016_inflation_adjusted_dol,income_and_benefits_in_2016_inflation_adjusted_dol,income_and_benefits_in_2016_inflation_adjusted_dol,income_and_benefits_in_2016_inflation_adjusted_dol,income_and_benefits_in_2016_inflation_adjusted_dol,income_and_benefits_in_2016_inflation_adjusted_dol,income_and_benefits_in_2016_inflation_adjusted_dol,income_and_benefits_in_2016_inflation_adjusted_dol,income_and_benefits_in_2016_inflation_adjusted_dol,income_and_benefits_in_2016_inflation_adjusted_dol,income_and_benefits_in_2016_inflation_adjusted_dol,income_and_benefits_in_2016_inflation_adjusted_dol,income_and_benefits_in_2016_inflation_adjusted_dol,income_and_benefits_in_2016_inflation_adjusted_dol,income_and_benefits_in_2016_inflation_adjusted_dol,income_and_benefits_in_2016_inflation_adjusted_dol,income_and_benefits_in_2016_inflation_adjusted_dol,income_and_benefits_in_2016_inflation_adjusted_dol,income_and_benefits_in_2016_inflation_adjusted_dol,income_and_benefits_in_2016_inflation_adjusted_dol,income_and_benefits_in_2016_inflation_adjusted_dol,income_and_benefits_in_2016_inflation_adjusted_dol,income_and_benefits_in_2016_inflation_adjusted_dol,income_and_benefits_in_2016_inflation_adjusted_dol,income_and_benefits_in_2016_inflation_adjusted_dol,income_and_benefits_in_2016_inflation_adjusted_dol,income_and_benefits_in_2016_inflation_adjusted_dol,income_and_benefits_in_2016_inflation_adjusted_dol,income_and_benefits_in_2016_inflation_adjusted_dol,income_and_benefits_in_2016_inflation_adjusted_dol,income_and_benefits_in_2016_inflation_adjusted_dol,income_and_benefits_in_2016_inflation_adjusted_dol,income_and_benefits_in_2016_inflation_adjusted_dol,income_and_benefits_in_2016_inflation_adjusted_dol,income_and_benefits_in_2016_inflation_adjusted_dol,income_and_benefits_in_2016_inflation_adjusted_dol,income_and_benefits_in_2016_inflation_adjusted_dol,income_and_benefits_in_2016_inflation_adjusted_dol,income_and_benefits_in_2016_inflation_adjusted_dol,health_insurance_coverage_civilian_noninstitutiona,health_insurance_coverage_civilian_noninstitutiona,health_insurance_coverage_civilian_noninstitutiona,health_insurance_coverage_civilian_noninstitutiona,health_insurance_coverage_civilian_noninstitutiona,health_insurance_coverage_civilian_noninstitutiona,health_insurance_coverage_civilian_noninstitutiona,health_insurance_coverage_civilian_noninstitutiona,health_insurance_coverage_civilian_noninstitutiona,health_insurance_coverage_civilian_noninstitutiona,health_insurance_coverage_civilian_noninstitutiona,health_insurance_coverage_civilian_noninstitutiona,health_insurance_coverage_civilian_noninstitutiona,health_insurance_coverage_civilian_noninstitutiona,health_insurance_coverage_civilian_noninstitutiona,health_insurance_coverage_civilian_noninstitutiona,health_insurance_coverage_civilian_noninstitutiona,health_insurance_coverage_civilian_noninstitutiona,health_insurance_coverage_civilian_noninstitutiona,health_insurance_coverage_civilian_noninstitutiona,health_insurance_coverage_civilian_noninstitutiona,health_insurance_coverage_civilian_noninstitutiona,health_insurance_coverage_civilian_noninstitutiona,health_insurance_coverage_civilian_noninstitutiona,percentage_of_families_and_people_whose_income_in_,percentage_of_families_and_people_whose_income_in_,percentage_of_families_and_people_whose_income_in_,percentage_of_families_and_people_whose_income_in_,percentage_of_families_and_people_whose_income_in_,percentage_of_families_and_people_whose_income_in_,percentage_of_families_and_people_whose_income_in_,percentage_of_families_and_people_whose_income_in_,percentage_of_families_and_people_whose_income_in_,percentage_of_families_and_people_whose_income_in_,percentage_of_families_and_people_whose_income_in_,percentage_of_families_and_people_whose_income_in_,percentage_of_families_and_people_whose_income_in_,percentage_of_families_and_people_whose_income_in_,percentage_of_families_and_people_whose_income_in_,percentage_of_families_and_people_whose_income_in_,percentage_of_families_and_people_whose_income_in_,percentage_of_families_and_people_whose_income_in_,percentage_of_families_and_people_whose_income_in_
2016,San Jacinto County; Texas,21558,11358,11358,10514,844,0,10200,11358,-888888888,11153,4878,4878,4495,2014,928,3742,2591,10256,8141,1402,0,145,229,339,40.1,10514,2329,2076,2259,2216,1634,10514,562,1844,931,148,1264,725,247,456,620,1401,634,652,1030,48,407,10514,7778,2074,662,0,9631,687,794,1252,1177,1328,1583,1205,1092,264,249,44878,60405,6956,61810,3957,18539,2120,18724,711,10467,175,1557,1765,7021,369,259,675,955,956,1353,1036,930,259,229,56282,69193,22563,2610,23546,35033,26367,46838,32282,27028,21709,14512,11314,5319,6169,463,15682,10404,9581,7429,6839,1076,2152,823,342,107,246,481,5278,3066,1727,1616,2212,-888888888,-888888888,-888888888,-888888888,-888888888,-888888888,-888888888,-888888888,-888888888,-888888888,-888888888,-888888888,-888888888,-888888888,-888888888,-888888888,-888888888,-888888888,-888888888
2016,Upshur County; Texas,31691,18005,17988,16607,1381,17,13686,17988,-888888888,16144,7985,7968,7103,2798,1615,6223,4197,16120,13294,1825,36,98,152,715,27.6,16607,4711,2693,4034,2360,2809,16607,1156,1581,2130,423,2242,908,201,661,1140,3666,1010,966,523,48,459,16607,13289,2149,1131,38,13941,1006,837,1502,1613,2282,2538,1588,1798,389,388,47724,63422,10354,65714,5254,17440,2641,21275,1087,8773,248,2730,1969,9940,383,235,706,1112,1687,2134,1445,1589,335,314,59818,72440,23215,4001,23135,37711,28649,44795,31460,39765,33000,24338,13551,6765,9768,1074,23438,16752,15424,12163,11786,870,3261,1328,562,321,258,766,6686,5116,3239,2438,1570,-888888888,-888888888,-888888888,-888888888,-888888888,-888888888,-888888888,-888888888,-888888888,-888888888,-888888888,-888888888,-888888888,-888888888,-888888888,-888888888,-888888888,-888888888,-888888888
2016,Waller County; Texas,37086,22441,22441,20418,2023,0,14645,22441,-888888888,18790,9511,9511,8621,3789,2087,6699,4341,19888,15523,2041,124,934,290,976,31.6,20418,5517,4418,4915,2867,2701,20418,1231,1870,2187,611,2611,988,321,786,1614,4540,1708,1134,817,48,473,20418,15846,3240,1319,13,14082,1017,719,1558,1517,1891,2525,1675,1806,750,624,53508,72273,11698,71633,4042,16484,2038,26827,1026,9085,128,3020,2469,10189,395,197,1073,1001,1077,2136,1506,1573,656,575,67044,83150,23338,3893,30620,39749,24566,45368,30413,46796,36972,26758,13846,9824,11290,1259,30235,20781,18952,13941,13484,875,5011,1829,926,649,303,903,9454,6929,4875,2493,2525,-888888888,-888888888,-888888888,-888888888,-888888888,-888888888,-888888888,-888888888,-888888888,-888888888,-888888888,-888888888,-888888888,-888888888,-888888888,-888888888,-888888888,-888888888,-888888888
2016,Wilson County; Texas,36380,22235,22145,20770,1375,90,14145,22145,-888888888,18268,9969,9899,9315,3035,1874,7975,5596,20516,16588,2205,7,250,158,1308,32.7,20770,6484,3505,5393,2991,2397,20770,1265,2107,1500,705,2517,1546,189,1266,1613,4293,1342,736,1691,48,493,20770,15077,3954,1709,30,15474,660,633,1449,1298,1590,2671,2447,2987,1082,657,68737,81361,12541,79208,5043,17533,3592,23302,745,9650,233,2095,1386,12044,270,245,955,893,1097,2120,2199,2653,1006,606,78959,89752,28419,3430,32984,47610,35469,56167,40338,45772,39382,32538,12475,6390,11524,890,27943,20694,19462,16316,15802,1121,3146,1232,518,447,98,714,7249,5617,4165,2032,1632,-888888888,-888888888,-888888888,-888888888,-888888888,-888888888,-888888888,-888888888,-888888888,-888888888,-888888888,-888888888,-888888888,-888888888,-888888888,-888888888,-888888888,-888888888,-888888888
2016,Hockley County; Texas,17943,11492,11489,10661,828,3,6451,11489,-888888888,9262,5187,5184,4803,1871,1033,3916,2870,10304,7789,1851,12,292,71,289,19.7,10661,2875,1790,2469,1884,1643,10661,1739,886,412,322,1111,501,240,425,443,2643,871,741,327,48,219,10661,8459,1559,610,33,8103,683,357,822,1076,1078,1742,879,934,291,241,50331,63311,6390,64601,2437,16995,972,20223,419,10036,73,2310,1134,5880,308,106,392,786,725,1382,809,868,278,226,60726,73921,22718,2223,24724,31844,27518,46706,32044,23206,18521,13470,7175,4685,6200,926,13931,10607,9837,7419,7077,519,2418,770,310,201,144,460,3324,2447,1533,1005,877,-888888888,-888888888,-888888888,-888888888,-888888888,-888888888,-888888888,-888888888,-888888888,-888888888,-888888888,-888888888,-888888888,-888888888,-888888888,-888888888,-888888888,-888888888,-888888888
2016,Midland County; Texas,116125,81913,81800,78827,2973,113,34212,81800,-888888888,58261,34476,34410,32729,15071,8334,25981,17773,77875,65986,8059,164,763,1200,1703,19.2,78827,26698,10524,19479,13028,9098,78827,15107,6436,3920,2681,8799,4090,858,4102,6009,14696,5615,4619,1895,48,329,78827,64906,8379,5383,159,53960,1740,1583,3899,4859,6660,9424,6600,9514,4124,5557,71424,103206,47702,101722,11473,17811,6125,19431,1781,8222,611,4416,4084,37822,926,486,1869,2852,4149,6466,5265,7645,3345,4819,85709,117652,36869,16138,42475,61535,39059,61249,38891,154621,124092,106216,30604,30529,43329,7819,95910,77101,74332,58867,57691,2530,15465,2769,1059,850,239,1710,18809,13488,10694,3794,5321,-888888888,-888888888,-888888888,-888888888,-888888888,-888888888,-888888888,-888888888,-888888888,-888888888,-888888888,-888888888,-888888888,-888888888,-888888888,-888888888,-888888888,-888888888,-888888888
2016,Llano County; Texas,17018,7839,7796,7199,597,43,9179,7796,-888888888,8869,3636,3636,3381,876,494,1958,1408,7056,4875,1056,0,245,76,804,24.9,7199,2287,1480,1945,829,658,7199,277,958,326,180,838,292,112,607,823,1177,852,503,254,48,299,7199,5232,801,1130,36,8796,541,581,1230,1049,1081,1484,922,967,407,534,48562,75669,5094,73262,4729,19388,2415,27560,522,10798,79,5056,666,5754,159,232,530,638,830,1088,782,794,256,445,58886,89098,34633,3042,25480,47346,23704,42284,34306,19372,15915,11090,9157,3457,3016,523,9812,6714,6212,4422,4016,459,1790,502,192,143,49,310,3098,2371,1635,873,727,-888888888,-888888888,-888888888,-888888888,-888888888,-888888888,-888888888,-888888888,-888888888,-888888888,-888888888,-888888888,-888888888,-888888888,-888888888,-888888888,-888888888,-888888888,-888888888
2016,Fannin County; Texas,27426,14018,14001,13104,897,17,13408,14001,-888888888,12823,6416,6416,6004,2062,1233,4536,3401,12875,10516,1406,10,184,172,587,29.6,13104,3990,2178,3005,1588,2343,13104,484,1011,1969,324,1568,743,157,728,744,3236,548,635,957,48,147,13104,9564,2575,942,23,12022,1129,779,1483,1358,1670,2135,1704,1218,364,182,45471,57311,8676,59662,4645,17164,2336,18535,735,8953,285,3928,1456,8557,365,351,838,1002,1164,1771,1423,1134,338,171,56056,67074,21429,3465,22507,30790,26818,42127,33002,30825,25412,18301,11147,5413,7128,755,18049,12830,11981,9357,9004,615,2624,849,340,177,186,509,5219,3757,2446,1889,1462,-888888888,-888888888,-888888888,-888888888,-888888888,-888888888,-888888888,-888888888,-888888888,-888888888,-888888888,-888888888,-888888888,-888888888,-888888888,-888888888,-888888888,-888888888,-888888888
2016,Brazos County; Texas,171184,107479,107297,101149,6148,182,63705,107297,-888888888,84668,49965,49946,47148,15129,9651,26150,18922,98853,75999,11513,2641,2922,2664,3114,17.3,101149,41507,17586,23801,9214,9041,101149,3137,6767,6038,2416,11219,2585,1306,4506,9735,32949,12101,4384,4006,48,041,101149,69814,25415,5820,100,75797,10447,4655,9087,8010,10119,11023,7938,8080,3152,3286,41654,64808,64626,63147,12864,18157,8335,28651,2730,8581,940,3889,6659,41916,2352,1550,3849,3712,5248,6908,5857,6762,2884,2794,64859,86492,24157,33881,24389,35698,20981,43512,33185,206103,177061,151747,41262,29042,43081,3577,146341,102610,96987,80105,78115,3606,16882,5623,3529,2808,985,2094,43731,37565,34158,5009,6166,-888888888,-888888888,-888888888,-888888888,-888888888,-888888888,-888888888,-888888888,-888888888,-888888888,-888888888,-888888888,-888888888,-888888888,-888888888,-888888888,-888888888,-888888888,-888888888
2016,Gaines County; Texas,13278,8392,8392,8017,375,0,4886,8392,-888888888,6516,3089,3089,2994,2327,754,4335,2059,7923,5828,1556,0,371,24,144,18.7,8017,2018,981,1539,2017,1462,8017,1954,1150,311,172,480,825,87,154,250,1358,449,652,175,48,165,8017,6161,935,908,13,5630,378,203,474,466,856,1104,924,739,311,175,58788,76442,4729,80911,1296,15761,573,13534,162,6975,23,3287,393,4352,99,125,372,344,653,908,782,634,260,175,62328,84572,22837,1278,35489,41965,31324,52011,25236,19371,13048,9160,4951,6323,6858,2228,10806,7956,7637,4995,4753,400,2642,319,148,113,53,171,2850,1587,1178,452,1263,-888888888,-888888888,-888888888,-888888888,-888888888,-888888888,-888888888,-888888888,-888888888,-888888888,-888888888,-888888888,-888888888,-888888888,-888888888,-888888888,-888888888,-888888888,-888888888
2016,Gray County; Texas,17735,9945,9921,9396,525,24,7790,9921,-888888888,8248,4139,4135,3939,1938,1112,3431,2347,9179,7839,999,0,144,135,62,19.9,9396,2261,1566,2256,1818,1495,9396,1402,931,806,222,1146,534,170,381,500,1583,789,506,426,48,179,9396,7608,1199,575,14,8201,543,423,1155,1085,1186,1489,985,977,246,112,45264,59480,6075,62634,2735,18202,1529,18407,475,10593,137,2247,965,5438,203,219,537,624,816,1018,840,851,231,99,57032,70121,22409,2763,27602,35381,30311,48832,31374,21442,17407,12830,7249,4035,5828,710,12178,9204,8705,6603,6341,536,2102,499,232,132,103,267,2974,2028,1232,1034,946,-888888888,-888888888,-888888888,-888888888,-888888888,-888888888,-888888888,-888888888,-888888888,-888888888,-888888888,-888888888,-888888888,-888888888,-888888888,-888888888,-888888888,-888888888,-888888888
2016,Jack County; Texas,7202,3333,3333,3177,156,0,3869,3333,-888888888,3096,1355,1355,1290,523,209,1205,673,3118,2587,323,0,27,16,165,26.9,3177,751,460,657,675,634,3177,868,313,189,80,280,242,17,107,152,392,196,171,170,48,237,3177,2448,425,277,27,3066,216,157,285,395,468,521,352,439,114,119,50390,73026,2252,69578,1089,19118,496,21279,173,7832,30,3243,326,2254,135,48,124,286,375,378,301,382,114,111,60688,84595,24677,812,28276,40202,30707,50625,31645,7680,6226,4710,2622,1454,1918,242,4421,3105,2963,2289,2236,92,674,142,62,43,19,80,1316,868,493,437,448,-888888888,-888888888,-888888888,-888888888,-888888888,-888888888,-888888888,-888888888,-888888888,-888888888,-888888888,-888888888,-888888888,-888888888,-888888888,-888888888,-888888888,-888888888,-888888888
2016,Bosque County; Texas,14507,7727,7727,7230,497,0,6780,7727,-888888888,7446,3456,3456,3235,1120,709,2582,1829,7058,5514,842,8,313,64,317,29.5,7230,1998,1336,1573,1132,1191,7230,515,785,856,190,836,536,70,374,512,1484,560,260,252,48,035,7230,5564,827,801,38,7098,349,459,1127,849,1091,1292,860,715,138,218,45419,61922,4925,62424,3106,18488,1538,21779,375,10115,60,6620,784,5035,132,165,629,596,754,1046,747,630,135,201,55011,72276,24815,2063,23130,33762,26004,40751,32260,17592,13958,10399,6472,3634,3928,650,9755,7000,6548,4744,4653,196,1804,452,100,79,21,352,2755,1961,1163,953,794,-888888888,-888888888,-888888888,-888888888,-888888888,-888888888,-888888888,-888888888,-888888888,-888888888,-888888888,-888888888,-888888888,-888888888,-888888888,-888888888,-888888888,-888888888,-888888888
2016,Bexar County; Texas,1424605,925592,909064,847842,61222,16528,499013,909064,-888888888,730510,429660,425928,397025,155926,96207,307027,208843,850829,673247,93680,23425,15059,11087,34331,24.7,847842,292172,167655,221456,82899,83660,847842,11111,63728,49375,20492,101827,37283,16044,76243,95991,195655,97617,40961,41515,48,029,847842,680450,119616,46817,959,623321,46983,30687,66476,65161,87316,118176,74580,80029,27123,26790,52353,71023,509283,69971,164063,15848,109949,26116,38871,8897,10823,2591,90425,421221,21594,13633,37610,40310,58066,81377,57250,65160,23066,23155,61285,80707,25317,202100,34256,47098,28057,41890,35580,1828044,1519368,1131174,568672,308676,486461,39500,1137297,862005,804971,635768,603937,58099,169203,57034,28980,20444,10427,28054,275292,206543,131967,95657,68749,-888888888,-888888888,-888888888,-888888888,-888888888,-888888888,-888888888,-888888888,-888888888,-888888888,-888888888,-888888888,-888888888,-888888888,-888888888,-888888888,-888888888,-888888888,-888888888
2016,Baylor County; Texas,2967,1452,1452,1432,20,0,1515,1452,-888888888,1600,553,553,553,158,115,538,427,1423,1247,103,0,38,17,18,12.7,1432,559,200,312,273,88,1432,128,158,62,27,59,56,22,80,104,478,77,104,77,48,023,1432,904,248,280,0,1703,223,97,256,298,235,236,135,94,35,94,34382,63180,1037,70488,744,16462,396,18214,127,7728,48,973,304,998,48,29,101,175,131,210,118,94,35,57,54375,79405,30495,705,23039,40174,31069,44082,40385,3562,2906,2274,1262,656,777,89,1966,1315,1295,975,912,63,320,20,7,7,0,13,651,432,260,211,219,-888888888,-888888888,-888888888,-888888888,-888888888,-888888888,-888888888,-888888888,-888888888,-888888888,-888888888,-888888888,-888888888,-888888888,-888888888,-888888888,-888888888,-888888888,-888888888
2016,Denton County; Texas,579752,424430,424106,402523,21583,324,155322,424106,-888888888,297790,199573,199540,188990,59379,38660,131066,93409,394108,317852,35279,4183,5218,5345,26231,28.8,402523,180253,57115,105658,26322,33175,402523,4799,22184,33267,14945,49294,21036,12437,41383,56186,81781,35336,18828,11047,48,121,402523,331525,47260,23132,606,265790,10396,7009,16300,20233,29296,46620,35622,51140,24131,25043,76678,99744,237708,98766,47279,19507,31818,25033,6678,9761,3022,3301,15793,188988,4234,2440,7637,11108,17197,30036,27923,44078,21487,22848,94062,115476,36238,76802,43374,56751,40015,61140,46572,750044,649999,572407,128931,100045,196365,16185,489487,402993,382959,327130,322161,10834,55829,20034,11621,10251,1757,8413,86494,68032,57391,14849,18462,-888888888,-888888888,-888888888,-888888888,-888888888,-888888888,-888888888,-888888888,-888888888,-888888888,-888888888,-888888888,-888888888,-888888888,-888888888,-888888888,-888888888,-888888888,-888888888
2016,Galveston County; Texas,245553,158024,157616,146243,11373,408,87529,157616,-888888888,125477,72994,72942,67016,24015,16340,49556,36373,143505,114748,15945,1579,2905,3067,5261,27.8,146243,58993,25516,32620,14824,14290,146243,3070,11792,15235,3599,14075,7315,1809,8707,16832,36734,13448,6833,6794,48,167,146243,112255,25057,8810,121,115685,7529,4920,11151,9642,13875,18076,13527,18405,9372,9188,63064,87270,94051,88552,32230,18321,21454,26936,4963,9833,1158,3019,13104,79854,3108,2253,5866,5160,9219,12162,10280,15215,8396,8195,79973,101800,32756,35831,35538,51091,35501,61384,44378,309976,262468,212148,81742,47508,77482,5855,193312,147528,137158,111534,108233,5805,25624,10370,5176,4010,1345,5194,45784,35248,26835,10848,10536,-888888888,-888888888,-888888888,-888888888,-888888888,-888888888,-888888888,-888888888,-888888888,-888888888,-888888888,-888888888,-888888888,-888888888,-888888888,-888888888,-888888888,-888888888,-888888888
2016,Roberts County; Texas,691,438,438,427,11,0,253,438,-888888888,376,218,218,214,82,64,203,175,402,276,99,0,6,0,21,20.4,427,186,72,69,53,47,427,110,54,27,14,22,12,0,14,29,99,13,16,17,48,393,427,244,98,85,0,342,7,4,26,23,38,80,69,59,30,6,72500,85377,267,86928,112,19874,85,19999,0,-666666666,3,-999999999,12,283,3,0,15,17,28,65,67,59,23,6,79375,92040,31655,59,39583,52803,34135,64479,31042,939,821,734,209,118,285,40,498,399,395,355,355,5,40,4,0,0,0,4,99,65,48,17,34,-888888888,-888888888,-888888888,-888888888,-888888888,-888888888,-888888888,-888888888,-888888888,-888888888,-888888888,-888888888,-888888888,-888888888,-888888888,-888888888,-888888888,-888888888,-888888888
2016,Uvalde County; Texas,20370,12140,12127,11351,776,13,8230,12127,-888888888,10428,5402,5402,4982,2442,1629,4698,2885,11053,9318,1114,0,180,85,356,17.2,11351,3005,2427,2718,2029,1172,11351,1397,996,590,154,1340,622,22,525,701,2570,1004,545,885,48,463,11351,7790,2540,1021,0,8512,826,701,1266,1047,1211,1580,954,686,64,177,39011,52400,6227,53652,3203,14955,1252,23347,598,7897,99,1647,1632,5914,440,329,616,744,923,1146,867,623,49,177,47070,60863,18294,2598,21931,31165,21461,35734,26168,26672,20686,13668,9486,5986,7580,720,14957,11265,10515,7342,7050,405,3173,750,247,164,83,503,3692,2189,1213,1116,1503,-888888888,-888888888,-888888888,-888888888,-888888888,-888888888,-888888888,-888888888,-888888888,-888888888,-888888888,-888888888,-888888888,-888888888,-888888888,-888888888,-888888888,-888888888,-888888888
2016,Bowie County; Texas,73716,39618,39555,36356,3199,63,34098,39555,-888888888,36703,19146,19133,17581,6732,4618,13646,9785,35977,31343,2660,135,334,595,910,17.6,36356,11003,7413,8886,4027,5027,36356,531,2249,3341,990,4405,1706,474,1961,3121,8818,3221,2057,3482,48,037,36356,27998,6626,1712,20,33586,3288,2295,4518,3857,5192,5571,3865,2881,974,1145,42683,62975,24279,64077,11215,16995,7801,23266,1948,8794,513,3409,5186,22888,1856,883,2220,2381,3699,4130,3278,2605,863,973,51925,72713,23705,10698,24795,40145,27104,43860,30554,88111,73454,53109,31736,14657,22294,2423,52059,37064,34084,26907,26115,1725,7177,2980,1527,1046,570,1453,14995,11411,6740,6110,3584,-888888888,-888888888,-888888888,-888888888,-888888888,-888888888,-888888888,-888888888,-888888888,-888888888,-888888888,-888888888,-888888888,-888888888,-888888888,-888888888,-888888888,-888888888,-888888888
2016,Kent County; Texas,539,326,326,319,7,0,213,326,-888888888,279,143,143,139,74,43,52,46,315,231,34,0,29,5,16,9.6,319,138,53,45,55,28,319,62,31,2,4,31,9,1,21,9,95,4,11,39,48,263,319,162,114,40,3,284,30,18,32,27,34,60,35,29,12,7,50625,64264,234,51980,106,13247,57,20404,10,5770,13,454,36,163,6,1,11,10,18,47,30,21,12,7,67250,87271,27434,121,21458,32736,28487,45227,31607,617,545,460,195,72,126,8,339,268,261,219,209,14,42,7,7,7,0,0,71,49,45,11,22,-888888888,-888888888,-888888888,-888888888,-888888888,-888888888,-888888888,-888888888,-888888888,-888888888,-888888888,-888888888,-888888888,-888888888,-888888888,-888888888,-888888888,-888888888,-888888888
2016,Somervell County; Texas,6876,3807,3807,3672,135,0,3069,3807,-888888888,3508,1730,1730,1622,633,452,1245,924,3555,2911,509,11,37,47,40,28.2,3672,1200,551,717,615,589,3672,382,381,262,81,199,528,6,170,258,596,478,184,147,48,425,3672,2904,505,254,9,3241,127,270,491,203,514,553,440,366,114,163,50562,67919,2284,68156,1207,17509,542,27848,109,11457,68,8549,368,2467,79,162,297,114,410,451,382,310,108,154,57789,75777,26547,774,21667,34818,30108,57818,31000,8476,6826,5246,2600,1650,2034,301,5013,3422,3287,2540,2514,92,747,135,97,97,0,38,1591,1027,579,466,564,-888888888,-888888888,-888888888,-888888888,-888888888,-888888888,-888888888,-888888888,-888888888,-888888888,-888888888,-888888888,-888888888,-888888888,-888888888,-888888888,-888888888,-888888888,-888888888
2016,Hardin County; Texas,43517,25399,25355,24149,1206,44,18118,25355,-888888888,22333,10988,10988,10488,4242,2278,8876,5324,23983,20871,2172,13,173,265,489,27.8,24149,7471,3436,5815,3736,3691,24149,801,2927,3218,795,2857,1393,235,1103,1611,4946,1704,1486,1073,48,199,24149,19266,3518,1345,20,20408,1416,1128,2102,1757,2863,3678,2471,3088,988,917,54352,75078,15256,82621,7047,18207,3671,19465,1005,9107,342,1889,2189,14835,607,489,1054,1070,1920,3011,2208,2699,924,853,68750,86829,28321,5573,26615,41099,35584,53992,35225,55144,45419,36840,15558,9725,13851,1563,33155,23826,22778,17892,17384,1217,4886,1048,391,252,155,657,9329,6771,4798,2753,2558,-888888888,-888888888,-888888888,-888888888,-888888888,-888888888,-888888888,-888888888,-888888888,-888888888,-888888888,-888888888,-888888888,-888888888,-888888888,-888888888,-888888888,-888888888,-888888888
2016,Leon County; Texas,13481,7260,7260,6707,553,0,6221,7260,-888888888,6776,3094,3094,2854,1223,767,2373,1789,6509,5053,629,0,288,125,414,27.8,6707,2068,927,1471,1278,963,6707,810,1021,505,140,942,398,102,325,442,928,451,359,284,48,289,6707,4619,914,1146,28,6279,429,404,801,785,905,931,839,673,302,210,47441,67687,4337,64629,2652,19765,1665,20804,217,9599,23,1130,656,4419,174,140,450,584,606,752,701,624,254,134,59200,73269,27271,1860,25453,52401,28035,50765,30600,16821,13763,9428,7010,3058,3861,270,9116,6345,5829,4250,3983,320,1579,516,271,235,84,245,2771,1859,1077,887,912,-888888888,-888888888,-888888888,-888888888,-888888888,-888888888,-888888888,-888888888,-888888888,-888888888,-888888888,-888888888,-888888888,-888888888,-888888888,-888888888,-888888888,-888888888,-888888888
2016,Newton County; Texas,11539,5239,5185,4451,734,54,6300,5185,-888888888,5636,2398,2398,2070,905,554,2051,1424,4384,3552,556,20,12,171,73,35.2,4451,890,714,1131,832,884,4451,417,478,617,37,541,313,21,91,345,1036,205,113,237,48,351,4451,3596,600,255,0,4629,352,399,905,518,697,732,556,314,92,64,36829,49889,2737,55802,2043,18347,1390,20277,391,10157,120,2003,773,2847,101,74,405,393,456,585,450,227,92,64,49806,61396,19293,1782,19304,29678,22033,49271,23485,13929,11449,7965,5838,2480,3030,267,8446,5010,4283,3048,2927,213,1235,727,437,262,175,290,3436,2748,1387,1696,688,-888888888,-888888888,-888888888,-888888888,-888888888,-888888888,-888888888,-888888888,-888888888,-888888888,-888888888,-888888888,-888888888,-888888888,-888888888,-888888888,-888888888,-888888888,-888888888
2016,Reeves County; Texas,11596,5372,5365,4953,412,7,6224,5365,-888888888,4343,2374,2374,2211,979,452,1982,1311,4881,4223,372,0,98,53,135,16.6,4953,1288,1136,1028,751,750,4953,827,364,309,51,472,315,23,194,135,1037,535,156,535,48,389,4953,3491,1255,207,0,3764,411,320,378,383,469,737,411,434,147,74,46464,61591,2893,65402,1161,14650,402,22246,248,10257,25,-999999999,506,2509,168,117,229,292,318,553,346,331,85,70,57234,66573,18458,1255,26801,50425,26425,50723,30846,11611,9344,6575,3603,2267,3256,490,6569,4959,4597,3564,3441,274,1033,362,63,63,5,299,1610,1175,664,562,435,-888888888,-888888888,-888888888,-888888888,-888888888,-888888888,-888888888,-888888888,-888888888,-888888888,-888888888,-888888888,-888888888,-888888888,-888888888,-888888888,-888888888,-888888888,-888888888
2016,Travis County; Texas,908990,656559,655847,621914,33933,712,252431,655847,-888888888,452903,297174,296981,281642,92433,57146,161281,110020,612192,455685,59924,20421,12189,15227,48746,25.0,621914,290482,101108,139715,50563,40046,621914,4233,46682,48225,13681,63172,20278,18696,45492,104548,124028,64657,31780,36442,48,453,621914,480262,94888,45881,883,437831,27203,15628,35868,36944,55369,78390,54288,66019,28671,39451,64422,92537,383873,90454,72435,18109,51722,30518,11651,9296,5808,3234,38749,248106,9554,6454,15793,17459,25330,40126,32735,45138,22805,32712,81822,113896,36649,189725,46338,61694,34886,50685,42808,1140612,956779,792970,243962,183833,264134,23734,781778,629215,597274,487380,468240,27659,109894,31941,18972,14603,4932,12969,152563,117036,90046,33997,35527,-888888888,-888888888,-888888888,-888888888,-888888888,-888888888,-888888888,-888888888,-888888888,-888888888,-888888888,-888888888,-888888888,-888888888,-888888888,-888888888,-888888888,-888888888,-888888888
2016,Collingsworth County; Texas,2294,1414,1414,1345,69,0,880,1414,-888888888,1120,560,560,494,277,174,457,284,1319,1029,227,3,37,3,20,18.1,1345,348,266,183,361,187,1345,253,153,44,0,88,143,5,41,65,321,74,42,116,48,087,1345,979,251,115,0,1097,56,59,161,204,181,200,124,47,41,24,40257,55178,894,52517,372,16665,148,20323,57,7298,14,4921,200,810,26,26,107,115,164,149,114,47,38,24,47109,62957,21116,287,27610,31091,22069,35558,25772,2964,2337,1459,1139,627,789,60,1683,1275,1218,811,779,68,407,57,5,0,5,52,408,305,197,118,103,-888888888,-888888888,-888888888,-888888888,-888888888,-888888888,-888888888,-888888888,-888888888,-888888888,-888888888,-888888888,-888888888,-888888888,-888888888,-888888888,-888888888,-888888888,-888888888
2016,Erath County; Texas,33098,20193,20193,19362,831,0,12905,20193,-888888888,17031,9240,9240,8815,2813,1813,5283,3605,19028,15744,1928,53,445,136,722,19.5,19362,5992,3971,3706,2481,3212,19362,1822,1131,2745,413,1891,583,155,690,1560,4392,2232,1187,561,48,143,19362,15072,2812,1466,12,14197,2163,752,1509,1719,2048,2576,1403,1251,470,306,42492,58681,11024,58485,3710,17374,2192,28024,406,9039,99,2120,1744,8786,448,421,789,925,1279,1884,1203,1148,412,277,54934,75098,22781,5411,21747,30075,22044,40786,31237,40139,32034,24796,10787,8105,8531,1481,26404,18921,18162,13947,13542,671,4215,759,441,377,81,318,7483,5438,4280,1527,2045,-888888888,-888888888,-888888888,-888888888,-888888888,-888888888,-888888888,-888888888,-888888888,-888888888,-888888888,-888888888,-888888888,-888888888,-888888888,-888888888,-888888888,-888888888,-888888888
2016,Motley County; Texas,847,498,498,448,50,0,349,498,-888888888,393,161,161,132,55,24,128,74,432,357,34,8,22,0,11,18.1,448,173,67,56,114,38,448,112,44,3,4,40,35,10,16,8,80,27,28,41,48,345,448,294,93,61,0,475,38,46,76,73,90,51,49,37,8,7,35433,48472,334,45831,213,15420,80,27833,36,8728,0,-666666666,55,276,2,11,30,47,45,49,42,37,6,7,50833,64572,23131,199,18750,25919,22413,38558,37750,1022,766,497,463,256,208,19,500,417,369,190,166,33,179,48,15,0,15,33,83,58,29,36,25,-888888888,-888888888,-888888888,-888888888,-888888888,-888888888,-888888888,-888888888,-888888888,-888888888,-888888888,-888888888,-888888888,-888888888,-888888888,-888888888,-888888888,-888888888,-888888888
2016,Coleman County; Texas,6858,3555,3552,3339,213,3,3303,3552,-888888888,3429,1491,1491,1370,574,311,1164,798,3313,2823,269,4,38,88,91,25.6,3339,1035,488,694,584,538,3339,381,278,326,41,404,217,43,133,120,779,179,221,217,48,083,3339,2478,501,350,10,3407,263,248,435,436,820,494,308,212,41,150,42049,60340,2356,57392,1430,18309,869,20043,254,8409,73,1175,458,2384,106,97,261,296,547,422,277,204,41,133,47066,68664,25178,1023,25237,39561,29359,36624,29830,8440,6387,4298,3573,2053,1859,241,4720,3134,2924,1869,1766,110,1055,210,100,46,57,110,1586,939,448,631,647,-888888888,-888888888,-888888888,-888888888,-888888888,-888888888,-888888888,-888888888,-888888888,-888888888,-888888888,-888888888,-888888888,-888888888,-888888888,-888888888,-888888888,-888888888,-888888888
2016,Medina County; Texas,37824,21713,21707,20410,1297,6,16111,21707,-888888888,17951,10127,10127,9558,3173,2135,7717,5620,20077,16372,2526,47,289,139,704,30.4,20410,6558,3743,4700,3129,2280,20410,1556,1965,961,527,2065,1295,154,1233,2121,5012,1505,928,1088,48,325,20410,15102,3395,1865,48,15104,1111,729,1571,1388,1726,2764,2117,2294,766,638,58333,73950,11521,74122,5260,16137,3719,22842,1048,8351,281,3046,2149,11360,474,266,893,1015,1282,2325,1716,2132,642,615,67951,83966,24731,3744,25728,39998,27381,46060,33669,45561,39135,30180,15041,6426,11495,907,27024,20163,19013,15856,15021,1614,3157,1150,499,472,118,651,6861,5271,3580,2310,1590,-888888888,-888888888,-888888888,-888888888,-888888888,-888888888,-888888888,-888888888,-888888888,-888888888,-888888888,-888888888,-888888888,-888888888,-888888888,-888888888,-888888888,-888888888,-888888888
2016,Henderson County; Texas,63864,32956,32937,30660,2277,19,30908,32937,-888888888,33136,15151,15151,14152,5029,2517,11070,7244,30124,24120,4278,34,394,240,1058,29.6,30660,8464,5846,7233,4471,4646,30660,1411,3289,3047,568,3746,1305,553,1406,2975,6778,2500,1634,1448,48,213,30660,22876,4761,2990,33,29785,2333,1852,4058,3846,4721,5146,3467,2837,801,724,43434,60598,20456,61157,12992,18586,7110,19890,1798,8956,502,3885,4333,20977,1064,749,2098,2672,3459,4101,3034,2580,614,606,52189,67614,23605,8808,23714,40745,25411,41138,31100,78293,62639,43621,31529,15654,17497,1916,44859,30253,28150,20654,19588,1665,7496,2103,797,476,342,1306,14606,9820,5597,5315,4786,-888888888,-888888888,-888888888,-888888888,-888888888,-888888888,-888888888,-888888888,-888888888,-888888888,-888888888,-888888888,-888888888,-888888888,-888888888,-888888888,-888888888,-888888888,-888888888
2016,Lamar County; Texas,39116,22293,22281,20717,1564,12,16823,22281,-888888888,20527,10719,10719,10004,3659,1993,7311,5107,20338,16545,2060,8,398,671,656,20.4,20717,5545,3846,5049,2672,3605,20717,596,1847,3303,338,2834,1070,173,878,980,5266,1620,842,970,48,277,20717,16457,2839,1367,54,19077,2295,1329,2201,2346,3102,3363,1936,1618,420,467,40283,55925,13225,57507,7121,17017,3798,21273,1725,8423,264,1746,3695,13344,1017,548,1131,1386,2461,2825,1740,1384,407,445,50916,66325,22438,5733,21403,29036,26443,41231,30229,48984,39379,26134,19114,9605,11720,1390,28586,20924,19482,14272,13476,1148,5210,1442,647,311,395,795,7662,5470,2963,3008,2192,-888888888,-888888888,-888888888,-888888888,-888888888,-888888888,-888888888,-888888888,-888888888,-888888888,-888888888,-888888888,-888888888,-888888888,-888888888,-888888888,-888888888,-888888888,-888888888
2016,Kimble County; Texas,3824,2263,2263,2127,136,0,1561,2263,-888888888,2006,1122,1122,1069,241,177,436,394,2086,1508,409,0,74,35,60,20.0,2127,561,441,555,356,214,2127,191,198,144,48,307,142,32,55,85,432,226,172,95,48,267,2127,1475,364,284,4,2119,202,134,307,272,322,476,176,96,71,63,41263,59081,1573,46574,938,17117,435,32828,88,9627,15,-999999999,276,1375,61,46,173,168,196,375,129,93,71,63,51576,74107,26969,744,24329,29307,23585,36364,26917,4391,3321,2402,1943,1070,755,157,2308,1910,1823,1098,1039,79,725,87,16,16,16,71,398,281,133,153,117,-888888888,-888888888,-888888888,-888888888,-888888888,-888888888,-888888888,-888888888,-888888888,-888888888,-888888888,-888888888,-888888888,-888888888,-888888888,-888888888,-888888888,-888888888,-888888888
2016,Washington County; Texas,27978,15429,15429,14677,752,0,12549,15429,-888888888,14310,7223,7223,6917,2419,1573,4744,3348,14593,12604,1367,20,146,124,332,21.1,14677,4623,2486,3250,1964,2354,14677,597,1209,2349,429,1723,526,229,691,780,3743,1114,784,503,48,477,14677,10740,2592,1345,0,11984,842,629,1329,1233,1612,2500,1864,1136,439,400,52718,67789,8371,67145,4739,18449,2668,27982,492,9971,132,5887,1055,8496,361,274,586,847,1170,1939,1621,984,388,326,63428,75120,25976,3488,28357,48862,27181,42222,31235,33862,28647,22396,11226,5215,7426,966,19873,14417,13689,11225,10967,486,2464,728,407,315,188,321,5456,4040,2704,1680,1416,-888888888,-888888888,-888888888,-888888888,-888888888,-888888888,-888888888,-888888888,-888888888,-888888888,-888888888,-888888888,-888888888,-888888888,-888888888,-888888888,-888888888,-888888888,-888888888
2016,Stephens County; Texas,7849,4094,4094,3849,245,0,3755,4094,-888888888,3544,1526,1526,1463,747,171,1338,784,3771,2994,495,23,97,109,53,19.2,3849,960,603,813,734,739,3849,825,360,297,23,501,216,36,162,205,643,225,201,155,48,429,3849,2806,486,557,0,3338,272,277,443,375,510,551,389,332,96,93,45217,58536,2539,53565,1183,17210,687,21775,195,9104,154,6306,513,2275,150,131,238,184,392,431,300,268,88,93,52361,67978,22307,1063,26410,36215,24076,44276,26012,9163,7093,4801,3517,2070,2202,372,5284,3669,3430,2511,2399,194,919,239,39,19,20,200,1615,1036,632,469,579,-888888888,-888888888,-888888888,-888888888,-888888888,-888888888,-888888888,-888888888,-888888888,-888888888,-888888888,-888888888,-888888888,-888888888,-888888888,-888888888,-888888888,-888888888,-888888888
2016,Andrews County; Texas,12489,8319,8319,7887,432,0,4170,8319,-888888888,6127,3407,3407,3206,1553,670,3494,2359,7849,6113,1483,0,0,85,168,18.5,7887,1629,1143,1775,1959,1381,7887,2317,591,502,179,596,645,42,360,630,1166,462,253,144,48,003,7887,6633,706,516,32,5392,200,228,435,596,552,929,817,925,420,290,70121,87591,4643,90892,1196,17018,593,17039,243,8725,110,2318,454,4172,87,118,260,364,378,752,762,763,398,290,80703,99490,29240,1220,31903,44410,37941,64743,33017,17118,14445,11388,4188,2673,5309,668,10156,7858,7493,6255,6102,374,1238,365,134,96,65,231,2298,1796,1305,524,502,-888888888,-888888888,-888888888,-888888888,-888888888,-888888888,-888888888,-888888888,-888888888,-888888888,-888888888,-888888888,-888888888,-888888888,-888888888,-888888888,-888888888,-888888888,-888888888
2016,Gonzales County; Texas,15484,9391,9391,8783,608,0,6093,9391,-888888888,7808,4253,4253,3864,1690,987,3505,2593,8681,6417,1460,173,202,101,328,22.4,8783,1767,1551,2054,1491,1920,8783,1080,695,1562,274,1046,432,131,298,559,1519,538,327,322,48,177,8783,6678,1271,815,19,6611,529,609,737,769,841,1332,643,764,140,247,46630,64511,5086,59939,2409,16935,1065,21315,483,7892,65,3045,1125,4706,208,270,479,495,619,1028,624,627,121,235,56107,74030,22631,1905,20594,36287,26011,35394,27466,20081,15538,10088,7419,4543,5472,784,11473,8506,8023,5695,5394,382,2328,483,240,129,111,243,2967,1829,933,1019,1138,-888888888,-888888888,-888888888,-888888888,-888888888,-888888888,-888888888,-888888888,-888888888,-888888888,-888888888,-888888888,-888888888,-888888888,-888888888,-888888888,-888888888,-888888888,-888888888
2016,Lynn County; Texas,4416,2665,2665,2369,296,0,1751,2665,-888888888,2204,1081,1081,970,479,262,917,600,2305,1805,343,2,88,0,67,20.8,2369,739,381,552,459,238,2369,392,172,78,109,320,184,32,88,109,545,114,93,133,48,305,2369,1675,431,258,5,2157,256,106,271,244,368,285,237,261,51,78,40722,61534,1640,58757,772,16875,311,20122,125,6995,24,1808,403,1568,153,47,172,134,281,207,216,236,49,73,49837,70666,24299,589,24383,34663,26814,40829,30057,5700,4335,2777,2175,1365,1503,212,3277,2383,2159,1494,1396,141,665,224,95,93,3,129,894,535,354,262,359,-888888888,-888888888,-888888888,-888888888,-888888888,-888888888,-888888888,-888888888,-888888888,-888888888,-888888888,-888888888,-888888888,-888888888,-888888888,-888888888,-888888888,-888888888,-888888888
2016,Zapata County; Texas,9939,5967,5967,5213,754,0,3972,5967,-888888888,5101,2633,2633,2298,1752,928,2904,1927,4989,3556,1122,15,182,18,96,18.4,5213,943,1534,922,1021,793,5213,904,511,35,0,536,239,94,353,249,1170,249,491,382,48,505,5213,3713,921,557,22,4501,774,256,571,557,794,577,426,443,70,33,36976,48565,3485,50669,1250,13739,682,14726,265,8536,145,1536,1403,3566,468,229,388,472,655,451,389,411,70,33,39758,53114,16007,935,18185,28848,18961,50082,23140,14299,9988,5387,5344,4311,4847,608,7804,5658,4985,3001,2635,404,1984,673,135,70,90,538,2146,1009,534,475,1137,-888888888,-888888888,-888888888,-888888888,-888888888,-888888888,-888888888,-888888888,-888888888,-888888888,-888888888,-888888888,-888888888,-888888888,-888888888,-888888888,-888888888,-888888888,-888888888
2016,Hood County; Texas,44091,23291,23217,22464,753,74,20800,23217,-888888888,22643,10431,10431,10067,3450,1624,7317,4510,22129,19028,1588,64,128,215,1106,32.9,22464,7103,3494,5643,2988,3236,22464,1001,2223,1457,607,3647,1861,472,1281,2153,4501,1258,1110,893,48,221,22464,17987,2359,2056,62,21040,1068,855,2183,2226,2707,4289,2362,2950,1264,1136,58315,77696,14650,75897,9111,19920,5659,26724,880,9790,220,1958,1858,14116,407,381,724,1225,1816,3242,1815,2526,1006,974,68504,89818,31508,6924,31233,50890,32320,51669,35685,53477,44512,34054,19690,8965,11401,1913,29515,20947,20229,15665,15064,975,4564,718,520,357,163,198,8568,6287,4282,2428,2281,-888888888,-888888888,-888888888,-888888888,-888888888,-888888888,-888888888,-888888888,-888888888,-888888888,-888888888,-888888888,-888888888,-888888888,-888888888,-888888888,-888888888,-888888888,-888888888
2016,King County; Texas,229,171,171,164,7,0,58,171,-888888888,105,61,61,61,15,7,35,26,164,148,3,0,6,0,7,13.0,164,63,14,25,57,5,164,74,9,4,0,2,2,1,11,12,30,0,2,17,48,269,164,112,39,13,0,114,0,6,11,17,18,21,18,15,0,8,57083,69467,98,73371,28,12179,13,16669,0,-666666666,2,-999999999,2,66,0,0,11,2,2,15,17,15,0,4,77500,83114,30016,48,35938,50702,31563,35625,30694,274,209,166,61,65,56,0,184,163,156,110,110,0,46,7,0,0,0,7,21,9,6,3,12,-888888888,-888888888,-888888888,-888888888,-888888888,-888888888,-888888888,-888888888,-888888888,-888888888,-888888888,-888888888,-888888888,-888888888,-888888888,-888888888,-888888888,-888888888,-888888888
2016,Cherokee County; Texas,39536,21184,21175,19899,1276,9,18352,21175,-888888888,19423,9645,9636,9156,4157,2547,8148,4929,19619,15677,2949,0,430,206,357,24.6,19899,5690,4212,3992,3066,2939,19899,1149,1759,2198,610,2278,691,405,749,1552,5295,1316,816,1081,48,073,19899,14740,3757,1353,49,17683,1506,1188,2852,2181,2763,3148,1477,1486,710,372,40769,55903,12932,56511,6394,16904,3363,20915,924,7820,399,1920,2946,12839,762,629,1711,1442,1931,2726,1259,1353,683,343,49680,64521,19871,4844,23708,31492,24940,36108,29586,48854,39091,26349,19122,9763,13075,1260,27811,19532,18374,13521,12839,1262,4853,1158,216,171,66,942,8279,5636,3464,2745,2643,-888888888,-888888888,-888888888,-888888888,-888888888,-888888888,-888888888,-888888888,-888888888,-888888888,-888888888,-888888888,-888888888,-888888888,-888888888,-888888888,-888888888,-888888888,-888888888
2016,Delta County; Texas,4198,2129,2129,1929,200,0,2069,2129,-888888888,2138,942,942,844,304,184,716,382,1869,1607,141,0,50,22,49,32.4,1929,594,360,391,248,336,1929,103,161,287,50,237,47,19,120,72,558,102,97,76,48,119,1929,1421,342,166,0,1971,181,141,240,337,237,390,179,188,36,42,40529,53350,1380,48697,837,16411,429,27417,103,6899,57,939,346,1434,94,53,133,237,181,328,161,169,36,42,51250,61823,20822,537,22802,30174,24976,42422,29280,5153,4290,2833,2114,863,1159,56,2957,1905,1721,1343,1284,92,378,184,37,30,7,147,1052,770,467,344,282,-888888888,-888888888,-888888888,-888888888,-888888888,-888888888,-888888888,-888888888,-888888888,-888888888,-888888888,-888888888,-888888888,-888888888,-888888888,-888888888,-888888888,-888888888,-888888888
2016,Jones County; Texas,17122,5619,5589,5380,209,30,11503,5589,-888888888,5910,3072,3072,2959,905,473,1906,1169,5280,4113,885,1,113,66,102,21.0,5380,1648,1153,1162,710,707,5380,602,428,179,91,483,464,12,289,312,1556,175,346,443,48,253,5380,3598,1181,570,31,5580,459,392,650,546,930,1096,627,469,216,195,47007,62649,4026,63219,2299,17257,1066,19994,415,7447,76,1288,687,3862,250,159,275,326,654,857,534,413,209,185,55406,73679,17279,1718,23284,33664,23696,47010,30449,12892,10641,7616,5213,2251,3148,334,7074,4973,4790,3579,3410,355,1211,183,100,75,40,83,2101,1480,935,713,621,-888888888,-888888888,-888888888,-888888888,-888888888,-888888888,-888888888,-888888888,-888888888,-888888888,-888888888,-888888888,-888888888,-888888888,-888888888,-888888888,-888888888,-888888888,-888888888
2016,Jim Wells County; Texas,31007,17409,17409,16308,1101,0,13598,17409,-888888888,16031,8021,8021,7579,4080,2074,6897,4134,16115,13519,1824,0,225,157,390,27.5,16308,4589,3216,3589,2837,2077,16308,3446,934,655,278,1638,819,37,555,1179,3811,1189,1050,717,48,249,16308,12906,2200,1197,5,13557,1485,923,2040,1350,1407,2478,1288,1698,583,305,43321,63252,10085,68966,4678,16076,1581,17747,1392,8358,131,4896,2193,10124,607,486,1295,1067,1153,1988,1143,1590,528,267,53455,73056,21556,3433,19782,29563,26575,47042,26648,41072,32452,22607,13145,8620,11770,1103,23760,16323,15311,11128,10631,749,4183,1012,296,223,110,716,7437,4858,2935,2360,2579,-888888888,-888888888,-888888888,-888888888,-888888888,-888888888,-888888888,-888888888,-888888888,-888888888,-888888888,-888888888,-888888888,-888888888,-888888888,-888888888,-888888888,-888888888,-888888888
2016,Dallam County; Texas,5063,3643,3643,3468,175,0,1420,3643,-888888888,2425,1452,1452,1347,716,539,1402,853,3408,2858,287,15,56,86,106,13.3,3468,705,860,565,743,595,3468,781,239,217,128,290,279,24,86,164,440,494,135,191,48,111,3468,2782,387,295,4,2360,128,107,259,421,375,531,329,102,65,43,43897,56493,2086,54932,572,14514,125,19181,103,8454,6,-999999999,247,1605,70,17,123,255,312,398,247,81,70,32,51138,63688,19908,755,28075,36442,24771,37993,24235,7010,5263,3765,1923,1747,2207,434,4202,3392,3217,2240,2161,164,977,175,132,31,101,43,810,517,336,187,293,-888888888,-888888888,-888888888,-888888888,-888888888,-888888888,-888888888,-888888888,-888888888,-888888888,-888888888,-888888888,-888888888,-888888888,-888888888,-888888888,-888888888,-888888888,-888888888
2016,Fort Bend County; Texas,514581,344382,344027,325326,18701,355,170199,344027,-888888888,265340,157257,157257,148811,56055,34601,130009,87640,319775,263058,31022,5319,1957,4020,14399,32.6,325326,161334,39987,76250,20666,27089,325326,18349,19790,28929,11958,35303,16023,5238,22234,43916,80308,19944,13813,9521,48,157,325326,266425,39850,18535,516,214126,6902,4363,10923,13051,19633,34025,27610,43926,23312,30381,91152,115875,191130,115195,42419,19655,26672,27684,6456,9454,2330,4562,15876,175964,4315,2476,6769,9614,14226,26017,22842,39547,21521,28637,101479,125280,37134,38162,50492,67586,44225,67616,51192,678500,589379,509864,121426,89121,191824,14166,422607,326125,308930,264360,260235,9337,44570,17195,11232,9726,1790,5963,96482,74543,64103,13726,21939,-888888888,-888888888,-888888888,-888888888,-888888888,-888888888,-888888888,-888888888,-888888888,-888888888,-888888888,-888888888,-888888888,-888888888,-888888888,-888888888,-888888888,-888888888,-888888888
2016,Irion County; Texas,1234,783,780,754,26,3,451,780,-888888888,591,279,276,252,130,85,286,169,740,595,18,5,14,10,98,23.6,754,302,76,136,110,130,754,221,62,15,25,55,30,5,9,26,182,40,40,44,48,235,754,500,147,102,5,632,24,25,54,65,60,135,121,75,37,36,64100,81422,531,77476,187,21527,96,17692,10,-999999999,7,-999999999,23,486,26,6,30,17,40,115,116,66,37,33,77250,92055,31096,146,30900,41707,38152,52697,33125,1628,1303,1120,389,325,416,120,934,714,692,544,544,3,148,22,17,17,2,5,220,171,127,44,49,-888888888,-888888888,-888888888,-888888888,-888888888,-888888888,-888888888,-888888888,-888888888,-888888888,-888888888,-888888888,-888888888,-888888888,-888888888,-888888888,-888888888,-888888888,-888888888
2016,Willacy County; Texas,16973,6954,6954,6023,931,0,10019,6954,-888888888,7885,3115,3115,2785,1498,781,3510,1982,5992,5110,394,0,283,32,173,23.1,6023,1323,1642,1225,1033,800,6023,626,430,244,189,485,333,169,191,281,1822,495,219,539,48,489,6023,3992,1414,610,7,5798,1093,593,934,766,701,773,416,385,86,51,28817,41114,3717,46740,2271,14282,797,18862,590,8208,168,2630,1578,4692,811,412,808,599,595,686,325,325,86,45,30612,43035,12564,1106,15357,27346,19139,30611,25384,19881,13952,5894,9233,5929,5507,649,11358,6598,5685,3610,3252,513,2075,913,191,92,99,722,4760,2305,708,1758,2455,-888888888,-888888888,-888888888,-888888888,-888888888,-888888888,-888888888,-888888888,-888888888,-888888888,-888888888,-888888888,-888888888,-888888888,-888888888,-888888888,-888888888,-888888888,-888888888
2016,Dawson County; Texas,10511,5259,5259,4870,389,0,5252,5259,-888888888,4481,2133,2133,1957,1150,751,2003,1136,4741,3827,704,10,80,38,82,16.9,4870,1233,828,1113,893,803,4870,943,315,270,115,516,314,88,146,229,878,338,249,469,48,115,4870,3368,985,491,26,4329,418,263,629,472,626,714,525,465,76,141,42354,61896,3309,59637,1392,16737,455,18677,301,9068,86,1678,592,2911,118,88,423,306,368,578,423,436,72,99,53954,68072,21193,1418,20347,45298,29985,43322,26676,11465,9076,6731,3667,2389,3232,576,6388,4696,4411,3380,3248,158,1031,285,146,85,61,139,1692,1080,688,515,612,-888888888,-888888888,-888888888,-888888888,-888888888,-888888888,-888888888,-888888888,-888888888,-888888888,-888888888,-888888888,-888888888,-888888888,-888888888,-888888888,-888888888,-888888888,-888888888
2016,Polk County; Texas,38104,18516,18516,16777,1739,0,19588,18516,-888888888,17485,8607,8607,7800,2690,1578,6041,4042,16425,12357,2324,147,413,542,642,28.7,16777,3883,3981,4002,2657,2254,16777,862,1885,1327,196,1969,1051,209,760,869,3385,1521,1203,1540,48,373,16777,11735,3461,1505,76,17790,1521,1078,2533,2444,2681,3194,1836,1691,370,442,40864,56343,11930,57331,7889,17992,3872,23711,1167,9021,357,3165,2987,12518,824,538,1507,1485,1905,2529,1470,1515,338,407,50000,64055,21411,5272,25303,34090,26049,42412,28879,42514,34271,22247,17664,8243,9556,1031,24117,17018,15377,11216,10512,953,4161,1641,531,307,237,1110,7099,5181,2597,3100,1918,-888888888,-888888888,-888888888,-888888888,-888888888,-888888888,-888888888,-888888888,-888888888,-888888888,-888888888,-888888888,-888888888,-888888888,-888888888,-888888888,-888888888,-888888888,-888888888
2016,Refugio County; Texas,5820,3307,3307,3060,247,0,2513,3307,-888888888,2934,1406,1406,1264,475,235,1065,877,3011,2505,363,0,69,16,58,23.0,3060,738,797,499,537,489,3060,509,258,220,123,278,112,14,146,170,603,171,222,234,48,391,3060,2228,551,281,0,2761,235,204,340,254,342,591,306,330,88,71,50145,61992,2064,59237,1168,16690,633,18335,115,8830,40,1240,370,1922,147,57,203,173,230,442,236,275,88,71,57017,71137,24776,839,25202,34910,26893,45625,29432,7145,5950,4316,2624,1195,1721,176,3988,2897,2669,2033,2000,39,636,228,111,101,10,117,1091,827,466,398,264,-888888888,-888888888,-888888888,-888888888,-888888888,-888888888,-888888888,-888888888,-888888888,-888888888,-888888888,-888888888,-888888888,-888888888,-888888888,-888888888,-888888888,-888888888,-888888888
2016,Van Zandt County; Texas,42393,23650,23642,22250,1392,8,18743,23642,-888888888,21746,10870,10862,10254,3570,2083,7677,5129,21953,17843,2383,20,273,118,1316,33.7,22250,6383,4545,5212,3167,2943,22250,1168,1725,2203,606,3136,1096,488,935,1401,4698,2097,1556,1141,48,467,22250,16415,3461,2287,87,19059,1412,1210,2609,2069,2888,3261,2218,2138,757,497,46555,63235,13419,65124,8108,18376,3804,25033,970,9137,164,2913,2237,13214,565,336,1368,1530,1875,2596,1967,1864,668,445,56903,74365,24399,5845,23896,36378,30224,44358,32752,52403,41826,30434,18860,10577,12272,1720,29964,21648,20373,14689,13995,1172,5684,1275,565,448,117,710,8316,5869,3870,2670,2447,-888888888,-888888888,-888888888,-888888888,-888888888,-888888888,-888888888,-888888888,-888888888,-888888888,-888888888,-888888888,-888888888,-888888888,-888888888,-888888888,-888888888,-888888888,-888888888
2016,Caldwell County; Texas,31549,18306,18265,17438,827,41,13243,18265,-888888888,15751,8314,8314,7814,3061,1844,5750,4215,17272,13607,2249,34,454,294,634,29.7,17438,4216,3666,4079,2787,2690,17438,678,2095,1547,418,2098,705,209,927,1060,3674,1390,1308,1329,48,055,17438,13184,3156,1085,13,12664,834,584,1455,1353,2196,2499,1625,1444,407,267,49533,62620,10128,60477,4131,16370,2319,22316,939,8945,225,2411,2186,8960,390,223,1012,777,1512,1930,1350,1198,368,200,54640,68875,21485,3704,31711,42661,25631,38686,31348,37894,29976,21348,12551,7918,9521,981,23333,17077,16314,12290,11666,1109,4024,763,463,348,127,300,6256,3649,2167,1848,2607,-888888888,-888888888,-888888888,-888888888,-888888888,-888888888,-888888888,-888888888,-888888888,-888888888,-888888888,-888888888,-888888888,-888888888,-888888888,-888888888,-888888888,-888888888,-888888888
2016,Wilbarger County; Texas,10366,6709,6709,6299,410,0,3657,6709,-888888888,5393,3329,3329,3164,916,842,1982,1775,6219,4894,1017,0,84,91,133,13.0,6299,1684,1531,1362,887,835,6299,496,339,668,43,697,253,42,314,362,1929,499,365,292,48,487,6299,4212,1733,344,10,5219,463,475,636,631,655,1175,619,376,136,53,43635,53197,3980,52537,1743,15211,1012,20420,428,7201,90,879,993,3292,150,151,286,411,525,853,480,313,107,16,54969,60414,21638,1927,23022,35933,25346,37026,24322,12898,10693,7931,4307,2205,3062,328,7747,6166,5838,4602,4455,299,1236,328,129,54,75,199,1581,1149,571,643,432,-888888888,-888888888,-888888888,-888888888,-888888888,-888888888,-888888888,-888888888,-888888888,-888888888,-888888888,-888888888,-888888888,-888888888,-888888888,-888888888,-888888888,-888888888,-888888888
2016,Martin County; Texas,4001,2553,2553,2467,86,0,1448,2553,-888888888,1988,1020,1020,1006,546,303,1031,746,2461,1891,337,0,64,37,132,18.4,2467,659,433,437,636,302,2467,556,223,87,37,300,147,36,85,82,445,186,228,55,48,317,2467,1901,257,309,0,1629,88,58,177,191,174,243,207,211,144,136,63992,88622,1377,82147,430,18891,238,19346,74,7701,4,-999999999,91,1225,56,15,63,114,134,193,178,208,142,122,78393,103565,27692,404,26190,40668,28033,46574,32076,5382,4182,3316,1229,1200,1628,266,3105,2298,2212,1589,1567,42,623,86,41,37,4,45,807,571,425,160,236,-888888888,-888888888,-888888888,-888888888,-888888888,-888888888,-888888888,-888888888,-888888888,-888888888,-888888888,-888888888,-888888888,-888888888,-888888888,-888888888,-888888888,-888888888,-888888888
2016,Reagan County; Texas,2740,1809,1809,1732,77,0,931,1809,-888888888,1272,635,635,607,280,141,692,470,1704,1448,185,0,39,16,16,17.4,1732,356,145,397,422,412,1732,728,87,18,15,92,205,0,75,83,199,77,99,54,48,383,1732,1225,308,196,3,1190,64,96,106,82,108,243,160,249,27,55,59257,71697,988,73004,274,18477,130,14340,60,8458,0,-666666666,36,869,27,46,95,61,95,123,124,231,22,45,72260,78208,25754,321,50172,53193,35743,52083,40708,3590,2485,2040,657,1105,1007,258,2238,1662,1602,1081,1081,6,521,60,6,1,5,54,576,304,210,104,272,-888888888,-888888888,-888888888,-888888888,-888888888,-888888888,-888888888,-888888888,-888888888,-888888888,-888888888,-888888888,-888888888,-888888888,-888888888,-888888888,-888888888,-888888888,-888888888
2016,Yoakum County; Texas,5888,3984,3984,3620,364,0,1904,3984,-888888888,2972,1636,1636,1421,805,394,1845,1160,3564,2662,689,0,148,6,59,13.7,3620,907,492,721,1084,416,3620,1078,272,32,88,350,328,82,36,144,630,212,189,179,48,501,3620,2529,720,360,11,2674,124,212,189,187,489,576,281,461,69,86,56655,70020,2201,73301,719,18046,279,16768,112,9296,31,-999999999,147,2060,110,76,104,96,345,511,268,406,69,75,65968,77130,22871,614,25316,35796,28471,60269,29535,8316,6334,4747,2266,1982,2684,593,4682,3753,3415,2477,2416,118,938,338,184,184,0,154,929,632,414,267,297,-888888888,-888888888,-888888888,-888888888,-888888888,-888888888,-888888888,-888888888,-888888888,-888888888,-888888888,-888888888,-888888888,-888888888,-888888888,-888888888,-888888888,-888888888,-888888888
2016,Hale County; Texas,26217,15552,15552,14543,1009,0,10665,15552,-888888888,12491,6683,6683,6292,3093,1896,6090,4052,14045,11586,1691,50,182,65,471,16.7,14543,3735,2921,3106,2407,2374,14543,1357,1215,1471,381,1970,732,79,702,676,3408,894,728,930,48,189,14543,10900,2579,1036,28,11335,970,847,1305,1267,1993,2297,1304,1023,130,199,44995,54850,9319,55446,3180,16356,1184,18040,564,7823,144,2476,1954,8187,445,449,776,970,1454,1670,1141,953,130,199,49993,62370,18888,3148,25119,31719,26628,40660,31145,33206,26465,17800,11378,6741,9792,1103,19230,14447,13504,10106,9758,533,3398,943,464,289,185,479,4783,3032,1939,1198,1751,-888888888,-888888888,-888888888,-888888888,-888888888,-888888888,-888888888,-888888888,-888888888,-888888888,-888888888,-888888888,-888888888,-888888888,-888888888,-888888888,-888888888,-888888888,-888888888
2016,Shelby County; Texas,19570,10487,10487,9480,1007,0,9083,10487,-888888888,9948,4771,4771,4321,2149,1136,4300,2155,9406,7356,1547,36,128,82,257,27.5,9480,2633,1332,1592,2186,1737,9480,1288,926,1233,271,829,428,48,458,387,2227,678,517,190,48,419,9480,7231,1444,788,17,9120,1155,570,1507,1170,1404,1388,807,661,228,230,36312,52839,6345,57736,3061,17107,1508,19983,709,9491,137,3995,1657,6156,531,222,832,752,1135,1101,591,597,206,189,45184,61411,20233,2964,20425,30967,24416,37099,28232,25514,19176,12327,9531,6338,6919,1236,14667,9971,9003,6146,5839,399,2857,968,547,218,329,421,4696,2980,1531,1726,1716,-888888888,-888888888,-888888888,-888888888,-888888888,-888888888,-888888888,-888888888,-888888888,-888888888,-888888888,-888888888,-888888888,-888888888,-888888888,-888888888,-888888888,-888888888,-888888888
2016,Red River County; Texas,10302,5191,5191,4832,359,0,5111,5191,-888888888,5478,2487,2487,2342,673,376,1588,1052,4761,3938,459,2,146,70,146,30.8,4832,1062,982,1053,718,1017,4832,271,380,968,89,457,216,27,218,155,1182,314,230,325,48,387,4832,3462,823,531,16,5163,454,561,816,749,863,760,391,386,101,82,35016,48653,3370,52718,2322,15406,1014,18906,367,9556,51,1931,700,3301,124,232,417,464,616,609,340,375,95,29,42658,57052,20798,1862,20697,32086,26007,37352,22351,12241,9997,7031,5064,2244,2498,368,7079,4730,4376,3396,3198,283,980,354,82,65,17,272,2349,1753,1004,1010,596,-888888888,-888888888,-888888888,-888888888,-888888888,-888888888,-888888888,-888888888,-888888888,-888888888,-888888888,-888888888,-888888888,-888888888,-888888888,-888888888,-888888888,-888888888,-888888888
2016,Runnels County; Texas,8266,4498,4498,4293,205,0,3768,4498,-888888888,4124,1991,1991,1941,657,412,1562,1154,4199,3491,467,0,72,41,128,19.0,4293,1351,665,950,685,642,4293,615,271,581,45,437,222,3,194,256,1066,110,249,244,48,399,4293,2930,904,454,5,3792,297,223,554,539,644,555,386,413,102,79,41339,59007,2836,61063,1525,17147,733,18167,269,7201,61,1779,459,2740,127,104,307,358,526,442,354,341,102,79,48660,68380,22856,1052,21556,31046,26912,39726,26977,10193,8423,6287,3855,1770,2475,223,5654,4034,3871,3008,2883,197,863,163,48,37,11,115,1620,1051,667,537,569,-888888888,-888888888,-888888888,-888888888,-888888888,-888888888,-888888888,-888888888,-888888888,-888888888,-888888888,-888888888,-888888888,-888888888,-888888888,-888888888,-888888888,-888888888,-888888888
2016,Sutton County; Texas,2956,1873,1873,1749,124,0,1083,1873,-888888888,1388,650,650,611,366,202,683,428,1711,1421,173,0,27,23,67,20.0,1749,504,246,254,392,353,1749,601,90,94,63,88,82,15,40,132,263,138,97,46,48,435,1749,1350,208,185,6,1481,68,77,213,112,230,287,105,250,70,69,54567,70246,1202,69126,474,15684,166,24587,21,5724,0,-666666666,138,1078,23,34,95,111,196,244,85,189,47,54,58343,72759,28140,403,24135,59054,31452,54293,31350,3913,3127,2607,962,786,1087,153,2179,1660,1552,1206,1195,21,346,108,31,31,0,77,519,316,234,112,203,-888888888,-888888888,-888888888,-888888888,-888888888,-888888888,-888888888,-888888888,-888888888,-888888888,-888888888,-888888888,-888888888,-888888888,-888888888,-888888888,-888888888,-888888888,-888888888
2016,Tom Green County; Texas,91882,57791,54594,52471,2123,3197,34091,54594,-888888888,46756,26117,25310,24099,9352,5339,16445,11601,55019,44292,5439,106,2288,1050,1844,17.8,52471,16142,9688,12555,7487,6599,52471,4703,3328,3083,1223,6907,1718,1010,2639,4437,13190,4471,2676,3086,48,451,52471,40837,8048,3539,47,43311,2642,2619,5013,5341,6857,8249,5256,4576,1223,1535,47637,66152,34541,61970,12729,17280,8178,24618,2208,9252,877,2903,4992,27310,863,881,2103,2841,4428,5855,4093,3934,1116,1196,60213,76648,26252,16001,29276,46185,26613,40768,30564,111360,92641,72419,34659,18719,27236,2559,67782,50674,48685,38413,36836,2935,10272,1989,1118,710,550,871,17108,12194,8365,5043,4914,-888888888,-888888888,-888888888,-888888888,-888888888,-888888888,-888888888,-888888888,-888888888,-888888888,-888888888,-888888888,-888888888,-888888888,-888888888,-888888888,-888888888,-888888888,-888888888
2016,Victoria County; Texas,70075,45546,45500,43013,2487,46,24529,45500,-888888888,36073,20923,20923,19691,7479,5036,14582,10185,42390,34199,5357,352,399,465,1618,20.4,43013,12294,7523,10842,6052,6302,43013,3127,3489,4878,1260,5906,1847,259,2010,3227,9821,3453,2238,1498,48,469,43013,34938,4704,3213,158,32513,1961,1557,3433,3044,4952,5843,4043,5034,1337,1309,54697,74122,26034,74818,9864,17639,5282,22688,2331,8690,483,2402,3816,22964,941,701,2051,1967,3289,4223,3277,4108,1258,1149,63509,81958,27509,9549,34025,50371,29716,50470,31642,89879,73748,55433,27594,16131,23432,2207,53629,42398,40075,30575,29400,1921,9500,2323,1033,782,286,1290,11231,8136,4968,3792,3095,-888888888,-888888888,-888888888,-888888888,-888888888,-888888888,-888888888,-888888888,-888888888,-888888888,-888888888,-888888888,-888888888,-888888888,-888888888,-888888888,-888888888,-888888888,-888888888
2016,Wharton County; Texas,31755,19523,19523,18407,1116,0,12232,19523,-888888888,16172,8575,8575,8055,3199,1901,7088,5222,18107,15210,2108,63,191,83,452,22.6,18407,4893,3399,3884,3370,2861,18407,2120,1717,1778,767,2604,916,121,700,1176,4210,864,799,635,48,481,18407,14748,2353,1281,25,14979,1032,1302,1974,1423,2165,2902,1530,1778,582,291,46445,62023,11444,62934,4937,16064,2199,18397,912,11152,140,2611,2028,10188,419,526,1156,860,1558,2059,1193,1607,558,252,55030,71304,23245,4791,25457,40169,26918,42767,27850,41047,33205,23175,13582,7842,10763,1195,23850,17987,16927,12603,12228,477,4324,1060,537,452,200,523,5863,4115,2505,1866,1748,-888888888,-888888888,-888888888,-888888888,-888888888,-888888888,-888888888,-888888888,-888888888,-888888888,-888888888,-888888888,-888888888,-888888888,-888888888,-888888888,-888888888,-888888888,-888888888
2016,Wichita County; Texas,105419,64850,58782,55712,3070,6068,40569,58782,-888888888,50681,29126,28584,27016,10357,6541,17577,12989,60583,47530,4916,445,4226,996,2470,15.5,55712,18566,11376,13408,5421,6941,55712,1801,3104,5012,1281,7267,1952,1157,2304,4061,14594,6335,3209,3635,48,485,55712,41458,10680,3332,242,48615,4185,3392,5893,5428,7442,9240,5588,4832,1470,1145,45371,60445,37538,60654,14921,16618,9253,22212,3135,9516,744,2157,6725,31131,1961,1157,2968,2938,4258,6581,4680,4281,1267,1040,57165,72576,23239,17484,27614,36017,25280,40156,31274,117017,97850,74053,39830,19167,29728,2919,70115,53543,50728,39861,38053,3610,10867,2815,1523,1084,504,1292,16572,12535,7722,6050,4037,-888888888,-888888888,-888888888,-888888888,-888888888,-888888888,-888888888,-888888888,-888888888,-888888888,-888888888,-888888888,-888888888,-888888888,-888888888,-888888888,-888888888,-888888888,-888888888
2016,Borden County; Texas,505,284,284,281,3,0,221,284,-888888888,255,107,107,107,135,77,70,26,281,215,23,0,26,0,17,28.7,281,145,21,62,35,18,281,79,15,7,11,7,5,0,17,20,50,3,14,53,48,033,281,151,86,44,0,251,9,6,13,12,25,48,56,58,3,21,77569,125823,195,121756,93,18460,42,23964,21,11995,0,-666666666,5,189,0,2,3,8,25,32,42,56,3,18,85417,147831,42236,62,47500,58034,45242,51304,41339,698,671,576,192,27,211,0,352,247,244,233,231,4,11,3,3,3,0,0,105,89,65,28,16,-888888888,-888888888,-888888888,-888888888,-888888888,-888888888,-888888888,-888888888,-888888888,-888888888,-888888888,-888888888,-888888888,-888888888,-888888888,-888888888,-888888888,-888888888,-888888888
2016,Marion County; Texas,8520,4096,4082,3714,368,14,4424,4082,-888888888,4380,2027,2027,1876,544,401,1133,696,3618,2912,357,0,57,70,222,30.5,3714,1000,757,787,455,715,3714,207,213,308,99,484,252,17,91,267,995,263,278,240,48,315,3714,2738,606,363,7,4387,546,383,626,601,680,682,359,295,63,152,35424,51478,2814,53865,2058,17325,847,23450,524,7344,220,2074,924,2708,183,115,209,375,484,590,353,225,44,130,49423,62834,22536,1679,18709,32697,25879,41702,30417,10039,8214,5077,4585,1825,1859,235,5858,3756,3410,2470,2232,287,940,346,138,57,81,208,2102,1674,770,1086,428,-888888888,-888888888,-888888888,-888888888,-888888888,-888888888,-888888888,-888888888,-888888888,-888888888,-888888888,-888888888,-888888888,-888888888,-888888888,-888888888,-888888888,-888888888,-888888888
2016,Maverick County; Texas,40759,24026,24026,21058,2968,0,16733,24026,-888888888,20726,10891,10891,9367,6002,3254,11779,7370,20614,15707,3929,85,408,239,246,21.2,21058,4617,5428,4875,2843,3295,21058,2132,1513,996,260,2481,1544,82,851,615,6112,2030,690,1752,48,323,21058,15216,4806,1014,22,16221,1859,1426,2545,1853,2221,2408,1840,1409,414,246,37155,52479,12885,55156,4856,12116,1679,21034,1809,6296,298,2530,5055,13256,1130,830,1941,1758,1846,2192,1624,1297,402,236,41946,57123,16086,2965,14678,28728,20566,40224,23400,56285,38755,21627,19435,17530,18320,3897,31617,22832,20084,12651,11703,1264,7433,2748,918,685,238,1830,8785,4570,2135,2543,4215,-888888888,-888888888,-888888888,-888888888,-888888888,-888888888,-888888888,-888888888,-888888888,-888888888,-888888888,-888888888,-888888888,-888888888,-888888888,-888888888,-888888888,-888888888,-888888888
2016,Grayson County; Texas,98065,60174,60100,55571,4529,74,37891,60100,-888888888,50938,27944,27944,25929,8851,5781,18650,13210,54385,42879,6735,196,1068,731,2776,24.7,55571,17381,10266,13966,6211,7747,55571,1311,4604,7264,1460,6967,2306,562,3738,4454,12626,5127,2619,2533,48,181,55571,44012,7607,3851,101,47161,3503,2579,5735,5059,6616,8686,6243,5316,2035,1389,50212,65223,35219,66546,16054,18398,9205,22273,2679,10193,1525,2961,6561,32311,1568,878,2896,3114,4308,6359,5157,4831,1887,1313,62177,77197,25541,14850,26528,36192,28539,43737,32902,122860,101414,77861,40871,21446,29604,3170,73039,55619,51456,40161,38618,2813,11295,4163,2039,1417,753,2124,17420,12813,8035,6020,4607,-888888888,-888888888,-888888888,-888888888,-888888888,-888888888,-888888888,-888888888,-888888888,-888888888,-888888888,-888888888,-888888888,-888888888,-888888888,-888888888,-888888888,-888888888,-888888888
2016,Live Oak County; Texas,9759,4414,4414,4263,151,0,5345,4414,-888888888,4328,1906,1906,1820,650,391,1591,958,4225,3298,511,0,69,62,285,32.4,4263,1099,761,946,602,855,4263,718,287,420,89,449,264,18,267,254,451,488,260,298,48,297,4263,3073,595,508,87,3670,175,265,583,321,451,740,423,431,179,102,50741,64144,2531,71109,1521,18125,758,17782,161,7408,29,4369,214,2478,79,141,280,272,294,481,333,366,138,94,55615,72622,22047,1192,28214,42572,26384,49133,30625,10385,8313,6252,3381,2072,2457,457,5741,3938,3790,2902,2808,200,888,148,46,39,7,102,1803,1241,842,459,562,-888888888,-888888888,-888888888,-888888888,-888888888,-888888888,-888888888,-888888888,-888888888,-888888888,-888888888,-888888888,-888888888,-888888888,-888888888,-888888888,-888888888,-888888888,-888888888
2016,Palo Pinto County; Texas,22064,12806,12780,11928,852,26,9258,12780,-888888888,11348,5946,5946,5525,2098,1307,3818,2524,11685,9651,948,30,237,347,472,23.5,11928,2688,2424,2755,1797,2264,11928,1057,1218,1538,267,1360,443,159,539,633,1973,1600,638,503,48,363,11928,9345,1311,1258,14,10416,891,728,1237,1415,1602,1642,1163,1104,299,335,42824,63612,7658,61750,3874,17307,2047,23287,691,9956,351,1596,1488,7049,387,410,633,922,1095,1199,864,979,278,282,51047,71869,24891,3367,26903,42925,25264,41554,29222,27636,21607,14364,10821,6029,6636,1070,16043,11609,10848,7515,6994,731,3333,761,328,280,98,433,4434,3273,1809,1777,1161,-888888888,-888888888,-888888888,-888888888,-888888888,-888888888,-888888888,-888888888,-888888888,-888888888,-888888888,-888888888,-888888888,-888888888,-888888888,-888888888,-888888888,-888888888,-888888888
2016,Karnes County; Texas,12215,5567,5567,5344,223,0,6648,5567,-888888888,4754,2342,2342,2247,966,693,1851,1401,5266,4335,689,8,68,50,116,22.8,5344,1532,1000,1218,904,690,5344,772,508,316,91,736,334,24,167,217,1162,256,275,486,48,255,5344,3769,1202,351,22,4288,422,426,380,513,573,617,445,489,182,241,46058,76170,3088,58109,1412,16076,850,24536,291,5298,67,6628,826,2865,169,253,259,288,314,412,414,426,159,171,58350,84196,25306,1423,30935,57566,30950,46362,31440,12313,10535,7414,4556,1778,3064,318,7278,5279,5069,4038,3844,268,1031,210,93,64,40,117,1999,1695,945,882,304,-888888888,-888888888,-888888888,-888888888,-888888888,-888888888,-888888888,-888888888,-888888888,-888888888,-888888888,-888888888,-888888888,-888888888,-888888888,-888888888,-888888888,-888888888,-888888888
2016,DeWitt County; Texas,16496,8393,8393,7827,566,0,8103,8393,-888888888,7858,3858,3858,3655,1566,902,2605,1685,7668,6550,545,2,175,89,307,23.8,7827,2422,1523,1580,1127,1175,7827,1247,468,854,240,594,199,66,307,424,1702,757,395,574,48,123,7827,5791,1462,556,18,7105,595,521,777,915,701,1149,864,774,298,511,50582,76889,5033,67184,2850,16584,1353,18771,360,8052,108,4407,923,5015,194,203,387,632,562,975,696,664,282,420,64765,88344,27370,2090,19103,44195,27832,48750,25634,18868,16074,11885,6616,2794,4626,355,10679,7644,7095,5677,5364,437,1418,549,244,179,65,305,3035,2321,1482,980,714,-888888888,-888888888,-888888888,-888888888,-888888888,-888888888,-888888888,-888888888,-888888888,-888888888,-888888888,-888888888,-888888888,-888888888,-888888888,-888888888,-888888888,-888888888,-888888888
2016,Callahan County; Texas,10782,5370,5367,5162,205,3,5412,5367,-888888888,5543,2288,2288,2193,812,462,2237,1379,5050,4293,474,23,52,3,205,22.5,5162,1321,846,1260,850,885,5162,387,398,488,154,727,379,65,230,308,1071,296,343,316,48,059,5162,3683,819,564,96,5239,767,330,703,569,620,999,532,447,140,132,40568,54459,3234,64944,1983,17398,1163,19045,256,10619,179,1534,456,3292,188,127,257,377,382,810,453,444,131,123,57868,71562,22557,1947,18688,24808,31149,44643,30884,13509,10479,8005,4370,3030,3252,640,7646,4932,4742,3518,3348,226,1224,190,80,38,47,110,2714,1715,1217,726,999,-888888888,-888888888,-888888888,-888888888,-888888888,-888888888,-888888888,-888888888,-888888888,-888888888,-888888888,-888888888,-888888888,-888888888,-888888888,-888888888,-888888888,-888888888,-888888888
2016,Cass County; Texas,24293,13109,13109,11952,1157,0,11184,13109,-888888888,12809,6084,6084,5477,2067,1170,4226,3022,11839,10434,679,32,67,370,257,24.9,11952,2588,2278,2862,1867,2357,11952,597,877,1851,253,1641,557,40,336,563,3080,698,919,540,48,067,11952,8924,2017,1008,3,11770,1180,866,1573,1595,1931,1901,1212,1113,226,173,39366,52102,7685,57160,4731,18175,2427,20795,777,8199,249,1553,2006,8052,444,308,919,1028,1324,1571,1084,1025,176,173,50017,61946,21608,3718,20948,28915,28692,40581,27341,29920,24942,17485,11954,4978,6847,638,16897,12176,11093,8713,8283,581,2380,1083,384,145,242,699,4721,3500,1981,1983,1221,-888888888,-888888888,-888888888,-888888888,-888888888,-888888888,-888888888,-888888888,-888888888,-888888888,-888888888,-888888888,-888888888,-888888888,-888888888,-888888888,-888888888,-888888888,-888888888
2016,Gregg County; Texas,94931,58090,58073,54723,3350,17,36841,58073,-888888888,49066,26842,26842,25288,10660,7151,19549,13304,54043,46164,4576,155,907,815,1426,20.2,54723,15116,10064,13626,6301,9616,54723,3243,3534,6860,1712,7300,2602,610,2752,4293,11772,5046,3452,1547,48,183,54723,46209,5526,2904,84,45446,3306,2800,5956,5301,6527,8497,4776,5436,1589,1258,47140,63790,35868,63592,13834,17738,7473,20249,3209,9270,716,2553,6918,30370,1886,1596,2696,2967,4167,6048,3796,4671,1402,1141,56240,73438,24386,15076,28762,40800,26131,45395,33173,121233,96952,69960,39956,24281,31824,3354,72976,54074,51095,37668,35924,2470,13427,2979,1343,998,553,1636,18902,13111,7571,6674,5791,-888888888,-888888888,-888888888,-888888888,-888888888,-888888888,-888888888,-888888888,-888888888,-888888888,-888888888,-888888888,-888888888,-888888888,-888888888,-888888888,-888888888,-888888888,-888888888
2016,Madison County; Texas,12047,4652,4652,4469,183,0,7395,4652,-888888888,4201,2328,2328,2248,535,409,1385,931,4404,3381,562,0,327,49,85,23.6,4469,1254,994,831,857,533,4469,607,357,320,85,430,265,27,75,382,1038,392,168,323,48,313,4469,3129,831,480,29,4121,293,263,508,670,624,695,386,479,127,76,43209,58113,3037,57620,1554,17754,913,17091,308,11766,17,1353,575,2731,179,81,249,349,456,502,330,400,112,73,54250,67852,17698,1390,26514,36939,25495,43950,24826,9490,7680,5659,3429,1810,2071,232,5543,4261,4078,2981,2821,248,1097,183,106,55,51,77,1282,899,445,535,383,-888888888,-888888888,-888888888,-888888888,-888888888,-888888888,-888888888,-888888888,-888888888,-888888888,-888888888,-888888888,-888888888,-888888888,-888888888,-888888888,-888888888,-888888888,-888888888
2016,Lubbock County; Texas,230883,150530,150258,142209,8049,272,80353,150258,-888888888,117762,71792,71705,67558,22979,15540,44056,32878,140175,114109,16620,1262,2821,1760,3603,17.2,142209,49367,28064,36364,14008,14406,142209,3733,9804,7414,5154,18343,6172,2693,7728,10573,41520,16092,7880,5103,48,303,142209,110341,23235,8353,280,109024,9676,5762,12410,12726,17350,19235,11990,11679,3938,4258,46859,65932,90009,64465,27794,17391,14486,22603,5404,9048,1677,2459,14487,68162,3660,2104,6180,6453,10198,13293,9520,9587,3475,3692,59002,79323,25139,40862,29533,40615,24335,41943,33721,290327,244016,188931,83460,46311,70864,7198,185978,140323,132790,107175,102373,7870,25615,7533,4329,2986,1483,3204,45655,35556,26441,11878,10099,-888888888,-888888888,-888888888,-888888888,-888888888,-888888888,-888888888,-888888888,-888888888,-888888888,-888888888,-888888888,-888888888,-888888888,-888888888,-888888888,-888888888,-888888888,-888888888
2016,Kaufman County; Texas,84031,55002,54978,51114,3864,24,29029,54978,-888888888,43042,25285,25275,23489,8797,5474,20274,14168,50179,41410,5805,178,350,758,1678,33.8,51114,16632,8330,13431,5740,6981,51114,643,4403,5295,2043,6164,3085,723,3126,4909,12035,3881,2238,2569,48,257,51114,39432,8561,3036,85,35739,1860,1704,2763,3543,5103,6648,4495,6435,2121,1067,60179,74449,29433,74721,10342,17978,5852,22447,1855,9470,445,2509,3912,27517,947,814,1637,2314,3998,5264,3804,5778,1940,1021,69321,82323,25445,8222,31608,43651,33475,50287,40003,110814,91492,71262,29789,19322,31010,2970,67160,51652,48181,38178,37265,1933,10003,3471,1607,1307,460,1864,15508,11193,7304,4876,4315,-888888888,-888888888,-888888888,-888888888,-888888888,-888888888,-888888888,-888888888,-888888888,-888888888,-888888888,-888888888,-888888888,-888888888,-888888888,-888888888,-888888888,-888888888,-888888888
2016,Kendall County; Texas,30974,18471,18397,17528,869,74,12503,18397,-888888888,16100,8108,8108,7811,2217,1315,6637,4530,17120,13514,1818,29,405,270,1084,30.4,17528,7784,2828,4007,1718,1191,17528,591,1011,1252,561,1945,887,146,1599,2302,3697,1729,998,810,48,259,17528,13284,2456,1788,0,13390,432,335,935,1160,1415,2296,1952,2454,1018,1393,76350,100473,10332,95287,5180,20565,3578,31453,527,9783,185,2011,859,10144,164,126,472,794,1034,1458,1695,2125,942,1334,88164,114568,36724,3246,41726,53942,34129,61246,41397,38487,35022,30107,11172,3465,9150,521,22239,16500,15712,13785,13213,1030,1927,788,681,481,251,107,5739,4842,4216,1176,897,-888888888,-888888888,-888888888,-888888888,-888888888,-888888888,-888888888,-888888888,-888888888,-888888888,-888888888,-888888888,-888888888,-888888888,-888888888,-888888888,-888888888,-888888888,-888888888
2016,Floyd County; Texas,4639,2710,2710,2505,205,0,1929,2710,-888888888,2390,1044,1044,967,493,269,1059,653,2452,2023,216,0,53,15,145,15.7,2505,804,388,383,552,378,2505,538,190,108,31,237,266,10,77,123,600,104,90,131,48,153,2505,1847,406,252,0,2444,230,195,304,296,367,356,317,224,114,41,43070,58403,1877,58593,850,15657,253,18711,179,9355,14,2750,537,1817,124,126,170,235,294,304,208,201,114,41,48340,65298,23133,627,22723,36221,27471,42838,35272,6041,4652,2956,2445,1389,1664,193,3306,2477,2277,1512,1439,114,765,200,67,14,55,133,829,542,327,259,287,-888888888,-888888888,-888888888,-888888888,-888888888,-888888888,-888888888,-888888888,-888888888,-888888888,-888888888,-888888888,-888888888,-888888888,-888888888,-888888888,-888888888,-888888888,-888888888
2016,Bailey County; Texas,5202,3271,3271,3202,69,0,1931,3271,-888888888,2427,1281,1281,1268,613,353,1409,995,3151,2442,185,0,139,209,176,19.8,3202,757,660,496,771,518,3202,600,333,135,130,358,361,11,90,163,523,239,190,69,48,017,3202,2524,400,254,24,2317,136,111,423,349,544,366,196,124,39,29,40589,48916,1909,49128,636,18071,311,9500,71,18431,9,-999999999,299,1767,94,86,237,298,438,268,157,121,39,29,44041,53238,17710,550,24354,31937,22411,36769,21784,6974,4919,2964,2637,2055,2147,257,3864,2916,2847,1608,1470,159,1239,69,0,0,0,69,948,458,308,182,490,-888888888,-888888888,-888888888,-888888888,-888888888,-888888888,-888888888,-888888888,-888888888,-888888888,-888888888,-888888888,-888888888,-888888888,-888888888,-888888888,-888888888,-888888888,-888888888
2016,Burleson County; Texas,13843,7988,7988,7499,489,0,5855,7988,-888888888,7055,3586,3586,3384,1175,735,2602,1662,7182,5934,962,10,69,35,172,26.7,7499,2020,1299,1573,1224,1383,7499,721,590,1000,227,718,390,79,247,469,1940,467,397,254,48,051,7499,5312,1499,647,41,6385,527,346,630,608,832,1289,874,809,230,240,52513,67280,4591,70886,2448,17535,1280,21279,401,11421,124,3331,948,4536,216,58,392,390,708,867,743,757,209,196,62760,76641,25833,1849,26433,39669,32102,50083,30370,17239,13808,10367,6076,3431,4024,787,9953,7214,6832,5122,4979,253,1710,382,168,121,60,214,2739,2037,1331,889,702,-888888888,-888888888,-888888888,-888888888,-888888888,-888888888,-888888888,-888888888,-888888888,-888888888,-888888888,-888888888,-888888888,-888888888,-888888888,-888888888,-888888888,-888888888,-888888888
2016,Nueces County; Texas,276119,177192,175584,164799,10785,1608,98927,175584,-888888888,141778,81563,81310,75766,27484,16631,57004,40407,162087,132889,17536,2575,2996,2584,3507,19.8,164799,47896,35006,40339,22032,19526,164799,5984,14065,10601,4019,19238,7903,2574,8738,14176,38943,19049,8999,10510,48,355,164799,127555,25781,11054,409,128133,9684,6899,14554,13560,17049,23902,15622,16933,5407,4523,51882,69373,103811,69140,37255,15633,20584,23996,9114,8622,2099,2295,20955,87518,4404,3001,8176,8123,12061,16834,12425,14127,4413,3954,61273,78925,25826,40615,30608,45106,28026,47565,31609,350888,286590,201251,117558,64298,89737,7266,216148,164676,154561,115455,107711,11383,39106,10115,5179,3442,1827,4936,51472,38810,23308,18815,12662,-888888888,-888888888,-888888888,-888888888,-888888888,-888888888,-888888888,-888888888,-888888888,-888888888,-888888888,-888888888,-888888888,-888888888,-888888888,-888888888,-888888888,-888888888,-888888888
2016,Rains County; Texas,9030,4777,4777,4462,315,0,4253,4777,-888888888,4552,2271,2271,2127,681,487,1422,964,4348,3496,469,0,113,66,204,34.8,4462,1369,605,1068,653,767,4462,202,374,648,79,642,341,40,174,412,813,398,154,185,48,379,4462,3490,619,350,3,4252,329,218,597,385,579,994,633,326,140,51,50405,57710,2733,59766,2184,18697,1040,23459,223,11187,131,5602,457,3012,87,43,280,324,441,891,481,287,131,47,59688,67314,23577,1240,18885,31219,30362,49784,32093,11021,8943,6158,4713,2078,2275,307,6161,4326,4119,2954,2682,373,1165,207,71,30,50,136,1835,1365,727,855,470,-888888888,-888888888,-888888888,-888888888,-888888888,-888888888,-888888888,-888888888,-888888888,-888888888,-888888888,-888888888,-888888888,-888888888,-888888888,-888888888,-888888888,-888888888,-888888888
2016,Real County; Texas,2851,1215,1215,1133,82,0,1636,1215,-888888888,1439,641,641,604,218,156,315,202,1118,616,167,0,94,70,171,16.1,1133,360,292,269,136,76,1133,162,85,40,0,160,57,21,27,20,301,193,47,20,48,385,1133,790,148,195,0,1192,152,57,160,157,209,197,143,76,32,9,37059,49153,658,41072,709,18544,348,33650,76,6834,0,-666666666,96,769,46,8,74,75,181,162,108,76,30,9,50114,61183,21135,423,19471,24492,18326,31140,30167,3254,2404,1633,1414,850,630,104,1538,1041,971,544,489,65,427,70,24,9,15,46,497,258,178,110,239,-888888888,-888888888,-888888888,-888888888,-888888888,-888888888,-888888888,-888888888,-888888888,-888888888,-888888888,-888888888,-888888888,-888888888,-888888888,-888888888,-888888888,-888888888,-888888888
2016,Sterling County; Texas,934,599,599,591,8,0,335,599,-888888888,463,253,253,245,139,64,180,109,584,431,23,0,13,32,85,18.6,591,179,86,163,96,67,591,142,26,20,32,85,44,0,9,33,133,11,9,47,48,431,591,381,129,81,0,453,3,36,76,39,72,105,48,51,7,16,50156,64502,370,60952,115,13293,81,14999,3,-999999999,0,-666666666,19,355,3,14,44,34,43,98,45,51,7,16,65913,73612,25104,98,24107,30158,29917,48512,26953,1193,899,672,312,294,339,104,721,559,553,406,388,30,147,6,6,6,0,0,162,134,130,6,28,-888888888,-888888888,-888888888,-888888888,-888888888,-888888888,-888888888,-888888888,-888888888,-888888888,-888888888,-888888888,-888888888,-888888888,-888888888,-888888888,-888888888,-888888888,-888888888
2016,Carson County; Texas,4667,2988,2988,2923,65,0,1679,2988,-888888888,2457,1422,1422,1414,426,280,1053,817,2822,2511,204,2,20,0,85,19.7,2923,1095,302,696,488,342,2923,303,287,337,51,330,219,22,115,252,645,69,146,147,48,065,2923,2099,562,262,0,2324,90,50,228,278,189,524,407,359,147,52,64554,75057,1854,75465,721,18263,458,24346,58,10943,31,2148,135,1666,50,8,84,159,143,415,292,334,129,52,73750,86225,28943,658,33182,44244,35902,53493,38561,5983,5249,4592,1416,734,1558,55,3436,2677,2624,2162,2131,57,462,53,9,8,1,44,759,586,493,173,173,-888888888,-888888888,-888888888,-888888888,-888888888,-888888888,-888888888,-888888888,-888888888,-888888888,-888888888,-888888888,-888888888,-888888888,-888888888,-888888888,-888888888,-888888888,-888888888
2016,Freestone County; Texas,15663,8064,8039,7595,444,25,7599,8039,-888888888,7470,3650,3650,3415,1417,848,2853,2311,7467,6241,946,8,94,67,111,25.8,7595,1859,1930,1467,1256,1083,7595,917,626,576,80,492,543,59,334,510,1812,604,391,651,48,161,7595,5635,1495,456,9,7339,399,586,1175,847,937,1328,757,866,280,164,45134,61620,5249,63994,3088,17572,1540,19151,272,8761,122,3960,1108,5279,144,343,563,654,675,1033,631,822,274,140,55248,71867,23370,2060,21915,33560,30053,50211,27813,17974,14569,10878,6413,3405,4439,593,10116,7415,6999,5180,5048,229,1819,416,136,67,94,280,2701,2008,1348,861,693,-888888888,-888888888,-888888888,-888888888,-888888888,-888888888,-888888888,-888888888,-888888888,-888888888,-888888888,-888888888,-888888888,-888888888,-888888888,-888888888,-888888888,-888888888,-888888888
2016,Chambers County; Texas,28767,17077,17040,15947,1093,37,11690,17040,-888888888,14361,6663,6663,6200,2865,1188,7244,4496,15729,13809,1102,5,103,357,353,29.2,15947,5730,1551,3088,2418,3160,15947,422,2248,2896,786,1067,1119,131,918,1384,3344,795,494,343,48,071,15947,12002,2778,1139,28,12967,832,555,1096,1153,1454,1618,1618,2481,1360,800,70396,86183,10038,94269,3341,18452,2014,25226,484,12892,115,5395,731,10091,345,231,653,822,978,1402,1415,2225,1304,716,86994,96683,29729,2876,28987,46427,41598,66654,43276,37872,31625,25097,9448,6247,10588,951,23301,16138,15062,12570,12291,514,2492,1076,727,550,237,349,7163,4790,3480,1624,2373,-888888888,-888888888,-888888888,-888888888,-888888888,-888888888,-888888888,-888888888,-888888888,-888888888,-888888888,-888888888,-888888888,-888888888,-888888888,-888888888,-888888888,-888888888,-888888888
2016,Bell County; Texas,246923,162653,142800,130349,12451,19853,84270,142800,-888888888,124333,72486,70007,63753,33111,19651,54762,35646,147488,120010,17059,549,2833,2010,5027,20.2,130349,41930,26182,34413,12280,15544,130349,1262,8098,8299,3118,15789,5960,1915,6561,12306,33316,11935,6212,15578,48,027,130349,90999,32463,6703,184,113027,8014,4868,11375,11938,17966,23871,14879,12989,3758,3369,51529,66128,92071,63208,25719,16469,24316,25114,5641,9734,2120,2346,15095,80666,3916,2511,6547,7783,12163,17977,11978,11435,3323,3033,59365,74349,24213,32361,32399,41842,28559,40217,33443,308757,268605,217364,94169,40152,92284,5794,185091,135311,123732,102992,97703,14351,20740,11579,7320,5789,2331,4259,49780,40839,30671,16548,8941,-888888888,-888888888,-888888888,-888888888,-888888888,-888888888,-888888888,-888888888,-888888888,-888888888,-888888888,-888888888,-888888888,-888888888,-888888888,-888888888,-888888888,-888888888,-888888888
2016,Cameron County; Texas,300756,165425,165225,149676,15549,200,135331,165225,-888888888,158433,77536,77494,70537,41913,22592,83446,47539,147810,124221,14486,1031,2111,2745,3216,20.1,149676,41224,38914,37265,16056,16217,149676,3527,9989,8291,3643,19352,7161,2330,7254,12366,47334,13767,7233,7429,48,061,149676,110032,26102,13198,344,121290,17454,10432,18639,14567,16569,18931,10436,9470,2637,2155,34578,50150,90298,52769,36350,13895,15725,20820,11527,8286,3208,2852,33303,95923,11462,6920,14302,11502,13827,15876,9352,8333,2413,1936,38551,53793,15457,25367,18611,32079,21285,31911,26337,416158,289195,149442,161809,126963,132418,18296,232946,157667,143003,84997,79353,7623,58006,14664,4015,2421,1777,10649,75279,37431,17886,21618,37848,-888888888,-888888888,-888888888,-888888888,-888888888,-888888888,-888888888,-888888888,-888888888,-888888888,-888888888,-888888888,-888888888,-888888888,-888888888,-888888888,-888888888,-888888888,-888888888
2016,Deaf Smith County; Texas,13686,9055,9053,8612,441,2,4631,9053,-888888888,6898,3890,3890,3641,2040,1160,3836,2890,8348,6901,1121,28,97,31,170,13.7,8612,2273,1233,1565,1397,2144,8612,1243,601,1449,145,860,675,128,271,359,1495,447,577,362,48,117,8612,6792,1140,617,63,6081,352,348,635,650,1170,1156,876,694,106,94,47219,59127,5108,57633,1527,16095,592,22526,310,7975,50,2094,868,4510,181,132,439,409,876,877,740,675,100,81,53352,65294,19823,1571,30801,38938,26291,40482,28402,18835,15236,10739,5883,3599,6044,576,10659,8331,7982,5965,5650,500,2017,349,180,166,14,169,2328,1527,1023,602,801,-888888888,-888888888,-888888888,-888888888,-888888888,-888888888,-888888888,-888888888,-888888888,-888888888,-888888888,-888888888,-888888888,-888888888,-888888888,-888888888,-888888888,-888888888,-888888888
2016,El Paso County; Texas,623992,381672,362814,334280,28534,18858,242320,362814,-888888888,322693,170793,168833,155716,76639,42581,149508,94404,345010,275270,38768,5065,7244,7583,11080,23.3,334280,99028,69837,90852,31313,43250,334280,4022,19354,23840,9771,40125,21792,5838,17209,35542,83439,34050,14784,24514,48,141,334280,247577,65638,20571,494,261415,24670,18388,34166,32485,41524,46258,26666,24173,7758,5327,42075,57023,210192,57941,71206,14475,36752,21186,18658,7395,7159,3186,60578,195728,12557,10477,24007,24577,32830,36953,21879,21160,6663,4625,46907,62049,19145,65687,25880,38586,23948,37147,29287,807800,615882,393298,275041,191918,236855,25480,478981,345692,318932,219156,203180,23724,99776,26760,11507,8142,4231,15253,133289,85569,51392,40595,47720,-888888888,-888888888,-888888888,-888888888,-888888888,-888888888,-888888888,-888888888,-888888888,-888888888,-888888888,-888888888,-888888888,-888888888,-888888888,-888888888,-888888888,-888888888,-888888888
2016,La Salle County; Texas,5630,2572,2572,2355,217,0,3058,2572,-888888888,2286,1032,1032,952,646,225,1079,588,2238,1825,339,0,69,0,5,19.8,2355,717,309,437,564,328,2355,513,58,115,36,215,301,0,27,93,474,334,73,116,48,283,2355,1856,388,111,0,2101,300,88,326,166,466,370,79,86,114,106,40094,75384,1268,59088,933,14378,425,17776,283,14188,24,163,374,1356,71,3,205,122,377,276,85,120,41,56,46400,79274,23939,745,16693,62397,28243,40076,26656,6382,4760,2824,2649,1622,1826,473,3499,2432,2215,1491,1399,126,724,217,73,73,0,144,1067,786,324,489,281,-888888888,-888888888,-888888888,-888888888,-888888888,-888888888,-888888888,-888888888,-888888888,-888888888,-888888888,-888888888,-888888888,-888888888,-888888888,-888888888,-888888888,-888888888,-888888888
2016,Terrell County; Texas,677,356,356,338,18,0,321,356,-888888888,341,130,130,124,12,12,98,78,338,260,23,0,19,0,36,30.8,338,107,107,31,58,35,338,52,28,20,0,14,5,0,16,54,52,13,34,50,48,443,338,190,92,56,0,396,78,55,66,48,39,28,19,56,0,7,24821,45467,207,65179,180,10908,72,10640,0,-666666666,0,-666666666,5,199,25,17,22,29,16,22,15,46,0,7,37321,65224,25147,197,16094,23166,35417,44250,22083,778,641,474,290,137,110,20,419,331,313,239,239,2,74,18,3,3,0,15,88,60,51,28,28,-888888888,-888888888,-888888888,-888888888,-888888888,-888888888,-888888888,-888888888,-888888888,-888888888,-888888888,-888888888,-888888888,-888888888,-888888888,-888888888,-888888888,-888888888,-888888888
2016,Tyler County; Texas,17669,7686,7686,6894,792,0,9983,7686,-888888888,7958,3377,3377,3047,1222,620,2501,1733,6660,5378,674,3,61,206,338,34.3,6894,1644,1472,1476,1238,1064,6894,603,743,671,99,683,348,94,311,460,1486,287,488,621,48,457,6894,5211,1291,369,23,7608,718,500,984,768,1074,1447,932,866,253,66,45427,56676,4881,60626,3460,18490,1957,18659,501,9323,83,2601,1308,5375,308,165,534,529,738,1187,845,783,230,56,59583,66084,20720,2233,22303,32388,31082,50621,31055,18648,15648,11080,7894,3000,4107,266,10280,7079,6342,4726,4556,371,1616,737,353,210,143,384,3201,2473,1463,1370,728,-888888888,-888888888,-888888888,-888888888,-888888888,-888888888,-888888888,-888888888,-888888888,-888888888,-888888888,-888888888,-888888888,-888888888,-888888888,-888888888,-888888888,-888888888,-888888888
2016,Wheeler County; Texas,4320,2747,2747,2598,149,0,1573,2747,-888888888,2184,1102,1102,1055,443,260,909,523,2584,2267,175,0,47,37,58,18.6,2598,659,511,525,552,351,2598,623,220,88,24,239,204,23,81,92,550,177,166,111,48,483,2598,1770,526,297,5,2330,103,115,283,223,396,453,317,254,122,64,51082,66320,1900,63781,685,18422,310,20206,69,8484,16,3375,196,1649,64,22,111,196,326,313,259,226,68,64,55089,73113,26736,681,31553,40769,30630,50868,32917,5573,4419,3563,1564,1154,1468,243,3157,2467,2329,1704,1677,42,625,138,38,36,17,100,690,507,405,117,183,-888888888,-888888888,-888888888,-888888888,-888888888,-888888888,-888888888,-888888888,-888888888,-888888888,-888888888,-888888888,-888888888,-888888888,-888888888,-888888888,-888888888,-888888888,-888888888
2016,Archer County; Texas,7080,4449,4438,4290,148,11,2631,4438,-888888888,3577,2029,2029,1970,457,378,1433,1107,4259,3708,252,11,41,45,202,21.6,4290,1538,508,1006,612,626,4290,544,306,305,173,583,252,46,222,262,1059,137,210,191,48,009,4290,3252,603,426,9,3331,147,215,250,387,379,550,600,555,137,111,62407,74568,2601,75977,1243,18349,623,20665,94,11199,28,2771,212,2452,33,40,140,256,296,398,519,545,122,103,77218,86583,29086,879,27614,39409,33653,50299,36503,8677,7591,6320,2400,1086,1952,112,5200,4124,3991,3438,3327,169,553,133,90,75,23,43,1076,703,514,251,373,-888888888,-888888888,-888888888,-888888888,-888888888,-888888888,-888888888,-888888888,-888888888,-888888888,-888888888,-888888888,-888888888,-888888888,-888888888,-888888888,-888888888,-888888888,-888888888
2016,Brewster County; Texas,7461,4654,4654,4326,328,0,2807,4654,-888888888,3804,2108,2108,1962,620,334,1180,863,4261,2833,883,0,197,124,224,13.4,4326,1678,960,826,549,313,4326,296,207,125,73,447,110,77,224,176,1441,528,175,447,48,043,4326,2264,1642,360,60,4014,268,275,756,515,680,417,511,337,81,174,38440,58670,3074,55761,1384,17177,677,25080,154,6532,59,3524,522,2276,65,78,223,256,428,317,376,333,71,129,53011,76141,26156,1738,21982,35225,25124,40918,31639,9104,7450,5948,2631,1654,1879,211,5518,4350,4027,2973,2894,169,1054,323,135,109,26,188,1168,973,697,372,195,-888888888,-888888888,-888888888,-888888888,-888888888,-888888888,-888888888,-888888888,-888888888,-888888888,-888888888,-888888888,-888888888,-888888888,-888888888,-888888888,-888888888,-888888888,-888888888
2016,Hidalgo County; Texas,578762,333497,333296,303214,30082,201,245265,333296,-888888888,301325,152061,152032,139030,92858,46898,175457,100165,296433,237516,28211,988,3488,13109,13121,21.9,303214,81719,71212,77390,39155,33738,303214,9535,25876,12879,9304,42262,15848,4258,12183,25027,90260,25337,17404,13041,48,215,303214,214777,53126,34795,516,227477,29215,20497,34109,27135,31511,36457,20596,18233,5258,4466,36094,52350,181884,53584,62339,13652,23707,21601,22258,7554,5156,2433,70773,185716,18991,14965,27722,23026,26773,31146,18154,16436,4768,3735,39087,55042,15240,41761,20223,35777,20574,32422,27929,820004,550015,281459,306079,269989,279288,43089,456684,320456,291600,162826,151854,14449,128774,28856,7251,4272,3174,21605,136228,63957,30549,36543,72271,-888888888,-888888888,-888888888,-888888888,-888888888,-888888888,-888888888,-888888888,-888888888,-888888888,-888888888,-888888888,-888888888,-888888888,-888888888,-888888888,-888888888,-888888888,-888888888
2016,Smith County; Texas,170835,104183,103997,97098,6899,186,66652,103997,-888888888,89816,49658,49643,46558,17513,10191,34079,23733,95273,78898,9524,194,1029,2199,3429,23.3,97098,32846,18427,22309,11031,12485,97098,3394,7251,8620,2627,12837,4151,2034,4809,7224,25766,8964,6230,3191,48,423,97098,79032,11644,6253,169,78040,5089,4434,9622,9073,11558,13656,9501,9255,2843,3009,48683,67619,60285,67108,25513,18101,13855,22614,4183,8805,1541,3244,8849,53429,1924,1775,5272,5435,7548,10151,7836,8249,2674,2565,60719,79077,25299,24611,28807,40645,27070,45069,33348,217347,176837,133797,69608,40510,54731,6018,129765,96980,90660,69833,67280,4570,20827,6320,3089,2370,877,3231,32785,22844,15518,9477,9941,-888888888,-888888888,-888888888,-888888888,-888888888,-888888888,-888888888,-888888888,-888888888,-888888888,-888888888,-888888888,-888888888,-888888888,-888888888,-888888888,-888888888,-888888888,-888888888
2016,Crockett County; Texas,3064,1802,1802,1752,50,0,1262,1802,-888888888,1600,719,719,719,403,238,436,240,1752,1408,292,0,11,0,41,21.2,1752,391,242,473,418,228,1752,639,289,27,0,129,90,0,40,22,281,92,53,90,48,105,1752,1291,247,214,0,1431,155,101,173,107,164,330,100,240,48,13,50646,63013,1116,64443,389,14370,188,16102,0,-666666666,0,-666666666,88,1018,79,11,88,44,127,312,100,205,39,13,56910,75499,23861,413,12194,27653,32313,44875,25972,3753,2946,2285,853,807,955,133,2310,1764,1714,1228,1228,0,486,50,50,50,0,0,546,358,277,81,188,-888888888,-888888888,-888888888,-888888888,-888888888,-888888888,-888888888,-888888888,-888888888,-888888888,-888888888,-888888888,-888888888,-888888888,-888888888,-888888888,-888888888,-888888888,-888888888
2016,Haskell County; Texas,5061,2493,2493,2253,240,0,2568,2493,-888888888,2166,1037,1037,921,260,154,550,426,2204,1796,246,0,58,38,66,16.1,2253,597,517,459,370,310,2253,382,160,76,9,276,164,5,84,80,465,186,211,155,48,207,2253,1429,402,405,17,2193,240,135,338,265,327,484,147,184,46,27,41067,51719,1616,49842,1002,15782,346,18015,194,8239,59,1575,462,1423,81,38,162,195,226,386,132,143,37,23,50304,60562,21072,770,19671,33807,22699,40833,25451,4869,3926,2509,2174,943,871,56,2777,2111,1907,1354,1251,140,553,204,67,25,42,137,666,485,229,290,181,-888888888,-888888888,-888888888,-888888888,-888888888,-888888888,-888888888,-888888888,-888888888,-888888888,-888888888,-888888888,-888888888,-888888888,-888888888,-888888888,-888888888,-888888888,-888888888
2016,Howard County; Texas,29237,15517,15495,14473,1022,22,13720,15495,-888888888,12373,6926,6926,6489,2486,1490,5040,3390,14139,11239,2315,33,214,167,171,18.3,14473,4043,2823,3176,2142,2289,14473,1988,1016,751,323,1495,670,221,714,709,3751,1130,846,859,48,227,14473,10446,3210,797,20,11229,1017,530,899,1550,1461,2290,1553,1249,359,321,50977,67576,8515,67286,3644,15533,2082,19556,726,8591,228,2502,1421,7314,378,224,427,880,953,1546,1222,1084,319,281,63354,78563,23054,3915,30748,44536,27391,45527,30236,31343,25977,19573,9835,5366,8058,990,19057,14456,13576,11125,10481,1134,2451,880,286,159,140,594,4601,3270,2102,1487,1331,-888888888,-888888888,-888888888,-888888888,-888888888,-888888888,-888888888,-888888888,-888888888,-888888888,-888888888,-888888888,-888888888,-888888888,-888888888,-888888888,-888888888,-888888888,-888888888
2016,Mills County; Texas,3792,2016,2009,1931,78,7,1776,2009,-888888888,2007,891,891,832,214,108,846,683,1864,1501,153,0,106,16,88,17.1,1931,563,295,515,280,278,1931,210,90,79,24,396,83,35,125,92,498,101,112,86,48,333,1931,1406,368,152,5,1875,174,114,276,251,239,351,191,149,73,57,44375,58743,1254,61413,863,17270,306,25011,57,9630,27,3874,104,1293,60,25,160,172,183,265,169,129,73,57,56146,70876,24099,582,19509,31289,26408,45085,30643,4699,4046,3235,1784,653,1143,92,2327,1650,1589,1314,1276,71,275,61,8,2,6,53,677,465,295,192,212,-888888888,-888888888,-888888888,-888888888,-888888888,-888888888,-888888888,-888888888,-888888888,-888888888,-888888888,-888888888,-888888888,-888888888,-888888888,-888888888,-888888888,-888888888,-888888888
2016,Montague County; Texas,15473,8683,8669,8150,519,14,6790,8669,-888888888,7892,3790,3790,3547,1300,612,2877,1623,7998,6514,869,0,168,57,390,23.5,8150,2101,1394,1778,1366,1511,8150,1478,678,457,144,1005,522,113,381,423,1392,623,553,381,48,337,8150,6434,1019,656,41,8083,612,485,1209,962,1175,1425,927,825,283,180,46383,59864,5684,58947,3359,15993,1655,19900,356,8226,109,764,930,5471,284,137,618,698,879,968,828,646,239,174,51737,69229,25403,2612,24109,38382,27238,50417,29250,19069,14954,11253,6615,4115,4449,975,10620,7692,7230,5278,5032,301,1952,462,183,148,35,279,2928,2023,1263,845,905,-888888888,-888888888,-888888888,-888888888,-888888888,-888888888,-888888888,-888888888,-888888888,-888888888,-888888888,-888888888,-888888888,-888888888,-888888888,-888888888,-888888888,-888888888,-888888888
2016,Panola County; Texas,18560,10677,10677,10179,498,0,7883,10677,-888888888,9534,4878,4878,4638,1507,898,3339,2234,10044,8759,857,50,107,54,217,24.2,10179,2206,1739,2479,1974,1781,10179,2230,818,689,209,1083,544,34,522,704,1956,451,440,499,48,365,10179,8210,1234,735,0,8905,728,430,1156,747,1312,1748,1060,1136,255,333,50712,64520,6585,66842,3239,17175,1726,17667,454,9501,90,3200,1129,6208,293,135,592,485,1004,1340,858,968,229,304,60449,74606,25345,2697,23474,38724,29390,49425,30614,23558,19400,14740,7750,4158,5709,475,13929,9969,9488,7220,6947,448,2268,481,149,121,28,332,3960,2902,2076,1065,1058,-888888888,-888888888,-888888888,-888888888,-888888888,-888888888,-888888888,-888888888,-888888888,-888888888,-888888888,-888888888,-888888888,-888888888,-888888888,-888888888,-888888888,-888888888,-888888888
2016,Sabine County; Texas,8479,3257,3257,2988,269,0,5222,3257,-888888888,4341,1382,1382,1331,661,150,1287,522,2774,2310,189,4,105,35,131,26.5,2988,726,604,722,527,409,2988,275,323,243,74,243,221,0,109,176,811,176,225,112,48,403,2988,2300,496,192,0,3682,512,155,725,622,524,487,310,190,61,96,32500,47902,1925,53799,2021,19032,851,17190,228,8493,92,3460,378,2358,234,66,431,335,348,370,271,171,61,71,40820,55992,20120,1324,23043,32622,21497,34886,24269,10279,8006,5014,5258,2273,2156,133,5194,2903,2634,1730,1632,134,904,269,69,33,36,200,2291,1255,735,825,1036,-888888888,-888888888,-888888888,-888888888,-888888888,-888888888,-888888888,-888888888,-888888888,-888888888,-888888888,-888888888,-888888888,-888888888,-888888888,-888888888,-888888888,-888888888,-888888888
2016,Sherman County; Texas,2383,1611,1605,1589,16,6,772,1605,-888888888,1172,604,604,597,245,157,490,308,1575,1152,220,6,118,35,44,19.1,1589,467,111,355,309,347,1589,431,129,186,23,187,100,16,62,24,274,45,88,24,48,421,1589,1216,185,185,3,1017,46,44,89,121,145,239,135,135,41,22,52969,67352,880,62787,300,15975,154,24128,21,5681,3,-999999999,51,773,24,29,52,67,86,211,118,127,37,22,62292,75904,23863,244,31310,37939,26993,40472,30320,3028,2309,1879,722,719,748,92,1912,1473,1457,1029,995,37,428,16,9,9,0,7,439,251,197,80,188,-888888888,-888888888,-888888888,-888888888,-888888888,-888888888,-888888888,-888888888,-888888888,-888888888,-888888888,-888888888,-888888888,-888888888,-888888888,-888888888,-888888888,-888888888,-888888888
2016,Swisher County; Texas,5924,2909,2909,2761,148,0,3015,2909,-888888888,2781,1212,1212,1167,668,338,1167,708,2633,2223,255,0,46,49,60,19.9,2761,827,508,586,402,438,2761,313,146,166,205,390,210,40,87,100,517,237,177,173,48,437,2761,2053,431,277,0,2630,277,171,511,351,346,445,289,190,9,41,35167,50181,1841,53974,1119,14537,387,16349,178,8387,4,-999999999,437,1896,167,53,291,225,242,400,278,190,9,41,47857,59804,18699,734,18500,22400,26330,38393,27018,7006,5826,3858,2915,1180,1959,135,3716,2586,2449,1895,1789,176,554,137,8,0,8,129,1130,768,372,440,362,-888888888,-888888888,-888888888,-888888888,-888888888,-888888888,-888888888,-888888888,-888888888,-888888888,-888888888,-888888888,-888888888,-888888888,-888888888,-888888888,-888888888,-888888888,-888888888
2016,Hunt County; Texas,69961,40765,40735,36775,3960,30,29196,40735,-888888888,35787,18351,18351,16618,6202,3662,13701,9639,35702,28846,4467,14,689,496,1190,30.6,36775,10849,6652,8824,4849,5601,36775,577,3264,5538,804,4693,2281,503,1828,2888,7968,2985,2139,1307,48,231,36775,29073,5318,2347,37,31154,2581,2375,4020,3631,4081,5229,3700,3708,1132,697,45643,59919,23383,61717,11428,17815,5976,19497,1893,8493,407,2633,5083,21508,1189,948,2030,2344,2735,4270,3290,3125,943,634,58654,69828,22229,9646,22696,34981,26044,46819,32551,88217,71426,51660,29517,16791,21392,2528,53661,38122,34250,26656,25757,1676,7594,3872,1331,1008,449,2541,15539,11463,6626,5895,4076,-888888888,-888888888,-888888888,-888888888,-888888888,-888888888,-888888888,-888888888,-888888888,-888888888,-888888888,-888888888,-888888888,-888888888,-888888888,-888888888,-888888888,-888888888,-888888888
2016,Camp County; Texas,9701,5591,5591,5223,368,0,4110,5591,-888888888,5105,2522,2522,2340,972,511,2157,1315,5159,4198,663,54,5,67,172,24.5,5223,1177,941,1178,723,1204,5223,264,501,937,199,764,193,9,241,271,1087,244,249,264,48,063,5223,3834,875,460,54,4544,331,274,718,684,705,850,463,323,149,47,40045,54547,3221,59583,1699,17094,801,15429,281,8760,62,2263,804,3270,161,95,498,425,501,691,399,335,118,47,46143,62505,20034,1274,25455,30715,24656,40528,26844,12565,10352,7373,4300,2213,3314,291,7117,5150,4888,3851,3715,185,1037,262,90,71,34,172,1967,1273,785,608,694,-888888888,-888888888,-888888888,-888888888,-888888888,-888888888,-888888888,-888888888,-888888888,-888888888,-888888888,-888888888,-888888888,-888888888,-888888888,-888888888,-888888888,-888888888,-888888888
2016,Hansford County; Texas,4109,2653,2653,2587,66,0,1456,2653,-888888888,2119,999,999,974,480,222,1113,555,2530,2082,300,0,72,47,29,16.3,2587,742,339,440,551,515,2587,711,140,50,95,202,137,4,85,160,670,123,111,99,48,195,2587,1934,414,232,7,1979,136,80,251,289,343,340,194,224,70,52,41335,62337,1657,62394,482,18386,193,21289,19,7984,10,-999999999,155,1460,58,45,188,208,218,242,174,211,64,52,52321,71321,23605,519,32471,36606,29484,47228,25750,5477,4442,3759,1234,1035,1629,225,3041,2351,2285,1912,1867,65,373,66,25,11,14,41,690,351,330,37,339,-888888888,-888888888,-888888888,-888888888,-888888888,-888888888,-888888888,-888888888,-888888888,-888888888,-888888888,-888888888,-888888888,-888888888,-888888888,-888888888,-888888888,-888888888,-888888888
2016,Guadalupe County; Texas,113553,73354,72150,68376,3774,1204,40199,72150,-888888888,58158,33754,33419,31813,11080,6714,25856,18278,68535,57974,6362,168,521,699,2811,26.2,68376,22897,10936,16920,7104,10519,68376,1589,4329,7954,2131,9024,3426,1037,3887,5667,14060,5753,3605,5914,48,187,68376,52155,12464,3555,202,49930,2510,1674,4046,3461,6820,10170,7239,9037,2855,2118,64599,79411,40551,76162,14405,17204,12123,28090,1671,8719,567,1676,4079,37628,1057,642,2452,2329,4638,7938,6122,7882,2670,1898,74149,88381,28310,12302,37062,47332,33708,50377,36573,145117,124123,104008,38376,20994,38563,3532,87988,67877,64483,53611,52112,4903,10872,3394,2073,1740,578,1321,20111,15108,12246,4773,5003,-888888888,-888888888,-888888888,-888888888,-888888888,-888888888,-888888888,-888888888,-888888888,-888888888,-888888888,-888888888,-888888888,-888888888,-888888888,-888888888,-888888888,-888888888,-888888888
2016,Clay County; Texas,8427,4860,4851,4524,327,9,3567,4851,-888888888,4292,2223,2223,2115,504,261,1576,1046,4430,3736,370,0,76,62,186,24.8,4524,1308,740,1218,669,589,4524,424,393,346,176,545,221,78,251,313,1034,256,279,208,48,077,4524,3376,634,504,10,4106,289,350,428,493,626,664,420,594,111,131,45341,65740,3057,64511,1658,17771,885,21120,267,8278,110,2264,477,2826,134,185,214,236,398,553,360,551,100,95,59583,77269,26696,1280,26920,38709,26619,44184,32034,10289,8629,6513,3768,1660,2228,321,5971,4414,4087,3306,3203,161,781,327,141,117,39,186,1557,1205,677,647,352,-888888888,-888888888,-888888888,-888888888,-888888888,-888888888,-888888888,-888888888,-888888888,-888888888,-888888888,-888888888,-888888888,-888888888,-888888888,-888888888,-888888888,-888888888,-888888888
2016,Hartley County; Texas,4825,2183,2183,2148,35,0,2642,2183,-888888888,1857,1063,1063,1038,366,187,837,516,2127,1807,147,0,53,20,100,11.2,2148,938,256,432,325,197,2148,410,79,155,33,217,134,14,164,104,544,99,107,88,48,205,2148,1602,325,211,10,1812,52,65,186,129,255,414,350,254,62,45,64614,73842,1439,73553,562,21444,256,18198,36,7742,18,-999999999,147,1317,7,17,57,76,150,384,342,193,48,43,70491,84771,21642,495,27277,43446,35308,55023,31761,4446,3847,3128,1330,599,1283,150,2343,1936,1908,1649,1618,42,259,28,11,11,0,17,407,234,173,66,173,-888888888,-888888888,-888888888,-888888888,-888888888,-888888888,-888888888,-888888888,-888888888,-888888888,-888888888,-888888888,-888888888,-888888888,-888888888,-888888888,-888888888,-888888888,-888888888
2016,Hill County; Texas,27626,15769,15769,14368,1401,0,11857,15769,-888888888,14152,7175,7175,6576,2515,1659,5335,3664,14042,11139,1875,14,171,221,622,27.6,14368,3772,2622,3356,2112,2506,14368,814,1561,1653,308,1817,775,211,661,757,3009,1481,602,719,48,217,14368,11157,2055,1112,44,12806,943,778,1743,1701,1955,2306,1417,1286,411,266,43441,58692,9308,59295,5099,18601,2694,21571,632,9112,159,1345,2135,9061,438,325,1022,1125,1325,1815,1256,1174,323,258,53083,67160,22154,3745,25818,35304,25371,40533,31301,34223,27489,19143,13333,6734,8219,1067,19418,14368,13060,9725,9081,871,3335,1308,481,286,207,827,5050,3631,2269,1810,1419,-888888888,-888888888,-888888888,-888888888,-888888888,-888888888,-888888888,-888888888,-888888888,-888888888,-888888888,-888888888,-888888888,-888888888,-888888888,-888888888,-888888888,-888888888,-888888888
2016,Limestone County; Texas,18638,9817,9817,8894,923,0,8821,9817,-888888888,8983,4256,4256,4077,1683,1026,3226,1813,8725,7101,1029,3,92,116,384,20.6,8894,2411,1916,1795,1150,1622,8894,808,616,916,164,864,501,27,309,593,2541,461,562,532,48,293,8894,5709,2275,908,2,8046,752,640,1216,1098,1254,1292,658,731,278,127,37431,54332,5588,54563,3200,17081,1910,21492,434,9512,142,3673,1026,5450,380,292,578,615,938,1061,572,619,274,121,47947,65000,20506,2596,22481,30410,24127,36584,29870,22523,17127,11195,9213,5396,5312,810,13378,9262,8383,5678,5299,595,2705,879,310,213,102,569,4116,2840,1407,1756,1276,-888888888,-888888888,-888888888,-888888888,-888888888,-888888888,-888888888,-888888888,-888888888,-888888888,-888888888,-888888888,-888888888,-888888888,-888888888,-888888888,-888888888,-888888888,-888888888
2016,Nacogdoches County; Texas,51529,30701,30700,27989,2711,1,20828,30700,-888888888,27164,14509,14509,13058,5331,3406,9375,6514,27410,21856,3310,45,951,418,830,19.8,27989,8717,5111,6663,3204,4294,27989,1600,2133,3053,653,2994,967,292,1259,2063,8134,2408,1535,898,48,347,27989,20426,5473,2036,54,23942,2980,1993,3423,2637,3306,3868,2516,2126,431,662,38915,56497,18319,57042,6644,16693,3555,22288,1385,8646,546,4124,3833,15125,1127,738,1619,1546,2095,2749,2311,1981,408,551,52856,70424,21343,8817,20841,30435,21908,40871,30568,64749,51111,37912,19513,13638,15411,2241,41355,29155,26519,20028,19047,1743,6491,2636,1193,822,400,1443,12200,8904,6378,2906,3296,-888888888,-888888888,-888888888,-888888888,-888888888,-888888888,-888888888,-888888888,-888888888,-888888888,-888888888,-888888888,-888888888,-888888888,-888888888,-888888888,-888888888,-888888888,-888888888
2016,Parmer County; Texas,7359,4757,4751,4608,143,6,2602,4751,-888888888,3546,1915,1915,1842,861,470,1920,942,4502,3423,682,34,129,118,116,15.2,4608,1166,656,801,815,1170,4608,824,312,888,166,336,226,29,157,169,794,362,168,177,48,369,4608,3544,628,426,10,3219,158,118,419,471,483,726,291,409,66,78,48589,62974,2728,61540,865,16510,464,15702,166,8412,12,817,326,2483,134,91,265,362,284,576,246,409,61,55,53987,67103,21655,736,37000,45483,26551,34004,28451,9832,7700,5660,2836,2132,2924,389,5708,4351,4256,3042,2917,152,1214,95,41,36,5,54,1357,882,648,280,475,-888888888,-888888888,-888888888,-888888888,-888888888,-888888888,-888888888,-888888888,-888888888,-888888888,-888888888,-888888888,-888888888,-888888888,-888888888,-888888888,-888888888,-888888888,-888888888
2016,Parker County; Texas,96868,61346,61189,57784,3405,157,35522,61189,-888888888,48985,27776,27776,26010,9055,5345,19973,14715,56871,47561,5300,97,534,624,2755,31.8,57784,22206,8381,14082,7075,6040,57784,2947,5079,6369,1246,6544,4137,886,3003,4525,12869,4227,3042,2910,48,367,57784,44155,8559,4911,159,43270,2171,1416,3171,3543,5654,7622,5751,7834,3104,3004,67979,89095,34824,89434,13298,19327,9009,24217,1628,9382,903,3086,3478,32856,768,748,1822,2255,3965,5763,4878,6951,2926,2780,80198,99798,32274,10414,35638,50986,36375,59338,40371,121523,102976,84506,32856,18547,30352,3021,73417,56853,53645,44167,42865,2661,9478,3208,1805,1210,666,1403,16564,11926,9315,3644,4638,-888888888,-888888888,-888888888,-888888888,-888888888,-888888888,-888888888,-888888888,-888888888,-888888888,-888888888,-888888888,-888888888,-888888888,-888888888,-888888888,-888888888,-888888888,-888888888
2016,Presidio County; Texas,5325,2701,2701,2453,248,0,2624,2701,-888888888,2798,985,985,901,681,258,1201,592,2378,1291,337,25,424,59,242,14.0,2453,858,678,391,445,81,2453,291,215,83,0,106,112,0,44,97,663,387,214,241,48,377,2453,1380,772,287,14,2565,359,371,385,217,419,375,184,221,26,8,33453,42069,1570,47993,1037,13069,414,22813,348,5512,4,-999999999,787,1720,103,139,305,190,301,274,177,205,26,0,40057,50284,16326,845,12478,24016,22046,36711,36591,7144,4582,2283,2667,2562,2012,747,3668,2430,2188,1341,1248,133,847,242,88,65,23,154,1238,549,260,290,689,-888888888,-888888888,-888888888,-888888888,-888888888,-888888888,-888888888,-888888888,-888888888,-888888888,-888888888,-888888888,-888888888,-888888888,-888888888,-888888888,-888888888,-888888888,-888888888
2016,Val Verde County; Texas,36225,21258,20003,18331,1672,1255,14967,20003,-888888888,17889,8830,8733,8073,4452,2464,8982,6466,19160,14573,2453,48,631,710,745,19.7,18331,4553,4116,4314,2696,2652,18331,840,1134,1248,290,2327,1196,104,975,768,4082,1759,665,2943,48,465,18331,12138,5200,965,28,14977,1533,1158,1769,1509,2390,2229,1880,1757,348,404,44170,59398,11670,61888,4709,13093,2148,29993,1266,6956,274,2176,3097,11290,655,660,1149,1179,1938,1887,1621,1644,279,278,50678,65011,19522,3687,21274,38507,24424,40873,28001,46366,35817,23320,16224,10549,14277,2025,25646,18712,17204,12186,11470,1165,5018,1508,405,258,147,1103,6934,4631,2655,2170,2303,-888888888,-888888888,-888888888,-888888888,-888888888,-888888888,-888888888,-888888888,-888888888,-888888888,-888888888,-888888888,-888888888,-888888888,-888888888,-888888888,-888888888,-888888888,-888888888
2016,Culberson County; Texas,1849,1098,1098,1047,51,0,751,1098,-888888888,887,483,483,461,136,88,331,268,1033,762,186,0,19,39,27,11.0,1047,202,322,222,225,76,1047,184,78,11,14,124,60,3,25,47,191,205,42,63,48,109,1047,787,192,68,0,762,91,70,140,91,113,114,78,41,5,19,33981,47380,609,48139,324,12855,135,11214,78,7204,0,-666666666,159,526,27,42,89,62,100,75,70,37,5,19,38977,56137,18862,236,17857,25144,16448,32540,18952,2248,1794,1074,872,454,525,71,1326,947,896,680,545,135,216,51,22,10,12,29,379,244,85,163,135,-888888888,-888888888,-888888888,-888888888,-888888888,-888888888,-888888888,-888888888,-888888888,-888888888,-888888888,-888888888,-888888888,-888888888,-888888888,-888888888,-888888888,-888888888,-888888888
2016,Ector County; Texas,111891,76409,76372,71470,4902,37,35482,76372,-888888888,55913,31784,31784,29249,15705,8549,26987,18125,70346,57882,9352,368,889,475,1380,21.6,71470,16486,10975,18613,12512,12884,71470,9880,6767,5181,2721,9248,4357,734,3349,4233,11581,6697,4831,1891,48,135,71470,58543,8138,4710,79,50950,2356,2267,5647,4835,7040,8942,6887,8116,2460,2400,58335,78271,43810,79039,12126,16376,5656,17342,3038,9434,907,4294,6392,35527,1240,797,3130,2976,4671,6685,5431,6367,2175,2055,67601,85526,27295,15423,34664,55118,31941,52416,32358,151759,116451,89032,37990,35308,45625,8733,91662,71112,66700,49715,47874,3275,16985,4412,1891,1428,463,2521,20550,13728,8724,5932,6822,-888888888,-888888888,-888888888,-888888888,-888888888,-888888888,-888888888,-888888888,-888888888,-888888888,-888888888,-888888888,-888888888,-888888888,-888888888,-888888888,-888888888,-888888888,-888888888
2016,Garza County; Texas,5602,2325,2325,2257,68,0,3277,2325,-888888888,1933,1167,1167,1162,310,176,785,515,2181,1665,425,0,39,40,12,20.1,2257,639,522,383,327,386,2257,297,151,164,84,112,107,36,81,303,335,204,172,211,48,169,2257,1618,348,291,0,1625,70,71,233,151,265,371,183,169,44,68,52708,71628,1370,65787,469,18150,181,22594,128,8034,30,-999999999,280,1388,94,41,132,120,243,314,171,161,44,68,54405,76850,19043,237,29219,37653,27643,37500,28750,4650,3667,2398,1834,983,1164,104,2820,2148,2080,1502,1312,197,578,68,24,24,0,44,672,424,268,236,248,-888888888,-888888888,-888888888,-888888888,-888888888,-888888888,-888888888,-888888888,-888888888,-888888888,-888888888,-888888888,-888888888,-888888888,-888888888,-888888888,-888888888,-888888888,-888888888
2016,Glasscock County; Texas,959,551,551,536,15,0,408,551,-888888888,438,182,182,169,50,33,279,187,533,427,38,0,11,7,50,20.3,536,240,26,105,136,29,536,235,96,2,11,29,35,0,14,21,63,5,5,20,48,173,536,403,86,47,0,438,5,21,51,54,48,59,31,94,23,52,62159,96623,351,88434,96,18976,52,24287,0,-666666666,0,-666666666,8,356,5,5,29,36,48,54,31,76,23,49,75625,105492,34834,82,28182,58117,32314,40714,24297,1253,983,847,244,270,353,55,734,536,523,381,376,13,142,13,0,0,0,13,198,138,135,3,60,-888888888,-888888888,-888888888,-888888888,-888888888,-888888888,-888888888,-888888888,-888888888,-888888888,-888888888,-888888888,-888888888,-888888888,-888888888,-888888888,-888888888,-888888888,-888888888
2016,Grimes County; Texas,21645,10918,10892,10246,646,26,10727,10892,-888888888,9533,4741,4741,4483,1797,918,3966,2407,10136,7979,1656,0,114,53,334,31.6,10246,2466,1875,2279,1674,1952,10246,1063,913,1232,230,1326,742,64,427,866,1617,671,524,571,48,185,10246,8010,1477,728,31,9000,949,516,1103,848,1218,1768,1116,885,367,230,47839,62604,6629,64014,3208,15621,1495,19698,537,8546,78,679,1397,6213,455,88,642,495,880,1370,977,819,315,172,58326,72373,21173,2787,24032,39524,29169,43481,35639,23784,19649,13923,8585,4135,6050,677,13736,9854,9257,7460,7212,470,1797,597,231,179,52,366,3882,2657,1585,1351,1225,-888888888,-888888888,-888888888,-888888888,-888888888,-888888888,-888888888,-888888888,-888888888,-888888888,-888888888,-888888888,-888888888,-888888888,-888888888,-888888888,-888888888,-888888888,-888888888
2016,Collin County; Texas,673095,480241,479664,458288,21376,577,192854,479664,-888888888,346429,220835,220589,210318,71194,43555,165307,115035,452343,368436,32547,5022,3889,5715,36734,28.4,458288,240351,55397,112968,23024,26548,458288,5054,21412,43589,14005,52827,14577,17915,53492,75456,92601,36463,19953,10944,48,085,458288,385473,45501,26586,728,314918,11228,6870,15609,18906,33155,52040,41527,64611,34439,36533,86188,110245,280958,109964,56390,20443,36769,27052,6819,9911,2569,3747,11648,233129,4779,3258,7168,11093,19681,34543,31826,55985,31438,33358,102707,125098,39933,81789,48897,64251,46394,71169,51146,883650,779120,700324,139768,104530,241378,18567,557491,452779,433341,377335,372643,10114,56006,19438,12340,11173,1547,7098,104712,84210,74723,13940,20502,-888888888,-888888888,-888888888,-888888888,-888888888,-888888888,-888888888,-888888888,-888888888,-888888888,-888888888,-888888888,-888888888,-888888888,-888888888,-888888888,-888888888,-888888888,-888888888
2016,Angelina County; Texas,67149,38634,38561,35356,3205,73,28515,38561,-888888888,34649,17990,17971,16652,7100,4332,14456,9444,34747,28432,4646,47,631,370,621,17.8,35356,9732,7452,8028,4848,5296,35356,1258,2309,4386,762,4655,1492,221,1344,2654,9884,2961,2031,1399,48,005,35356,27107,6224,2006,19,30495,2606,1924,4470,3305,4744,5893,3522,2614,761,656,44185,58796,22608,59349,10173,17248,5971,20292,2658,10585,918,3692,6070,22178,1312,929,2425,2234,3952,4752,3003,2324,664,583,50864,66601,21486,8317,21953,34189,24879,40526,30694,85415,69247,47305,32240,16168,22902,2611,50222,36376,33326,24871,23467,2139,8455,3050,1484,845,701,1566,13846,10463,5318,6262,3383,-888888888,-888888888,-888888888,-888888888,-888888888,-888888888,-888888888,-888888888,-888888888,-888888888,-888888888,-888888888,-888888888,-888888888,-888888888,-888888888,-888888888,-888888888,-888888888
2016,Cottle County; Texas,1243,739,739,653,86,0,504,739,-888888888,673,340,340,272,139,120,205,175,638,429,108,0,62,24,15,15.0,653,194,186,123,116,34,653,122,69,3,6,58,24,2,50,27,196,19,30,47,48,101,653,408,142,98,5,679,58,103,80,115,79,153,43,24,16,8,33750,46202,483,42202,308,16183,179,19187,77,6796,11,-999999999,142,436,11,26,44,89,67,115,36,24,16,8,48021,57356,20397,243,14784,26155,20927,35000,21058,1560,1263,740,771,297,368,35,745,613,539,348,291,77,191,74,30,13,17,44,132,105,52,59,27,-888888888,-888888888,-888888888,-888888888,-888888888,-888888888,-888888888,-888888888,-888888888,-888888888,-888888888,-888888888,-888888888,-888888888,-888888888,-888888888,-888888888,-888888888,-888888888
2016,Hays County; Texas,146744,99064,98833,92791,6042,231,47680,98833,-888888888,74265,45779,45762,43081,13484,8887,28073,19348,91811,72042,9310,883,1895,1932,5749,29.8,92791,35438,16513,24475,8613,7752,92791,949,7553,5979,2494,13294,3284,1977,5070,9680,22037,11458,3819,5197,48,209,92791,69412,16712,6419,248,64324,4863,2647,6286,5698,7560,11428,8825,9708,3836,3473,60495,78681,54524,75516,14251,19153,10299,28360,1794,9620,844,4384,5026,41793,1405,866,2821,2708,4699,7627,7185,8185,3292,3005,77069,94704,28396,22531,31334,46217,27019,49069,38957,183896,157062,134636,38820,26834,43593,3644,122023,93678,87991,72931,71048,3549,15060,5687,3827,3344,625,1860,28345,22081,18976,4379,6264,-888888888,-888888888,-888888888,-888888888,-888888888,-888888888,-888888888,-888888888,-888888888,-888888888,-888888888,-888888888,-888888888,-888888888,-888888888,-888888888,-888888888,-888888888,-888888888
2016,Brazoria County; Texas,257271,166197,166099,157500,8599,98,91074,166099,-888888888,127698,75186,75169,71438,29448,19752,57785,41188,155872,135530,13370,286,1256,1568,3862,29.4,157500,64796,23168,32067,17709,19760,157500,3814,15873,21930,3699,13636,7819,2362,7301,15822,38613,11491,7520,7620,48,039,157500,126469,22825,8076,130,114290,5449,4550,7613,8624,12790,20145,17156,20319,9698,7946,72006,89752,96415,92374,26703,18747,17564,24037,3909,9207,910,2297,9859,84461,2189,1990,4258,5332,8661,14843,13579,17602,9013,6994,84251,101143,31180,29829,40713,54009,41065,60823,42645,327859,278360,231986,72633,49499,90881,7754,201373,157592,149492,123087,121171,4033,26405,8100,4258,3705,668,3842,43781,33125,24753,10681,10656,-888888888,-888888888,-888888888,-888888888,-888888888,-888888888,-888888888,-888888888,-888888888,-888888888,-888888888,-888888888,-888888888,-888888888,-888888888,-888888888,-888888888,-888888888,-888888888
2016,Donley County; Texas,2913,1555,1543,1467,76,12,1358,1543,-888888888,1452,630,630,610,213,106,463,327,1471,1076,227,0,82,10,76,24.1,1467,468,352,277,205,165,1467,166,127,108,13,129,83,10,62,57,354,135,95,128,48,129,1467,930,337,200,0,1287,104,88,181,181,202,208,141,135,16,31,40560,55084,892,55290,589,16156,273,22687,79,6962,0,-666666666,141,811,35,22,88,86,159,167,122,108,5,19,52760,62577,22454,476,24714,38542,21362,42500,30000,3448,2825,2033,1270,623,694,70,1970,1304,1228,907,883,41,321,76,8,4,4,68,666,502,363,168,164,-888888888,-888888888,-888888888,-888888888,-888888888,-888888888,-888888888,-888888888,-888888888,-888888888,-888888888,-888888888,-888888888,-888888888,-888888888,-888888888,-888888888,-888888888,-888888888
2016,Atascosa County; Texas,35610,21466,21410,19860,1550,56,14144,21410,-888888888,17957,9223,9185,8585,3974,1764,8480,5775,19500,15288,2740,25,277,15,1155,30.3,19860,5072,4441,3899,3573,2875,19860,2096,2285,1171,434,1966,1531,218,1086,1273,4338,1600,858,1004,48,013,19860,15399,2905,1551,5,15343,1004,676,1699,1451,2239,2972,2037,2178,713,374,53181,69844,12358,66500,5755,14970,3038,22205,1049,8789,147,2221,2419,11468,471,233,1193,942,1863,2277,1638,1893,623,335,58459,77403,23416,3875,29030,42052,27602,44070,31208,47223,38536,28474,14678,8687,13395,1362,27557,19905,18482,14060,13334,1041,4422,1423,700,377,339,723,7652,5531,3601,2401,2121,-888888888,-888888888,-888888888,-888888888,-888888888,-888888888,-888888888,-888888888,-888888888,-888888888,-888888888,-888888888,-888888888,-888888888,-888888888,-888888888,-888888888,-888888888,-888888888
2016,Nolan County; Texas,11655,6891,6891,6454,437,0,4764,6891,-888888888,5875,2891,2891,2770,1171,482,2431,1472,6381,5405,632,12,77,169,86,15.3,6454,1708,1448,1128,966,1204,6454,467,490,794,100,460,617,77,227,258,1720,678,274,292,48,353,6454,4916,1089,441,8,5625,525,390,855,811,824,900,597,528,87,108,38411,55938,4177,55911,1874,16397,925,25815,365,7665,114,2207,902,3790,175,155,434,563,517,834,484,453,74,101,51417,67240,22240,1835,22925,31554,25404,41346,26189,14826,12180,8332,5623,2646,3793,385,8614,6286,5867,4471,4240,444,1396,419,257,137,135,162,2328,1625,798,885,703,-888888888,-888888888,-888888888,-888888888,-888888888,-888888888,-888888888,-888888888,-888888888,-888888888,-888888888,-888888888,-888888888,-888888888,-888888888,-888888888,-888888888,-888888888,-888888888
2016,Hudspeth County; Texas,2721,1187,1187,1121,66,0,1534,1187,-888888888,1358,515,515,456,256,127,536,340,1101,787,145,0,38,29,102,26.6,1121,260,370,142,191,158,1121,157,102,31,19,56,56,40,36,94,183,142,23,182,48,229,1121,677,331,111,2,940,132,106,198,125,114,132,54,46,23,10,26635,43927,640,49293,438,13111,127,15738,54,4978,9,2356,254,706,94,38,160,116,67,114,54,36,19,8,29405,47581,14776,234,18750,31950,18081,29700,19727,2981,2150,1013,1309,831,875,198,1548,1023,957,624,590,43,333,66,11,0,11,55,525,292,100,199,233,-888888888,-888888888,-888888888,-888888888,-888888888,-888888888,-888888888,-888888888,-888888888,-888888888,-888888888,-888888888,-888888888,-888888888,-888888888,-888888888,-888888888,-888888888,-888888888
2016,Ward County; Texas,8629,5023,5023,4762,261,0,3606,5023,-888888888,4328,2083,2083,1932,864,382,2150,1174,4711,3842,421,0,108,145,195,21.0,4762,1307,830,793,995,837,4762,1141,291,104,197,342,386,52,295,163,996,268,281,246,48,475,4762,3564,898,295,5,3926,283,349,402,361,291,749,725,410,166,190,56796,71697,3080,72858,1155,17070,548,23497,247,11469,55,1629,427,2614,85,137,163,247,178,520,571,384,155,174,73526,87279,26091,1312,21831,37740,35666,54196,35583,11270,9311,7042,3269,1959,3138,396,6554,4617,4368,3449,3373,106,919,249,91,63,28,158,1937,1451,850,700,486,-888888888,-888888888,-888888888,-888888888,-888888888,-888888888,-888888888,-888888888,-888888888,-888888888,-888888888,-888888888,-888888888,-888888888,-888888888,-888888888,-888888888,-888888888,-888888888
2016,Harrison County; Texas,51479,30439,30419,27895,2524,20,21040,30419,-888888888,26703,14065,14047,12941,5130,2948,10463,7386,27379,23995,1758,24,250,486,866,21.5,27895,8614,4460,5974,3965,4882,27895,1964,2044,3519,1087,3014,1793,283,1313,1583,6992,2043,1442,818,48,203,27895,22461,3829,1560,45,23473,1910,1406,2911,2955,3385,4009,3083,2526,701,587,46230,63467,17675,65478,7778,17613,3855,21998,1198,8923,407,4288,3257,16989,895,569,1576,1960,2591,3389,2525,2276,689,519,56376,72889,23836,6484,24902,37109,29200,46436,31858,65764,53912,39556,21326,11852,16734,1989,39228,28593,26249,20811,19914,1389,5438,2344,1298,839,524,1046,10635,7311,4472,3493,3324,-888888888,-888888888,-888888888,-888888888,-888888888,-888888888,-888888888,-888888888,-888888888,-888888888,-888888888,-888888888,-888888888,-888888888,-888888888,-888888888,-888888888,-888888888,-888888888
2016,Menard County; Texas,1688,909,909,833,76,0,779,909,-888888888,832,380,380,352,106,49,388,255,833,531,253,0,7,4,38,26.6,833,226,137,141,233,96,833,109,170,37,0,85,40,0,31,50,201,34,24,52,48,327,833,470,176,163,24,936,75,87,200,74,161,135,113,52,8,31,37917,53506,606,49348,390,13872,197,29996,47,6268,24,3079,197,614,36,8,115,44,104,135,87,52,8,25,50000,65406,23331,322,20403,26981,25089,32917,-666666666,2109,1473,1014,799,636,513,118,1142,835,759,416,397,56,343,76,31,26,5,45,307,177,122,84,130,-888888888,-888888888,-888888888,-888888888,-888888888,-888888888,-888888888,-888888888,-888888888,-888888888,-888888888,-888888888,-888888888,-888888888,-888888888,-888888888,-888888888,-888888888,-888888888
2016,Fayette County; Texas,20317,11677,11677,11484,193,0,8640,11677,-888888888,10398,5455,5455,5360,1662,1038,3377,2359,11259,9454,958,22,230,126,469,22.4,11484,2713,2191,2930,1824,1826,11484,1017,996,1393,407,1417,865,76,550,648,1990,1268,469,388,48,149,11484,8878,1505,1067,34,9553,664,738,1015,961,1301,1768,1210,1193,244,459,51290,70568,6714,70923,3759,17747,1740,24980,414,8587,87,4962,742,6624,146,197,437,581,970,1531,1108,1048,205,401,64773,83125,28665,2929,21287,41124,30508,42229,30332,24469,20967,17025,7793,3502,5244,719,13715,10476,10292,8492,8239,482,1800,184,79,50,29,105,3239,2361,1788,751,878,-888888888,-888888888,-888888888,-888888888,-888888888,-888888888,-888888888,-888888888,-888888888,-888888888,-888888888,-888888888,-888888888,-888888888,-888888888,-888888888,-888888888,-888888888,-888888888
2016,Williamson County; Texas,372402,258789,257995,244299,13696,794,113613,257995,-888888888,191996,121259,121078,113810,40805,25959,87918,62724,240741,193824,22501,1945,2252,3160,17059,27.4,244299,110510,34767,61931,18141,18950,244299,2323,16266,26209,6624,28242,7907,6031,17623,36021,51867,19694,11455,14037,48,491,244299,192600,36131,15206,362,165425,5197,3446,10031,12445,19354,31048,26428,33293,13687,10496,75935,91639,141800,89600,36475,20066,27890,29765,4278,10765,2222,3146,9169,119467,2262,1375,4867,6793,11281,21502,21176,28464,12281,9466,88161,103213,32705,45958,45673,57287,38918,57989,42501,486835,432701,383768,99973,54134,132645,9677,301569,245349,232824,204224,199637,11194,28600,12525,7978,6700,1620,4547,56220,45591,38225,11316,10629,-888888888,-888888888,-888888888,-888888888,-888888888,-888888888,-888888888,-888888888,-888888888,-888888888,-888888888,-888888888,-888888888,-888888888,-888888888,-888888888,-888888888,-888888888,-888888888
2016,Hutchinson County; Texas,16767,9946,9918,9434,484,28,6821,9918,-888888888,8529,4167,4161,3899,1854,1021,3601,2524,9265,7925,1033,0,83,86,138,19.1,9434,2200,1755,2127,1790,1562,9434,765,1217,1493,215,1123,414,87,332,560,1560,776,396,496,48,233,9434,7738,1145,538,13,7910,603,627,928,720,1067,1461,925,920,422,237,50114,64876,5901,67852,2737,18043,1192,27307,466,8430,214,4377,1062,5320,201,238,495,490,800,993,801,820,345,137,59530,72929,25117,2590,26619,44394,27671,51039,31237,21646,18083,13430,7647,3563,5724,675,12713,9172,8692,7090,6579,803,1602,480,150,96,74,330,3541,2585,1680,1169,956,-888888888,-888888888,-888888888,-888888888,-888888888,-888888888,-888888888,-888888888,-888888888,-888888888,-888888888,-888888888,-888888888,-888888888,-888888888,-888888888,-888888888,-888888888,-888888888
2016,Morris County; Texas,10100,5456,5456,4752,704,0,4644,5456,-888888888,5339,2693,2693,2338,789,496,1882,1305,4620,4014,291,12,12,73,218,23.2,4752,1224,1065,863,428,1172,4752,221,222,1052,66,476,385,6,199,194,1013,127,376,415,48,343,4752,3543,824,380,5,5015,494,365,610,845,787,780,518,389,126,101,37902,53307,3314,54766,2142,18012,1190,24312,219,10291,131,2604,983,3621,219,125,308,607,595,685,492,375,126,89,48764,61393,21616,1394,20190,30797,27349,43032,27483,12501,10411,7398,4971,2090,2890,286,7203,5079,4438,3526,3369,335,912,641,314,151,169,327,2124,1559,860,908,565,-888888888,-888888888,-888888888,-888888888,-888888888,-888888888,-888888888,-888888888,-888888888,-888888888,-888888888,-888888888,-888888888,-888888888,-888888888,-888888888,-888888888,-888888888,-888888888
2016,Orange County; Texas,65420,38991,38982,36060,2922,9,26429,38982,-888888888,33482,17223,17214,15912,6578,3871,12619,8439,35404,30597,3040,60,544,530,633,23.6,36060,10760,5747,8469,5054,6030,36060,636,3373,5640,1027,4324,2211,405,1856,3089,7746,3064,1400,1289,48,361,36060,29160,5068,1804,28,32269,2326,2116,3207,3588,4457,6211,3633,4459,1480,792,51443,67548,24268,70533,10262,19223,6564,21420,2006,9065,597,1777,5148,22819,985,816,1854,2313,3087,4968,2921,3942,1248,685,62099,76615,26611,9450,27817,40683,31427,51701,33663,83013,70077,52579,27868,12936,20720,1746,50115,36525,33745,27198,25975,1966,6547,2780,1443,955,564,1337,13590,10295,6754,4879,3295,-888888888,-888888888,-888888888,-888888888,-888888888,-888888888,-888888888,-888888888,-888888888,-888888888,-888888888,-888888888,-888888888,-888888888,-888888888,-888888888,-888888888,-888888888,-888888888
2016,Winkler County; Texas,5770,3431,3431,3289,142,0,2339,3431,-888888888,2853,1266,1266,1231,788,436,1348,789,3166,2659,337,0,85,48,37,19.4,3289,699,545,680,769,596,3289,775,364,89,178,322,349,12,82,166,555,167,89,141,48,495,3289,2661,532,94,2,2623,230,162,251,295,315,481,343,390,105,51,54261,64547,2173,66020,656,15802,387,19361,163,8406,67,1360,316,1860,128,50,185,190,199,413,244,295,105,51,60428,70852,23051,763,27458,35550,35101,54031,28438,7626,5840,4493,2061,1786,2313,552,4458,3210,3075,2308,2223,168,767,135,63,23,40,72,1248,878,626,321,370,-888888888,-888888888,-888888888,-888888888,-888888888,-888888888,-888888888,-888888888,-888888888,-888888888,-888888888,-888888888,-888888888,-888888888,-888888888,-888888888,-888888888,-888888888,-888888888
2016,Harris County; Texas,3353852,2291752,2290438,2130543,159895,1314,1062100,2290438,-888888888,1698486,1016099,1015767,939658,402293,237982,754481,498179,2092412,1655579,232969,58349,31600,40590,73325,28.6,2130543,746692,373196,493738,244291,272626,2130543,72171,203964,215267,79082,230096,130659,28466,125671,278674,402748,185168,124321,54256,48,201,2130543,1776227,212303,138743,3270,1536259,99128,71905,160088,157924,204601,266453,171986,204096,88984,111094,55584,83156,1328835,83451,301372,17531,160863,24192,65874,9167,23528,3258,203096,1045868,52437,37183,93925,99821,134355,176667,125235,160860,72429,92956,63720,93275,29850,490391,39586,57853,31414,46958,38647,4413550,3434729,2465977,1229742,978821,1206441,147222,2804735,2176539,2027688,1494601,1401493,123669,533087,148851,69487,46762,25072,79364,628196,423037,279394,168045,205159,-888888888,-888888888,-888888888,-888888888,-888888888,-888888888,-888888888,-888888888,-888888888,-888888888,-888888888,-888888888,-888888888,-888888888,-888888888,-888888888,-888888888,-888888888,-888888888
2016,Burnet County; Texas,36090,20157,20157,19236,921,0,15933,20157,-888888888,18475,9427,9427,9110,2666,1752,6536,4402,18961,15051,1974,34,348,257,1297,25.1,19236,5870,3599,4553,2856,2358,19236,889,2205,1231,499,2688,833,273,1038,1957,3347,2246,1094,936,48,053,19236,14358,2398,2430,50,16299,647,937,2123,1614,2473,3122,2195,1950,538,700,54259,70619,11429,66092,6779,19301,4092,28715,974,11302,239,2298,1492,11796,339,402,968,1115,1774,2558,1847,1742,394,657,62881,80537,27434,4503,28477,39556,26750,40904,32308,44235,37226,28300,16065,7009,9710,873,25196,18439,17608,13577,12916,969,4031,831,290,217,109,541,6757,5216,3466,2213,1541,-888888888,-888888888,-888888888,-888888888,-888888888,-888888888,-888888888,-888888888,-888888888,-888888888,-888888888,-888888888,-888888888,-888888888,-888888888,-888888888,-888888888,-888888888,-888888888
2016,Gillespie County; Texas,21340,12054,12032,11319,713,22,9286,12032,-888888888,11197,5767,5767,5409,1303,904,3464,2419,11099,8175,1615,61,395,244,609,20.2,11319,3944,2440,2377,1668,890,11319,596,1247,559,205,1352,565,207,594,1121,2373,1582,700,218,48,171,11319,8446,1142,1679,52,10498,561,412,1341,1182,1256,1951,1295,1438,603,459,55850,73485,6959,67727,4939,18427,2557,29961,251,9015,109,3995,724,7230,214,163,679,610,668,1569,1085,1392,487,363,68743,84994,30939,3268,31250,47291,25366,44138,31276,25321,20723,15934,9903,4598,5093,696,13237,10376,9743,7114,6855,351,2629,633,258,198,98,375,2861,2011,1574,580,850,-888888888,-888888888,-888888888,-888888888,-888888888,-888888888,-888888888,-888888888,-888888888,-888888888,-888888888,-888888888,-888888888,-888888888,-888888888,-888888888,-888888888,-888888888,-888888888
2016,Dallas County; Texas,1905067,1307358,1306668,1219400,87268,690,597709,1306668,-888888888,976856,598808,598658,554993,225566,139678,418559,282895,1199288,937761,133572,34509,18118,25981,49347,26.9,1219400,410298,219059,296672,137703,155668,1219400,9197,113203,108096,38334,134329,70581,28462,106832,171517,223287,118907,68879,27776,48,113,1219400,1026839,112366,78272,1923,894542,60626,44746,97503,100677,130469,161762,100024,104487,42155,52093,51411,77675,761159,77765,187003,17378,96051,23520,39786,8990,15940,2931,129745,584003,29140,22796,57930,64492,82327,103410,69915,78278,33025,42690,57561,87238,28552,310539,39633,56598,30287,40819,37505,2492805,1914792,1331833,742780,578013,676044,85995,1579681,1238314,1157627,834448,786989,64621,323179,80687,38039,24828,14533,42648,341367,220954,133947,100996,120413,-888888888,-888888888,-888888888,-888888888,-888888888,-888888888,-888888888,-888888888,-888888888,-888888888,-888888888,-888888888,-888888888,-888888888,-888888888,-888888888,-888888888,-888888888,-888888888
2016,McMullen County; Texas,524,330,330,280,50,0,194,330,-888888888,233,135,135,127,66,34,89,80,254,170,21,30,14,10,9,16.0,280,72,68,70,30,40,280,35,7,18,0,40,21,0,44,1,31,28,28,27,48,311,280,200,37,40,3,233,17,5,9,30,52,51,30,8,12,19,57589,79916,196,58096,92,19152,46,19322,3,-999999999,0,-666666666,9,175,7,5,3,14,44,38,25,8,12,19,59554,93898,27971,58,30000,37481,22273,17350,33750,671,579,515,233,92,164,6,319,251,201,127,127,0,74,50,50,50,0,0,68,64,59,5,4,-888888888,-888888888,-888888888,-888888888,-888888888,-888888888,-888888888,-888888888,-888888888,-888888888,-888888888,-888888888,-888888888,-888888888,-888888888,-888888888,-888888888,-888888888,-888888888
2016,Young County; Texas,14413,8997,8992,8628,364,5,5416,8992,-888888888,7414,3941,3941,3825,1401,913,2749,1982,8526,7043,802,0,35,141,505,14.9,8628,2732,1557,1949,1226,1164,8628,949,916,825,159,932,318,102,344,411,1924,663,676,409,48,503,8628,6116,1433,1001,78,7146,469,424,872,906,1027,1198,870,977,300,103,46978,64693,5556,61285,2527,18068,1067,19884,393,9592,48,100,799,5421,175,195,470,661,838,972,769,955,300,86,58574,74698,25837,1725,19573,31441,29441,51527,29129,17981,14169,10394,5905,3812,4409,825,10190,7963,7601,5657,5543,163,1944,362,139,25,114,223,2227,1410,885,580,817,-888888888,-888888888,-888888888,-888888888,-888888888,-888888888,-888888888,-888888888,-888888888,-888888888,-888888888,-888888888,-888888888,-888888888,-888888888,-888888888,-888888888,-888888888,-888888888
2016,Johnson County; Texas,120888,75332,75208,70442,4766,124,45556,75208,-888888888,61327,33764,33764,31192,11923,7330,27443,18720,69925,59233,6255,159,842,745,2691,30.0,70442,21392,10172,16799,8563,13516,70442,2851,5639,8833,2585,9282,5518,868,3330,5132,14885,4431,3871,3217,48,251,70442,57419,8401,4556,66,53880,2677,2126,5109,4602,7847,10994,7789,8410,2677,1649,59095,73217,43645,73838,15159,19499,8682,22159,2301,10959,1306,3230,5695,41482,1789,794,2810,2978,5919,9033,6757,7616,2227,1559,66510,80306,25721,12398,31664,43481,35312,49233,38233,154914,125002,96934,42114,29912,41551,6172,93159,70932,66403,51893,50361,2436,14510,4529,2398,1737,766,2131,22227,15213,10518,5687,7014,-888888888,-888888888,-888888888,-888888888,-888888888,-888888888,-888888888,-888888888,-888888888,-888888888,-888888888,-888888888,-888888888,-888888888,-888888888,-888888888,-888888888,-888888888,-888888888
2016,Hopkins County; Texas,27743,16305,16282,15302,980,23,11438,16282,-888888888,14300,7118,7118,6659,2804,1587,5490,3707,14986,12350,1507,15,323,133,658,23.0,15302,4335,2769,3517,1888,2793,15302,1135,1040,1690,688,2061,963,158,745,977,3552,1103,702,488,48,223,15302,11836,1986,1439,41,13259,1077,737,1720,1722,1889,2676,1321,1337,404,376,45748,60903,10093,60246,4860,16829,2491,22653,812,9550,178,2127,1821,9791,609,392,959,1134,1391,2164,1186,1214,400,342,54900,68640,23063,3468,25776,36390,26264,40557,30230,35387,27853,19741,12467,7534,9017,1399,20393,14861,13914,10253,9546,918,3661,947,380,263,168,567,5532,3632,2194,1765,1900,-888888888,-888888888,-888888888,-888888888,-888888888,-888888888,-888888888,-888888888,-888888888,-888888888,-888888888,-888888888,-888888888,-888888888,-888888888,-888888888,-888888888,-888888888,-888888888
2016,Ochiltree County; Texas,7588,5155,5155,4910,245,0,2433,5155,-888888888,3754,2093,2093,1968,1056,486,2136,1333,4746,3824,698,0,91,66,67,18.5,4910,1022,962,1040,1110,776,4910,1344,282,245,202,467,225,85,155,338,838,355,230,144,48,357,4910,3976,522,392,20,3587,161,188,406,475,563,569,455,529,106,135,50011,71152,3054,69246,892,15947,325,15623,130,9036,20,-999999999,342,2631,79,133,205,302,387,389,375,525,106,130,58257,81815,24997,956,30516,39033,27165,49727,28358,10515,8014,6475,2365,2501,3393,657,6100,4811,4572,3320,3296,95,1252,239,85,75,10,154,1289,851,666,283,438,-888888888,-888888888,-888888888,-888888888,-888888888,-888888888,-888888888,-888888888,-888888888,-888888888,-888888888,-888888888,-888888888,-888888888,-888888888,-888888888,-888888888,-888888888,-888888888
2016,Knox County; Texas,2907,1577,1577,1492,85,0,1330,1577,-888888888,1442,654,654,608,324,186,649,473,1450,1130,212,0,21,18,69,17.4,1492,475,191,258,411,157,1492,401,71,62,10,160,84,0,75,35,399,20,76,99,48,275,1492,1018,361,108,5,1374,117,113,173,161,247,281,149,93,31,9,42188,50504,1006,51327,462,14925,259,20762,74,8692,24,1942,184,939,68,45,63,84,165,241,153,80,31,9,53664,59776,19673,435,24049,28201,25037,38953,32917,3666,3021,2093,1511,645,1003,117,1965,1458,1379,1072,1019,123,307,79,22,17,5,57,507,343,173,197,164,-888888888,-888888888,-888888888,-888888888,-888888888,-888888888,-888888888,-888888888,-888888888,-888888888,-888888888,-888888888,-888888888,-888888888,-888888888,-888888888,-888888888,-888888888,-888888888
2016,McLennan County; Texas,189660,116504,116386,109906,6480,118,73156,116386,-888888888,98495,57046,57027,53511,19753,13149,37904,28092,107988,88752,12327,437,1849,1095,3528,19.1,109906,35630,20380,27290,11629,14977,109906,1355,7728,12400,2755,13956,4491,1565,7146,8539,29476,9574,5898,5023,48,309,109906,88149,15340,6279,138,87185,8301,5592,11352,10937,11715,14760,10054,9227,2734,2513,44246,61340,68891,60650,26018,17194,14314,21988,4725,9165,1072,2602,11343,57827,2738,2001,5846,6815,8343,10972,8047,8417,2421,2227,56564,72625,22878,29358,22802,35981,25067,41076,32018,238968,199515,151745,74572,39453,60045,5982,147869,108929,103030,81561,77895,5875,21469,5899,2822,1623,1284,3077,38940,30113,21129,11553,8827,-888888888,-888888888,-888888888,-888888888,-888888888,-888888888,-888888888,-888888888,-888888888,-888888888,-888888888,-888888888,-888888888,-888888888,-888888888,-888888888,-888888888,-888888888,-888888888
2016,Concho County; Texas,3651,1077,1077,1056,21,0,2574,1077,-888888888,1040,454,454,448,165,112,331,224,1048,827,132,0,27,0,62,22.4,1056,361,135,254,183,123,1056,224,111,31,3,27,17,60,43,40,221,55,51,173,48,095,1056,540,385,131,0,790,68,61,94,74,117,143,104,78,23,28,48516,64577,549,64805,343,16264,199,28165,47,10281,3,-999999999,37,580,30,34,41,47,107,109,86,78,23,25,57865,74620,16599,210,23587,35291,24050,37833,23958,2756,2301,1644,1096,455,546,40,1600,967,946,717,706,16,229,21,0,0,0,21,633,468,336,197,165,-888888888,-888888888,-888888888,-888888888,-888888888,-888888888,-888888888,-888888888,-888888888,-888888888,-888888888,-888888888,-888888888,-888888888,-888888888,-888888888,-888888888,-888888888,-888888888
2016,Edwards County; Texas,1732,997,997,958,39,0,735,997,-888888888,978,509,509,479,136,97,188,140,924,559,161,0,45,29,130,18.0,958,127,223,283,245,80,958,135,145,3,0,51,92,42,94,58,247,31,60,0,48,137,958,599,226,133,0,718,80,60,66,127,81,133,90,64,8,9,39457,51881,531,49709,391,13077,190,17816,74,8616,0,-666666666,108,460,8,13,13,125,32,116,72,64,8,9,62643,66459,27333,258,14830,22287,25515,38397,36117,2015,1675,1105,966,340,333,44,1133,852,817,654,579,138,163,35,35,35,0,0,281,148,72,114,133,-888888888,-888888888,-888888888,-888888888,-888888888,-888888888,-888888888,-888888888,-888888888,-888888888,-888888888,-888888888,-888888888,-888888888,-888888888,-888888888,-888888888,-888888888,-888888888
2016,Eastland County; Texas,14799,7200,7199,6842,357,1,7599,7199,-888888888,7634,3547,3547,3402,1129,702,2277,1718,6786,5774,690,5,111,72,134,18.1,6842,2172,1212,1553,766,1139,6842,462,410,783,144,1206,233,135,433,293,1812,309,295,327,48,133,6842,5263,999,532,48,6752,860,521,1283,755,1180,1145,303,429,99,177,34434,53381,4183,54709,2747,16846,1182,33236,407,10877,331,2684,742,3875,272,196,549,436,747,837,267,383,77,111,43239,61918,21577,2877,21755,41658,22402,31913,28807,17978,14075,8869,7653,3903,3880,524,10424,6267,5910,4294,3989,449,1616,357,58,20,38,299,4157,2740,1381,1552,1417,-888888888,-888888888,-888888888,-888888888,-888888888,-888888888,-888888888,-888888888,-888888888,-888888888,-888888888,-888888888,-888888888,-888888888,-888888888,-888888888,-888888888,-888888888,-888888888
2016,Jeff Davis County; Texas,1867,984,984,937,47,0,883,984,-888888888,1000,457,457,441,70,50,277,185,937,586,171,0,48,0,132,19.7,937,362,158,148,201,68,937,184,56,14,11,58,5,17,38,68,267,117,27,75,48,243,937,470,314,135,18,1013,85,51,147,70,151,239,109,124,22,15,50174,57683,691,46109,459,19914,298,20177,43,11202,6,-999999999,84,585,4,4,26,41,103,183,109,78,22,15,62566,74286,26493,428,22143,34988,26103,42891,32578,2155,1732,1239,996,423,362,50,1093,797,755,571,561,38,184,42,0,0,0,42,296,172,115,76,124,-888888888,-888888888,-888888888,-888888888,-888888888,-888888888,-888888888,-888888888,-888888888,-888888888,-888888888,-888888888,-888888888,-888888888,-888888888,-888888888,-888888888,-888888888,-888888888
2016,Jim Hogg County; Texas,3875,1897,1897,1548,349,0,1978,1897,-888888888,1976,651,651,581,379,145,947,341,1532,1103,380,16,18,0,15,33.9,1548,386,330,222,285,325,1548,313,211,76,15,78,29,21,37,59,427,37,48,197,48,247,1548,933,448,155,12,1592,176,204,241,181,241,177,170,159,8,35,34769,49931,986,54020,777,12760,410,16788,208,7791,31,-999999999,439,1195,86,110,128,169,241,144,127,147,8,35,42328,57323,16637,397,15477,25788,21151,36425,20982,5194,4059,2443,2241,1135,1482,201,2720,1736,1411,999,976,57,412,325,63,36,27,262,984,724,331,421,260,-888888888,-888888888,-888888888,-888888888,-888888888,-888888888,-888888888,-888888888,-888888888,-888888888,-888888888,-888888888,-888888888,-888888888,-888888888,-888888888,-888888888,-888888888,-888888888
2016,Montgomery County; Texas,395619,252207,251941,238277,13664,266,143412,251941,-888888888,201589,108132,108132,101455,42345,23123,91778,53231,234350,191094,22909,2960,2298,2958,12131,32.5,238277,93025,37327,56899,24528,26498,238277,13501,20169,22953,10372,26492,15793,2749,13299,27891,44247,20264,12829,7718,48,339,238277,192057,26807,19160,253,179587,7354,5952,14164,15660,20116,31457,22986,28339,14191,19368,70805,100283,150466,101127,46412,19634,27694,26213,7019,9721,1973,3649,12001,133422,3645,2661,8158,9891,13384,22426,18302,24048,12850,18057,82606,114452,35912,46165,40591,55494,38298,61486,43478,515754,436984,360681,119750,78770,139103,12892,315198,235900,223465,182468,178405,7362,40997,12435,6652,5223,1639,5783,79298,60851,48451,16287,18447,-888888888,-888888888,-888888888,-888888888,-888888888,-888888888,-888888888,-888888888,-888888888,-888888888,-888888888,-888888888,-888888888,-888888888,-888888888,-888888888,-888888888,-888888888,-888888888
2016,Dimmit County; Texas,8052,4557,4557,3972,585,0,3495,4557,-888888888,4160,2171,2171,2032,1183,907,1839,1507,3893,3311,262,5,125,32,158,16.3,3972,764,1006,1307,498,397,3972,614,149,87,74,744,152,0,175,117,861,572,170,257,48,127,3972,2919,764,289,0,3457,406,353,637,351,444,595,263,212,81,115,32204,54900,2712,57831,1286,13514,216,19040,302,6974,20,1025,939,2118,70,137,479,179,403,397,204,159,30,60,40625,57813,19528,1339,16451,43449,19415,47531,21272,10741,7668,3567,4525,3073,3245,468,5991,4256,3685,2360,2243,124,1325,571,138,69,69,433,1735,890,248,665,845,-888888888,-888888888,-888888888,-888888888,-888888888,-888888888,-888888888,-888888888,-888888888,-888888888,-888888888,-888888888,-888888888,-888888888,-888888888,-888888888,-888888888,-888888888,-888888888
2016,Webb County; Texas,184568,106128,106119,99821,6298,9,78440,106119,-888888888,96452,47508,47508,44440,30137,13924,55971,31005,97579,78834,12364,1124,1621,979,2657,21.7,99821,26387,22164,28040,10478,12752,99821,4085,5913,2020,3084,12627,14176,951,4280,7260,25499,8489,4812,6625,48,479,99821,75229,18042,6313,237,71092,9691,5602,8984,8556,9506,11929,6657,6686,1808,1673,38711,54865,57917,56816,17294,12526,6380,22836,5489,8198,1269,3561,22136,57240,6179,3871,7278,7157,7987,10097,5773,5732,1666,1500,42609,58422,15691,13852,21598,36098,22170,35345,26275,263804,184185,97304,97725,79619,90805,11286,150573,101269,95503,58494,54014,5934,37009,5766,2012,1044,1073,3754,49304,22759,10553,12924,26545,-888888888,-888888888,-888888888,-888888888,-888888888,-888888888,-888888888,-888888888,-888888888,-888888888,-888888888,-888888888,-888888888,-888888888,-888888888,-888888888,-888888888,-888888888,-888888888
2016,Armstrong County; Texas,1530,935,935,920,15,0,595,935,-888888888,771,398,398,383,114,79,315,295,915,641,195,0,16,9,54,26.6,920,332,121,185,210,72,920,95,145,40,36,84,56,11,32,44,221,44,46,66,48,011,920,595,249,69,7,702,27,38,58,70,71,157,83,138,52,8,65000,74385,516,78696,272,18858,189,20153,30,9843,0,-666666666,15,515,3,11,38,15,50,126,79,133,52,8,79766,89189,28542,187,26750,32260,37220,49148,44844,1845,1719,1454,539,126,433,2,1040,853,838,740,721,67,98,15,15,15,0,0,187,161,120,49,26,-888888888,-888888888,-888888888,-888888888,-888888888,-888888888,-888888888,-888888888,-888888888,-888888888,-888888888,-888888888,-888888888,-888888888,-888888888,-888888888,-888888888,-888888888,-888888888
2016,Castro County; Texas,5765,3439,3439,3274,165,0,2326,3439,-888888888,2855,1310,1310,1225,764,241,1505,895,3170,2585,343,8,64,40,130,16.2,3274,763,535,752,693,531,3274,825,214,237,53,372,298,59,87,117,505,178,138,191,48,069,3274,2363,487,385,39,2490,167,123,347,372,485,389,297,212,68,30,42733,63002,2086,56490,707,17904,166,19149,173,11260,17,2441,341,1919,52,62,228,337,392,334,246,170,68,30,45566,70742,21230,571,24045,33067,25641,35482,24037,7780,5379,3475,2730,2401,2377,534,4363,3109,2956,1843,1741,209,1113,153,22,2,20,131,1254,634,415,274,620,-888888888,-888888888,-888888888,-888888888,-888888888,-888888888,-888888888,-888888888,-888888888,-888888888,-888888888,-888888888,-888888888,-888888888,-888888888,-888888888,-888888888,-888888888,-888888888
2016,Kleberg County; Texas,25060,15950,15649,14002,1647,301,9110,15649,-888888888,12166,6991,6957,6166,2755,1766,4573,3554,14101,10521,2048,0,1011,269,252,17.7,14002,4126,2983,2930,2343,1620,14002,1652,906,769,29,1686,532,139,642,588,4319,1399,671,670,48,273,14002,10055,3361,545,41,10777,1465,672,1302,1109,1763,1526,1201,1128,402,209,41469,55761,8557,56505,2864,14921,1911,22488,563,9270,135,4876,2008,6826,481,201,780,767,1095,1276,796,888,336,206,51809,65716,19700,3951,23021,34709,20679,41629,27039,31240,24772,17865,10317,6468,7805,503,19578,14641,13215,9606,9210,930,3609,1426,631,422,240,795,4937,3466,2431,1222,1471,-888888888,-888888888,-888888888,-888888888,-888888888,-888888888,-888888888,-888888888,-888888888,-888888888,-888888888,-888888888,-888888888,-888888888,-888888888,-888888888,-888888888,-888888888,-888888888
2016,Cooke County; Texas,30683,19739,19738,18459,1279,1,10944,19738,-888888888,15482,9263,9262,8600,2959,2059,5781,4445,17677,13317,3071,19,275,198,797,24.4,18459,5370,3916,3947,1747,3479,18459,1532,827,3243,319,1981,1061,127,594,1027,3727,2631,718,672,48,097,18459,14341,2654,1413,51,14896,732,710,1683,1775,1914,2630,2047,2184,653,568,56269,72219,11472,70287,4868,19011,3035,22504,572,10521,210,731,1900,10554,403,242,854,1095,1250,2017,1675,1843,614,561,69052,83902,28045,4342,29410,40936,29447,50228,32269,38363,32164,25351,11862,6199,9263,1208,22603,18089,16970,13740,13259,847,3230,1119,357,278,98,762,4514,3549,2493,1398,965,-888888888,-888888888,-888888888,-888888888,-888888888,-888888888,-888888888,-888888888,-888888888,-888888888,-888888888,-888888888,-888888888,-888888888,-888888888,-888888888,-888888888,-888888888,-888888888
2016,Crosby County; Texas,4498,2743,2737,2477,260,6,1755,2737,-888888888,2367,1301,1301,1096,487,343,1068,805,2427,2050,203,0,62,75,37,22.0,2477,749,476,522,466,264,2477,383,191,102,137,271,72,63,106,152,654,97,132,117,48,107,2477,1792,453,214,18,2110,160,148,307,279,449,354,196,144,35,38,39026,53283,1610,51244,788,15672,337,13144,121,9088,60,1425,467,1520,56,75,206,197,308,313,163,138,35,29,44306,59654,19651,590,24615,34705,25447,33646,30096,5893,4617,2703,2432,1276,1647,138,3196,2502,2242,1585,1523,88,657,260,51,22,31,209,694,439,235,251,255,-888888888,-888888888,-888888888,-888888888,-888888888,-888888888,-888888888,-888888888,-888888888,-888888888,-888888888,-888888888,-888888888,-888888888,-888888888,-888888888,-888888888,-888888888,-888888888
2016,Fisher County; Texas,3154,1817,1817,1693,124,0,1337,1817,-888888888,1612,802,802,744,247,131,501,317,1676,1355,206,0,73,15,27,20.7,1693,521,311,376,300,185,1693,291,111,125,6,187,131,21,54,77,429,83,113,65,48,151,1693,1256,294,136,7,1650,104,151,172,240,312,319,169,140,20,23,41531,60817,1205,62251,645,16512,315,20680,102,8093,20,350,194,1039,42,76,58,113,194,237,160,125,15,19,53239,68793,26796,611,27325,46193,27787,41304,30050,3822,3109,2390,1355,713,791,99,2137,1633,1511,1083,1056,41,428,122,74,59,15,48,504,369,229,170,135,-888888888,-888888888,-888888888,-888888888,-888888888,-888888888,-888888888,-888888888,-888888888,-888888888,-888888888,-888888888,-888888888,-888888888,-888888888,-888888888,-888888888,-888888888,-888888888
2016,Duval County; Texas,9003,4588,4588,4060,528,0,4415,4588,-888888888,4318,2146,2146,1920,888,494,1679,1081,3979,2754,808,0,154,39,224,28.2,4060,714,1079,801,961,505,4060,930,281,207,11,344,158,22,136,110,1060,234,202,365,48,131,4060,3128,661,239,32,3892,511,293,756,484,528,562,213,243,212,90,33115,53381,2805,56361,1639,14116,696,21617,400,6911,49,2800,1120,2755,198,155,513,368,382,462,205,204,209,59,40152,62045,19853,1137,18961,29617,21702,43638,27393,11003,7956,4597,4645,3047,2807,427,6231,4177,3670,2228,2128,242,1442,507,152,106,46,355,2054,1231,459,785,823,-888888888,-888888888,-888888888,-888888888,-888888888,-888888888,-888888888,-888888888,-888888888,-888888888,-888888888,-888888888,-888888888,-888888888,-888888888,-888888888,-888888888,-888888888,-888888888
2016,Blanco County; Texas,9083,5128,5124,4812,312,4,3955,5124,-888888888,4619,2333,2333,2234,543,473,1417,1231,4661,3546,598,0,175,80,262,28.0,4812,1733,989,943,678,469,4812,222,812,371,127,482,154,57,207,529,1131,290,216,214,48,031,4812,3311,739,743,19,4174,208,135,508,470,593,727,555,537,234,207,56573,77041,3017,65554,1812,18654,913,32527,104,9255,61,3720,172,3024,79,22,296,249,429,519,487,526,214,203,68548,91488,30982,1150,29350,37598,26997,43064,32716,10805,8847,7156,3465,1958,2088,359,6455,4610,4318,3364,3267,134,954,292,150,134,16,142,1845,1342,1020,506,503,-888888888,-888888888,-888888888,-888888888,-888888888,-888888888,-888888888,-888888888,-888888888,-888888888,-888888888,-888888888,-888888888,-888888888,-888888888,-888888888,-888888888,-888888888,-888888888
2016,Jasper County; Texas,27899,14099,14099,12626,1473,0,13800,14099,-888888888,14383,6680,6680,5988,2411,1524,5296,3294,12435,9998,1684,26,46,318,363,30.0,12626,2918,2423,3081,1964,2240,12626,725,1579,1364,178,1757,523,49,547,682,2985,896,657,684,48,241,12626,10054,1785,787,0,11910,1008,904,1763,1259,1509,2219,1446,1361,265,176,44552,56858,7749,60263,4911,17384,3195,20252,862,9194,403,3919,1675,8108,421,248,672,884,1148,1744,1337,1259,225,170,60507,68961,21116,3802,19846,30158,27246,47988,30965,34711,28199,20180,13300,6512,8645,958,19940,13180,11727,9198,8609,843,2529,1453,596,311,353,857,6760,4648,2972,2295,2112,-888888888,-888888888,-888888888,-888888888,-888888888,-888888888,-888888888,-888888888,-888888888,-888888888,-888888888,-888888888,-888888888,-888888888,-888888888,-888888888,-888888888,-888888888,-888888888
2016,Jefferson County; Texas,199377,112997,112926,104648,8278,71,86380,112926,-888888888,97190,51433,51426,47678,19559,10989,37257,24584,102742,92017,6613,597,784,1259,1472,19.4,104648,30152,20181,24575,13578,16162,104648,1680,11506,12696,2614,12273,5306,1094,4249,9583,23549,9527,5888,4683,48,245,104648,86752,13496,4268,132,94097,10043,6146,11831,10051,12976,16147,9235,10808,3672,3188,44965,63582,71026,66650,28986,17073,15028,20782,5172,8573,1090,2688,15219,59114,4497,2127,5623,5939,8370,11226,6920,8541,3236,2635,56016,74494,24738,34983,27233,43069,29114,47598,35015,239093,187800,132721,78511,51293,60043,6409,146639,106071,98278,72433,69592,4535,25845,7793,2915,2116,1046,4878,40568,26953,16030,13145,13615,-888888888,-888888888,-888888888,-888888888,-888888888,-888888888,-888888888,-888888888,-888888888,-888888888,-888888888,-888888888,-888888888,-888888888,-888888888,-888888888,-888888888,-888888888,-888888888
2016,Kinney County; Texas,2918,1375,1367,1170,197,8,1543,1367,-888888888,1201,514,514,471,134,102,544,331,1175,900,111,10,2,45,107,17.5,1170,322,381,137,307,23,1170,87,177,6,0,43,169,8,21,23,284,73,64,215,48,271,1170,690,366,114,0,1139,105,118,206,147,150,177,121,80,24,11,34398,47415,744,49283,544,13466,268,23512,19,4879,0,-666666666,126,699,51,4,99,101,117,146,93,53,24,11,40625,57561,17818,440,19423,31298,20903,43750,28494,3202,2471,1809,1092,731,704,116,1875,1315,1118,825,810,72,293,197,0,0,0,197,560,435,292,166,125,-888888888,-888888888,-888888888,-888888888,-888888888,-888888888,-888888888,-888888888,-888888888,-888888888,-888888888,-888888888,-888888888,-888888888,-888888888,-888888888,-888888888,-888888888,-888888888
2016,Oldham County; Texas,1530,781,781,738,43,0,749,781,-888888888,716,354,354,326,86,41,240,150,734,557,73,0,47,11,46,18.2,738,281,151,131,105,70,738,117,27,24,15,50,37,3,30,44,237,74,34,46,48,359,738,594,102,42,0,616,30,29,78,58,102,113,59,53,53,41,52292,78451,488,81608,197,18036,122,26234,22,7723,2,-999999999,35,463,21,13,26,30,91,100,41,50,52,39,65938,91860,23644,153,24792,35792,28833,41484,29663,1624,1424,1153,526,200,350,18,949,696,654,579,556,36,75,42,6,6,0,36,253,182,129,65,71,-888888888,-888888888,-888888888,-888888888,-888888888,-888888888,-888888888,-888888888,-888888888,-888888888,-888888888,-888888888,-888888888,-888888888,-888888888,-888888888,-888888888,-888888888,-888888888
2016,Lamb County; Texas,10099,6068,6068,5784,284,0,4031,6068,-888888888,5084,2697,2697,2562,1078,542,2393,1725,5652,4569,510,0,269,121,183,15.5,5784,1751,859,1183,1057,934,5784,1005,354,534,119,653,450,66,220,402,1114,368,208,291,48,279,5784,4373,949,453,9,4817,420,359,666,605,827,939,396,388,97,120,41401,55300,3681,56380,1572,15124,642,18861,227,5911,17,1612,751,3289,235,134,447,290,511,796,370,311,89,106,50614,64238,20933,1528,26419,32918,25238,38906,27335,13352,10552,6873,5055,2800,3838,405,7426,5479,5220,3708,3535,226,1512,259,86,40,62,173,1947,1250,812,581,697,-888888888,-888888888,-888888888,-888888888,-888888888,-888888888,-888888888,-888888888,-888888888,-888888888,-888888888,-888888888,-888888888,-888888888,-888888888,-888888888,-888888888,-888888888,-888888888
2016,Lipscomb County; Texas,2680,1736,1736,1636,100,0,944,1736,-888888888,1272,611,611,562,302,141,597,400,1601,1352,142,0,51,28,28,18.4,1636,533,151,258,331,363,1636,438,190,79,36,123,181,25,60,47,262,43,105,47,48,295,1636,1142,245,244,5,1235,52,78,94,138,144,251,175,186,70,47,60163,76196,1034,72917,321,16411,148,17969,40,6788,12,3875,71,879,23,25,49,74,100,207,132,164,61,44,69844,87743,29103,356,31250,44472,32361,54821,29891,3458,2835,2416,818,623,955,162,2047,1602,1508,1257,1222,96,251,94,31,19,12,63,445,298,218,83,147,-888888888,-888888888,-888888888,-888888888,-888888888,-888888888,-888888888,-888888888,-888888888,-888888888,-888888888,-888888888,-888888888,-888888888,-888888888,-888888888,-888888888,-888888888,-888888888
2016,McCulloch County; Texas,6540,3729,3729,3574,155,0,2811,3729,-888888888,3375,1688,1688,1668,702,524,1087,905,3358,2729,424,0,135,2,68,15.9,3574,918,835,805,507,509,3574,490,132,190,43,470,366,10,113,197,651,343,380,189,48,307,3574,2404,589,547,34,3101,213,286,491,391,437,514,335,315,56,63,40784,55385,2309,50951,1199,16453,648,18442,175,8497,108,1433,673,2206,45,143,445,324,212,401,268,261,56,51,46250,59768,22049,895,26250,40448,25199,39900,31512,8105,6447,4333,3483,1658,1973,187,4428,3190,3053,2107,2016,176,946,137,48,8,40,89,1238,802,547,400,436,-888888888,-888888888,-888888888,-888888888,-888888888,-888888888,-888888888,-888888888,-888888888,-888888888,-888888888,-888888888,-888888888,-888888888,-888888888,-888888888,-888888888,-888888888,-888888888
2016,Mason County; Texas,3462,2267,2267,2167,100,0,1195,2267,-888888888,1728,916,916,864,289,221,480,374,2111,1503,296,0,105,36,171,21.0,2167,542,544,447,460,174,2167,408,268,84,10,202,113,6,64,165,324,176,243,104,48,319,2167,1462,224,471,10,1688,170,94,196,221,371,208,189,99,79,61,38496,58261,1311,43458,808,15536,310,25473,50,10836,27,-999999999,137,1101,55,23,116,121,235,171,169,94,79,38,50052,69807,25834,587,26094,36215,20217,36239,23519,4052,3161,2433,1508,891,786,85,2207,1815,1715,1033,989,80,682,100,73,39,34,27,392,295,252,53,97,-888888888,-888888888,-888888888,-888888888,-888888888,-888888888,-888888888,-888888888,-888888888,-888888888,-888888888,-888888888,-888888888,-888888888,-888888888,-888888888,-888888888,-888888888,-888888888
2016,Dickens County; Texas,1850,850,850,750,100,0,1000,850,-888888888,879,374,374,354,104,42,341,258,733,497,93,3,62,46,32,18.9,750,278,152,122,139,59,750,146,45,23,3,60,53,30,12,23,198,87,26,44,48,125,750,510,183,55,2,869,86,78,131,68,142,170,100,58,19,17,42118,55799,577,56609,340,18109,184,19292,75,9944,34,1094,141,574,46,35,74,37,84,136,75,55,19,13,53021,65463,22526,295,23304,35288,25054,49000,34722,2067,1629,1191,831,438,464,83,1121,741,653,475,456,45,178,88,43,20,23,45,380,250,141,150,130,-888888888,-888888888,-888888888,-888888888,-888888888,-888888888,-888888888,-888888888,-888888888,-888888888,-888888888,-888888888,-888888888,-888888888,-888888888,-888888888,-888888888,-888888888,-888888888
2016,Lee County; Texas,13481,8129,8129,7645,484,0,5352,8129,-888888888,6682,3734,3734,3455,978,502,2531,2169,7530,5795,1057,0,136,108,434,26.9,7645,1842,1734,1828,1101,1140,7645,741,934,742,157,713,484,103,321,480,1516,596,467,391,48,287,7645,5675,1175,757,38,6014,440,454,647,598,682,1079,866,798,227,223,54346,68407,4506,67109,1982,17421,1075,20657,378,8896,69,2449,516,4363,173,160,295,390,500,922,762,765,199,197,66419,80509,25549,1651,21042,33796,30138,46710,32887,16253,13882,11087,5120,2371,3656,374,9897,7568,7120,5723,5530,387,1397,448,269,187,117,179,2329,1919,1355,793,410,-888888888,-888888888,-888888888,-888888888,-888888888,-888888888,-888888888,-888888888,-888888888,-888888888,-888888888,-888888888,-888888888,-888888888,-888888888,-888888888,-888888888,-888888888,-888888888
2016,Tarrant County; Texas,1476944,1010529,1008737,948205,60532,1792,466415,1008737,-888888888,763604,467085,466880,438113,167292,103579,339209,234532,934029,772329,93247,5417,11123,12492,39421,26.9,948205,344426,154965,239519,85012,124283,948205,12072,65012,101369,31386,111238,70393,19028,74717,102129,189381,87464,50189,33827,48,439,948205,787109,107227,52565,1304,682967,37963,27422,62643,66776,87348,130723,88281,100411,39617,41783,60373,82118,579139,82110,150614,18338,95201,25461,27979,9567,11046,2998,81101,473777,18288,12463,34010,41212,54585,88291,67525,84647,35113,37643,71446,94251,29791,209190,38091,50812,32413,50022,40439,1931815,1580058,1225200,495461,351757,527662,55426,1211248,953140,897777,710067,684080,42728,187710,55363,27366,20032,8559,27997,258108,180993,126972,66668,77115,-888888888,-888888888,-888888888,-888888888,-888888888,-888888888,-888888888,-888888888,-888888888,-888888888,-888888888,-888888888,-888888888,-888888888,-888888888,-888888888,-888888888,-888888888,-888888888
2016,Anderson County; Texas,47823,20479,20466,19577,889,13,27344,20466,-888888888,17722,8799,8799,8466,3119,1970,7284,5074,19239,16394,2008,41,192,121,483,22.7,19577,4383,4749,4922,2470,3053,19577,1860,990,879,405,3672,1164,151,672,1415,4153,1146,770,2300,48,001,19577,14155,4180,1210,32,16572,1033,1372,2246,2248,2521,3099,1831,1320,507,395,42146,57638,11987,57628,6022,17051,3258,29564,826,9679,156,2951,2079,11573,475,561,1164,1460,1732,2553,1608,1263,440,317,52429,65589,18087,4999,22441,35600,26612,36271,27708,44462,37474,27504,15542,6988,11191,1214,25994,19319,18449,14662,14249,910,3787,870,571,308,275,299,6675,4987,3166,2308,1688,-888888888,-888888888,-888888888,-888888888,-888888888,-888888888,-888888888,-888888888,-888888888,-888888888,-888888888,-888888888,-888888888,-888888888,-888888888,-888888888,-888888888,-888888888,-888888888
2016,Ellis County; Texas,121683,80777,80714,76262,4452,63,40906,80714,-888888888,62636,37580,37580,35157,12422,7908,28985,20278,74611,61269,8409,341,446,547,3599,29.0,76262,24676,10628,19812,8887,12259,76262,1260,5936,10643,2295,8493,5541,1568,4833,7032,15455,5497,4471,3238,48,139,76262,59611,10768,5825,58,53803,2510,2192,3998,4694,6948,10798,7884,8801,3504,2474,64382,79420,45060,78857,14550,19259,8833,24813,2513,10819,770,2720,5342,42074,1328,1078,2323,3269,4992,8515,6833,8168,3230,2338,73532,87988,27313,11729,36272,44340,34173,50703,40303,158933,132488,106900,39951,26445,43551,4695,97096,76149,71935,58046,56899,2504,13889,4214,2066,1643,515,2148,20947,15442,11046,5544,5505,-888888888,-888888888,-888888888,-888888888,-888888888,-888888888,-888888888,-888888888,-888888888,-888888888,-888888888,-888888888,-888888888,-888888888,-888888888,-888888888,-888888888,-888888888,-888888888
2016,Jackson County; Texas,11357,6875,6875,6524,351,0,4482,6875,-888888888,5775,2929,2929,2746,1175,773,2476,1987,6408,5212,774,72,54,23,273,25.1,6524,1712,953,1264,1286,1309,6524,752,650,1252,38,584,466,37,291,357,1215,459,214,209,48,239,6524,4974,917,570,63,5164,414,223,495,397,720,1001,909,590,214,201,56601,69457,3830,73295,1810,16757,1139,21020,259,9568,13,1300,488,3622,139,86,289,277,439,784,664,549,194,201,68990,81268,25594,1542,35275,39731,31156,55799,27745,14429,12279,9547,4365,2150,3782,492,8380,6354,6071,5024,4902,222,1047,283,138,108,30,145,2026,1573,1033,644,453,-888888888,-888888888,-888888888,-888888888,-888888888,-888888888,-888888888,-888888888,-888888888,-888888888,-888888888,-888888888,-888888888,-888888888,-888888888,-888888888,-888888888,-888888888,-888888888
2016,Kerr County; Texas,41973,22749,22737,20873,1864,12,19224,22737,-888888888,22017,10754,10754,10031,2860,1816,5950,4276,20408,16024,2665,17,414,167,1121,19.1,20873,6532,4734,4967,2695,1945,20873,783,2192,1150,272,2476,699,311,1242,1797,4746,2576,1766,863,48,265,20873,15293,3029,2549,2,20476,1226,1219,2820,2640,3327,3767,2484,1654,714,625,44261,62410,13384,59059,9406,18276,5864,23396,1055,8481,205,2390,2391,13323,712,517,1223,1545,1977,2616,1985,1667,609,472,54272,73787,26210,7153,29830,37769,24029,38144,35609,49538,40968,29780,21185,8570,9650,956,26963,20301,18698,13629,12953,1292,5069,1603,768,586,246,835,6662,5041,3063,2453,1621,-888888888,-888888888,-888888888,-888888888,-888888888,-888888888,-888888888,-888888888,-888888888,-888888888,-888888888,-888888888,-888888888,-888888888,-888888888,-888888888,-888888888,-888888888,-888888888
2016,Milam County; Texas,18929,10253,10244,9260,984,9,8676,10244,-888888888,9645,5012,5012,4343,1795,1272,3985,2778,9088,7279,1362,17,61,34,335,27.9,9260,2714,1536,2175,1649,1186,9260,927,788,823,170,915,684,101,498,379,2202,673,456,644,48,331,9260,6592,1953,678,37,9423,652,912,1237,1335,1421,1504,918,1035,255,154,39213,56874,6394,58812,3897,16841,2080,20330,929,8129,924,2423,1958,6036,256,241,568,715,841,1227,867,956,235,130,56605,71215,22132,3387,21302,29550,26770,40952,30923,23896,20422,15041,9535,3474,6007,555,13408,9428,8495,7014,6764,693,1481,933,437,236,218,496,3980,3056,1839,1650,924,-888888888,-888888888,-888888888,-888888888,-888888888,-888888888,-888888888,-888888888,-888888888,-888888888,-888888888,-888888888,-888888888,-888888888,-888888888,-888888888,-888888888,-888888888,-888888888
2016,Comanche County; Texas,10702,5633,5633,5341,292,0,5069,5633,-888888888,5426,2306,2306,2124,918,510,1907,1114,5286,4309,584,0,101,68,224,23.7,5341,1565,772,1159,827,1018,5341,713,299,706,79,754,388,32,189,189,1287,236,267,202,48,093,5341,3990,791,550,10,5079,520,383,676,673,880,874,518,398,89,68,39054,52333,3307,56722,2101,17535,947,21882,250,11522,97,4147,516,3602,236,184,350,456,714,679,469,378,77,59,46320,60849,21681,1477,21442,29581,26753,37972,30197,13298,10181,7071,4900,3117,3065,775,7190,5034,4770,3414,3231,245,1356,264,85,71,17,179,2156,1366,843,632,790,-888888888,-888888888,-888888888,-888888888,-888888888,-888888888,-888888888,-888888888,-888888888,-888888888,-888888888,-888888888,-888888888,-888888888,-888888888,-888888888,-888888888,-888888888,-888888888
2016,Falls County; Texas,14071,6287,6287,5897,390,0,7784,6287,-888888888,7513,2842,2842,2599,1139,715,2188,1460,5828,4571,792,94,130,135,106,26.0,5897,1392,1175,1254,854,1222,5897,349,515,804,157,628,466,22,255,283,1414,352,243,409,48,145,5897,4227,1183,474,13,5447,752,419,720,609,805,1035,516,406,141,44,38547,48853,3372,55200,2151,16420,1161,19021,635,9418,106,1885,1112,3622,282,175,413,339,603,761,476,393,136,44,49967,59617,17257,1825,20168,26741,23072,32039,31366,15473,12553,8523,6205,2920,3682,433,9045,5934,5544,4169,3921,425,1375,390,197,162,35,193,3111,2229,1102,1313,882,-888888888,-888888888,-888888888,-888888888,-888888888,-888888888,-888888888,-888888888,-888888888,-888888888,-888888888,-888888888,-888888888,-888888888,-888888888,-888888888,-888888888,-888888888,-888888888
2016,Brooks County; Texas,5584,2997,2997,2609,388,0,2587,2997,-888888888,2720,1269,1269,1217,631,389,984,574,2477,2083,241,1,81,2,69,20.9,2609,643,791,604,312,259,2609,239,183,67,28,365,158,7,96,57,870,195,153,191,48,047,2609,1744,665,200,0,2031,409,219,391,194,211,255,158,164,13,17,24913,42668,1518,42792,804,13149,300,20802,322,6540,26,-999999999,820,1472,296,90,236,174,127,220,140,164,8,17,29728,49059,14885,559,12614,18916,16353,38636,21430,6800,5199,2592,3242,1601,1750,74,3920,2737,2359,1568,1272,372,791,378,196,191,5,182,1183,675,310,423,508,-888888888,-888888888,-888888888,-888888888,-888888888,-888888888,-888888888,-888888888,-888888888,-888888888,-888888888,-888888888,-888888888,-888888888,-888888888,-888888888,-888888888,-888888888,-888888888
2016,Austin County; Texas,22920,14233,14233,13410,823,0,8687,14233,-888888888,11665,6351,6351,5820,2160,903,4785,3306,13278,10561,1471,7,225,190,824,30.3,13410,4197,2197,2981,1794,2241,13410,809,1289,1813,478,1797,988,197,626,1006,2530,763,616,498,48,015,13410,10694,1550,1154,12,11222,741,530,1347,1221,1209,1737,1566,1816,649,406,56681,73091,8649,74157,3897,19548,1967,23799,405,10024,173,8378,1137,8255,349,184,649,737,880,1490,1344,1596,623,403,71293,85880,28351,2967,25423,35710,32117,53150,36330,28847,24098,19434,8552,4749,7090,794,16733,12933,12143,9710,9481,476,2433,790,358,281,77,432,3800,2752,2058,975,1048,-888888888,-888888888,-888888888,-888888888,-888888888,-888888888,-888888888,-888888888,-888888888,-888888888,-888888888,-888888888,-888888888,-888888888,-888888888,-888888888,-888888888,-888888888,-888888888
2016,Kenedy County; Texas,410,183,183,183,0,0,227,183,-888888888,194,64,64,64,25,0,129,21,179,167,0,0,12,0,0,17.3,183,46,61,45,31,0,183,65,0,6,0,11,16,0,6,7,41,0,2,29,48,261,183,95,88,0,0,170,21,9,61,11,20,25,7,16,0,0,24000,38658,130,42232,74,10914,32,8228,0,-666666666,0,-666666666,20,112,10,0,37,0,20,25,11,9,0,0,42708,45927,13822,58,21250,22641,23917,38173,-666666666,558,376,291,107,182,154,33,316,169,169,113,113,1,56,0,0,0,0,0,147,54,48,6,93,-888888888,-888888888,-888888888,-888888888,-888888888,-888888888,-888888888,-888888888,-888888888,-888888888,-888888888,-888888888,-888888888,-888888888,-888888888,-888888888,-888888888,-888888888,-888888888
2016,Colorado County; Texas,16543,9377,9377,9067,310,0,7166,9377,-888888888,8479,4222,4222,4121,1517,774,2955,2030,9010,7973,627,96,71,5,238,19.5,9067,2689,1746,1833,1240,1559,9067,832,661,867,349,1330,600,89,367,421,2094,739,334,384,48,089,9067,6663,1597,709,98,7624,614,478,805,881,1448,1044,936,877,302,239,45398,66196,5341,67900,2995,18575,1215,26481,391,9455,157,2670,666,5470,178,161,542,457,1120,893,814,816,296,193,56831,76750,26161,2154,24284,36219,30202,40466,32194,20446,17066,13306,6568,3380,4811,654,11629,8433,8161,6529,6310,284,1632,272,107,58,49,165,3196,2285,1721,722,911,-888888888,-888888888,-888888888,-888888888,-888888888,-888888888,-888888888,-888888888,-888888888,-888888888,-888888888,-888888888,-888888888,-888888888,-888888888,-888888888,-888888888,-888888888,-888888888
2016,San Patricio County; Texas,50733,31155,31031,29384,1647,124,19578,31031,-888888888,25576,13429,13406,12748,5730,3161,11689,7651,28917,24427,2694,66,391,328,1011,23.2,29384,7799,5929,6298,5318,4040,29384,2482,3815,2571,587,2627,1558,101,1150,2083,6298,2870,1390,1852,48,409,29384,22970,5021,1346,47,23237,1525,1044,2484,2309,3527,4813,2838,3015,1164,518,52659,66826,18633,66188,7344,16761,3854,20696,1405,7989,337,2775,2654,17384,694,674,1489,1698,2730,3645,2365,2556,1015,518,57806,73622,24008,5853,30154,41951,30671,49119,30949,65906,53027,39188,20590,12879,18164,2199,38611,28953,27416,20438,19747,1433,6978,1537,658,430,241,879,9658,6841,4521,2779,2817,-888888888,-888888888,-888888888,-888888888,-888888888,-888888888,-888888888,-888888888,-888888888,-888888888,-888888888,-888888888,-888888888,-888888888,-888888888,-888888888,-888888888,-888888888,-888888888
2016,Randall County; Texas,100558,69414,69333,66927,2406,81,31144,69333,-888888888,51834,32659,32651,31389,9898,6527,19224,14207,65782,55855,6468,266,895,490,1808,19.1,66927,24752,11336,17897,5972,6970,66927,1812,4177,5449,2228,8267,3841,1217,4909,4806,16608,6268,3833,3512,48,381,66927,50539,11289,5021,78,48893,2446,1537,4182,4489,6415,9561,6964,8443,2796,2060,62635,79627,40549,78321,12728,19540,7742,23406,1613,9979,597,3316,3473,33372,872,513,1895,2299,3764,6696,5597,7211,2609,1916,77923,93005,31383,15521,36102,47605,34790,52338,39042,127746,111637,94315,32445,16109,31190,2335,79466,64459,62330,52737,51211,3355,9593,2129,1386,1061,406,743,15007,11596,9142,3624,3411,-888888888,-888888888,-888888888,-888888888,-888888888,-888888888,-888888888,-888888888,-888888888,-888888888,-888888888,-888888888,-888888888,-888888888,-888888888,-888888888,-888888888,-888888888,-888888888
2016,San Saba County; Texas,4839,2439,2439,2345,94,0,2400,2439,-888888888,2269,829,829,788,338,209,758,438,2279,1528,524,0,73,35,119,20.8,2345,622,394,399,552,378,2345,521,308,152,70,313,95,9,62,71,377,158,75,134,48,411,2345,1695,337,293,20,2110,227,161,296,236,368,438,162,152,40,30,40718,51356,1467,47756,928,17284,395,31151,131,7631,7,1071,204,1317,46,46,152,118,310,295,148,140,34,28,49063,60535,19583,793,19063,34573,20689,36306,25288,5203,4183,3049,2112,1020,1174,110,2804,2075,1988,1361,1271,114,627,87,33,29,4,54,729,500,317,212,229,-888888888,-888888888,-888888888,-888888888,-888888888,-888888888,-888888888,-888888888,-888888888,-888888888,-888888888,-888888888,-888888888,-888888888,-888888888,-888888888,-888888888,-888888888,-888888888
2016,Schleicher County; Texas,2345,1582,1582,1510,72,0,763,1582,-888888888,1182,699,699,655,254,165,654,463,1497,1206,184,10,0,31,66,27.1,1510,459,232,251,304,264,1510,407,120,32,30,75,157,20,78,50,321,109,71,40,48,413,1510,989,402,119,0,1091,139,36,83,86,100,253,188,108,45,53,59766,71265,896,73465,353,15096,174,21807,28,8750,4,-999999999,83,846,59,7,36,60,86,221,178,105,41,53,69773,83767,26408,245,16607,27721,30151,58750,22255,3171,2464,2069,728,707,921,216,1764,1411,1342,1059,1025,42,283,69,19,19,0,50,353,195,134,71,158,-888888888,-888888888,-888888888,-888888888,-888888888,-888888888,-888888888,-888888888,-888888888,-888888888,-888888888,-888888888,-888888888,-888888888,-888888888,-888888888,-888888888,-888888888,-888888888
2016,Zavala County; Texas,8845,4818,4818,4242,576,0,4027,4818,-888888888,4394,2095,2095,1830,1157,447,2405,1483,4225,3273,515,13,91,210,123,15.3,4242,1257,1108,563,703,611,4242,504,300,162,22,144,158,29,136,282,1531,486,218,270,48,507,4242,2924,1087,229,2,3638,781,449,549,331,540,452,237,262,9,28,26639,39395,2463,43628,1567,12189,605,16706,483,5776,73,1589,1468,2645,365,303,409,262,501,369,237,162,9,28,34191,43438,13393,993,11365,25278,16372,33517,21585,11858,9289,3820,6017,2569,3687,204,6660,4570,3996,2753,2494,297,1243,574,198,15,183,376,2090,1353,411,995,737,-888888888,-888888888,-888888888,-888888888,-888888888,-888888888,-888888888,-888888888,-888888888,-888888888,-888888888,-888888888,-888888888,-888888888,-888888888,-888888888,-888888888,-888888888,-888888888
2016,Calhoun County; Texas,16823,10397,10388,9734,654,9,6426,10388,-888888888,8347,4370,4370,4003,1754,820,3660,2522,9574,7565,1310,47,131,113,408,21.9,9734,2636,1467,1978,1748,1905,9734,597,1165,2444,304,847,255,53,418,917,1838,460,243,193,48,057,9734,7916,1170,643,5,7800,637,274,814,877,1061,1499,896,1347,177,218,54167,66127,6098,67382,2558,18168,1333,19082,499,10803,14,-999999999,933,5499,300,97,438,602,764,953,760,1230,145,210,64034,75619,25181,2301,29129,38756,30850,50297,28053,21608,18035,13215,6946,3573,5561,871,12685,9639,9075,7356,7210,302,1719,564,271,215,56,293,3046,2375,1326,1135,671,-888888888,-888888888,-888888888,-888888888,-888888888,-888888888,-888888888,-888888888,-888888888,-888888888,-888888888,-888888888,-888888888,-888888888,-888888888,-888888888,-888888888,-888888888,-888888888
2016,Foard County; Texas,1089,592,592,537,55,0,497,592,-888888888,512,276,276,267,74,61,180,162,533,443,68,0,8,0,14,16.6,537,135,77,171,68,86,537,64,53,26,8,85,38,0,33,19,134,22,18,37,48,155,537,334,141,57,5,526,9,39,89,73,70,143,60,27,11,5,48068,53046,352,51667,289,16055,144,23633,33,8024,0,-666666666,59,331,14,4,10,52,58,114,51,12,11,5,54034,61796,23323,195,22202,35759,25700,37868,26094,1284,1098,822,518,186,263,68,671,520,482,396,374,26,86,38,19,10,9,19,151,138,73,79,13,-888888888,-888888888,-888888888,-888888888,-888888888,-888888888,-888888888,-888888888,-888888888,-888888888,-888888888,-888888888,-888888888,-888888888,-888888888,-888888888,-888888888,-888888888,-888888888
2016,Goliad County; Texas,6163,3286,3276,2954,322,10,2877,3276,-888888888,3103,1527,1527,1363,454,229,1001,783,2874,2169,363,0,179,0,163,27.3,2954,877,497,658,432,490,2954,442,116,288,49,275,180,75,57,167,854,164,82,205,48,175,2954,2005,725,224,0,2798,205,105,381,252,358,484,375,362,123,153,54375,77261,1937,74479,1177,18366,814,21413,139,8259,13,1892,296,2151,101,34,209,170,284,411,332,344,113,153,63257,89930,30581,647,22390,33774,32809,52444,35926,7359,6540,5125,2746,819,1607,112,4276,2979,2672,2336,2252,168,336,307,158,97,88,149,1297,1075,689,498,222,-888888888,-888888888,-888888888,-888888888,-888888888,-888888888,-888888888,-888888888,-888888888,-888888888,-888888888,-888888888,-888888888,-888888888,-888888888,-888888888,-888888888,-888888888,-888888888
2016,Hamilton County; Texas,6768,3631,3619,3443,176,12,3137,3619,-888888888,3419,1671,1671,1598,408,230,1163,918,3425,2603,505,0,169,2,146,20.0,3443,995,724,703,612,409,3443,395,320,280,107,388,123,23,121,193,918,221,184,170,48,193,3443,2511,583,287,62,3231,349,238,393,354,416,568,399,300,93,121,45105,63120,2115,64523,1549,16661,815,23882,135,7878,65,3738,553,2265,138,97,196,259,254,500,361,256,93,111,57023,76162,26183,966,19529,30536,27927,42917,29342,7986,6597,4729,3351,1389,1672,96,4369,3227,3051,2177,2060,158,874,176,72,42,40,104,1142,844,497,429,298,-888888888,-888888888,-888888888,-888888888,-888888888,-888888888,-888888888,-888888888,-888888888,-888888888,-888888888,-888888888,-888888888,-888888888,-888888888,-888888888,-888888888,-888888888,-888888888
2016,Mitchell County; Texas,7534,3234,3234,3041,193,0,4300,3234,-888888888,2778,1561,1561,1467,490,265,1018,769,2976,2431,407,5,22,3,108,20.6,3041,901,640,620,485,395,3041,462,249,141,27,304,185,5,142,148,830,56,177,315,48,335,3041,2132,681,200,28,2660,77,108,322,257,464,680,241,386,37,88,51555,66104,2124,66106,905,15090,535,15313,107,7623,15,1807,302,1873,10,7,129,150,262,638,193,372,25,87,62429,79106,19334,787,28264,34273,32302,39968,32250,6521,5329,4110,2005,1192,1724,153,3653,2918,2725,2103,2048,86,622,193,80,78,12,113,735,431,326,189,304,-888888888,-888888888,-888888888,-888888888,-888888888,-888888888,-888888888,-888888888,-888888888,-888888888,-888888888,-888888888,-888888888,-888888888,-888888888,-888888888,-888888888,-888888888,-888888888
2016,Titus County; Texas,24088,14968,14938,13954,984,30,9120,14938,-888888888,12237,6504,6504,6014,2734,1383,5944,3665,13749,11402,1611,74,123,314,225,19.0,13954,3160,2159,3141,1515,3979,13954,539,805,3290,471,2081,1017,59,522,815,2319,1170,629,237,48,449,13954,11663,1273,1009,9,10573,639,606,1612,1078,1928,1956,1302,888,299,265,45026,60327,8405,61313,3123,17139,1583,21728,620,11651,137,3033,1658,8314,374,383,1110,802,1567,1717,1030,824,257,250,49187,65206,20043,2259,24712,34922,24807,33530,27943,32319,25404,17555,11098,6915,9533,1130,18686,13957,13044,9577,9194,536,3467,913,470,259,219,443,4729,2996,1926,1372,1733,-888888888,-888888888,-888888888,-888888888,-888888888,-888888888,-888888888,-888888888,-888888888,-888888888,-888888888,-888888888,-888888888,-888888888,-888888888,-888888888,-888888888,-888888888,-888888888
2016,Lavaca County; Texas,15567,9203,9203,8880,323,0,6364,9203,-888888888,8043,4227,4227,4113,1458,1112,3034,2377,8752,7180,1000,35,103,80,354,27.0,8880,2780,1323,1732,1248,1797,8880,945,822,1355,217,953,514,62,541,397,1833,465,514,262,48,285,8880,6634,1276,961,9,7741,387,545,911,917,1257,1289,875,880,361,319,47753,69574,5678,69061,2954,17887,1445,20125,343,8150,69,1574,605,5582,129,164,509,602,980,1046,723,820,328,281,56443,80637,28491,2159,23338,37531,29231,44282,29959,19201,16495,13067,6144,2706,4603,477,10568,8353,8051,6427,6186,271,1624,302,120,72,48,182,2215,1794,1399,525,421,-888888888,-888888888,-888888888,-888888888,-888888888,-888888888,-888888888,-888888888,-888888888,-888888888,-888888888,-888888888,-888888888,-888888888,-888888888,-888888888,-888888888,-888888888,-888888888
2016,Terry County; Texas,9643,4986,4986,4637,349,0,4657,4986,-888888888,4441,2069,2069,1990,1310,663,1853,1002,4567,3364,939,0,42,105,117,20.7,4637,1486,844,705,1018,584,4637,957,432,207,203,456,176,72,130,137,1167,221,171,308,48,445,4637,3349,867,403,18,4214,278,157,572,679,740,851,404,298,145,90,40407,64247,3286,66663,1346,14470,709,17139,446,11630,72,2629,875,3016,137,85,205,549,628,596,302,279,145,90,44544,75302,21936,1198,24535,32358,23624,39138,30385,11611,8319,5293,4205,3292,3442,818,6419,4599,4273,2853,2671,220,1420,326,13,6,7,313,1820,1097,661,625,723,-888888888,-888888888,-888888888,-888888888,-888888888,-888888888,-888888888,-888888888,-888888888,-888888888,-888888888,-888888888,-888888888,-888888888,-888888888,-888888888,-888888888,-888888888,-888888888
2016,Wise County; Texas,48149,29012,28979,27054,1925,33,19137,28979,-888888888,24068,12894,12877,11824,4913,3031,9887,6327,26602,21778,2982,5,179,153,1505,31.2,27054,7974,4317,6456,3729,4578,27054,2717,2173,2467,553,3189,2647,443,1261,1802,5281,1912,1480,1129,48,497,27054,21119,3673,2208,54,21427,1193,500,2320,2301,2917,4561,2541,3373,968,753,56396,74948,17035,76154,6707,18760,3850,19590,1215,9321,281,3299,2411,16269,734,241,1249,1943,1991,3372,2181,2983,897,678,63318,82826,27104,5158,36817,46718,32331,50766,38670,61057,50064,39050,17854,10993,15699,2113,36763,27191,25339,20029,19686,864,5310,1852,882,718,195,970,9572,7031,4766,2998,2541,-888888888,-888888888,-888888888,-888888888,-888888888,-888888888,-888888888,-888888888,-888888888,-888888888,-888888888,-888888888,-888888888,-888888888,-888888888,-888888888,-888888888,-888888888,-888888888
2016,Matagorda County; Texas,28306,17189,17189,16151,1038,0,11117,17189,-888888888,14412,7603,7603,7259,3313,2243,5617,3019,15646,13065,1765,142,329,100,245,23.9,16151,3762,3335,3458,2779,2817,16151,1014,1673,1942,384,1810,1625,104,404,1461,3408,1183,858,285,48,321,16151,12687,2459,999,6,13666,1603,1085,1555,1846,1848,2083,1211,1709,380,346,41253,58652,10113,62825,4394,16709,1968,21479,678,9052,103,2437,2216,9138,570,590,842,1236,1371,1418,959,1473,358,321,49663,69285,22939,4528,21846,34025,26086,44137,31924,36310,28500,18987,13566,7810,9576,671,21311,15982,15015,10427,9823,862,4588,967,406,284,122,561,5329,3405,1963,1667,1924,-888888888,-888888888,-888888888,-888888888,-888888888,-888888888,-888888888,-888888888,-888888888,-888888888,-888888888,-888888888,-888888888,-888888888,-888888888,-888888888,-888888888,-888888888,-888888888
2016,Pecos County; Texas,12361,6504,6497,6238,259,7,5857,6497,-888888888,5080,2543,2543,2411,1213,517,2450,1414,6155,4787,1001,21,128,63,155,19.8,6238,1225,1227,1401,1244,1141,6238,1156,606,105,82,833,595,11,216,244,1086,479,230,595,48,371,6238,4370,1441,379,48,4334,295,321,418,458,573,889,515,651,162,52,51735,62131,3467,65163,1201,16109,645,18415,178,8822,23,2135,421,2873,88,41,231,219,395,718,421,581,131,48,68849,74773,19738,1461,25447,35413,28917,47533,28924,13755,11198,8946,3533,2557,3870,417,8008,6042,5792,4268,4117,220,1524,250,187,125,62,63,1966,1477,1085,482,489,-888888888,-888888888,-888888888,-888888888,-888888888,-888888888,-888888888,-888888888,-888888888,-888888888,-888888888,-888888888,-888888888,-888888888,-888888888,-888888888,-888888888,-888888888,-888888888
2016,Rockwall County; Texas,66184,45276,45195,42738,2457,81,20908,45195,-888888888,34010,20683,20683,19370,6845,4430,17142,12049,42009,34745,3685,255,247,732,2345,33.0,42738,19351,5676,10837,3381,3493,42738,679,3849,4190,1149,5095,1887,1173,3292,4957,9951,2611,2080,1825,48,397,42738,33752,6245,2697,44,29392,718,662,1556,1620,3133,4865,4073,6433,3101,3231,89161,108537,24823,108587,7362,21023,5568,28344,792,11083,261,4589,1617,23790,402,372,935,1086,2212,3538,3321,5871,2963,3090,100184,119271,37231,5602,43929,57942,43432,65896,47632,87235,77008,68208,17077,10227,24533,1902,52807,42249,40020,34287,33733,1273,5733,2229,1547,1344,255,682,10558,8682,7452,1928,1876,-888888888,-888888888,-888888888,-888888888,-888888888,-888888888,-888888888,-888888888,-888888888,-888888888,-888888888,-888888888,-888888888,-888888888,-888888888,-888888888,-888888888,-888888888,-888888888
2016,Taylor County; Texas,105436,68312,64895,61348,3547,3417,37124,64895,-888888888,54505,31898,31543,29810,11770,7660,19094,13680,63916,51543,7356,546,1417,694,2360,16.7,61348,18642,13447,15381,7257,6621,61348,1649,3899,3152,1278,8007,3202,746,4114,3907,16584,6886,3578,4346,48,441,61348,47312,10022,3822,192,49489,3835,2963,5589,6040,7515,9875,5379,5344,1527,1422,47044,63457,39478,61456,13805,17309,8975,22373,2956,10402,918,2070,6390,32612,1610,1251,2638,3507,4821,7109,4387,4652,1390,1247,58158,74107,24328,16877,27706,39030,25003,39247,29793,130152,109729,83846,41699,20423,33112,2618,79052,59819,56637,44409,42379,3924,12228,3182,1771,1380,510,1411,19233,15249,10058,6425,3984,-888888888,-888888888,-888888888,-888888888,-888888888,-888888888,-888888888,-888888888,-888888888,-888888888,-888888888,-888888888,-888888888,-888888888,-888888888,-888888888,-888888888,-888888888,-888888888
2016,Throckmorton County; Texas,1297,702,702,680,22,0,595,702,-888888888,668,327,327,320,66,44,156,137,660,536,66,2,4,4,48,25.7,680,201,94,174,109,102,680,185,48,14,27,66,50,0,38,27,163,17,29,16,48,447,680,469,116,95,0,725,59,81,104,97,65,115,87,86,11,20,39438,60085,484,62542,337,15899,122,18996,16,10950,0,-666666666,31,460,9,21,54,52,46,101,78,71,8,20,59643,76811,28860,265,17625,29168,30469,49643,33929,1509,1251,905,590,258,279,80,814,634,612,480,452,32,132,22,7,2,5,15,180,149,78,73,31,-888888888,-888888888,-888888888,-888888888,-888888888,-888888888,-888888888,-888888888,-888888888,-888888888,-888888888,-888888888,-888888888,-888888888,-888888888,-888888888,-888888888,-888888888,-888888888
2016,Walker County; Texas,60570,23858,23776,22781,995,82,36712,23776,-888888888,24548,12160,12160,11544,3858,2122,6139,4566,22557,18634,1941,29,1069,246,638,25.5,22781,7406,6079,5244,1973,2079,22781,724,1070,1129,488,2662,663,349,929,1192,6358,1846,985,4386,48,471,22781,13449,8199,1077,56,20695,3036,1390,2315,2521,2809,3477,2340,1890,513,404,40090,54077,14877,55921,5452,18658,4504,27494,835,11935,365,2671,1456,12278,718,391,1033,1193,1739,2829,1920,1658,452,345,58283,70319,16419,8417,21355,29186,25778,38574,31530,53304,45815,38205,13639,7489,10667,1141,35238,22469,21486,18285,17674,1036,3201,983,482,285,203,501,12769,10131,8532,2092,2638,-888888888,-888888888,-888888888,-888888888,-888888888,-888888888,-888888888,-888888888,-888888888,-888888888,-888888888,-888888888,-888888888,-888888888,-888888888,-888888888,-888888888,-888888888,-888888888
2016,Wood County; Texas,35755,17212,17212,15608,1604,0,18543,17212,-888888888,18086,7935,7935,7229,2327,1233,5470,3645,15264,12294,1484,64,333,153,936,30.6,15608,4700,2803,3741,2122,2242,15608,752,1319,1415,435,2233,980,387,923,1087,3513,803,900,861,48,499,15608,12050,2172,1338,48,16097,1145,895,1938,1952,2428,3318,1804,1667,512,438,47814,63469,9928,65335,8079,20777,4532,25129,833,8429,216,2365,1579,11561,540,274,941,1299,2012,2622,1519,1463,465,426,55631,73756,25353,4536,24763,34990,27068,46944,31500,42336,35263,26679,17463,7073,8466,891,22843,15463,13969,10353,10049,585,3616,1494,634,407,305,860,7380,5768,3841,2691,1612,-888888888,-888888888,-888888888,-888888888,-888888888,-888888888,-888888888,-888888888,-888888888,-888888888,-888888888,-888888888,-888888888,-888888888,-888888888,-888888888,-888888888,-888888888,-888888888
2016,Aransas County; Texas,20713,10676,10676,9870,806,0,10037,10676,-888888888,10445,4770,4770,4294,1231,666,2842,1512,9356,7577,903,0,341,43,492,21.0,9870,2842,2237,2243,1526,1022,9870,626,1322,382,283,1341,318,60,446,877,1699,1445,715,356,48,007,9870,7374,1241,1234,21,9552,680,626,1189,1257,1406,1661,696,1135,383,519,44851,72808,6307,65370,5117,18384,2079,30204,475,6090,141,1298,990,6410,330,211,564,834,967,1240,572,918,332,442,56061,81090,29426,3142,25237,52639,23357,40879,28322,24313,19984,13917,10058,4329,4570,751,13280,9278,8607,6636,6117,634,1971,671,282,243,39,389,4002,2792,1844,1328,1210,-888888888,-888888888,-888888888,-888888888,-888888888,-888888888,-888888888,-888888888,-888888888,-888888888,-888888888,-888888888,-888888888,-888888888,-888888888,-888888888,-888888888,-888888888,-888888888
2016,Cochran County; Texas,2194,1294,1294,1203,91,0,900,1294,-888888888,1074,518,518,475,271,169,466,340,1180,884,242,6,22,8,18,21.5,1203,296,161,158,354,234,1203,406,94,51,17,106,99,4,28,8,238,49,46,57,48,079,1203,809,267,125,2,1007,122,102,122,98,161,176,82,104,24,16,38625,55595,743,60134,365,14166,100,17111,65,7255,8,475,170,720,59,44,89,60,96,153,82,99,24,14,52800,64051,20408,287,17431,30872,29000,38430,32102,2914,2103,1376,1003,811,827,214,1663,1218,1127,813,783,61,314,91,31,6,27,60,445,225,109,127,220,-888888888,-888888888,-888888888,-888888888,-888888888,-888888888,-888888888,-888888888,-888888888,-888888888,-888888888,-888888888,-888888888,-888888888,-888888888,-888888888,-888888888,-888888888,-888888888
2016,Coke County; Texas,2661,1597,1597,1529,68,0,1064,1597,-888888888,1344,755,755,718,69,48,477,421,1465,1250,59,0,60,23,73,20.4,1529,625,198,277,252,177,1529,175,97,26,11,148,153,31,89,80,479,80,56,104,48,081,1529,863,511,155,0,1567,82,141,267,182,248,274,174,146,24,29,41756,58285,1115,61951,664,17213,315,17157,65,8951,12,-999999999,134,956,3,46,74,103,161,236,153,135,21,24,60217,76708,27755,611,19526,29059,27317,41250,28333,3115,2613,2109,1134,502,578,73,1718,1426,1362,1066,1042,32,296,64,11,2,9,53,292,212,139,91,80,-888888888,-888888888,-888888888,-888888888,-888888888,-888888888,-888888888,-888888888,-888888888,-888888888,-888888888,-888888888,-888888888,-888888888,-888888888,-888888888,-888888888,-888888888,-888888888
2016,Coryell County; Texas,58637,33812,25285,22967,2318,8527,24825,25285,-888888888,29765,13587,12829,11581,6726,3055,11256,7019,30741,22512,4109,100,2264,665,1091,21.6,22967,7074,5670,5622,2758,1843,22967,272,1550,1056,413,2528,1048,403,1147,2002,5484,2257,1035,3772,48,099,22967,14043,7569,1317,38,22791,1347,1045,2643,2404,4154,4667,2980,2604,539,408,49275,62384,18529,57569,5536,15184,5927,25762,1130,9982,383,3616,2520,16794,633,543,1405,1699,2978,3832,2677,2189,464,374,57034,68846,20555,5997,30317,40482,27096,35346,32201,58144,52212,44368,16888,5932,19007,998,32670,23438,21305,18332,17483,2425,2973,2133,1423,1180,321,710,9232,7991,6352,2983,1241,-888888888,-888888888,-888888888,-888888888,-888888888,-888888888,-888888888,-888888888,-888888888,-888888888,-888888888,-888888888,-888888888,-888888888,-888888888,-888888888,-888888888,-888888888,-888888888
2016,Hemphill County; Texas,2983,1990,1985,1895,90,5,993,1985,-888888888,1531,837,832,792,348,153,940,619,1884,1492,294,0,36,6,56,16.7,1895,572,271,494,361,197,1895,451,108,83,13,328,130,49,123,115,294,114,45,42,48,211,1895,1443,284,168,0,1374,69,95,32,113,170,286,210,228,99,72,67773,84014,1204,68276,365,17510,147,19771,14,-999999999,0,-666666666,115,1111,65,32,15,74,157,237,169,216,84,62,69241,89098,29110,263,36042,54207,31621,60303,35000,4099,3021,2539,949,1078,1326,383,2273,1796,1740,1258,1213,65,482,56,29,29,0,27,477,291,237,76,186,-888888888,-888888888,-888888888,-888888888,-888888888,-888888888,-888888888,-888888888,-888888888,-888888888,-888888888,-888888888,-888888888,-888888888,-888888888,-888888888,-888888888,-888888888,-888888888
2016,Moore County; Texas,15903,11057,11016,10581,435,41,4846,11016,-888888888,7771,4644,4644,4369,2201,1504,4524,3396,10395,7845,1991,124,173,150,112,16.9,10581,2246,1691,1799,1969,2876,10581,958,567,2987,306,960,453,63,160,617,1578,956,475,501,48,341,10581,8664,1302,571,44,6772,364,236,611,856,1270,1568,803,653,268,143,50552,62384,5901,62288,1478,16071,648,20577,128,8508,130,2758,907,5357,220,125,411,634,928,1333,725,597,241,143,53819,67701,20159,1415,34539,40030,27743,37472,27963,21988,17700,13827,5559,4288,7086,861,12870,10238,9892,7640,7444,411,2252,346,208,163,45,138,2632,1595,1125,597,1037,-888888888,-888888888,-888888888,-888888888,-888888888,-888888888,-888888888,-888888888,-888888888,-888888888,-888888888,-888888888,-888888888,-888888888,-888888888,-888888888,-888888888,-888888888,-888888888
2016,Potter County; Texas,91586,56075,55974,53402,2572,101,35511,55974,-888888888,44376,25669,25634,24297,11774,7278,19630,13617,52840,40987,8559,536,931,733,1094,18.1,53402,13110,12585,12010,6438,9259,53402,1026,4577,6155,1561,6851,3175,665,2617,3952,11230,5989,3614,1990,48,375,53402,43981,6410,2977,34,43154,3777,3379,6075,5951,6502,7735,3939,3520,1307,969,40340,57628,34194,59057,11324,16242,5304,21416,2450,8527,572,2896,7598,27834,1722,1412,3199,3535,4378,5461,2989,3126,1146,866,48529,67795,20984,15320,25372,36460,25262,35585,29709,115136,88988,60924,37686,26148,33675,4113,68381,52426,50132,35827,34117,2954,14305,2294,879,589,324,1415,15955,9789,5051,5484,6166,-888888888,-888888888,-888888888,-888888888,-888888888,-888888888,-888888888,-888888888,-888888888,-888888888,-888888888,-888888888,-888888888,-888888888,-888888888,-888888888,-888888888,-888888888,-888888888
2016,San Augustine County; Texas,7007,2625,2625,2255,370,0,4382,2625,-888888888,3595,1171,1171,1056,518,265,922,445,2204,1919,202,4,8,24,47,25.1,2255,525,370,538,259,563,2255,156,112,189,21,401,259,31,64,102,475,152,204,89,48,405,2255,1866,180,209,0,2972,538,130,611,397,420,420,174,132,102,48,29426,48447,1587,62362,1611,16756,522,18432,318,7041,67,1290,539,1951,214,31,310,311,348,327,149,132,81,48,40855,60977,19251,1021,17378,24280,27312,34205,34105,8324,6549,3942,3873,1775,1745,195,4607,2382,2022,1595,1453,198,427,360,37,27,28,323,2225,1395,759,768,830,-888888888,-888888888,-888888888,-888888888,-888888888,-888888888,-888888888,-888888888,-888888888,-888888888,-888888888,-888888888,-888888888,-888888888,-888888888,-888888888,-888888888,-888888888,-888888888
2016,Shackelford County; Texas,2592,1562,1562,1485,77,0,1030,1562,-888888888,1328,694,694,642,268,131,466,282,1485,1169,195,0,44,46,31,19.3,1485,491,287,364,193,150,1485,335,121,52,37,106,72,0,51,70,250,169,125,97,48,417,1485,1133,183,165,4,1317,151,79,132,83,207,316,147,164,9,29,50285,59325,953,63226,401,17912,190,19228,106,8325,23,1074,166,900,46,33,61,72,155,245,103,155,1,29,57976,69801,24190,417,23466,36418,27829,44083,32100,3306,2720,1998,1210,586,806,120,1930,1384,1307,994,944,104,313,77,44,11,33,33,546,426,227,212,120,-888888888,-888888888,-888888888,-888888888,-888888888,-888888888,-888888888,-888888888,-888888888,-888888888,-888888888,-888888888,-888888888,-888888888,-888888888,-888888888,-888888888,-888888888,-888888888
2016,Starr County; Texas,44516,24744,24744,21225,3519,0,19772,24744,-888888888,23223,11888,11888,10543,7150,3853,12674,8517,20402,14397,3956,81,866,126,976,22.6,21225,4621,6501,3885,3880,2338,21225,1525,2554,402,191,2269,1072,44,487,1158,7905,1258,1397,963,48,427,21225,14281,4868,1869,207,16219,2475,2027,3232,1918,2136,1950,1139,963,221,158,26682,42625,12662,42577,5472,10432,1592,15661,2765,7321,269,1709,7070,13363,1630,1360,2867,1669,1813,1793,984,891,198,158,29341,45939,12663,2856,13106,22137,16336,30777,24332,62428,40487,15105,27339,21941,20975,3585,34496,23412,20177,10467,9506,1333,9710,3235,764,409,355,2471,11084,5129,1031,4234,5955,-888888888,-888888888,-888888888,-888888888,-888888888,-888888888,-888888888,-888888888,-888888888,-888888888,-888888888,-888888888,-888888888,-888888888,-888888888,-888888888,-888888888,-888888888,-888888888
2016,Upton County; Texas,2511,1427,1427,1363,64,0,1084,1427,-888888888,1249,564,564,544,387,177,645,392,1347,1142,145,5,8,15,32,20.5,1363,369,175,265,319,235,1363,370,73,39,35,88,208,24,23,82,319,43,11,48,48,461,1363,958,308,97,0,1263,163,54,128,155,155,182,162,159,38,67,48220,65869,1003,71018,306,15471,170,20904,84,7782,14,-999999999,98,856,67,19,70,81,114,142,128,143,38,54,66389,75909,24254,407,26094,43651,31679,50238,35536,3418,2646,2016,917,772,1066,188,1899,1336,1272,984,978,13,288,64,29,15,14,35,563,318,211,138,245,-888888888,-888888888,-888888888,-888888888,-888888888,-888888888,-888888888,-888888888,-888888888,-888888888,-888888888,-888888888,-888888888,-888888888,-888888888,-888888888,-888888888,-888888888,-888888888
2016,Brown County; Texas,30085,15642,15629,14982,647,13,14443,15629,-888888888,15343,7359,7359,7019,2472,1398,5495,3287,14782,12913,1253,56,145,86,329,17.2,14982,4980,2679,3313,1508,2502,14982,782,802,2251,209,1626,710,145,566,806,4073,938,1056,1018,48,049,14982,11468,2398,1097,19,13361,1046,1088,1817,1707,1950,2595,1412,1253,160,333,43235,57021,9157,58777,5262,17549,2931,24299,1030,11036,271,3382,1900,8963,458,387,895,1018,1398,2020,1255,1144,129,259,53607,66218,22090,4398,23444,34818,26970,38293,28935,36856,31422,22597,14043,5434,8611,443,21388,14449,13847,10912,10446,854,2935,602,298,228,100,304,6939,5192,3199,2338,1747,-888888888,-888888888,-888888888,-888888888,-888888888,-888888888,-888888888,-888888888,-888888888,-888888888,-888888888,-888888888,-888888888,-888888888,-888888888,-888888888,-888888888,-888888888,-888888888
2016,Hall County; Texas,2516,1281,1281,1165,116,0,1235,1281,-888888888,1290,594,594,545,135,97,575,399,1135,956,117,0,20,29,13,15.7,1165,258,310,268,242,87,1165,189,105,23,64,110,89,12,45,32,276,124,21,75,48,191,1165,842,197,102,24,1235,136,134,308,179,169,148,68,56,19,18,27244,44255,841,45726,525,15530,214,16653,85,9604,18,450,244,852,46,57,195,151,126,137,55,54,17,14,33631,52719,18453,383,16393,25135,17387,38773,22000,3099,2336,1305,1418,763,756,116,1662,1133,1024,631,597,47,393,109,32,29,3,77,529,354,163,225,175,-888888888,-888888888,-888888888,-888888888,-888888888,-888888888,-888888888,-888888888,-888888888,-888888888,-888888888,-888888888,-888888888,-888888888,-888888888,-888888888,-888888888,-888888888,-888888888
2016,Franklin County; Texas,8286,4802,4795,4482,313,7,3484,4795,-888888888,4218,2345,2345,2151,770,457,1729,1362,4231,3418,443,0,114,46,210,21.9,4482,1013,814,1118,705,832,4482,320,476,577,39,752,249,12,203,224,922,366,141,201,48,159,4482,3265,623,566,28,4114,355,389,672,366,516,641,499,441,80,155,42652,63234,2802,56247,1737,19199,911,24975,258,9873,31,11358,597,2828,133,138,376,235,382,483,456,396,91,138,59273,77419,25250,1286,20510,28615,23256,39191,26136,10460,8274,5558,4096,2186,2578,382,5888,4337,4054,2915,2725,256,1139,283,73,68,5,210,1551,1101,700,621,450,-888888888,-888888888,-888888888,-888888888,-888888888,-888888888,-888888888,-888888888,-888888888,-888888888,-888888888,-888888888,-888888888,-888888888,-888888888,-888888888,-888888888,-888888888,-888888888
2016,Frio County; Texas,14450,7269,7249,6747,502,20,7181,7249,-888888888,5694,2767,2767,2506,1485,946,2523,1700,6648,5576,698,16,172,61,125,15.7,6747,1214,1674,1210,1335,1314,6747,1061,521,525,59,759,511,0,221,395,1338,642,243,472,48,163,6747,5550,823,371,3,4660,535,430,583,628,665,839,367,375,145,93,37163,59244,3689,54058,1621,14327,460,21917,376,7502,65,4225,1280,3508,260,233,408,606,450,708,352,322,76,93,42892,66159,17547,1152,20864,35369,19229,35605,23600,15660,11814,7138,6086,3846,4522,619,8974,6548,6176,3917,3521,563,2259,372,171,156,31,201,2426,1679,862,957,747,-888888888,-888888888,-888888888,-888888888,-888888888,-888888888,-888888888,-888888888,-888888888,-888888888,-888888888,-888888888,-888888888,-888888888,-888888888,-888888888,-888888888,-888888888,-888888888
2016,Lampasas County; Texas,16166,9310,9012,8274,738,298,6856,9012,-888888888,8200,4162,4123,3740,1258,830,3541,2339,8452,6421,1371,15,185,257,203,27.3,8274,2477,1583,1788,1514,912,8274,303,1140,445,227,1136,273,145,306,512,1943,442,671,731,48,281,8274,5728,1991,547,8,7583,620,232,885,611,1420,1371,1021,829,396,198,50358,64268,5558,60186,2783,15787,2463,25672,365,8378,153,4460,872,5607,227,89,485,356,1069,1201,871,742,380,187,60830,73693,24382,1976,25331,34898,26865,47022,30776,19844,16630,13215,7023,3214,4930,442,11471,8314,7594,6065,5852,777,1529,720,341,256,92,379,3157,2293,1721,991,864,-888888888,-888888888,-888888888,-888888888,-888888888,-888888888,-888888888,-888888888,-888888888,-888888888,-888888888,-888888888,-888888888,-888888888,-888888888,-888888888,-888888888,-888888888,-888888888
2016,Hardeman County; Texas,3141,1711,1711,1614,97,0,1430,1711,-888888888,1633,841,841,816,144,103,676,481,1584,1192,331,0,13,41,7,17.7,1614,449,327,268,330,240,1614,324,64,164,31,79,80,9,129,52,381,119,83,99,48,197,1614,1051,432,131,0,1590,155,161,335,140,231,246,201,84,9,28,35156,46280,1087,46138,694,14479,315,19876,165,9392,56,1050,194,927,8,64,120,114,170,147,185,84,9,26,49321,60353,19493,663,16449,24581,21409,35574,25917,3938,3125,2170,1582,813,936,142,2249,1528,1431,981,937,65,450,97,25,21,4,72,721,576,252,403,145,-888888888,-888888888,-888888888,-888888888,-888888888,-888888888,-888888888,-888888888,-888888888,-888888888,-888888888,-888888888,-888888888,-888888888,-888888888,-888888888,-888888888,-888888888,-888888888
2016,Briscoe County; Texas,1341,802,802,755,47,0,539,802,-888888888,662,324,324,301,96,59,245,152,739,590,48,0,30,12,59,21.9,755,240,127,121,166,101,755,127,74,47,19,58,70,2,16,18,140,68,66,50,48,045,755,483,176,89,7,698,50,33,111,121,85,139,82,42,15,20,40385,53797,518,56422,270,16270,95,18718,17,14224,0,-666666666,80,499,23,11,54,72,71,121,71,42,15,19,50984,63340,22906,199,19701,28210,28456,36336,31397,1672,1315,1019,557,357,375,57,933,719,674,480,474,8,194,45,23,8,15,22,214,130,93,45,84,-888888888,-888888888,-888888888,-888888888,-888888888,-888888888,-888888888,-888888888,-888888888,-888888888,-888888888,-888888888,-888888888,-888888888,-888888888,-888888888,-888888888,-888888888,-888888888
2016,Liberty County; Texas,61070,31313,31313,28442,2871,0,29757,31313,-888888888,31211,12318,12318,11130,6471,3482,12225,6286,27704,24311,2517,68,286,292,230,35.6,28442,7000,4327,6278,5050,5787,28442,1884,3682,4535,884,2589,2045,253,1031,1566,5303,1461,2005,1204,48,291,28442,22199,4101,2089,53,25611,1795,1584,3167,2611,3729,4958,2833,3265,848,821,49655,64448,19348,68234,8013,17794,3137,19295,1922,9409,483,2204,4312,18689,857,692,1837,1743,2931,3892,2433,2885,783,636,57633,71643,22065,6922,24132,38441,32304,51125,32326,71930,56809,38725,23858,15121,19774,2270,42371,29106,26337,19890,18964,1390,6447,2769,1033,767,291,1736,13265,8729,5203,3987,4536,-888888888,-888888888,-888888888,-888888888,-888888888,-888888888,-888888888,-888888888,-888888888,-888888888,-888888888,-888888888,-888888888,-888888888,-888888888,-888888888,-888888888,-888888888,-888888888
2016,Loving County; Texas,70,39,39,39,0,0,31,39,-888888888,33,18,18,18,0,0,3,3,39,30,5,0,2,0,2,20.3,39,11,2,4,3,19,39,16,1,0,5,4,2,0,4,0,1,2,0,4,48,301,39,21,11,7,0,37,3,5,6,2,1,4,12,2,2,0,56875,60981,25,64596,18,13422,3,-999999999,0,-666666666,0,-666666666,7,17,0,0,2,0,0,4,9,0,2,0,79583,82988,32707,20,18750,38155,40625,36250,41786,76,61,49,23,15,6,3,51,39,39,27,27,0,12,0,0,0,0,0,12,12,8,4,0,-888888888,-888888888,-888888888,-888888888,-888888888,-888888888,-888888888,-888888888,-888888888,-888888888,-888888888,-888888888,-888888888,-888888888,-888888888,-888888888,-888888888,-888888888,-888888888
2016,Robertson County; Texas,12984,7810,7803,7190,613,7,5174,7803,-888888888,6632,3489,3489,3270,1235,802,2621,1925,6981,5603,873,0,270,80,155,24.4,7190,2234,1132,1592,1108,1124,7190,775,669,502,39,824,651,26,132,452,1888,351,447,434,48,395,7190,4959,1616,610,5,6366,534,485,679,729,802,1245,868,751,169,104,49142,58767,4849,58776,2230,17249,1178,21597,433,8358,68,3507,1146,4465,249,204,316,497,604,1012,688,650,159,86,56502,67379,22980,1901,25449,37137,26841,48929,33934,16332,13208,9621,5774,3124,4040,606,9345,7039,6445,4985,4619,557,1460,594,121,69,57,473,2306,1721,924,917,585,-888888888,-888888888,-888888888,-888888888,-888888888,-888888888,-888888888,-888888888,-888888888,-888888888,-888888888,-888888888,-888888888,-888888888,-888888888,-888888888,-888888888,-888888888,-888888888
2016,Rusk County; Texas,42000,22090,22063,20771,1292,27,19910,22063,-888888888,19768,9888,9888,9382,3900,2202,7438,4629,20417,17588,1739,1,250,146,693,23.7,20771,5419,3771,4228,3472,3881,20771,2500,1729,2097,564,2271,1219,195,733,1858,3954,1550,1179,922,48,401,20771,16710,2535,1492,34,17795,1126,1227,2429,1904,2543,3189,2165,1944,694,574,47424,63853,13613,64039,6357,16917,2855,21319,987,9202,170,1525,2237,12935,643,536,1292,1259,1922,2511,1845,1737,649,541,55738,73164,22704,4860,23990,35233,27577,49079,32571,48414,38322,28048,15429,10092,12413,1685,28331,20322,19070,14066,13552,771,5004,1252,605,518,153,647,8009,5329,3430,2291,2680,-888888888,-888888888,-888888888,-888888888,-888888888,-888888888,-888888888,-888888888,-888888888,-888888888,-888888888,-888888888,-888888888,-888888888,-888888888,-888888888,-888888888,-888888888,-888888888
2016,Trinity County; Texas,11843,5348,5348,4801,547,0,6495,5348,-888888888,6228,2476,2476,2286,728,415,1819,1047,4644,3735,512,27,73,69,228,33.6,4801,1334,1174,1196,479,618,4801,347,429,384,122,629,282,52,112,396,801,602,146,499,48,455,4801,3312,950,497,42,5459,537,415,975,735,981,880,390,346,159,41,35865,46886,3055,49138,3024,17594,1610,20134,359,12965,69,1116,647,3523,227,133,503,523,691,669,313,286,148,30,41771,53803,19661,1936,20947,32595,23576,35681,25390,14261,11453,7266,6427,2808,2887,577,7707,4627,4154,3177,2934,298,977,473,96,72,39,377,3080,2256,1151,1274,824,-888888888,-888888888,-888888888,-888888888,-888888888,-888888888,-888888888,-888888888,-888888888,-888888888,-888888888,-888888888,-888888888,-888888888,-888888888,-888888888,-888888888,-888888888,-888888888
2016,Bandera County; Texas,17693,9121,9119,8744,375,2,8572,9119,-888888888,9018,4674,4674,4500,925,506,2564,1728,8473,6982,759,11,132,45,544,35.5,8744,3338,1521,1967,1252,666,8744,489,901,629,192,896,252,199,541,590,2247,610,633,565,48,019,8744,6135,1716,876,17,8256,591,477,704,633,1460,1469,1108,1033,453,328,55434,69329,5924,66410,3615,18997,2425,28583,352,8599,89,1890,811,5493,137,248,334,279,939,1129,940,870,372,245,67840,80407,28547,2763,30571,42478,28180,47852,40898,20818,17713,13570,8220,3105,3698,481,12029,8329,7988,6444,6113,621,1544,341,153,133,20,188,3700,2823,1674,1386,877,-888888888,-888888888,-888888888,-888888888,-888888888,-888888888,-888888888,-888888888,-888888888,-888888888,-888888888,-888888888,-888888888,-888888888,-888888888,-888888888,-888888888,-888888888,-888888888
2016,Childress County; Texas,5724,2658,2658,2491,167,0,3066,2658,-888888888,2324,1076,1076,980,506,231,793,433,2456,2006,403,0,44,0,3,14.9,2491,785,463,477,297,469,2491,75,203,155,34,239,144,32,83,126,746,91,245,318,48,075,2491,1600,772,119,0,2356,300,147,305,375,338,400,178,194,101,18,37125,51321,1693,52534,918,16265,362,16049,173,7247,102,1320,346,1492,135,57,170,256,112,321,178,162,83,18,51905,60958,18745,864,26968,34529,25973,45084,23686,5880,4975,3683,2301,905,1427,64,3436,2344,2184,1718,1586,230,466,160,156,70,137,4,1092,721,427,372,371,-888888888,-888888888,-888888888,-888888888,-888888888,-888888888,-888888888,-888888888,-888888888,-888888888,-888888888,-888888888,-888888888,-888888888,-888888888,-888888888,-888888888,-888888888,-888888888
2016,Comal County; Texas,99077,59573,59338,56681,2657,235,39504,59338,-888888888,50955,27441,27346,25816,8272,4978,19183,13124,55913,44831,5123,48,876,795,4240,30.8,56681,21739,9261,15004,5650,5027,56681,1140,5359,3884,1892,6909,2476,1130,3902,7527,11779,5120,3055,2508,48,091,56681,44284,7329,4853,215,45338,1901,1821,3277,3896,5579,7765,6728,7413,3601,3357,69666,89816,35010,86129,15770,19478,10755,32962,2150,9881,521,1981,2534,33770,929,832,1767,2318,3803,5639,5501,6580,3335,3066,81450,101360,33872,11568,37739,52338,33523,54533,41122,123157,106096,88118,36025,17061,28577,2814,73466,55081,52592,43289,42378,2601,9303,2489,1620,1172,541,869,18385,14484,11647,4522,3901,-888888888,-888888888,-888888888,-888888888,-888888888,-888888888,-888888888,-888888888,-888888888,-888888888,-888888888,-888888888,-888888888,-888888888,-888888888,-888888888,-888888888,-888888888,-888888888
2016,Houston County; Texas,18897,8465,8445,8031,414,20,10432,8445,-888888888,8635,3955,3955,3819,1209,586,2747,1820,7900,6670,671,7,92,97,363,25.7,8031,1852,1838,1889,1060,1392,8031,725,700,645,145,1020,547,30,319,287,2052,410,426,725,48,225,8031,5365,1735,921,10,8221,907,851,1352,1238,1086,1172,848,620,43,104,32434,46814,5343,48776,3544,16364,1751,21990,532,8214,117,1531,1397,5256,347,336,757,641,784,964,699,587,43,98,45802,57970,17624,2965,18612,25925,22596,35055,25660,19733,16611,10991,8286,3122,4315,189,11115,7816,7458,5509,5219,444,1949,358,220,170,73,138,3299,2461,1374,1304,838,-888888888,-888888888,-888888888,-888888888,-888888888,-888888888,-888888888,-888888888,-888888888,-888888888,-888888888,-888888888,-888888888,-888888888,-888888888,-888888888,-888888888,-888888888,-888888888
2016,Navarro County; Texas,37123,22402,22394,20074,2320,8,14721,22394,-888888888,19213,10464,10464,9176,3923,2607,7967,5544,19475,15740,2491,20,240,167,817,25.0,20074,5378,3961,4329,2404,4002,20074,903,1586,3103,479,2336,1189,223,893,1142,4373,1740,901,1206,48,349,20074,15100,3269,1650,55,17409,1630,763,2320,2269,2913,3200,1727,1773,445,369,43388,58274,13328,57263,6093,17711,3017,22602,1059,9215,261,4538,3588,12931,858,535,1268,1658,2105,2598,1596,1568,434,311,50364,64619,21347,4478,24634,36246,25124,38684,30412,47408,37583,24758,17779,9825,12566,1547,27351,20573,18463,13829,13044,1111,4634,2110,703,282,430,1407,6778,4600,2518,2606,2178,-888888888,-888888888,-888888888,-888888888,-888888888,-888888888,-888888888,-888888888,-888888888,-888888888,-888888888,-888888888,-888888888,-888888888,-888888888,-888888888,-888888888,-888888888,-888888888
2016,Scurry County; Texas,13342,7453,7453,7132,321,0,5889,7453,-888888888,5981,3289,3289,3137,1400,654,2825,2163,7113,5822,929,35,73,110,144,15.9,7132,1607,1424,1485,1560,1056,7132,1445,582,142,151,1127,429,62,256,149,1593,600,261,335,48,415,7132,5528,1047,548,9,5908,196,331,412,834,863,1286,835,678,334,139,55661,68889,4640,69719,1788,18350,991,17422,193,7830,169,2582,586,3951,68,45,223,512,507,999,549,599,318,131,66816,80665,23758,1957,32286,41813,31083,50885,30865,15811,13473,10709,4576,2338,4458,422,9016,6814,6505,5282,5041,352,1223,309,139,53,86,170,2202,1686,1356,492,516,-888888888,-888888888,-888888888,-888888888,-888888888,-888888888,-888888888,-888888888,-888888888,-888888888,-888888888,-888888888,-888888888,-888888888,-888888888,-888888888,-888888888,-888888888,-888888888
2016,Stonewall County; Texas,935,536,535,498,37,1,399,535,-888888888,458,260,260,243,122,84,142,118,488,403,74,0,2,0,9,16.9,498,178,79,64,91,86,498,126,48,10,23,22,56,0,22,5,136,11,3,36,48,433,498,267,149,71,11,501,24,68,70,50,45,70,91,52,15,16,47969,59812,360,64121,200,16581,71,20079,40,7420,6,-999999999,60,321,14,4,38,16,34,50,82,52,15,16,76250,78701,24285,180,19773,25291,27788,52188,27219,1177,994,661,529,183,324,44,584,448,411,338,338,6,73,37,29,5,24,8,136,78,47,52,58,-888888888,-888888888,-888888888,-888888888,-888888888,-888888888,-888888888,-888888888,-888888888,-888888888,-888888888,-888888888,-888888888,-888888888,-888888888,-888888888,-888888888,-888888888,-888888888
2016,Bastrop County; Texas,60448,35684,35650,32589,3061,34,24764,35650,-888888888,29640,16009,15984,14617,5629,2692,13096,8489,31923,25400,4499,67,284,338,1335,34.1,32589,10391,4902,8099,5538,3659,32589,1100,4843,2630,657,3850,2503,459,1209,2839,5720,2161,1667,2951,48,021,32589,23086,6432,3022,49,25822,1391,1150,2787,2360,3795,5104,2971,4227,1364,673,55808,72277,20175,73085,8376,18499,5507,22860,1042,10586,816,1794,3134,18665,623,478,1371,1423,2686,3895,2604,3676,1262,647,67559,82417,25242,7157,30364,41661,31112,44123,36405,76165,61516,46912,24518,14649,20093,2969,46022,33469,30693,24092,22814,2073,6601,2776,1531,1114,485,1245,12553,8815,5763,4472,3738,-888888888,-888888888,-888888888,-888888888,-888888888,-888888888,-888888888,-888888888,-888888888,-888888888,-888888888,-888888888,-888888888,-888888888,-888888888,-888888888,-888888888,-888888888,-888888888
2016,Bee County; Texas,26534,10915,10915,10253,662,0,15619,10915,-888888888,9956,5030,5030,4774,2212,1023,4497,2528,10092,8185,1219,0,220,198,270,21.5,10253,2056,2624,2523,1383,1667,10253,1131,589,573,85,1544,746,78,261,325,2354,706,686,1175,48,025,10253,7222,2373,640,18,8698,803,676,979,1097,1461,1619,783,698,247,335,44005,60079,6592,60252,2824,16499,1423,21329,491,8953,36,3669,1240,6191,397,389,620,771,1199,1263,556,499,217,280,47234,65033,17504,2507,28672,40873,23959,44258,25774,25172,19446,13454,8564,5726,6998,876,14591,10136,9474,6842,6692,357,2632,662,112,81,51,550,4455,2865,1606,1431,1590,-888888888,-888888888,-888888888,-888888888,-888888888,-888888888,-888888888,-888888888,-888888888,-888888888,-888888888,-888888888,-888888888,-888888888,-888888888,-888888888,-888888888,-888888888,-888888888
2016,Crane County; Texas,3435,2092,2092,2023,69,0,1343,2092,-888888888,1716,742,742,708,490,253,910,500,1986,1549,362,24,30,21,0,26.6,2023,344,397,367,483,432,2023,620,124,78,28,139,162,5,38,52,364,130,166,117,48,103,2023,1658,280,85,0,1543,115,41,144,152,171,284,284,235,43,74,60133,75704,1275,77207,341,15117,250,24066,40,10490,9,-999999999,88,1125,77,40,39,107,102,191,225,231,39,74,75175,87690,25367,418,30515,36331,32708,56830,24213,4724,3919,3180,1005,805,1465,158,2713,1977,1908,1517,1424,119,391,69,22,22,0,47,736,527,416,111,209,-888888888,-888888888,-888888888,-888888888,-888888888,-888888888,-888888888,-888888888,-888888888,-888888888,-888888888,-888888888,-888888888,-888888888,-888888888,-888888888,-888888888,-888888888,-888888888
