year,county_name,households_by_type_total_households,households_by_type_total_households_family_househo,households_by_type_total_households_family_househo,households_by_type_total_households_family_househo,households_by_type_total_households_family_househo,households_by_type_total_households_family_househo,households_by_type_total_households_family_househo,households_by_type_total_households_family_househo,households_by_type_total_households_family_househo,households_by_type_total_households_nonfamily_hous,households_by_type_total_households_nonfamily_hous,households_by_type_total_households_nonfamily_hous,households_by_type_households_with_one_or_more_peo,households_by_type_households_with_one_or_more_peo,households_by_type_average_household_size,households_by_type_average_family_size,relationship_population_in_households,relationship_population_in_households_householder,relationship_population_in_households_spouse,relationship_population_in_households_child,relationship_population_in_households_other_relati,relationship_population_in_households_nonrelatives,relationship_population_in_households_nonrelatives,marital_status_males_15_years_and_over,marital_status_males_15_years_and_over_never_marri,marital_status_males_15_years_and_over_now_married,marital_status_males_15_years_and_over_separated,marital_status_males_15_years_and_over_widowed,marital_status_males_15_years_and_over_divorced,marital_status_females_15_years_and_over,marital_status_females_15_years_and_over_never_mar,marital_status_females_15_years_and_over_now_marri,marital_status_females_15_years_and_over_separated,marital_status_females_15_years_and_over_widowed,marital_status_females_15_years_and_over_divorced,fertility_number_of_women_15_to_50_years_old_who_h,fertility_number_of_women_15_to_50_years_old_who_h,fertility_number_of_women_15_to_50_years_old_who_h,fertility_number_of_women_15_to_50_years_old_who_h,fertility_number_of_women_15_to_50_years_old_who_h,fertility_number_of_women_15_to_50_years_old_who_h,fertility_number_of_women_15_to_50_years_old_who_h,grandparents_number_of_grandparents_living_with_ow,grandparents_number_of_grandparents_living_with_ow,grandparents_number_of_grandparents_living_with_ow,state_fips,county_fips,grandparents_number_of_grandparents_living_with_ow,grandparents_number_of_grandparents_living_with_ow,grandparents_number_of_grandparents_living_with_ow,grandparents_number_of_grandparents_responsible_fo,grandparents_number_of_grandparents_responsible_fo,grandparents_number_of_grandparents_responsible_fo,school_enrollment_population_3_years_and_over_enro,school_enrollment_population_3_years_and_over_enro,school_enrollment_population_3_years_and_over_enro,school_enrollment_population_3_years_and_over_enro,school_enrollment_population_3_years_and_over_enro,school_enrollment_population_3_years_and_over_enro,educational_attainment_population_25_years_and_ove,educational_attainment_population_25_years_and_ove,educational_attainment_population_25_years_and_ove,educational_attainment_population_25_years_and_ove,educational_attainment_population_25_years_and_ove,educational_attainment_population_25_years_and_ove,educational_attainment_population_25_years_and_ove,educational_attainment_population_25_years_and_ove,educational_attainment_percent_high_school_graduat,educational_attainment_percent_bachelors_degree_or,veteran_status_civilian_population_18_years_and_ov,veteran_status_civilian_population_18_years_and_ov,disability_status_of_the_civilian_noninstitutional,disability_status_of_the_civilian_noninstitutional,disability_status_of_the_civilian_noninstitutional,disability_status_of_the_civilian_noninstitutional,disability_status_of_the_civilian_noninstitutional,disability_status_of_the_civilian_noninstitutional,disability_status_of_the_civilian_noninstitutional,disability_status_of_the_civilian_noninstitutional,residence_1_year_ago_population_1_year_and_over,residence_1_year_ago_population_1_year_and_over_sa,residence_1_year_ago_population_1_year_and_over_di,residence_1_year_ago_population_1_year_and_over_di,residence_1_year_ago_population_1_year_and_over_di,residence_1_year_ago_population_1_year_and_over_di,residence_1_year_ago_population_1_year_and_over_di,residence_1_year_ago_population_1_year_and_over_ab,place_of_birth_total_population,place_of_birth_total_population_native,place_of_birth_total_population_native_born_in_uni,place_of_birth_total_population_native_born_in_uni,place_of_birth_total_population_native_born_in_uni,place_of_birth_total_population_native_born_in_pue,place_of_birth_total_population_foreign_born,u.s._citizenship_status_foreign_born_population,u.s._citizenship_status_foreign_born_population_na,u.s._citizenship_status_foreign_born_population_no,year_of_entry_population_born_outside_the_united_s,year_of_entry_native,year_of_entry_native_entered_2010_or_later,year_of_entry_native_entered_before_2010,year_of_entry_foreign_born,year_of_entry_foreign_born_entered_2010_or_later,year_of_entry_foreign_born_entered_before_2010,world_region_of_birth_of_foreign_born_foreign_born,world_region_of_birth_of_foreign_born_foreign_born,world_region_of_birth_of_foreign_born_foreign_born,world_region_of_birth_of_foreign_born_foreign_born,world_region_of_birth_of_foreign_born_foreign_born,world_region_of_birth_of_foreign_born_foreign_born,world_region_of_birth_of_foreign_born_foreign_born,language_spoken_at_home_population_5_years_and_ove,language_spoken_at_home_population_5_years_and_ove,language_spoken_at_home_population_5_years_and_ove,language_spoken_at_home_population_5_years_and_ove,language_spoken_at_home_population_5_years_and_ove,language_spoken_at_home_population_5_years_and_ove,language_spoken_at_home_population_5_years_and_ove,language_spoken_at_home_population_5_years_and_ove,language_spoken_at_home_population_5_years_and_ove,language_spoken_at_home_population_5_years_and_ove,language_spoken_at_home_population_5_years_and_ove,language_spoken_at_home_population_5_years_and_ove,ancestry_total_population,ancestry_total_population_american,ancestry_total_population_arab,ancestry_total_population_czech,ancestry_total_population_danish,ancestry_total_population_dutch,ancestry_total_population_english,ancestry_total_population_french_except_basque,ancestry_total_population_french_canadian,ancestry_total_population_german,ancestry_total_population_greek,ancestry_total_population_hungarian,ancestry_total_population_irish,ancestry_total_population_italian,ancestry_total_population_lithuanian,ancestry_total_population_norwegian,ancestry_total_population_polish,ancestry_total_population_portuguese,ancestry_total_population_russian,ancestry_total_population_scotch_irish,ancestry_total_population_scottish,ancestry_total_population_slovak,ancestry_total_population_subsaharan_african,ancestry_total_population_swedish,ancestry_total_population_swiss,ancestry_total_population_ukrainian,ancestry_total_population_welsh,ancestry_total_population_west_indian_excluding_hi,computers_and_internet_use_total_households,computers_and_internet_use_total_households_with_a,computers_and_internet_use_total_households_with_a
2013,James City County; Virginia,26883,19337,6715,15735,4890,802,324,2800,1501,7546,6323,3051,7376,9688,2.50,2.93,67267,26883,15719,18287,3281,3097,712,27071,7067,16931,534,609,1930,29302,5815,16807,539,2947,3194,700,93,14,49,9,97,24,1302,495,73,51,095,204,120,98,495,260,387,16735,853,973,6759,3830,4320,48821,991,2197,10715,9219,3349,12720,9630,-888888888,-888888888,52943,8923,66672,6141,14523,385,37871,2495,14278,3261,67410,59590,7456,2352,5104,3291,1813,364,68171,63285,61963,27472,34491,1322,4886,4886,2590,2296,6208,1322,19,1303,4886,230,4656,4886,1470,1522,227,35,1187,445,64678,60004,4674,1375,2187,808,1204,116,982,332,301,119,68171,6190,499,147,541,943,11517,1882,414,10543,412,344,8629,3596,82,793,1816,205,499,1598,2690,138,175,1017,231,119,723,407,-888888888,-888888888,-888888888
2013,Russell County; Virginia,11191,7684,2496,5984,1837,569,211,1131,448,3507,3118,1545,3094,3551,2.53,3.08,28264,11191,5979,7618,2423,1053,475,11761,3078,6688,278,528,1189,12194,2210,6622,387,1695,1280,210,48,18,34,23,71,9,744,357,45,51,167,109,43,160,357,212,259,5581,378,374,2537,1267,1025,20747,2869,2385,7696,3890,1727,1355,825,-888888888,-888888888,22940,1458,28434,7003,5699,226,17912,3846,4823,2931,28367,25909,2457,1484,973,550,423,1,28646,28342,28276,22370,5906,66,304,304,138,166,370,66,1,65,304,0,304,304,111,82,0,0,87,24,27085,26846,239,116,105,53,56,8,78,55,0,0,28646,7577,0,25,0,438,3102,166,22,2706,194,10,2232,347,0,24,239,9,39,935,423,0,6,18,0,0,155,13,-888888888,-888888888,-888888888
2013,Smyth County; Virginia,12650,8664,2990,6450,1959,699,260,1515,771,3986,3469,1561,3403,4052,2.47,2.98,31184,12650,6413,8682,2063,1376,662,12789,3302,7011,438,503,1535,13791,2669,6628,539,2119,1836,360,110,32,52,18,124,6,661,317,67,51,173,45,56,149,317,184,238,6523,319,377,2756,1612,1459,22845,2267,2333,8907,4271,1640,2119,1308,-888888888,-888888888,25422,2387,31398,6353,6549,439,19120,3294,5729,2620,31526,26653,4786,2943,1843,795,1048,87,31979,31592,31435,24556,6879,157,387,387,118,269,544,157,0,157,387,145,242,387,39,95,9,0,192,52,30172,29588,584,277,435,210,94,41,47,26,8,0,31979,6541,19,8,65,458,2434,301,24,2962,0,15,2104,323,8,42,134,21,19,989,445,0,9,98,73,13,231,40,-888888888,-888888888,-888888888
2013,Bedford city; Virginia,2800,1690,662,1074,309,77,25,539,328,1110,1044,465,821,940,2.07,2.70,5789,2800,1121,1377,374,117,42,2299,674,1141,67,98,319,2951,810,1205,133,308,495,72,44,52,49,0,101,14,270,181,0,51,515,105,19,57,181,125,117,1257,19,106,389,356,387,4406,294,311,1440,970,290,732,369,-888888888,-888888888,4976,641,5826,1336,1065,189,3412,605,1349,542,6016,5261,755,255,500,389,111,0,6052,5922,5809,3693,2116,113,130,130,47,83,243,113,0,113,130,0,130,130,60,25,0,0,45,0,5852,5624,228,69,115,41,113,28,0,0,0,0,6052,1059,0,0,16,357,573,40,56,839,0,25,647,229,54,41,41,0,44,217,146,0,23,79,75,0,0,63,-888888888,-888888888,-888888888
2013,Lexington city; Virginia,1709,855,354,677,232,0,0,178,122,854,732,407,404,601,2.05,2.77,3500,1709,603,809,101,278,34,4145,3386,632,41,39,47,2264,993,739,23,397,112,20,0,0,14,0,0,58,84,21,0,51,678,21,0,0,21,10,21,4347,86,48,268,165,3780,2309,223,277,459,307,81,482,480,-888888888,-888888888,6189,320,5752,628,731,87,4315,223,706,318,7017,5654,1267,315,952,417,535,96,7026,6662,6595,3292,3303,67,364,364,168,196,431,67,4,63,364,59,305,364,23,225,2,8,106,0,6736,6164,572,170,123,50,142,26,293,94,14,0,7026,669,46,10,11,58,1135,281,27,1282,15,33,914,673,0,19,177,13,16,393,503,28,3,87,46,14,142,0,-888888888,-888888888,-888888888
2013,Campbell County; Virginia,21774,15458,5923,11655,3903,924,495,2879,1525,6316,5410,2075,6769,6141,2.50,2.97,54466,21774,11680,15317,3382,2313,1183,21823,6087,12539,386,789,2022,23666,5732,11966,750,2293,2925,613,287,44,48,10,118,7,1603,604,333,51,031,77,55,139,604,414,337,13173,661,495,5366,3378,3273,38116,2310,3883,13883,8147,3379,4552,1962,-888888888,-888888888,43115,4848,54441,7959,11732,420,33699,4245,9010,3294,54357,48800,5551,2258,3293,2762,531,6,54967,53982,53508,40918,12590,474,985,985,401,584,1459,474,17,457,985,24,961,985,228,422,3,0,297,35,52113,50733,1380,380,635,199,336,29,386,142,23,10,54967,14109,25,12,37,503,7003,1004,101,5795,82,184,5956,1827,136,120,517,123,69,1234,1195,100,115,259,120,0,211,88,-888888888,-888888888,-888888888
2013,Henry County; Virginia,22690,15386,5493,11005,3228,1051,402,3330,1863,7304,6723,3055,6168,7703,2.33,2.86,52896,22690,11048,13843,3740,1575,824,21046,5578,11287,722,879,2580,23480,4696,11640,679,3166,3299,625,167,28,53,30,129,6,1163,581,39,51,089,70,194,278,581,392,406,11400,539,732,4716,2807,2606,38640,3548,5326,13325,8251,3853,2937,1400,-888888888,-888888888,42551,4277,52905,9689,10836,500,31481,5323,10588,3866,52897,46628,6220,3601,2619,1388,1231,49,53451,51772,51624,38216,13408,148,1679,1679,435,1244,1827,148,0,148,1679,29,1650,1679,93,234,11,6,1331,4,50628,47752,2876,1538,2404,1356,266,49,201,133,5,0,53451,10630,0,19,38,386,4908,556,74,3490,209,72,4155,490,6,65,310,0,76,780,852,30,78,106,85,7,239,0,-888888888,-888888888,-888888888
2013,Mathews County; Virginia,3856,2880,850,2198,513,268,119,414,218,976,888,518,906,1535,2.29,2.66,8838,3856,2239,2182,361,200,101,3709,859,2342,76,192,240,4104,696,2391,150,461,406,67,17,22,39,0,44,50,57,29,0,51,115,29,0,0,29,29,0,1766,44,149,708,513,352,6900,157,616,2380,1516,357,937,937,-888888888,-888888888,7257,1125,8812,1048,1611,73,4873,395,2328,580,8862,8155,688,286,402,321,81,19,8943,8793,8715,6086,2629,78,150,150,116,34,228,78,17,61,150,0,150,150,67,22,0,0,21,40,8727,8525,202,30,100,13,40,0,17,17,45,0,8943,1083,45,0,129,125,2560,65,158,970,12,0,1383,350,20,20,256,30,219,100,453,0,305,7,50,0,172,0,-888888888,-888888888,-888888888
2013,King George County; Virginia,8314,6034,2964,4913,2161,288,149,833,654,2280,1806,512,3152,1703,2.86,3.36,23786,8314,4956,8056,1236,1224,492,9286,2828,5239,193,197,829,9458,2213,5268,300,688,989,440,174,65,73,85,143,22,520,254,106,51,099,37,14,97,254,167,164,6286,235,372,2885,1359,1435,15613,290,1102,4510,3698,1153,2870,1990,-888888888,-888888888,16953,3007,23413,2886,6565,245,14387,1770,2461,871,23753,20025,3631,950,2681,1364,1317,97,24151,23689,23337,11379,11958,352,462,462,316,146,814,352,12,340,462,18,444,462,127,220,53,6,56,0,22362,21443,919,176,350,69,296,36,248,71,25,0,24151,1621,13,46,38,536,3755,805,66,4308,129,46,2787,1211,33,243,730,36,96,280,536,17,93,137,17,22,130,76,-888888888,-888888888,-888888888
2013,Lancaster County; Virginia,5182,3142,903,2440,458,162,142,540,303,2040,1940,1207,1038,2494,2.14,2.76,11087,5182,2374,2483,681,367,205,4559,994,2638,59,434,434,5299,910,2572,61,1095,661,60,6,6,33,0,79,4,298,71,0,51,103,5,11,55,71,26,71,1815,104,46,898,401,366,8879,323,749,2676,1834,784,1506,1007,-888888888,-888888888,9528,1460,11112,1911,1767,117,5858,593,3487,1201,11231,10146,1013,552,461,324,137,72,11303,11103,11050,7412,3638,53,200,200,135,65,253,53,0,53,200,22,178,200,80,78,0,0,42,0,10870,10470,400,62,245,40,108,22,47,0,0,0,11303,1031,10,5,26,134,3016,294,17,973,17,11,980,243,95,109,197,9,18,226,362,40,0,38,40,26,131,12,-888888888,-888888888,-888888888
2013,Lee County; Virginia,9653,6604,2420,4849,1695,692,277,1063,448,3049,2799,1323,2987,3134,2.49,3.02,24042,9653,4885,6705,1734,1065,480,11158,3497,5549,309,328,1475,10155,2101,5095,248,1623,1088,319,131,51,60,18,141,12,705,505,115,51,105,145,127,118,505,325,403,5344,238,273,2344,1154,1335,18455,2606,2157,6095,4268,1173,1424,732,-888888888,-888888888,20414,1823,24115,6220,5083,238,14829,3794,4203,2188,25186,22612,2521,1588,933,304,629,53,25497,25229,25148,14928,10220,81,268,268,71,197,349,81,0,81,268,4,264,268,5,58,0,13,192,0,24184,23466,718,183,281,131,268,20,83,12,86,20,25497,5900,102,0,0,222,2126,376,28,2310,48,19,3132,405,0,45,108,0,12,679,366,0,178,47,41,0,104,24,-888888888,-888888888,-888888888
2013,Prince Edward County; Virginia,7453,4913,1927,3481,1123,300,173,1132,631,2540,2119,814,2263,2299,2.48,3.02,18461,7453,3537,4843,1560,1068,332,9872,4839,3764,352,135,782,10098,4440,3712,297,904,745,497,331,72,76,30,149,37,607,236,18,51,147,93,0,125,236,113,201,8441,181,254,1787,957,5262,12787,859,1766,4596,2241,521,1425,1379,-888888888,-888888888,19259,1452,22560,3496,3900,449,15489,1797,3171,1250,22870,18779,4065,844,3221,2326,895,26,23166,22625,22507,16446,6061,118,541,541,330,211,659,118,0,118,541,25,516,541,85,187,0,0,214,55,22178,20849,1329,360,890,337,395,23,37,0,7,0,23166,3798,65,45,23,282,2250,314,77,2397,24,13,1580,856,0,67,388,31,194,264,585,0,58,225,155,11,161,9,-888888888,-888888888,-888888888
2013,Prince George County; Virginia,10848,8955,4096,7177,3043,591,407,1187,646,1893,1738,639,4412,2684,2.92,3.23,31706,10848,7146,10894,1936,882,268,16579,5956,8334,557,275,1457,13190,3118,7550,465,998,1059,269,38,11,34,0,71,16,931,346,40,51,149,61,82,163,346,216,191,9040,316,504,3892,1967,2361,24890,1152,2345,8556,6242,2138,2927,1530,-888888888,-888888888,26352,4312,30614,4186,8048,403,18618,2247,3948,1536,36172,29738,6122,1257,4865,2282,2583,312,36462,34920,33903,19388,14515,1017,1542,1542,707,835,2559,1017,60,957,1542,105,1437,1542,227,430,163,23,586,113,34612,31931,2681,776,1366,422,828,228,308,87,179,39,36462,4243,40,350,16,328,4468,667,185,3286,28,132,2383,797,21,82,517,98,191,617,606,38,597,31,0,26,87,173,-888888888,-888888888,-888888888
2013,Rockingham County; Virginia,29440,21052,8078,17100,6158,1018,429,2934,1491,8388,6969,3140,9046,8798,2.56,3.04,75253,29440,17064,22085,3878,2786,1537,30026,8312,17770,386,897,2661,32050,6847,18001,620,3279,3303,1120,309,39,64,59,117,23,1680,801,100,51,165,356,4,341,801,480,610,18414,1226,800,8219,4022,4147,51873,4772,5226,19169,7968,2600,7533,4605,-888888888,-888888888,58854,4837,76458,9196,17974,713,46124,4308,12360,4175,75873,67570,8117,3853,4264,3268,996,186,76885,73234,72711,53488,19223,523,3651,3651,987,2664,4174,523,15,508,3651,70,3581,3651,733,633,75,17,2120,73,72308,66171,6137,2269,3787,1657,2099,500,138,62,113,50,76885,20716,336,105,175,951,7013,1213,80,15736,169,80,5454,1667,55,433,647,3,413,1606,1249,88,101,377,1018,601,303,59,-888888888,-888888888,-888888888
2013,Scott County; Virginia,9692,6876,2269,5481,1747,406,129,989,393,2816,2598,1382,2555,3326,2.32,2.77,22454,9692,5489,5692,1007,574,295,9683,2062,5901,219,434,1067,9653,1412,5622,273,1391,955,114,19,12,24,9,51,9,346,225,18,51,169,52,108,47,225,143,162,4076,337,379,1830,785,745,16852,2514,1723,6503,3147,1123,1207,635,-888888888,-888888888,18542,1501,22498,5244,4393,209,13641,2949,4464,2086,22820,20493,2323,1441,882,480,402,4,22940,22749,22697,8505,14192,52,191,191,58,133,243,52,0,52,191,9,182,191,33,58,0,0,91,9,21813,21542,271,102,157,44,23,0,89,58,2,0,22940,5238,0,0,0,329,2022,303,117,1893,23,35,3093,315,0,0,49,10,9,802,369,0,0,17,0,0,70,0,-888888888,-888888888,-888888888
2013,Surry County; Virginia,2602,1855,689,1318,415,181,121,356,153,747,660,291,821,880,2.66,3.21,6922,2602,1301,2264,527,228,131,2850,802,1499,110,54,385,2939,810,1472,107,244,306,78,68,92,51,17,139,11,239,48,17,51,181,4,0,27,48,35,30,1562,79,84,584,419,396,4958,378,721,1677,1160,195,553,274,-888888888,-888888888,5504,702,6916,1060,1412,55,4328,576,1176,429,6832,6277,555,135,420,303,117,0,6922,6849,6817,5599,1218,32,73,73,72,1,105,32,0,32,73,0,73,73,13,59,0,0,1,0,6562,6451,111,0,45,0,2,0,64,0,0,0,6922,582,0,23,0,21,1136,67,12,598,0,0,513,145,7,15,74,0,4,82,66,67,123,2,0,0,12,2,-888888888,-888888888,-888888888
2013,Appomattox County; Virginia,5803,4273,1575,3143,1022,406,142,724,411,1530,1325,743,1854,1917,2.58,2.99,14964,5803,3122,4287,1094,658,368,5836,1504,3311,207,201,613,6447,1366,3226,286,712,857,162,106,68,50,20,112,6,407,178,43,51,011,65,22,48,178,104,140,3478,182,169,1724,701,702,10675,658,1241,4078,2305,787,1080,526,-888888888,-888888888,11741,1481,14974,2479,3300,289,9026,1214,2648,976,14895,14227,668,330,338,265,73,0,15054,14914,14807,11028,3779,107,140,140,69,71,247,107,0,107,140,0,140,140,73,32,8,0,27,0,14219,14043,176,69,126,48,31,21,0,0,19,0,15054,5010,0,17,23,307,1813,243,51,1036,10,24,977,479,0,51,185,150,43,138,310,14,8,35,45,73,2,0,-888888888,-888888888,-888888888
2013,Franklin County; Virginia,23358,16857,6231,13789,4608,755,359,2313,1264,6501,5552,2486,7121,7290,2.34,2.74,54752,23358,13779,13626,1879,2110,1340,23035,5670,14265,266,605,2229,23800,4335,13891,713,2377,2484,933,292,57,77,37,165,26,1324,609,204,51,067,79,161,165,609,371,450,12222,699,557,5452,2353,3161,40071,3068,3870,13520,9049,2901,5047,2616,-888888888,-888888888,44795,4703,55877,8422,11400,651,34241,4441,10236,3330,55455,47479,7944,4514,3430,2520,910,32,56195,54765,54520,39538,14982,245,1430,1430,617,813,1675,245,0,245,1430,41,1389,1430,278,393,57,29,618,55,53334,51641,1693,758,1195,609,311,143,130,6,57,0,56195,10058,84,228,37,539,6685,1002,318,7648,38,237,6481,948,85,251,845,36,112,1287,1201,78,133,220,140,63,216,71,-888888888,-888888888,-888888888
2013,Mecklenburg County; Virginia,12650,7934,2633,5786,1620,495,268,1653,745,4716,4294,2177,3153,4854,2.42,3.10,30586,12650,5787,8487,2379,1283,530,13190,4217,6324,577,624,1448,13972,3644,6207,586,2152,1383,393,263,77,62,39,111,35,830,402,118,51,117,87,65,132,402,284,251,6535,269,350,2918,1537,1461,23567,2094,3357,8320,4984,1577,1949,1286,-888888888,-888888888,26004,2884,30844,5744,6265,392,17941,2763,6638,2589,31922,29427,2432,1165,1267,905,362,63,32274,31637,31417,22310,9107,220,637,637,309,328,857,220,0,220,637,89,548,637,186,135,55,0,258,3,30735,29986,749,279,434,202,199,62,47,15,69,0,32274,5920,48,27,29,159,3431,405,85,2170,19,126,2026,585,7,178,137,3,72,394,334,9,668,86,14,10,123,67,-888888888,-888888888,-888888888
2013,Montgomery County; Virginia,34789,19187,8105,15483,6006,1034,607,2670,1492,15602,9514,2468,8594,6568,2.44,2.91,84988,34789,15535,18204,2815,13645,2061,42796,22350,16402,710,703,2631,39608,16681,16043,728,2697,3459,898,191,11,32,3,46,26,971,189,39,51,121,13,0,137,189,142,120,41268,852,768,6642,3127,29879,50531,1931,3323,11566,8513,3775,10573,10850,-888888888,-888888888,79635,4888,94343,8358,15075,475,70073,4816,9195,3067,94026,67974,25234,11558,13676,8870,4806,818,94910,86242,85113,51359,33754,1129,8668,8668,2298,6370,9797,1129,42,1087,8668,1192,7476,8668,2081,4544,826,45,949,223,90685,80748,9937,2481,1812,430,3776,600,3395,1278,954,173,94910,12579,996,435,181,1558,10210,1836,427,15063,870,413,11625,4080,79,474,1969,116,684,2138,2503,168,639,743,311,393,565,66,-888888888,-888888888,-888888888
2013,Augusta County; Virginia,27999,20511,7679,16589,5660,1323,628,2599,1391,7488,6536,3105,8697,8879,2.50,2.94,69917,27999,16557,19751,3434,2176,1248,31296,9125,17328,679,1093,3071,30013,5500,17508,735,3297,2973,895,291,45,57,5,129,25,1948,791,192,51,015,93,147,359,791,480,656,14843,850,876,6650,3878,2589,52831,2995,5337,21938,9047,3027,6991,3496,-888888888,-888888888,58239,6308,69902,9345,15261,648,42415,4794,12226,3903,72887,66731,6026,2909,3117,2522,595,130,73726,72319,71855,53699,18156,464,1407,1407,649,758,1871,464,15,449,1407,93,1314,1407,314,330,7,11,672,73,70149,67973,2176,776,1281,500,658,224,141,52,96,0,73726,19617,84,49,73,1127,8274,1349,99,14654,36,233,6859,1580,419,360,643,34,209,3402,1539,67,49,583,244,97,308,87,-888888888,-888888888,-888888888
2013,Cumberland County; Virginia,4049,2723,908,1920,600,230,148,573,160,1326,1139,461,1071,1304,2.44,2.98,9899,4049,1898,2740,742,470,188,4031,1295,2048,207,98,383,4130,902,1958,220,476,574,80,0,0,36,0,94,0,225,150,110,51,049,0,12,28,150,85,138,2189,103,112,880,619,475,6767,660,901,2653,1208,397,693,255,-888888888,-888888888,7745,847,9934,1709,2198,207,6020,881,1716,621,9792,9171,610,155,455,346,109,11,9943,9825,9749,7283,2466,76,118,118,9,109,194,76,0,76,118,0,118,118,0,0,0,0,118,0,9351,8960,391,26,330,26,61,0,0,0,0,0,9943,2077,0,0,0,27,1080,132,88,654,0,5,818,192,0,51,126,45,0,144,163,20,181,16,96,0,43,9,-888888888,-888888888,-888888888
2013,Goochland County; Virginia,8058,6394,2050,5710,1767,187,30,497,253,1664,1468,563,2240,2580,2.40,2.71,19324,8058,5691,4795,471,309,239,8918,2124,5997,119,150,528,9163,1647,6045,90,619,762,382,71,37,83,14,165,59,339,152,29,51,075,10,63,50,152,94,114,4490,313,196,1825,1212,944,16011,701,1318,4047,2846,1013,3595,2491,-888888888,-888888888,17269,2026,19352,1790,4215,91,11640,849,3497,850,21409,19811,1586,397,1189,882,307,12,21565,20965,20778,13726,7052,187,600,600,411,189,787,187,21,166,600,8,592,600,210,148,83,8,104,47,20621,19511,1110,328,527,188,414,76,28,0,141,64,21565,2001,179,90,35,74,3418,533,56,2675,96,116,2132,656,63,146,581,2,208,399,634,1,98,82,39,20,312,3,-888888888,-888888888,-888888888
2013,Halifax County; Virginia,14770,9658,3649,6722,2004,512,246,2424,1399,5112,4826,2422,4119,5115,2.38,2.99,35127,14770,6687,10345,2200,1125,537,13892,4243,6901,464,514,1770,15662,3694,7035,789,2438,1706,426,187,48,58,75,107,16,929,444,112,51,083,86,161,85,444,221,391,7761,360,294,3719,2028,1360,25461,2245,3132,8889,5312,2012,2322,1549,-888888888,-888888888,28105,2721,35203,6101,7794,345,20455,3116,6954,2640,35548,31660,3825,2661,1164,691,473,63,35938,35415,35226,28183,7043,189,523,523,311,212,712,189,0,189,523,1,522,523,64,139,7,3,257,53,33996,33262,734,397,440,275,138,12,151,106,5,4,35938,8067,45,58,1,131,3624,361,31,1929,5,51,1553,427,38,56,129,0,0,467,537,0,201,176,83,18,144,44,-888888888,-888888888,-888888888
2013,Madison County; Virginia,5024,3528,1185,2862,931,190,80,476,174,1496,1173,550,1350,1734,2.60,3.09,13042,5024,2820,3769,798,631,376,5244,1363,3128,91,139,523,5620,1408,2891,134,576,611,72,35,24,25,0,73,7,173,51,0,51,113,0,2,49,51,35,49,3004,125,108,1389,884,498,9413,582,1324,3101,1799,556,1329,722,-888888888,-888888888,10337,1356,13101,1781,2912,41,7767,818,2422,922,13142,11596,1540,637,903,813,90,6,13249,12856,12806,9044,3762,50,393,393,243,150,443,50,0,50,393,6,387,393,159,120,0,22,55,37,12523,12259,264,57,9,9,121,9,134,39,0,0,13249,1629,0,10,2,213,3464,274,15,2299,0,11,1620,560,57,10,117,35,31,435,213,1,77,76,87,19,34,53,-888888888,-888888888,-888888888
2013,Prince William County; Virginia,132442,103008,56870,79859,43732,7031,4035,16118,9103,29434,23233,5359,62031,21179,3.11,3.51,412410,132442,79921,145134,33714,21199,7326,155987,51627,88528,3490,1923,10419,160262,43542,87058,5386,8670,15606,7439,1896,39,67,10,122,37,12654,3894,687,51,153,772,1055,1380,3894,2416,2978,124823,7216,7174,52580,25423,32430,260984,13072,15436,55306,58671,19020,59532,39947,-888888888,-888888888,290294,40034,407658,27867,119172,3136,258952,15555,29534,9176,409929,350405,56486,24029,32457,17848,14609,3038,416668,327477,316429,144995,171434,11048,89191,89191,43440,45751,100239,11048,417,10631,89191,3255,85936,89191,5361,25269,11041,99,46564,857,382771,267303,115468,45533,69066,31290,19181,4824,15608,6693,11613,2726,416668,22206,3769,993,1061,3230,32957,8635,2741,47064,1856,1179,40840,18282,635,2329,9001,1112,2429,3907,8156,1000,15631,3950,1435,1076,2663,4171,-888888888,-888888888,-888888888
2013,Southampton County; Virginia,6708,4770,1820,3460,1140,219,117,1091,563,1938,1663,679,2172,2089,2.52,3.04,16891,6708,3450,4983,1275,475,314,8085,2553,3735,470,221,1106,7334,1555,3858,316,806,799,167,64,36,43,7,106,10,433,250,39,51,175,89,45,77,250,190,159,4245,245,218,1628,1086,1068,13276,1111,1816,4531,3095,913,1271,539,-888888888,-888888888,14660,2173,17146,2586,3734,181,10658,1301,2754,1104,18283,16419,1835,726,1109,945,164,29,18444,18246,18211,13734,4477,35,198,198,111,87,233,35,0,35,198,7,191,198,34,58,1,0,105,0,17537,17188,349,34,189,16,109,18,36,0,15,0,18444,2924,1,11,35,93,1960,310,49,957,6,50,1266,480,2,4,216,3,56,38,259,0,623,43,2,0,43,35,-888888888,-888888888,-888888888
2013,Brunswick County; Virginia,5826,3943,1165,2679,715,262,56,1002,394,1883,1691,730,1696,2125,2.55,3.12,14836,5826,2672,3871,1826,641,239,7735,3534,2986,276,221,718,6910,2117,2888,281,966,658,153,81,38,43,30,62,31,805,421,92,51,025,130,63,136,421,236,216,3778,248,99,1584,842,1005,12168,1418,2070,4004,2190,997,871,618,-888888888,-888888888,13958,887,15280,2685,3232,129,9196,1267,2852,1289,17087,15542,1535,704,831,703,128,10,17220,16959,16886,12868,4018,73,261,261,195,66,334,73,0,73,261,5,256,261,23,108,9,0,121,0,16422,15936,486,154,297,106,130,35,44,13,15,0,17220,1597,14,12,15,14,1099,206,3,854,2,0,724,128,0,23,2,14,10,245,245,0,313,45,4,0,97,55,-888888888,-888888888,-888888888
2013,Caroline County; Virginia,10680,7820,3180,5426,2011,716,281,1678,888,2860,2245,900,3871,2843,2.56,2.93,27342,10680,5385,7401,2305,1571,950,11256,3118,6022,518,505,1093,11814,2919,5700,289,1293,1613,359,152,44,53,29,102,18,1077,481,34,51,033,118,74,255,481,232,300,6206,217,345,3115,1415,1114,19562,1073,2664,7312,4364,869,2197,1083,-888888888,-888888888,21529,2747,27335,3831,6775,242,16780,2127,3780,1462,28398,23968,4418,2123,2295,1793,502,12,28757,27941,27406,18644,8762,535,816,816,539,277,1351,535,0,535,816,33,783,816,315,181,30,5,236,49,26877,25566,1311,391,759,97,311,122,150,102,91,70,28757,2945,44,67,53,502,2725,1120,116,3539,236,190,2433,1475,28,146,541,0,199,359,483,39,289,137,10,67,120,51,-888888888,-888888888,-888888888
2013,Northampton County; Virginia,5149,2984,873,2170,538,124,36,690,299,2165,1857,877,1146,2059,2.32,3.08,11971,5149,2164,2682,1365,611,198,4728,1522,2244,62,398,502,5548,1466,2504,154,880,544,82,65,48,33,61,65,0,341,124,12,51,131,9,4,99,124,97,58,2118,162,99,1020,505,332,9121,980,1017,3214,1548,521,1179,662,-888888888,-888888888,9863,1133,12046,1584,2435,60,6884,569,2727,955,12215,11097,1113,547,566,413,153,5,12339,11555,11443,8434,3009,112,784,784,242,542,896,112,0,112,784,11,773,784,52,67,2,0,619,44,11638,10733,905,459,778,403,57,15,56,37,14,4,12339,5806,0,4,3,34,1048,95,16,741,47,14,442,208,5,36,70,10,14,79,96,0,76,19,7,61,24,29,-888888888,-888888888,-888888888
2013,Patrick County; Virginia,7846,5185,1709,4121,1094,179,71,885,544,2661,2362,1211,1987,2847,2.32,2.90,18190,7846,4113,4942,783,506,267,7632,1889,4192,207,304,1040,7966,1253,4318,359,1036,1000,127,44,28,35,0,64,26,384,223,47,51,141,115,5,56,223,119,159,3864,111,224,1799,829,901,13733,1525,1873,4621,2987,1254,987,486,-888888888,-888888888,14967,1588,18228,3642,3478,103,10828,2027,3922,1512,18365,16682,1683,624,1059,936,123,0,18445,18191,18165,11621,6544,26,254,254,34,220,280,26,0,26,254,0,254,254,48,2,32,0,172,0,17701,17328,373,123,237,106,121,14,12,0,3,3,18445,3131,3,22,11,126,2144,135,60,1063,15,0,1627,102,0,89,83,0,14,157,361,11,0,47,27,23,83,0,-888888888,-888888888,-888888888
2013,Rockbridge County; Virginia,9234,6291,1845,5166,1421,417,191,708,233,2943,2564,1269,2227,3397,2.40,2.91,22137,9234,5121,5345,1542,895,368,9300,2493,5462,89,272,984,9673,1758,5388,207,1177,1143,264,87,45,59,18,108,32,648,269,113,51,163,139,0,17,269,147,252,4036,345,133,1895,927,736,16492,1151,1422,6320,2894,882,2264,1559,-888888888,-888888888,18193,2579,22152,3731,4100,140,13253,1745,4799,1846,22093,19866,2192,1237,955,627,328,35,22345,21947,21724,15829,5895,223,398,398,241,157,621,223,0,223,398,28,370,398,141,121,0,0,136,0,21297,20493,804,266,397,151,264,68,142,46,1,1,22345,5910,53,53,106,215,2756,304,42,3642,44,27,2481,502,0,28,160,38,150,1247,447,0,24,97,72,0,83,16,-888888888,-888888888,-888888888
2013,Shenandoah County; Virginia,17397,12209,4679,9463,3154,1080,502,1666,1023,5188,4400,1977,5284,5668,2.40,2.85,41805,17397,9396,11158,2023,1831,927,16787,4336,9834,343,421,1853,17905,3336,9939,336,2155,2139,458,174,43,50,51,86,23,704,306,28,51,171,55,138,85,306,170,267,8821,351,605,4179,2035,1651,29998,1717,2904,11816,5851,1756,3703,2251,-888888888,-888888888,33042,3629,41883,5323,9180,348,24888,2222,7815,2753,41945,35246,6588,2892,3696,2165,1531,111,42270,40549,39906,27124,12782,643,1721,1721,717,1004,2364,643,0,643,1721,69,1652,1721,233,279,9,0,1143,57,39833,36859,2974,1348,2272,1176,315,54,319,85,68,33,42270,9377,17,53,26,503,4947,742,293,9815,59,68,4667,1084,29,89,433,106,89,758,843,0,57,217,192,47,237,29,-888888888,-888888888,-888888888
2013,Norton city; Virginia,1706,902,351,573,223,73,20,256,108,804,649,168,401,380,2.31,3.22,3949,1706,585,1115,303,240,90,1367,398,687,79,78,125,1968,606,670,123,225,344,0,0,0,0,0,0,0,143,65,22,51,720,0,43,0,65,54,23,1033,31,18,422,271,291,2649,263,231,606,701,305,368,175,-888888888,-888888888,3185,265,3949,585,813,12,2691,352,445,221,3998,3301,697,221,476,345,131,0,3998,3897,3897,2690,1207,0,101,101,10,91,101,0,0,0,101,0,101,101,10,0,0,0,91,0,3878,3761,117,74,107,74,10,0,0,0,0,0,3998,657,0,0,0,20,229,26,0,211,0,152,576,133,0,0,25,0,10,119,130,0,0,0,0,0,0,0,-888888888,-888888888,-888888888
2013,Staunton city; Virginia,10495,5939,2272,4136,1265,477,224,1326,783,4556,4049,1831,2499,3463,2.15,2.86,22545,10495,4150,5909,981,1010,559,8749,2670,4289,177,444,1169,11452,3353,4358,424,1517,1800,142,30,8,23,0,47,6,450,252,0,51,790,15,19,218,252,141,225,5261,355,165,2012,944,1785,16896,877,1727,5416,3217,932,2957,1770,-888888888,-888888888,19378,1819,23358,3871,4554,241,14327,1812,4477,1818,23850,19479,4263,1476,2787,2291,496,108,23989,23237,23107,16156,6951,130,752,752,291,461,882,130,0,130,752,157,595,752,270,210,15,0,209,48,22639,21728,911,260,397,74,397,116,108,70,9,0,23989,4913,53,12,37,337,2839,746,99,3986,64,65,2649,1133,14,64,340,16,56,1103,556,0,143,322,78,18,295,51,-888888888,-888888888,-888888888
2013,Fluvanna County; Virginia,9462,6937,2578,5710,1989,273,87,954,502,2525,2147,864,2908,2906,2.60,3.05,24591,9462,5641,7172,1381,935,485,9324,2188,5898,200,329,709,11745,2764,6030,594,1041,1316,301,76,23,44,0,63,37,568,193,0,51,065,44,75,74,193,97,165,5814,383,364,2413,1396,1258,18372,883,1780,5177,3811,1428,3428,1865,-888888888,-888888888,20033,2283,24547,3048,5778,40,14525,1462,4244,1546,25593,23355,2238,567,1671,1297,374,0,25860,25148,24674,15465,9209,474,712,712,418,294,1186,474,0,474,712,0,712,712,407,138,13,0,94,60,24388,23470,918,291,458,61,322,152,132,78,6,0,25860,2808,11,28,170,357,4486,943,145,4370,14,100,3160,1248,80,112,530,74,239,364,435,57,81,111,71,16,69,24,-888888888,-888888888,-888888888
2013,Amelia County; Virginia,4808,3622,1389,2834,927,185,110,603,352,1186,998,390,1526,1499,2.62,3.00,12577,4808,2844,3719,695,511,211,5180,1277,3014,101,141,647,5344,1080,2964,114,650,536,153,112,90,55,160,73,16,342,110,34,51,007,0,0,76,110,20,86,2421,139,159,984,727,412,9027,627,1276,3284,1887,686,945,322,-888888888,-888888888,9914,1082,12605,1901,2787,28,7831,1161,1987,712,12519,11704,798,279,519,401,118,17,12712,12558,12502,9078,3424,56,154,154,65,89,210,56,0,56,154,3,151,154,9,52,0,0,67,26,11952,11505,447,181,352,126,40,0,32,32,23,23,12712,2013,0,9,0,133,2199,183,16,1470,96,23,1104,293,0,74,95,0,0,140,132,0,189,8,60,7,112,0,-888888888,-888888888,-888888888
2013,Radford city; Virginia,5516,2409,1152,1696,681,157,64,556,407,3107,1938,531,1201,958,2.49,2.99,13760,5516,1704,2673,419,3448,295,7092,4521,1954,108,78,431,7864,5020,1738,71,454,581,115,21,4,18,0,25,25,44,11,0,51,750,11,0,0,11,11,11,9304,145,89,942,555,7573,6698,411,477,1334,1416,910,1222,928,-888888888,-888888888,14384,918,16542,1825,2201,103,12995,1135,1346,587,16531,10073,6365,2018,4347,3752,595,93,16705,16013,15935,11037,4898,78,692,692,294,398,770,78,0,78,692,75,617,692,118,184,150,0,219,21,16172,15096,1076,457,571,299,116,14,213,34,176,110,16705,1852,10,29,32,96,1628,308,79,2692,135,25,2327,586,14,128,300,0,165,400,379,27,249,37,60,12,244,67,-888888888,-888888888,-888888888
2013,Winchester city; Virginia,10393,5666,2509,3768,1414,517,338,1381,757,4727,3683,1251,2853,2741,2.46,3.22,25576,10393,3701,7061,1826,2595,889,10435,4321,4274,374,271,1195,11075,3423,4302,385,1155,1810,290,217,52,44,0,90,4,486,197,46,51,840,40,0,111,197,149,91,6546,179,404,2613,1122,2228,17372,1514,1308,5189,3205,1196,2884,2076,-888888888,-888888888,20491,1648,26311,3326,5980,165,16773,1906,3558,1255,26215,20462,5693,1464,4229,3486,743,60,26587,23514,22869,13346,9523,645,3073,3073,776,2297,3718,645,38,607,3073,91,2982,3073,367,421,82,0,2121,82,24773,20400,4373,2429,3224,2113,721,192,359,124,69,0,26587,2873,219,84,6,229,2948,419,94,4629,51,89,2859,1308,19,93,534,64,123,606,537,45,96,161,31,9,252,318,-888888888,-888888888,-888888888
2013,Accomack County; Virginia,14333,9277,3020,6763,1852,656,248,1858,920,5056,4290,1770,3745,4605,2.25,2.77,32280,14333,6830,7395,2153,1569,608,13151,3787,7579,342,346,1097,14272,3365,6896,647,1929,1435,214,119,33,31,0,59,14,802,301,50,51,001,50,23,178,301,179,250,6304,359,329,3133,1412,1071,23838,1924,3314,9109,3883,1506,2201,1901,-888888888,-888888888,26166,3255,32844,3911,6994,225,19533,1916,6317,1770,33076,30791,2145,938,1207,257,950,140,33289,30952,30714,17983,12731,238,2337,2337,531,1806,2575,238,13,225,2337,290,2047,2337,184,78,0,8,1989,78,31271,28098,3173,1821,2608,1631,470,163,70,27,25,0,33289,13328,14,20,52,149,3027,401,76,2018,72,174,1844,767,34,143,297,49,55,243,474,41,241,99,23,32,80,374,-888888888,-888888888,-888888888
2013,Craig County; Virginia,2122,1472,555,1251,417,71,58,150,80,650,579,265,671,635,2.43,2.99,5166,2122,1270,1217,444,113,54,1905,318,1253,2,0,332,2169,395,1336,11,190,237,36,19,46,34,0,89,0,168,72,0,51,045,0,0,72,72,33,72,1272,94,51,709,207,211,3682,231,148,1577,870,320,386,150,-888888888,-888888888,3899,636,5174,984,1275,2,3018,527,881,455,5158,4792,366,256,110,77,33,0,5199,5184,5148,3997,1151,36,15,15,14,1,51,36,0,36,15,0,15,15,15,0,0,0,0,0,4886,4802,84,2,70,2,14,0,0,0,0,0,5199,1129,0,0,0,2,743,149,0,745,0,0,608,64,0,40,54,0,1,366,45,0,0,12,0,0,106,0,-888888888,-888888888,-888888888
2013,Floyd County; Virginia,6086,4126,1458,3583,1261,104,48,439,149,1960,1600,680,1559,1945,2.51,3.07,15289,6086,3605,4370,581,647,302,6278,1569,3576,34,144,955,6433,1066,3718,70,802,777,78,3,2,24,6,54,10,230,88,0,51,063,48,32,8,88,42,88,2912,168,120,1451,898,275,11148,1005,1067,4087,2447,757,1305,480,-888888888,-888888888,12119,1305,15293,2403,3252,120,9288,1153,2753,1130,15255,14217,1025,479,546,282,264,13,15371,15063,14939,10958,3981,124,308,308,265,43,432,124,0,124,308,0,308,308,31,89,0,0,188,0,14562,14089,473,317,261,226,123,2,89,89,0,0,15371,2775,0,30,0,165,1208,320,0,2361,29,105,1251,400,13,0,142,25,101,574,654,0,3,65,44,0,174,2,-888888888,-888888888,-888888888
2013,Giles County; Virginia,7167,4823,1591,3586,1127,315,134,922,330,2344,2052,1013,1943,2350,2.37,2.90,16953,7167,3602,4490,1053,641,433,6815,1890,3754,185,316,670,7333,1427,3613,302,1048,943,287,161,86,75,15,163,30,583,297,9,51,071,30,58,200,297,190,202,3510,153,191,1676,787,703,12095,1003,1352,4506,2195,1035,1225,779,-888888888,-888888888,13476,1323,16968,3485,3625,311,10261,1768,3082,1406,16854,14480,2337,1526,811,454,357,37,17111,16897,16788,12053,4735,109,214,214,70,144,323,109,0,109,214,6,208,214,43,59,0,0,112,0,16163,15405,758,129,163,7,561,106,34,16,0,0,17111,5433,6,31,0,98,2129,411,8,2103,58,32,2038,282,23,20,222,13,36,333,344,0,7,202,73,0,49,0,-888888888,-888888888,-888888888
2013,Grayson County; Virginia,6618,4378,1451,3287,872,304,157,787,422,2240,1956,925,1714,2372,2.30,2.79,15212,6618,3310,3592,920,772,340,6281,1564,3541,201,303,672,6837,1089,3614,384,917,833,180,92,67,56,0,141,13,360,212,12,51,077,15,70,115,212,106,199,2747,126,116,1231,813,461,11472,1432,1407,4335,1992,1052,891,363,-888888888,-888888888,12482,1091,15257,3090,2894,227,9103,1671,3260,1192,15252,13247,2002,1321,681,498,183,3,15377,15245,15147,10380,4767,98,132,132,36,96,230,98,0,98,132,1,131,132,16,4,0,0,112,0,14691,14319,372,58,307,56,65,2,0,0,0,0,15377,3385,19,0,0,156,1658,113,5,1455,0,27,1278,147,0,22,26,0,3,301,338,17,0,75,43,0,72,0,-888888888,-888888888,-888888888
2013,Nottoway County; Virginia,5673,3722,1504,2458,925,517,188,747,391,1951,1686,849,1972,1914,2.61,3.20,14831,5673,2504,4022,1679,953,268,6949,2748,2899,152,291,859,6240,1561,2671,279,974,755,146,80,44,46,10,112,10,440,151,17,51,135,24,27,83,151,101,115,3414,220,177,1477,842,698,11223,1304,1632,4318,1856,761,826,526,-888888888,-888888888,12537,1236,14981,2529,3218,186,9187,1295,2576,1048,15709,13013,2675,1099,1576,1443,133,21,15862,15559,15421,12269,3152,138,303,303,72,231,441,138,0,138,303,1,302,303,28,32,3,0,226,14,14984,14251,733,286,445,251,215,4,51,28,22,3,15862,2034,0,0,51,593,1547,115,106,1697,189,147,1086,382,0,27,169,0,0,97,203,0,521,67,60,1,130,9,-888888888,-888888888,-888888888
2013,Rappahannock County; Virginia,3261,2126,711,1844,577,154,91,128,43,1135,951,421,843,1216,2.27,2.80,7407,3261,1822,1736,260,328,246,3119,792,1945,24,89,269,3176,640,1869,0,349,318,94,53,81,64,0,220,0,65,33,0,51,157,16,17,0,33,17,33,1568,87,113,652,336,380,5497,383,554,1425,1111,242,878,904,-888888888,-888888888,6032,697,7413,917,1416,36,4459,464,1538,417,7375,6803,534,253,281,132,149,38,7448,7058,7002,4090,2912,56,390,390,203,187,446,56,0,56,390,0,390,390,170,16,17,16,126,45,7109,6756,353,197,221,192,132,5,0,0,0,0,7448,708,51,0,27,168,1970,278,19,1668,13,42,1019,250,0,56,119,104,50,91,261,38,0,39,57,7,96,75,-888888888,-888888888,-888888888
2013,Charles City County; Virginia,2850,1869,526,1337,338,134,50,398,138,981,862,380,631,980,2.53,3.18,7205,2850,1329,2111,631,284,115,2997,994,1404,90,138,371,3179,951,1377,86,426,339,48,36,37,31,0,80,5,163,48,4,51,036,1,5,38,48,33,29,1357,35,59,589,410,264,5450,451,860,2222,916,242,438,321,-888888888,-888888888,5945,706,7202,1097,1257,53,4629,550,1316,494,7156,6758,376,119,257,198,59,22,7205,7141,7082,5870,1212,59,64,64,36,28,123,59,0,59,64,1,63,64,27,27,0,0,3,7,6918,6779,139,20,75,2,35,5,22,13,7,0,7205,639,0,7,10,40,473,67,12,345,8,46,577,142,2,4,40,0,0,85,105,4,43,47,6,0,31,43,-888888888,-888888888,-888888888
2013,Culpeper County; Virginia,16039,11959,5395,9337,3829,861,517,1761,1049,4080,3349,1369,6100,4079,2.84,3.30,45595,16039,9293,14445,3716,2102,928,18809,5634,10469,613,513,1580,18370,4150,10134,708,1413,1965,512,160,33,48,51,94,11,1357,418,111,51,047,181,19,107,418,173,302,11857,731,829,5573,2620,2104,31462,2109,2829,10931,6324,2152,4728,2389,-888888888,-888888888,35195,3854,45682,5166,12060,328,27804,2737,5818,2101,46813,41258,5522,2465,3057,2153,904,33,47330,44189,43416,28208,15208,773,3141,3141,1005,2136,3914,773,48,725,3141,54,3087,3141,384,522,275,0,1790,170,44112,40268,3844,1321,2819,946,588,194,229,153,208,28,47330,4359,154,39,0,465,7769,715,226,7419,393,199,5660,2012,18,161,687,125,109,602,1352,86,514,300,115,30,386,331,-888888888,-888888888,-888888888
2013,Dinwiddie County; Virginia,9932,7241,3015,5224,1943,397,163,1620,909,2691,2304,756,3377,2793,2.73,3.17,27096,9932,5166,8418,2147,1433,518,11186,3979,5699,275,237,996,11828,3841,5159,470,1262,1096,231,62,17,34,38,64,12,638,203,57,51,053,18,16,112,203,151,93,6289,191,333,2735,1636,1394,19325,1579,2244,7829,3885,1323,1717,748,-888888888,-888888888,21774,2439,27568,4529,6126,143,17427,2494,4015,1892,27783,25753,2022,784,1238,1014,224,8,27977,27369,27055,21162,5893,314,608,608,216,392,922,314,0,314,608,114,494,608,202,90,0,0,306,10,26492,25774,718,291,581,243,96,43,36,5,5,0,27977,3444,0,107,9,160,4086,539,37,1785,41,95,2023,715,0,66,169,13,35,259,876,10,203,27,18,76,146,20,-888888888,-888888888,-888888888
2013,Greene County; Virginia,6897,4974,2039,4012,1480,285,151,677,408,1923,1443,297,2340,1645,2.67,3.14,18410,6897,4043,5582,1032,856,590,7187,2063,4341,81,130,572,7464,1598,4272,151,570,873,140,32,18,33,0,77,10,806,343,3,51,079,77,84,179,343,140,330,4011,306,255,1929,969,552,12587,653,1471,4268,2334,833,2075,953,-888888888,-888888888,13900,1853,18343,2225,4585,181,11259,1205,2499,839,18418,16184,2040,653,1387,849,538,194,18577,17820,17563,11580,5983,257,757,757,266,491,1014,257,0,257,757,101,656,757,69,115,44,21,495,13,17151,16176,975,612,616,512,229,7,122,89,8,4,18577,4605,0,39,16,350,2595,493,57,2523,117,20,2199,509,10,80,367,0,41,382,536,10,42,315,87,17,225,24,-888888888,-888888888,-888888888
2013,Hanover County; Virginia,36927,27946,12205,23005,9716,1382,727,3559,1762,8981,7446,3041,13076,9556,2.65,3.08,98000,36927,23063,30863,4282,2865,1178,39096,10280,24004,464,1097,3251,41715,8890,24004,648,3503,4670,1028,144,14,43,5,92,27,1533,582,87,51,085,190,98,207,582,354,361,27262,1882,1218,11048,6771,6343,67393,1561,3791,18631,14816,4697,15799,8098,-888888888,-888888888,75831,7945,99307,10187,24221,896,61573,4948,13513,4343,99485,89666,9692,3494,6198,4457,1741,127,100328,96928,96124,66118,30006,804,3400,3400,1934,1466,4204,804,0,804,3400,121,3279,3400,823,1145,107,40,1129,156,95188,91270,3918,1209,2013,647,842,252,900,291,163,19,100328,12898,470,474,133,1103,18319,2472,498,13191,434,694,12090,4232,207,751,2276,201,415,2385,3102,286,763,822,194,320,1056,219,-888888888,-888888888,-888888888
2013,Lunenburg County; Virginia,4572,3033,987,2215,617,249,88,569,282,1539,1377,742,1162,1632,2.48,3.08,11319,4572,2229,3255,835,428,178,5747,2067,2558,214,201,707,4946,1127,2365,231,626,597,120,70,63,53,0,117,24,336,139,11,51,111,28,27,73,139,71,94,2657,143,85,1275,570,584,9208,1119,1731,3138,1564,562,682,412,-888888888,-888888888,10305,1184,11328,2067,2439,176,6655,1006,2234,885,12669,11705,952,186,766,558,208,12,12759,12386,12283,9609,2674,103,373,373,156,217,476,103,0,103,373,0,373,373,36,78,13,0,246,0,12106,11532,574,275,427,227,104,44,8,0,35,4,12759,1854,28,0,0,94,1653,162,14,942,11,11,719,112,0,23,149,3,2,292,400,21,262,38,46,0,188,4,-888888888,-888888888,-888888888
2013,Orange County; Virginia,12621,9425,3531,7233,2347,737,449,1455,735,3196,2691,1114,4006,4177,2.65,3.06,33405,12621,7274,9538,2607,1365,623,13504,3711,7726,309,350,1408,14200,3203,7767,357,1689,1184,252,79,22,34,17,60,19,644,288,33,51,137,69,52,134,288,152,226,7454,454,604,3297,1833,1266,23951,1167,2434,8144,5400,1481,3382,1943,-888888888,-888888888,26322,3541,33428,4664,7581,569,19764,2124,6083,1971,33672,29089,4520,1652,2868,2487,381,63,33934,32359,31875,19233,12642,484,1575,1575,823,752,2059,484,10,474,1575,61,1514,1575,359,464,81,4,634,33,32013,29850,2163,768,977,480,905,105,188,145,93,38,33934,3966,215,24,36,575,6390,693,251,6218,47,59,4630,1203,73,122,799,0,100,396,644,101,162,251,53,0,217,80,-888888888,-888888888,-888888888
2013,Emporia city; Virginia,2488,1496,658,743,295,183,47,570,316,992,888,395,791,678,2.23,2.87,5547,2488,716,1658,429,256,140,2145,777,907,112,67,282,2577,783,868,135,566,225,89,41,59,69,0,127,23,164,88,11,51,595,49,5,23,88,78,54,1257,150,125,508,247,227,3962,555,579,1224,673,297,302,332,-888888888,-888888888,4513,335,5562,1187,1260,89,3444,612,858,486,5749,4830,893,272,621,517,104,26,5773,5609,5601,4378,1223,8,164,164,29,135,172,8,0,8,164,0,164,164,2,55,19,0,88,0,5355,5166,189,93,98,88,7,0,61,5,23,0,5773,439,0,0,0,0,427,32,0,139,0,6,189,0,0,7,36,0,11,45,42,0,242,105,0,0,4,23,-888888888,-888888888,-888888888
2013,Wythe County; Virginia,11656,7989,2789,6131,1840,573,262,1285,687,3667,3196,1524,3126,3697,2.48,3.02,28955,11656,6137,8271,1758,1133,773,11775,2963,6505,314,411,1582,12576,2457,6504,496,1471,1648,234,67,23,37,1,80,15,466,373,45,51,197,118,89,121,373,243,255,6086,254,324,2959,1382,1167,21097,1552,2319,7634,4261,2163,2097,1071,-888888888,-888888888,23201,2201,28974,5087,6007,223,17915,2607,5052,2257,29011,26610,2372,1560,812,501,311,29,29274,28998,28901,22516,6385,97,276,276,150,126,373,97,0,97,276,13,263,276,54,71,29,0,82,40,27782,27141,641,311,292,180,240,74,64,57,45,0,29274,5692,49,1,49,279,2512,368,30,3553,3,21,1999,309,0,42,109,20,74,817,418,31,8,67,122,0,92,0,-888888888,-888888888,-888888888
2013,Colonial Heights city; Virginia,7017,4478,1741,3058,1049,429,228,991,464,2539,2091,1085,2060,2350,2.46,3.07,17287,7017,3016,5187,1046,1021,483,6488,2173,3358,175,286,496,7748,2043,3255,167,1089,1194,73,28,12,18,0,41,8,416,186,2,51,570,98,14,72,186,116,123,4190,113,204,1924,1039,910,12018,471,884,4443,3023,734,1527,936,-888888888,-888888888,13453,1960,17238,2483,3917,98,10107,1290,3214,1095,17417,15592,1810,630,1180,784,396,15,17481,16572,16034,10184,5850,538,909,909,593,316,1447,538,0,538,909,13,896,909,167,498,83,0,161,0,16530,15335,1195,548,454,160,210,56,392,228,139,104,17481,2151,106,40,19,182,3608,446,16,1868,74,49,1394,642,11,47,183,28,20,498,421,0,326,96,16,7,55,65,-888888888,-888888888,-888888888
2013,Harrisonburg city; Virginia,15701,8135,3975,5709,2436,884,539,1542,1000,7566,3857,1161,4338,2714,2.70,3.06,42342,15701,5756,9193,1824,9868,860,20051,11835,6339,447,333,1097,23288,13973,6220,462,1214,1419,606,274,19,33,4,53,18,489,130,82,51,660,33,0,15,130,62,104,23955,601,386,3292,1444,18232,22633,1997,2180,5748,3570,1183,4574,3381,-888888888,-888888888,42111,1646,49156,2885,7720,187,37867,1544,3569,1154,49388,32942,15826,4510,11316,8780,2536,620,49926,42605,40559,25043,15516,2046,7321,7321,1992,5329,9367,2046,264,1782,7321,650,6671,7321,743,1892,357,0,4221,108,47421,37091,10330,5337,6949,3847,1602,455,954,441,825,594,49926,13927,889,66,65,268,3117,590,390,5823,95,175,3296,1385,102,233,794,66,514,550,647,76,451,333,950,178,201,63,-888888888,-888888888,-888888888
2013,Bland County; Virginia,2480,1772,619,1372,505,90,18,310,96,708,654,306,656,881,2.37,2.84,5866,2480,1373,1701,191,121,72,3236,947,1519,192,109,469,2598,435,1558,61,351,193,95,0,0,70,0,185,8,47,13,0,51,021,0,0,13,13,13,0,1221,43,65,576,349,188,5142,415,438,2044,1094,396,493,262,-888888888,-888888888,5582,722,5858,1180,1205,37,3464,620,1189,523,6683,5962,721,151,570,425,145,0,6795,6693,6662,3810,2852,31,102,102,96,6,133,31,0,31,102,0,102,102,73,17,0,0,12,0,6512,6457,55,13,6,6,49,7,0,0,0,0,6795,1158,0,0,18,114,572,139,0,1008,21,49,1015,170,0,14,24,0,61,85,123,4,1,68,0,0,0,44,-888888888,-888888888,-888888888
2013,Botetourt County; Virginia,12825,10037,3315,8682,2789,273,84,1082,442,2788,2413,1053,3772,3937,2.55,2.91,32714,12825,8676,9354,1132,727,368,13390,2832,8987,170,304,1097,13923,2214,8909,249,1289,1262,241,15,6,36,15,105,5,642,279,16,51,023,70,94,99,279,226,176,7611,605,388,3409,1815,1394,23748,712,1604,8056,5328,2132,4097,1819,-888888888,-888888888,25910,3169,32744,4091,7119,162,19787,1866,5838,2063,32823,30641,2182,795,1387,1152,235,0,33076,32448,32280,22887,9393,168,628,628,488,140,796,168,0,168,628,2,626,628,452,68,12,0,74,22,31541,30876,665,184,329,80,282,77,43,16,11,11,33076,8121,143,119,21,266,4419,463,40,5441,118,82,3509,685,24,148,400,5,115,1340,850,23,3,143,38,46,272,3,-888888888,-888888888,-888888888
2013,Buckingham County; Virginia,5817,4230,1539,2841,844,327,223,1062,472,1587,1360,607,1728,1869,2.34,2.69,13586,5817,2819,3911,437,602,440,8134,3271,3393,258,248,964,6313,1632,3315,228,655,483,178,130,88,54,0,126,0,314,171,0,51,029,92,24,55,171,98,158,3232,201,194,1434,868,535,12492,1494,2137,4619,2090,666,1078,408,-888888888,-888888888,13840,1289,13616,2193,3238,120,7922,1099,2456,974,17035,15335,1684,677,1007,908,99,16,17126,16830,16724,13024,3700,106,296,296,65,231,402,106,0,106,296,11,285,296,50,54,15,0,177,0,16203,15675,528,139,361,97,111,14,34,17,22,11,17126,2610,0,0,14,38,1729,200,19,1032,48,17,688,328,12,7,93,0,0,352,103,0,78,25,5,6,106,34,-888888888,-888888888,-888888888
2013,Bristol city; Virginia,7674,4813,1967,3108,983,402,312,1303,672,2861,2519,1182,2199,2570,2.25,2.85,17230,7674,3118,4853,919,666,464,6656,2038,3348,247,293,730,7989,1960,3376,295,1086,1272,164,60,26,40,43,81,0,484,251,110,51,520,40,55,46,251,156,206,3992,276,284,1622,844,966,12528,902,1407,4318,2484,967,1625,825,-888888888,-888888888,14070,1469,17527,3813,3623,212,10580,1982,3324,1619,17538,14240,3280,989,2291,1175,1116,18,17713,17436,17381,7700,9681,55,277,277,35,242,332,55,0,55,277,91,186,277,58,155,0,0,64,0,16749,16208,541,101,331,45,77,0,133,56,0,0,17713,3756,0,24,138,219,3438,334,19,2542,34,22,2098,184,0,93,114,5,16,520,545,15,3,85,22,9,158,6,-888888888,-888888888,-888888888
2013,Covington city; Virginia,2545,1361,555,901,293,88,39,372,223,1184,1069,513,679,826,2.29,3.06,5827,2545,890,1472,437,483,158,2386,792,967,71,144,412,2484,530,961,106,512,375,40,4,5,31,0,106,0,164,80,16,51,580,0,13,51,80,50,31,1220,70,3,581,334,232,3992,184,664,1498,1037,276,198,135,-888888888,-888888888,4590,631,5793,1159,1255,35,3465,701,1073,423,5819,4733,1076,143,933,856,77,10,5880,5762,5731,4538,1193,31,118,118,95,23,149,31,0,31,118,0,118,118,0,30,18,0,70,0,5552,5362,190,6,142,0,24,6,17,0,7,0,5880,1358,8,0,9,141,272,56,0,835,182,60,484,181,0,38,0,0,7,207,94,0,18,0,8,0,11,0,-888888888,-888888888,-888888888
2013,Williamsburg city; Virginia,4391,2276,744,1709,436,158,76,409,232,2115,1684,607,787,1350,2.29,2.81,10060,4391,1674,1920,536,1539,173,6137,3792,1758,96,105,386,7204,4166,1845,193,404,596,49,16,4,10,0,18,2,33,22,0,51,830,0,0,22,22,22,11,7208,107,114,620,275,6092,6990,269,312,1331,1137,463,1896,1582,-888888888,-888888888,13032,957,14412,866,1491,49,11008,468,1913,349,14446,8532,5530,1920,3610,2386,1224,384,14579,13369,13111,5867,7244,258,1210,1210,281,929,1468,258,0,258,1210,316,894,1210,375,412,59,0,341,23,14213,12744,1469,456,581,250,542,54,241,130,105,22,14579,738,59,108,83,161,2143,450,80,2490,278,93,1812,1216,104,253,484,21,246,356,502,37,77,186,14,184,202,65,-888888888,-888888888,-888888888
2013,Virginia Beach city; Virginia,164944,112631,52578,83318,35250,6201,3118,23112,14210,52313,39979,12665,58459,35121,2.62,3.14,431891,164944,83290,131511,26293,25853,9512,172475,60221,90016,4112,3500,14626,183078,48070,90460,6068,13744,24736,6137,1689,29,53,16,96,20,10306,3781,876,51,810,860,672,1373,3781,2425,2617,119912,6918,5700,46666,23498,37130,290492,5229,13412,67054,80003,29157,62946,32691,-888888888,-888888888,315001,61100,416506,41206,104457,4120,264297,21044,47752,16042,436301,358679,73856,38319,35537,15438,20099,3766,442151,403569,392118,175684,216434,11451,38582,38582,23200,15382,50033,11451,304,11147,38582,1923,36659,38582,6881,20480,1956,206,8165,894,412652,364549,48103,14581,16817,4550,10487,2246,18951,7306,1848,479,442151,58913,1352,1582,1163,5027,41908,11528,2771,59384,2491,1832,50772,28966,912,3539,11754,1741,3470,6733,10709,973,33954,3312,763,1047,3655,4455,-888888888,-888888888,-888888888
2013,Carroll County; Virginia,12572,8613,3046,6682,2032,684,356,1247,658,3959,3618,1728,3378,4222,2.36,2.90,29692,12572,6730,8042,1607,741,468,12347,2944,7081,345,537,1440,12670,1879,7282,564,1578,1367,393,143,59,64,67,112,34,525,233,33,51,035,87,32,81,233,148,172,6139,248,201,2883,1566,1241,21895,2158,3049,7343,4294,2248,1906,897,-888888888,-888888888,23912,2529,29811,5646,6028,208,17845,3159,5938,2279,29669,27037,2624,1373,1251,699,552,8,29979,29407,29213,19201,10012,194,572,572,122,450,766,194,17,177,572,20,552,572,67,19,0,0,486,0,28605,27726,879,399,772,379,98,20,9,0,0,0,29979,5671,37,5,111,287,3141,236,55,2885,37,19,2805,498,0,0,141,20,0,584,703,0,2,60,71,15,66,0,-888888888,-888888888,-888888888
2013,Pulaski County; Virginia,14875,10148,3147,7561,2065,706,326,1881,756,4727,4148,1522,3838,4651,2.28,2.73,33901,14875,7552,8133,1905,1436,720,14557,3753,8022,383,500,1899,14781,2607,7833,458,1800,2083,404,92,27,55,76,120,6,940,688,165,51,155,146,124,253,688,413,438,6888,363,357,2924,1545,1699,25516,1783,2862,8338,5563,2836,2845,1289,-888888888,-888888888,28073,3188,33898,6269,6659,228,20919,3470,6320,2571,34384,30436,3948,2004,1944,1655,289,0,34768,34252,34120,27605,6515,132,516,516,146,370,648,132,0,132,516,0,516,516,164,147,33,0,172,0,33005,32208,797,335,382,124,203,65,212,146,0,0,34768,8164,17,49,50,394,3323,606,8,4094,60,54,3574,547,25,40,129,12,116,623,603,20,20,73,36,19,238,11,-888888888,-888888888,-888888888
2013,Washington County; Virginia,22755,15546,5781,12084,4105,946,478,2516,1198,7209,6158,2637,6513,7093,2.34,2.83,53308,22755,12105,13459,2810,2179,969,22417,5476,13031,591,775,2544,23545,4507,12523,658,2860,2997,571,154,27,47,39,109,7,1206,479,102,51,191,60,131,186,479,284,323,11631,701,620,4909,2458,2943,39616,3180,3485,13022,7807,3305,5521,3296,-888888888,-888888888,44070,4604,54367,9836,10691,477,33696,5495,9980,3864,54156,47344,6603,3303,3300,1705,1595,209,54804,54076,53853,32725,21128,223,728,728,308,420,951,223,0,223,728,140,588,728,185,120,114,8,271,30,52119,50905,1214,284,483,71,350,43,177,109,204,61,54804,10842,210,98,6,746,9234,902,81,6698,55,92,6432,1258,13,135,498,36,181,2341,1291,35,134,242,92,42,238,2,-888888888,-888888888,-888888888
2013,Westmoreland County; Virginia,7130,4440,1170,3169,694,422,209,849,267,2690,2321,978,1507,2783,2.44,3.10,17410,7130,3165,4473,1688,954,602,6976,2189,3422,149,291,925,7706,2095,3376,193,1154,888,200,144,72,56,40,118,5,670,246,15,51,193,0,22,209,246,128,215,3588,137,156,1731,670,894,12677,1098,1552,4833,2539,760,1047,848,-888888888,-888888888,14080,1756,17469,2726,3432,146,10300,1396,3737,1184,17408,16179,1196,329,867,648,219,33,17532,16933,16894,10850,6044,39,599,599,270,329,638,39,0,39,599,0,599,599,134,10,0,0,455,0,16606,16087,519,357,398,313,95,39,26,5,0,0,17532,1068,0,23,18,130,3537,329,15,2068,16,7,1949,382,38,32,447,2,63,358,274,7,22,61,30,34,169,18,-888888888,-888888888,-888888888
2013,Page County; Virginia,9623,6908,2614,5112,1635,563,388,1233,591,2715,2191,1052,2935,3009,2.47,2.83,23780,9623,5102,6184,1387,1484,789,9747,2624,5279,296,367,1181,10133,1977,5372,347,1144,1293,270,143,53,50,39,123,0,479,209,26,51,139,62,97,24,209,116,142,4749,224,195,2312,1311,707,17070,1832,2341,7254,2894,802,1276,671,-888888888,-888888888,18958,1875,23789,3950,5013,100,14467,2025,4309,1825,23766,21431,2320,1636,684,486,198,15,23975,23624,23536,18926,4610,88,351,351,173,178,439,88,0,88,351,2,349,351,111,103,0,0,119,18,22707,22139,568,109,326,41,176,31,53,37,13,0,23975,3969,25,57,30,290,3875,274,32,4674,73,14,2159,427,10,201,315,11,24,351,328,40,6,119,159,19,254,0,-888888888,-888888888,-888888888
2013,Alexandria city; Virginia,65369,30863,12818,23334,8964,2335,1038,5194,2816,34506,28088,4959,13887,10053,2.17,3.06,142113,65369,23301,30078,10065,13300,4559,58409,24111,27065,1147,731,5355,63369,23856,26131,1562,3759,8061,2460,533,22,57,23,79,34,1338,478,102,51,510,93,196,87,478,413,299,29281,2317,1544,8550,4298,12572,109116,4435,5154,13281,14459,4788,33926,33073,-888888888,-888888888,116672,10810,140515,9013,24876,605,102590,4928,13049,3480,141153,110532,27242,8458,18784,8362,10422,3379,143684,105829,102536,31734,70802,3293,37855,37855,14295,23560,41148,3293,257,3036,37855,3674,34181,37855,3014,9488,11335,187,13398,433,133221,91771,41450,15747,17937,8615,8326,2133,4255,1611,10932,3388,143684,5865,3441,820,487,1631,13533,2747,650,17116,815,398,16374,7083,498,1000,3824,368,2037,2476,3495,518,12083,1488,503,595,1087,710,-888888888,-888888888,-888888888
2013,Danville city; Virginia,18659,11086,4055,6596,1788,825,318,3665,1949,7573,6857,2872,5019,5938,2.22,2.91,41417,18659,6554,10959,3704,1541,734,15663,5493,7285,709,597,1579,19549,5621,6955,1271,3021,2681,456,273,46,47,9,90,16,1410,769,150,51,590,139,35,445,769,485,543,10500,627,656,3837,2218,3162,29505,2493,4038,8614,6436,2851,3175,1898,-888888888,-888888888,33718,4057,41897,8399,9255,779,25054,4434,7588,3186,42542,34417,7962,4371,3591,2293,1298,163,42996,41522,41222,31484,9738,300,1474,1474,514,960,1774,300,24,276,1474,90,1384,1474,190,255,222,18,761,28,40233,38259,1974,775,1245,542,504,162,168,71,57,0,42996,4927,6,138,46,364,3218,247,16,2284,126,46,3161,368,0,74,252,26,49,641,433,7,475,93,15,21,88,300,-888888888,-888888888,-888888888
2013,Hampton city; Virginia,52511,33370,14028,22286,7723,1979,852,9105,5453,19141,16108,5267,15967,12550,2.52,3.16,132480,52511,22347,39854,9768,8000,2006,52725,20364,24106,1496,1310,5449,58874,19195,24193,2068,5649,7769,1605,717,33,45,42,71,17,3406,1491,425,51,650,285,189,592,1491,999,926,38959,2182,1660,13350,7111,14656,89058,3018,6552,24562,27098,7833,12601,7394,-888888888,-888888888,101632,20146,131116,15087,30660,922,83564,8043,16892,6122,135301,115247,19268,9184,10084,5531,4553,786,136957,130112,127116,68719,58397,2996,6845,6845,4399,2446,9841,2996,129,2867,6845,286,6559,6845,1024,2820,703,14,2152,132,128303,118943,9360,2929,4416,1062,1951,463,1991,980,1002,424,136957,9892,855,254,120,791,10664,1686,462,10847,365,202,8721,4566,67,985,1430,77,302,1257,2598,98,1220,647,117,199,451,1249,-888888888,-888888888,-888888888
2013,Amherst County; Virginia,12680,8570,3222,6181,2003,521,261,1868,958,4110,3547,1441,3621,3957,2.44,2.98,30946,12680,6216,8499,2211,1340,605,12536,4004,6546,298,439,1249,14291,3965,6560,387,1722,1657,277,90,20,36,12,76,12,663,305,83,51,009,122,30,70,305,176,270,7517,493,330,2945,1678,2071,22327,1640,3029,7742,4453,1568,2713,1182,-888888888,-888888888,25526,2551,31906,4543,6550,293,19858,2136,5498,2114,32031,28854,3133,1529,1604,905,699,44,32244,31662,31531,24352,7179,131,582,582,242,340,713,131,0,131,582,41,541,582,56,186,13,7,250,70,30464,29547,917,466,488,312,232,50,142,75,55,29,32244,5258,21,113,86,385,4332,547,83,3484,75,8,2661,565,33,81,420,15,179,920,875,103,367,182,91,10,191,61,-888888888,-888888888,-888888888
2013,Bath County; Virginia,2101,1355,541,1104,383,104,54,147,104,746,677,194,548,651,2.17,2.68,4566,2101,1057,1078,146,184,97,1847,325,1131,57,39,295,1986,259,1237,46,159,285,65,0,0,67,0,220,0,13,0,0,51,017,0,0,0,0,0,0,803,0,82,368,264,89,3443,169,174,1394,832,180,389,305,-888888888,-888888888,3680,396,4635,595,1006,0,2698,233,931,362,4631,3970,661,157,504,480,24,0,4686,4508,4508,3525,983,0,178,178,80,98,178,0,0,0,178,16,162,178,0,0,0,0,178,0,4364,4274,90,36,90,36,0,0,0,0,0,0,4686,946,0,0,0,66,512,46,19,513,0,0,681,69,0,0,0,12,0,533,89,0,11,46,0,3,14,175,-888888888,-888888888,-888888888
2013,Buchanan County; Virginia,9485,6711,2481,5116,1636,426,150,1169,695,2774,2401,1047,2824,2943,2.41,2.89,22874,9485,5109,5947,1603,730,361,10265,3032,5525,270,282,1156,10141,1668,5296,557,1425,1195,349,242,108,70,18,175,7,511,185,0,51,027,47,0,138,185,79,76,4636,270,448,1694,1082,1142,17758,2984,2670,6169,3307,1160,972,496,-888888888,-888888888,19580,1175,22934,6354,4234,188,14591,3881,4109,2285,23591,22047,1544,894,650,311,339,0,23920,23584,23557,18622,4935,27,336,336,233,103,363,27,18,9,336,0,336,336,4,206,45,0,70,11,22835,22428,407,168,132,64,169,40,64,64,42,0,23920,6173,26,17,0,196,2779,90,28,1668,75,6,2321,312,0,3,26,0,24,385,401,0,58,39,3,4,88,12,-888888888,-888888888,-888888888
2013,Newport News city; Virginia,69211,43720,20513,27636,11234,3337,1809,12747,7470,25491,20995,6068,23131,14791,2.50,3.10,172746,69211,27535,53520,10580,11900,4068,68818,27345,31118,2018,1440,6897,75528,25293,29657,3104,7026,10448,2832,1226,43,58,35,94,23,3808,1796,404,51,700,319,234,839,1796,1098,1262,52027,3047,2673,18664,9298,18345,113407,4104,8183,32722,31195,10134,17438,9631,-888888888,-888888888,129305,21639,171216,19150,43276,1764,108818,10342,19122,7044,178512,136390,40827,19599,21228,10568,10660,1295,181025,167745,161764,85203,76561,5981,13280,13280,6056,7224,19261,5981,75,5906,13280,987,12293,13280,2014,4189,945,56,5834,242,167500,150057,17443,7251,9750,4352,3418,1117,3347,1430,928,352,181025,10791,650,417,175,1537,15124,2820,858,17282,654,475,14707,6402,246,933,2937,520,1310,2088,3439,236,2372,943,304,148,1055,1626,-888888888,-888888888,-888888888
2013,Stafford County; Virginia,42178,34311,17353,27934,13617,1795,983,4582,2753,7867,6352,1863,18928,7175,3.04,3.38,128252,42178,27917,45682,7916,4559,2087,51209,16048,30293,774,808,3286,50864,12880,29368,1162,2713,4741,1600,365,24,46,12,103,18,3197,1360,248,51,179,327,207,578,1360,760,1092,39903,1854,1990,17048,9527,9484,81821,1709,4352,20312,19315,6530,18094,11509,-888888888,-888888888,89975,17657,125353,9619,37002,1203,78222,5258,10129,3158,130259,109506,19816,5943,13873,6015,7858,937,131885,120844,116831,50757,66074,4013,11041,11041,6187,4854,15054,4013,55,3958,11041,533,10508,11041,1636,2929,1343,96,4871,166,123124,107363,15761,5051,8497,3057,4062,969,2204,761,998,264,131885,15605,786,388,464,1645,13106,2381,751,18782,502,430,14954,6966,362,1254,3486,421,867,1503,2533,300,1904,1253,220,198,978,1536,-888888888,-888888888,-888888888
2013,Lynchburg city; Virginia,28556,16060,7186,11000,4455,1074,548,3986,2183,12496,10200,3563,8112,7427,2.35,3.07,67066,28556,10969,17932,4268,5341,1074,29429,13870,11994,626,668,2271,34532,14653,11820,1091,3158,3810,1212,307,20,55,4,97,15,1247,451,93,51,680,18,108,232,451,307,324,28013,1195,859,6231,3524,16204,43361,2357,3727,11311,9360,3069,8314,5223,-888888888,-888888888,61288,5488,74841,9455,14889,747,50132,5150,9820,3558,75415,55712,19082,8101,10981,6350,4631,621,76467,72650,72047,45714,26333,603,3817,3817,1069,2748,4420,603,63,540,3817,515,3302,3817,331,1891,421,29,861,284,71883,67081,4802,1652,1533,487,1350,299,1569,852,350,14,76467,6805,96,315,171,1022,11687,1525,391,9786,167,274,7685,3053,108,472,821,112,260,1997,1743,64,896,492,159,117,667,550,-888888888,-888888888,-888888888
2013,Richmond city; Virginia,84833,40329,18044,20579,7497,3832,1427,15918,9120,44504,34110,9029,20798,17862,2.33,3.17,197412,84833,20507,49287,17910,24875,6434,82174,44982,23397,2841,2311,8643,92397,45395,22601,4174,8180,12047,2896,1530,34,48,25,71,21,3844,1392,160,51,760,351,211,670,1392,1120,622,56167,2970,2454,14845,7157,28741,135338,9888,15178,31045,25461,6709,28262,18795,-888888888,-888888888,168645,12126,205220,31613,38714,2583,144000,19764,22506,9266,205033,157147,46658,24073,22585,16840,5745,1228,207878,193296,191064,128516,62548,2232,14582,14582,3942,10640,16814,2232,33,2199,14582,798,13784,14582,1619,3054,1691,62,7770,386,194637,175615,19022,8834,10932,6537,3844,730,2565,1013,1681,554,207878,8208,989,258,447,1100,17214,3381,566,15235,511,437,14200,5908,188,656,2529,220,1072,3017,4188,293,3591,987,383,363,1268,1249,-888888888,-888888888,-888888888
2013,Martinsville city; Virginia,5995,3408,1475,1930,672,252,109,1226,694,2587,2354,996,1754,1908,2.22,3.02,13323,5995,1922,3877,1073,456,240,4931,1590,2085,166,150,940,6273,1966,2054,336,989,928,222,159,78,72,105,144,6,421,196,7,51,690,104,56,29,196,113,143,3147,193,386,1219,563,786,9693,921,1244,2797,2178,932,941,680,-888888888,-888888888,10749,1045,13353,2809,3041,199,7834,1543,2478,1067,13610,11034,2565,917,1648,1352,296,11,13808,13371,13304,9836,3468,67,437,437,188,249,504,67,0,67,437,0,437,437,84,23,61,0,262,7,12899,12228,671,148,476,102,95,1,14,0,86,45,13808,1428,14,37,14,55,1663,184,0,1088,25,16,878,268,0,58,39,0,25,186,167,0,148,6,9,0,52,13,-888888888,-888888888,-888888888
2013,Essex County; Virginia,4286,2735,953,2131,664,178,86,426,203,1551,1277,603,1134,1447,2.57,3.27,11006,4286,2145,3061,1013,501,153,4390,1456,2229,56,180,469,4887,1378,2342,154,515,498,50,48,35,20,0,52,2,338,103,0,51,057,0,21,82,103,71,74,2262,119,64,1107,546,426,7704,650,1142,2875,1543,365,767,362,-888888888,-888888888,8816,929,11072,1745,2352,198,6781,849,1939,698,11131,10527,534,132,402,312,90,70,11180,10903,10769,8378,2391,134,277,277,117,160,411,134,67,67,277,14,263,277,24,37,29,0,187,0,10572,10264,308,231,174,137,52,12,0,0,82,82,11180,787,159,5,0,30,1959,134,127,1079,34,5,1501,173,0,114,138,0,0,53,219,0,80,69,0,0,39,0,-888888888,-888888888,-888888888
2013,Tazewell County; Virginia,18294,12739,4749,9974,3564,879,372,1886,813,5555,4878,2276,5408,5606,2.37,2.85,43386,18294,9936,11237,2397,1522,830,18405,4810,10587,513,522,1973,18952,3282,10317,601,2795,1957,494,145,38,52,22,125,6,1027,620,98,51,185,126,211,185,620,322,445,9094,495,484,3971,1941,2203,32241,3496,3912,11205,6695,2773,2645,1515,-888888888,-888888888,35720,3265,43722,11379,8923,472,27083,6875,7716,4032,44241,39858,4347,2537,1810,895,915,36,44664,44302,44203,27772,16431,99,362,362,168,194,461,99,0,99,362,4,358,362,91,143,64,0,59,5,42351,41747,604,186,212,82,196,71,87,0,109,33,44664,12438,65,7,0,590,4475,619,21,5760,17,266,5809,742,13,39,349,0,11,754,549,0,109,112,57,0,210,5,-888888888,-888888888,-888888888
2013,Buena Vista city; Virginia,2738,1720,869,1146,494,216,177,358,198,1018,886,462,943,876,2.29,2.78,6272,2738,1101,1690,271,472,373,2502,851,1168,88,68,327,2972,957,1206,90,361,358,174,145,139,101,0,241,0,119,59,12,51,530,0,22,25,59,23,59,1898,131,45,728,253,741,4348,496,503,1674,634,393,382,266,-888888888,-888888888,5280,466,6622,1180,1419,68,4144,684,1059,428,6584,5112,1469,788,681,358,323,3,6699,6659,6632,4934,1698,27,40,40,18,22,67,27,0,27,40,17,23,40,15,1,0,0,16,8,6310,6067,243,44,118,16,105,10,20,18,0,0,6699,1930,0,0,56,41,1085,194,7,710,68,19,784,150,0,22,74,0,0,170,146,0,1,63,7,0,30,0,-888888888,-888888888,-888888888
2013,Manassas Park city; Virginia,4435,3331,1724,2504,1275,160,88,667,361,1104,957,380,1961,703,3.41,3.92,15125,4435,2505,5628,1578,979,229,5721,1880,3111,335,48,347,5705,1863,2792,157,499,394,142,17,8,34,0,62,13,358,84,16,51,685,39,5,24,84,40,70,4231,133,338,1908,830,1022,9347,942,657,2400,2041,880,1718,709,-888888888,-888888888,10766,885,15034,1146,4268,203,9856,648,910,295,14912,12584,2255,352,1903,1365,538,73,15125,10340,10008,5510,4498,332,4785,4785,1561,3224,5117,332,0,332,4785,116,4669,4785,283,1123,229,0,3150,0,13785,7662,6123,3336,4339,2369,818,484,762,469,204,14,15125,814,95,23,12,243,726,334,44,1502,52,41,1235,462,23,125,111,110,0,45,341,28,280,139,20,8,0,68,-888888888,-888888888,-888888888
2013,Petersburg city; Virginia,12456,7283,2597,3499,740,495,165,3289,1692,5173,4317,1680,3229,3533,2.53,3.28,31482,12456,3562,9291,3730,2443,712,12101,6407,3946,419,341,988,14551,6701,4031,589,1782,1448,319,288,49,40,9,68,17,1100,388,115,51,730,144,31,98,388,290,204,6285,300,446,2475,1587,1477,21912,2212,3549,7555,4288,1050,2175,1083,-888888888,-888888888,25208,2692,31342,6202,6700,467,20062,3820,4580,1915,31909,27119,4617,2655,1962,1425,537,173,32326,31125,30684,24454,6230,441,1201,1201,424,777,1642,441,83,358,1201,15,1186,1201,122,305,15,0,759,0,29853,28361,1492,490,1006,343,294,34,183,104,9,9,32326,874,15,33,0,56,1752,149,9,915,9,4,665,258,0,46,95,18,33,149,178,5,499,23,19,46,73,147,-888888888,-888888888,-888888888
2013,Sussex County; Virginia,3704,2296,738,1482,389,206,62,608,287,1408,1196,533,935,1329,2.19,2.80,8099,3704,1521,2090,522,262,187,6596,3554,1867,202,182,791,3829,1055,1765,98,504,407,83,58,65,49,0,74,45,283,114,43,51,183,12,0,59,114,36,62,2348,109,111,904,829,395,9129,1037,1701,3470,1608,372,538,403,-888888888,-888888888,10037,1114,8393,1617,1919,77,4778,766,1696,774,11884,10546,1334,321,1013,964,49,4,12007,11766,11727,9038,2689,39,241,241,91,150,280,39,0,39,241,19,222,241,29,12,32,0,163,5,11487,11202,285,85,186,78,68,4,10,2,21,1,12007,955,22,9,15,26,1006,95,94,502,13,31,597,100,0,18,32,5,4,22,150,11,313,9,3,50,36,70,-888888888,-888888888,-888888888
2013,Fairfax city; Virginia,8492,5768,2383,4645,1908,336,156,787,319,2724,1829,668,2618,2129,2.65,3.09,22522,8492,4627,6041,1385,1977,494,9280,3373,5076,133,149,549,9798,2518,5147,230,901,1002,279,25,9,48,0,81,32,452,99,0,51,600,22,0,77,99,59,85,6154,372,178,2009,1307,2288,16017,532,756,2572,2909,940,4848,3460,-888888888,-888888888,18062,1752,22518,1634,4844,91,14692,797,2982,746,22673,18526,3595,861,2734,2096,638,552,23027,17225,16723,6850,9873,502,5802,5802,2939,2863,6304,502,0,502,5802,530,5272,5802,489,2972,318,0,1916,107,21550,14706,6844,2647,2825,1070,1440,329,2136,1071,443,177,23027,856,409,149,61,331,2811,322,97,3318,93,154,3081,1231,97,177,583,216,259,377,588,116,396,112,49,88,292,94,-888888888,-888888888,-888888888
2013,Manassas city; Virginia,12072,9054,4826,6473,3250,811,493,1770,1083,3018,2383,619,5065,1941,3.24,3.69,39167,12072,6447,14406,3527,2715,641,14906,5625,7761,413,184,923,15150,4687,7544,560,997,1362,631,303,60,60,37,72,55,719,341,16,51,683,112,48,165,341,201,292,11231,520,478,5031,2354,2848,24305,2525,1709,6254,4953,1880,4437,2547,-888888888,-888888888,28252,2621,39176,2986,11020,240,25293,1837,2863,909,38609,31855,6550,2182,4368,3530,838,204,39317,29280,28606,16686,11920,674,10037,10037,2759,7278,10711,674,43,631,10037,495,9542,10037,533,1778,349,11,7283,83,35983,22881,13102,6153,10290,5267,1271,289,1155,484,386,113,39317,2089,305,26,77,232,3078,672,242,4091,141,88,4445,1713,64,90,905,226,199,363,835,79,516,205,119,99,217,153,-888888888,-888888888,-888888888
2013,Roanoke city; Virginia,42494,23116,9373,13770,4568,1754,711,7592,4094,19378,16485,5488,10816,10502,2.24,2.98,95202,42494,13614,25134,7073,6887,2768,37235,14399,15732,982,1213,4909,41885,13571,14344,1283,4954,7733,1577,809,54,67,85,107,20,2119,993,85,51,770,403,166,339,993,710,568,21254,1394,1571,8682,4164,5443,67687,4785,7533,20198,14334,4863,9899,6075,-888888888,-888888888,75912,7732,95917,15990,21239,1408,61403,9421,13275,5161,96011,77393,18174,11030,7144,5338,1806,444,97355,90940,90224,65055,25169,716,6415,6415,1261,5154,7131,716,55,661,6415,931,5484,6415,289,1860,971,10,3136,149,90288,82384,7904,4437,3953,2266,1748,597,1128,798,1075,776,97355,9168,333,58,167,1265,11475,1833,122,11560,216,100,9368,2187,79,399,1012,100,358,3223,1367,91,1947,543,113,45,524,872,-888888888,-888888888,-888888888
2013,Suffolk city; Virginia,30492,22396,10278,16028,6700,1340,707,5028,2871,8096,6899,2462,11469,7328,2.75,3.25,83888,30492,16045,28168,6240,2943,1341,31611,9472,16995,768,735,3641,34975,9071,17071,1469,3517,3847,1039,386,37,49,15,105,16,2430,1076,163,51,800,183,164,566,1076,650,808,24611,1510,1668,10005,4750,6678,55724,2289,4850,16215,12870,4888,9318,5294,-888888888,-888888888,61117,10741,82131,9276,21849,1039,50423,4701,9859,3536,83742,72563,10849,4936,5913,3274,2639,330,84842,82100,80590,50620,29970,1510,2742,2742,1720,1022,4252,1510,71,1439,2742,210,2532,2742,586,830,388,10,833,95,79066,75489,3577,882,1567,336,1001,68,617,230,392,248,84842,11776,168,212,142,611,8913,1900,288,7811,187,39,5774,2155,69,465,775,179,295,1087,1434,9,1299,364,117,96,310,871,-888888888,-888888888,-888888888
2013,Charlotte County; Virginia,4751,3314,1130,2282,649,298,155,734,326,1437,1226,640,1349,1588,2.59,3.15,12285,4751,2290,3707,1116,421,240,4973,1549,2583,114,217,510,5194,1097,2394,223,844,636,166,53,39,65,6,135,32,300,131,25,51,037,30,31,45,131,75,92,2803,158,227,1294,642,482,8609,855,1315,2978,1528,586,884,463,-888888888,-888888888,9576,1008,12315,2516,2861,264,7140,1292,2314,960,12319,11107,1198,795,403,362,41,14,12478,12343,12337,9286,3051,6,135,135,45,90,141,6,0,6,135,12,123,135,28,6,8,0,90,3,11744,11550,194,82,134,74,57,8,3,0,0,0,12478,2761,0,22,10,48,1501,185,59,1140,0,13,923,350,90,92,179,58,22,237,136,0,51,118,27,0,4,2,-888888888,-888888888,-888888888
2013,Chesterfield County; Virginia,113637,83188,39515,64058,28617,4699,2619,14431,8279,30449,25851,8439,42984,25102,2.78,3.27,316107,113637,64078,105925,18846,13621,5428,120442,38242,67960,2371,2510,9359,133620,35826,67668,3556,10100,16470,3759,1005,24,46,8,103,17,6484,2545,519,51,041,630,355,1041,2545,1520,1884,91264,5564,4671,37322,19968,23739,210307,7398,13436,51140,46419,15580,48626,27708,-888888888,-888888888,237618,27083,317538,30605,81322,3060,201147,16232,35069,11313,317012,279459,36263,18691,17572,10516,7056,1290,320430,295206,290389,175768,114621,4817,25224,25224,11918,13306,30041,4817,57,4760,25224,1193,24031,25224,3413,8422,1227,105,11595,462,300744,268821,31923,12601,17238,7997,6166,1237,6941,3173,1578,194,320430,28358,1712,998,714,2909,43814,6949,1448,39110,1166,1090,32615,14322,325,2047,5846,406,1253,5928,7949,725,3025,2653,637,674,2400,2224,-888888888,-888888888,-888888888
2013,Greensville County; Virginia,3389,2545,932,1626,485,213,78,706,369,844,712,449,1134,1200,2.48,2.85,8402,3389,1612,2621,475,305,169,6645,3466,2146,171,160,702,3758,979,1768,89,523,399,91,77,79,49,52,98,12,284,131,74,51,081,5,3,49,131,64,65,1931,79,66,899,544,343,8954,853,1594,3819,1666,381,400,241,-888888888,-888888888,10051,1002,8424,1538,2001,94,4922,752,1501,692,12013,10467,1546,332,1214,1099,115,0,12078,11935,11814,8458,3356,121,143,143,35,108,264,121,0,121,143,0,143,143,0,55,0,0,88,0,11522,11166,356,76,194,48,92,0,50,19,20,9,12078,1153,38,0,0,9,736,199,0,303,0,0,464,52,0,25,102,0,0,56,41,30,490,13,0,0,0,52,-888888888,-888888888,-888888888
2013,Isle of Wight County; Virginia,13560,10191,3875,8295,2858,458,217,1438,800,3369,2946,1172,4409,3770,2.59,3.02,35139,13560,8249,10061,2228,1041,574,14081,3493,8585,245,476,1282,15097,3245,8547,478,1513,1314,353,176,50,45,0,109,18,908,432,114,51,093,11,169,138,432,248,314,8658,398,573,3473,2079,2135,25030,1325,2158,7183,5898,2078,4059,2329,-888888888,-888888888,27143,4170,34731,4319,7758,216,21676,2346,5297,1757,34959,31812,2991,1077,1914,1322,592,156,35373,34544,34140,22212,11928,404,829,829,342,487,1233,404,0,404,829,33,796,829,209,251,0,0,279,90,33620,32302,1318,513,645,335,403,126,270,52,0,0,35373,5225,86,87,57,330,4750,577,206,4059,112,138,3452,1171,9,226,601,95,80,359,874,52,261,261,39,74,345,57,-888888888,-888888888,-888888888
2013,Franklin city; Virginia,3551,2283,923,1343,520,64,0,876,403,1268,1144,454,1037,1076,2.37,2.99,8401,3551,1330,2650,556,314,141,2924,830,1502,61,146,385,3850,1475,1268,84,515,508,143,109,76,70,0,153,33,92,42,4,51,620,0,0,38,42,31,38,2289,162,179,956,406,586,5674,414,754,1484,1547,306,804,365,-888888888,-888888888,6441,839,8401,1388,2090,38,4951,791,1360,559,8368,6760,1599,640,959,729,230,9,8539,8288,8156,6440,1716,132,251,251,115,136,383,132,0,132,251,0,251,251,76,38,0,0,137,0,7943,7763,180,19,47,19,87,0,46,0,0,0,8539,1547,0,0,14,33,830,127,0,338,7,72,466,46,46,7,55,0,0,34,250,0,221,13,0,0,23,287,-888888888,-888888888,-888888888
2013,Charlottesville city; Virginia,17443,7340,3285,5213,2123,490,208,1637,954,10103,6604,1582,3581,3100,2.33,3.02,40690,17443,5150,7651,2056,8390,1139,18123,10337,5851,199,331,1405,19963,11179,5547,287,1133,1817,302,113,10,21,0,25,16,482,171,87,51,540,9,54,21,171,98,122,17838,706,406,2446,1494,12786,25614,1170,1842,5705,3363,765,5824,6945,-888888888,-888888888,37088,1742,43329,4080,6501,218,32911,2580,3917,1282,43315,31234,11190,3884,7306,5136,2170,891,43663,38297,37551,20260,17291,746,5366,5366,1454,3912,6112,746,46,700,5366,862,4504,5366,856,2956,459,37,978,80,41317,35576,5741,2367,1610,686,1290,278,1963,923,878,480,43663,6745,916,123,185,402,5137,1012,168,4831,187,194,3789,1874,121,396,977,60,453,904,1285,72,491,449,161,214,558,195,-888888888,-888888888,-888888888
2013,Henrico County; Virginia,123683,79990,38417,56761,25274,4594,2322,18635,10821,43693,36402,12423,42073,28708,2.49,3.10,308335,123683,56846,94095,17214,16497,6825,115031,38520,61524,2680,2973,9334,134457,40233,59975,4078,12142,18029,4613,1675,39,57,12,110,23,5918,1912,411,51,087,456,328,717,1912,1202,1299,81073,5589,4470,32592,17284,21138,211155,7953,12937,48607,43517,14334,51901,31906,-888888888,-888888888,236521,22033,308636,30749,74456,2751,196230,15490,37950,12508,307680,255776,49227,25847,23380,17740,5640,2677,311314,275615,272897,180278,92619,2718,35699,35699,14548,21151,38417,2718,105,2613,35699,2246,33453,35685,4738,17268,3855,117,9157,550,291042,249644,41398,16709,12560,6164,12319,3807,11834,4890,4685,1848,311314,20267,3657,990,525,2664,35169,5615,1064,32498,1922,1338,29070,12047,357,1279,5668,372,2966,5651,7169,350,3757,2160,385,1264,2234,1802,-888888888,-888888888,-888888888
2013,King William County; Virginia,5998,4584,2135,3549,1588,247,129,788,418,1414,1215,473,2494,1444,2.65,3.05,15886,5998,3503,4893,989,503,314,6082,1397,3763,178,81,663,6518,1266,3626,249,491,886,189,107,68,50,50,108,5,577,334,59,51,101,70,113,92,334,171,254,3989,238,197,1966,796,792,10872,474,682,4386,2616,622,1490,602,-888888888,-888888888,12012,1187,15902,1620,3947,224,9940,812,2015,584,15806,14645,1143,388,755,545,210,18,15959,15700,15624,12280,3344,76,259,259,151,108,335,76,0,76,259,0,259,259,115,33,37,0,53,21,14970,14569,401,127,235,107,75,12,19,8,72,0,15959,2142,32,68,0,102,3370,365,66,1462,22,71,1633,729,0,105,356,0,43,379,506,9,730,26,18,6,82,0,-888888888,-888888888,-888888888
2013,Louisa County; Virginia,13046,9398,3512,7331,2451,710,318,1357,743,3648,2979,1133,4016,3569,2.55,2.98,33225,13046,7317,9079,2247,1536,786,13392,3444,7681,380,526,1361,14007,3301,7787,494,1281,1144,424,172,49,55,8,132,11,983,467,34,51,109,120,110,203,467,274,327,6755,343,457,3123,1578,1254,23887,1402,2773,9444,4467,1322,2918,1561,-888888888,-888888888,26139,2963,33270,4528,7219,314,21002,2418,5049,1796,32962,29864,3066,1707,1359,944,415,32,33384,32500,32166,21851,10315,334,884,884,344,540,1218,334,43,291,884,0,884,884,288,132,15,12,275,162,31464,30451,1013,426,522,319,417,79,64,28,10,0,33384,5243,13,132,76,347,4417,734,94,4609,74,142,4078,802,25,79,498,93,382,489,671,27,68,139,14,73,396,152,-888888888,-888888888,-888888888
2013,Middlesex County; Virginia,4400,2986,831,2439,610,181,58,366,163,1414,1292,721,977,2015,2.39,2.96,10509,4400,2432,2395,1024,258,109,4682,1206,2701,132,184,459,4748,799,2486,75,873,515,61,35,35,32,0,66,18,301,55,0,51,119,20,0,35,55,30,43,1894,97,131,833,440,393,8404,180,747,2516,2136,525,1493,807,-888888888,-888888888,9077,1259,10527,1958,1751,42,5957,861,2819,1055,10777,9775,998,533,465,340,125,4,10851,10559,10504,7153,3351,55,292,292,229,63,347,55,0,55,292,4,288,292,145,80,0,0,53,14,10467,10246,221,46,122,23,39,21,4,0,56,2,10851,1046,98,41,39,131,3338,345,13,1383,27,60,1193,192,28,69,99,0,13,491,311,9,165,71,11,0,23,0,-888888888,-888888888,-888888888
2013,Richmond County; Virginia,2853,1878,646,1360,392,127,31,391,223,975,820,513,854,1127,2.56,3.20,7315,2853,1386,1955,795,326,146,4434,1764,1910,148,202,410,3381,703,1593,95,561,429,111,53,73,71,0,195,32,227,19,0,51,159,16,0,3,19,19,0,1788,96,78,822,494,298,6951,744,1074,2773,1156,346,614,244,-888888888,-888888888,7551,512,7340,1263,1587,39,4211,535,1542,689,9023,8071,938,455,483,334,149,14,9140,8489,8422,6623,1799,67,651,651,219,432,718,67,0,67,651,4,647,651,0,206,0,0,445,0,8823,7987,836,696,608,484,16,0,212,212,0,0,9140,946,0,34,0,21,1801,55,4,587,7,0,859,191,0,39,64,11,2,128,70,0,5,41,0,0,25,15,-888888888,-888888888,-888888888
2013,Spotsylvania County; Virginia,41709,32962,15877,25640,11571,1874,1108,5448,3198,8747,7074,2701,17649,8970,2.97,3.33,123881,41709,25618,43252,7925,5377,1973,46903,14120,27630,841,788,3524,49970,12676,27280,1253,3578,5183,1923,712,49,60,30,115,29,3419,1569,586,51,177,267,233,483,1569,882,1367,34603,2152,1827,15412,8077,7135,79973,2827,5903,25570,17540,5606,13870,8657,-888888888,-888888888,89933,13141,123291,12901,33688,1375,76969,7025,12634,4501,122767,107223,15256,7208,8048,4930,3118,288,124319,116306,113994,62138,51856,2312,8013,8013,3961,4052,10325,2312,50,2262,8013,164,7849,8013,1304,2438,224,22,3912,113,116209,105170,11039,3868,6644,2544,2381,455,1699,806,315,63,124319,15707,583,627,393,1295,15126,2445,455,17768,485,294,16063,5572,299,817,3063,177,430,1771,3315,286,440,1145,229,325,815,342,-888888888,-888888888,-888888888
2013,Clarke County; Virginia,5580,4098,1452,3466,1141,139,67,493,244,1482,1090,348,1759,1598,2.49,2.90,13920,5580,3507,3613,685,535,321,5711,1411,3601,63,126,510,5968,1245,3575,31,540,577,153,55,41,51,84,79,25,467,122,81,51,043,10,3,28,122,63,122,3322,250,114,1502,955,501,10144,272,844,2987,2164,705,1968,1204,-888888888,-888888888,11049,1639,13952,1346,3117,132,8472,630,2363,584,14071,12843,1228,238,990,767,223,0,14191,13641,13430,7159,6271,211,550,550,398,152,761,211,0,211,550,0,550,550,210,108,38,0,185,9,13478,12715,763,116,350,76,283,12,74,10,56,18,14191,2142,102,124,15,381,2716,445,98,3264,70,80,2302,536,69,89,255,9,115,285,444,37,3,153,0,44,94,13,-888888888,-888888888,-888888888
2013,King and Queen County; Virginia,2863,2012,575,1671,502,98,0,243,73,851,755,403,662,997,2.45,3.00,7020,2863,1666,1714,638,139,83,2859,708,1764,90,97,200,2893,303,1874,70,344,302,162,8,22,110,0,301,0,101,44,0,51,097,0,10,34,44,39,34,1140,43,79,572,195,251,5090,418,524,2102,1160,166,502,218,-888888888,-888888888,5603,703,7020,701,1417,65,4305,432,1298,204,6923,6611,312,97,215,106,109,0,7020,6894,6849,5443,1406,45,126,126,18,108,171,45,0,45,126,0,126,126,0,10,0,0,116,0,6527,6235,292,248,241,228,16,0,25,10,10,10,7020,1073,0,60,5,63,1066,69,20,505,0,0,784,162,0,65,54,0,27,131,103,0,808,5,0,0,0,21,-888888888,-888888888,-888888888
2013,New Kent County; Virginia,6886,5288,1887,4355,1386,267,86,666,415,1598,1339,576,2202,1842,2.65,3.03,18224,6886,4377,5278,1060,623,256,7842,2058,4607,304,64,809,7645,1454,4600,184,706,701,137,78,44,32,17,71,12,486,190,4,51,127,101,16,69,190,117,190,4535,340,249,1961,959,1026,13386,429,1074,4488,3183,1100,2335,777,-888888888,-888888888,14637,1926,18208,1675,4124,43,11711,896,2373,736,18701,16379,2306,406,1900,1706,194,16,18791,18334,18074,12517,5557,260,457,457,206,251,717,260,0,260,457,10,447,457,229,63,20,0,101,44,17831,17333,498,226,242,97,166,70,69,57,21,2,18791,1988,62,52,22,144,3133,437,91,2469,75,82,3014,858,32,455,628,82,0,471,366,89,274,136,33,23,172,60,-888888888,-888888888,-888888888
2013,Highland County; Virginia,1006,757,109,658,95,19,5,80,9,249,221,135,156,541,2.26,2.61,2276,1006,651,440,128,51,30,1004,147,682,16,25,134,1052,212,691,2,91,56,36,0,0,102,0,179,79,79,23,7,51,091,0,0,16,23,7,16,267,15,23,130,66,33,1862,157,236,771,257,51,263,127,-888888888,-888888888,2021,272,2276,403,255,7,1285,156,736,240,2243,2063,180,39,141,99,42,0,2276,2270,2244,1517,727,26,6,6,6,0,32,26,0,26,6,0,6,6,0,0,0,0,6,0,2226,2214,12,6,6,6,0,0,0,0,6,0,2276,396,0,48,0,65,251,113,11,643,0,28,168,18,0,6,9,0,7,341,27,6,0,9,61,6,19,0,-888888888,-888888888,-888888888
2013,Dickenson County; Virginia,6352,4526,1531,3409,1010,329,156,788,365,1826,1651,628,1846,1898,2.44,2.92,15501,6352,3372,4344,970,463,235,6599,1736,3664,177,230,792,6446,1040,3523,350,769,764,201,90,70,60,106,126,0,389,282,54,51,051,95,18,115,282,154,229,3077,77,236,1564,665,535,11321,1561,1567,4017,2286,700,700,490,-888888888,-888888888,12499,955,15508,4429,3250,265,9609,2569,2649,1595,15613,14411,1202,485,717,651,66,0,15749,15597,15597,13134,2463,0,152,152,27,125,152,0,0,0,152,4,148,152,53,16,0,0,83,0,14893,14611,282,68,113,16,127,48,10,4,32,0,15749,4477,0,0,48,138,1732,134,0,1818,18,22,2404,55,0,35,26,61,9,599,329,0,0,64,10,0,29,11,-888888888,-888888888,-888888888
2013,Loudoun County; Virginia,106997,83146,49491,69998,42222,3855,2091,9293,5178,23851,18297,4589,52171,15863,3.04,3.45,325327,106997,70109,114400,18893,14928,5065,118631,32544,75568,1827,1368,7324,123476,28816,75278,2599,6178,10605,5588,724,22,64,7,124,38,6009,1604,313,51,107,252,297,742,1604,913,1261,99843,9176,6187,44982,20009,19489,207248,6756,6097,29399,32770,12263,72907,47056,-888888888,-888888888,226623,20436,324715,16638,98623,2167,203637,8210,22455,6261,321619,282546,36137,16968,19169,11260,7909,2936,326477,252007,244792,108810,135982,7215,74470,74470,39468,35002,81685,7215,297,6918,74470,3815,70655,74470,6167,39066,4324,334,23709,870,298849,210499,88350,30102,33696,15272,27826,6991,22776,7142,4052,697,326477,17034,3834,1666,1170,3397,33361,8465,1699,47154,1555,1782,40802,22415,786,2808,9544,1209,3255,4394,7620,1097,6170,3811,997,1277,2843,1323,-888888888,-888888888,-888888888
2013,Roanoke County; Virginia,37928,25859,10478,20683,7783,1477,838,3699,1857,12069,10592,4351,11477,11569,2.39,2.93,90754,37928,20640,24866,4529,2791,1400,36041,9103,22006,423,1098,3411,40600,8335,21455,739,4641,5430,1095,318,33,53,11,111,25,1373,596,127,51,161,42,189,238,596,365,426,22220,1332,948,9639,5077,5224,66116,2204,3831,17619,14335,6244,14425,7458,-888888888,-888888888,72788,8535,91402,10107,19915,858,55689,4247,15798,5002,91942,79878,11951,4504,7447,5545,1902,113,92824,87964,87099,58936,28163,865,4860,4860,2238,2622,5725,865,0,865,4860,234,4626,4860,983,2089,260,99,1179,250,88248,82145,6103,2447,2109,819,2384,920,1167,521,443,187,92824,14123,253,194,155,1428,14968,2312,404,14671,234,210,12394,3068,146,547,1337,48,321,2413,2258,196,620,717,308,100,694,221,-888888888,-888888888,-888888888
2013,Gloucester County; Virginia,13889,10266,4017,8147,3001,605,289,1514,727,3623,2971,1329,4679,3999,2.63,3.05,36560,13889,8120,10380,2522,1649,637,14943,3934,8911,323,343,1432,15631,3481,8754,270,1331,1795,519,226,53,60,21,134,18,1117,264,59,51,073,98,0,107,264,140,223,8745,483,225,3501,2351,2185,25930,863,1907,8546,6422,2493,3865,1834,-888888888,-888888888,28530,4457,36155,4423,7892,340,22767,2238,5496,1845,36389,32223,3640,1922,1718,1104,614,526,36868,36151,35365,20539,14826,786,717,717,432,285,1503,786,0,786,717,15,702,717,374,144,10,0,171,18,35015,34019,996,147,521,75,330,41,145,31,0,0,36868,4302,11,137,65,487,7604,1115,254,5045,85,148,4665,2197,63,303,1011,198,169,715,1220,29,214,568,84,277,328,11,-888888888,-888888888,-888888888
2013,Powhatan County; Virginia,9544,7532,2869,6273,2387,424,176,835,306,2012,1731,631,3191,2626,2.61,2.93,24877,9544,6273,7140,1156,764,436,13073,4303,7008,385,307,1070,10413,1830,6553,184,810,1036,220,39,17,38,0,120,6,552,240,22,51,145,0,63,155,240,115,193,6492,380,334,2885,1675,1218,20038,867,1955,5690,4354,1648,3776,1748,-888888888,-888888888,22105,2390,24899,2268,5817,318,15385,1047,3697,903,27901,24941,2943,577,2366,1845,521,17,28108,27265,26934,17758,9176,331,843,843,581,262,1174,331,2,329,843,31,812,843,315,168,38,0,272,50,26918,25711,1207,306,509,164,448,84,160,45,90,13,28108,4940,86,12,45,125,3743,708,113,3489,124,66,2987,760,59,234,418,24,309,832,907,18,34,71,12,91,162,86,-888888888,-888888888,-888888888
2013,Fauquier County; Virginia,23130,17205,7213,14361,5744,898,438,1946,1031,5925,4750,1955,7993,6251,2.84,3.31,65603,23130,14321,21115,4322,2715,1249,25600,7010,15247,446,643,2254,27127,6056,15044,671,2471,2885,755,278,41,49,18,120,16,2044,594,144,51,061,118,140,192,594,347,528,17762,1139,1041,7425,4187,3970,44780,1426,2419,12351,10178,3517,9169,5720,-888888888,-888888888,49551,6424,65544,7267,16300,515,40351,3588,8893,3164,65348,59165,5995,1866,4129,3011,1118,188,66015,62169,61199,35574,25625,970,3846,3846,1881,1965,4816,970,16,954,3846,101,3745,3846,888,652,156,53,1931,166,62218,56916,5302,1591,3591,1234,1151,154,413,169,147,34,66015,6483,201,127,189,1336,9833,2129,540,12520,199,293,10427,4283,120,863,1404,144,205,1388,2005,198,1034,708,425,203,895,54,-888888888,-888888888,-888888888
2013,Chesapeake city; Virginia,79421,59469,27178,44451,19414,3377,1494,11641,6270,19952,16666,5584,31254,17357,2.77,3.21,219991,79421,44486,71994,15213,8877,3266,86244,27408,48055,2058,1798,6925,92792,23758,47746,2929,7681,10678,3195,1292,46,56,23,113,19,6597,2012,366,51,550,529,412,705,2012,1267,1472,64248,3507,3288,26214,13941,17298,147330,3965,10498,38143,37915,13710,27231,15868,-888888888,-888888888,162001,25990,214559,20925,57223,2132,133510,10691,23826,8102,222717,190239,31632,11161,20471,12499,7972,846,225597,214745,211124,119807,91317,3621,10852,10852,6094,4758,14473,3621,73,3548,10852,585,10267,10852,1813,4686,627,52,3316,358,211165,195563,15602,4608,6954,1950,3940,880,4000,1561,708,217,225597,29443,629,610,301,1788,23577,5343,1141,24531,1259,826,22863,9314,252,1210,4072,437,1027,3291,4454,222,4677,1309,268,430,1018,1270,-888888888,-888888888,-888888888
2013,Albemarle County; Virginia,37964,24504,10389,20370,8129,908,430,3226,1830,13460,11227,4016,11158,10352,2.47,3.07,93835,37964,20313,26175,4138,5245,1548,39131,13998,21490,621,925,2097,43456,12919,21581,746,3787,4423,1151,256,19,46,13,87,25,1323,542,233,51,003,67,118,124,542,304,430,30595,1666,1174,10283,4523,12949,66879,2504,3221,12073,10329,3864,17302,17586,-888888888,-888888888,78715,6838,99425,9128,21537,508,63439,4149,14449,4471,99608,83005,15625,4676,10949,6374,4575,978,100636,90815,89118,46351,42767,1697,9821,9821,3978,5843,11518,1697,65,1632,9821,808,9013,9821,2286,3833,574,65,2711,352,94995,84298,10697,3956,3896,1853,3679,707,2526,1166,596,230,100636,16502,649,545,445,1423,14904,2288,425,12686,562,278,11068,5448,290,1051,2684,187,1265,2941,3368,118,683,1431,383,288,946,391,-888888888,-888888888,-888888888
2013,Bedford County; Virginia,27233,19905,7443,16600,5575,1038,451,2267,1417,7328,6118,2706,8235,8224,2.53,2.96,68879,27233,16605,18961,3496,2584,1328,28051,6676,17565,446,934,2430,28950,5553,17073,593,2772,2959,733,249,37,49,16,123,14,1656,615,80,51,019,236,97,202,615,362,446,16411,977,678,7169,3727,3860,49442,2012,4119,16112,10881,3972,8202,4144,-888888888,-888888888,54057,7104,68891,8566,15020,702,42153,4465,11718,3399,68637,62366,6151,2319,3832,3074,758,120,69175,68024,67403,45429,21974,621,1151,1151,622,529,1772,621,23,598,1151,41,1110,1151,400,463,37,19,168,64,65827,63717,2110,561,898,203,672,186,435,148,105,24,69175,12889,82,116,78,833,10508,1296,234,9716,127,215,8543,2177,59,436,1054,46,218,1502,1954,480,193,494,118,84,601,23,-888888888,-888888888,-888888888
2013,Wise County; Virginia,15406,10510,3826,7755,2537,678,241,2077,1048,4896,4263,1533,4595,4283,2.48,2.99,38229,15406,7751,10716,2427,1929,822,17749,6394,8473,579,412,1891,16465,3752,7866,804,2127,1916,397,120,26,44,0,92,14,1124,758,83,51,195,218,145,312,758,470,576,9069,391,633,3681,2020,2344,28421,3639,4061,9305,5686,2013,2403,1314,-888888888,-888888888,32682,2901,39005,8949,8426,338,24827,5659,5752,2952,40654,35920,4684,2514,2170,1166,1004,50,41154,40518,40354,30334,10020,164,636,636,305,331,800,164,0,164,636,30,606,636,85,151,88,0,295,17,38950,37934,1016,350,531,246,237,72,72,8,176,24,41154,6459,195,56,3,614,3808,647,50,3777,49,57,5417,527,12,78,258,22,21,1401,888,0,38,162,18,8,182,77,-888888888,-888888888,-888888888
2013,Portsmouth city; Virginia,36690,23689,9889,13428,4453,2148,1045,8113,4391,13001,10910,3796,11864,9748,2.52,3.14,92280,36690,13438,28248,9113,4791,2121,36395,14867,15144,1249,1250,3885,40311,13049,14601,1866,4634,6161,1555,812,55,65,47,103,26,3134,1287,195,51,740,186,102,804,1287,805,847,24974,2222,1086,9428,4916,7322,63051,3494,7587,18901,16016,4754,7912,4387,-888888888,-888888888,70240,10778,91161,13419,22508,848,56111,7183,12542,5388,94546,76143,18168,9150,9018,6446,2572,235,95901,93356,92550,62225,30325,806,2545,2545,1373,1172,3351,806,22,784,2545,111,2434,2545,323,809,454,16,889,54,88746,84706,4040,880,2098,439,1060,227,695,214,187,0,95901,11235,53,171,74,596,6234,1179,281,5272,143,150,6745,1870,55,306,961,96,211,847,1356,71,1280,390,165,169,686,530,-888888888,-888888888,-888888888
2013,Alleghany County; Virginia,6773,4556,1461,3762,1135,309,114,485,212,2217,1941,1100,1719,2507,2.35,2.89,15924,6773,3747,4068,794,542,353,6558,1587,3943,57,302,669,7026,1149,3990,226,1037,624,150,51,39,46,38,88,20,422,270,2,51,005,99,16,153,270,138,197,3407,154,251,1620,807,575,11859,757,1293,4370,2596,897,1124,822,-888888888,-888888888,12910,1435,15943,2949,3292,75,9303,1437,3348,1437,16145,14489,1652,853,799,705,94,4,16240,16013,15936,12026,3910,77,227,227,71,156,304,77,0,77,227,4,223,227,38,56,1,0,132,0,15525,15162,363,159,239,110,93,19,30,30,1,0,16240,4537,13,17,28,64,1748,271,100,2495,38,24,2093,468,0,42,68,12,28,527,314,0,40,69,35,0,183,10,-888888888,-888888888,-888888888
2013,Galax city; Virginia,3018,1725,689,1171,349,90,51,464,289,1293,1170,469,797,1007,2.21,2.88,6677,3018,1254,1622,364,419,278,2535,863,1185,105,143,239,3140,754,1316,57,455,558,134,51,61,87,28,163,18,95,32,0,51,640,0,0,32,32,32,0,1476,110,0,826,277,263,5087,570,659,1689,1029,401,480,259,-888888888,-888888888,5431,559,6737,1358,1546,82,3786,642,1405,634,6880,6202,674,237,437,366,71,4,6977,6513,6493,4324,2169,20,464,464,35,429,484,20,0,20,464,4,460,464,23,4,0,0,437,0,6542,5946,596,462,557,462,33,0,0,0,6,0,6977,1298,0,0,16,156,441,27,0,695,0,0,759,82,0,0,15,0,24,216,66,12,0,16,0,0,72,0,-888888888,-888888888,-888888888
2013,Northumberland County; Virginia,5691,3793,1037,3141,705,102,39,550,293,1898,1652,872,1298,2838,2.16,2.66,12320,5691,3113,2304,885,327,218,5174,1024,3428,38,183,501,5522,991,3075,88,764,604,145,117,117,73,228,116,17,443,233,0,51,133,39,12,182,233,139,226,1908,137,133,849,486,303,9714,627,773,3015,2495,658,1362,784,-888888888,-888888888,10338,1710,12320,1911,1996,110,6465,683,3859,1118,12238,11711,520,68,452,243,209,7,12334,11931,11851,7654,4197,80,403,403,195,208,483,80,0,80,403,6,397,403,162,0,94,0,147,0,11824,11539,285,67,66,18,84,8,7,7,128,34,12334,1015,0,35,27,129,2831,309,16,1613,31,146,1179,431,12,57,81,62,10,336,304,7,94,69,24,0,90,0,-888888888,-888888888,-888888888
2013,Warren County; Virginia,14387,10147,4412,7663,3108,772,317,1712,987,4240,3366,1246,4718,3621,2.58,3.06,37102,14387,7635,11445,1850,1785,1134,15106,4639,8172,288,557,1450,15241,3765,7798,495,1424,1759,572,110,26,65,20,111,42,657,115,16,51,187,25,9,65,115,85,43,9356,537,514,4174,1848,2283,25755,1521,2602,9597,4848,1899,3337,1951,-888888888,-888888888,28863,3584,37498,4403,8940,502,23743,2348,4815,1553,37335,32752,4532,2104,2428,1676,752,51,37836,36451,36170,22381,13789,281,1385,1385,790,595,1666,281,0,281,1385,25,1360,1385,332,308,102,20,548,75,35565,33894,1671,516,938,336,425,38,178,92,130,50,37836,4826,180,176,214,566,6471,1212,176,7465,163,214,6166,1714,33,184,545,65,172,691,959,46,165,409,42,115,557,76,-888888888,-888888888,-888888888
2013,Fredericksburg city; Virginia,9779,5170,2623,3186,1419,357,135,1627,1069,4609,3715,993,2889,1855,2.38,3.17,23304,9779,3181,6591,1453,2300,705,9642,4493,3553,295,288,1013,11739,5561,3367,396,922,1493,438,217,36,52,23,74,25,374,118,13,51,630,75,5,25,118,84,60,8374,342,301,2236,765,4730,14777,403,1035,3783,3529,841,2887,2299,-888888888,-888888888,20563,1934,25685,2388,5198,111,17989,1418,2498,859,25572,18011,7355,1736,5619,4481,1138,206,25931,23622,22700,12546,10154,922,2309,2309,755,1554,3231,922,174,748,2309,208,2101,2309,207,330,310,0,1410,52,24095,21252,2843,1145,1918,811,527,120,259,160,139,54,25931,1716,208,63,47,218,2392,575,118,3176,97,161,3320,1594,0,86,671,66,94,512,451,46,266,131,25,69,199,76,-888888888,-888888888,-888888888
2013,Arlington County; Virginia,94454,43512,18268,34726,14470,3021,909,5765,2889,50942,38256,6335,19391,13887,2.24,3.06,211822,94454,34632,42911,12304,27521,5601,92072,43772,39946,1418,1126,5810,92758,40654,37491,1614,4461,8538,3346,625,16,50,32,48,58,1772,527,71,51,013,123,82,251,527,331,367,45449,3649,1990,13231,6662,19917,161322,5895,4942,14611,14356,5894,55359,60265,-888888888,-888888888,177003,12638,210403,10939,34460,491,157451,5277,18492,5171,212164,167297,41171,15939,25232,8984,16248,3696,214861,165422,160479,42188,118291,4943,49439,49439,20813,28626,54382,4943,247,4696,49439,3567,45872,49439,5741,17140,5525,368,19508,1157,202409,143798,58611,17092,28544,8022,13478,3072,10651,4006,5938,1992,214861,8099,2729,1139,1330,2416,22732,4146,1339,27763,1492,1630,28015,12936,881,2091,7349,630,4363,3238,5950,585,5393,3123,820,1000,1933,779,-888888888,-888888888,-888888888
2013,Hopewell city; Virginia,8766,5300,2192,2796,708,554,228,1950,1256,3466,3054,1115,2717,2455,2.53,3.25,22221,8766,2787,6316,2841,1511,721,7957,3263,3244,217,282,951,9702,3815,3032,303,1271,1281,289,157,41,51,19,105,0,679,286,16,51,670,88,46,136,286,186,176,4954,265,506,2143,1144,896,14789,1042,2396,5678,3215,955,956,547,-888888888,-888888888,16644,1879,22040,3540,5601,312,13164,1775,3275,1453,22146,19642,2495,1388,1107,802,305,9,22429,21396,21093,15581,5512,303,1033,1033,449,584,1336,303,0,303,1033,31,1002,1033,261,184,65,0,505,18,20601,19336,1265,388,709,236,225,64,98,25,233,63,22429,2857,137,18,4,103,2338,182,73,1282,67,0,1509,394,0,95,148,68,13,208,264,100,219,51,33,0,67,125,-888888888,-888888888,-888888888
2013,Frederick County; Virginia,29172,21660,9653,17651,7462,1126,567,2883,1624,7512,5645,2221,10676,7087,2.68,3.08,78273,29172,17623,23866,3508,4104,1967,31214,8370,18255,627,955,3007,32117,6637,18605,761,2540,3574,1300,309,38,68,31,141,27,1680,780,89,51,069,80,143,468,780,483,636,19872,1042,1023,8598,5050,4159,53837,2761,4796,16302,11389,3809,9075,5705,-888888888,-888888888,59808,7459,78341,8584,19462,717,48417,4300,10462,3567,78273,67359,10757,5046,5711,4281,1430,157,79453,75100,73495,41805,31690,1605,4353,4353,1840,2513,5958,1605,0,1605,4353,58,4295,4353,546,959,142,0,2548,158,74640,68767,5873,2140,4091,1533,863,117,741,396,178,94,79453,12073,244,203,162,1333,11640,1617,408,17318,244,276,10465,4014,156,677,1438,348,366,985,2040,169,148,759,127,54,690,111,-888888888,-888888888,-888888888
2013,York County; Virginia,24071,19109,9016,15524,6966,715,339,2870,1711,4962,4216,1601,9618,5719,2.69,3.05,64712,24071,15576,20798,2729,1538,630,25576,6859,16341,234,383,1759,26774,5331,16272,303,2000,2868,1006,140,21,63,4,148,26,1008,404,81,51,199,102,41,180,404,221,307,19109,1137,996,7580,4668,4728,43167,640,1558,8888,9554,4399,10205,7923,-888888888,-888888888,45576,9868,62151,5381,16680,473,37184,2589,8287,2319,64994,54540,9408,2449,6959,3141,3818,1046,65762,61188,59197,24852,34345,1991,4574,4574,3020,1554,6565,1991,51,1940,4574,365,4209,4574,1090,2438,347,24,546,129,62109,56624,5485,1504,1523,328,1629,442,2100,701,233,33,65762,6332,387,125,178,740,9321,1636,514,11383,437,347,8409,3398,256,732,2006,228,625,1403,1937,210,491,593,147,184,430,209,-888888888,-888888888,-888888888
2013,Nelson County; Virginia,6404,4163,1339,2943,765,223,23,997,551,2241,1931,840,1633,2201,2.31,2.79,14806,6404,2907,3399,1147,949,383,6191,1743,3217,111,154,966,6509,1405,3210,176,769,949,151,115,78,52,105,107,0,503,163,63,51,125,17,0,83,163,136,66,2850,191,197,1444,577,441,11110,983,1155,3605,1849,554,1730,1234,-888888888,-888888888,12073,1327,14883,2191,2867,87,9062,1097,2954,1007,14791,13101,1690,750,940,752,188,0,14940,14494,14390,10424,3966,104,446,446,250,196,550,104,0,104,446,0,446,446,300,29,21,0,77,19,14386,14039,347,73,177,35,158,26,12,12,0,0,14940,3816,0,14,11,208,2281,535,33,1491,16,62,1147,448,0,49,107,0,65,457,512,0,0,105,75,14,45,0,-888888888,-888888888,-888888888
2013,Pittsylvania County; Virginia,26092,18364,6358,13862,4359,1260,463,3242,1536,7728,6876,2927,7568,8313,2.38,2.85,61996,26092,13766,16046,4177,1915,1200,25596,6810,14503,748,753,2782,26843,5499,14209,1019,3254,2862,617,305,49,46,46,96,11,1760,978,136,51,143,156,164,522,978,586,827,14310,938,943,5973,3333,3123,45415,3942,5568,16255,9493,3923,4315,1919,-888888888,-888888888,49973,5165,62143,10527,13060,804,37835,5568,11248,4155,62527,57055,5429,2389,3040,2433,607,43,63077,61778,61568,49643,11925,210,1299,1299,601,698,1509,210,4,206,1299,45,1254,1299,213,262,0,9,811,4,60087,58323,1764,801,1203,691,314,65,201,41,46,4,63077,12725,28,42,33,359,6347,688,46,4022,117,82,5505,678,24,235,444,42,54,821,650,39,195,85,110,6,149,20,-888888888,-888888888,-888888888
2013,Falls Church city; Virginia,5020,3092,1759,2504,1327,104,101,484,331,1928,1615,417,1794,1019,2.53,3.28,12703,5020,2535,4055,456,637,136,4708,1682,2641,146,67,172,5405,1764,2674,123,249,595,132,2,1,39,0,98,6,163,24,0,51,610,7,0,17,24,9,24,3731,289,236,1334,730,1142,8592,106,124,915,830,225,2447,3945,-888888888,-888888888,9457,686,12656,679,3200,58,8105,239,1351,382,12566,9943,2078,214,1864,941,923,545,12731,10574,10158,3103,7055,416,2157,2157,1190,967,2573,416,38,378,2157,174,1983,2157,630,737,151,9,383,247,11883,9107,2776,737,1017,232,1029,239,655,266,75,0,12731,807,36,31,12,251,1938,295,52,1927,195,39,1398,729,114,168,501,0,535,218,722,63,160,189,126,59,112,0,-888888888,-888888888,-888888888
2013,Poquoson city; Virginia,4591,3421,1331,2802,988,225,81,394,262,1170,1040,450,1476,1346,2.62,3.07,12051,4591,2775,3839,474,372,152,4813,1380,2741,106,204,382,5056,907,3023,90,505,531,119,41,36,44,16,107,23,283,15,0,51,735,15,0,0,15,8,15,3213,165,67,1487,890,604,8326,273,334,1970,2072,581,1841,1255,-888888888,-888888888,9116,1363,11918,1170,2853,29,7152,514,1913,627,11958,10842,1116,296,820,596,224,0,12117,11623,11368,6893,4475,255,494,494,425,69,749,255,0,255,494,0,494,494,124,266,17,4,76,7,11629,10887,742,161,265,14,201,10,239,133,37,4,12117,1628,74,47,23,307,2079,400,71,1878,123,11,1561,579,0,108,293,27,191,517,353,38,0,147,11,32,21,0,-888888888,-888888888,-888888888
2013,Waynesboro city; Virginia,8708,5370,2301,3690,1332,427,275,1253,694,3338,2801,1385,2617,2691,2.41,2.98,20948,8708,3710,5632,1278,1620,811,7864,2599,3973,236,375,681,8961,2189,3878,453,1038,1403,305,162,59,61,0,108,25,385,189,31,51,820,54,25,79,189,147,157,4859,329,212,2262,1037,1019,14430,868,1496,5731,2771,803,1802,959,-888888888,-888888888,16076,1828,20943,3075,4979,247,12449,1582,3515,1246,20816,17557,3255,1222,2033,1434,599,4,21099,20382,20094,14225,5869,288,717,717,325,392,1005,288,8,280,717,44,673,717,193,147,50,0,294,33,19752,18789,963,337,442,135,424,167,71,33,26,2,21099,4733,17,33,12,269,3052,562,74,3550,82,26,2308,718,0,122,157,25,94,777,573,14,35,211,65,0,93,108,-888888888,-888888888,-888888888
2013,Salem city; Virginia,9908,6226,2578,4666,1748,409,219,1151,611,3682,2936,1093,2857,2788,2.32,2.92,23029,9908,4666,6132,1126,1197,475,9848,3360,4860,253,320,1055,11169,3163,4982,314,1171,1539,151,34,10,24,11,43,15,370,171,59,51,775,13,38,61,171,118,127,7143,445,257,2134,1253,3054,16623,860,984,4979,3239,1436,3080,2045,-888888888,-888888888,19971,2222,24407,3435,4910,245,15530,1661,3967,1529,24809,19802,4639,1890,2749,2131,618,368,24950,23716,23561,16254,7307,155,1234,1234,371,863,1389,155,0,155,1234,236,998,1234,295,323,68,14,491,43,23718,22263,1455,662,709,436,557,161,119,65,70,0,24950,4086,158,32,74,482,3930,468,20,4546,51,9,2574,651,14,66,353,39,80,870,862,24,209,174,46,18,315,119,-888888888,-888888888,-888888888
2013,Norfolk city; Virginia,85557,49478,23447,29373,11995,4820,2438,15285,9014,36079,27852,7545,27169,16922,2.59,3.32,221365,85557,29405,64521,20822,21060,5467,104900,52777,36003,3586,2144,10390,96030,37956,32665,4339,8058,13012,4207,1974,48,66,43,102,19,6107,2776,493,51,710,674,545,1064,2776,1936,1661,67618,3727,3301,21113,9747,29730,146077,5381,15052,39482,39114,10030,22440,14578,-888888888,-888888888,170925,28126,218830,26794,50350,2231,146022,15204,22458,9359,240465,185486,53345,26117,27228,15862,11366,1634,244090,228372,223799,120474,103325,4573,15718,15718,7225,8493,20291,4573,117,4456,15718,1052,14666,15718,1964,6395,1445,282,5285,347,227400,205615,21785,7613,10835,3753,4640,1227,4886,1981,1424,652,244090,24713,1136,458,404,1902,16329,4822,742,20992,911,698,19574,8710,435,1103,3670,749,1630,2549,4203,281,7864,1118,149,314,864,2357,-888888888,-888888888,-888888888
2013,Fairfax County; Virginia,389908,277250,135524,226627,111053,15096,5983,35527,18488,112658,88693,24448,144247,81228,2.80,3.31,1092616,389908,226564,338168,76639,61337,14941,431319,140989,251587,6463,6818,25462,448263,121223,248050,8832,28062,42096,15634,2820,22,56,11,92,38,21108,4919,1058,51,059,1143,838,1880,4919,2862,3579,300562,21709,15016,116286,62347,85204,748384,33539,27798,100124,108409,39637,229407,209470,-888888888,-888888888,823765,83545,1087061,69834,265917,5720,709087,33777,112057,30337,1087451,931843,139213,73150,66063,27302,38761,16395,1101071,775978,748523,288463,460060,27455,325093,325093,164673,160420,352548,27455,1167,26288,325093,16445,308648,325093,24519,165604,30098,1215,100472,3185,1026672,644111,382561,150041,138148,62851,85795,22822,119980,53488,38638,10880,1101071,51393,25738,4509,3643,11290,101838,24123,5403,130620,7731,5824,116031,57412,3178,10101,29736,2695,15007,14561,25964,3546,34204,10277,3845,4447,7796,4222,-888888888,-888888888,-888888888
