year,county_name,employment_status_population_16_years_and_over,employment_status_population_16_years_and_over_in_,employment_status_population_16_years_and_over_in_,employment_status_population_16_years_and_over_in_,employment_status_population_16_years_and_over_in_,employment_status_population_16_years_and_over_in_,employment_status_population_16_years_and_over_not,employment_status_civilian_labor_force,employment_status_civilian_labor_force_unemploymen,employment_status_females_16_years_and_over,employment_status_females_16_years_and_over_in_lab,employment_status_females_16_years_and_over_in_lab,employment_status_females_16_years_and_over_in_lab,employment_status_own_children_of_the_householder_,employment_status_own_children_of_the_householder_,employment_status_own_children_of_the_householder_,employment_status_own_children_of_the_householder_,commuting_to_work_workers_16_years_and_over,commuting_to_work_workers_16_years_and_over_car_tr,commuting_to_work_workers_16_years_and_over_car_tr,commuting_to_work_workers_16_years_and_over_public,commuting_to_work_workers_16_years_and_over_walked,commuting_to_work_workers_16_years_and_over_other_,commuting_to_work_workers_16_years_and_over_worked,commuting_to_work_workers_16_years_and_over_mean_t,occupation_civilian_employed_population_16_years_a,occupation_civilian_employed_population_16_years_a,occupation_civilian_employed_population_16_years_a,occupation_civilian_employed_population_16_years_a,occupation_civilian_employed_population_16_years_a,occupation_civilian_employed_population_16_years_a,industry_civilian_employed_population_16_years_and,industry_civilian_employed_population_16_years_and,industry_civilian_employed_population_16_years_and,industry_civilian_employed_population_16_years_and,industry_civilian_employed_population_16_years_and,industry_civilian_employed_population_16_years_and,industry_civilian_employed_population_16_years_and,industry_civilian_employed_population_16_years_and,industry_civilian_employed_population_16_years_and,industry_civilian_employed_population_16_years_and,industry_civilian_employed_population_16_years_and,industry_civilian_employed_population_16_years_and,industry_civilian_employed_population_16_years_and,industry_civilian_employed_population_16_years_and,state_fips,county_fips,class_of_worker_civilian_employed_population_16_ye,class_of_worker_civilian_employed_population_16_ye,class_of_worker_civilian_employed_population_16_ye,class_of_worker_civilian_employed_population_16_ye,class_of_worker_civilian_employed_population_16_ye,income_and_benefits_in_2020_inflation_adjusted_dol,income_and_benefits_in_2020_inflation_adjusted_dol,income_and_benefits_in_2020_inflation_adjusted_dol,income_and_benefits_in_2020_inflation_adjusted_dol,income_and_benefits_in_2020_inflation_adjusted_dol,income_and_benefits_in_2020_inflation_adjusted_dol,income_and_benefits_in_2020_inflation_adjusted_dol,income_and_benefits_in_2020_inflation_adjusted_dol,income_and_benefits_in_2020_inflation_adjusted_dol,income_and_benefits_in_2020_inflation_adjusted_dol,income_and_benefits_in_2020_inflation_adjusted_dol,income_and_benefits_in_2020_inflation_adjusted_dol,income_and_benefits_in_2020_inflation_adjusted_dol,income_and_benefits_in_2020_inflation_adjusted_dol,income_and_benefits_in_2020_inflation_adjusted_dol,income_and_benefits_in_2020_inflation_adjusted_dol,income_and_benefits_in_2020_inflation_adjusted_dol,income_and_benefits_in_2020_inflation_adjusted_dol,income_and_benefits_in_2020_inflation_adjusted_dol,income_and_benefits_in_2020_inflation_adjusted_dol,income_and_benefits_in_2020_inflation_adjusted_dol,income_and_benefits_in_2020_inflation_adjusted_dol,income_and_benefits_in_2020_inflation_adjusted_dol,income_and_benefits_in_2020_inflation_adjusted_dol,income_and_benefits_in_2020_inflation_adjusted_dol,income_and_benefits_in_2020_inflation_adjusted_dol,income_and_benefits_in_2020_inflation_adjusted_dol,income_and_benefits_in_2020_inflation_adjusted_dol,income_and_benefits_in_2020_inflation_adjusted_dol,income_and_benefits_in_2020_inflation_adjusted_dol,income_and_benefits_in_2020_inflation_adjusted_dol,income_and_benefits_in_2020_inflation_adjusted_dol,income_and_benefits_in_2020_inflation_adjusted_dol,income_and_benefits_in_2020_inflation_adjusted_dol,income_and_benefits_in_2020_inflation_adjusted_dol,income_and_benefits_in_2020_inflation_adjusted_dol,income_and_benefits_in_2020_inflation_adjusted_dol,income_and_benefits_in_2020_inflation_adjusted_dol,income_and_benefits_in_2020_inflation_adjusted_dol,income_and_benefits_in_2020_inflation_adjusted_dol,income_and_benefits_in_2020_inflation_adjusted_dol,income_and_benefits_in_2020_inflation_adjusted_dol,income_and_benefits_in_2020_inflation_adjusted_dol,income_and_benefits_in_2020_inflation_adjusted_dol,health_insurance_coverage_civilian_noninstitutiona,health_insurance_coverage_civilian_noninstitutiona,health_insurance_coverage_civilian_noninstitutiona,health_insurance_coverage_civilian_noninstitutiona,health_insurance_coverage_civilian_noninstitutiona,health_insurance_coverage_civilian_noninstitutiona,health_insurance_coverage_civilian_noninstitutiona,health_insurance_coverage_civilian_noninstitutiona,health_insurance_coverage_civilian_noninstitutiona,health_insurance_coverage_civilian_noninstitutiona,health_insurance_coverage_civilian_noninstitutiona,health_insurance_coverage_civilian_noninstitutiona,health_insurance_coverage_civilian_noninstitutiona,health_insurance_coverage_civilian_noninstitutiona,health_insurance_coverage_civilian_noninstitutiona,health_insurance_coverage_civilian_noninstitutiona,health_insurance_coverage_civilian_noninstitutiona,health_insurance_coverage_civilian_noninstitutiona,health_insurance_coverage_civilian_noninstitutiona,health_insurance_coverage_civilian_noninstitutiona,health_insurance_coverage_civilian_noninstitutiona,health_insurance_coverage_civilian_noninstitutiona,health_insurance_coverage_civilian_noninstitutiona,health_insurance_coverage_civilian_noninstitutiona,percentage_of_families_and_people_whose_income_in_,percentage_of_families_and_people_whose_income_in_,percentage_of_families_and_people_whose_income_in_,percentage_of_families_and_people_whose_income_in_,percentage_of_families_and_people_whose_income_in_,percentage_of_families_and_people_whose_income_in_,percentage_of_families_and_people_whose_income_in_,percentage_of_families_and_people_whose_income_in_,percentage_of_families_and_people_whose_income_in_,percentage_of_families_and_people_whose_income_in_,percentage_of_families_and_people_whose_income_in_,percentage_of_families_and_people_whose_income_in_,percentage_of_families_and_people_whose_income_in_,percentage_of_families_and_people_whose_income_in_,percentage_of_families_and_people_whose_income_in_,percentage_of_families_and_people_whose_income_in_,percentage_of_families_and_people_whose_income_in_,percentage_of_families_and_people_whose_income_in_,percentage_of_families_and_people_whose_income_in_
2020,Lewis County; Kentucky,10748,4319,4319,4041,278,0,6429,4319,-888888888,5443,1810,1810,1718,890,434,1804,767,3907,3055,460,0,13,45,334,46.0,4041,972,619,570,735,1145,4041,67,672,853,15,437,200,52,204,263,962,163,88,65,21,135,4041,3315,388,329,9,5226,909,443,969,549,553,848,567,214,136,38,29844,45458,2874,49407,2400,17258,1198,20428,628,8609,118,1519,1364,3486,447,217,476,345,419,742,462,212,128,38,44309,55938,18853,1740,16452,23068,27701,42597,33133,13205,12415,6381,7772,790,3160,40,7693,4063,3785,3523,2952,678,262,278,235,21,217,43,3630,3185,941,2444,445,-888888888,-888888888,-888888888,-888888888,-888888888,-888888888,-888888888,-888888888,-888888888,-888888888,-888888888,-888888888,-888888888,-888888888,-888888888,-888888888,-888888888,-888888888,-888888888
2020,Lincoln County; Kentucky,19400,10640,10640,9857,783,0,8760,10640,-888888888,10010,4975,4975,4568,1695,954,3562,2274,9506,7585,966,46,191,54,664,30.1,9857,3083,1991,1508,1266,2009,9857,348,749,1318,255,959,626,256,316,612,2566,843,503,506,21,137,9857,6753,1815,1272,17,9677,852,670,1333,1086,1703,1912,950,808,197,166,42231,54509,6586,60056,3759,17664,2102,17940,1009,7655,157,1473,1682,6762,345,187,836,658,1261,1577,849,738,169,142,51017,61459,21716,2915,24078,35373,30342,41630,30561,24232,22079,13012,12132,2153,5965,656,13886,9678,8978,7934,6709,1484,1044,700,593,114,481,107,4208,3862,1214,2876,346,-888888888,-888888888,-888888888,-888888888,-888888888,-888888888,-888888888,-888888888,-888888888,-888888888,-888888888,-888888888,-888888888,-888888888,-888888888,-888888888,-888888888,-888888888,-888888888
2020,Livingston County; Kentucky,7429,4095,4095,3856,239,0,3334,4095,-888888888,3797,1804,1804,1675,560,432,1336,785,3793,3088,348,22,67,43,225,24.3,3856,1168,606,606,828,648,3856,251,437,423,157,341,234,96,118,296,918,226,194,165,21,139,3856,2849,702,284,21,3803,288,213,455,382,496,865,477,462,93,72,52795,65901,2584,61858,1577,20103,1038,34573,126,9687,105,4421,480,2471,84,51,216,195,327,610,422,423,93,50,59725,75738,28504,1332,27422,46919,27356,44375,29151,9115,8783,5930,3907,332,2062,25,5134,3697,3541,3386,3061,350,155,156,115,27,88,41,1437,1349,709,792,88,-888888888,-888888888,-888888888,-888888888,-888888888,-888888888,-888888888,-888888888,-888888888,-888888888,-888888888,-888888888,-888888888,-888888888,-888888888,-888888888,-888888888,-888888888,-888888888
2020,Logan County; Kentucky,21249,12138,12124,11553,571,14,9111,12124,-888888888,11014,5428,5428,5212,1875,1216,3858,2561,11158,9405,1005,24,44,251,429,25.6,11553,3510,1547,2317,1665,2514,11553,768,1043,2911,186,1251,463,135,324,386,2502,625,591,368,21,141,11553,9222,1396,863,72,10459,809,778,1112,1253,1398,1904,1617,1132,233,223,48912,62034,7380,60000,4109,18547,2350,21324,777,7535,148,3603,1212,7039,264,334,473,764,1011,1502,1369,971,197,154,59465,68592,25026,3420,25687,46585,30108,44185,33561,26708,24847,16710,11853,1861,6697,411,15012,10717,10215,9326,8114,1423,889,502,344,156,282,158,4295,3914,1834,2417,381,-888888888,-888888888,-888888888,-888888888,-888888888,-888888888,-888888888,-888888888,-888888888,-888888888,-888888888,-888888888,-888888888,-888888888,-888888888,-888888888,-888888888,-888888888,-888888888
2020,Lyon County; Kentucky,7249,3058,3058,2960,98,0,4191,3058,-888888888,3364,1271,1271,1231,335,199,721,545,2922,2616,187,0,39,23,57,21.1,2960,871,594,579,278,638,2960,67,118,405,25,336,314,19,56,147,535,392,122,424,21,143,2960,2083,671,206,0,3266,156,204,475,391,427,631,300,361,288,33,49286,66879,1996,65847,1668,19861,1214,22385,172,7577,69,6152,529,1963,81,59,113,191,350,390,225,299,224,31,63354,80797,26993,1303,30219,45236,26622,41000,38184,6943,6666,4659,3474,277,1291,39,3531,2535,2455,2256,2025,304,199,80,80,57,23,0,996,957,556,488,39,-888888888,-888888888,-888888888,-888888888,-888888888,-888888888,-888888888,-888888888,-888888888,-888888888,-888888888,-888888888,-888888888,-888888888,-888888888,-888888888,-888888888,-888888888,-888888888
2020,McCracken County; Kentucky,52571,30483,30442,29366,1076,41,22088,30442,-888888888,27886,15124,15111,14694,4786,3134,8804,6317,28950,24760,1755,145,472,458,1360,17.1,29366,9903,5368,7727,2236,4132,29366,290,1610,2884,436,4595,1713,646,1450,2233,7525,3137,1594,1253,21,145,29366,24074,3796,1432,64,27787,1720,1910,3927,3342,3553,4614,3073,3576,1050,1022,47011,69292,19510,73454,10732,19226,6474,21285,1544,10044,665,3480,2873,16862,667,541,1325,1926,2051,3057,2339,3140,893,923,64778,86671,30044,10925,26343,40537,30579,51315,34386,64241,60274,39779,29724,3967,15009,521,36696,27380,26359,23682,19893,4559,2677,1021,818,377,442,203,9316,8795,4062,5344,521,-888888888,-888888888,-888888888,-888888888,-888888888,-888888888,-888888888,-888888888,-888888888,-888888888,-888888888,-888888888,-888888888,-888888888,-888888888,-888888888,-888888888,-888888888,-888888888
2020,McCreary County; Kentucky,13983,5325,5325,4914,411,0,8658,5325,-888888888,6418,2510,2510,2317,1040,313,2122,1149,4817,4030,509,0,110,60,108,31.6,4914,1504,1107,746,533,1024,4914,103,400,716,102,490,310,49,196,180,1332,550,194,292,21,147,4914,3599,955,346,14,6187,1085,587,1017,894,702,965,470,352,49,66,29499,43257,3460,50914,2844,17217,1046,20946,1157,8475,152,1643,1961,4074,435,124,641,721,530,788,368,352,49,66,37583,53328,16016,2113,13266,22062,23287,33521,27904,15964,15315,6786,10707,649,3971,35,9345,4793,4397,4201,3266,1244,196,396,358,62,318,38,4552,4172,1052,3613,380,-888888888,-888888888,-888888888,-888888888,-888888888,-888888888,-888888888,-888888888,-888888888,-888888888,-888888888,-888888888,-888888888,-888888888,-888888888,-888888888,-888888888,-888888888,-888888888
2020,Madison County; Kentucky,74922,46137,46053,43048,3005,84,28785,46053,-888888888,38890,22751,22696,20837,6143,4069,11638,9029,41513,33420,3781,65,1746,519,1982,23.7,43048,16103,8657,8456,3130,6702,43048,414,2455,5194,590,4859,1833,685,1632,3745,12058,5303,2051,2229,21,151,43048,32648,7920,2379,101,33876,2972,1861,3607,3469,4430,5776,4631,4678,1371,1081,51649,69354,26354,66530,11237,18326,7623,26235,1961,9448,616,3320,4461,21681,1211,560,1727,1584,2893,4125,3474,3918,1154,1035,66253,83140,26528,12195,28998,41301,25870,48173,37414,91195,86079,60609,36325,5116,22048,809,56862,41620,39241,36442,30840,7235,2799,2379,2076,1217,965,303,15242,14060,7896,7251,1182,-888888888,-888888888,-888888888,-888888888,-888888888,-888888888,-888888888,-888888888,-888888888,-888888888,-888888888,-888888888,-888888888,-888888888,-888888888,-888888888,-888888888,-888888888,-888888888
2020,Marion County; Kentucky,15105,8261,8261,7609,652,0,6844,8261,-888888888,7589,3881,3881,3679,1286,943,3106,1986,7121,5883,741,5,115,127,250,19.4,7609,2394,1065,1062,788,2300,7609,219,355,2338,134,726,352,20,201,485,1727,394,316,342,21,155,7609,5602,1312,687,8,7433,626,632,824,1003,953,1392,872,819,213,99,43587,57268,5228,59229,2973,16099,1665,23256,685,9366,118,1308,1339,4551,178,219,255,650,582,920,739,711,213,84,61821,71587,22747,2882,24112,32544,30573,43208,36827,18314,17645,11527,8974,669,4842,94,10404,7513,6917,6548,5682,1052,369,596,494,102,392,102,2891,2794,1120,1967,97,-888888888,-888888888,-888888888,-888888888,-888888888,-888888888,-888888888,-888888888,-888888888,-888888888,-888888888,-888888888,-888888888,-888888888,-888888888,-888888888,-888888888,-888888888,-888888888
2020,Marshall County; Kentucky,25724,13700,13700,13207,493,0,12024,13700,-888888888,13248,6716,6716,6538,2017,1345,3955,2858,12836,10996,1090,2,111,304,333,22.4,13207,4184,1638,3314,1713,2358,13207,322,1096,2220,374,1544,916,181,564,845,3189,846,496,614,21,157,13207,10290,2048,839,30,13119,871,542,1343,1395,1617,2422,1779,2082,578,490,57348,72700,8584,77966,5409,19973,3871,27711,752,10247,110,3119,1072,9153,302,128,598,821,1054,1735,1494,2024,548,449,73602,87771,30564,3966,28056,35605,35776,53723,36806,30625,28610,20598,13119,2015,6678,531,17367,12358,11935,11027,9711,1618,908,423,313,232,152,110,5009,4543,2463,2541,466,-888888888,-888888888,-888888888,-888888888,-888888888,-888888888,-888888888,-888888888,-888888888,-888888888,-888888888,-888888888,-888888888,-888888888,-888888888,-888888888,-888888888,-888888888,-888888888
2020,Mason County; Kentucky,13664,7658,7646,7323,323,12,6006,7646,-888888888,7048,3553,3553,3414,989,683,2398,1591,7252,6190,518,23,116,38,367,24.8,7323,2313,1232,1349,730,1699,7323,425,445,1255,113,1017,625,35,199,336,1785,687,176,225,21,161,7323,6172,806,247,98,6523,646,357,800,802,811,870,688,940,383,226,46241,72846,4484,81304,2440,18839,1498,23383,428,8671,173,2453,998,4345,205,161,237,571,508,657,558,870,375,203,65585,87870,29371,2178,22227,40650,29829,51570,37813,16829,15691,10438,7688,1138,4091,263,9706,6787,6508,5915,4994,1071,593,279,199,92,143,80,2919,2717,1229,1757,202,-888888888,-888888888,-888888888,-888888888,-888888888,-888888888,-888888888,-888888888,-888888888,-888888888,-888888888,-888888888,-888888888,-888888888,-888888888,-888888888,-888888888,-888888888,-888888888
2020,Meade County; Kentucky,22797,14187,13370,12676,694,817,8610,13370,-888888888,11459,6421,6267,6016,1861,1235,4090,2608,13168,11106,1212,49,177,80,544,32.7,12676,4384,1821,2090,1789,2592,12676,161,1213,1327,168,1383,1387,133,433,1134,2705,1127,463,1042,21,163,12676,9433,2554,680,9,10690,578,511,699,916,1467,2077,1633,1862,666,281,61500,76064,8228,74754,3661,18241,2933,24799,767,9147,128,1961,958,7629,368,141,378,539,845,1390,1419,1678,604,267,77020,86354,29173,3061,37592,47446,37315,52156,40140,27322,26428,20203,10826,894,6642,152,16692,12325,11788,11287,9794,2354,501,537,497,304,232,40,4367,4201,2473,2427,166,-888888888,-888888888,-888888888,-888888888,-888888888,-888888888,-888888888,-888888888,-888888888,-888888888,-888888888,-888888888,-888888888,-888888888,-888888888,-888888888,-888888888,-888888888,-888888888
2020,Mercer County; Kentucky,17507,10279,10260,9641,619,19,7228,10260,-888888888,8862,4839,4834,4481,1490,1152,3003,2152,9410,7783,1105,20,18,39,445,28.0,9641,3138,1527,1848,819,2309,9641,243,669,2149,121,1023,843,53,425,519,2096,693,249,558,21,167,9641,7744,1294,580,23,8718,662,447,782,1065,1108,1869,1013,1294,228,250,52312,66473,6321,70003,3280,18358,2213,20970,512,8278,76,2620,829,5503,260,63,307,568,617,1114,950,1175,215,234,69728,82477,27748,3215,29830,35780,32615,48115,41436,21522,20121,14331,9186,1401,5017,272,12529,9505,8898,8038,6984,1242,860,607,509,297,283,98,3024,2853,1559,1684,171,-888888888,-888888888,-888888888,-888888888,-888888888,-888888888,-888888888,-888888888,-888888888,-888888888,-888888888,-888888888,-888888888,-888888888,-888888888,-888888888,-888888888,-888888888,-888888888
2020,Metcalfe County; Kentucky,7992,4270,4270,4138,132,0,3722,4270,-888888888,4182,1999,1999,1964,665,385,1572,958,4073,3458,485,0,36,30,64,22.5,4138,1114,689,550,606,1179,4138,175,253,1044,94,529,184,19,171,289,813,247,112,208,21,169,4138,3179,605,283,71,4187,398,353,668,494,694,667,477,314,87,35,40391,48987,2770,55454,1703,16780,974,15103,371,6811,124,2090,653,3011,234,195,328,421,528,555,359,271,87,33,44162,54721,20182,1176,20172,30287,29100,39870,31408,9973,9479,5602,5351,494,2442,150,5733,3980,3863,3621,3015,860,242,117,97,59,38,20,1753,1680,570,1297,73,-888888888,-888888888,-888888888,-888888888,-888888888,-888888888,-888888888,-888888888,-888888888,-888888888,-888888888,-888888888,-888888888,-888888888,-888888888,-888888888,-888888888,-888888888,-888888888
2020,Montgomery County; Kentucky,22286,12473,12459,11796,663,14,9813,12459,-888888888,11625,5744,5744,5428,1993,1397,3879,3019,11653,10211,1124,0,23,70,225,24.6,11796,2844,2004,2557,926,3465,11796,59,865,2834,160,1859,406,118,290,576,2827,808,482,512,21,173,11796,9759,1602,435,0,10653,900,672,1179,944,1754,2135,1517,1292,124,136,46998,57260,7543,61168,4042,17100,2383,20273,830,8838,261,2818,2006,7726,469,234,844,630,1154,1683,1279,1182,115,136,60369,64734,22437,2927,27836,32601,30961,44649,33849,27683,25918,15970,13190,1765,6911,436,16294,11317,10699,9832,8238,1831,867,618,495,178,346,123,4977,4638,1660,3291,339,-888888888,-888888888,-888888888,-888888888,-888888888,-888888888,-888888888,-888888888,-888888888,-888888888,-888888888,-888888888,-888888888,-888888888,-888888888,-888888888,-888888888,-888888888,-888888888
2020,Morgan County; Kentucky,11188,4109,4099,3876,223,10,7079,4099,-888888888,4804,2001,2001,1914,676,282,1513,754,3809,3290,384,10,12,24,89,29.8,3876,1232,544,937,541,622,3876,47,346,543,15,592,237,64,111,134,1192,85,156,354,21,175,3876,2736,1003,132,5,4796,532,418,759,570,728,711,483,431,73,91,37399,51491,2876,59107,2230,17006,1104,22843,654,9939,112,1403,1123,3233,303,126,406,311,574,546,417,386,73,91,45313,61861,18919,1563,20015,28265,28077,42214,32546,11665,10774,5825,6384,891,2512,191,6950,3875,3663,3361,2761,720,302,212,181,70,111,31,3075,2721,914,2018,354,-888888888,-888888888,-888888888,-888888888,-888888888,-888888888,-888888888,-888888888,-888888888,-888888888,-888888888,-888888888,-888888888,-888888888,-888888888,-888888888,-888888888,-888888888,-888888888
2020,Nelson County; Kentucky,36135,22863,22813,22054,759,50,13272,22813,-888888888,18502,10493,10493,10037,3343,2496,7044,5305,21675,18439,1683,0,245,349,959,25.1,22054,6741,3052,4049,2328,5884,22054,413,1318,5305,757,2220,1645,207,1081,1624,4647,1229,874,734,21,179,22054,18240,2876,936,2,17991,711,463,1741,1770,2409,4019,2542,2838,921,577,63032,77856,13851,78685,6190,20028,4162,25727,1036,11005,212,2997,1595,12304,275,154,613,802,1565,3040,2024,2504,829,498,73756,91577,30856,5687,32495,44831,35457,50360,37545,45550,43121,34175,15960,2429,11328,550,27070,20979,20281,19158,17517,2532,1123,698,432,226,255,266,6091,5601,3322,3068,490,-888888888,-888888888,-888888888,-888888888,-888888888,-888888888,-888888888,-888888888,-888888888,-888888888,-888888888,-888888888,-888888888,-888888888,-888888888,-888888888,-888888888,-888888888,-888888888
2020,Nicholas County; Kentucky,5736,3111,3111,2956,155,0,2625,3111,-888888888,2919,1358,1358,1323,470,295,971,770,2868,2296,385,13,83,6,85,41.0,2956,640,590,540,421,765,2956,185,319,564,35,374,215,7,37,116,674,181,155,94,21,181,2956,2375,368,213,0,2714,242,187,322,447,244,489,355,276,84,68,47665,61090,1941,63600,1010,17145,484,17105,307,8009,71,2615,454,1875,81,43,207,329,183,387,324,187,76,58,55615,68914,24356,839,21448,38240,31489,49840,38615,7088,6783,4006,3904,305,1756,30,4210,2861,2706,2556,1973,676,150,155,122,18,104,33,1349,1292,510,960,57,-888888888,-888888888,-888888888,-888888888,-888888888,-888888888,-888888888,-888888888,-888888888,-888888888,-888888888,-888888888,-888888888,-888888888,-888888888,-888888888,-888888888,-888888888,-888888888
2020,Oldham County; Kentucky,51410,33268,33195,31990,1205,73,18142,33195,-888888888,24168,15292,15292,14666,4063,2825,12330,8318,31486,25982,1891,58,187,259,3109,28.0,31990,15177,3910,7340,2075,3488,31990,198,1863,4090,759,3155,1990,572,3738,3671,7431,2012,1435,1076,21,185,31990,26527,3761,1664,38,21259,411,285,1013,1146,1718,2902,2761,4891,2349,3783,103761,135839,18159,131549,5852,22811,4937,35761,543,8293,177,1951,833,17662,213,200,517,619,1002,2339,2321,4522,2268,3661,114912,149278,44186,3597,41903,62865,46050,74378,52503,62850,60821,53216,14945,2029,17971,531,36631,30104,29100,27971,26671,2079,1129,1004,914,500,463,90,6527,6255,5243,1661,272,-888888888,-888888888,-888888888,-888888888,-888888888,-888888888,-888888888,-888888888,-888888888,-888888888,-888888888,-888888888,-888888888,-888888888,-888888888,-888888888,-888888888,-888888888,-888888888
2020,Owen County; Kentucky,8724,4841,4841,4650,191,0,3883,4841,-888888888,4336,2137,2137,2064,629,460,1673,1179,4578,3455,653,0,125,9,336,41.2,4650,1528,755,679,514,1174,4650,179,373,1164,95,494,284,36,190,189,804,410,98,334,21,187,4650,3454,809,387,0,4246,331,260,491,446,537,876,387,647,142,129,50553,66447,2911,71305,1682,17858,1066,18494,270,10107,47,823,539,2849,134,111,166,239,364,637,304,637,138,119,67554,80753,25997,1397,24337,34923,35740,47050,41601,10744,9965,6989,4514,779,2468,71,6343,4453,4263,3793,3385,523,470,190,171,116,75,19,1890,1671,862,1031,219,-888888888,-888888888,-888888888,-888888888,-888888888,-888888888,-888888888,-888888888,-888888888,-888888888,-888888888,-888888888,-888888888,-888888888,-888888888,-888888888,-888888888,-888888888,-888888888
2020,Pendleton County; Kentucky,11602,6880,6880,6606,274,0,4722,6880,-888888888,5758,3185,3185,3008,838,702,2187,1586,6558,5567,513,43,99,22,314,37.2,6606,1686,1022,1477,793,1628,6606,139,654,1047,174,843,756,73,250,453,1019,387,276,535,21,191,6606,5297,1030,221,58,5250,624,363,385,358,689,913,709,897,198,114,56000,66536,3765,70923,2235,15804,1191,22038,292,9384,141,2589,758,3780,193,127,176,198,546,806,639,799,196,100,69360,79334,25647,1470,17734,29056,35365,50903,37116,14488,13957,9376,6423,531,3604,20,8627,6322,6048,5758,4843,1114,290,274,237,47,190,37,2305,2121,895,1400,184,-888888888,-888888888,-888888888,-888888888,-888888888,-888888888,-888888888,-888888888,-888888888,-888888888,-888888888,-888888888,-888888888,-888888888,-888888888,-888888888,-888888888,-888888888,-888888888
2020,Pike County; Kentucky,47894,20994,20994,19320,1674,0,26900,20994,-888888888,24715,9727,9727,9351,3598,1962,7467,4109,18893,15725,1871,58,336,160,743,24.8,19320,6982,3133,4175,2048,2982,19320,1014,918,1413,469,2833,1066,230,1018,1168,5829,1586,724,1052,21,195,19320,14905,3645,681,89,25506,3942,2050,3947,2915,3632,3505,2472,2181,452,410,34700,51462,14321,59398,11643,18355,5927,22621,3164,9817,432,1635,4853,17255,1505,1013,2056,1893,2894,2958,2164,2034,431,307,45529,61472,22515,8251,17360,29320,28993,43511,35126,57863,54486,31460,31864,3377,12776,634,34549,19545,17986,16672,14166,3105,1314,1559,1066,307,780,493,15004,14068,4633,10801,936,-888888888,-888888888,-888888888,-888888888,-888888888,-888888888,-888888888,-888888888,-888888888,-888888888,-888888888,-888888888,-888888888,-888888888,-888888888,-888888888,-888888888,-888888888,-888888888
2020,Powell County; Kentucky,9414,5135,5135,4830,305,0,4279,5135,-888888888,4762,2398,2398,2230,876,468,1661,909,4697,4079,465,7,40,8,98,32.4,4830,1210,751,1072,616,1181,4830,127,444,905,50,532,428,33,189,209,967,212,330,404,21,197,4830,3612,919,210,89,4698,730,319,535,496,497,780,736,501,41,63,41071,53367,3162,58321,1871,16273,1013,21606,561,7642,115,1316,1095,3331,296,123,362,309,347,619,684,493,41,57,61132,63514,21484,1367,15180,25613,30271,50899,37250,12033,11522,6854,6265,511,3151,54,7054,4780,4487,4215,3613,819,272,293,257,72,185,36,2274,2125,884,1540,149,-888888888,-888888888,-888888888,-888888888,-888888888,-888888888,-888888888,-888888888,-888888888,-888888888,-888888888,-888888888,-888888888,-888888888,-888888888,-888888888,-888888888,-888888888,-888888888
2020,Robertson County; Kentucky,1670,895,895,826,69,0,775,895,-888888888,854,425,425,376,114,58,296,183,804,724,35,0,10,0,35,41.2,826,202,84,208,165,167,826,54,95,188,0,61,61,8,36,31,125,38,56,73,21,201,826,549,190,83,4,859,130,56,69,94,47,203,148,69,19,24,53074,60152,595,64805,336,14908,167,27053,48,7369,25,3356,189,535,59,11,47,41,27,156,101,65,19,9,64152,67330,23794,324,28448,42503,31667,50093,47083,2075,1908,1033,1103,167,540,48,1241,847,778,710,591,142,68,69,54,20,34,15,394,362,91,293,32,-888888888,-888888888,-888888888,-888888888,-888888888,-888888888,-888888888,-888888888,-888888888,-888888888,-888888888,-888888888,-888888888,-888888888,-888888888,-888888888,-888888888,-888888888,-888888888
2020,Rockcastle County; Kentucky,13659,6861,6861,6252,609,0,6798,6861,-888888888,7051,3263,3263,2956,864,550,2186,1628,6116,5060,541,0,255,13,247,25.4,6252,1946,884,1276,737,1409,6252,146,474,1293,4,621,329,140,227,428,1772,434,196,188,21,203,6252,4746,1150,356,0,6609,806,510,1230,517,828,1193,663,610,143,109,38744,54630,4180,60595,2710,16271,1442,22211,727,10135,209,2887,1420,4582,431,267,564,390,581,933,598,567,142,109,51480,66168,22597,2027,18832,27600,29344,48227,32022,16487,15852,9063,8965,635,3879,35,9712,6467,5923,5565,4399,1412,358,544,438,157,281,106,3245,3109,786,2485,136,-888888888,-888888888,-888888888,-888888888,-888888888,-888888888,-888888888,-888888888,-888888888,-888888888,-888888888,-888888888,-888888888,-888888888,-888888888,-888888888,-888888888,-888888888,-888888888
2020,Russell County; Kentucky,14268,7647,7647,7157,490,0,6621,7647,-888888888,7369,3633,3633,3484,1227,860,2314,1714,7062,6106,572,26,102,91,165,20.0,7157,2188,1128,1525,855,1461,7157,123,539,1597,154,999,234,86,294,322,1729,477,347,256,21,207,7157,5645,1056,456,0,7122,649,609,959,964,848,1208,962,620,109,194,41731,55286,4490,60361,2957,17435,1818,23360,712,9512,207,3136,1065,4647,318,168,468,497,515,1020,821,541,109,190,60477,67739,22956,2475,23139,30694,28164,38846,33292,17621,16503,9508,9589,1118,4182,237,9953,7083,6687,6077,4999,1345,610,396,360,121,246,36,2870,2635,837,2042,235,-888888888,-888888888,-888888888,-888888888,-888888888,-888888888,-888888888,-888888888,-888888888,-888888888,-888888888,-888888888,-888888888,-888888888,-888888888,-888888888,-888888888,-888888888,-888888888
2020,Scott County; Kentucky,43248,29505,29450,28483,967,55,13743,29450,-888888888,22059,13911,13906,13319,4302,3339,8812,6420,27911,23156,2537,14,295,192,1717,21.8,28483,10510,3720,5371,2357,6525,28483,602,1273,7329,572,2663,1085,343,1251,2764,6042,2100,1128,1331,21,209,28483,22931,4166,1333,53,21186,702,772,1076,1839,2647,3873,3169,4131,1674,1303,71750,88259,17646,86012,5692,19232,4684,27648,840,11290,237,1356,1620,15628,419,283,630,859,1741,2750,2640,3621,1543,1142,83990,97820,33535,5558,42545,57738,39720,57705,41061,55687,53146,43855,15187,2541,14722,350,34235,27642,26767,24940,23435,2292,1827,875,828,638,200,47,6593,6276,4030,2947,317,-888888888,-888888888,-888888888,-888888888,-888888888,-888888888,-888888888,-888888888,-888888888,-888888888,-888888888,-888888888,-888888888,-888888888,-888888888,-888888888,-888888888,-888888888,-888888888
2020,Simpson County; Kentucky,14346,8423,8423,7929,494,0,5923,8423,-888888888,7320,3931,3931,3693,1436,987,2556,1787,7761,6461,845,0,43,102,310,20.4,7929,1914,1212,1835,692,2276,7929,216,472,2033,374,1070,344,92,283,495,1252,505,423,370,21,213,7929,6455,839,629,6,7181,507,217,660,882,1308,1671,983,608,187,158,50159,60071,5357,59955,2497,20553,1795,22609,250,9447,139,4357,744,4778,244,78,237,401,765,1383,877,510,136,147,59885,69398,24402,2403,27424,37907,31912,43365,35000,17963,16692,11788,7190,1271,4616,275,10390,7688,7228,6605,6036,724,623,460,404,161,296,56,2702,2394,1324,1240,308,-888888888,-888888888,-888888888,-888888888,-888888888,-888888888,-888888888,-888888888,-888888888,-888888888,-888888888,-888888888,-888888888,-888888888,-888888888,-888888888,-888888888,-888888888,-888888888
2020,Spencer County; Kentucky,15280,10374,10368,9875,493,6,4906,10368,-888888888,7612,4809,4803,4647,1157,943,2866,2262,9580,8035,759,7,51,90,638,32.4,9875,3358,1394,2071,1242,1810,9875,97,815,1716,79,1113,718,97,741,700,2399,644,444,312,21,215,9875,8241,1175,419,40,6899,394,101,346,598,597,940,1218,1686,673,346,85488,94875,5623,96640,2082,21429,1512,28348,316,9579,67,2569,427,5641,133,31,209,499,390,871,1056,1531,580,341,91052,102721,35209,1258,32326,50028,41855,56212,42575,18818,18108,14701,5671,710,4655,19,11661,9298,8883,8560,7872,974,323,415,280,216,64,135,2363,2130,1308,966,233,-888888888,-888888888,-888888888,-888888888,-888888888,-888888888,-888888888,-888888888,-888888888,-888888888,-888888888,-888888888,-888888888,-888888888,-888888888,-888888888,-888888888,-888888888,-888888888
2020,Todd County; Kentucky,9417,5255,5234,4942,292,21,4162,5234,-888888888,4701,2293,2293,2152,1012,432,2145,1171,4857,3630,614,0,92,257,264,24.7,4942,1545,591,738,614,1454,4942,605,260,1093,72,511,278,26,141,232,1119,206,217,182,21,219,4942,3379,900,620,43,4655,555,339,385,583,495,1059,431,592,80,136,47229,63238,3321,68271,1779,17517,876,18376,313,8998,160,2646,850,3330,225,140,194,347,420,940,425,435,75,129,57778,74777,23971,1325,18896,31101,31885,50607,30333,12128,9751,5932,5073,2377,3386,900,6773,4702,4423,3584,3069,620,839,279,185,34,151,94,2071,1570,521,1190,501,-888888888,-888888888,-888888888,-888888888,-888888888,-888888888,-888888888,-888888888,-888888888,-888888888,-888888888,-888888888,-888888888,-888888888,-888888888,-888888888,-888888888,-888888888,-888888888
2020,Trimble County; Kentucky,6938,4229,4229,3810,419,0,2709,4229,-888888888,3561,2029,2029,1793,473,291,1180,939,3675,2769,580,0,40,46,240,25.4,3810,1024,668,612,491,1015,3810,45,181,959,31,390,354,24,175,481,657,345,54,114,21,223,3810,3149,370,254,37,3398,314,190,405,226,436,746,402,447,160,72,57589,67901,2317,75931,1340,18900,827,22559,210,8073,57,3419,462,2220,154,6,165,172,254,577,336,334,156,66,65534,80035,27194,1178,24545,43309,33608,49066,33964,8472,7945,5292,3767,527,1959,150,5057,3794,3483,3240,2901,426,243,311,293,99,200,18,1263,1147,358,845,116,-888888888,-888888888,-888888888,-888888888,-888888888,-888888888,-888888888,-888888888,-888888888,-888888888,-888888888,-888888888,-888888888,-888888888,-888888888,-888888888,-888888888,-888888888,-888888888
2020,Union County; Kentucky,12238,6642,6630,6292,338,12,5596,6630,-888888888,6051,3129,3129,2987,895,525,1474,1111,6286,5516,410,0,187,85,88,23.4,6292,1507,1206,1032,1246,1301,6292,816,491,1071,77,562,344,16,90,586,1349,422,208,260,21,225,6292,4798,1157,314,23,5176,274,192,484,651,1002,1065,621,609,168,110,49812,62460,3688,64822,1831,21443,1464,18920,314,10121,61,2595,595,3767,138,67,130,425,643,1000,505,619,133,107,57703,72880,23705,1409,26503,32256,30047,41504,31777,14415,13711,9885,5957,704,2811,108,9170,6248,5922,5600,5175,578,322,326,306,82,224,20,2922,2668,1331,1478,254,-888888888,-888888888,-888888888,-888888888,-888888888,-888888888,-888888888,-888888888,-888888888,-888888888,-888888888,-888888888,-888888888,-888888888,-888888888,-888888888,-888888888,-888888888,-888888888
2020,Washington County; Kentucky,9550,5975,5975,5704,271,0,3575,5975,-888888888,4953,2909,2909,2848,754,601,1896,1322,5639,4726,448,11,32,105,317,25.4,5704,1795,865,912,611,1521,5704,222,362,1375,91,443,259,57,232,311,1525,467,139,221,21,229,5704,4403,810,487,4,4702,262,298,467,506,580,976,621,665,113,214,55321,69114,3480,73257,1850,17595,1067,20373,258,7291,26,2792,441,3008,125,71,185,243,398,643,459,589,89,206,66680,83449,27448,1694,32821,42543,33377,48341,39524,11917,10915,7775,4835,1002,2893,241,6921,5315,5125,4547,4016,635,578,190,154,96,63,36,1606,1459,503,1099,147,-888888888,-888888888,-888888888,-888888888,-888888888,-888888888,-888888888,-888888888,-888888888,-888888888,-888888888,-888888888,-888888888,-888888888,-888888888,-888888888,-888888888,-888888888,-888888888
2020,Wayne County; Kentucky,16709,7883,7883,7433,450,0,8826,7883,-888888888,8464,3601,3601,3435,1191,603,2512,1623,7311,6118,660,65,61,39,368,25.3,7433,1714,1117,1925,652,2025,7433,429,322,1704,176,950,354,108,328,390,1701,503,185,283,21,231,7433,5997,926,504,6,8298,795,671,1485,990,1067,1708,617,602,218,145,37678,56491,4848,64597,3857,16541,1715,26991,1114,10571,169,2700,1265,5539,292,194,776,636,784,1484,572,527,218,56,51037,64709,26172,2759,17110,37527,26601,32797,31397,20142,18344,10451,10749,1798,4439,323,11530,7234,6820,6013,5106,1149,807,414,143,49,101,271,4296,3899,1353,2846,397,-888888888,-888888888,-888888888,-888888888,-888888888,-888888888,-888888888,-888888888,-888888888,-888888888,-888888888,-888888888,-888888888,-888888888,-888888888,-888888888,-888888888,-888888888,-888888888
2020,Whitley County; Kentucky,28116,13940,13918,13004,914,22,14176,13918,-888888888,14442,6746,6746,6458,2722,1718,5531,3532,12783,9965,1734,25,453,5,601,21.3,13004,4416,2575,2584,1080,2349,13004,171,696,1771,260,1675,531,183,382,935,3900,1260,512,728,21,235,13004,9555,2877,559,13,12685,1308,1179,1748,1769,1457,2169,1373,1270,183,229,39258,59186,8239,62392,5160,18128,2619,22988,1653,9371,334,2547,2353,8986,750,577,734,1337,1077,1671,1302,1191,170,177,50262,69816,21535,3699,19732,30256,24370,41022,32172,35702,33199,18798,19047,2503,9619,525,20635,13221,12356,11125,9092,2603,1231,865,661,95,566,204,7414,6876,2101,5381,538,-888888888,-888888888,-888888888,-888888888,-888888888,-888888888,-888888888,-888888888,-888888888,-888888888,-888888888,-888888888,-888888888,-888888888,-888888888,-888888888,-888888888,-888888888,-888888888
2020,Wolfe County; Kentucky,5709,2001,1982,1478,504,19,3708,1982,-888888888,2913,1074,1074,705,499,154,975,437,1490,1186,267,0,2,23,12,27.6,1478,257,463,272,223,263,1478,28,151,201,9,223,117,10,17,102,359,53,118,90,21,237,1478,913,373,175,17,2991,631,353,629,342,370,417,58,153,31,7,22292,34331,1352,37619,1448,14826,578,19726,902,10149,114,1873,1087,1791,431,96,287,194,284,273,35,153,31,7,30750,40807,14162,1200,14139,21119,16863,35000,21887,7019,6935,2504,5631,84,1661,0,4054,1779,1349,1326,922,481,23,430,430,84,396,0,2275,2214,412,2001,61,-888888888,-888888888,-888888888,-888888888,-888888888,-888888888,-888888888,-888888888,-888888888,-888888888,-888888888,-888888888,-888888888,-888888888,-888888888,-888888888,-888888888,-888888888,-888888888
2020,Allen County; Kentucky,16574,9430,9406,8864,542,24,7144,9406,-888888888,8404,4263,4263,4051,1608,1001,3050,2181,8666,6687,890,53,193,49,794,25.9,8864,2440,1464,1823,1108,2029,8864,386,697,1601,87,1152,821,78,419,405,1806,826,323,263,21,003,8864,7027,1113,676,48,7816,806,313,1082,881,1257,1436,950,725,213,153,44180,58530,5847,57030,3211,18216,1844,18793,478,9599,154,2475,672,5678,463,163,622,517,789,1170,908,690,203,153,57689,68328,23299,2138,24876,29040,29755,42870,32500,20849,19333,12376,10216,1516,5159,303,12073,8471,7958,7309,6334,1285,649,513,344,72,284,169,3602,3238,1098,2486,364,-888888888,-888888888,-888888888,-888888888,-888888888,-888888888,-888888888,-888888888,-888888888,-888888888,-888888888,-888888888,-888888888,-888888888,-888888888,-888888888,-888888888,-888888888,-888888888
2020,Adair County; Kentucky,16085,8392,8392,7796,596,0,7693,8392,-888888888,8279,3933,3933,3594,1128,784,2222,1372,7496,6262,430,0,202,53,549,26.8,7796,2409,1175,1439,921,1852,7796,223,490,1240,111,1088,644,63,266,380,2018,547,405,321,21,001,7796,6019,1216,545,16,6991,601,614,1032,684,1058,1413,684,641,130,134,43026,57351,4567,61490,3108,17728,1722,23707,638,8982,172,1171,1035,4693,208,139,630,520,617,1125,627,581,116,130,53825,70288,22751,2298,18600,29630,24650,37199,32178,19091,18119,11544,9239,972,4122,65,11446,7627,7094,6403,5424,1319,691,533,433,258,181,100,3819,3708,1855,2136,111,-888888888,-888888888,-888888888,-888888888,-888888888,-888888888,-888888888,-888888888,-888888888,-888888888,-888888888,-888888888,-888888888,-888888888,-888888888,-888888888,-888888888,-888888888,-888888888
2020,Anderson County; Kentucky,17813,11036,11036,10368,668,0,6777,11036,-888888888,9188,5448,5448,5192,1793,1300,3147,2192,10325,8636,940,6,81,104,558,27.3,10368,3706,1234,2370,1038,2020,10368,148,646,1516,169,1377,642,174,427,604,2263,574,632,1196,21,005,10368,7075,2544,726,23,8757,437,395,911,816,1492,1598,1127,1329,347,305,54413,70596,6546,66847,2880,19651,2622,31371,505,9262,186,2146,821,5919,165,300,461,379,872,1039,985,1095,331,292,67580,83082,28143,2838,34283,40247,33788,51166,37679,22478,21662,15581,9051,816,5496,135,13517,10185,9630,9187,8251,1185,443,555,436,166,270,119,3332,3219,1226,2238,113,-888888888,-888888888,-888888888,-888888888,-888888888,-888888888,-888888888,-888888888,-888888888,-888888888,-888888888,-888888888,-888888888,-888888888,-888888888,-888888888,-888888888,-888888888,-888888888
2020,Ballard County; Kentucky,6460,3385,3381,3195,186,4,3075,3381,-888888888,3268,1541,1541,1453,433,236,1140,694,3149,2891,100,8,39,23,88,22.1,3195,995,444,791,384,581,3195,90,387,379,84,370,248,7,126,273,765,199,153,114,21,007,3195,2556,429,210,0,3052,209,188,329,393,459,594,276,424,78,102,45517,65545,1901,67694,1375,19931,875,27362,249,11552,22,3709,343,2085,117,67,173,213,326,387,254,376,70,102,60720,78405,26911,967,29425,35445,30188,47537,35965,7793,7388,4803,3854,405,1752,42,4408,3056,2895,2680,2251,455,215,161,110,61,57,51,1352,1263,637,843,89,-888888888,-888888888,-888888888,-888888888,-888888888,-888888888,-888888888,-888888888,-888888888,-888888888,-888888888,-888888888,-888888888,-888888888,-888888888,-888888888,-888888888,-888888888,-888888888
2020,Bath County; Kentucky,9618,4966,4966,4793,173,0,4652,4966,-888888888,4894,2240,2240,2148,935,564,1883,999,4553,3614,624,0,92,18,205,30.6,4793,1329,772,965,425,1302,4793,174,342,1169,67,502,248,112,163,394,1024,405,81,112,21,011,4793,3792,571,430,0,4885,470,447,552,449,716,1016,448,506,184,97,44893,66519,3296,58018,1884,17811,1209,31221,637,9190,68,2107,1014,3489,230,269,305,274,627,729,383,428,147,97,50531,77326,24167,1396,25282,35097,32524,41641,36928,12355,11526,6776,6655,829,3264,243,7115,4613,4459,4098,3341,981,361,154,127,67,60,27,2502,2304,823,1740,198,-888888888,-888888888,-888888888,-888888888,-888888888,-888888888,-888888888,-888888888,-888888888,-888888888,-888888888,-888888888,-888888888,-888888888,-888888888,-888888888,-888888888,-888888888,-888888888
2020,Bell County; Kentucky,21491,8249,8249,7455,794,0,13242,8249,-888888888,11132,3961,3961,3824,1787,979,2859,1444,7219,5687,899,6,282,89,256,22.7,7455,1916,1488,1489,687,1875,7455,460,259,1107,108,1055,418,82,148,326,1965,654,330,543,21,013,7455,5867,1175,413,0,10504,1709,1239,1852,1306,1519,1433,884,424,57,81,28442,39932,5738,41327,5047,16413,2350,21844,1501,10484,840,3259,2735,7087,786,620,1011,982,1182,1214,776,401,57,58,36505,45785,16416,3417,15761,26585,20791,34109,30562,25704,24248,10123,17472,1456,5946,207,14998,7467,6690,6302,4678,1955,388,777,635,39,603,142,7531,6812,1332,5863,719,-888888888,-888888888,-888888888,-888888888,-888888888,-888888888,-888888888,-888888888,-888888888,-888888888,-888888888,-888888888,-888888888,-888888888,-888888888,-888888888,-888888888,-888888888,-888888888
2020,Bourbon County; Kentucky,16037,9795,9795,9250,545,0,6242,9795,-888888888,8409,4775,4775,4538,1330,1049,2753,1907,9150,7347,882,28,157,156,580,23.5,9250,3020,1874,1872,932,1552,9250,708,742,1288,303,1082,455,86,407,578,1828,751,564,458,21,017,9250,7299,1209,727,15,7990,570,328,958,946,1371,1126,1004,1120,308,259,47024,69488,5889,70418,3008,18714,1891,22284,685,10346,132,2455,786,5173,203,124,393,481,968,824,751,964,241,224,62715,81415,27676,2817,30112,43921,30360,42066,39185,19776,18835,12910,8820,941,4709,95,11307,8506,8000,7337,6620,1089,663,506,440,150,298,66,2801,2691,1148,1728,110,-888888888,-888888888,-888888888,-888888888,-888888888,-888888888,-888888888,-888888888,-888888888,-888888888,-888888888,-888888888,-888888888,-888888888,-888888888,-888888888,-888888888,-888888888,-888888888
2020,Boyd County; Kentucky,38454,19784,19784,18223,1561,0,18670,19784,-888888888,19376,9609,9609,9014,3037,2045,5900,4245,17844,15059,1829,20,277,148,511,22.7,18223,7214,2807,4099,1621,2482,18223,307,970,1741,331,2332,952,416,781,1354,5532,1842,867,798,21,019,18223,14674,2633,891,25,18213,1872,1005,1621,2104,2308,3614,2435,2328,451,475,51019,64436,12288,65282,7664,20726,5466,23141,1682,8667,475,3872,3193,11989,587,395,745,1247,1575,2678,1968,1926,423,445,62021,75622,26055,6224,26284,40356,30407,48821,37153,45697,43269,27076,24460,2428,10550,157,26344,17870,16444,15227,12606,3389,1217,1426,1035,349,713,391,8474,7820,3221,5978,654,-888888888,-888888888,-888888888,-888888888,-888888888,-888888888,-888888888,-888888888,-888888888,-888888888,-888888888,-888888888,-888888888,-888888888,-888888888,-888888888,-888888888,-888888888,-888888888
2020,Bracken County; Kentucky,6489,3792,3792,3611,181,0,2697,3792,-888888888,3249,1664,1664,1543,592,430,1148,738,3500,2673,608,8,67,37,107,35.3,3611,999,510,710,538,854,3611,62,476,714,99,386,302,93,204,151,698,140,140,146,21,023,3611,2811,487,299,14,3197,339,204,273,260,387,603,444,522,104,61,60053,68005,2275,71847,1403,16390,756,15772,234,9487,82,2134,376,2186,111,66,166,185,248,396,424,491,63,36,72107,78613,25587,1011,27216,43330,34893,51042,39734,8277,7936,5427,3780,341,2094,110,4822,3410,3247,3081,2705,444,166,163,140,12,128,23,1412,1370,505,1009,42,-888888888,-888888888,-888888888,-888888888,-888888888,-888888888,-888888888,-888888888,-888888888,-888888888,-888888888,-888888888,-888888888,-888888888,-888888888,-888888888,-888888888,-888888888,-888888888
2020,Breckinridge County; Kentucky,16189,8277,8277,7630,647,0,7912,8277,-888888888,8192,3842,3842,3539,1157,630,3011,2196,7332,5814,860,60,98,152,348,33.8,7630,2185,984,1502,1039,1920,7630,287,675,2019,128,991,400,58,285,253,1681,288,289,276,21,027,7630,5752,1273,559,46,7731,485,665,954,876,1027,1384,923,950,302,165,47236,62279,5013,67040,3167,18411,1809,25673,881,9790,118,2732,1167,5079,179,254,389,513,765,957,720,870,289,143,62921,74434,24458,2652,23491,36168,31698,49950,36661,20022,18855,12505,9899,1167,4917,268,11245,7563,7044,6577,5776,1086,467,519,319,67,259,200,3682,3450,1466,2365,232,-888888888,-888888888,-888888888,-888888888,-888888888,-888888888,-888888888,-888888888,-888888888,-888888888,-888888888,-888888888,-888888888,-888888888,-888888888,-888888888,-888888888,-888888888,-888888888
2020,Bullitt County; Kentucky,65697,42874,42809,40657,2152,65,22823,42809,-888888888,33317,20238,20215,19150,4603,3743,11581,9214,39671,33869,3280,36,297,455,1734,28.1,40657,11882,4882,9453,4703,9737,40657,239,3270,6029,1504,5088,4893,729,2558,3316,8041,2413,1285,1292,21,029,40657,35019,4403,1203,32,29940,1245,1049,2351,2519,3896,6149,4824,4947,2036,924,65531,77721,23620,78247,10458,20046,7585,20905,1757,10238,481,3085,1968,22194,517,594,1120,1574,2316,4777,4278,4397,1786,835,76296,85713,30075,7746,35068,46839,36790,52064,40432,80489,77496,60710,28621,2993,18748,573,49068,39379,37535,36089,33261,4125,1446,1844,1521,745,901,323,9689,9038,5304,4826,651,-888888888,-888888888,-888888888,-888888888,-888888888,-888888888,-888888888,-888888888,-888888888,-888888888,-888888888,-888888888,-888888888,-888888888,-888888888,-888888888,-888888888,-888888888,-888888888
2020,Caldwell County; Kentucky,10097,5635,5635,5284,351,0,4462,5635,-888888888,5174,2737,2737,2593,842,670,1771,1209,5162,4363,399,1,77,55,267,25.5,5284,1385,826,1296,606,1171,5284,311,156,1258,150,547,366,77,204,332,1013,553,130,187,21,033,5284,4207,781,243,53,5215,449,361,582,571,694,688,853,645,107,265,48281,78703,3624,69505,2068,22846,1468,20766,206,10756,62,4419,810,3576,296,62,214,468,347,559,716,555,105,254,66611,94126,32439,1639,24909,43585,33712,48415,35969,12563,11303,7933,5313,1260,3089,161,6838,4954,4647,3947,3534,502,700,307,190,93,137,117,1884,1602,839,942,282,-888888888,-888888888,-888888888,-888888888,-888888888,-888888888,-888888888,-888888888,-888888888,-888888888,-888888888,-888888888,-888888888,-888888888,-888888888,-888888888,-888888888,-888888888,-888888888
2020,Calloway County; Kentucky,32787,18905,18884,18079,805,21,13882,18884,-888888888,17017,9504,9504,9103,2174,1522,4485,3171,17817,14010,1499,34,1491,186,597,16.8,18079,6236,3776,3764,1546,2757,18079,518,894,2002,246,1875,992,141,879,972,6136,2072,855,497,21,035,18079,13504,3477,1037,61,15492,1664,1163,1838,2033,1990,2696,1676,1510,547,375,41841,58632,10950,60167,5556,17691,3803,22686,961,10324,158,2968,1505,9046,312,387,568,929,1088,2167,1417,1404,482,292,65456,77208,23984,6446,22304,31542,22905,42044,35347,38630,36212,26823,15353,2418,7998,363,24114,17190,16475,15594,13542,2543,881,715,503,389,133,212,6924,5962,3778,2874,962,-888888888,-888888888,-888888888,-888888888,-888888888,-888888888,-888888888,-888888888,-888888888,-888888888,-888888888,-888888888,-888888888,-888888888,-888888888,-888888888,-888888888,-888888888,-888888888
2020,Carlisle County; Kentucky,3766,1837,1837,1751,86,0,1929,1837,-888888888,1937,788,788,750,342,178,634,364,1717,1474,116,10,2,28,87,25.0,1751,543,236,353,234,385,1751,75,211,303,77,174,78,37,59,114,425,87,37,74,21,039,1751,1377,275,94,5,1925,129,162,276,253,272,297,235,191,25,85,41222,73882,1193,78967,904,19580,553,19578,75,9709,49,2533,212,1302,76,70,133,143,159,248,211,152,25,85,55625,92677,29638,623,26219,31379,30825,46250,30997,4680,4353,2487,2508,327,1144,41,2598,1694,1615,1428,1194,294,187,79,61,30,31,18,904,823,276,595,81,-888888888,-888888888,-888888888,-888888888,-888888888,-888888888,-888888888,-888888888,-888888888,-888888888,-888888888,-888888888,-888888888,-888888888,-888888888,-888888888,-888888888,-888888888,-888888888
2020,Carroll County; Kentucky,8209,5040,5026,4514,512,14,3169,5026,-888888888,4068,2350,2336,2121,899,787,1520,1204,4486,3701,408,1,152,38,186,20.9,4514,800,945,950,672,1147,4514,46,289,1147,350,379,230,26,149,198,734,626,186,154,21,041,4514,3789,480,243,2,4176,273,400,668,538,459,584,455,479,139,181,41014,61261,3143,62287,1449,16557,821,24397,402,9706,69,2990,751,2815,247,249,305,272,388,317,356,439,103,139,47022,68044,25084,1361,25889,41145,28935,60283,29600,10406,9604,5822,4752,802,2805,43,6034,4694,4203,3807,3245,714,396,491,259,154,105,232,1340,1219,389,926,121,-888888888,-888888888,-888888888,-888888888,-888888888,-888888888,-888888888,-888888888,-888888888,-888888888,-888888888,-888888888,-888888888,-888888888,-888888888,-888888888,-888888888,-888888888,-888888888
2020,Casey County; Kentucky,12752,5909,5906,5410,496,3,6843,5906,-888888888,6648,2770,2770,2602,932,563,2205,1479,5320,4140,798,25,80,52,225,30.2,5410,1412,853,1106,873,1166,5410,307,462,1059,152,434,306,88,216,176,1572,293,251,94,21,045,5410,3997,913,435,65,6048,765,619,1030,879,898,727,517,415,142,56,33004,46160,3875,49025,2649,17307,1358,19319,575,7943,54,683,1205,3979,320,187,608,704,596,580,429,371,138,46,38828,55187,18384,2069,17677,27404,23391,37296,29171,15593,13613,6847,8795,1980,3826,592,8632,5379,4941,4145,3199,1069,796,438,268,74,228,170,3253,2831,559,2400,422,-888888888,-888888888,-888888888,-888888888,-888888888,-888888888,-888888888,-888888888,-888888888,-888888888,-888888888,-888888888,-888888888,-888888888,-888888888,-888888888,-888888888,-888888888,-888888888
2020,Christian County; Kentucky,53672,33241,25291,23349,1942,7950,20431,25291,-888888888,24927,12845,12119,10985,7306,3461,10998,7272,30745,24190,2386,146,2891,470,662,18.1,23349,6439,5133,4857,2353,4567,23349,546,1495,4298,498,2221,855,497,738,2845,4881,1746,1190,1539,21,047,23349,17472,4160,1647,70,26097,2751,1643,2601,3434,4302,5149,2486,2309,605,817,44279,61770,19584,63108,7954,17219,5064,24405,2133,8928,715,2616,3704,17471,1147,600,1383,2437,2960,3706,2044,1912,571,711,51372,72647,24489,8626,26554,37350,30059,36381,33725,61686,56683,38294,27094,5003,20077,1739,33296,22956,21287,19505,16161,4542,1782,1669,1249,596,758,420,10340,9331,5026,5207,1009,-888888888,-888888888,-888888888,-888888888,-888888888,-888888888,-888888888,-888888888,-888888888,-888888888,-888888888,-888888888,-888888888,-888888888,-888888888,-888888888,-888888888,-888888888,-888888888
2020,Clay County; Kentucky,16244,6323,6323,5722,601,0,9921,6323,-888888888,7664,2895,2895,2752,1321,655,2163,1045,5575,4197,866,9,89,87,327,31.3,5722,1328,1210,1247,695,1242,5722,132,367,711,80,738,413,252,259,296,1114,599,349,412,21,051,5722,4240,1109,328,45,7432,1391,724,1250,770,1082,1060,630,405,42,78,27479,41426,4217,46566,3336,15192,1635,20069,1666,9222,238,3485,2548,5481,627,436,1006,489,1029,835,578,361,42,78,36584,46746,15905,1951,13352,21229,23692,31502,28067,18823,17658,6434,13110,1165,4446,157,11351,5829,5340,4783,3231,1777,557,489,437,46,391,52,5522,5138,721,4634,384,-888888888,-888888888,-888888888,-888888888,-888888888,-888888888,-888888888,-888888888,-888888888,-888888888,-888888888,-888888888,-888888888,-888888888,-888888888,-888888888,-888888888,-888888888,-888888888
2020,Clinton County; Kentucky,8276,4084,4084,3808,276,0,4192,4084,-888888888,4129,2008,2008,1888,662,416,1297,872,3715,3195,294,2,31,39,154,18.2,3808,1068,870,690,409,771,3808,169,233,897,44,418,82,61,120,228,907,410,47,192,21,053,3808,2856,664,280,8,4023,429,400,658,610,651,588,230,366,18,73,33092,51951,2388,57046,1967,15333,867,17247,603,9572,79,3814,1036,2481,164,85,357,325,522,424,181,360,10,53,41710,58220,21730,1542,19369,39187,24420,30259,28811,10015,9266,4643,6023,749,2280,101,5791,3596,3330,2984,2269,818,346,266,184,79,105,82,2195,1975,494,1591,220,-888888888,-888888888,-888888888,-888888888,-888888888,-888888888,-888888888,-888888888,-888888888,-888888888,-888888888,-888888888,-888888888,-888888888,-888888888,-888888888,-888888888,-888888888,-888888888
2020,Cumberland County; Kentucky,5391,2744,2744,2628,116,0,2647,2744,-888888888,2800,1359,1359,1293,522,472,735,590,2450,1919,262,9,72,0,188,20.7,2628,780,323,459,468,598,2628,143,201,620,19,322,103,19,139,180,612,124,121,25,21,057,2628,1927,379,322,0,2642,445,257,295,323,346,463,145,314,26,28,35030,47457,1455,57989,1188,15541,588,19967,188,7628,38,2484,410,1502,117,37,189,163,188,373,106,303,8,18,51952,61892,20685,1140,16019,26500,26498,36605,28419,6576,5948,3644,3308,628,1443,146,3754,2489,2394,2016,1595,490,378,95,62,37,25,33,1265,1208,527,763,57,-888888888,-888888888,-888888888,-888888888,-888888888,-888888888,-888888888,-888888888,-888888888,-888888888,-888888888,-888888888,-888888888,-888888888,-888888888,-888888888,-888888888,-888888888,-888888888
2020,Daviess County; Kentucky,78610,48455,48383,46273,2110,72,30155,48383,-888888888,40662,23057,23020,21982,7831,4964,15805,11247,45693,39216,3616,220,730,563,1348,19.6,46273,15354,7787,9719,4140,9273,46273,914,2623,7652,1246,5027,2493,414,3114,3683,11609,3637,2219,1642,21,059,46273,38236,5869,2139,29,40229,3041,1799,3978,3954,5681,7369,5477,5869,1606,1455,54881,74376,29462,76296,14057,18854,9504,22298,2877,9277,604,2292,4111,26822,1570,872,1638,1893,3596,5021,4390,5144,1423,1275,68544,85814,30186,13407,32663,47465,32672,51007,37903,99055,94542,66772,41380,4513,25838,807,56657,43711,41933,39571,34791,6257,2362,1778,1463,750,794,315,12946,12034,5926,6854,912,-888888888,-888888888,-888888888,-888888888,-888888888,-888888888,-888888888,-888888888,-888888888,-888888888,-888888888,-888888888,-888888888,-888888888,-888888888,-888888888,-888888888,-888888888,-888888888
2020,Elliott County; Kentucky,6225,1795,1795,1762,33,0,4430,1795,-888888888,2618,761,761,745,374,109,817,290,1717,1402,258,6,22,9,20,39.0,1762,487,259,269,336,411,1762,12,198,334,0,116,129,20,15,23,378,238,112,187,21,063,1762,1262,286,214,0,2412,284,228,291,364,329,498,197,210,6,5,36950,45656,1304,58247,1132,17058,661,14459,255,11230,39,428,556,1752,140,98,198,252,219,489,150,195,6,5,44722,52027,13857,660,16961,26419,26332,44375,33646,5951,5516,2632,3936,435,1365,35,3208,1633,1600,1381,987,447,219,33,33,4,29,0,1575,1394,465,1064,181,-888888888,-888888888,-888888888,-888888888,-888888888,-888888888,-888888888,-888888888,-888888888,-888888888,-888888888,-888888888,-888888888,-888888888,-888888888,-888888888,-888888888,-888888888,-888888888
2020,Fayette County; Kentucky,261526,177856,177666,168366,9300,190,83670,177666,-888888888,134714,86611,86611,82683,22015,16404,40730,32369,164888,128459,13486,2948,6053,2881,11061,20.8,168366,75375,27927,36490,9494,19080,168366,2462,7361,15391,4077,20989,6525,2508,9489,18829,48845,17475,8633,5782,21,067,168366,130984,28403,8713,266,130926,9200,5071,11837,13188,16751,22880,15844,18875,8271,9009,58954,85507,107112,83060,33142,20134,24792,30156,5483,9564,1529,3798,11715,74500,3204,1551,4343,5029,7441,13276,10405,14416,7127,7708,80115,107475,35466,56426,37282,53633,31670,50927,42603,317603,296376,226889,104297,21227,72197,2577,203391,163714,155590,143024,128163,18388,12566,8124,6402,3249,3321,1722,39677,35551,23128,15205,4126,-888888888,-888888888,-888888888,-888888888,-888888888,-888888888,-888888888,-888888888,-888888888,-888888888,-888888888,-888888888,-888888888,-888888888,-888888888,-888888888,-888888888,-888888888,-888888888
2020,Fleming County; Kentucky,11333,6251,6251,5726,525,0,5082,6251,-888888888,5770,2877,2877,2600,1188,735,2057,1586,5490,4269,753,10,89,29,340,29.2,5726,1835,767,1032,871,1221,5726,219,551,1035,65,705,515,21,98,357,1511,263,231,155,21,069,5726,4126,993,597,10,5890,522,504,726,620,944,1172,603,521,137,141,42087,57419,4056,61190,2382,16517,1510,18898,648,9370,68,2212,1116,4202,218,131,473,408,684,1048,473,521,121,125,52500,67398,23512,1688,18073,30763,28280,41882,34211,14519,13424,7929,7607,1095,3661,359,8255,5554,5087,4701,3663,1367,386,467,369,192,195,98,2701,2449,934,1710,252,-888888888,-888888888,-888888888,-888888888,-888888888,-888888888,-888888888,-888888888,-888888888,-888888888,-888888888,-888888888,-888888888,-888888888,-888888888,-888888888,-888888888,-888888888,-888888888
2020,Franklin County; Kentucky,41393,25304,25266,24045,1221,38,16089,25266,-888888888,21650,12172,12142,11686,3189,2444,6530,5614,23605,18734,2447,100,460,124,1740,19.8,24045,9531,4121,5334,1638,3421,24045,735,1578,2597,234,2557,897,357,893,2317,4365,2320,685,4510,21,073,24045,15526,7245,1274,0,21278,843,1040,1681,2251,3011,4086,3708,2972,856,830,59056,74671,16309,67093,7388,19255,6836,33879,1080,9549,203,4062,2164,13383,560,331,622,788,1665,2668,2681,2522,808,738,75479,87069,31994,7895,36751,50134,32496,48157,40581,49840,45946,35066,19042,3894,11014,563,30069,23276,22291,19785,18046,2360,2506,985,691,291,422,294,6793,6335,3273,3598,458,-888888888,-888888888,-888888888,-888888888,-888888888,-888888888,-888888888,-888888888,-888888888,-888888888,-888888888,-888888888,-888888888,-888888888,-888888888,-888888888,-888888888,-888888888,-888888888
2020,Fulton County; Kentucky,4899,2252,2218,2088,130,34,2647,2218,-888888888,2476,1179,1164,1120,380,254,834,556,2097,1645,305,13,49,36,49,19.0,2088,534,519,405,193,437,2088,137,162,407,15,183,101,34,134,216,355,191,23,130,21,075,2088,1607,326,155,0,2550,351,262,365,446,422,350,104,206,31,13,31587,42661,1489,46488,1109,18884,603,18029,189,8226,87,905,533,1578,138,177,171,220,263,284,104,200,18,3,43235,50263,19149,972,19041,27258,22827,38292,29907,5603,5208,2609,3468,395,1284,0,3125,1990,1865,1634,1283,424,231,125,32,12,20,93,1135,1064,288,881,71,-888888888,-888888888,-888888888,-888888888,-888888888,-888888888,-888888888,-888888888,-888888888,-888888888,-888888888,-888888888,-888888888,-888888888,-888888888,-888888888,-888888888,-888888888,-888888888
2020,Garrard County; Kentucky,14153,8205,8205,7773,432,0,5948,8205,-888888888,7386,3930,3930,3670,1020,735,2338,1792,7649,6356,732,7,12,43,499,34.9,7773,2432,1379,1565,1062,1335,7773,363,728,1069,236,733,387,123,322,507,2013,387,538,367,21,079,7773,5882,1206,668,17,6779,369,260,892,625,936,1456,859,936,228,218,55369,68771,4991,67274,2541,19269,1798,21257,351,10624,83,7190,914,4896,258,87,444,359,506,1271,805,783,203,180,66325,76532,27179,1883,28438,44713,32922,44121,39466,17451,16291,11274,7510,1160,3986,114,10380,7734,7315,6621,5899,952,694,419,400,211,197,19,2646,2313,1143,1415,333,-888888888,-888888888,-888888888,-888888888,-888888888,-888888888,-888888888,-888888888,-888888888,-888888888,-888888888,-888888888,-888888888,-888888888,-888888888,-888888888,-888888888,-888888888,-888888888
2020,Grant County; Kentucky,19146,11902,11883,11307,576,19,7244,11883,-888888888,9679,5284,5280,5173,1971,1549,3715,2829,11068,8949,1403,0,257,91,368,29.3,11307,2480,1719,2424,1425,3259,11307,122,743,2249,405,1344,1141,147,860,654,1775,1122,367,378,21,081,11307,9365,1472,466,4,9210,666,553,865,866,1233,1751,1088,1533,413,242,56746,67351,6960,70075,3071,19029,2037,21849,635,7854,182,1427,1122,6612,414,95,473,685,890,1217,887,1394,319,238,62148,76140,25292,2598,33400,40713,34353,48807,38161,24715,23655,15761,10998,1060,7098,145,14238,10954,10498,9798,8407,1736,700,456,393,323,319,63,3284,3132,1278,2132,152,-888888888,-888888888,-888888888,-888888888,-888888888,-888888888,-888888888,-888888888,-888888888,-888888888,-888888888,-888888888,-888888888,-888888888,-888888888,-888888888,-888888888,-888888888,-888888888
2020,Grayson County; Kentucky,20778,11064,11058,10669,389,6,9714,11058,-888888888,10487,4998,4998,4795,1862,1058,3833,2436,10479,8522,1217,13,206,267,254,27.7,10669,2527,1603,1959,1672,2908,10669,423,1082,2591,242,1139,497,67,353,269,2265,808,452,481,21,085,10669,8539,1389,734,7,9753,1012,828,1326,1235,1706,1312,1155,715,242,222,38262,53184,6283,59091,3871,17195,2082,23243,891,8034,77,3613,1457,6460,411,332,687,755,1234,972,982,654,211,222,46281,64260,21339,3293,22570,29624,28707,40297,31814,26018,24354,14090,13553,1664,6640,207,14868,10343,10007,9213,7574,2110,794,336,191,85,109,145,4525,4039,1563,2866,486,-888888888,-888888888,-888888888,-888888888,-888888888,-888888888,-888888888,-888888888,-888888888,-888888888,-888888888,-888888888,-888888888,-888888888,-888888888,-888888888,-888888888,-888888888,-888888888
2020,Green County; Kentucky,8947,4423,4423,4184,239,0,4524,4423,-888888888,4494,2115,2115,2049,670,369,1489,1029,4024,3154,518,66,57,0,229,29.7,4184,912,710,977,491,1094,4184,154,261,899,61,607,259,34,212,215,930,275,158,119,21,087,4184,3421,514,249,0,4440,430,382,854,620,535,735,367,308,139,70,33846,55022,2813,60601,2151,16221,1000,21544,658,9891,118,1607,837,2987,160,121,415,498,393,603,323,298,139,37,46961,59930,23407,1453,19512,43833,26782,40800,28722,10876,10000,5577,6238,876,2353,195,6433,4049,3827,3434,2697,846,393,222,167,43,124,55,2384,2175,597,1870,209,-888888888,-888888888,-888888888,-888888888,-888888888,-888888888,-888888888,-888888888,-888888888,-888888888,-888888888,-888888888,-888888888,-888888888,-888888888,-888888888,-888888888,-888888888,-888888888
2020,Hancock County; Kentucky,6898,3941,3941,3742,199,0,2957,3941,-888888888,3455,1715,1715,1644,646,329,1269,820,3689,3319,217,16,35,12,90,24.4,3742,870,522,705,463,1182,3742,124,164,1344,24,428,217,53,102,166,770,148,140,62,21,091,3742,3185,417,140,0,3364,195,101,383,279,523,646,495,549,164,29,56265,65849,2525,65343,1199,19938,1128,17687,218,10477,40,2848,357,2478,142,11,288,137,365,442,456,489,119,29,65488,71431,25891,886,35469,45922,38958,55814,40563,8669,8414,5933,3663,255,2301,63,4919,3619,3442,3353,3020,391,89,177,152,62,90,25,1300,1222,577,731,78,-888888888,-888888888,-888888888,-888888888,-888888888,-888888888,-888888888,-888888888,-888888888,-888888888,-888888888,-888888888,-888888888,-888888888,-888888888,-888888888,-888888888,-888888888,-888888888
2020,Hardin County; Kentucky,85904,54375,51252,47832,3420,3123,31529,51252,-888888888,43263,24764,24248,22662,7572,5116,17212,12238,50021,41113,4741,150,1029,840,2148,22.3,47832,16213,8657,9804,4473,8685,47832,290,2590,7322,938,5716,2475,1115,2523,3668,10058,4810,2492,3835,21,093,47832,36936,9017,1797,82,42059,2249,1429,3846,4481,6623,7664,6203,6253,1786,1525,57101,77662,32627,75523,12886,18107,10960,29566,3111,10007,545,4687,3577,28523,910,431,1813,2372,4103,5260,4955,5567,1605,1507,72353,93246,30779,13536,33489,41330,35008,50538,40135,105166,100709,75158,43684,4457,28231,715,61839,46600,43699,41201,36354,8687,2498,2901,2416,1290,1303,485,15239,14503,8230,8331,736,-888888888,-888888888,-888888888,-888888888,-888888888,-888888888,-888888888,-888888888,-888888888,-888888888,-888888888,-888888888,-888888888,-888888888,-888888888,-888888888,-888888888,-888888888,-888888888
2020,Harrison County; Kentucky,15041,8923,8923,8573,350,0,6118,8923,-888888888,7761,4022,4022,3841,1213,750,2632,1856,8383,6670,999,0,210,134,370,27.6,8573,2278,1352,1497,1167,2279,8573,232,564,2215,54,993,423,99,256,431,1863,535,404,504,21,097,8573,6568,1366,633,6,7474,673,586,727,496,1235,1462,951,947,239,158,50270,62766,5313,66407,3096,17271,1939,20916,518,8757,185,3282,1144,5310,241,165,395,367,853,1266,809,853,245,116,63543,73627,25226,2164,19685,31607,31686,50424,41261,18567,17546,11790,8523,1021,4400,308,10826,8021,7739,7186,6352,1309,553,282,275,90,189,7,2805,2653,1094,1902,152,-888888888,-888888888,-888888888,-888888888,-888888888,-888888888,-888888888,-888888888,-888888888,-888888888,-888888888,-888888888,-888888888,-888888888,-888888888,-888888888,-888888888,-888888888,-888888888
2020,Henderson County; Kentucky,36538,21273,21271,20452,819,2,15265,21271,-888888888,19152,10298,10298,9921,3012,2372,6265,4656,20075,17297,1582,38,250,127,781,22.2,20452,6134,3818,3798,2570,4132,20452,456,1711,3904,413,2032,1374,187,899,1354,4993,1603,907,619,21,101,20452,17065,2519,846,22,18762,1582,1601,1726,1990,2366,3717,2247,2178,876,479,50471,64730,13110,67710,6947,17879,4604,25941,1822,10204,450,2269,2724,12517,618,654,798,1001,1448,2847,1894,2045,818,394,63278,77049,27490,6245,27201,35167,32208,45429,36922,44447,42819,28465,20536,1628,11016,136,25701,18984,18310,17323,15541,2405,987,674,541,237,323,133,6717,6345,2757,4265,372,-888888888,-888888888,-888888888,-888888888,-888888888,-888888888,-888888888,-888888888,-888888888,-888888888,-888888888,-888888888,-888888888,-888888888,-888888888,-888888888,-888888888,-888888888,-888888888
2020,Henry County; Kentucky,12787,7249,7249,6907,342,0,5538,7249,-888888888,6521,3438,3438,3293,1014,591,2495,1826,6825,5600,725,0,102,42,356,29.0,6907,1486,1650,1502,924,1345,6907,203,516,1019,99,769,309,68,330,579,1616,505,433,461,21,103,6907,5220,1083,513,91,6154,523,229,579,651,1014,1308,770,778,217,85,52550,64602,4511,63794,2295,19100,1693,20886,611,8372,69,3780,679,4206,164,51,336,378,645,995,684,674,194,85,61714,76692,24823,1948,27047,34800,29293,41423,31458,15917,14335,9563,7156,1582,3984,294,9280,6384,6120,5390,4597,1027,730,264,200,31,179,64,2896,2430,1126,1530,466,-888888888,-888888888,-888888888,-888888888,-888888888,-888888888,-888888888,-888888888,-888888888,-888888888,-888888888,-888888888,-888888888,-888888888,-888888888,-888888888,-888888888,-888888888,-888888888
2020,Hickman County; Kentucky,3720,1769,1769,1655,114,0,1951,1769,-888888888,1977,871,871,810,249,166,594,322,1632,1226,91,51,53,90,121,18.8,1655,558,215,371,185,326,1655,85,106,333,25,80,143,0,37,191,398,49,98,110,21,105,1655,1322,194,138,1,1724,140,79,255,198,232,403,131,135,22,129,44063,73805,1035,83140,820,19838,481,28323,111,8714,34,1621,161,1091,39,2,122,146,106,321,131,91,22,111,68052,92510,30609,633,23635,38930,28106,49500,30040,4328,4186,2524,2359,142,1006,0,2335,1624,1510,1412,1247,243,98,114,85,26,59,29,711,696,207,559,15,-888888888,-888888888,-888888888,-888888888,-888888888,-888888888,-888888888,-888888888,-888888888,-888888888,-888888888,-888888888,-888888888,-888888888,-888888888,-888888888,-888888888,-888888888,-888888888
2020,Hopkins County; Kentucky,36000,19959,19927,18643,1284,32,16041,19927,-888888888,18732,9603,9589,8975,2785,1943,6122,4039,18389,16725,902,52,128,156,426,22.0,18643,5934,3404,3374,2342,3589,18643,1224,1004,2637,382,1679,1407,109,668,1195,5382,1355,623,978,21,107,18643,14796,3014,818,15,18619,1894,1111,1945,1868,3153,3138,2464,2084,592,370,47014,60162,12903,64456,6854,19296,4847,18998,1234,9798,353,2203,2717,12181,747,605,965,793,2344,2163,1917,1753,565,329,56269,70461,24883,6438,27262,38109,32631,47140,35575,44043,41533,27635,20541,2510,10658,392,25473,18355,17283,16197,14281,2348,1086,1072,836,340,615,236,7118,6369,2678,4282,749,-888888888,-888888888,-888888888,-888888888,-888888888,-888888888,-888888888,-888888888,-888888888,-888888888,-888888888,-888888888,-888888888,-888888888,-888888888,-888888888,-888888888,-888888888,-888888888
2020,Jackson County; Kentucky,10722,4304,4304,4033,271,0,6418,4304,-888888888,5489,1846,1846,1746,892,580,1856,1074,4033,3120,467,47,171,25,203,35.4,4033,820,731,690,590,1202,4033,93,476,822,30,166,321,180,155,262,845,275,170,238,21,109,4033,2743,965,325,0,5417,729,650,916,635,705,1044,334,286,56,62,31515,42148,2968,52209,2377,15820,1014,16698,861,10146,133,1459,1596,3740,366,235,578,450,580,899,235,279,56,62,40246,49939,17573,1677,16353,23947,26624,42007,27409,13266,12713,6363,7720,553,3251,78,7723,4125,3866,3623,3027,785,243,259,243,25,234,16,3598,3395,987,2603,203,-888888888,-888888888,-888888888,-888888888,-888888888,-888888888,-888888888,-888888888,-888888888,-888888888,-888888888,-888888888,-888888888,-888888888,-888888888,-888888888,-888888888,-888888888,-888888888
2020,Jefferson County; Kentucky,617396,407594,407028,385423,21605,566,209802,407028,-888888888,323224,199295,199189,188665,54503,39910,103526,79617,378082,296645,32133,9680,7094,6491,26039,22.6,385423,149233,58603,83682,23982,69923,385423,1016,19406,45921,10206,41872,33528,7186,30569,41190,88911,37105,17584,10929,21,111,385423,327904,39608,17055,856,316411,20456,13866,27778,30877,42604,59184,40038,44567,18990,18051,58196,81259,245174,81345,100664,19089,69937,25627,18045,9980,6043,2846,33204,186716,7587,4142,10985,13687,21463,34890,27167,34737,16387,15671,75482,99837,34365,129695,37784,51663,35569,52019,42660,759761,722157,529826,296588,37604,178562,5550,460817,370201,351090,328794,292107,46055,22296,19111,15629,7190,9139,3482,90616,84520,43104,49484,6096,-888888888,-888888888,-888888888,-888888888,-888888888,-888888888,-888888888,-888888888,-888888888,-888888888,-888888888,-888888888,-888888888,-888888888,-888888888,-888888888,-888888888,-888888888,-888888888
2020,Jessamine County; Kentucky,41916,26442,26442,25154,1288,0,15474,26442,-888888888,21877,12802,12802,12141,3753,2800,8088,5823,24574,18964,3029,18,763,146,1654,23.1,25154,8625,4148,6362,2646,3373,25154,238,2129,2170,725,3486,1236,285,1338,2214,7041,1897,1608,787,21,113,25154,20356,3135,1594,69,18888,1131,763,1192,1576,2630,3332,3083,2978,863,1340,64855,94657,14617,90774,6417,21147,4275,25327,1182,10237,374,3367,2218,13583,599,270,675,1018,1669,2244,2423,2652,737,1296,77473,110320,33110,5305,39600,50201,31596,51353,38709,53016,50050,36953,20569,2966,13791,695,31354,23964,22908,21499,18869,3412,1409,1056,794,376,480,262,7390,6790,3641,3939,600,-888888888,-888888888,-888888888,-888888888,-888888888,-888888888,-888888888,-888888888,-888888888,-888888888,-888888888,-888888888,-888888888,-888888888,-888888888,-888888888,-888888888,-888888888,-888888888
2020,Johnson County; Kentucky,18003,7662,7662,6980,682,0,10341,7662,-888888888,9318,3555,3555,3247,1610,881,2987,1889,6638,5352,863,12,137,6,268,28.5,6980,2502,1377,1476,642,983,6980,220,357,216,87,1037,529,217,406,438,2142,587,291,453,21,115,6980,5183,1317,480,0,8528,1109,620,1322,914,1149,1216,922,970,146,160,38333,55732,4751,68599,3864,20012,1971,21155,1178,8350,124,3456,1914,6050,469,174,837,608,962,1059,876,836,137,92,49427,63354,22196,2478,15942,33028,30292,52603,31489,21856,20911,11265,12830,945,5093,87,12821,7235,6553,6081,4661,1630,472,682,555,108,451,127,5586,5343,1607,4351,243,-888888888,-888888888,-888888888,-888888888,-888888888,-888888888,-888888888,-888888888,-888888888,-888888888,-888888888,-888888888,-888888888,-888888888,-888888888,-888888888,-888888888,-888888888,-888888888
2020,Kenton County; Kentucky,131210,90457,90440,86893,3547,17,40753,90440,-888888888,66903,43232,43232,41758,12509,9620,23985,18677,85623,69476,6861,1594,1221,1451,5020,23.3,86893,35437,12283,20002,6009,13162,86893,383,4725,10580,3411,10151,5498,1539,7694,9609,18809,8153,3406,2935,21,117,86893,74736,9032,3053,72,64544,3187,2303,5108,5969,7476,12109,8865,11257,4245,4025,66541,87810,51905,88498,19011,20167,13702,24149,3950,11158,963,3293,5422,40446,1534,754,1758,2722,3847,7242,6578,8996,3570,3445,83257,104499,34936,24098,42140,56244,38377,52662,45116,165249,156554,119888,55106,8695,41646,1283,100390,82666,79558,74400,68176,7989,5158,3108,2643,1187,1515,465,17724,16032,8413,9304,1692,-888888888,-888888888,-888888888,-888888888,-888888888,-888888888,-888888888,-888888888,-888888888,-888888888,-888888888,-888888888,-888888888,-888888888,-888888888,-888888888,-888888888,-888888888,-888888888
2020,Knott County; Kentucky,12373,5019,5019,4518,501,0,7354,5019,-888888888,6283,2404,2404,2198,781,445,1745,838,4406,3473,425,26,171,65,246,29.0,4518,1435,1215,833,547,488,4518,233,222,160,146,490,247,65,189,244,1674,320,195,333,21,119,4518,3404,855,213,46,6319,1033,386,1024,913,957,957,566,281,139,63,32531,43887,3566,46597,2962,16706,1676,19309,1165,10255,190,2427,1884,4194,355,223,621,537,752,777,527,208,139,55,41095,52214,18723,2125,18957,26920,22464,34776,32946,14920,14210,6141,10186,710,3276,176,8979,4643,4188,3857,2715,1302,331,455,433,44,399,22,4336,4155,1203,3433,181,-888888888,-888888888,-888888888,-888888888,-888888888,-888888888,-888888888,-888888888,-888888888,-888888888,-888888888,-888888888,-888888888,-888888888,-888888888,-888888888,-888888888,-888888888,-888888888
2020,Knox County; Kentucky,24868,10330,10330,9677,653,0,14538,10330,-888888888,12893,4918,4918,4653,2080,956,4653,2079,9455,8199,748,0,172,17,319,23.3,9677,3217,2127,2045,681,1607,9677,111,341,1006,199,1345,597,166,350,1287,2929,684,253,409,21,121,9677,7612,1470,595,0,12075,2681,1239,1540,1258,1411,1955,915,616,303,157,30257,43881,6468,56097,5062,16108,1876,21373,1926,8813,292,3812,3756,8129,1313,656,795,1055,1103,1446,814,543,258,146,37877,51881,17665,3946,14281,26383,27145,39542,31828,30905,29049,12363,19831,1856,7671,13,18092,9358,8753,8043,5897,2674,710,605,445,131,314,160,8734,7768,1753,6333,966,-888888888,-888888888,-888888888,-888888888,-888888888,-888888888,-888888888,-888888888,-888888888,-888888888,-888888888,-888888888,-888888888,-888888888,-888888888,-888888888,-888888888,-888888888,-888888888
2020,Larue County; Kentucky,11473,6573,6568,6411,157,5,4900,6568,-888888888,5773,2827,2827,2748,888,676,1998,1187,6351,5472,609,0,21,7,242,27.1,6411,2024,678,1145,799,1765,6411,169,408,1951,52,705,400,63,266,364,1212,200,345,276,21,123,6411,5107,851,435,18,5779,321,321,680,693,960,1362,605,564,144,129,48495,59788,4227,62818,1961,18451,1349,16182,519,12663,131,1237,809,3871,248,113,225,514,552,924,495,559,112,129,59381,69274,24231,1908,35729,39315,34758,41901,36844,13982,13446,9104,6468,536,3237,21,8377,6120,5982,5593,4719,1024,389,138,128,57,71,10,2257,2141,821,1554,116,-888888888,-888888888,-888888888,-888888888,-888888888,-888888888,-888888888,-888888888,-888888888,-888888888,-888888888,-888888888,-888888888,-888888888,-888888888,-888888888,-888888888,-888888888,-888888888
2020,Laurel County; Kentucky,48342,25241,25184,23932,1252,57,23101,25184,-888888888,24982,11775,11764,11108,4092,2305,8835,5521,23591,19772,2375,19,272,196,957,21.6,23932,7192,3696,5825,2262,4957,23932,443,1106,3000,308,3883,1952,347,1091,1996,5678,1969,1153,1006,21,125,23932,19183,3190,1499,60,22665,2687,1577,2503,2838,2817,4124,2527,2250,798,544,43745,59570,15209,65053,9230,17566,4338,26000,2178,9578,604,1664,4168,16115,1153,946,1474,1901,2273,3116,2085,2004,661,502,51634,67992,23283,6550,20676,33972,31113,44607,34526,59793,55638,31988,31096,4155,14714,532,35444,23070,21956,19694,16633,3869,2262,1114,795,244,560,319,12374,11344,3706,8649,1030,-888888888,-888888888,-888888888,-888888888,-888888888,-888888888,-888888888,-888888888,-888888888,-888888888,-888888888,-888888888,-888888888,-888888888,-888888888,-888888888,-888888888,-888888888,-888888888
2020,Lawrence County; Kentucky,12266,4887,4887,4602,285,0,7379,4887,-888888888,6305,2244,2244,2151,1000,478,2284,1030,4400,3805,461,25,15,49,45,28.1,4602,1206,603,1154,542,1097,4602,185,194,447,137,593,434,132,158,363,1354,182,195,228,21,127,4602,3387,1000,186,29,5583,783,488,887,745,797,795,615,321,91,61,32856,46711,2978,57011,2551,19055,1013,19374,778,10988,177,3161,1292,3809,355,142,605,349,667,759,496,284,97,55,44770,56413,17882,1774,17173,23672,26181,34338,28633,15502,14259,7637,8578,1243,3973,179,8804,4572,4325,3856,3209,819,469,247,197,109,88,50,4232,3687,1157,2908,545,-888888888,-888888888,-888888888,-888888888,-888888888,-888888888,-888888888,-888888888,-888888888,-888888888,-888888888,-888888888,-888888888,-888888888,-888888888,-888888888,-888888888,-888888888,-888888888
2020,Lee County; Kentucky,5812,2385,2367,2127,240,18,3427,2367,-888888888,2662,985,985,900,498,313,703,347,2062,1656,202,0,89,51,64,44.1,2127,528,379,432,321,467,2127,16,233,266,36,304,157,43,34,163,569,45,29,232,21,129,2127,1409,518,200,0,2884,627,302,529,300,381,296,257,146,3,43,24699,40699,1532,48792,1355,14529,388,14160,556,8778,102,1744,1098,1575,238,35,334,161,262,185,204,120,0,36,35855,48157,17946,1309,12725,29804,24523,39301,31667,6611,6452,2955,4269,159,1547,7,3799,2237,2016,1936,1510,566,80,221,198,25,173,23,1562,1513,318,1240,49,-888888888,-888888888,-888888888,-888888888,-888888888,-888888888,-888888888,-888888888,-888888888,-888888888,-888888888,-888888888,-888888888,-888888888,-888888888,-888888888,-888888888,-888888888,-888888888
2020,Leslie County; Kentucky,8111,3536,3536,3336,200,0,4575,3536,-888888888,4127,1597,1597,1506,511,263,1193,564,3195,2742,367,0,27,0,59,38.1,3336,854,695,628,617,542,3336,414,115,285,116,312,256,7,57,163,989,115,97,410,21,131,3336,2311,890,132,3,4156,520,345,611,514,797,653,494,188,25,9,36038,43458,2400,49751,2014,17330,1067,15846,599,7733,160,1923,1023,2875,137,219,389,264,642,594,417,179,25,9,43121,51328,18011,1281,18961,24300,28134,38358,28484,9759,9384,4017,6443,375,2123,47,5912,3355,3161,2916,2191,852,245,194,143,39,104,51,2557,2525,537,2153,32,-888888888,-888888888,-888888888,-888888888,-888888888,-888888888,-888888888,-888888888,-888888888,-888888888,-888888888,-888888888,-888888888,-888888888,-888888888,-888888888,-888888888,-888888888,-888888888
2020,Letcher County; Kentucky,17797,8032,8032,7303,729,0,9765,8032,-888888888,9150,3929,3929,3669,1026,655,2920,1484,7232,5692,716,70,312,98,344,26.6,7303,2393,1237,1732,919,1022,7303,402,272,314,130,1017,497,149,187,328,2677,524,394,412,21,133,7303,5175,1629,364,135,9599,1552,708,1572,1228,1389,1513,745,645,112,135,33181,49891,5541,55888,4538,18116,1853,15094,1175,8299,229,1369,2853,6495,653,372,1038,684,1065,1186,688,616,96,97,41043,55573,22103,3104,18448,35010,29204,44858,29748,21731,20815,9561,14330,916,4991,193,12645,7362,6710,6331,4739,1990,379,652,582,58,532,70,5283,5042,1288,4300,241,-888888888,-888888888,-888888888,-888888888,-888888888,-888888888,-888888888,-888888888,-888888888,-888888888,-888888888,-888888888,-888888888,-888888888,-888888888,-888888888,-888888888,-888888888,-888888888
2020,Boone County; Kentucky,101829,69775,69672,67197,2475,103,32054,69672,-888888888,51911,32710,32690,31676,9911,7340,22645,17232,66077,54386,5182,457,324,623,5105,24.2,67197,25569,9525,15450,5403,11250,67197,419,3995,9763,2634,8355,6009,1060,5281,6539,12645,5164,2981,2352,21,015,67197,57552,6836,2508,301,47391,1107,848,3084,3533,4991,7899,7503,10708,3833,3885,82838,98617,39065,97470,14067,21349,11553,26636,1889,10373,806,2627,2539,34413,528,342,1330,1725,3227,5101,5918,9510,3490,3242,95904,110909,36371,12978,43930,59613,41127,61557,45393,131457,124589,101323,39545,6868,36245,1781,77504,63736,61565,58160,54927,5308,3405,2171,1754,1007,823,417,13768,12548,8195,5717,1220,-888888888,-888888888,-888888888,-888888888,-888888888,-888888888,-888888888,-888888888,-888888888,-888888888,-888888888,-888888888,-888888888,-888888888,-888888888,-888888888,-888888888,-888888888,-888888888
2020,Boyle County; Kentucky,24919,13417,13406,12623,783,11,11502,13406,-888888888,12680,6682,6671,6318,1774,1092,3606,2941,12066,9646,1132,43,422,57,766,21.2,12623,4339,1895,2699,928,2762,12623,261,528,2328,267,1641,648,290,400,690,3771,939,398,462,21,021,12623,10395,1625,600,3,11079,802,972,1129,912,1524,2010,1225,1618,493,394,51562,69093,7687,73297,4309,19122,2748,24362,631,8830,249,3235,1316,7349,254,176,649,644,1122,1382,1010,1376,426,310,63511,82226,26575,3730,23821,38919,29347,48490,36393,28641,27119,18950,12656,1522,6524,71,16641,12068,11371,10423,9388,1678,948,697,674,275,422,23,4573,4093,2095,2392,480,-888888888,-888888888,-888888888,-888888888,-888888888,-888888888,-888888888,-888888888,-888888888,-888888888,-888888888,-888888888,-888888888,-888888888,-888888888,-888888888,-888888888,-888888888,-888888888
2020,Breathitt County; Kentucky,10468,4281,4281,3890,391,0,6187,4281,-888888888,5269,2045,2045,1847,832,288,1304,716,3829,3208,385,0,108,55,73,30.7,3890,1431,740,665,512,542,3890,140,331,262,55,383,190,45,44,322,1395,300,186,237,21,025,3890,2556,1103,228,3,5281,969,608,714,645,506,772,546,382,53,86,29538,48478,2771,56014,2381,16446,922,44680,1094,9573,221,2374,1767,3551,428,292,423,452,410,635,398,378,53,82,42549,59118,20325,1730,14256,24347,27568,47159,29545,12669,12203,5361,8184,466,2711,65,7889,4053,3727,3463,2693,893,264,326,318,68,262,8,3836,3707,866,3072,129,-888888888,-888888888,-888888888,-888888888,-888888888,-888888888,-888888888,-888888888,-888888888,-888888888,-888888888,-888888888,-888888888,-888888888,-888888888,-888888888,-888888888,-888888888,-888888888
2020,Butler County; Kentucky,10180,5482,5482,5077,405,0,4698,5482,-888888888,5105,2497,2497,2316,754,474,1688,1126,4955,4101,619,35,39,16,145,27.8,5077,1322,556,1029,790,1380,5077,192,657,1081,197,312,486,45,116,252,1193,222,180,144,21,031,5077,3847,893,302,35,4823,537,290,611,513,655,1013,614,422,74,94,45955,56164,3024,65783,1895,17846,1247,17486,373,7870,71,707,736,3449,221,100,333,363,507,845,533,394,74,79,56145,64681,22672,1374,22520,32566,28168,45618,29860,12544,11579,7392,6094,965,3036,142,7303,5106,4706,4191,3595,681,515,400,343,36,307,57,2197,1956,819,1339,241,-888888888,-888888888,-888888888,-888888888,-888888888,-888888888,-888888888,-888888888,-888888888,-888888888,-888888888,-888888888,-888888888,-888888888,-888888888,-888888888,-888888888,-888888888,-888888888
2020,Campbell County; Kentucky,76332,49408,49401,47301,2100,7,26924,49401,-888888888,39199,24092,24092,23170,5826,4242,12385,9673,46713,36420,4369,591,1391,527,3415,23.9,47301,20752,6866,10192,3455,6036,47301,163,2921,4630,1401,4655,3214,956,4003,6517,11272,3776,1719,2074,21,037,47301,39693,5673,1883,52,37197,3143,1516,2783,3342,4231,6035,4797,5954,2878,2518,63152,85588,28582,89072,11853,17527,8164,26676,1983,9003,686,2962,2667,23018,1009,372,926,1449,2060,3964,3585,4852,2575,2226,85172,106849,35124,14179,34181,48373,38730,56639,46400,92235,88917,70655,29180,3318,21102,211,56782,45429,43694,41664,38801,4128,2030,1735,1267,742,553,468,11353,10790,6536,5041,563,-888888888,-888888888,-888888888,-888888888,-888888888,-888888888,-888888888,-888888888,-888888888,-888888888,-888888888,-888888888,-888888888,-888888888,-888888888,-888888888,-888888888,-888888888,-888888888
2020,Carter County; Kentucky,21284,9485,9466,8983,483,19,11799,9466,-888888888,10907,4500,4500,4408,1910,820,3506,1525,8651,6870,1245,0,223,71,242,31.4,8983,2555,1703,2127,924,1674,8983,217,887,638,81,1043,852,199,343,580,2624,702,358,459,21,043,8983,6711,1796,472,4,9624,1370,753,1345,1005,1262,1553,922,971,284,159,39492,54925,5304,66000,4164,17998,2708,21046,922,9591,322,1918,1981,6675,668,384,723,683,844,1282,888,766,292,145,50507,65536,20672,2949,18773,28470,26224,41448,33167,26647,23999,13617,13808,2648,6702,740,14998,8746,8301,7377,6234,1530,924,445,380,172,235,65,6252,5390,2119,3798,862,-888888888,-888888888,-888888888,-888888888,-888888888,-888888888,-888888888,-888888888,-888888888,-888888888,-888888888,-888888888,-888888888,-888888888,-888888888,-888888888,-888888888,-888888888,-888888888
2020,Clark County; Kentucky,28922,17225,17225,16363,862,0,11697,17225,-888888888,15229,8054,8054,7571,2152,1754,4784,3505,16151,13392,1490,7,245,294,723,25.6,16363,5789,2419,3465,1693,2997,16363,211,1426,2658,483,1828,904,133,657,1606,3879,1040,667,871,21,049,16363,13175,2367,817,4,14576,1006,800,1753,1244,1826,2697,2219,1966,565,500,54871,73688,10762,75748,5613,18445,3723,21645,1239,9233,272,2711,2168,10008,407,332,727,762,1172,1985,2021,1729,473,400,69589,82124,30194,4568,25223,50786,32165,48713,38601,35795,34151,22976,16622,1644,8469,229,20971,15608,14863,14033,12247,2426,830,745,625,286,436,120,5363,4914,1989,3383,449,-888888888,-888888888,-888888888,-888888888,-888888888,-888888888,-888888888,-888888888,-888888888,-888888888,-888888888,-888888888,-888888888,-888888888,-888888888,-888888888,-888888888,-888888888,-888888888
2020,Crittenden County; Kentucky,7139,3712,3712,3604,108,0,3427,3712,-888888888,3543,1576,1576,1576,556,358,1273,897,3477,2671,508,21,178,0,99,24.8,3604,842,688,658,659,757,3604,398,334,587,41,400,141,12,114,172,745,233,220,207,21,055,3604,2850,503,245,6,3588,233,232,545,427,492,636,485,379,66,93,46354,59942,2539,59838,1581,18528,934,25194,283,9167,15,2620,462,2411,67,29,216,317,343,515,423,386,66,49,65053,71132,24732,1177,20959,33335,30213,50162,28250,8703,7851,5286,3893,852,2027,238,4917,3427,3325,2980,2635,398,345,102,64,35,29,38,1490,1313,522,939,177,-888888888,-888888888,-888888888,-888888888,-888888888,-888888888,-888888888,-888888888,-888888888,-888888888,-888888888,-888888888,-888888888,-888888888,-888888888,-888888888,-888888888,-888888888,-888888888
2020,Edmonson County; Kentucky,10163,5107,5107,4669,438,0,5056,5107,-888888888,5062,2379,2379,2156,649,422,1396,1001,4447,3470,497,0,210,126,144,33.6,4669,1278,1007,837,750,797,4669,58,623,833,106,600,169,16,156,304,980,525,178,121,21,061,4669,3732,734,196,7,5028,371,447,510,706,698,1034,508,559,149,46,44229,54484,3372,56804,2216,17568,1337,17834,304,11419,33,2588,580,3462,118,137,309,535,476,721,434,537,149,46,52951,64489,22818,1566,23619,31366,30892,42026,35564,12106,11186,6652,6478,920,2435,187,7276,4645,4285,3709,3190,670,576,360,342,75,277,18,2631,2492,1024,1791,139,-888888888,-888888888,-888888888,-888888888,-888888888,-888888888,-888888888,-888888888,-888888888,-888888888,-888888888,-888888888,-888888888,-888888888,-888888888,-888888888,-888888888,-888888888,-888888888
2020,Estill County; Kentucky,11665,5344,5344,4806,538,0,6321,5344,-888888888,6030,2585,2585,2341,763,472,1793,1083,4693,3623,816,0,151,9,94,32.5,4806,1001,695,1164,528,1418,4806,45,374,1222,80,640,166,42,208,141,1093,229,182,384,21,065,4806,3713,923,152,18,5640,871,603,641,815,805,834,570,465,2,34,32800,44552,3180,52501,2335,18683,1275,15515,678,9668,215,5619,1490,3685,457,225,413,406,581,654,519,394,2,34,44418,52475,18609,1955,19202,26625,25994,40022,31635,14067,13189,6727,8196,878,3133,81,8306,4930,4489,4054,3174,985,435,441,329,102,258,112,3376,3126,1001,2413,250,-888888888,-888888888,-888888888,-888888888,-888888888,-888888888,-888888888,-888888888,-888888888,-888888888,-888888888,-888888888,-888888888,-888888888,-888888888,-888888888,-888888888,-888888888,-888888888
2020,Floyd County; Kentucky,28996,12221,12208,11076,1132,13,16775,12208,-888888888,15165,5992,5992,5589,2183,1082,4655,2168,10844,9613,703,38,221,26,243,24.0,11076,3365,2308,2647,1079,1677,11076,407,635,504,330,1347,849,233,615,751,3200,1121,551,533,21,071,11076,8524,1986,566,0,14700,2231,1320,2143,1642,2297,2330,1359,1006,167,205,35096,48788,8594,50622,7312,17714,3293,20387,2081,8002,354,4862,3729,10210,1269,572,941,1095,1895,2015,1270,845,159,149,46025,54498,19932,4490,17865,33525,27054,44082,32310,35449,33843,16449,22512,1606,8169,76,20971,11258,10187,9307,7328,2254,880,1071,972,157,840,99,9713,9170,2567,7445,543,-888888888,-888888888,-888888888,-888888888,-888888888,-888888888,-888888888,-888888888,-888888888,-888888888,-888888888,-888888888,-888888888,-888888888,-888888888,-888888888,-888888888,-888888888,-888888888
2020,Gallatin County; Kentucky,6924,4146,4133,3890,243,13,2778,4133,-888888888,3419,1953,1953,1795,706,564,1146,935,3850,3021,612,1,56,5,155,28.0,3890,772,778,737,436,1167,3890,51,352,789,170,394,400,33,180,269,546,332,183,191,21,077,3890,3224,485,170,11,3088,206,164,286,302,381,735,513,380,112,9,55113,61938,2325,63180,1092,18018,828,18321,195,11702,7,1457,306,2059,134,65,127,144,217,605,402,265,91,9,57211,67651,23057,1029,32951,46358,30641,45529,32923,8684,7772,5293,3284,912,2278,230,5186,3771,3541,3208,2787,457,333,230,177,121,58,53,1415,1119,476,743,296,-888888888,-888888888,-888888888,-888888888,-888888888,-888888888,-888888888,-888888888,-888888888,-888888888,-888888888,-888888888,-888888888,-888888888,-888888888,-888888888,-888888888,-888888888,-888888888
2020,Graves County; Kentucky,29194,16416,16416,15559,857,0,12778,16416,-888888888,15160,7797,7797,7425,2681,1766,5349,3493,15354,13400,1087,42,139,260,426,21.1,15559,4627,2500,2948,2173,3311,15559,717,1212,2460,550,2073,872,382,440,928,3368,902,970,685,21,083,15559,12575,2161,805,18,14402,1402,1023,1804,1273,2105,2991,1600,1325,486,393,45614,62936,9565,68470,5696,18821,3603,19526,786,10912,127,3154,1740,9337,611,147,934,778,1323,2210,1325,1197,457,355,58246,74835,25557,5065,22910,39004,29596,44444,32750,36744,34139,21737,17726,2605,9507,322,20593,14709,14033,12577,10773,2105,1456,676,389,123,292,287,5884,5344,2350,3659,540,-888888888,-888888888,-888888888,-888888888,-888888888,-888888888,-888888888,-888888888,-888888888,-888888888,-888888888,-888888888,-888888888,-888888888,-888888888,-888888888,-888888888,-888888888,-888888888
2020,Greenup County; Kentucky,28757,14743,14740,13934,806,3,14014,14740,-888888888,14981,6893,6893,6456,2283,1412,4748,3283,13642,11931,1067,10,258,30,346,23.4,13934,5165,2163,3003,1616,1987,13934,93,999,1627,293,2006,892,192,735,853,4022,1027,660,535,21,089,13934,11176,2152,589,17,14314,1058,685,1589,1527,1825,3288,1568,1616,566,592,52337,68279,9277,73759,6479,21427,4334,23104,878,9269,266,2325,1964,9798,602,312,666,760,1181,2467,1282,1442,533,553,62328,80855,27496,4516,28871,38387,31163,50930,37691,34934,33424,23360,16779,1510,7993,216,19846,13642,12882,12099,10572,1950,783,760,653,340,313,107,6204,5800,3089,3771,404,-888888888,-888888888,-888888888,-888888888,-888888888,-888888888,-888888888,-888888888,-888888888,-888888888,-888888888,-888888888,-888888888,-888888888,-888888888,-888888888,-888888888,-888888888,-888888888
2020,Harlan County; Kentucky,20931,7779,7779,6804,975,0,13152,7779,-888888888,10942,3771,3771,3350,1627,893,3512,1271,6524,5170,966,31,107,21,229,23.0,6804,1898,1376,1489,1108,933,6804,675,513,406,58,889,366,111,256,394,2104,464,256,312,21,095,6804,5126,1315,363,0,10745,1817,1180,1804,1355,1416,1564,902,395,197,115,28261,42469,5465,46797,5302,17313,2351,24348,1481,9202,969,3059,2993,7439,1036,657,981,983,1060,1288,838,339,156,101,35908,48900,17385,3306,18025,25639,26089,40885,28852,25843,24548,10504,17122,1295,6279,189,14937,7337,6454,5882,4536,1608,572,883,747,110,643,136,7600,7202,1773,5974,398,-888888888,-888888888,-888888888,-888888888,-888888888,-888888888,-888888888,-888888888,-888888888,-888888888,-888888888,-888888888,-888888888,-888888888,-888888888,-888888888,-888888888,-888888888,-888888888
2020,Hart County; Kentucky,14706,7926,7926,7607,319,0,6780,7926,-888888888,7438,3549,3549,3412,1404,716,2888,1830,7425,5917,1077,19,66,154,192,29.4,7607,1795,1515,1291,1205,1801,7607,272,737,1971,107,699,562,106,313,256,1230,924,240,190,21,099,7607,5988,879,654,86,7256,813,526,1076,895,1036,1262,695,625,146,182,39834,53445,4718,60163,2813,15873,1566,22988,783,8504,155,1441,1197,4596,264,193,581,567,683,876,580,529,141,182,50221,65388,21542,2660,20917,30613,27864,45186,32445,18567,16775,9863,9356,1792,4843,502,10644,7209,6910,6103,4947,1456,807,299,282,147,135,17,3435,3015,934,2282,420,-888888888,-888888888,-888888888,-888888888,-888888888,-888888888,-888888888,-888888888,-888888888,-888888888,-888888888,-888888888,-888888888,-888888888,-888888888,-888888888,-888888888,-888888888,-888888888
2020,McLean County; Kentucky,7331,3991,3980,3755,225,11,3340,3980,-888888888,3706,1724,1713,1564,649,436,1379,948,3645,3159,181,0,177,73,55,26.3,3755,1118,453,714,621,849,3755,347,274,601,166,402,244,4,101,184,807,252,193,180,21,149,3755,2819,597,308,31,3747,290,238,394,302,498,721,458,496,285,65,54181,68707,2639,69789,1628,20467,956,16920,288,10102,32,3575,543,2663,164,84,203,149,331,537,467,423,240,65,68461,79703,27855,1084,26207,37854,37202,54042,40423,9111,8599,6004,3816,512,2277,78,5112,3536,3340,3052,2707,425,288,196,173,30,143,23,1576,1453,781,763,123,-888888888,-888888888,-888888888,-888888888,-888888888,-888888888,-888888888,-888888888,-888888888,-888888888,-888888888,-888888888,-888888888,-888888888,-888888888,-888888888,-888888888,-888888888,-888888888
2020,Magoffin County; Kentucky,9739,3884,3884,3411,473,0,5855,3884,-888888888,4922,1885,1885,1610,831,380,1745,921,3297,2832,289,17,100,4,55,33.4,3411,948,741,501,593,628,3411,99,338,488,0,347,203,13,62,139,1037,192,166,327,21,153,3411,2517,792,102,0,4989,880,348,1034,761,528,739,334,247,51,67,27807,43415,2719,44727,2156,15476,903,20606,1022,10607,69,2342,1643,3468,371,164,624,542,484,671,278,219,51,64,35833,51313,17939,1521,15281,24004,24913,34802,35385,12218,11676,5724,7737,542,2934,100,7265,3707,3257,3019,2404,699,238,450,387,165,253,63,3558,3417,1031,2780,141,-888888888,-888888888,-888888888,-888888888,-888888888,-888888888,-888888888,-888888888,-888888888,-888888888,-888888888,-888888888,-888888888,-888888888,-888888888,-888888888,-888888888,-888888888,-888888888
2020,Martin County; Kentucky,9438,3492,3492,3271,221,0,5946,3492,-888888888,4150,1558,1558,1411,656,428,1372,1002,3133,2732,351,0,19,0,31,33.9,3271,986,572,894,462,357,3271,195,186,147,136,604,85,42,363,93,808,95,69,448,21,159,3271,2205,990,76,0,4045,681,157,495,343,730,719,288,518,81,33,42894,51891,2112,62398,1928,20008,1137,19778,710,10530,74,2245,780,2750,253,57,303,206,550,582,274,418,74,33,50263,61547,19063,1295,16618,30032,31567,45524,30784,10192,9717,5482,5487,475,2354,197,6083,3290,3149,3045,2651,466,104,141,140,4,136,1,2793,2629,762,2083,164,-888888888,-888888888,-888888888,-888888888,-888888888,-888888888,-888888888,-888888888,-888888888,-888888888,-888888888,-888888888,-888888888,-888888888,-888888888,-888888888,-888888888,-888888888,-888888888
2020,Menifee County; Kentucky,5208,2395,2395,2285,110,0,2813,2395,-888888888,2505,1117,1117,1034,432,232,814,401,2202,1762,226,0,11,0,203,38.5,2285,686,211,511,216,661,2285,69,205,594,107,269,146,32,10,116,414,110,92,121,21,165,2285,1755,319,211,0,2464,245,169,230,328,363,663,274,152,33,7,46746,51036,1651,52099,1100,16209,627,18475,280,14511,35,3857,418,1592,62,28,96,229,318,457,221,141,33,7,54527,60554,20283,872,22969,32965,29052,43893,30579,6394,6006,2935,3941,388,1400,45,3683,2243,2141,1996,1545,552,145,102,32,7,29,70,1440,1312,260,1120,128,-888888888,-888888888,-888888888,-888888888,-888888888,-888888888,-888888888,-888888888,-888888888,-888888888,-888888888,-888888888,-888888888,-888888888,-888888888,-888888888,-888888888,-888888888,-888888888
2020,Monroe County; Kentucky,8534,4813,4813,4644,169,0,3721,4813,-888888888,4332,2135,2135,2039,691,498,1419,989,4526,3548,607,23,120,22,206,28.3,4644,1443,528,878,768,1027,4644,556,336,916,195,620,84,23,88,131,1104,196,199,196,21,171,4644,3263,670,652,59,4533,659,499,575,532,494,704,341,452,144,133,35078,56078,3146,62734,1982,14927,736,17073,407,8463,75,1500,665,2976,253,170,231,394,306,621,294,435,144,128,52682,70914,24007,1557,15710,27360,28550,36370,36656,10484,9592,5201,5562,892,2500,230,6105,4347,4187,3741,3052,874,446,160,127,15,112,33,1758,1575,411,1277,183,-888888888,-888888888,-888888888,-888888888,-888888888,-888888888,-888888888,-888888888,-888888888,-888888888,-888888888,-888888888,-888888888,-888888888,-888888888,-888888888,-888888888,-888888888,-888888888
2020,Muhlenberg County; Kentucky,25347,12754,12754,12120,634,0,12593,12754,-888888888,12647,5915,5915,5597,1899,862,3908,2727,11612,10172,1062,3,67,162,146,24.8,12120,3513,2343,2299,1239,2726,12120,527,713,1913,198,1233,716,67,794,870,2885,952,668,584,21,177,12120,9474,1879,728,39,11539,898,720,1348,1483,1751,2209,1152,1102,343,533,45937,64585,7592,66735,5070,18900,3597,20974,986,9301,282,2687,1472,7937,392,242,647,720,1383,1846,985,958,288,476,58853,74901,25692,3602,25174,38857,28324,47832,32008,30162,28675,19026,14779,1487,6668,197,17699,11575,11027,10178,8879,1886,849,548,497,173,336,51,6124,5739,2654,3591,385,-888888888,-888888888,-888888888,-888888888,-888888888,-888888888,-888888888,-888888888,-888888888,-888888888,-888888888,-888888888,-888888888,-888888888,-888888888,-888888888,-888888888,-888888888,-888888888
2020,Ohio County; Kentucky,18914,10777,10733,10146,587,44,8137,10733,-888888888,9553,4896,4896,4754,1434,905,3884,2570,9784,8230,978,0,113,70,393,25.2,10146,2703,1726,1683,1404,2630,10146,404,753,2213,90,1086,413,34,429,699,2160,751,694,420,21,183,10146,7897,1480,762,7,9226,734,347,1168,1204,1806,1544,1099,1011,153,160,45773,63613,6562,59091,3814,18006,2287,22645,897,8961,81,2573,995,6443,414,74,560,858,1462,1027,933,822,143,150,48222,72612,24728,2783,28029,37545,26602,39773,31330,23732,22503,14229,11784,1229,6308,153,13291,9617,9119,8601,7033,1948,518,498,389,161,243,109,3674,3243,1402,2009,431,-888888888,-888888888,-888888888,-888888888,-888888888,-888888888,-888888888,-888888888,-888888888,-888888888,-888888888,-888888888,-888888888,-888888888,-888888888,-888888888,-888888888,-888888888,-888888888
2020,Owsley County; Kentucky,3709,1373,1373,1222,151,0,2336,1373,-888888888,2046,575,575,522,364,231,302,136,1217,985,142,0,25,31,34,32.6,1222,424,211,236,152,199,1222,79,85,108,6,89,142,14,40,58,408,18,57,118,21,189,1222,820,335,67,0,1655,365,118,243,187,200,153,189,166,30,4,29406,47852,885,49048,781,15171,374,29051,548,9616,98,5636,604,1094,115,63,110,202,123,156,150,145,30,0,40786,55914,18917,561,9993,28851,25582,29615,30809,4329,4157,1472,3150,172,896,0,2577,1144,999,982,617,393,17,145,126,17,117,19,1433,1297,272,1094,136,-888888888,-888888888,-888888888,-888888888,-888888888,-888888888,-888888888,-888888888,-888888888,-888888888,-888888888,-888888888,-888888888,-888888888,-888888888,-888888888,-888888888,-888888888,-888888888
2020,Perry County; Kentucky,21045,10683,10683,9687,996,0,10362,10683,-888888888,10715,5461,5461,4937,1547,978,3410,2135,9483,7279,1621,8,31,70,474,23.3,9687,3012,2111,2323,1203,1038,9687,354,798,376,228,1214,336,344,327,769,3531,356,252,802,21,193,9687,7201,2089,397,0,11334,1522,681,1323,1851,1315,1960,1248,860,325,249,39594,57658,7240,65271,4471,18251,2664,19627,1814,8758,204,2472,2709,7833,849,327,599,1200,1001,1306,1172,866,290,223,49348,65877,24466,3501,23290,36598,30142,38824,35594,25674,24473,12953,15117,1201,6126,126,15444,9941,9083,8413,6372,2506,670,858,714,51,667,144,5503,5242,1657,4224,261,-888888888,-888888888,-888888888,-888888888,-888888888,-888888888,-888888888,-888888888,-888888888,-888888888,-888888888,-888888888,-888888888,-888888888,-888888888,-888888888,-888888888,-888888888,-888888888
2020,Pulaski County; Kentucky,52032,28039,28039,26344,1695,0,23993,28039,-888888888,27013,13884,13884,13053,4244,3350,8449,5803,25326,21821,2199,87,366,183,670,22.6,26344,8167,4613,6252,2480,4832,26344,423,1707,3764,494,3232,1343,551,1415,2060,6626,2276,1473,980,21,199,26344,20278,4375,1523,168,25572,2997,1925,3717,2812,3020,4089,3026,2625,761,600,40658,62430,16998,68226,10617,16346,5837,21585,1921,9331,456,2333,4198,16366,1238,753,2006,1553,1849,3241,2528,2006,707,485,53447,71341,26063,9206,23368,39819,28629,42975,33130,64019,60258,36348,34002,3761,15047,655,37040,25458,23908,22023,17963,5478,1885,1550,1326,415,949,224,11582,10585,3928,7666,997,-888888888,-888888888,-888888888,-888888888,-888888888,-888888888,-888888888,-888888888,-888888888,-888888888,-888888888,-888888888,-888888888,-888888888,-888888888,-888888888,-888888888,-888888888,-888888888
2020,Rowan County; Kentucky,20268,11004,11004,10574,430,0,9264,11004,-888888888,10570,5469,5469,5249,1498,744,2622,1919,10383,7868,1140,56,504,168,647,22.9,10574,4287,1915,1768,741,1863,10574,206,658,943,96,1360,402,134,504,460,3967,946,448,450,21,205,10574,7685,2372,389,128,8747,906,683,1149,1120,1162,1273,923,860,205,466,42754,64136,6047,69269,3132,17344,1784,29015,753,11596,331,2454,1972,5147,188,233,632,451,684,793,750,826,174,416,62779,83329,23985,3600,23585,35585,21492,42142,34340,24281,23182,15114,11171,1099,5977,55,14992,10358,10002,9218,7398,2160,784,356,356,228,145,0,4634,4374,2088,2687,260,-888888888,-888888888,-888888888,-888888888,-888888888,-888888888,-888888888,-888888888,-888888888,-888888888,-888888888,-888888888,-888888888,-888888888,-888888888,-888888888,-888888888,-888888888,-888888888
2020,Shelby County; Kentucky,38382,25113,24953,24005,948,160,13269,24953,-888888888,19959,11937,11937,11400,3552,2524,6897,4797,23727,18847,2281,271,264,446,1618,27.0,24005,8262,3441,5073,2264,4965,24005,618,1803,4659,568,2921,1562,342,1740,1561,4707,1531,922,1071,21,211,24005,19587,2985,1339,94,16801,919,510,1140,1514,1893,2709,2815,2944,1127,1230,72564,90697,13494,88366,5470,19655,3771,27846,984,8473,89,2634,1425,12203,250,206,458,891,1459,2133,2100,2557,1028,1121,84096,103626,33189,4598,32725,51863,33911,53138,41489,46932,43802,33307,16701,3130,11523,464,27992,22640,21826,19880,17624,2541,1946,814,603,223,413,211,5352,4885,2965,2410,467,-888888888,-888888888,-888888888,-888888888,-888888888,-888888888,-888888888,-888888888,-888888888,-888888888,-888888888,-888888888,-888888888,-888888888,-888888888,-888888888,-888888888,-888888888,-888888888
2020,Taylor County; Kentucky,20448,12000,11903,11323,580,97,8448,11903,-888888888,10643,5599,5599,5211,1829,1099,3583,2523,11049,9103,858,0,290,85,713,19.9,11323,3211,1765,2522,1275,2550,11323,192,474,2256,145,2186,589,180,333,642,2956,772,296,302,21,217,11323,9390,1361,537,35,9659,827,461,1214,790,1529,1939,1400,913,344,242,50266,65925,7056,65187,4186,18405,2740,17739,862,8563,169,3188,1366,6580,232,177,603,422,1008,1422,1277,875,344,220,63009,79210,25441,3079,25398,36284,27814,42907,33501,25082,24238,16262,12134,844,6304,153,14453,10107,9575,9176,8318,1277,399,532,502,78,440,30,4346,4084,1749,2977,262,-888888888,-888888888,-888888888,-888888888,-888888888,-888888888,-888888888,-888888888,-888888888,-888888888,-888888888,-888888888,-888888888,-888888888,-888888888,-888888888,-888888888,-888888888,-888888888
2020,Trigg County; Kentucky,11796,6508,6454,5943,511,54,5288,6454,-888888888,6012,3197,3197,2901,1030,560,2099,1247,5987,4861,687,0,20,60,359,24.8,5943,1831,961,1044,844,1263,5943,249,426,802,27,726,376,22,162,354,1598,646,191,364,21,221,5943,4160,1391,392,0,5916,313,506,533,842,655,1297,781,572,271,146,50980,63222,3829,67014,2616,19588,1863,20327,226,9964,98,4108,659,3965,159,99,313,376,411,1030,666,564,227,120,63003,73467,26953,1951,27120,40752,33261,45743,38578,14477,13381,9435,6859,1096,3480,545,7707,5488,5139,4911,4196,1011,228,349,191,108,87,158,2219,2054,1251,1228,165,-888888888,-888888888,-888888888,-888888888,-888888888,-888888888,-888888888,-888888888,-888888888,-888888888,-888888888,-888888888,-888888888,-888888888,-888888888,-888888888,-888888888,-888888888,-888888888
2020,Warren County; Kentucky,104270,70283,70202,66821,3381,81,33987,70202,-888888888,53323,33448,33448,31984,9455,6400,18533,13517,63503,51136,7207,70,1960,1228,1902,20.7,66821,22595,12184,14812,5132,12098,66821,782,3610,10663,2195,8538,3455,750,2741,5774,16281,7477,3107,1448,21,227,66821,54037,9187,3424,173,49880,3387,2708,5079,4881,7054,9233,6546,6582,2104,2306,54325,77658,40559,76290,14256,18168,9792,25923,2433,10230,876,2666,6164,31053,1460,935,2418,2485,3940,5824,4881,5324,1772,2014,67706,93073,30138,18827,35131,49097,27184,48977,36554,129561,122672,89829,47954,6889,33160,619,80182,63370,60549,56115,48839,8740,4434,2821,2432,1171,1304,389,16812,15421,8712,8031,1391,-888888888,-888888888,-888888888,-888888888,-888888888,-888888888,-888888888,-888888888,-888888888,-888888888,-888888888,-888888888,-888888888,-888888888,-888888888,-888888888,-888888888,-888888888,-888888888
2020,Webster County; Kentucky,10351,5338,5338,5104,234,0,5013,5338,-888888888,5280,2483,2483,2387,970,690,1637,1078,5003,4293,543,2,82,0,83,27.3,5104,1399,650,738,672,1645,5104,466,271,1404,76,484,493,13,176,89,1075,157,229,171,21,233,5104,3947,907,250,0,5001,459,451,611,524,709,810,560,615,121,141,44540,60950,3277,67376,1910,19180,1166,22335,529,12194,141,1517,683,3327,118,185,307,378,476,560,451,611,110,131,60275,73285,24341,1674,22237,32654,31692,43424,31657,12696,11848,7878,5732,848,3146,150,7359,4941,4748,4364,3969,540,384,193,130,48,87,63,2418,2192,772,1582,226,-888888888,-888888888,-888888888,-888888888,-888888888,-888888888,-888888888,-888888888,-888888888,-888888888,-888888888,-888888888,-888888888,-888888888,-888888888,-888888888,-888888888,-888888888,-888888888
2020,Woodford County; Kentucky,21376,13681,13664,13214,450,17,7695,13664,-888888888,11329,6667,6658,6387,1784,1181,3893,2769,13048,10535,1000,30,240,178,1065,20.6,13214,5278,2199,2668,1290,1779,13214,944,484,1405,550,1409,435,271,687,1117,2857,1003,1090,962,21,239,13214,9825,2192,1197,0,10399,485,243,784,1134,1401,1797,1368,1861,928,398,66442,81729,8260,76050,3734,20952,2766,27238,509,10119,78,2862,970,7410,182,42,281,760,755,1295,1154,1698,874,369,82226,95494,32847,2989,35583,45521,35741,50914,38849,26378,25066,19035,10180,1312,6404,257,15157,12165,11856,10989,9602,1735,867,309,291,119,195,18,2992,2822,1697,1444,170,-888888888,-888888888,-888888888,-888888888,-888888888,-888888888,-888888888,-888888888,-888888888,-888888888,-888888888,-888888888,-888888888,-888888888,-888888888,-888888888,-888888888,-888888888,-888888888
2020,Barren County; Kentucky,34750,19751,19741,18412,1329,10,14999,19741,-888888888,18222,9472,9472,8688,2951,1887,6513,4009,17785,14319,1962,49,366,219,870,21.7,18412,5375,2645,3771,2201,4420,18412,736,1126,4175,626,2231,756,311,497,1285,3687,1516,876,590,21,009,18412,14712,2199,1440,61,17392,1556,1402,1927,2156,3538,3113,1546,1379,435,340,41674,55254,12642,54702,6440,17554,3698,19792,1412,9118,454,3872,2778,11531,600,763,1026,1347,2235,2361,1278,1213,396,312,48738,64650,22502,5861,28951,34636,26421,42077,30969,43312,39545,24285,20856,3767,10981,1113,25153,17598,16372,14741,12553,2721,1631,1226,1085,173,997,141,7555,6691,2634,4473,864,-888888888,-888888888,-888888888,-888888888,-888888888,-888888888,-888888888,-888888888,-888888888,-888888888,-888888888,-888888888,-888888888,-888888888,-888888888,-888888888,-888888888,-888888888,-888888888
