year,county_name,employment_status_population_16_years_and_over,employment_status_population_16_years_and_over_in_,employment_status_population_16_years_and_over_in_,employment_status_population_16_years_and_over_in_,employment_status_population_16_years_and_over_in_,employment_status_population_16_years_and_over_in_,employment_status_population_16_years_and_over_not,employment_status_civilian_labor_force,employment_status_civilian_labor_force_unemploymen,employment_status_females_16_years_and_over,employment_status_females_16_years_and_over_in_lab,employment_status_females_16_years_and_over_in_lab,employment_status_females_16_years_and_over_in_lab,employment_status_own_children_of_the_householder_,employment_status_own_children_of_the_householder_,employment_status_own_children_of_the_householder_,employment_status_own_children_of_the_householder_,commuting_to_work_workers_16_years_and_over,commuting_to_work_workers_16_years_and_over_car_tr,commuting_to_work_workers_16_years_and_over_car_tr,commuting_to_work_workers_16_years_and_over_public,commuting_to_work_workers_16_years_and_over_walked,commuting_to_work_workers_16_years_and_over_other_,commuting_to_work_workers_16_years_and_over_worked,commuting_to_work_workers_16_years_and_over_mean_t,occupation_civilian_employed_population_16_years_a,occupation_civilian_employed_population_16_years_a,occupation_civilian_employed_population_16_years_a,occupation_civilian_employed_population_16_years_a,occupation_civilian_employed_population_16_years_a,occupation_civilian_employed_population_16_years_a,industry_civilian_employed_population_16_years_and,industry_civilian_employed_population_16_years_and,industry_civilian_employed_population_16_years_and,industry_civilian_employed_population_16_years_and,industry_civilian_employed_population_16_years_and,industry_civilian_employed_population_16_years_and,industry_civilian_employed_population_16_years_and,industry_civilian_employed_population_16_years_and,industry_civilian_employed_population_16_years_and,industry_civilian_employed_population_16_years_and,industry_civilian_employed_population_16_years_and,industry_civilian_employed_population_16_years_and,industry_civilian_employed_population_16_years_and,industry_civilian_employed_population_16_years_and,state_fips,county_fips,class_of_worker_civilian_employed_population_16_ye,class_of_worker_civilian_employed_population_16_ye,class_of_worker_civilian_employed_population_16_ye,class_of_worker_civilian_employed_population_16_ye,class_of_worker_civilian_employed_population_16_ye,income_and_benefits_in_2020_inflation_adjusted_dol,income_and_benefits_in_2020_inflation_adjusted_dol,income_and_benefits_in_2020_inflation_adjusted_dol,income_and_benefits_in_2020_inflation_adjusted_dol,income_and_benefits_in_2020_inflation_adjusted_dol,income_and_benefits_in_2020_inflation_adjusted_dol,income_and_benefits_in_2020_inflation_adjusted_dol,income_and_benefits_in_2020_inflation_adjusted_dol,income_and_benefits_in_2020_inflation_adjusted_dol,income_and_benefits_in_2020_inflation_adjusted_dol,income_and_benefits_in_2020_inflation_adjusted_dol,income_and_benefits_in_2020_inflation_adjusted_dol,income_and_benefits_in_2020_inflation_adjusted_dol,income_and_benefits_in_2020_inflation_adjusted_dol,income_and_benefits_in_2020_inflation_adjusted_dol,income_and_benefits_in_2020_inflation_adjusted_dol,income_and_benefits_in_2020_inflation_adjusted_dol,income_and_benefits_in_2020_inflation_adjusted_dol,income_and_benefits_in_2020_inflation_adjusted_dol,income_and_benefits_in_2020_inflation_adjusted_dol,income_and_benefits_in_2020_inflation_adjusted_dol,income_and_benefits_in_2020_inflation_adjusted_dol,income_and_benefits_in_2020_inflation_adjusted_dol,income_and_benefits_in_2020_inflation_adjusted_dol,income_and_benefits_in_2020_inflation_adjusted_dol,income_and_benefits_in_2020_inflation_adjusted_dol,income_and_benefits_in_2020_inflation_adjusted_dol,income_and_benefits_in_2020_inflation_adjusted_dol,income_and_benefits_in_2020_inflation_adjusted_dol,income_and_benefits_in_2020_inflation_adjusted_dol,income_and_benefits_in_2020_inflation_adjusted_dol,income_and_benefits_in_2020_inflation_adjusted_dol,income_and_benefits_in_2020_inflation_adjusted_dol,income_and_benefits_in_2020_inflation_adjusted_dol,income_and_benefits_in_2020_inflation_adjusted_dol,income_and_benefits_in_2020_inflation_adjusted_dol,income_and_benefits_in_2020_inflation_adjusted_dol,income_and_benefits_in_2020_inflation_adjusted_dol,income_and_benefits_in_2020_inflation_adjusted_dol,income_and_benefits_in_2020_inflation_adjusted_dol,income_and_benefits_in_2020_inflation_adjusted_dol,income_and_benefits_in_2020_inflation_adjusted_dol,income_and_benefits_in_2020_inflation_adjusted_dol,income_and_benefits_in_2020_inflation_adjusted_dol,health_insurance_coverage_civilian_noninstitutiona,health_insurance_coverage_civilian_noninstitutiona,health_insurance_coverage_civilian_noninstitutiona,health_insurance_coverage_civilian_noninstitutiona,health_insurance_coverage_civilian_noninstitutiona,health_insurance_coverage_civilian_noninstitutiona,health_insurance_coverage_civilian_noninstitutiona,health_insurance_coverage_civilian_noninstitutiona,health_insurance_coverage_civilian_noninstitutiona,health_insurance_coverage_civilian_noninstitutiona,health_insurance_coverage_civilian_noninstitutiona,health_insurance_coverage_civilian_noninstitutiona,health_insurance_coverage_civilian_noninstitutiona,health_insurance_coverage_civilian_noninstitutiona,health_insurance_coverage_civilian_noninstitutiona,health_insurance_coverage_civilian_noninstitutiona,health_insurance_coverage_civilian_noninstitutiona,health_insurance_coverage_civilian_noninstitutiona,health_insurance_coverage_civilian_noninstitutiona,health_insurance_coverage_civilian_noninstitutiona,health_insurance_coverage_civilian_noninstitutiona,health_insurance_coverage_civilian_noninstitutiona,health_insurance_coverage_civilian_noninstitutiona,health_insurance_coverage_civilian_noninstitutiona,percentage_of_families_and_people_whose_income_in_,percentage_of_families_and_people_whose_income_in_,percentage_of_families_and_people_whose_income_in_,percentage_of_families_and_people_whose_income_in_,percentage_of_families_and_people_whose_income_in_,percentage_of_families_and_people_whose_income_in_,percentage_of_families_and_people_whose_income_in_,percentage_of_families_and_people_whose_income_in_,percentage_of_families_and_people_whose_income_in_,percentage_of_families_and_people_whose_income_in_,percentage_of_families_and_people_whose_income_in_,percentage_of_families_and_people_whose_income_in_,percentage_of_families_and_people_whose_income_in_,percentage_of_families_and_people_whose_income_in_,percentage_of_families_and_people_whose_income_in_,percentage_of_families_and_people_whose_income_in_,percentage_of_families_and_people_whose_income_in_,percentage_of_families_and_people_whose_income_in_,percentage_of_families_and_people_whose_income_in_
2020,Cass County; Missouri,82587,54561,54545,52220,2325,16,28026,54545,-888888888,43008,26328,26320,25322,7161,5024,16839,12680,51285,43432,3696,23,549,399,3186,29.1,52220,18861,8555,11630,5890,7284,52220,713,5232,5412,1456,5917,3224,943,4442,5476,10327,3775,3051,2252,29,037,52220,43466,5780,2921,53,40397,827,1147,3211,3130,4862,7644,6396,7916,3167,2097,72522,87299,31625,88317,13301,20941,10266,24178,1571,12198,473,3538,2840,29364,411,460,1365,1815,2823,5463,5262,7140,2761,1864,85798,98257,33883,11033,40129,52350,39688,57926,43335,103866,96112,79709,30174,7754,26451,1336,60475,49630,47621,43317,42036,2610,4304,2009,1243,956,328,766,10845,9506,6941,3382,1339,-888888888,-888888888,-888888888,-888888888,-888888888,-888888888,-888888888,-888888888,-888888888,-888888888,-888888888,-888888888,-888888888,-888888888,-888888888,-888888888,-888888888,-888888888,-888888888
2020,Christian County; Missouri,67723,44245,44234,42642,1592,11,23478,44234,-888888888,35120,21113,21113,20486,6490,4247,14573,11156,41942,35698,3460,2,656,309,1817,25.0,42642,15806,6961,10457,4081,5337,42642,411,3451,3197,1434,5493,2219,574,3087,3409,11554,3829,2682,1302,29,043,42642,35072,4647,2827,96,32487,1092,1193,2472,2789,4694,6767,5294,4975,1802,1409,64442,79855,25500,79829,10045,21226,7426,28025,1532,10750,524,1583,2336,24052,670,381,1044,1716,3304,5122,4406,4444,1631,1334,73921,90361,30078,8435,35261,44093,34438,51984,37389,86887,79500,62528,26758,7387,23370,1177,50033,40162,38753,34699,33302,2232,4054,1409,724,494,293,685,9871,8402,5957,3436,1469,-888888888,-888888888,-888888888,-888888888,-888888888,-888888888,-888888888,-888888888,-888888888,-888888888,-888888888,-888888888,-888888888,-888888888,-888888888,-888888888,-888888888,-888888888,-888888888
2020,Clinton County; Missouri,16414,9848,9831,9487,344,17,6566,9831,-888888888,8386,4518,4518,4332,1173,733,3177,2575,9173,7604,879,70,38,42,540,30.5,9487,3027,1246,1955,1368,1891,9487,234,921,1504,277,1126,825,100,564,663,1983,458,435,397,29,049,9487,7614,1163,635,75,8100,453,250,680,647,1030,1903,1360,1192,405,180,62213,70807,6181,73179,2664,20308,1895,19361,277,10481,122,3228,538,5673,252,118,277,265,607,1366,1171,1084,374,159,73936,81275,28461,2427,34712,42508,37601,52377,38151,20046,18423,15246,6058,1623,5100,176,11729,9003,8706,7816,7647,368,890,297,216,174,42,81,2726,2256,1624,863,470,-888888888,-888888888,-888888888,-888888888,-888888888,-888888888,-888888888,-888888888,-888888888,-888888888,-888888888,-888888888,-888888888,-888888888,-888888888,-888888888,-888888888,-888888888,-888888888
2020,Crawford County; Missouri,19051,10274,10262,9468,794,12,8777,10262,-888888888,9703,4915,4915,4502,1484,999,3369,2297,9347,7353,1314,40,133,91,416,27.7,9468,2436,1872,1791,1273,2096,9468,223,816,1835,66,1325,470,119,302,638,1994,919,389,372,29,055,9468,7542,1276,560,90,9798,893,823,1128,1136,1770,1799,1036,840,227,146,44380,55128,6477,58820,4091,19096,2408,19221,917,8623,242,2108,1386,6315,314,288,605,693,1262,1228,921,739,155,110,49947,64563,23082,3483,25818,36404,29826,41326,32164,23587,20321,13438,9587,3266,5664,482,13461,9360,8601,7142,6800,566,1459,759,231,141,100,528,4101,3308,1396,2162,793,-888888888,-888888888,-888888888,-888888888,-888888888,-888888888,-888888888,-888888888,-888888888,-888888888,-888888888,-888888888,-888888888,-888888888,-888888888,-888888888,-888888888,-888888888,-888888888
2020,Daviess County; Missouri,6438,3663,3651,3566,85,12,2775,3651,-888888888,3234,1714,1714,1685,613,310,1401,921,3543,2647,452,0,86,109,249,30.6,3566,1151,608,767,421,619,3566,196,306,545,68,504,142,55,189,138,734,165,137,387,29,061,3566,2433,730,400,3,3002,152,157,406,336,324,748,396,308,96,79,52143,65551,2114,67582,1275,18826,770,19706,203,11093,112,3022,295,2112,43,33,198,216,257,574,343,295,86,67,62558,75029,24987,890,24254,39313,30216,41016,31680,8100,6893,5013,3151,1207,2267,470,4154,3118,3054,2633,2532,183,421,64,31,19,16,33,1036,764,379,414,272,-888888888,-888888888,-888888888,-888888888,-888888888,-888888888,-888888888,-888888888,-888888888,-888888888,-888888888,-888888888,-888888888,-888888888,-888888888,-888888888,-888888888,-888888888,-888888888
2020,Douglas County; Missouri,10736,5326,5326,5104,222,0,5410,5326,-888888888,5391,2381,2381,2311,900,775,1894,1227,4966,4063,441,9,73,131,249,23.7,5104,1345,855,968,721,1215,5104,368,395,957,38,737,296,17,330,299,782,284,279,322,29,067,5104,3858,602,594,50,5317,530,261,699,671,761,1150,443,522,83,197,43714,59683,3295,61954,2516,19662,1051,26346,289,9114,132,1023,764,3803,212,55,364,560,511,968,371,499,79,184,53215,70572,23883,1514,19701,30196,27993,43302,31005,13220,11397,6952,6311,1823,3004,162,7038,4746,4563,3644,3266,500,919,183,67,24,43,116,2292,1731,728,1108,561,-888888888,-888888888,-888888888,-888888888,-888888888,-888888888,-888888888,-888888888,-888888888,-888888888,-888888888,-888888888,-888888888,-888888888,-888888888,-888888888,-888888888,-888888888,-888888888
2020,Gasconade County; Missouri,11970,7239,7239,7099,140,0,4731,7239,-888888888,6128,3493,3493,3408,885,650,1943,1471,6900,5740,609,3,118,113,317,27.8,7099,1984,1034,1331,1144,1606,7099,259,715,1420,158,879,392,110,294,448,1533,348,307,236,29,073,7099,5709,727,612,51,6154,363,233,557,674,920,1279,895,837,203,193,56380,70985,4546,65203,2530,19852,1612,28979,429,9848,88,2877,526,4166,113,77,199,268,620,1003,838,725,180,143,69643,82370,29614,1988,28365,45401,30858,45498,32367,14430,13555,10088,5170,875,3209,62,8075,6565,6429,5938,5673,355,491,136,61,37,24,75,1510,1263,681,710,247,-888888888,-888888888,-888888888,-888888888,-888888888,-888888888,-888888888,-888888888,-888888888,-888888888,-888888888,-888888888,-888888888,-888888888,-888888888,-888888888,-888888888,-888888888,-888888888
2020,Grundy County; Missouri,7738,4516,4516,4304,212,0,3222,4516,-888888888,3938,2117,2117,2024,768,434,1523,1121,4270,3285,289,78,189,92,337,16.4,4304,1313,855,752,453,931,4304,312,277,593,92,558,280,48,148,144,941,480,169,262,29,079,4304,3221,701,358,24,3900,231,364,503,383,575,645,592,401,121,85,46885,63875,2730,62775,1611,17325,904,17771,345,9601,270,2837,555,2277,72,83,157,186,366,460,481,332,74,66,65083,74346,25928,1623,25475,47472,30621,45483,34494,9697,8003,5887,3698,1694,2626,562,5123,4022,3810,3077,2853,339,733,212,129,84,45,83,1101,798,413,488,303,-888888888,-888888888,-888888888,-888888888,-888888888,-888888888,-888888888,-888888888,-888888888,-888888888,-888888888,-888888888,-888888888,-888888888,-888888888,-888888888,-888888888,-888888888,-888888888
2020,Hickory County; Missouri,8076,3256,3256,2959,297,0,4820,3256,-888888888,4156,1535,1535,1380,485,320,1033,570,2840,2379,190,0,19,141,111,33.2,2959,702,840,436,558,423,2959,182,419,143,107,298,168,25,93,205,661,296,239,123,29,085,2959,2120,402,404,33,4012,435,219,740,679,859,521,231,276,49,3,33342,42290,1988,43200,2365,18038,1329,18805,378,10205,103,3233,557,2285,135,25,287,362,536,412,215,261,49,3,44961,54352,19905,1727,23045,25521,21681,38638,26210,9368,7887,5224,4904,1481,1728,500,4543,2744,2459,2027,1851,283,432,285,159,70,89,126,1799,1420,881,976,379,-888888888,-888888888,-888888888,-888888888,-888888888,-888888888,-888888888,-888888888,-888888888,-888888888,-888888888,-888888888,-888888888,-888888888,-888888888,-888888888,-888888888,-888888888,-888888888
2020,Howell County; Missouri,31656,16512,16512,15778,734,0,15144,16512,-888888888,16520,8094,8094,7833,2838,1502,5861,4152,15288,12771,1728,50,159,149,431,19.9,15778,5380,2579,3514,1534,2771,15778,431,1038,1883,527,2101,1035,65,573,927,4648,1148,772,630,29,091,15778,11583,2931,1209,55,15557,1804,1206,1878,2118,2578,2709,1631,1120,318,195,39482,50822,10189,57149,6082,16317,3010,18617,1098,7432,523,1949,2616,10499,875,560,1085,1376,1863,1898,1349,1035,280,178,45634,58770,20375,5058,24401,31015,27381,38713,31092,39722,33399,21069,17401,6323,10178,949,21917,14772,14100,11129,10358,1360,2971,672,260,225,52,412,7145,5245,2718,3203,1900,-888888888,-888888888,-888888888,-888888888,-888888888,-888888888,-888888888,-888888888,-888888888,-888888888,-888888888,-888888888,-888888888,-888888888,-888888888,-888888888,-888888888,-888888888,-888888888
2020,Jasper County; Missouri,93733,59332,59307,56418,2889,25,34401,59307,-888888888,48406,28326,28326,27119,9409,6169,18596,12804,55180,45621,5341,94,810,747,2567,18.3,56418,17698,9593,12893,4824,11410,56418,683,3367,10458,1655,6708,2897,941,2217,4634,12522,5309,3480,1547,29,097,56418,47832,5395,3000,191,46461,3401,2947,4750,4949,7523,9821,6045,4584,1490,951,49155,62198,35479,63490,15280,18469,8455,20237,2858,8566,674,5207,6705,29947,1398,846,2193,2816,4911,6793,4752,3968,1416,854,59926,73681,24508,16514,29719,37564,29071,44260,33471,119698,103899,73816,42909,15799,31535,2131,69751,53611,51155,42357,40002,3410,8798,2456,1345,783,617,1111,16140,12533,6011,7400,3607,-888888888,-888888888,-888888888,-888888888,-888888888,-888888888,-888888888,-888888888,-888888888,-888888888,-888888888,-888888888,-888888888,-888888888,-888888888,-888888888,-888888888,-888888888,-888888888
2020,Johnson County; Missouri,43380,28147,25023,23873,1150,3124,15233,25023,-888888888,21112,12974,12677,12258,3825,2231,7177,5050,26330,21335,2505,11,1006,290,1183,21.9,23873,8345,4721,4606,1977,4224,23873,559,1431,2529,352,2853,1241,322,1160,1309,6792,2401,1070,1854,29,101,23873,17189,5324,1317,43,19931,961,785,1678,2146,3048,4685,2534,3079,583,432,56440,68362,16461,63008,5594,18487,4601,28010,862,9997,181,2083,1548,12591,388,208,576,1246,1544,2881,2047,2748,546,407,70515,82431,26327,7340,36300,41511,26930,41794,34132,49919,44979,37332,13767,4940,12692,916,30934,23147,22216,19603,18808,1745,2613,931,563,464,174,368,7787,6777,4983,2406,1010,-888888888,-888888888,-888888888,-888888888,-888888888,-888888888,-888888888,-888888888,-888888888,-888888888,-888888888,-888888888,-888888888,-888888888,-888888888,-888888888,-888888888,-888888888,-888888888
2020,Lafayette County; Missouri,26185,16039,16009,15549,460,30,10146,16009,-888888888,13201,7450,7450,7282,2106,1477,4882,3804,15182,12239,1513,2,263,103,1062,28.1,15549,4421,2409,3234,2734,2751,15549,392,1704,1740,384,1906,1462,208,986,1218,3276,1088,716,469,29,107,15549,13053,1628,841,27,12711,562,528,1051,1278,1792,2179,1868,2150,707,596,62076,77785,9399,76721,5193,20533,3232,25006,653,9212,179,1468,1552,8662,171,311,405,841,971,1605,1556,1685,589,528,76250,88344,30450,4049,35508,50340,33959,48204,36550,32211,29608,22697,11890,2603,7604,264,18721,14461,14020,12331,11787,866,1689,441,334,160,189,107,4260,3759,1970,2197,501,-888888888,-888888888,-888888888,-888888888,-888888888,-888888888,-888888888,-888888888,-888888888,-888888888,-888888888,-888888888,-888888888,-888888888,-888888888,-888888888,-888888888,-888888888,-888888888
2020,Lincoln County; Missouri,44932,28429,28410,27258,1152,19,16503,28410,-888888888,22700,13204,13204,12692,4676,3640,8979,6864,26645,22744,2056,87,547,241,970,33.6,27258,8532,4067,5390,3684,5585,27258,370,3458,4179,792,3101,1554,580,1922,2448,4692,1826,1338,998,29,113,27258,22873,2817,1436,132,19818,1259,609,1411,1767,2096,3581,3087,4119,1330,559,70424,78169,15398,82519,6157,18184,4546,18600,1126,12247,264,2289,1681,14540,675,171,700,983,1408,2893,2389,3494,1299,528,78107,88236,28299,5278,34280,45506,37837,57007,38301,57026,52846,42380,15954,4180,15202,814,34259,26592,25649,23606,22897,1233,2043,943,494,303,211,449,7667,6809,4312,3102,858,-888888888,-888888888,-888888888,-888888888,-888888888,-888888888,-888888888,-888888888,-888888888,-888888888,-888888888,-888888888,-888888888,-888888888,-888888888,-888888888,-888888888,-888888888,-888888888
2020,McDonald County; Missouri,17610,9911,9891,9461,430,20,7699,9891,-888888888,8822,4212,4212,4107,1772,822,3564,2048,9403,7350,1073,0,154,122,704,26.2,9461,1910,1865,1594,1279,2813,9461,448,812,2469,96,1452,364,235,299,568,1536,554,393,235,29,119,9461,7882,680,822,77,8393,497,635,1106,1112,1273,1720,801,888,166,195,42876,57288,6238,57743,3057,18124,1256,30940,337,9804,78,2442,939,6259,345,283,755,821,1036,1371,676,725,143,104,47032,58875,20964,2134,27083,44175,26964,38333,29807,22711,17896,11277,8732,4815,6244,1001,12987,9085,8758,6473,6131,508,2285,327,148,127,36,179,3902,2635,1253,1489,1267,-888888888,-888888888,-888888888,-888888888,-888888888,-888888888,-888888888,-888888888,-888888888,-888888888,-888888888,-888888888,-888888888,-888888888,-888888888,-888888888,-888888888,-888888888,-888888888
2020,Maries County; Missouri,7213,4000,4000,3739,261,0,3213,4000,-888888888,3584,1821,1821,1724,489,262,1192,746,3606,2781,519,0,59,27,220,31.0,3739,1032,537,696,601,873,3739,180,438,572,83,449,227,91,106,130,833,54,229,347,29,125,3739,2449,928,353,9,3808,300,201,362,494,607,715,479,500,51,99,48276,62236,2709,58884,1662,19146,1046,26512,128,8784,92,1414,405,2438,144,35,147,315,366,411,442,431,51,96,62105,74401,26756,1370,28633,37451,31468,44688,35309,8723,7505,5567,3348,1218,1952,363,4924,3612,3371,2819,2603,347,552,241,70,42,28,171,1312,1180,668,622,132,-888888888,-888888888,-888888888,-888888888,-888888888,-888888888,-888888888,-888888888,-888888888,-888888888,-888888888,-888888888,-888888888,-888888888,-888888888,-888888888,-888888888,-888888888,-888888888
2020,Miller County; Missouri,19942,12389,12367,11639,728,22,7553,12367,-888888888,10086,6121,6121,5886,1677,1313,3792,3250,11369,9454,1184,2,198,68,463,28.0,11639,3355,2651,2460,1669,1504,11639,168,1467,953,121,1681,683,144,783,587,2328,1064,443,1217,29,131,11639,8571,2308,754,6,10452,648,606,1158,1440,1576,2027,1364,1011,256,366,47964,63637,7481,65233,3918,19806,2397,20327,571,8389,302,3782,1324,6956,248,135,589,751,947,1604,1201,899,243,339,63363,76874,26251,3496,26139,34019,30457,39530,33910,25007,22087,16959,8629,2920,6334,388,14126,11089,10481,9037,8649,760,1444,608,171,143,28,437,3037,2406,1442,1149,631,-888888888,-888888888,-888888888,-888888888,-888888888,-888888888,-888888888,-888888888,-888888888,-888888888,-888888888,-888888888,-888888888,-888888888,-888888888,-888888888,-888888888,-888888888,-888888888
2020,Monroe County; Missouri,6998,3786,3784,3707,77,2,3212,3784,-888888888,3534,1677,1677,1660,472,299,1306,973,3669,3115,301,0,109,31,113,28.0,3707,1073,607,656,549,822,3707,233,302,755,68,452,219,49,150,265,749,158,122,185,29,137,3707,2783,536,386,2,3731,341,305,406,468,646,580,524,364,66,31,43422,55940,2404,63956,1672,17049,1015,14715,166,10314,29,2693,268,2388,63,112,156,228,454,487,475,316,66,31,60556,70602,25180,1343,20239,27022,32712,45106,34253,8514,7663,5611,3261,851,1970,192,4617,3391,3318,2907,2762,218,411,73,49,16,44,24,1226,1015,639,476,211,-888888888,-888888888,-888888888,-888888888,-888888888,-888888888,-888888888,-888888888,-888888888,-888888888,-888888888,-888888888,-888888888,-888888888,-888888888,-888888888,-888888888,-888888888,-888888888
2020,New Madrid County; Missouri,13579,7340,7326,6839,487,14,6239,7326,-888888888,7240,3451,3451,3314,1304,997,2344,1744,6676,5609,639,9,121,71,227,21.5,6839,1553,1769,1338,721,1458,6839,447,278,1070,227,892,404,33,429,252,1925,298,182,402,29,143,6839,5290,1115,434,0,7281,629,637,1018,921,1139,1194,783,726,174,60,40129,53266,5028,55542,2943,18540,1392,19328,847,9505,129,3890,2032,4734,284,252,576,590,709,824,625,682,142,50,49325,62399,22513,2547,25515,32328,30283,42614,31710,16928,14616,9155,7606,2312,4211,166,9629,6733,6250,5069,4721,555,1181,483,174,120,67,309,2896,2259,882,1524,637,-888888888,-888888888,-888888888,-888888888,-888888888,-888888888,-888888888,-888888888,-888888888,-888888888,-888888888,-888888888,-888888888,-888888888,-888888888,-888888888,-888888888,-888888888,-888888888
2020,Oregon County; Missouri,8412,3979,3979,3815,164,0,4433,3979,-888888888,4364,1742,1742,1717,687,345,1272,766,3811,3141,266,35,28,46,295,19.9,3815,1049,680,783,411,892,3815,358,200,486,36,413,441,60,173,251,778,342,169,108,29,149,3815,2916,397,490,12,4298,518,409,846,460,728,690,251,290,82,24,32766,43639,2545,49099,1946,18081,852,16340,387,8391,116,4502,791,2966,224,235,488,297,538,641,186,257,78,22,41139,50318,18775,1332,20567,27560,23926,37245,25287,10446,8824,5140,5637,1622,2450,266,5607,3627,3475,2624,2384,434,851,152,43,41,5,109,1980,1604,710,1025,376,-888888888,-888888888,-888888888,-888888888,-888888888,-888888888,-888888888,-888888888,-888888888,-888888888,-888888888,-888888888,-888888888,-888888888,-888888888,-888888888,-888888888,-888888888,-888888888
2020,Pemiscot County; Missouri,12545,6374,6374,5656,718,0,6171,6374,-888888888,6821,3307,3307,2932,1272,887,2431,1515,5511,4711,499,47,53,4,197,19.2,5656,1470,1306,1001,515,1364,5656,352,227,1193,114,504,252,71,302,154,1632,366,267,222,29,155,5656,4399,918,339,0,6640,1039,517,1039,737,880,852,604,563,292,117,34709,53556,4125,59382,2752,15021,1207,22453,1222,9773,218,2285,2273,4388,401,185,690,442,582,735,501,473,267,112,47977,65664,21634,2252,19238,27351,26805,45679,30581,16170,14309,7274,8786,1861,4456,172,9056,5802,5123,4202,3872,455,921,679,404,97,308,275,3254,2765,744,2152,489,-888888888,-888888888,-888888888,-888888888,-888888888,-888888888,-888888888,-888888888,-888888888,-888888888,-888888888,-888888888,-888888888,-888888888,-888888888,-888888888,-888888888,-888888888,-888888888
2020,Shannon County; Missouri,6606,3112,3112,2980,132,0,3494,3112,-888888888,3402,1354,1354,1304,606,290,1040,588,2943,2088,446,38,34,35,302,24.4,2980,893,533,449,511,594,2980,219,346,487,60,197,150,5,124,209,624,224,88,247,29,203,2980,1921,541,419,99,3063,337,223,432,480,512,621,291,120,34,13,36229,44506,1882,48367,1348,17434,617,20121,238,8592,132,2131,613,2254,228,89,217,315,394,581,283,117,27,3,47292,49724,17782,809,21675,28825,24314,35486,28362,8144,6780,3907,3815,1364,1880,238,4562,2715,2615,1992,1809,203,623,100,41,0,41,59,1847,1409,613,928,438,-888888888,-888888888,-888888888,-888888888,-888888888,-888888888,-888888888,-888888888,-888888888,-888888888,-888888888,-888888888,-888888888,-888888888,-888888888,-888888888,-888888888,-888888888,-888888888
2020,Stone County; Missouri,27359,13435,13435,12398,1037,0,13924,13435,-888888888,14022,6387,6387,6024,1503,628,3361,2364,12135,9792,1226,4,162,132,819,28.3,12398,3755,2101,3173,1537,1832,12398,298,914,969,229,1622,857,161,765,1049,2521,2106,607,300,29,209,12398,9769,1509,1067,53,12689,683,477,1513,1250,2150,2886,1397,1374,585,374,51476,69336,7943,65949,6773,21357,4155,28024,815,9566,117,1122,924,8922,298,131,678,757,1532,2355,1300,1089,493,289,59670,76117,28897,3767,30874,50073,26024,40605,32847,31518,28428,20481,14570,3090,5490,356,16364,11687,10910,8980,8763,569,1930,777,610,433,194,167,4677,4040,2586,1876,637,-888888888,-888888888,-888888888,-888888888,-888888888,-888888888,-888888888,-888888888,-888888888,-888888888,-888888888,-888888888,-888888888,-888888888,-888888888,-888888888,-888888888,-888888888,-888888888
2020,Texas County; Missouri,20806,10113,10100,9456,644,13,10693,10100,-888888888,9960,4617,4617,4352,1590,770,3531,1880,9208,7305,1180,34,234,45,410,25.4,9456,2679,1785,1649,1381,1962,9456,772,708,1166,72,1152,595,67,349,469,2479,539,449,639,29,215,9456,6473,2004,963,16,9852,1163,731,1344,1607,1291,1433,881,1087,252,63,35758,52173,6496,52644,4181,19076,2379,20441,609,12553,199,4103,1237,6759,594,210,670,1151,819,1279,777,976,235,48,48888,60577,20541,3093,20779,31027,23152,39578,29354,24196,19869,13125,10425,4327,5724,1008,13413,8980,8362,6504,6000,885,1858,618,311,188,134,307,4433,3365,1836,2098,1068,-888888888,-888888888,-888888888,-888888888,-888888888,-888888888,-888888888,-888888888,-888888888,-888888888,-888888888,-888888888,-888888888,-888888888,-888888888,-888888888,-888888888,-888888888,-888888888
2020,Washington County; Missouri,19888,9907,9907,9197,710,0,9981,9907,-888888888,9586,4710,4710,4322,1620,802,3620,2500,8900,7258,945,17,146,152,382,32.6,9197,2470,1845,1734,1276,1872,9197,363,1004,1316,164,1100,450,66,287,701,2424,508,404,410,29,221,9197,7156,1538,441,62,9278,758,649,1324,1117,1366,2008,928,706,215,207,42849,62264,6212,63764,3591,16917,2694,16777,1145,9426,263,3233,1815,6320,289,371,733,899,759,1431,804,734,163,137,51662,63550,23740,2958,26690,56998,28388,46980,32385,23794,20656,13005,10441,3138,5972,276,13883,9079,8445,6929,6374,736,1516,634,323,182,141,311,4804,3769,1634,2595,1035,-888888888,-888888888,-888888888,-888888888,-888888888,-888888888,-888888888,-888888888,-888888888,-888888888,-888888888,-888888888,-888888888,-888888888,-888888888,-888888888,-888888888,-888888888,-888888888
2020,Worth County; Missouri,1611,918,916,897,19,2,693,916,-888888888,834,402,402,402,119,90,278,211,883,668,67,0,57,15,76,33.6,897,238,164,211,162,122,897,122,83,75,28,96,47,0,30,24,210,78,69,35,29,227,897,654,154,89,0,808,67,39,116,104,86,145,108,104,17,22,47500,60363,546,58569,354,17671,181,19356,60,16827,51,6100,90,537,28,6,55,70,60,114,78,89,15,22,59837,71180,26866,271,25893,37876,29239,46607,27500,1963,1831,1379,837,132,432,13,1067,839,823,741,689,67,82,16,11,11,0,5,228,196,107,104,32,-888888888,-888888888,-888888888,-888888888,-888888888,-888888888,-888888888,-888888888,-888888888,-888888888,-888888888,-888888888,-888888888,-888888888,-888888888,-888888888,-888888888,-888888888,-888888888
2020,St. Louis city; Missouri,252148,167870,167197,157422,9775,673,84278,167197,-888888888,131419,85788,85709,80582,21486,16831,33193,25207,154771,109915,11561,11346,7103,3073,11773,23.9,157422,69508,33326,29417,7342,17829,157422,575,5513,13627,3206,14153,8059,3420,10504,18301,45654,19217,8318,6875,29,510,157422,134012,16564,6640,206,143566,15857,9749,15447,16066,19417,24864,14998,15556,5744,5868,45782,65863,110637,70842,38088,16887,21784,20952,9646,9218,2735,2507,27027,64848,3968,2538,5943,6183,8333,10983,8682,9576,4240,4402,60978,84078,31930,78718,34523,49031,34408,49452,42105,300121,269479,188083,105764,30642,61319,2888,198433,156312,147372,130798,121648,12646,16574,8940,5371,2875,2732,3569,42121,34852,17195,20265,7269,-888888888,-888888888,-888888888,-888888888,-888888888,-888888888,-888888888,-888888888,-888888888,-888888888,-888888888,-888888888,-888888888,-888888888,-888888888,-888888888,-888888888,-888888888,-888888888
2020,Adair County; Missouri,21181,11392,11350,10701,649,42,9789,11350,-888888888,11223,5512,5505,5119,1718,871,2854,2269,10640,8053,1462,27,452,131,515,16.6,10701,4111,1892,2149,963,1586,10701,362,522,1098,177,1247,338,231,317,626,3783,1084,504,412,29,001,10701,8149,1734,784,34,9078,1026,889,1180,838,1223,1518,957,875,325,247,42301,64792,6523,68157,2792,18815,1955,23170,364,10988,203,3139,803,4893,105,179,442,365,697,1070,782,781,284,188,62066,90510,24509,4185,20622,33591,21097,41878,34650,25187,23040,18739,7170,2147,5724,244,15855,10215,9644,8618,8415,384,1026,571,363,269,95,208,5640,4991,3988,1174,649,-888888888,-888888888,-888888888,-888888888,-888888888,-888888888,-888888888,-888888888,-888888888,-888888888,-888888888,-888888888,-888888888,-888888888,-888888888,-888888888,-888888888,-888888888,-888888888
2020,Andrew County; Missouri,14107,8948,8846,8492,354,102,5159,8846,-888888888,7133,4113,4037,3939,1151,914,2661,2244,8358,7140,703,0,167,54,294,23.3,8492,3104,1002,1667,981,1738,8492,321,677,1352,146,931,585,147,390,530,2161,414,292,546,29,003,8492,6676,1446,353,17,6799,351,285,631,666,896,1279,1030,1145,326,190,58911,73342,4973,78800,2434,19105,1639,19967,295,11292,167,688,400,4722,104,60,230,377,709,810,950,1035,283,164,76775,85973,29671,2077,30010,41396,36494,49804,40098,17290,16174,13360,5286,1116,4245,73,9793,7967,7720,7034,6914,329,686,247,141,125,16,106,1826,1575,1106,610,251,-888888888,-888888888,-888888888,-888888888,-888888888,-888888888,-888888888,-888888888,-888888888,-888888888,-888888888,-888888888,-888888888,-888888888,-888888888,-888888888,-888888888,-888888888,-888888888
2020,Atchison County; Missouri,4285,2661,2661,2569,92,0,1624,2661,-888888888,2169,1160,1160,1087,308,164,687,553,2540,2061,226,11,37,24,181,19.8,2569,753,581,457,273,505,2569,250,148,303,36,272,283,20,99,227,513,139,158,121,29,005,2569,1821,430,315,3,2549,95,135,324,368,294,592,273,305,80,83,51625,65108,1868,65835,1022,18537,395,20619,125,7934,31,845,182,1530,40,35,159,193,162,351,219,236,63,72,57734,76688,30927,1019,32532,44651,30354,50440,31678,5098,4648,3597,1938,450,1081,57,2767,2313,2226,1945,1856,127,281,87,66,28,38,21,454,363,231,161,91,-888888888,-888888888,-888888888,-888888888,-888888888,-888888888,-888888888,-888888888,-888888888,-888888888,-888888888,-888888888,-888888888,-888888888,-888888888,-888888888,-888888888,-888888888,-888888888
2020,Audrain County; Missouri,20213,11682,11675,11092,583,7,8531,11675,-888888888,11187,5596,5596,5206,1782,1248,3582,2798,10751,9135,898,7,125,163,423,22.9,11092,2898,2450,1935,1161,2648,11092,629,530,1772,233,1208,955,94,330,625,2538,967,561,650,29,007,11092,8583,1761,736,12,9349,574,340,1069,1589,1866,1464,870,1086,231,260,44699,61953,6905,62085,3471,19036,2185,20478,513,9345,163,1441,1063,6138,289,114,524,850,1171,1100,765,906,214,205,52030,70784,23810,3211,31658,42295,27869,42745,31975,23680,21000,15565,9126,2680,6209,714,13116,10242,9828,8545,7886,982,1283,414,268,99,187,146,2874,2346,1300,1428,528,-888888888,-888888888,-888888888,-888888888,-888888888,-888888888,-888888888,-888888888,-888888888,-888888888,-888888888,-888888888,-888888888,-888888888,-888888888,-888888888,-888888888,-888888888,-888888888
2020,Barry County; Missouri,28517,15464,15441,14927,514,23,13053,15441,-888888888,14494,6799,6799,6433,2177,993,5004,3484,14815,12040,1306,28,289,180,972,23.0,14927,4111,2354,2551,1675,4236,14927,727,1186,3861,238,1789,765,241,474,843,2411,1256,625,511,29,009,14927,12499,1274,1152,2,13872,689,878,1668,1731,2352,2650,1642,1466,420,376,45811,66284,9590,62200,6086,19719,3711,20923,683,10545,234,2087,1675,9746,302,345,791,1041,1523,2313,1442,1257,410,322,56930,77398,26463,4126,26374,35648,29993,39007,31946,35298,30849,21167,14895,4449,8594,912,19339,13769,13359,11181,10645,979,2178,410,279,110,186,131,5570,4352,2510,2249,1218,-888888888,-888888888,-888888888,-888888888,-888888888,-888888888,-888888888,-888888888,-888888888,-888888888,-888888888,-888888888,-888888888,-888888888,-888888888,-888888888,-888888888,-888888888,-888888888
2020,Barton County; Missouri,9396,5221,5221,4872,349,0,4175,5221,-888888888,4773,2255,2255,2217,779,521,1747,1155,4850,3891,384,0,126,91,358,23.6,4872,1556,785,1011,656,864,4872,609,317,885,113,406,252,41,308,210,929,434,243,125,29,011,4872,3849,591,419,13,4830,363,367,760,475,693,884,435,547,184,122,44510,62774,3401,66253,2136,16908,896,15968,484,11918,53,1704,957,3209,163,117,340,352,431,686,316,537,186,81,55485,74635,26112,1621,22036,35387,29482,43180,36240,11610,10071,6877,4610,1539,2902,217,6340,4550,4210,3674,3565,295,536,340,166,87,82,174,1790,1202,517,739,588,-888888888,-888888888,-888888888,-888888888,-888888888,-888888888,-888888888,-888888888,-888888888,-888888888,-888888888,-888888888,-888888888,-888888888,-888888888,-888888888,-888888888,-888888888,-888888888
2020,Bates County; Missouri,12957,7782,7782,7393,389,0,5175,7782,-888888888,6604,3669,3669,3473,1199,813,2328,1811,7226,5396,976,0,101,84,669,31.9,7393,1935,1222,1508,1340,1388,7393,580,930,905,160,970,459,47,297,530,1400,426,405,284,29,013,7393,5874,824,667,28,6565,301,512,781,874,1007,1118,747,832,227,166,46733,65301,4763,69295,2639,19317,1401,18950,367,10030,73,2397,920,4430,102,90,304,485,710,932,649,791,201,166,63250,81151,27020,2135,22159,28400,29909,47438,32964,15946,14429,10344,6182,1517,4003,198,8935,6787,6435,5529,5250,407,906,352,244,180,64,108,2148,1845,914,1038,303,-888888888,-888888888,-888888888,-888888888,-888888888,-888888888,-888888888,-888888888,-888888888,-888888888,-888888888,-888888888,-888888888,-888888888,-888888888,-888888888,-888888888,-888888888,-888888888
2020,Benton County; Missouri,16323,7134,7134,6617,517,0,9189,7134,-888888888,8186,3339,3339,3115,953,473,2193,1207,6505,5147,774,5,175,168,236,29.7,6617,2131,1191,1261,980,1054,6617,265,775,834,89,838,408,12,199,232,1914,611,179,261,29,015,6617,4921,1076,598,22,8060,685,485,1332,1012,1240,1279,922,768,191,146,41751,61184,4458,63738,4774,20310,2739,18377,799,9570,199,3582,1080,5247,344,162,434,529,915,1016,865,689,167,126,53943,76489,27310,2813,22375,31258,26466,45441,40150,19091,16944,11364,9813,2147,3471,424,9804,6164,5701,4836,4597,349,865,463,242,79,189,221,3640,3037,1559,1865,603,-888888888,-888888888,-888888888,-888888888,-888888888,-888888888,-888888888,-888888888,-888888888,-888888888,-888888888,-888888888,-888888888,-888888888,-888888888,-888888888,-888888888,-888888888,-888888888
2020,Bollinger County; Missouri,9931,5326,5326,5032,294,0,4605,5326,-888888888,4934,2447,2447,2273,692,392,1877,1096,4780,3632,711,30,134,57,216,33.9,5032,1366,676,992,1040,958,5032,128,722,675,155,736,234,48,234,272,1109,206,306,207,29,017,5032,4072,547,398,15,4426,241,398,721,481,542,947,529,445,70,52,45140,55029,2902,60391,2066,18348,1193,14876,307,8463,194,1803,755,2944,47,109,300,300,418,778,468,444,53,27,60766,65463,21813,1482,20759,29411,27371,45306,30098,12097,11089,7650,5252,1008,2844,65,6863,4758,4509,3866,3571,414,643,249,158,60,98,91,2105,1896,895,1162,209,-888888888,-888888888,-888888888,-888888888,-888888888,-888888888,-888888888,-888888888,-888888888,-888888888,-888888888,-888888888,-888888888,-888888888,-888888888,-888888888,-888888888,-888888888,-888888888
2020,Boone County; Missouri,147343,98527,98395,94941,3454,132,48816,98395,-888888888,76811,49385,49354,47659,11537,8470,22660,16693,93315,72004,9615,736,4056,1395,5509,18.6,94941,44448,16636,19019,6665,8173,94941,871,4437,5453,2372,9529,3682,1820,7805,7197,33423,10729,3752,3871,29,019,94941,70076,20598,4111,156,71919,5186,2773,6824,7078,9359,12860,9314,9923,3795,4807,58740,79251,58891,78881,17661,20254,13212,27057,2900,10362,1228,2383,5276,41144,968,801,2096,2572,4749,7872,6393,8217,3148,4328,80817,102381,32050,30775,33301,45651,30953,50228,40893,178427,166225,142917,42415,12202,40141,1454,116952,91705,88429,81202,78803,4126,7227,3276,2297,1944,466,979,25247,22719,18161,5900,2528,-888888888,-888888888,-888888888,-888888888,-888888888,-888888888,-888888888,-888888888,-888888888,-888888888,-888888888,-888888888,-888888888,-888888888,-888888888,-888888888,-888888888,-888888888,-888888888
2020,Buchanan County; Missouri,70587,42664,42476,40379,2097,188,27923,42476,-888888888,34992,19808,19793,18955,6281,4374,11954,8829,39736,32950,3935,244,523,551,1533,16.8,40379,11586,7501,8571,3620,9101,40379,430,2589,7268,789,4526,2614,473,2030,2740,9573,3932,1798,1617,29,021,40379,33327,5400,1623,29,33642,2516,1925,3697,3745,4450,6568,4320,4041,1331,1049,51933,66784,25034,68936,11217,19379,7648,22939,2035,9691,1291,1849,4330,20292,959,540,1363,1701,2942,4293,3069,3397,1245,783,63176,80972,26854,13350,28988,41162,30961,44928,39611,84851,74567,55994,29247,10284,20678,1169,50606,38804,36924,31670,29979,2449,5254,1880,737,477,261,1143,11802,9084,4792,5281,2718,-888888888,-888888888,-888888888,-888888888,-888888888,-888888888,-888888888,-888888888,-888888888,-888888888,-888888888,-888888888,-888888888,-888888888,-888888888,-888888888,-888888888,-888888888,-888888888
2020,Butler County; Missouri,33830,18183,18168,16912,1256,15,15647,18168,-888888888,17498,8445,8430,7944,2903,1866,6130,4368,16667,13288,2087,119,240,174,759,19.2,16912,4084,3084,4139,1801,3804,16912,501,1116,2367,289,2994,936,174,749,767,4589,1156,777,497,29,023,16912,13044,2605,1247,16,16358,1615,1224,2187,1846,2834,2923,1713,1325,256,435,42227,56276,10920,58132,6889,17669,3759,18847,1885,8790,343,2171,3580,10467,475,445,1038,1054,2056,2105,1560,1102,222,410,52018,68889,22611,5891,19915,30534,25187,40779,30695,41923,36685,23764,19221,5238,10504,385,23668,16368,15330,12216,11144,1537,3114,1038,562,232,363,476,7300,6044,2353,4267,1256,-888888888,-888888888,-888888888,-888888888,-888888888,-888888888,-888888888,-888888888,-888888888,-888888888,-888888888,-888888888,-888888888,-888888888,-888888888,-888888888,-888888888,-888888888,-888888888
2020,Caldwell County; Missouri,7182,3907,3903,3777,126,4,3275,3903,-888888888,3632,1821,1821,1771,562,395,1365,996,3744,3015,423,1,96,34,175,33.7,3777,903,681,780,528,885,3777,135,352,603,78,637,274,20,117,134,830,128,185,284,29,025,3777,2889,577,310,1,3703,181,188,457,452,505,859,476,436,103,46,51451,60986,2644,61988,1483,20179,907,21391,252,12881,193,4945,372,2489,69,94,222,273,317,613,391,364,100,46,61671,70323,24934,1214,32933,38059,29743,45022,30867,8894,8010,6063,3429,884,2306,106,4867,3579,3459,3033,2854,279,426,120,69,64,27,51,1288,987,716,463,301,-888888888,-888888888,-888888888,-888888888,-888888888,-888888888,-888888888,-888888888,-888888888,-888888888,-888888888,-888888888,-888888888,-888888888,-888888888,-888888888,-888888888,-888888888,-888888888
2020,Callaway County; Missouri,36543,21175,21175,19972,1203,0,15368,21175,-888888888,17970,10622,10622,9958,2656,1748,6102,4728,19655,16267,1860,116,338,173,901,23.0,19972,7130,3658,4302,1929,2953,19972,593,1263,1824,380,2709,1439,334,1100,1137,4802,1118,1109,2164,29,027,19972,14170,4515,1281,6,16233,651,493,1577,1441,2391,3895,2407,2442,577,359,59835,70966,12311,71494,5889,20783,4379,20520,593,13050,458,2452,1523,11093,373,127,540,874,1460,2794,2025,2037,530,333,70206,79692,26460,5140,36161,47828,32375,46207,37644,42329,38431,31174,13878,3898,10066,679,25175,19280,18254,16484,15908,1283,1770,1026,556,327,340,470,5895,4916,3812,1842,979,-888888888,-888888888,-888888888,-888888888,-888888888,-888888888,-888888888,-888888888,-888888888,-888888888,-888888888,-888888888,-888888888,-888888888,-888888888,-888888888,-888888888,-888888888,-888888888
2020,Camden County; Missouri,38803,19957,19938,19026,912,19,18846,19938,-888888888,19743,9503,9503,9187,2201,1370,4817,3207,18816,15560,1561,100,180,153,1262,23.7,19026,5703,3677,5104,1998,2544,19026,274,1976,1363,261,3624,871,140,1225,1560,3777,2478,956,521,29,029,19026,15819,1778,1409,20,17300,1454,876,1243,1889,2455,3196,1925,2687,644,931,53520,74447,11101,70656,8120,22040,5683,28555,935,9048,391,6681,1656,11732,529,357,577,927,1678,2417,1565,2241,638,803,68892,87036,30402,5568,29658,45706,26475,41679,33165,45227,39565,28961,19280,5662,8385,622,24127,16973,16296,13153,12427,963,3143,677,250,189,117,427,7154,5692,4124,2240,1462,-888888888,-888888888,-888888888,-888888888,-888888888,-888888888,-888888888,-888888888,-888888888,-888888888,-888888888,-888888888,-888888888,-888888888,-888888888,-888888888,-888888888,-888888888,-888888888
2020,Cape Girardeau County; Missouri,63744,40619,40532,38745,1787,87,23125,40532,-888888888,33386,20501,20436,19719,5170,4022,10689,8178,37823,30480,4382,95,594,496,1776,20.3,38745,14296,7399,8478,3306,5266,38745,718,2185,3632,1174,4474,1419,596,2035,2831,12373,3655,2125,1528,29,031,38745,30730,5875,2071,69,30215,2237,1353,2953,3278,4121,5749,4653,3556,1264,1051,53776,69357,23417,69829,10085,19945,6540,23148,1404,10088,335,1166,3044,18717,372,509,1052,1389,2612,4056,3426,3213,1175,913,71022,85957,27483,11498,29210,39798,29340,47751,37494,77586,71640,58700,22417,5946,18004,643,47202,36473,34950,31860,30889,1457,3090,1523,839,676,167,684,10729,9203,6763,3127,1526,-888888888,-888888888,-888888888,-888888888,-888888888,-888888888,-888888888,-888888888,-888888888,-888888888,-888888888,-888888888,-888888888,-888888888,-888888888,-888888888,-888888888,-888888888,-888888888
2020,Carroll County; Missouri,6978,3885,3885,3645,240,0,3093,3885,-888888888,3609,1805,1805,1749,560,404,1306,803,3599,2858,307,0,33,32,369,26.8,3645,1290,630,583,541,601,3645,454,297,359,62,444,205,59,140,71,1077,169,138,170,29,033,3645,2799,587,255,4,3518,167,100,614,408,401,719,465,412,143,89,51414,64153,2327,68022,1417,20122,744,19097,258,11138,96,2186,398,2486,69,30,382,231,262,540,381,367,141,83,61356,73926,26629,1032,26295,35756,31523,43818,33220,8637,7661,5662,3350,976,2032,293,4771,3555,3316,2953,2831,208,363,239,140,114,36,99,1216,999,622,523,217,-888888888,-888888888,-888888888,-888888888,-888888888,-888888888,-888888888,-888888888,-888888888,-888888888,-888888888,-888888888,-888888888,-888888888,-888888888,-888888888,-888888888,-888888888,-888888888
2020,Carter County; Missouri,4901,2680,2662,2561,101,18,2221,2662,-888888888,2435,1169,1169,1128,303,205,1029,946,2563,1865,297,2,39,3,357,30.5,2561,740,379,555,295,592,2561,113,217,635,26,181,173,32,25,183,567,238,68,103,29,035,2561,1877,270,414,0,2334,216,116,240,314,392,466,157,249,170,14,42403,58796,1600,65590,1039,17633,375,25254,192,5573,12,-999999999,343,1550,34,48,68,229,226,387,195,179,170,14,61512,72636,23382,784,19349,25291,26237,52687,32500,6035,4951,3223,2684,1084,1554,43,3316,2378,2319,1592,1414,265,727,59,29,29,0,30,938,666,252,538,272,-888888888,-888888888,-888888888,-888888888,-888888888,-888888888,-888888888,-888888888,-888888888,-888888888,-888888888,-888888888,-888888888,-888888888,-888888888,-888888888,-888888888,-888888888,-888888888
2020,Cedar County; Missouri,11084,5437,5437,5177,260,0,5647,5437,-888888888,5495,2706,2706,2560,1060,517,2094,1165,5046,4056,327,26,112,95,430,26.7,5177,1699,1030,945,741,762,5177,254,549,603,46,660,298,20,346,268,1122,241,559,211,29,039,5177,3703,713,719,42,5573,503,305,838,762,1138,912,477,347,109,182,39408,62300,3713,62832,2708,19774,1474,19991,522,9246,217,4547,1216,3521,152,77,293,517,774,671,472,306,85,174,48983,80330,24397,2052,22500,30791,23649,41738,29946,13959,11610,6180,7365,2349,3615,408,7198,4563,4317,3306,3013,458,1011,246,120,38,86,126,2635,1846,798,1313,789,-888888888,-888888888,-888888888,-888888888,-888888888,-888888888,-888888888,-888888888,-888888888,-888888888,-888888888,-888888888,-888888888,-888888888,-888888888,-888888888,-888888888,-888888888,-888888888
2020,Chariton County; Missouri,5971,3261,3261,3162,99,0,2710,3261,-888888888,3072,1564,1564,1509,534,359,1041,841,3130,2467,320,28,85,35,195,24.3,3162,1168,464,473,486,571,3162,317,303,345,151,320,197,105,104,145,716,118,204,137,29,041,3162,2283,478,360,41,2723,144,185,307,236,445,644,308,320,81,53,51545,62865,1847,65712,1185,20449,733,17293,221,10578,35,1731,215,1904,35,78,125,117,303,536,279,304,84,43,63411,75591,25177,819,24320,31767,28774,41699,34680,7219,6599,5111,2782,620,1735,144,3769,2927,2833,2510,2405,147,323,94,64,19,45,30,842,719,459,326,123,-888888888,-888888888,-888888888,-888888888,-888888888,-888888888,-888888888,-888888888,-888888888,-888888888,-888888888,-888888888,-888888888,-888888888,-888888888,-888888888,-888888888,-888888888,-888888888
2020,Clark County; Missouri,5360,3201,3185,3090,95,16,2159,3185,-888888888,2678,1453,1437,1407,445,327,1069,870,3063,2252,311,3,148,79,270,26.7,3090,850,376,533,455,876,3090,268,309,740,43,435,199,27,77,104,551,123,123,91,29,045,3090,2392,320,373,5,2633,190,120,327,397,386,522,248,254,101,88,45842,67752,1854,72833,1093,19547,670,10755,140,7844,15,953,219,1702,35,8,103,270,245,454,180,235,84,88,59792,86162,27606,931,21157,31767,27100,42830,29231,6686,5678,3881,2614,1008,1579,227,3709,2946,2858,2304,2202,144,554,88,53,51,2,35,763,586,307,308,177,-888888888,-888888888,-888888888,-888888888,-888888888,-888888888,-888888888,-888888888,-888888888,-888888888,-888888888,-888888888,-888888888,-888888888,-888888888,-888888888,-888888888,-888888888,-888888888
2020,Clay County; Missouri,194005,135928,135702,130114,5588,226,58077,135702,-888888888,99893,65440,65390,62883,17916,13292,38301,30065,128117,105720,10749,406,1574,1288,8380,23.3,130114,49636,19037,30903,9834,20704,130114,846,6918,14541,3811,15137,10092,2289,10195,14907,28217,11170,5622,6369,29,047,130114,108267,15674,5903,270,92514,2972,2086,6253,7720,12053,17030,14618,16993,7445,5344,72047,89047,76507,87562,26636,20515,20012,26896,3463,10268,1224,3197,6340,62413,1300,520,3270,3717,5820,11185,11302,13757,6713,4829,85961,102937,34723,30101,42677,55571,39216,55340,44467,244937,225778,191633,62243,19159,62426,2512,148315,123730,118884,107343,103883,6193,11541,4846,3110,2615,588,1736,24585,21234,15531,7688,3351,-888888888,-888888888,-888888888,-888888888,-888888888,-888888888,-888888888,-888888888,-888888888,-888888888,-888888888,-888888888,-888888888,-888888888,-888888888,-888888888,-888888888,-888888888,-888888888
2020,Cole County; Missouri,61283,39225,39185,37667,1518,40,22058,39185,-888888888,30400,19186,19186,18375,5506,4796,11142,9515,37403,31665,3099,156,545,527,1411,18.4,37667,14919,5485,9126,3514,4623,37667,322,2548,3079,1030,4203,1679,1013,2586,3213,7519,2090,1517,6868,29,051,37667,26231,9893,1516,27,30291,1588,1078,2771,2166,4330,6176,3951,5416,1870,945,61184,78184,23355,75259,9775,19931,7848,30668,1164,9122,251,2355,2236,18662,565,544,742,783,1945,3892,3176,4484,1664,867,80632,94863,31790,11629,36532,48473,35273,48965,40301,72780,67613,56971,20920,5167,18391,718,42219,35201,34074,31089,30254,1565,2985,1127,684,464,246,443,7018,6060,4165,2584,958,-888888888,-888888888,-888888888,-888888888,-888888888,-888888888,-888888888,-888888888,-888888888,-888888888,-888888888,-888888888,-888888888,-888888888,-888888888,-888888888,-888888888,-888888888,-888888888
2020,Cooper County; Missouri,14120,7985,7985,7533,452,0,6135,7985,-888888888,6813,3993,3993,3786,1249,994,2420,1921,7459,5993,797,11,93,186,379,27.5,7533,2575,1565,1442,976,975,7533,319,561,539,146,779,500,81,387,636,2012,635,442,496,29,053,7533,5720,1322,488,3,6342,486,324,808,562,792,1220,966,873,159,152,53003,64971,4675,66066,2241,17776,1471,25959,239,10357,171,2232,710,4351,239,113,418,311,484,905,785,804,158,134,65798,76179,24237,1991,28859,37045,31390,46136,37514,16005,14462,11724,5192,1543,4003,409,9110,7328,6924,6229,5844,578,695,404,337,286,125,67,1782,1416,981,568,366,-888888888,-888888888,-888888888,-888888888,-888888888,-888888888,-888888888,-888888888,-888888888,-888888888,-888888888,-888888888,-888888888,-888888888,-888888888,-888888888,-888888888,-888888888,-888888888
2020,Dade County; Missouri,6250,3417,3417,3118,299,0,2833,3417,-888888888,3113,1450,1450,1269,391,227,1053,712,3063,2352,267,9,64,84,287,26.3,3118,732,517,490,558,821,3118,338,276,578,169,271,162,13,110,163,640,116,169,113,29,057,3118,2348,425,323,22,3028,133,165,587,374,450,542,355,261,81,80,42117,61023,2089,62571,1405,18538,779,16114,241,9853,53,3926,371,2124,70,76,301,228,345,462,278,246,47,71,52442,67067,25237,904,25179,45640,26393,42851,30398,7426,6467,4203,3086,959,1667,155,4055,2965,2761,2313,2229,144,448,204,118,77,41,86,1090,850,438,474,240,-888888888,-888888888,-888888888,-888888888,-888888888,-888888888,-888888888,-888888888,-888888888,-888888888,-888888888,-888888888,-888888888,-888888888,-888888888,-888888888,-888888888,-888888888,-888888888
2020,Dallas County; Missouri,13264,6444,6417,6151,266,27,6820,6417,-888888888,7001,3053,3053,2930,1237,528,2490,1511,5979,4641,608,8,69,327,326,28.4,6151,1698,1189,1192,745,1327,6151,330,482,822,109,785,668,52,233,358,1407,456,231,218,29,059,6151,4766,594,791,0,6412,390,638,977,753,1087,1089,785,410,112,171,40404,57106,3863,62392,2823,19931,1710,16367,669,10842,272,2304,827,4604,211,285,594,412,777,968,674,410,112,161,50553,67604,21883,1808,22282,29586,26529,40669,31583,16608,14039,8883,7509,2569,4179,700,9069,5805,5654,4465,4179,417,1189,151,77,66,11,74,3264,2679,1247,1797,585,-888888888,-888888888,-888888888,-888888888,-888888888,-888888888,-888888888,-888888888,-888888888,-888888888,-888888888,-888888888,-888888888,-888888888,-888888888,-888888888,-888888888,-888888888,-888888888
2020,DeKalb County; Missouri,10106,4157,4157,4073,84,0,5949,4157,-888888888,3742,1911,1911,1874,663,358,1333,990,3975,3286,302,1,100,28,258,30.5,4073,1404,628,739,567,735,4073,251,288,564,50,338,271,41,321,147,1020,210,270,302,29,063,4073,2992,797,280,4,3800,109,185,452,383,465,842,648,547,112,57,58433,66083,2798,66279,1637,18695,984,17284,222,8657,118,2419,299,2377,70,58,108,174,265,531,568,437,109,57,74327,78779,20810,1423,34172,42685,34389,46425,36589,8802,8129,6745,2957,673,2143,178,4772,3742,3665,3365,3172,270,300,77,42,37,24,35,1030,870,621,354,160,-888888888,-888888888,-888888888,-888888888,-888888888,-888888888,-888888888,-888888888,-888888888,-888888888,-888888888,-888888888,-888888888,-888888888,-888888888,-888888888,-888888888,-888888888,-888888888
2020,Dent County; Missouri,12483,6909,6909,6552,357,0,5574,6909,-888888888,6399,3196,3196,3126,1037,786,2268,1668,6380,5510,467,18,66,55,264,23.4,6552,1881,1616,1061,661,1333,6552,327,308,808,285,735,216,179,247,377,1821,651,256,342,29,065,6552,5193,970,366,23,6355,599,367,922,863,856,1079,798,640,114,117,42714,55495,4153,60532,2694,18552,1594,16602,619,9239,103,2782,1092,4169,230,36,372,631,672,797,642,595,114,80,52474,66466,23254,2186,19339,31917,30322,39334,31714,15354,12970,9076,6339,2384,3674,399,8382,6166,5837,4542,4285,383,1295,329,178,83,95,151,2216,1705,869,990,511,-888888888,-888888888,-888888888,-888888888,-888888888,-888888888,-888888888,-888888888,-888888888,-888888888,-888888888,-888888888,-888888888,-888888888,-888888888,-888888888,-888888888,-888888888,-888888888
2020,Dunklin County; Missouri,22882,12545,12535,11591,944,10,10337,12535,-888888888,12163,6195,6195,5805,2093,1517,4612,3084,11316,8797,1708,20,249,174,368,20.9,11591,3313,2691,2190,1058,2339,11591,744,427,1662,270,1536,796,84,367,390,3462,739,603,511,29,069,11591,8691,1859,1036,5,12119,1199,1330,1576,1550,1860,2155,1000,916,279,254,38020,56320,8455,55785,4941,16628,2368,19417,1405,9400,249,2561,3103,7744,579,389,759,885,1427,1583,836,793,266,227,47963,68875,22879,4375,20609,30940,26113,41814,29565,28972,24066,13972,13498,4906,8010,653,15980,11305,10457,8010,7241,1099,2447,848,342,73,290,506,4675,3375,1178,2465,1300,-888888888,-888888888,-888888888,-888888888,-888888888,-888888888,-888888888,-888888888,-888888888,-888888888,-888888888,-888888888,-888888888,-888888888,-888888888,-888888888,-888888888,-888888888,-888888888
2020,Franklin County; Missouri,82823,52165,52142,49853,2289,23,30658,52142,-888888888,42027,23990,23990,22995,7129,5526,14752,11246,48852,40175,4742,77,702,341,2815,29.9,49853,15796,7675,9951,6995,9436,49853,688,5674,9702,1166,5945,2223,712,2614,3859,9218,4213,1912,1927,29,071,49853,42277,4777,2673,126,41127,1320,1689,4129,3803,5822,7725,6857,5889,2107,1786,60129,77326,30217,79600,14419,21128,10579,23405,2288,11145,479,2772,3097,28149,684,502,1320,2263,3352,5667,5580,5104,2013,1664,75886,90479,31133,12978,33653,44692,35522,50613,39566,102731,95040,75544,30896,7691,25131,1064,60068,47705,45831,41711,40333,1944,4120,1874,1282,928,410,592,12363,10463,7034,4666,1900,-888888888,-888888888,-888888888,-888888888,-888888888,-888888888,-888888888,-888888888,-888888888,-888888888,-888888888,-888888888,-888888888,-888888888,-888888888,-888888888,-888888888,-888888888,-888888888
2020,Gentry County; Missouri,5048,3043,3043,2958,85,0,2005,3043,-888888888,2564,1380,1380,1351,593,401,1006,757,2929,2246,280,43,141,38,181,23.5,2958,1107,508,425,359,559,2958,289,99,497,105,208,114,31,131,151,980,136,140,77,29,075,2958,2265,349,321,23,2495,226,175,173,307,416,409,351,250,130,58,46774,66673,1860,68719,873,16289,625,19538,160,8633,166,3317,215,1596,40,56,75,149,262,350,298,207,101,58,64808,83545,25814,899,26392,33397,30746,40445,31629,6437,5701,4244,2516,736,1742,167,3531,2766,2685,2365,2189,290,320,81,18,18,8,63,765,593,370,344,172,-888888888,-888888888,-888888888,-888888888,-888888888,-888888888,-888888888,-888888888,-888888888,-888888888,-888888888,-888888888,-888888888,-888888888,-888888888,-888888888,-888888888,-888888888,-888888888
2020,Greene County; Missouri,237529,146698,146508,140567,5941,190,90831,146508,-888888888,123393,70410,70372,67562,19173,12411,37321,26588,137769,112321,12496,1256,2430,1589,7677,19.9,140567,51688,25492,34467,10691,18229,140567,735,7348,12113,4388,18592,7391,2465,10259,14397,35097,15252,8183,4347,29,077,140567,117968,14712,7696,191,127532,10408,7388,15006,15604,18127,24077,14666,13991,4359,3906,47053,65190,94487,67327,38523,19586,21916,24157,7848,9717,2137,3112,14893,73730,2739,1719,5122,7364,10334,15988,11290,11999,3789,3386,63795,82936,28308,53802,26897,38147,30322,43902,36236,287753,254896,197891,89596,32857,65177,5530,176278,134861,129747,112214,107886,7931,17533,5114,3392,2475,1152,1722,41417,33647,21295,14600,7770,-888888888,-888888888,-888888888,-888888888,-888888888,-888888888,-888888888,-888888888,-888888888,-888888888,-888888888,-888888888,-888888888,-888888888,-888888888,-888888888,-888888888,-888888888,-888888888
2020,Harrison County; Missouri,6603,3569,3557,3441,116,12,3034,3557,-888888888,3320,1762,1762,1723,608,403,1366,1014,3425,2619,356,6,130,85,229,22.5,3441,1024,621,705,454,637,3441,247,281,317,88,482,142,57,83,99,1176,154,101,214,29,081,3441,2461,653,307,20,3361,258,290,534,443,429,559,472,280,75,21,40615,51536,2252,53751,1441,17807,803,16906,224,9610,181,4169,456,2132,47,93,264,282,305,454,351,249,67,20,53929,62308,21506,1229,21795,30729,25744,41274,29148,8257,7522,5338,3870,735,2086,104,4383,3180,3076,2723,2503,361,353,104,55,7,48,49,1203,974,471,674,229,-888888888,-888888888,-888888888,-888888888,-888888888,-888888888,-888888888,-888888888,-888888888,-888888888,-888888888,-888888888,-888888888,-888888888,-888888888,-888888888,-888888888,-888888888,-888888888
2020,Henry County; Missouri,17666,9875,9796,9256,540,79,7791,9796,-888888888,9025,4749,4728,4458,1277,845,3086,2517,9204,7732,809,15,131,15,502,25.1,9256,2571,1735,1976,1000,1974,9256,350,750,1124,200,1228,661,17,452,696,2154,714,537,373,29,083,9256,7444,966,836,10,9284,658,556,1263,990,1377,1957,934,962,310,277,47500,64124,6281,62498,4203,17822,2856,21544,743,9931,128,1089,1562,5876,212,207,593,516,899,1355,769,815,266,244,57725,75161,27483,3408,26109,41450,28008,45489,32500,21549,18976,12876,9402,2573,5002,373,11915,8843,8407,7061,6680,686,1346,436,224,148,120,212,3072,2439,1105,1703,633,-888888888,-888888888,-888888888,-888888888,-888888888,-888888888,-888888888,-888888888,-888888888,-888888888,-888888888,-888888888,-888888888,-888888888,-888888888,-888888888,-888888888,-888888888,-888888888
2020,Holt County; Missouri,3577,2023,1995,1942,53,28,1554,1995,-888888888,1843,913,913,890,257,166,570,406,1957,1567,187,1,60,9,133,22.6,1942,636,277,459,229,341,1942,238,128,246,65,273,159,26,73,49,469,96,46,74,29,087,1942,1388,336,218,0,2010,100,117,235,334,259,401,223,271,34,36,46442,61700,1383,63336,890,17259,435,19359,94,9030,58,3114,114,1231,34,20,82,154,180,287,198,221,34,21,58625,70041,28497,779,28266,46725,31560,46189,30164,4243,3901,3082,1709,342,933,58,2244,1713,1670,1495,1440,97,175,43,22,11,11,21,531,444,305,198,87,-888888888,-888888888,-888888888,-888888888,-888888888,-888888888,-888888888,-888888888,-888888888,-888888888,-888888888,-888888888,-888888888,-888888888,-888888888,-888888888,-888888888,-888888888,-888888888
2020,Howard County; Missouri,8124,4867,4867,4726,141,0,3257,4867,-888888888,4082,2358,2358,2300,722,590,1340,1115,4683,3514,602,0,166,81,320,26.4,4726,1800,978,697,470,781,4726,266,304,507,49,524,244,47,248,197,1645,337,213,145,29,089,4726,3470,847,407,2,3460,140,204,313,332,581,695,464,505,111,115,55000,69243,2565,65876,1264,19826,931,33932,150,9397,121,3054,329,2401,46,69,178,204,401,483,374,457,111,78,66495,77955,25159,1059,30795,45829,30623,42176,32481,9901,9154,7349,3346,747,2312,133,5735,4404,4286,3882,3706,286,404,118,94,65,63,24,1331,1183,752,481,148,-888888888,-888888888,-888888888,-888888888,-888888888,-888888888,-888888888,-888888888,-888888888,-888888888,-888888888,-888888888,-888888888,-888888888,-888888888,-888888888,-888888888,-888888888,-888888888
2020,Iron County; Missouri,8284,4092,4092,3871,221,0,4192,4092,-888888888,4286,1961,1961,1864,568,397,1342,796,3815,3201,428,7,36,46,97,28.6,3871,879,1058,735,575,624,3871,308,320,324,75,323,302,23,155,356,1109,256,142,178,29,093,3871,2846,723,302,0,4102,481,203,593,505,580,867,478,304,52,39,40082,52371,2803,47912,1713,19364,1371,16984,347,9178,89,2588,758,2766,210,62,322,282,463,698,398,262,44,25,52157,58397,21769,1336,23237,36206,25079,41352,30191,9812,8630,5487,4544,1182,2175,68,5618,3656,3435,2763,2540,316,672,221,72,16,56,149,1962,1671,738,1075,291,-888888888,-888888888,-888888888,-888888888,-888888888,-888888888,-888888888,-888888888,-888888888,-888888888,-888888888,-888888888,-888888888,-888888888,-888888888,-888888888,-888888888,-888888888,-888888888
2020,Jackson County; Missouri,553424,373329,372804,354384,18420,525,180095,372804,-888888888,289583,184193,184151,174887,53684,38465,103333,79399,348975,284703,23450,6855,5167,4678,24122,24.0,354384,135252,59490,81023,28875,49744,354384,1522,23642,31317,9488,39581,22432,7473,27451,46801,77797,33079,17057,16744,29,095,354384,294656,41084,18074,570,291532,19507,12791,28204,29835,38883,52120,37550,42931,15933,13778,56960,76732,230978,77753,83723,19534,57631,25081,13796,10128,7644,2819,31162,167177,6254,4176,10087,11856,20611,31230,25772,32454,13276,11461,74470,93996,32462,124355,35955,50008,36367,51802,42000,693809,615252,478687,208669,78557,171983,12397,420331,343009,326681,283905,272169,18392,42776,16328,9411,6691,2961,6917,77322,61473,36744,29871,15849,-888888888,-888888888,-888888888,-888888888,-888888888,-888888888,-888888888,-888888888,-888888888,-888888888,-888888888,-888888888,-888888888,-888888888,-888888888,-888888888,-888888888,-888888888,-888888888
2020,Jefferson County; Missouri,178824,118524,118239,112610,5629,285,60300,118239,-888888888,90690,55982,55982,53823,15222,11230,33435,26945,111108,94843,8451,148,599,940,6127,31.1,112610,37925,17759,25809,14726,16391,112610,669,11790,13534,3357,12999,5922,1741,8704,11683,23662,9389,5592,3568,29,099,112610,97127,10468,4712,303,84978,3188,2733,6020,6931,11432,16596,13738,15848,5701,2791,67606,79372,67267,79231,27399,20856,21379,24690,4095,10591,1498,2815,7788,61349,1372,1264,2694,3444,7734,12765,11039,13588,5029,2420,77466,88080,30800,23629,36947,50726,37236,54415,42040,222927,204856,163400,62210,18071,54724,2372,135380,108957,103993,94763,91826,4813,9230,4964,2742,1973,848,2222,26423,22300,14026,10022,4123,-888888888,-888888888,-888888888,-888888888,-888888888,-888888888,-888888888,-888888888,-888888888,-888888888,-888888888,-888888888,-888888888,-888888888,-888888888,-888888888,-888888888,-888888888,-888888888
2020,Knox County; Missouri,3108,1762,1762,1684,78,0,1346,1762,-888888888,1573,778,778,742,283,181,632,347,1661,1142,109,1,19,24,366,20.4,1684,452,319,356,334,223,1684,273,139,186,41,208,77,20,69,51,380,136,57,47,29,103,1684,1209,167,299,9,1400,87,172,239,171,207,215,142,152,10,5,37588,55400,945,51183,615,17160,194,15716,69,9854,26,1327,111,882,27,32,122,116,112,186,132,140,10,5,55833,72372,20941,518,19063,26347,22662,38782,27352,3896,3109,2255,1352,787,1067,307,2010,1504,1444,1103,992,123,341,60,21,21,0,39,506,406,283,140,100,-888888888,-888888888,-888888888,-888888888,-888888888,-888888888,-888888888,-888888888,-888888888,-888888888,-888888888,-888888888,-888888888,-888888888,-888888888,-888888888,-888888888,-888888888,-888888888
2020,Laclede County; Missouri,27757,16779,16778,15709,1069,1,10978,16778,-888888888,14348,7649,7649,6928,2701,1710,5522,4081,15555,12463,1989,0,224,243,636,20.9,15709,4327,2291,3206,1289,4596,15709,400,536,4211,505,1897,782,215,539,882,3401,975,777,589,29,105,15709,13103,1518,1034,54,14413,827,977,1539,1729,2514,3246,1621,1470,306,184,46582,57214,10297,59101,5300,18036,3291,23677,860,9422,336,1968,2036,10112,311,323,975,1088,1743,2565,1418,1218,297,174,55558,64814,23296,4301,26588,36468,30504,38939,31804,35364,31662,22991,13586,3702,9272,422,19851,15212,14264,12312,11679,1073,1952,948,611,344,352,337,4639,3648,1901,2160,991,-888888888,-888888888,-888888888,-888888888,-888888888,-888888888,-888888888,-888888888,-888888888,-888888888,-888888888,-888888888,-888888888,-888888888,-888888888,-888888888,-888888888,-888888888,-888888888
2020,Lawrence County; Missouri,29665,18110,18109,16704,1405,1,11555,18109,-888888888,15110,8394,8394,7971,2852,1859,6003,4009,16195,12938,1504,1,260,478,1014,22.4,16704,4465,2949,4006,1534,3750,16704,727,911,3200,399,2459,1298,56,848,1031,3619,1042,668,446,29,109,16704,13422,1924,1320,38,14849,1078,815,1799,1795,2951,2645,1646,1398,405,317,44060,58172,11005,58976,5801,18454,2719,20945,778,8644,353,1754,2208,10249,536,264,1101,1008,2069,1968,1330,1320,357,296,51969,67194,22850,4600,27283,33880,27554,41458,30117,37691,32498,22380,15319,5193,10053,684,21123,16361,15124,12440,11689,1369,2684,1237,599,362,281,638,4762,3575,1921,2051,1187,-888888888,-888888888,-888888888,-888888888,-888888888,-888888888,-888888888,-888888888,-888888888,-888888888,-888888888,-888888888,-888888888,-888888888,-888888888,-888888888,-888888888,-888888888,-888888888
2020,Lewis County; Missouri,7890,4427,4427,4193,234,0,3463,4427,-888888888,3896,1986,1986,1911,623,327,1536,1058,4149,3246,369,31,149,44,310,25.1,4193,1015,749,867,462,1100,4193,156,247,719,166,486,418,17,173,188,1051,230,134,208,29,111,4193,3476,433,265,19,3597,286,225,404,519,503,676,427,329,110,118,45118,60243,2482,68083,1393,17824,920,13578,215,8455,47,3866,333,2329,72,41,132,381,310,537,358,274,106,118,58125,75201,23054,1268,22807,29314,28879,47731,38690,9700,8783,6482,3435,917,2530,188,5441,4032,3802,3434,3128,346,368,230,61,37,24,169,1409,1224,759,567,185,-888888888,-888888888,-888888888,-888888888,-888888888,-888888888,-888888888,-888888888,-888888888,-888888888,-888888888,-888888888,-888888888,-888888888,-888888888,-888888888,-888888888,-888888888,-888888888
2020,Linn County; Missouri,9556,5780,5772,5657,115,8,3776,5772,-888888888,4973,2760,2760,2736,808,633,1850,1528,5604,4505,556,2,105,48,388,20.8,5657,1639,1021,1237,646,1114,5657,308,402,1026,74,636,284,188,267,186,1120,296,303,567,29,115,5657,3959,1097,571,30,5002,315,303,575,489,773,958,680,573,240,96,51150,65730,3654,64330,1790,19013,1199,27902,334,8850,71,2700,481,3441,168,144,242,347,574,641,491,503,240,91,57957,75602,26981,1561,26268,36301,31120,41218,32771,11849,10702,8427,4197,1147,2958,299,6446,5218,5128,4532,4342,261,596,90,51,32,28,39,1228,1015,641,540,213,-888888888,-888888888,-888888888,-888888888,-888888888,-888888888,-888888888,-888888888,-888888888,-888888888,-888888888,-888888888,-888888888,-888888888,-888888888,-888888888,-888888888,-888888888,-888888888
2020,Livingston County; Missouri,12045,6743,6705,6538,167,38,5302,6705,-888888888,6848,3346,3346,3234,947,655,1964,1585,6523,5475,576,16,78,73,305,17.7,6538,2376,1165,1384,563,1050,6538,289,317,750,125,895,402,135,276,278,1752,333,381,605,29,117,6538,4795,1282,443,18,5907,321,327,780,661,801,1406,687,634,124,166,50818,61391,4209,65129,2176,18007,1286,18120,397,10389,73,1033,607,3720,134,111,250,284,546,901,650,582,105,157,63373,74133,24928,2187,27213,37932,31985,47676,31985,13748,12056,9303,4854,1692,3361,432,7585,6084,5930,5082,4916,305,848,154,114,44,81,40,1501,1156,595,647,345,-888888888,-888888888,-888888888,-888888888,-888888888,-888888888,-888888888,-888888888,-888888888,-888888888,-888888888,-888888888,-888888888,-888888888,-888888888,-888888888,-888888888,-888888888,-888888888
2020,Macon County; Missouri,12003,6651,6643,6336,307,8,5352,6643,-888888888,6188,3321,3315,3204,974,700,2404,1877,6289,5226,484,31,165,53,330,21.7,6336,2009,816,1412,728,1371,6336,263,543,1031,136,855,406,156,363,353,1187,390,316,337,29,121,6336,4831,885,599,21,5908,353,312,770,950,809,1250,748,557,78,81,44696,55231,4096,54220,2554,19374,1507,19023,377,9031,153,1740,516,3699,97,140,294,453,463,926,696,504,50,76,59653,66709,22876,2209,26844,34495,27145,42565,29690,14899,13472,10114,6192,1427,3684,227,8045,6025,5731,5017,4822,473,714,294,236,209,27,58,2020,1630,828,1002,390,-888888888,-888888888,-888888888,-888888888,-888888888,-888888888,-888888888,-888888888,-888888888,-888888888,-888888888,-888888888,-888888888,-888888888,-888888888,-888888888,-888888888,-888888888,-888888888
2020,Madison County; Missouri,9768,5279,5235,5005,230,44,4489,5235,-888888888,4989,2441,2441,2278,762,440,1687,1133,4950,3849,726,44,42,45,244,27.1,5005,1216,1077,1071,687,954,5005,197,467,795,100,601,433,18,76,218,1196,267,356,281,29,123,5005,4090,600,304,11,4851,352,365,661,534,603,931,545,530,218,112,47984,63990,3198,67679,2012,18119,1367,25361,412,9969,97,800,831,3296,70,125,257,271,405,840,510,510,215,93,63105,77262,26063,1555,21195,34809,29703,36000,37683,11944,10238,6881,4844,1706,2896,430,6825,4796,4587,3903,3571,421,684,209,70,60,10,139,2029,1585,692,984,444,-888888888,-888888888,-888888888,-888888888,-888888888,-888888888,-888888888,-888888888,-888888888,-888888888,-888888888,-888888888,-888888888,-888888888,-888888888,-888888888,-888888888,-888888888,-888888888
2020,Marion County; Missouri,22599,13591,13591,13055,536,0,9008,13591,-888888888,11734,6931,6931,6623,2061,1717,4383,3218,12897,10631,1177,4,281,145,659,18.6,13055,4148,2494,2999,1244,2170,13055,387,813,2029,429,1629,537,113,351,738,3704,1258,431,636,29,127,13055,10141,2122,779,13,11537,948,437,1298,1115,1563,2752,1326,1623,262,213,54277,64713,8591,65432,4154,18635,2443,21866,573,10767,136,3641,1492,7661,382,110,708,684,940,1843,1107,1502,221,164,64001,73004,25708,3876,29649,43180,30556,47443,32753,27893,25826,19050,10238,2067,7171,92,15985,12396,11925,10739,10191,739,1186,471,262,163,118,209,3589,3031,1608,1665,558,-888888888,-888888888,-888888888,-888888888,-888888888,-888888888,-888888888,-888888888,-888888888,-888888888,-888888888,-888888888,-888888888,-888888888,-888888888,-888888888,-888888888,-888888888,-888888888
2020,Mercer County; Missouri,2820,1611,1605,1548,57,6,1209,1605,-888888888,1435,784,784,772,280,162,534,358,1551,1106,168,0,15,26,236,24.9,1548,602,162,264,225,295,1548,354,61,233,12,179,65,36,51,30,281,114,44,88,29,129,1548,1071,236,239,2,1333,108,98,146,143,171,306,188,154,3,16,50030,58214,849,64946,529,20354,377,18153,91,11022,31,2135,84,821,35,7,52,64,138,216,150,143,0,16,72774,72809,23272,512,22885,33177,29652,38274,40813,3557,3054,2412,1256,503,925,101,1888,1433,1380,1208,1169,91,172,53,13,12,1,40,455,291,165,162,164,-888888888,-888888888,-888888888,-888888888,-888888888,-888888888,-888888888,-888888888,-888888888,-888888888,-888888888,-888888888,-888888888,-888888888,-888888888,-888888888,-888888888,-888888888,-888888888
2020,Mississippi County; Missouri,10848,4756,4756,4362,394,0,6092,4756,-888888888,4933,2149,2149,1950,680,450,1721,1260,4283,3518,529,25,134,41,36,20.7,4362,1100,927,986,682,667,4362,565,121,481,219,446,352,107,173,212,1044,264,142,236,29,133,4362,3459,569,334,0,4998,672,464,798,604,704,647,567,395,75,72,34354,48709,3135,52071,2256,16347,1036,17376,793,10644,183,6646,1601,3426,377,208,433,499,519,464,472,333,58,63,40625,55297,18655,1572,17939,32671,28033,40337,29516,11658,10350,5950,5689,1308,2912,93,6456,4147,3792,3227,3049,276,565,355,154,67,87,201,2309,1863,575,1389,446,-888888888,-888888888,-888888888,-888888888,-888888888,-888888888,-888888888,-888888888,-888888888,-888888888,-888888888,-888888888,-888888888,-888888888,-888888888,-888888888,-888888888,-888888888,-888888888
2020,Moniteau County; Missouri,12374,6911,6904,6619,285,7,5463,6904,-888888888,5703,3417,3417,3313,1213,794,2649,2058,6611,5177,872,1,19,198,344,25.9,6619,2089,943,1401,951,1235,6619,412,701,734,250,770,342,50,498,290,1333,358,196,685,29,135,6619,4597,1271,734,17,5450,284,328,428,632,765,955,1055,690,214,99,57012,66126,4057,67040,2076,19101,1385,18841,199,9837,62,3711,428,3858,101,90,238,332,491,820,876,688,147,75,71214,75314,23371,1592,29611,39456,33294,44970,35091,14498,12265,9666,4340,2233,4191,835,7907,6202,5949,5058,4916,209,891,253,174,107,67,79,1705,1297,846,672,408,-888888888,-888888888,-888888888,-888888888,-888888888,-888888888,-888888888,-888888888,-888888888,-888888888,-888888888,-888888888,-888888888,-888888888,-888888888,-888888888,-888888888,-888888888,-888888888
2020,Montgomery County; Missouri,9191,5335,5335,5194,141,0,3856,5335,-888888888,4740,2428,2428,2341,791,604,1546,1096,5098,4057,631,26,159,15,210,28.0,5194,1390,913,967,940,984,5194,402,595,786,100,573,311,28,294,286,1061,246,193,319,29,139,5194,3934,757,487,16,4995,371,301,549,443,701,1104,679,641,140,66,52123,61121,3602,63109,1744,19034,1217,19817,385,9090,38,3276,585,3296,92,116,258,223,447,812,571,576,135,66,65054,73320,25976,1699,26890,34873,35973,46766,35856,11091,10009,7684,3969,1082,2665,117,6311,4722,4604,3967,3842,276,637,118,71,41,40,47,1589,1341,717,709,248,-888888888,-888888888,-888888888,-888888888,-888888888,-888888888,-888888888,-888888888,-888888888,-888888888,-888888888,-888888888,-888888888,-888888888,-888888888,-888888888,-888888888,-888888888,-888888888
2020,Morgan County; Missouri,16362,7711,7687,7372,315,24,8651,7687,-888888888,8267,3512,3512,3320,1536,564,2934,1836,7353,5053,1066,23,178,222,811,26.0,7372,2000,1168,1639,941,1624,7372,578,628,1163,120,1024,357,71,438,596,1252,315,352,478,29,141,7372,5422,930,903,117,7639,726,395,1166,1084,1040,1354,755,808,74,237,41477,63736,4764,68807,3386,19315,2011,21970,724,9252,216,1849,1085,5122,419,122,495,612,740,1109,665,711,74,175,54973,76943,25137,2517,24080,35721,27333,40088,33185,20080,15428,9816,8690,4652,4916,1492,10535,6650,6387,4725,4388,525,1662,263,35,25,10,228,3885,2756,1153,1768,1129,-888888888,-888888888,-888888888,-888888888,-888888888,-888888888,-888888888,-888888888,-888888888,-888888888,-888888888,-888888888,-888888888,-888888888,-888888888,-888888888,-888888888,-888888888,-888888888
2020,Newton County; Missouri,45932,27563,27539,26195,1344,24,18369,27539,-888888888,23395,12624,12624,11965,4050,2554,9170,6054,25747,21001,2608,58,238,335,1507,21.0,26195,7981,4150,5735,2852,5477,26195,770,2204,4188,738,3225,1997,433,1245,2093,5664,2132,898,608,29,145,26195,21660,2196,2259,80,22123,1165,835,2300,2850,3393,4462,2700,2649,696,1073,52067,78240,17226,73761,8225,19554,4803,20721,1399,9153,275,2466,2634,15415,353,387,1153,1703,2170,3170,2463,2336,627,1053,65045,94223,30425,6708,30499,37989,30378,42503,35534,57656,49909,36607,20510,7747,14618,1335,32811,24878,23622,19620,18350,1979,4002,1256,776,606,177,480,7933,6027,3702,2884,1906,-888888888,-888888888,-888888888,-888888888,-888888888,-888888888,-888888888,-888888888,-888888888,-888888888,-888888888,-888888888,-888888888,-888888888,-888888888,-888888888,-888888888,-888888888,-888888888
2020,Nodaway County; Missouri,19166,11287,11280,10988,292,7,7879,11280,-888888888,9588,5433,5433,5340,1214,718,2063,1514,10869,8709,968,3,466,183,540,15.6,10988,3725,2111,2252,1035,1865,10988,608,603,1316,144,1527,344,149,326,380,3182,1499,586,324,29,147,10988,8046,2124,813,5,8510,728,418,1183,825,1450,1465,1195,819,263,164,46303,61082,6764,58826,2456,18486,1588,23303,335,7509,161,1765,623,4644,139,99,335,320,631,1084,934,730,237,135,67279,80721,23869,3866,26985,36069,21290,44525,34697,21409,19396,16326,5534,2013,4660,233,13632,10445,10181,8987,8611,526,1194,264,92,83,13,172,3187,2785,2337,550,402,-888888888,-888888888,-888888888,-888888888,-888888888,-888888888,-888888888,-888888888,-888888888,-888888888,-888888888,-888888888,-888888888,-888888888,-888888888,-888888888,-888888888,-888888888,-888888888
2020,Osage County; Missouri,10840,6751,6751,6633,118,0,4089,6751,-888888888,5220,3007,3007,2984,791,696,2221,1771,6578,5208,856,81,148,11,274,25.4,6633,2161,878,1365,918,1311,6633,371,674,1183,141,642,297,99,234,272,1204,317,237,962,29,151,6633,4476,1538,585,34,5273,236,227,456,398,704,1178,863,864,143,204,62087,87288,3907,88800,1744,21283,1391,25108,294,9801,42,2298,270,3825,54,19,148,240,464,952,750,854,141,203,77623,106745,34195,1448,25625,33764,35249,43299,37063,13551,12892,10996,3547,659,3267,91,7963,6219,6111,5770,5678,173,341,108,67,40,27,41,1744,1558,1162,586,186,-888888888,-888888888,-888888888,-888888888,-888888888,-888888888,-888888888,-888888888,-888888888,-888888888,-888888888,-888888888,-888888888,-888888888,-888888888,-888888888,-888888888,-888888888,-888888888
2020,Ozark County; Missouri,7722,3239,3239,3099,140,0,4483,3239,-888888888,3947,1578,1578,1481,356,144,937,496,2973,2282,393,0,181,15,102,30.2,3099,974,449,455,534,687,3099,197,327,661,67,243,190,26,135,110,678,272,142,51,29,153,3099,2315,312,455,17,4082,404,373,784,616,689,613,273,277,25,28,33046,43966,2251,46787,2054,18566,1037,17934,366,10097,95,1233,718,2505,126,78,509,310,460,522,232,231,25,12,40049,50795,20479,1577,22614,32205,24975,32835,32842,9082,7740,4614,4613,1342,1803,73,4762,2928,2802,2087,1938,183,715,126,75,41,34,51,1834,1362,674,806,472,-888888888,-888888888,-888888888,-888888888,-888888888,-888888888,-888888888,-888888888,-888888888,-888888888,-888888888,-888888888,-888888888,-888888888,-888888888,-888888888,-888888888,-888888888,-888888888
2020,Perry County; Missouri,15276,9766,9667,9246,421,99,5510,9667,-888888888,7842,4637,4637,4479,1361,999,2903,1938,9174,8078,826,19,75,34,142,20.5,9246,2962,1338,1625,1004,2317,9246,589,545,2258,207,907,558,44,380,464,2084,456,521,233,29,157,9246,7887,824,527,8,7577,290,351,867,748,978,1700,1212,1050,178,203,56861,68476,5763,70108,2884,19313,1478,23605,309,12133,120,2361,692,5037,94,76,335,370,672,1126,1094,961,156,153,71563,80240,27294,2540,31351,43381,31725,49703,33967,18852,17687,14248,6193,1165,4735,182,10783,8665,8327,7769,7437,669,558,338,185,100,85,153,2118,1851,1176,862,267,-888888888,-888888888,-888888888,-888888888,-888888888,-888888888,-888888888,-888888888,-888888888,-888888888,-888888888,-888888888,-888888888,-888888888,-888888888,-888888888,-888888888,-888888888,-888888888
2020,Pettis County; Missouri,33075,20345,20174,19208,966,171,12730,20174,-888888888,17016,9441,9375,8800,3240,1983,6508,4651,18884,15849,1431,31,301,240,1032,19.7,19208,5561,3464,3622,1849,4712,19208,626,1083,3843,694,2281,1118,220,729,1260,4321,1376,1087,570,29,159,19208,15053,2135,1998,22,16193,838,810,1883,1935,2750,3416,1965,1801,401,394,49315,65246,12271,61586,5919,18763,3466,22051,979,9409,353,1622,1763,10889,354,325,919,1166,1567,2667,1678,1576,393,244,58460,72643,25758,5304,31135,46379,28745,43335,32186,41811,36517,26699,15569,5294,11056,925,23863,18370,17500,14782,13813,1552,2718,870,442,203,278,428,5493,4338,2475,2567,1155,-888888888,-888888888,-888888888,-888888888,-888888888,-888888888,-888888888,-888888888,-888888888,-888888888,-888888888,-888888888,-888888888,-888888888,-888888888,-888888888,-888888888,-888888888,-888888888
2020,Phelps County; Missouri,36346,19556,19523,18642,881,33,16790,19523,-888888888,17034,8905,8887,8552,2832,1988,5903,4156,18248,14386,2109,55,882,104,712,18.8,18642,8133,3526,3410,950,2623,18642,192,662,2021,238,2178,849,124,755,1138,6291,1733,983,1478,29,161,18642,13397,4318,899,28,18213,1947,1062,2283,1810,2723,3301,1884,2018,682,503,44987,62126,13056,61425,6515,16573,4259,26343,948,9081,360,2853,2227,11355,470,271,967,1027,1656,2364,1718,1819,630,433,60228,78329,25217,6858,22951,32293,26759,46267,33159,43885,40481,31244,15399,3404,10408,259,26503,17872,17097,15183,14588,1282,1914,775,534,419,117,241,8631,7649,5550,2813,982,-888888888,-888888888,-888888888,-888888888,-888888888,-888888888,-888888888,-888888888,-888888888,-888888888,-888888888,-888888888,-888888888,-888888888,-888888888,-888888888,-888888888,-888888888,-888888888
2020,Pike County; Missouri,14519,7438,7418,7073,345,20,7081,7418,-888888888,6565,3483,3483,3370,1386,737,2395,1906,7044,5945,545,1,118,89,346,24.2,7073,1873,1178,1412,1131,1479,7073,381,748,859,333,793,562,111,233,518,1418,343,217,557,29,163,7073,5212,1195,661,5,6653,450,424,815,824,1167,1068,888,737,155,125,44920,60416,4899,59678,2563,17640,1523,15245,437,11157,89,912,624,4333,309,137,342,353,664,839,821,630,132,106,59300,71105,22720,2320,28924,37055,31420,41597,34580,16074,14663,10616,6028,1411,4334,226,8694,6598,6270,5525,5291,331,745,328,270,218,52,58,2096,1741,798,1058,355,-888888888,-888888888,-888888888,-888888888,-888888888,-888888888,-888888888,-888888888,-888888888,-888888888,-888888888,-888888888,-888888888,-888888888,-888888888,-888888888,-888888888,-888888888,-888888888
2020,Platte County; Missouri,81158,57587,57146,55210,1936,441,23571,57146,-888888888,41457,27760,27603,26792,7313,5099,16094,12764,54581,44698,4336,105,351,478,4613,23.9,55210,25932,7743,10859,3701,6975,55210,326,3029,4651,1713,5360,4930,1097,4784,7930,12097,4510,1868,2915,29,165,55210,46002,6500,2665,43,39918,997,762,1970,3338,4261,6615,6272,7970,3760,3973,82448,103822,33546,101942,10595,23628,8898,27840,1093,11003,286,4595,1434,26679,301,192,787,1496,2198,3843,4483,6459,3320,3600,100420,122659,41193,13239,48045,62059,42431,63798,49426,101901,96533,85700,23479,5368,25581,804,61448,51631,49968,47296,46256,2372,2672,1663,1105,918,224,558,9817,8514,6756,2560,1303,-888888888,-888888888,-888888888,-888888888,-888888888,-888888888,-888888888,-888888888,-888888888,-888888888,-888888888,-888888888,-888888888,-888888888,-888888888,-888888888,-888888888,-888888888,-888888888
2020,Polk County; Missouri,25426,14792,14771,14403,368,21,10634,14771,-888888888,13099,7178,7178,6994,2169,1393,4593,3546,14251,11367,1222,16,466,109,1071,24.8,14403,4862,2761,3042,1493,2245,14403,810,1154,1599,379,1790,540,178,566,1210,3880,1144,709,444,29,167,14403,11295,1527,1486,95,11833,787,731,1522,1280,1858,2309,1213,1357,552,224,47614,62041,8375,65115,4625,19048,2616,18355,770,8814,255,1789,1634,8141,356,239,661,832,1392,1766,995,1235,474,191,56435,72390,23591,3692,22991,34831,25518,40968,35383,31564,27135,18886,11902,4429,7874,870,18261,13483,13188,10878,10247,1046,2310,295,191,125,79,104,4778,3681,1816,2167,1097,-888888888,-888888888,-888888888,-888888888,-888888888,-888888888,-888888888,-888888888,-888888888,-888888888,-888888888,-888888888,-888888888,-888888888,-888888888,-888888888,-888888888,-888888888,-888888888
2020,Pulaski County; Missouri,42384,29807,19240,18308,932,10567,12577,19240,-888888888,18020,10753,8277,7853,3686,1858,6850,4348,28608,17547,1727,28,5538,408,3360,19.2,18308,6033,3887,3566,1731,3091,18308,247,1417,1868,211,2095,504,254,665,938,3855,2532,670,3052,29,169,18308,11775,5571,934,28,15061,847,580,1276,1114,2552,3394,2027,2459,464,348,58426,68486,11958,65937,3691,16634,3926,24993,533,9942,203,3650,1324,10381,490,173,838,508,1301,2532,1512,2294,447,286,69120,78230,25098,4680,39720,45053,26806,40282,34423,39456,35349,28087,13317,4107,11675,399,23468,16510,15725,13290,11989,2603,2435,785,478,358,179,307,6958,5992,4428,2436,966,-888888888,-888888888,-888888888,-888888888,-888888888,-888888888,-888888888,-888888888,-888888888,-888888888,-888888888,-888888888,-888888888,-888888888,-888888888,-888888888,-888888888,-888888888,-888888888
2020,Putnam County; Missouri,3787,2187,2187,2067,120,0,1600,2187,-888888888,1920,988,988,911,359,218,695,358,2062,1586,372,0,29,12,63,24.9,2067,543,312,467,252,493,2067,180,190,314,63,195,224,13,56,90,451,99,29,163,29,171,2067,1459,357,251,0,1698,115,74,169,215,290,317,280,140,74,24,48833,66579,1128,64878,718,20217,474,18464,101,6991,19,4579,102,1085,35,25,97,108,118,259,232,121,69,21,62398,80944,28240,613,33813,39235,29792,43721,36030,4643,4059,2855,2035,584,1170,126,2380,1890,1770,1438,1382,103,332,120,89,54,35,31,490,395,268,135,95,-888888888,-888888888,-888888888,-888888888,-888888888,-888888888,-888888888,-888888888,-888888888,-888888888,-888888888,-888888888,-888888888,-888888888,-888888888,-888888888,-888888888,-888888888,-888888888
2020,Ralls County; Missouri,8315,5100,5100,4833,267,0,3215,5100,-888888888,4189,2439,2439,2405,630,433,1451,1117,4740,3997,300,0,80,31,332,22.0,4833,1302,708,1205,545,1073,4833,213,366,864,157,538,358,40,101,226,991,360,238,381,29,173,4833,3603,744,486,0,4132,359,186,381,395,512,784,678,671,123,43,54194,66069,2984,67685,1738,18261,1039,15729,156,12242,75,1204,248,2873,166,43,182,155,330,666,549,629,123,30,69578,75155,26913,1259,30245,44026,33280,51754,35339,10198,9445,7208,3674,753,2361,164,5656,4424,4227,3852,3774,150,375,197,146,52,94,51,1232,1069,609,572,163,-888888888,-888888888,-888888888,-888888888,-888888888,-888888888,-888888888,-888888888,-888888888,-888888888,-888888888,-888888888,-888888888,-888888888,-888888888,-888888888,-888888888,-888888888,-888888888
2020,Randolph County; Missouri,19990,11231,11187,10692,495,44,8759,11187,-888888888,9603,5677,5655,5398,1858,1420,3265,2581,10629,8953,975,41,57,218,385,21.0,10692,2972,1896,2385,760,2679,10692,118,592,1273,267,1864,975,106,601,493,2839,588,530,446,29,175,10692,8222,1643,819,8,8872,514,435,1199,1087,1153,1992,1122,1023,235,112,50440,59724,6485,59780,3369,18883,1998,21938,586,8932,161,3407,1149,5844,202,161,533,562,800,1420,977,900,209,80,63611,69255,22587,3028,28489,37598,31292,42180,34763,22830,20497,15081,8706,2333,5674,399,13379,10338,9950,8750,8361,773,1200,388,177,139,43,211,3041,2521,1129,1604,520,-888888888,-888888888,-888888888,-888888888,-888888888,-888888888,-888888888,-888888888,-888888888,-888888888,-888888888,-888888888,-888888888,-888888888,-888888888,-888888888,-888888888,-888888888,-888888888
2020,Ray County; Missouri,18311,11530,11525,11138,387,5,6781,11525,-888888888,9265,5274,5274,5128,1423,981,3430,2630,10927,9196,886,60,133,33,619,29.3,11138,2769,1807,2317,1302,2943,11138,371,797,2026,407,1367,885,149,539,683,2081,660,582,591,29,177,11138,9023,1220,895,0,8766,431,467,683,869,1004,1622,1492,1435,494,269,65303,78402,6698,78679,3221,21577,2289,23576,556,13161,207,1639,909,6321,171,167,330,414,589,1411,1278,1239,490,232,75811,88431,32165,2445,29770,47633,35050,55924,38706,22660,20242,16830,6918,2418,5452,380,13213,10354,10033,8750,8340,732,1283,321,203,162,41,118,2859,2307,1664,892,552,-888888888,-888888888,-888888888,-888888888,-888888888,-888888888,-888888888,-888888888,-888888888,-888888888,-888888888,-888888888,-888888888,-888888888,-888888888,-888888888,-888888888,-888888888,-888888888
2020,Reynolds County; Missouri,5300,2752,2752,2534,218,0,2548,2752,-888888888,2558,1248,1248,1143,295,189,721,496,2444,1920,314,4,45,72,89,23.8,2534,663,475,342,478,576,2534,428,183,389,6,278,56,23,86,106,551,143,183,102,29,179,2534,1889,442,203,0,2580,155,247,443,332,368,441,219,280,61,34,39552,53284,1617,56089,1274,16533,908,14676,245,10576,60,2830,436,1819,53,129,173,212,298,396,201,276,49,32,51886,63716,23197,761,20092,23934,26630,47235,26951,6108,5462,3460,2748,646,1182,14,3515,2493,2290,1928,1823,129,362,203,69,46,28,134,1022,886,387,550,136,-888888888,-888888888,-888888888,-888888888,-888888888,-888888888,-888888888,-888888888,-888888888,-888888888,-888888888,-888888888,-888888888,-888888888,-888888888,-888888888,-888888888,-888888888,-888888888
2020,Ripley County; Missouri,10684,5490,5486,5212,274,4,5194,5486,-888888888,5535,2503,2503,2406,861,397,1866,1067,5145,4075,489,0,20,75,486,32.2,5212,1486,1064,803,563,1296,5212,145,398,1022,42,597,427,34,137,378,1313,300,252,167,29,181,5212,4114,541,553,4,4973,470,568,783,622,561,1079,452,349,35,54,36066,48552,3074,54289,2448,16937,1056,16510,386,10021,86,2160,872,3283,152,207,401,351,444,947,373,322,32,54,50961,59804,19106,1690,16436,24350,21961,35384,26744,13432,11307,6717,6608,2125,3238,223,7433,4997,4728,3396,3099,363,1332,269,154,51,103,115,2436,1981,657,1496,455,-888888888,-888888888,-888888888,-888888888,-888888888,-888888888,-888888888,-888888888,-888888888,-888888888,-888888888,-888888888,-888888888,-888888888,-888888888,-888888888,-888888888,-888888888,-888888888
2020,St. Charles County; Missouri,316083,220076,219881,213287,6594,195,96007,219881,-888888888,162054,104524,104513,101513,28205,21489,61396,50052,210484,175621,13059,219,1549,2180,17856,25.6,213287,95302,29110,51484,16473,20918,213287,1186,14917,26850,6890,25198,9185,4515,21535,23281,45547,18457,9326,6400,29,183,213287,184712,20293,7953,329,149472,3108,2678,7556,8381,15590,24991,23466,33978,15372,14352,87644,106564,121273,106530,45220,22643,38785,25878,4779,10830,1776,3185,5594,106608,1152,1124,2368,3450,8336,16596,18291,28369,14061,12861,102422,121063,40738,42864,48371,65984,44156,66596,50820,396481,379438,338395,83804,17043,97450,2505,239659,202187,196487,186683,184463,5323,9804,5700,4280,3909,513,1420,37472,34198,28140,8819,3274,-888888888,-888888888,-888888888,-888888888,-888888888,-888888888,-888888888,-888888888,-888888888,-888888888,-888888888,-888888888,-888888888,-888888888,-888888888,-888888888,-888888888,-888888888,-888888888
2020,St. Clair County; Missouri,7795,3788,3788,3657,131,0,4007,3788,-888888888,3937,1897,1897,1845,576,420,1054,795,3601,2713,451,1,113,23,300,25.8,3657,1202,670,700,514,571,3657,256,274,365,66,376,255,36,175,336,868,207,202,241,29,185,3657,2611,615,420,11,4120,402,250,458,567,807,713,432,399,48,44,39000,52360,2527,55445,2102,17934,1100,20500,284,8943,65,4338,542,2553,110,52,285,226,514,553,395,343,39,36,53634,63742,23158,1567,27670,30952,26082,40726,32965,9166,7863,5197,4318,1303,1938,176,4777,3247,3124,2349,2155,290,775,123,104,63,52,19,1530,1202,663,688,328,-888888888,-888888888,-888888888,-888888888,-888888888,-888888888,-888888888,-888888888,-888888888,-888888888,-888888888,-888888888,-888888888,-888888888,-888888888,-888888888,-888888888,-888888888,-888888888
2020,Ste. Genevieve County; Missouri,14508,9075,9075,8668,407,0,5433,9075,-888888888,7161,4207,4207,3944,1098,833,2579,2148,8458,7102,893,0,40,90,333,30.6,8668,2634,1580,1547,1600,1307,8668,345,869,1229,302,629,567,102,480,785,1918,468,537,437,29,186,8668,7338,1017,303,10,7252,259,274,853,654,924,1110,1023,1587,323,245,61746,82973,5398,83302,2803,19382,2008,27000,643,10432,153,2995,562,5212,110,189,404,341,604,832,893,1353,286,200,80612,93779,33049,2040,34203,50649,35369,52798,40344,17640,16524,13743,5611,1116,4018,74,10211,8191,7880,7320,6992,576,560,311,126,85,84,185,2020,1753,1167,777,267,-888888888,-888888888,-888888888,-888888888,-888888888,-888888888,-888888888,-888888888,-888888888,-888888888,-888888888,-888888888,-888888888,-888888888,-888888888,-888888888,-888888888,-888888888,-888888888
2020,St. Francois County; Missouri,54461,28290,28287,27081,1206,3,26171,28287,-888888888,24923,13293,13293,12793,4201,2806,8459,6339,26670,21864,2914,63,391,313,1125,26.2,27081,7364,6686,5062,2827,5142,27081,373,1750,3096,545,2839,1781,415,1155,1949,7514,2251,1157,2256,29,187,27081,20463,5542,927,149,24572,1456,1484,3190,3314,3670,4472,3024,2851,632,479,46307,60528,17544,62033,9070,19293,6298,19459,1919,10169,736,1740,3770,16480,608,422,1367,1790,2827,3525,2652,2367,547,375,57314,70070,22577,8092,25029,37551,27965,39506,33476,60254,54026,39664,23895,6228,14527,351,35362,25609,24599,20905,19608,1972,3694,1010,581,392,236,429,9753,7999,3774,5222,1754,-888888888,-888888888,-888888888,-888888888,-888888888,-888888888,-888888888,-888888888,-888888888,-888888888,-888888888,-888888888,-888888888,-888888888,-888888888,-888888888,-888888888,-888888888,-888888888
2020,St. Louis County; Missouri,802800,524232,523642,499911,23731,590,278568,523642,-888888888,428372,260777,260656,249488,66184,49055,140808,108484,491117,396669,32530,9776,6523,5040,40579,24.1,499911,233232,76153,113328,25684,51514,499911,2675,22835,48985,15505,52084,23142,11340,49396,64426,129695,41601,23155,15072,29,189,499911,429836,46966,22412,697,409658,18515,11231,31456,35295,51280,72077,52605,63370,30703,43126,68661,102336,320825,102821,130951,21422,94911,27084,17286,10436,5983,3022,31062,258720,6182,4650,11033,15113,25797,42918,36188,51517,26666,38656,90540,126300,42682,150938,41593,58587,40094,63287,47568,984297,924553,756355,280912,59744,231965,6873,579705,472832,452350,419338,405609,23160,33012,20482,13534,10612,3777,6948,106873,94744,69397,32315,12129,-888888888,-888888888,-888888888,-888888888,-888888888,-888888888,-888888888,-888888888,-888888888,-888888888,-888888888,-888888888,-888888888,-888888888,-888888888,-888888888,-888888888,-888888888,-888888888
2020,Saline County; Missouri,18376,10912,10911,10596,315,1,7464,10911,-888888888,9261,5114,5114,5012,1628,1233,3015,2646,10418,8593,936,4,159,137,589,18.0,10596,3767,2030,1935,875,1989,10596,616,576,1643,135,1178,623,107,327,486,3093,795,416,601,29,195,10596,8072,1735,768,21,8235,525,481,981,1092,1224,1460,1226,810,302,134,47585,61467,5905,64417,3129,18715,2142,18903,525,9204,229,2547,860,5097,60,141,357,574,598,1253,1064,690,248,112,63713,76520,23692,3138,26270,34351,28448,38654,32485,22496,20658,15975,7922,1838,5552,225,12989,9796,9522,8693,8296,558,829,274,86,55,36,188,3193,2674,1542,1422,519,-888888888,-888888888,-888888888,-888888888,-888888888,-888888888,-888888888,-888888888,-888888888,-888888888,-888888888,-888888888,-888888888,-888888888,-888888888,-888888888,-888888888,-888888888,-888888888
2020,Schuyler County; Missouri,3522,2048,2048,2014,34,0,1474,2048,-888888888,1831,1039,1039,1026,417,202,704,489,1968,1707,109,8,26,6,112,30.3,2014,509,388,314,290,513,2014,160,139,324,80,193,130,8,28,67,528,120,134,103,29,197,2014,1528,294,186,6,1440,113,92,206,169,244,333,132,124,5,22,44420,52483,1001,55038,494,18506,254,16588,110,7751,19,1311,147,904,32,25,68,76,202,233,122,121,5,20,52911,63366,19482,536,22813,32167,26177,41192,35724,4518,3812,2660,1591,706,1267,122,2391,1778,1753,1383,1259,129,370,25,16,14,2,9,613,457,214,276,156,-888888888,-888888888,-888888888,-888888888,-888888888,-888888888,-888888888,-888888888,-888888888,-888888888,-888888888,-888888888,-888888888,-888888888,-888888888,-888888888,-888888888,-888888888,-888888888
2020,Scotland County; Missouri,3630,2052,2052,2006,46,0,1578,2052,-888888888,1903,818,818,794,482,139,897,453,1994,1451,184,0,59,22,278,17.4,2006,717,222,353,375,339,2006,249,142,312,49,123,133,43,92,112,438,77,122,114,29,199,2006,1410,330,242,24,1687,122,108,162,214,243,375,183,133,77,70,47708,70033,1231,66629,625,18016,402,24627,33,8752,12,-999999999,85,1148,36,30,50,143,150,336,142,114,77,70,59856,87031,25956,539,22042,30636,28663,45148,30274,4840,3209,2447,1394,1631,1501,739,2504,1797,1753,1179,1099,128,574,44,28,28,0,16,707,413,339,92,294,-888888888,-888888888,-888888888,-888888888,-888888888,-888888888,-888888888,-888888888,-888888888,-888888888,-888888888,-888888888,-888888888,-888888888,-888888888,-888888888,-888888888,-888888888,-888888888
2020,Scott County; Missouri,30200,18267,18201,17492,709,66,11933,18201,-888888888,15805,9200,9194,8837,2961,2295,5177,4036,17117,14030,2179,10,216,91,591,20.8,17492,5430,3003,3996,1700,3363,17492,459,902,2431,846,2217,1125,253,777,986,4463,1344,735,954,29,201,17492,14137,2445,902,8,15342,1251,1161,2034,1609,2183,3114,1475,1716,439,360,46310,63389,11143,61230,5758,17836,3326,21606,1614,10477,448,2402,2653,10054,642,440,1141,899,1209,2136,1252,1589,413,333,59025,74763,26193,5288,27342,38454,29380,42648,30844,38002,34053,23019,15970,3949,9632,148,21667,16500,15884,13505,12438,1465,2379,616,342,169,197,274,5167,4059,1428,2927,1108,-888888888,-888888888,-888888888,-888888888,-888888888,-888888888,-888888888,-888888888,-888888888,-888888888,-888888888,-888888888,-888888888,-888888888,-888888888,-888888888,-888888888,-888888888,-888888888
2020,Shelby County; Missouri,4719,2867,2867,2814,53,0,1852,2867,-888888888,2324,1376,1376,1332,418,361,873,623,2791,2154,214,0,248,22,153,21.2,2814,820,544,463,436,551,2814,240,249,468,40,331,123,22,115,146,632,158,154,136,29,205,2814,1998,379,427,10,2485,172,174,346,295,396,387,395,208,80,32,43809,55836,1859,56731,898,15601,423,18957,96,8248,29,2355,244,1635,102,39,131,197,257,304,304,191,78,32,57621,66565,23791,850,22185,31941,27399,42137,27136,5769,5090,3628,2213,679,1436,97,3169,2570,2518,2088,2032,140,430,52,23,12,11,29,599,476,254,262,123,-888888888,-888888888,-888888888,-888888888,-888888888,-888888888,-888888888,-888888888,-888888888,-888888888,-888888888,-888888888,-888888888,-888888888,-888888888,-888888888,-888888888,-888888888,-888888888
2020,Stoddard County; Missouri,23649,12858,12825,12141,684,33,10791,12825,-888888888,12356,6183,6172,5759,2093,1316,3737,2485,11905,10131,907,2,206,100,559,22.7,12141,3408,2213,2377,1703,2440,12141,796,842,1687,237,1524,870,204,638,677,3164,582,454,466,29,207,12141,9387,1635,1119,0,11545,949,703,1417,1481,1948,2051,1661,1076,172,87,42761,54837,7880,55773,5076,18503,2595,17555,1238,8732,251,3592,2146,7582,244,244,792,845,1274,1576,1439,942,160,66,55556,63196,22587,3963,25903,36568,28434,42507,31022,28838,25183,15917,13421,3655,6708,579,16447,11621,10991,9211,8361,1128,1780,630,266,127,145,364,4826,3895,1368,2989,931,-888888888,-888888888,-888888888,-888888888,-888888888,-888888888,-888888888,-888888888,-888888888,-888888888,-888888888,-888888888,-888888888,-888888888,-888888888,-888888888,-888888888,-888888888,-888888888
2020,Sullivan County; Missouri,4936,2742,2742,2683,59,0,2194,2742,-888888888,2526,1348,1348,1326,479,246,855,574,2660,1741,750,1,18,11,139,17.8,2683,792,306,365,323,897,2683,225,126,747,65,179,128,40,87,139,683,78,107,79,29,211,2683,2066,400,202,15,2218,162,107,253,299,356,464,303,178,68,28,44056,58776,1580,60687,818,17205,474,24037,170,7702,43,2702,188,1340,59,37,119,116,239,328,190,162,66,24,55571,71228,23829,878,28370,35814,30761,41404,36205,5936,5399,4053,2255,537,1445,39,3414,2494,2437,2224,2089,205,213,57,33,22,11,24,920,677,320,422,243,-888888888,-888888888,-888888888,-888888888,-888888888,-888888888,-888888888,-888888888,-888888888,-888888888,-888888888,-888888888,-888888888,-888888888,-888888888,-888888888,-888888888,-888888888,-888888888
2020,Taney County; Missouri,45261,27150,27141,25910,1231,9,18111,27141,-888888888,23932,13414,13414,12897,3459,2285,7138,5680,25163,19327,3282,55,334,186,1979,21.9,25910,8138,5573,7471,1898,2830,25910,383,1849,1169,256,4357,1303,637,1474,2070,4424,6069,957,962,29,213,25910,21322,2921,1602,65,22390,1131,1506,2635,2721,3678,4742,2801,2154,399,623,47860,60007,16323,56271,8921,19550,5490,23051,883,10048,622,2978,3046,15171,274,600,1318,1435,2715,3726,2203,1928,373,599,54980,70680,24659,7219,26903,34619,25058,37315,30899,55108,46379,32610,21867,8729,12447,1178,30844,23882,22921,17493,16545,1416,5428,961,577,377,222,384,6962,5236,2994,2819,1726,-888888888,-888888888,-888888888,-888888888,-888888888,-888888888,-888888888,-888888888,-888888888,-888888888,-888888888,-888888888,-888888888,-888888888,-888888888,-888888888,-888888888,-888888888,-888888888
2020,Vernon County; Missouri,16179,9288,9264,8906,358,24,6891,9264,-888888888,8467,4428,4428,4176,1431,905,3148,2081,8630,6501,652,21,257,178,1021,18.4,8906,3285,1407,1771,974,1469,8906,758,760,1032,212,1062,322,136,563,550,2343,468,317,383,29,217,8906,6468,1492,889,57,8294,560,509,980,1083,1392,1604,1118,780,167,101,43910,58502,5848,58020,3399,17817,2117,19360,546,10540,121,2348,964,5253,143,96,467,642,817,1148,973,741,141,85,58324,71512,23553,3041,27196,34690,28006,41376,33292,20120,17141,12117,7550,2979,5276,723,11101,8041,7799,6554,6215,475,1245,242,144,72,72,98,3060,2204,1059,1446,856,-888888888,-888888888,-888888888,-888888888,-888888888,-888888888,-888888888,-888888888,-888888888,-888888888,-888888888,-888888888,-888888888,-888888888,-888888888,-888888888,-888888888,-888888888,-888888888
2020,Warren County; Missouri,27772,17525,17525,16820,705,0,10247,17525,-888888888,14044,7934,7934,7630,2358,1609,4981,3931,16494,14007,1615,30,58,196,588,30.2,16820,5221,2354,3308,2672,3265,16820,142,1862,2754,639,2115,1019,373,1047,1220,3270,1150,843,386,29,219,16820,14880,1331,568,41,13129,621,277,775,1036,2405,2515,1656,2445,555,844,64735,83977,10383,78019,4489,21850,3380,25379,813,10776,200,4014,1062,10040,427,189,326,610,1686,1981,1307,2191,524,799,72525,92908,31308,3089,41286,47412,34726,52017,38917,34897,32077,25261,12035,2820,8744,674,19990,15777,15161,13576,13002,1069,1585,616,484,351,135,132,4213,3784,2880,1240,429,-888888888,-888888888,-888888888,-888888888,-888888888,-888888888,-888888888,-888888888,-888888888,-888888888,-888888888,-888888888,-888888888,-888888888,-888888888,-888888888,-888888888,-888888888,-888888888
2020,Wayne County; Missouri,10751,4780,4780,4402,378,0,5971,4780,-888888888,5478,2366,2366,2237,610,291,1762,883,4365,2982,886,19,50,38,390,29.3,4402,1104,829,709,436,1324,4402,222,422,850,140,385,301,68,125,216,942,345,194,192,29,223,4402,3410,537,455,0,5438,684,330,646,954,993,879,432,368,122,30,38018,49165,3181,51009,2952,16984,1515,21787,686,8180,68,2274,1018,3428,135,120,297,533,793,731,355,344,107,13,46321,59091,20449,2010,19640,29980,26044,38185,31542,12927,11247,6235,7037,1680,2782,144,7052,4411,4037,3286,2901,465,751,374,155,59,99,219,2641,2121,839,1451,520,-888888888,-888888888,-888888888,-888888888,-888888888,-888888888,-888888888,-888888888,-888888888,-888888888,-888888888,-888888888,-888888888,-888888888,-888888888,-888888888,-888888888,-888888888,-888888888
2020,Webster County; Missouri,29698,16920,16873,16014,859,47,12778,16873,-888888888,14515,7024,7024,6566,3152,1503,6579,3543,15731,12576,1963,14,265,138,775,28.4,16014,4549,2460,3419,2466,3120,16014,467,2090,1751,620,2039,1503,123,712,1128,3322,906,968,385,29,225,16014,12629,1684,1675,26,13697,472,727,1474,1317,2134,2977,1891,1937,410,358,55827,67669,10321,69724,4849,19956,2996,20453,797,10744,368,1557,1381,9905,232,296,814,1034,1502,2064,1602,1694,361,306,61141,74022,24139,3792,37313,47486,31711,46975,33877,38242,32325,23209,13731,5917,11091,1973,21235,15396,14648,12441,11467,1345,2207,748,479,334,145,269,5839,4379,2679,2208,1460,-888888888,-888888888,-888888888,-888888888,-888888888,-888888888,-888888888,-888888888,-888888888,-888888888,-888888888,-888888888,-888888888,-888888888,-888888888,-888888888,-888888888,-888888888,-888888888
2020,Wright County; Missouri,14154,7094,7083,6639,444,11,7060,7083,-888888888,7393,3350,3348,3176,1254,493,3047,1490,6597,5509,573,0,198,73,244,26.7,6639,1880,1212,1294,822,1431,6639,428,400,1049,115,763,623,85,162,198,1723,359,442,292,29,229,6639,4810,932,870,27,6977,763,315,1187,1049,1371,1122,570,477,64,59,36711,46592,4387,48325,3342,15637,1429,21679,652,9353,362,2457,1305,4723,280,111,579,822,1056,813,525,422,64,51,41773,54942,18858,2254,23140,26204,22470,35942,25048,18072,15043,9392,8671,3029,4873,986,9708,6556,6138,5098,4690,878,1040,418,199,166,33,219,3152,2388,903,1766,764,-888888888,-888888888,-888888888,-888888888,-888888888,-888888888,-888888888,-888888888,-888888888,-888888888,-888888888,-888888888,-888888888,-888888888,-888888888,-888888888,-888888888,-888888888,-888888888
