year,county_name,employment_status_population_16_years_and_over,employment_status_population_16_years_and_over_in_,employment_status_population_16_years_and_over_in_,employment_status_population_16_years_and_over_in_,employment_status_population_16_years_and_over_in_,employment_status_population_16_years_and_over_in_,employment_status_population_16_years_and_over_not,employment_status_civilian_labor_force,employment_status_civilian_labor_force_unemploymen,employment_status_females_16_years_and_over,employment_status_females_16_years_and_over_in_lab,employment_status_females_16_years_and_over_in_lab,employment_status_females_16_years_and_over_in_lab,employment_status_own_children_of_the_householder_,employment_status_own_children_of_the_householder_,employment_status_own_children_of_the_householder_,employment_status_own_children_of_the_householder_,commuting_to_work_workers_16_years_and_over,commuting_to_work_workers_16_years_and_over_car_tr,commuting_to_work_workers_16_years_and_over_car_tr,commuting_to_work_workers_16_years_and_over_public,commuting_to_work_workers_16_years_and_over_walked,commuting_to_work_workers_16_years_and_over_other_,commuting_to_work_workers_16_years_and_over_worked,commuting_to_work_workers_16_years_and_over_mean_t,occupation_civilian_employed_population_16_years_a,occupation_civilian_employed_population_16_years_a,occupation_civilian_employed_population_16_years_a,occupation_civilian_employed_population_16_years_a,occupation_civilian_employed_population_16_years_a,occupation_civilian_employed_population_16_years_a,industry_civilian_employed_population_16_years_and,industry_civilian_employed_population_16_years_and,industry_civilian_employed_population_16_years_and,industry_civilian_employed_population_16_years_and,state_fips,county_fips,industry_civilian_employed_population_16_years_and,industry_civilian_employed_population_16_years_and,industry_civilian_employed_population_16_years_and,industry_civilian_employed_population_16_years_and,industry_civilian_employed_population_16_years_and,industry_civilian_employed_population_16_years_and,industry_civilian_employed_population_16_years_and,industry_civilian_employed_population_16_years_and,industry_civilian_employed_population_16_years_and,industry_civilian_employed_population_16_years_and,class_of_worker_civilian_employed_population_16_ye,class_of_worker_civilian_employed_population_16_ye,class_of_worker_civilian_employed_population_16_ye,class_of_worker_civilian_employed_population_16_ye,class_of_worker_civilian_employed_population_16_ye,income_and_benefits_in_2022_inflation_adjusted_dol,income_and_benefits_in_2022_inflation_adjusted_dol,income_and_benefits_in_2022_inflation_adjusted_dol,income_and_benefits_in_2022_inflation_adjusted_dol,income_and_benefits_in_2022_inflation_adjusted_dol,income_and_benefits_in_2022_inflation_adjusted_dol,income_and_benefits_in_2022_inflation_adjusted_dol,income_and_benefits_in_2022_inflation_adjusted_dol,income_and_benefits_in_2022_inflation_adjusted_dol,income_and_benefits_in_2022_inflation_adjusted_dol,income_and_benefits_in_2022_inflation_adjusted_dol,income_and_benefits_in_2022_inflation_adjusted_dol,income_and_benefits_in_2022_inflation_adjusted_dol,income_and_benefits_in_2022_inflation_adjusted_dol,income_and_benefits_in_2022_inflation_adjusted_dol,income_and_benefits_in_2022_inflation_adjusted_dol,income_and_benefits_in_2022_inflation_adjusted_dol,income_and_benefits_in_2022_inflation_adjusted_dol,income_and_benefits_in_2022_inflation_adjusted_dol,income_and_benefits_in_2022_inflation_adjusted_dol,income_and_benefits_in_2022_inflation_adjusted_dol,income_and_benefits_in_2022_inflation_adjusted_dol,income_and_benefits_in_2022_inflation_adjusted_dol,income_and_benefits_in_2022_inflation_adjusted_dol,income_and_benefits_in_2022_inflation_adjusted_dol,income_and_benefits_in_2022_inflation_adjusted_dol,income_and_benefits_in_2022_inflation_adjusted_dol,income_and_benefits_in_2022_inflation_adjusted_dol,income_and_benefits_in_2022_inflation_adjusted_dol,income_and_benefits_in_2022_inflation_adjusted_dol,income_and_benefits_in_2022_inflation_adjusted_dol,income_and_benefits_in_2022_inflation_adjusted_dol,income_and_benefits_in_2022_inflation_adjusted_dol,income_and_benefits_in_2022_inflation_adjusted_dol,income_and_benefits_in_2022_inflation_adjusted_dol,income_and_benefits_in_2022_inflation_adjusted_dol,income_and_benefits_in_2022_inflation_adjusted_dol,income_and_benefits_in_2022_inflation_adjusted_dol,income_and_benefits_in_2022_inflation_adjusted_dol,income_and_benefits_in_2022_inflation_adjusted_dol,income_and_benefits_in_2022_inflation_adjusted_dol,income_and_benefits_in_2022_inflation_adjusted_dol,income_and_benefits_in_2022_inflation_adjusted_dol,income_and_benefits_in_2022_inflation_adjusted_dol,health_insurance_coverage_civilian_noninstitutiona,health_insurance_coverage_civilian_noninstitutiona,health_insurance_coverage_civilian_noninstitutiona,health_insurance_coverage_civilian_noninstitutiona,health_insurance_coverage_civilian_noninstitutiona,health_insurance_coverage_civilian_noninstitutiona,health_insurance_coverage_civilian_noninstitutiona,health_insurance_coverage_civilian_noninstitutiona,health_insurance_coverage_civilian_noninstitutiona,health_insurance_coverage_civilian_noninstitutiona,health_insurance_coverage_civilian_noninstitutiona,health_insurance_coverage_civilian_noninstitutiona,health_insurance_coverage_civilian_noninstitutiona,health_insurance_coverage_civilian_noninstitutiona,health_insurance_coverage_civilian_noninstitutiona,health_insurance_coverage_civilian_noninstitutiona,health_insurance_coverage_civilian_noninstitutiona,health_insurance_coverage_civilian_noninstitutiona,health_insurance_coverage_civilian_noninstitutiona,health_insurance_coverage_civilian_noninstitutiona,health_insurance_coverage_civilian_noninstitutiona,health_insurance_coverage_civilian_noninstitutiona,health_insurance_coverage_civilian_noninstitutiona,health_insurance_coverage_civilian_noninstitutiona,percentage_of_families_and_people_whose_income_in_,percentage_of_families_and_people_whose_income_in_,percentage_of_families_and_people_whose_income_in_,percentage_of_families_and_people_whose_income_in_,percentage_of_families_and_people_whose_income_in_,percentage_of_families_and_people_whose_income_in_,percentage_of_families_and_people_whose_income_in_,percentage_of_families_and_people_whose_income_in_,percentage_of_families_and_people_whose_income_in_,percentage_of_families_and_people_whose_income_in_,percentage_of_families_and_people_whose_income_in_,percentage_of_families_and_people_whose_income_in_,percentage_of_families_and_people_whose_income_in_,percentage_of_families_and_people_whose_income_in_,percentage_of_families_and_people_whose_income_in_,percentage_of_families_and_people_whose_income_in_,percentage_of_families_and_people_whose_income_in_,percentage_of_families_and_people_whose_income_in_,percentage_of_families_and_people_whose_income_in_
2022,Appling County; Georgia,14411,7660,7650,7394,256,10,6751,7650,-888888888,7228,3386,3386,3303,1306,689,2393,1220,7195,5745,938,53,64,264,131,22.5,7394,2065,1175,1313,1201,1640,7394,418,780,981,13,001,68,1191,720,120,196,344,1407,325,237,607,7394,5775,1303,316,0,6890,710,373,1019,1047,627,1134,705,706,375,194,43268,59805,4627,65517,2404,20761,1027,27347,716,12108,155,4123,1378,5132,361,219,468,720,552,1026,644,615,348,179,54028,69003,23940,1758,21518,30275,31810,45217,32415,18081,15502,9615,7932,2579,4866,211,10084,6809,6626,5064,4834,425,1562,183,110,105,5,73,3275,2560,1189,1567,715,-888888888,-888888888,-888888888,-888888888,-888888888,-888888888,-888888888,-888888888,-888888888,-888888888,-888888888,-888888888,-888888888,-888888888,-888888888,-888888888,-888888888,-888888888,-888888888
2022,Atkinson County; Georgia,6401,3777,3777,3605,172,0,2624,3777,-888888888,3259,1630,1630,1567,566,172,1232,645,3523,2919,391,0,55,107,51,25.4,3605,976,514,529,628,958,3605,189,403,849,13,003,66,270,292,9,186,121,644,322,153,101,3605,2839,529,222,15,3063,101,209,362,699,407,491,315,304,57,118,38007,59101,2327,61356,835,20012,297,28713,297,10992,31,2326,660,2264,88,42,215,506,247,422,302,280,78,84,51037,66351,23066,799,26891,34701,29717,33058,43087,8236,6319,3415,3670,1917,2370,106,4768,3399,3234,1991,1954,65,1243,165,74,43,31,91,1369,920,261,714,449,-888888888,-888888888,-888888888,-888888888,-888888888,-888888888,-888888888,-888888888,-888888888,-888888888,-888888888,-888888888,-888888888,-888888888,-888888888,-888888888,-888888888,-888888888,-888888888
2022,Bacon County; Georgia,8640,4455,4442,4253,189,13,4185,4442,-888888888,4444,2140,2140,2040,818,585,1562,1302,4213,3654,341,0,59,51,108,22.0,4253,1072,663,754,891,873,4253,341,339,543,13,005,109,565,436,76,90,245,1014,173,108,214,4253,3252,813,188,0,3909,352,267,449,454,607,673,465,381,180,81,43938,64535,2851,63746,1450,22000,699,27358,195,8413,79,1185,662,2573,156,54,336,312,289,457,381,342,180,66,56098,78175,24654,1336,30441,34716,31187,44278,35259,10549,8922,5615,4495,1627,3047,178,5701,3834,3645,3011,2742,369,634,189,106,74,32,83,1867,1187,658,662,680,-888888888,-888888888,-888888888,-888888888,-888888888,-888888888,-888888888,-888888888,-888888888,-888888888,-888888888,-888888888,-888888888,-888888888,-888888888,-888888888,-888888888,-888888888,-888888888
2022,Baker County; Georgia,2377,1025,1025,900,125,0,1352,1025,-888888888,1258,460,460,445,129,94,422,314,875,778,50,21,4,9,13,23.8,900,317,126,233,107,117,900,79,42,115,13,007,7,113,49,3,53,68,187,14,43,127,900,611,201,88,0,1097,172,41,91,156,158,159,101,122,74,23,45417,59560,703,63335,527,21614,282,22059,74,15219,10,7120,189,739,77,0,27,169,126,90,43,110,74,23,48634,68943,23731,358,22045,30589,33231,53673,32604,2878,2400,1267,1395,478,568,6,1546,940,815,748,694,93,67,125,90,32,58,35,606,236,137,103,370,-888888888,-888888888,-888888888,-888888888,-888888888,-888888888,-888888888,-888888888,-888888888,-888888888,-888888888,-888888888,-888888888,-888888888,-888888888,-888888888,-888888888,-888888888,-888888888
2022,Baldwin County; Georgia,36567,18098,18098,16838,1260,0,18469,18098,-888888888,18236,8530,8530,8020,2001,1435,5516,4287,16374,13694,1302,36,82,468,792,26.6,16838,5690,3458,3494,1683,2513,16838,302,733,1786,13,009,214,2102,840,107,1081,1301,5125,2121,391,735,16838,12202,3997,632,7,15853,1797,837,1468,1410,1734,2608,2267,2065,1010,657,54699,83400,10990,87479,5499,22323,4394,35238,988,11524,420,1286,2530,9569,817,201,511,698,913,1657,1595,1641,965,571,74684,107410,31681,6284,32693,44895,34051,52935,38241,41217,36128,27441,13983,5089,9669,542,24844,16733,15731,13304,12397,1176,2427,1002,567,375,192,435,8111,6426,4223,2806,1685,-888888888,-888888888,-888888888,-888888888,-888888888,-888888888,-888888888,-888888888,-888888888,-888888888,-888888888,-888888888,-888888888,-888888888,-888888888,-888888888,-888888888,-888888888,-888888888
2022,Banks County; Georgia,14950,8645,8634,8420,214,11,6305,8634,-888888888,7438,3908,3908,3784,1111,774,2552,1743,8321,6866,691,20,60,12,672,32.9,8420,2841,1285,1511,1054,1729,8420,203,637,1718,13,011,225,964,704,131,110,659,1709,603,440,317,8420,6609,1272,519,20,6667,297,414,628,503,715,960,1225,1259,385,281,69096,78399,4743,84961,2407,20725,1442,29769,307,11205,96,1644,658,4996,228,242,206,288,472,842,970,1090,385,273,79983,88817,30024,1671,29511,42587,39344,56974,39072,18370,15861,11642,6348,2509,4171,361,11092,8131,7962,6624,6297,449,1338,169,119,44,78,50,2961,2201,1435,1230,760,-888888888,-888888888,-888888888,-888888888,-888888888,-888888888,-888888888,-888888888,-888888888,-888888888,-888888888,-888888888,-888888888,-888888888,-888888888,-888888888,-888888888,-888888888,-888888888
2022,Barrow County; Georgia,65498,43753,43717,41974,1743,36,21745,43717,-888888888,33466,19752,19716,19044,6241,3926,13769,9760,40978,32441,5043,12,350,441,2691,33.6,41974,13816,6483,9239,5161,7275,41974,355,4249,5210,13,013,1773,5765,2165,514,1905,4670,7826,3272,2359,1911,41974,33877,5704,2348,45,28781,1249,603,1665,2012,3523,5332,4789,5645,2410,1553,75053,88455,23392,88551,8731,22955,6267,25998,1123,12934,467,3772,2916,21819,824,311,895,1119,2256,4107,3884,4924,2151,1348,82933,96089,30899,6962,45547,55187,40308,53139,46329,84157,70613,52928,25685,13544,22432,2140,51167,40470,38925,31597,30267,2086,7328,1545,694,404,337,851,10697,7724,5030,3533,2973,-888888888,-888888888,-888888888,-888888888,-888888888,-888888888,-888888888,-888888888,-888888888,-888888888,-888888888,-888888888,-888888888,-888888888,-888888888,-888888888,-888888888,-888888888,-888888888
2022,Bartow County; Georgia,86585,55266,55141,52132,3009,125,31319,55141,-888888888,43766,25540,25540,23674,7550,4545,17040,12266,51272,39718,5624,284,519,514,4613,29.0,52132,16329,7305,13273,5723,9502,52132,308,4411,9947,13,015,1562,6078,3680,650,2081,4739,9332,4368,2604,2372,52132,42305,7179,2629,19,38429,2038,1031,2421,2862,4366,6577,5779,7991,2697,2667,74812,89775,30572,91072,11176,22976,8169,26941,2296,12001,688,2470,3264,28456,955,347,1149,2106,2487,4708,4719,6959,2664,2362,87480,100879,32102,9973,42690,52878,41819,56060,44196,108314,93289,72923,30906,15025,27421,2059,65695,50455,47985,40688,39505,2237,7297,2470,1525,1276,249,945,15240,10968,7401,4764,4272,-888888888,-888888888,-888888888,-888888888,-888888888,-888888888,-888888888,-888888888,-888888888,-888888888,-888888888,-888888888,-888888888,-888888888,-888888888,-888888888,-888888888,-888888888,-888888888
2022,Ben Hill County; Georgia,13540,7498,7459,7089,370,39,6042,7459,-888888888,7361,3740,3740,3679,1129,725,2647,1689,7099,5980,796,56,16,48,203,15.6,7089,1737,1186,1662,774,1730,7089,161,420,1509,13,017,57,819,618,86,294,399,1179,695,391,461,7089,5594,1198,297,0,7126,957,514,807,1036,1037,1184,651,492,260,188,38255,54433,4929,62249,2369,19678,909,23206,649,10022,96,910,1468,4586,453,193,404,680,682,798,583,386,237,170,42861,62438,22625,2540,25625,39308,29929,42185,36721,16814,13694,8218,7472,3120,4386,359,9557,6615,6298,4705,4248,637,1593,317,93,25,74,224,2942,1998,899,1232,944,-888888888,-888888888,-888888888,-888888888,-888888888,-888888888,-888888888,-888888888,-888888888,-888888888,-888888888,-888888888,-888888888,-888888888,-888888888,-888888888,-888888888,-888888888,-888888888
2022,Berrien County; Georgia,14392,7684,7608,7257,351,76,6708,7608,-888888888,7297,3331,3314,3212,1237,785,2930,1664,7206,6141,541,37,85,70,332,23.2,7257,2224,1051,1288,1131,1563,7257,218,686,1390,13,019,48,775,372,96,284,340,1665,577,270,536,7257,5069,1598,569,21,6773,595,577,664,752,857,1084,945,847,318,134,48670,63731,4544,70931,2534,18910,1210,29120,479,10946,75,3105,1366,4711,304,218,316,554,526,865,821,686,305,116,61384,73609,25100,2062,21695,35758,36337,48032,37492,17929,14027,8513,7650,3902,4696,463,10100,6853,6502,4543,4163,558,1959,351,127,67,60,224,3247,2084,912,1392,1163,-888888888,-888888888,-888888888,-888888888,-888888888,-888888888,-888888888,-888888888,-888888888,-888888888,-888888888,-888888888,-888888888,-888888888,-888888888,-888888888,-888888888,-888888888,-888888888
2022,Bibb County; Georgia,122654,70508,70220,64934,5286,288,52146,70220,-888888888,65925,36665,36612,33585,10754,8062,23582,17895,63811,51469,5159,684,1391,887,4221,21.7,64934,23511,12102,14896,4534,9891,64934,432,3168,5767,13,021,1578,7905,4232,669,5175,6292,17070,6591,2534,3521,64934,52576,9821,2476,61,59480,6157,4499,5803,6017,7776,9208,5828,7536,3216,3440,48897,74427,42598,78306,20283,19814,13313,27218,5285,10384,1643,2738,12908,35720,2644,1942,2526,2978,3893,6193,3857,6059,2706,2922,64826,92319,30115,23760,31432,44420,33576,51667,41543,153328,132069,84911,65443,21259,40072,2055,88934,63990,59563,48439,45560,4820,11124,4427,2066,1239,976,2361,24944,19393,9346,12330,5551,-888888888,-888888888,-888888888,-888888888,-888888888,-888888888,-888888888,-888888888,-888888888,-888888888,-888888888,-888888888,-888888888,-888888888,-888888888,-888888888,-888888888,-888888888,-888888888
2022,Bleckley County; Georgia,10406,5337,5329,5005,324,8,5069,5329,-888888888,5345,2648,2648,2434,723,659,1483,1225,4963,4173,475,7,10,100,198,25.0,5005,1748,1264,755,532,706,5005,103,94,419,13,023,29,631,421,23,177,254,1578,374,158,744,5005,3191,1724,90,0,4223,334,304,432,441,464,680,601,597,224,146,56021,72658,2856,72507,1633,22191,1268,30252,566,10661,321,1119,879,3101,151,153,214,295,323,594,476,564,205,126,62701,84092,28207,1122,21914,36519,31523,45236,41134,12012,10904,8186,4647,1108,2662,40,7334,4889,4575,4234,3853,614,341,314,122,49,89,192,2445,1922,1177,1030,523,-888888888,-888888888,-888888888,-888888888,-888888888,-888888888,-888888888,-888888888,-888888888,-888888888,-888888888,-888888888,-888888888,-888888888,-888888888,-888888888,-888888888,-888888888,-888888888
2022,Brantley County; Georgia,14380,7231,7224,6986,238,7,7149,7224,-888888888,7264,3259,3259,3113,1303,661,2497,1310,6865,5938,703,0,0,86,138,31.1,6986,1774,1170,1284,1076,1682,6986,279,772,704,13,025,45,889,829,125,240,340,1155,658,408,542,6986,5362,1188,433,3,6649,610,362,1316,802,720,977,710,872,216,64,40166,55077,3885,69127,2870,18445,1225,22295,683,9065,135,4227,1340,3938,188,37,410,385,757,703,468,783,143,64,60170,69380,22767,2711,19777,30516,33820,43476,35572,18035,15169,8391,8256,2866,4281,70,10813,6765,6527,5150,4752,511,1377,238,198,169,29,40,4048,2669,1046,1942,1379,-888888888,-888888888,-888888888,-888888888,-888888888,-888888888,-888888888,-888888888,-888888888,-888888888,-888888888,-888888888,-888888888,-888888888,-888888888,-888888888,-888888888,-888888888,-888888888
2022,Brooks County; Georgia,13129,6974,6967,6627,340,7,6155,6967,-888888888,6797,3470,3463,3332,925,368,2386,1495,6521,5451,610,0,209,20,231,23.3,6627,1621,1520,1282,945,1259,6627,452,399,1171,13,027,165,601,282,29,210,262,1491,660,485,420,6627,5085,1004,538,0,5957,619,500,867,594,745,1063,566,569,176,258,42263,66023,3999,67396,2170,18370,1241,49632,260,8892,128,1158,1159,3597,279,128,403,295,493,776,370,520,112,221,60873,84076,28004,2360,23640,36900,33582,44083,35081,16113,13134,9007,6686,2979,3855,158,9135,6264,5995,4498,4122,629,1497,269,108,64,44,161,2871,1876,1089,1138,995,-888888888,-888888888,-888888888,-888888888,-888888888,-888888888,-888888888,-888888888,-888888888,-888888888,-888888888,-888888888,-888888888,-888888888,-888888888,-888888888,-888888888,-888888888,-888888888
2022,Bryan County; Georgia,33430,23209,21417,20236,1181,1792,10221,21417,-888888888,16955,10762,10762,10210,3592,2150,9163,6535,21534,17837,1541,28,115,462,1551,33.0,20236,8614,2838,4367,2028,2389,20236,87,1538,2440,13,029,626,2315,1593,289,1185,1773,4675,2018,728,969,20236,15934,3105,1197,0,15255,486,233,807,1023,754,2725,2362,3397,1638,1830,90627,117553,13152,112206,3496,22955,3319,27037,613,10280,128,2618,1236,12010,257,90,455,598,452,2214,1776,2885,1591,1692,102302,129469,39829,3245,52324,66088,49212,67203,48485,43080,39389,33822,10641,3691,13758,637,24692,19647,18529,16575,16198,1599,1954,1118,790,742,97,328,5045,4275,3406,1465,770,-888888888,-888888888,-888888888,-888888888,-888888888,-888888888,-888888888,-888888888,-888888888,-888888888,-888888888,-888888888,-888888888,-888888888,-888888888,-888888888,-888888888,-888888888,-888888888
2022,Bulloch County; Georgia,65685,39470,39442,36155,3287,28,26215,39442,-888888888,33828,18783,18783,16948,4614,3080,10094,7638,34969,27899,3197,167,609,745,2352,24.5,36155,11683,6397,7576,4494,6005,36155,720,2493,3040,13,031,746,4810,2649,432,1373,2783,9623,4271,1641,1574,36155,26736,7440,1896,83,29634,2245,1652,3390,2713,4057,5140,3721,3872,1562,1282,53675,74400,23808,71342,7890,20089,5461,30239,1642,10330,419,2126,4268,17071,692,455,1242,1264,1855,3357,2529,3168,1383,1126,72633,95469,28484,12563,32335,42520,27964,48325,40544,79206,69806,53093,24081,9400,18406,690,51599,36472,33537,28549,27004,2323,4988,2935,1750,1288,514,1185,15127,12662,9634,3668,2465,-888888888,-888888888,-888888888,-888888888,-888888888,-888888888,-888888888,-888888888,-888888888,-888888888,-888888888,-888888888,-888888888,-888888888,-888888888,-888888888,-888888888,-888888888,-888888888
2022,Burke County; Georgia,19116,11138,11138,10558,580,0,7978,11138,-888888888,10064,5397,5397,4972,1558,1152,3859,2733,10318,8339,722,45,153,229,830,27.0,10558,2301,2278,1917,1661,2401,10558,516,1207,1356,13,033,101,821,1566,9,328,845,1667,1028,374,740,10558,7901,1807,830,20,8913,518,888,1072,706,1229,1470,846,1310,472,402,50321,77372,6123,85973,3498,20776,2064,26364,542,13044,126,1669,1532,5721,339,328,390,485,848,850,581,1221,380,299,60368,84035,29735,3192,27151,60976,33425,52018,34543,24134,21625,14840,9506,2509,6640,193,13605,9968,9510,8058,7460,795,1452,458,310,269,137,148,3637,2921,1926,1300,716,-888888888,-888888888,-888888888,-888888888,-888888888,-888888888,-888888888,-888888888,-888888888,-888888888,-888888888,-888888888,-888888888,-888888888,-888888888,-888888888,-888888888,-888888888,-888888888
2022,Butts County; Georgia,20798,10685,10682,10251,431,3,10113,10682,-888888888,9504,4687,4684,4633,1261,929,3478,2379,10025,8615,571,0,40,89,710,32.8,10251,3089,1497,2325,1230,2110,10251,92,1062,1177,13,035,333,1388,1011,95,533,988,1844,633,621,474,10251,8397,1370,484,0,8483,302,377,576,562,1756,1572,1032,1743,266,297,60076,77618,6124,75989,3394,20477,2615,29101,617,13456,87,5070,1256,6627,252,107,337,444,1228,1209,940,1626,246,238,70592,83509,27875,1856,36977,51186,35631,46536,37845,23025,20445,14434,8547,2580,5513,325,13705,9833,9436,8261,8024,376,1175,397,209,209,186,188,3872,2987,1759,1391,885,-888888888,-888888888,-888888888,-888888888,-888888888,-888888888,-888888888,-888888888,-888888888,-888888888,-888888888,-888888888,-888888888,-888888888,-888888888,-888888888,-888888888,-888888888,-888888888
2022,Calhoun County; Georgia,4837,1809,1809,1603,206,0,3028,1809,-888888888,1753,834,834,742,259,214,652,552,1574,1240,151,7,42,0,134,22.7,1603,525,331,322,125,300,1603,201,41,179,13,037,10,181,79,0,49,141,429,56,36,201,1603,1119,408,76,0,1497,151,113,225,78,220,209,273,111,58,59,48663,63633,1151,63136,639,17276,245,27807,112,9045,13,3523,552,1040,97,22,87,80,195,135,269,87,26,42,56071,71009,18074,457,18799,39607,25000,36827,45987,3900,3289,1891,1766,611,1033,63,2063,1588,1390,1064,981,106,326,198,56,25,31,142,475,398,182,255,77,-888888888,-888888888,-888888888,-888888888,-888888888,-888888888,-888888888,-888888888,-888888888,-888888888,-888888888,-888888888,-888888888,-888888888,-888888888,-888888888,-888888888,-888888888,-888888888
2022,Camden County; Georgia,43299,26922,23072,21987,1085,3850,16377,23072,-888888888,20743,10809,10615,10119,4143,2421,7701,4892,25574,19695,2026,198,1151,308,2196,25.0,21987,7157,4230,4876,2470,3254,21987,218,1821,2282,13,039,407,2984,1411,405,889,1896,3919,2803,696,2256,21987,15827,4929,1185,46,20345,1367,597,1695,1581,2652,3232,2991,3697,1703,830,68104,81749,15858,76615,6187,23864,5561,32459,874,9376,493,3997,2337,14334,931,340,854,901,1738,2274,2157,3071,1318,750,76688,89514,32712,6011,43261,56845,38069,55768,43200,51099,46416,35513,18927,4683,14482,514,28851,20933,20029,17580,16486,2163,2449,904,556,255,341,348,7918,6558,4841,2907,1360,-888888888,-888888888,-888888888,-888888888,-888888888,-888888888,-888888888,-888888888,-888888888,-888888888,-888888888,-888888888,-888888888,-888888888,-888888888,-888888888,-888888888,-888888888,-888888888
2022,Candler County; Georgia,8586,4645,4645,4464,181,0,3941,4645,-888888888,4340,2145,2145,2013,864,245,1690,897,4429,3687,501,0,44,76,121,23.6,4464,1436,822,734,566,906,4464,284,256,632,13,043,95,591,322,74,195,149,1178,500,135,53,4464,3252,897,296,19,4103,305,231,707,554,378,746,366,540,176,100,45519,62538,2931,62544,1623,20269,852,20879,343,8395,91,2101,693,2638,119,75,245,301,310,552,319,494,143,80,63571,73611,24477,1465,21684,40207,29442,45606,35576,10648,8476,5523,4267,2172,2784,403,5979,4272,4091,3125,2945,239,966,181,60,8,52,121,1707,1042,528,676,665,-888888888,-888888888,-888888888,-888888888,-888888888,-888888888,-888888888,-888888888,-888888888,-888888888,-888888888,-888888888,-888888888,-888888888,-888888888,-888888888,-888888888,-888888888,-888888888
2022,Carroll County; Georgia,94925,59698,59630,56102,3528,68,35227,59630,-888888888,49091,28981,28981,27256,8705,6346,17187,12290,54488,42028,6470,250,815,781,4144,29.1,56102,18356,8928,12433,5875,10510,56102,425,4435,9628,13,045,1573,6566,3889,699,2702,5429,11319,4644,2420,2373,56102,45091,7825,3098,88,42996,2151,1484,4338,4138,4800,6799,6427,7669,2780,2410,66895,84126,33646,84387,14481,20804,8583,28278,2357,11355,882,4281,6400,30719,1038,661,2330,2321,2967,4976,5174,6664,2385,2203,79624,95107,30827,12277,35560,50350,35441,52671,41787,118981,104428,77977,39549,14553,30464,1153,72096,55005,51936,43571,41509,3536,8365,3069,1605,1132,480,1464,17091,13596,8964,6299,3495,-888888888,-888888888,-888888888,-888888888,-888888888,-888888888,-888888888,-888888888,-888888888,-888888888,-888888888,-888888888,-888888888,-888888888,-888888888,-888888888,-888888888,-888888888,-888888888
2022,Catoosa County; Georgia,54727,34003,33947,32689,1258,56,20724,33947,-888888888,28097,16132,16130,15576,4268,2197,10168,7164,32259,27324,2454,28,93,210,2150,24.4,32689,11139,4731,8142,3329,5348,32689,240,2937,4873,13,047,716,4233,2497,316,2147,2725,6616,2885,1656,848,32689,26439,4050,2162,38,25775,1091,829,1700,2021,3779,4616,3740,4649,1631,1719,68896,86080,19751,88184,9299,25108,5899,23130,888,10588,574,3609,2778,18501,740,52,619,1103,2729,3193,3035,4051,1362,1617,79712,97278,33515,7274,37666,52988,38624,55594,44461,67544,60216,46803,22922,7328,16224,1064,39219,31006,29864,25526,24469,1794,4338,1142,714,556,192,428,8213,6727,4349,3114,1486,-888888888,-888888888,-888888888,-888888888,-888888888,-888888888,-888888888,-888888888,-888888888,-888888888,-888888888,-888888888,-888888888,-888888888,-888888888,-888888888,-888888888,-888888888,-888888888
2022,Charlton County; Georgia,10515,5468,5445,4993,452,23,5047,5445,-888888888,4031,1906,1906,1709,557,449,1368,730,4961,4720,89,0,2,77,73,26.1,4993,1012,998,755,745,1483,4993,182,521,808,13,049,43,775,318,57,99,512,859,351,37,431,4993,3762,1098,133,0,4043,404,224,474,293,866,647,472,503,42,118,45770,60178,2713,66644,1648,20242,677,25766,256,7960,20,870,986,2642,141,88,212,393,428,446,416,382,35,101,55237,69395,22742,1401,27599,39346,29567,32379,30559,11689,9585,6303,4789,2104,2678,98,7047,4992,4577,3517,3307,307,1060,415,165,126,39,250,2055,1359,617,829,696,-888888888,-888888888,-888888888,-888888888,-888888888,-888888888,-888888888,-888888888,-888888888,-888888888,-888888888,-888888888,-888888888,-888888888,-888888888,-888888888,-888888888,-888888888,-888888888
2022,Chatham County; Georgia,240905,155714,152249,142627,9622,3465,85191,152249,-888888888,126440,77687,77478,72745,20707,15741,37591,29434,143265,107282,15314,2178,3268,3111,12112,22.4,142627,54571,27741,29843,9257,21215,142627,530,8032,10977,13,051,3007,17546,12360,2280,7250,16768,32882,18905,5632,6458,142627,113701,20653,7920,353,117383,6795,4315,8519,10305,14502,21003,14949,19534,8491,8970,66171,92238,92464,88341,37787,22795,27888,32922,5979,11896,1573,4858,13814,70858,2963,1442,3168,4824,8031,11766,10562,13908,6837,7357,81441,110229,37637,46525,45710,61837,35235,54213,44839,288174,249091,186682,97350,39083,66601,5139,174796,138885,130574,107234,101172,9882,23340,8311,4782,3582,1701,3529,35911,29404,20041,12622,6507,-888888888,-888888888,-888888888,-888888888,-888888888,-888888888,-888888888,-888888888,-888888888,-888888888,-888888888,-888888888,-888888888,-888888888,-888888888,-888888888,-888888888,-888888888,-888888888
2022,Chattahoochee County; Georgia,7411,5976,1631,1494,137,4345,1435,1631,-888888888,2367,1427,1042,927,1008,420,942,479,5719,3168,552,237,1329,73,360,10.0,1494,420,453,289,141,191,1494,0,76,64,13,053,25,254,81,0,27,253,260,227,47,180,1494,1034,360,100,0,2031,194,95,160,160,362,470,137,358,72,23,52943,62041,1574,65658,363,15097,384,24173,95,8694,7,-999999999,340,1669,178,41,109,184,324,313,83,359,55,23,49909,63557,23574,362,37632,42351,27719,29174,32679,4758,4521,3803,1156,237,2071,1,2415,1328,1191,1009,995,60,182,137,123,94,30,14,1087,1047,929,283,40,-888888888,-888888888,-888888888,-888888888,-888888888,-888888888,-888888888,-888888888,-888888888,-888888888,-888888888,-888888888,-888888888,-888888888,-888888888,-888888888,-888888888,-888888888,-888888888
2022,Chattooga County; Georgia,19821,9614,9611,9156,455,3,10207,9611,-888888888,9684,4742,4742,4574,1600,1074,3144,2311,8879,7624,881,11,63,49,251,27.4,9156,2011,1263,1699,1289,2894,9156,133,756,2896,13,055,175,1154,236,41,415,488,1636,501,335,390,9156,7464,1044,648,0,9292,613,623,1351,1352,1455,1865,735,887,296,115,43556,54605,6206,57314,3996,20332,2146,20927,879,9685,860,3683,1772,5941,180,200,611,757,1172,1361,560,738,263,99,50661,64712,21576,3351,22966,33544,32474,43763,34048,23308,20287,11571,12010,3021,5675,221,13271,8849,8418,6769,5945,1259,1649,431,203,109,94,228,4422,3499,1568,2612,923,-888888888,-888888888,-888888888,-888888888,-888888888,-888888888,-888888888,-888888888,-888888888,-888888888,-888888888,-888888888,-888888888,-888888888,-888888888,-888888888,-888888888,-888888888,-888888888
2022,Cherokee County; Georgia,212952,146789,146587,141191,5396,202,66163,146587,-888888888,108421,67706,67664,64845,17587,12507,43541,31211,139111,99461,11670,277,757,1440,25506,32.7,141191,62318,20485,32796,12277,13315,141191,636,13547,11393,13,057,4796,17223,6962,4117,11454,23072,24997,11540,6476,4978,141191,116757,15466,8848,120,97023,2831,1806,4273,5312,7474,14049,12277,21341,13443,14217,100824,121950,81081,121249,27325,25320,22125,32118,2579,11999,1135,4597,3448,73261,1597,780,2087,3186,4138,9329,9872,17278,11950,13044,113750,136027,45334,23762,58782,74032,48465,72726,56450,267246,237516,201298,64737,29730,66495,4684,160771,133201,128610,111152,108590,4981,17458,4591,2539,2308,376,2052,27570,22524,18450,6095,5046,-888888888,-888888888,-888888888,-888888888,-888888888,-888888888,-888888888,-888888888,-888888888,-888888888,-888888888,-888888888,-888888888,-888888888,-888888888,-888888888,-888888888,-888888888,-888888888
2022,Clarke County; Georgia,109197,67287,67030,63458,3572,257,41910,67030,-888888888,57808,33947,33810,32066,7048,4454,13963,10428,62244,44691,5236,1466,2901,1278,6672,21.1,63458,28801,12316,10918,3300,8123,63458,560,2204,4879,13,059,1450,6909,2729,734,2297,7351,22057,8398,2211,1679,63458,43622,16370,3225,241,53336,5600,2898,5710,5863,7017,8608,5571,6194,3138,2737,48692,72456,43335,68793,12375,21235,9429,38225,2071,10941,942,3475,5360,24955,995,741,1564,2030,2782,4321,3139,4468,2555,2360,75254,102776,30138,28381,32506,43798,26708,46474,43732,127922,112015,90317,32555,15907,26379,2108,87145,62654,59646,51239,48818,3674,8407,3008,2013,1829,258,995,24491,20246,16780,4504,4245,-888888888,-888888888,-888888888,-888888888,-888888888,-888888888,-888888888,-888888888,-888888888,-888888888,-888888888,-888888888,-888888888,-888888888,-888888888,-888888888,-888888888,-888888888,-888888888
2022,Clay County; Georgia,2371,1173,1173,1132,41,0,1198,1173,-888888888,1240,558,558,535,149,149,447,415,1101,807,161,0,49,51,33,20.1,1132,190,182,209,221,330,1132,132,117,194,13,061,8,111,118,0,13,18,171,76,54,120,1132,907,174,51,0,1143,79,113,155,172,189,126,237,59,11,2,43264,48429,672,47472,489,19748,324,30846,65,10583,3,-999999999,381,655,30,25,60,108,80,72,210,59,9,2,53750,60306,22191,488,25769,32015,29023,46402,30671,2798,2511,1629,1359,287,711,42,1419,1039,1011,898,856,82,113,28,0,0,0,28,380,283,139,160,97,-888888888,-888888888,-888888888,-888888888,-888888888,-888888888,-888888888,-888888888,-888888888,-888888888,-888888888,-888888888,-888888888,-888888888,-888888888,-888888888,-888888888,-888888888,-888888888
2022,Clayton County; Georgia,224412,148467,148143,138006,10137,324,75945,148143,-888888888,122188,78294,78253,72833,24940,18154,50566,36956,134762,99453,17166,4374,1000,2917,9852,32.2,138006,35909,28380,30798,11563,31356,138006,563,8812,10164,13,063,3483,15908,20416,2049,7331,14441,27410,13405,6917,7107,138006,112765,18861,6100,280,104820,6685,3952,8911,11116,15134,21735,14660,14881,4866,2880,56207,70517,86675,68920,25333,19319,20618,28521,6590,10972,2244,3436,19869,69671,3608,1746,4948,6993,9695,13905,10592,11469,4325,2390,62391,78558,25549,35149,38889,47111,33808,45142,39552,293120,239946,155481,107448,53174,86024,10222,177931,138706,129453,103564,93767,14108,25889,9253,5205,3040,2286,4048,39225,26738,14576,15108,12487,-888888888,-888888888,-888888888,-888888888,-888888888,-888888888,-888888888,-888888888,-888888888,-888888888,-888888888,-888888888,-888888888,-888888888,-888888888,-888888888,-888888888,-888888888,-888888888
2022,Clinch County; Georgia,5295,2583,2583,2515,68,0,2712,2583,-888888888,2785,1159,1159,1109,467,259,999,409,2512,1965,138,75,81,156,97,23.5,2515,708,222,552,483,550,2515,269,107,405,13,065,38,157,247,0,136,95,613,98,324,26,2515,1777,578,151,9,2385,448,87,188,239,205,578,265,286,66,23,53350,57046,1605,62434,775,22073,457,25371,125,8762,53,753,463,1715,233,32,123,149,108,460,241,288,60,21,67713,67848,20294,670,25000,27432,32500,35308,34555,6621,5223,3850,2808,1398,1857,242,3792,2359,2291,1729,1715,58,562,68,13,0,13,55,1433,917,625,683,516,-888888888,-888888888,-888888888,-888888888,-888888888,-888888888,-888888888,-888888888,-888888888,-888888888,-888888888,-888888888,-888888888,-888888888,-888888888,-888888888,-888888888,-888888888,-888888888
2022,Cobb County; Georgia,612443,430663,429507,409632,19875,1156,181780,429507,-888888888,316583,206178,205845,194943,52597,37347,115460,85740,401114,281636,29773,2329,4407,8391,74578,29.7,409632,199117,55137,85085,29718,40575,409632,605,29802,31436,13,067,11796,46363,22704,12699,34672,72703,77562,38055,18982,12253,409632,344831,40912,23275,614,291171,9411,5602,12164,15600,26638,46365,37090,56933,33129,48239,94244,126092,249556,124993,67233,25528,58251,32464,7689,11233,3653,4091,17260,194504,3815,1717,5342,7750,14475,27004,23828,40962,26797,42814,114362,147058,48510,96667,60800,79218,49038,71098,59266,760672,666380,560231,177898,94292,185815,15295,476966,395917,378377,325684,317510,15719,52693,17540,10502,8247,2803,7038,81049,62749,51055,15871,18300,-888888888,-888888888,-888888888,-888888888,-888888888,-888888888,-888888888,-888888888,-888888888,-888888888,-888888888,-888888888,-888888888,-888888888,-888888888,-888888888,-888888888,-888888888,-888888888
2022,Coffee County; Georgia,33635,18587,18500,17710,790,87,15048,18500,-888888888,16268,8650,8650,8051,3542,2576,5937,4290,17589,14985,1063,18,271,871,381,18.0,17710,4915,2627,3576,2608,3984,17710,978,1257,3064,13,069,401,1876,1758,66,618,1112,3589,1607,722,662,17710,14043,2512,982,173,14894,1445,1034,1693,1708,1854,2725,1674,1584,562,615,48398,62361,10399,69029,5171,19118,2368,21442,834,11020,184,1156,2432,10316,697,435,858,1043,1314,1980,1340,1576,460,613,58229,74402,23839,4578,25050,33223,33004,40142,38246,40774,33510,21048,16304,7264,11371,833,23280,16806,16164,12117,11451,1105,4047,642,299,119,180,343,6474,4433,2367,2629,2041,-888888888,-888888888,-888888888,-888888888,-888888888,-888888888,-888888888,-888888888,-888888888,-888888888,-888888888,-888888888,-888888888,-888888888,-888888888,-888888888,-888888888,-888888888,-888888888
2022,Colquitt County; Georgia,35398,20611,20601,19342,1259,10,14787,20601,-888888888,17960,9381,9381,8856,3586,2227,7372,5719,19065,15463,1939,306,269,278,810,23.1,19342,5460,2756,3916,3209,4001,19342,2033,1485,2751,13,071,467,2298,1113,117,814,930,4801,904,878,751,19342,15482,2990,843,27,16539,1174,1188,2504,1601,2105,2603,1862,1966,905,631,47235,68065,11874,74345,5438,19810,2677,25476,1724,11420,251,1249,2868,10968,545,575,988,1133,1519,2088,1215,1615,729,561,57859,79506,25766,5571,24555,41662,33480,41789,36897,45366,35359,20595,18595,10007,12432,1891,26063,18905,17833,12852,11672,1455,4981,1072,478,278,200,594,7158,4721,2067,3112,2437,-888888888,-888888888,-888888888,-888888888,-888888888,-888888888,-888888888,-888888888,-888888888,-888888888,-888888888,-888888888,-888888888,-888888888,-888888888,-888888888,-888888888,-888888888,-888888888
2022,Columbia County; Georgia,122465,80012,77059,73121,3938,2953,42453,77059,-888888888,62953,37481,36915,35304,11616,7233,26171,16954,75125,62142,5886,124,253,836,5884,26.2,73121,32411,11891,15092,6369,7358,73121,289,4834,5961,13,073,1366,6911,5355,1901,4060,9195,18094,6590,3042,5523,73121,53085,16683,3232,121,50056,1589,877,2763,2889,3817,8388,6509,10376,6067,6781,92571,114331,39717,112021,14970,25589,14759,32324,1617,10938,1081,3526,3110,37354,1051,384,1286,1431,2030,5787,4959,9010,5120,6296,106774,127751,40677,12702,53608,69899,47223,69040,54738,153471,140144,119573,42298,13327,41231,1580,89633,70914,67535,59677,57865,6726,7858,3379,1980,1738,451,1399,18719,16275,13020,5221,2444,-888888888,-888888888,-888888888,-888888888,-888888888,-888888888,-888888888,-888888888,-888888888,-888888888,-888888888,-888888888,-888888888,-888888888,-888888888,-888888888,-888888888,-888888888,-888888888
2022,Cook County; Georgia,13391,8176,7991,7551,440,185,5215,7991,-888888888,7031,3815,3726,3512,1213,807,2771,2304,7706,6332,1075,5,71,67,156,26.7,7551,2115,1132,1638,1083,1583,7551,187,973,957,13,075,204,1266,457,11,264,413,1488,676,344,311,7551,5745,1123,672,11,6116,531,544,804,705,564,1088,605,733,247,295,46706,65744,4348,76518,2149,17889,1038,15463,482,8641,103,2161,981,4237,343,176,480,475,446,772,448,588,244,265,54115,75123,24060,1879,21951,39266,32695,46142,37652,16911,13705,8589,6659,3206,4705,300,9519,7164,6757,4985,4721,400,1772,407,155,63,101,252,2355,1473,601,1155,882,-888888888,-888888888,-888888888,-888888888,-888888888,-888888888,-888888888,-888888888,-888888888,-888888888,-888888888,-888888888,-888888888,-888888888,-888888888,-888888888,-888888888,-888888888,-888888888
2022,Coweta County; Georgia,117138,75402,75210,73138,2072,192,41736,75210,-888888888,60310,35157,35088,33824,9549,5883,23728,16846,72084,56277,5383,328,702,1846,7548,30.4,73138,29276,11027,15780,6185,10870,73138,640,4250,8525,13,077,1882,7975,7927,1621,3952,8059,14809,6741,3249,3508,73138,59642,10231,3147,118,54177,1649,1168,2860,2533,5981,8514,7471,11270,5980,6751,90031,111379,43358,111806,15434,24637,13875,33185,2517,12897,1364,3383,4191,40443,526,417,1453,1729,3279,5883,5810,9807,5551,5988,105403,125587,41373,13734,47071,63418,46537,65778,50750,146708,133588,109052,40060,13120,36912,2017,88794,69366,67683,60326,58396,3279,7357,1683,1201,1023,277,482,19428,16225,12066,5727,3203,-888888888,-888888888,-888888888,-888888888,-888888888,-888888888,-888888888,-888888888,-888888888,-888888888,-888888888,-888888888,-888888888,-888888888,-888888888,-888888888,-888888888,-888888888,-888888888
2022,Crawford County; Georgia,9963,5469,5450,5008,442,19,4494,5450,-888888888,4815,2423,2412,2232,651,598,1540,1080,4844,3983,329,37,11,155,329,32.7,5008,1460,618,1181,899,850,5008,145,572,274,13,079,77,628,383,65,400,378,1107,205,402,372,5008,3708,752,540,8,4332,323,327,320,228,725,691,570,624,179,345,56948,82870,2767,92834,1986,21610,966,40145,522,10096,96,942,695,3101,110,153,194,161,646,371,442,516,179,329,70483,92268,31240,1231,32875,55002,38138,53516,45224,12010,10207,6154,5192,1803,2620,145,7187,5052,4644,3832,3555,348,812,408,182,108,74,226,2135,1544,505,1104,591,-888888888,-888888888,-888888888,-888888888,-888888888,-888888888,-888888888,-888888888,-888888888,-888888888,-888888888,-888888888,-888888888,-888888888,-888888888,-888888888,-888888888,-888888888,-888888888
2022,Crisp County; Georgia,16062,9397,9397,8630,767,0,6665,9397,-888888888,8198,4495,4495,4145,1325,1171,2580,1915,8315,6681,865,0,20,206,543,20.8,8630,2265,1541,1789,1082,1953,8630,379,574,1094,13,081,440,1141,679,13,211,379,2199,733,308,480,8630,6162,1650,818,0,7951,445,873,991,941,824,1234,1176,799,270,398,47463,67397,5724,69990,3217,20169,1305,30221,835,8905,131,6166,2394,5482,305,308,470,725,467,884,970,752,203,398,60927,80262,28063,2469,22188,32703,33755,42467,37435,19875,16590,9315,9075,3285,4867,218,11209,8647,7937,5864,5534,429,2073,710,387,222,165,323,2562,1913,758,1383,649,-888888888,-888888888,-888888888,-888888888,-888888888,-888888888,-888888888,-888888888,-888888888,-888888888,-888888888,-888888888,-888888888,-888888888,-888888888,-888888888,-888888888,-888888888,-888888888
2022,Dade County; Georgia,13375,7488,7483,7073,410,5,5887,7483,-888888888,6792,3477,3472,3325,912,632,2030,1509,6928,5482,443,0,270,46,687,26.6,7073,2091,1203,1614,1039,1126,7073,58,827,1353,13,083,70,515,453,29,445,515,1694,698,197,219,7073,5739,723,590,21,6074,89,175,441,993,1016,1004,910,917,153,376,59531,79211,4355,80601,2527,23068,1385,25985,395,13309,139,750,481,4333,42,56,124,579,773,776,669,869,98,347,69846,90397,30078,1741,33782,50858,32269,54479,39453,16101,14189,11099,5408,1912,3566,313,9373,6931,6563,5698,5527,329,865,368,197,167,30,171,2442,1900,1280,880,542,-888888888,-888888888,-888888888,-888888888,-888888888,-888888888,-888888888,-888888888,-888888888,-888888888,-888888888,-888888888,-888888888,-888888888,-888888888,-888888888,-888888888,-888888888,-888888888
2022,Dawson County; Georgia,22687,14352,14266,13604,662,86,8335,14266,-888888888,11241,6413,6401,6050,1590,745,3575,2235,13367,9935,1287,3,188,129,1825,30.7,13604,6003,1762,3140,1096,1603,13604,7,1227,1420,13,085,166,1779,580,506,789,2000,2745,1139,492,754,13604,10860,2065,634,45,10343,464,191,407,602,1171,1695,1441,2056,1053,1263,84516,107051,8139,104408,3623,26006,2589,35239,337,13007,155,5135,765,7425,360,72,157,362,639,995,1029,1676,1001,1134,101924,121745,41096,2918,52841,63365,44110,67588,47190,27151,23375,18283,8446,3776,5670,328,16081,12536,12043,9860,9637,489,2183,493,306,293,58,187,3545,2515,1993,689,1030,-888888888,-888888888,-888888888,-888888888,-888888888,-888888888,-888888888,-888888888,-888888888,-888888888,-888888888,-888888888,-888888888,-888888888,-888888888,-888888888,-888888888,-888888888,-888888888
2022,Decatur County; Georgia,22565,11953,11803,11043,760,150,10612,11803,-888888888,11921,5798,5793,5412,2278,1248,4064,2916,10902,8963,1227,30,138,317,227,20.3,11043,3007,2471,2136,1116,2313,11043,607,654,1504,13,087,336,1210,505,180,477,743,2749,846,706,526,11043,8404,1879,737,23,10295,1166,474,1407,838,1458,1577,1231,1497,441,206,47383,63648,6991,68356,3833,19922,2264,26217,633,10285,156,1896,2308,6992,765,149,543,546,935,1195,1099,1127,427,206,55947,74437,24974,3303,24917,35339,34886,45838,36915,27928,23566,13014,13055,4362,7708,392,15546,10781,10149,7470,6954,699,2679,632,390,233,157,242,4765,3729,1612,2354,1036,-888888888,-888888888,-888888888,-888888888,-888888888,-888888888,-888888888,-888888888,-888888888,-888888888,-888888888,-888888888,-888888888,-888888888,-888888888,-888888888,-888888888,-888888888,-888888888
2022,DeKalb County; Georgia,605987,415522,415219,388455,26764,303,190465,415219,-888888888,323340,210020,209944,197338,56931,40715,104492,77293,378641,246053,36228,18889,4524,7327,65620,31.3,388455,186836,56148,76347,20333,48791,388455,1091,17544,25234,13,089,9405,39111,29993,14688,27520,68642,86211,33119,16771,19126,388455,319063,51897,16888,607,284730,13730,8355,19427,21707,32841,44775,34577,45645,24643,39030,76044,111453,234812,113038,71016,21996,56844,32389,13122,11155,4854,4149,35883,163704,4832,2671,8357,9904,14964,23055,19541,30708,17784,31888,97842,136998,43958,121026,52865,73877,43840,61836,55701,755794,655712,496857,226463,100082,182054,12251,475750,387277,363181,307515,292328,23200,55666,24096,14073,9526,4893,10023,88473,67887,46349,27517,20586,-888888888,-888888888,-888888888,-888888888,-888888888,-888888888,-888888888,-888888888,-888888888,-888888888,-888888888,-888888888,-888888888,-888888888,-888888888,-888888888,-888888888,-888888888,-888888888
2022,Dodge County; Georgia,16593,7973,7957,7728,229,16,8620,7957,-888888888,7751,3474,3474,3385,1053,604,2613,2113,7620,6345,694,50,57,226,248,30.0,7728,2197,1132,1193,1391,1815,7728,147,719,1868,13,091,53,509,388,41,250,369,1448,778,305,853,7728,5756,1469,500,3,6608,583,564,667,753,932,1037,694,879,294,205,46091,63137,4399,70449,2850,16942,1399,30530,660,10762,284,1425,1363,4520,282,159,317,432,748,846,564,693,285,194,56029,75284,23137,2088,22650,33183,33495,44200,34827,18442,15723,10884,7607,2719,4092,111,10789,7369,7216,5552,5100,598,1664,153,115,83,66,38,3420,2521,1282,1735,899,-888888888,-888888888,-888888888,-888888888,-888888888,-888888888,-888888888,-888888888,-888888888,-888888888,-888888888,-888888888,-888888888,-888888888,-888888888,-888888888,-888888888,-888888888,-888888888
2022,Dooly County; Georgia,9670,4277,4277,3958,319,0,5393,4277,-888888888,4227,2065,2065,1887,456,365,1182,964,3902,3188,330,83,53,21,227,22.4,3958,1189,846,478,415,1030,3958,427,259,427,13,093,180,336,411,19,128,465,584,174,38,510,3958,2810,793,355,0,3787,263,145,555,478,371,565,395,541,291,183,54109,78644,2862,73432,1675,20351,921,36588,375,9556,48,7283,885,2610,145,76,255,197,290,375,327,519,266,160,71646,89311,27232,1177,27089,50909,33591,46921,36912,9304,7661,4998,3955,1643,2038,354,5160,3633,3401,2510,2374,168,891,232,42,1,41,190,1527,1319,740,724,208,-888888888,-888888888,-888888888,-888888888,-888888888,-888888888,-888888888,-888888888,-888888888,-888888888,-888888888,-888888888,-888888888,-888888888,-888888888,-888888888,-888888888,-888888888,-888888888
2022,Dougherty County; Georgia,66929,37515,37139,33442,3697,376,29414,37139,-888888888,36900,20691,20628,18817,6109,4361,12384,9793,32937,26128,3406,434,653,500,1816,20.5,33442,10924,7215,7309,2350,5644,33442,481,1378,3063,13,095,596,3963,2212,479,1448,2951,9142,3359,1827,2543,33442,25060,6638,1665,79,34041,3352,2712,4454,3045,5266,5983,3362,3669,1141,1057,45640,62407,23947,64726,12101,19132,7931,23347,3214,10591,494,3225,8868,19616,1563,1011,2057,1821,2779,3522,2144,2892,846,981,54050,75824,26563,14425,31913,40515,31403,47349,37957,83147,70447,41990,38449,12700,21561,1450,47907,33955,30725,24443,21988,3230,6282,3230,1846,918,1057,1384,13952,10454,4631,6953,3498,-888888888,-888888888,-888888888,-888888888,-888888888,-888888888,-888888888,-888888888,-888888888,-888888888,-888888888,-888888888,-888888888,-888888888,-888888888,-888888888,-888888888,-888888888,-888888888
2022,Douglas County; Georgia,112789,75362,75218,70280,4938,144,37427,75218,-888888888,59832,37014,36989,34696,9675,6313,25320,18785,69337,53318,5711,493,377,1082,8356,32.8,70280,25576,9495,17126,5917,12166,70280,65,5001,6512,13,097,2410,7912,7093,1595,3763,7773,15523,5677,3205,3751,70280,56121,10374,3683,102,50552,2756,1463,2698,3350,5455,8893,8088,9128,4955,3766,76930,95060,42369,91834,13218,22936,10261,35256,2542,11450,1126,3270,6317,36175,1377,684,1040,1972,3119,6654,6171,7320,4559,3279,86053,105713,34010,14377,46581,62115,42005,56812,48015,143335,125752,96402,44629,17583,39192,2609,87216,69213,64797,56245,53149,5295,8552,4416,2638,1917,892,1778,18003,13427,9006,6028,4576,-888888888,-888888888,-888888888,-888888888,-888888888,-888888888,-888888888,-888888888,-888888888,-888888888,-888888888,-888888888,-888888888,-888888888,-888888888,-888888888,-888888888,-888888888,-888888888
2022,Early County; Georgia,8470,4560,4529,4258,271,31,3910,4529,-888888888,4554,2401,2370,2239,781,603,1784,1440,4220,3261,606,11,80,95,167,23.8,4258,1134,777,909,479,959,4258,206,279,697,13,099,99,520,270,51,179,232,965,334,126,300,4258,3083,1004,160,11,4016,279,211,562,370,636,744,526,480,139,69,48355,67361,2684,61644,1709,20017,853,68504,260,11280,73,3992,978,2791,111,83,301,303,428,631,413,344,138,39,57030,68920,25929,1225,25848,62089,28289,39792,34359,10589,8940,5574,4628,1649,2887,52,5727,3952,3698,2830,2646,430,868,254,66,28,38,188,1775,1234,595,788,541,-888888888,-888888888,-888888888,-888888888,-888888888,-888888888,-888888888,-888888888,-888888888,-888888888,-888888888,-888888888,-888888888,-888888888,-888888888,-888888888,-888888888,-888888888,-888888888
2022,Echols County; Georgia,2976,1940,1940,1901,39,0,1036,1940,-888888888,1567,827,827,821,310,37,513,377,1901,1601,61,5,162,49,23,22.9,1901,286,255,423,548,389,1901,259,324,254,13,101,77,278,58,6,23,116,267,94,74,71,1901,1379,282,240,0,1227,107,87,116,89,67,327,113,247,25,49,61184,70181,927,72240,414,13422,221,26650,116,10800,4,-999999999,91,958,63,53,73,71,64,253,118,194,20,49,68750,76887,24751,269,-666666666,37754,34250,38750,40479,3707,2785,2116,1092,922,932,220,2299,1800,1762,1312,1267,60,450,38,0,0,0,38,499,285,214,134,214,-888888888,-888888888,-888888888,-888888888,-888888888,-888888888,-888888888,-888888888,-888888888,-888888888,-888888888,-888888888,-888888888,-888888888,-888888888,-888888888,-888888888,-888888888,-888888888
2022,Effingham County; Georgia,50024,32968,32612,30888,1724,356,17056,32612,-888888888,25539,15402,15351,14585,4725,2781,11615,9010,30689,26789,2138,141,173,218,1230,30.0,30888,11225,4286,6466,3768,5143,30888,338,2128,5597,13,103,683,3447,2935,352,1399,2496,6251,1949,1330,1983,30888,25024,4456,1360,48,22820,858,580,1164,1707,2145,4237,3419,4815,2132,1763,79474,98830,19183,96748,6093,22590,4723,30083,1137,11405,303,2845,1642,17014,363,147,469,831,1444,3189,2837,4170,1895,1669,92126,111733,36506,5806,40428,54978,44574,65715,46390,64647,58486,49328,16810,6161,17981,759,38997,30756,29090,26235,25616,1994,2855,1666,624,487,196,1042,8241,6780,4956,2896,1461,-888888888,-888888888,-888888888,-888888888,-888888888,-888888888,-888888888,-888888888,-888888888,-888888888,-888888888,-888888888,-888888888,-888888888,-888888888,-888888888,-888888888,-888888888,-888888888
2022,Elbert County; Georgia,15810,9220,9200,8514,686,20,6590,9200,-888888888,8408,4314,4305,4015,1232,896,2797,2032,8440,6668,874,9,187,75,627,23.7,8514,2107,1244,1687,1133,2343,8514,493,600,2002,13,105,299,945,449,53,254,390,1684,540,381,424,8514,6404,1354,716,40,7873,578,467,829,830,1454,1124,859,1117,394,221,48190,65608,5438,70062,3350,20011,2072,19655,784,11336,97,3525,1198,5187,142,116,435,480,944,918,665,928,339,220,62043,78713,27848,2686,26849,37972,34760,47152,38516,19302,16980,10490,9110,2322,4587,156,10810,8091,7438,6085,5775,583,1353,653,305,179,171,348,2719,2266,871,1626,453,-888888888,-888888888,-888888888,-888888888,-888888888,-888888888,-888888888,-888888888,-888888888,-888888888,-888888888,-888888888,-888888888,-888888888,-888888888,-888888888,-888888888,-888888888,-888888888
2022,Emanuel County; Georgia,17744,10094,10091,9194,897,3,7650,10091,-888888888,8722,4690,4690,4164,1760,1230,3473,2668,8865,6867,1240,23,105,151,479,28.6,9194,2379,1581,1600,1521,2113,9194,385,872,1462,13,107,157,1248,821,54,205,656,1875,741,271,447,9194,6965,1396,777,56,8321,527,738,790,617,1724,1727,827,957,227,187,47905,62820,6037,67534,3068,18666,1391,20879,612,10252,131,1696,2402,5629,252,216,609,335,1049,1323,826,735,180,104,53973,65614,24696,2692,26612,51031,32384,41371,41453,22045,18357,10898,10027,3688,6037,241,12511,9167,8312,6553,6016,719,1759,855,349,99,280,506,3344,2188,924,1526,1156,-888888888,-888888888,-888888888,-888888888,-888888888,-888888888,-888888888,-888888888,-888888888,-888888888,-888888888,-888888888,-888888888,-888888888,-888888888,-888888888,-888888888,-888888888,-888888888
2022,Evans County; Georgia,8216,4727,4727,4406,321,0,3489,4727,-888888888,4301,2338,2338,2179,654,541,1855,1399,4262,3285,451,0,223,147,156,24.1,4406,1215,709,701,852,929,4406,458,443,584,13,109,108,311,218,95,150,207,893,515,181,243,4406,3496,707,179,24,3914,305,314,381,367,381,954,380,471,195,166,55222,66877,2813,67378,1550,19379,884,26266,226,9603,169,650,833,2601,258,100,225,174,116,717,300,394,165,152,63064,77465,25580,1313,31619,39166,31416,49302,40256,10257,8577,4901,4819,1680,3051,248,5401,4266,3946,2794,2554,315,1152,320,149,131,60,171,1135,1027,569,610,108,-888888888,-888888888,-888888888,-888888888,-888888888,-888888888,-888888888,-888888888,-888888888,-888888888,-888888888,-888888888,-888888888,-888888888,-888888888,-888888888,-888888888,-888888888,-888888888
2022,Fannin County; Georgia,21971,10563,10553,9979,574,10,11408,10553,-888888888,11339,4747,4747,4559,1179,763,2490,1622,9711,7534,1011,13,167,95,891,26.5,9979,3232,2116,2149,1066,1416,9979,178,1149,1114,13,111,99,1192,393,115,633,1152,1567,924,966,497,9979,7576,1244,1159,0,11327,700,560,842,1354,1480,2612,1272,1172,700,635,54857,80336,7029,75044,5721,23135,3631,34525,645,10154,173,2062,1268,7874,307,113,363,1073,1061,1788,945,1022,661,541,61406,87581,36058,3453,37904,62559,31991,51545,36794,25286,21233,14217,11802,4053,4142,585,13654,9508,8977,6674,6227,734,2303,531,289,289,71,242,4146,3233,2166,1473,913,-888888888,-888888888,-888888888,-888888888,-888888888,-888888888,-888888888,-888888888,-888888888,-888888888,-888888888,-888888888,-888888888,-888888888,-888888888,-888888888,-888888888,-888888888,-888888888
2022,Fayette County; Georgia,95914,57380,57194,54962,2232,186,38534,57194,-888888888,49764,26241,26241,24887,6147,3697,20113,13808,54097,39985,3587,336,261,1516,8412,32.3,54962,27207,7078,10404,3535,6738,54962,138,3109,5146,13,113,1699,4693,7191,1473,2996,6370,11674,5277,2568,2628,54962,44753,7329,2769,111,42888,1023,534,1838,1632,3366,5925,5770,9144,5306,8350,105910,138756,33458,136425,14568,27475,14070,42746,1837,13507,583,4822,1944,33756,640,57,643,895,1986,4636,4148,7871,4813,8067,122500,156139,51004,9132,51468,67021,52738,83701,58344,118389,108946,93504,33523,9443,28891,1906,67071,51527,49606,45222,44051,2934,4384,1921,1313,1237,121,608,15544,13076,11012,3366,2468,-888888888,-888888888,-888888888,-888888888,-888888888,-888888888,-888888888,-888888888,-888888888,-888888888,-888888888,-888888888,-888888888,-888888888,-888888888,-888888888,-888888888,-888888888,-888888888
2022,Floyd County; Georgia,78821,45546,45478,43616,1862,68,33275,45478,-888888888,40691,21656,21656,20829,6553,4663,14349,10257,42651,34112,4303,74,1325,665,2172,23.4,43616,13420,8039,8529,4217,9411,43616,264,3150,7806,13,115,1157,4392,2101,395,1302,3906,10941,3970,2582,1650,43616,35511,5314,2668,123,35996,1972,2022,3637,3251,5042,6315,3772,5797,2288,1900,57868,80139,26511,80517,13000,22619,8428,28606,2116,10206,721,6865,4838,24596,1038,578,1714,2145,3116,4193,3334,4638,2141,1699,72134,93972,30523,11400,33634,46366,33759,48376,37454,96514,82528,58775,35137,13986,24372,1514,56554,41516,39976,32677,30984,2461,7299,1540,686,390,349,854,15038,10842,5618,6176,4196,-888888888,-888888888,-888888888,-888888888,-888888888,-888888888,-888888888,-888888888,-888888888,-888888888,-888888888,-888888888,-888888888,-888888888,-888888888,-888888888,-888888888,-888888888,-888888888
2022,Forsyth County; Georgia,194590,135408,135252,130217,5035,156,59182,135252,-888888888,97604,59219,59219,56541,16851,10848,48119,33824,128130,84202,8050,677,642,1496,33063,31.6,130217,72363,14111,28000,6704,9039,130217,482,7833,11845,13,117,3254,14060,5960,5685,13188,27367,22547,9793,6004,2199,130217,110584,11101,8244,288,84662,1537,845,2562,2545,5280,8278,8955,18355,13700,22605,131660,158520,73606,158901,19730,27617,16491,34066,2021,12221,689,2988,2194,68948,707,319,1482,1244,3223,6241,6581,15891,12454,20806,144747,170108,54002,15714,70083,99916,60400,106070,69547,252422,232728,209668,44200,19694,70656,3836,151021,124507,120001,109046,107504,2804,10955,4506,3518,3378,217,988,26514,23165,20720,3636,3349,-888888888,-888888888,-888888888,-888888888,-888888888,-888888888,-888888888,-888888888,-888888888,-888888888,-888888888,-888888888,-888888888,-888888888,-888888888,-888888888,-888888888,-888888888,-888888888
2022,Franklin County; Georgia,19104,10129,10129,9505,624,0,8975,10129,-888888888,9726,4820,4820,4513,1345,971,3019,1916,9404,7391,1113,0,164,46,690,26.3,9505,2810,1551,1789,1081,2274,9505,487,676,1776,13,119,201,1130,780,101,305,554,2071,688,405,331,9505,7277,1582,619,27,8539,720,513,955,710,1230,1627,1075,968,366,375,52597,71474,5780,73718,3571,21639,2185,31156,443,9110,156,5075,1114,6103,195,255,520,500,908,1285,954,876,311,299,63774,80961,27671,2436,23750,42840,33544,46054,36105,23261,19237,13036,9021,4024,5410,551,13610,9329,8774,7076,6831,394,1698,555,200,162,50,355,4281,2916,1691,1480,1365,-888888888,-888888888,-888888888,-888888888,-888888888,-888888888,-888888888,-888888888,-888888888,-888888888,-888888888,-888888888,-888888888,-888888888,-888888888,-888888888,-888888888,-888888888,-888888888
2022,Fulton County; Georgia,863381,594682,593541,561697,31844,1141,268699,593541,-888888888,446702,288412,288029,272061,66448,46723,147888,108287,551789,339639,31334,28952,13409,14027,124428,28.5,561697,312242,66028,114999,17778,50650,561697,1314,21785,33386,13,121,18084,51128,38350,21924,52654,125986,105376,50058,20670,20982,561697,466129,62654,31592,1322,450856,25746,16509,27400,26925,40021,61481,57203,70893,40945,83733,86267,134949,376750,136506,95109,21274,76942,35534,19484,10662,7730,3698,52954,238879,8069,4316,10588,11894,17488,27431,26876,37772,26452,67993,115353,175874,58314,211977,62290,85846,53380,81821,61852,1051899,944886,762426,273210,107013,240937,13280,685066,553241,524759,466544,448197,29943,58215,28482,19370,13820,6259,9112,131825,107003,78695,35539,24822,-888888888,-888888888,-888888888,-888888888,-888888888,-888888888,-888888888,-888888888,-888888888,-888888888,-888888888,-888888888,-888888888,-888888888,-888888888,-888888888,-888888888,-888888888,-888888888
2022,Gilmer County; Georgia,26144,13907,13907,13571,336,0,12237,13907,-888888888,13071,6113,6113,5961,1747,1313,3526,2633,13217,9827,2224,34,118,104,910,29.0,13571,4325,2157,3121,1943,2025,13571,382,1382,1992,13,123,293,1589,669,394,800,1297,2705,882,574,612,13571,10287,2233,1030,21,12868,570,512,1294,1330,1178,2105,2296,2158,819,606,70334,83115,8637,82358,6277,23374,4006,29002,774,11746,224,3588,1092,8970,149,240,540,692,787,1564,1797,1978,725,498,78531,96176,34412,3898,32500,49322,34605,48456,42736,31364,26251,17793,14196,5113,6150,814,17166,12260,11928,9119,8611,825,2809,332,210,116,94,122,4906,3594,2285,1768,1312,-888888888,-888888888,-888888888,-888888888,-888888888,-888888888,-888888888,-888888888,-888888888,-888888888,-888888888,-888888888,-888888888,-888888888,-888888888,-888888888,-888888888,-888888888,-888888888
2022,Glascock County; Georgia,2362,1344,1342,1321,21,2,1018,1342,-888888888,1303,635,633,632,202,180,395,326,1286,1212,28,0,6,2,38,36.8,1321,288,244,337,180,272,1321,39,65,363,13,125,30,152,82,33,18,29,262,97,38,113,1321,996,252,73,0,1052,39,117,82,106,124,201,132,157,43,51,60469,74995,762,80131,362,18896,201,15990,76,10807,15,6093,161,719,12,18,31,73,70,166,98,157,43,51,74680,94757,28733,333,23125,31752,38650,58750,39861,2819,2532,1528,1313,287,692,2,1709,1244,1235,1040,955,125,195,9,7,0,7,2,465,377,132,270,88,-888888888,-888888888,-888888888,-888888888,-888888888,-888888888,-888888888,-888888888,-888888888,-888888888,-888888888,-888888888,-888888888,-888888888,-888888888,-888888888,-888888888,-888888888,-888888888
2022,Glynn County; Georgia,68635,39584,39508,37799,1709,76,29051,39508,-888888888,37140,19444,19444,18441,4886,3411,11591,8561,36929,29386,3581,72,403,837,2650,19.4,37799,13756,7614,8422,3041,4966,37799,178,2038,3027,13,127,309,5046,2232,352,1695,5118,8643,4870,1725,2566,37799,28977,5799,2873,150,33991,1882,1235,2865,3093,3720,6118,4642,5369,2301,2766,65970,95279,24103,90868,13961,24205,9361,37552,1969,11794,748,3205,4453,22662,806,822,948,1591,2323,4078,3420,4189,2064,2421,81669,111383,39221,11329,36480,58914,37139,56098,42261,83516,71677,51234,32806,11839,18775,1403,46781,35383,33839,27118,25805,2047,6721,1544,860,620,310,684,11398,8432,4942,4321,2966,-888888888,-888888888,-888888888,-888888888,-888888888,-888888888,-888888888,-888888888,-888888888,-888888888,-888888888,-888888888,-888888888,-888888888,-888888888,-888888888,-888888888,-888888888,-888888888
2022,Gordon County; Georgia,45439,27240,27230,26411,819,10,18199,27230,-888888888,23143,11713,11713,11371,4053,2644,8637,5872,26088,21187,2684,15,254,245,1703,23.4,26411,7563,4074,5696,3001,6077,26411,600,1944,7412,13,129,747,2586,1434,512,1229,1847,3943,1557,1223,1377,26411,21520,3437,1381,73,20555,951,1087,1964,2008,2775,3691,2639,2912,1297,1231,57555,79038,15861,77534,6903,21116,3424,26040,1328,13263,355,3003,1948,15085,476,246,1026,1637,1864,2769,2261,2590,1158,1058,67549,89412,29787,5470,30964,47274,36385,50918,40485,57263,47803,34280,19139,9460,14459,1157,34340,25133,24384,19736,19017,1090,4648,749,342,283,95,407,9207,6095,3434,3169,3112,-888888888,-888888888,-888888888,-888888888,-888888888,-888888888,-888888888,-888888888,-888888888,-888888888,-888888888,-888888888,-888888888,-888888888,-888888888,-888888888,-888888888,-888888888,-888888888
2022,Grady County; Georgia,20384,11566,11548,11042,506,18,8818,11548,-888888888,10486,5423,5423,5135,1778,1336,4340,2982,10600,8081,1998,0,116,110,295,25.4,11042,3710,1713,1993,1721,1905,11042,767,1059,976,13,131,384,976,642,86,344,1239,2875,580,641,473,11042,8605,1561,876,0,9792,801,603,1088,966,1225,1631,1195,1440,296,547,51929,69859,7027,75435,3757,19512,2157,22935,750,9233,171,1315,2166,6603,367,232,390,794,772,1317,842,1150,255,484,63193,79228,26887,3189,27484,47501,36109,46501,40426,25906,20593,12823,10954,5313,6587,700,14476,10638,10133,7172,6792,790,2961,505,101,78,23,404,3838,2673,1391,1599,1165,-888888888,-888888888,-888888888,-888888888,-888888888,-888888888,-888888888,-888888888,-888888888,-888888888,-888888888,-888888888,-888888888,-888888888,-888888888,-888888888,-888888888,-888888888,-888888888
2022,Greene County; Georgia,15968,7805,7776,7356,420,29,8163,7776,-888888888,8343,3433,3433,3284,959,535,2176,1427,7261,5869,597,0,57,60,678,28.2,7356,2455,1153,1653,777,1318,7356,211,573,753,13,133,240,832,401,91,498,1031,1605,752,145,224,7356,5493,1196,619,48,7617,370,411,606,622,752,1016,1032,1043,672,1093,77527,126105,4654,120402,3767,26265,2565,46814,488,10991,42,2705,713,5294,143,86,238,385,619,697,756,911,563,896,89840,147060,51577,2323,34396,76805,34512,59515,45455,18861,15477,10660,8290,3384,3754,483,9557,6794,6378,4656,4422,315,1722,416,31,31,0,385,2763,1988,1386,741,775,-888888888,-888888888,-888888888,-888888888,-888888888,-888888888,-888888888,-888888888,-888888888,-888888888,-888888888,-888888888,-888888888,-888888888,-888888888,-888888888,-888888888,-888888888,-888888888
2022,Gwinnett County; Georgia,736740,504118,503661,483028,20633,457,232622,503661,-888888888,377906,237922,237861,227155,71340,45044,171268,122287,464985,334360,52088,3250,3442,6416,65429,33.3,483028,197090,74111,103668,46494,61665,483028,1488,41390,43700,13,135,16158,57616,30399,12074,34243,69001,89908,44660,26349,16042,483028,400465,53151,27972,1440,317971,11432,6969,15969,22712,32573,54412,43797,62339,32108,35660,82296,107962,276547,107399,69194,22642,53892,31361,9845,10492,5952,4570,22583,237290,5793,3351,9825,13386,20515,39547,33436,51265,28626,31546,94411,118606,36778,80681,49742,68321,42414,58406,50730,953145,810845,637945,243721,142300,265724,25686,586696,471490,452834,375381,359616,25992,77453,18656,12284,10374,2398,6372,115206,84400,65310,25429,30806,-888888888,-888888888,-888888888,-888888888,-888888888,-888888888,-888888888,-888888888,-888888888,-888888888,-888888888,-888888888,-888888888,-888888888,-888888888,-888888888,-888888888,-888888888,-888888888
2022,Habersham County; Georgia,37580,21643,21621,21126,495,22,15937,21621,-888888888,19931,9982,9982,9743,2884,2075,6451,4511,20660,16059,2525,0,160,346,1570,26.9,21126,6633,3629,4189,2622,4053,21126,567,1750,3937,13,137,445,2015,1052,681,753,1771,4408,1825,1101,821,21126,17198,2633,1271,24,15606,825,893,1280,1630,1951,2846,1888,2412,891,990,61292,81009,11403,83948,6073,21632,3631,26118,760,10685,264,4215,1978,10812,268,308,392,1046,1456,2091,1456,2073,878,844,74176,95420,29069,4794,29682,44902,32068,46114,37195,44698,37840,27440,15853,6858,11129,935,24969,19206,18828,14819,14021,1224,4009,378,156,108,52,222,5763,4083,2023,2456,1680,-888888888,-888888888,-888888888,-888888888,-888888888,-888888888,-888888888,-888888888,-888888888,-888888888,-888888888,-888888888,-888888888,-888888888,-888888888,-888888888,-888888888,-888888888,-888888888
2022,Hall County; Georgia,160778,102694,102542,98562,3980,152,58084,102542,-888888888,81082,45734,45718,43608,14762,9215,33303,22321,97489,72989,12590,621,1007,1823,8459,27.9,98562,32154,13666,20711,12038,19993,98562,962,11068,17635,13,139,3504,11085,5989,1412,4040,10912,16710,7530,5795,1920,98562,82031,9909,6481,141,69387,2673,2145,4753,4547,7820,13067,9618,11839,5987,6938,74153,101102,55028,98863,21559,25080,16406,31460,3309,10492,1266,3357,6409,51739,1458,1091,2291,2826,4808,9961,7652,9965,5511,6176,86127,112296,35624,17648,41369,60283,36970,49673,40628,203764,168213,127026,64731,35551,53099,5894,119438,93879,90415,70712,68375,4146,19703,3464,1883,1275,677,1581,25559,17571,12346,7126,7988,-888888888,-888888888,-888888888,-888888888,-888888888,-888888888,-888888888,-888888888,-888888888,-888888888,-888888888,-888888888,-888888888,-888888888,-888888888,-888888888,-888888888,-888888888,-888888888
2022,Hancock County; Georgia,7580,2698,2698,2530,168,0,4882,2698,-888888888,3262,1489,1489,1397,194,75,851,788,2445,2092,114,0,17,106,116,36.9,2530,528,621,511,208,662,2530,42,140,402,13,141,38,366,343,11,32,91,799,88,21,157,2530,1715,684,131,0,2785,247,293,587,389,285,346,171,238,172,57,31767,53841,1686,51528,1356,21655,991,27114,401,8832,0,-666666666,760,1663,0,74,314,205,193,271,157,220,172,57,57070,74390,19730,1122,18708,23383,32929,47946,34290,7073,6291,3923,3483,782,1251,20,3864,2348,2189,1779,1694,111,410,159,87,79,8,72,1516,1236,872,698,280,-888888888,-888888888,-888888888,-888888888,-888888888,-888888888,-888888888,-888888888,-888888888,-888888888,-888888888,-888888888,-888888888,-888888888,-888888888,-888888888,-888888888,-888888888,-888888888
2022,Haralson County; Georgia,23862,14709,14687,14044,643,22,9153,14687,-888888888,12250,6858,6858,6539,2415,1759,4453,3273,13781,10915,1570,0,22,232,1042,29.4,14044,4513,1852,2744,1800,3135,14044,238,996,3123,13,143,665,1090,929,232,592,1183,2756,899,820,521,14044,11224,1990,764,66,11357,839,448,924,610,1423,2186,1698,1450,1266,513,65940,82330,8580,86677,4117,21350,2603,24066,862,10966,277,3134,1463,8178,297,172,267,431,944,1755,1362,1272,1197,481,78070,97803,31342,3179,28887,38997,41022,56965,44303,29909,26480,20041,10422,3429,7506,198,17751,13607,13041,11121,10641,934,1920,566,298,189,137,268,4144,3174,1795,1750,970,-888888888,-888888888,-888888888,-888888888,-888888888,-888888888,-888888888,-888888888,-888888888,-888888888,-888888888,-888888888,-888888888,-888888888,-888888888,-888888888,-888888888,-888888888,-888888888
2022,Harris County; Georgia,28386,17080,16710,15747,963,370,11306,16710,-888888888,14152,7909,7901,7324,2006,1298,5150,3639,15595,12703,1401,13,184,74,1220,26.3,15747,6906,1858,3330,1505,2148,15747,178,1199,1666,13,145,471,1369,658,263,1427,1679,3723,1387,896,831,15747,11969,3010,755,13,12204,411,227,667,661,871,2264,2158,2256,1217,1472,85936,109995,9174,104317,4540,23807,3613,39208,648,9217,170,4285,1206,9487,249,141,186,601,646,1217,1732,2151,1209,1355,99819,124044,39851,2717,57099,56012,43373,65500,54965,34204,31914,26495,10812,2290,7979,168,19815,15164,14250,13247,13072,875,1003,914,520,475,177,394,4651,3992,2947,1611,659,-888888888,-888888888,-888888888,-888888888,-888888888,-888888888,-888888888,-888888888,-888888888,-888888888,-888888888,-888888888,-888888888,-888888888,-888888888,-888888888,-888888888,-888888888,-888888888
2022,Hart County; Georgia,21271,11640,11603,11046,557,37,9631,11603,-888888888,10796,5474,5465,4994,1539,1198,3277,2177,10998,8760,1199,0,222,50,767,23.3,11046,3346,1884,2413,1325,2078,11046,555,827,2258,13,147,359,1480,481,98,444,746,1669,900,539,690,11046,8597,1520,922,7,10294,593,514,1015,942,1293,1921,1451,1587,478,500,61765,77141,7051,81345,4388,22120,2444,25470,549,12230,91,3926,1206,6741,229,80,436,585,729,1212,1265,1350,397,458,77241,92248,30636,3553,33465,46008,34972,48418,39678,25308,22414,16593,9907,2894,5771,505,13878,10461,9924,8652,8282,611,1272,537,394,265,129,143,3417,2473,1476,1334,944,-888888888,-888888888,-888888888,-888888888,-888888888,-888888888,-888888888,-888888888,-888888888,-888888888,-888888888,-888888888,-888888888,-888888888,-888888888,-888888888,-888888888,-888888888,-888888888
2022,Heard County; Georgia,9226,4978,4975,4705,270,3,4248,4975,-888888888,4677,2147,2147,2044,782,526,1503,1081,4470,3852,343,27,29,63,156,35.5,4705,1238,651,776,1041,999,4705,41,841,648,13,149,73,560,296,38,139,479,935,218,275,162,4705,3818,725,158,4,4405,250,303,506,310,511,795,660,625,224,221,62965,80834,3053,81767,1712,22123,964,32971,529,11720,96,3296,1105,3126,136,132,239,194,319,665,551,534,223,133,71516,81215,32386,1279,28829,75624,35845,54921,35375,11353,9749,5693,5174,1604,2789,205,6707,4562,4306,3485,3138,494,821,256,172,75,106,84,2145,1651,598,1189,494,-888888888,-888888888,-888888888,-888888888,-888888888,-888888888,-888888888,-888888888,-888888888,-888888888,-888888888,-888888888,-888888888,-888888888,-888888888,-888888888,-888888888,-888888888,-888888888
2022,Henry County; Georgia,188828,125651,124978,118323,6655,673,63177,124978,-888888888,100092,62310,62077,58742,15738,11490,42166,32070,115681,89252,9559,1031,402,1210,14227,33.1,118323,41916,18279,27807,10007,20314,118323,460,6229,8917,13,151,2749,13434,18023,2262,5456,11284,25187,9390,5817,9115,118323,91001,20755,6311,256,82232,1884,1462,3467,5773,8848,16133,13755,16120,7975,6815,79663,98501,69513,95817,23265,22287,19774,29261,4238,12216,1326,3326,7860,60476,1242,604,1969,3614,5801,10723,10602,12888,6847,6186,88355,107256,35065,21756,56316,66211,44474,59642,51528,239301,214749,175378,64446,24552,64005,4854,146495,116841,111136,99173,95631,8099,11963,5705,3682,3048,854,2023,29654,24412,18030,9281,5242,-888888888,-888888888,-888888888,-888888888,-888888888,-888888888,-888888888,-888888888,-888888888,-888888888,-888888888,-888888888,-888888888,-888888888,-888888888,-888888888,-888888888,-888888888,-888888888
2022,Houston County; Georgia,127435,83231,78916,75113,3803,4315,44204,78916,-888888888,66250,39331,38373,36163,11486,7510,27745,19763,78041,63657,7205,171,351,1072,5585,22.7,75113,28698,11485,17195,6670,11065,75113,604,3322,6741,13,153,951,9895,4563,911,4969,7514,14810,5795,3066,11972,75113,51124,20538,3357,94,60607,2478,1797,4454,4626,6229,10233,8894,11906,5511,4479,76968,92873,48562,90375,15765,20887,16530,35255,3242,12392,538,2922,6000,42461,1459,516,1819,2257,3721,7066,6663,9794,4968,4198,91406,106744,35223,18146,42295,55658,43520,61513,46828,158581,142012,116964,49001,16569,43593,3374,93898,73267,70022,61779,59387,6857,8243,3245,1900,1561,503,1345,20631,17079,12456,7420,3552,-888888888,-888888888,-888888888,-888888888,-888888888,-888888888,-888888888,-888888888,-888888888,-888888888,-888888888,-888888888,-888888888,-888888888,-888888888,-888888888,-888888888,-888888888,-888888888
2022,Irwin County; Georgia,7834,4175,4175,3917,258,0,3659,4175,-888888888,3781,1949,1949,1796,561,350,1259,1007,3897,3294,303,0,51,71,178,27.1,3917,1156,630,581,532,1018,3917,187,293,543,13,155,118,480,333,41,181,272,929,170,88,282,3917,2899,759,259,0,3566,266,202,453,489,486,801,403,332,60,74,46383,59585,2525,60393,1333,21003,914,21901,58,15607,28,-999999999,362,2314,199,55,191,207,247,582,383,316,60,74,68065,73030,23794,1252,31277,34225,31578,41875,34043,9233,7299,4543,3668,1934,2283,399,5303,3766,3512,2829,2494,365,683,254,88,71,17,166,1537,851,386,527,686,-888888888,-888888888,-888888888,-888888888,-888888888,-888888888,-888888888,-888888888,-888888888,-888888888,-888888888,-888888888,-888888888,-888888888,-888888888,-888888888,-888888888,-888888888,-888888888
2022,Jackson County; Georgia,59926,38397,38299,36907,1392,98,21529,38299,-888888888,30223,18104,18079,17346,5342,3289,13153,9816,36440,28464,2881,190,169,538,4198,30.7,36907,14454,5506,8169,3438,5340,36907,533,2949,4795,13,157,1475,5168,2108,723,1987,4620,7122,1962,1828,1637,36907,29473,5392,1816,226,25740,834,621,1253,1936,2749,4335,3781,5393,2301,2537,82056,101089,21027,101032,8000,23760,5873,28258,1208,12464,591,4275,2125,20550,455,212,798,1394,1871,3367,2995,4856,2182,2420,91750,111416,34703,5190,44745,53759,41455,65822,44136,76325,67360,52917,23046,8965,20345,1543,45099,35217,33931,29677,28697,2255,4254,1286,729,449,288,557,9882,7281,4649,3641,2601,-888888888,-888888888,-888888888,-888888888,-888888888,-888888888,-888888888,-888888888,-888888888,-888888888,-888888888,-888888888,-888888888,-888888888,-888888888,-888888888,-888888888,-888888888,-888888888
2022,Jasper County; Georgia,11855,6944,6913,6491,422,31,4911,6913,-888888888,6104,3342,3342,3154,853,670,2161,1554,6326,5292,526,32,21,101,354,34.7,6491,1876,997,1409,984,1225,6491,182,831,907,13,159,190,692,595,67,314,418,1139,372,456,328,6491,5127,1088,273,3,5530,358,167,345,516,893,1043,788,770,317,333,57374,83435,4165,81364,2043,22711,1481,30278,376,11628,59,1964,704,4088,206,63,154,297,778,717,671,638,283,281,66441,93930,31026,1442,43929,51261,36156,53302,39828,14757,12927,8930,5672,1830,3661,208,8584,6374,6013,4932,4717,283,1081,361,199,180,19,162,2210,1831,1116,807,379,-888888888,-888888888,-888888888,-888888888,-888888888,-888888888,-888888888,-888888888,-888888888,-888888888,-888888888,-888888888,-888888888,-888888888,-888888888,-888888888,-888888888,-888888888,-888888888
2022,Jeff Davis County; Georgia,11554,6064,6028,5783,245,36,5490,6028,-888888888,6018,2932,2932,2809,892,463,2796,1928,5757,4867,457,1,16,302,114,23.2,5783,1621,883,1240,725,1314,5783,367,369,869,13,161,113,741,394,69,151,321,1223,670,272,224,5783,4847,727,209,0,5365,593,258,831,594,696,959,654,358,348,74,41780,56898,3442,65994,2002,19320,1203,15086,397,13372,180,2624,993,3592,336,98,317,382,553,773,405,347,307,74,52236,66783,22065,1773,23685,32991,35775,47325,38102,14711,11419,6940,5860,3292,3967,454,8529,5754,5526,3699,3228,589,1827,228,59,17,42,169,2775,1933,968,1288,842,-888888888,-888888888,-888888888,-888888888,-888888888,-888888888,-888888888,-888888888,-888888888,-888888888,-888888888,-888888888,-888888888,-888888888,-888888888,-888888888,-888888888,-888888888,-888888888
2022,Jefferson County; Georgia,12346,6537,6537,6243,294,0,5809,6537,-888888888,6394,3001,3001,2833,886,392,2401,1467,6165,4845,981,5,103,114,117,29.8,6243,1779,758,1003,926,1777,6243,368,530,1215,13,163,133,586,945,70,143,269,1174,195,129,486,6243,4723,1148,361,11,5826,466,347,839,499,922,992,518,805,316,122,46865,64495,4226,64165,2427,20565,1166,32966,466,10072,81,2354,1473,4036,257,117,492,322,629,731,380,701,324,83,55988,71853,25820,1790,31595,44410,34184,50042,35636,15139,12647,7186,7424,2492,4067,414,8369,5507,5251,3915,3632,496,1336,256,106,83,46,150,2862,2284,1009,1588,578,-888888888,-888888888,-888888888,-888888888,-888888888,-888888888,-888888888,-888888888,-888888888,-888888888,-888888888,-888888888,-888888888,-888888888,-888888888,-888888888,-888888888,-888888888,-888888888
2022,Jenkins County; Georgia,7262,3092,3092,2940,152,0,4170,3092,-888888888,3744,1569,1569,1453,491,391,965,742,2859,2190,278,0,0,63,328,24.1,2940,822,238,919,250,711,2940,217,151,142,13,165,20,402,395,42,270,126,610,121,333,111,2940,1739,627,574,0,3297,275,272,820,427,469,335,253,348,91,7,31463,48434,2129,51960,1497,17026,949,14530,548,10470,83,-999999999,694,1938,35,17,502,243,291,303,247,202,91,7,47541,61504,19360,1359,21059,29329,24404,34184,33438,7919,6490,3529,3880,1429,1725,111,4403,2880,2728,1917,1812,105,811,152,116,13,103,36,1523,1052,393,706,471,-888888888,-888888888,-888888888,-888888888,-888888888,-888888888,-888888888,-888888888,-888888888,-888888888,-888888888,-888888888,-888888888,-888888888,-888888888,-888888888,-888888888,-888888888,-888888888
2022,Johnson County; Georgia,7713,3520,3520,3228,292,0,4193,3520,-888888888,3158,1330,1330,1116,609,384,975,547,3175,2440,544,0,86,48,57,29.0,3228,745,440,528,739,776,3228,81,625,563,13,167,0,378,296,0,93,149,545,140,147,211,3228,2341,624,259,4,3290,291,206,482,400,333,610,432,361,146,29,47796,59256,2098,65148,1300,20924,858,19638,356,10902,25,2372,944,2010,135,93,237,218,210,400,274,283,131,29,56800,68864,23878,1280,30492,39386,33259,45060,31250,8072,7092,4279,3820,980,1763,136,4714,3259,2976,2508,2298,315,468,283,116,55,61,167,1455,1257,494,842,198,-888888888,-888888888,-888888888,-888888888,-888888888,-888888888,-888888888,-888888888,-888888888,-888888888,-888888888,-888888888,-888888888,-888888888,-888888888,-888888888,-888888888,-888888888,-888888888
2022,Jones County; Georgia,22733,13274,13257,12693,564,17,9459,13257,-888888888,11816,6790,6790,6551,1807,1091,4280,3060,12627,10588,993,0,26,117,903,30.5,12693,4464,1528,3605,1481,1615,12693,238,1192,1103,13,169,414,1117,733,163,1461,1173,2876,577,510,1136,12693,9869,2297,477,50,10581,707,353,942,855,1204,1802,1530,1936,829,423,66288,83629,7555,89084,4118,20373,2930,25487,638,11474,461,2011,1447,7435,397,73,446,509,685,1210,1260,1735,715,405,80876,98061,31934,3146,33657,44353,40112,56468,42739,28094,25665,18624,11160,2429,6650,83,16457,12111,11585,10376,9534,1112,1209,526,317,205,150,209,4346,3418,1818,1984,928,-888888888,-888888888,-888888888,-888888888,-888888888,-888888888,-888888888,-888888888,-888888888,-888888888,-888888888,-888888888,-888888888,-888888888,-888888888,-888888888,-888888888,-888888888,-888888888
2022,Lamar County; Georgia,15257,8558,8506,8047,459,52,6699,8506,-888888888,7868,4020,4020,3839,1090,497,2539,1495,7952,6786,597,2,148,230,189,30.3,8047,2419,1510,2141,914,1063,8047,48,575,1647,13,171,235,876,491,61,389,333,1536,568,618,670,8047,6082,1623,342,0,6918,320,318,621,590,713,1273,1093,1046,545,399,64966,82098,4841,80860,2519,23548,1939,34055,788,9455,228,2169,989,4302,86,159,316,226,294,759,688,881,634,259,83303,100627,30978,2616,45106,48084,33616,56452,38808,18432,16463,12551,6329,1969,4359,199,10926,7669,7235,6433,6104,470,802,434,168,117,51,266,3257,2576,1877,1024,681,-888888888,-888888888,-888888888,-888888888,-888888888,-888888888,-888888888,-888888888,-888888888,-888888888,-888888888,-888888888,-888888888,-888888888,-888888888,-888888888,-888888888,-888888888,-888888888
2022,Lanier County; Georgia,8007,3997,3604,3521,83,393,4010,3604,-888888888,4054,2041,1948,1929,872,413,1261,871,3781,2912,289,12,141,139,288,22.9,3521,1015,872,673,413,548,3521,84,304,287,13,173,70,413,177,19,153,275,1060,270,197,212,3521,2615,694,211,1,3544,486,195,418,485,448,497,312,503,105,95,39971,60229,2418,66494,1121,16874,717,32070,226,11074,76,3214,554,2569,389,113,330,132,306,377,235,487,105,95,50740,69499,22128,975,28064,29394,30579,55126,41896,9309,7758,5246,3770,1551,2283,156,5640,3400,3317,2517,2230,428,800,83,60,46,14,23,2240,1682,1121,932,558,-888888888,-888888888,-888888888,-888888888,-888888888,-888888888,-888888888,-888888888,-888888888,-888888888,-888888888,-888888888,-888888888,-888888888,-888888888,-888888888,-888888888,-888888888,-888888888
2022,Laurens County; Georgia,38558,20607,20607,19467,1140,0,17951,20607,-888888888,20623,10245,10245,9672,3379,2109,7855,5529,19037,16586,1485,11,53,189,713,25.9,19467,6296,3561,3928,2188,3494,19467,373,1716,2159,13,175,272,2514,1221,240,678,1154,5026,1909,887,1318,19467,15130,3500,819,18,17813,1552,1473,2510,1391,2534,2779,1554,2567,779,674,46776,71471,12463,71872,7147,18752,3779,25755,888,10395,728,1251,3644,12303,650,720,1272,1001,1775,2077,1282,2149,774,603,59173,85468,27565,5510,20987,35828,34136,49867,36563,48634,42079,27808,20470,6555,12598,915,27472,18905,17980,14743,13517,1755,3237,925,573,377,204,352,8567,6664,3480,4094,1903,-888888888,-888888888,-888888888,-888888888,-888888888,-888888888,-888888888,-888888888,-888888888,-888888888,-888888888,-888888888,-888888888,-888888888,-888888888,-888888888,-888888888,-888888888,-888888888
2022,Lee County; Georgia,25525,16760,16606,15880,726,154,8765,16606,-888888888,12684,8271,8271,7888,2473,1986,5106,4000,15619,12897,1845,0,37,83,757,22.8,15880,7606,2189,3186,1551,1348,15880,477,917,1154,13,177,347,1890,898,158,533,1239,4641,1119,1056,1451,15880,11777,3386,693,24,11806,415,323,397,630,1177,2298,1921,2739,1220,686,83632,95557,9765,95023,3432,20983,2484,31362,478,9465,104,2857,1002,9356,248,49,257,414,759,1814,1485,2536,1151,643,94150,104734,34074,2450,43488,55929,44590,70256,47671,31862,29557,24124,9208,2305,9145,307,18509,15295,14690,13556,13242,879,1134,605,333,177,165,272,3214,2637,1945,1070,577,-888888888,-888888888,-888888888,-888888888,-888888888,-888888888,-888888888,-888888888,-888888888,-888888888,-888888888,-888888888,-888888888,-888888888,-888888888,-888888888,-888888888,-888888888,-888888888
2022,Liberty County; Georgia,49026,32630,25944,23685,2259,6686,16396,25944,-888888888,23567,14228,13021,11661,7163,3653,9836,6165,29627,23777,3084,79,684,399,1604,23.5,23685,7708,4746,4825,2227,4179,23685,175,1093,2118,13,179,442,3134,1983,230,1168,2578,5127,2359,1018,2260,23685,16980,5498,1201,6,22975,1738,695,1696,2059,4007,4714,3346,2879,1264,577,55149,68445,18421,64970,5637,18949,5399,29314,1173,11106,396,2171,3672,15862,1073,306,966,913,2808,3628,2574,2076,980,538,61242,74552,26121,7113,38499,49625,33468,45183,35425,58442,51774,39729,20041,6668,18860,1311,33399,24322,22170,18761,17473,2943,3409,2152,1453,961,653,699,9077,7844,5681,3348,1233,-888888888,-888888888,-888888888,-888888888,-888888888,-888888888,-888888888,-888888888,-888888888,-888888888,-888888888,-888888888,-888888888,-888888888,-888888888,-888888888,-888888888,-888888888,-888888888
2022,Lincoln County; Georgia,6461,3358,3321,3203,118,37,3103,3321,-888888888,3353,1666,1666,1620,341,157,1017,714,3162,2669,313,5,0,41,134,31.0,3203,1052,638,569,405,539,3203,5,293,418,13,181,51,321,177,17,77,288,884,189,306,177,3203,2179,649,354,21,3015,147,184,367,255,537,449,257,488,217,114,50754,71037,2023,72018,1447,22711,905,31599,108,9086,18,-999999999,327,2156,49,53,200,123,379,351,226,464,197,114,63958,85104,28414,859,21583,31572,31471,50577,35694,7639,6593,4431,3540,1046,1629,78,4097,2906,2788,2221,2167,167,567,118,35,20,15,83,1191,950,514,591,241,-888888888,-888888888,-888888888,-888888888,-888888888,-888888888,-888888888,-888888888,-888888888,-888888888,-888888888,-888888888,-888888888,-888888888,-888888888,-888888888,-888888888,-888888888,-888888888
2022,Long County; Georgia,12732,7880,7195,6873,322,685,4852,7195,-888888888,6331,3221,3199,3032,1252,866,2773,1954,7445,5664,999,14,10,348,410,31.0,6873,1704,1542,1061,938,1628,6873,124,835,251,13,183,210,873,687,47,187,687,1225,876,282,589,6873,4943,1427,503,0,5547,140,459,508,618,636,1173,690,941,229,153,56819,69881,4210,66563,1354,18466,1534,35770,651,9988,39,1721,936,3846,50,203,266,207,500,866,617,785,221,131,67071,81050,26995,1701,29537,37725,37738,49750,33894,15939,13860,10194,5367,2079,4877,218,9620,6901,6579,5267,4764,869,1312,322,263,259,19,59,2719,2236,1453,1092,483,-888888888,-888888888,-888888888,-888888888,-888888888,-888888888,-888888888,-888888888,-888888888,-888888888,-888888888,-888888888,-888888888,-888888888,-888888888,-888888888,-888888888,-888888888,-888888888
2022,Lowndes County; Georgia,92830,55832,52464,49794,2670,3368,36998,52464,-888888888,48466,27082,26638,25030,9247,5854,17501,12296,52388,43725,4524,120,980,946,2093,19.8,49794,15889,8782,12792,4336,7995,49794,599,3129,3597,13,185,1303,7685,2543,485,2482,4995,12447,5535,1856,3138,49794,38253,8859,2619,63,43720,4906,1930,4410,4566,5003,7729,5357,5798,2297,1724,52821,70840,32688,72845,12549,18707,9552,31072,1919,10175,750,3112,7242,27182,2342,545,1340,2368,2976,4659,4160,5216,2091,1485,72081,87567,27553,16538,30106,40518,33360,49442,36764,112686,95608,76374,37929,17078,30940,2162,66993,48399,45944,36722,35296,3448,9222,2455,1443,817,731,1012,18594,13945,10056,6317,4649,-888888888,-888888888,-888888888,-888888888,-888888888,-888888888,-888888888,-888888888,-888888888,-888888888,-888888888,-888888888,-888888888,-888888888,-888888888,-888888888,-888888888,-888888888,-888888888
2022,Lumpkin County; Georgia,28477,16279,16144,15327,817,135,12198,16144,-888888888,14673,7493,7493,7226,1469,948,3922,2511,15172,11903,1164,37,698,135,1235,27.8,15327,4880,2867,3728,1408,2444,15327,214,1339,1669,13,187,274,2404,551,141,614,1058,3832,1854,750,627,15327,11673,2841,797,16,11450,553,646,1174,1119,1262,1523,1704,1707,1036,726,67592,92797,8263,84514,4184,25247,3100,45461,379,10499,148,5380,941,7696,81,190,489,637,817,1221,1383,1467,794,617,81180,105482,33322,3754,31209,63593,27754,47612,39293,33045,29564,24700,9151,3481,6813,405,20325,14362,13684,11650,11192,631,2034,678,524,286,275,154,5963,5076,4550,753,887,-888888888,-888888888,-888888888,-888888888,-888888888,-888888888,-888888888,-888888888,-888888888,-888888888,-888888888,-888888888,-888888888,-888888888,-888888888,-888888888,-888888888,-888888888,-888888888
2022,McDuffie County; Georgia,16876,9922,9922,9547,375,0,6954,9922,-888888888,8941,5082,5082,4965,1428,1193,3471,2601,9457,8192,498,0,56,168,543,22.4,9547,2957,1499,2357,1110,1624,9547,319,802,1390,13,189,198,1146,602,101,441,688,2491,814,273,282,9547,7618,1508,404,17,8212,522,409,798,891,1086,1797,800,1069,589,251,54752,72508,6255,67318,3054,20042,1928,39540,409,13300,99,3859,1269,5777,312,245,333,381,956,1308,570,900,545,227,63287,82853,28259,2435,31185,43604,34222,54291,35448,21469,19087,11824,9742,2382,5579,248,12087,9209,8834,7430,6559,1127,1404,375,322,53,275,53,2878,2207,1222,1236,671,-888888888,-888888888,-888888888,-888888888,-888888888,-888888888,-888888888,-888888888,-888888888,-888888888,-888888888,-888888888,-888888888,-888888888,-888888888,-888888888,-888888888,-888888888,-888888888
2022,McIntosh County; Georgia,9575,4775,4723,4513,210,52,4800,4723,-888888888,4990,2353,2353,2257,226,154,1212,740,4519,3572,330,35,50,7,525,31.4,4513,1122,1015,1205,531,640,4513,88,211,547,13,191,190,550,346,55,171,802,786,303,297,167,4513,3431,694,344,44,4786,306,277,774,429,553,827,752,479,232,157,51262,65348,3109,63755,2442,21317,1445,25729,395,11872,46,435,1033,3295,151,36,455,207,333,648,657,427,224,157,68307,79036,28773,1491,22293,31956,29660,49189,37512,11074,9510,6367,5308,1564,1819,142,6019,4021,3865,3023,2817,273,842,156,106,99,31,50,1998,1468,739,1027,530,-888888888,-888888888,-888888888,-888888888,-888888888,-888888888,-888888888,-888888888,-888888888,-888888888,-888888888,-888888888,-888888888,-888888888,-888888888,-888888888,-888888888,-888888888,-888888888
2022,Macon County; Georgia,10055,3921,3915,3556,359,6,6134,3915,-888888888,4421,1952,1946,1741,675,522,1569,974,3533,2630,367,0,112,94,330,22.4,3556,846,837,642,400,831,3556,306,219,603,13,193,127,405,223,10,131,97,750,360,67,258,3556,2803,567,186,0,3985,613,413,612,409,388,754,284,323,96,93,33960,63512,2473,76566,1520,18165,963,24753,399,9134,81,2386,1077,2373,218,96,284,224,324,582,238,263,84,60,52301,73362,22681,1612,16235,48286,28555,39531,36100,10104,7692,3517,5107,2412,2427,299,5790,3521,3273,2079,1815,358,1194,248,92,63,46,156,2269,1541,432,1134,728,-888888888,-888888888,-888888888,-888888888,-888888888,-888888888,-888888888,-888888888,-888888888,-888888888,-888888888,-888888888,-888888888,-888888888,-888888888,-888888888,-888888888,-888888888,-888888888
2022,Madison County; Georgia,24111,14139,14139,13312,827,0,9972,14139,-888888888,12418,6932,6932,6600,2105,1056,4331,2817,12960,10872,974,98,322,107,587,28.4,13312,4165,2314,2655,1884,2294,13312,176,1579,1375,13,195,391,1322,836,78,477,1293,3282,1147,692,664,13312,10487,2220,605,0,10883,580,681,961,1525,1469,1474,1378,1786,551,478,53626,73468,8046,75126,3915,21138,2480,26495,793,12276,179,2416,1501,7998,298,312,476,994,927,1237,1175,1621,528,430,70895,83816,27769,2885,31993,42417,34379,48695,36617,30162,24923,16665,11683,5239,7298,597,17614,13264,12514,9716,8971,914,2798,750,263,161,102,487,4350,2995,1218,1915,1355,-888888888,-888888888,-888888888,-888888888,-888888888,-888888888,-888888888,-888888888,-888888888,-888888888,-888888888,-888888888,-888888888,-888888888,-888888888,-888888888,-888888888,-888888888,-888888888
2022,Marion County; Georgia,6091,2988,2988,2826,162,0,3103,2988,-888888888,3069,1384,1384,1333,431,265,1030,728,2806,2127,485,15,11,6,162,35.1,2826,748,385,599,454,640,2826,148,224,498,13,197,68,347,200,76,81,193,584,176,134,97,2826,2289,318,190,29,2872,181,109,490,244,439,759,190,258,118,84,48836,61169,1836,69157,1237,21168,592,18974,233,10143,74,4022,612,2024,82,19,230,209,274,583,183,252,108,84,64722,72348,24727,848,23922,31418,32446,47740,35036,7413,6161,3853,3061,1252,1671,19,4199,2823,2661,2128,2043,144,533,162,80,78,2,82,1376,758,326,514,618,-888888888,-888888888,-888888888,-888888888,-888888888,-888888888,-888888888,-888888888,-888888888,-888888888,-888888888,-888888888,-888888888,-888888888,-888888888,-888888888,-888888888,-888888888,-888888888
2022,Meriwether County; Georgia,16820,8612,8610,7997,613,2,8208,8610,-888888888,8893,4032,4030,3713,1235,826,2689,2027,7732,6543,744,27,124,44,250,34.2,7997,2092,1463,1236,1122,2084,7997,152,720,1895,13,199,124,642,745,3,337,430,1665,446,443,395,7997,6285,1352,360,0,8106,821,529,839,443,1156,1881,1212,845,214,166,52392,62898,5471,67198,3443,21611,1977,18785,815,11065,174,2847,1859,5789,290,210,514,311,762,1559,1076,714,232,121,62272,73058,25784,2317,21777,33626,35491,54187,35768,20556,17465,10643,9153,3091,4631,566,11700,7875,7333,6221,5975,351,1112,542,239,86,153,303,3825,2720,1093,1817,1105,-888888888,-888888888,-888888888,-888888888,-888888888,-888888888,-888888888,-888888888,-888888888,-888888888,-888888888,-888888888,-888888888,-888888888,-888888888,-888888888,-888888888,-888888888,-888888888
2022,Miller County; Georgia,4734,2559,2559,2430,129,0,2175,2559,-888888888,2542,1331,1331,1235,376,292,899,621,2382,2087,125,24,26,11,109,24.4,2430,891,370,483,291,395,2430,184,117,406,13,201,45,323,79,26,123,138,721,88,125,55,2430,1771,464,190,5,2531,104,305,490,222,130,423,299,390,113,55,52132,67507,1663,76514,989,16705,421,24589,176,10632,82,2352,524,1614,50,87,272,105,75,266,267,350,113,29,68849,80645,29135,917,19702,41956,40200,55479,41395,5765,4812,3123,2404,953,1410,117,3200,2348,2228,1755,1639,141,473,120,37,28,9,83,852,572,283,373,280,-888888888,-888888888,-888888888,-888888888,-888888888,-888888888,-888888888,-888888888,-888888888,-888888888,-888888888,-888888888,-888888888,-888888888,-888888888,-888888888,-888888888,-888888888,-888888888
2022,Mitchell County; Georgia,17203,8629,8629,7811,818,0,8574,8629,-888888888,8349,4174,4174,3734,1359,888,3471,2087,7509,6311,927,58,15,101,97,25.2,7811,2197,1639,1633,1109,1233,7811,685,539,1078,13,205,430,608,503,19,366,742,1370,365,487,619,7811,5874,1367,566,4,7924,841,882,826,716,838,1610,929,704,360,218,45966,62136,5152,69502,3115,18949,1672,22040,738,11714,182,7953,2549,5024,540,403,479,492,466,902,659,574,322,187,56060,70823,24705,2900,34000,44276,32691,50339,34789,19690,15864,8915,9486,3826,5014,354,11078,7632,6859,5110,4694,695,1749,773,277,120,200,496,3446,2223,1053,1539,1223,-888888888,-888888888,-888888888,-888888888,-888888888,-888888888,-888888888,-888888888,-888888888,-888888888,-888888888,-888888888,-888888888,-888888888,-888888888,-888888888,-888888888,-888888888,-888888888
2022,Monroe County; Georgia,23202,13678,13667,13152,515,11,9524,13667,-888888888,11554,6529,6529,6315,1535,1219,3831,2919,12742,11018,1069,38,126,106,385,27.6,13152,4874,2554,2630,977,2117,13152,160,686,1073,13,207,305,1202,878,273,757,1239,3192,1582,695,1110,13152,10213,2077,820,42,10248,507,232,846,511,1080,1955,1353,1867,920,977,74867,105763,7473,109179,3984,22364,3296,34607,488,12539,131,2658,766,7106,106,47,278,347,736,1361,899,1706,877,749,92679,124653,40063,3142,38632,58063,39031,62426,42359,27111,23754,18625,8679,3357,6122,343,15966,12441,11969,10093,9698,526,1876,472,193,155,38,279,3525,2744,2067,1056,781,-888888888,-888888888,-888888888,-888888888,-888888888,-888888888,-888888888,-888888888,-888888888,-888888888,-888888888,-888888888,-888888888,-888888888,-888888888,-888888888,-888888888,-888888888,-888888888
2022,Montgomery County; Georgia,7082,3682,3677,3438,239,5,3400,3677,-888888888,3515,1737,1737,1609,533,370,1090,837,3395,2798,248,8,49,47,245,27.2,3438,1092,566,586,536,658,3438,147,402,283,13,209,34,362,409,32,155,165,921,168,237,123,3438,2502,645,287,4,2966,241,169,327,263,493,319,500,260,164,230,49138,79916,2235,84398,1077,19043,622,27029,138,9256,44,1723,461,2073,71,82,145,231,347,256,368,199,164,210,66419,94801,27994,893,23641,42587,32629,61375,36211,8218,7016,5283,3006,1202,1977,184,4797,3315,3131,2682,2558,258,449,184,117,102,15,67,1482,980,575,493,502,-888888888,-888888888,-888888888,-888888888,-888888888,-888888888,-888888888,-888888888,-888888888,-888888888,-888888888,-888888888,-888888888,-888888888,-888888888,-888888888,-888888888,-888888888,-888888888
2022,Morgan County; Georgia,16287,10149,10149,9855,294,0,6138,10149,-888888888,8487,4893,4893,4714,1270,980,2985,2496,9658,7957,748,40,175,79,659,25.6,9855,3876,1305,1617,1067,1990,9855,294,1031,1409,13,211,154,788,725,123,430,967,2293,818,413,410,9855,7119,1938,798,0,7587,227,469,279,635,633,1179,1280,1390,873,622,81524,100742,5757,92686,2957,24820,1957,39820,319,11228,121,3667,1210,5613,61,180,107,395,384,848,1056,1207,848,527,93601,112658,38932,1974,43571,63182,42976,61380,45330,19993,18275,14556,6582,1718,4790,274,11225,9062,8811,7795,7482,430,1016,251,182,145,37,69,2163,1823,1205,781,340,-888888888,-888888888,-888888888,-888888888,-888888888,-888888888,-888888888,-888888888,-888888888,-888888888,-888888888,-888888888,-888888888,-888888888,-888888888,-888888888,-888888888,-888888888,-888888888
2022,Murray County; Georgia,31590,19186,19173,17895,1278,13,12404,19173,-888888888,15913,8712,8712,8034,2835,1975,5941,4400,17719,15341,1462,0,86,75,755,25.9,17895,4003,2519,3754,1703,5916,17895,343,889,6502,13,213,389,1888,1408,193,450,1236,2131,1022,849,595,17895,15662,1831,402,0,14859,587,913,1261,1610,1986,2756,2433,1987,627,699,60617,74925,11226,82680,4851,20207,2166,22694,1199,12945,300,2175,1969,10939,346,317,612,855,1461,2285,1995,1817,567,684,69618,85951,27383,3920,28638,40720,36651,54484,37044,39779,34147,24063,14094,5632,10294,662,23622,17601,16403,13678,13098,1198,2725,1198,508,442,99,690,6021,4512,2441,2635,1509,-888888888,-888888888,-888888888,-888888888,-888888888,-888888888,-888888888,-888888888,-888888888,-888888888,-888888888,-888888888,-888888888,-888888888,-888888888,-888888888,-888888888,-888888888,-888888888
2022,Muscogee County; Georgia,159002,96515,89396,82874,6522,7119,62487,89396,-888888888,83596,47822,47165,43573,16723,10427,31206,22200,88082,69330,7639,740,1727,2441,6205,20.2,82874,29506,15525,19779,5956,12108,82874,372,3932,8089,13,215,1284,8790,4192,1411,8992,7748,19950,8904,3852,5358,82874,63349,15909,3533,83,79856,6426,4341,7526,8478,10257,14297,10512,9840,3699,4480,54561,75620,58768,76867,23889,18833,17947,26509,6503,10318,1411,2840,14020,48417,2644,1367,3394,4315,5635,8291,7954,7716,3272,3829,69623,90972,30980,31439,35281,49155,36218,51062,40694,194634,171231,124143,77936,23403,53503,2608,112975,83272,77371,65796,61447,10731,11575,5901,3531,2057,1785,2370,29703,23150,14117,13240,6553,-888888888,-888888888,-888888888,-888888888,-888888888,-888888888,-888888888,-888888888,-888888888,-888888888,-888888888,-888888888,-888888888,-888888888,-888888888,-888888888,-888888888,-888888888,-888888888
2022,Newton County; Georgia,87508,56590,56469,52737,3732,121,30918,56469,-888888888,46816,28625,28602,26854,7920,5435,19017,14335,52493,40106,4717,347,650,1472,5201,37.1,52737,18024,8176,11335,5613,9589,52737,334,3924,6894,13,217,1334,6137,4425,1137,2400,4621,12115,3521,2792,3103,52737,40733,8799,3157,48,39906,2181,904,3025,2949,5204,7054,6485,7091,2927,2086,70732,84253,32040,82210,11961,21869,10097,25223,2538,12467,824,1909,5587,29340,1216,561,1813,1790,3310,5818,4366,6282,2359,1825,75725,91755,30101,10566,45660,58095,36226,53343,45033,112402,97082,70848,38062,15320,30883,3014,66846,51770,48488,41045,38705,4077,7443,3282,2698,2391,352,584,15076,10875,6983,5275,4201,-888888888,-888888888,-888888888,-888888888,-888888888,-888888888,-888888888,-888888888,-888888888,-888888888,-888888888,-888888888,-888888888,-888888888,-888888888,-888888888,-888888888,-888888888,-888888888
2022,Oconee County; Georgia,32609,21322,21316,20702,614,6,11287,21316,-888888888,16683,9810,9810,9578,2378,1568,8335,6217,20456,15202,1581,14,79,273,3307,25.5,20702,11037,2385,4020,1341,1919,20702,334,1200,1694,13,219,376,2025,792,325,1849,2545,6348,1343,1034,837,20702,14861,4584,1168,89,14330,394,99,499,410,995,2041,1818,3013,1959,3102,116221,156856,11628,154161,4285,26212,3791,41321,466,12902,321,3939,360,11869,186,72,166,182,662,1592,1376,2808,1842,2983,133014,173319,53848,2461,53839,71373,51963,87303,59823,41776,38761,33901,9769,3015,11661,576,23690,19216,18635,16894,16447,897,1741,581,529,465,76,52,4474,3864,3578,699,610,-888888888,-888888888,-888888888,-888888888,-888888888,-888888888,-888888888,-888888888,-888888888,-888888888,-888888888,-888888888,-888888888,-888888888,-888888888,-888888888,-888888888,-888888888,-888888888
2022,Oglethorpe County; Georgia,12133,7435,7402,7068,334,33,4698,7402,-888888888,6066,3556,3551,3455,908,558,1951,1695,6959,5903,604,0,62,71,319,31.9,7068,2454,1173,1532,736,1173,7068,249,576,698,13,221,198,660,695,41,213,677,2030,404,300,327,7068,4560,1862,640,6,5273,338,324,405,461,485,937,924,753,319,327,66672,79153,3820,78445,2157,20694,1314,33496,326,12197,87,4554,658,3721,144,123,170,262,368,641,663,746,313,291,79990,93218,30225,1552,28048,39614,38004,52601,45188,14812,12970,8934,5852,1842,3348,88,8725,6767,6472,5308,4905,588,1164,295,186,101,88,109,1958,1500,850,789,458,-888888888,-888888888,-888888888,-888888888,-888888888,-888888888,-888888888,-888888888,-888888888,-888888888,-888888888,-888888888,-888888888,-888888888,-888888888,-888888888,-888888888,-888888888,-888888888
2022,Paulding County; Georgia,131973,88005,87707,84122,3585,298,43968,87707,-888888888,67537,41157,41100,39671,11973,7394,29515,20916,82606,64072,7255,347,216,616,10100,38.2,84122,31766,12365,19711,9671,10609,84122,553,8791,7073,13,223,2578,11004,7206,1427,5224,9064,16614,6672,4021,3895,84122,68545,11091,4436,50,56715,1690,516,2454,2439,5446,9887,9783,13668,6619,4213,89237,102401,47826,102263,14631,23165,12296,27933,2743,11160,1632,3323,5096,44601,919,263,1192,1461,3580,7711,8006,12005,5852,3612,98072,109844,35242,12114,55739,63439,46091,65215,50441,168895,150486,121399,46630,18409,46005,2716,104005,81549,78437,68827,65644,6033,9610,3112,1932,1546,624,1180,22456,17888,12515,7544,4568,-888888888,-888888888,-888888888,-888888888,-888888888,-888888888,-888888888,-888888888,-888888888,-888888888,-888888888,-888888888,-888888888,-888888888,-888888888,-888888888,-888888888,-888888888,-888888888
2022,Peach County; Georgia,22841,12853,12738,11891,847,115,9988,12738,-888888888,11754,5712,5703,5231,1756,1175,3542,2645,11644,9224,850,63,209,155,1143,22.6,11891,3597,1840,2801,1311,2342,11891,296,584,1159,13,225,334,1834,841,192,717,980,2766,660,346,1182,11891,8693,2448,750,0,10164,1022,306,1125,1028,838,1631,1116,1963,656,479,60940,79612,7368,82309,3566,19267,2866,30736,807,10455,210,2153,1858,6781,613,129,372,569,645,1025,761,1661,538,468,80095,95034,31349,3383,29510,45405,33611,55644,40400,27904,24813,18051,10316,3091,6652,369,16693,11709,10959,9301,8848,1055,1658,750,301,162,148,449,4984,4369,2623,2167,615,-888888888,-888888888,-888888888,-888888888,-888888888,-888888888,-888888888,-888888888,-888888888,-888888888,-888888888,-888888888,-888888888,-888888888,-888888888,-888888888,-888888888,-888888888,-888888888
2022,Pickens County; Georgia,27928,16154,16071,15344,727,83,11774,16071,-888888888,14164,7357,7357,6992,1737,1132,4262,2396,15293,11618,1581,7,77,81,1929,32.5,15344,4909,2408,3511,1731,2785,15344,230,1383,2278,13,227,326,1773,750,322,1229,1265,3224,1210,770,584,15344,12065,2199,1069,11,13042,496,399,1188,1131,1461,2097,1874,2738,828,830,72558,91717,9281,89717,5596,26545,3709,35772,494,11568,200,4649,1214,9448,246,86,459,864,986,1466,1443,2297,816,785,85424,104383,37686,3594,40896,56140,39494,55092,43189,33148,29029,20593,14049,4119,6762,380,19079,14344,13641,11049,10507,1049,2592,703,431,202,237,272,4735,3861,2179,2026,874,-888888888,-888888888,-888888888,-888888888,-888888888,-888888888,-888888888,-888888888,-888888888,-888888888,-888888888,-888888888,-888888888,-888888888,-888888888,-888888888,-888888888,-888888888,-888888888
2022,Pierce County; Georgia,15429,8718,8673,8474,199,45,6711,8673,-888888888,7811,3911,3911,3801,1370,763,3149,2242,8446,7185,1084,35,34,20,88,26.0,8474,2357,1181,2088,1170,1678,8474,298,520,1609,13,229,321,821,669,33,225,460,2082,618,426,392,8474,6643,1258,573,0,7460,263,509,806,903,832,1494,1135,911,311,296,54861,71390,5395,73787,2823,22638,1500,29411,474,10323,129,1983,1140,5166,64,163,521,664,611,860,972,799,216,296,65653,82068,26392,2294,30521,40884,32557,42348,31702,19622,16870,11186,7845,2752,5185,307,11088,7957,7787,6232,5911,385,1555,170,105,94,35,65,3131,2307,1207,1298,824,-888888888,-888888888,-888888888,-888888888,-888888888,-888888888,-888888888,-888888888,-888888888,-888888888,-888888888,-888888888,-888888888,-888888888,-888888888,-888888888,-888888888,-888888888,-888888888
2022,Pike County; Georgia,15223,9098,9098,8685,413,0,6125,9098,-888888888,7856,4249,4249,4084,1131,711,3025,2091,8480,7239,568,28,170,42,433,34.8,8685,3217,1173,1962,1223,1110,8685,118,1011,1118,13,231,182,853,799,151,482,777,1606,553,317,718,8685,6572,1696,408,9,6445,279,174,369,366,685,1003,964,1509,507,589,83866,100838,4706,108309,2183,25284,1698,30510,343,9303,116,5381,398,4889,141,44,146,181,525,660,714,1418,501,559,100891,116474,35993,1556,38770,48014,46604,61622,53582,18907,16327,12978,5391,2580,4772,355,11155,8417,8034,6756,6653,264,1278,383,145,109,48,238,2738,2029,1471,792,709,-888888888,-888888888,-888888888,-888888888,-888888888,-888888888,-888888888,-888888888,-888888888,-888888888,-888888888,-888888888,-888888888,-888888888,-888888888,-888888888,-888888888,-888888888,-888888888
2022,Polk County; Georgia,33335,19255,19176,18253,923,79,14080,19176,-888888888,17024,8702,8686,8159,3115,1958,6717,4909,17896,14743,1698,76,209,347,823,30.2,18253,4173,3146,3959,2331,4644,18253,81,1428,4259,13,233,417,1771,1284,342,709,1884,3169,1280,817,812,18253,14784,2230,1219,20,15517,978,917,1796,1644,2163,2334,2226,2075,829,555,51956,70683,11424,73474,5313,19533,3495,26841,1128,12842,639,3895,2542,10864,562,341,591,982,1542,1906,1894,1753,770,523,68486,83118,26843,4653,25292,35596,35446,46642,36223,42689,36621,25900,15435,6068,11383,1012,24783,18098,17271,14451,13826,1104,2820,827,334,257,77,493,6685,5013,3182,2353,1672,-888888888,-888888888,-888888888,-888888888,-888888888,-888888888,-888888888,-888888888,-888888888,-888888888,-888888888,-888888888,-888888888,-888888888,-888888888,-888888888,-888888888,-888888888,-888888888
2022,Pulaski County; Georgia,8219,3939,3939,3787,152,0,4280,3939,-888888888,4826,1934,1934,1874,751,527,1053,991,3555,3198,257,1,30,0,69,26.6,3787,1285,667,670,424,741,3787,136,189,463,13,235,23,570,216,15,152,171,1265,143,202,242,3787,2829,876,82,0,3117,304,138,334,505,479,355,339,477,157,29,42545,62414,2048,66241,1499,19553,863,21884,248,8218,98,1515,525,1938,191,79,138,172,318,237,222,408,144,29,54886,74232,23007,1179,30234,39675,26850,42500,35450,8610,7767,5199,4392,843,1931,51,4635,3473,3363,2928,2746,543,435,110,24,0,24,86,1162,891,395,649,271,-888888888,-888888888,-888888888,-888888888,-888888888,-888888888,-888888888,-888888888,-888888888,-888888888,-888888888,-888888888,-888888888,-888888888,-888888888,-888888888,-888888888,-888888888,-888888888
2022,Putnam County; Georgia,18713,9674,9564,9259,305,110,9039,9564,-888888888,9446,4514,4514,4393,1091,662,2788,1874,9295,7452,888,3,16,123,813,32.0,9259,3145,1102,1989,1018,2005,9259,125,717,683,13,237,69,1480,769,61,691,782,2070,820,507,485,9259,7164,1445,650,0,9852,361,284,908,1227,1108,1690,1385,1294,857,738,60825,96829,6397,102635,4232,25240,3333,29942,1048,13957,178,2049,1356,6570,50,27,502,873,547,1085,1131,1064,693,598,80052,106980,42468,3282,38358,73494,38491,58577,43174,21943,19236,13511,10032,2707,4597,350,11905,8146,7875,6523,6116,520,1352,271,231,140,91,40,3759,2861,1648,1556,898,-888888888,-888888888,-888888888,-888888888,-888888888,-888888888,-888888888,-888888888,-888888888,-888888888,-888888888,-888888888,-888888888,-888888888,-888888888,-888888888,-888888888,-888888888,-888888888
2022,Quitman County; Georgia,1957,686,686,525,161,0,1271,686,-888888888,907,304,304,304,53,34,126,80,525,467,50,0,0,0,8,32.9,525,99,207,62,35,122,525,0,29,103,13,239,0,62,29,0,47,0,117,48,9,81,525,406,110,9,0,958,140,37,107,170,171,144,57,100,4,28,38889,51307,359,59053,549,16242,423,38570,56,11148,4,-999999999,256,536,30,9,26,81,81,129,48,100,4,28,59500,71750,22189,422,23750,25243,28342,45020,34224,2180,1672,1038,1140,508,247,20,1174,648,487,385,339,46,102,161,0,0,0,161,526,322,167,190,204,-888888888,-888888888,-888888888,-888888888,-888888888,-888888888,-888888888,-888888888,-888888888,-888888888,-888888888,-888888888,-888888888,-888888888,-888888888,-888888888,-888888888,-888888888,-888888888
2022,Rabun County; Georgia,14612,7045,7035,6849,186,10,7567,7035,-888888888,7522,3313,3304,3249,750,510,1652,1149,6735,4849,662,31,218,82,893,25.7,6849,2305,1442,1387,919,796,6849,115,702,692,13,241,60,752,374,136,592,872,1261,840,271,182,6849,5234,837,774,4,7020,283,599,596,836,811,1149,995,910,353,488,57261,83513,4288,74436,3306,26150,2148,41830,344,10372,150,1009,825,4581,30,181,264,438,580,892,707,732,307,450,71985,102790,35889,2439,28592,44432,33627,43866,43750,16683,14411,10147,7884,2272,2768,214,9252,6216,6071,4686,4376,538,1385,145,95,82,13,50,3036,2428,1395,1304,608,-888888888,-888888888,-888888888,-888888888,-888888888,-888888888,-888888888,-888888888,-888888888,-888888888,-888888888,-888888888,-888888888,-888888888,-888888888,-888888888,-888888888,-888888888,-888888888
2022,Randolph County; Georgia,4885,2651,2651,2452,199,0,2234,2651,-888888888,2640,1499,1499,1417,402,277,1139,1048,2390,1736,467,28,57,23,79,23.0,2452,564,681,460,251,496,2452,264,79,413,13,243,60,491,102,4,56,81,443,57,61,341,2452,1704,558,190,0,2553,214,390,690,331,370,254,49,196,46,13,24638,39003,1715,41473,992,17159,312,16324,221,8361,19,9426,1072,1504,54,130,359,212,306,184,32,168,46,13,34813,49106,18208,1049,18263,23438,23811,42650,27725,6273,5582,2049,3885,691,1735,37,3319,2422,2223,1926,1363,639,297,199,27,23,4,172,897,722,204,542,175,-888888888,-888888888,-888888888,-888888888,-888888888,-888888888,-888888888,-888888888,-888888888,-888888888,-888888888,-888888888,-888888888,-888888888,-888888888,-888888888,-888888888,-888888888,-888888888
2022,Richmond County; Georgia,163866,101419,94505,86632,7873,6914,62447,94505,-888888888,86059,51017,49604,44772,14826,10682,28861,22427,91150,69772,7154,1749,2052,4047,6376,21.4,86632,27451,18216,19190,6434,15341,86632,228,5163,9223,13,245,1251,10259,5007,988,2881,11892,20680,10132,4219,4709,86632,66781,16856,2911,84,74028,5916,4528,8522,8418,9326,12762,9480,8787,2944,3345,50605,70310,55036,69698,24557,19856,17546,25587,6137,10506,2468,3741,15235,42660,2540,1430,3975,4368,5237,7803,5957,6212,2346,2792,60993,84183,28480,31368,33883,48216,30866,46058,38112,194852,171445,114220,83480,23407,50019,2480,115963,86279,78896,66362,60011,10993,12534,7383,4689,2700,2359,2694,29684,24138,13205,14285,5546,-888888888,-888888888,-888888888,-888888888,-888888888,-888888888,-888888888,-888888888,-888888888,-888888888,-888888888,-888888888,-888888888,-888888888,-888888888,-888888888,-888888888,-888888888,-888888888
2022,Rockdale County; Georgia,74145,46175,46083,43301,2782,92,27970,46083,-888888888,39762,23450,23406,22125,5490,3911,14872,11059,42514,32407,3842,208,424,852,4781,34.9,43301,14855,6265,10089,3645,8447,43301,110,3487,4620,13,247,815,4514,4389,992,2593,5142,8978,3470,1830,2361,43301,33821,7353,2087,40,33240,1198,691,1858,3051,4437,6749,4827,5399,2716,2314,68999,90490,27099,85439,10193,23363,8666,32975,1982,11074,934,3331,3812,23438,822,349,999,1764,3035,4192,3138,4794,2375,1970,76750,99757,33481,9802,48532,61158,38771,50398,51016,92845,79114,58852,31623,13731,24022,2727,54956,42389,40082,33372,31779,3093,6710,2307,1589,1064,547,718,12567,9041,6054,4150,3526,-888888888,-888888888,-888888888,-888888888,-888888888,-888888888,-888888888,-888888888,-888888888,-888888888,-888888888,-888888888,-888888888,-888888888,-888888888,-888888888,-888888888,-888888888,-888888888
2022,Schley County; Georgia,3686,1948,1948,1880,68,0,1738,1948,-888888888,1881,875,875,831,299,225,774,506,1857,1554,190,0,4,48,61,30.5,1880,593,325,431,259,272,1880,122,152,207,13,249,93,188,92,0,78,233,430,59,80,146,1880,1482,349,49,0,1578,153,169,116,141,188,272,215,208,72,44,53274,64565,1031,78883,443,19720,287,23010,154,9086,23,1970,242,1150,73,34,58,73,171,230,200,199,68,44,68517,79008,24255,428,14231,24107,34681,42500,40402,4565,3901,2737,1508,664,1152,43,2804,1867,1799,1477,1400,116,322,68,44,41,3,24,937,662,341,410,275,-888888888,-888888888,-888888888,-888888888,-888888888,-888888888,-888888888,-888888888,-888888888,-888888888,-888888888,-888888888,-888888888,-888888888,-888888888,-888888888,-888888888,-888888888,-888888888
2022,Screven County; Georgia,11351,6403,6353,5894,459,50,4948,6353,-888888888,5864,3331,3331,3073,757,414,1697,1168,5799,4736,594,0,61,96,312,32.9,5894,1597,1010,1392,805,1090,5894,362,354,1045,13,251,84,615,540,138,174,420,1177,245,416,324,5894,4557,903,434,0,4727,304,293,540,509,719,806,439,619,309,189,49941,73243,3238,75902,1879,21293,1030,36714,564,10755,60,1457,682,3181,114,78,134,238,575,677,379,502,309,175,70292,87350,28356,1546,23889,43458,31129,47071,32440,13674,12134,7862,5929,1540,2908,69,8053,5728,5323,4623,4471,283,700,405,189,110,79,216,2325,1781,848,1155,544,-888888888,-888888888,-888888888,-888888888,-888888888,-888888888,-888888888,-888888888,-888888888,-888888888,-888888888,-888888888,-888888888,-888888888,-888888888,-888888888,-888888888,-888888888,-888888888
2022,Seminole County; Georgia,7493,3507,3507,3304,203,0,3986,3507,-888888888,3990,1655,1655,1571,354,284,1170,943,3239,2683,351,0,80,89,36,28.1,3304,1172,575,471,494,592,3304,114,292,389,13,253,18,315,205,6,114,246,955,174,327,149,3304,2201,784,319,0,3653,316,333,363,419,528,546,368,424,224,132,46063,76257,2300,81166,1792,19897,894,25873,248,11056,83,4287,695,2345,152,113,171,221,367,396,270,405,163,87,60408,92945,36184,1308,27305,45252,34375,48513,33011,9003,7350,4289,4622,1653,1898,140,4994,3012,2827,2015,1894,267,812,185,124,82,58,61,1982,1342,634,935,640,-888888888,-888888888,-888888888,-888888888,-888888888,-888888888,-888888888,-888888888,-888888888,-888888888,-888888888,-888888888,-888888888,-888888888,-888888888,-888888888,-888888888,-888888888,-888888888
2022,Spalding County; Georgia,53286,30176,30084,28392,1692,92,23110,30084,-888888888,28224,14580,14508,13471,4629,3580,9843,6845,27798,23534,1727,61,147,360,1969,27.2,28392,7934,4245,5555,3574,7084,28392,388,2176,4487,13,255,731,3585,2651,208,1473,1880,6024,2163,1396,1230,28392,23248,3661,1402,81,26303,1783,1456,3050,2425,3086,4670,3871,3366,1125,1471,57367,89899,18136,99140,9986,22407,6536,32582,2672,10875,457,3072,4907,17903,962,475,1445,1258,2040,3663,2781,2894,1083,1302,68566,109541,35823,8400,30075,44796,35114,50255,39821,66365,57710,37754,28476,8655,16247,1154,37986,27896,26366,21552,20140,2203,4814,1530,1020,498,522,510,10090,7922,3738,4857,2168,-888888888,-888888888,-888888888,-888888888,-888888888,-888888888,-888888888,-888888888,-888888888,-888888888,-888888888,-888888888,-888888888,-888888888,-888888888,-888888888,-888888888,-888888888,-888888888
2022,Stephens County; Georgia,21697,12005,12005,11303,702,0,9692,12005,-888888888,11356,5816,5816,5280,1807,1209,3180,2420,11191,9000,1104,0,305,85,697,23.2,11303,2908,2084,2360,896,3055,11303,204,607,2446,13,257,217,1439,753,132,416,821,2285,1145,407,431,11303,8685,1669,949,0,10213,601,363,1426,1125,1372,2117,1164,1327,502,216,52901,66178,6931,65404,4501,22122,2418,28638,741,11074,192,4904,1555,6813,108,69,541,612,999,1607,1088,1073,502,214,65032,80689,26620,3400,24356,33609,30210,43976,36041,26660,22566,14263,11685,4094,6001,258,15104,10796,10176,7756,7107,935,2420,620,179,69,110,441,4308,3333,1730,1892,975,-888888888,-888888888,-888888888,-888888888,-888888888,-888888888,-888888888,-888888888,-888888888,-888888888,-888888888,-888888888,-888888888,-888888888,-888888888,-888888888,-888888888,-888888888,-888888888
2022,Stewart County; Georgia,4663,1568,1559,1480,79,9,3095,1559,-888888888,1358,676,676,655,85,77,413,256,1450,1177,266,0,3,0,4,36.3,1480,316,222,347,141,454,1480,89,101,260,13,259,0,128,195,0,74,67,305,60,95,106,1480,1088,331,19,42,1738,93,225,251,161,252,360,107,247,26,16,43094,53207,1199,49623,594,21441,385,27642,211,14183,0,-666666666,471,1016,3,34,99,46,181,347,107,157,26,16,54302,68241,21096,722,20962,26627,26767,33694,34074,3391,2832,1689,1651,559,575,13,2250,1397,1354,1106,978,197,248,43,30,24,21,13,853,568,214,460,285,-888888888,-888888888,-888888888,-888888888,-888888888,-888888888,-888888888,-888888888,-888888888,-888888888,-888888888,-888888888,-888888888,-888888888,-888888888,-888888888,-888888888,-888888888,-888888888
2022,Sumter County; Georgia,23193,12995,12986,12148,838,9,10198,12986,-888888888,12451,6748,6740,6150,1963,1636,4320,3426,11843,9315,1219,0,217,166,926,19.3,12148,4260,2077,2370,996,2445,12148,436,199,1476,13,261,125,1382,693,610,448,1361,2798,1165,533,922,12148,9104,2300,724,20,10639,1000,876,1262,1549,1583,1443,1110,1116,368,332,38899,60049,7254,64325,3866,19386,2581,24945,926,10097,291,1523,2282,6490,422,295,551,884,952,978,882,874,337,315,55352,72290,23891,4149,26134,38956,31505,42158,38719,28616,25230,15798,12083,3386,7090,429,16715,11938,11257,9741,8889,1161,1516,681,340,165,176,341,4777,3727,2025,1839,1050,-888888888,-888888888,-888888888,-888888888,-888888888,-888888888,-888888888,-888888888,-888888888,-888888888,-888888888,-888888888,-888888888,-888888888,-888888888,-888888888,-888888888,-888888888,-888888888
2022,Talbot County; Georgia,4948,2564,2564,2455,109,0,2384,2564,-888888888,2590,1248,1248,1207,223,176,590,490,2420,1939,265,5,24,69,118,39.2,2455,817,473,352,234,579,2455,22,220,371,13,263,37,197,180,10,100,212,753,178,89,86,2455,1759,587,101,8,2538,218,139,314,387,235,503,308,233,63,138,48065,65761,1663,69193,1157,19911,569,19746,204,12366,23,2443,511,1620,102,18,121,302,152,374,232,197,63,59,58125,67631,28528,918,26912,60102,33418,44099,32935,5765,4990,3225,2787,775,1040,123,3228,2285,2203,1796,1671,199,407,82,59,39,20,23,943,722,427,477,221,-888888888,-888888888,-888888888,-888888888,-888888888,-888888888,-888888888,-888888888,-888888888,-888888888,-888888888,-888888888,-888888888,-888888888,-888888888,-888888888,-888888888,-888888888,-888888888
2022,Taliaferro County; Georgia,1404,698,696,668,28,2,706,696,-888888888,778,358,358,352,65,65,148,129,670,550,11,0,10,2,97,28.5,668,133,185,114,46,190,668,11,21,133,13,265,14,63,43,8,8,57,102,53,22,133,668,404,184,66,14,643,34,63,27,86,158,167,37,38,26,7,45881,54144,399,54163,305,20103,150,25809,71,12046,17,-999999999,171,390,15,21,2,121,60,74,30,34,26,7,45903,60527,24766,253,40811,36389,31921,38854,33242,1630,1426,766,945,204,244,15,932,627,599,450,373,96,149,28,28,4,24,0,305,265,130,190,40,-888888888,-888888888,-888888888,-888888888,-888888888,-888888888,-888888888,-888888888,-888888888,-888888888,-888888888,-888888888,-888888888,-888888888,-888888888,-888888888,-888888888,-888888888,-888888888
2022,Tattnall County; Georgia,19908,8651,8602,7916,686,49,11257,8602,-888888888,8260,4120,4120,3846,1182,902,3128,2187,7609,5669,877,2,301,498,262,27.0,7916,2524,1397,1403,1200,1392,7916,815,665,824,13,267,229,888,533,47,125,688,1724,388,333,657,7916,5613,1735,561,7,7552,599,514,687,898,877,1550,862,966,302,297,51868,67531,5350,68249,2865,17571,1819,24206,597,10573,89,1503,1371,5070,189,138,389,459,602,1193,742,822,239,297,65191,81434,21842,2482,28081,34525,30223,46444,37619,19245,16328,11177,7851,2917,5324,130,10722,7798,7157,5708,5445,500,1449,641,246,169,77,395,2924,1981,1072,1213,943,-888888888,-888888888,-888888888,-888888888,-888888888,-888888888,-888888888,-888888888,-888888888,-888888888,-888888888,-888888888,-888888888,-888888888,-888888888,-888888888,-888888888,-888888888,-888888888
2022,Taylor County; Georgia,6425,3230,3224,3011,213,6,3195,3224,-888888888,3420,1523,1523,1401,443,250,947,734,2827,2305,363,0,5,23,131,30.1,3011,839,438,554,489,691,3011,63,267,443,13,269,118,221,214,18,124,266,729,52,281,215,3011,2206,664,128,13,3048,435,269,352,347,430,501,177,327,97,113,40727,60232,1996,71369,1077,17812,757,17091,389,10048,91,2254,970,1972,172,79,153,304,287,355,95,324,90,113,49837,76006,24453,1076,18333,29891,32460,45198,37326,7655,6765,3753,4024,890,1715,0,4393,3029,2862,2287,2104,244,575,167,61,30,31,106,1364,1163,331,983,201,-888888888,-888888888,-888888888,-888888888,-888888888,-888888888,-888888888,-888888888,-888888888,-888888888,-888888888,-888888888,-888888888,-888888888,-888888888,-888888888,-888888888,-888888888,-888888888
2022,Telfair County; Georgia,9906,3790,3779,3698,81,11,6116,3779,-888888888,4144,1648,1637,1616,603,531,2190,1012,3676,3390,105,0,0,14,167,22.9,3698,941,635,602,585,935,3698,236,235,499,13,271,166,568,91,51,119,113,822,294,279,225,3698,2879,482,313,24,2948,272,174,578,310,331,477,397,270,91,48,41801,59442,1653,75425,1420,17954,364,19699,153,9859,100,4495,644,2066,102,28,325,247,278,384,342,230,91,39,52008,67090,17162,882,17422,37293,33114,51693,32500,10079,8871,4629,5488,1208,3100,154,5005,3356,3275,2720,2410,353,555,81,59,56,13,22,1649,1296,445,1008,353,-888888888,-888888888,-888888888,-888888888,-888888888,-888888888,-888888888,-888888888,-888888888,-888888888,-888888888,-888888888,-888888888,-888888888,-888888888,-888888888,-888888888,-888888888,-888888888
2022,Terrell County; Georgia,7118,3684,3619,3305,314,65,3434,3619,-888888888,3737,1889,1824,1651,618,399,1354,857,3275,2486,411,0,66,77,235,24.9,3305,728,657,765,395,760,3305,127,223,337,13,273,127,481,346,19,135,220,665,150,195,280,3305,2391,646,266,2,3300,381,181,362,365,442,534,438,433,109,55,43507,60803,2407,58872,1269,18853,709,24473,408,9858,33,2264,856,2207,188,78,248,226,272,326,407,318,103,41,59698,67711,24200,1093,28750,43554,30313,49519,36354,8628,7057,3598,4268,1571,2147,61,4772,3203,2890,2252,2043,279,638,313,122,69,53,191,1569,890,286,659,679,-888888888,-888888888,-888888888,-888888888,-888888888,-888888888,-888888888,-888888888,-888888888,-888888888,-888888888,-888888888,-888888888,-888888888,-888888888,-888888888,-888888888,-888888888,-888888888
2022,Thomas County; Georgia,35878,22520,22418,21032,1386,102,13358,22418,-888888888,19142,10941,10941,10346,3356,2787,6842,5322,20528,16287,2772,38,155,90,1186,19.8,21032,7304,3529,4497,2546,3156,21032,859,1350,1902,13,275,501,2618,1078,221,867,1768,5481,1777,1340,1270,21032,16453,3337,1231,11,18168,910,1187,1698,1987,2577,2847,2263,2562,1081,1056,55958,78699,13713,81464,6393,20396,3659,25350,1385,10255,295,1832,3950,12055,576,520,782,984,1377,1928,1706,2242,986,954,73611,93350,32414,6113,34895,46362,36561,51499,42306,45159,39480,27246,18371,5679,11287,984,25811,20061,18881,15769,14652,1454,3112,1180,596,306,353,584,5750,4773,2100,3285,977,-888888888,-888888888,-888888888,-888888888,-888888888,-888888888,-888888888,-888888888,-888888888,-888888888,-888888888,-888888888,-888888888,-888888888,-888888888,-888888888,-888888888,-888888888,-888888888
2022,Tift County; Georgia,32078,18407,18348,17809,539,59,13671,18348,-888888888,16869,8656,8656,8336,3049,1733,6556,4431,17682,14448,1932,13,249,297,743,21.1,17809,5968,2905,3733,2102,3101,17809,599,1342,2254,13,277,523,2329,1005,187,914,1044,4122,1555,1078,857,17809,14527,2395,838,49,15328,874,707,1966,2067,1904,2743,1411,2091,1058,507,52561,71609,11595,75825,5023,19581,2724,27925,517,10799,127,1808,2689,10120,619,289,839,1241,1113,1682,1332,1678,865,462,64812,83126,27987,5208,30662,44902,35181,46856,37774,40637,33826,21897,15356,6811,11317,1051,23246,16629,16196,12242,11504,966,3954,433,269,148,121,164,6617,5002,2301,2868,1615,-888888888,-888888888,-888888888,-888888888,-888888888,-888888888,-888888888,-888888888,-888888888,-888888888,-888888888,-888888888,-888888888,-888888888,-888888888,-888888888,-888888888,-888888888,-888888888
2022,Toombs County; Georgia,20641,10854,10832,10157,675,22,9787,10832,-888888888,11159,5067,5067,4848,2019,1267,4082,2265,9940,7899,1219,43,307,69,403,24.6,10157,3318,1546,1818,1754,1721,10157,947,844,1028,13,279,288,1070,1013,107,391,484,2474,659,390,462,10157,7735,1806,587,29,9754,940,764,967,985,1373,1476,1192,1336,387,334,47310,70812,6230,78587,3614,20462,2136,36892,1284,13734,270,3093,2249,6221,386,358,423,505,921,968,802,1213,317,328,61847,87384,27912,3533,28776,40420,33441,44314,36006,26646,22126,12504,12912,4520,7717,762,14589,9970,9335,6974,6370,765,2361,635,280,191,89,355,4619,3587,1615,2498,1032,-888888888,-888888888,-888888888,-888888888,-888888888,-888888888,-888888888,-888888888,-888888888,-888888888,-888888888,-888888888,-888888888,-888888888,-888888888,-888888888,-888888888,-888888888,-888888888
2022,Towns County; Georgia,11180,4900,4900,4631,269,0,6280,4900,-888888888,5816,2155,2155,2007,414,368,785,554,4510,3275,669,10,144,60,352,20.1,4631,1501,1063,968,500,599,4631,118,399,250,13,281,93,571,398,60,216,468,1130,536,146,246,4631,3405,636,582,8,5464,277,365,666,530,630,1085,703,661,285,262,55574,75397,3080,70484,3065,26195,2004,34232,225,11836,63,1073,495,3601,61,120,320,235,404,811,555,557,279,259,69016,92484,33443,1863,28472,40600,24410,46615,35529,12383,10591,7564,6309,1792,1902,123,6138,4192,3939,2821,2562,344,1118,253,110,65,45,143,1946,1545,1205,585,401,-888888888,-888888888,-888888888,-888888888,-888888888,-888888888,-888888888,-888888888,-888888888,-888888888,-888888888,-888888888,-888888888,-888888888,-888888888,-888888888,-888888888,-888888888,-888888888
2022,Treutlen County; Georgia,5160,2494,2494,2223,271,0,2666,2494,-888888888,2418,1185,1185,1013,423,288,942,599,2163,1838,290,5,0,0,30,32.8,2223,786,427,315,254,441,2223,97,210,249,13,283,90,223,249,17,49,103,585,113,110,128,2223,1682,429,112,0,2295,139,354,250,320,225,301,261,280,72,93,38641,64959,1528,70654,899,20817,420,38122,358,8982,9,-999999999,578,1463,83,32,142,249,127,202,201,266,72,89,63950,81109,27309,832,18594,34559,30288,43533,47138,6070,5187,2813,3138,883,1641,59,3176,2197,1982,1546,1410,201,436,215,140,21,138,75,979,666,125,556,313,-888888888,-888888888,-888888888,-888888888,-888888888,-888888888,-888888888,-888888888,-888888888,-888888888,-888888888,-888888888,-888888888,-888888888,-888888888,-888888888,-888888888,-888888888,-888888888
2022,Troup County; Georgia,54306,32667,32572,31000,1572,95,21639,32572,-888888888,28876,16671,16671,15717,5161,4293,10162,7736,30516,25250,2769,23,377,541,1556,23.2,31000,9008,5094,6468,2308,8122,31000,207,1534,7131,13,285,586,4208,2352,212,1446,2284,6301,2707,1194,838,31000,25387,4174,1438,1,25587,2139,1370,2874,2282,2948,4905,2518,3973,1166,1412,53599,76163,19050,77969,8725,20027,5361,29575,1638,12063,523,1847,4643,17238,1079,465,1299,1379,1867,3340,1967,3473,1014,1355,69126,91850,29562,8349,28982,39966,35125,53762,40982,68165,61179,44689,24756,6986,17730,733,40075,30444,29122,25268,24168,1927,3854,1322,753,587,426,569,9631,7811,4892,4036,1820,-888888888,-888888888,-888888888,-888888888,-888888888,-888888888,-888888888,-888888888,-888888888,-888888888,-888888888,-888888888,-888888888,-888888888,-888888888,-888888888,-888888888,-888888888,-888888888
2022,Turner County; Georgia,6944,3592,3592,3341,251,0,3352,3592,-888888888,3559,1762,1762,1582,739,645,1180,1077,3301,2498,460,14,14,45,270,23.6,3341,795,632,785,627,502,3341,156,387,168,13,287,27,548,242,7,108,258,822,136,223,259,3341,2568,542,231,0,3121,164,330,391,505,389,593,267,291,141,50,39666,56172,2182,53971,1420,20006,779,26329,319,8797,203,10232,724,1831,33,87,173,304,219,331,240,253,141,50,55661,70979,21771,1290,25104,33400,27364,34905,36061,8684,7483,3755,4594,1201,2382,111,4693,3114,2863,2295,1973,363,568,251,96,4,92,155,1579,1212,267,1013,367,-888888888,-888888888,-888888888,-888888888,-888888888,-888888888,-888888888,-888888888,-888888888,-888888888,-888888888,-888888888,-888888888,-888888888,-888888888,-888888888,-888888888,-888888888,-888888888
2022,Twiggs County; Georgia,6601,2857,2857,2760,97,0,3744,2857,-888888888,3351,1353,1353,1353,521,197,864,580,2727,2278,199,0,13,57,180,26.6,2760,565,573,622,310,690,2760,283,98,373,13,289,75,283,332,43,41,202,417,168,157,288,2760,1932,617,211,0,2900,288,350,244,270,283,473,327,328,139,198,50446,76579,1626,71529,1532,22596,1050,33967,265,12130,95,1308,600,1796,100,88,64,85,234,357,237,338,95,198,73500,104456,32105,1104,21484,28415,34365,45962,38533,7871,7053,4972,3654,818,1704,98,4351,2629,2532,2249,2184,228,283,97,97,72,75,0,1722,1307,856,774,415,-888888888,-888888888,-888888888,-888888888,-888888888,-888888888,-888888888,-888888888,-888888888,-888888888,-888888888,-888888888,-888888888,-888888888,-888888888,-888888888,-888888888,-888888888,-888888888
2022,Union County; Georgia,21620,10004,9994,9721,273,10,11616,9994,-888888888,10991,4698,4698,4538,1164,821,2454,1921,9400,7418,1020,65,87,68,742,23.7,9721,3534,1592,1971,1310,1314,9721,139,1332,896,13,291,164,1468,370,108,573,799,2145,772,635,320,9721,7700,903,1118,0,10759,429,324,1326,1035,1300,1976,1349,1519,715,786,59783,87591,6249,94977,5817,25030,4028,36902,528,12633,76,1133,921,7365,148,92,510,574,629,1464,1194,1417,638,699,79438,105438,37709,3394,27083,43801,33305,47260,45610,24305,21526,14585,11682,2779,4149,489,12057,8507,8305,6775,6324,515,1530,202,167,83,84,35,3550,2854,1833,1233,696,-888888888,-888888888,-888888888,-888888888,-888888888,-888888888,-888888888,-888888888,-888888888,-888888888,-888888888,-888888888,-888888888,-888888888,-888888888,-888888888,-888888888,-888888888,-888888888
2022,Upson County; Georgia,22142,11715,11715,11347,368,0,10427,11715,-888888888,11744,5726,5726,5492,1553,1092,3976,2984,11247,9756,852,6,243,115,275,23.7,11347,3264,2296,2308,1117,2362,11347,131,979,2138,13,293,309,946,763,131,747,595,2667,811,395,735,11347,8778,2091,455,23,10412,771,1030,1139,1040,1288,1570,1247,1298,595,434,48740,69603,6804,80067,3772,20588,2439,25997,1244,12206,190,2112,2497,6725,522,173,666,518,807,1256,861,1081,416,425,61466,83793,27906,3687,28046,40291,34152,56098,35819,27167,23833,15227,11424,3334,6704,529,15671,10947,10623,9163,8570,957,1460,324,248,115,133,76,4724,3596,1539,2304,1128,-888888888,-888888888,-888888888,-888888888,-888888888,-888888888,-888888888,-888888888,-888888888,-888888888,-888888888,-888888888,-888888888,-888888888,-888888888,-888888888,-888888888,-888888888,-888888888
2022,Walker County; Georgia,55234,32500,32463,30682,1781,37,22734,32463,-888888888,28135,15318,15318,14499,4161,2848,9233,6327,29901,23719,2835,0,302,311,2734,29.0,30682,9436,4703,6875,4006,5662,30682,486,2699,5416,13,295,531,3409,1953,285,1580,2393,7147,2280,1544,959,30682,24631,3916,2106,29,26087,1225,1618,2790,2601,4133,5102,3548,3026,968,1076,52276,71206,18595,75514,10395,21912,5656,23579,1503,9531,384,3176,2980,18015,466,422,1248,1461,2796,4049,2984,2666,924,999,67163,84604,28554,8072,28047,38656,34773,48322,40818,66591,57683,39456,26151,8908,15179,1268,39009,29159,27631,23281,21679,2094,4350,1528,678,298,400,850,9850,7517,3543,4491,2333,-888888888,-888888888,-888888888,-888888888,-888888888,-888888888,-888888888,-888888888,-888888888,-888888888,-888888888,-888888888,-888888888,-888888888,-888888888,-888888888,-888888888,-888888888,-888888888
2022,Walton County; Georgia,77390,49091,49071,46541,2530,20,28299,49071,-888888888,39854,22945,22945,21627,6712,4027,15504,11005,45662,35542,3848,126,416,827,4903,34.2,46541,15947,6858,11433,5053,7250,46541,245,4205,5429,13,297,1700,6193,3174,738,2603,4777,9409,3492,2031,2545,46541,36157,7503,2840,41,34070,1203,832,2545,2274,3897,5475,5182,6788,3207,2667,79425,97391,27348,97717,11674,23367,8530,26435,1493,12485,591,2992,4122,25712,867,296,1318,1264,2589,3968,3903,6056,2951,2500,91328,109425,34295,8358,39993,52358,41326,57946,46942,96813,85032,65217,31297,11781,25047,2120,56671,44822,42553,36732,35198,2691,5821,2269,1219,690,635,1050,11849,9092,6126,4012,2757,-888888888,-888888888,-888888888,-888888888,-888888888,-888888888,-888888888,-888888888,-888888888,-888888888,-888888888,-888888888,-888888888,-888888888,-888888888,-888888888,-888888888,-888888888,-888888888
2022,Ware County; Georgia,27935,13692,13683,13100,583,9,14243,13683,-888888888,14283,6707,6707,6493,2899,1563,5323,3498,12933,10992,1124,12,46,154,605,21.4,13100,3902,2096,2868,1835,2399,13100,242,765,1744,13,299,460,1565,861,144,349,1136,3011,723,976,1124,13100,9794,2433,840,33,12756,879,1424,1361,1427,1828,2368,1562,1255,283,369,44138,60616,8457,63484,4857,20567,2427,34021,1128,9075,261,3273,2376,7830,233,522,640,831,1220,1786,1005,1046,259,288,55183,69849,23319,4926,27981,42861,32966,41585,35582,33708,27797,15683,15369,5911,9270,547,18665,12735,12157,8995,8454,745,3162,578,245,165,89,333,5930,4070,1351,3121,1860,-888888888,-888888888,-888888888,-888888888,-888888888,-888888888,-888888888,-888888888,-888888888,-888888888,-888888888,-888888888,-888888888,-888888888,-888888888,-888888888,-888888888,-888888888,-888888888
2022,Warren County; Georgia,4241,2221,2219,2020,199,2,2020,2219,-888888888,2264,1062,1060,952,262,164,655,439,1993,1721,107,0,10,111,44,27.6,2020,478,439,301,254,548,2020,139,80,514,13,301,28,191,128,25,57,180,322,106,108,142,2020,1567,377,76,0,1945,178,175,126,303,336,393,141,205,47,41,45091,57899,1262,60005,828,19518,547,24035,162,9774,79,4001,501,1276,102,90,42,212,184,255,121,191,47,32,50690,66707,24249,669,33815,38530,29875,39844,35066,5122,4679,2832,2401,443,1071,0,2925,2057,1873,1620,1532,128,253,184,159,120,47,25,868,703,249,469,165,-888888888,-888888888,-888888888,-888888888,-888888888,-888888888,-888888888,-888888888,-888888888,-888888888,-888888888,-888888888,-888888888,-888888888,-888888888,-888888888,-888888888,-888888888,-888888888
2022,Washington County; Georgia,16304,8186,8173,7809,364,13,8118,8173,-888888888,7989,4411,4411,4235,1197,809,2540,1950,7422,6225,822,18,46,110,201,23.5,7809,2376,1452,1528,965,1488,7809,552,506,930,13,303,56,744,685,57,291,400,1970,614,380,624,7809,5787,1680,334,8,7256,555,503,987,872,1088,904,855,1026,337,129,43810,61302,5074,62198,3121,20075,1599,26907,911,9177,65,2780,2100,4947,210,222,394,534,826,710,655,943,335,118,59175,73917,23687,2309,23007,30823,33482,46545,37094,18193,15703,9533,8385,2490,4594,249,10205,7257,6954,5632,5230,592,1322,303,153,60,93,150,2948,2206,1013,1434,742,-888888888,-888888888,-888888888,-888888888,-888888888,-888888888,-888888888,-888888888,-888888888,-888888888,-888888888,-888888888,-888888888,-888888888,-888888888,-888888888,-888888888,-888888888,-888888888
2022,Wayne County; Georgia,23826,12120,12090,11345,745,30,11706,12090,-888888888,11837,5535,5535,5184,1977,1419,4743,3546,10946,8439,1777,103,23,201,403,26.8,11345,3128,2431,1690,1860,2236,11345,235,1475,1508,13,305,111,1187,638,49,169,1269,2561,809,728,606,11345,8122,1911,1292,20,10754,544,683,1505,1268,1391,1757,1313,1327,721,245,49847,67746,7667,69528,4017,22251,2285,23828,865,10423,145,2536,1909,7405,363,242,549,843,1003,1270,1017,1222,671,225,64219,80341,24838,3349,25070,34878,32269,52328,40000,28388,22926,15518,11226,5462,7746,676,16018,10879,10209,7657,7141,889,2552,670,195,100,107,475,5139,3381,1968,1849,1758,-888888888,-888888888,-888888888,-888888888,-888888888,-888888888,-888888888,-888888888,-888888888,-888888888,-888888888,-888888888,-888888888,-888888888,-888888888,-888888888,-888888888,-888888888,-888888888
2022,Webster County; Georgia,1965,1090,1090,993,97,0,875,1090,-888888888,892,357,357,300,104,104,315,163,958,822,95,10,8,0,23,33.3,993,284,192,126,131,260,993,75,78,79,13,307,43,36,123,7,33,67,222,128,16,86,993,703,214,53,23,876,95,85,141,117,112,83,119,71,53,0,35000,51092,527,61606,373,19649,195,17150,38,7779,11,1064,203,535,43,24,55,44,77,58,110,71,53,0,54420,68149,22246,341,18260,22496,31020,42109,36799,2350,1773,1264,937,577,428,65,1502,1030,933,606,602,31,327,97,4,4,0,93,472,380,236,276,92,-888888888,-888888888,-888888888,-888888888,-888888888,-888888888,-888888888,-888888888,-888888888,-888888888,-888888888,-888888888,-888888888,-888888888,-888888888,-888888888,-888888888,-888888888,-888888888
2022,Wheeler County; Georgia,6538,2953,2953,2763,190,0,3585,2953,-888888888,2128,678,678,651,215,101,831,455,2736,2469,54,0,11,14,188,37.4,2763,370,525,210,563,1095,2763,231,262,171,13,309,2,185,422,8,16,458,334,162,124,388,2763,2156,428,179,0,1597,218,143,236,195,174,286,196,78,51,20,36354,49480,862,61854,938,18524,311,17662,151,8191,28,521,328,983,79,33,92,158,138,181,164,76,51,11,46926,61381,17980,614,16747,29697,26476,26430,31689,6968,5291,3000,2734,1677,1834,115,4027,2387,2197,1208,1114,101,989,190,177,152,25,13,1640,1080,405,731,560,-888888888,-888888888,-888888888,-888888888,-888888888,-888888888,-888888888,-888888888,-888888888,-888888888,-888888888,-888888888,-888888888,-888888888,-888888888,-888888888,-888888888,-888888888,-888888888
2022,White County; Georgia,23479,13066,13052,12598,454,14,10413,13052,-888888888,12085,5954,5954,5794,1446,605,3327,2346,12478,9948,812,22,200,275,1221,28.6,12598,4203,2288,2946,1498,1663,12598,129,1048,1190,13,311,332,1751,667,262,462,997,2951,1664,480,665,12598,9376,2150,1046,26,10344,562,244,725,921,1654,1606,1905,1621,588,518,66256,83004,7628,73602,4247,25525,3030,34921,446,11325,147,3733,943,7687,221,84,553,328,1262,1084,1791,1418,452,494,82535,93450,32311,2657,33930,49098,32186,54167,40542,27981,24632,18642,11283,3349,5813,385,15806,11638,11337,9347,8746,876,1990,301,263,250,95,38,4168,3244,1912,1540,924,-888888888,-888888888,-888888888,-888888888,-888888888,-888888888,-888888888,-888888888,-888888888,-888888888,-888888888,-888888888,-888888888,-888888888,-888888888,-888888888,-888888888,-888888888,-888888888
2022,Whitfield County; Georgia,79767,50278,50272,47406,2866,6,29489,50272,-888888888,39977,22845,22845,21488,7442,5401,17301,13628,47067,39524,4956,22,319,457,1789,21.2,47406,12636,5881,9031,4866,14992,47406,716,3012,17242,13,313,1023,4101,1701,420,1354,2969,8167,3582,2335,784,47406,40622,4872,1830,82,35797,1297,1301,3518,3846,4770,6860,5457,5213,1810,1725,59659,79537,28300,81101,11090,21716,5716,29480,2155,11466,613,5977,3165,25850,543,415,1568,2387,3581,5436,4269,4404,1624,1623,69315,90887,28594,9947,31643,45789,34435,43781,35594,102200,83828,60068,33259,18372,27836,2523,59980,46219,43655,34289,33016,2309,9366,2564,1328,1018,394,1236,13761,8774,5297,4230,4987,-888888888,-888888888,-888888888,-888888888,-888888888,-888888888,-888888888,-888888888,-888888888,-888888888,-888888888,-888888888,-888888888,-888888888,-888888888,-888888888,-888888888,-888888888,-888888888
2022,Wilcox County; Georgia,7388,3064,3057,2894,163,7,4324,3057,-888888888,2803,1181,1180,1096,485,340,954,670,2847,2391,177,16,31,126,106,28.0,2894,820,459,400,619,596,2894,316,233,362,13,315,15,330,257,8,77,201,535,55,118,387,2894,2066,679,130,19,2499,231,184,328,291,287,409,352,235,140,42,46759,59691,1650,63884,1081,19621,430,30293,116,8879,95,981,435,1725,70,74,131,206,223,356,269,239,119,38,60503,69852,19237,774,19344,34601,30653,41707,36891,7021,5836,3756,3217,1185,1711,62,3850,2791,2643,1903,1790,191,740,148,98,59,42,50,1059,730,376,506,329,-888888888,-888888888,-888888888,-888888888,-888888888,-888888888,-888888888,-888888888,-888888888,-888888888,-888888888,-888888888,-888888888,-888888888,-888888888,-888888888,-888888888,-888888888,-888888888
2022,Wilkes County; Georgia,7864,4090,4083,3964,119,7,3774,4083,-888888888,4070,2010,2010,1939,480,337,1214,677,3867,3293,356,7,31,35,145,29.5,3964,998,807,823,497,839,3964,96,249,666,13,317,80,472,134,35,198,300,853,300,285,296,3964,2821,699,393,51,4032,320,299,422,350,499,848,509,613,91,81,51780,67375,2761,71021,1849,19036,1209,24980,127,12388,53,1298,528,2456,96,115,127,261,269,522,410,492,83,81,65707,83718,29042,1576,26263,40259,31679,42539,36912,9510,7643,5147,3829,1867,1997,578,5309,3657,3559,2671,2464,297,888,98,48,33,20,50,1652,1304,891,609,348,-888888888,-888888888,-888888888,-888888888,-888888888,-888888888,-888888888,-888888888,-888888888,-888888888,-888888888,-888888888,-888888888,-888888888,-888888888,-888888888,-888888888,-888888888,-888888888
2022,Wilkinson County; Georgia,7063,3457,3457,3256,201,0,3606,3457,-888888888,3739,1700,1700,1587,548,345,1274,1001,3231,2792,257,6,58,5,113,26.9,3256,728,650,655,433,790,3256,164,254,530,13,319,30,407,192,0,163,230,703,182,97,304,3256,2525,569,162,0,3313,373,317,377,422,394,586,344,316,90,94,40757,57529,1996,64172,1500,18162,896,23999,162,13275,57,2330,590,2011,151,95,194,166,260,425,277,271,88,84,56607,69969,24070,1302,25057,31433,29785,40926,35064,8758,7640,4757,3945,1118,2183,149,4867,3258,3075,2483,2314,264,592,183,138,46,106,45,1609,1283,666,811,326,-888888888,-888888888,-888888888,-888888888,-888888888,-888888888,-888888888,-888888888,-888888888,-888888888,-888888888,-888888888,-888888888,-888888888,-888888888,-888888888,-888888888,-888888888,-888888888
2022,Worth County; Georgia,16518,9336,9336,8679,657,0,7182,9336,-888888888,8675,4269,4269,3862,1144,776,2911,2122,8629,7247,701,58,82,210,331,27.6,8679,2270,1156,1515,1392,2346,8679,492,863,1109,13,321,289,1237,624,176,375,635,1686,424,497,272,8679,7125,963,590,1,7896,512,464,782,883,987,1474,1022,1266,249,257,56496,70767,5459,75444,2869,19878,1668,31282,393,9559,119,8769,1581,5293,226,151,409,501,754,965,752,1054,240,241,65361,82812,28119,2603,31483,42661,35088,46422,36552,20529,17088,10687,8768,3441,4796,354,11789,8516,7931,6182,5734,640,1749,585,227,176,51,358,3273,2293,1168,1283,980,-888888888,-888888888,-888888888,-888888888,-888888888,-888888888,-888888888,-888888888,-888888888,-888888888,-888888888,-888888888,-888888888,-888888888,-888888888,-888888888,-888888888,-888888888,-888888888
