year,county_name,households_by_type_total_households,households_by_type_total_households_family_househo,households_by_type_total_households_family_househo,households_by_type_total_households_family_househo,households_by_type_total_households_family_househo,households_by_type_total_households_family_househo,households_by_type_total_households_family_househo,households_by_type_total_households_family_househo,households_by_type_total_households_family_househo,households_by_type_total_households_nonfamily_hous,households_by_type_total_households_nonfamily_hous,households_by_type_total_households_nonfamily_hous,households_by_type_households_with_one_or_more_peo,households_by_type_households_with_one_or_more_peo,households_by_type_average_household_size,households_by_type_average_family_size,relationship_population_in_households,relationship_population_in_households_householder,relationship_population_in_households_spouse,relationship_population_in_households_child,relationship_population_in_households_other_relati,relationship_population_in_households_nonrelatives,relationship_population_in_households_nonrelatives,marital_status_males_15_years_and_over,marital_status_males_15_years_and_over_never_marri,marital_status_males_15_years_and_over_now_married,marital_status_males_15_years_and_over_separated,marital_status_males_15_years_and_over_widowed,marital_status_males_15_years_and_over_divorced,marital_status_females_15_years_and_over,marital_status_females_15_years_and_over_never_mar,marital_status_females_15_years_and_over_now_marri,marital_status_females_15_years_and_over_separated,marital_status_females_15_years_and_over_widowed,marital_status_females_15_years_and_over_divorced,fertility_number_of_women_15_to_50_years_old_who_h,fertility_number_of_women_15_to_50_years_old_who_h,fertility_number_of_women_15_to_50_years_old_who_h,fertility_number_of_women_15_to_50_years_old_who_h,fertility_number_of_women_15_to_50_years_old_who_h,fertility_number_of_women_15_to_50_years_old_who_h,fertility_number_of_women_15_to_50_years_old_who_h,grandparents_number_of_grandparents_living_with_ow,grandparents_number_of_grandparents_living_with_ow,grandparents_number_of_grandparents_living_with_ow,state_fips,county_fips,grandparents_number_of_grandparents_living_with_ow,grandparents_number_of_grandparents_living_with_ow,grandparents_number_of_grandparents_living_with_ow,grandparents_number_of_grandparents_responsible_fo,grandparents_number_of_grandparents_responsible_fo,grandparents_number_of_grandparents_responsible_fo,school_enrollment_population_3_years_and_over_enro,school_enrollment_population_3_years_and_over_enro,school_enrollment_population_3_years_and_over_enro,school_enrollment_population_3_years_and_over_enro,school_enrollment_population_3_years_and_over_enro,school_enrollment_population_3_years_and_over_enro,educational_attainment_population_25_years_and_ove,educational_attainment_population_25_years_and_ove,educational_attainment_population_25_years_and_ove,educational_attainment_population_25_years_and_ove,educational_attainment_population_25_years_and_ove,educational_attainment_population_25_years_and_ove,educational_attainment_population_25_years_and_ove,educational_attainment_population_25_years_and_ove,educational_attainment_percent_high_school_graduat,educational_attainment_percent_bachelors_degree_or,veteran_status_civilian_population_18_years_and_ov,veteran_status_civilian_population_18_years_and_ov,disability_status_of_the_civilian_noninstitutional,disability_status_of_the_civilian_noninstitutional,disability_status_of_the_civilian_noninstitutional,disability_status_of_the_civilian_noninstitutional,disability_status_of_the_civilian_noninstitutional,disability_status_of_the_civilian_noninstitutional,disability_status_of_the_civilian_noninstitutional,disability_status_of_the_civilian_noninstitutional,residence_1_year_ago_population_1_year_and_over,residence_1_year_ago_population_1_year_and_over_sa,residence_1_year_ago_population_1_year_and_over_di,residence_1_year_ago_population_1_year_and_over_di,residence_1_year_ago_population_1_year_and_over_di,residence_1_year_ago_population_1_year_and_over_di,residence_1_year_ago_population_1_year_and_over_di,residence_1_year_ago_population_1_year_and_over_ab,place_of_birth_total_population,place_of_birth_total_population_native,place_of_birth_total_population_native_born_in_uni,place_of_birth_total_population_native_born_in_uni,place_of_birth_total_population_native_born_in_uni,place_of_birth_total_population_native_born_in_pue,place_of_birth_total_population_foreign_born,u.s._citizenship_status_foreign_born_population,u.s._citizenship_status_foreign_born_population_na,u.s._citizenship_status_foreign_born_population_no,year_of_entry_population_born_outside_the_united_s,year_of_entry_native,year_of_entry_native_entered_2010_or_later,year_of_entry_native_entered_before_2010,year_of_entry_foreign_born,year_of_entry_foreign_born_entered_2010_or_later,year_of_entry_foreign_born_entered_before_2010,world_region_of_birth_of_foreign_born_foreign_born,world_region_of_birth_of_foreign_born_foreign_born,world_region_of_birth_of_foreign_born_foreign_born,world_region_of_birth_of_foreign_born_foreign_born,world_region_of_birth_of_foreign_born_foreign_born,world_region_of_birth_of_foreign_born_foreign_born,world_region_of_birth_of_foreign_born_foreign_born,language_spoken_at_home_population_5_years_and_ove,language_spoken_at_home_population_5_years_and_ove,language_spoken_at_home_population_5_years_and_ove,language_spoken_at_home_population_5_years_and_ove,language_spoken_at_home_population_5_years_and_ove,language_spoken_at_home_population_5_years_and_ove,language_spoken_at_home_population_5_years_and_ove,language_spoken_at_home_population_5_years_and_ove,language_spoken_at_home_population_5_years_and_ove,language_spoken_at_home_population_5_years_and_ove,language_spoken_at_home_population_5_years_and_ove,language_spoken_at_home_population_5_years_and_ove,ancestry_total_population,ancestry_total_population_american,ancestry_total_population_arab,ancestry_total_population_czech,ancestry_total_population_danish,ancestry_total_population_dutch,ancestry_total_population_english,ancestry_total_population_french_except_basque,ancestry_total_population_french_canadian,ancestry_total_population_german,ancestry_total_population_greek,ancestry_total_population_hungarian,ancestry_total_population_irish,ancestry_total_population_italian,ancestry_total_population_lithuanian,ancestry_total_population_norwegian,ancestry_total_population_polish,ancestry_total_population_portuguese,ancestry_total_population_russian,ancestry_total_population_scotch_irish,ancestry_total_population_scottish,ancestry_total_population_slovak,ancestry_total_population_subsaharan_african,ancestry_total_population_swedish,ancestry_total_population_swiss,ancestry_total_population_ukrainian,ancestry_total_population_welsh,ancestry_total_population_west_indian_excluding_hi,computers_and_internet_use_total_households,computers_and_internet_use_total_households_with_a,computers_and_internet_use_total_households_with_a
2014,Union County; Georgia,8447,5744,1230,4890,897,257,97,597,236,2703,2492,1288,1675,4133,2.50,3.07,21121,8447,4921,4852,2135,766,271,8804,1900,5297,221,277,1109,9492,1434,5854,154,1266,784,60,22,12,16,0,34,9,657,235,0,13,291,75,74,86,235,116,219,4029,281,192,1929,950,677,16361,642,1689,5509,3671,1480,1920,1450,-888888888,-888888888,17645,2548,21142,4532,3896,113,11088,1922,6158,2497,21480,19716,1737,1010,727,333,394,27,21553,21192,20735,10961,9774,457,361,361,159,202,818,457,0,457,361,0,361,361,66,78,0,0,155,62,20768,19541,1227,545,973,482,193,27,61,36,0,0,21553,2522,57,8,36,828,3104,532,43,3607,54,46,3903,543,108,47,237,13,8,961,1192,25,3,284,66,75,91,0,-888888888,-888888888,-888888888
2014,White County; Georgia,11507,8101,2833,6667,2016,359,218,1075,599,3406,2886,1171,3255,3728,2.36,2.82,27145,11507,6710,6860,1184,884,430,11067,2236,7050,100,243,1438,11698,1934,6850,293,1348,1273,252,71,29,43,0,104,12,682,541,140,13,311,53,44,304,541,318,444,6276,279,715,2711,1162,1409,19294,950,1763,6693,4555,1586,2260,1487,-888888888,-888888888,21639,1969,27393,4240,5922,145,16328,2190,5143,1905,27335,25275,2058,731,1327,1053,274,2,27594,27051,26796,17559,9237,255,543,543,361,182,798,255,0,255,543,54,489,543,196,18,17,0,296,16,26222,25464,758,255,480,164,209,88,69,3,0,0,27594,3482,0,10,15,320,4182,989,107,2930,0,4,4176,833,27,201,391,10,157,496,1043,0,4,315,38,101,95,109,-888888888,-888888888,-888888888
2014,Paulding County; Georgia,48472,38807,20497,30008,15472,2225,1254,6574,3771,9665,7913,2301,22353,8556,2.99,3.34,144916,48472,29867,49977,10971,5629,2526,53371,14340,32091,789,916,5235,57307,13075,32138,1278,4101,6715,1531,406,24,39,13,83,14,3255,1289,197,13,223,330,167,595,1289,895,775,44354,2668,2769,19722,9741,9454,90989,3024,7013,32282,21030,6413,13791,7436,-888888888,-888888888,103401,9970,144876,14053,42049,1403,90970,8203,11857,4447,144267,126211,17746,7310,10436,7675,2761,310,145565,138739,137006,80700,56306,1733,6826,6826,3467,3359,8559,1733,361,1372,6826,418,6408,6826,662,1073,1234,0,3703,154,135261,126623,8638,2515,4990,1717,2118,518,640,62,890,218,145565,20134,268,136,358,1614,12480,3045,494,16473,192,893,18531,4532,6,919,2081,248,338,1035,2727,238,4283,906,132,142,671,2426,-888888888,-888888888,-888888888
2014,Richmond County; Georgia,71776,43597,18576,24518,8257,3357,1343,15722,8976,28179,24371,6729,22333,17055,2.68,3.51,192267,71776,24455,65360,19716,10960,3725,76685,34290,28726,2232,2187,9250,83497,31816,27413,2733,8296,13239,2783,1552,45,54,53,89,13,5533,2924,576,13,245,394,715,1239,2924,1867,1959,55150,3026,2564,20845,10926,17789,128220,6982,13939,40347,30244,10563,16651,9494,-888888888,-888888888,147154,21077,191900,33794,48460,3473,120335,20353,23105,9968,198593,160933,36642,19844,16798,6418,10380,1018,201244,194092,189039,122983,66056,5053,7152,7152,3609,3543,12205,5053,274,4779,7152,651,6501,7152,1512,2728,476,102,2229,105,186549,175748,10801,2918,5147,1460,2683,475,2263,823,708,160,201244,22115,491,144,180,1008,10788,2324,538,11766,343,180,12287,2974,21,729,1502,350,423,1452,2953,17,5393,365,377,101,724,1779,-888888888,-888888888,-888888888
2014,Berrien County; Georgia,7102,4997,2111,3621,1401,304,124,1072,586,2105,1874,727,2381,2056,2.66,3.23,18890,7102,3617,6139,1377,655,207,7370,2211,4000,181,223,755,7759,1716,3919,430,917,777,251,62,32,56,81,78,31,435,247,8,13,019,109,26,104,247,178,138,4964,323,165,2367,974,1135,12776,711,1924,4645,2340,1501,1019,636,-888888888,-888888888,14277,1399,18759,3346,4682,242,11288,1817,2789,1287,19000,16602,2361,1383,978,691,287,37,19091,18601,18487,13721,4766,114,490,490,161,329,604,114,0,114,490,76,414,490,21,96,0,0,373,0,17866,16935,931,464,728,398,111,57,92,9,0,0,19091,5576,7,4,0,165,1479,185,11,1110,23,0,2340,373,0,20,80,0,0,408,249,9,133,20,26,0,23,76,-888888888,-888888888,-888888888
2014,Barrow County; Georgia,23064,17703,8665,13083,6292,1461,790,3159,1583,5361,4242,1568,9922,5046,3.06,3.48,70571,23064,13043,23492,7315,3657,1468,26448,8407,14514,557,597,2373,27815,6482,14543,714,2306,3770,1222,379,47,69,67,118,24,2221,939,298,13,013,185,208,248,939,566,740,19529,1306,1286,9058,4282,3597,45470,3293,4773,15900,9990,3950,5329,2235,-888888888,-888888888,51156,4671,70584,8723,19618,889,43681,4901,7285,2933,69924,61693,8227,3936,4291,3663,628,4,70873,66058,65526,43895,21631,532,4815,4815,2078,2737,5347,532,61,471,4815,58,4757,4815,506,1065,130,9,3083,22,65706,57966,7740,3175,5210,2404,1029,272,1478,499,23,0,70873,11347,95,83,129,917,6056,911,411,6078,65,115,8935,1890,0,219,1171,59,362,1146,1381,15,217,467,50,32,180,339,-888888888,-888888888,-888888888
2014,Clinch County; Georgia,2579,1636,679,1037,324,144,128,455,227,943,830,319,857,753,2.52,3.20,6491,2579,1031,1997,567,317,150,2494,764,1042,134,166,388,2662,803,1128,97,343,291,130,65,85,87,0,166,27,225,164,12,13,065,18,0,134,164,102,124,1586,84,115,797,286,304,4427,421,705,1785,739,154,344,279,-888888888,-888888888,4911,502,6641,1323,1849,93,3858,839,934,391,6654,5767,887,422,465,368,97,0,6777,6663,6653,5399,1254,10,114,114,13,101,124,10,0,10,114,0,114,114,5,10,7,0,92,0,6142,5997,145,51,122,41,13,0,10,10,0,0,6777,1233,2,5,0,41,393,11,2,60,3,0,639,83,0,0,0,0,0,92,68,0,27,0,0,0,34,3,-888888888,-888888888,-888888888
2014,Grady County; Georgia,9378,6654,2502,4613,1297,675,266,1366,939,2724,2329,834,2904,2779,2.67,3.12,25048,9378,4524,7878,1673,1595,556,9589,3169,4974,397,229,820,10193,2681,4815,332,1158,1207,203,114,38,35,25,60,17,379,245,26,13,131,46,40,133,245,139,201,6448,388,505,3096,1223,1236,16727,1582,2938,6144,2735,1206,1225,897,-888888888,-888888888,18782,1698,25048,4479,6445,575,14834,2260,3769,1644,25005,22096,2899,1414,1485,616,869,10,25239,23752,23682,17293,6389,70,1487,1487,29,1458,1557,70,0,70,1487,30,1457,1487,20,57,0,0,1408,2,23446,21127,2319,1310,2209,1295,43,10,57,5,10,0,25239,3464,61,0,0,134,1697,444,127,1262,181,85,1954,350,0,19,128,13,6,246,364,10,52,35,0,5,13,0,-888888888,-888888888,-888888888
2014,Whitfield County; Georgia,34734,25608,12383,19065,8945,2030,1161,4513,2277,9126,7385,3007,14657,8515,2.94,3.44,102027,34734,19044,34652,8715,4882,1845,39012,11761,20988,920,962,4381,40121,9061,20564,1382,4021,5093,1514,595,51,61,43,108,24,3789,1862,398,13,313,408,261,795,1862,1120,1466,27731,1278,1429,13847,5788,5389,64680,9921,10452,18950,13018,3107,5477,3755,-888888888,-888888888,74604,4778,102301,12390,28417,1094,61873,6769,12011,4527,101999,87524,14237,9783,4454,2718,1736,238,103132,84107,83363,57149,26214,744,19025,19025,4317,14708,19769,744,10,734,19025,894,18131,19025,287,1110,111,21,17301,195,95474,66272,29202,15151,27403,14595,803,221,637,272,359,63,103132,11563,346,10,119,774,18109,857,144,4886,27,70,9084,1012,0,165,559,26,47,990,1740,6,900,248,101,44,332,95,-888888888,-888888888,-888888888
2014,Macon County; Georgia,4655,2983,1095,1691,590,342,136,950,369,1672,1515,614,1283,1453,2.70,3.47,12576,4655,1702,4250,1423,546,215,6571,3257,2258,143,213,700,5251,1903,1904,334,664,446,196,138,82,73,63,133,29,286,169,46,13,193,19,32,72,169,118,120,3309,184,144,1374,825,782,9833,1077,1850,3798,1802,450,535,321,-888888888,-888888888,11260,896,12572,2605,2966,89,7821,1653,1785,863,14063,12432,1494,702,792,750,42,137,14232,13853,13834,11808,2026,19,379,379,91,288,398,19,0,19,379,101,278,379,2,133,2,0,242,0,13472,12710,762,267,351,244,258,0,130,17,23,6,14232,985,0,0,0,23,479,65,0,605,2,9,652,53,0,9,39,0,21,70,201,0,296,17,247,0,4,22,-888888888,-888888888,-888888888
2014,Harris County; Georgia,11554,9088,3280,7282,2507,635,353,1171,420,2466,2249,1067,3747,3395,2.78,3.17,32093,11554,7318,10002,2446,773,312,13223,3666,7748,125,566,1118,13464,2605,7653,282,1435,1489,369,70,23,51,0,117,27,718,323,62,13,145,134,35,92,323,186,250,8432,596,309,3493,1997,2037,22607,763,1615,6388,5649,1911,3668,2613,-888888888,-888888888,24978,3638,32069,5287,7404,396,19970,2974,4695,1917,32182,28829,3322,986,2336,2122,214,31,32539,31764,31224,20058,11166,540,775,775,630,145,1315,540,0,540,775,16,759,775,247,182,0,0,346,0,30890,29686,1204,319,695,220,364,37,140,62,5,0,32539,3531,40,78,91,264,3627,731,142,4095,89,34,4781,1380,59,105,393,7,63,717,845,0,25,158,40,2,153,73,-888888888,-888888888,-888888888
2014,Worth County; Georgia,8016,5786,2169,3998,1236,461,303,1327,630,2230,2045,893,2682,2378,2.65,3.18,21207,8016,4000,6292,2298,601,377,8178,2484,4416,193,188,897,9053,2152,4219,387,998,1297,126,19,7,25,11,45,12,795,302,62,13,321,79,47,114,302,200,232,5156,429,388,2228,1048,1063,14403,1033,2684,5845,2576,1139,704,422,-888888888,-888888888,16323,1542,21208,3282,5038,127,12932,1816,3238,1339,21224,18631,2580,1037,1543,1006,537,13,21365,21002,20854,17531,3323,148,363,363,122,241,511,148,0,148,363,13,350,363,21,43,0,0,239,60,20024,19564,460,167,377,135,24,0,59,32,0,0,21365,6392,0,11,4,88,1382,179,0,880,0,43,1310,140,8,0,20,0,0,333,161,0,175,0,0,0,35,102,-888888888,-888888888,-888888888
2014,Dooly County; Georgia,4957,3079,1182,1999,648,181,90,899,444,1878,1735,756,1481,1583,2.50,3.26,12413,4957,2055,3728,1164,509,219,6617,2591,2401,304,171,1150,5327,1747,2085,86,794,615,95,78,43,34,0,93,0,543,271,46,13,093,56,78,91,271,207,146,3115,340,194,1384,679,518,10127,1110,1571,4397,1542,598,648,261,-888888888,-888888888,11492,1230,12416,1893,2951,79,7425,1090,2040,724,14313,13387,926,558,368,359,9,0,14443,13909,13900,12258,1642,9,534,534,90,444,543,9,0,9,534,12,522,534,11,30,5,0,488,0,13695,12943,752,366,679,351,30,0,32,15,11,0,14443,1144,0,0,20,15,1476,31,43,154,0,13,607,115,0,3,41,0,0,93,146,0,11,3,0,0,32,10,-888888888,-888888888,-888888888
2014,Webster County; Georgia,1175,748,223,479,101,91,21,178,101,427,404,160,293,353,2.33,2.99,2739,1175,470,775,242,77,45,1162,384,529,30,54,165,1136,372,481,72,186,25,17,13,44,34,103,25,18,133,102,0,13,307,16,66,20,102,68,82,645,73,66,225,151,130,1915,136,300,942,235,188,52,62,-888888888,-888888888,2204,103,2739,612,540,56,1725,358,474,198,2732,2403,320,120,200,49,151,9,2744,2744,2735,2423,312,9,0,0,0,0,9,9,0,9,0,0,0,0,0,0,0,0,0,0,2634,2603,31,31,31,31,0,0,0,0,0,0,2744,573,0,0,0,0,139,33,0,93,0,0,184,15,4,0,0,0,0,4,14,0,4,0,0,0,0,0,-888888888,-888888888,-888888888
2014,Glascock County; Georgia,1155,815,323,655,272,31,0,129,51,340,297,142,379,367,2.59,3.16,2993,1155,653,912,192,81,31,1178,293,689,18,22,156,1270,213,681,9,198,169,10,7,24,15,0,19,17,80,22,3,13,125,5,0,14,22,22,0,779,59,47,412,145,116,2074,163,200,901,424,149,139,98,-888888888,-888888888,2311,161,2993,411,775,20,1760,224,458,167,3078,2843,229,115,114,86,28,6,3086,3069,3054,2741,313,15,17,17,7,10,32,15,2,13,17,6,11,17,2,10,0,0,4,1,2925,2900,25,0,11,0,14,0,0,0,0,0,3086,570,0,0,0,0,198,30,0,95,0,0,217,106,0,0,35,5,6,46,73,0,0,2,0,0,0,0,-888888888,-888888888,-888888888
2014,Chatham County; Georgia,103807,62819,26599,41591,15485,4141,1452,17087,9662,40988,33143,10277,30917,25202,2.55,3.26,264256,103807,41667,78329,22007,18446,6209,106290,43380,46063,2070,2989,11788,116851,41298,44617,2889,11064,16983,4143,2180,48,58,34,92,21,6919,3171,764,13,051,651,634,1122,3171,2151,1929,77426,4795,3303,27413,12376,29539,179025,6072,14222,47053,42350,11550,36311,21467,-888888888,-888888888,210500,24675,267771,31076,61249,1982,172016,16067,34506,13027,271686,225023,44574,24360,20214,8604,11610,2089,275303,257243,253065,155657,97408,4178,18060,18060,6819,11241,22238,4178,431,3747,18060,1584,16476,18060,2319,5766,1065,167,8046,697,256327,234662,21665,9269,12194,5798,4236,1233,4466,2037,769,201,275303,15050,456,453,559,2083,18703,4649,699,23417,810,351,25429,7342,274,1070,3540,489,1206,3200,5257,207,3868,1220,383,392,1267,1635,-888888888,-888888888,-888888888
2014,Johnson County; Georgia,3253,2282,842,1643,562,161,68,478,212,971,896,361,954,927,2.78,3.40,9039,3253,1626,3113,748,299,144,4714,1761,1917,228,159,649,3489,1018,1645,139,390,297,55,21,21,30,42,64,0,187,125,37,13,167,28,0,60,125,69,99,2129,135,73,934,507,480,6926,456,1204,2770,1402,428,398,268,-888888888,-888888888,7850,669,9040,1761,2000,180,5703,908,1337,673,9793,8294,1499,669,830,738,92,0,9850,9727,9658,8126,1532,69,123,123,105,18,192,69,0,69,123,0,123,123,0,84,0,0,39,0,9370,9252,118,8,102,8,16,0,0,0,0,0,9850,942,0,0,0,61,814,153,0,370,0,0,844,139,0,0,16,36,8,29,112,0,0,9,37,0,28,3,-888888888,-888888888,-888888888
2014,Madison County; Georgia,9819,6923,2780,5162,1915,644,346,1117,519,2896,2448,1066,3207,2872,2.84,3.40,27915,9819,5147,8855,2626,1468,561,11142,3233,5699,252,431,1527,11566,2829,5674,143,1493,1427,376,77,22,59,41,102,26,625,349,45,13,195,115,132,57,349,218,226,6712,490,469,2956,1538,1259,19246,1228,2536,7594,3780,1250,1664,1194,-888888888,-888888888,21523,1939,27976,4438,6609,341,17325,2538,4042,1559,27796,25548,2212,1091,1121,851,270,36,28142,27202,27039,21945,5094,163,940,940,379,561,1103,163,1,162,940,59,881,940,139,213,17,0,569,2,26486,25128,1358,550,1043,363,122,48,188,134,5,5,28142,5779,35,8,11,140,2606,181,43,1610,0,0,2077,227,46,129,168,24,34,505,511,0,15,187,4,0,166,48,-888888888,-888888888,-888888888
2014,Tift County; Georgia,13966,9177,4124,6044,2347,632,312,2501,1465,4789,4099,1411,4654,3700,2.79,3.50,38945,13966,6063,12702,4184,2030,639,15278,6411,6879,168,350,1470,16851,5669,6617,529,1981,2055,569,256,41,57,7,116,15,1008,551,52,13,277,192,107,200,551,386,400,11974,856,588,4544,2374,3612,25368,2061,3392,8220,5218,2257,2084,2136,-888888888,-888888888,30414,1918,40246,6258,10296,544,24718,3658,5232,2056,40200,34917,5115,3037,2078,1412,666,168,40721,38411,38235,30967,7268,176,2310,2310,735,1575,2486,176,0,176,2310,105,2205,2310,115,364,25,0,1701,105,38151,33797,4354,1387,3757,1196,270,43,302,148,25,0,40721,9092,0,6,42,203,2853,573,109,2382,48,20,3870,227,0,47,212,33,34,378,427,0,586,19,5,0,41,381,-888888888,-888888888,-888888888
2014,Talbot County; Georgia,2688,1919,503,1077,219,236,113,606,171,769,687,263,729,893,2.44,2.95,6564,2688,1069,1654,1022,131,75,2669,866,1146,89,156,412,2884,761,1202,124,484,313,53,26,34,40,0,60,37,316,205,25,13,263,67,52,61,205,137,146,1438,105,25,697,370,241,4742,417,688,1933,774,305,386,239,-888888888,-888888888,5328,554,6564,1453,1266,59,4110,773,1188,621,6555,6039,508,165,343,296,47,8,6594,6548,6489,5544,945,59,46,46,8,38,105,59,0,59,46,0,46,46,18,6,0,0,22,0,6346,6148,198,84,124,43,63,38,5,3,6,0,6594,370,0,3,0,12,250,61,9,377,0,0,274,84,0,17,2,4,4,96,41,0,355,0,0,0,12,17,-888888888,-888888888,-888888888
2014,Terrell County; Georgia,3227,2229,797,1329,334,167,86,733,377,998,870,368,950,1046,2.77,3.43,8944,3227,1356,3011,1050,300,242,3508,1429,1437,190,119,333,3903,1306,1446,130,542,479,119,109,86,59,140,95,0,289,195,24,13,273,0,11,160,195,116,119,2196,122,168,1032,428,446,6107,678,1251,2136,1090,338,346,268,-888888888,-888888888,7034,547,8935,1591,2260,152,5246,847,1429,592,9158,7671,1487,695,792,741,51,0,9304,9183,9148,7899,1249,35,121,121,60,61,156,35,0,35,121,0,121,121,13,32,0,0,71,5,8637,8453,184,41,139,30,15,0,30,11,0,0,9304,1069,0,8,0,17,492,23,19,346,5,0,377,146,0,24,3,0,6,60,59,0,22,3,18,0,23,12,-888888888,-888888888,-888888888
2014,Wilkinson County; Georgia,3343,2325,849,1554,482,155,85,616,282,1018,934,391,988,1111,2.80,3.49,9351,3343,1563,3357,876,212,95,3589,1165,1719,100,144,461,3994,1193,1691,168,507,435,27,11,9,13,0,34,0,168,87,7,13,319,38,0,42,87,58,41,2024,147,95,1066,424,292,6431,437,821,3220,1062,363,285,243,-888888888,-888888888,7218,577,9359,1480,2237,107,5583,793,1539,580,9366,8752,595,295,300,260,40,19,9455,9294,9259,8310,949,35,161,161,16,145,196,35,0,35,161,1,160,161,8,1,0,0,148,4,8841,8654,187,54,136,50,47,0,4,4,0,0,9455,952,0,0,0,16,482,60,14,334,5,0,334,4,0,1,42,0,8,51,88,0,21,1,0,0,26,20,-888888888,-888888888,-888888888
2014,Randolph County; Georgia,2868,2006,727,1123,295,58,22,825,410,862,736,305,896,927,2.49,3.01,7150,2868,1137,2257,637,251,171,2698,914,1250,234,120,180,3113,1224,1102,141,344,302,187,129,114,119,80,75,171,283,198,32,13,243,22,75,69,198,125,129,1640,158,115,721,223,423,4908,481,857,1716,781,347,352,374,-888888888,-888888888,5599,391,7262,1530,1812,114,4219,829,1231,587,7170,6141,1025,526,499,387,112,4,7411,7229,7159,5988,1171,70,182,182,177,5,252,70,0,70,182,4,178,182,10,138,23,0,11,0,6592,6412,180,6,51,0,109,6,0,0,20,0,7411,953,0,0,0,4,494,24,0,160,0,1,348,4,0,0,0,0,20,53,31,0,23,9,0,0,0,0,-888888888,-888888888,-888888888
2014,Ware County; Georgia,13702,9099,4019,6158,2559,828,456,2113,1004,4603,4059,1813,4775,4001,2.44,3.01,33426,13702,6233,9321,2713,1457,795,14211,4623,6787,410,543,1848,14548,3663,6602,378,1846,2059,462,252,61,60,105,97,8,1377,861,177,13,299,167,89,428,861,490,604,8558,616,468,3967,1959,1548,23936,1341,3102,9915,4982,1454,1770,1372,-888888888,-888888888,27460,2452,33523,6421,8453,772,19876,3415,5194,2234,35406,28495,6826,4209,2617,2101,516,85,35915,34702,34320,27704,6616,382,1213,1213,429,784,1595,382,8,374,1213,44,1169,1213,203,255,1,0,727,27,33463,31600,1863,740,1189,616,498,91,170,33,6,0,35915,3782,0,0,20,303,4948,432,71,1828,12,0,3600,254,0,12,201,26,119,393,604,0,97,28,0,0,126,168,-888888888,-888888888,-888888888
2014,Wilcox County; Georgia,2735,1788,699,1279,422,130,58,379,219,947,886,418,760,908,2.56,3.25,6995,2735,1272,2306,448,234,161,4584,2040,1585,171,147,641,3047,832,1350,150,424,291,51,40,46,32,0,84,0,85,49,11,13,315,4,9,25,49,34,34,1712,149,108,796,370,289,6484,500,1052,3116,1000,254,438,124,-888888888,-888888888,7318,592,7007,1339,1743,52,4056,748,1208,539,9014,7380,1612,433,1179,1058,121,22,9061,8878,8801,7492,1309,77,183,183,16,167,260,77,0,77,183,0,183,183,25,47,5,0,94,12,8603,8272,331,109,194,101,68,0,58,8,11,0,9061,1635,0,0,0,111,942,73,26,338,0,12,673,74,0,16,3,0,0,88,111,0,146,6,0,0,36,54,-888888888,-888888888,-888888888
2014,Irwin County; Georgia,3325,2343,914,1776,616,160,24,407,274,982,843,407,1038,974,2.66,3.22,8837,3325,1763,2829,618,302,88,3928,1460,2003,87,83,295,3735,979,1887,64,368,437,138,68,67,69,0,164,7,297,176,0,13,155,46,6,124,176,84,171,2181,239,70,913,458,501,6521,265,931,2566,1509,549,277,424,-888888888,-888888888,7302,817,8851,1632,2178,112,5283,811,1390,709,9383,8554,829,233,596,434,162,0,9482,9419,9385,7865,1520,34,63,63,26,37,97,34,0,34,63,0,63,63,15,6,0,0,34,8,8911,8804,107,58,73,44,28,14,6,0,0,0,9482,2784,0,0,0,42,495,45,0,594,0,32,755,152,0,6,13,0,17,141,94,0,325,0,0,0,30,33,-888888888,-888888888,-888888888
2014,Bacon County; Georgia,3953,2712,1122,2069,788,227,109,416,225,1241,1040,449,1345,1098,2.71,3.32,10696,3953,2087,3213,1001,442,270,4499,1361,2300,63,123,652,4376,1013,2426,46,429,462,102,0,0,42,0,76,24,324,172,14,13,005,0,0,158,172,119,139,2583,208,122,1241,673,339,7299,685,1197,2922,1179,431,543,342,-888888888,-888888888,8389,502,10702,1894,2807,131,6399,1017,1496,746,11094,9621,1473,896,577,462,115,0,11196,10544,10532,8451,2081,12,652,652,79,573,664,12,0,12,652,9,643,652,20,89,10,0,533,0,10485,9481,1004,497,842,412,151,85,0,0,11,0,11196,1594,11,16,0,119,1480,204,0,439,7,0,1066,117,0,17,20,0,0,65,142,0,17,0,0,0,49,79,-888888888,-888888888,-888888888
2014,Burke County; Georgia,7970,5554,2355,3275,1147,552,209,1727,999,2416,2076,711,2804,2055,2.87,3.53,22863,7970,3288,8033,2733,839,351,8413,3224,3751,292,255,891,9459,3260,3525,443,1158,1073,228,120,36,42,22,85,7,733,472,9,13,033,102,80,281,472,298,316,6439,406,474,2811,1506,1242,14591,1109,2211,5836,3084,885,893,573,-888888888,-888888888,16833,1600,22866,3989,6266,420,13701,2295,2899,1274,22911,20977,1894,1182,712,588,124,40,23136,22782,22540,18393,4147,242,354,354,126,228,596,242,0,242,354,36,318,354,97,22,27,0,203,5,21477,20813,664,271,544,219,69,15,21,16,30,21,23136,3116,55,0,4,79,1539,192,31,954,8,26,1518,258,10,41,164,12,11,303,228,0,237,26,61,0,82,0,-888888888,-888888888,-888888888
2014,Chattahoochee County; Georgia,2602,2005,1309,1699,1172,55,23,251,114,597,425,109,1437,257,3.35,3.78,8722,2602,1687,3404,483,546,135,6324,3404,2534,67,28,291,2797,735,1662,23,124,253,252,8,10,110,24,182,47,112,88,11,13,053,0,0,77,88,43,57,3654,302,239,1126,717,1270,5295,96,275,1384,1478,396,1228,438,-888888888,-888888888,4412,648,7390,1183,3028,260,3974,696,388,227,11600,5676,5148,687,4461,570,3891,776,11846,10917,10370,2755,7615,547,929,929,353,576,1476,547,88,459,929,303,626,929,178,290,126,37,283,15,10717,9114,1603,572,884,232,468,153,104,56,147,131,11846,572,52,129,0,64,1115,327,199,1776,8,47,2279,654,0,149,47,31,50,79,248,0,130,125,18,0,6,88,-888888888,-888888888,-888888888
2014,Decatur County; Georgia,10473,6974,2794,4505,1373,398,235,2071,1186,3499,3235,1349,3290,2867,2.51,3.12,26237,10473,4535,7843,2427,959,568,10436,3889,4873,351,290,1033,11322,3363,5070,399,1328,1162,256,115,34,41,51,59,20,778,421,94,13,087,63,122,142,421,263,312,6877,507,468,2974,1487,1441,18022,1298,2500,6266,3830,1412,1611,1105,-888888888,-888888888,20563,1412,26271,4098,6905,255,15504,2151,3862,1692,27233,23976,3230,1389,1841,1022,819,27,27508,26754,26686,19716,6970,68,754,754,153,601,822,68,0,68,754,25,729,754,25,47,15,0,653,14,25619,24636,983,273,727,260,140,13,86,0,30,0,27508,2520,5,0,36,196,976,233,17,1300,39,23,992,109,0,11,20,0,9,118,188,0,207,5,0,0,22,0,-888888888,-888888888,-888888888
2014,Habersham County; Georgia,14613,10413,3935,8327,2983,682,299,1404,653,4200,3682,1812,4536,5060,2.78,3.36,40589,14613,8341,13123,3108,1404,474,16138,4574,9073,357,443,1691,18786,4318,9355,738,2097,2278,545,200,39,50,6,120,2,823,319,97,13,137,21,91,110,319,215,158,10605,581,639,4994,2244,2147,29215,2863,3575,10142,5875,1940,2747,2073,-888888888,-888888888,33217,3298,41124,6640,10059,347,24037,3336,7028,2957,42786,38853,3879,1271,2608,1983,625,54,43342,39847,39549,28396,11153,298,3495,3495,1098,2397,3793,298,58,240,3495,105,3390,3495,142,736,23,0,2563,31,40778,35064,5714,2691,4686,2296,268,78,737,317,23,0,43342,5263,2,67,9,483,6112,594,154,3661,62,8,5438,677,4,223,365,9,102,900,1133,0,21,356,121,267,352,15,-888888888,-888888888,-888888888
2014,McIntosh County; Georgia,4991,3358,949,2449,555,223,138,686,256,1633,1419,758,1157,1906,2.82,3.44,14080,4991,2427,4189,1568,905,324,5455,1265,2766,213,227,984,6371,1381,2899,182,1193,716,120,8,5,37,13,45,41,548,405,147,13,191,156,17,85,405,189,238,3027,245,88,1482,568,644,10256,1067,1123,3823,2032,759,907,545,-888888888,-888888888,11314,1487,14068,3770,2826,96,8563,2364,2679,1310,14047,12583,1464,685,779,638,141,0,14172,13859,13668,10219,3449,191,313,313,239,74,504,191,0,191,313,0,313,313,20,80,2,35,164,12,13584,13234,350,40,202,28,101,12,24,0,23,0,14172,1430,44,0,40,34,1278,390,97,879,11,7,1742,271,0,32,152,4,14,204,472,0,334,59,0,29,25,65,-888888888,-888888888,-888888888
2014,Monroe County; Georgia,9626,7174,2460,5357,1742,430,184,1387,534,2452,2222,799,2908,2649,2.65,3.08,25543,9626,5336,7165,2414,1002,525,10967,3487,5797,245,228,1210,11095,2734,5573,317,1095,1376,354,233,75,57,92,124,2,752,326,44,13,207,65,64,153,326,193,197,6205,244,355,2698,1621,1287,18553,948,2711,6466,3743,1012,2088,1585,-888888888,-888888888,20902,2221,25540,3761,5811,117,15895,2160,3834,1484,26406,22900,3501,794,2707,1986,721,5,26788,26384,26184,19983,6201,200,404,404,251,153,604,200,24,176,404,5,399,404,118,126,0,0,160,0,25305,24493,812,304,520,216,211,88,32,0,49,0,26788,7145,20,33,18,196,2826,535,8,2098,0,27,2736,612,16,27,139,28,100,381,441,0,142,178,19,0,63,29,-888888888,-888888888,-888888888
2014,Taliaferro County; Georgia,682,406,105,265,62,40,15,101,28,276,240,146,151,316,2.48,3.19,1692,682,272,424,195,119,24,720,298,308,17,24,73,751,264,286,24,118,59,0,0,0,0,0,0,0,69,25,0,13,265,6,19,0,25,3,25,306,37,3,143,62,61,1235,176,240,538,131,48,69,33,-888888888,-888888888,1379,111,1671,399,296,25,963,154,412,220,1700,1531,164,45,119,110,9,5,1700,1679,1679,1411,268,0,21,21,14,7,21,0,0,0,21,0,21,21,0,8,0,0,13,0,1605,1592,13,0,2,0,3,0,8,0,0,0,1700,188,0,0,0,0,56,9,0,84,0,0,68,0,0,0,9,0,0,52,39,0,10,24,0,0,0,13,-888888888,-888888888,-888888888
2014,Bryan County; Georgia,11231,8805,4378,6731,2985,755,483,1319,910,2426,1945,828,4848,2168,2.86,3.23,32083,11231,6689,10960,1993,1210,640,11928,2993,7095,264,269,1307,12465,2856,7071,144,1020,1374,368,114,31,46,14,77,30,925,484,98,13,029,171,96,119,484,306,371,9779,712,403,4595,2155,1914,20383,605,1591,5489,4538,1563,4362,2235,-888888888,-888888888,21935,3522,31200,3318,9367,559,18886,1591,2947,1168,31780,26358,4994,2047,2947,1649,1298,428,32185,30785,30084,16892,13192,701,1400,1400,977,423,2101,701,33,668,1400,57,1343,1400,320,440,114,0,446,80,29910,28221,1689,528,1033,290,381,71,265,167,10,0,32185,4009,0,10,13,494,3075,621,223,4094,43,105,3510,1200,7,175,483,79,220,516,779,75,133,161,23,47,169,472,-888888888,-888888888,-888888888
2014,Camden County; Georgia,18560,13984,6693,10925,4986,755,392,2304,1315,4576,3521,1044,7382,3682,2.68,3.07,49677,18560,10971,15816,2190,2140,1033,20563,6585,11529,382,331,1736,19565,4318,11350,473,1272,2152,851,299,56,67,12,133,15,1093,744,158,13,039,144,109,333,744,478,487,13701,1078,854,5274,2736,3759,31155,689,2073,9646,9001,3149,4073,2524,-888888888,-888888888,34478,7116,47378,4977,13312,408,28942,2964,5124,1605,50351,40127,9896,5524,4372,871,3501,328,51193,49841,48779,17361,31418,1062,1352,1352,634,718,2414,1062,45,1017,1352,31,1321,1352,235,479,107,0,441,90,47252,44601,2651,873,1589,640,446,0,472,180,144,53,51193,6204,127,89,163,569,3975,1014,399,5534,38,109,6397,2333,18,356,811,120,175,689,986,47,529,298,46,10,155,161,-888888888,-888888888,-888888888
2014,Crawford County; Georgia,4655,3453,1207,2355,683,270,140,828,384,1202,1084,385,1534,1284,2.66,3.10,12362,4655,2325,3809,1110,463,188,5140,1720,2618,89,48,665,5093,1128,2553,213,537,662,77,26,19,27,0,80,0,372,94,4,13,079,16,19,55,94,52,60,3036,209,172,1125,652,878,8692,613,1202,3464,2060,387,695,271,-888888888,-888888888,9767,935,12379,1874,2757,215,7817,899,1805,760,12402,11316,1079,465,614,520,94,7,12536,12417,12323,9690,2633,94,119,119,52,67,213,94,0,94,119,39,80,119,42,55,0,0,22,0,11890,11567,323,35,258,21,62,14,3,0,0,0,12536,4138,0,0,38,48,1428,192,75,1141,14,0,865,293,0,147,28,7,114,58,277,0,70,46,0,13,40,1,-888888888,-888888888,-888888888
2014,Coffee County; Georgia,14597,9932,4214,6753,2593,862,386,2317,1235,4665,4152,1443,4832,3693,2.70,3.33,39421,14597,6756,12362,4010,1696,686,17288,6909,7653,357,321,2048,16632,5065,7125,434,1681,2327,611,262,43,60,40,125,5,1114,632,142,13,069,158,47,285,632,404,390,11019,805,671,4802,2139,2602,27147,1961,4269,10761,4872,1935,2117,1232,-888888888,-888888888,32090,2132,39865,6237,10834,421,24072,3613,4959,2203,42492,37663,4618,2678,1940,1472,468,211,42947,40340,40189,33246,6943,151,2607,2607,736,1871,2758,151,0,151,2607,231,2376,2607,195,355,49,0,1988,20,39988,36105,3883,1640,3321,1429,308,49,254,162,0,0,42947,6652,58,0,27,60,4601,329,44,1442,18,0,2262,331,0,43,64,9,90,205,647,0,210,53,14,0,0,96,-888888888,-888888888,-888888888
2014,Gilmer County; Georgia,10959,7718,2409,6413,1773,384,180,921,456,3241,2749,1130,2861,3821,2.57,3.09,28177,10959,6391,7580,2124,1123,532,11817,2850,6920,194,211,1642,11618,1903,6649,349,1005,1712,353,122,50,64,85,113,17,813,493,33,13,123,244,49,167,493,333,322,5774,302,486,2453,1494,1039,20331,1887,2684,6714,4235,1379,2309,1123,-888888888,-888888888,22369,2428,28202,5227,6039,127,16628,2942,5535,2158,28061,23468,4456,2128,2328,1782,546,137,28441,26732,26549,16803,9746,183,1709,1709,481,1228,1892,183,29,154,1709,224,1485,1709,144,89,0,0,1379,97,26868,24479,2389,1360,2191,1272,108,9,90,79,0,0,28441,4864,0,275,41,241,5120,876,171,3171,92,55,3646,726,32,92,424,62,164,700,602,12,19,212,21,8,315,5,-888888888,-888888888,-888888888
2014,Walton County; Georgia,29490,23085,9939,17633,7120,1538,653,3914,2166,6405,5488,2035,11471,7615,2.87,3.26,84718,29490,17574,27435,7190,3029,1166,32086,9391,18978,439,601,2677,34718,7782,18978,1103,2745,4110,1266,453,47,60,34,125,19,2658,1301,345,13,297,287,364,305,1301,694,1007,22637,1516,1175,10511,5150,4285,55696,2122,6644,19375,13533,4431,6815,2776,-888888888,-888888888,62940,5755,84714,10370,22410,461,51416,5873,10888,4036,84399,74076,10301,5239,5062,3228,1834,22,85378,81459,80796,55544,25252,663,3919,3919,1887,2032,4582,663,12,651,3919,189,3730,3919,845,726,141,12,2085,110,79961,75088,4873,2265,2552,1201,1436,656,765,396,120,12,85378,14201,72,49,45,765,8121,1236,108,6432,150,194,8255,2023,34,396,844,60,101,1847,2219,45,456,266,0,31,294,1509,-888888888,-888888888,-888888888
2014,Dodge County; Georgia,8056,5531,2426,3713,1430,556,346,1262,650,2525,2332,1112,2845,2323,2.38,2.92,19197,8056,3676,5528,1404,533,229,9304,3740,3891,306,262,1105,8366,2118,4108,278,1013,849,298,114,48,65,7,165,6,394,243,8,13,091,106,45,84,243,171,210,4354,292,235,1977,1078,772,14496,816,2137,6187,2202,1071,1194,889,-888888888,-888888888,16787,1271,19400,3506,4522,273,11935,1864,2943,1369,21085,18845,2205,1358,847,650,197,35,21365,20968,20810,17181,3629,158,397,397,101,296,555,158,26,132,397,4,393,397,46,69,12,13,238,19,20094,19338,756,329,553,253,119,45,84,31,0,0,21365,2939,0,2,13,83,5799,117,0,624,19,0,953,133,0,0,229,7,0,99,412,0,100,6,15,0,86,60,-888888888,-888888888,-888888888
2014,Cherokee County; Georgia,77654,58719,28587,45961,21688,3631,1740,9127,5159,18935,15623,5405,31098,16700,2.84,3.27,220635,77654,45958,72744,14811,9468,3385,83990,23409,49482,1326,1669,8104,88175,18508,49638,1692,6399,11938,-888888888,-888888888,-888888888,-888888888,-888888888,-888888888,-888888888,4392,2045,442,13,057,440,230,933,2045,1004,1732,60929,4449,3420,28034,12572,12454,144964,6137,10023,35082,34298,9724,34851,14849,-888888888,-888888888,162575,15072,221128,20239,59301,1599,138508,10728,23319,7912,219192,189627,29030,13803,15227,9641,5586,535,221951,202519,199905,104568,95337,2614,19432,19432,6972,12460,22046,2614,49,2565,19432,639,18793,19432,3743,3054,922,6,10867,840,207090,182966,24124,10206,16749,8093,4771,1088,1917,885,687,140,221951,33494,734,882,399,2595,27707,4600,1108,31027,581,1188,29114,10901,663,2071,4984,320,1755,3873,6750,295,1039,2458,625,1170,2155,716,-888888888,-888888888,-888888888
2014,Lee County; Georgia,10060,7768,3675,5932,2653,631,305,1205,717,2292,1907,647,3969,2093,2.73,3.13,27441,10060,5935,9314,1278,854,417,11220,3398,6199,306,156,1161,11194,2660,6174,142,986,1232,347,89,28,48,0,108,18,616,352,102,13,177,59,0,191,352,207,257,8684,480,490,3878,1880,1956,18626,683,2008,5437,4681,1659,2437,1721,-888888888,-888888888,20889,2231,27425,3030,7830,367,16877,1663,2718,1000,28504,24223,4236,1431,2805,2053,752,45,28805,27816,27448,19481,7967,368,989,989,492,497,1357,368,15,353,989,115,874,989,68,541,47,0,329,4,26948,25514,1434,552,724,262,454,231,56,0,200,59,28805,6102,264,10,8,432,2250,315,83,2127,7,39,2715,770,0,129,190,48,100,400,973,32,54,87,144,12,150,16,-888888888,-888888888,-888888888
2014,Pickens County; Georgia,11019,8527,2988,7119,2321,501,206,907,461,2492,2106,984,3411,3716,2.65,2.98,29235,11019,7144,7680,2095,1297,405,12098,2450,7589,242,438,1379,12386,1939,7727,154,1163,1403,382,83,32,62,56,113,25,710,328,19,13,227,92,42,175,328,170,287,6217,372,458,2600,1457,1330,21295,1382,2350,6820,4206,1488,3281,1768,-888888888,-888888888,23353,2856,29251,4590,6134,386,17596,2090,5521,2114,29278,25911,3309,2054,1255,1032,223,58,29550,28747,28526,18312,10214,221,803,803,337,466,1024,221,29,192,803,10,793,803,141,162,110,0,371,19,28087,27045,1042,403,733,336,192,67,22,0,95,0,29550,5889,231,59,84,429,3625,888,73,2982,80,19,4188,878,0,114,337,37,67,752,827,0,54,68,0,28,96,27,-888888888,-888888888,-888888888
2014,Cook County; Georgia,6255,4734,1879,3406,1296,319,92,1009,491,1521,1270,482,2271,1724,2.70,3.10,16866,6255,3395,5240,1306,670,281,6370,1945,3525,79,169,652,6879,1616,3660,276,704,623,306,113,66,74,123,113,30,514,211,38,13,075,40,24,109,211,137,168,4491,291,282,2155,875,888,11210,776,2021,4156,2089,665,885,618,-888888888,-888888888,12476,1096,16880,2447,4562,154,10061,1384,2257,909,16810,13821,2847,1953,894,589,305,142,17061,16496,16397,12940,3457,99,565,565,169,396,664,99,31,68,565,22,543,565,59,30,0,2,474,0,15841,14976,865,420,751,341,107,79,7,0,0,0,17061,4436,0,62,0,48,898,257,0,857,0,0,938,438,0,43,28,3,30,178,61,0,286,29,14,0,5,38,-888888888,-888888888,-888888888
2014,Fulton County; Georgia,373005,207151,103202,136360,63594,13973,6022,56818,33586,165854,138624,30804,112767,68006,2.50,3.40,934081,373005,136279,283710,76990,64097,19668,374099,173793,153210,6490,8066,32540,402815,161769,148127,10537,29662,52720,13064,5347,31,49,21,74,31,18229,6742,1384,13,121,1552,1253,2553,6742,4925,3556,279328,20563,11953,101276,50568,94968,636648,21311,37831,115866,116069,36271,189733,119567,-888888888,-888888888,739494,45965,958576,89588,226866,6825,639928,49825,91782,32938,955453,767113,180538,99227,81311,48745,32566,7802,967100,845672,832466,440180,392286,13206,121428,121428,46308,75120,134634,13206,1046,12160,121428,12802,108626,121428,15403,46141,9661,930,46634,2659,903305,753464,149841,53754,64368,29283,41712,9286,33395,12831,10366,2354,967100,64258,5980,1845,1598,5327,63320,13860,2011,65430,2363,2464,58281,25582,1597,4161,14763,1416,10827,10899,15779,1305,19369,5655,1461,2232,4305,13090,-888888888,-888888888,-888888888
2014,Lumpkin County; Georgia,11096,7114,2785,5593,2029,454,281,1067,475,3982,2986,1199,3230,3277,2.63,3.20,29188,11096,5613,8151,1910,2418,352,12512,4510,6419,108,240,1235,13253,4060,6005,391,1012,1785,235,39,8,30,0,58,10,496,302,15,13,187,89,50,148,302,224,164,9425,571,487,2582,1581,4204,19024,1019,1638,5734,4222,1177,3312,1922,-888888888,-888888888,24433,2162,30355,4488,6125,453,19935,2420,4295,1615,30486,24649,5746,2069,3677,3092,585,91,30719,29527,29403,18801,10602,124,1192,1192,263,929,1316,124,0,124,1192,52,1140,1192,292,57,22,0,749,72,29158,27774,1384,582,939,498,303,57,142,27,0,0,30719,4967,14,59,337,292,5094,332,77,3632,76,81,4336,1167,129,43,526,64,146,907,1108,26,68,192,29,8,334,50,-888888888,-888888888,-888888888
2014,McDuffie County; Georgia,8177,6021,2477,4044,1488,409,169,1568,820,2156,1912,819,2837,2212,2.60,3.09,21225,8177,4097,6995,1468,488,320,7911,2541,4199,207,245,719,9042,2372,4301,383,1027,959,271,146,57,55,0,115,26,539,275,35,13,189,92,48,100,275,194,162,5533,394,466,2399,1393,881,14294,1213,2496,5037,2490,864,1392,802,-888888888,-888888888,16048,1240,21268,3299,5511,206,12653,1753,3104,1340,21362,19030,2315,1168,1147,635,512,17,21563,21269,21077,17718,3359,192,294,294,37,257,486,192,0,192,294,0,294,294,56,8,0,0,230,0,20093,19575,518,197,420,197,56,0,42,0,0,0,21563,4079,29,0,9,30,1566,173,49,791,0,4,1272,127,0,30,25,2,47,227,335,16,311,32,0,0,45,75,-888888888,-888888888,-888888888
2014,Miller County; Georgia,2396,1637,643,1140,350,71,34,426,259,759,677,315,767,739,2.44,3.01,5840,2396,1144,1686,463,151,81,2320,742,1306,24,94,154,2482,501,1140,100,308,433,44,4,7,36,0,68,19,207,85,20,13,201,8,10,47,85,64,60,1438,125,166,612,227,308,4099,326,577,1495,969,229,277,226,-888888888,-888888888,4600,331,5855,909,1417,30,3366,459,1072,420,5956,5414,538,272,266,245,21,4,6017,5972,5946,4923,1023,26,45,45,9,36,71,26,0,26,45,0,45,45,0,43,0,0,2,0,5613,5559,54,17,9,0,0,0,0,0,45,17,6017,787,43,0,0,24,260,84,26,87,0,0,498,61,0,0,3,9,0,134,41,0,12,0,0,0,0,0,-888888888,-888888888,-888888888
2014,Morgan County; Georgia,6408,4816,2039,3663,1510,280,51,873,478,1592,1381,728,2371,2094,2.76,3.24,17689,6408,3667,5601,1532,481,147,6823,1637,4128,173,332,553,7509,1889,3714,145,888,873,114,27,14,29,0,71,7,676,331,9,13,211,126,7,189,331,188,241,4516,263,204,2110,1136,803,12260,779,1451,4158,2412,720,1716,1024,-888888888,-888888888,13555,1353,17669,2492,4287,265,10423,1210,2959,1017,17823,16534,1250,429,821,489,332,39,17866,17561,17432,13070,4362,129,305,305,138,167,434,129,0,129,305,0,305,305,34,15,0,0,241,15,16877,16484,393,285,349,283,44,2,0,0,0,0,17866,3303,0,0,0,88,1796,175,0,1305,16,18,1719,446,0,26,118,0,0,225,219,0,0,49,88,11,116,33,-888888888,-888888888,-888888888
2014,Heard County; Georgia,4358,2966,1212,2293,848,193,145,480,219,1392,1128,549,1465,1228,2.65,3.26,11541,4358,2301,3230,1158,494,274,4620,1144,2491,50,195,740,4756,898,2537,91,479,751,159,21,18,59,0,145,9,433,300,18,13,149,126,27,129,300,206,231,2861,154,111,1272,729,595,7805,458,1444,3107,1496,485,569,246,-888888888,-888888888,8838,892,11542,2586,2836,296,7067,1537,1639,753,11546,9598,1945,1043,902,652,250,3,11674,11652,11577,8675,2902,75,22,22,19,3,97,75,0,75,22,0,22,22,0,2,0,0,20,0,10932,10909,23,10,10,0,8,8,5,2,0,0,11674,1471,15,23,17,97,1015,269,64,1021,57,34,1347,172,0,15,50,44,17,128,246,0,0,78,0,8,0,8,-888888888,-888888888,-888888888
2014,Oconee County; Georgia,11621,9305,4618,7807,3807,361,220,1137,591,2316,2008,790,4819,2702,2.89,3.27,33545,11621,7798,11839,1483,804,293,12669,3113,8334,135,266,821,13627,2999,7813,325,1041,1449,271,60,17,33,0,88,12,580,166,27,13,219,52,65,22,166,64,150,10035,633,602,4458,2296,2046,21994,444,1224,4435,4485,1596,4777,5033,-888888888,-888888888,24477,2213,33537,3285,9251,368,20290,1523,3996,1394,33466,30702,2674,738,1936,1516,420,90,33769,32065,31452,20180,11272,613,1704,1704,819,885,2317,613,27,586,1704,52,1652,1704,234,734,61,3,614,58,31859,29505,2354,818,1056,543,737,151,528,119,33,5,33769,6082,63,72,106,384,4744,810,104,3975,38,112,4493,1088,5,214,313,40,87,851,1323,24,57,507,101,4,250,34,-888888888,-888888888,-888888888
2014,Dougherty County; Georgia,35585,22464,9275,11778,3500,1837,892,8849,4883,13121,11324,3542,11542,8828,2.53,3.20,89880,35585,11801,27292,10391,4811,2164,33464,14667,12973,1274,906,3644,40428,16470,12271,2052,3952,5683,1930,1285,74,79,16,142,29,3022,1925,274,13,095,451,418,782,1925,1343,1290,30911,2424,1118,10490,5289,11590,58370,3481,8335,16484,16307,3354,6016,4393,-888888888,-888888888,69890,6826,92099,13866,23684,739,56734,8320,11681,4807,92157,76411,15662,9674,5988,4649,1339,84,93890,91744,91129,71829,19300,615,2146,2146,842,1304,2761,615,26,589,2146,221,1925,2146,377,645,224,0,882,18,86875,83883,2992,1241,1797,835,682,180,328,203,185,23,93890,9354,79,46,5,455,3696,725,57,1953,128,22,3027,872,14,62,160,22,131,660,508,0,930,48,24,6,140,381,-888888888,-888888888,-888888888
2014,Fannin County; Georgia,9684,6586,1766,5223,1113,245,80,1118,573,3098,2724,1348,2371,3807,2.42,2.94,23451,9684,5228,5371,2158,1010,362,9736,2247,5578,176,412,1323,10361,1495,5972,237,1286,1371,152,77,37,33,0,77,12,790,372,111,13,111,11,0,250,372,217,215,4641,375,258,2004,1177,827,17877,1495,2095,6984,3251,1421,1687,944,-888888888,-888888888,19348,2426,23476,5228,4284,176,13707,2807,5485,2245,23500,20817,2647,1398,1249,425,824,36,23632,23352,23270,12365,10905,82,280,280,172,108,362,82,0,82,280,0,280,280,34,112,0,0,134,0,22632,21768,864,423,530,272,146,45,109,106,79,0,23632,4017,12,27,0,279,3045,724,145,2717,0,43,3425,1080,86,119,158,62,72,681,631,12,7,80,0,0,242,9,-888888888,-888888888,-888888888
2014,Henry County; Georgia,69717,52852,25978,37396,16554,3590,2098,11866,7326,16865,14501,4160,29536,14191,2.99,3.44,208115,69717,37422,72843,18920,9213,3176,76127,24157,41679,1243,1672,7376,85543,24364,40205,2179,6174,12621,2437,810,27,43,10,97,16,6973,2629,716,13,151,565,490,858,2629,1604,2015,66707,4337,3328,27946,15234,15862,131579,3983,9685,40397,31811,11181,23019,11503,-888888888,-888888888,149955,18059,207707,20337,58619,2642,129624,11061,19464,6634,206794,177769,28325,13068,15257,10832,4425,700,209069,194320,190659,115663,74996,3661,14749,14749,8423,6326,18410,3661,83,3578,14749,536,14213,14749,1081,4771,1317,0,7109,471,195907,176985,18922,6299,8424,2741,6169,1777,3322,1486,1007,295,209069,25495,429,230,256,1709,15752,2082,554,14721,429,484,17416,4911,77,491,2076,424,716,2491,2756,109,10190,646,407,130,483,7060,-888888888,-888888888,-888888888
2014,Houston County; Georgia,52564,36892,17776,27250,11589,2141,1132,7501,5055,15672,13619,3616,19876,10691,2.74,3.32,143968,52564,27371,47676,10719,5638,2354,54822,17760,29467,1403,1101,5091,59173,15509,29405,1491,4944,7824,1914,675,36,51,9,105,11,4227,1791,325,13,153,397,181,888,1791,1187,1325,43568,2771,2432,17258,8523,12584,93271,2777,7517,28088,24540,8715,13538,8096,-888888888,-888888888,105175,18645,142020,16321,38009,1299,88534,9058,15477,5964,143866,120753,22266,11995,10271,5669,4602,847,145622,137066,133381,79545,53836,3685,8556,8556,3599,4957,12241,3685,165,3520,8556,461,8095,8556,1181,3056,308,0,3824,187,135316,123540,11776,4524,7255,2949,2236,605,2046,892,239,78,145622,29399,195,167,289,1500,11653,2525,398,13999,101,204,12038,2721,262,550,1620,277,213,1801,3306,68,854,759,154,130,639,429,-888888888,-888888888,-888888888
2014,Laurens County; Georgia,17614,11995,4737,7995,2775,785,331,3215,1631,5619,5049,2296,5710,5173,2.66,3.29,46881,17614,8007,15343,4173,1744,813,17842,6395,8698,539,474,1736,20144,5674,8435,788,2645,2602,521,218,35,46,53,84,12,1436,619,81,13,175,173,182,183,619,438,374,11699,878,798,5481,2611,1931,31835,2176,3925,13985,5048,2082,2598,2021,-888888888,-888888888,35936,3262,46988,6061,12066,348,27918,2836,7004,2877,47220,40881,6286,4832,1454,924,530,53,48028,46915,46695,39903,6792,220,1113,1113,436,677,1333,220,37,183,1113,47,1066,1113,146,385,0,0,518,64,44762,43422,1340,787,802,542,288,92,244,153,6,0,48028,5269,9,60,10,172,3033,279,15,1034,4,33,2337,251,7,90,130,15,19,480,452,0,115,110,0,0,67,28,-888888888,-888888888,-888888888
2014,Long County; Georgia,5078,3740,2081,2572,1251,267,198,901,632,1338,1203,240,2258,749,3.10,3.65,15754,5078,2483,5834,1593,766,386,5895,1907,3014,234,82,658,6071,1714,2751,365,547,694,212,68,31,49,0,102,5,468,130,77,13,183,43,6,4,130,62,81,4613,128,477,1961,872,1175,9377,273,1198,3601,2038,967,963,337,-888888888,-888888888,10541,1759,15049,1944,4721,206,9168,1236,1160,502,15698,12867,2599,489,2110,1135,975,232,15967,14967,14425,7836,6589,542,1000,1000,258,742,1542,542,29,513,1000,57,943,1000,49,61,0,0,796,94,14649,13336,1313,524,1236,515,21,9,43,0,13,0,15967,1643,35,0,9,49,569,144,68,1495,0,0,1828,369,0,30,251,4,0,182,177,0,72,36,0,0,95,240,-888888888,-888888888,-888888888
2014,Spalding County; Georgia,23013,16474,6421,10667,3960,1075,275,4732,2186,6539,5732,2362,7970,6775,2.73,3.28,62767,23013,10717,19696,7121,2220,801,24112,8352,11627,395,756,2982,26477,7355,11719,1107,2912,3384,788,397,50,53,5,106,16,2014,955,219,13,255,79,125,532,955,665,532,15251,979,771,6907,3557,3037,42315,3152,6460,14979,8811,2488,4055,2370,-888888888,-888888888,48041,4982,62924,10223,15905,640,37944,5724,9075,3859,63129,53571,9458,5060,4398,3321,1077,100,63946,61797,61288,48933,12355,509,2149,2149,935,1214,2658,509,0,509,2149,37,2112,2149,294,428,69,0,1316,42,59473,56383,3090,1143,2248,969,554,84,166,87,122,3,63946,21229,28,65,35,461,3494,590,131,2701,95,30,4238,723,29,75,320,0,32,733,764,0,340,142,58,0,93,84,-888888888,-888888888,-888888888
2014,Stephens County; Georgia,9260,6608,2328,5280,1702,312,98,1016,528,2652,2439,1071,2920,3193,2.69,3.23,24887,9260,5284,7089,2382,872,263,9945,2865,5724,103,316,937,11026,2762,5690,255,1170,1149,334,111,37,55,99,98,7,1214,839,220,13,257,157,269,193,839,560,608,6424,306,385,2778,1263,1692,17062,947,2100,6709,3320,1311,1419,1256,-888888888,-888888888,19952,1786,25685,4860,5779,224,15438,2796,4468,1840,25515,23030,2411,1299,1112,598,514,74,25741,25097,24965,17938,7027,132,644,644,175,469,776,132,0,132,644,28,616,644,85,28,48,0,468,15,24368,23407,961,327,670,227,162,59,105,22,24,19,25741,3550,15,23,32,171,2667,514,49,1432,0,32,2070,338,0,91,142,44,87,482,632,63,24,183,53,88,53,7,-888888888,-888888888,-888888888
2014,Telfair County; Georgia,5428,3649,1608,2520,991,197,107,932,510,1779,1617,787,1783,1712,2.34,2.89,12682,5428,2533,3605,757,359,179,8351,3775,3579,170,160,667,5473,1296,2556,196,700,725,195,131,98,73,101,91,50,172,126,35,13,271,5,52,34,126,96,51,2816,139,308,1428,589,352,12104,1067,2048,5931,1217,537,673,631,-888888888,-888888888,13414,853,12686,2157,3079,43,7417,1265,2190,849,16292,15646,637,293,344,313,31,9,16493,14413,14382,11832,2550,31,2080,2080,117,1963,2111,31,0,31,2080,71,2009,2080,85,37,20,0,1838,100,15648,13522,2126,1476,2065,1465,30,0,24,11,7,0,16493,1467,6,0,0,39,4794,62,0,326,0,0,352,42,0,1,6,0,7,17,93,0,98,9,7,0,0,97,-888888888,-888888888,-888888888
2014,Upson County; Georgia,10363,7307,2659,5173,1822,473,203,1661,634,3056,2736,1007,3363,3205,2.52,3.06,26141,10363,5152,7339,2526,761,421,10112,3198,5380,212,306,1016,11529,2945,5456,274,1551,1303,316,188,58,52,28,115,8,1012,600,35,13,293,68,128,369,600,440,489,6386,464,343,2698,1701,1180,18203,1380,2898,6364,4475,1019,1117,950,-888888888,-888888888,20565,1991,26154,5036,6086,356,15847,2935,4221,1745,26318,21763,4537,3603,934,724,210,18,26681,26409,26287,22299,3988,122,272,272,83,189,394,122,0,122,272,0,272,272,23,70,0,0,179,0,24978,24462,516,340,435,301,81,39,0,0,0,0,26681,7631,0,9,1,449,2659,206,8,959,6,27,2484,247,0,96,33,0,32,233,343,0,156,39,25,0,28,32,-888888888,-888888888,-888888888
2014,Washington County; Georgia,7122,5044,1775,3195,1021,306,109,1543,645,2078,1934,795,2289,2052,2.68,3.31,19117,7122,3191,6442,2013,349,194,8580,3617,3613,258,248,844,8401,2558,3374,434,1172,863,246,181,71,56,19,116,15,746,415,110,13,303,47,54,204,415,326,193,4772,216,346,2145,1117,948,14183,1073,2317,6013,2343,835,1185,417,-888888888,-888888888,16088,1208,19301,2795,4760,232,11657,1411,2884,1152,20651,18396,2199,1120,1079,1051,28,56,20861,20564,20492,17972,2520,72,297,297,98,199,369,72,0,72,297,1,296,297,13,53,0,0,225,6,19564,19098,466,192,368,155,40,13,43,24,15,0,20861,1694,0,4,50,25,1062,120,0,569,0,12,1070,60,0,17,47,5,8,171,110,0,41,3,5,4,22,96,-888888888,-888888888,-888888888
2014,Peach County; Georgia,9677,6567,2409,4529,1460,288,113,1750,836,3110,2634,902,3030,2376,2.60,3.18,25151,9677,4521,7854,1927,1172,187,10669,4089,4980,259,155,1186,11594,4468,4548,274,1032,1272,176,98,21,25,6,49,8,865,415,46,13,225,127,54,188,415,273,289,9062,290,323,2818,1326,4305,16485,1011,1568,5370,4244,1078,1928,1286,-888888888,-888888888,21167,2226,27210,3477,6091,395,17871,1800,3248,1282,27053,23160,3874,1175,2699,2370,329,19,27337,25722,25373,19816,5557,349,1615,1615,606,1009,1964,349,24,325,1615,158,1457,1615,62,209,129,0,1202,13,25667,23061,2606,891,2049,814,235,41,192,29,130,7,27337,7864,18,0,15,135,2322,129,0,1209,12,41,1227,282,0,116,260,0,24,269,615,0,213,110,22,0,120,123,-888888888,-888888888,-888888888
2014,Pierce County; Georgia,6857,5098,2197,3686,1492,398,194,1014,511,1759,1516,643,2615,1911,2.73,3.18,18697,6857,3684,5816,1603,737,340,7271,2227,3904,193,144,803,7714,1602,3903,330,970,909,372,223,102,83,75,160,21,852,450,133,13,229,105,22,190,450,259,363,4533,401,324,1979,1258,571,12367,917,1612,4971,2608,691,837,731,-888888888,-888888888,14027,1391,18716,3805,4832,309,11197,1971,2687,1525,18592,16200,2369,1071,1298,1041,257,23,18860,18370,18330,14072,4258,40,490,490,109,381,530,40,0,40,490,5,485,490,29,62,0,0,399,0,17594,16621,973,515,907,470,56,45,0,0,10,0,18860,3448,0,11,0,168,3010,223,12,1111,33,32,2755,327,0,8,4,0,157,187,360,0,239,0,0,0,29,0,-888888888,-888888888,-888888888
2014,Pike County; Georgia,6096,4879,2147,3786,1516,290,163,803,468,1217,1090,463,2518,1600,2.88,3.23,17574,6096,3778,5846,1250,604,307,6839,1841,4042,97,256,603,7244,1612,3861,216,634,921,146,47,23,33,0,65,22,502,225,32,13,231,117,57,19,225,132,170,5251,296,232,2328,1249,1146,11761,459,1222,4221,2987,835,1147,890,-888888888,-888888888,13166,1382,17562,2336,4630,238,10557,1111,2375,987,17666,15407,2256,766,1490,1321,169,3,17821,17618,17572,13623,3949,46,203,203,88,115,249,46,0,46,203,18,185,203,84,43,0,0,76,0,16910,16566,344,76,259,68,67,2,18,6,0,0,17821,4792,3,46,0,140,2639,328,9,1733,47,41,2159,170,0,77,182,1,32,375,501,0,37,42,0,2,105,0,-888888888,-888888888,-888888888
2014,Screven County; Georgia,5252,3363,1347,2338,793,177,103,848,451,1889,1705,697,1558,1632,2.64,3.40,13861,5252,2351,4139,1579,540,267,5574,2065,2508,162,130,709,5988,1930,2447,169,759,683,201,118,56,63,51,118,22,274,198,29,13,251,61,30,78,198,118,133,3610,274,116,1536,825,859,9533,697,1111,4098,1689,696,855,387,-888888888,-888888888,10863,944,13922,2519,3331,81,8402,1322,2189,1116,14103,12360,1742,1152,590,532,58,1,14281,14188,14104,11818,2286,84,93,93,59,34,177,84,0,84,93,12,81,93,34,6,13,0,34,6,13331,13029,302,114,124,58,84,56,13,0,81,0,14281,1613,0,0,128,48,1312,139,0,991,3,0,1265,118,0,14,55,5,5,260,338,0,581,6,0,0,36,32,-888888888,-888888888,-888888888
2014,Tattnall County; Georgia,8036,5494,2515,3801,1523,389,246,1304,746,2542,2143,764,2930,2110,2.49,2.98,20017,8036,3829,5868,1205,1079,470,12348,5175,4573,475,313,1812,8516,1974,4179,355,1099,909,395,80,34,80,31,171,9,460,367,54,13,267,53,194,66,367,250,233,5251,310,113,2706,1233,889,17275,1516,2834,6707,3293,994,1230,701,-888888888,-888888888,19932,2049,20051,3857,5351,311,11863,2252,2837,1294,25175,20269,4857,1463,3394,2972,422,49,25356,24145,23693,18215,5478,452,1211,1211,160,1051,1663,452,0,452,1211,30,1181,1211,39,43,9,4,1093,23,23937,21435,2502,924,2199,903,93,0,91,12,119,9,25356,2459,17,0,10,182,1078,395,55,1552,46,7,2487,346,60,17,144,19,0,229,246,0,120,32,8,0,58,177,-888888888,-888888888,-888888888
2014,Walker County; Georgia,26123,18437,7439,13616,5268,1239,804,3582,1367,7686,6606,2683,9045,7526,2.57,3.06,67122,26123,13617,18875,5474,3033,1303,26958,7512,14824,355,775,3492,28470,5450,14109,897,3686,4328,960,345,48,62,31,135,11,2234,1648,361,13,295,225,361,701,1648,1005,1273,15573,1035,916,7497,3375,2750,47170,3152,6480,17380,10337,3056,4632,2133,-888888888,-888888888,52564,5298,67164,13428,15821,1093,40870,7668,10473,4667,67707,57430,10221,5601,4620,2326,2294,56,68445,67740,67176,34464,32712,564,705,705,339,366,1269,564,0,564,705,25,680,705,115,164,17,0,347,62,64539,63052,1487,414,1099,321,238,86,150,7,0,0,68445,18897,20,82,65,1407,8623,1035,205,6291,51,64,9648,887,3,150,220,0,23,867,1317,9,83,264,73,0,295,96,-888888888,-888888888,-888888888
2014,Gwinnett County; Georgia,270773,206956,111179,153759,79381,14480,7192,38717,24606,63817,52108,10830,120172,43714,3.09,3.55,837056,270773,153646,301523,71869,39245,12570,312303,108197,173840,4790,4852,20624,331128,96765,167290,7520,20832,38721,11623,3345,30,52,16,91,31,22013,5450,1390,13,135,960,992,2108,5450,3508,3907,255386,16570,14445,110747,54345,59279,528019,33661,33280,123206,108204,47993,123081,58594,-888888888,-888888888,602050,38807,836935,60198,239227,7006,533284,32014,64424,21178,831101,720136,104874,60020,44854,25751,19103,6091,842091,635275,618506,301952,316554,16769,206816,206816,86882,119934,223585,16769,872,15897,206816,9772,197044,206816,16929,67853,15729,360,103954,1991,780613,521370,259243,115161,141874,65812,45259,13348,59207,33265,12903,2736,842091,51392,4196,1622,1195,6199,52031,12201,2227,57188,2101,1591,50725,22725,990,3880,11227,1010,2900,9574,13367,713,27663,4865,541,2256,2698,24140,-888888888,-888888888,-888888888
2014,Charlton County; Georgia,3552,2595,1068,1884,730,224,86,487,252,957,819,430,1306,1088,3.28,3.85,11665,3552,1891,3918,1588,716,107,6390,2347,2552,219,343,929,4605,1314,1951,97,588,655,133,92,55,48,0,100,3,338,108,11,13,049,27,20,50,108,57,102,2800,78,214,1061,774,673,9174,748,1486,3742,1689,466,636,407,-888888888,-888888888,10530,1275,11716,1526,2568,65,7534,845,1614,616,13007,10481,2496,711,1785,959,826,30,13098,12077,11937,6236,5701,140,1021,1021,101,920,1161,140,0,140,1021,84,937,1021,60,25,0,0,921,15,12383,11407,976,476,951,461,6,3,19,12,0,0,13098,2271,0,0,0,186,700,66,0,523,0,43,912,215,0,18,14,0,7,348,244,0,17,137,0,6,50,25,-888888888,-888888888,-888888888
2014,Bartow County; Georgia,35293,25806,11362,19574,8063,1766,961,4466,2338,9487,7537,2928,13080,8174,2.83,3.32,99852,35293,19588,31779,8410,4782,1371,38902,11651,21264,421,994,4572,40293,8960,21334,704,3238,6057,-888888888,-888888888,-888888888,-888888888,-888888888,-888888888,-888888888,2846,1554,325,13,015,594,237,398,1554,928,1124,25255,1473,1325,12336,5843,4278,65807,4143,8175,24806,13151,4149,7290,4093,-888888888,-888888888,74790,6653,99863,13826,25927,1075,62483,7922,11453,4829,99781,83157,16270,10782,5488,4307,1181,354,100771,95805,95048,66219,28829,757,4966,4966,1407,3559,5723,757,75,682,4966,258,4708,4966,445,770,103,8,3489,151,94113,86877,7236,3094,6123,2764,826,226,134,78,153,26,100771,20267,9,45,268,1315,9558,1497,279,7719,211,120,9862,2113,0,275,572,75,353,1313,2084,56,600,377,69,139,340,192,-888888888,-888888888,-888888888
2014,Douglas County; Georgia,46708,34480,16856,23300,10650,2659,1070,8521,5136,12228,10337,2653,18987,8862,2.86,3.35,133736,46708,23262,44712,12900,6154,2179,49015,16259,25654,953,1084,5065,55325,16018,25182,1859,4321,7945,2407,706,36,66,5,133,36,3920,1579,322,13,097,215,363,679,1579,993,911,41087,2892,1861,17003,9264,10067,85935,3952,6604,27439,20316,6599,13709,7316,-888888888,-888888888,97801,10376,133803,15586,37116,1443,84085,9397,12602,4746,132911,111924,20528,9270,11258,7370,3888,459,135037,124407,122773,71451,51322,1634,10630,10630,4789,5841,12264,1634,59,1575,10630,461,10169,10630,523,1333,1776,51,6783,164,125681,110729,14952,5195,9736,3456,2269,792,1206,713,1741,234,135037,14214,127,132,211,1188,8606,1528,415,6967,90,218,9916,1919,80,348,1012,135,164,1132,2277,137,9226,486,27,222,207,3342,-888888888,-888888888,-888888888
2014,Jeff Davis County; Georgia,5383,3834,1595,2957,1134,303,134,574,327,1549,1261,591,1948,1471,2.77,3.31,14910,5383,2957,4406,1490,674,317,5715,1548,3339,125,112,591,5751,1108,3149,165,707,622,122,86,63,38,78,64,0,614,234,45,13,161,55,0,134,234,180,184,3962,171,207,2012,1027,545,9602,795,1225,4108,1778,834,468,394,-888888888,-888888888,10863,684,14911,2502,4136,150,8766,1324,2009,1028,14927,13551,1366,970,396,318,78,10,15028,14137,14137,12026,2111,0,891,891,300,591,891,0,0,0,891,80,811,891,0,57,0,0,834,0,13935,12489,1446,588,1334,568,55,2,57,18,0,0,15028,1789,0,0,0,15,2242,193,0,528,0,0,1242,63,12,13,23,0,0,48,155,0,40,0,0,0,0,0,-888888888,-888888888,-888888888
2014,Hancock County; Georgia,2787,1657,383,923,174,141,30,593,179,1130,1025,538,550,1229,2.62,3.58,7311,2787,909,2395,975,245,110,4373,2253,1256,172,168,524,3423,1045,1103,293,493,489,102,88,89,61,0,183,0,139,51,13,13,141,4,8,26,51,41,19,1713,93,94,654,491,381,6470,501,1283,2585,1111,301,422,267,-888888888,-888888888,7506,495,7325,1097,1532,27,4325,448,1468,622,8979,8128,820,221,599,510,89,31,9043,8829,8793,7491,1302,36,214,214,24,190,250,36,0,36,214,24,190,214,7,47,0,0,132,28,8570,8329,241,65,163,42,55,9,23,14,0,0,9043,708,0,4,0,3,249,28,0,194,0,0,370,69,0,3,0,0,25,60,79,0,18,8,0,0,0,27,-888888888,-888888888,-888888888
2014,Calhoun County; Georgia,1787,1131,326,724,129,84,40,323,157,656,603,226,467,554,2.19,2.74,3921,1787,712,940,314,168,97,3348,1686,1060,132,67,403,2126,755,808,103,290,170,82,70,87,74,128,61,49,165,91,16,13,037,61,4,10,91,69,63,1522,97,40,692,422,271,4489,478,944,1663,821,160,269,154,-888888888,-888888888,5279,390,5067,828,1270,51,3060,440,737,337,6511,4731,1780,382,1398,1205,193,0,6549,6227,6171,4905,1266,56,322,322,101,221,378,56,13,43,322,13,309,322,8,51,19,0,225,19,6248,5774,474,269,352,197,48,27,60,45,14,0,6549,926,0,0,0,28,87,26,0,175,0,0,290,39,0,19,0,9,0,50,60,0,154,15,0,0,2,31,-888888888,-888888888,-888888888
2014,Troup County; Georgia,24597,17281,7843,11009,4299,1172,444,5100,3100,7316,6271,2344,8965,6323,2.71,3.25,66692,24597,10970,21938,6034,3153,1483,25512,8943,12013,841,785,2930,28204,8127,12033,1256,2999,3789,975,561,59,58,64,106,11,2016,918,295,13,285,185,144,294,918,637,560,17840,1335,1282,7648,4074,3501,43570,2596,4586,15994,9740,2565,4889,3200,-888888888,-888888888,50590,4683,66928,11376,17643,1233,40728,6470,8557,3673,67500,54739,12290,7287,5003,2534,2469,471,68375,65500,65065,45525,19540,435,2875,2875,984,1891,3310,435,6,429,2875,157,2718,2875,303,1062,67,0,1351,92,63652,60291,3361,1395,1674,953,706,155,657,277,324,10,68375,8508,267,78,20,595,4727,776,166,4687,56,55,7094,852,51,287,328,39,98,638,871,0,104,145,20,0,326,242,-888888888,-888888888,-888888888
2014,Bibb County; Georgia,56660,35861,15570,21320,7826,2546,674,11995,7070,20799,18010,5894,18240,14684,2.62,3.38,148587,56660,21356,49338,14538,6695,2466,56239,23397,23621,1731,1600,5890,65820,24531,22904,2641,7194,8550,1882,1002,39,48,37,85,15,4209,1688,318,13,021,499,313,558,1688,1141,924,43069,2874,2470,17402,8574,11749,99332,4874,12297,32448,20672,5781,14438,8822,-888888888,-888888888,115609,10892,151620,21634,39357,1938,92463,11859,19800,7837,153353,125694,27104,17979,9125,6881,2244,555,155237,149429,148290,119551,28739,1139,5808,5808,2202,3606,6947,1139,155,984,5808,951,4857,5808,418,2175,485,0,2595,135,143891,136764,7127,2924,3749,1752,1590,586,1215,485,573,101,155237,16106,282,39,107,546,12179,1865,117,5537,160,98,8739,1675,138,276,606,38,147,1896,2205,18,1615,302,20,61,429,775,-888888888,-888888888,-888888888
2014,Marion County; Georgia,3114,1958,716,1408,397,146,67,404,252,1156,1045,472,853,1008,2.78,3.55,8667,3114,1414,2732,850,557,180,3603,1253,1631,203,103,413,3372,921,1537,122,470,322,153,95,92,88,0,207,25,387,255,4,13,197,52,71,128,255,148,169,2032,255,114,1016,346,301,6011,389,1054,2221,1406,135,450,356,-888888888,-888888888,6751,910,8652,1579,1985,147,5340,922,1327,510,8640,7449,1184,528,656,544,112,7,8751,8210,8094,5876,2218,116,541,541,206,335,657,116,0,116,541,122,419,541,31,49,49,0,400,12,8248,7437,811,420,689,358,50,0,65,55,7,7,8751,942,0,0,0,50,603,112,0,456,7,0,709,49,0,0,34,0,0,16,71,0,210,15,0,0,15,46,-888888888,-888888888,-888888888
2014,Schley County; Georgia,1967,1392,670,1007,418,120,75,265,177,575,508,239,753,592,2.56,3.11,5039,1967,1038,1598,298,138,90,1963,454,1176,74,36,223,1947,423,999,64,216,245,59,24,46,56,120,114,0,198,145,46,13,249,15,0,84,145,70,68,1551,62,80,798,338,273,3331,252,612,1117,603,276,304,167,-888888888,-888888888,3694,328,5045,877,1360,67,2869,432,816,378,4992,4365,627,345,282,223,59,0,5054,4936,4904,3937,967,32,118,118,33,85,150,32,0,32,118,1,117,118,9,10,0,0,99,0,4852,4487,365,67,355,57,0,0,10,10,0,0,5054,1089,0,0,0,8,416,29,11,183,0,0,670,81,0,7,95,9,0,33,128,0,49,20,0,0,14,0,-888888888,-888888888,-888888888
2014,Bleckley County; Georgia,4019,2704,931,1989,509,80,31,635,391,1315,1128,527,1114,1406,2.82,3.50,11334,4019,1992,3737,1036,550,184,4948,2082,2033,171,179,483,5600,2012,2129,97,651,711,198,112,49,59,22,142,9,352,247,106,13,023,29,10,102,247,161,167,4224,201,144,1238,615,2026,7870,376,1063,3407,1354,474,594,602,-888888888,-888888888,10057,874,12528,2515,2816,181,7779,1442,1933,892,12705,10328,2358,1321,1037,882,155,19,12912,12705,12677,10627,2050,28,207,207,107,100,235,28,0,28,207,5,202,207,80,67,14,0,46,0,12190,11951,239,10,121,10,94,0,24,0,0,0,12912,1859,0,35,11,5,696,168,47,481,46,22,935,231,0,0,47,10,1,132,181,0,64,0,0,0,27,31,-888888888,-888888888,-888888888
2014,Evans County; Georgia,3936,2655,1283,1711,753,291,194,653,336,1281,1137,505,1443,1192,2.64,3.26,10392,3936,1727,3263,1009,457,304,4015,1315,1869,155,107,569,4399,1190,1911,103,557,638,90,74,51,35,0,78,0,193,142,47,13,109,54,24,17,142,71,95,2830,339,152,1351,484,504,7009,748,1006,2604,1246,389,679,337,-888888888,-888888888,7999,763,10370,1599,2815,94,6011,792,1544,713,10810,9360,1441,634,807,612,195,9,10868,10113,10048,8194,1854,65,755,755,46,709,820,65,0,65,755,0,755,755,37,46,0,0,672,0,10048,8797,1251,558,1152,547,53,0,43,11,3,0,10868,1026,0,114,9,78,947,124,0,530,20,0,898,63,0,13,24,1,0,63,133,6,90,0,0,0,6,19,-888888888,-888888888,-888888888
2014,Franklin County; Georgia,8527,5799,2354,4443,1697,346,218,1010,439,2728,2265,1145,2798,2942,2.50,3.03,21332,8527,4459,5725,1568,1053,531,8658,2246,4958,107,325,1022,9268,1808,4725,337,1158,1240,376,84,41,78,21,178,5,762,403,94,13,119,88,90,131,403,237,346,4897,169,261,2427,776,1264,15209,1492,2765,5471,2655,1005,1204,617,-888888888,-888888888,17190,1322,21836,4213,4852,306,13125,2214,3859,1693,21772,19606,2121,934,1187,928,259,45,22051,21427,21332,16283,5049,95,624,624,171,453,719,95,2,93,624,51,573,624,18,129,29,0,438,10,20853,19845,1008,363,849,298,87,16,67,49,5,0,22051,4155,9,0,13,126,1576,424,20,1087,31,2,1232,366,0,30,29,20,7,281,373,13,105,63,34,0,85,0,-888888888,-888888888,-888888888
2014,Effingham County; Georgia,17942,13595,6930,10596,5159,951,564,2048,1207,4347,3563,1170,7750,3792,2.98,3.45,53429,17942,10564,19087,3624,2212,1057,20304,6134,10959,228,395,2588,21219,4631,11363,851,1507,2867,784,161,26,57,18,111,29,1370,723,186,13,103,148,40,349,723,464,549,15087,860,945,6744,3600,2938,34172,1081,3789,12706,7803,2664,4089,2040,-888888888,-888888888,38591,4575,53152,6466,14789,596,33050,3758,5313,2112,53001,45897,7039,4563,2476,1211,1265,65,53673,52618,51825,34688,17137,793,1055,1055,339,716,1848,793,35,758,1055,107,948,1055,186,478,0,21,338,32,50103,47803,2300,382,1358,179,791,159,151,44,0,0,53673,5824,35,76,20,494,6256,1104,267,7265,154,78,6955,1857,48,162,1004,91,66,1332,1103,27,224,363,56,13,168,42,-888888888,-888888888,-888888888
2014,Lamar County; Georgia,6427,4503,1721,3225,1186,332,104,946,431,1924,1725,858,2054,2007,2.62,3.15,16816,6427,3200,5076,1424,689,201,7133,2416,3541,185,173,818,7898,2918,3242,180,874,684,199,100,35,43,1,84,23,559,336,28,13,171,111,41,156,336,209,256,5261,378,180,1644,1004,2055,11601,614,1291,4359,2758,650,1259,670,-888888888,-888888888,14342,1639,17822,2934,3714,193,11473,1672,2635,1069,17962,14599,3281,1094,2187,1924,263,82,18128,17756,17609,14736,2873,147,372,372,188,184,519,147,0,147,372,112,260,372,75,130,4,0,78,85,17139,16665,474,137,313,115,50,0,91,22,20,0,18128,4393,16,19,53,56,1743,227,43,1081,35,20,1714,209,0,71,89,0,0,248,235,0,13,38,61,0,76,9,-888888888,-888888888,-888888888
2014,Emanuel County; Georgia,8003,5507,2355,3487,1236,510,250,1510,869,2496,2152,1076,2885,2443,2.73,3.31,21849,8003,3567,6889,2272,1118,446,8735,3267,3909,259,323,977,9279,2638,3927,381,1162,1171,371,221,75,71,34,141,14,940,560,148,13,107,95,118,199,560,335,409,5540,372,308,2533,1302,1025,14751,1043,2308,6033,3085,809,943,530,-888888888,-888888888,17005,1333,21920,3635,5701,262,13080,1998,3139,1375,22398,19135,3224,1931,1293,955,338,39,22731,22444,22390,19032,3358,54,287,287,126,161,341,54,0,54,287,10,277,287,29,35,0,0,223,0,21145,20190,955,510,845,498,89,12,9,0,12,0,22731,2169,0,8,1,108,1833,221,0,714,0,0,2099,430,0,0,81,0,17,276,276,9,111,23,0,0,2,43,-888888888,-888888888,-888888888
2014,Quitman County; Georgia,1001,659,206,453,150,67,30,139,26,342,315,153,273,411,2.40,3.03,2407,1001,436,579,326,65,24,1015,309,477,36,68,125,1026,278,475,29,174,70,66,35,150,142,0,363,0,92,65,0,13,239,27,17,21,65,56,51,512,26,34,218,196,38,1603,125,274,670,346,73,109,6,-888888888,-888888888,1892,265,2407,683,515,60,1348,318,544,305,2352,1988,364,170,194,74,120,0,2407,2392,2387,1296,1091,5,15,15,15,0,20,5,0,5,15,0,15,15,0,15,0,0,0,0,2301,2252,49,15,0,0,24,9,6,6,19,0,2407,164,0,0,0,10,244,27,0,110,0,0,157,27,0,5,23,0,0,43,38,0,49,0,0,0,0,0,-888888888,-888888888,-888888888
2014,Jasper County; Georgia,5142,3806,1610,2666,971,396,194,744,445,1336,1137,507,1828,1367,2.63,3.06,13549,5142,2671,4131,1041,564,306,5252,1489,2840,76,207,640,5612,1384,2800,164,542,722,249,159,95,78,0,206,10,438,260,110,13,159,8,15,127,260,106,183,3202,197,183,1538,807,477,9185,656,1178,3661,1728,676,795,491,-888888888,-888888888,10292,811,13549,1950,3355,147,8393,1059,1801,744,13368,11097,2232,1223,1009,836,173,39,13647,13229,13213,10216,2997,16,418,418,70,348,434,16,0,16,418,21,397,418,60,25,6,0,292,35,12829,12207,622,265,509,237,87,28,16,0,10,0,13647,2413,0,0,0,198,1158,101,0,1240,14,0,1497,165,0,46,68,5,0,166,281,10,132,100,103,17,87,0,-888888888,-888888888,-888888888
2014,Lanier County; Georgia,3737,2635,1202,1779,698,290,67,566,437,1102,1039,348,1436,865,2.68,3.27,10032,3737,1755,3111,1121,308,194,3962,1220,1945,98,113,586,3805,832,2018,92,304,559,224,177,179,102,0,179,0,341,198,56,13,173,67,58,17,198,109,175,2861,235,206,1329,260,831,6716,635,844,1992,1683,732,473,357,-888888888,-888888888,7380,961,9831,1927,2771,82,5958,1135,1102,710,10229,8082,2073,787,1286,1088,198,74,10356,10194,9851,6683,3168,343,162,162,49,113,505,343,99,244,162,1,161,162,22,17,0,0,123,0,9340,9017,323,110,254,92,22,0,47,18,0,0,10356,1733,0,0,53,67,784,117,28,1072,0,0,1420,178,0,183,119,114,0,43,104,0,25,41,19,0,22,3,-888888888,-888888888,-888888888
2014,Liberty County; Georgia,22863,17063,9039,12183,5631,950,618,3930,2790,5800,4573,1126,9915,3258,2.73,3.18,62385,22863,12204,21442,3528,2348,1124,23972,7584,13175,726,304,2183,24013,5732,13503,821,1526,2431,1514,486,70,89,69,141,16,1613,811,136,13,179,119,174,382,811,493,701,18504,1060,1110,7651,3142,5541,36049,1029,2502,11212,11026,3241,4789,2250,-888888888,-888888888,39714,10204,58243,7443,18902,947,35067,4481,4274,2015,62882,46246,14651,5192,9459,2854,6605,1985,64489,60658,57083,23580,33503,3575,3831,3831,2385,1446,7406,3575,288,3287,3831,130,3701,3831,983,1010,282,132,1410,14,57614,51103,6511,1891,3931,1159,1335,184,1064,482,181,66,64489,5256,59,30,50,223,3219,797,76,6039,313,107,5024,1962,59,229,961,323,163,353,777,5,890,109,63,46,159,548,-888888888,-888888888,-888888888
2014,Mitchell County; Georgia,8159,5144,2231,3229,1329,247,116,1668,786,3015,2754,1088,2577,2324,2.57,3.33,21006,8159,3250,6579,2175,843,274,9600,4194,3495,453,260,1198,8841,2632,3485,498,1156,1070,393,233,85,81,59,173,12,588,409,72,13,205,50,64,223,409,261,193,5723,409,371,2607,1268,1068,15479,1313,2841,6125,2730,752,1085,633,-888888888,-888888888,17547,1509,21029,3578,5618,228,12335,1940,3076,1410,22827,19979,2845,1260,1585,1288,297,3,23175,22643,22622,19164,3458,21,532,532,59,473,553,21,0,21,532,18,514,532,20,25,0,0,487,0,21647,20817,830,279,767,269,14,0,25,10,24,0,23175,3296,12,5,2,230,1540,166,0,703,32,25,1346,88,0,79,44,0,37,89,115,0,106,153,0,19,18,2,-888888888,-888888888,-888888888
2014,Seminole County; Georgia,3310,2399,864,1671,588,212,57,516,219,911,814,408,1117,1245,2.63,3.11,8701,3310,1685,2426,943,337,168,3328,1023,1792,118,84,311,3832,949,1794,98,558,433,124,74,76,65,39,131,28,387,230,70,13,253,16,88,56,230,128,188,2106,151,160,914,514,367,6104,368,767,2364,1408,277,565,355,-888888888,-888888888,6820,582,8703,1417,1977,97,5011,723,1715,597,8687,8197,490,242,248,157,91,0,8804,8690,8679,6398,2281,11,114,114,40,74,125,11,0,11,114,0,114,114,0,43,0,0,71,0,8321,8172,149,44,128,44,0,0,21,0,0,0,8804,2571,0,0,11,27,429,75,8,296,17,3,585,119,0,0,20,0,7,71,96,0,0,9,0,0,48,16,-888888888,-888888888,-888888888
2014,Twiggs County; Georgia,3033,2236,745,1527,427,193,66,516,252,797,755,292,893,1027,2.81,3.33,8517,3033,1525,2550,1130,279,96,3493,1270,1573,74,185,391,3681,1096,1667,134,429,355,77,67,62,43,0,116,0,309,67,25,13,289,21,1,20,67,34,41,1631,106,80,794,380,271,6065,642,1252,2514,777,298,386,196,-888888888,-888888888,6904,501,8512,1569,1703,53,5322,813,1487,703,8501,8119,380,33,347,347,0,2,8612,8594,8590,8037,553,4,18,18,0,18,22,4,0,4,18,18,0,18,18,0,0,0,0,0,8126,8081,45,11,45,11,0,0,0,0,0,0,8612,1080,0,10,9,17,268,1,7,272,0,0,191,9,0,0,62,0,0,65,55,0,15,6,0,0,12,0,-888888888,-888888888,-888888888
2014,Polk County; Georgia,14778,10874,4650,8122,3280,912,476,1840,894,3904,3652,1356,5373,4117,2.76,3.27,40792,14778,8122,13581,2993,1318,531,15497,4091,9028,143,466,1769,16436,3267,8812,714,1548,2095,-888888888,-888888888,-888888888,-888888888,-888888888,-888888888,-888888888,1009,421,110,13,233,60,64,187,421,190,313,10286,756,678,5000,1955,1897,26817,2511,4141,10208,5316,1223,1943,1475,-888888888,-888888888,30425,2814,40836,6886,10820,491,24470,3857,5546,2538,40811,35195,5521,3952,1569,1320,249,95,41250,37964,37817,30808,7009,147,3286,3286,1138,2148,3433,147,0,147,3286,60,3226,3286,136,276,83,0,2778,13,38284,33017,5267,2393,4690,2193,311,106,197,76,69,18,41250,8042,102,14,0,501,3810,437,69,2102,0,0,4880,234,24,5,170,0,64,455,344,0,137,21,50,0,61,325,-888888888,-888888888,-888888888
2014,Taylor County; Georgia,3584,2532,926,1574,644,147,44,811,238,1052,970,412,1120,1121,2.28,2.73,8184,3584,1535,2275,567,223,149,3247,962,1753,79,129,324,3686,1044,1518,80,610,434,92,18,17,48,0,138,6,260,153,32,13,269,10,62,49,153,99,120,2013,155,120,876,484,378,5725,484,973,2075,1250,366,357,220,-888888888,-888888888,6541,581,8240,1323,1938,51,4922,708,1380,564,8456,7042,1407,681,726,563,163,7,8505,8397,8357,7166,1191,40,108,108,43,65,148,40,0,40,108,6,102,108,6,0,0,34,68,0,8010,7851,159,18,142,18,13,0,4,0,0,0,8505,2975,7,3,7,23,886,33,0,329,0,0,551,19,0,0,0,0,0,85,73,0,15,4,0,0,83,0,-888888888,-888888888,-888888888
2014,Thomas County; Georgia,17352,11190,4488,7551,2424,758,407,2881,1657,6162,5516,1855,5382,4776,2.52,3.16,43786,17352,7564,12882,3780,2208,713,16534,5588,8071,675,515,1685,19101,5432,8295,773,2100,2501,554,221,38,53,61,97,13,1282,716,239,13,275,93,119,265,716,534,438,11368,814,748,4952,2492,2362,30160,1655,4207,10104,6462,2424,2921,2387,-888888888,-888888888,33792,3494,43979,7273,10881,661,26292,3853,6806,2759,44212,37892,6225,4387,1838,1150,688,95,44733,43646,43395,31587,11808,251,1087,1087,386,701,1338,251,0,251,1087,30,1057,1087,124,358,8,2,553,42,41862,40079,1783,621,1217,448,259,99,249,74,58,0,44733,5986,183,37,55,518,3809,465,35,2662,23,11,3653,528,0,159,369,25,39,291,738,6,144,242,45,31,149,50,-888888888,-888888888,-888888888
2014,Toombs County; Georgia,10579,6872,3620,4866,2287,501,334,1505,999,3707,3350,1508,4035,2940,2.53,3.22,26808,10579,4782,8770,1733,944,608,9731,2727,5331,201,212,1260,11185,3314,4944,227,1631,1069,310,241,70,47,0,98,17,631,427,40,13,279,171,83,133,427,221,196,7442,537,311,3425,1755,1414,17320,1348,2116,6989,3165,1047,1700,955,-888888888,-888888888,19653,1753,26921,3817,7537,210,15684,1930,3700,1677,26904,24489,2372,1622,750,570,180,43,27272,25772,25657,21068,4589,115,1500,1500,328,1172,1615,115,21,94,1500,94,1406,1500,4,179,0,10,1307,0,25101,22710,2391,1413,2133,1313,38,0,220,100,0,0,27272,2188,0,12,27,74,5271,319,0,936,0,8,2031,285,17,152,149,0,6,341,315,22,104,109,58,2,52,0,-888888888,-888888888,-888888888
2014,Montgomery County; Georgia,3166,2090,817,1541,572,86,41,463,204,1076,960,329,1010,942,2.60,3.28,8246,3166,1545,2483,731,321,132,3732,1369,1693,97,112,461,3597,1099,1689,51,407,351,111,55,49,56,44,124,0,375,223,4,13,209,30,42,147,223,133,146,2231,166,89,872,419,685,5881,429,615,2634,932,427,445,399,-888888888,-888888888,6984,438,8627,1415,2016,92,5318,854,1293,469,8923,8079,833,164,669,554,115,11,9000,8660,8634,7271,1363,26,340,340,113,227,366,26,0,26,340,31,309,340,11,33,0,0,289,7,8445,7908,537,235,515,235,2,0,20,0,0,0,9000,897,0,17,0,23,2193,103,17,426,0,0,596,84,0,22,22,0,0,118,197,4,0,10,0,11,22,13,-888888888,-888888888,-888888888
2014,Oglethorpe County; Georgia,5428,4018,1561,3152,1175,251,66,615,320,1410,1167,543,1841,1604,2.68,3.12,14548,5428,3181,4259,1070,610,227,5875,1746,3238,141,263,487,6157,1311,3363,201,608,674,220,70,45,65,0,172,0,413,262,27,13,221,76,81,78,262,194,134,3564,184,332,1411,944,693,10314,687,1177,3888,2058,629,1095,780,-888888888,-888888888,11365,1169,14548,2285,3318,166,8925,1213,2305,906,14507,12736,1738,354,1384,1198,186,33,14695,14316,14148,10189,3959,168,379,379,94,285,547,168,20,148,379,69,310,379,77,131,0,0,163,8,13922,13344,578,322,355,222,113,43,110,57,0,0,14695,3510,0,71,44,79,1500,336,2,1264,61,36,1377,340,20,36,105,46,215,448,418,7,4,49,16,0,59,0,-888888888,-888888888,-888888888
2014,Rockdale County; Georgia,29284,21524,9736,14360,5330,1461,809,5703,3597,7760,6542,2063,11260,6961,2.92,3.43,85454,29284,14313,28771,9165,3921,1040,31530,11157,16160,692,733,2788,36206,10479,15749,1057,3139,5782,1335,625,50,61,36,129,18,3093,1526,395,13,247,362,199,570,1526,984,971,24515,1509,1255,10281,6333,5137,55538,2854,5012,16631,12879,4070,9690,4402,-888888888,-888888888,63545,6699,85540,9003,22628,858,53140,4823,9772,3322,85083,69963,14838,6071,8767,5853,2914,282,86256,77514,76555,46541,30014,959,8742,8742,4019,4723,9701,959,147,812,8742,322,8420,8742,467,1031,477,0,6575,192,80742,71442,9300,4922,6676,4008,1589,558,699,344,336,12,86256,7440,122,38,77,405,4231,646,114,3848,71,40,5347,938,0,140,407,5,269,996,925,53,999,228,129,66,244,3647,-888888888,-888888888,-888888888
2014,Wayne County; Georgia,10226,7289,2994,5381,1933,416,246,1492,815,2937,2554,1122,3516,2883,2.74,3.26,28027,10226,5424,9189,1887,1301,560,12427,4246,6133,180,297,1571,11532,2530,5656,385,1407,1554,278,149,47,42,46,63,23,683,438,91,13,305,140,17,190,438,285,327,7259,551,320,3525,1639,1224,20409,1451,2330,8534,4241,1373,1539,941,-888888888,-888888888,22719,2645,28014,5304,7378,467,16705,2919,3931,1918,29866,24945,4848,2984,1864,1096,768,73,30170,29064,28891,22005,6886,173,1106,1106,271,835,1279,173,14,159,1106,128,978,1106,107,44,17,0,938,0,28149,26588,1561,816,1352,774,147,4,38,38,24,0,30170,4208,20,8,26,110,3971,440,153,2243,0,21,3519,391,25,59,242,62,80,255,509,0,228,19,8,17,111,70,-888888888,-888888888,-888888888
2014,Wheeler County; Georgia,1877,1274,414,864,162,135,48,275,204,603,576,222,466,532,2.01,2.41,3772,1877,886,746,161,102,68,5283,2806,1154,197,127,999,1850,347,1075,63,229,136,37,9,26,42,97,77,0,81,45,0,13,309,24,0,21,45,31,37,739,48,58,523,77,33,6211,475,1198,3212,470,354,433,69,-888888888,-888888888,7050,476,3773,560,880,49,2234,339,659,172,7897,7649,247,39,208,199,9,1,7932,7841,7822,6413,1409,19,91,91,21,70,110,19,0,19,91,1,90,91,14,6,0,0,71,0,7706,7564,142,57,136,51,0,0,6,6,0,0,7932,588,0,0,0,26,3040,28,0,127,0,0,171,0,0,81,0,0,0,12,20,0,8,28,0,0,0,1,-888888888,-888888888,-888888888
2014,Baldwin County; Georgia,16194,9647,3670,6231,1891,586,233,2830,1546,6547,4956,1658,4352,4065,2.60,3.26,42184,16194,6208,12437,3196,4149,735,19000,8942,7143,645,451,1819,19200,8526,6423,536,1894,1821,479,220,26,40,38,63,8,1023,634,99,13,009,223,55,257,634,406,441,13789,451,665,4140,1946,6587,27826,1514,3350,10649,5381,1842,2728,2362,-888888888,-888888888,36730,3032,43476,5869,8998,357,29045,3272,5433,2240,45460,35570,9838,5843,3995,3360,635,52,45854,44637,44371,36553,7818,266,1217,1217,408,809,1483,266,0,266,1217,128,1089,1217,88,555,0,0,535,39,43366,41818,1548,547,841,284,304,72,327,136,76,55,45854,4132,83,60,45,302,2766,455,50,1926,66,42,3108,777,45,180,161,0,58,484,625,11,331,65,54,11,100,171,-888888888,-888888888,-888888888
2014,Banks County; Georgia,6703,5113,2085,4025,1493,373,199,715,393,1590,1304,577,2421,1861,2.73,3.13,18317,6703,4018,5252,1630,714,417,7421,1851,4550,157,80,783,7281,1316,4153,120,722,970,185,85,43,44,40,87,12,639,305,94,13,011,81,55,75,305,142,258,4417,334,238,2141,1042,662,12272,1072,1677,5292,1917,862,923,529,-888888888,-888888888,13843,1221,18298,2915,4455,309,11169,1502,2674,1104,18173,16621,1483,530,953,866,87,69,18317,17670,17600,13724,3876,70,647,647,238,409,717,70,0,70,647,18,629,647,6,148,0,0,487,6,17326,16392,934,490,705,381,136,39,93,70,0,0,18317,3542,0,4,0,101,1529,117,0,817,0,8,1656,175,4,15,107,22,32,135,398,0,0,27,0,7,22,0,-888888888,-888888888,-888888888
2014,Bulloch County; Georgia,25803,15340,7193,10454,4281,1060,382,3826,2530,10463,6166,1725,8068,5006,2.57,3.06,66315,25803,10503,17305,3829,8875,1615,29450,14945,11316,668,570,1951,30291,13560,11104,597,2177,2853,918,374,26,43,6,73,15,1383,855,197,13,031,274,42,342,855,479,721,29893,862,844,6261,3209,18717,37821,1871,3312,11487,8213,2359,6317,4262,-888888888,-888888888,57204,3997,71160,8401,14637,843,49923,5106,6600,2452,71124,55653,15341,7827,7514,6431,1083,130,71940,68988,68230,49699,18531,758,2952,2952,729,2223,3710,758,88,670,2952,301,2651,2952,331,973,238,8,1241,161,67881,64344,3537,1562,1891,878,544,142,774,478,328,64,71940,5188,305,137,93,310,9327,1323,199,7918,599,57,8552,1843,26,202,804,145,259,1177,1765,0,563,374,16,113,258,604,-888888888,-888888888,-888888888
2014,Clarke County; Georgia,42107,20663,8979,13761,5172,1484,789,5418,3018,21444,14294,2950,10089,7641,2.59,3.32,109037,42107,13738,26407,7790,18995,2524,47751,27596,15584,666,798,3107,53899,29357,15071,1032,3417,5022,1397,573,19,35,11,44,33,2160,733,178,13,059,148,152,255,733,483,517,50056,1496,1438,8528,3744,34850,63733,3557,5677,14094,11975,3356,12514,12560,-888888888,-888888888,98571,5284,118596,12208,20848,783,87199,7623,10549,3802,118387,87926,29678,14046,15632,11773,3859,783,119681,107652,106389,69853,36536,1263,12029,12029,3488,8541,13292,1263,37,1226,12029,1421,10608,12029,1165,3789,413,9,6416,237,112669,97025,15644,7302,10140,5586,2151,341,2820,1214,533,161,119681,10255,593,358,155,935,10795,1965,452,11572,378,328,9800,3062,94,884,2267,178,922,2559,4155,48,1117,793,323,135,869,312,-888888888,-888888888,-888888888
2014,Clay County; Georgia,1170,714,256,356,88,77,21,281,147,456,403,188,365,394,2.61,3.47,3052,1170,362,911,493,116,113,1151,434,425,94,47,151,1160,364,390,88,228,90,76,47,140,134,0,285,0,138,109,45,13,061,8,0,56,109,72,63,642,52,52,319,121,98,1968,133,261,907,406,125,54,82,-888888888,-888888888,2204,228,3052,706,906,57,1665,407,481,242,3044,2578,463,139,324,148,176,3,3110,3074,3074,2350,724,0,36,36,36,0,36,0,0,0,36,0,36,36,0,36,0,0,0,0,2753,2665,88,0,36,0,43,0,9,0,0,0,3110,256,0,0,0,3,108,26,0,48,4,0,71,15,0,0,0,0,0,23,16,0,33,0,8,0,15,8,-888888888,-888888888,-888888888
2014,Echols County; Georgia,1434,1080,470,807,310,56,8,217,152,354,269,147,550,323,2.80,3.26,4018,1434,770,1282,385,147,86,1533,504,917,6,34,72,1594,403,832,16,183,160,23,0,0,21,0,61,0,107,49,0,13,101,23,3,23,49,22,40,1176,27,38,630,274,207,2506,393,283,1001,510,130,133,56,-888888888,-888888888,2894,298,4018,566,1124,77,2477,290,417,199,3981,3194,724,417,307,278,29,63,4018,3307,3294,2410,884,13,711,711,14,697,724,13,0,13,711,18,693,711,0,44,0,0,667,0,3819,2830,989,726,820,557,0,0,32,32,137,137,4018,885,25,0,7,27,257,33,0,172,0,5,503,41,0,0,5,0,0,39,38,0,0,0,0,0,0,0,-888888888,-888888888,-888888888
2014,Glynn County; Georgia,31743,21653,8181,14840,4582,1499,737,5314,2862,10090,8850,3563,9654,9442,2.51,3.03,79633,31743,14864,23142,6030,3854,1621,30321,9670,15818,596,823,3414,34735,9169,16194,1042,3518,4812,923,461,43,49,33,93,14,2261,1298,406,13,127,214,148,530,1298,828,867,19178,1310,1061,8610,4297,3900,55092,2250,5105,15783,13072,4334,8661,5887,-888888888,-888888888,61807,7592,79981,11928,19007,862,48151,6612,12823,4454,80077,63975,15610,10346,5264,3323,1941,492,80937,76288,75393,47707,27686,895,4649,4649,1737,2912,5544,895,185,710,4649,368,4281,4649,570,958,91,71,2782,177,75770,68561,7209,3177,5181,2574,861,160,1032,403,135,40,80937,7421,138,188,176,937,8148,1857,233,6305,135,116,8729,2915,19,215,932,201,285,1170,1559,56,820,218,66,55,609,315,-888888888,-888888888,-888888888
2014,DeKalb County; Georgia,264120,154723,71108,95787,41191,12748,5164,46188,24753,109397,89195,19550,82015,49347,2.62,3.45,692494,264120,95783,213347,69280,49964,15421,264601,116677,110031,6962,5143,25788,300060,119818,105595,10055,21284,43308,11410,4860,39,58,24,97,28,18560,7367,1380,13,089,1819,1191,2977,7367,4922,4499,193751,14229,10338,72484,34955,61745,471344,25053,29430,100613,95268,31071,112848,77061,-888888888,-888888888,538569,41133,699337,68636,167632,5086,465608,40955,66097,22595,696554,568129,121227,62983,58244,37219,21025,7198,707185,591781,582088,319073,263015,9693,115404,115404,42433,72971,125097,9693,896,8797,115404,13711,101693,115404,7753,33087,20301,209,52659,1395,655145,532072,123073,60473,55958,31663,26920,9062,20912,11348,19283,8400,707185,30847,3280,985,1020,3419,43532,8512,1375,34401,2292,1284,32032,11742,660,2210,7409,616,6047,7788,10421,492,28948,2789,829,1296,2759,21282,-888888888,-888888888,-888888888
2014,Haralson County; Georgia,10688,7764,3289,5828,2197,558,293,1378,799,2924,2595,1192,3881,2966,2.63,3.09,28124,10688,5829,8383,2000,1224,703,11023,2771,6104,351,343,1454,11694,2153,6096,278,1569,1598,438,60,19,64,6,160,8,934,427,100,13,143,139,14,174,427,249,287,7164,477,349,3425,1610,1303,19008,1759,2736,7188,3666,1036,1646,977,-888888888,-888888888,21442,1916,28133,5278,7088,316,16992,3257,4053,1705,28140,23828,4277,2205,2072,1679,393,35,28563,28130,27952,22121,5831,178,433,433,277,156,611,178,0,178,433,24,409,433,107,157,0,0,163,6,26790,26239,551,165,332,73,108,24,111,68,0,0,28563,9943,31,0,9,226,2406,290,104,1873,10,9,3666,250,10,106,16,0,0,497,530,0,1,82,40,0,98,55,-888888888,-888888888,-888888888
2014,Jackson County; Georgia,20927,15935,7190,12401,5541,941,392,2593,1257,4992,3968,1711,8060,5487,2.88,3.31,60173,20927,12406,19247,5156,2437,1009,23367,6265,13606,496,614,2386,24238,5004,13316,529,2433,2956,706,169,27,49,9,104,16,1650,647,78,13,157,147,122,300,647,368,518,15935,992,878,7636,3392,3037,40137,3144,4279,14012,8265,2955,5005,2477,-888888888,-888888888,45003,4012,60419,8287,15918,630,36984,4539,7517,3118,60347,54036,6182,2644,3538,2802,736,129,60928,58568,58074,41537,16537,494,2360,2360,815,1545,2854,494,40,454,2360,57,2303,2360,207,442,8,0,1649,54,56755,52215,4540,2084,3331,1569,379,91,819,424,11,0,60928,10746,4,47,32,523,4933,720,128,4208,69,66,6241,1393,21,290,477,0,61,871,1244,6,56,296,31,100,385,75,-888888888,-888888888,-888888888
2014,Jefferson County; Georgia,6100,4135,1741,2695,980,206,38,1234,723,1965,1835,720,2090,1777,2.61,3.27,15928,6100,2718,5240,1425,445,205,6165,2314,2905,128,233,585,6964,2172,2904,261,904,723,170,79,38,45,60,73,16,618,283,66,13,163,55,95,67,283,200,162,3940,287,73,2030,969,581,10847,1092,1968,4578,1740,474,690,305,-888888888,-888888888,12457,1017,16003,2463,4089,127,9468,1248,2446,1088,16384,13886,2491,1484,1007,686,321,7,16554,16177,16098,13976,2122,79,377,377,134,243,456,79,0,79,377,127,250,377,28,24,0,0,309,16,15395,14921,474,186,349,185,108,0,17,1,0,0,16554,1894,0,0,5,188,973,66,3,768,8,0,819,137,0,37,32,0,120,100,271,0,97,105,13,0,5,11,-888888888,-888888888,-888888888
2014,Jones County; Georgia,10329,7712,3145,5767,2129,402,206,1543,810,2617,2231,890,3593,2752,2.76,3.21,28503,10329,5765,9654,1640,1115,507,10892,3088,5807,390,329,1278,12007,2938,6023,346,1021,1679,322,183,51,47,39,60,39,720,466,196,13,169,7,36,227,466,225,368,7199,437,210,3676,1572,1304,19297,577,1807,7518,4339,1490,2296,1270,-888888888,-888888888,21570,1876,28487,4233,7169,292,17352,2460,3966,1481,28397,24584,3777,2027,1750,1681,69,36,28783,28357,28094,23295,4799,263,426,426,276,150,689,263,0,263,426,0,426,426,91,138,61,0,136,0,27070,26427,643,98,216,56,238,0,141,42,48,0,28783,5720,25,0,0,167,2768,329,36,1502,0,27,2443,307,0,83,56,29,39,394,434,0,166,179,40,12,52,0,-888888888,-888888888,-888888888
2014,Lincoln County; Georgia,3397,2263,690,1585,391,112,12,566,287,1134,1081,459,867,1125,2.27,2.80,7715,3397,1559,2012,504,243,106,3209,906,1697,55,132,419,3347,715,1564,113,501,454,15,11,13,10,22,12,5,180,64,9,13,181,22,0,33,64,51,55,1598,75,140,612,390,381,5614,271,724,2419,1162,429,330,279,-888888888,-888888888,6254,717,7725,1281,1536,66,4697,587,1492,628,7766,7242,518,280,238,135,103,6,7800,7684,7589,5734,1855,95,116,116,65,51,211,95,0,95,116,6,110,116,30,51,0,0,14,21,7416,7317,99,23,31,0,37,3,31,20,0,0,7800,1825,0,0,13,164,690,166,0,603,0,28,555,116,0,17,34,0,8,94,44,0,32,10,0,0,20,14,-888888888,-888888888,-888888888
2014,Murray County; Georgia,14020,10524,4960,7666,3402,941,510,1917,1048,3496,2986,1158,5622,3475,2.79,3.20,39184,14020,7682,12344,3130,2008,667,15334,4083,8498,211,547,1995,15706,3221,8269,350,1502,2364,374,165,37,38,22,82,7,1191,504,193,13,213,130,74,107,504,285,322,9596,408,552,4554,2434,1648,25689,3281,4746,9473,4640,1344,1199,1006,-888888888,-888888888,29220,1935,39198,6248,10191,531,24433,3732,4574,1985,38987,34349,4619,2998,1621,1361,260,19,39416,36290,36115,26413,9702,175,3126,3126,1112,2014,3301,175,0,175,3126,74,3052,3126,94,213,0,0,2763,56,36857,32009,4848,2255,4371,2066,309,100,117,59,51,30,39416,13794,40,0,20,260,3914,351,46,1555,37,0,3216,518,0,54,59,0,55,507,781,0,59,105,8,0,109,2,-888888888,-888888888,-888888888
2014,Muscogee County; Georgia,72556,46959,22796,28374,12168,3270,1577,15315,9051,25597,22039,7184,25912,16890,2.58,3.23,187047,72556,28299,61129,15413,9650,3353,75980,31365,31942,1989,2264,8420,81001,25785,30989,3049,8218,12960,3374,1501,50,67,54,113,20,4788,2493,543,13,215,586,399,965,2493,1742,1459,57610,4244,2867,21042,10662,18795,125771,6170,12082,34879,33144,9673,18843,10980,-888888888,-888888888,139252,21366,184446,33853,49039,3331,113190,20257,22217,10265,195409,147582,46151,23204,22947,7254,15693,1676,198247,187252,181250,103543,77707,6002,10995,10995,5069,5926,16997,6002,228,5774,10995,1416,9579,10995,2026,3486,594,30,4649,210,183438,165973,17465,6610,9640,4268,4145,911,2987,1236,693,195,198247,12521,575,220,233,1379,12492,3097,894,16700,295,513,16987,4235,97,727,2002,400,295,2460,3549,9,1955,683,241,115,640,1393,-888888888,-888888888,-888888888
2014,Pulaski County; Georgia,4148,2943,978,1947,557,145,0,851,421,1205,1075,478,1241,1389,2.45,2.90,10160,4148,1912,2825,852,423,258,4155,1353,2085,152,127,438,5864,2002,2084,243,723,812,148,89,35,41,0,91,0,336,211,44,13,235,124,0,43,211,131,154,2291,193,160,885,545,508,8740,730,1298,3732,1277,745,518,440,-888888888,-888888888,9624,984,10152,1615,2046,129,6307,877,1799,609,11549,10496,1030,617,413,379,34,23,11693,11387,11297,9029,2268,90,306,306,86,220,396,90,20,70,306,0,306,306,28,14,0,0,236,28,11073,10448,625,209,586,193,23,0,16,16,0,0,11693,1627,0,0,0,134,2045,183,18,670,7,0,846,32,3,43,74,0,0,76,148,0,36,9,0,0,3,4,-888888888,-888888888,-888888888
2014,Rabun County; Georgia,6966,4502,1550,3582,1089,321,161,599,300,2464,2043,844,1775,2608,2.29,2.85,15930,6966,3585,3635,1129,615,315,6707,1619,3815,162,254,857,7152,1144,3944,53,817,1194,155,30,20,48,0,113,17,262,97,0,13,241,0,45,52,97,86,27,3059,246,214,1230,820,549,12026,495,1194,4151,2474,611,1942,1159,-888888888,-888888888,13161,1494,16080,2566,3088,52,9236,1163,3756,1351,16149,15052,1091,490,601,355,246,6,16267,15283,15147,8974,6173,136,984,984,184,800,1120,136,0,136,984,13,971,984,65,139,3,0,770,7,15576,14038,1538,617,1252,580,215,11,61,26,10,0,16267,1955,1,24,100,237,2508,328,62,1635,12,11,2050,477,5,139,76,5,85,542,423,23,62,22,10,9,81,28,-888888888,-888888888,-888888888
2014,Stewart County; Georgia,1791,951,302,417,79,97,7,437,216,840,761,313,387,653,2.62,3.86,4697,1791,417,1688,612,189,114,3221,1812,684,191,92,442,1973,726,459,124,341,323,35,35,48,38,0,93,0,127,75,0,13,259,26,9,40,75,69,10,893,129,65,361,270,68,4296,736,900,1634,456,155,306,109,-888888888,-888888888,5001,353,4697,1156,899,40,3005,697,793,419,5875,4462,1265,171,1094,676,418,148,5900,4762,4735,3674,1061,27,1138,1138,28,1110,1165,27,0,27,1138,218,920,1138,5,105,50,0,978,0,5651,4506,1145,932,970,811,113,82,7,7,55,32,5900,479,8,0,0,31,291,15,2,235,0,2,257,39,0,0,2,0,3,62,36,0,101,8,0,0,0,35,-888888888,-888888888,-888888888
2014,Towns County; Georgia,4299,2760,695,2346,440,162,120,252,135,1539,1397,770,764,2185,2.29,2.87,9863,4299,2326,2240,608,390,174,4392,1010,2599,118,171,494,4948,1141,2567,68,693,479,187,11,9,92,0,79,144,97,31,7,13,281,0,11,13,31,26,18,2498,49,133,620,476,1220,7790,369,512,2807,1691,684,987,740,-888888888,-888888888,9036,1280,10517,1978,1623,15,5703,847,3191,1116,10528,9052,1438,416,1022,567,455,38,10670,10295,10257,5184,5073,38,375,375,262,113,413,38,0,38,375,4,371,375,208,45,0,0,82,40,10215,9806,409,145,99,75,255,47,47,23,8,0,10670,1643,0,35,59,170,1705,210,15,1593,2,18,1209,286,9,20,135,13,27,509,561,35,8,195,25,0,173,8,-888888888,-888888888,-888888888
2014,Treutlen County; Georgia,2596,1716,656,1127,422,112,61,477,173,880,801,380,870,863,2.42,3.04,6285,2596,1080,1810,603,196,88,2675,844,1262,168,156,245,2726,628,1091,165,546,296,45,17,23,32,22,68,0,292,239,23,13,283,37,20,159,239,168,203,1625,157,49,874,396,149,4583,430,629,2015,645,216,446,202,-888888888,-888888888,5123,353,6373,1253,1658,81,3577,674,1138,498,6731,6066,659,306,353,320,33,6,6781,6718,6703,5492,1211,15,63,63,5,58,78,15,0,15,63,21,42,63,0,5,0,0,58,0,6400,6317,83,58,63,58,15,0,5,0,0,0,6781,665,4,0,0,94,1396,6,0,98,0,0,378,63,0,0,26,0,18,190,119,0,21,0,21,0,10,0,-888888888,-888888888,-888888888
2014,Turner County; Georgia,3086,2164,797,1227,329,175,91,762,377,922,819,321,925,1007,2.63,3.19,8103,3086,1185,2817,734,281,152,3382,1363,1366,209,124,320,3350,1105,1302,60,547,336,36,33,29,20,179,4,0,245,129,27,13,287,78,15,9,129,86,94,2264,123,72,1027,560,482,5556,576,875,2110,910,509,301,275,-888888888,-888888888,6328,426,8151,1624,2163,27,4634,933,1354,664,8463,7523,869,565,304,277,27,71,8491,8176,8169,7062,1107,7,315,315,41,274,322,7,0,7,315,0,315,315,27,85,18,0,185,0,8003,7567,436,213,351,167,62,38,0,0,23,8,8491,2126,8,0,0,0,500,63,2,292,6,0,433,51,0,0,11,0,6,67,36,0,198,9,0,0,8,41,-888888888,-888888888,-888888888
2014,Atkinson County; Georgia,2713,1865,973,1362,634,123,90,380,249,848,753,287,1128,631,3.04,3.76,8253,2713,1361,3043,745,391,172,3187,1065,1589,70,88,375,3134,712,1613,90,288,431,138,25,27,70,73,131,18,296,151,31,13,003,11,11,98,151,83,121,2308,217,123,999,668,301,5180,922,781,2025,781,270,265,136,-888888888,-888888888,5923,457,8266,1228,2374,158,5005,693,887,377,8207,7406,790,479,311,145,166,11,8297,7203,7143,5645,1498,60,1094,1094,100,994,1154,60,0,60,1094,74,1020,1094,13,25,0,0,1056,0,7595,5973,1622,785,1547,774,75,11,0,0,0,0,8297,1157,0,0,3,13,708,20,0,147,12,0,884,29,0,0,0,0,0,17,68,0,48,7,7,0,0,0,-888888888,-888888888,-888888888
2014,Appling County; Georgia,6878,4613,1890,3302,1169,300,109,1011,612,2265,2001,915,2217,2016,2.61,3.28,17969,6878,3317,5443,1780,551,269,7326,2496,3540,97,335,858,7153,1503,3406,460,984,800,279,26,14,69,0,169,7,636,308,57,13,001,11,117,123,308,183,195,4015,340,197,2134,917,427,12194,1170,1800,5189,1767,693,998,577,-888888888,-888888888,13720,1049,17993,3294,4652,333,10832,1776,2509,1185,18252,16032,2204,1361,843,654,189,16,18421,17630,17569,14333,3236,61,791,791,195,596,852,61,0,61,791,0,791,791,13,128,0,8,642,0,17134,15539,1595,511,1519,511,34,0,42,0,0,0,18421,2392,65,0,0,131,2596,264,0,556,38,53,1557,169,0,2,26,0,62,173,127,0,8,57,0,0,0,20,-888888888,-888888888,-888888888
2014,Brantley County; Georgia,6523,4877,2073,3616,1414,420,271,841,388,1646,1449,633,2521,1741,2.82,3.25,18370,6523,3596,5495,1870,886,432,7148,1694,4042,190,230,992,7463,1440,3671,289,889,1174,183,57,26,42,0,104,0,737,496,95,13,025,34,178,189,496,257,351,4654,285,353,2031,1019,966,12140,674,2102,5384,2486,661,449,384,-888888888,-888888888,13796,1215,18364,4463,4649,420,11328,2591,2387,1452,18223,16039,2184,765,1419,711,708,0,18463,18345,18271,13740,4531,74,118,118,38,80,192,74,0,74,118,3,115,118,19,31,0,4,44,20,17162,16919,243,56,76,21,86,14,81,21,0,0,18463,3021,0,0,0,168,2738,196,4,1842,0,1,3114,315,0,11,100,17,0,114,342,0,0,46,3,0,54,0,-888888888,-888888888,-888888888
2014,Ben Hill County; Georgia,6349,4338,1898,2635,834,327,127,1376,937,2011,1826,524,2151,1662,2.72,3.29,17239,6349,2685,5614,1639,952,264,6574,2468,3003,118,159,826,7108,2341,2915,235,892,725,309,199,89,78,60,127,51,556,410,96,13,017,80,158,76,410,275,291,4358,270,203,2187,815,883,11270,751,1654,4396,2359,891,842,377,-888888888,-888888888,12982,1142,17234,4090,4557,424,10268,2356,2409,1310,17368,15339,1985,1170,815,597,218,44,17547,17005,16977,13304,3673,28,542,542,132,410,570,28,13,15,542,0,542,542,137,25,0,4,376,0,16175,15442,733,238,638,157,91,77,4,4,0,0,17547,4431,0,14,52,303,1332,238,11,660,10,5,1284,354,0,0,6,0,8,496,96,0,615,17,0,0,23,63,-888888888,-888888888,-888888888
2014,Catoosa County; Georgia,23813,17480,7864,13615,5765,1295,832,2570,1267,6333,5613,2446,8674,6584,2.71,3.17,64420,23813,13554,20005,4408,2640,1028,24853,6479,14556,398,598,2822,27231,5450,14771,567,2804,3639,826,355,51,53,0,115,20,1222,711,83,13,047,78,199,351,711,473,412,15968,1062,819,7043,3835,3209,43846,1872,5425,13585,10600,4262,5384,2718,-888888888,-888888888,49119,4490,64459,9512,15768,726,39322,5230,9369,3556,64181,56096,8033,3295,4738,2042,2696,52,64955,63447,62978,22667,40311,469,1508,1508,727,781,1977,469,0,469,1508,234,1274,1508,380,619,32,0,412,65,61188,58954,2234,905,978,343,671,261,565,301,20,0,64955,14411,30,45,150,848,11033,865,82,7832,35,150,9065,1596,91,365,384,39,97,1086,1412,34,232,358,43,54,304,57,-888888888,-888888888,-888888888
2014,Chattooga County; Georgia,9347,6356,2568,4324,1576,679,369,1353,623,2991,2620,1128,3128,2777,2.52,3.09,23540,9347,4365,6607,2311,910,375,10757,4023,4614,242,378,1500,9991,1936,4940,257,1494,1364,262,124,48,47,52,108,4,968,595,209,13,055,190,27,169,595,306,403,5365,248,273,2593,1228,1023,17655,2082,3553,6758,2754,1015,1020,473,-888888888,-888888888,19717,1423,23608,4154,5761,160,14089,2086,3758,1908,25251,22266,2955,2138,817,437,380,30,25484,24745,24692,19358,5334,53,739,739,144,595,792,53,0,53,739,0,739,739,41,94,0,4,600,0,24077,22951,1126,714,1001,653,95,50,30,11,0,0,25484,12709,9,0,0,148,1472,84,13,867,13,0,1719,90,0,39,24,12,3,192,301,9,216,105,0,0,71,51,-888888888,-888888888,-888888888
2014,Columbia County; Georgia,44764,35035,16542,27519,12146,1956,1055,5560,3341,9729,8397,2593,18315,9658,2.94,3.36,131792,44764,27522,46042,8972,4492,1576,49726,14112,30137,728,737,4012,53805,13093,29335,1136,3990,6251,1969,518,33,59,5,119,25,3198,1755,557,13,073,623,266,309,1755,947,1549,37419,2178,1927,16206,8216,8892,85824,2570,5032,21373,18528,8970,17674,11677,-888888888,-888888888,94874,13384,129658,13266,35181,1007,80271,7272,14206,4987,130555,114239,15304,5364,9940,4822,5118,1012,132362,123228,119283,64335,54948,3945,9134,9134,4934,4200,13079,3945,242,3703,9134,555,8579,9134,1330,4713,350,65,2372,304,123726,111797,11929,4329,4892,1744,2871,799,3407,1662,759,124,132362,23935,680,260,228,1902,13350,2681,473,13859,390,599,12454,4285,122,605,1432,241,429,2071,2367,126,2282,755,99,86,778,594,-888888888,-888888888,-888888888
2014,Floyd County; Georgia,34794,23342,9465,17205,6566,1436,511,4701,2388,11452,9519,4107,11375,10036,2.65,3.25,92147,34794,17201,27298,7990,4864,1291,36779,11340,19139,548,1124,4628,40347,10681,18675,1121,4197,5673,-888888888,-888888888,-888888888,-888888888,-888888888,-888888888,-888888888,2852,1638,322,13,115,281,260,775,1638,1027,1223,25081,1281,1293,10276,5233,6998,63085,5640,8320,19326,13550,4527,6687,5035,-888888888,-888888888,73086,7014,94106,15556,22877,1243,57471,8338,13758,5975,94936,80319,14410,9509,4901,3673,1228,207,96146,90094,89445,68145,21300,649,6052,6052,1449,4603,6701,649,0,649,6052,342,5710,6052,176,1056,40,0,4691,89,89964,80995,8969,4220,7643,3714,827,218,440,274,59,14,96146,21147,244,69,26,575,11538,1259,137,6170,243,216,9675,1651,14,333,428,46,118,1084,1104,54,169,486,40,102,354,50,-888888888,-888888888,-888888888
2014,Forsyth County; Georgia,59633,48151,26456,41682,22921,1553,881,4916,2654,11482,9599,3468,27870,12450,3.16,3.54,188670,59633,41637,69177,11515,6708,1767,69837,17709,44761,633,980,5754,72389,14782,43948,1154,5006,7499,2306,357,20,49,2,113,27,4441,717,195,13,117,161,145,216,717,445,581,56953,4986,3318,27440,11888,9321,120835,4075,6111,24876,23263,8600,37295,16615,-888888888,-888888888,133214,10094,188715,14421,56005,1347,113696,7450,19014,5624,187038,167086,19115,7750,11365,6256,5109,837,189314,162371,160207,78050,82157,2164,26943,26943,11498,15445,29107,2164,51,2113,26943,1165,25778,26943,4022,10191,1121,49,10883,677,176351,144228,32123,12290,14332,6433,8141,2254,8572,3281,1078,322,189314,23208,1263,490,609,1873,23269,4272,1094,25270,659,682,22811,9379,180,1235,5060,483,1304,3381,4882,557,1610,2263,331,602,1077,1206,-888888888,-888888888,-888888888
2014,Hart County; Georgia,10050,6755,2434,4893,1585,493,199,1369,650,3295,2854,1335,3035,3698,2.45,3.03,24601,10050,4889,6457,2353,852,523,10244,2853,5639,352,344,1056,10604,2398,5219,275,1389,1323,387,165,63,73,35,148,22,1125,653,48,13,147,289,108,208,653,395,520,5494,414,325,2462,1270,1023,17753,912,2503,6747,3779,1225,1613,974,-888888888,-888888888,19861,1818,24647,4145,5545,100,14303,2070,4799,1975,25281,22313,2940,1463,1477,1099,378,28,25406,24883,24781,16016,8765,102,523,523,125,398,625,102,0,102,523,37,486,523,46,98,0,0,376,3,23911,23177,734,309,564,239,89,14,74,49,7,7,25406,2768,0,0,35,198,2210,251,14,1257,18,22,1549,251,0,58,155,4,22,339,471,0,23,57,26,0,129,0,-888888888,-888888888,-888888888
2014,Lowndes County; Georgia,39718,25423,12096,17180,7096,1546,747,6697,4253,14295,10377,3165,14017,8256,2.73,3.35,108486,39718,17196,34090,8331,9151,2381,43250,18344,18982,675,912,4337,45787,16508,18429,1575,3872,5403,1891,981,52,61,24,102,20,3511,1828,358,13,185,555,267,648,1828,1135,1338,37080,2310,1599,12063,5927,15181,64014,3016,7392,18808,15028,5043,9213,5514,-888888888,-888888888,82039,9437,107558,13949,27668,1393,68766,7889,11124,4667,111003,85932,24201,14213,9988,5029,4959,870,112515,107581,105504,66816,38688,2077,4934,4934,1614,3320,7011,2077,252,1825,4934,736,4198,4934,505,1556,188,27,2553,105,104189,97842,6347,2613,3772,1508,1667,596,700,421,208,88,112515,13991,209,212,118,788,8249,1619,312,8783,314,99,9839,2407,29,338,1066,108,251,941,1765,93,884,388,55,144,307,941,-888888888,-888888888,-888888888
2014,Meriwether County; Georgia,8083,5742,1776,3672,982,452,214,1618,580,2341,2202,836,2547,2681,2.61,3.12,21129,8083,3680,5639,2831,896,361,8098,2530,4080,270,402,816,9295,2248,4148,425,1276,1198,249,115,44,53,29,101,16,1249,486,71,13,199,125,91,199,486,320,318,4638,397,267,2053,1174,747,14724,1431,2694,5620,2927,677,882,493,-888888888,-888888888,16561,1299,21241,4216,4857,342,12766,2468,3618,1406,21175,18238,2930,1481,1449,1331,118,7,21434,21284,21095,17524,3571,189,150,150,76,74,339,189,13,176,150,0,150,150,5,55,24,0,66,0,20143,19580,563,99,398,60,111,16,33,23,21,0,21434,2895,61,0,8,88,1627,294,11,729,18,36,2290,133,0,48,108,0,23,244,139,0,62,22,0,39,35,33,-888888888,-888888888,-888888888
2014,Putnam County; Georgia,8457,6214,2080,4462,1239,415,26,1337,815,2243,1587,649,2552,2806,2.49,2.86,21055,8457,4592,5410,1552,1044,495,8560,2331,4803,217,137,1072,8928,1953,4764,255,762,1194,268,76,31,62,25,129,24,568,304,0,13,237,31,89,184,304,139,280,4582,564,342,2028,987,661,15377,986,1368,5761,3125,1359,1983,795,-888888888,-888888888,16775,1841,21072,3195,4451,177,12478,1598,4143,1420,21023,18568,2375,1098,1277,1007,270,80,21226,20248,20162,14366,5796,86,978,978,381,597,1064,86,0,86,978,111,867,978,125,8,0,0,817,28,20089,18571,1518,783,1433,762,65,13,8,8,12,0,21226,3348,26,44,10,259,1654,464,37,1699,86,13,1795,486,115,98,134,0,65,394,425,0,77,75,0,0,155,0,-888888888,-888888888,-888888888
2014,Sumter County; Georgia,11574,7564,3367,4517,1606,569,223,2478,1538,4010,3680,1417,3990,3203,2.58,3.26,29806,11574,4461,10073,2571,1127,522,11798,5101,4932,316,358,1091,13331,5279,4602,635,1528,1287,582,367,69,73,45,134,17,974,709,148,13,261,42,133,386,709,456,524,9802,605,745,3359,1941,3152,19542,1710,2847,6338,3766,1086,1835,1960,-888888888,-888888888,23790,1894,30889,4559,7927,284,18896,2698,4066,1577,31213,25653,5517,3394,2123,1777,346,43,31804,30825,30677,25690,4987,148,979,979,406,573,1127,148,0,148,979,60,919,979,66,256,6,0,585,66,29478,27428,2050,709,1594,549,205,25,212,135,39,0,31804,4108,15,55,2,122,1540,259,12,1107,0,88,1587,199,0,72,145,0,79,214,188,0,829,40,0,0,58,86,-888888888,-888888888,-888888888
2014,Warren County; Georgia,2126,1279,485,785,221,84,24,410,240,847,811,399,633,761,2.61,3.55,5552,2126,774,1732,752,168,45,2100,830,808,137,99,226,2503,784,927,53,410,329,85,24,29,69,6,165,0,222,143,35,13,301,25,0,83,143,104,106,1134,127,81,509,219,198,3855,558,585,1770,480,154,190,118,-888888888,-888888888,4372,280,5563,1062,1254,46,3282,591,1027,425,5550,4926,624,365,259,188,71,0,5626,5575,5565,4967,598,10,51,51,30,21,61,10,0,10,51,5,46,51,2,27,0,4,18,0,5271,5165,106,14,27,0,74,14,5,0,0,0,5626,361,0,3,0,8,250,4,0,161,0,0,243,0,0,0,0,0,6,39,47,0,137,3,0,0,0,18,-888888888,-888888888,-888888888
2014,Baker County; Georgia,1362,890,259,638,169,22,9,230,81,472,421,148,365,441,2.45,3.11,3336,1362,627,834,418,95,34,1353,415,683,36,84,135,1410,409,666,63,178,94,46,16,43,62,0,127,27,145,96,0,13,007,4,28,64,96,63,54,772,94,30,327,166,155,2264,153,308,971,384,200,152,96,-888888888,-888888888,2615,204,3337,597,727,36,1980,333,630,228,3308,3198,110,39,71,58,13,0,3342,3329,3310,2959,351,19,13,13,0,13,32,19,0,19,13,0,13,13,0,0,0,0,0,13,3180,3172,8,3,8,3,0,0,0,0,0,0,3342,246,0,0,0,11,205,29,0,76,0,0,91,0,0,0,5,0,0,10,5,0,8,18,0,0,0,13,-888888888,-888888888,-888888888
2014,Butts County; Georgia,7781,5673,2352,4191,1689,482,232,1000,431,2108,1900,795,2918,2146,2.72,3.21,21158,7781,4176,6299,2036,866,391,10408,4041,4701,263,317,1086,8808,2099,4334,352,1061,962,372,170,74,77,81,147,16,1114,547,324,13,035,42,95,86,547,302,471,5079,350,267,2366,1235,861,15937,1114,2823,6576,3245,634,1044,501,-888888888,-888888888,18297,1452,21175,3100,5159,169,13110,1675,2906,1256,23126,19797,3318,759,2559,2339,220,11,23469,22778,22667,17897,4770,111,691,691,146,545,802,111,0,111,691,22,669,691,82,195,26,0,388,0,22094,21465,629,199,464,147,125,45,16,7,24,0,23469,6351,9,0,0,167,1964,267,0,1211,0,31,2346,350,0,105,151,2,0,299,313,0,307,47,0,0,127,53,-888888888,-888888888,-888888888
2014,Candler County; Georgia,3944,2705,1281,1689,726,313,94,703,461,1239,1018,408,1471,1021,2.73,3.28,10750,3944,1692,3339,1135,640,231,4229,1523,1902,148,129,527,4440,1007,1924,167,576,766,175,88,67,71,0,178,5,380,206,41,13,043,25,21,119,206,133,108,2837,140,165,1370,693,469,7154,597,1067,2827,1159,427,756,321,-888888888,-888888888,8201,821,10749,1973,2831,207,6409,1100,1509,666,10879,9205,1674,814,860,654,206,0,11056,10367,10336,8022,2314,31,689,689,213,476,720,31,0,31,689,35,654,689,24,70,18,0,565,12,10315,9338,977,399,770,353,178,30,29,16,0,0,11056,1079,25,2,0,92,570,123,104,580,11,8,1138,180,0,9,27,0,0,95,196,0,14,0,1,0,38,90,-888888888,-888888888,-888888888
2014,Carroll County; Georgia,39610,27322,12411,19614,8325,1919,1018,5789,3068,12288,9913,3544,14561,9618,2.73,3.25,108067,39610,19609,32978,8939,6931,2379,42662,14889,21126,1058,801,4788,46165,13418,21292,1146,4374,5935,2503,1087,68,85,43,146,36,3256,1214,204,13,045,290,294,426,1214,718,899,33928,2091,1527,12582,6320,11408,68808,4960,8703,24555,14468,3502,7834,4786,-888888888,-888888888,84095,7051,110654,16794,27698,1065,70157,10295,12799,5434,110119,88256,21404,12787,8617,6807,1810,459,111872,106911,106050,76073,29977,861,4961,4961,1801,3160,5822,861,46,815,4961,253,4708,4961,464,757,286,0,3405,49,104350,96757,7593,3241,5792,2627,769,221,735,333,297,60,111872,28384,81,17,235,1049,8307,1229,441,7345,31,41,10492,2054,0,238,910,65,176,1289,2323,78,1076,245,99,58,275,240,-888888888,-888888888,-888888888
2014,Early County; Georgia,4096,2830,982,1671,469,313,106,846,407,1266,1207,501,1289,1333,2.55,3.18,10432,4096,1703,3485,970,178,135,3909,1482,1697,163,196,371,4564,1406,1846,199,659,454,98,29,20,41,17,37,52,513,302,17,13,099,85,23,177,302,184,250,2975,188,134,1292,631,730,7052,632,791,2733,1341,508,513,534,-888888888,-888888888,7974,745,10433,1548,2669,109,5982,713,1782,726,10564,9697,867,593,274,219,55,0,10662,10555,10546,8369,2177,9,107,107,48,59,116,9,0,9,107,4,103,107,0,49,22,0,36,0,9953,9816,137,13,51,13,31,0,17,0,38,0,10662,1037,0,0,0,1,516,161,67,124,0,0,442,9,0,0,14,0,0,16,74,0,58,7,15,0,0,17,-888888888,-888888888,-888888888
2014,Crisp County; Georgia,8574,6245,2792,3927,1511,360,164,1958,1117,2329,2024,966,3179,2454,2.68,3.13,22937,8574,3952,7066,2307,1038,379,8566,3092,4365,114,270,725,9931,2864,4080,537,1163,1287,215,64,21,39,0,94,0,649,319,53,13,081,121,58,87,319,220,203,6411,328,352,2583,1377,1771,15370,1267,2140,5325,3358,1021,1448,811,-888888888,-888888888,17464,1647,22963,4624,5913,767,13739,2432,3311,1425,23235,19786,3423,2691,732,533,199,26,23403,23026,23004,19996,3008,22,377,377,149,228,399,22,0,22,377,45,332,377,22,203,0,0,152,0,21723,20777,946,217,494,95,403,113,49,9,0,0,23403,2769,14,0,8,28,1815,177,0,995,24,15,1616,113,0,9,59,0,17,357,191,0,776,18,0,0,24,64,-888888888,-888888888,-888888888
2014,Coweta County; Georgia,47666,35384,16452,27476,11962,2105,1058,5803,3432,12282,10375,3303,18534,10794,2.75,3.21,130854,47666,27507,41775,8781,5125,1975,49685,13489,29840,804,1077,4475,52967,12353,29286,1472,4166,5690,2065,685,48,62,26,128,23,3060,1300,228,13,077,283,192,597,1300,754,1030,34106,2625,2140,15959,7442,5940,86002,3024,7073,27537,19229,6226,15209,7704,-888888888,-888888888,96432,10421,130686,13420,34802,1190,81020,7056,14864,5174,129643,111073,18091,8056,10035,6800,3235,479,131419,123518,121979,75527,46452,1539,7901,7901,2812,5089,9440,1539,82,1457,7901,621,7280,7901,1284,1354,308,31,4740,184,122609,111625,10984,4594,7215,3621,2430,313,1069,613,270,47,131419,29151,410,276,280,1171,10515,2426,437,12695,336,175,11114,3038,81,574,1503,145,346,1532,2364,61,682,1005,131,87,822,440,-888888888,-888888888,-888888888
2014,Cobb County; Georgia,264805,179929,88418,132738,60935,11927,6029,35264,21454,84876,67038,16270,95687,48895,2.64,3.20,699633,264805,132766,216071,46128,39863,15450,268799,93328,143845,5089,4951,21586,292276,88757,142355,7235,17345,36584,9055,2901,29,48,18,82,27,14731,5154,1368,13,067,1628,685,1473,5154,3184,4027,201713,13799,11494,79858,40327,56235,465732,19005,23134,90744,95865,32978,135253,68753,-888888888,-888888888,530473,44371,703673,56921,177465,5348,458979,30635,67229,20938,700675,567689,128628,68220,60408,35749,24659,4358,708920,601031,590200,274177,316023,10831,107889,107889,44059,63830,118720,10831,1073,9758,107889,7851,100038,107889,9495,26858,12614,222,56329,2371,660920,525711,135209,49754,76321,33354,30556,7853,18058,7148,10274,1399,708920,52265,3357,1926,1420,6063,67522,13663,2313,66869,2440,2937,64025,26803,1341,4002,12752,1622,5752,9642,15404,953,19311,4932,1354,1222,4461,13355,-888888888,-888888888,-888888888
2014,Dade County; Georgia,6175,4620,1534,3787,1162,296,138,537,234,1555,1340,516,1939,1856,2.48,2.88,15306,6175,3803,3914,975,439,228,6666,1851,3924,111,180,600,7119,1623,3887,83,629,897,270,66,34,67,0,124,40,544,458,107,13,083,191,57,103,458,273,344,4398,228,141,1456,804,1769,11055,672,1508,3885,2381,816,1273,520,-888888888,-888888888,13148,1378,16387,2908,3377,248,10483,1523,2527,1137,16383,14637,1725,607,1118,351,767,21,16533,16261,16205,4992,11213,56,272,272,164,108,328,56,0,56,272,11,261,272,67,53,1,0,135,16,15659,15229,430,100,248,59,105,17,77,24,0,0,16533,4055,6,40,47,450,1843,292,31,1532,66,28,2693,223,11,60,101,0,60,419,511,10,54,206,35,10,128,25,-888888888,-888888888,-888888888
2014,Wilkes County; Georgia,4078,2475,834,1622,410,179,78,674,346,1603,1462,612,1051,1420,2.44,3.19,9943,4078,1650,2898,870,447,117,3924,1318,1676,85,139,706,4363,1043,1807,298,651,564,123,25,22,59,0,118,28,334,289,76,13,317,78,22,113,289,169,209,2196,296,210,875,510,305,7243,597,1012,3097,1157,272,629,479,-888888888,-888888888,7879,690,9936,1853,2218,74,5693,815,2025,964,9971,8875,1096,563,533,308,225,0,10123,9861,9773,8271,1502,88,262,262,92,170,350,88,6,82,262,81,181,262,7,47,0,0,201,7,9459,9111,348,218,276,163,25,8,47,47,0,0,10123,1361,0,0,1,70,839,78,6,477,9,0,657,86,0,12,78,20,0,62,161,0,22,0,7,0,7,11,-888888888,-888888888,-888888888
2014,Brooks County; Georgia,6550,4073,1443,2784,917,350,85,939,441,2477,2174,754,1806,2067,2.39,3.09,15666,6550,2814,4130,1555,617,213,6126,1776,3010,227,225,888,6631,1794,2798,220,929,890,179,93,48,53,40,120,0,600,386,120,13,027,40,89,137,386,284,232,3849,316,232,1730,796,775,10780,631,1830,3993,2478,655,862,331,-888888888,-888888888,12161,1522,15680,3310,3580,63,9391,1787,2709,1460,15605,13596,1996,923,1073,837,236,13,15766,15248,15216,11141,4075,32,518,518,48,470,550,32,6,26,518,2,516,518,42,68,0,0,379,29,14805,13794,1011,360,800,319,195,41,16,0,0,0,15766,1842,59,4,24,29,1026,247,45,1132,0,8,1559,258,0,37,38,0,0,39,405,0,89,53,5,0,39,68,-888888888,-888888888,-888888888
2014,Gordon County; Georgia,19320,14078,5892,10764,4282,799,408,2515,1202,5242,4233,1569,6828,4845,2.85,3.32,55063,19320,10774,17712,4237,3020,698,21232,5674,12144,455,408,2551,22394,4950,11643,718,2259,2824,879,244,39,65,61,101,36,1527,826,305,13,129,118,58,345,826,482,619,14027,997,1011,6379,3345,2295,36097,4160,5319,12468,7030,2106,3049,1965,-888888888,-888888888,41093,3087,55141,8371,14547,631,34003,4978,6591,2762,55137,47500,7550,4556,2994,1907,1087,87,55666,50279,50075,37585,12490,204,5387,5387,1361,4026,5591,204,0,204,5387,398,4989,5387,268,416,0,0,4693,10,51869,43905,7964,4383,7150,4138,510,136,283,109,21,0,55666,11122,32,18,49,570,4357,347,48,3544,27,16,5370,875,11,142,192,31,215,807,705,14,131,137,90,0,130,45,-888888888,-888888888,-888888888
2014,Elbert County; Georgia,7786,5448,2150,3756,1349,373,232,1319,569,2338,2109,1015,2501,2567,2.50,3.04,19442,7786,3747,5541,1829,539,278,7533,2183,4018,200,348,784,8517,2100,4163,216,1120,918,289,150,66,64,44,138,10,682,364,147,13,105,42,40,135,364,223,186,4346,251,347,1906,922,920,13606,1036,1948,6524,2125,519,853,601,-888888888,-888888888,15254,1465,19459,3445,4440,254,11659,1751,3360,1440,19400,18166,1234,599,635,311,324,0,19694,19147,19116,15388,3728,31,547,547,97,450,578,31,0,31,547,0,547,547,35,31,5,0,476,0,18489,17462,1027,547,902,528,64,6,11,11,50,2,19694,2882,0,0,88,38,923,134,13,690,11,8,974,78,8,56,30,39,0,115,171,8,106,21,0,9,2,106,-888888888,-888888888,-888888888
2014,Fayette County; Georgia,38231,29763,12950,24731,10170,1383,787,3649,1993,8468,7772,3360,14104,10719,2.81,3.25,107308,38231,24693,35896,6230,2258,783,41601,11334,26034,367,917,2949,45619,10141,26140,560,3611,5167,832,232,19,33,0,90,16,2220,1052,220,13,113,235,144,453,1052,589,862,31232,1422,1569,12748,8325,7168,72187,1777,2789,15213,15331,5819,19955,11303,-888888888,-888888888,80755,11253,107057,10225,26901,957,64802,4428,15354,4840,107259,95311,11499,4487,7012,4857,2155,449,107930,98140,96304,44668,51636,1836,9790,9790,4912,4878,11626,1836,40,1796,9790,513,9277,9780,1520,3255,681,44,3899,381,103271,91142,12129,3774,6016,2083,2840,442,2739,1154,534,95,107930,11458,365,431,374,1639,11869,2034,549,12756,299,321,11742,4237,235,830,1710,164,264,2495,2503,232,1956,1016,195,285,676,1258,-888888888,-888888888,-888888888
2014,Jenkins County; Georgia,3411,2279,870,1292,348,168,128,819,394,1132,959,428,1097,1073,2.55,3.02,8692,3411,1294,2444,856,687,409,3242,1285,1402,198,66,291,3701,877,1381,227,573,643,67,17,18,37,0,75,19,289,200,0,13,165,66,65,69,200,112,182,2705,89,278,1200,509,629,5935,586,1013,2093,964,547,502,230,-888888888,-888888888,6608,639,8693,1619,2186,38,5156,954,1351,627,8714,6995,1719,831,888,815,73,0,8794,8599,8516,7461,1055,83,195,195,5,190,278,83,0,83,195,0,195,195,0,5,0,0,190,0,8426,8040,386,204,332,204,54,0,0,0,0,0,8794,1432,0,0,0,22,1001,117,0,372,9,0,535,124,0,0,79,0,56,101,149,0,5,0,35,0,19,43,-888888888,-888888888,-888888888
2014,Newton County; Georgia,34516,25457,11778,16792,7294,2084,770,6581,3714,9059,7814,2688,14064,7822,2.90,3.38,100058,34516,16725,32773,11208,4836,1888,36399,12713,18186,886,998,3616,41796,12496,17996,1404,3343,6557,1740,784,51,65,22,129,29,3248,1671,179,13,217,285,478,729,1671,1141,1183,30271,1987,1618,12808,6720,7138,63841,3135,7347,20497,15630,4819,8211,4202,-888888888,-888888888,73139,7307,100634,13792,28201,1159,61594,8502,10839,4131,100541,84304,15904,8219,7685,5721,1964,333,101503,95533,94565,63174,31391,968,5970,5970,2887,3083,6938,968,35,933,5970,295,5675,5970,711,688,448,13,3939,171,94332,87922,6410,2427,3582,1742,1570,432,763,253,495,0,101503,11821,71,66,93,946,7389,1176,105,7272,71,87,8148,1476,43,165,734,275,289,1178,1911,30,1363,380,124,80,713,2566,-888888888,-888888888,-888888888
2014,Greene County; Georgia,6491,4636,1179,3329,648,189,89,1118,442,1855,1595,816,1465,2628,2.46,2.90,15980,6491,3331,4018,1439,701,234,6556,2009,3596,104,309,538,6947,1845,3397,235,740,730,133,71,36,43,0,100,12,453,233,26,13,133,72,30,105,233,186,136,3238,312,181,1422,657,666,11940,977,1481,4010,1980,581,1540,1371,-888888888,-888888888,12950,1329,16019,1991,3228,54,9047,982,3744,955,15974,14574,1358,834,524,395,129,42,16190,15513,15471,11285,4186,42,677,677,126,551,719,42,0,42,677,102,575,677,73,63,7,4,523,7,15276,14534,742,286,658,278,53,6,31,2,0,0,16190,2558,0,33,19,122,1548,137,17,1022,5,54,1491,330,39,117,166,5,56,349,325,0,127,61,31,36,41,10,-888888888,-888888888,-888888888
2014,Colquitt County; Georgia,15893,11528,5406,7895,3216,967,556,2666,1634,4365,3850,1555,6261,4308,2.83,3.32,44951,15893,7888,14649,4171,2350,908,17315,5746,8292,695,533,2049,18079,4275,8604,833,1906,2461,657,285,52,60,42,106,24,1135,554,147,13,071,180,9,218,554,430,295,12030,1035,810,5397,2669,2119,29275,3544,4829,10740,4511,1868,2420,1363,-888888888,-888888888,33409,2277,45275,6541,12551,350,26764,3536,5960,2655,45419,37749,7430,4807,2623,1393,1230,240,45987,40881,40728,33357,7371,153,5106,5106,561,4545,5259,153,0,153,5106,499,4607,5106,41,33,0,0,4941,91,42255,35119,7136,4025,6921,4008,208,16,7,1,0,0,45987,13572,0,0,19,94,2600,386,139,1277,23,39,2068,214,0,69,55,0,1,345,442,0,84,123,54,24,34,106,-888888888,-888888888,-888888888
2014,Dawson County; Georgia,8277,6310,2191,5047,1501,513,347,750,343,1967,1545,668,2492,2603,2.70,3.02,22309,8277,4998,6302,1452,1280,584,9116,2350,5323,61,289,1093,9271,1983,5427,253,670,938,305,108,47,62,0,129,25,573,240,71,13,085,59,110,0,240,132,221,5297,341,263,2202,1328,1163,15734,749,1593,4577,3697,986,3073,1059,-888888888,-888888888,17459,1572,22303,2652,4996,315,13662,1275,3645,1062,22257,19399,2839,1493,1346,1110,236,19,22500,21733,21578,13520,8058,155,767,767,354,413,922,155,0,155,767,0,767,767,195,129,0,7,422,14,21307,20417,890,471,495,289,259,122,136,60,0,0,22500,4562,62,7,80,297,3121,446,153,2618,115,33,4157,650,17,158,498,0,15,323,546,19,9,228,25,12,90,15,-888888888,-888888888,-888888888
2014,Clayton County; Georgia,87490,56955,28576,31105,14529,5583,2301,20267,11746,30535,26132,4312,34050,14111,2.98,3.75,260349,87490,31142,92692,33011,16014,5234,93329,41760,36444,3142,1584,10399,107461,44779,35055,4684,7265,15678,3955,2172,44,53,32,91,24,8152,3470,844,13,063,540,701,1385,3470,2363,2056,79485,4824,3940,33598,17272,19851,160760,12166,17038,50583,39303,12517,19794,9359,-888888888,-888888888,188691,17520,260685,28858,75144,2632,166155,17805,19386,8421,260446,207574,51900,25647,26253,18547,7706,972,264221,224430,220331,135374,84957,4099,39791,39791,15767,24024,43890,4099,660,3439,39791,2402,37389,39791,760,10483,4844,22,23562,120,242665,193379,49286,24582,28331,14534,6256,2107,10841,7199,3858,742,264221,20494,297,18,54,595,4562,974,381,3510,228,78,5579,986,118,118,400,127,245,627,1022,39,11736,164,41,28,216,9016,-888888888,-888888888,-888888888
2014,Hall County; Georgia,61361,45317,21264,34151,15167,3742,2076,7424,4021,16044,13271,5016,23744,15904,2.97,3.46,182506,61361,34175,61104,16030,9836,3568,70701,22395,38195,1796,1736,6579,72283,18679,37096,1630,6485,8393,3006,755,34,68,25,121,33,5269,1700,352,13,139,393,240,715,1700,963,1288,49282,2572,2935,23521,10778,9476,117557,13614,11629,34731,23670,7065,16421,10427,-888888888,-888888888,134763,10588,183379,19740,50382,1750,110401,9899,22596,8091,182457,157183,24668,14419,10249,6602,3647,606,185318,155998,154272,102243,52029,1726,29320,29320,6836,22484,31046,1726,113,1613,29320,1271,28049,29320,997,2476,452,16,24999,380,171743,125405,46338,22698,41838,20974,1946,397,2117,1204,437,123,185318,23583,231,405,168,1452,15864,3171,643,15697,392,457,17640,5209,148,687,1783,164,429,2652,3536,102,1188,902,164,190,828,608,-888888888,-888888888,-888888888
