year,county_name,households_by_type_total_households,households_by_type_total_households_family_househo,households_by_type_total_households_family_househo,households_by_type_total_households_family_househo,households_by_type_total_households_family_househo,households_by_type_total_households_family_househo,households_by_type_total_households_family_househo,households_by_type_total_households_family_househo,households_by_type_total_households_family_househo,households_by_type_total_households_nonfamily_hous,households_by_type_total_households_nonfamily_hous,households_by_type_total_households_nonfamily_hous,households_by_type_households_with_one_or_more_peo,households_by_type_households_with_one_or_more_peo,households_by_type_average_household_size,households_by_type_average_family_size,relationship_population_in_households,relationship_population_in_households_householder,relationship_population_in_households_spouse,relationship_population_in_households_child,relationship_population_in_households_other_relati,relationship_population_in_households_nonrelatives,relationship_population_in_households_nonrelatives,marital_status_males_15_years_and_over,marital_status_males_15_years_and_over_never_marri,marital_status_males_15_years_and_over_now_married,marital_status_males_15_years_and_over_separated,marital_status_males_15_years_and_over_widowed,marital_status_males_15_years_and_over_divorced,marital_status_females_15_years_and_over,marital_status_females_15_years_and_over_never_mar,marital_status_females_15_years_and_over_now_marri,marital_status_females_15_years_and_over_separated,marital_status_females_15_years_and_over_widowed,marital_status_females_15_years_and_over_divorced,fertility_number_of_women_15_to_50_years_old_who_h,fertility_number_of_women_15_to_50_years_old_who_h,fertility_number_of_women_15_to_50_years_old_who_h,fertility_number_of_women_15_to_50_years_old_who_h,fertility_number_of_women_15_to_50_years_old_who_h,fertility_number_of_women_15_to_50_years_old_who_h,fertility_number_of_women_15_to_50_years_old_who_h,grandparents_number_of_grandparents_living_with_ow,grandparents_number_of_grandparents_living_with_ow,grandparents_number_of_grandparents_living_with_ow,state_fips,county_fips,grandparents_number_of_grandparents_living_with_ow,grandparents_number_of_grandparents_living_with_ow,grandparents_number_of_grandparents_living_with_ow,grandparents_number_of_grandparents_responsible_fo,grandparents_number_of_grandparents_responsible_fo,grandparents_number_of_grandparents_responsible_fo,school_enrollment_population_3_years_and_over_enro,school_enrollment_population_3_years_and_over_enro,school_enrollment_population_3_years_and_over_enro,school_enrollment_population_3_years_and_over_enro,school_enrollment_population_3_years_and_over_enro,school_enrollment_population_3_years_and_over_enro,educational_attainment_population_25_years_and_ove,educational_attainment_population_25_years_and_ove,educational_attainment_population_25_years_and_ove,educational_attainment_population_25_years_and_ove,educational_attainment_population_25_years_and_ove,educational_attainment_population_25_years_and_ove,educational_attainment_population_25_years_and_ove,educational_attainment_population_25_years_and_ove,educational_attainment_percent_high_school_graduat,educational_attainment_percent_bachelors_degree_or,veteran_status_civilian_population_18_years_and_ov,veteran_status_civilian_population_18_years_and_ov,disability_status_of_the_civilian_noninstitutional,disability_status_of_the_civilian_noninstitutional,disability_status_of_the_civilian_noninstitutional,disability_status_of_the_civilian_noninstitutional,disability_status_of_the_civilian_noninstitutional,disability_status_of_the_civilian_noninstitutional,disability_status_of_the_civilian_noninstitutional,disability_status_of_the_civilian_noninstitutional,residence_1_year_ago_population_1_year_and_over,residence_1_year_ago_population_1_year_and_over_sa,residence_1_year_ago_population_1_year_and_over_di,residence_1_year_ago_population_1_year_and_over_di,residence_1_year_ago_population_1_year_and_over_di,residence_1_year_ago_population_1_year_and_over_di,residence_1_year_ago_population_1_year_and_over_di,residence_1_year_ago_population_1_year_and_over_ab,place_of_birth_total_population,place_of_birth_total_population_native,place_of_birth_total_population_native_born_in_uni,place_of_birth_total_population_native_born_in_uni,place_of_birth_total_population_native_born_in_uni,place_of_birth_total_population_native_born_in_pue,place_of_birth_total_population_foreign_born,u.s._citizenship_status_foreign_born_population,u.s._citizenship_status_foreign_born_population_na,u.s._citizenship_status_foreign_born_population_no,year_of_entry_population_born_outside_the_united_s,year_of_entry_native,year_of_entry_native_entered_2010_or_later,year_of_entry_native_entered_before_2010,year_of_entry_foreign_born,year_of_entry_foreign_born_entered_2010_or_later,year_of_entry_foreign_born_entered_before_2010,world_region_of_birth_of_foreign_born_foreign_born,world_region_of_birth_of_foreign_born_foreign_born,world_region_of_birth_of_foreign_born_foreign_born,world_region_of_birth_of_foreign_born_foreign_born,world_region_of_birth_of_foreign_born_foreign_born,world_region_of_birth_of_foreign_born_foreign_born,world_region_of_birth_of_foreign_born_foreign_born,language_spoken_at_home_population_5_years_and_ove,language_spoken_at_home_population_5_years_and_ove,language_spoken_at_home_population_5_years_and_ove,language_spoken_at_home_population_5_years_and_ove,language_spoken_at_home_population_5_years_and_ove,language_spoken_at_home_population_5_years_and_ove,language_spoken_at_home_population_5_years_and_ove,language_spoken_at_home_population_5_years_and_ove,language_spoken_at_home_population_5_years_and_ove,language_spoken_at_home_population_5_years_and_ove,language_spoken_at_home_population_5_years_and_ove,language_spoken_at_home_population_5_years_and_ove,ancestry_total_population,ancestry_total_population_american,ancestry_total_population_arab,ancestry_total_population_czech,ancestry_total_population_danish,ancestry_total_population_dutch,ancestry_total_population_english,ancestry_total_population_french_except_basque,ancestry_total_population_french_canadian,ancestry_total_population_german,ancestry_total_population_greek,ancestry_total_population_hungarian,ancestry_total_population_irish,ancestry_total_population_italian,ancestry_total_population_lithuanian,ancestry_total_population_norwegian,ancestry_total_population_polish,ancestry_total_population_portuguese,ancestry_total_population_russian,ancestry_total_population_scotch_irish,ancestry_total_population_scottish,ancestry_total_population_slovak,ancestry_total_population_subsaharan_african,ancestry_total_population_swedish,ancestry_total_population_swiss,ancestry_total_population_ukrainian,ancestry_total_population_welsh,ancestry_total_population_west_indian_excluding_hi,computers_and_internet_use_total_households,computers_and_internet_use_total_households_with_a,computers_and_internet_use_total_households_with_a
2014,James City County; Virginia,27665,19768,6835,15840,4946,891,353,3037,1536,7897,6617,3264,7586,10173,2.49,2.93,68876,27665,15833,18735,3626,3017,754,27883,7257,17479,452,724,1971,29999,6086,16745,569,3091,3508,766,63,9,53,10,92,34,1445,496,100,51,095,189,110,97,496,260,384,16957,840,880,6926,3791,4520,50110,1122,2102,11165,9185,3440,12870,10226,-888888888,-888888888,54393,8883,68309,6763,14721,429,38690,2850,14898,3484,68935,60657,7859,2516,5343,3451,1892,419,69832,65006,63506,28049,35457,1500,4826,4826,2600,2226,6326,1500,24,1476,4826,311,4515,4826,1416,1659,202,32,1269,248,66286,61402,4884,1700,2200,1003,1255,181,1081,362,348,154,69832,6645,515,152,634,1288,11100,2060,500,11180,418,339,9253,2979,135,710,1836,110,408,1506,2392,198,108,1125,208,163,662,398,-888888888,-888888888,-888888888
2014,Russell County; Virginia,11037,7386,2431,5748,1773,519,199,1119,459,3651,3315,1697,2881,3646,2.54,3.16,28020,11037,5778,7777,2389,1039,467,11616,3069,6391,290,569,1297,12135,2309,6403,311,1735,1377,173,56,21,28,20,54,11,635,296,21,51,167,67,23,185,296,152,193,5523,293,352,2545,1270,1063,20525,2818,2074,7743,3807,1643,1475,965,-888888888,-888888888,22712,1365,28220,7278,5712,280,17566,4075,4942,2923,28149,25748,2376,1367,1009,550,459,25,28444,28167,28058,22032,6026,109,277,277,83,194,386,109,25,84,277,7,270,277,132,34,0,0,86,25,26892,26573,319,126,138,59,102,14,77,53,2,0,28444,9093,0,0,0,434,3204,122,23,2282,185,18,2242,346,0,35,248,8,8,916,337,0,2,61,3,34,123,0,-888888888,-888888888,-888888888
2014,Smyth County; Virginia,12852,8856,3072,6551,2007,759,299,1546,766,3996,3543,1615,3565,4153,2.43,2.93,31171,12852,6498,8295,2320,1206,623,12800,3154,7207,374,555,1510,13729,2485,6826,570,2095,1753,417,162,51,61,27,144,4,902,487,108,51,173,103,71,205,487,301,416,6368,311,334,2814,1580,1329,22852,2113,2495,8909,4226,1711,2147,1251,-888888888,-888888888,25378,2251,31331,6400,6476,382,19022,3354,5833,2664,31393,27518,3801,2476,1325,593,732,74,31876,31504,31434,24762,6672,70,372,372,159,213,442,70,0,70,372,132,240,372,37,98,15,0,212,10,30136,29626,510,279,365,209,94,37,51,33,0,0,31876,6026,15,9,47,470,2425,279,21,2816,0,10,2187,316,8,42,116,21,52,780,387,0,15,59,75,0,264,48,-888888888,-888888888,-888888888
2014,Charlottesville city; Virginia,17604,7682,3646,5253,2152,604,337,1825,1157,9922,6511,1646,3872,3143,2.37,2.98,41703,17604,5258,8077,1901,8863,1184,18423,10502,5757,214,341,1609,20253,11300,5699,247,1119,1888,448,135,12,30,0,38,22,456,214,93,51,540,0,63,58,214,122,163,17227,773,440,2513,1451,12050,26533,1273,1718,5887,3632,932,6301,6790,-888888888,-888888888,37626,1782,44127,4018,6746,132,33447,2650,3934,1236,44082,32112,11203,3946,7257,5107,2150,767,44505,39258,38330,21087,17243,928,5247,5247,1423,3824,6175,928,70,858,5247,1091,4156,5247,717,2845,494,64,1012,115,42055,36169,5886,2406,1781,747,1302,317,2018,879,785,463,44505,6099,729,90,154,423,5452,757,72,5341,204,276,4116,1791,60,359,978,31,491,899,1140,82,566,404,152,196,544,229,-888888888,-888888888,-888888888
2014,Campbell County; Virginia,21728,15226,5606,11650,3796,815,436,2761,1374,6502,5575,2222,6357,6323,2.50,2.99,54348,21728,11614,15238,3400,2368,1124,21908,5963,12494,398,814,2239,23701,5639,12067,745,2449,2801,427,113,18,34,15,73,9,1263,551,256,51,031,57,76,162,551,388,295,13101,712,522,5318,3209,3340,38285,2351,3810,13787,8100,3017,4800,2420,-888888888,-888888888,43312,4741,54347,7968,11437,341,33604,4186,9306,3441,54371,48727,5600,2168,3432,2840,592,44,54833,53571,53154,40851,12303,417,1262,1262,327,935,1679,417,24,393,1262,167,1095,1262,223,487,105,0,385,62,52093,50670,1423,431,638,163,273,17,440,205,72,46,54833,13595,32,0,224,457,7281,977,56,5118,127,155,5494,1653,61,102,563,21,57,1142,1096,101,220,167,121,21,214,44,-888888888,-888888888,-888888888
2014,Henrico County; Virginia,123821,80049,37604,56121,24399,4924,2271,19004,10934,43772,36482,12666,41454,29873,2.52,3.15,312281,123821,56175,96030,19778,16477,6879,116731,39945,61020,2762,2777,10227,136088,41172,59609,4151,12571,18585,4438,1625,37,55,10,103,24,6502,1927,341,51,087,552,271,763,1927,1235,1258,81603,5559,4349,33033,17486,21176,214132,8579,13089,49207,44187,14119,53148,31803,-888888888,-888888888,239928,21527,312547,31932,74636,2903,198252,16076,39659,12953,311335,260527,48081,24053,24028,18063,5965,2727,314878,277484,274424,182536,91888,3060,37394,37394,15934,21460,40454,3060,142,2918,37394,4401,32993,37382,4851,18648,4207,113,9031,532,294641,251822,42819,17220,12736,6012,12835,4219,12171,5118,5077,1871,314878,20727,3952,966,512,2514,34349,5303,1092,31389,1770,1325,27618,11901,483,1267,5463,288,3132,5607,7076,504,4402,1729,341,1345,2075,1413,-888888888,-888888888,-888888888
2014,King George County; Virginia,8315,6223,2929,5068,2212,252,129,903,588,2092,1662,494,3185,1757,2.92,3.40,24298,8315,5159,8328,1476,1020,422,9625,2987,5538,161,224,715,9565,2290,5325,151,790,1009,476,205,76,80,50,168,31,665,266,73,51,099,29,4,160,266,148,187,6430,251,313,2918,1438,1510,15879,285,923,4675,3663,1287,2966,2080,-888888888,-888888888,17588,3048,24070,2736,6588,188,14922,1658,2560,890,24104,20658,3359,1017,2342,1275,1067,87,24577,24061,23546,11274,12272,515,516,516,370,146,1031,515,20,495,516,29,487,516,162,240,41,7,64,2,22843,21853,990,165,418,68,267,22,249,67,56,8,24577,1789,65,41,114,270,4116,713,69,4054,70,38,2895,960,18,170,676,39,88,275,607,13,76,125,26,4,167,78,-888888888,-888888888,-888888888
2014,Lancaster County; Virginia,5283,3167,777,2415,397,222,158,530,222,2116,1872,1163,939,2569,2.10,2.70,11074,5283,2439,2239,705,408,256,4518,1018,2589,88,389,434,5277,876,2648,84,1006,663,110,44,45,63,0,162,8,288,63,0,51,103,0,5,58,63,31,63,1757,94,51,894,391,327,8858,387,680,2761,1791,701,1439,1099,-888888888,-888888888,9484,1372,11095,1806,1733,100,5753,489,3609,1217,11097,9906,1113,685,428,333,95,78,11224,11000,10949,7411,3538,51,224,224,128,96,275,51,0,51,224,41,183,224,89,77,0,0,55,3,10790,10401,389,55,209,37,90,15,90,3,0,0,11224,989,9,0,18,126,2794,221,22,952,16,3,957,287,9,104,183,20,22,232,368,50,130,35,30,9,182,32,-888888888,-888888888,-888888888
2014,Lee County; Virginia,9597,6576,2325,4962,1675,680,292,934,358,3021,2779,1272,2848,3143,2.50,3.05,23948,9597,4949,6576,1940,886,459,11287,3520,5713,323,315,1416,10115,2164,5048,265,1572,1066,330,158,61,64,39,144,12,801,475,155,51,105,133,41,146,475,284,422,5183,258,265,2212,1182,1266,18570,2619,2378,6039,4453,1014,1348,719,-888888888,-888888888,20451,1858,23967,6707,4894,247,14761,4254,4312,2206,25071,22152,2872,1879,993,330,663,47,25380,25084,25000,14493,10507,84,296,296,86,210,380,84,0,84,296,5,291,296,11,52,0,30,203,0,24126,23341,785,173,338,143,283,15,101,15,63,0,25380,6912,80,0,0,249,2330,482,12,2255,42,15,3169,244,0,44,149,0,15,622,330,0,152,26,13,0,115,30,-888888888,-888888888,-888888888
2014,Mathews County; Virginia,3792,2774,700,2213,456,229,108,332,136,1018,919,598,738,1589,2.32,2.74,8813,3792,2233,2154,426,208,123,3657,747,2352,105,207,246,4125,702,2488,133,361,441,93,22,29,54,0,88,51,51,29,15,51,115,14,0,0,29,21,15,1602,67,136,604,474,321,6873,105,563,2326,1463,426,1065,925,-888888888,-888888888,7290,1043,8808,1160,1578,59,4840,459,2390,642,8787,8051,717,216,501,397,104,19,8923,8731,8632,5921,2711,99,192,192,162,30,291,99,19,80,192,0,192,192,64,27,64,0,3,34,8584,8351,233,34,108,15,40,0,19,19,66,0,8923,941,38,0,182,193,2724,97,107,907,17,0,1512,267,17,21,244,27,269,128,369,0,470,7,58,0,147,0,-888888888,-888888888,-888888888
2014,Middlesex County; Virginia,4432,2986,854,2393,642,199,64,394,148,1446,1299,711,988,2036,2.36,2.92,10461,4432,2396,2349,996,288,142,4648,1162,2730,122,164,470,4739,825,2509,45,856,504,52,32,33,27,0,61,12,272,79,0,51,119,21,0,58,79,34,58,1951,117,94,876,424,440,8318,197,672,2473,2114,505,1514,843,-888888888,-888888888,9069,1183,10491,1694,1734,49,5908,671,2849,974,10774,9674,1093,561,532,379,153,7,10817,10537,10492,7223,3269,45,280,280,221,59,325,45,0,45,280,7,273,280,140,64,0,0,63,13,10433,10190,243,53,159,34,31,17,8,0,45,2,10817,1158,81,44,31,137,3191,373,39,1265,34,39,1206,143,30,18,169,10,0,428,159,10,249,58,20,0,20,0,-888888888,-888888888,-888888888
2014,Prince George County; Virginia,10906,8871,3961,7011,2880,689,469,1171,612,2035,1833,716,4333,2748,2.98,3.34,32468,10906,6983,11485,2250,844,342,16810,6094,8419,516,319,1462,13325,3301,7429,446,1038,1111,331,157,41,42,85,60,12,1049,362,118,51,149,49,70,125,362,247,254,8947,350,479,3863,1857,2398,25186,1045,2280,8744,6308,2137,3155,1517,-888888888,-888888888,27053,4299,31521,4395,7994,482,19387,2374,4140,1539,36421,29632,6481,1261,5220,2639,2581,308,36792,35375,34370,20022,14348,1005,1417,1417,677,740,2422,1005,95,910,1417,213,1204,1417,169,454,82,19,618,75,34852,32349,2503,775,1280,472,639,139,419,121,165,43,36792,4514,23,388,8,308,3963,611,91,3388,43,113,2335,945,2,99,527,51,182,540,606,58,549,32,0,0,104,311,-888888888,-888888888,-888888888
2014,Richmond County; Virginia,2800,1852,576,1342,349,110,23,400,204,948,815,517,756,1131,2.56,3.22,7165,2800,1368,2020,728,249,128,4410,1762,1861,166,210,411,3358,721,1570,74,575,418,159,52,70,103,0,280,44,176,43,0,51,159,15,0,28,43,43,20,1767,126,55,715,616,255,6836,583,1048,2815,1094,415,606,275,-888888888,-888888888,7411,466,7183,1308,1657,104,3970,510,1556,694,8910,8141,754,265,489,372,117,15,9072,8477,8423,6468,1955,54,595,595,214,381,649,54,0,54,595,4,591,595,7,185,0,0,403,0,8692,7980,712,622,525,450,15,0,172,172,0,0,9072,937,9,29,0,26,1673,64,5,590,20,0,819,181,0,45,68,15,4,74,147,0,11,53,27,0,29,23,-888888888,-888888888,-888888888
2014,Scott County; Virginia,9363,6538,2125,5251,1632,361,99,926,394,2825,2608,1399,2430,3348,2.37,2.87,22227,9363,5264,5826,1168,606,241,9635,2251,5721,188,495,980,9581,1582,5481,227,1339,952,120,22,12,26,5,51,14,393,235,40,51,169,7,101,87,235,146,201,4196,328,399,1812,824,833,16755,2287,1754,6244,3409,1119,1384,558,-888888888,-888888888,18422,1542,22252,5090,4355,195,13366,2847,4531,2048,22650,20109,2530,1638,892,516,376,11,22781,22573,22528,8430,14098,45,208,208,86,122,253,45,0,45,208,12,196,208,38,63,4,0,91,12,21682,21434,248,90,157,51,30,0,61,39,0,0,22781,6047,0,0,0,280,2201,269,130,1978,21,36,2802,274,0,10,56,9,8,826,316,27,0,19,0,0,93,0,-888888888,-888888888,-888888888
2014,Spotsylvania County; Virginia,42280,33285,15503,26234,11548,1843,1001,5208,2954,8995,7249,2827,17469,9436,2.98,3.33,125788,42280,26236,42995,8157,6120,2153,47972,14192,28360,867,891,3662,50900,12778,28001,906,3686,5529,2109,780,52,66,21,123,36,3642,1490,363,51,177,416,263,448,1490,823,1263,34917,2125,1971,15130,8382,7309,81642,2823,6082,25824,17916,5886,14395,8716,-888888888,-888888888,92042,13280,125234,13549,33505,1323,78244,7421,13485,4805,124551,108603,15479,7161,8318,5130,3188,469,126200,117014,114497,62852,51645,2517,9186,9186,4354,4832,11703,2517,180,2337,9186,458,8728,9186,1452,2649,424,25,4519,117,118194,106373,11821,3968,7069,2564,2460,498,1722,809,570,97,126200,14454,877,471,386,1381,13583,2251,563,17667,533,319,15721,5667,269,682,2955,182,403,1648,2834,314,718,1145,162,349,959,497,-888888888,-888888888,-888888888
2014,Appomattox County; Virginia,5964,4497,1739,3386,1180,352,137,759,422,1467,1289,729,2013,2017,2.53,2.88,15060,5964,3387,4022,1053,634,345,5882,1485,3531,172,200,494,6541,1460,3469,224,646,742,181,87,57,55,22,112,14,434,217,64,51,011,70,8,75,217,110,197,3363,193,186,1587,715,682,10815,699,1249,4144,2263,807,1021,632,-888888888,-888888888,11832,1346,15070,2714,3298,266,9047,1415,2725,1033,14972,14220,752,337,415,270,145,0,15137,15005,14897,11077,3820,108,132,132,62,70,240,108,4,104,132,0,132,132,58,22,10,0,16,26,14267,14083,184,54,126,54,45,0,0,0,13,0,15137,4712,0,15,27,290,1918,243,41,1186,4,26,1165,408,0,41,165,133,31,113,285,15,10,31,17,15,7,0,-888888888,-888888888,-888888888
2014,Franklin County; Virginia,23248,16480,5797,13328,4179,830,341,2322,1277,6768,5916,2745,6626,7527,2.36,2.80,54901,23248,13346,14059,2234,2014,1208,23131,5855,13946,438,777,2115,23943,4731,13561,691,2422,2538,862,239,43,72,41,148,25,1349,568,156,51,067,83,185,144,568,300,470,12207,643,544,5475,2356,3189,40264,2818,3999,13210,9346,2920,5202,2769,-888888888,-888888888,45072,4483,56025,8601,11272,637,34118,4407,10635,3557,55637,47619,7985,4351,3634,2675,959,33,56360,55020,54731,38593,16138,289,1340,1340,484,856,1629,289,0,289,1340,60,1280,1340,325,273,16,16,646,64,53573,51751,1822,852,1197,618,432,155,177,79,16,0,56360,9637,40,254,73,492,6516,1056,436,8085,0,80,6102,1394,105,327,729,0,90,1256,1094,80,159,178,115,76,247,241,-888888888,-888888888,-888888888
2014,King and Queen County; Virginia,2832,2021,642,1562,457,108,0,351,185,811,702,392,718,1005,2.50,3.03,7073,2832,1560,1763,780,138,84,2971,774,1772,78,72,275,2975,495,1709,65,399,307,115,13,24,84,0,223,0,112,30,0,51,097,0,9,21,30,26,21,1260,15,105,606,304,230,5312,368,460,2229,1132,232,606,285,-888888888,-888888888,5701,723,7073,723,1372,118,4348,311,1353,294,7011,6723,288,68,220,113,107,0,7073,6883,6808,5420,1388,75,190,190,34,156,265,75,0,75,190,19,171,190,8,13,0,0,169,0,6750,6472,278,198,245,175,0,0,23,13,10,10,7073,827,0,96,7,69,977,76,0,719,0,0,768,307,0,57,48,0,26,129,115,0,803,7,0,0,27,24,-888888888,-888888888,-888888888
2014,Montgomery County; Virginia,34803,18757,8017,15159,5928,1197,719,2401,1370,16046,9783,2533,8479,6724,2.48,2.97,86284,34803,15137,18616,3165,14563,2196,43240,22645,16417,750,724,2704,39958,16998,15956,798,2709,3497,928,215,12,33,0,53,19,1033,355,72,51,121,0,31,252,355,199,284,41655,927,976,6563,3165,30024,51553,1878,3061,11280,8755,3747,11336,11496,-888888888,-888888888,80406,4605,95268,8847,15241,558,70369,5064,9658,3225,94884,68425,25445,12084,13361,8844,4517,1014,95808,86878,85846,52532,33314,1032,8930,8930,2611,6319,9962,1032,91,941,8930,1776,7154,8930,1915,4914,864,48,965,224,91599,81622,9977,2618,1808,434,3374,523,3607,1408,1188,253,95808,12735,1136,502,233,1450,10509,1800,342,15054,792,333,11863,4200,148,507,2152,85,885,2408,2454,166,705,557,323,397,485,59,-888888888,-888888888,-888888888
2014,New Kent County; Virginia,7106,5487,1969,4615,1523,259,72,613,374,1619,1336,599,2172,1915,2.62,2.98,18610,7106,4609,5571,702,622,234,8079,1992,4985,170,92,840,7808,1541,4813,147,595,712,143,80,43,33,13,63,22,309,81,4,51,127,15,0,62,81,48,80,4939,352,204,2033,1156,1194,13640,333,1170,4282,3358,1136,2387,974,-888888888,-888888888,14934,1941,18601,1731,4226,26,11844,793,2531,912,19112,16751,2343,396,1947,1804,143,18,19187,18621,18391,12254,6137,230,566,566,313,253,796,230,0,230,566,34,532,566,247,180,18,0,81,40,18317,17893,424,174,151,34,117,41,102,97,54,2,19187,2290,89,59,16,315,3155,579,118,2498,83,74,2361,858,34,446,612,79,18,421,327,47,496,117,24,21,140,50,-888888888,-888888888,-888888888
2014,Cumberland County; Virginia,4038,2739,926,1789,539,297,151,653,236,1299,1044,466,1149,1325,2.45,2.88,9875,4038,1777,2531,835,694,351,3995,1401,1936,216,48,394,4169,982,1820,228,527,612,135,109,94,62,0,150,0,302,162,112,51,049,0,15,35,162,100,147,2303,111,123,901,506,662,6819,639,943,2317,1290,512,783,335,-888888888,-888888888,7766,862,9913,1686,2150,216,5997,753,1766,717,9761,9305,444,68,376,295,81,12,9916,9883,9812,7657,2155,71,33,33,33,0,104,71,0,71,33,0,33,33,0,0,0,0,9,24,9339,9245,94,30,56,24,38,6,0,0,0,0,9916,1653,0,0,0,37,1163,103,58,836,0,5,684,181,0,63,129,41,0,135,150,21,61,18,120,0,75,9,-888888888,-888888888,-888888888
2014,Dickenson County; Virginia,6200,4289,1437,3280,1038,340,146,669,253,1911,1772,706,1745,1922,2.47,3.01,15301,6200,3255,4319,1061,466,242,6576,1768,3525,153,279,851,6374,1040,3424,279,809,822,196,86,67,60,95,117,7,387,279,66,51,051,83,44,86,279,161,203,3072,71,234,1529,702,536,11222,1533,1545,3922,2336,742,704,440,-888888888,-888888888,12396,932,15309,4216,3216,218,9409,2420,2684,1578,15463,14294,1169,527,642,581,61,0,15612,15481,15481,13024,2457,0,131,131,29,102,131,0,0,0,131,2,129,131,22,10,0,0,99,0,14773,14579,194,54,111,28,76,24,7,2,0,0,15612,4613,0,9,51,89,1959,122,10,1398,21,21,2085,57,0,30,57,0,10,582,314,0,16,22,9,5,9,8,-888888888,-888888888,-888888888
2014,Halifax County; Virginia,14472,9369,3437,6766,2073,476,275,2127,1089,5103,4777,2499,3866,5116,2.41,3.05,34918,14472,6750,10212,2264,1220,629,13833,4139,6965,460,444,1825,15615,3651,7151,650,2401,1762,375,181,46,51,62,111,2,840,329,130,51,083,43,89,67,329,149,292,7797,383,291,3638,1997,1488,25414,2085,3215,9309,5164,1921,2393,1327,-888888888,-888888888,28004,2691,34982,6091,7666,414,20239,3144,7077,2533,35309,32237,3048,1899,1149,736,413,24,35704,35314,35132,28583,6549,182,390,390,228,162,572,182,0,182,390,3,387,390,27,128,9,3,217,6,33860,33032,828,302,505,179,165,36,152,82,6,5,35704,8132,55,23,0,115,3130,334,38,1875,5,45,1717,414,8,39,102,0,0,519,516,0,86,169,78,25,161,41,-888888888,-888888888,-888888888
2014,Loudoun County; Virginia,110047,85993,51640,72133,43617,4018,2147,9842,5876,24054,18679,4906,54174,16970,3.07,3.47,337623,110047,72186,119460,20360,15570,4889,123706,34367,78476,1757,1406,7700,128671,30329,77761,2503,6802,11276,5888,655,19,65,1,133,36,6587,1453,338,51,107,219,146,750,1453,811,1197,103312,9051,5936,47013,21030,20282,215348,7848,6161,29795,33549,13103,75368,49524,-888888888,-888888888,236141,20631,337053,17531,101469,2112,211242,8340,24342,7079,333842,290242,39645,18712,20933,12032,8901,3955,338916,260649,252869,112601,140268,7780,78267,78267,41267,37000,86047,7780,423,7357,78267,6035,72232,78267,6695,40637,4803,251,24848,1033,311183,217142,94041,30963,35247,15346,29037,7007,24715,7562,5042,1048,338916,17947,4612,1605,1138,3826,33622,8335,1624,46593,1639,1814,40086,22144,812,2674,9682,1426,3582,4774,7916,1005,6494,4236,1117,1345,2818,1329,-888888888,-888888888,-888888888
2014,Prince William County; Virginia,134737,104407,57726,80974,44311,7449,4140,15984,9275,30330,23977,5701,63025,22580,3.15,3.58,424679,134737,81243,150314,37456,20929,7240,160788,53528,90706,3666,2006,10882,165183,44826,89308,5380,9312,16357,7656,1963,39,68,13,120,39,13615,3771,771,51,153,769,801,1430,3771,2323,2968,127774,7164,7968,53368,25532,33742,269324,13328,14669,58786,59560,20275,61239,41467,-888888888,-888888888,300549,41081,420411,28460,121805,3171,266870,15706,31736,9583,422017,360177,58678,25455,33223,18527,14696,3162,428772,335489,323442,149162,174280,12047,93283,93283,46522,46761,105330,12047,629,11418,93283,5131,88152,93283,5410,26995,11923,73,47934,948,394219,274485,119734,46636,70543,31216,20381,5119,16273,7024,12537,3277,428772,23925,4434,1122,1124,3028,32744,7996,2868,45417,1802,1304,40553,18325,656,2430,9360,1207,2550,3794,8020,1162,15646,3757,1140,1041,2393,4366,-888888888,-888888888,-888888888
2014,Southampton County; Virginia,6654,4892,1809,3602,1116,202,115,1088,578,1762,1504,694,2155,2063,2.51,2.95,16733,6654,3529,4998,1018,534,359,8073,2549,3907,300,275,1042,7331,1642,3770,301,826,792,197,104,55,51,0,137,6,361,263,80,51,175,100,30,53,263,178,172,4321,224,271,1576,1025,1225,13321,965,1838,4589,3032,930,1385,582,-888888888,-888888888,14679,1931,16985,2722,3629,190,10579,1369,2777,1163,18183,16450,1700,775,925,733,192,33,18364,18192,18180,13690,4490,12,172,172,85,87,184,12,0,12,172,3,169,172,20,39,6,0,107,0,17482,17197,285,32,141,14,96,18,22,0,26,0,18364,2534,2,21,38,172,1829,258,46,1034,7,56,1300,304,2,59,162,14,56,65,323,0,232,42,3,0,55,38,-888888888,-888888888,-888888888
2014,Highland County; Virginia,1067,720,135,609,99,27,13,84,23,347,301,174,187,553,2.12,2.55,2258,1067,604,402,112,73,39,992,183,640,20,24,125,1024,220,635,7,108,54,34,17,105,114,0,217,38,73,28,10,51,091,0,0,18,28,10,18,317,12,16,150,92,47,1806,157,198,750,279,71,231,120,-888888888,-888888888,1939,268,2258,389,319,15,1189,135,750,239,2221,2019,202,56,146,97,49,0,2258,2245,2237,1520,717,8,13,13,13,0,21,8,0,8,13,0,13,13,6,0,0,0,7,0,2191,2171,20,6,6,6,7,0,0,0,7,0,2258,382,0,73,0,17,218,116,6,572,0,33,208,18,0,8,9,0,8,240,42,7,0,8,66,7,33,0,-888888888,-888888888,-888888888
2014,Caroline County; Virginia,10728,8044,3048,5605,1933,713,249,1726,866,2684,2119,875,3697,3013,2.55,2.89,27380,10728,5588,7483,2127,1454,958,11488,3175,6220,418,505,1170,11897,3015,5879,216,1243,1544,317,172,52,47,20,89,18,931,494,27,51,033,158,57,252,494,257,321,6135,221,404,3118,1377,1015,19796,1124,2468,7280,4109,1000,2533,1282,-888888888,-888888888,21639,2953,27374,4010,6759,238,16651,2128,3964,1644,28752,24525,4215,1990,2225,1742,483,12,29057,28234,27901,18627,9274,333,823,823,543,280,1156,333,0,333,823,27,796,823,333,201,8,6,239,36,27160,25786,1374,427,759,127,370,112,192,135,53,53,29057,2995,40,44,85,436,2750,1194,123,3099,135,175,2188,1348,31,155,578,19,189,401,420,39,289,158,18,74,129,56,-888888888,-888888888,-888888888
2014,Gloucester County; Virginia,14074,10312,3913,8256,2980,534,250,1522,683,3762,3109,1382,4526,4179,2.60,3.03,36647,14074,8297,10141,2523,1612,728,15001,3785,9054,310,445,1407,15709,3541,8838,234,1314,1782,458,172,41,53,31,115,13,1101,252,75,51,073,65,38,74,252,155,198,8873,422,209,3543,2257,2442,26136,838,1644,8607,6273,2793,3808,2173,-888888888,-888888888,28580,4545,36108,4907,7789,306,22510,2518,5809,2083,36477,32730,3332,1677,1655,1041,614,415,36938,36203,35182,20389,14793,1021,735,735,531,204,1756,1021,57,964,735,35,700,735,404,153,10,0,145,23,35061,33936,1125,138,407,55,574,55,144,28,0,0,36938,4418,17,28,86,479,7056,764,309,5208,114,287,4634,1779,45,270,1155,242,176,757,1145,37,560,553,86,156,304,0,-888888888,-888888888,-888888888
2014,Patrick County; Virginia,7678,5034,1716,4031,1159,181,71,822,486,2644,2297,1076,1985,2814,2.36,2.96,18119,7678,4047,4794,1010,590,239,7599,1847,4107,223,406,1016,7966,1248,4259,262,1122,1075,99,32,19,28,0,56,18,392,210,0,51,141,77,5,128,210,88,133,3793,87,213,1805,800,888,13657,1097,1838,4974,2978,1236,1005,529,-888888888,-888888888,14883,1586,18144,3726,3482,187,10649,1991,4013,1548,18306,16308,1998,688,1310,1138,172,0,18365,18054,18027,11402,6625,27,311,311,22,289,338,27,0,27,311,39,272,311,73,2,27,0,209,0,17661,17239,422,126,261,105,129,17,12,0,20,4,18365,3597,4,18,0,81,1746,92,48,940,25,0,1511,112,0,87,75,0,0,136,329,0,4,46,7,27,83,0,-888888888,-888888888,-888888888
2014,Powhatan County; Virginia,9590,7696,2893,6301,2307,386,130,1009,456,1894,1650,737,3228,2809,2.64,2.93,25336,9590,6298,7201,1376,871,466,12805,4262,6874,339,311,1019,10818,2018,6658,277,833,1032,279,52,22,47,0,137,9,507,147,21,51,145,0,22,104,147,65,93,6168,348,297,2883,1607,1033,20100,784,1544,5863,4731,1542,3924,1712,-888888888,-888888888,22324,2241,25371,2220,5683,295,15755,1029,3933,896,27916,24709,3191,627,2564,2033,531,16,28193,27332,27000,17781,9219,332,861,861,567,294,1193,332,1,331,861,23,838,861,346,174,43,26,240,32,27024,26100,924,223,372,113,383,84,100,13,69,13,28193,4782,62,30,40,153,3897,618,184,3690,77,51,2790,821,90,180,521,0,366,729,857,19,44,92,13,88,158,76,-888888888,-888888888,-888888888
2014,Shenandoah County; Virginia,17246,11987,4511,9279,3000,1041,537,1667,974,5259,4512,2092,5112,5739,2.44,2.90,42082,17246,9233,11625,1957,2021,895,17014,4483,9927,399,408,1797,18009,3619,9740,245,2220,2185,634,228,54,70,36,129,32,669,296,31,51,171,19,159,87,296,165,240,9188,380,517,4225,2285,1781,30253,1929,2904,12099,5462,1859,3741,2259,-888888888,-888888888,33203,3500,42113,5561,9256,308,24816,2288,8041,2965,42149,35478,6598,3385,3213,1996,1217,73,42545,40548,40126,27536,12590,422,1997,1997,611,1386,2419,422,0,422,1997,113,1884,1997,237,290,11,0,1417,42,40165,37182,2983,1265,2281,1079,361,55,326,126,15,5,42545,8751,16,54,14,692,4904,699,159,10124,47,71,4749,1150,75,101,416,116,74,858,907,3,23,228,173,57,240,30,-888888888,-888888888,-888888888
2014,Fauquier County; Virginia,23162,17227,7238,14391,5803,898,398,1938,1037,5935,4858,1928,8063,6314,2.86,3.35,66324,23162,14364,21187,4882,2729,1052,26063,7074,15657,508,740,2084,27389,6321,15146,609,2358,2955,659,181,26,43,15,106,11,2116,568,143,51,061,92,146,187,568,328,510,17726,1172,1029,7454,4168,3903,45368,1516,2485,12560,9904,3361,9328,6214,-888888888,-888888888,50287,6475,66261,7252,16285,442,40669,3658,9307,3152,66084,59467,6449,2166,4283,3266,1017,168,66726,62770,61784,35181,26603,986,3956,3956,2051,1905,4942,986,37,949,3956,146,3810,3956,964,614,168,81,1996,133,62905,57925,4980,1537,3185,1111,1318,229,324,149,153,48,66726,5806,174,116,237,1264,10491,1785,470,12715,247,263,11072,4309,100,891,1544,160,243,1064,2159,184,914,932,287,151,764,66,-888888888,-888888888,-888888888
2014,Staunton city; Virginia,10503,5910,2247,4249,1303,341,166,1320,778,4593,3963,1855,2565,3516,2.17,2.87,22801,10503,4252,5859,955,1232,725,8692,2692,4461,109,364,1066,11594,3478,4430,345,1624,1717,258,80,20,41,0,73,22,472,259,0,51,790,19,34,206,259,152,218,5399,331,200,2065,871,1932,16952,797,1713,4985,3091,1033,3237,2096,-888888888,-888888888,19530,1547,23581,3873,4565,239,14445,1759,4571,1875,23876,19516,4287,1348,2939,2452,487,73,24132,23274,23155,16270,6885,119,858,858,334,524,977,119,0,119,858,141,717,858,260,236,48,0,260,54,22769,21887,882,242,391,64,373,118,102,60,16,0,24132,4172,51,14,73,336,2576,626,68,4248,59,91,2558,886,13,79,374,20,30,1014,650,0,114,331,67,23,284,50,-888888888,-888888888,-888888888
2014,Fluvanna County; Virginia,9787,7155,2585,5807,2002,416,211,932,372,2632,2235,883,2981,3026,2.52,2.96,24682,9787,5770,6891,1337,897,553,9407,2215,6043,151,291,707,11778,2846,6109,596,1038,1189,339,112,36,50,0,72,43,583,165,0,51,065,34,45,86,165,95,146,6001,475,367,2450,1328,1381,18492,874,1898,5012,3708,1520,3462,2018,-888888888,-888888888,20229,2213,24658,3140,5687,63,14701,1605,4270,1472,25635,22727,2895,937,1958,1569,389,13,25945,25265,24827,15492,9335,438,680,680,282,398,1118,438,0,438,680,0,680,680,268,93,17,0,241,61,24488,23619,869,363,514,216,264,108,70,39,21,0,25945,2600,55,20,158,315,4411,927,78,4207,9,111,3003,1239,56,159,629,65,195,376,451,24,85,122,53,61,98,24,-888888888,-888888888,-888888888
2014,Amelia County; Virginia,4761,3522,1215,2894,933,147,83,481,199,1239,1027,404,1385,1531,2.65,3.09,12623,4761,2903,3686,766,507,250,5156,1307,3001,83,160,605,5410,1295,3023,76,642,374,232,160,122,83,127,176,24,378,168,39,51,007,0,0,129,168,46,138,2493,186,167,1003,628,509,9086,623,1226,3107,2037,672,1041,380,-888888888,-888888888,10008,1035,12656,1828,2744,18,7855,1131,2057,679,12606,11800,789,261,528,372,156,17,12764,12645,12599,9360,3239,46,119,119,52,67,165,46,0,46,119,3,116,119,22,31,0,0,55,11,12064,11666,398,150,326,117,39,0,14,14,19,19,12764,1982,0,10,0,136,1879,185,23,1425,0,17,1280,450,0,17,145,0,5,68,131,0,156,13,203,7,110,0,-888888888,-888888888,-888888888
2014,Radford city; Virginia,5333,2451,1076,1659,570,163,87,629,419,2882,1766,517,1195,921,2.63,3.04,14005,5333,1629,2867,504,3672,241,7153,4581,1863,117,97,495,8021,4995,1890,87,467,582,76,18,3,12,0,10,39,218,130,0,51,750,94,0,36,130,61,100,9835,106,138,990,617,7984,6977,376,471,1483,1363,848,1395,1041,-888888888,-888888888,14626,712,16835,2038,2261,205,13271,1292,1303,541,16912,11116,5723,1486,4237,3670,567,73,16993,16318,16237,10680,5557,81,675,675,422,253,756,81,0,81,675,140,535,675,146,247,162,0,104,16,16492,15513,979,336,444,212,113,0,227,32,195,92,16993,1777,16,20,13,85,1494,456,93,2654,46,24,2307,776,24,168,310,10,161,455,286,0,355,69,54,0,197,102,-888888888,-888888888,-888888888
2014,Winchester city; Virginia,10692,6128,2732,4199,1653,514,270,1415,809,4564,3551,1277,3068,2812,2.44,3.16,26045,10692,4182,7200,1838,2133,938,10731,4275,4627,300,305,1224,11196,3228,4712,442,1076,1738,482,278,73,72,0,153,12,511,229,43,51,840,45,17,124,229,146,166,6753,227,348,2668,1380,2130,17755,1699,1273,5403,3117,1280,2812,2171,-888888888,-888888888,20803,1546,26757,3469,6117,131,16911,2010,3729,1328,26658,20812,5770,1640,4130,3328,802,76,27031,24001,23404,13340,10064,597,3030,3030,770,2260,3627,597,30,567,3030,220,2810,3030,380,397,0,0,2190,63,25194,20834,4360,2427,3396,2130,656,157,283,128,25,12,27031,3571,144,69,7,250,2955,331,137,4273,18,157,3028,1421,17,63,520,53,263,598,579,21,67,108,29,19,208,315,-888888888,-888888888,-888888888
2014,Accomack County; Virginia,14289,9346,3060,6768,1809,629,234,1949,1017,4943,4200,1866,3767,4789,2.25,2.75,32111,14289,6815,7403,2151,1453,617,13066,3694,7503,385,314,1170,14249,3315,7017,599,1960,1358,255,168,48,37,0,62,31,752,338,114,51,001,23,17,184,338,213,247,6210,369,321,3143,1326,1051,23796,1935,3117,9103,3806,1489,2489,1857,-888888888,-888888888,26096,3174,32749,3959,6942,219,19341,1921,6466,1819,32924,30607,2159,872,1287,263,1024,158,33165,30972,30756,18328,12428,216,2193,2193,390,1803,2409,216,13,203,2193,352,1841,2193,120,87,1,9,1897,79,31149,27912,3237,1878,2578,1620,579,220,76,38,4,0,33165,14689,11,16,58,155,3099,356,80,1917,47,131,1659,658,17,136,302,57,70,309,480,43,111,75,25,32,75,466,-888888888,-888888888,-888888888
2014,Craig County; Virginia,2151,1451,507,1165,337,109,77,177,93,700,606,352,603,714,2.41,2.98,5182,2151,1184,1265,417,165,58,1962,308,1210,30,0,414,2142,375,1260,11,239,257,46,33,73,41,0,108,0,149,3,0,51,045,0,0,3,3,3,0,1246,105,55,735,154,197,3791,235,152,1815,799,293,376,121,-888888888,-888888888,3979,568,5187,1039,1208,5,2996,516,983,518,5163,4841,322,210,112,111,1,0,5206,5186,5148,3917,1231,38,20,20,18,2,58,38,0,38,20,1,19,20,19,0,1,0,0,0,4939,4845,94,3,58,2,35,0,0,0,1,1,5206,1151,0,0,0,2,878,175,0,813,0,0,596,102,0,63,38,0,13,249,60,0,1,15,0,0,101,0,-888888888,-888888888,-888888888
2014,Floyd County; Virginia,6086,4048,1489,3535,1291,102,40,411,158,2038,1738,740,1599,2055,2.53,3.12,15373,6086,3533,4480,573,701,281,6360,1668,3542,36,147,967,6412,1082,3700,30,808,792,100,0,0,31,0,71,10,257,40,2,51,063,0,30,8,40,22,40,2856,99,153,1520,837,247,11258,858,981,4098,2513,928,1251,629,-888888888,-888888888,12238,1437,15375,2122,3214,99,9300,966,2861,1057,15306,14176,1072,399,673,393,280,58,15452,15090,15000,10585,4415,90,362,362,263,99,452,90,4,86,362,0,362,362,32,134,0,0,181,15,14665,14131,534,326,239,163,161,29,134,134,0,0,15452,2464,0,38,0,130,1150,487,0,2455,25,127,1184,546,25,0,145,34,130,478,492,12,3,22,60,0,60,2,-888888888,-888888888,-888888888
2014,Giles County; Virginia,7253,4992,1685,3632,1138,431,246,929,301,2261,1946,858,2031,2355,2.33,2.77,16876,7253,3614,4174,1062,773,514,6833,1829,3725,272,278,729,7320,1390,3701,273,1013,943,318,183,96,84,6,170,43,578,329,15,51,071,24,87,203,329,215,229,3399,46,217,1708,713,715,12110,932,1114,4653,2318,1035,1247,811,-888888888,-888888888,13500,1382,16892,3478,3518,239,10243,1758,3131,1481,16742,14393,2322,1443,879,427,452,27,17025,16717,16612,11587,5025,105,308,308,111,197,413,105,0,105,308,15,293,308,56,128,0,0,124,0,16122,15261,861,165,204,14,583,115,74,36,0,0,17025,5435,6,8,0,85,2051,338,17,2058,48,35,1871,283,23,21,236,12,31,354,336,16,8,40,57,0,83,0,-888888888,-888888888,-888888888
2014,Grayson County; Virginia,6686,4270,1489,3240,973,279,136,751,380,2416,2154,1058,1704,2415,2.25,2.79,15073,6686,3261,3552,809,765,308,6241,1395,3511,210,314,811,6791,1005,3602,310,946,928,146,55,42,46,0,108,14,269,163,16,51,077,13,35,99,163,101,144,2671,55,145,1271,707,493,11413,1375,1185,4452,2101,1064,923,313,-888888888,-888888888,12448,1137,15127,3027,2800,199,9022,1640,3305,1188,15139,13476,1660,1149,511,354,157,3,15255,15125,15062,10310,4752,63,130,130,30,100,193,63,0,63,130,1,129,130,13,0,0,0,111,6,14572,14148,424,67,370,65,54,2,0,0,0,0,15255,3327,20,0,0,141,1656,103,13,1226,0,22,1059,194,0,27,27,0,17,252,284,17,0,32,37,0,85,0,-888888888,-888888888,-888888888
2014,Nottoway County; Virginia,5640,3686,1425,2499,821,433,185,754,419,1954,1694,928,1923,1949,2.57,3.16,14510,5640,2536,3869,1570,895,249,6957,2736,2857,180,311,873,6110,1414,2788,261,895,752,148,92,56,48,11,102,17,506,195,0,51,135,60,24,111,195,136,149,3318,261,144,1479,829,605,11178,1284,1413,4333,2094,687,939,428,-888888888,-888888888,12462,1240,14722,2566,3194,200,8943,1340,2585,1026,15549,13155,2380,770,1610,1466,144,14,15756,15369,15228,12173,3055,141,387,387,72,315,528,141,0,141,387,1,386,387,34,40,18,0,285,10,14881,14160,721,274,485,234,152,9,42,27,42,4,15756,2424,0,0,38,508,1391,112,122,1631,216,4,971,262,0,43,37,0,0,124,199,0,74,53,59,1,76,10,-888888888,-888888888,-888888888
2014,Rappahannock County; Virginia,3281,2151,671,1893,554,140,93,118,24,1130,919,354,780,1219,2.26,2.78,7406,3281,1884,1661,277,303,216,3153,792,1972,17,77,295,3149,574,1967,0,300,308,63,33,59,44,0,158,0,89,22,0,51,157,0,22,0,22,11,22,1517,93,120,614,358,332,5578,373,516,1343,1251,310,990,795,-888888888,-888888888,6038,773,7413,918,1408,36,4386,395,1619,487,7397,6769,619,279,340,162,178,9,7446,7045,7010,3966,3044,35,401,401,187,214,436,35,0,35,401,19,382,401,129,43,17,17,149,46,7095,6683,412,258,258,226,115,5,39,27,0,0,7446,816,47,9,18,161,1973,277,41,1413,0,58,874,245,5,45,103,107,30,268,254,66,0,36,77,22,94,102,-888888888,-888888888,-888888888
2014,Charles City County; Virginia,2832,1883,514,1324,312,143,48,416,154,949,826,414,636,1035,2.53,3.13,7154,2832,1348,2053,601,320,126,3005,976,1415,82,142,390,3156,940,1382,76,452,306,61,37,39,40,0,88,20,154,47,7,51,036,5,8,27,47,34,27,1300,48,53,580,400,219,5431,446,886,2252,957,251,387,252,-888888888,-888888888,5931,690,7151,1131,1220,43,4561,591,1370,497,7101,6701,380,138,242,173,69,20,7154,7077,7030,5775,1255,47,77,77,49,28,124,47,0,47,77,2,75,77,31,29,0,0,6,11,6879,6734,145,21,93,2,23,6,24,13,5,0,7154,557,0,8,17,19,436,78,22,317,12,39,540,149,2,28,57,0,0,90,87,4,51,58,0,0,29,35,-888888888,-888888888,-888888888
2014,Culpeper County; Virginia,16436,12342,5622,9467,3875,893,486,1982,1261,4094,3323,1410,6466,4289,2.81,3.26,46211,16436,9432,14618,3807,1918,1114,18952,5523,10787,465,515,1662,18705,4461,10086,659,1433,2066,521,208,40,48,24,97,18,1420,407,106,51,047,180,62,59,407,185,273,11762,611,770,5664,2815,1902,31866,2129,2946,10831,6855,2287,4589,2229,-888888888,-888888888,35645,3812,46275,5027,12168,241,27999,2668,6108,2118,47383,41941,5321,2664,2657,1937,720,121,47910,44799,43989,29164,14825,810,3111,3111,1063,2048,3921,810,57,753,3111,134,2977,3111,539,559,207,0,1640,166,44743,41025,3718,1263,2686,865,521,212,308,162,203,24,47910,4115,159,75,0,469,8103,821,271,7831,371,210,6119,2425,42,183,736,98,107,542,1377,136,342,192,79,12,390,249,-888888888,-888888888,-888888888
2014,Dinwiddie County; Virginia,9956,7158,2957,5123,1838,447,184,1588,935,2798,2353,865,3311,2848,2.73,3.18,27140,9956,5083,8319,2212,1570,621,11308,4116,5634,288,298,972,11829,3675,5172,479,1276,1227,295,165,44,44,39,98,5,776,242,47,51,053,40,31,124,242,177,122,6212,282,411,2621,1396,1502,19544,1353,2371,7894,3765,1478,1735,948,-888888888,-888888888,21944,2566,27582,4771,5965,180,17412,2550,4205,2041,27800,25709,2082,790,1292,1084,208,9,27993,27372,27042,21083,5959,330,621,621,210,411,951,330,30,300,621,216,405,621,220,90,1,0,299,11,26509,25701,808,344,602,292,153,42,49,10,4,0,27993,3416,0,140,11,162,3734,547,127,1716,22,82,1575,822,0,89,232,12,37,251,961,15,151,40,47,225,97,98,-888888888,-888888888,-888888888
2014,Greene County; Virginia,6965,5082,2049,4005,1476,429,205,648,368,1883,1444,330,2287,1825,2.67,3.12,18602,6965,4033,5488,1248,868,609,7261,2002,4364,39,218,638,7545,1573,4329,148,567,928,99,8,4,24,0,55,3,596,132,4,51,079,76,16,36,132,68,119,4160,427,264,2057,927,485,12878,691,1550,4115,2462,907,2148,1005,-888888888,-888888888,14109,1794,18564,2320,4606,173,11375,1332,2583,815,18651,16638,1899,360,1539,876,663,114,18766,17931,17688,11382,6306,243,835,835,213,622,1078,243,0,243,835,97,738,835,49,160,50,24,538,14,17336,16444,892,655,569,513,118,8,193,129,12,5,18766,3679,15,46,14,437,3270,512,63,2606,139,74,2260,533,29,88,306,0,58,393,496,10,47,300,102,16,226,31,-888888888,-888888888,-888888888
2014,Hanover County; Virginia,37041,28193,11918,23238,9688,1450,727,3505,1503,8848,7208,3192,12944,10121,2.66,3.07,98584,37041,23244,30580,4655,3064,1420,39506,10688,24117,404,1105,3192,42071,8964,24507,512,3640,4448,999,143,14,43,3,96,22,1598,595,103,51,085,177,95,220,595,354,367,27168,1695,1198,11197,6621,6457,67945,1587,3561,18893,14162,5044,16095,8603,-888888888,-888888888,76657,7397,99845,9941,23797,832,61847,4538,14201,4571,99890,90156,9519,3707,5812,4167,1645,215,100689,97090,96171,67107,29064,919,3599,3599,2155,1444,4518,919,34,885,3599,236,3363,3599,997,996,107,36,1336,127,95715,91607,4108,1421,2036,772,977,242,971,341,124,66,100689,13124,520,466,90,1099,18613,2362,666,12926,492,573,11801,4199,156,1009,2045,141,486,2287,2892,274,1002,751,218,374,1044,225,-888888888,-888888888,-888888888
2014,Lunenburg County; Virginia,4634,3165,1092,2284,685,262,110,619,297,1469,1345,732,1321,1697,2.43,2.94,11269,4634,2270,3105,757,503,236,5698,2070,2579,178,197,674,4938,1105,2435,205,612,581,150,93,85,67,0,140,25,383,145,22,51,111,31,25,67,145,71,95,2708,160,155,1209,513,671,9221,924,1586,3218,1766,578,779,370,-888888888,-888888888,10260,1185,11275,2121,2392,206,6595,1009,2288,906,12580,11659,908,237,671,516,155,13,12667,12250,12191,9317,2874,59,417,417,181,236,476,59,0,59,417,21,396,417,23,87,17,0,290,0,12045,11462,583,266,426,220,102,42,8,0,47,4,12667,2243,40,0,0,111,1619,107,10,880,9,6,775,124,0,31,131,3,2,284,378,24,72,28,49,0,158,5,-888888888,-888888888,-888888888
2014,Orange County; Virginia,12433,9261,3537,7101,2353,644,389,1516,795,3172,2728,1217,3972,4275,2.71,3.15,33728,12433,7119,10097,2662,1417,524,13656,3736,7788,246,321,1565,14265,3149,7551,337,1730,1498,199,41,11,27,0,51,16,720,237,14,51,137,60,60,103,237,129,159,7543,550,508,3241,1827,1417,24043,1092,2173,8226,5317,1476,3524,2235,-888888888,-888888888,26530,3412,33724,4619,7657,537,19798,2156,6269,1926,34060,29548,4426,1124,3302,2632,670,86,34239,32475,31828,18733,13095,647,1764,1764,947,817,2411,647,27,620,1764,97,1667,1764,390,466,148,3,723,34,32181,30034,2147,708,955,429,885,113,152,115,155,51,34239,4004,244,20,63,434,6107,696,247,6689,56,79,4500,1250,80,170,855,0,104,468,729,197,244,227,53,0,153,212,-888888888,-888888888,-888888888
2014,Emporia city; Virginia,2420,1422,669,672,270,181,25,569,374,998,883,374,787,629,2.25,2.96,5453,2420,667,1657,458,251,135,2100,852,866,128,49,205,2524,907,806,89,468,254,63,54,67,48,0,103,5,179,104,7,51,595,31,26,40,104,78,44,1347,131,110,548,256,302,3843,542,619,1177,652,278,299,276,-888888888,-888888888,4424,337,5473,1140,1258,90,3420,606,795,444,5666,4733,884,288,596,450,146,49,5682,5554,5539,4292,1247,15,128,128,42,86,143,15,0,15,128,0,128,128,2,58,11,0,50,7,5323,5159,164,71,69,50,8,0,59,10,28,11,5682,313,0,26,0,0,441,42,0,152,0,12,240,18,0,6,45,0,0,43,27,8,50,76,0,0,2,18,-888888888,-888888888,-888888888
2014,Wythe County; Virginia,11984,7976,2858,6103,1874,584,316,1289,668,4008,3558,1703,3201,3820,2.42,2.99,28969,11984,6111,8055,1669,1150,729,11802,2945,6555,346,401,1555,12599,2425,6375,505,1605,1689,207,44,15,32,9,62,17,533,331,52,51,197,80,59,140,331,196,240,5856,197,287,2974,1392,1006,21122,1487,2257,7839,4137,2193,2079,1130,-888888888,-888888888,23206,2162,28988,5163,5989,229,17765,2514,5234,2420,29017,26474,2513,1646,867,563,304,30,29259,28973,28925,22608,6317,48,286,286,178,108,334,48,0,48,286,12,274,286,79,81,14,0,73,39,27806,27260,546,279,260,135,177,76,74,68,35,0,29259,5679,34,1,0,358,2094,295,28,3208,3,17,1866,261,0,100,63,23,68,686,467,19,25,142,116,2,95,0,-888888888,-888888888,-888888888
2014,Chesapeake city; Virginia,80388,60216,26980,43993,18565,3764,1706,12459,6709,20172,16796,5496,31125,18043,2.76,3.21,221916,80388,43967,72452,16733,8376,3394,87704,28713,47733,1991,1898,7369,93867,24430,47710,2947,7592,11188,3256,1321,46,57,22,108,23,7031,2580,518,51,550,608,459,995,2580,1504,1997,64216,3259,3493,26078,13821,17565,149636,3699,9837,40469,38237,13457,27746,16191,-888888888,-888888888,164827,26145,216510,21177,57129,2020,134612,10969,24769,8188,225082,193289,31008,9910,21098,13040,8058,785,228168,217363,213476,122308,91168,3887,10805,10805,6565,4240,14692,3887,203,3684,10805,940,9865,10805,1881,4777,701,46,3106,294,213662,198520,15142,4151,6761,1653,3715,834,3941,1495,725,169,228168,31098,657,589,370,1757,23323,4915,1080,24527,932,681,22240,9216,275,1076,4174,486,964,3265,4353,335,3286,1265,272,444,1070,936,-888888888,-888888888,-888888888
2014,Harrisonburg city; Virginia,15881,8048,3839,5802,2529,751,475,1495,835,7833,4181,1265,4157,2797,2.73,3.13,43412,15881,5771,9113,2245,10402,890,20299,12053,6370,353,299,1224,23671,14127,6229,523,1333,1459,519,153,11,28,3,46,14,597,173,37,51,660,5,0,131,173,90,169,24083,706,424,3502,1412,18039,23420,1870,1926,6347,3658,1270,4754,3595,-888888888,-888888888,42699,1560,50060,3358,8008,237,38397,1887,3655,1234,50380,33885,15926,4729,11197,8768,2429,569,50821,42953,41106,24682,16424,1847,7868,7868,2341,5527,9715,1847,270,1577,7868,982,6886,7868,938,2053,377,0,4420,80,48310,37235,11075,5579,7308,3934,2025,700,984,403,758,542,50821,10350,1151,128,61,312,3503,775,203,6520,121,226,3465,1813,98,255,1095,83,587,699,652,26,417,345,1038,326,293,47,-888888888,-888888888,-888888888
2014,Albemarle County; Virginia,38537,24670,10494,20454,8256,892,480,3324,1758,13867,11353,4072,11259,10827,2.45,3.05,94302,38537,20470,25720,4456,5119,1800,39714,13910,21862,682,912,2348,44304,13453,21576,563,4099,4613,1207,250,18,48,6,97,20,1458,573,230,51,003,30,115,198,573,311,434,30930,1763,1171,9940,4832,13224,67953,2662,3153,12601,10202,3940,17608,17787,-888888888,-888888888,79836,6583,100334,9706,21615,636,63765,4616,14954,4454,100757,83137,16542,5336,11206,6876,4330,1078,101883,91736,90130,46945,43185,1606,10147,10147,4267,5880,11753,1606,99,1507,10147,1074,9073,10147,2316,3862,732,41,2848,348,96217,85176,11041,3990,4181,1837,3533,930,2553,1066,774,157,101883,16264,632,415,577,1447,14719,2273,527,13296,645,328,10626,5731,314,1162,3089,184,1212,2549,3338,230,886,1268,437,203,991,340,-888888888,-888888888,-888888888
2014,Bedford County; Virginia,30122,21338,7757,17539,5648,1109,538,2690,1571,8784,7449,3231,8657,9473,2.49,2.97,75053,30122,17507,20712,3920,2792,1339,30774,7752,18695,488,1024,2815,31957,6322,18162,691,3302,3480,964,429,57,60,17,151,12,1761,607,49,51,019,212,177,169,607,368,481,17764,947,818,7475,4174,4350,54142,2364,4015,17666,11614,4232,9262,4989,-888888888,-888888888,59494,6999,75109,10079,16012,744,45624,5129,13473,4206,74936,67948,6788,2654,4134,3263,871,200,75607,74101,73486,48858,24628,615,1506,1506,732,774,2121,615,25,590,1506,42,1464,1506,451,606,36,9,355,49,72077,69638,2439,740,1069,320,739,177,576,226,55,17,75607,13809,80,103,139,915,11602,1219,232,9621,115,250,9335,2293,99,361,866,33,239,1780,1964,560,209,515,204,55,650,112,-888888888,-888888888,-888888888
2014,Buckingham County; Virginia,5802,4107,1506,2865,884,294,188,948,434,1695,1465,603,1708,1920,2.48,2.92,14389,5802,2848,4367,668,704,379,8099,3403,3312,290,268,826,6284,1663,3180,205,695,541,127,51,32,39,0,95,0,303,110,0,51,029,17,12,81,110,75,81,3454,237,199,1466,872,680,12381,1593,1748,5017,1987,654,998,384,-888888888,-888888888,13780,1158,14410,2547,3248,158,8601,1272,2561,1117,16941,15344,1586,770,816,741,75,11,17072,16766,16671,13330,3341,95,306,306,88,218,401,95,0,95,306,18,288,306,63,52,29,0,147,15,16136,15559,577,177,322,94,123,12,35,24,97,47,17072,2400,11,0,13,57,1594,255,19,1020,58,20,751,278,11,7,134,0,7,381,163,0,170,24,6,8,92,53,-888888888,-888888888,-888888888
2014,Wise County; Virginia,15517,10465,3892,7865,2695,645,249,1955,948,5052,4249,1740,4697,4522,2.44,2.94,37892,15517,7822,10150,2375,2028,900,17673,6125,8688,620,476,1764,16318,3622,7939,754,2232,1771,348,118,27,39,0,87,8,1156,794,73,51,195,226,126,369,794,490,623,9009,401,670,3540,2085,2313,28296,3488,3958,9491,5751,1975,2293,1340,-888888888,-888888888,32482,2884,38704,9183,8338,371,24532,5664,5834,3148,40432,35190,5196,2821,2375,1361,1014,46,40872,40237,40103,30093,10010,134,635,635,305,330,769,134,0,134,635,62,573,635,103,149,81,0,281,21,38667,37710,957,348,518,230,297,82,63,14,79,22,40872,7635,106,37,3,476,4107,768,38,3704,47,112,5505,605,2,99,119,32,33,1387,1130,23,34,89,20,7,280,74,-888888888,-888888888,-888888888
2014,Covington city; Virginia,2468,1410,623,1014,398,79,43,317,182,1058,988,474,750,819,2.34,3.06,5787,2468,1013,1557,335,414,89,2482,794,1102,70,112,404,2322,469,1076,73,379,325,58,5,8,49,0,199,0,184,100,21,51,580,0,18,61,100,71,23,1242,42,7,672,291,230,3992,165,543,1639,883,403,239,120,-888888888,-888888888,4488,586,5713,1156,1291,76,3376,663,1046,417,5773,4691,1072,154,918,594,324,10,5853,5774,5760,4495,1265,14,79,79,50,29,93,14,0,14,79,0,79,79,0,27,8,0,44,0,5539,5388,151,0,118,0,6,0,21,0,6,0,5853,1344,8,0,7,119,201,70,0,733,60,72,531,191,0,26,0,0,6,105,37,0,8,0,7,0,10,0,-888888888,-888888888,-888888888
2014,Portsmouth city; Virginia,36764,23674,9839,13659,4640,2007,821,8008,4378,13090,11160,3746,11641,9726,2.52,3.18,92751,36764,13709,28267,9519,4492,1799,36403,14539,15465,1207,1156,4036,40280,12990,14805,1875,4375,6235,1498,687,47,63,46,98,26,2669,1092,201,51,740,178,123,590,1092,685,623,25264,2001,996,9657,4750,7860,63228,3235,7752,18393,16646,4891,8073,4238,-888888888,-888888888,70782,11468,91804,13125,22440,907,56659,7028,12705,5190,94485,76589,17645,9279,8366,5999,2367,251,96007,93471,92655,62542,30113,816,2536,2536,1245,1291,3352,816,61,755,2536,350,2186,2536,352,852,335,41,895,61,88790,84323,4467,979,2244,480,1235,190,818,309,170,0,96007,10524,105,216,65,576,5876,1231,269,5315,151,120,6470,1850,84,380,995,101,211,741,1341,105,1765,406,123,170,744,547,-888888888,-888888888,-888888888
2014,Virginia Beach city; Virginia,165296,114020,53176,84548,36030,6475,3324,22997,13822,51276,39497,13283,59064,36491,2.63,3.14,435012,165296,84497,131824,27719,25676,9365,174507,60831,91765,3945,3766,14200,184570,48663,91505,6013,13689,24700,6574,1613,28,57,16,99,24,10342,3756,754,51,810,821,659,1522,3756,2397,2592,119503,6933,5401,46346,22853,37970,294652,5618,13691,66939,80111,29591,64342,34360,-888888888,-888888888,319836,61658,421128,41715,104035,4125,267408,21114,49685,16476,439273,360268,75482,39215,36267,16592,19675,3523,445623,406070,394916,177232,217684,11154,39553,39553,23711,15842,50707,11154,688,10466,39553,2794,36759,39553,6643,20853,2080,170,8908,899,415876,366529,49347,15033,18287,5104,10501,2134,18714,7276,1845,519,445623,60720,1461,1334,1103,5125,40991,11090,2600,57631,2694,1872,49754,27002,815,3268,12152,1704,3221,6388,10546,868,32198,3446,568,1067,3704,4128,-888888888,-888888888,-888888888
2014,Alleghany County; Virginia,6714,4374,1407,3485,1043,328,128,561,236,2340,2015,1130,1659,2603,2.36,2.91,15836,6714,3477,4046,848,751,401,6577,1656,3751,44,358,768,6998,1267,3651,240,1024,816,257,131,85,79,36,151,42,410,230,3,51,005,75,14,138,230,117,169,3181,118,220,1579,711,553,11836,688,1181,4352,2694,919,1210,792,-888888888,-888888888,12911,1318,15854,2977,3177,129,9196,1440,3481,1408,15972,14365,1597,837,760,522,238,10,16133,15881,15790,11809,3981,91,252,252,75,177,343,91,0,91,252,10,242,252,74,46,16,5,111,0,15432,14977,455,190,260,123,144,25,42,42,9,0,16133,3807,7,16,22,101,1814,270,63,2418,51,0,1966,463,0,26,75,18,9,438,275,0,44,29,53,0,158,13,-888888888,-888888888,-888888888
2014,Galax city; Virginia,2968,1724,653,1132,352,135,57,457,244,1244,1121,399,740,887,2.24,2.91,6638,2968,1152,1803,344,371,282,2675,938,1139,111,120,367,3095,913,1255,43,344,540,46,36,37,29,19,54,9,63,39,0,51,640,0,0,39,39,39,0,1470,94,17,690,432,237,4996,535,751,1623,1082,386,448,171,-888888888,-888888888,5422,509,6721,1277,1559,99,3924,629,1238,549,6940,6217,712,207,505,453,52,11,6981,6316,6287,4252,2035,29,665,665,56,609,694,29,0,29,665,11,654,665,33,15,9,0,608,0,6560,5757,803,584,733,581,42,3,0,0,28,0,6981,1092,0,0,0,138,401,41,0,620,0,0,560,151,0,0,0,0,0,319,70,10,0,13,0,0,71,0,-888888888,-888888888,-888888888
2014,Westmoreland County; Virginia,6981,4384,1187,3206,704,329,180,849,303,2597,2250,954,1540,2661,2.49,3.14,17397,6981,3185,4529,1676,1026,515,6966,2130,3475,150,358,853,7719,2024,3374,146,1140,1035,172,116,56,48,36,94,9,764,236,9,51,193,0,20,207,236,110,207,3451,164,140,1694,546,907,12852,1094,1538,4934,2475,695,1219,897,-888888888,-888888888,14139,1762,17460,2880,3373,227,10261,1307,3826,1346,17401,15929,1423,400,1023,717,306,49,17518,16884,16847,10566,6281,37,634,634,245,389,671,37,0,37,634,15,619,634,100,17,15,0,502,0,16595,16005,590,419,494,374,41,22,40,8,15,15,17518,1251,0,18,12,91,3172,255,22,2213,15,47,1971,416,23,58,403,0,59,319,313,7,56,70,24,22,80,18,-888888888,-888888888,-888888888
2014,Northumberland County; Virginia,5669,3862,1093,3132,700,129,58,601,335,1807,1596,819,1333,2812,2.17,2.64,12306,5669,3126,2351,854,306,196,5166,1194,3338,74,163,397,5594,1124,3122,82,754,512,156,119,110,76,147,144,13,383,159,0,51,133,35,18,106,159,101,152,1948,85,90,832,562,379,9727,461,900,3102,2411,556,1518,779,-888888888,-888888888,10339,1496,12306,1915,1981,96,6359,612,3966,1207,12209,11664,545,101,444,268,176,0,12320,11967,11845,7360,4485,122,353,353,190,163,475,122,0,122,353,9,344,353,105,8,113,0,127,0,11844,11546,298,88,88,29,115,8,6,6,89,45,12320,909,2,34,41,202,2579,460,55,1754,65,54,1165,453,15,49,139,53,19,210,296,6,161,113,46,0,97,0,-888888888,-888888888,-888888888
2014,Pulaski County; Virginia,15125,10171,3186,7515,2025,733,387,1923,774,4954,4245,1758,3892,4897,2.23,2.68,33756,15125,7450,7945,1688,1548,879,14521,3728,7963,391,568,1871,14766,2644,7813,476,1914,1919,465,157,48,65,82,145,5,917,619,148,51,155,129,105,237,619,370,413,6784,307,401,2839,1535,1702,25592,1665,2764,8334,5774,2855,2841,1359,-888888888,-888888888,28064,3077,33731,5927,6522,151,20616,3180,6593,2596,34304,30417,3803,2074,1729,1500,229,84,34630,34269,34124,27288,6836,145,361,361,143,218,506,145,0,145,361,0,361,361,78,117,29,0,135,2,32941,32330,611,206,382,119,168,56,61,31,0,0,34630,7552,8,55,62,586,3383,430,9,4131,43,55,3484,523,21,49,121,0,15,768,533,14,24,86,47,52,244,12,-888888888,-888888888,-888888888
2014,Warren County; Virginia,14324,10138,4592,7510,3126,855,371,1773,1095,4186,3410,1377,4977,3669,2.61,3.09,37391,14324,7498,11470,2173,1926,1079,15289,4770,8062,265,531,1661,15460,3822,7657,496,1647,1838,527,197,45,60,41,87,45,868,210,34,51,187,51,72,53,210,129,114,8899,430,582,3910,1917,2060,26074,1251,2488,10096,5051,2062,3416,1710,-888888888,-888888888,29260,3577,37788,4651,8850,478,23901,2552,5037,1621,37605,33496,4066,1960,2106,1421,685,43,38142,36776,36442,22874,13568,334,1366,1366,755,611,1700,334,0,334,1366,22,1344,1366,255,301,81,24,603,102,35896,34130,1766,606,1114,441,359,56,161,70,132,39,38142,4559,228,178,191,504,5887,1043,193,8108,197,211,5752,1782,42,204,526,83,186,576,1015,68,86,388,66,24,543,74,-888888888,-888888888,-888888888
2014,Danville city; Virginia,18520,11031,4139,6256,1681,882,356,3893,2102,7489,6655,2735,5066,5935,2.22,2.87,41124,18520,6252,10759,3651,1942,879,15625,5802,6821,714,559,1729,19249,5570,6623,1338,2881,2837,434,239,41,45,37,78,14,1246,700,90,51,590,116,87,407,700,450,516,10455,646,555,4016,1998,3240,29264,2338,3880,8373,6753,2882,3147,1891,-888888888,-888888888,33382,3989,41597,8178,9309,708,24672,4370,7616,3100,42292,34794,7385,3883,3502,2179,1323,113,42704,41272,40880,30872,10008,392,1432,1432,556,876,1824,392,43,349,1432,100,1332,1432,218,267,203,23,690,31,39899,37879,2020,698,1211,461,551,152,162,85,96,0,42704,6065,29,161,3,349,3139,237,0,2087,76,58,2907,509,12,28,196,16,38,450,421,8,397,60,6,23,104,339,-888888888,-888888888,-888888888
2014,Fredericksburg city; Virginia,9849,5440,2729,3326,1434,342,113,1772,1182,4409,3512,817,2991,1898,2.44,3.17,24025,9849,3330,6742,1727,2377,637,9836,4463,3859,277,274,963,12097,5703,3558,495,922,1419,411,203,33,47,7,66,33,414,72,11,51,630,56,5,0,72,47,43,8547,232,305,2373,780,4857,15482,384,958,4227,3290,785,3293,2545,-888888888,-888888888,21141,2089,26407,2641,5342,208,18455,1574,2610,859,26229,18241,7771,1720,6051,4681,1370,217,26632,24409,23402,12365,11037,1007,2223,2223,916,1307,3230,1007,141,866,2223,231,1992,2223,279,465,175,0,1253,51,24750,21717,3033,1160,1995,758,578,126,326,215,134,61,26632,1788,266,84,29,223,2104,675,112,2788,65,149,3222,1545,16,137,601,95,83,484,586,39,280,209,0,98,153,161,-888888888,-888888888,-888888888
2014,Amherst County; Virginia,12577,8459,3057,6235,1931,456,250,1768,876,4118,3605,1492,3411,4065,2.47,3.02,31040,12577,6234,8976,1915,1338,703,12609,4124,6481,278,433,1293,14291,3980,6662,474,1626,1549,347,76,18,46,2,107,13,613,252,58,51,009,62,22,110,252,138,228,7430,419,377,2844,1859,1931,22365,1470,2818,7797,4557,1624,2827,1272,-888888888,-888888888,25600,2443,31954,4609,6621,319,19737,2177,5596,2113,31985,28725,3185,1579,1606,1076,530,75,32237,31706,31561,24418,7143,145,531,531,242,289,676,145,7,138,531,47,484,531,61,185,18,7,199,61,30528,29496,1032,433,582,288,275,73,120,47,55,25,32237,4500,22,137,87,395,4850,598,94,3224,80,11,2743,728,30,59,380,41,120,958,848,51,247,224,123,6,199,72,-888888888,-888888888,-888888888
2014,Bath County; Virginia,2225,1343,504,1136,350,78,69,129,85,882,793,351,540,839,2.04,2.63,4545,2225,1090,964,138,128,101,1874,269,1138,65,83,319,2032,248,1269,58,197,260,74,0,0,85,0,280,0,43,26,0,51,017,0,0,26,26,13,26,719,0,33,354,223,109,3620,234,220,1513,797,140,455,261,-888888888,-888888888,3778,480,4586,719,866,0,2583,229,1137,490,4557,4089,468,125,343,286,57,0,4644,4420,4410,3390,1020,10,224,224,107,117,234,10,0,10,224,18,206,224,0,0,0,0,224,0,4370,4303,67,31,67,31,0,0,0,0,0,0,4644,1153,0,0,0,0,536,26,17,579,0,0,758,74,0,0,12,12,0,515,44,0,12,54,0,1,17,253,-888888888,-888888888,-888888888
2014,Hopewell city; Virginia,8774,5449,2383,2881,893,569,224,1999,1266,3325,2943,1146,2903,2502,2.53,3.23,22158,8774,2915,6897,2317,1255,597,8037,3239,3300,264,274,960,9507,3304,3273,306,1265,1359,324,144,41,60,11,122,0,577,223,20,51,670,100,35,68,223,153,128,4830,376,321,2313,1090,730,14838,756,2182,5899,3338,1047,1047,569,-888888888,-888888888,16673,1969,22099,3573,5639,320,13197,1782,3263,1471,22042,19402,2640,1413,1227,869,358,0,22375,21289,20802,15444,5358,487,1086,1086,383,703,1573,487,0,487,1086,63,1023,1086,270,234,69,0,469,44,20651,19153,1498,564,950,394,161,27,169,84,218,59,22375,3078,114,41,4,90,1963,251,56,1415,13,0,1381,353,0,36,163,18,10,282,212,112,201,38,0,0,64,58,-888888888,-888888888,-888888888
2014,Newport News city; Virginia,68987,42998,19930,27079,10682,3612,1881,12307,7367,25989,21704,6165,22699,15100,2.51,3.14,172979,68987,27066,53349,11498,12079,4014,69172,27804,30594,2195,1765,6814,75604,25689,29517,3137,6555,10706,2590,1093,38,54,23,89,19,4026,1787,307,51,700,364,233,883,1787,1138,1193,51661,3340,2966,18257,8988,18110,114288,4307,8482,32106,31149,10717,17136,10391,-888888888,-888888888,130332,21969,172025,20725,43018,2038,109368,11425,19639,7262,179007,136741,40813,19279,21534,11392,10142,1453,181362,167431,161677,85814,75863,5754,13931,13931,6311,7620,19685,5754,164,5590,13931,1452,12479,13931,2195,4535,1138,35,5799,229,167840,149346,18494,7673,9740,4364,3986,1258,3595,1649,1173,402,181362,11278,838,480,222,1541,15014,2929,860,17710,748,398,14588,6381,232,949,2910,397,1141,2232,3401,299,2710,1281,290,168,1288,1903,-888888888,-888888888,-888888888
2014,Frederick County; Virginia,29184,21681,9418,17741,7268,1169,596,2771,1554,7503,5644,2292,10426,7580,2.71,3.12,79211,29184,17796,24338,3916,3977,1919,31695,8739,18356,616,841,3143,32648,6709,19024,687,2678,3550,1122,268,32,59,17,121,27,1715,714,112,51,069,53,181,368,714,428,576,19935,1134,1043,8748,4922,4088,54620,2888,4515,16506,11261,4044,9608,5798,-888888888,-888888888,60847,7416,79318,9113,19360,632,48866,4895,11092,3586,79266,69012,10009,5050,4959,3396,1563,245,80377,75720,74766,42192,32574,954,4657,4657,1883,2774,5611,954,2,952,4657,154,4503,4657,393,1099,151,15,2852,147,75594,69549,6045,2557,4526,1979,656,171,691,327,172,80,80377,12488,360,257,122,1307,10878,1676,393,18255,156,311,11094,4086,190,620,1344,255,426,996,1957,183,304,679,76,62,759,150,-888888888,-888888888,-888888888
2014,Lynchburg city; Virginia,28424,16199,7402,10837,4442,969,462,4393,2498,12225,9868,3641,8311,7610,2.38,3.06,67661,28424,10883,19181,3350,5823,1016,29805,14787,11576,624,641,2177,34889,14844,11945,956,3262,3882,1308,345,22,59,3,104,12,1118,443,101,51,680,19,70,253,443,311,310,29066,1165,724,6697,3545,16935,43722,2112,3435,11184,9630,3250,8694,5417,-888888888,-888888888,62153,5241,76098,9370,15220,749,50911,5114,9967,3507,76442,56719,19209,8242,10967,6602,4365,514,77626,73670,72915,45882,27033,755,3956,3956,1353,2603,4711,755,123,632,3956,838,3118,3956,352,1834,591,10,843,326,72899,67685,5214,1237,1772,437,1458,262,1490,528,494,10,77626,6570,89,208,148,1198,11508,1580,384,9567,122,211,8084,3256,159,486,797,144,264,1958,1681,82,1119,565,150,118,662,608,-888888888,-888888888,-888888888
2014,York County; Virginia,23970,18741,8499,15240,6528,670,316,2831,1655,5229,4362,1774,9075,6017,2.71,3.08,64919,23970,15292,20846,2850,1961,672,25768,7015,16160,494,445,1654,26886,5682,15932,413,2104,2755,856,133,20,55,5,122,24,999,391,118,51,199,99,54,120,391,222,303,18990,1152,856,7474,4634,4874,43351,889,1711,8399,9434,4702,9933,8283,-888888888,-888888888,46377,9552,62693,6026,16428,537,37582,3028,8683,2461,65107,54171,9947,2599,7348,3565,3783,989,65808,60782,58775,25543,33232,2007,5026,5026,3003,2023,7033,2007,68,1939,5026,644,4382,5026,1202,2358,365,36,932,133,62202,56137,6065,2036,1839,508,1971,560,2008,915,247,53,65808,6100,292,123,181,633,8845,1530,502,11524,312,414,8037,3488,211,613,1971,356,711,1274,1612,153,539,617,216,201,373,282,-888888888,-888888888,-888888888
2014,Martinsville city; Virginia,5974,3315,1348,1894,577,241,131,1180,640,2659,2471,990,1719,1987,2.23,3.05,13317,5974,1870,3742,1197,534,299,4883,1464,2207,144,132,936,6260,1979,1947,324,917,1093,222,156,71,72,84,152,5,503,261,3,51,690,77,45,136,261,145,210,3337,186,400,1156,696,899,9559,863,1283,2839,2110,874,955,635,-888888888,-888888888,10631,954,13341,2768,3096,120,7705,1528,2540,1120,13570,11558,2005,718,1287,1100,187,7,13745,13259,13248,9639,3609,11,486,486,181,305,497,11,0,11,486,30,456,486,70,29,77,0,303,7,12814,12075,739,175,538,90,118,34,10,0,73,51,13745,1729,16,0,9,57,1538,195,0,865,43,13,784,108,0,51,83,0,23,165,194,0,185,7,11,0,76,21,-888888888,-888888888,-888888888
2014,Nelson County; Virginia,6381,4046,1464,2958,936,247,42,841,486,2335,1917,993,1730,2374,2.31,2.86,14767,6381,2951,3419,1153,863,342,6038,1591,3243,46,159,999,6541,1273,3324,142,787,1015,118,64,47,40,86,76,0,421,103,43,51,125,17,0,43,103,58,86,2906,164,212,1452,662,416,10946,894,939,3672,1741,531,1716,1453,-888888888,-888888888,11919,1253,14835,2158,2973,55,8682,1001,3180,1102,14758,13469,1238,600,638,445,193,51,14892,14304,14214,10159,4055,90,588,588,279,309,678,90,0,90,588,43,545,588,276,72,19,0,157,64,14255,13833,422,139,200,56,140,30,82,53,0,0,14892,3096,9,20,45,217,2239,574,38,1775,95,36,1177,472,16,39,175,0,97,508,444,0,0,101,82,9,73,0,-888888888,-888888888,-888888888
2014,Pittsylvania County; Virginia,26029,18209,6437,13629,4372,1221,465,3359,1600,7820,6996,2977,7436,8441,2.38,2.86,61972,26029,13595,16181,4143,2024,1120,25685,7069,14435,635,764,2782,26837,5569,14021,979,3140,3128,537,285,44,40,60,83,6,1525,825,154,51,143,81,108,482,825,501,682,14419,920,986,5886,3280,3347,45476,3607,5389,16094,10116,3901,4305,2064,-888888888,-888888888,50086,5218,62089,10927,12822,851,37700,5618,11567,4458,62435,56307,6082,2812,3270,2582,688,46,62955,61560,61298,48917,12381,262,1395,1395,656,739,1657,262,35,227,1395,62,1333,1395,220,287,0,7,877,4,60054,58098,1956,814,1275,717,363,60,270,32,48,5,62955,13561,37,39,38,262,6389,713,64,4093,128,85,5022,818,51,240,455,25,19,709,681,15,237,88,104,13,253,27,-888888888,-888888888,-888888888
2014,Buena Vista city; Virginia,2741,1789,946,1292,640,211,150,286,156,952,872,477,1023,894,2.27,2.75,6221,2741,1265,1669,203,343,296,2616,905,1252,35,92,332,2931,868,1447,17,296,303,247,169,190,150,39,296,25,140,99,0,51,530,0,25,74,99,52,73,1829,160,101,561,283,724,4172,478,486,1580,713,333,299,283,-888888888,-888888888,5298,341,6607,1112,1385,57,4160,584,1062,471,6530,5342,1174,564,610,311,299,14,6683,6631,6601,4573,2028,30,52,52,18,34,82,30,0,30,52,30,22,52,9,7,0,0,23,13,6301,6090,211,49,93,23,91,14,27,12,0,0,6683,1569,0,0,68,81,1082,105,8,744,62,11,740,170,17,56,68,0,0,220,146,0,5,68,7,0,13,0,-888888888,-888888888,-888888888
2014,Falls Church city; Virginia,4966,3135,1668,2496,1292,125,64,514,312,1831,1597,415,1707,1042,2.63,3.38,13037,4966,2524,4399,538,610,206,4879,1873,2598,90,76,242,5476,1809,2738,133,260,536,86,2,1,26,0,53,10,156,44,0,51,610,8,17,19,44,17,44,3872,334,255,1387,669,1227,8744,99,183,777,856,263,2748,3818,-888888888,-888888888,9696,758,12996,877,3301,51,8307,398,1388,428,12962,10358,1790,207,1583,642,941,814,13074,10736,10410,3187,7223,326,2338,2338,1259,1079,2664,326,42,284,2338,217,2121,2338,531,840,198,25,404,340,12175,9249,2926,771,1078,268,1119,249,663,254,66,0,13074,873,34,28,32,186,2153,220,79,2002,202,51,1505,684,169,259,472,0,585,246,665,47,143,232,82,79,111,0,-888888888,-888888888,-888888888
2014,Petersburg city; Virginia,12515,7197,2598,3556,738,466,177,3175,1683,5318,4402,1608,3265,3432,2.52,3.29,31582,12515,3573,9348,3558,2588,779,12109,6101,3945,488,350,1225,14608,6596,4043,599,1792,1578,368,337,56,46,6,86,11,1075,447,58,51,730,166,28,195,447,327,248,6322,260,325,2566,1532,1639,22015,2029,3234,7368,4971,1141,2095,1177,-888888888,-888888888,25241,2913,31528,6430,6829,488,20081,4058,4618,1884,31973,25957,5795,3205,2590,1863,727,221,32439,31265,30739,23518,7221,526,1174,1174,401,773,1700,526,100,426,1174,16,1158,1174,164,268,21,0,721,0,29903,28101,1802,696,1031,509,525,49,232,128,14,10,32439,1087,22,15,0,52,1463,164,21,1214,26,12,754,222,0,67,104,14,43,188,116,3,559,20,16,78,77,205,-888888888,-888888888,-888888888
2014,Poquoson city; Virginia,4627,3507,1407,2881,1059,158,41,468,307,1120,970,457,1511,1392,2.60,3.03,12045,4627,2871,3825,436,286,141,4879,1324,2894,33,170,458,5038,868,3081,98,450,541,80,15,14,30,19,87,5,239,16,0,51,735,16,0,0,16,9,16,3303,163,65,1553,833,689,8363,274,336,2093,2065,604,1727,1264,-888888888,-888888888,9202,1237,11915,1281,2764,25,7178,573,1973,683,12005,10604,1360,414,946,615,331,41,12103,11584,11348,6881,4467,236,519,519,426,93,755,236,0,236,519,0,519,519,143,266,24,5,81,0,11656,10973,683,173,267,36,163,10,215,127,38,0,12103,1623,63,62,10,297,2337,472,61,1863,86,26,1377,713,0,110,295,25,49,478,307,31,24,79,13,30,55,0,-888888888,-888888888,-888888888
2014,Fairfax city; Virginia,8480,5580,2254,4400,1750,359,190,821,314,2900,1844,750,2509,2241,2.71,3.16,22973,8480,4389,6230,1448,2426,542,9398,3549,4943,140,121,645,9943,2835,4838,200,895,1175,281,35,11,49,0,80,34,409,112,0,51,600,26,0,86,112,63,102,6363,453,198,1999,1294,2419,16327,557,791,2527,2779,935,4984,3754,-888888888,-888888888,18360,1797,23027,1776,5082,114,14851,871,3094,791,23152,19343,3400,722,2678,2151,527,409,23507,17631,17142,7040,10102,489,5876,5876,2920,2956,6365,489,60,429,5876,671,5205,5876,442,3055,250,22,2056,51,21806,14807,6999,2874,3027,1269,1567,503,1960,912,445,190,23507,924,461,180,53,316,2550,290,110,3138,64,151,3108,1314,97,193,583,233,210,312,516,157,584,144,39,104,278,137,-888888888,-888888888,-888888888
2014,Waynesboro city; Virginia,8878,5589,2442,3714,1390,378,203,1497,849,3289,2857,1393,2709,2848,2.37,2.90,21009,8878,3783,5638,1217,1493,658,7646,2349,4058,213,341,685,9208,2224,4002,510,1117,1355,324,127,46,63,0,102,34,417,200,32,51,820,62,21,85,200,125,148,4714,346,241,2182,1056,889,14347,757,1456,5498,2928,978,1689,1041,-888888888,-888888888,16082,1743,21020,3192,5057,276,12364,1696,3599,1220,20863,17474,3384,1169,2215,1597,618,5,21177,20308,20078,14510,5568,230,869,869,482,387,1099,230,8,222,869,58,811,869,162,140,35,0,471,61,19701,18417,1284,475,849,288,348,146,57,35,30,6,21177,4210,19,32,10,242,2864,615,72,3227,74,29,2040,707,0,84,175,46,50,795,474,25,22,163,62,0,107,108,-888888888,-888888888,-888888888
2014,Roanoke city; Virginia,42549,23787,9652,14534,4874,2053,913,7200,3865,18762,15916,5420,11156,10672,2.25,2.96,95849,42549,14494,25382,6696,6728,2685,37587,14271,16278,983,1194,4861,41999,13321,15345,1221,4667,7445,1587,789,54,67,62,113,19,1931,1110,172,51,770,410,217,311,1110,758,746,21267,1394,1369,9022,4222,5260,68034,4464,6918,20586,14367,5311,10273,6115,-888888888,-888888888,76396,7562,96633,16151,21432,1490,61591,9273,13610,5388,96440,78089,18009,10139,7870,5499,2371,342,97949,90772,89913,64369,25544,859,7177,7177,1482,5695,8036,859,195,664,7177,1280,5897,7177,411,2133,1178,0,3273,182,90849,82313,8536,4466,4020,2056,1980,736,1225,874,1311,800,97949,11721,494,71,185,1230,10238,1710,249,10415,241,153,9434,2010,114,441,1224,65,356,2879,1443,40,2080,521,126,112,590,1259,-888888888,-888888888,-888888888
2014,Suffolk city; Virginia,30798,22600,10015,16052,6566,1309,618,5239,2831,8198,6968,2447,11518,7565,2.75,3.25,84547,30798,16084,27809,6897,2959,1333,31973,9728,17326,806,705,3408,35271,9785,16853,1468,3467,3698,1112,463,44,52,30,107,16,2761,1263,161,51,800,280,204,618,1263,741,1028,24773,1582,1449,10038,4769,6935,56441,2383,4922,15764,13390,5245,9076,5661,-888888888,-888888888,62073,10721,83045,9231,21775,1030,51069,4750,10201,3451,84322,73126,10857,4883,5974,3930,2044,339,85477,82690,81300,52670,28630,1390,2787,2787,1753,1034,4177,1390,101,1289,2787,190,2597,2787,486,837,340,14,1020,90,79778,76237,3541,866,1758,323,956,108,519,247,308,188,85477,9475,73,206,96,798,8695,1844,303,7869,192,59,6262,2526,118,538,789,150,263,988,1538,5,2365,353,122,184,297,1019,-888888888,-888888888,-888888888
2014,Norfolk city; Virginia,86397,50026,23405,29635,11923,4665,2168,15726,9314,36371,28159,7807,27063,17435,2.56,3.28,221023,86397,29639,64691,19641,20655,5086,105299,53194,36415,3384,2160,10146,96148,38629,32586,4192,8057,12684,4203,1717,42,66,32,101,24,6172,2663,321,51,710,613,579,1150,2663,1790,1746,68689,4038,3126,21202,9350,30973,147486,5265,14531,39640,39473,10829,22522,15226,-888888888,-888888888,172299,28221,219814,27527,50199,2592,146827,15532,22788,9403,241052,186230,53263,26051,27212,15832,11380,1559,244745,228042,223470,120902,102568,4572,16703,16703,8058,8645,21275,4572,251,4321,16703,1657,15046,16703,2056,6797,1698,223,5622,307,227889,204805,23084,7804,11426,4120,4473,1059,5562,2084,1623,541,244745,20953,1385,392,343,1847,15912,4553,933,21163,980,751,19605,8623,309,1137,3520,592,1539,2697,3968,289,7092,1139,155,357,916,2402,-888888888,-888888888,-888888888
2014,Chesterfield County; Virginia,115005,83117,38395,64374,27911,4671,2531,14072,7953,31888,27038,9054,42207,26534,2.78,3.29,320144,115005,64299,105806,20401,14633,5696,122402,38917,68614,2478,2541,9852,135822,36891,68154,3655,10346,16776,3792,1034,24,46,6,100,19,6994,2823,569,51,041,712,399,1143,2823,1774,2055,91961,5597,4782,37206,20206,24170,213589,7168,13110,51173,47189,16756,49762,28431,-888888888,-888888888,241603,26715,321365,30803,80995,2961,203049,16181,37321,11661,320801,283519,35821,17566,18255,11686,6569,1461,324337,298454,293302,177314,115988,5152,25883,25883,12623,13260,31035,5152,108,5044,25883,1898,23985,25883,3378,8524,1636,82,11886,377,304850,271247,33603,13406,18527,8694,6658,1484,6607,2957,1811,271,324337,28525,2065,1108,633,2674,41158,6322,1447,37975,947,1361,30733,14467,355,2071,6240,505,1450,5863,7101,675,3280,2724,625,503,2048,2097,-888888888,-888888888,-888888888
2014,Fairfax County; Virginia,391794,278935,135698,226522,110425,15856,6369,36557,18904,112859,88588,25456,144611,84252,2.83,3.34,1108298,391794,226455,346096,80634,63319,15710,437987,145367,253247,6567,7328,25478,455040,124937,248949,8970,28037,44147,15470,2484,19,55,7,88,39,22383,5000,1104,51,059,1349,638,1909,5000,2866,3747,304901,21974,15167,117591,62959,87210,759095,34722,27060,100084,106717,40799,232803,216910,-888888888,-888888888,837670,82116,1103843,70534,268819,5630,717452,33588,117572,31316,1102884,944548,140715,73888,66827,28606,38221,17621,1117072,783975,756047,295493,460554,27928,333097,333097,169959,163138,361025,27928,1945,25983,333097,25459,307638,333097,25230,170587,30817,1384,102006,3073,1041789,651626,390163,151152,137549,60749,91272,24981,120981,53236,40361,12186,1117072,53965,26288,4358,3642,10684,98490,23118,5566,128648,7385,5760,115617,56583,3343,10170,29692,2861,15794,14932,25214,3629,34595,9719,3640,4512,7811,4311,-888888888,-888888888,-888888888
2014,Isle of Wight County; Virginia,13519,10251,3947,8388,2913,487,229,1376,805,3268,2719,1242,4433,3914,2.61,2.99,35254,13519,8379,10144,1887,1325,712,14239,3528,8794,298,412,1207,15143,3072,8601,482,1475,1513,271,101,28,35,0,73,21,785,323,93,51,093,17,85,128,323,194,300,8480,354,466,3468,2105,2087,25178,1282,2166,7135,5876,2142,4226,2351,-888888888,-888888888,27552,4044,35054,4309,7698,251,21817,2259,5539,1799,35132,31833,3133,1246,1887,1343,544,166,35518,34680,34278,22323,11955,402,838,838,399,439,1240,402,0,402,838,34,804,838,185,265,0,0,319,69,33828,32613,1215,529,648,355,283,119,284,55,0,0,35518,4857,107,182,89,419,4250,652,207,4281,212,150,3488,1217,35,225,742,104,165,587,902,29,519,226,61,101,301,93,-888888888,-888888888,-888888888
2014,Franklin city; Virginia,3580,2412,1074,1303,568,73,0,1036,506,1168,1066,421,1203,1088,2.35,2.83,8399,3580,1268,2586,563,402,273,2890,732,1481,145,158,374,3820,1539,1233,50,494,504,120,103,69,59,0,106,36,123,58,36,51,620,0,0,22,58,48,20,2462,194,138,1053,396,681,5605,425,803,1464,1505,296,786,326,-888888888,-888888888,6356,928,8384,1169,2152,5,4871,571,1361,593,8448,6311,2129,1117,1012,777,235,8,8534,8229,8147,6308,1839,82,305,305,146,159,387,82,0,82,305,0,305,305,95,73,0,0,137,0,7929,7727,202,0,46,0,100,0,56,0,0,0,8534,1071,0,0,12,124,847,122,0,287,8,88,588,112,67,0,14,0,0,44,255,0,597,12,0,0,15,372,-888888888,-888888888,-888888888
2014,Lexington city; Virginia,1727,857,354,697,244,0,0,160,110,870,713,396,375,637,2.09,2.80,3614,1727,670,805,67,345,30,4088,3268,730,30,30,30,2486,1266,717,18,341,144,25,0,0,16,0,0,71,35,0,0,51,678,0,0,0,0,0,0,4519,102,57,287,242,3831,2389,282,147,506,315,69,594,476,-888888888,-888888888,6286,282,5761,600,703,47,4260,182,798,371,7099,5820,1186,143,1043,490,553,93,7114,6892,6821,3585,3236,71,222,222,141,81,293,71,4,67,222,45,177,222,35,157,2,0,28,0,6896,6452,444,120,99,29,137,29,192,62,16,0,7114,630,36,24,8,83,1107,294,25,1348,19,38,997,715,0,28,201,24,25,360,531,0,2,56,51,33,94,0,-888888888,-888888888,-888888888
2014,Henry County; Virginia,22472,15037,5374,10937,3403,1007,435,3093,1536,7435,6753,2991,6030,7822,2.33,2.88,52370,22472,10970,13919,3350,1659,892,20922,5487,11359,690,803,2583,23249,4725,11536,652,3016,3320,673,197,34,59,19,151,5,1155,497,35,51,089,85,89,288,497,305,397,11212,461,734,4670,2779,2568,38348,3179,5322,13020,8344,4067,2951,1465,-888888888,-888888888,42217,4116,52382,9828,10677,512,30930,5280,10775,4036,52450,46207,6238,3605,2633,1667,966,5,52960,51309,51192,37610,13582,117,1651,1651,524,1127,1768,117,0,117,1651,32,1619,1651,143,254,11,6,1234,3,50212,47447,2765,1532,2287,1326,260,59,204,147,14,0,52960,12699,0,22,38,462,4714,460,84,3102,30,92,3809,532,6,70,213,0,51,692,744,29,75,68,60,6,259,9,-888888888,-888888888,-888888888
2014,King William County; Virginia,6147,4689,2164,3655,1643,288,153,746,368,1458,1201,501,2517,1495,2.60,2.98,15979,6147,3617,4467,1190,558,372,6207,1478,3925,163,107,534,6590,1252,3708,210,547,873,231,81,54,61,0,145,8,530,316,46,51,101,73,81,116,316,140,253,3932,259,185,1893,814,781,11083,494,704,4552,2557,662,1335,779,-888888888,-888888888,12173,1152,15987,1720,3872,176,10036,914,2079,630,15875,14620,1219,355,864,715,149,36,16045,15741,15600,12411,3189,141,304,304,250,54,445,141,0,141,304,0,304,304,115,114,21,0,23,31,15082,14639,443,112,157,89,221,16,26,7,39,0,16045,1821,13,76,20,202,3335,358,81,1532,20,45,1978,580,0,79,293,0,30,189,351,10,1138,39,17,5,94,0,-888888888,-888888888,-888888888
2014,Louisa County; Virginia,12811,9288,3254,7441,2312,615,308,1232,634,3523,2875,1131,3691,3755,2.62,3.06,33593,12811,7411,9204,2559,1608,757,13591,3549,7794,330,653,1265,14173,3323,7800,454,1294,1302,275,58,17,37,6,82,8,1037,450,107,51,109,112,86,145,450,240,359,6836,369,319,3336,1578,1234,24165,1478,2708,9392,4461,1495,2980,1651,-888888888,-888888888,26572,3000,33650,4797,7165,403,21137,2478,5348,1916,33392,30084,3267,1517,1750,1220,530,41,33743,32674,32415,21560,10855,259,1069,1069,428,641,1328,259,43,216,1069,36,1033,1069,311,181,15,29,379,154,31816,30420,1396,501,748,332,490,63,143,106,15,0,33743,4691,43,62,73,426,4838,670,103,4907,59,116,4248,966,61,111,464,84,438,386,628,51,59,140,12,64,321,176,-888888888,-888888888,-888888888
2014,Prince Edward County; Virginia,7604,4911,1946,3371,1096,337,185,1203,665,2693,2126,812,2295,2342,2.45,2.97,18622,7604,3410,4735,1528,1345,372,9855,4875,3674,300,177,829,10142,4467,3690,196,1065,724,491,334,73,76,31,134,44,501,202,57,51,147,35,0,110,202,107,129,8476,188,184,1890,938,5276,12951,997,1707,4479,2278,585,1443,1462,-888888888,-888888888,19302,1466,22519,3179,3831,283,15473,1678,3215,1218,22876,19032,3793,915,2878,2204,674,51,23140,22609,22464,16109,6355,145,531,531,316,215,676,145,0,145,531,66,465,531,49,211,0,0,220,51,22177,21333,844,272,635,260,122,12,84,0,3,0,23140,4113,120,45,24,225,2266,283,68,2399,16,12,1377,837,16,82,413,22,87,223,500,9,44,116,194,27,158,22,-888888888,-888888888,-888888888
2014,Rockingham County; Virginia,29483,21342,8129,17227,6226,1176,451,2939,1452,8141,6719,3149,9139,9180,2.57,3.03,75713,29483,17170,22114,4092,2854,1723,30217,8305,17951,508,882,2571,32427,7130,18114,557,3264,3362,884,299,37,50,49,92,15,1637,756,98,51,165,331,13,314,756,443,559,18502,1169,762,8295,4065,4211,52273,4565,5086,19151,8287,2781,7613,4790,-888888888,-888888888,59462,4967,76963,9638,17860,568,46244,4512,12859,4558,76572,68913,7482,3877,3605,2809,796,177,77345,73658,73103,54258,18845,555,3687,3687,1059,2628,4242,555,21,534,3687,262,3425,3687,576,647,78,17,2284,85,72819,66654,6165,2440,3870,1812,2000,526,164,60,131,42,77345,17974,289,81,160,893,7316,1399,168,16930,112,80,5605,1582,55,421,673,5,550,1804,1195,84,106,389,1026,490,329,81,-888888888,-888888888,-888888888
2014,Surry County; Virginia,2652,1895,679,1347,410,151,97,397,172,757,627,267,842,925,2.60,3.10,6885,2652,1327,2050,597,259,164,2837,844,1502,59,37,395,2976,876,1392,97,284,327,89,67,80,60,13,172,0,258,98,32,51,181,4,0,62,98,63,83,1529,129,81,584,400,335,4927,344,702,1509,1182,265,687,238,-888888888,-888888888,5534,599,6878,1071,1344,62,4328,598,1206,411,6804,6264,540,153,387,253,134,0,6885,6805,6805,5529,1276,0,80,80,65,15,80,0,0,0,80,0,80,80,30,49,0,0,1,0,6557,6462,95,2,40,2,2,0,51,0,2,0,6885,495,0,26,3,12,1051,37,24,531,0,0,513,202,6,30,68,0,5,64,74,53,111,12,0,0,23,1,-888888888,-888888888,-888888888
2014,Clarke County; Virginia,5619,3812,1341,3113,980,110,65,589,296,1807,1420,590,1689,1760,2.50,3.04,14025,5619,3173,3736,863,634,266,5677,1515,3305,113,121,623,6126,1399,3210,102,676,739,141,84,54,47,120,49,15,527,131,81,51,043,13,6,31,131,72,129,3243,211,96,1458,912,566,10136,287,771,2737,2274,803,2000,1264,-888888888,-888888888,11139,1495,14054,1520,3112,144,8503,738,2439,638,14170,13112,1058,135,923,684,239,0,14273,13634,13470,7102,6368,164,639,639,357,282,803,164,0,164,639,15,624,639,290,120,18,0,203,8,13495,12476,1019,128,441,82,431,18,101,8,46,20,14273,1893,110,141,109,311,2934,314,72,3343,65,59,2273,611,51,75,181,9,71,333,424,39,3,171,0,61,104,25,-888888888,-888888888,-888888888
2014,Mecklenburg County; Virginia,12857,8057,2692,5760,1623,460,189,1837,880,4800,4418,2262,3217,5005,2.36,3.03,30320,12857,5804,8176,2371,1112,436,12955,3976,6397,498,639,1445,13932,3515,6112,549,2245,1511,283,185,54,45,9,93,22,855,453,127,51,117,130,61,135,453,327,294,6185,232,326,2841,1620,1166,23377,1920,3132,7925,5174,1680,2084,1462,-888888888,-888888888,25730,2806,30557,5796,6179,398,17678,2909,6700,2489,31641,29117,2464,1201,1263,787,476,60,31913,31030,30781,22149,8632,249,883,883,373,510,1132,249,0,249,883,149,734,883,196,284,46,0,354,3,30465,29363,1102,366,611,191,277,123,159,52,55,0,31913,6576,49,42,32,169,3198,292,84,1935,12,103,1710,696,8,213,155,3,45,413,269,10,175,65,16,5,77,83,-888888888,-888888888,-888888888
2014,Augusta County; Virginia,28124,20654,7403,16825,5561,1214,530,2615,1312,7470,6426,2752,8448,9144,2.49,2.93,69996,28124,16823,19078,3886,2085,1204,31129,8792,17747,543,1026,3021,30397,5680,17882,643,3177,3015,820,221,33,53,4,117,22,1859,760,172,51,015,127,125,336,760,475,598,14871,826,872,6762,3743,2668,53094,2603,4971,21737,9298,3226,7321,3938,-888888888,-888888888,58528,6279,69948,9193,14917,548,42275,4803,12756,3842,72949,66198,6577,3428,3149,2514,635,174,73707,72445,71953,53816,18137,492,1262,1262,496,766,1754,492,39,453,1262,67,1195,1262,282,283,6,12,619,60,70288,68317,1971,676,1173,461,577,174,145,41,76,0,73707,16022,99,45,70,1235,7588,1192,99,14135,159,181,6885,1503,190,407,599,17,163,2984,1718,64,67,492,268,71,255,74,-888888888,-888888888,-888888888
2014,Goochland County; Virginia,8212,6467,2073,5654,1694,229,99,584,280,1745,1590,514,2293,2555,2.43,2.78,19989,8212,5662,5125,700,290,177,8965,2222,5848,125,141,629,9229,1770,5907,97,604,851,218,24,12,49,0,102,34,428,257,37,51,075,49,51,120,257,154,209,4502,247,251,1744,1218,1042,16160,546,1134,4373,2734,1182,3800,2391,-888888888,-888888888,17350,1717,19996,2020,4180,85,12096,976,3720,959,21500,19997,1470,432,1038,832,206,33,21627,20979,20836,13693,7143,143,648,648,423,225,791,143,29,114,648,30,618,648,234,141,82,7,102,82,20732,19796,936,259,425,151,362,55,53,14,96,39,21627,1880,113,70,49,82,3656,597,89,2637,81,93,2417,662,69,117,647,3,184,427,598,0,108,81,38,0,306,10,-888888888,-888888888,-888888888
2014,Madison County; Virginia,5093,3624,1238,2846,945,178,100,600,193,1469,1125,519,1395,1734,2.55,3.01,12994,5093,2813,3671,803,614,414,5259,1457,3068,87,155,492,5626,1363,2911,139,641,572,104,36,26,37,0,82,19,188,69,0,51,113,0,1,68,69,54,68,2878,56,130,1362,802,528,9347,548,1219,3255,1676,489,1336,824,-888888888,-888888888,10362,1111,13049,1546,2846,33,7733,663,2470,850,13054,11236,1781,831,950,843,107,37,13208,12957,12928,8903,4025,29,251,251,210,41,280,29,0,29,251,11,240,251,136,74,5,0,18,18,12516,12322,194,94,27,13,81,36,81,40,5,5,13208,1804,0,14,18,209,3251,232,48,1981,0,17,1526,333,53,0,93,39,30,358,204,18,44,51,35,18,30,15,-888888888,-888888888,-888888888
2014,Roanoke County; Virginia,38197,25573,10031,20333,7513,1513,829,3727,1689,12624,11077,4717,11114,12124,2.38,2.96,91089,38197,20284,24789,4929,2890,1523,36350,8972,21963,609,1202,3604,40847,8446,21338,765,4845,5453,1084,255,26,53,10,99,32,1540,651,111,51,161,59,194,287,651,381,466,22429,1251,1062,9397,5194,5525,66435,1989,3765,17652,14117,6335,15014,7563,-888888888,-888888888,73278,8492,91646,10282,19774,798,55551,4533,16321,4951,92276,80168,11869,4266,7603,5462,2141,239,93194,88682,87931,60039,27892,751,4512,4512,2223,2289,5263,751,0,751,4512,361,4151,4512,879,2079,303,120,981,150,88653,82936,5717,2209,1783,596,2329,873,1133,511,472,229,93194,15484,283,163,146,1215,14019,2152,361,14125,435,265,11640,3017,128,435,1262,71,323,2452,1868,210,689,679,293,13,613,212,-888888888,-888888888,-888888888
2014,Brunswick County; Virginia,5865,3999,1256,2636,724,296,145,1067,387,1866,1680,817,1760,2196,2.53,3.10,14854,5865,2642,3991,1758,598,221,7574,3261,3037,303,217,756,6868,2086,2816,235,1022,709,136,52,25,39,24,74,15,826,470,83,51,025,97,75,215,470,283,273,3705,247,163,1499,831,965,12105,1443,1842,4087,2161,960,979,633,-888888888,-888888888,13827,1016,15254,2676,3133,150,9192,1284,2929,1242,16851,15173,1670,759,911,785,126,8,16961,16741,16674,12745,3929,67,220,220,121,99,287,67,0,67,220,4,216,220,26,23,4,0,136,31,16192,15723,469,169,283,128,131,41,9,0,46,0,16961,1522,12,14,11,18,1025,133,3,842,9,0,700,156,0,35,3,14,19,202,223,0,71,83,3,0,102,73,-888888888,-888888888,-888888888
2014,Northampton County; Virginia,5237,3039,950,2210,599,153,70,676,281,2198,1889,952,1205,2121,2.28,3.01,11917,5237,2225,2635,1239,581,222,4695,1423,2301,95,381,495,5496,1347,2525,213,892,519,141,90,72,59,69,108,16,377,84,10,51,131,9,3,62,84,72,25,2055,176,98,1005,436,340,9090,849,1049,3162,1642,534,1247,607,-888888888,-888888888,9808,1169,11954,1538,2400,29,6769,556,2785,953,12100,11134,961,427,534,371,163,5,12254,11418,11310,8213,3097,108,836,836,259,577,944,108,0,108,836,26,810,836,67,82,2,0,646,39,11494,10547,947,482,786,401,88,41,63,34,10,6,12254,6455,0,2,4,50,939,86,19,683,72,17,519,146,5,43,64,17,10,90,93,0,85,16,4,66,25,26,-888888888,-888888888,-888888888
2014,Rockbridge County; Virginia,9226,6235,1858,5142,1384,385,173,708,301,2991,2433,1349,2241,3498,2.40,2.89,22162,9226,5110,5192,1506,1128,513,9364,2466,5457,66,286,1089,9680,1717,5336,183,1247,1197,262,65,34,59,39,93,38,732,262,78,51,163,132,17,35,262,132,244,4025,313,152,1920,843,797,16625,1091,1480,6171,3130,846,2180,1727,-888888888,-888888888,18305,2304,22187,3833,4023,122,13196,1849,4968,1862,22108,19447,2633,1383,1250,772,478,28,22367,21904,21614,15607,6007,290,463,463,307,156,753,290,0,290,463,70,393,463,167,121,46,0,129,0,21331,20591,740,267,347,157,276,71,115,37,2,2,22367,5063,26,52,91,201,2933,247,44,3700,49,34,2420,521,0,48,183,41,94,1215,287,0,79,71,76,0,76,17,-888888888,-888888888,-888888888
2014,Norton city; Virginia,1655,885,325,480,181,77,17,328,127,770,618,151,390,411,2.39,3.36,3962,1655,508,1212,372,215,108,1253,421,585,35,49,163,2076,607,575,127,267,500,31,15,17,23,0,66,0,231,132,55,51,720,0,77,0,132,118,26,983,41,0,401,265,276,2663,294,264,577,717,266,389,156,-888888888,-888888888,3194,246,3962,582,821,16,2672,356,469,210,3999,3408,591,122,469,323,146,0,4015,3924,3924,2821,1103,0,91,91,11,80,91,0,0,0,91,0,91,91,11,0,0,0,80,0,3840,3702,138,71,111,71,27,0,0,0,0,0,4015,724,0,0,0,2,220,28,17,350,0,319,588,71,0,0,38,10,11,83,148,0,0,0,0,0,6,0,-888888888,-888888888,-888888888
2014,Colonial Heights city; Virginia,7025,4554,1850,3118,1148,395,200,1041,502,2471,2007,1023,2176,2391,2.47,3.04,17353,7025,3066,5083,1122,1057,490,6409,1961,3531,155,300,462,7762,1852,3437,187,1104,1182,134,20,10,34,0,78,11,478,209,0,51,570,94,28,87,209,122,143,4033,117,290,1797,928,901,12033,581,963,4417,2941,778,1505,848,-888888888,-888888888,13385,1928,17291,2552,4006,165,9997,1179,3288,1208,17383,15633,1737,567,1170,721,449,13,17542,16559,16064,10365,5699,495,983,983,609,374,1478,495,24,471,983,61,922,983,194,502,56,0,222,9,16440,15112,1328,658,553,263,304,103,362,188,109,104,17542,2345,135,43,19,164,3147,487,26,1876,59,45,1495,612,9,59,134,31,13,462,463,0,267,63,0,18,77,63,-888888888,-888888888,-888888888
2014,Bland County; Virginia,2591,1775,661,1387,516,104,16,284,129,816,751,360,692,873,2.24,2.74,5799,2591,1405,1502,182,119,61,3278,969,1546,196,133,434,2559,436,1516,77,363,167,92,12,23,70,0,181,10,56,19,11,51,021,0,0,8,19,19,0,1196,49,59,518,383,187,5166,454,432,1963,1128,456,508,225,-888888888,-888888888,5596,668,5797,1186,1129,71,3465,596,1203,519,6640,5923,717,166,551,464,87,0,6727,6644,6634,3819,2815,10,83,83,75,8,93,10,0,10,83,0,83,83,50,16,0,0,17,0,6468,6426,42,5,5,5,37,0,0,0,0,0,6727,1334,7,0,13,88,596,109,9,985,10,38,935,240,0,22,29,0,51,174,98,6,1,48,0,0,0,36,-888888888,-888888888,-888888888
2014,Botetourt County; Virginia,12867,10041,3323,8637,2791,373,113,1031,419,2826,2388,1139,3799,4080,2.55,2.91,32779,12867,8651,9292,1221,748,471,13478,2970,8863,179,368,1098,13998,2300,8889,235,1304,1270,247,17,7,37,17,105,5,688,333,15,51,023,110,107,101,333,255,221,7571,576,355,3374,1905,1361,23818,744,1349,8346,5264,2067,4253,1795,-888888888,-888888888,26079,2902,32794,4457,6985,148,19772,2059,6037,2250,32884,30533,2351,749,1602,1258,344,0,33105,32333,32143,22803,9340,190,772,772,566,206,962,190,0,190,772,4,768,772,430,165,10,0,115,52,31636,30961,675,184,357,103,242,72,0,0,76,9,33105,7228,355,131,17,309,4584,506,42,5478,121,93,3720,737,29,117,449,5,104,1377,780,115,3,162,25,39,170,9,-888888888,-888888888,-888888888
2014,Bristol city; Virginia,7764,5004,2114,3133,911,463,372,1408,831,2760,2351,1227,2301,2555,2.21,2.71,17151,7764,3078,4581,911,817,573,6683,1999,3335,298,337,714,7892,1954,3332,292,1097,1217,140,43,18,35,35,68,0,400,176,71,51,520,43,40,22,176,113,121,3900,227,261,1573,835,1004,12435,838,1540,4224,2417,882,1723,811,-888888888,-888888888,13971,1189,17412,3621,3594,157,10492,1771,3326,1693,17441,13461,3951,1437,2514,1315,1199,29,17595,17311,17248,7839,9409,63,284,284,30,254,347,63,0,63,284,64,220,284,69,146,7,0,62,0,16676,16153,523,80,302,37,70,0,133,43,18,0,17595,3439,0,20,90,292,3221,292,22,2502,26,31,2116,208,0,23,91,5,23,565,385,13,7,48,34,0,157,14,-888888888,-888888888,-888888888
2014,Williamsburg city; Virginia,4365,2213,835,1620,457,153,74,440,304,2152,1745,661,869,1393,2.32,2.93,10144,4365,1626,1988,659,1506,150,5962,3663,1705,131,118,345,7154,4141,1770,212,429,602,59,39,9,12,0,16,17,26,18,0,51,830,0,0,18,18,18,18,6985,103,51,669,290,5872,7128,323,252,1360,1185,541,1801,1666,-888888888,-888888888,12813,1052,14245,1030,1543,28,10697,541,2005,461,14245,8497,5352,1993,3359,2309,1050,396,14401,12945,12710,5700,7010,235,1456,1456,326,1130,1691,235,0,235,1456,469,987,1456,468,454,123,0,385,26,13954,12296,1658,615,620,342,594,82,329,170,115,21,14401,729,118,85,128,156,2060,473,93,2423,341,66,1699,1151,68,234,493,24,247,337,481,24,88,178,35,173,237,89,-888888888,-888888888,-888888888
2014,Carroll County; Virginia,12508,8532,2883,6626,1915,627,362,1279,606,3976,3572,1801,3221,4292,2.37,2.91,29657,12508,6704,7920,1714,811,550,12370,3086,7092,250,466,1476,12730,1974,7037,645,1556,1518,296,135,55,49,25,87,31,482,195,30,51,035,67,38,60,195,132,135,6015,254,246,2768,1433,1314,21917,1739,3130,7594,4316,2297,2017,824,-888888888,-888888888,23987,2178,29723,5781,5857,234,17790,3208,6076,2339,29655,27253,2398,1344,1054,805,249,4,29881,29320,29183,19391,9792,137,561,561,154,407,698,137,24,113,561,11,550,561,37,20,1,0,485,18,28560,27668,892,394,779,383,111,11,0,0,2,0,29881,5545,39,7,0,248,3060,216,71,2612,39,19,2563,558,0,0,67,8,0,521,548,0,18,64,105,16,51,0,-888888888,-888888888,-888888888
2014,Washington County; Virginia,22842,15408,5764,12088,4084,931,452,2389,1228,7434,6444,2784,6410,7437,2.33,2.85,53330,22842,12048,13741,2785,1914,943,22595,5601,13004,634,832,2524,23454,4575,12508,586,3092,2693,583,167,30,49,45,97,16,1251,475,112,51,191,68,170,125,475,275,364,11742,615,547,5087,2476,3017,39667,2887,3601,13013,7257,3584,5771,3554,-888888888,-888888888,44192,4361,54327,9673,10621,274,33398,5507,10308,3892,54202,46655,7363,3397,3966,2072,1894,184,54833,54059,53837,32823,21014,222,774,774,372,402,996,222,0,222,774,122,652,774,146,141,114,17,334,22,52245,51035,1210,285,482,103,386,60,142,73,200,49,54833,12396,238,98,7,513,9286,697,28,6382,52,112,5947,1094,13,144,400,29,63,2468,1389,42,135,271,94,33,242,1,-888888888,-888888888,-888888888
2014,Page County; Virginia,9526,6771,2388,5014,1543,569,336,1188,509,2755,2270,1056,2721,3081,2.49,2.87,23713,9526,5027,6079,1555,1526,753,9751,2830,5132,276,318,1195,10135,1927,5414,319,1198,1277,329,120,47,62,40,136,13,490,220,25,51,139,70,105,20,220,130,156,4814,239,254,2268,1274,779,17124,1767,2438,7048,2955,794,1350,772,-888888888,-888888888,18968,1831,23721,4060,4933,163,14386,2068,4402,1829,23700,21399,2289,1485,804,566,238,12,23905,23529,23403,18653,4750,126,376,376,201,175,502,126,0,126,376,3,373,376,109,121,16,0,111,19,22656,22061,595,127,339,47,154,45,84,35,18,0,23905,3637,17,47,32,269,3571,208,35,4392,73,10,1969,434,11,150,298,0,9,537,505,12,20,125,164,15,225,0,-888888888,-888888888,-888888888
2014,Alexandria city; Virginia,65916,31353,13528,23616,9424,2366,1013,5371,3091,34563,28174,5029,14546,10375,2.20,3.08,144962,65916,23662,31344,10165,13875,4714,59291,24249,27472,1196,747,5627,64524,24704,26573,1627,3454,8166,2764,490,20,63,31,84,42,1819,557,122,51,510,74,134,227,557,410,333,29831,2288,1471,9073,4391,12608,111478,4666,4990,13302,15248,4660,34063,34549,-888888888,-888888888,118733,9813,143392,8739,25601,669,104190,4604,13601,3466,143720,112373,27108,8559,18549,8935,9614,4239,146422,107449,104206,32831,71375,3243,38973,38973,14776,24197,42216,3243,377,2866,38973,5405,33568,38973,2940,9711,11642,195,13977,508,135633,93506,42127,15465,17939,8369,8825,2226,4209,1527,11154,3343,146422,6945,3577,799,618,1728,13662,2950,702,17517,857,443,16293,7357,533,1217,3864,346,2198,2429,3537,484,12172,1378,405,566,1080,731,-888888888,-888888888,-888888888
2014,Hampton city; Virginia,52700,33105,13684,21441,7138,2069,986,9595,5560,19595,16297,5467,15693,12916,2.51,3.14,132483,52700,21519,39641,9796,8827,2385,52889,20791,23190,1468,1434,6006,58782,19697,23443,1948,5791,7903,1588,805,37,45,37,70,19,3359,1517,388,51,650,290,158,681,1517,951,966,38504,2285,1673,13170,6842,14534,89527,2794,6735,24051,27101,7965,13280,7601,-888888888,-888888888,102345,19726,131534,15164,30361,882,83787,8115,17386,6167,135288,113792,20933,9942,10991,6317,4674,563,136904,130153,126961,68789,58172,3192,6751,6751,4191,2560,9943,3192,166,3026,6751,672,6079,6751,1011,2637,812,13,2151,127,128312,118957,9355,2692,4551,1156,1684,384,2131,893,989,259,136904,9987,949,218,115,921,9796,1710,425,10406,401,205,8832,4494,75,902,1469,123,325,1516,2328,139,1288,554,119,272,437,1350,-888888888,-888888888,-888888888
2014,Arlington County; Virginia,96264,44558,18999,35482,14968,3149,965,5927,3066,51706,38581,6633,20120,14373,2.26,3.07,217180,96264,35442,44875,11870,28729,5941,93965,44474,41009,1286,1126,6070,94698,42138,38307,1461,4463,8329,3486,844,20,51,36,52,53,1930,532,120,51,013,124,91,197,532,376,276,46258,3876,2117,14008,6232,20025,165544,6298,4639,14393,15076,5988,56668,62482,-888888888,-888888888,181015,12692,216067,11266,36081,438,160826,5595,19160,5233,217185,170871,42582,16841,25741,9269,16472,3732,220173,169824,164425,44387,120038,5399,50349,50349,21077,29272,55748,5399,453,4946,50349,5862,44487,50349,6019,17953,5268,287,19695,1127,207129,147395,59734,16227,28957,7259,13248,2866,11423,4381,6106,1721,220173,8377,2919,1117,1198,1992,22818,4360,1575,28639,1549,1278,27660,13050,900,1970,7439,468,4435,3245,5533,673,4990,3125,936,912,1976,743,-888888888,-888888888,-888888888
2014,Buchanan County; Virginia,9406,6618,2254,4881,1455,411,154,1326,645,2788,2386,1146,2623,3066,2.41,2.89,22652,9406,4891,5840,1774,741,364,10228,3056,5445,297,315,1115,10063,1851,4892,568,1546,1206,300,176,72,61,13,151,7,564,225,17,51,027,76,0,132,225,111,152,4538,282,360,1719,1103,1074,17639,3014,2441,6107,3408,1147,995,527,-888888888,-888888888,19442,970,22699,6115,4123,169,14372,3539,4204,2407,23415,21959,1449,950,499,287,212,7,23683,23316,23262,18767,4495,54,367,367,158,209,421,54,14,40,367,39,328,367,3,219,74,0,61,10,22649,22196,453,193,121,56,120,27,136,94,76,16,23683,7133,18,16,0,228,3198,66,26,1633,32,3,2024,249,7,3,9,0,32,371,488,0,120,31,6,4,85,13,-888888888,-888888888,-888888888
2014,Stafford County; Virginia,42763,34753,17704,28280,13745,1682,884,4791,3075,8010,6419,1780,19377,7537,3.07,3.40,131118,42763,28334,46822,8130,5069,1934,52560,16951,30720,950,686,3253,52083,13700,29656,1155,2729,4843,1920,481,31,55,12,119,23,3352,1358,325,51,179,333,196,504,1358,752,1067,40583,1978,1611,17537,9553,9904,83859,1738,3960,20407,19861,6805,19105,11983,-888888888,-888888888,92713,18087,128370,9820,37171,1020,80241,5346,10958,3454,132876,111598,20459,6329,14130,6726,7404,819,134672,122887,118714,50962,67752,4173,11785,11785,6744,5041,15958,4173,122,4051,11785,909,10876,11785,1586,3136,1272,58,5529,204,125851,109212,16639,5504,9695,3395,3910,1003,2129,865,905,241,134672,12774,768,322,513,1471,12907,2305,825,19500,593,428,15953,6683,522,1138,3872,359,913,1345,2681,157,1709,1458,170,234,1000,1537,-888888888,-888888888,-888888888
2014,Richmond city; Virginia,85913,40413,17901,20451,7459,4010,1513,15952,8929,45500,35548,9666,20948,18428,2.33,3.21,200384,85913,20427,49712,19205,25127,6294,83578,45843,23497,2937,2221,9080,93795,46346,22724,4171,8170,12384,3060,1470,32,50,17,76,21,4202,1618,157,51,760,358,290,813,1618,1203,816,56013,3154,2843,14762,7179,28075,139277,9418,15049,32249,26024,7255,29640,19642,-888888888,-888888888,171605,11943,208551,32329,39094,2886,146366,20453,23091,8990,208257,159124,47996,24996,23000,16826,6174,1137,211063,196268,193980,128964,65016,2288,14795,14795,4464,10331,17083,2288,96,2192,14795,1304,13491,14795,1784,3067,1867,51,7724,302,197641,177898,19743,9009,11185,6562,4136,703,2597,996,1825,748,211063,7880,919,279,367,1034,18072,3271,475,15476,617,437,14258,5924,196,815,2429,234,1227,3143,4298,291,3753,1007,341,435,1120,1385,-888888888,-888888888,-888888888
2014,Essex County; Virginia,4288,2662,888,1979,587,243,105,440,196,1626,1338,567,1069,1471,2.56,3.30,10985,4288,1992,3159,978,568,194,4415,1597,2017,90,229,482,4881,1483,2215,176,486,521,41,35,24,16,0,40,5,291,105,0,51,057,13,30,62,105,69,67,2300,131,48,1101,515,505,7726,620,992,2905,1722,430,650,407,-888888888,-888888888,8846,903,11082,1630,2320,140,6737,865,2025,625,11148,10506,580,112,468,374,94,62,11166,10904,10786,8450,2336,118,262,262,101,161,380,118,56,62,262,14,248,262,16,23,33,0,190,0,10567,10304,263,181,145,110,44,5,8,0,66,66,11166,758,137,5,9,42,2259,124,91,978,20,12,1251,192,0,66,80,0,0,133,209,0,441,76,0,0,51,23,-888888888,-888888888,-888888888
2014,Tazewell County; Virginia,18306,12369,4386,9608,3301,837,295,1924,790,5937,5248,2436,5164,5811,2.35,2.86,42939,18306,9587,10723,2749,1574,809,18256,4637,10318,518,596,2187,18908,3371,10033,453,2980,2071,492,167,40,52,9,126,6,1049,605,139,51,185,48,211,207,605,333,393,8990,432,422,3876,2072,2188,31931,3108,3802,11314,6546,3071,2792,1298,-888888888,-888888888,35546,2905,43277,11180,8764,387,26674,6467,7839,4326,43883,39018,4822,3035,1787,947,840,43,44331,44007,43812,27605,16207,195,324,324,96,228,519,195,0,195,324,3,321,324,53,117,15,0,135,4,42028,41447,581,220,296,122,228,92,43,0,14,6,44331,14267,45,8,0,637,4390,525,15,5301,22,216,4952,913,0,41,240,0,60,660,688,0,115,102,17,0,104,3,-888888888,-888888888,-888888888
2014,Manassas Park city; Virginia,4526,3297,1747,2523,1329,127,48,647,370,1229,1077,346,2085,737,3.31,3.84,14992,4526,2497,4938,1933,1098,302,5879,1993,3191,279,35,381,5780,1733,2881,160,463,543,90,0,0,22,0,37,9,540,197,41,51,685,42,3,111,197,109,164,3978,140,351,1793,766,928,9785,888,965,2477,2147,737,1711,860,-888888888,-888888888,10969,924,14898,1161,3929,124,9990,720,979,317,14901,12478,2219,519,1700,1246,454,204,14992,10138,9643,5250,4393,495,4854,4854,1602,3252,5349,495,5,490,4854,206,4648,4854,372,1067,279,0,3136,0,13981,7794,6187,3196,4263,2180,873,533,803,447,248,36,14992,756,211,32,7,289,622,397,52,1414,24,13,1172,474,0,45,135,75,0,46,359,20,284,165,15,11,0,53,-888888888,-888888888,-888888888
2014,Sussex County; Virginia,3261,2022,661,1278,304,139,62,605,295,1239,1078,449,855,1158,2.06,2.61,6724,3261,1304,1709,249,201,185,7334,4229,1873,208,234,790,2992,868,1388,53,298,385,67,42,54,47,0,92,31,150,72,16,51,183,19,0,37,72,40,41,2508,90,115,941,1097,265,8979,1000,1818,3616,1451,288,470,336,-888888888,-888888888,9969,1027,7068,1355,1928,83,3668,754,1472,518,11820,9598,2221,477,1744,1668,76,1,11923,11633,11594,8520,3074,39,290,290,84,206,329,39,0,39,290,18,272,290,44,9,35,0,181,21,11393,11035,358,114,226,112,81,0,9,1,42,1,11923,889,38,7,9,54,882,120,52,597,0,2,634,117,0,21,23,2,9,28,151,5,1155,7,4,27,44,115,-888888888,-888888888,-888888888
2014,Manassas city; Virginia,12274,9173,4713,6801,3307,598,301,1774,1105,3101,2496,676,4978,2054,3.29,3.74,40332,12274,6785,14563,3811,2899,624,15338,5603,8149,469,219,898,15655,4828,7766,606,1056,1399,640,284,53,60,43,63,62,969,369,11,51,683,115,66,177,369,223,304,11480,412,446,5158,2307,3157,25239,2709,1666,6806,5048,1655,4634,2721,-888888888,-888888888,29218,2448,40338,3413,11174,325,26187,2079,2977,1009,39774,33554,6054,2466,3588,2846,742,166,40436,29568,28824,16838,11986,744,10868,10868,3267,7601,11612,744,74,670,10868,777,10091,10868,566,2028,672,0,7565,37,37008,22971,14037,6242,10797,5385,1397,250,1215,494,628,113,40436,2149,245,20,114,272,3330,637,187,4446,162,32,3985,1580,98,148,1125,246,209,309,768,134,808,210,115,65,173,80,-888888888,-888888888,-888888888
2014,Salem city; Virginia,9953,6200,2503,4543,1531,367,209,1290,763,3753,3198,1149,2812,2802,2.32,2.93,23080,9953,4527,6301,1168,1131,523,9855,3541,4849,212,252,1001,11236,3166,4787,339,1251,1693,182,37,10,29,12,53,17,423,149,63,51,775,0,21,65,149,100,129,7027,341,255,2108,1366,2957,16784,776,967,4724,3441,1729,3251,1896,-888888888,-888888888,20079,2306,24531,3235,4961,248,15593,1618,3977,1369,24895,19822,4717,1654,3063,2406,657,356,25120,23877,23684,16204,7480,193,1243,1243,516,727,1436,193,0,193,1243,232,1011,1243,305,357,93,18,425,45,23791,22262,1529,625,678,407,606,162,152,56,93,0,25120,4611,121,34,90,454,4000,464,30,4032,52,16,2849,686,13,86,390,52,80,909,722,18,282,168,90,15,301,161,-888888888,-888888888,-888888888
2014,Charlotte County; Virginia,4691,3239,1028,2350,615,221,107,668,306,1452,1277,697,1188,1672,2.60,3.19,12220,4691,2337,3898,853,441,258,4994,1648,2516,80,236,514,5159,1115,2412,244,820,568,85,44,32,33,0,67,20,226,115,12,51,037,30,31,42,115,72,86,2741,186,163,1255,614,523,8599,782,1198,3073,1617,609,804,516,-888888888,-888888888,9581,999,12260,2549,2796,271,7114,1310,2350,968,12248,11148,1095,757,338,297,41,5,12399,12218,12196,9455,2741,22,181,181,59,122,203,22,0,22,181,13,168,181,37,10,4,0,127,3,11642,11388,254,116,193,109,61,7,0,0,0,0,12399,2711,0,16,11,49,1538,175,11,1074,0,17,926,263,32,94,181,57,21,223,135,0,56,37,31,0,16,3,-888888888,-888888888,-888888888
2014,Greensville County; Virginia,3397,2463,886,1591,457,253,92,619,337,934,792,454,1043,1199,2.42,2.85,8236,3397,1592,2537,422,288,130,6507,3447,1973,158,175,754,3735,881,1774,121,541,418,53,50,53,29,0,74,0,226,88,50,51,081,20,0,18,88,39,70,2074,47,113,882,626,406,8817,722,1401,3920,1666,359,457,292,-888888888,-888888888,9884,963,8246,1560,1996,76,4707,736,1543,748,11840,10041,1799,300,1499,1383,116,0,11911,11749,11622,8168,3454,127,162,162,40,122,289,127,0,127,162,0,162,162,0,53,0,0,109,0,11339,10904,435,87,266,59,99,0,50,19,20,9,11911,1075,37,0,0,8,659,203,0,370,0,0,451,44,0,0,42,0,0,50,88,5,100,15,0,0,11,75,-888888888,-888888888,-888888888
