year,county_name,households_by_type_total_households,households_by_type_family_households_families,households_by_type_family_households_families_with,households_by_type_family_households_families_marr,households_by_type_family_households_families_marr,households_by_type_family_households_families_male,households_by_type_family_households_families_male,households_by_type_family_households_families_fema,households_by_type_family_households_families_fema,households_by_type_nonfamily_households,households_by_type_nonfamily_households_householde,households_by_type_nonfamily_households_householde,households_by_type_households_with_one_or_more_peo,households_by_type_households_with_one_or_more_peo,households_by_type_average_household_size,households_by_type_average_family_size,relationship_population_in_households,relationship_householder,relationship_spouse,relationship_child,relationship_other_relatives,relationship_nonrelatives,relationship_nonrelatives_unmarried_partner,marital_status_males_15_years_and_over,marital_status_never_married,marital_status_now_married_except_separated,marital_status_separated,marital_status_widowed,marital_status_divorced,marital_status_females_15_years_and_over,marital_status_never_married,marital_status_now_married_except_separated,marital_status_separated,marital_status_widowed,marital_status_divorced,fertility_number_of_women_15_to_50_years_old_who_h,fertility_unmarried_women_widowed_divorced_and_nev,fertility_unmarried_women_widowed_divorced_and_nev,fertility_per_1000_women_15_to_50_years_old,fertility_per_1000_women_15_to_50_years_old_per_10,fertility_per_1000_women_15_to_50_years_old_per_10,fertility_per_1000_women_15_to_50_years_old_per_10,grandparents_number_of_grandparents_living_with_ow,grandparents_responsible_for_grandchildren,grandparents_responsible_for_grandchildren_years_r,state_fips,county_fips,grandparents_responsible_for_grandchildren_years_r,grandparents_responsible_for_grandchildren_years_r,grandparents_responsible_for_grandchildren_years_r,grandparents_number_of_grandparents_responsible_fo,grandparents_who_are_female,grandparents_who_are_married,school_enrollment_population_3_years_and_over_enro,school_enrollment_nursery_school_preschool,school_enrollment_kindergarten,school_enrollment_elementary_school_grades_1_8,school_enrollment_high_school_grades_9_12,school_enrollment_college_or_graduate_school,educational_attainment_population_25_years_and_ove,educational_attainment_less_than_9th_grade,educational_attainment_9th_to_12th_grade_no_diplom,educational_attainment_high_school_graduate_includ,educational_attainment_some_college_no_degree,educational_attainment_associates_degree,educational_attainment_bachelors_degree,educational_attainment_graduate_or_professional_de,educational_attainment_percent_high_school_graduat,educational_attainment_percent_bachelors_degree_or,veteran_status_civilian_population_18_years_and_ov,veteran_status_civilian_veterans,disability_status_of_the_civilian_noninstitutional,disability_status_of_the_civilian_noninstitutional,disability_status_of_the_civilian_noninstitutional,disability_status_of_the_civilian_noninstitutional,disability_status_of_the_civilian_noninstitutional,disability_status_of_the_civilian_noninstitutional,disability_status_of_the_civilian_noninstitutional,disability_status_of_the_civilian_noninstitutional,residence_1_year_ago_population_1_year_and_over,residence_1_year_ago_same_house,residence_1_year_ago_different_house_in_the_u.s.,residence_1_year_ago_different_house_in_the_u.s._s,residence_1_year_ago_different_house_in_the_u.s._d,residence_1_year_ago_different_house_in_the_u.s._d,residence_1_year_ago_different_house_in_the_u.s._d,residence_1_year_ago_abroad,place_of_birth_total_population,place_of_birth_native,place_of_birth_native_born_in_united_states,place_of_birth_native_born_in_united_states_state_,place_of_birth_native_born_in_united_states_differ,place_of_birth_native_born_in_puerto_rico_u.s._isl,place_of_birth_foreign_born,u.s._citizenship_status_foreign_born_population,u.s._citizenship_status_naturalized_u.s._citizen,u.s._citizenship_status_not_a_u.s._citizen,year_of_entry_population_born_outside_the_united_s,year_of_entry_native,year_of_entry_entered_2000_or_later,year_of_entry_entered_before_2000,year_of_entry_foreign_born,year_of_entry_entered_2000_or_later,year_of_entry_entered_before_2000,world_region_of_birth_of_foreign_born_foreign_born,world_region_of_birth_of_foreign_born_europe,world_region_of_birth_of_foreign_born_asia,world_region_of_birth_of_foreign_born_africa,world_region_of_birth_of_foreign_born_oceania,world_region_of_birth_of_foreign_born_latin_americ,world_region_of_birth_of_foreign_born_northern_ame,language_spoken_at_home_population_5_years_and_ove,language_spoken_at_home_english_only,language_spoken_at_home_language_other_than_englis,language_spoken_at_home_language_other_than_englis,language_spoken_at_home_language_other_than_englis,language_spoken_at_home_language_other_than_englis,language_spoken_at_home_language_other_than_englis,language_spoken_at_home_language_other_than_englis,language_spoken_at_home_language_other_than_englis,language_spoken_at_home_language_other_than_englis,language_spoken_at_home_language_other_than_englis,language_spoken_at_home_language_other_than_englis,ancestry_total_population,ancestry_american,ancestry_arab,ancestry_czech,ancestry_danish,ancestry_dutch,ancestry_english,ancestry_french_except_basque,ancestry_french_canadian,ancestry_german,ancestry_greek,ancestry_hungarian,ancestry_irish,ancestry_italian,ancestry_lithuanian,ancestry_norwegian,ancestry_polish,ancestry_portuguese,ancestry_russian,ancestry_scotch_irish,ancestry_scottish,ancestry_slovak,ancestry_subsaharan_african,ancestry_swedish,ancestry_swiss,ancestry_ukrainian,ancestry_welsh,ancestry_west_indian_excluding_hispanic_origin_gro
2010,Accomack County; Virginia,14085,9054,3186,6585,1883,581,337,1888,966,5031,4444,2026,3924,4481,2.39,2.99,33675,14085,6658,8809,2573,1550,581,13415,3696,7446,475,440,1358,14596,3092,7146,694,1999,1665,370,173,47,50,17,127,5,959,463,114,51,001,178,67,104,463,291,277,6964,290,338,3295,1829,1212,24217,1919,3191,9190,4218,1340,2493,1866,-888888888,-888888888,26623,3378,-888888888,-888888888,-888888888,-888888888,-888888888,-888888888,-888888888,-888888888,33720,30860,2860,1782,1078,304,774,0,34066,32012,31703,19592,12111,309,2054,2054,579,1475,2363,309,117,192,2054,901,1153,2054,219,172,0,80,1575,8,32092,29300,2792,1702,2205,1558,454,83,86,61,47,0,34066,5035,3,16,27,328,4774,527,93,3161,52,215,2534,1024,37,70,568,54,73,437,396,129,3811,120,15,30,249,166
2010,Albemarle County; Virginia,37459,24304,10643,19760,7978,1150,562,3394,2103,13155,10869,3533,11132,9287,2.45,3.04,91916,37459,19745,26345,3540,4827,1500,37419,12632,20871,808,748,2360,41583,12274,20550,747,3561,4451,1096,287,21,44,17,66,36,1051,430,34,51,003,102,120,174,430,204,359,29395,1691,1046,10262,4599,11797,63226,2626,3145,11929,9606,3300,16392,16228,-888888888,-888888888,75190,7249,-888888888,-888888888,-888888888,-888888888,-888888888,-888888888,-888888888,-888888888,95512,76415,18127,5848,12279,6888,5391,970,96633,87932,86495,45099,41396,1437,8701,8701,3271,5430,10138,1437,300,1137,8701,4441,4260,8701,2246,3212,405,53,2293,492,91125,80877,10248,4264,3499,1883,3414,749,2906,1534,429,98,96633,11021,419,611,572,1439,15790,2998,457,15440,555,313,12232,5023,184,754,2881,238,1724,3991,4397,241,507,1044,228,322,1311,258
2010,Alleghany County; Virginia,6964,4765,1763,3792,1327,368,144,605,292,2199,1973,1035,2089,2329,2.29,2.79,15967,6964,3800,3899,823,481,280,6560,1630,3835,63,437,595,6999,1139,4011,183,1083,583,159,88,71,47,0,123,11,359,217,16,51,005,49,34,118,217,133,158,3724,125,196,1671,993,739,11741,934,1199,4498,2204,1157,1141,608,-888888888,-888888888,12857,1574,-888888888,-888888888,-888888888,-888888888,-888888888,-888888888,-888888888,-888888888,16274,14903,1351,507,844,611,233,20,16406,16137,16050,12412,3638,87,269,269,148,121,356,87,0,87,269,119,150,269,58,146,38,0,19,8,15618,15293,325,155,134,76,163,68,22,5,6,6,16406,4035,62,58,0,186,1789,239,75,2441,37,52,2249,324,0,72,69,13,44,636,183,0,11,89,34,0,142,30
2010,Amelia County; Virginia,4901,3429,1442,2534,917,235,167,660,358,1472,1231,516,1603,1426,2.51,3.00,12301,4901,2539,3726,576,559,336,4899,1321,2779,150,115,534,5299,1272,2709,165,652,501,159,40,29,54,48,121,11,256,83,0,51,007,20,39,24,83,48,83,2412,28,170,1087,799,328,8617,627,1269,3443,1704,444,748,382,-888888888,-888888888,9633,1277,-888888888,-888888888,-888888888,-888888888,-888888888,-888888888,-888888888,-888888888,12288,11183,1056,562,494,413,81,49,12517,12010,11928,9188,2740,82,507,507,158,349,589,82,0,82,507,182,325,507,68,92,46,0,289,12,11776,11161,615,336,425,231,112,39,32,20,46,46,12517,2689,0,0,0,182,1545,118,8,1137,113,0,1180,288,0,93,178,0,8,239,76,15,158,25,78,0,127,18
2010,Amherst County; Virginia,12706,8821,3441,6568,2365,524,205,1729,871,3885,3178,1382,3983,3762,2.36,2.80,29928,12706,6503,7692,1659,1368,741,12506,3534,7062,327,328,1255,14281,4070,6716,269,1588,1638,314,142,33,39,12,93,10,566,257,25,51,009,157,30,45,257,146,219,8129,487,258,3044,1908,2432,21925,2008,2748,7673,4577,1498,2223,1198,-888888888,-888888888,25317,2844,-888888888,-888888888,-888888888,-888888888,-888888888,-888888888,-888888888,-888888888,31977,28171,3733,1452,2281,1537,744,73,32315,31680,31461,24563,6898,219,635,635,262,373,854,219,0,219,635,264,371,635,108,152,38,0,311,26,30612,29756,856,377,532,325,142,19,144,33,38,0,32315,5214,22,44,65,641,3996,785,63,3516,31,109,3572,749,41,58,446,0,188,1210,1003,67,277,275,66,29,149,12
2010,Appomattox County; Virginia,5976,4352,1861,3177,1216,313,169,862,476,1624,1361,689,2228,1797,2.44,2.79,14572,5976,3105,3827,868,796,540,5774,1399,3342,100,168,765,6178,1241,3110,264,814,749,176,114,74,53,74,133,0,633,391,105,51,011,136,0,150,391,251,188,3375,198,129,1707,746,595,10218,824,1236,4281,2106,562,791,418,-888888888,-888888888,11335,1438,-888888888,-888888888,-888888888,-888888888,-888888888,-888888888,-888888888,-888888888,14490,13113,1377,611,766,597,169,0,14653,14433,14390,11519,2871,43,220,220,150,70,263,43,0,43,220,8,212,220,142,19,23,0,36,0,13861,13660,201,95,73,28,64,38,0,0,64,29,14653,4109,0,28,17,165,1849,462,13,1115,63,133,1324,479,0,34,42,144,0,316,300,11,74,47,67,56,45,0
2010,Arlington County; Virginia,91892,40779,17742,31958,13248,2631,947,6190,3547,51113,38182,6103,18721,12967,2.11,2.93,194129,91892,31965,37004,9808,23460,5065,84718,39833,37079,1299,1159,5348,86125,37294,35017,1353,4735,7726,2860,524,14,47,0,52,45,1759,473,106,51,013,79,103,185,473,265,350,41128,3404,1862,11340,6406,18116,146410,5854,5178,13811,13491,5389,49024,53663,-888888888,-888888888,162461,13773,-888888888,-888888888,-888888888,-888888888,-888888888,-888888888,-888888888,-888888888,195032,152132,39243,14040,25203,8300,16903,3657,197467,151813,147182,37383,109799,4631,45654,45654,17778,27876,50285,4631,773,3858,45654,18655,26999,45654,5438,15267,5170,247,18764,768,186258,132179,54079,16036,26543,8722,12185,2312,10240,3634,5111,1368,197467,5396,2863,1076,945,2197,22268,4199,1204,26481,1390,1325,26567,11278,997,2116,6664,663,4145,5275,5607,628,4796,2581,787,1375,1767,771
2010,Augusta County; Virginia,27909,20340,7806,16812,5848,1087,523,2441,1435,7569,6746,2940,8640,8073,2.48,2.94,69253,27909,16801,19581,3165,1797,1039,31006,8917,17915,512,1059,2603,29404,5341,17396,874,3201,2592,612,224,35,38,13,77,21,1489,614,114,51,015,174,159,167,614,378,496,15525,1113,918,6969,3805,2720,52058,3039,5462,21920,9012,2660,6997,2968,-888888888,-888888888,57393,7024,-888888888,-888888888,-888888888,-888888888,-888888888,-888888888,-888888888,-888888888,72542,65797,6652,3335,3317,2738,579,93,73201,71754,71238,52694,18544,516,1447,1447,906,541,1963,516,63,453,1447,509,938,1447,474,320,0,14,565,74,69241,67325,1916,612,1244,334,545,236,127,42,0,0,73201,18431,47,35,126,1206,8430,1282,117,14515,47,50,6354,2545,70,281,839,37,404,3507,2027,92,17,477,232,183,360,96
2010,Bath County; Virginia,2025,1494,444,1198,325,69,12,227,107,531,495,163,546,724,2.34,2.66,4733,2025,1204,1112,169,223,91,2102,536,1278,13,52,223,1989,237,1258,0,202,292,34,0,0,37,0,158,0,148,74,0,51,017,0,74,0,74,22,74,829,36,69,366,189,169,3657,391,371,1731,629,114,272,149,-888888888,-888888888,3972,336,-888888888,-888888888,-888888888,-888888888,-888888888,-888888888,-888888888,-888888888,4779,4454,325,34,291,282,9,0,4779,4707,4693,3932,761,14,72,72,47,25,86,14,0,14,72,29,43,72,0,34,0,0,38,0,4595,4532,63,14,49,0,14,14,0,0,0,0,4779,1302,0,0,0,91,377,75,32,639,0,0,370,63,0,0,0,0,0,624,47,0,22,32,0,0,0,34
2010,Bedford County; Virginia,27150,20104,7860,17030,6027,969,542,2105,1291,7046,6112,2148,8501,7172,2.49,2.91,67569,27150,17008,18736,2648,2027,1117,27170,6162,17571,448,659,2330,28028,5361,17362,505,2455,2345,659,227,36,43,19,116,11,1170,451,61,51,019,131,39,220,451,301,298,16040,1013,893,7292,3875,2967,47831,2141,5014,15711,10080,3318,7506,4061,-888888888,-888888888,52161,6854,-888888888,-888888888,-888888888,-888888888,-888888888,-888888888,-888888888,-888888888,67241,60695,6494,2489,4005,2982,1023,52,67697,66501,66126,45705,20421,375,1196,1196,636,560,1571,375,67,308,1196,295,901,1196,440,414,40,21,149,132,64282,62109,2173,801,968,289,750,298,353,201,102,13,67697,13041,66,128,81,1132,10820,1857,607,9816,192,246,7864,2238,25,299,938,100,147,2250,1954,186,100,357,63,35,432,0
2010,Bland County; Virginia,2580,1992,611,1647,437,65,35,280,139,588,535,269,697,930,2.44,2.81,6308,2580,1620,1681,296,131,53,3093,662,1875,134,63,359,2863,595,1598,54,348,268,70,0,0,44,0,116,0,166,12,0,51,021,0,0,12,12,12,0,1191,192,72,455,392,80,5163,485,393,2092,946,626,394,227,-888888888,-888888888,5624,737,-888888888,-888888888,-888888888,-888888888,-888888888,-888888888,-888888888,-888888888,6810,6280,530,209,321,241,80,0,6873,6630,6587,3672,2915,43,243,243,179,64,286,43,2,41,243,111,132,243,151,64,7,0,21,0,6620,6503,117,30,14,14,96,9,7,7,0,0,6873,759,15,0,0,204,405,172,8,862,41,0,834,92,0,35,25,0,222,261,119,0,0,57,0,14,15,12
2010,Botetourt County; Virginia,12918,9807,3636,8496,3068,326,214,985,354,3111,2682,1126,3996,3586,2.49,2.88,32144,12918,8502,8683,1235,806,380,13108,2767,8774,189,349,1029,13835,2040,8819,153,1588,1235,301,161,59,41,44,92,16,490,246,20,51,023,27,79,120,246,220,90,7502,574,378,3481,1692,1377,23387,834,1699,8388,4988,2117,3769,1592,-888888888,-888888888,25470,3435,-888888888,-888888888,-888888888,-888888888,-888888888,-888888888,-888888888,-888888888,32574,29840,2702,1229,1473,1261,212,32,32867,32248,32052,23010,9042,196,619,619,484,135,815,196,0,196,619,75,544,619,281,210,7,0,106,15,31123,30492,631,185,192,49,283,36,149,93,7,7,32867,11499,186,91,57,419,3531,494,129,4859,91,108,2967,702,50,224,449,0,71,1311,760,15,13,214,46,29,295,2
2010,Brunswick County; Virginia,6086,4013,1333,2710,683,368,105,935,545,2073,1907,790,1676,1982,2.46,3.11,14977,6086,2691,4214,1568,418,218,7902,3434,3249,457,166,596,6994,2062,2858,321,1094,659,250,99,46,67,57,158,2,598,191,61,51,025,0,32,98,191,146,127,3929,210,119,1617,677,1306,12403,1552,2510,4008,1993,868,1039,433,-888888888,-888888888,14225,1212,-888888888,-888888888,-888888888,-888888888,-888888888,-888888888,-888888888,-888888888,17495,16053,1442,386,1056,902,154,0,17707,17489,17429,13614,3815,60,218,218,183,35,278,60,0,60,218,31,187,218,8,123,4,0,83,0,16847,16424,423,171,246,94,126,69,47,8,4,0,17707,1156,0,0,0,21,1484,230,0,1010,27,25,883,148,0,0,40,12,2,194,112,0,2896,23,0,0,28,29
2010,Buchanan County; Virginia,9123,6379,2317,4893,1536,566,236,920,545,2744,2455,953,2632,2707,2.59,3.18,23650,9123,4943,6881,2054,649,216,10421,2741,5181,630,334,1535,10332,2077,5243,331,1480,1201,187,136,52,34,40,64,12,458,337,21,51,027,32,31,253,337,179,283,4769,150,363,1973,1287,996,18082,3686,2879,5699,3117,1100,997,604,-888888888,-888888888,19734,1486,-888888888,-888888888,-888888888,-888888888,-888888888,-888888888,-888888888,-888888888,24327,22535,1792,1197,595,86,509,0,24459,24116,24083,19722,4361,33,343,343,179,164,376,33,0,33,343,104,239,343,16,192,90,0,45,0,23344,22810,534,180,200,46,289,117,3,3,42,14,24459,8964,123,22,0,109,594,219,42,1215,80,0,2272,169,0,17,65,0,0,555,124,0,59,25,0,7,17,0
2010,Buckingham County; Virginia,4859,3338,1063,2331,584,264,164,743,315,1521,1264,659,1273,1700,2.01,2.38,9775,4859,2246,1850,507,313,303,10215,4542,3438,441,168,1626,4648,841,2751,89,670,297,87,56,92,49,0,166,0,457,382,70,51,029,206,38,68,382,253,382,1552,71,122,723,408,228,13773,1506,3788,4904,1369,492,1286,428,-888888888,-888888888,14452,1649,-888888888,-888888888,-888888888,-888888888,-888888888,-888888888,-888888888,-888888888,16686,14249,2418,557,1861,1584,277,19,16874,16627,16592,12191,4401,35,247,247,49,198,282,35,0,35,247,95,152,247,14,49,37,0,147,0,15984,15689,295,35,201,28,29,0,31,0,34,7,16874,2451,10,0,16,53,1182,157,0,895,0,0,457,152,6,0,19,0,11,144,63,24,22,0,0,4,35,0
2010,Campbell County; Virginia,22005,14985,6261,11236,4091,817,530,2932,1640,7020,5996,2284,6910,5906,2.45,2.96,53879,22005,11194,15479,2751,2450,1076,21494,6465,11890,551,674,1914,22956,5379,11578,778,2577,2644,694,250,41,54,20,117,15,1156,447,158,51,031,133,40,116,447,289,371,13110,487,554,5511,3304,3254,36943,2528,3910,13211,8159,3097,4512,1526,-888888888,-888888888,42127,4340,-888888888,-888888888,-888888888,-888888888,-888888888,-888888888,-888888888,-888888888,53543,47255,6280,2522,3758,2859,899,8,54174,53052,52697,39458,13239,355,1122,1122,637,485,1477,355,18,337,1122,470,652,1122,244,318,68,0,440,52,51223,50007,1216,476,576,275,368,128,195,26,77,47,54174,12562,11,56,22,760,7376,1215,62,6877,117,155,6356,1512,130,145,479,146,73,1558,1538,8,223,238,71,37,272,91
2010,Caroline County; Virginia,10270,7315,3233,5344,2326,630,206,1341,701,2955,2613,896,3859,2422,2.65,3.18,27261,10270,5341,8271,2328,1051,442,10947,3228,5955,351,256,1157,11248,2550,5601,424,1265,1408,487,137,43,72,25,131,36,1017,450,148,51,033,141,85,76,450,305,302,6197,314,256,3015,1543,1069,18818,1297,2128,7428,4137,913,2069,846,-888888888,-888888888,20961,2680,-888888888,-888888888,-888888888,-888888888,-888888888,-888888888,-888888888,-888888888,27435,23539,3868,1571,2297,1951,346,28,27844,27258,26868,18858,8010,390,586,586,306,280,976,390,50,340,586,111,475,586,87,112,17,8,346,16,25943,24523,1420,370,1064,290,236,56,103,24,17,0,27844,2945,15,145,22,461,3310,947,107,3219,256,15,2969,589,3,101,401,45,92,430,516,45,176,121,22,13,267,87
2010,Carroll County; Virginia,12818,8893,3140,7399,2311,618,407,876,422,3925,3690,1636,3592,4081,2.31,2.82,29593,12818,7437,7197,1522,619,338,12453,2606,7742,514,418,1173,12744,1968,7821,467,1470,1018,403,80,35,64,122,95,30,682,513,102,51,035,145,9,257,513,214,513,6140,196,204,2579,1885,1276,22107,2688,3414,7842,3849,1731,1793,790,-888888888,-888888888,23925,2598,-888888888,-888888888,-888888888,-888888888,-888888888,-888888888,-888888888,-888888888,29615,26429,3186,1859,1327,522,805,0,29985,29565,29395,19813,9582,170,420,420,111,309,590,170,0,170,420,131,289,420,110,32,0,0,278,0,28532,27773,759,262,618,253,109,9,32,0,0,0,29985,8187,0,0,109,441,3406,252,29,2788,50,24,2768,394,12,0,252,13,0,495,679,0,0,54,35,13,143,0
2010,Charles City County; Virginia,2713,1815,514,1346,405,148,49,321,60,898,789,370,642,816,2.66,3.31,7205,2713,1336,2184,675,297,99,2984,988,1399,83,189,325,3114,918,1433,91,278,394,60,57,63,37,100,67,3,212,125,46,51,036,6,0,73,125,64,81,1418,28,84,571,483,252,5256,421,901,2150,1012,200,331,241,-888888888,-888888888,5797,844,-888888888,-888888888,-888888888,-888888888,-888888888,-888888888,-888888888,-888888888,7114,6785,328,102,226,152,74,1,7205,7159,7139,5951,1188,20,46,46,25,21,66,20,0,20,46,0,46,46,33,9,0,0,4,0,6900,6830,70,0,25,0,27,0,0,0,18,0,7205,515,0,11,0,88,628,70,2,530,29,3,470,159,1,2,59,0,0,228,112,0,89,88,8,9,53,53
2010,Charlotte County; Virginia,4415,3150,1279,2298,821,203,101,649,357,1265,1194,724,1423,1437,2.85,3.49,12562,4415,2305,4443,1089,310,158,4882,1404,2543,145,235,555,5364,1055,2486,214,851,758,218,79,61,76,13,166,31,240,98,17,51,037,43,0,38,98,49,82,3297,176,156,1430,763,772,8657,1080,1375,2605,1756,538,892,411,-888888888,-888888888,9643,1291,-888888888,-888888888,-888888888,-888888888,-888888888,-888888888,-888888888,-888888888,12522,11495,1026,576,450,399,51,1,12644,12382,12370,9499,2871,12,262,262,221,41,274,12,4,8,262,34,228,262,44,0,3,0,24,191,11928,11832,96,31,36,8,60,23,0,0,0,0,12644,2980,0,24,45,90,1685,186,97,1020,0,10,808,322,103,79,41,3,66,273,201,0,36,162,3,0,70,0
2010,Chesterfield County; Virginia,112404,84586,41430,66035,30835,4525,2184,14026,8411,27818,23017,6770,44726,21709,2.71,3.13,304352,112404,65966,98415,16166,11401,5002,115254,33441,69210,2088,2079,8436,127214,31496,68977,3467,8837,14437,3853,984,26,48,14,105,18,5634,1857,370,51,041,417,181,889,1857,1192,1269,88773,5206,4591,37706,19468,21802,200663,6752,14485,49819,44375,13671,47100,24461,-888888888,-888888888,226046,26368,-888888888,-888888888,-888888888,-888888888,-888888888,-888888888,-888888888,-888888888,304999,263065,40283,20017,20266,12852,7414,1651,308633,284764,280603,172262,108341,4161,23869,23869,9865,14004,28030,4161,775,3386,23869,8296,15573,23869,3115,8033,1376,87,10690,568,288569,259283,29286,12996,15810,8217,5328,1227,6631,3378,1517,174,308633,33009,1744,1369,728,3409,45727,7821,1148,40667,1131,642,34230,14855,394,2332,5814,483,1312,9050,8195,689,2892,2558,638,729,2837,1641
2010,Clarke County; Virginia,5535,3838,1566,3296,1247,248,141,294,178,1697,1263,461,1778,1526,2.49,2.95,13801,5535,3282,3681,516,787,428,5630,1455,3411,85,144,535,5796,1222,3363,77,640,494,96,45,32,30,0,69,18,321,133,7,51,043,50,19,57,133,78,78,3145,227,119,1546,834,419,9949,507,734,3115,2024,667,1715,1187,-888888888,-888888888,10739,1364,-888888888,-888888888,-888888888,-888888888,-888888888,-888888888,-888888888,-888888888,13930,12272,1658,415,1243,771,472,0,14013,13492,13355,7740,5615,137,521,521,275,246,658,137,16,121,521,121,400,521,161,63,50,33,214,0,13288,12259,1029,308,587,284,291,14,99,0,52,10,14013,2061,86,87,0,309,2409,351,65,2943,49,89,2281,521,29,27,258,13,172,531,527,30,26,98,14,8,78,7
2010,Craig County; Virginia,1989,1458,626,1080,475,150,121,228,30,531,387,168,729,567,2.54,2.87,5044,1989,1129,1287,309,330,209,2181,654,1202,57,26,242,2121,402,1145,47,350,177,30,0,0,29,0,66,0,220,116,6,51,045,83,0,27,116,102,110,1081,59,100,449,277,196,3660,208,400,1454,749,350,309,190,-888888888,-888888888,4026,561,-888888888,-888888888,-888888888,-888888888,-888888888,-888888888,-888888888,-888888888,5137,4671,466,229,237,163,74,0,5173,5156,5126,3775,1351,30,17,17,0,17,47,30,0,30,17,0,17,17,17,0,0,0,0,0,4891,4855,36,9,9,9,27,0,0,0,0,0,5173,359,0,20,42,26,894,75,3,1322,0,0,778,112,0,0,42,0,0,373,189,0,0,6,11,0,152,0
2010,Culpeper County; Virginia,15834,11934,5850,9618,4543,753,432,1563,875,3900,3198,1299,6515,3666,2.77,3.19,43914,15834,9625,13543,2953,1959,683,18075,5339,10411,533,485,1307,17686,3918,10068,519,1642,1539,555,67,16,51,0,121,18,1168,502,188,51,047,66,85,163,502,267,452,11238,775,736,5316,2438,1973,30319,2204,3086,10337,6193,1953,4117,2429,-888888888,-888888888,33791,4406,-888888888,-888888888,-888888888,-888888888,-888888888,-888888888,-888888888,-888888888,45181,38076,6907,3182,3725,2705,1020,198,45749,42460,41722,26261,15461,738,3289,3289,739,2550,4027,738,112,626,3289,1337,1952,3289,668,413,124,0,2073,11,42449,38632,3817,1802,2890,1588,624,122,158,64,145,28,45749,4682,98,58,98,350,7119,914,255,8208,243,120,6056,1926,39,216,602,24,188,934,1056,107,392,308,117,81,352,77
2010,Cumberland County; Virginia,3969,2655,982,1928,652,105,59,622,271,1314,1195,500,1170,1239,2.48,3.10,9845,3969,1922,2982,667,305,93,3846,1262,2013,73,81,417,4077,983,2000,235,485,374,107,22,19,47,0,116,7,138,113,0,51,049,20,29,64,113,93,34,2290,144,151,1015,605,375,6714,914,933,2450,1184,397,559,277,-888888888,-888888888,7531,860,-888888888,-888888888,-888888888,-888888888,-888888888,-888888888,-888888888,-888888888,9750,8565,1166,315,851,729,122,19,9855,9577,9502,6754,2748,75,278,278,103,175,353,75,0,75,278,0,278,278,0,0,0,0,278,0,9270,8412,858,0,584,0,226,0,0,0,48,0,9855,2417,0,47,0,32,982,198,0,742,0,0,751,148,28,31,96,48,0,560,131,0,166,50,0,0,29,0
2010,Dickenson County; Virginia,6170,4125,1392,3105,902,219,95,801,395,2045,1815,726,1555,1789,2.56,3.22,15826,6170,3081,4795,1288,492,259,6570,1881,3459,306,267,657,6617,1303,3235,395,994,690,218,73,47,62,38,149,5,346,245,59,51,051,101,7,78,245,155,200,3065,112,184,1478,690,601,11204,2140,1869,4106,1619,505,573,392,-888888888,-888888888,12589,1193,-888888888,-888888888,-888888888,-888888888,-888888888,-888888888,-888888888,-888888888,15786,14220,1555,975,580,387,193,11,15966,15935,15929,13189,2740,6,31,31,11,20,37,6,0,6,31,0,31,31,28,0,0,0,3,0,15062,14879,183,26,76,0,75,20,6,6,26,0,15966,4681,0,0,0,128,934,70,0,1661,5,0,1990,48,0,4,0,65,5,639,478,0,0,29,39,0,68,0
2010,Dinwiddie County; Virginia,9800,7125,2641,5084,1640,426,163,1615,838,2675,2257,808,3281,2617,2.71,3.18,26523,9800,5068,7956,2514,1185,497,10884,3851,5420,200,321,1092,11448,3449,5357,356,1179,1107,166,73,20,25,19,61,3,898,355,57,51,053,34,104,160,355,251,225,6125,215,271,2846,1760,1033,18615,1871,2384,7352,3384,1191,1862,571,-888888888,-888888888,21009,2420,-888888888,-888888888,-888888888,-888888888,-888888888,-888888888,-888888888,-888888888,27267,24721,2533,1098,1435,1256,179,13,27449,26873,26707,21507,5200,166,576,576,108,468,742,166,8,158,576,318,258,576,40,80,12,0,438,6,25875,25112,763,349,638,289,56,19,57,41,12,0,27449,3739,0,156,9,140,4590,398,59,1922,0,83,1578,615,13,133,192,44,0,577,443,23,461,96,31,12,140,11
2010,Essex County; Virginia,4466,3068,1323,2178,798,234,117,656,408,1398,1214,522,1497,1289,2.41,2.89,10742,4466,2168,2853,764,491,285,4332,1346,2313,87,191,395,4703,1186,2161,257,681,418,110,58,44,43,34,104,0,225,81,22,51,057,0,6,53,81,56,43,2117,113,113,943,649,299,7620,592,922,2785,1552,503,975,291,-888888888,-888888888,8549,1061,-888888888,-888888888,-888888888,-888888888,-888888888,-888888888,-888888888,-888888888,10828,9668,1160,488,672,592,80,0,10901,10642,10598,8287,2311,44,259,259,94,165,303,44,0,44,259,68,191,259,44,20,39,0,156,0,10292,10022,270,137,147,125,43,12,41,0,39,0,10901,1619,8,0,0,73,1391,102,14,1052,58,0,1033,174,0,0,102,0,18,225,147,0,215,94,23,0,55,35
2010,Fairfax County; Virginia,381768,266580,130902,218929,107209,14319,5401,33332,18292,115188,92927,22462,139185,71524,2.73,3.26,1040341,381768,218932,316971,67110,55560,14166,409759,132444,241348,6435,6644,22888,427873,113346,238771,8324,27098,40334,14920,2500,20,54,11,94,34,18663,4999,1095,51,059,1046,931,1927,4999,2949,3835,288530,21050,14522,110667,60134,82157,709589,30164,27227,99012,103896,37449,217459,194382,-888888888,-888888888,782114,84750,-888888888,-888888888,-888888888,-888888888,-888888888,-888888888,-888888888,-888888888,1034834,884131,135644,64253,71391,33217,38174,15059,1048554,746960,720959,270796,450163,26001,301594,301594,144522,157072,327595,26001,5000,21001,301594,102109,199485,301594,23144,154289,26917,951,93379,2914,977014,626715,350299,145723,128664,62078,75970,20294,115394,54009,30271,9342,1048554,36835,19419,5033,4169,12183,111935,24276,4996,137677,7647,6255,121596,56230,3306,10411,29504,2298,14682,23149,27263,4211,31568,9705,4218,4475,8194,3498
2010,Fauquier County; Virginia,22369,16576,7226,13711,5659,1067,579,1798,988,5793,4834,1678,7988,5411,2.86,3.36,64047,22369,13749,20922,4367,2640,1038,24981,7029,14608,473,517,2354,25898,5894,14814,653,2319,2218,684,148,22,44,24,106,15,1658,650,237,51,061,86,63,264,650,389,513,17338,1114,799,7745,4133,3547,43280,1660,2789,12585,9602,3295,8212,5137,-888888888,-888888888,47645,6894,-888888888,-888888888,-888888888,-888888888,-888888888,-888888888,-888888888,-888888888,63823,57473,6209,2320,3889,2831,1058,141,64546,60664,59861,33616,26245,803,3882,3882,1698,2184,4685,803,36,767,3882,930,2952,3882,931,759,65,27,1876,224,60607,55110,5497,1812,3483,1275,1435,323,553,214,26,0,64546,6787,295,245,195,1117,10262,2224,449,12262,136,322,9792,3439,45,632,1797,288,119,2270,2640,258,1091,830,322,102,653,61
2010,Floyd County; Virginia,6334,4332,1629,3600,1194,116,89,616,346,2002,1778,721,1806,1928,2.37,2.88,15020,6334,3599,3990,557,540,255,6011,1566,3709,82,117,537,6306,957,3532,203,915,699,122,11,9,36,7,102,0,236,141,0,51,063,36,66,39,141,86,112,3007,144,127,1546,721,469,10768,868,1344,3708,2011,754,1512,571,-888888888,-888888888,11679,1399,-888888888,-888888888,-888888888,-888888888,-888888888,-888888888,-888888888,-888888888,14918,13302,1616,1105,511,246,265,0,15030,14841,14706,10429,4277,135,189,189,108,81,324,135,0,135,189,49,140,189,48,65,0,0,53,23,14182,13831,351,124,123,47,79,12,71,55,78,10,15030,2700,10,32,0,292,1864,360,27,2104,0,54,1951,309,13,0,518,0,77,575,483,0,0,90,0,0,156,8
2010,Fluvanna County; Virginia,9128,6842,2356,5532,1811,298,93,1012,452,2286,1981,656,2747,2598,2.66,3.11,24257,9128,5518,7550,1336,725,359,9154,2178,5767,163,330,716,11209,2568,5869,461,1027,1284,361,161,49,53,29,63,51,631,272,32,51,065,107,73,60,272,157,182,5535,435,368,2517,1304,911,17906,1081,1519,5364,3766,1554,3039,1583,-888888888,-888888888,19359,2468,-888888888,-888888888,-888888888,-888888888,-888888888,-888888888,-888888888,-888888888,25067,22992,2021,590,1431,1147,284,54,25308,24806,24501,14867,9634,305,502,502,346,156,807,305,31,274,502,37,465,502,277,85,17,0,110,13,23741,22814,927,285,464,122,390,108,73,55,0,0,25308,3974,24,115,67,343,4202,428,192,4157,85,113,2913,1070,140,212,465,25,188,528,695,90,29,238,39,0,133,7
2010,Franklin County; Virginia,23355,16665,6381,13115,4371,887,366,2663,1644,6690,5559,2108,7087,6573,2.30,2.68,53674,23355,12928,13332,1691,2368,1493,22316,5148,13810,335,769,2254,23151,4319,13286,741,2481,2324,713,233,44,58,9,144,15,981,530,77,51,067,100,186,167,530,310,410,12133,839,529,5344,2832,2589,38779,3495,4285,14341,8226,2550,3688,2194,-888888888,-888888888,43347,4929,-888888888,-888888888,-888888888,-888888888,-888888888,-888888888,-888888888,-888888888,54402,47014,7240,4089,3151,2465,686,148,54938,53339,53150,39676,13474,189,1599,1599,540,1059,1788,189,23,166,1599,428,1171,1599,236,386,163,14,726,74,52033,50150,1883,1016,1280,635,277,117,163,163,163,101,54938,12081,193,122,38,350,6739,842,201,6939,50,280,5799,1070,0,328,883,86,146,1625,1245,59,25,193,128,98,250,43
2010,Frederick County; Virginia,28558,21161,10034,16814,7500,1502,932,2845,1602,7397,5732,2152,10811,6523,2.61,3.01,74537,28558,16822,22566,3132,3459,1843,29649,7866,17497,714,815,2757,30117,6325,17335,694,2443,3320,1211,336,44,65,26,144,23,1444,529,112,51,069,148,150,119,529,280,444,19118,1083,1036,8907,4700,3392,50725,3002,5599,16838,10085,3504,7263,4434,-888888888,-888888888,56347,7040,-888888888,-888888888,-888888888,-888888888,-888888888,-888888888,-888888888,-888888888,74761,63727,10967,5086,5881,3870,2011,67,75835,71825,70792,41958,28834,1033,4010,4010,1219,2791,5043,1033,246,787,4010,1092,2918,4010,497,716,8,6,2663,120,70877,64755,6122,2874,4629,2414,873,109,573,340,47,11,75835,9700,71,140,206,1388,11431,1699,315,17490,237,256,10687,3872,128,416,1736,148,397,1773,2152,87,45,898,134,77,694,43
2010,Giles County; Virginia,7100,4936,2058,3882,1558,253,96,801,404,2164,1874,777,2270,2082,2.39,2.85,16973,7100,3877,4656,595,745,445,6883,1668,3968,148,276,823,7244,1250,4020,274,836,864,222,79,56,59,38,137,13,380,216,65,51,071,13,35,103,216,119,167,3948,237,228,1795,816,872,12201,1058,1342,4561,2567,714,1228,731,-888888888,-888888888,13397,1609,-888888888,-888888888,-888888888,-888888888,-888888888,-888888888,-888888888,-888888888,17045,14795,2216,1217,999,608,391,34,17205,17067,17015,11917,5098,52,138,138,39,99,190,52,0,52,138,43,95,138,54,10,0,0,74,0,16275,15915,360,65,209,50,129,15,10,0,12,0,17205,3793,4,29,0,195,1922,556,9,2322,32,114,2190,324,37,25,81,42,51,701,571,0,0,181,30,0,39,0
2010,Gloucester County; Virginia,14014,10656,4240,8323,2874,970,661,1363,705,3358,2663,1225,4799,3664,2.58,2.94,36117,14014,8310,10178,2183,1432,554,14676,3807,8922,484,277,1186,15281,3526,8660,330,1343,1422,297,136,33,34,27,78,9,886,346,47,51,073,89,29,181,346,165,296,8554,440,448,3581,2301,1784,25420,1267,2475,8464,6345,1998,3279,1592,-888888888,-888888888,27936,4667,-888888888,-888888888,-888888888,-888888888,-888888888,-888888888,-888888888,-888888888,36265,31432,4639,2150,2489,1740,749,194,36610,35916,35338,21074,14264,578,694,694,430,264,1272,578,69,509,694,163,531,694,270,194,0,0,159,71,34642,33770,872,321,420,176,238,45,204,100,10,0,36610,3653,10,107,67,776,8868,1485,165,4956,14,227,5175,1671,16,264,720,76,292,1277,1545,9,96,650,124,198,387,46
2010,Goochland County; Virginia,6831,5468,1457,4768,1229,203,47,497,181,1363,1083,578,1627,2170,2.33,2.62,15932,6831,4747,3851,264,239,192,8694,2697,5059,268,188,482,9049,1863,5586,146,600,854,623,152,68,127,2,209,100,230,47,0,51,075,19,0,28,47,33,47,3696,295,186,2006,932,277,16292,1086,2286,4339,2894,683,2916,2088,-888888888,-888888888,16867,2066,-888888888,-888888888,-888888888,-888888888,-888888888,-888888888,-888888888,-888888888,20940,19255,1677,287,1390,1066,324,8,21136,20506,20368,13660,6708,138,630,630,270,360,768,138,13,125,630,169,461,630,129,84,52,0,348,17,20134,18821,1313,397,777,320,395,33,59,0,82,44,21136,2168,147,59,0,186,3299,432,29,2214,32,77,1640,577,61,100,326,0,178,621,719,8,42,118,89,18,141,0
2010,Grayson County; Virginia,6858,4496,1471,3700,1108,227,118,569,245,2362,2165,969,1664,2290,2.28,2.83,15607,6858,3696,3917,607,529,245,6447,1440,3822,168,318,699,6934,1111,3967,200,956,700,88,0,0,26,44,51,6,368,230,0,51,077,13,99,118,230,112,227,2830,111,230,1045,990,454,11733,1474,1644,4154,2274,975,966,246,-888888888,-888888888,12751,1499,-888888888,-888888888,-888888888,-888888888,-888888888,-888888888,-888888888,-888888888,15705,14086,1619,572,1047,630,417,0,15855,15769,15704,11161,4543,65,86,86,10,76,151,65,50,15,86,0,86,86,7,3,0,0,76,0,15072,14611,461,164,373,157,88,7,0,0,0,0,15855,3873,0,0,59,225,2041,68,35,2013,0,23,1557,256,0,18,26,0,2,588,340,46,0,39,36,0,107,0
2010,Greene County; Virginia,6709,4750,2270,3701,1630,432,228,617,412,1959,1679,428,2499,1437,2.65,3.18,17767,6709,3714,5669,986,689,453,6950,1968,3842,172,177,791,7282,1669,3961,95,496,1061,120,23,11,27,0,52,16,644,337,20,51,079,0,86,231,337,166,286,3866,193,278,2082,951,362,12216,1035,1471,4320,2262,680,1559,889,-888888888,-888888888,13411,1520,-888888888,-888888888,-888888888,-888888888,-888888888,-888888888,-888888888,-888888888,17954,15978,1890,785,1105,541,564,86,18082,17353,17271,11902,5369,82,729,729,213,516,811,82,25,57,729,334,395,729,105,110,44,0,470,0,16879,15817,1062,598,710,499,195,15,138,76,19,8,18082,4617,0,25,0,315,2192,268,0,2350,34,15,1875,766,20,86,379,0,53,268,438,0,98,182,38,0,76,20
2010,Greensville County; Virginia,3385,2369,948,1625,629,197,105,547,214,1016,941,456,1139,1026,2.93,3.60,9934,3385,1597,3682,888,382,203,6899,3277,2261,339,283,739,3630,1026,1667,124,497,316,95,63,59,50,51,94,24,230,156,63,51,081,0,2,91,156,93,51,1963,131,54,787,627,364,8708,911,1730,3942,1432,218,342,133,-888888888,-888888888,10081,1114,-888888888,-888888888,-888888888,-888888888,-888888888,-888888888,-888888888,-888888888,12103,11372,723,93,630,547,83,8,12181,12021,11945,8794,3151,76,160,160,21,139,236,76,0,76,160,86,74,160,0,67,7,0,86,0,11680,11302,378,185,249,150,36,0,75,35,18,0,12181,1024,2,0,0,0,971,47,0,320,0,0,225,39,0,16,81,0,0,81,110,32,2096,9,15,0,12,0
2010,Halifax County; Virginia,14650,9767,3632,6840,2099,569,283,2358,1250,4883,4450,2015,4356,4785,2.45,3.02,35834,14650,6811,10153,2752,1468,555,13885,4022,7454,484,443,1482,15717,3778,7002,680,2544,1713,401,101,25,52,7,109,27,964,408,91,51,083,70,100,147,408,250,280,8253,405,388,3829,2012,1619,25544,2894,4024,8801,4524,1929,1851,1521,-888888888,-888888888,28076,3056,-888888888,-888888888,-888888888,-888888888,-888888888,-888888888,-888888888,-888888888,35864,31082,4715,3375,1340,541,799,67,36311,35748,35639,28267,7372,109,563,563,209,354,672,109,11,98,563,220,343,563,102,100,62,0,181,118,34132,33550,582,308,351,206,111,34,68,68,52,0,36311,7722,3,52,8,155,3384,438,12,1842,87,69,1718,321,23,38,162,9,23,495,246,0,305,217,16,28,227,45
2010,Hanover County; Virginia,36114,28144,13240,23352,10723,1300,634,3492,1883,7970,6724,2578,14250,8349,2.69,3.07,97093,36114,23412,30664,4181,2722,1306,38060,9587,24375,403,851,2844,40552,8489,24236,708,3213,3906,947,196,20,39,13,89,20,1697,610,88,51,085,164,60,298,610,366,398,27337,2061,1046,11862,6494,5874,65816,1751,4069,18940,14975,4349,14546,7186,-888888888,-888888888,73632,8946,-888888888,-888888888,-888888888,-888888888,-888888888,-888888888,-888888888,-888888888,98314,88906,9150,3016,6134,4789,1345,258,99172,96103,95350,67027,28323,753,3069,3069,1611,1458,3822,753,92,661,3069,796,2273,3069,821,1002,192,30,919,105,93439,89385,4054,1367,2171,757,987,258,697,328,199,24,99172,14732,326,792,280,1108,18802,2532,728,14376,264,543,12748,4070,137,528,2279,158,416,3750,2859,334,390,647,195,150,963,65
2010,Henrico County; Virginia,121767,78361,38731,56395,25932,4440,2238,17526,10561,43406,36280,10761,41760,25276,2.43,3.04,296169,121767,56362,88925,14441,14674,6303,109953,35190,60779,2697,2700,8587,129415,38022,58604,3749,12488,16552,4537,1534,37,57,18,106,25,4527,1619,281,51,087,316,287,735,1619,1085,973,77738,5565,4380,31800,17093,18900,201889,7840,14167,46894,42126,12308,49811,28743,-888888888,-888888888,226202,22644,-888888888,-888888888,-888888888,-888888888,-888888888,-888888888,-888888888,-888888888,296092,243802,50012,26103,23909,17155,6754,2278,300053,268300,265907,175872,90035,2393,31753,31753,12557,19196,34146,2393,259,2134,31753,13518,18235,31739,4763,14451,3022,72,8776,655,279834,243034,36800,15280,11790,5897,11707,3685,10297,4459,3006,1239,300053,23752,2982,832,664,2779,39204,6329,856,34285,1959,1296,30724,11063,564,1566,5537,554,2073,7908,7139,412,3800,2260,718,553,2366,1710
2010,Henry County; Virginia,22909,15700,5979,11110,3390,1018,385,3572,2204,7209,6727,3154,6760,7508,2.37,2.90,54317,22909,11111,14734,4001,1562,824,21637,5662,11704,734,961,2576,23974,4992,11457,1178,3385,2962,601,303,48,49,83,98,8,1223,546,98,51,089,79,90,279,546,423,324,11435,530,503,4977,3172,2253,39369,4668,6243,13176,7461,3520,2795,1506,-888888888,-888888888,43397,4720,-888888888,-888888888,-888888888,-888888888,-888888888,-888888888,-888888888,-888888888,54313,46457,7789,4373,3416,2324,1092,67,54860,53006,52783,39858,12925,223,1854,1854,434,1420,2077,223,38,185,1854,989,865,1854,60,182,164,0,1448,0,51880,49362,2518,1355,2274,1235,119,42,125,78,0,0,54860,11348,11,20,90,665,5418,822,43,3377,139,23,4663,520,87,108,333,0,189,878,804,35,846,190,33,10,114,7
2010,Highland County; Virginia,1130,813,173,605,128,110,11,98,34,317,293,102,200,425,2.12,2.50,2395,1130,588,460,169,48,17,1146,241,741,38,46,80,1017,164,634,3,145,71,14,0,0,33,0,59,34,39,31,19,51,091,0,0,12,31,19,24,318,11,21,143,107,36,1965,130,387,724,223,81,266,154,-888888888,-888888888,2066,281,-888888888,-888888888,-888888888,-888888888,-888888888,-888888888,-888888888,-888888888,2384,2050,334,71,263,230,33,0,2395,2390,2372,1722,650,18,5,5,5,0,23,18,0,18,5,0,5,5,5,0,0,0,0,0,2362,2362,0,0,0,0,0,0,0,0,0,0,2395,540,0,0,0,90,280,60,4,567,0,3,321,17,0,0,0,0,0,309,32,0,0,5,3,0,4,0
2010,Isle of Wight County; Virginia,13553,10266,3869,8317,2928,416,125,1533,816,3287,2974,1025,4438,3388,2.55,2.94,34609,13553,8329,9736,1885,1106,463,13587,3362,8540,274,364,1047,14621,2897,8578,510,1378,1258,382,145,45,46,24,112,17,717,431,143,51,093,69,157,62,431,273,286,9061,688,517,3720,2126,2010,24290,1134,2220,7501,5273,2070,3860,2232,-888888888,-888888888,26219,4075,-888888888,-888888888,-888888888,-888888888,-888888888,-888888888,-888888888,-888888888,34355,31152,3094,929,2165,1385,780,109,34762,34015,33610,22103,11507,405,747,747,368,379,1152,405,83,322,747,215,532,747,247,184,0,0,221,95,32867,31640,1227,465,570,214,548,203,109,48,0,0,34762,5777,0,148,78,399,5382,717,165,3568,65,64,3247,973,12,196,356,253,162,907,998,62,645,203,104,55,207,30
2010,James City County; Virginia,25851,19040,7236,16130,5540,742,374,2168,1322,6811,5479,2564,7802,8394,2.45,2.85,63399,25851,16103,16814,2256,2375,708,25318,6000,16776,449,534,1559,27614,5097,16812,408,2719,2578,572,172,30,40,11,85,20,1120,594,151,51,095,68,135,240,594,349,508,15157,1060,651,6401,3694,3351,45744,752,2321,9735,9365,2983,11263,9325,-888888888,-888888888,49661,8660,-888888888,-888888888,-888888888,-888888888,-888888888,-888888888,-888888888,-888888888,63895,55094,8246,2219,6027,3780,2247,555,64386,59697,58453,26192,32261,1244,4689,4689,2272,2417,5933,1244,200,1044,4689,1673,3016,4689,1623,1359,120,89,1176,322,61082,55628,5454,1593,2453,1067,2001,209,858,237,142,80,64386,4175,418,170,455,993,12719,1976,435,10839,486,530,8808,3960,242,864,1791,111,700,2054,2836,214,139,697,264,154,715,60
2010,King and Queen County; Virginia,2815,1961,620,1523,469,187,60,251,91,854,784,336,668,909,2.46,2.91,6926,2815,1535,1746,465,365,195,2822,892,1624,47,41,218,2926,620,1553,27,537,189,63,42,60,42,0,140,0,108,56,15,51,097,0,0,41,56,19,56,1155,75,0,550,348,182,4778,417,741,2033,938,177,349,123,-888888888,-888888888,5477,639,-888888888,-888888888,-888888888,-888888888,-888888888,-888888888,-888888888,-888888888,6880,6650,230,83,147,147,0,0,6926,6830,6769,5379,1390,61,96,96,0,96,157,61,0,61,96,89,7,96,0,0,0,7,89,0,6514,6306,208,109,191,109,17,0,0,0,0,0,6926,2006,0,26,0,51,1017,101,30,505,0,0,506,23,7,0,31,0,0,148,95,0,227,0,0,0,0,0
2010,King George County; Virginia,8194,6027,3250,4759,2290,348,253,920,707,2167,1849,546,3513,1549,2.65,3.13,21738,8194,4750,7104,1006,684,360,8671,2363,5189,171,105,843,8811,1991,4998,425,650,747,371,77,33,64,20,140,24,553,151,73,51,099,50,6,22,151,82,137,5721,353,347,2855,1262,904,14651,497,944,4441,3197,1110,2954,1508,-888888888,-888888888,15116,2947,-888888888,-888888888,-888888888,-888888888,-888888888,-888888888,-888888888,-888888888,22414,18666,3657,384,3273,1165,2108,91,22794,22283,21881,10154,11727,402,511,511,356,155,913,402,132,270,511,91,420,511,181,221,25,11,64,9,20963,20354,609,163,163,33,268,62,146,68,32,0,22794,2009,110,92,11,467,3825,650,58,4337,186,13,3065,963,21,141,599,94,107,534,541,19,121,145,33,78,182,7
2010,King William County; Virginia,5909,4540,1905,3656,1504,209,75,675,326,1369,1225,413,2142,1310,2.62,2.99,15461,5909,3604,4588,827,533,293,5894,1394,3853,85,57,505,6279,1144,3704,188,602,641,254,121,83,67,169,93,26,376,165,69,51,101,50,0,46,165,119,70,3778,179,250,1846,924,579,10411,373,984,4178,2193,626,1496,561,-888888888,-888888888,11590,1370,-888888888,-888888888,-888888888,-888888888,-888888888,-888888888,-888888888,-888888888,15326,14063,1260,534,726,683,43,3,15509,15331,15277,11441,3836,54,178,178,48,130,232,54,8,46,178,78,100,178,39,13,6,0,112,8,14531,14235,296,71,224,63,35,3,13,5,24,0,15509,2294,11,0,46,101,2692,416,39,1509,42,109,1368,787,57,210,458,0,90,539,411,6,218,98,9,51,111,11
2010,Lancaster County; Virginia,5421,3656,1054,2795,561,184,172,677,321,1765,1603,810,1257,2317,2.06,2.43,11150,5421,2819,2043,379,488,248,4630,930,3012,89,218,381,5332,935,2768,78,1038,513,58,8,8,29,0,51,23,130,57,0,51,103,16,0,41,57,46,23,1854,154,70,887,476,267,9033,454,1147,2490,1757,684,1721,780,-888888888,-888888888,9573,1530,-888888888,-888888888,-888888888,-888888888,-888888888,-888888888,-888888888,-888888888,11431,10641,739,545,194,157,37,51,11478,11209,11100,7658,3442,109,269,269,135,134,378,109,8,101,269,122,147,269,130,23,31,7,34,44,10999,10710,289,68,145,8,83,12,9,7,52,41,11478,797,3,73,70,137,2985,475,13,1295,0,41,1212,201,57,92,77,0,17,310,372,14,91,47,27,10,163,34
2010,Lee County; Virginia,9836,6828,2374,5052,1740,608,150,1168,484,3008,2758,1301,3093,3199,2.51,3.03,24673,9836,5023,6710,2105,999,330,10712,3085,5587,354,335,1351,10371,2050,5208,268,1679,1166,149,66,25,27,25,59,5,808,560,15,51,105,49,139,357,560,310,493,5384,264,267,2333,1430,1090,18033,2664,2483,5795,3617,1308,1483,683,-888888888,-888888888,20045,1742,-888888888,-888888888,-888888888,-888888888,-888888888,-888888888,-888888888,-888888888,25257,22259,2958,1958,1000,454,546,40,25434,25112,25014,14983,10031,98,322,322,211,111,420,98,0,98,322,34,288,322,0,191,0,0,131,0,24018,23483,535,132,206,44,95,16,182,66,52,6,25434,3317,20,20,0,359,1712,341,14,2350,0,47,3072,305,78,7,135,0,0,647,233,0,126,65,63,0,163,21
2010,Loudoun County; Virginia,95330,71188,42494,60817,36503,2990,1665,7381,4326,24142,20161,3682,44129,12103,3.05,3.57,290784,95330,60835,103946,18348,12325,3697,105329,29101,66887,1904,1309,6128,109709,25311,66346,2176,5899,9977,5893,710,24,73,12,123,53,5716,1119,277,51,107,204,453,185,1119,726,672,87353,8393,5698,38514,16588,18160,185191,5713,6367,26882,29647,10698,65801,40083,-888888888,-888888888,201623,18530,-888888888,-888888888,-888888888,-888888888,-888888888,-888888888,-888888888,-888888888,285977,246383,36661,16991,19670,10663,9007,2933,291653,228227,221260,95304,125956,6967,63426,63426,30545,32881,70393,6967,1430,5537,63426,23204,40222,63426,6135,33295,3042,210,19833,911,264325,189679,74646,28721,28453,13945,22097,6034,20978,8002,3118,740,291653,13779,3037,1356,877,3840,35469,7892,1308,45935,1869,1892,38591,20655,1048,3223,10072,733,3104,6523,7421,718,4292,3499,805,1340,2710,1030
2010,Louisa County; Virginia,13253,9715,3643,7445,2555,788,331,1482,757,3538,2901,1113,4339,3219,2.43,2.79,32248,13253,7435,8177,1799,1584,772,12952,3087,7882,321,392,1270,13330,2743,7637,328,1208,1414,472,154,46,61,16,122,31,1009,367,71,51,109,123,66,107,367,180,286,6624,244,446,3162,1546,1226,22804,1594,2836,8641,4285,1363,2713,1372,-888888888,-888888888,24939,3260,-888888888,-888888888,-888888888,-888888888,-888888888,-888888888,-888888888,-888888888,31718,28887,2787,1439,1348,965,383,44,32248,31596,31321,21894,9427,275,652,652,261,391,927,275,69,206,652,216,436,652,220,140,30,0,232,30,30329,29375,954,470,548,339,323,106,83,25,0,0,32248,5368,2,209,51,388,4003,630,122,4456,87,93,3358,847,8,158,514,47,177,832,623,118,103,193,44,44,206,0
2010,Lunenburg County; Virginia,4515,3002,1162,2170,735,162,73,670,354,1513,1361,717,1293,1544,2.64,3.26,11900,4515,2131,3640,1010,604,224,5867,2249,2606,271,181,560,5009,1254,2103,228,793,631,107,78,57,43,63,86,9,310,100,0,51,111,0,98,2,100,41,91,2698,124,135,1196,551,692,9258,1107,1528,3591,1541,563,648,280,-888888888,-888888888,10409,1472,-888888888,-888888888,-888888888,-888888888,-888888888,-888888888,-888888888,-888888888,12917,11829,1079,273,806,723,83,9,12968,12677,12521,9854,2667,156,291,291,94,197,447,156,0,156,291,159,132,291,25,12,0,0,254,0,12245,11848,397,285,328,272,69,13,0,0,0,0,12968,1887,17,9,3,161,1962,128,17,661,0,19,917,219,0,22,136,20,3,463,186,9,756,35,72,0,115,3
2010,Madison County; Virginia,5213,4001,1385,3091,1064,283,161,627,160,1212,902,430,1671,1700,2.56,2.88,13342,5213,3081,3409,1045,594,267,5361,1305,3412,117,153,374,5479,1144,3191,95,584,465,99,17,16,35,33,97,0,388,135,52,51,113,0,17,66,135,87,66,3054,244,183,1241,712,674,9396,636,1210,3274,1890,444,1148,794,-888888888,-888888888,10294,1277,-888888888,-888888888,-888888888,-888888888,-888888888,-888888888,-888888888,-888888888,13253,11920,1333,707,626,435,191,0,13342,12822,12774,9590,3184,48,520,520,218,302,568,48,15,33,520,11,509,520,151,87,0,20,246,16,12550,12241,309,124,89,87,120,0,100,37,0,0,13342,1008,218,0,10,302,3426,258,113,3820,0,0,2188,726,20,105,137,0,11,385,201,13,222,183,57,60,96,34
2010,Mathews County; Virginia,3773,2726,855,1946,552,230,117,550,186,1047,933,483,990,1451,2.37,2.76,8929,3773,1976,2319,514,347,127,3663,925,1988,5,229,516,4024,846,2105,84,546,443,79,12,13,46,0,92,29,125,43,0,51,115,18,25,0,43,29,25,1586,32,73,701,495,285,6695,343,692,2521,1516,241,757,625,-888888888,-888888888,7262,1084,-888888888,-888888888,-888888888,-888888888,-888888888,-888888888,-888888888,-888888888,8836,8178,634,123,511,481,30,24,9004,8825,8737,6350,2387,88,179,179,121,58,267,88,32,56,179,21,158,179,136,0,0,0,43,0,8617,8499,118,62,41,21,28,17,24,24,25,0,9004,1065,25,14,0,334,2825,342,0,1642,55,12,1588,296,0,0,131,26,92,106,391,0,0,78,50,0,98,11
2010,Mecklenburg County; Virginia,12594,8107,2881,5885,1636,573,321,1649,924,4487,4006,1843,3431,4453,2.48,3.12,31209,12594,5816,8702,2704,1393,596,13645,4575,6528,558,579,1405,13815,3369,6195,588,2202,1461,435,185,51,65,35,164,11,773,399,158,51,117,78,0,163,399,248,270,6586,435,296,2920,1584,1351,23871,2099,3815,8767,4539,1449,2045,1157,-888888888,-888888888,26225,3223,-888888888,-888888888,-888888888,-888888888,-888888888,-888888888,-888888888,-888888888,32355,29475,2688,1046,1642,1233,409,192,32774,31838,31623,22843,8780,215,936,936,303,633,1151,215,69,146,936,565,371,936,229,185,68,11,443,0,31133,30160,973,583,584,454,114,32,145,59,130,38,32774,5133,65,7,24,251,3620,668,65,2508,0,146,2209,502,14,178,223,0,72,368,442,0,2895,103,8,24,182,13
2010,Middlesex County; Virginia,4303,3162,806,2575,533,254,120,333,153,1141,1032,571,980,1762,2.46,2.86,10597,4303,2569,2613,695,417,163,4622,1173,2653,178,186,432,4808,921,2657,155,554,521,16,0,0,8,0,31,0,305,99,0,51,119,13,37,49,99,85,63,1830,30,117,870,589,224,8400,376,666,2820,1615,615,1445,863,-888888888,-888888888,9013,1389,-888888888,-888888888,-888888888,-888888888,-888888888,-888888888,-888888888,-888888888,10799,9746,1006,621,385,322,63,47,10831,10514,10429,6878,3551,85,317,317,234,83,402,85,0,85,317,0,317,317,237,13,0,0,57,10,10481,10294,187,129,93,77,63,52,0,0,31,0,10831,593,0,0,43,221,3783,412,16,1963,28,0,1429,292,22,47,169,0,68,437,375,0,32,42,20,14,12,19
2010,Montgomery County; Virginia,34369,19276,8203,15332,6081,946,539,2998,1583,15093,9391,2577,8739,6474,2.34,2.82,80485,34369,15336,17236,2530,11014,1639,41611,22075,16360,364,700,2112,38436,15810,15701,729,2842,3354,989,142,8,36,4,57,27,958,444,126,51,121,179,27,112,444,286,347,41692,1130,857,6422,3056,30227,48009,2237,3479,11603,8346,3442,9051,9851,-888888888,-888888888,77462,5432,-888888888,-888888888,-888888888,-888888888,-888888888,-888888888,-888888888,-888888888,91629,63345,27655,13048,14607,9880,4727,629,92527,85072,83875,49748,34127,1197,7455,7455,2174,5281,8652,1197,152,1045,7455,4188,3267,7455,1576,4208,498,0,1033,140,88260,79606,8654,1965,1424,468,3459,426,3098,1002,673,69,92527,10061,555,312,222,1513,11610,2113,206,16219,503,492,11887,4115,145,762,2227,160,853,3423,3033,50,264,932,297,172,1048,156
2010,Nelson County; Virginia,6534,4522,1400,3540,968,338,105,644,327,2012,1660,704,1583,2004,2.28,2.70,14917,6534,3560,3394,754,675,218,6171,1492,3677,109,114,779,6460,1219,3642,126,713,760,64,23,18,21,0,57,4,269,106,7,51,125,0,32,67,106,50,48,2867,266,127,1426,622,426,11197,1116,1377,3637,1995,505,1567,1000,-888888888,-888888888,12112,1537,-888888888,-888888888,-888888888,-888888888,-888888888,-888888888,-888888888,-888888888,14906,12963,1910,920,990,770,220,33,14989,14582,14489,10660,3829,93,407,407,164,243,500,93,22,71,407,124,283,407,153,52,0,0,202,0,14314,13728,586,266,423,198,111,16,24,24,28,28,14989,3100,0,0,26,193,3109,260,10,1119,15,54,1809,334,0,93,170,0,47,304,534,12,9,92,61,22,173,0
2010,New Kent County; Virginia,6513,5171,1940,4270,1409,370,197,531,334,1342,1143,424,2261,1517,2.60,2.93,16916,6513,4282,4606,1073,442,291,7364,2044,4481,267,91,481,7071,1192,4386,207,647,639,139,27,17,34,0,51,33,599,195,24,51,127,108,10,53,195,99,195,4024,230,221,1911,941,721,12561,505,1211,4433,2565,1006,2095,746,-888888888,-888888888,13591,1766,-888888888,-888888888,-888888888,-888888888,-888888888,-888888888,-888888888,-888888888,17515,15233,2282,364,1918,1715,203,0,17655,17431,17234,12024,5210,197,224,224,78,146,421,197,19,178,224,145,79,224,159,65,0,0,0,0,16705,16354,351,110,160,30,84,21,82,59,25,0,17655,1932,5,154,80,209,2871,301,0,2227,129,88,2292,863,11,101,686,15,12,609,440,71,69,134,27,10,210,75
2010,Northampton County; Virginia,5088,3207,960,2281,535,232,52,694,373,1881,1655,849,1188,1975,2.43,3.11,12364,5088,2303,3457,1014,502,140,4899,1531,2414,173,292,489,5575,1288,2477,318,887,605,113,53,38,43,39,105,0,290,93,7,51,131,14,5,67,93,71,72,2220,147,198,978,586,311,9063,919,1073,3266,1591,508,1068,638,-888888888,-888888888,9967,1127,-888888888,-888888888,-888888888,-888888888,-888888888,-888888888,-888888888,-888888888,12423,11445,956,455,501,284,217,22,12572,11817,11777,8849,2928,40,755,755,136,619,795,40,22,18,755,473,282,755,104,77,19,10,542,3,11876,11117,759,403,619,379,88,0,52,24,0,0,12572,1767,17,38,5,72,2055,146,17,1080,88,14,870,389,9,93,106,4,29,99,214,16,1414,46,10,8,56,11
2010,Northumberland County; Virginia,5478,3700,1011,3166,698,42,26,492,287,1778,1390,797,1286,2490,2.27,2.74,12419,5478,3150,2296,981,514,196,5154,1013,3277,31,262,571,5544,865,3305,67,677,630,139,118,118,67,259,84,14,416,179,67,51,133,23,0,89,179,102,136,1859,145,141,924,480,169,9702,542,997,3006,2539,459,1307,852,-888888888,-888888888,10313,1629,-888888888,-888888888,-888888888,-888888888,-888888888,-888888888,-888888888,-888888888,12232,11585,610,147,463,271,192,37,12419,12162,12116,7890,4226,46,257,257,113,144,303,46,0,46,257,60,197,257,109,46,36,0,66,0,11878,11606,272,32,63,22,144,0,0,0,65,10,12419,1076,18,9,18,95,3116,321,80,1588,0,98,1514,328,0,28,28,27,0,295,264,19,46,36,29,0,93,0
2010,Nottoway County; Virginia,5607,3958,1743,2555,1007,495,238,908,498,1649,1499,793,2055,1790,2.72,3.18,15275,5607,2544,4449,1648,1027,419,6906,2204,3221,391,242,848,6210,1566,2578,382,1040,644,212,106,61,65,19,172,0,342,164,18,51,135,18,15,113,164,94,146,3441,256,167,1432,851,735,11175,883,2156,4230,1862,746,646,652,-888888888,-888888888,12466,1436,-888888888,-888888888,-888888888,-888888888,-888888888,-888888888,-888888888,-888888888,15581,13445,2057,1040,1017,860,157,79,15819,15418,15289,12333,2956,129,401,401,40,361,530,129,46,83,401,304,97,401,50,15,0,0,336,0,14922,14091,831,339,572,318,226,21,13,0,20,0,15819,2072,0,11,0,227,1784,147,0,1445,212,234,803,190,9,14,250,14,0,255,151,5,1170,17,118,9,90,0
2010,Orange County; Virginia,12669,9308,3747,7251,2564,636,359,1421,824,3361,2936,938,4172,3796,2.52,2.97,31953,12669,7258,8919,2143,964,599,12859,3200,7790,220,422,1227,13660,2917,7636,429,1450,1228,370,96,30,50,25,113,14,614,311,0,51,137,52,64,195,311,181,307,7251,459,558,3528,1704,1002,23007,1340,2467,7865,5057,1332,3481,1465,-888888888,-888888888,24982,3989,-888888888,-888888888,-888888888,-888888888,-888888888,-888888888,-888888888,-888888888,32464,27754,4676,1582,3094,2297,797,34,32730,31369,31019,19476,11543,350,1361,1361,860,501,1711,350,139,211,1361,354,1007,1361,495,237,16,16,558,39,30791,29020,1771,677,1084,476,490,114,168,73,29,14,32730,3280,11,210,51,547,5481,758,150,6264,182,105,4987,1504,124,79,596,17,113,831,1016,11,151,522,72,11,204,60
2010,Page County; Virginia,9629,6533,2441,5031,1690,505,310,997,441,3096,2680,1164,2747,2954,2.48,3.02,23890,9629,4983,6748,1457,1073,593,9751,2682,5271,301,374,1123,10014,2032,5370,325,1201,1086,269,96,39,49,14,107,19,466,181,28,51,139,47,53,53,181,118,105,5096,462,169,2318,1465,682,16968,1696,2964,7146,2546,725,1253,638,-888888888,-888888888,18781,2267,-888888888,-888888888,-888888888,-888888888,-888888888,-888888888,-888888888,-888888888,23897,21448,2331,1539,792,578,214,118,24116,23723,23667,18949,4718,56,393,393,123,270,449,56,0,56,393,162,231,393,73,92,0,0,222,6,22812,21985,827,251,438,159,310,53,63,39,16,0,24116,4206,36,40,6,560,2951,437,20,5632,0,4,2284,455,14,113,263,38,21,578,512,31,0,31,131,39,241,0
2010,Patrick County; Virginia,7344,5091,1714,4140,1157,139,71,812,486,2253,2110,1032,1987,2588,2.50,3.06,18373,7344,4123,5183,1184,539,144,7616,1952,4365,145,250,904,7995,1303,4362,366,1154,810,162,91,58,42,0,89,23,352,237,142,51,141,12,10,73,237,145,206,3874,74,231,1701,933,935,13542,1677,1825,4988,2513,1247,985,307,-888888888,-888888888,14971,1611,-888888888,-888888888,-888888888,-888888888,-888888888,-888888888,-888888888,-888888888,18500,16900,1600,1217,383,330,53,0,18643,18335,18226,12044,6182,109,308,308,29,279,417,109,65,44,308,158,150,308,33,12,111,0,152,0,17770,17264,506,182,302,88,78,4,44,8,82,82,18643,4616,0,12,8,326,2060,176,37,1341,0,19,1777,44,0,90,62,0,15,676,303,13,82,55,29,4,111,0
2010,Pittsylvania County; Virginia,26563,18671,6996,14076,4720,1434,681,3161,1595,7892,7192,3187,8096,7893,2.34,2.82,62148,26563,14038,16226,3669,1652,1079,25325,6165,14739,1026,855,2540,26640,5159,14697,877,3220,2687,646,348,57,46,52,80,22,1709,857,195,51,143,138,124,400,857,507,707,14580,1072,664,6654,3297,2893,44887,4441,6323,16107,8881,3372,3955,1808,-888888888,-888888888,49384,5358,-888888888,-888888888,-888888888,-888888888,-888888888,-888888888,-888888888,-888888888,62615,56267,6262,3110,3152,2096,1056,86,63147,61764,61635,50238,11397,129,1383,1383,452,931,1512,129,2,127,1383,469,914,1383,215,295,27,0,846,0,59867,57870,1997,1009,1415,810,357,73,169,122,56,4,63147,14099,62,35,37,446,6969,591,115,3805,77,63,5682,548,13,82,365,62,188,1036,911,49,203,124,51,61,156,57
2010,Powhatan County; Virginia,8637,6836,2749,5957,2377,258,112,621,260,1801,1480,649,2919,2281,2.46,2.79,21276,8637,5973,5867,404,395,324,13177,5065,5940,508,243,1421,9595,927,6973,208,636,851,200,0,0,37,2,142,7,264,164,4,51,145,8,50,102,164,85,139,5838,521,346,2925,1435,611,20443,1096,3128,6448,4056,1232,2855,1628,-888888888,-888888888,21419,3416,-888888888,-888888888,-888888888,-888888888,-888888888,-888888888,-888888888,-888888888,27539,23327,4193,387,3806,3240,566,19,27758,26957,26787,18680,8107,170,801,801,371,430,971,170,1,169,801,149,652,801,184,161,10,0,364,82,26345,25359,986,377,503,195,386,122,88,51,9,9,27758,4346,43,53,45,156,3601,484,121,3091,55,43,2670,717,26,135,272,101,71,786,725,0,10,150,19,36,104,23
2010,Prince Edward County; Virginia,7314,4551,1695,3526,1162,213,103,812,430,2763,2285,858,1971,2089,2.66,3.39,19483,7314,3524,5577,1769,1299,274,9776,4851,3806,198,237,684,9686,4164,3580,278,903,761,146,67,15,24,0,51,12,466,116,0,51,147,65,0,51,116,71,101,8508,298,298,1800,1345,4767,12569,864,1505,5447,1943,485,1364,961,-888888888,-888888888,18662,1540,-888888888,-888888888,-888888888,-888888888,-888888888,-888888888,-888888888,-888888888,22547,18237,4196,1258,2938,2421,517,114,22723,22246,22142,15743,6399,104,477,477,217,260,581,104,0,104,477,154,323,477,276,118,8,0,31,44,21692,20023,1669,327,763,184,851,143,48,0,7,0,22723,3239,12,77,82,185,2971,343,66,2691,61,97,1725,776,64,74,300,55,127,615,582,26,75,427,36,12,248,0
2010,Prince George County; Virginia,10474,8322,3719,6467,2527,508,350,1347,842,2152,1977,746,4030,2211,2.83,3.21,29637,10474,6550,9878,1965,770,280,15783,5662,7901,391,327,1502,12761,3380,6882,390,1107,1002,169,67,17,21,0,48,9,709,290,52,51,149,141,26,71,290,190,217,8599,372,564,3744,2237,1682,22984,1047,2145,8522,5902,1425,2522,1421,-888888888,-888888888,24106,4110,-888888888,-888888888,-888888888,-888888888,-888888888,-888888888,-888888888,-888888888,34819,28411,6096,1062,5034,1886,3148,312,35129,33652,32749,18770,13979,903,1477,1477,868,609,2380,903,269,634,1477,471,1006,1477,402,413,181,22,459,0,33152,30797,2355,653,1192,314,637,209,427,130,99,0,35129,3557,172,226,46,356,4468,495,193,3513,111,94,2832,907,22,72,561,95,168,645,556,15,565,98,17,36,171,132
2010,Prince William County; Virginia,124879,96441,53688,74672,40892,6022,3429,15747,9367,28438,21979,4790,58173,17603,3.00,3.38,374441,124879,74635,127178,28045,19704,7077,141506,44368,82408,3095,2001,9634,145092,38895,80417,4401,6938,14441,6567,1712,38,63,21,117,32,10045,3143,508,51,153,856,611,1168,3143,2037,2336,110065,6477,6007,47616,24029,25936,235845,13337,13998,52376,51328,16406,53776,34624,-888888888,-888888888,260769,37705,-888888888,-888888888,-888888888,-888888888,-888888888,-888888888,-888888888,-888888888,373022,309981,60124,27275,32849,17701,15148,2917,379415,298555,288248,127747,160501,10307,80860,80860,32748,48112,91167,10307,1944,8363,80860,26094,54766,80860,4865,22339,9282,147,43599,628,346598,243647,102951,45652,62143,32116,16292,4228,15358,6794,9158,2514,379415,18245,3012,1355,1269,3098,31839,7728,2114,49816,1683,1164,40127,17505,789,2473,9771,980,2566,6765,7519,792,13349,3620,843,1083,2569,2920
2010,Pulaski County; Virginia,14898,9996,3336,7620,2333,729,278,1647,725,4902,4218,1674,3944,4360,2.27,2.75,33849,14898,7633,8059,1785,1474,732,14450,3690,8056,451,464,1789,14897,2609,7772,272,2186,2058,425,81,23,56,65,118,11,871,605,104,51,155,135,103,263,605,369,450,6986,381,250,3162,1639,1554,25578,1861,3485,8631,5198,2859,2480,1064,-888888888,-888888888,28038,3810,-888888888,-888888888,-888888888,-888888888,-888888888,-888888888,-888888888,-888888888,34614,29570,4995,2530,2465,1964,501,49,34963,34516,34408,26850,7558,108,447,447,192,255,555,108,0,108,447,111,336,447,103,69,18,0,257,0,33240,32588,652,301,349,169,133,31,147,101,23,0,34963,6176,54,74,11,367,4148,653,51,4749,20,47,4270,477,0,40,209,14,95,980,927,20,7,245,33,104,200,15
2010,Rappahannock County; Virginia,3163,2151,804,1829,624,124,97,198,83,1012,747,335,1004,990,2.33,2.78,7376,3163,1836,1643,347,387,239,3003,820,1864,53,66,200,3174,634,1878,44,356,262,103,30,43,64,0,83,67,185,48,0,51,157,15,0,33,48,23,48,1651,96,92,705,361,397,5355,537,546,1222,856,191,1257,746,-888888888,-888888888,5850,874,-888888888,-888888888,-888888888,-888888888,-888888888,-888888888,-888888888,-888888888,7309,6692,530,312,218,159,59,87,7376,7185,7076,4086,2990,109,191,191,120,71,300,109,9,100,191,8,183,191,150,8,0,0,20,13,7045,6819,226,38,87,26,110,12,29,0,0,0,7376,784,29,89,53,145,1412,81,0,1785,29,0,1267,320,13,31,95,149,62,135,248,12,0,21,21,20,134,0
2010,Richmond County; Virginia,3007,1912,575,1427,404,141,43,344,128,1095,964,595,863,1240,2.58,3.26,7754,3007,1447,2044,831,425,107,4561,1760,1981,237,164,419,3420,683,1504,108,723,402,85,66,80,50,0,153,20,315,19,8,51,159,0,11,0,19,19,8,1658,118,107,788,366,279,6833,703,1031,2816,1209,403,481,190,-888888888,-888888888,7674,832,-888888888,-888888888,-888888888,-888888888,-888888888,-888888888,-888888888,-888888888,9212,8003,1169,465,704,443,261,40,9328,8980,8929,7067,1862,51,348,348,38,310,399,51,40,11,348,267,81,348,25,16,0,0,307,0,8882,8562,320,228,286,194,14,14,20,20,0,0,9328,926,14,8,0,26,1878,385,13,794,0,0,845,150,0,16,118,0,2,178,125,0,8,80,0,0,3,19
2010,Roanoke County; Virginia,37833,25652,11200,21063,8574,1252,705,3337,1921,12181,10808,4161,11883,10311,2.37,2.92,89742,37833,21091,25318,2833,2667,1351,35165,8421,22005,449,962,3328,39876,8126,21613,671,4860,4606,957,329,36,45,6,99,21,1017,596,84,51,161,61,146,305,596,362,490,21925,1244,1260,9284,5320,4817,64583,2170,4487,16796,14555,5542,13718,7315,-888888888,-888888888,71217,8839,-888888888,-888888888,-888888888,-888888888,-888888888,-888888888,-888888888,-888888888,90756,78183,12231,4302,7929,5837,2092,342,91583,87011,86286,56966,29320,725,4572,4572,1999,2573,5297,725,126,599,4572,1662,2910,4572,1349,1776,166,94,1049,138,86631,80616,6015,2214,1951,669,2618,849,1319,660,127,36,91583,13781,609,206,183,1570,14919,2518,340,15532,290,318,11910,3357,225,707,1531,79,282,4137,3099,176,236,600,179,175,920,124
2010,Rockbridge County; Virginia,9372,6588,2360,5318,1764,450,212,820,384,2784,2427,1152,2737,3110,2.37,2.81,22217,9372,5302,5660,967,916,277,9178,2206,5487,138,231,1116,9492,1676,5382,245,1101,1088,183,51,25,38,0,97,8,488,322,69,51,163,128,70,55,322,166,227,4906,271,172,2003,1109,1351,16132,1351,1940,5655,2711,964,2295,1216,-888888888,-888888888,17816,2530,-888888888,-888888888,-888888888,-888888888,-888888888,-888888888,-888888888,-888888888,22110,19875,2232,1065,1167,735,432,3,22217,21967,21878,16404,5474,89,250,250,132,118,339,89,27,62,250,43,207,250,152,36,0,0,38,24,21120,20711,409,193,194,108,195,85,20,0,0,0,22217,5759,102,44,34,176,3007,519,88,3265,0,38,2628,374,0,116,241,0,124,1676,551,38,17,79,50,13,114,19
2010,Rockingham County; Virginia,29701,21677,9157,17651,7103,1358,697,2668,1357,8024,6920,2939,10176,8020,2.45,2.88,72672,29701,17652,20028,3000,2291,1552,29251,7282,18411,389,811,2358,30867,5902,18389,484,3204,2888,1196,239,35,68,44,145,20,1696,994,211,51,165,292,141,350,994,608,780,17873,1175,765,7960,3956,4017,50489,4627,6512,18500,7039,2748,6925,4138,-888888888,-888888888,56836,5433,-888888888,-888888888,-888888888,-888888888,-888888888,-888888888,-888888888,-888888888,73844,64939,8616,4069,4547,2989,1558,289,74922,71481,70874,51977,18897,607,3441,3441,995,2446,4048,607,93,514,3441,1273,2168,3441,732,484,130,0,2000,95,70322,65221,5101,2183,3349,1699,1429,318,178,135,145,31,74922,23759,126,161,100,843,6218,1111,89,15773,162,143,5424,1259,44,206,752,75,390,1331,1017,7,223,352,1498,543,242,30
2010,Russell County; Virginia,11529,8106,3154,6495,2507,311,122,1300,525,3423,3064,1581,3912,3503,2.50,3.03,28842,11529,6484,7792,2213,824,379,11742,2933,7126,226,319,1138,12245,1908,6815,480,1569,1473,204,51,23,31,10,83,0,995,725,187,51,167,134,94,310,725,447,569,6053,295,470,2720,1296,1272,20681,3311,2599,7330,3586,1640,1593,622,-888888888,-888888888,22815,1601,-888888888,-888888888,-888888888,-888888888,-888888888,-888888888,-888888888,-888888888,28584,25816,2768,1514,1254,859,395,0,28842,28385,28385,22856,5529,0,457,457,262,195,457,0,0,0,457,253,204,457,265,160,0,0,28,4,27402,26988,414,181,27,12,345,139,42,30,0,0,28842,2727,0,37,0,339,2473,443,18,4049,0,66,3414,337,0,0,365,0,265,957,791,0,0,89,0,0,207,3
2010,Scott County; Virginia,9610,6650,2423,5246,1780,368,178,1036,465,2960,2686,1332,2729,3092,2.37,2.88,22735,9610,5242,6066,1183,634,285,9555,2169,5642,169,408,1167,9891,1756,5374,279,1419,1063,184,0,0,38,9,61,28,454,355,24,51,169,106,65,160,355,235,232,4435,148,322,1984,1065,916,16807,2568,1869,6615,2508,1513,1071,663,-888888888,-888888888,18583,1847,-888888888,-888888888,-888888888,-888888888,-888888888,-888888888,-888888888,-888888888,23010,21238,1760,916,844,475,369,12,23234,23087,23045,9057,13988,42,147,147,45,102,189,42,0,42,147,63,84,147,52,27,3,0,65,0,22071,21744,327,152,256,106,52,36,15,10,4,0,23234,3567,0,14,0,331,2438,188,104,2144,49,0,2772,331,54,0,102,0,2,940,548,0,3,16,0,0,81,0
2010,Shenandoah County; Virginia,17316,11636,4356,9167,3038,759,350,1710,968,5680,4692,1929,5212,5455,2.39,2.90,41365,17316,9176,10508,2446,1919,938,16582,4601,9631,221,470,1659,17472,3060,9753,324,2060,2275,413,160,39,45,54,87,14,1089,429,13,51,171,155,91,170,429,234,359,8826,234,631,4138,2358,1465,29234,1729,3336,11697,5792,1568,3218,1894,-888888888,-888888888,32237,4361,-888888888,-888888888,-888888888,-888888888,-888888888,-888888888,-888888888,-888888888,41061,35128,5707,2883,2824,2034,790,226,41468,39734,39330,25923,13407,404,1734,1734,476,1258,2138,404,199,205,1734,732,1002,1734,190,418,4,0,1073,49,39132,36359,2773,1335,1948,1030,399,125,353,166,73,14,41468,8892,79,51,84,706,4648,767,255,10338,60,115,5294,950,34,194,482,19,337,1129,994,0,35,232,167,25,200,6
2010,Smyth County; Virginia,12992,8778,3187,6456,1969,720,282,1602,936,4214,3743,1607,3609,3834,2.41,2.94,31361,12992,6447,8560,2016,1346,746,12830,3272,6894,472,572,1620,13857,2587,6744,540,2146,1840,201,28,8,28,0,75,1,620,237,83,51,173,52,22,80,237,134,172,6996,308,367,3043,1700,1578,22907,2555,3008,8348,3781,1866,2296,1053,-888888888,-888888888,25342,2688,-888888888,-888888888,-888888888,-888888888,-888888888,-888888888,-888888888,-888888888,32140,26967,5160,3086,2074,1365,709,13,32383,32083,31885,25082,6803,198,300,300,110,190,498,198,21,177,300,82,218,300,30,19,95,0,116,40,30449,29832,617,170,447,124,84,15,17,0,69,31,32383,7729,70,0,11,515,3347,356,30,3584,32,3,2808,221,0,66,192,9,47,1388,705,0,10,145,23,13,196,44
2010,Southampton County; Virginia,6571,4658,1842,3373,1153,319,211,966,478,1913,1712,751,2192,1870,2.58,3.11,16976,6571,3356,5042,1431,576,299,8084,2525,3819,496,146,1098,7286,1755,3615,303,892,721,207,141,70,51,5,93,39,527,215,72,51,175,72,0,71,215,136,198,4066,184,287,1708,1148,739,13077,1421,2060,4189,2726,1033,1195,453,-888888888,-888888888,14483,2178,-888888888,-888888888,-888888888,-888888888,-888888888,-888888888,-888888888,-888888888,18320,16735,1569,375,1194,968,226,16,18493,18377,18295,13804,4491,82,116,116,62,54,198,82,0,82,116,24,92,116,27,31,0,0,38,20,17567,17297,270,54,183,19,62,35,25,0,0,0,18493,3252,0,10,9,80,2374,140,65,841,21,20,1256,551,7,23,229,7,0,122,290,0,1826,32,7,0,32,19
2010,Spotsylvania County; Virginia,41009,32156,17215,25008,12503,1916,1244,5232,3468,8853,7126,2415,18476,7699,2.91,3.28,119269,41009,25008,42136,6273,4843,1785,44649,12863,26605,938,713,3530,47537,11681,26338,1097,3787,4634,1850,575,43,59,34,119,26,2668,1002,323,51,177,56,275,348,1002,607,834,35184,1955,1609,16043,8468,7109,75976,2552,6184,22405,16736,5373,14449,8277,-888888888,-888888888,84747,12941,-888888888,-888888888,-888888888,-888888888,-888888888,-888888888,-888888888,-888888888,118655,103393,14866,6651,8215,5230,2985,396,120212,112908,110227,58074,52153,2681,7304,7304,3934,3370,9985,2681,531,2150,7304,2263,5041,7304,1370,2275,271,68,3185,135,111678,101180,10498,4069,5823,2629,2832,562,1650,854,193,24,120212,14389,437,746,249,1354,15505,3001,564,19657,891,775,16738,5837,89,1407,2896,320,445,3024,3031,242,365,1293,160,330,999,661
2010,Stafford County; Virginia,40183,32620,17418,26737,13754,1853,1088,4030,2576,7563,6145,1542,18885,6010,3.01,3.34,120770,40183,26776,42966,6706,4139,1939,47567,14704,28773,519,558,3013,47228,11613,27858,1218,2758,3781,2133,553,40,63,14,143,28,2972,1251,257,51,179,318,167,509,1251,647,1103,38138,1846,2059,16762,9336,8135,76116,1911,4529,20270,15803,6678,16153,10772,-888888888,-888888888,82348,16054,-888888888,-888888888,-888888888,-888888888,-888888888,-888888888,-888888888,-888888888,122919,102492,19227,4824,14403,6421,7982,1200,124587,114785,111264,47678,63586,3521,9802,9802,5193,4609,13323,3521,551,2970,9802,2488,7314,9802,1287,2577,1117,61,4587,173,115886,101190,14696,4250,8256,2800,3131,692,2270,651,1039,107,124587,17869,480,295,456,1718,12573,2989,706,19367,501,451,14509,6312,165,991,3278,363,665,2743,3223,308,2006,1483,289,296,1143,1256
2010,Surry County; Virginia,2481,1677,616,1267,413,118,58,292,145,804,732,338,764,802,2.84,3.54,7039,2481,1255,2294,707,302,127,2845,833,1486,93,123,310,2960,916,1309,89,328,318,72,40,48,44,0,115,14,278,87,23,51,181,0,0,64,87,43,87,1679,96,100,671,467,345,4784,481,535,1885,967,266,371,279,-888888888,-888888888,5436,665,-888888888,-888888888,-888888888,-888888888,-888888888,-888888888,-888888888,-888888888,6961,6463,498,160,338,245,93,0,7039,6890,6833,5800,1033,57,149,149,19,130,206,57,0,57,149,105,44,149,36,20,93,0,0,0,6669,6450,219,82,86,59,18,0,2,0,113,23,7039,696,0,1,0,20,1227,54,10,377,0,4,447,235,0,13,13,0,12,264,180,67,138,4,0,0,23,8
2010,Sussex County; Virginia,3796,2344,864,1508,467,176,59,660,338,1452,1304,573,1037,1190,2.86,3.80,10868,3796,1529,3731,1297,515,156,5763,3027,1828,272,207,429,4705,1661,1775,159,781,329,159,136,81,62,0,115,49,386,125,0,51,183,40,8,77,125,90,83,2739,50,150,963,778,798,8373,1289,1410,3221,1277,338,529,309,-888888888,-888888888,10022,1063,-888888888,-888888888,-888888888,-888888888,-888888888,-888888888,-888888888,-888888888,12029,11113,909,224,685,578,107,7,12167,11995,11947,10208,1739,48,172,172,55,117,220,48,3,45,172,74,98,172,2,0,39,0,131,0,11616,11271,345,190,236,140,104,50,0,0,5,0,12167,2088,5,1,3,0,1019,86,81,405,9,47,569,36,0,7,13,17,47,69,78,0,867,32,0,15,14,24
2010,Tazewell County; Virginia,18015,12934,4929,10223,3518,759,417,1952,994,5081,4473,2069,5484,5311,2.45,2.91,44058,18015,10201,12219,2340,1283,785,18125,4616,10908,448,539,1614,18993,3138,10761,692,2633,1769,468,149,39,48,30,110,7,882,552,145,51,185,84,127,196,552,281,431,9619,582,482,4382,2059,2114,32115,3833,4017,10645,6512,2501,3243,1364,-888888888,-888888888,35483,3620,-888888888,-888888888,-888888888,-888888888,-888888888,-888888888,-888888888,-888888888,44304,39350,4944,3130,1814,660,1154,10,44706,44047,43892,26666,17226,155,659,659,425,234,814,155,50,105,659,125,534,659,67,365,180,0,28,19,42418,41562,856,245,83,0,436,119,202,85,135,41,44706,4384,0,40,0,1280,4283,608,58,6491,35,182,7220,1183,10,24,468,0,50,1581,575,0,519,94,46,0,168,0
2010,Warren County; Virginia,14160,9765,4451,7690,3391,542,286,1533,774,4395,3509,1261,4948,3408,2.58,3.12,36559,14160,7695,10871,2180,1653,931,14653,4137,8311,391,459,1355,14949,3437,7912,338,1503,1759,547,152,39,60,0,148,17,958,310,115,51,187,88,8,99,310,186,227,8913,433,547,3913,2136,1884,24876,1519,2629,9141,4905,1370,3287,2025,-888888888,-888888888,27901,3817,-888888888,-888888888,-888888888,-888888888,-888888888,-888888888,-888888888,-888888888,36517,32351,4014,1866,2148,1528,620,152,37044,35753,35253,21641,13612,500,1291,1291,497,794,1791,500,144,356,1291,291,1000,1291,351,205,118,0,566,51,34677,32666,2011,824,1191,688,592,72,155,44,73,20,37044,4403,94,205,115,693,5526,1104,177,7017,98,307,5111,1440,78,312,777,64,112,1211,1074,48,125,399,52,107,349,77
2010,Washington County; Virginia,22711,16077,5733,12447,4085,987,480,2643,1168,6634,5496,2189,6642,6659,2.33,2.72,52863,22711,12411,12829,2431,2481,978,22153,5054,13044,711,810,2534,23307,4223,12862,641,2759,2822,467,128,23,38,13,94,7,1343,658,163,51,191,113,128,254,658,453,353,11579,727,617,4661,2637,2937,39200,3337,4339,12793,7688,2989,5253,2801,-888888888,-888888888,43481,4789,-888888888,-888888888,-888888888,-888888888,-888888888,-888888888,-888888888,-888888888,53701,47193,6464,3519,2945,1418,1527,44,54322,53760,53613,33318,20295,147,562,562,181,381,709,147,0,147,562,246,316,562,176,120,2,0,247,17,51609,50741,868,310,544,208,207,13,112,84,5,5,54322,9379,2,117,96,734,6087,965,148,7655,8,154,7358,748,0,97,538,24,236,2694,1470,0,103,303,59,27,289,31
2010,Westmoreland County; Virginia,7135,4694,1579,3334,823,459,242,901,514,2441,2133,969,1795,2656,2.42,2.94,17237,7135,3358,4218,1514,1012,503,6881,1796,3942,162,210,771,7600,2010,3332,277,1155,826,233,161,77,62,10,160,10,749,188,6,51,193,25,0,157,188,91,146,3566,146,195,1660,941,624,12494,855,2076,4406,2427,739,1060,931,-888888888,-888888888,13601,1943,-888888888,-888888888,-888888888,-888888888,-888888888,-888888888,-888888888,-888888888,17045,15178,1860,938,922,522,400,7,17237,16540,16429,10945,5484,111,697,697,260,437,808,111,37,74,697,221,476,697,170,47,0,0,458,22,16414,15332,1082,416,749,353,192,37,141,26,0,0,17237,1057,32,12,53,132,3394,481,58,2162,49,0,1948,625,61,23,139,7,142,500,384,0,132,39,52,8,185,19
2010,Wise County; Virginia,15750,10907,4242,8459,3062,662,257,1786,923,4843,4366,1515,4853,4086,2.48,3.01,39087,15750,8395,10849,2649,1444,613,17766,5756,9297,636,394,1683,16709,3404,8593,698,2104,1910,444,161,36,47,21,104,6,1204,611,131,51,195,143,124,213,611,348,525,8764,353,583,3797,2187,1844,28720,3752,4768,9882,5403,1660,2261,994,-888888888,-888888888,32828,3333,-888888888,-888888888,-888888888,-888888888,-888888888,-888888888,-888888888,-888888888,41052,35146,5886,3535,2351,1162,1189,20,41496,40907,40829,30233,10596,78,589,589,296,293,667,78,0,78,589,173,416,589,53,172,37,14,313,0,39204,38394,810,288,516,244,94,24,75,20,125,0,41496,4283,81,46,38,547,3333,434,39,3493,59,113,4881,497,22,57,468,0,3,1486,1160,0,37,152,11,0,108,7
2010,Wythe County; Virginia,11665,7953,2648,6122,1834,452,114,1379,700,3712,3132,1441,3154,3509,2.46,2.98,28743,11665,6133,8049,1595,1301,631,11431,2646,6704,264,496,1321,12410,2404,6293,417,1812,1484,212,40,13,32,10,67,12,662,367,67,51,197,186,68,46,367,205,265,6181,417,377,3027,1277,1083,20699,2079,2679,6877,4251,1921,1934,958,-888888888,-888888888,22766,2404,-888888888,-888888888,-888888888,-888888888,-888888888,-888888888,-888888888,-888888888,28792,25790,3002,1688,1314,617,697,0,29005,28898,28786,22097,6689,112,107,107,73,34,219,112,0,112,107,0,107,107,0,68,0,0,39,0,27424,27043,381,54,211,36,161,18,9,0,0,0,29005,5651,52,0,108,785,3002,287,3,5351,3,9,2778,552,0,44,210,49,68,892,323,12,0,80,8,31,85,0
2010,York County; Virginia,24002,18857,9133,15503,7147,673,344,2681,1642,5145,4366,1606,9657,5353,2.61,2.98,62575,24002,15515,20056,1697,1305,694,24907,6406,16264,446,377,1414,26254,4940,16129,354,2021,2810,888,170,26,54,16,150,14,744,364,54,51,199,165,43,102,364,247,247,19359,910,1037,8076,4523,4813,42288,778,1538,8462,9542,4420,9904,7644,-888888888,-888888888,43123,9956,-888888888,-888888888,-888888888,-888888888,-888888888,-888888888,-888888888,-888888888,64009,53855,9116,2324,6792,2838,3954,1038,64846,60262,58287,24003,34284,1975,4584,4584,2686,1898,6559,1975,489,1486,4584,1329,3255,4584,994,2369,225,0,763,233,61184,56185,4999,1380,1758,522,1234,135,1763,659,244,64,64846,5590,354,202,488,756,10596,1805,443,10551,412,291,8107,4097,159,662,1793,262,430,2118,1943,309,484,643,167,293,591,310
2010,Alexandria city; Virginia,63738,29010,11787,21264,7876,2035,752,5711,3159,34728,28850,4323,12787,9086,2.08,2.96,132259,63738,21319,27103,8468,11631,4132,54448,22723,24748,1249,932,4796,59682,23082,23359,1587,4013,7641,2248,425,18,55,33,73,36,1221,388,64,51,510,61,127,136,388,341,117,25790,2110,1399,7310,3809,11162,101028,4676,4496,12831,13829,4219,31615,29362,-888888888,-888888888,109099,12125,-888888888,-888888888,-888888888,-888888888,-888888888,-888888888,-888888888,-888888888,131441,102467,26630,8099,18531,7658,10873,2344,133647,101546,97995,28070,69925,3551,32101,32101,11600,20501,35652,3551,992,2559,32101,15061,17040,32101,2525,8716,8695,148,11686,331,124164,88143,36021,15477,16156,8571,7879,1996,4051,1694,7935,3216,133647,3640,2202,647,463,1734,14500,3061,810,17325,673,577,15846,6580,570,1182,3729,271,1494,3602,3670,498,10512,1304,572,593,1404,835
2010,Bedford city; Virginia,2782,1728,739,1079,403,108,0,541,336,1054,929,317,866,764,2.21,2.86,6147,2782,1055,1857,299,154,35,2363,715,1134,101,53,360,2495,608,1084,149,282,372,92,11,14,67,0,70,92,211,135,0,51,515,88,18,29,135,88,88,1357,38,95,713,211,300,4160,242,404,1342,926,379,538,329,-888888888,-888888888,4675,513,-888888888,-888888888,-888888888,-888888888,-888888888,-888888888,-888888888,-888888888,6037,5260,777,258,519,434,85,0,6177,6005,5952,4168,1784,53,172,172,94,78,225,53,0,53,172,62,110,172,75,45,19,0,33,0,5865,5733,132,21,19,0,89,9,24,12,0,0,6177,882,0,0,0,188,536,80,31,401,16,44,729,178,39,0,75,0,15,144,166,0,19,50,48,26,28,56
2010,Bristol city; Virginia,7948,4899,1805,3249,1004,389,235,1261,566,3049,2718,1299,2151,2599,2.17,2.77,17263,7948,3209,4128,1354,624,389,6625,1779,3394,233,287,932,7926,1588,3421,304,1202,1411,189,98,46,46,148,70,0,564,420,140,51,520,16,123,141,420,288,276,4196,275,244,1688,834,1155,12456,952,1570,3718,2699,1061,1696,760,-888888888,-888888888,14003,1739,-888888888,-888888888,-888888888,-888888888,-888888888,-888888888,-888888888,-888888888,17431,13909,3492,546,2946,1506,1440,30,17704,17558,17503,7327,10176,55,146,146,80,66,201,55,0,55,146,17,129,146,84,53,0,0,9,0,16674,16314,360,156,192,84,111,38,57,34,0,0,17704,3296,0,8,0,272,2025,334,102,2402,89,25,1897,434,0,114,90,0,17,657,690,0,27,85,29,8,36,0
2010,Buena Vista city; Virginia,2693,1807,716,1231,459,167,79,409,178,886,706,452,794,899,2.43,2.93,6556,2693,1205,1915,374,369,195,2499,676,1232,93,171,327,2988,839,1232,69,430,418,55,23,24,32,64,48,0,102,47,9,51,530,0,27,11,47,16,47,1830,163,75,669,361,562,4268,587,575,1469,668,263,416,290,-888888888,-888888888,5214,639,-888888888,-888888888,-888888888,-888888888,-888888888,-888888888,-888888888,-888888888,6626,5053,1552,689,863,683,180,21,6653,6637,6628,4989,1639,9,16,16,15,1,25,9,0,9,16,1,15,16,0,0,0,0,0,16,6310,6222,88,22,58,0,0,0,30,22,0,0,6653,2002,0,0,10,113,459,293,9,756,84,0,804,116,0,43,136,0,43,193,56,0,9,24,59,0,128,0
2010,Charlottesville city; Virginia,17290,7048,3172,4873,1966,395,172,1780,1034,10242,6570,1617,3612,3187,2.22,2.94,38381,17290,4896,7257,1526,7412,1263,17390,10286,5240,221,525,1118,19546,10747,5390,336,1179,1894,357,112,10,25,0,38,13,571,237,30,51,540,152,33,22,237,155,163,17401,469,298,2617,1507,12510,23696,1494,2007,4725,3597,815,5124,5934,-888888888,-888888888,35750,2047,-888888888,-888888888,-888888888,-888888888,-888888888,-888888888,-888888888,-888888888,41934,27239,13952,4397,9555,7596,1959,743,42267,37295,36490,20363,16127,805,4972,4972,1340,3632,5777,805,109,696,4972,2929,2043,4972,738,2264,844,9,1015,102,40103,33960,6143,2385,1630,772,1693,426,1916,757,904,430,42267,3502,468,132,95,560,5539,1168,234,5795,351,128,4111,2133,112,405,924,44,480,1306,1258,47,1016,407,140,203,471,165
2010,Chesapeake city; Virginia,78778,59611,28912,44881,20341,3260,1674,11470,6897,19167,16413,5631,32685,16086,2.73,3.16,215277,78778,44904,69140,14602,7853,3330,82706,25099,48196,1812,1763,5836,89680,22378,47260,2797,7261,9984,3133,1331,50,54,50,109,17,6169,2166,477,51,550,588,218,883,2166,1377,1493,61948,3501,3047,26238,14424,14738,141347,3812,11332,38663,35727,12364,24732,14717,-888888888,-888888888,154919,27717,-888888888,-888888888,-888888888,-888888888,-888888888,-888888888,-888888888,-888888888,216383,186743,28671,10792,17879,10527,7352,969,219268,209616,205645,118503,87142,3971,9652,9652,5451,4201,13623,3971,736,3235,9652,3250,6402,9652,1661,4365,271,16,3043,296,204951,191209,13742,4442,6203,2053,3530,825,3546,1489,463,75,219268,30037,712,553,412,1807,23701,4892,1011,24649,955,667,23626,9760,356,1192,4283,306,1048,4910,4830,221,6008,1429,342,340,1492,1337
2010,Colonial Heights city; Virginia,7075,4555,1683,3269,1060,358,194,928,429,2520,2155,946,2048,2280,2.46,3.05,17400,7075,3258,4720,1343,1004,331,6490,1992,3546,73,209,670,7792,1834,3380,198,1134,1246,73,8,3,18,0,37,9,385,166,16,51,570,69,0,81,166,141,82,3950,203,208,1953,794,792,12075,385,1053,4597,2945,681,1614,800,-888888888,-888888888,13491,2179,-888888888,-888888888,-888888888,-888888888,-888888888,-888888888,-888888888,-888888888,17422,15553,1789,718,1071,667,404,80,17472,16531,16201,10629,5572,330,941,941,426,515,1271,330,50,280,941,298,643,941,197,491,102,0,151,0,16608,15460,1148,528,320,52,313,108,427,314,88,54,17472,2227,35,165,22,210,3948,385,66,2085,27,17,2067,494,0,41,276,163,22,657,502,10,289,74,35,32,189,30
2010,Covington city; Virginia,2641,1528,555,1186,389,50,18,292,148,1113,950,415,661,813,2.27,2.90,5989,2641,1202,1488,215,443,197,2291,581,1166,44,123,377,2637,533,1317,100,415,272,48,6,9,34,0,104,16,64,10,0,51,580,0,0,10,10,10,0,1247,38,64,589,288,268,4145,289,502,1627,980,315,270,162,-888888888,-888888888,4689,693,-888888888,-888888888,-888888888,-888888888,-888888888,-888888888,-888888888,-888888888,5920,4679,1222,222,1000,975,25,19,5989,5936,5914,4486,1428,22,53,53,45,8,75,22,0,22,53,8,45,53,0,53,0,0,0,0,5683,5592,91,15,23,0,30,15,38,0,0,0,5989,1071,0,0,0,113,562,58,0,888,185,0,676,56,0,17,0,0,0,292,91,0,0,32,7,0,0,0
2010,Danville city; Virginia,19448,11759,4786,7013,2319,817,310,3929,2157,7689,6887,2709,5744,5843,2.14,2.78,41686,19448,7029,10836,3014,1359,590,16078,5283,7758,839,633,1565,20002,5751,7252,1290,3258,2451,602,212,35,60,37,118,18,1306,684,73,51,590,102,90,419,684,478,470,10773,808,411,4142,2502,2910,30072,2708,4555,8984,6340,2625,3016,1844,-888888888,-888888888,34320,4590,-888888888,-888888888,-888888888,-888888888,-888888888,-888888888,-888888888,-888888888,43203,35338,7707,3931,3776,2436,1340,158,43787,42427,42266,31959,10307,161,1360,1360,396,964,1521,161,39,122,1360,703,657,1360,138,193,306,0,706,17,41148,39286,1862,758,1442,593,170,20,189,95,61,50,43787,4110,73,16,63,259,3939,359,26,2338,66,73,2896,461,64,83,224,18,50,957,722,0,398,66,34,0,88,155
2010,Emporia city; Virginia,2406,1356,521,748,191,153,45,455,285,1050,865,361,658,617,2.36,3.07,5678,2406,793,1495,524,460,222,1990,702,870,86,56,276,2600,785,864,180,457,314,120,79,97,90,0,191,0,74,55,0,51,595,38,17,0,55,45,55,1174,191,24,508,258,193,3947,501,618,1458,622,139,297,312,-888888888,-888888888,4404,342,-888888888,-888888888,-888888888,-888888888,-888888888,-888888888,-888888888,-888888888,5720,5160,560,138,422,341,81,0,5822,5657,5602,4378,1224,55,165,165,57,108,220,55,0,55,165,94,71,165,63,40,6,0,56,0,5235,4978,257,83,109,56,79,27,34,0,35,0,5822,585,27,0,0,17,561,54,0,123,0,7,226,8,0,0,39,0,92,74,85,0,1338,24,0,0,0,0
2010,Fairfax city; Virginia,8524,5629,2274,4448,1890,497,87,684,297,2895,2108,587,2478,1911,2.52,3.08,21451,8524,4466,5376,1863,1222,410,8985,3340,4764,147,180,554,9497,2391,4884,252,984,986,386,26,10,69,13,128,29,510,76,29,51,600,15,9,23,76,65,50,5532,375,255,1827,1149,1926,15503,445,622,2364,2884,940,4554,3694,-888888888,-888888888,17477,1964,-888888888,-888888888,-888888888,-888888888,-888888888,-888888888,-888888888,-888888888,21725,18113,3375,807,2568,1962,606,237,22058,16462,15913,6271,9642,549,5596,5596,2759,2837,6145,549,123,426,5596,1683,3913,5596,520,2730,348,19,1904,75,20872,14528,6344,2493,2606,1134,1306,245,2162,1059,270,55,22058,669,159,135,61,349,2994,566,31,3687,170,88,3000,1218,31,238,506,176,281,731,576,104,300,207,43,115,362,15
2010,Falls Church city; Virginia,4706,2930,1648,2325,1270,122,74,483,304,1776,1498,494,1712,1000,2.44,3.10,11465,4706,2323,3476,348,612,175,4322,1478,2410,118,87,229,4911,1498,2481,61,349,522,173,0,0,58,0,100,45,55,24,24,51,610,0,0,0,24,14,24,3308,216,190,1140,769,993,7737,221,114,878,778,256,2347,3143,-888888888,-888888888,8604,804,-888888888,-888888888,-888888888,-888888888,-888888888,-888888888,-888888888,-888888888,11294,9017,1857,359,1498,947,551,420,11465,9408,8930,2693,6237,478,2057,2057,953,1104,2535,478,180,298,2057,786,1271,2057,358,871,313,0,411,104,10723,8333,2390,662,821,227,728,178,609,207,232,50,11465,537,199,77,61,223,1707,249,34,1935,148,43,1633,649,9,132,402,8,317,418,546,74,245,166,102,74,218,0
2010,Franklin city; Virginia,3524,2390,1095,1489,568,91,58,810,469,1134,1071,534,1196,1062,2.36,2.95,8330,3524,1483,2735,442,146,77,2984,855,1613,231,107,178,3869,1218,1491,125,600,435,191,106,83,91,75,193,18,147,73,0,51,620,18,30,25,73,63,43,2111,143,177,842,459,490,5674,574,783,1667,1273,299,677,401,-888888888,-888888888,6514,750,-888888888,-888888888,-888888888,-888888888,-888888888,-888888888,-888888888,-888888888,8389,7103,1286,568,718,459,259,0,8549,8329,8251,6350,1901,78,220,220,117,103,298,78,20,58,220,0,220,220,12,49,0,0,159,0,7919,7789,130,31,41,9,55,10,34,12,0,0,8549,1422,0,0,20,11,898,140,54,413,0,43,358,110,24,36,144,17,45,118,160,0,1406,4,10,0,32,261
2010,Fredericksburg city; Virginia,9206,4490,2042,2856,1115,419,170,1215,757,4716,3885,985,2281,1918,2.27,3.21,20857,9206,2878,5505,1547,1721,607,8697,4230,3282,74,254,857,10808,5316,3114,413,860,1105,286,112,21,38,13,59,21,413,169,49,51,630,58,0,62,169,129,82,7398,438,282,1826,762,4090,13277,564,1221,4008,2542,705,2462,1775,-888888888,-888888888,18644,1765,-888888888,-888888888,-888888888,-888888888,-888888888,-888888888,-888888888,-888888888,23215,17662,5516,1490,4026,3014,1012,37,23375,21222,20751,11476,9275,471,2153,2153,842,1311,2624,471,164,307,2153,1024,1129,2153,159,473,157,0,1310,54,21777,18907,2870,1447,2060,1295,445,81,282,71,83,0,23375,2586,98,55,59,92,2749,408,85,2373,48,35,2501,1324,16,86,455,25,65,424,575,40,168,123,66,54,131,184
2010,Galax city; Virginia,3326,1738,684,1047,278,99,31,592,375,1588,1340,606,817,1073,1.95,2.52,6471,3326,1021,1239,375,510,338,2609,834,1149,36,204,386,3353,689,1107,177,819,561,49,0,0,32,0,78,0,95,25,0,51,640,0,0,25,25,13,25,1335,41,14,699,309,272,5281,855,542,1590,1224,401,455,214,-888888888,-888888888,5724,980,-888888888,-888888888,-888888888,-888888888,-888888888,-888888888,-888888888,-888888888,6903,5800,1094,432,662,589,73,9,6936,6518,6502,4499,2003,16,418,418,0,418,434,16,0,16,418,189,229,418,0,0,0,0,418,0,6736,5960,776,464,776,464,0,0,0,0,0,0,6936,1362,0,9,9,99,487,40,0,530,0,15,662,36,0,0,39,0,32,162,124,0,0,9,0,0,36,0
2010,Hampton city; Virginia,53283,33306,14881,23120,9185,1886,665,8300,5031,19977,16731,4766,17002,11671,2.54,3.22,135222,53283,23086,40951,9840,8062,1566,53353,19767,24937,2157,1446,5046,59227,18919,24853,2405,5275,7775,1830,567,26,49,21,91,15,3457,1755,327,51,650,328,388,712,1755,1258,829,38876,1694,1779,13836,7741,13826,89047,2708,7419,27340,24399,7736,12154,7291,-888888888,-888888888,101829,20814,-888888888,-888888888,-888888888,-888888888,-888888888,-888888888,-888888888,-888888888,137239,114776,21943,10363,11580,6686,4894,520,139046,131461,128355,68955,59400,3106,7585,7585,4515,3070,10691,3106,517,2589,7585,2196,5389,7585,1441,2955,656,49,2308,176,129941,120664,9277,2866,3883,907,2246,610,2344,1024,804,325,139046,11117,630,150,169,868,11579,1874,300,11524,245,349,9024,3745,41,718,2033,228,382,2249,2398,116,1581,654,146,203,747,1653
2010,Harrisonburg city; Virginia,14965,7426,3212,5493,2088,595,325,1338,799,7539,4095,1265,3643,2681,2.56,3.01,38267,14965,5528,7563,1861,8350,704,19069,11367,6112,388,323,879,22459,13338,6152,161,1220,1588,507,261,19,29,0,48,19,456,314,0,51,660,123,111,80,314,155,237,23337,538,507,2740,1614,17938,20360,2293,2292,4935,3112,945,3932,2851,-888888888,-888888888,40150,1815,-888888888,-888888888,-888888888,-888888888,-888888888,-888888888,-888888888,-888888888,46935,29671,16306,2826,13480,10552,2928,958,47406,41005,39717,23355,16362,1288,6401,6401,1790,4611,7689,1288,727,561,6401,2783,3618,6401,872,1424,557,48,3435,65,44997,36586,8411,4137,5393,3052,1828,625,642,242,548,218,47406,14504,348,52,17,268,2685,657,335,6413,84,116,3088,1542,68,315,710,74,419,905,806,95,543,471,999,106,289,38
2010,Hopewell city; Virginia,8914,5343,2031,3020,764,638,251,1685,1016,3571,3096,1131,2566,2295,2.51,3.19,22349,8914,3040,6272,2408,1715,687,7996,3150,3362,255,294,935,9840,3886,3175,346,1187,1246,202,121,30,33,13,67,9,658,303,16,51,670,63,111,113,303,192,185,5107,139,367,2302,1492,807,14739,1017,2506,5712,3188,709,1057,550,-888888888,-888888888,16517,2216,-888888888,-888888888,-888888888,-888888888,-888888888,-888888888,-888888888,-888888888,22166,18526,3572,1859,1713,1372,341,68,22506,21506,21208,15970,5238,298,1000,1000,296,704,1298,298,25,273,1000,553,447,1000,139,151,0,0,710,0,20895,19575,1320,451,987,291,158,25,120,86,55,49,22506,2170,63,76,10,107,3554,249,66,1594,60,91,1956,410,0,77,174,25,16,157,352,17,49,45,67,0,110,39
2010,Lexington city; Virginia,2108,973,410,827,347,0,0,146,63,1135,867,448,450,786,2.13,2.91,4480,2108,807,942,110,513,125,3548,2559,872,14,72,31,2740,1155,895,31,413,246,5,5,4,3,0,7,0,57,23,0,51,678,23,0,0,23,11,23,3684,68,60,220,164,3172,2987,280,280,625,396,81,616,709,-888888888,-888888888,6121,368,-888888888,-888888888,-888888888,-888888888,-888888888,-888888888,-888888888,-888888888,6990,5215,1679,296,1383,521,862,96,6990,6584,6481,2624,3857,103,406,406,194,212,509,103,23,80,406,283,123,406,77,152,0,15,162,0,6615,6080,535,191,190,87,184,65,161,39,0,0,6990,683,24,50,12,50,1162,166,3,1394,36,33,1088,369,43,57,201,16,16,365,362,19,19,103,27,15,144,35
2010,Lynchburg city; Virginia,27875,16268,6974,11333,4308,1163,602,3772,2064,11607,9255,3486,7757,7363,2.35,3.01,65378,27875,11310,17607,3800,4786,1376,28107,12349,12186,707,786,2079,33488,13516,11995,900,3322,3755,1037,499,36,49,19,88,11,1125,561,128,51,680,81,118,234,561,421,347,25514,1009,779,6196,3383,14147,42759,2684,4543,12273,8720,2451,7478,4610,-888888888,-888888888,58904,6213,-888888888,-888888888,-888888888,-888888888,-888888888,-888888888,-888888888,-888888888,72697,55940,16265,6157,10108,5627,4481,492,73726,70611,70059,44349,25710,552,3115,3115,682,2433,3667,552,80,472,3115,2028,1087,3115,448,1507,189,18,625,328,69240,64912,4328,1726,1721,609,1347,412,1010,682,250,23,73726,6756,172,245,182,911,10448,1740,253,10118,358,294,7852,2183,120,636,846,86,319,2370,2107,119,441,786,146,213,580,336
2010,Manassas city; Virginia,11732,8777,4925,6523,3437,731,421,1523,1067,2955,2213,538,5382,1721,3.06,3.44,35914,11732,6530,12385,2514,2753,855,13682,5190,7259,174,121,938,13843,4183,7225,404,706,1325,679,333,73,71,0,125,44,522,61,28,51,683,8,0,25,61,19,18,9672,530,469,4429,2225,2019,22290,2614,1714,5626,4754,1280,4139,2163,-888888888,-888888888,25711,2607,-888888888,-888888888,-888888888,-888888888,-888888888,-888888888,-888888888,-888888888,35432,29397,5847,1070,4777,4091,686,188,36067,27173,26462,14433,12029,711,8894,8894,2284,6610,9605,711,199,512,8894,3796,5098,8894,485,1380,216,17,6648,148,32914,21685,11229,6719,9007,5901,852,208,955,374,415,236,36067,2399,353,67,113,330,3105,479,271,4744,78,28,4410,1270,78,205,873,104,153,696,692,43,533,193,134,150,222,159
2010,Manassas Park city; Virginia,4206,3256,1721,2321,1282,274,147,661,292,950,778,182,1877,539,3.14,3.53,13195,4206,2333,4665,1224,767,183,4870,1708,2695,175,93,199,4920,1342,2540,201,288,549,212,60,37,57,0,100,34,346,108,16,51,685,75,0,17,108,63,90,3606,176,313,1671,735,711,8090,909,832,2509,1255,810,1009,766,-888888888,-888888888,9281,779,-888888888,-888888888,-888888888,-888888888,-888888888,-888888888,-888888888,-888888888,12965,10745,2153,330,1823,1373,450,67,13195,9318,9090,5022,4068,228,3877,3877,1300,2577,4105,228,68,160,3877,1437,2440,3877,132,914,220,0,2611,0,11868,6699,5169,3040,3766,2441,571,207,567,255,265,137,13195,783,144,12,21,190,689,62,0,1255,64,16,960,310,34,146,128,27,11,160,153,33,290,73,112,20,0,36
2010,Martinsville city; Virginia,5922,3566,1696,2141,830,326,179,1099,687,2356,2093,806,1966,1794,2.25,2.97,13323,5922,2140,3898,970,393,138,5043,1552,2248,266,212,765,6493,1839,2458,297,1086,813,127,83,43,38,57,93,0,532,242,119,51,690,80,12,31,242,168,134,3246,227,249,1185,763,822,9875,916,1229,3004,1985,731,1341,669,-888888888,-888888888,10981,1431,-888888888,-888888888,-888888888,-888888888,-888888888,-888888888,-888888888,-888888888,13904,10619,3273,950,2323,1947,376,12,14029,13614,13480,10144,3336,134,415,415,155,260,549,134,0,134,415,113,302,415,75,115,40,0,185,0,13126,12309,817,401,603,299,93,27,72,54,49,21,14029,1408,31,34,9,75,1447,191,0,931,10,9,1024,219,8,74,97,27,27,324,208,0,181,0,9,0,70,77
2010,Newport News city; Virginia,70653,45282,22028,29036,12337,3523,1726,12723,7965,25371,20702,5928,24619,14110,2.45,3.03,172810,70653,29030,52807,10071,10249,3853,68536,25859,32169,2075,1691,6742,75680,24322,31067,2965,6876,10450,3040,1342,48,61,41,103,21,3961,2037,734,51,700,172,404,727,2037,1245,1285,52502,3385,2553,19167,9855,17542,112043,3541,8879,32824,30016,10505,17338,8940,-888888888,-888888888,126113,23583,-888888888,-888888888,-888888888,-888888888,-888888888,-888888888,-888888888,-888888888,179048,133839,43373,19088,24285,12817,11468,1836,181822,169316,163594,83625,79969,5722,12506,12506,6138,6368,18228,5722,1508,4214,12506,4982,7524,12506,2178,3828,1112,15,5110,263,168217,152403,15814,6059,8416,3266,3297,962,3292,1572,809,259,181822,8706,460,550,260,1675,15413,2791,809,19574,619,351,14391,6379,355,972,2621,716,1050,3100,3422,207,2685,1289,331,507,1112,1653
2010,Norfolk city; Virginia,85061,50208,23964,30498,12151,4398,2087,15312,9726,34853,28383,7693,27449,16515,2.63,3.39,223635,85061,30503,68629,20783,18659,4576,102228,49465,37635,3719,2273,9136,95493,35695,34071,4898,8700,12129,4190,1918,48,64,31,109,16,5004,2412,750,51,710,574,412,676,2412,1830,1444,66489,4029,3306,21906,11305,25943,142294,5751,17151,42360,33812,9490,19947,13783,-888888888,-888888888,169088,29523,-888888888,-888888888,-888888888,-888888888,-888888888,-888888888,-888888888,-888888888,238543,182190,54721,25543,29178,14287,14891,1632,242143,225571,221430,121752,99678,4141,16572,16572,7144,9428,20713,4141,935,3206,16572,7104,9468,16572,2291,6931,1237,37,5724,352,225119,203677,21442,7531,10353,3895,4866,1313,4773,1802,1450,521,242143,25600,922,439,653,1875,17520,5155,743,21168,1328,928,18649,7671,401,1317,3837,458,1240,3980,3912,545,7039,1308,140,343,1390,2891
2010,Norton city; Virginia,1764,955,444,573,227,76,8,306,209,809,634,273,480,478,2.17,2.88,3820,1764,558,989,252,257,100,1386,457,588,123,71,147,1840,591,587,31,339,292,7,7,10,7,0,16,0,114,76,25,51,720,0,51,0,76,63,13,953,47,26,381,263,236,2558,304,268,607,611,241,333,194,-888888888,-888888888,3030,248,-888888888,-888888888,-888888888,-888888888,-888888888,-888888888,-888888888,-888888888,3881,3220,661,266,395,323,72,0,3886,3871,3871,2891,980,0,15,15,15,0,15,0,0,0,15,0,15,15,0,15,0,0,0,0,3718,3670,48,4,33,4,15,0,0,0,0,0,3886,408,0,0,0,111,232,52,0,249,0,139,578,92,0,0,25,0,0,119,57,0,0,0,0,0,25,27
2010,Petersburg city; Virginia,12305,7067,2543,3561,953,648,141,2858,1449,5238,4296,1651,3105,3527,2.58,3.44,31753,12305,3553,8918,4797,2180,752,12083,5997,4138,393,500,1055,14502,6685,3897,413,1824,1683,255,189,31,31,0,58,14,1010,340,136,51,730,94,25,85,340,254,188,6834,353,429,2986,1749,1317,21562,2018,4028,7226,4062,954,2312,962,-888888888,-888888888,24957,2905,-888888888,-888888888,-888888888,-888888888,-888888888,-888888888,-888888888,-888888888,31851,28510,3341,1773,1568,1103,465,0,32303,31218,31020,25497,5523,198,1085,1085,489,596,1283,198,6,192,1085,548,537,1085,134,179,86,12,666,8,30246,28857,1389,288,1024,158,175,42,122,62,68,26,32303,724,9,89,0,58,1822,262,21,664,15,37,627,278,0,42,63,24,27,150,235,0,423,27,11,11,34,214
2010,Poquoson city; Virginia,4524,3701,1681,3052,1225,223,116,426,340,823,678,404,1852,1250,2.67,2.96,12089,4524,3049,3771,417,328,181,4775,1168,3117,107,142,241,4961,781,3261,100,404,415,121,31,30,43,0,104,28,283,69,0,51,735,20,25,24,69,37,69,3403,175,164,1482,949,633,8204,207,295,2047,1925,773,1732,1225,-888888888,-888888888,8845,1415,-888888888,-888888888,-888888888,-888888888,-888888888,-888888888,-888888888,-888888888,11981,10806,1175,533,642,573,69,0,12099,11572,11295,6459,4836,277,527,527,355,172,804,277,24,253,527,71,456,527,162,206,45,10,84,20,11590,10698,892,252,273,62,253,18,260,160,106,12,12099,1447,116,25,20,172,2413,350,68,2264,130,7,1834,513,0,168,350,20,122,341,419,9,16,199,8,38,52,0
2010,Portsmouth city; Virginia,37325,23779,10074,14145,4805,2095,1012,7539,4257,13546,11156,3423,12385,9253,2.49,3.12,92964,37325,14106,27475,8795,5263,2434,36663,14404,16034,1522,1166,3537,40628,13029,15444,2117,4701,5337,1755,945,64,71,51,126,20,3334,1320,181,51,740,292,116,731,1320,874,919,24929,2189,1424,9446,5304,6566,62635,3717,7740,19315,15598,4566,7665,4034,-888888888,-888888888,69691,10632,-888888888,-888888888,-888888888,-888888888,-888888888,-888888888,-888888888,-888888888,95307,77043,17962,8297,9665,6309,3356,302,96785,94099,93290,61982,31308,809,2686,2686,1387,1299,3495,809,210,599,2686,884,1802,2686,296,752,396,17,1155,70,89623,85724,3899,1194,2275,589,842,294,574,303,208,8,96785,9562,90,154,174,726,7031,1390,333,7191,192,127,7238,2382,11,354,911,30,222,1638,1150,64,1173,345,138,56,553,489
2010,Radford city; Virginia,5667,2485,1100,1697,680,169,61,619,359,3182,2068,561,1180,1167,2.22,2.79,12591,5667,1699,2479,273,2473,308,6732,4334,1872,96,128,302,7891,5025,1696,97,516,557,95,0,0,15,0,35,0,74,19,0,51,750,19,0,0,19,0,19,9006,105,112,959,423,7407,6496,195,529,1605,1260,624,1451,832,-888888888,-888888888,14232,786,-888888888,-888888888,-888888888,-888888888,-888888888,-888888888,-888888888,-888888888,16209,9982,6130,2054,4076,3557,519,97,16318,15574,15411,10572,4839,163,744,744,164,580,907,163,32,131,744,465,279,744,149,279,148,20,127,21,15765,14793,972,400,297,173,245,63,268,164,162,0,16318,1631,27,32,47,161,1738,475,69,3510,168,68,2651,912,37,128,373,12,196,561,567,32,181,70,51,31,197,13
2010,Richmond city; Virginia,83498,40047,18078,20625,7121,3693,1634,15729,9323,43451,33951,8858,21171,17678,2.30,3.13,191703,83498,20537,47813,16955,22900,5225,78804,41456,23221,2768,2345,9014,89742,43703,22527,3766,8978,10768,2967,1614,37,50,28,78,20,3658,1420,305,51,760,316,265,534,1420,1093,696,57255,2534,2542,15572,8472,28135,127463,8911,16381,30914,23293,6349,25016,16599,-888888888,-888888888,161672,13258,-888888888,-888888888,-888888888,-888888888,-888888888,-888888888,-888888888,-888888888,199170,150216,47337,23669,23668,17740,5928,1617,201828,187436,185218,125982,59236,2218,14392,14392,3499,10893,16610,2218,242,1976,14392,8045,6347,14392,1814,3632,1635,34,6900,377,188805,170605,18200,8175,9815,5852,4149,931,2590,1005,1646,387,201828,7748,1174,359,374,1217,17923,3218,530,15322,441,598,13244,6021,334,808,3121,214,1322,4401,4564,359,3456,1105,498,277,1390,1224
2010,Roanoke city; Virginia,42833,23381,9592,14012,4573,1866,690,7503,4329,19452,16679,5251,11057,10230,2.19,2.92,93771,42833,13947,24213,6787,5991,2731,36526,12781,16333,1149,1113,5150,41780,12954,14724,1490,5168,7444,1094,656,44,46,59,81,8,1990,1081,115,51,770,348,236,382,1081,817,560,21928,1726,1557,8446,4414,5785,66618,5036,7716,20271,14077,4905,9432,5181,-888888888,-888888888,74717,8392,-888888888,-888888888,-888888888,-888888888,-888888888,-888888888,-888888888,-888888888,94887,76458,18110,10657,7453,5501,1952,319,95793,89779,89167,64074,25093,612,6014,6014,1683,4331,6626,612,139,473,6014,3105,2909,6014,565,1423,450,11,3413,152,89391,82490,6901,3749,3597,2170,1568,505,1102,700,634,374,95793,11233,465,104,52,1132,11748,1890,234,11454,316,222,8565,2083,82,489,939,103,196,3985,1714,97,1077,401,73,100,513,975
2010,Salem city; Virginia,9890,6236,2605,4572,1816,406,214,1258,575,3654,3074,1287,2924,2990,2.30,2.85,22705,9890,4552,5826,1174,1263,449,9699,3136,4840,290,353,1080,11010,3026,4778,345,1278,1583,262,72,22,44,17,86,21,436,177,25,51,775,35,30,87,177,125,118,7049,485,231,2138,1123,3072,16349,732,1310,5114,3176,1264,2940,1813,-888888888,-888888888,19698,2265,-888888888,-888888888,-888888888,-888888888,-888888888,-888888888,-888888888,-888888888,24413,20089,4277,964,3313,2347,966,47,24641,23502,23339,15869,7470,163,1139,1139,396,743,1302,163,12,151,1139,434,705,1139,213,396,46,0,484,0,23408,21920,1488,662,730,438,576,182,130,42,52,0,24641,3300,102,12,55,332,3825,593,112,4254,54,26,3326,731,3,120,258,14,40,849,701,29,68,135,64,57,307,6
2010,Staunton city; Virginia,10408,5807,2123,4224,1360,384,140,1199,623,4601,4063,1399,2475,2843,2.10,2.81,21806,10408,4246,5364,886,902,415,8917,2711,4473,292,350,1091,11225,2969,4294,542,1729,1691,122,26,8,21,19,36,5,415,187,10,51,790,29,12,136,187,104,158,5326,450,253,1994,996,1633,16897,1090,1826,5424,2928,816,3076,1737,-888888888,-888888888,19300,2241,-888888888,-888888888,-888888888,-888888888,-888888888,-888888888,-888888888,-888888888,23674,19425,4214,891,3323,2909,414,35,23806,23030,22880,16597,6283,150,776,776,356,420,926,150,0,150,776,327,449,776,332,172,11,12,236,13,22557,21620,937,296,383,79,426,161,117,45,11,11,23806,4752,41,49,63,442,2813,429,64,3725,96,14,2067,879,29,80,240,65,111,1505,857,0,52,386,138,25,177,14
2010,Suffolk city; Virginia,30126,22888,10824,16580,7258,1296,638,5012,2928,7238,6109,2077,12131,6615,2.70,3.13,81489,30126,16580,27023,5170,2590,1154,30339,8636,17616,769,692,2626,34029,8378,17195,1252,3598,3606,1312,377,38,61,2,133,28,2001,754,160,51,800,170,64,360,754,486,470,22334,1600,1433,9698,4787,4816,54205,2937,5362,15780,12298,4247,8842,4739,-888888888,-888888888,58239,10053,-888888888,-888888888,-888888888,-888888888,-888888888,-888888888,-888888888,-888888888,81517,70963,10227,4921,5306,2880,2426,327,82544,80022,78647,50107,28540,1375,2522,2522,1389,1133,3897,1375,244,1131,2522,513,2009,2522,450,853,94,36,886,203,76531,73015,3516,1014,1884,652,1028,173,529,183,75,6,82544,12434,230,100,280,701,7950,1510,438,7867,120,200,6482,2427,106,497,1075,177,255,1657,1459,13,1182,405,171,53,260,463
2010,Virginia Beach city; Virginia,163944,112593,54441,84808,38058,6438,3186,21347,13197,51351,39453,11785,59727,31790,2.60,3.11,426379,163944,84911,128494,23707,25323,8807,168508,56636,90257,3960,3490,14165,179533,45114,92588,5072,13558,23201,6186,1621,29,53,26,95,21,9269,3507,818,51,810,753,828,1108,3507,2190,2469,120421,7458,5347,48008,25525,34083,281624,6134,15022,69368,73921,27286,59195,30698,-888888888,-888888888,303719,61118,-888888888,-888888888,-888888888,-888888888,-888888888,-888888888,-888888888,-888888888,430236,346658,78791,39216,39575,16953,22622,4787,435996,397008,385808,166921,218887,11200,38988,38988,22755,16233,50188,11200,2180,9020,38988,11001,27987,38988,7157,19661,1617,288,9145,1120,406725,358990,47735,15455,17183,5280,11020,2711,17600,6756,1932,708,435996,47698,1830,1563,1106,6989,47398,12038,3266,59578,3185,1964,54157,29178,1067,3228,11914,1425,3863,10850,11456,774,21529,4008,1090,1201,3937,4049
2010,Waynesboro city; Virginia,8546,5446,2285,3682,1166,374,186,1390,933,3100,2520,1070,2522,2424,2.41,2.94,20607,8546,3647,5969,940,1505,828,7856,2596,3937,190,405,728,8889,2014,3683,338,1390,1464,250,159,60,52,0,106,11,262,163,0,51,820,54,88,21,163,123,133,4494,172,323,2200,980,819,14241,1179,1505,5398,2345,709,1973,1132,-888888888,-888888888,16006,1944,-888888888,-888888888,-888888888,-888888888,-888888888,-888888888,-888888888,-888888888,20614,17426,3181,1076,2105,1442,663,7,20885,20278,20029,13890,6139,249,607,607,185,422,856,249,18,231,607,224,383,607,95,101,0,0,393,18,19462,18678,784,270,452,162,224,80,108,28,0,0,20885,3166,0,7,30,291,3139,532,61,3369,19,80,2628,479,0,107,266,0,107,903,608,0,65,205,63,0,371,90
2010,Williamsburg city; Virginia,4069,2086,654,1619,410,128,25,339,219,1983,1555,599,708,1298,2.09,2.70,8524,4069,1630,1601,308,916,169,5682,3475,1722,67,73,345,6600,3736,1797,155,452,460,40,0,0,8,0,10,21,29,7,0,51,830,0,0,7,7,7,0,6878,97,105,629,383,5664,6229,118,284,1361,1276,493,1475,1222,-888888888,-888888888,11911,904,-888888888,-888888888,-888888888,-888888888,-888888888,-888888888,-888888888,-888888888,13366,7643,5273,2195,3078,1842,1236,450,13421,12276,11836,5144,6692,440,1145,1145,316,829,1585,440,47,393,1145,639,506,1145,169,477,44,0,445,10,13130,12099,1031,356,580,291,226,26,188,30,37,9,13421,426,63,79,82,125,2299,594,76,2758,124,70,1970,1156,75,85,444,24,344,522,529,82,90,219,7,50,231,117
2010,Winchester city; Virginia,10221,5579,2486,3731,1460,372,219,1476,807,4642,3760,1169,2927,2487,2.43,3.23,24787,10221,3742,7147,1572,2105,641,10246,3682,4499,195,281,1589,10989,3497,4490,170,1210,1622,290,158,37,43,0,83,10,608,183,35,51,840,38,32,78,183,157,78,5964,365,444,2196,1237,1722,17048,1697,1772,4740,2791,993,2863,2192,-888888888,-888888888,20149,1699,-888888888,-888888888,-888888888,-888888888,-888888888,-888888888,-888888888,-888888888,25568,18484,6004,1723,4281,3231,1050,1080,25953,22068,21833,13010,8823,235,3885,3885,663,3222,4120,235,41,194,3885,2315,1570,3885,268,420,193,0,2950,54,24195,19461,4734,3169,2731,2019,1514,1003,310,130,179,17,25953,2597,58,15,0,415,3019,466,72,4943,71,76,2677,1121,11,182,524,0,81,954,646,51,115,116,78,12,209,942
