year,county_name,households_by_type_total_households,households_by_type_family_households_families,households_by_type_family_households_families_with,households_by_type_family_households_families_marr,households_by_type_family_households_families_marr,households_by_type_family_households_families_male,households_by_type_family_households_families_male,households_by_type_family_households_families_fema,households_by_type_family_households_families_fema,households_by_type_nonfamily_households,households_by_type_nonfamily_households_householde,households_by_type_nonfamily_households_householde,households_by_type_households_with_one_or_more_peo,households_by_type_households_with_one_or_more_peo,households_by_type_average_household_size,households_by_type_average_family_size,relationship_population_in_households,relationship_householder,relationship_spouse,relationship_child,relationship_other_relatives,relationship_nonrelatives,relationship_nonrelatives_unmarried_partner,marital_status_males_15_years_and_over,marital_status_never_married,marital_status_now_married_except_separated,marital_status_separated,marital_status_widowed,marital_status_divorced,marital_status_females_15_years_and_over,marital_status_never_married,marital_status_now_married_except_separated,marital_status_separated,marital_status_widowed,marital_status_divorced,fertility_number_of_women_15_to_50_years_old_who_h,fertility_unmarried_women_widowed_divorced_and_nev,fertility_unmarried_women_widowed_divorced_and_nev,fertility_per_1000_women_15_to_50_years_old,fertility_per_1000_women_15_to_50_years_old_per_10,fertility_per_1000_women_15_to_50_years_old_per_10,fertility_per_1000_women_15_to_50_years_old_per_10,grandparents_number_of_grandparents_living_with_ow,grandparents_responsible_for_grandchildren,grandparents_responsible_for_grandchildren_years_r,state_fips,county_fips,grandparents_responsible_for_grandchildren_years_r,grandparents_responsible_for_grandchildren_years_r,grandparents_responsible_for_grandchildren_years_r,grandparents_number_of_grandparents_responsible_fo,grandparents_who_are_female,grandparents_who_are_married,school_enrollment_population_3_years_and_over_enro,school_enrollment_nursery_school_preschool,school_enrollment_kindergarten,school_enrollment_elementary_school_grades_1_8,school_enrollment_high_school_grades_9_12,school_enrollment_college_or_graduate_school,educational_attainment_population_25_years_and_ove,educational_attainment_less_than_9th_grade,educational_attainment_9th_to_12th_grade_no_diplom,educational_attainment_high_school_graduate_includ,educational_attainment_some_college_no_degree,educational_attainment_associates_degree,educational_attainment_bachelors_degree,educational_attainment_graduate_or_professional_de,educational_attainment_percent_high_school_graduat,educational_attainment_percent_bachelors_degree_or,veteran_status_civilian_population_18_years_and_ov,veteran_status_civilian_veterans,disability_status_of_the_civilian_noninstitutional,disability_status_of_the_civilian_noninstitutional,disability_status_of_the_civilian_noninstitutional,disability_status_of_the_civilian_noninstitutional,disability_status_of_the_civilian_noninstitutional,disability_status_of_the_civilian_noninstitutional,disability_status_of_the_civilian_noninstitutional,disability_status_of_the_civilian_noninstitutional,residence_1_year_ago_population_1_year_and_over,residence_1_year_ago_same_house,residence_1_year_ago_different_house_in_the_u.s.,residence_1_year_ago_different_house_in_the_u.s._s,residence_1_year_ago_different_house_in_the_u.s._d,residence_1_year_ago_different_house_in_the_u.s._d,residence_1_year_ago_different_house_in_the_u.s._d,residence_1_year_ago_abroad,place_of_birth_total_population,place_of_birth_native,place_of_birth_native_born_in_united_states,place_of_birth_native_born_in_united_states_state_,place_of_birth_native_born_in_united_states_differ,place_of_birth_native_born_in_puerto_rico_u.s._isl,place_of_birth_foreign_born,u.s._citizenship_status_foreign_born_population,u.s._citizenship_status_naturalized_u.s._citizen,u.s._citizenship_status_not_a_u.s._citizen,year_of_entry_population_born_outside_the_united_s,year_of_entry_native,year_of_entry_entered_2000_or_later,year_of_entry_entered_before_2000,year_of_entry_foreign_born,year_of_entry_entered_2000_or_later,year_of_entry_entered_before_2000,world_region_of_birth_of_foreign_born_foreign_born,world_region_of_birth_of_foreign_born_europe,world_region_of_birth_of_foreign_born_asia,world_region_of_birth_of_foreign_born_africa,world_region_of_birth_of_foreign_born_oceania,world_region_of_birth_of_foreign_born_latin_americ,world_region_of_birth_of_foreign_born_northern_ame,language_spoken_at_home_population_5_years_and_ove,language_spoken_at_home_english_only,language_spoken_at_home_language_other_than_englis,language_spoken_at_home_language_other_than_englis,language_spoken_at_home_language_other_than_englis,language_spoken_at_home_language_other_than_englis,language_spoken_at_home_language_other_than_englis,language_spoken_at_home_language_other_than_englis,language_spoken_at_home_language_other_than_englis,language_spoken_at_home_language_other_than_englis,language_spoken_at_home_language_other_than_englis,language_spoken_at_home_language_other_than_englis,ancestry_total_population,ancestry_american,ancestry_arab,ancestry_czech,ancestry_danish,ancestry_dutch,ancestry_english,ancestry_french_except_basque,ancestry_french_canadian,ancestry_german,ancestry_greek,ancestry_hungarian,ancestry_irish,ancestry_italian,ancestry_lithuanian,ancestry_norwegian,ancestry_polish,ancestry_portuguese,ancestry_russian,ancestry_scotch_irish,ancestry_scottish,ancestry_slovak,ancestry_subsaharan_african,ancestry_swedish,ancestry_swiss,ancestry_ukrainian,ancestry_welsh,ancestry_west_indian_excluding_hispanic_origin_gro
2011,Polk County; Texas,16842,11426,4108,8103,2330,831,348,2492,1430,5416,4757,2271,5038,6071,2.49,3.03,42013,16842,8075,11170,3910,2016,892,20212,6088,9901,530,874,2819,17474,3085,8534,721,2256,2878,488,194,45,58,42,135,5,1437,920,193,48,373,185,269,273,920,679,654,9230,612,537,3933,2542,1606,32433,2718,4720,11946,7784,1652,2386,1227,-888888888,-888888888,36060,4807,-888888888,-888888888,-888888888,-888888888,-888888888,-888888888,-888888888,-888888888,45176,38894,6181,3038,3143,2768,375,101,45653,42873,42626,32460,10166,247,2780,2780,569,2211,3027,247,28,219,2780,712,2068,2780,175,219,41,9,2304,32,42975,37109,5866,2099,5054,1904,369,45,167,74,276,76,45653,2668,26,648,32,700,4596,2077,186,6520,42,40,6865,1431,103,178,340,168,69,1878,458,6,131,172,13,3,202,37
2011,Refugio County; Texas,2729,1984,680,1452,471,131,24,401,185,745,679,404,879,1040,2.59,3.10,7070,2729,1448,2057,655,181,73,2921,816,1594,62,99,350,3058,758,1473,53,510,264,118,64,75,73,43,204,17,325,168,18,48,391,32,6,112,168,99,121,1766,98,131,806,494,237,4945,521,735,1588,1336,286,302,177,-888888888,-888888888,5585,560,-888888888,-888888888,-888888888,-888888888,-888888888,-888888888,-888888888,-888888888,7262,6085,1176,748,428,335,93,1,7381,7131,7073,6414,659,58,250,250,102,148,308,58,0,58,250,43,207,250,24,38,0,0,188,0,6972,4957,2015,556,1949,502,50,49,16,5,0,0,7381,223,0,346,41,97,730,125,3,1153,0,9,846,153,19,24,35,4,21,129,229,3,17,60,4,2,13,2
2011,Van Zandt County; Texas,19292,13669,5370,10874,3967,827,320,1968,1083,5623,5049,2600,6312,6445,2.67,3.24,51563,19292,10871,15702,3982,1716,783,20592,4736,11915,443,739,2759,21585,3536,11650,715,3071,2613,517,110,22,46,5,118,10,1706,864,138,48,467,212,68,446,864,532,661,11868,553,742,5721,3133,1719,35859,2369,4919,13513,8498,2202,2729,1629,-888888888,-888888888,39795,4972,-888888888,-888888888,-888888888,-888888888,-888888888,-888888888,-888888888,-888888888,51915,45582,6284,3588,2696,2225,471,49,52483,50326,50075,39903,10172,251,2157,2157,799,1358,2408,251,26,225,2157,572,1585,2157,142,179,20,0,1705,111,49256,45394,3862,1562,3550,1483,147,10,124,57,41,12,52483,5968,46,349,119,745,8391,1562,88,7079,48,32,7615,541,121,230,274,98,138,840,1371,0,167,176,25,15,137,150
2011,Caldwell County; Texas,11464,7899,3550,5552,2138,637,339,1710,1073,3565,3146,1201,4050,2897,3.06,3.74,35121,11464,5557,12985,3102,2013,751,14965,5780,6643,473,270,1799,14730,4028,6640,736,1450,1876,387,178,36,42,72,63,14,1073,342,55,48,055,137,55,95,342,203,289,9575,535,543,4336,2699,1462,23351,2393,3034,8998,4284,1189,2393,1060,-888888888,-888888888,27838,2771,-888888888,-888888888,-888888888,-888888888,-888888888,-888888888,-888888888,-888888888,37502,32160,5300,1684,3616,3272,344,42,37795,35768,35530,30042,5488,238,2027,2027,764,1263,2265,238,39,199,2027,407,1620,2027,166,57,35,4,1709,56,35142,24352,10790,2610,10607,2568,84,13,63,29,36,0,37795,1097,13,301,86,341,2747,497,98,5257,7,55,3504,560,36,370,316,37,17,803,540,11,31,264,94,18,134,23
2011,Wilbarger County; Texas,5069,3422,1615,2440,944,339,170,643,501,1647,1437,631,1782,1464,2.51,3.09,12739,5069,2480,3888,793,509,345,5372,2018,2586,34,182,552,5394,1182,2673,96,627,816,209,102,59,67,37,170,0,396,238,101,48,487,23,38,76,238,179,147,3337,305,233,1315,981,503,8491,905,1198,2742,1679,443,1015,509,-888888888,-888888888,10043,1042,-888888888,-888888888,-888888888,-888888888,-888888888,-888888888,-888888888,-888888888,13320,11073,2202,1218,984,897,87,45,13548,12912,12843,10752,2091,69,636,636,243,393,705,69,33,36,636,140,496,636,10,61,35,0,528,2,12528,10621,1907,923,1827,892,45,0,35,31,0,0,13548,1921,65,76,0,166,720,151,0,1319,21,0,1210,172,0,0,93,0,0,304,168,0,42,33,47,0,15,33
2011,Martin County; Texas,1545,1110,599,895,472,65,35,150,92,435,421,154,688,439,2.97,3.65,4587,1545,985,1698,255,104,71,1820,630,1038,20,70,62,1848,414,1016,50,200,168,74,10,20,65,0,215,0,167,61,0,48,317,38,23,0,61,28,38,1222,59,15,527,384,237,2849,496,295,1026,534,150,245,103,-888888888,-888888888,3377,265,-888888888,-888888888,-888888888,-888888888,-888888888,-888888888,-888888888,-888888888,4648,4111,490,120,370,335,35,47,4704,4241,4241,3854,387,0,463,463,47,416,463,0,0,0,463,136,327,463,0,27,0,0,427,9,4409,3318,1091,354,972,304,113,50,0,0,6,0,4704,79,0,0,9,32,345,17,0,657,0,0,650,6,0,32,2,0,0,30,22,0,0,11,0,0,30,59
2011,Reagan County; Texas,1144,894,452,773,426,35,0,86,26,250,223,50,522,222,2.85,3.32,3265,1144,766,1079,227,49,33,1337,337,875,0,37,88,1193,196,794,5,129,69,58,35,125,74,0,177,0,71,47,0,48,383,24,0,23,47,31,31,845,44,11,524,235,31,1981,411,284,701,336,55,109,85,-888888888,-888888888,2312,109,-888888888,-888888888,-888888888,-888888888,-888888888,-888888888,-888888888,-888888888,3314,2930,384,194,190,170,20,0,3343,2733,2733,2434,299,0,610,610,103,507,610,0,0,0,610,151,459,610,0,0,6,0,604,0,3095,1660,1435,570,1429,570,0,0,0,0,6,0,3343,260,0,6,0,5,194,30,0,202,0,0,212,7,0,0,0,13,0,12,17,0,27,9,0,0,4,23
2011,Yoakum County; Texas,2629,2046,1031,1667,822,193,110,186,99,583,521,194,1166,566,2.95,3.37,7762,2629,1650,2525,678,280,87,2845,707,1836,36,76,190,2856,510,1854,102,225,165,126,0,0,68,58,119,12,222,128,0,48,501,80,0,48,128,79,114,2110,95,280,1020,540,175,4681,968,521,1415,920,242,450,165,-888888888,-888888888,5272,301,-888888888,-888888888,-888888888,-888888888,-888888888,-888888888,-888888888,-888888888,7713,6460,929,692,237,189,48,324,7825,5916,5881,4836,1045,35,1909,1909,347,1562,1944,35,0,35,1909,781,1128,1909,29,33,0,0,1847,0,7083,3405,3678,2054,3447,1882,145,103,86,69,0,0,7825,303,20,0,2,86,281,106,0,831,0,2,452,21,0,4,42,0,0,100,94,0,0,5,0,0,9,0
2011,Hale County; Texas,11707,8756,4445,6557,2957,347,171,1852,1317,2951,2554,1126,5258,2909,2.77,3.24,32389,11707,6621,10969,2061,1031,525,14385,4384,7525,348,402,1726,12996,2895,7094,370,1304,1333,629,175,49,78,60,142,25,1414,689,199,48,189,163,136,191,689,429,610,10414,673,610,4592,2505,2034,21557,3305,3234,6508,4435,1079,2109,887,-888888888,-888888888,25666,2107,-888888888,-888888888,-888888888,-888888888,-888888888,-888888888,-888888888,-888888888,35639,27727,7868,3631,4237,3317,920,44,36108,32625,32266,27258,5008,359,3483,3483,1159,2324,3842,359,25,334,3483,1033,2450,3483,43,70,14,0,3283,73,33059,20550,12509,3657,12256,3615,153,22,81,20,19,0,36108,1688,0,43,17,365,1924,429,23,3641,0,5,2200,299,20,18,109,72,114,372,266,0,335,70,22,25,74,21
2011,Shelby County; Texas,9778,7067,3115,4880,1878,623,289,1564,948,2711,2378,1310,3767,2919,2.56,3.03,25054,9778,4883,7705,1755,933,570,9690,2810,5384,161,384,951,10163,2206,5208,302,1368,1079,525,192,68,90,156,107,50,709,472,34,48,419,116,73,249,472,283,387,5819,770,241,2573,1373,862,16365,1619,2265,6265,3547,635,1548,486,-888888888,-888888888,18713,1700,-888888888,-888888888,-888888888,-888888888,-888888888,-888888888,-888888888,-888888888,25150,21908,3216,1715,1501,1067,434,26,25513,23235,23088,18270,4818,147,2278,2278,327,1951,2425,147,29,118,2278,1119,1159,2278,3,0,58,0,2206,11,23561,20311,3250,1939,3134,1917,29,22,0,0,87,0,25513,5492,23,5,18,353,1883,782,70,1889,0,2,2642,238,0,41,119,0,10,402,437,0,289,134,0,0,101,0
2011,Red River County; Texas,5180,3768,1366,2841,841,221,96,706,429,1412,1282,570,1685,1606,2.43,2.88,12589,5180,2866,3354,856,333,179,4969,1114,2966,107,207,575,5590,937,3085,135,671,762,147,61,47,52,0,126,12,486,414,99,48,387,23,156,136,414,253,308,2837,186,141,1392,577,541,9217,963,1480,3455,1904,521,683,211,-888888888,-888888888,10067,1093,-888888888,-888888888,-888888888,-888888888,-888888888,-888888888,-888888888,-888888888,12769,11301,1418,720,698,515,183,50,12879,12517,12461,10102,2359,56,362,362,62,300,418,56,28,28,362,22,340,362,10,14,9,0,320,9,12179,11533,646,349,590,338,42,11,14,0,0,0,12879,1448,0,7,1,233,671,278,0,1299,8,0,1903,44,0,18,15,0,13,151,127,0,709,5,57,0,44,110
2011,Runnels County; Texas,3886,2822,1248,2130,769,102,38,590,441,1064,992,540,1378,1264,2.62,3.09,10177,3886,2131,2945,817,398,140,4130,1100,2435,38,124,433,4282,742,2322,169,485,564,131,97,95,60,20,165,0,244,143,40,48,399,37,3,63,143,83,93,2323,139,102,1168,614,300,7232,863,742,2779,1552,155,773,368,-888888888,-888888888,7947,817,-888888888,-888888888,-888888888,-888888888,-888888888,-888888888,-888888888,-888888888,10243,9341,881,565,316,282,34,21,10479,9886,9858,8950,908,28,593,593,309,284,621,28,6,22,593,175,418,593,1,42,0,0,550,0,9815,8471,1344,493,1289,461,13,5,42,27,0,0,10479,396,0,209,10,109,1765,181,4,1975,0,0,1096,121,0,7,54,0,0,200,50,0,0,10,0,0,22,0
2011,Sutton County; Texas,1382,1015,428,828,338,57,28,130,62,367,274,132,548,445,3.01,3.51,4165,1382,820,1319,412,232,85,1526,426,963,24,27,86,1830,430,910,101,227,162,58,24,53,59,28,141,13,234,121,16,48,435,68,24,13,121,69,99,1085,59,50,479,352,145,2824,509,314,945,590,107,231,128,-888888888,-888888888,3107,200,-888888888,-888888888,-888888888,-888888888,-888888888,-888888888,-888888888,-888888888,4149,3772,377,230,147,114,33,0,4198,3669,3650,3144,506,19,529,529,151,378,548,19,0,19,529,108,421,529,8,1,0,0,520,0,3973,2061,1912,637,1903,637,8,0,1,0,0,0,4198,457,0,38,0,145,205,37,0,362,0,0,270,18,0,14,0,0,8,49,56,0,0,1,0,0,0,0
2011,Tom Green County; Texas,41468,28086,11771,20500,7668,1808,687,5778,3416,13382,11273,4411,13820,10786,2.50,3.05,103721,41468,20566,29281,7652,4754,1984,42460,14012,22108,820,1231,4289,45134,11619,22298,1076,4357,5784,1885,725,51,69,42,130,12,3108,1429,296,48,451,213,275,645,1429,909,1027,28339,1328,1240,11474,5396,8901,68062,5170,7178,20482,15850,4214,10478,4690,-888888888,-888888888,79395,9282,-888888888,-888888888,-888888888,-888888888,-888888888,-888888888,-888888888,-888888888,107483,81788,24937,12778,12159,6218,5941,758,109135,101753,100154,76997,23157,1599,7382,7382,3073,4309,8981,1599,198,1401,7382,2015,5367,7382,569,845,93,9,5743,123,101521,76603,24918,7231,22949,6658,980,276,733,264,256,33,109135,7662,205,1034,144,1333,8448,2314,344,14464,229,126,9536,1771,29,662,682,132,149,2500,1683,35,194,454,96,38,377,204
2011,Victoria County; Texas,32004,22929,10372,16396,6014,1755,1033,4778,3325,9075,7711,2996,12132,7913,2.66,3.14,85146,32004,16451,26446,6103,4142,1844,32352,10062,17495,629,899,3267,34701,8040,17449,1124,3725,4363,1478,806,79,73,91,126,18,3195,1344,229,48,469,283,253,579,1344,858,1041,21825,1573,1316,10430,4736,3770,55325,4562,5911,17092,14319,4288,6175,2978,-888888888,-888888888,63122,6133,-888888888,-888888888,-888888888,-888888888,-888888888,-888888888,-888888888,-888888888,84927,67035,17761,12524,5237,4235,1002,131,86410,81614,81061,70767,10294,553,4796,4796,1668,3128,5349,553,16,537,4796,1454,3342,4796,199,842,38,9,3628,80,79843,59877,19966,5408,18365,4859,937,246,370,207,294,96,86410,3163,539,4978,81,790,5647,2595,355,18565,186,49,8431,2037,70,341,1209,270,173,1413,957,0,107,467,121,36,532,162
2011,Wharton County; Texas,14600,10207,4620,7113,2723,1112,584,1982,1313,4393,3997,1932,5418,4126,2.77,3.39,40370,14600,7165,13558,3696,1351,510,15526,4914,8033,413,657,1509,16460,4407,7694,685,1716,1958,512,258,50,54,21,130,0,1455,588,200,48,481,149,55,184,588,408,403,10691,870,867,4753,2335,1866,26424,3585,3401,8296,5014,1608,3309,1211,-888888888,-888888888,30062,2222,-888888888,-888888888,-888888888,-888888888,-888888888,-888888888,-888888888,-888888888,40468,35343,4990,3568,1422,1224,198,135,41083,37437,37271,33919,3352,166,3646,3646,930,2716,3812,166,40,126,3646,806,2840,3646,48,99,0,0,3483,16,38040,27195,10845,3386,10148,3265,610,43,65,56,22,22,41083,1236,12,6355,669,298,1648,725,20,6780,39,24,2988,463,10,197,445,4,164,528,211,8,183,307,24,0,98,0
2011,Wichita County; Texas,48001,31815,14809,23448,9965,1859,922,6508,3922,16186,13335,4827,16643,11814,2.47,3.03,118676,48001,23524,34422,6778,5951,2827,54071,19524,26284,930,1310,6023,51327,12908,24871,1467,5303,6778,2098,789,50,68,57,117,17,2801,1553,283,48,485,379,173,718,1553,964,1078,33251,1901,1773,13074,6503,10000,82098,4777,8956,27312,19548,5244,10958,5303,-888888888,-888888888,93817,12343,-888888888,-888888888,-888888888,-888888888,-888888888,-888888888,-888888888,-888888888,128903,99358,28860,16110,12750,5435,7315,685,130835,122244,120189,79543,40646,2055,8591,8591,3356,5235,10646,2055,469,1586,8591,2521,6070,8591,855,2142,276,42,5122,154,121855,106057,15798,6546,12355,5128,1118,322,2210,1096,115,0,130835,21139,177,611,369,1686,9356,3124,572,18547,156,161,12950,2842,90,785,1163,222,319,2001,2574,95,1480,791,88,38,805,378
2011,Borden County; Texas,266,192,103,141,59,23,19,28,25,74,72,27,103,81,2.33,2.76,620,266,129,191,18,16,16,286,83,138,0,14,51,218,24,142,8,27,17,2,0,0,17,0,91,0,5,0,0,48,033,0,0,0,0,0,0,174,3,4,80,75,12,409,12,41,178,63,19,70,26,-888888888,-888888888,443,48,-888888888,-888888888,-888888888,-888888888,-888888888,-888888888,-888888888,-888888888,617,577,36,5,31,31,0,4,620,602,596,551,45,6,18,18,8,10,24,6,0,6,18,0,18,18,0,0,0,0,18,0,600,534,66,33,65,32,1,1,0,0,0,0,620,25,0,0,0,0,84,5,0,89,0,0,104,5,0,0,0,0,0,10,10,1,0,2,0,0,2,4
2011,Marion County; Texas,4667,3059,955,2241,581,180,67,638,307,1608,1432,638,1236,1679,2.26,2.73,10564,4667,2225,2339,728,605,273,4315,1092,2312,66,291,554,4631,732,2494,75,630,700,115,40,40,57,75,115,13,326,221,22,48,315,119,43,37,221,135,182,1808,77,145,921,340,325,8015,537,1078,2989,2013,432,543,423,-888888888,-888888888,8649,1369,-888888888,-888888888,-888888888,-888888888,-888888888,-888888888,-888888888,-888888888,10566,9424,1142,556,586,452,134,0,10678,10444,10379,7045,3334,65,234,234,90,144,299,65,0,65,234,71,163,234,99,75,0,0,53,7,10074,9608,466,105,340,30,48,0,75,75,3,0,10678,1195,5,86,6,149,1162,385,33,1013,37,3,1423,136,0,15,88,0,87,169,236,22,21,12,0,0,58,53
2011,Maverick County; Texas,14749,11985,6580,8730,4644,740,310,2515,1626,2764,2521,1099,7650,3862,3.59,4.09,53018,14749,8748,21883,6461,1177,616,18336,5652,10557,501,551,1075,20171,5400,10383,1011,1636,1741,1065,515,84,82,86,145,23,3353,1240,432,48,323,341,154,313,1240,604,1122,18277,1370,1174,8491,4373,2869,29841,8663,4437,7018,4402,1593,2669,1059,-888888888,-888888888,35302,1517,-888888888,-888888888,-888888888,-888888888,-888888888,-888888888,-888888888,-888888888,52391,46469,5470,3737,1733,1223,510,452,53389,34777,33474,29205,4269,1303,18612,18612,7280,11332,19915,1303,442,861,18612,2955,15657,18612,0,92,47,0,18463,10,48626,2837,45789,23324,45372,23131,28,16,57,20,332,157,53389,305,24,0,0,23,173,54,0,401,0,0,249,72,0,43,3,69,0,158,26,0,19,38,74,0,0,0
2011,Grayson County; Texas,45878,32030,13572,23893,8884,2368,1246,5769,3442,13848,11380,4745,15271,12738,2.55,3.06,117042,45878,23900,34090,7982,5192,2756,46235,12784,25528,978,1486,5459,49741,10421,24882,1095,5557,7786,1452,646,46,52,37,105,12,2960,1608,361,48,181,376,373,498,1608,962,1144,29281,1688,1421,13180,6490,6502,79918,4173,7236,26676,19883,6158,10997,4795,-888888888,-888888888,90899,10246,-888888888,-888888888,-888888888,-888888888,-888888888,-888888888,-888888888,-888888888,118667,96612,21792,15251,6541,4733,1808,263,119949,113345,112338,80641,31697,1007,6604,6604,1606,4998,7611,1007,53,954,6604,2557,4047,6604,694,931,161,9,4717,92,112152,101397,10755,4806,9001,4378,1200,231,345,147,209,50,119949,10935,341,1011,260,2344,13119,3191,288,15917,170,44,16647,2771,70,547,908,195,429,2881,2865,0,1208,926,162,50,720,269
2011,Live Oak County; Texas,3848,2819,835,2306,676,97,28,416,131,1029,939,511,1045,1392,2.55,2.99,9820,3848,2308,2698,616,350,102,5390,1492,2936,234,193,535,4267,878,2396,86,629,278,129,53,58,61,0,131,37,339,198,43,48,297,33,87,35,198,103,158,2413,79,151,1046,741,396,8307,813,1040,2932,1971,420,802,329,-888888888,-888888888,9176,1173,-888888888,-888888888,-888888888,-888888888,-888888888,-888888888,-888888888,-888888888,11362,9462,1864,757,1107,910,197,36,11482,10973,10922,8712,2210,51,509,509,184,325,560,51,0,51,509,109,400,509,53,41,0,0,409,6,10945,8048,2897,839,2782,799,64,0,26,26,25,14,11482,466,3,305,11,124,1146,702,0,2372,0,0,1630,120,0,124,191,0,5,264,161,0,36,132,80,0,37,26
2011,Palo Pinto County; Texas,10737,7626,3246,5719,2137,500,242,1407,867,3111,2754,1158,3844,3209,2.58,3.02,27655,10737,5732,7833,1854,1499,609,10761,2661,6030,276,299,1495,11413,1773,6135,480,1281,1744,431,128,48,69,83,145,6,826,565,223,48,363,38,40,264,565,239,333,6320,475,421,3095,1640,689,18688,1855,2293,6588,4374,817,1932,829,-888888888,-888888888,20926,2703,-888888888,-888888888,-888888888,-888888888,-888888888,-888888888,-888888888,-888888888,27590,23662,3913,2379,1534,1381,153,15,27977,26271,26085,20304,5781,186,1706,1706,694,1012,1892,186,4,182,1706,530,1176,1706,98,138,0,9,1435,26,26049,22651,3398,1858,3092,1719,196,34,101,101,9,4,27977,2555,0,65,82,469,2743,601,71,2600,19,171,2345,239,0,106,66,0,0,496,509,0,2,246,41,0,50,51
2011,Karnes County; Texas,4630,3240,1528,2301,948,308,227,631,353,1390,1223,570,1699,1433,2.28,2.72,10542,4630,2297,2861,405,349,305,7703,3333,3113,293,218,746,4788,967,2645,138,603,435,188,105,105,75,113,104,38,216,112,27,48,255,17,17,51,112,82,62,2916,245,133,1245,960,333,10481,1474,1737,3674,1965,570,746,315,-888888888,-888888888,11987,1095,-888888888,-888888888,-888888888,-888888888,-888888888,-888888888,-888888888,-888888888,14720,11887,2657,964,1693,1566,127,176,14873,13817,13801,12242,1559,16,1056,1056,70,986,1072,16,6,10,1056,374,682,1056,10,24,38,0,984,0,14068,8450,5618,1664,5316,1626,244,31,0,0,58,7,14873,382,0,434,0,30,784,253,1,1952,0,0,856,124,0,48,1698,0,0,187,154,0,38,36,0,0,26,0
2011,DeWitt County; Texas,7069,4891,1907,3701,1235,219,138,971,534,2178,2061,998,2108,2440,2.57,3.20,18162,7069,3734,5500,1517,342,207,8581,2429,4154,181,371,1446,7806,1476,4181,241,1150,758,172,43,26,45,0,109,4,511,285,32,48,123,73,109,71,285,192,220,4302,417,233,1867,1111,674,14130,1638,1841,5124,2997,798,1059,673,-888888888,-888888888,15567,1832,-888888888,-888888888,-888888888,-888888888,-888888888,-888888888,-888888888,-888888888,19849,16679,3157,1592,1565,1313,252,13,20052,19508,19451,17084,2367,57,544,544,108,436,601,57,0,57,544,108,436,544,26,54,0,0,443,21,18872,15355,3517,780,3253,762,237,17,13,1,14,0,20052,846,0,766,49,202,1318,583,27,5580,8,43,1928,300,0,51,762,0,11,397,353,0,3,140,24,0,59,8
2011,Callahan County; Texas,5133,3599,1361,2997,1055,151,97,451,209,1534,1372,706,1458,1709,2.61,3.17,13380,5133,2993,4082,732,440,170,5346,1274,3180,43,250,599,5515,944,3042,133,670,726,187,88,68,64,60,155,10,189,115,20,48,059,25,34,36,115,66,91,3225,277,111,1484,781,572,9296,411,798,3445,2420,683,1084,455,-888888888,-888888888,10242,1346,-888888888,-888888888,-888888888,-888888888,-888888888,-888888888,-888888888,-888888888,13342,11593,1708,558,1150,1088,62,41,13497,13255,13105,10529,2576,150,242,242,87,155,392,150,21,129,242,81,161,242,61,55,0,9,117,0,12687,12067,620,158,518,143,67,11,12,4,23,0,13497,1011,20,36,6,483,1357,159,39,1845,43,20,2267,155,0,67,72,2,0,532,261,3,11,47,0,0,82,125
2011,Cass County; Texas,12086,8224,3304,6043,1954,507,314,1674,1036,3862,3501,1527,3766,3913,2.45,3.00,29600,12086,6036,8627,1810,1041,530,11675,2852,6516,270,402,1635,12909,2486,6430,286,1925,1782,370,183,53,56,57,128,1,661,382,69,48,067,80,58,175,382,260,228,6949,508,501,3025,1641,1274,21041,1012,2761,8202,5105,1321,1823,817,-888888888,-888888888,23256,3128,-888888888,-888888888,-888888888,-888888888,-888888888,-888888888,-888888888,-888888888,29931,25926,3907,2375,1532,999,533,98,30284,29751,29633,21463,8170,118,533,533,163,370,651,118,16,102,533,253,280,533,47,70,0,0,416,0,28530,27442,1088,419,844,391,160,0,68,28,16,0,30284,4903,12,167,34,574,2234,716,47,2454,0,0,2950,343,0,16,74,25,26,558,417,0,601,141,5,5,28,88
2011,Gregg County; Texas,45290,30925,14139,22004,8993,2467,1380,6454,3766,14365,12513,5010,15761,11444,2.58,3.13,116637,45290,22013,35737,8255,5342,2009,45886,14095,24314,907,1645,4925,49080,11678,23081,2061,5793,6467,2301,1015,70,78,74,145,16,3104,1887,462,48,183,564,349,512,1887,1219,1388,31192,2058,1815,13340,6755,7224,77056,5541,7908,22213,19569,5992,11093,4740,-888888888,-888888888,89745,9018,-888888888,-888888888,-888888888,-888888888,-888888888,-888888888,-888888888,-888888888,118825,95563,22503,12707,9796,7157,2639,759,120728,109656,108736,81740,26996,920,11072,11072,2597,8475,11992,920,156,764,11072,4602,6470,11072,495,929,194,66,9267,121,111659,94326,17333,8281,15759,7866,704,176,628,196,242,43,120728,15394,251,634,186,1625,12398,3891,383,12240,194,36,13521,1882,58,713,872,9,126,2145,2443,104,327,609,167,78,680,400
2011,Madison County; Texas,3604,2596,891,1938,519,136,62,522,310,1008,946,477,1022,1219,2.97,3.51,10694,3604,1930,3534,1062,564,123,6635,3072,2666,207,47,643,4565,1084,2201,133,559,588,224,95,73,89,35,189,20,315,164,51,48,313,0,15,98,164,91,110,3441,87,108,1418,1314,514,8650,946,1112,3483,1808,400,710,191,-888888888,-888888888,10569,765,-888888888,-888888888,-888888888,-888888888,-888888888,-888888888,-888888888,-888888888,13264,11603,1620,413,1207,1183,24,41,13533,12662,12526,10658,1868,136,871,871,153,718,1007,136,0,136,871,350,521,871,7,22,0,0,820,22,12784,10311,2473,679,2383,679,41,0,44,0,5,0,13533,1967,5,84,6,94,1552,257,65,1129,12,3,1047,242,0,36,85,4,0,213,380,0,12,2,7,19,34,0
2011,Lubbock County; Texas,102910,64757,30079,46249,19454,4613,2175,13895,8450,38153,28431,8225,34091,21552,2.55,3.14,261956,102910,46198,74722,17615,20511,6122,107091,43244,49514,2071,2448,9814,111502,35980,49067,3072,9467,13916,4150,1746,41,56,28,93,20,7028,4645,1232,48,303,945,637,1831,4645,2682,3334,91903,4452,4209,28928,13401,40913,159956,11604,14772,41642,39167,8985,28763,15023,-888888888,-888888888,207990,16948,-888888888,-888888888,-888888888,-888888888,-888888888,-888888888,-888888888,-888888888,270616,201750,67610,43529,24081,18544,5537,1256,274359,259391,257048,206589,50459,2343,14968,14968,5326,9642,17311,2343,413,1930,14968,5792,9176,14968,1187,4528,400,140,8308,405,254707,199398,55309,14198,48078,12318,3384,671,3215,1080,632,129,274359,18410,953,1326,943,2734,22615,5913,287,31581,282,106,25493,3830,159,1507,2260,330,693,5703,5664,103,927,2215,364,47,1343,533
2011,Kaufman County; Texas,34014,26891,12898,20870,9458,1604,894,4417,2546,7123,5962,2205,14704,7221,2.94,3.30,99847,34014,20865,33300,7752,3916,1734,37395,9327,22672,616,725,4055,39562,7939,22376,1252,3030,4965,1376,495,47,54,33,117,11,3399,1780,264,48,257,336,397,783,1780,1062,1453,27827,1793,1827,12988,6031,5188,63969,4334,6646,21006,17210,3520,8018,3235,-888888888,-888888888,72017,7187,-888888888,-888888888,-888888888,-888888888,-888888888,-888888888,-888888888,-888888888,100067,82047,17610,7810,9800,8096,1704,410,101197,94563,94013,72730,21283,550,6634,6634,1798,4836,7184,550,149,401,6634,2011,4623,6634,205,497,177,0,5655,100,93577,80504,13073,6424,11732,6057,511,132,615,221,215,14,101197,7192,166,1271,89,1736,8550,3199,361,13299,57,231,12600,1928,25,321,983,72,314,2286,2409,0,515,419,160,21,331,252
2011,Kendall County; Texas,12469,9787,3848,8502,3244,482,202,803,402,2682,2166,912,4464,3559,2.57,2.91,32059,12469,8466,8586,1680,858,408,12781,2717,8957,120,239,748,13543,2177,8869,121,1130,1246,488,50,20,70,0,202,23,877,381,5,48,259,99,64,213,381,252,261,8063,544,242,3968,2000,1309,22577,1231,874,4348,5922,1934,4938,3330,-888888888,-888888888,24749,3731,-888888888,-888888888,-888888888,-888888888,-888888888,-888888888,-888888888,-888888888,32315,27129,5060,1999,3061,2390,671,126,32642,29901,29543,19301,10242,358,2741,2741,943,1798,3099,358,14,344,2741,766,1975,2741,171,247,0,13,2138,172,30899,25615,5284,2059,4489,1855,641,175,154,29,0,0,32642,1726,17,337,83,502,4460,954,299,9079,68,48,4428,933,81,304,930,40,271,1121,1192,74,6,380,57,26,262,0
2011,Floyd County; Texas,2571,1978,931,1562,653,128,77,288,201,593,554,233,998,743,2.47,2.87,6354,2571,1561,1940,194,88,53,2379,517,1634,12,70,146,2537,373,1570,43,308,243,38,0,0,27,0,62,9,137,67,0,48,153,28,39,0,67,21,56,1763,158,50,995,392,168,4162,699,440,1170,962,169,513,209,-888888888,-888888888,4586,371,-888888888,-888888888,-888888888,-888888888,-888888888,-888888888,-888888888,-888888888,6466,5240,1226,993,233,198,35,0,6507,6092,6048,5505,543,44,415,415,108,307,459,44,29,15,415,95,320,415,5,15,0,0,395,0,6025,3834,2191,638,2176,626,0,0,15,12,0,0,6507,307,0,7,0,29,434,50,56,675,0,9,374,25,0,0,0,0,23,107,87,0,51,0,21,0,54,20
2011,Bailey County; Texas,2414,1782,687,1499,520,106,73,177,94,632,577,262,904,629,2.90,3.39,6999,2414,1411,1976,876,322,169,2530,661,1469,31,42,327,2674,405,1697,33,290,249,134,13,23,83,0,176,13,467,380,0,48,017,0,78,302,380,210,370,1993,243,144,913,516,177,3955,622,499,1135,696,247,484,272,-888888888,-888888888,4830,440,-888888888,-888888888,-888888888,-888888888,-888888888,-888888888,-888888888,-888888888,6971,5965,999,548,451,393,58,7,7079,6169,6169,4368,1801,0,910,910,106,804,910,0,0,0,910,173,737,910,0,0,0,0,910,0,6456,3961,2495,893,2475,893,20,0,0,0,0,0,7079,373,54,13,0,130,504,29,0,588,0,0,390,85,0,0,2,0,0,8,18,0,200,0,0,0,0,20
2011,Chambers County; Texas,11482,9332,4390,7747,3466,678,418,907,506,2150,1756,581,5012,2217,2.89,3.21,33206,11482,7761,10951,1883,1129,608,12816,3058,8077,138,212,1331,12843,2391,8208,213,829,1202,584,169,52,71,32,159,18,866,587,176,48,071,285,55,71,587,275,486,9419,498,657,4468,2291,1505,21284,1114,1903,6468,6524,1752,2575,948,-888888888,-888888888,23881,2460,-888888888,-888888888,-888888888,-888888888,-888888888,-888888888,-888888888,-888888888,32856,28514,4326,2222,2104,1695,409,16,33486,31459,31280,24690,6590,179,2027,2027,805,1222,2206,179,75,104,2027,604,1423,2027,70,296,0,0,1638,23,31162,26226,4936,1790,4288,1617,349,18,212,155,87,0,33486,3631,73,608,12,363,2842,2229,354,3847,49,47,3306,698,0,117,408,8,52,993,707,0,342,186,0,0,221,46
2011,Bell County; Texas,102547,73689,39378,52813,24865,4091,2133,16785,12380,28858,24315,6306,43303,17821,2.86,3.39,293185,102547,52784,101169,22360,14325,4631,112657,36225,60406,2562,2175,11289,117177,27374,60409,4494,8814,16086,5650,1732,47,69,37,116,22,7157,3041,815,48,027,1178,354,694,3041,1904,2245,86602,5800,5143,35598,16739,23322,177943,8408,12261,51854,49631,18569,24502,12718,-888888888,-888888888,192558,41230,-888888888,-888888888,-888888888,-888888888,-888888888,-888888888,-888888888,-888888888,297428,217862,71156,37327,33829,12592,21237,8410,302946,277890,261155,140663,120492,16735,25056,25056,11672,13384,41791,16735,4531,12204,25056,7773,17283,25056,4374,6038,837,288,12886,633,275472,227603,47869,15778,34417,11393,6438,1598,6128,2546,886,241,302946,13127,635,3984,501,2127,25411,5466,852,41145,491,217,20982,6752,148,1603,4060,372,563,5441,4335,136,3096,1785,359,204,1036,1751
2011,Cameron County; Texas,114881,92318,48994,63465,32891,5658,2331,23195,13772,22563,19466,8391,57170,30141,3.46,3.95,396951,114881,63355,157827,50801,10087,4124,136220,45077,75218,3744,3279,8902,153472,43747,73933,7940,14058,13794,7672,3051,63,77,76,137,20,17483,5921,1638,48,061,1722,792,1769,5921,3704,4600,125727,7710,7853,59057,29214,21893,228058,54932,30552,54590,41574,13156,22808,10446,-888888888,-888888888,267297,17689,-888888888,-888888888,-888888888,-888888888,-888888888,-888888888,-888888888,-888888888,393005,348982,40855,32108,8747,5260,3487,3168,400332,300153,296502,256437,40065,3651,100179,100179,31578,68601,103830,3651,894,2757,100179,25120,75059,100179,796,2190,139,31,96384,639,363555,97191,266364,108704,263409,107582,1218,421,1510,663,227,38,400332,7061,159,305,490,966,7634,2392,185,11428,160,318,6854,1527,35,774,1195,116,337,1657,1568,107,177,790,206,123,587,95
2011,Deaf Smith County; Texas,6196,4627,2364,3551,1762,376,188,700,414,1569,1383,712,2648,1575,3.06,3.64,18969,6196,3545,6851,1800,577,248,6914,2024,3999,109,164,618,7137,1616,3983,242,691,605,600,211,117,133,119,255,5,836,331,80,48,117,18,125,108,331,192,277,5309,266,499,2669,1349,526,11128,2209,1286,3669,2040,379,1038,507,-888888888,-888888888,12990,828,-888888888,-888888888,-888888888,-888888888,-888888888,-888888888,-888888888,-888888888,18753,16584,2129,1388,741,507,234,40,19225,15970,15758,12932,2826,212,3255,3255,873,2382,3467,212,102,110,3255,1125,2130,3255,0,58,0,0,3148,49,17393,8352,9041,3600,8801,3480,36,21,114,15,90,84,19225,689,11,41,1,50,803,172,14,2022,41,9,1062,220,0,70,87,7,12,198,100,0,7,7,6,0,25,14
2011,El Paso County; Texas,247305,188778,99443,126119,64695,13345,5569,49314,29179,58527,51135,18702,114948,58441,3.13,3.67,773995,247305,126108,295649,81630,23303,9383,281470,98597,144606,7362,6764,24141,309577,91196,142396,14084,25954,35947,12772,4988,48,63,59,104,25,33833,14150,3558,48,141,3564,1873,5155,14150,8465,10961,258970,14465,13069,106888,58101,66447,461366,80643,48563,112338,99080,29206,61043,30493,-888888888,-888888888,535766,47745,-888888888,-888888888,-888888888,-888888888,-888888888,-888888888,-888888888,-888888888,776410,655490,109427,78592,30835,7088,23747,11493,787410,578675,563582,434292,129290,15093,208735,208735,87711,121024,223828,15093,4209,10884,208735,46385,162350,208735,4024,7035,546,70,196614,446,721931,186854,535077,222179,521323,217225,6557,1641,5470,2808,1727,505,787410,26281,2766,816,913,2184,15749,5154,710,28900,514,594,20030,7784,159,1587,3712,403,1106,3389,3584,247,1699,1879,407,303,1060,916
2011,La Salle County; Texas,1957,1311,593,804,393,119,69,388,131,646,544,299,791,674,3.12,3.89,6098,1957,794,2073,926,348,227,3181,1363,1197,127,101,393,2272,749,823,114,330,256,113,105,121,82,62,146,32,207,125,53,48,283,47,13,12,125,54,100,1610,59,76,861,443,171,4282,1065,956,1138,674,193,162,94,-888888888,-888888888,5006,346,-888888888,-888888888,-888888888,-888888888,-888888888,-888888888,-888888888,-888888888,6726,5446,1169,489,680,653,27,111,6800,6315,6309,5470,839,6,485,485,57,428,491,6,0,6,485,129,356,485,0,12,0,0,473,0,6365,2813,3552,1366,3533,1363,7,3,12,0,0,0,6800,52,0,29,0,19,376,125,4,451,0,0,355,30,0,0,0,4,3,97,22,0,0,0,4,0,0,34
2011,Terrell County; Texas,421,245,99,203,69,30,22,12,8,176,162,78,105,171,2.25,3.10,946,421,199,222,93,11,11,434,72,248,14,7,93,384,55,242,2,59,26,13,0,0,73,0,448,0,28,5,0,48,443,0,0,5,5,3,5,128,0,0,74,54,0,730,66,62,294,141,30,107,30,-888888888,-888888888,739,107,-888888888,-888888888,-888888888,-888888888,-888888888,-888888888,-888888888,-888888888,916,841,75,15,60,60,0,0,946,807,807,676,131,0,139,139,49,90,139,0,0,0,139,60,79,139,0,79,0,0,60,0,867,425,442,105,355,59,87,46,0,0,0,0,946,82,0,0,6,3,41,0,0,67,0,0,119,0,0,18,0,0,0,31,18,0,0,5,0,0,14,0
2011,Tyler County; Texas,8238,5698,1998,4359,1396,209,65,1130,537,2540,2278,1080,2574,2972,2.39,2.86,19703,8238,4386,4822,1376,881,357,9905,2971,5136,147,396,1255,8073,1126,4491,295,1125,1036,184,81,53,47,68,109,0,931,593,135,48,457,258,40,160,593,336,390,4176,219,189,1972,1252,544,15241,918,1851,6021,3773,856,1014,808,-888888888,-888888888,17117,2083,-888888888,-888888888,-888888888,-888888888,-888888888,-888888888,-888888888,-888888888,21423,18833,2573,669,1904,1304,600,17,21600,21301,21295,17014,4281,6,299,299,172,127,305,6,0,6,299,15,284,299,22,76,0,0,169,32,20509,19394,1115,172,804,119,258,0,50,50,3,3,21600,1894,35,144,22,445,3359,1357,118,2946,30,8,3652,411,0,77,41,12,30,880,410,0,0,152,0,0,103,98
2011,Wheeler County; Texas,2124,1474,549,1139,352,120,66,215,131,650,540,267,665,664,2.45,2.90,5210,2124,1162,1250,392,282,149,2053,487,1225,26,48,267,2201,368,1219,104,233,277,98,11,24,82,0,211,31,171,104,35,48,483,25,0,44,104,62,67,1117,62,48,572,315,120,3547,240,432,1238,774,255,459,149,-888888888,-888888888,3988,343,-888888888,-888888888,-888888888,-888888888,-888888888,-888888888,-888888888,-888888888,5230,4280,940,301,639,421,218,10,5316,4872,4830,3562,1268,42,444,444,87,357,486,42,0,42,444,240,204,444,16,68,3,0,352,5,4895,4158,737,367,634,353,51,0,52,14,0,0,5316,272,0,9,0,81,676,130,0,988,5,19,741,12,0,11,19,0,20,94,80,0,0,6,13,0,4,43
2011,Archer County; Texas,3262,2511,1014,2125,772,138,85,248,157,751,702,344,1062,930,2.72,3.10,8886,3262,2124,2763,387,350,68,3669,954,2280,15,51,369,3611,575,2249,28,399,360,105,37,49,53,41,122,12,152,93,27,48,009,28,10,28,93,57,68,2199,163,116,1079,589,252,6102,302,613,2381,1410,251,883,262,-888888888,-888888888,6811,762,-888888888,-888888888,-888888888,-888888888,-888888888,-888888888,-888888888,-888888888,8909,8423,465,217,248,187,61,21,9013,8692,8653,6874,1779,39,321,321,53,268,360,39,0,39,321,110,211,321,13,47,0,0,234,27,8566,8064,502,270,447,233,3,1,52,36,0,0,9013,799,5,145,0,334,771,170,18,1958,3,18,1374,268,0,46,73,0,3,173,207,0,0,93,7,27,26,34
2011,Brewster County; Texas,4066,2291,808,1764,593,114,44,413,171,1775,1424,547,842,1154,2.17,2.82,8832,4066,1764,2250,154,598,298,3805,1393,1751,45,95,521,3821,907,2058,36,405,415,96,41,41,46,17,94,0,10,10,0,48,043,10,0,0,10,0,0,2286,53,103,832,364,934,6175,525,628,1287,1463,272,1150,850,-888888888,-888888888,7345,754,-888888888,-888888888,-888888888,-888888888,-888888888,-888888888,-888888888,-888888888,8992,6833,2092,1079,1013,668,345,67,9088,8540,8463,6003,2460,77,548,548,228,320,625,77,0,77,548,90,458,548,17,89,10,7,425,0,8600,5407,3193,578,3044,538,62,5,87,35,0,0,9088,739,19,47,21,98,1039,364,18,1246,134,0,621,224,19,90,64,0,61,371,184,0,35,124,12,0,53,0
2011,Hidalgo County; Texas,209796,172845,98301,123084,68728,9375,4611,40386,24962,36951,31782,12837,112552,48416,3.58,4.03,752108,209796,123045,314060,85969,19238,6319,256680,85041,145459,6523,5924,13733,279489,79330,141554,14745,21888,21972,16145,4643,52,83,56,146,28,34248,12275,3335,48,215,3131,2060,3749,12275,7347,9942,249749,15706,15854,119568,54564,44057,412960,107457,56282,100303,68079,17524,45368,17947,-888888888,-888888888,493894,23849,-888888888,-888888888,-888888888,-888888888,-888888888,-888888888,-888888888,-888888888,742302,638756,95725,75981,19744,11361,8383,7821,757453,533506,527636,452985,74651,5870,223947,223947,56841,167106,229817,5870,1308,4562,223947,66374,157573,223947,1120,5834,234,0,214646,2113,681924,102097,579827,231218,572327,228722,2066,780,4910,1679,524,37,757453,7378,1003,949,458,1792,10383,5315,687,21197,276,363,10899,3901,38,1455,1778,449,544,2186,2567,31,283,1673,380,301,683,147
2011,Smith County; Texas,77934,53907,23892,39955,16383,3472,1524,10480,5985,24027,20211,7704,27339,20555,2.59,3.15,201982,77934,39914,61259,14517,8358,3202,77275,23270,43038,1676,2061,7230,85505,20878,41927,2479,8962,11259,3046,1083,42,60,37,111,18,6250,3365,642,48,423,863,878,982,3365,1996,2625,56751,2990,3017,23527,11557,15660,131447,8821,11343,35178,32035,11804,21951,10315,-888888888,-888888888,153639,15989,-888888888,-888888888,-888888888,-888888888,-888888888,-888888888,-888888888,-888888888,204169,165212,38257,23579,14678,11085,3593,700,206839,188014,186756,140998,45758,1258,18825,18825,4950,13875,20083,1258,195,1063,18825,5553,13272,18825,730,1983,393,20,15469,230,192051,161753,30298,13620,27001,12570,1623,284,1421,645,253,121,206839,15348,364,577,448,3037,21067,5662,454,22637,399,304,26672,3292,109,1191,2238,172,398,3850,5231,62,991,1043,174,216,913,175
2011,Crockett County; Texas,1301,869,374,644,226,30,0,195,148,432,337,91,452,270,2.80,3.44,3647,1301,745,1153,219,229,130,1432,307,762,46,24,293,1382,302,756,24,108,192,59,18,44,69,0,166,0,113,113,19,48,105,34,39,21,113,76,74,737,172,46,318,125,76,2434,423,551,536,673,86,139,26,-888888888,-888888888,2718,120,-888888888,-888888888,-888888888,-888888888,-888888888,-888888888,-888888888,-888888888,3670,3315,343,109,234,226,8,12,3744,3178,3178,2870,308,0,566,566,199,367,566,0,0,0,566,128,438,566,28,1,0,0,497,40,3265,1823,1442,509,1441,509,1,0,0,0,0,0,3744,311,0,13,0,0,401,51,44,180,0,0,142,0,0,135,0,0,18,131,73,0,0,137,0,0,0,0
2011,Haskell County; Texas,2544,1787,647,1501,480,49,10,237,157,757,729,367,740,863,2.22,2.66,5650,2544,1473,1272,217,144,102,2451,367,1693,61,65,265,2408,408,1416,16,348,220,112,16,36,97,307,46,31,136,118,30,48,207,27,18,43,118,70,84,1059,86,67,568,203,135,4230,357,535,1649,950,192,401,146,-888888888,-888888888,4623,402,-888888888,-888888888,-888888888,-888888888,-888888888,-888888888,-888888888,-888888888,5783,4875,906,618,288,264,24,2,5877,5616,5576,5093,483,40,261,261,46,215,301,40,0,40,261,64,197,261,27,4,34,0,186,10,5546,4619,927,357,860,328,45,7,0,0,22,22,5877,343,0,110,0,102,698,111,0,1014,0,0,871,20,0,6,46,4,3,114,54,2,41,19,1,0,45,39
2011,Howard County; Texas,11016,7550,3174,5607,2009,548,273,1395,892,3466,2993,1429,3689,3298,2.61,3.20,28725,11016,5660,8895,2044,1110,625,16244,5252,7957,590,530,1915,11979,2405,6065,618,1349,1542,589,262,87,87,73,179,8,818,369,52,48,227,83,85,149,369,252,236,7865,384,385,3390,2127,1579,23664,2705,3872,6716,5974,1851,1720,826,-888888888,-888888888,26809,2971,-888888888,-888888888,-888888888,-888888888,-888888888,-888888888,-888888888,-888888888,34107,26203,7769,4177,3592,2552,1040,135,34645,29363,29143,23083,6060,220,5282,5282,615,4667,5502,220,0,220,5282,2252,3030,5282,294,293,95,0,4551,49,32339,22827,9512,4929,8772,4525,356,202,247,164,137,38,34645,2388,47,90,72,285,2509,400,21,3079,19,10,3670,217,12,73,234,0,68,531,659,0,250,90,5,203,72,200
2011,Mills County; Texas,1841,1323,547,1120,397,72,43,131,107,518,478,273,621,643,2.53,2.98,4653,1841,1121,1092,400,199,25,1896,411,1229,17,96,143,2106,237,1350,46,260,213,43,0,0,42,0,123,0,186,66,14,48,333,36,16,0,66,28,60,910,31,72,444,286,77,3474,348,432,1161,740,179,479,135,-888888888,-888888888,3760,474,-888888888,-888888888,-888888888,-888888888,-888888888,-888888888,-888888888,-888888888,4842,4348,490,308,182,182,0,4,4884,4484,4469,3879,590,15,400,400,112,288,415,15,0,15,400,133,267,400,0,4,0,0,396,0,4566,3971,595,339,579,339,12,0,0,0,4,0,4884,340,7,9,0,58,1345,52,6,994,4,0,541,5,0,6,15,0,12,76,43,0,0,26,6,0,30,0
2011,Montague County; Texas,7890,5454,1906,4510,1433,246,101,698,372,2436,2201,1041,2208,2665,2.47,3.03,19488,7890,4520,5299,1237,542,255,7790,1774,4677,164,301,874,8178,1230,4708,159,1056,1025,229,91,50,56,14,135,15,557,416,58,48,337,169,18,171,416,223,395,4240,219,276,2073,1120,552,13746,1018,1635,4581,3445,888,1531,648,-888888888,-888888888,15234,1948,-888888888,-888888888,-888888888,-888888888,-888888888,-888888888,-888888888,-888888888,19522,15978,3463,2303,1160,886,274,81,19773,18967,18903,14826,4077,64,806,806,242,564,870,64,5,59,806,264,542,806,34,80,12,9,671,0,18506,16949,1557,485,1376,483,152,1,4,1,25,0,19773,2294,0,83,30,532,2159,655,7,2971,11,9,2520,327,0,64,289,101,32,653,344,0,0,177,26,0,214,111
2011,Panola County; Texas,8640,6350,2361,4769,1525,358,153,1223,683,2290,1945,1033,2817,2630,2.67,3.16,23104,8640,4773,6811,2151,729,295,9173,2331,5354,206,224,1058,9633,1733,4790,379,1256,1475,361,170,75,69,121,126,4,799,601,59,48,365,326,69,147,601,368,458,5558,245,442,2872,1099,900,15734,1001,1854,5977,4068,1115,1301,418,-888888888,-888888888,17860,1808,-888888888,-888888888,-888888888,-888888888,-888888888,-888888888,-888888888,-888888888,23383,19990,3363,1890,1473,984,489,30,23690,22852,22756,16395,6361,96,838,838,198,640,934,96,7,89,838,349,489,838,69,64,0,0,683,22,22146,20930,1216,590,1128,561,31,0,45,29,12,0,23690,4528,0,116,29,297,2512,969,118,1696,24,12,3296,302,0,18,300,0,47,685,537,0,74,106,0,10,31,23
2011,Sabine County; Texas,4491,3003,913,2418,612,186,101,399,200,1488,1286,774,1163,1988,2.35,2.82,10546,4491,2390,2276,793,596,206,4355,788,2543,53,316,655,4641,753,2457,201,703,527,86,38,43,44,0,123,0,343,277,108,48,403,16,54,99,277,158,214,1992,51,108,1098,552,183,7883,388,1211,3009,1910,354,675,336,-888888888,-888888888,8586,1611,-888888888,-888888888,-888888888,-888888888,-888888888,-888888888,-888888888,-888888888,10614,9422,1183,579,604,532,72,9,10686,10582,10473,7591,2882,109,104,104,24,80,213,109,77,32,104,46,58,104,12,0,0,0,86,6,10191,9745,446,142,393,142,53,0,0,0,0,0,10686,1147,0,0,21,283,1650,669,52,1387,112,3,2038,45,0,14,7,0,16,257,348,0,65,72,0,0,14,54
2011,Sherman County; Texas,1015,775,393,654,305,53,29,68,59,240,214,104,417,270,2.90,3.41,2941,1015,673,1027,165,61,46,1172,367,668,10,27,100,1104,194,744,15,82,69,40,9,39,61,39,182,8,40,26,0,48,421,13,7,6,26,14,16,815,42,37,431,231,74,1853,277,191,520,414,68,298,85,-888888888,-888888888,2093,200,-888888888,-888888888,-888888888,-888888888,-888888888,-888888888,-888888888,-888888888,3000,2436,533,224,309,221,88,31,3019,2481,2469,1541,928,12,538,538,97,441,550,12,0,12,538,173,365,538,0,8,19,0,511,0,2811,1851,960,395,934,395,18,0,8,0,0,0,3019,200,0,29,6,69,251,24,0,569,0,0,187,14,0,20,7,0,1,30,75,0,16,47,23,0,6,0
2011,Swisher County; Texas,2612,1823,725,1513,507,115,74,195,144,789,718,295,877,914,2.73,3.35,7124,2612,1501,2176,612,223,120,3331,1073,1734,16,103,405,2770,525,1651,25,264,305,103,76,124,71,89,129,15,306,217,74,48,437,7,9,127,217,104,198,1854,180,135,804,538,197,4974,526,715,1656,985,290,558,244,-888888888,-888888888,5772,514,-888888888,-888888888,-888888888,-888888888,-888888888,-888888888,-888888888,-888888888,7716,6077,1610,580,1030,980,50,29,7808,7358,7263,6431,832,95,450,450,170,280,545,95,0,95,450,66,384,450,7,6,1,0,422,14,7208,5206,2002,647,1951,634,37,13,14,0,0,0,7808,567,8,9,0,62,645,156,0,864,12,0,689,65,0,63,30,0,3,152,199,0,354,26,0,0,120,40
2011,Hunt County; Texas,30624,21275,8558,16634,6030,1252,546,3389,1982,9349,7836,3048,10141,8154,2.70,3.29,82820,30624,16600,24388,7708,3500,1500,33261,9054,18641,778,1022,3766,34339,7301,17583,963,3849,4643,1047,408,42,51,35,86,28,2889,1267,271,48,231,239,183,574,1267,731,996,22724,1463,1375,9800,4355,5731,55503,3680,7096,18788,13205,3155,6336,3243,-888888888,-888888888,63842,7852,-888888888,-888888888,-888888888,-888888888,-888888888,-888888888,-888888888,-888888888,84407,69749,13930,8076,5854,4775,1079,728,85390,79922,79207,59882,19325,715,5468,5468,1432,4036,6183,715,64,651,5468,2197,3271,5468,556,814,16,31,3943,108,79607,70036,9571,3709,8283,3150,734,293,500,266,54,0,85390,7423,46,348,68,1708,8452,2183,126,12242,223,373,13692,2019,53,538,773,95,191,2063,1993,25,164,448,40,13,442,264
2011,Camp County; Texas,4490,3330,1468,2379,928,223,103,728,437,1160,1015,456,1611,1357,2.70,3.23,12115,4490,2410,4026,993,196,125,4715,1194,2728,170,206,417,4915,1020,2521,216,555,603,310,62,47,112,133,204,32,436,211,73,48,063,44,6,88,211,96,134,3106,192,109,1460,830,515,8206,1159,939,2434,1991,289,867,527,-888888888,-888888888,9066,1057,-888888888,-888888888,-888888888,-888888888,-888888888,-888888888,-888888888,-888888888,12091,10670,1327,927,400,305,95,94,12353,10899,10843,8440,2403,56,1454,1454,200,1254,1510,56,12,44,1454,660,794,1454,56,34,20,0,1336,8,11477,9221,2256,1236,2173,1188,36,14,27,14,20,20,12353,688,0,71,0,253,869,248,109,1166,27,0,1361,90,0,39,21,0,24,231,157,0,775,97,0,0,77,0
2011,Hansford County; Texas,1895,1424,702,1184,533,93,66,147,103,471,426,199,742,469,2.88,3.36,5464,1895,1182,1953,228,206,113,2083,611,1232,18,106,116,2088,486,1246,54,168,134,96,51,95,76,142,110,29,133,30,9,48,195,13,4,4,30,16,26,1539,64,30,785,510,150,3344,509,306,1038,609,165,561,156,-888888888,-888888888,3847,326,-888888888,-888888888,-888888888,-888888888,-888888888,-888888888,-888888888,-888888888,5431,4535,862,568,294,100,194,34,5524,4521,4496,3263,1233,25,1003,1003,241,762,1028,25,0,25,1003,358,645,1003,0,29,0,0,974,0,5088,3233,1855,833,1814,820,12,0,29,13,0,0,5524,216,0,34,4,224,575,149,3,777,18,0,682,63,0,167,0,0,5,155,101,0,0,5,0,0,0,24
2011,Guadalupe County; Texas,44554,34374,16413,27134,12417,1642,605,5598,3391,10180,8697,3443,18459,10713,2.82,3.24,125726,44554,27195,41730,8078,4169,1650,47945,13136,28509,804,1342,4154,50789,11754,28586,981,4332,5136,2024,655,48,64,28,122,32,3867,1754,435,48,187,488,170,661,1754,1004,1351,36554,1970,1826,16571,8240,7947,81462,5493,6362,24155,19375,6472,12783,6822,-888888888,-888888888,90876,15306,-888888888,-888888888,-888888888,-888888888,-888888888,-888888888,-888888888,-888888888,126043,109090,16445,6371,10074,7427,2647,508,127499,118815,115607,81196,34411,3208,8684,8684,3605,5079,11892,3208,606,2602,8684,2464,6220,8684,815,1180,269,48,6219,153,118528,90081,28447,9086,25832,8237,1729,440,830,409,56,0,127499,7536,258,1078,206,1224,11261,4125,625,28262,158,331,11593,2805,117,837,2575,305,359,2555,1925,124,802,812,90,125,765,232
2011,Clay County; Texas,4344,3154,1157,2692,927,144,70,318,160,1190,1025,449,1305,1302,2.47,2.91,10746,4344,2694,2755,569,384,204,4310,905,2760,37,149,459,4497,639,2876,45,438,499,116,21,25,51,0,148,6,339,195,51,48,077,26,18,100,195,105,178,2303,126,103,1207,570,297,7639,302,593,2800,2085,420,986,453,-888888888,-888888888,8293,928,-888888888,-888888888,-888888888,-888888888,-888888888,-888888888,-888888888,-888888888,10749,9818,907,281,626,499,127,24,10839,10731,10635,8176,2459,96,108,108,56,52,204,96,9,87,108,5,103,108,29,42,0,0,37,0,10255,9868,387,120,235,79,66,6,86,35,0,0,10839,937,0,42,26,313,954,215,8,1584,0,6,1127,96,9,114,62,10,29,157,178,0,0,84,35,0,26,63
2011,Hartley County; Texas,1727,1309,653,1179,546,13,3,117,104,418,380,175,677,481,2.60,3.06,4492,1727,1194,1391,108,72,28,3095,894,1522,121,46,512,1807,212,1205,29,195,166,45,0,0,45,0,127,0,57,40,0,48,205,20,0,20,40,16,32,1389,97,150,580,441,121,4482,274,726,1551,736,210,753,232,-888888888,-888888888,4678,547,-888888888,-888888888,-888888888,-888888888,-888888888,-888888888,-888888888,-888888888,5929,4976,919,111,808,512,296,34,5974,5668,5654,3571,2083,14,306,306,39,267,320,14,0,14,306,108,198,306,8,5,15,0,268,10,5663,4480,1183,367,1055,361,122,0,5,5,1,1,5974,267,56,7,0,156,737,271,0,1427,0,0,889,20,2,50,83,31,87,100,124,0,7,64,1,0,57,35
2011,Hill County; Texas,13231,9174,3292,7250,2481,547,223,1377,588,4057,3601,1829,4080,4434,2.58,3.12,34090,13231,7252,9381,2820,1406,503,13571,3124,8135,269,570,1473,14301,2693,7616,417,1814,1761,391,133,39,52,43,102,12,1130,609,114,48,217,106,122,267,609,383,439,8311,451,496,4067,1704,1593,23483,2066,2994,7113,5849,1943,2602,916,-888888888,-888888888,26453,3286,-888888888,-888888888,-888888888,-888888888,-888888888,-888888888,-888888888,-888888888,34690,29696,4923,2742,2181,1714,467,71,35033,32367,32201,26334,5867,166,2666,2666,522,2144,2832,166,21,145,2666,688,1978,2666,39,91,18,0,2502,16,32713,27675,5038,2229,4550,2126,310,72,102,31,76,0,35033,2759,15,1194,20,347,3809,718,41,4812,10,79,5081,619,0,230,187,0,56,677,699,4,124,188,73,18,169,35
2011,Limestone County; Texas,7913,5683,2268,4612,1579,195,118,876,571,2230,2033,1045,2621,2489,2.62,3.13,20696,7913,4651,5831,1623,678,348,10068,3039,5630,148,326,925,8809,1622,4913,279,1042,953,221,93,48,47,10,109,12,650,542,67,48,293,99,121,255,542,302,444,4908,412,317,2184,1182,813,15934,1688,1707,5755,3813,1068,1297,606,-888888888,-888888888,17758,1857,-888888888,-888888888,-888888888,-888888888,-888888888,-888888888,-888888888,-888888888,23064,19349,3565,1352,2213,1875,338,150,23282,21281,21198,17760,3438,83,2001,2001,250,1751,2084,83,8,75,2001,752,1249,2001,44,74,0,0,1883,0,21746,18169,3577,2232,3428,2177,70,9,59,34,20,12,23282,1479,8,235,35,420,1626,664,88,2766,0,21,2885,177,0,113,220,0,0,385,227,0,22,93,13,0,34,88
2011,Nacogdoches County; Texas,23006,14737,6605,10425,4057,951,414,3361,2134,8269,6792,2165,7528,5310,2.52,3.13,58068,23006,10370,16809,4261,3622,906,24079,9744,11689,378,590,1678,27311,10221,11188,739,2474,2689,1202,587,52,67,28,120,17,1510,939,134,48,347,342,133,330,939,590,643,21518,1063,913,6194,2882,10466,35935,2916,4106,10434,8071,1759,5455,3194,-888888888,-888888888,48925,3792,-888888888,-888888888,-888888888,-888888888,-888888888,-888888888,-888888888,-888888888,62940,48741,14075,6937,7138,5746,1392,124,63872,58347,57904,47742,10162,443,5525,5525,1238,4287,5968,443,72,371,5525,2342,3183,5525,115,567,113,6,4697,27,59458,50224,9234,4226,8304,3950,367,77,441,162,122,37,63872,5525,105,325,365,1037,6642,1553,113,7141,25,83,7620,1213,10,218,718,20,164,1589,1064,6,511,153,197,0,310,98
2011,Parmer County; Texas,3359,2651,1308,2058,1025,182,26,411,257,708,667,338,1522,866,2.97,3.42,9987,3359,2033,3348,1032,215,111,3841,1031,2423,63,76,248,3703,726,2165,90,411,311,199,55,60,86,9,182,20,345,145,30,48,369,63,9,43,145,73,121,2834,146,199,1391,690,408,6010,1314,789,1549,1151,350,758,99,-888888888,-888888888,6972,491,-888888888,-888888888,-888888888,-888888888,-888888888,-888888888,-888888888,-888888888,9973,8444,1461,830,631,384,247,68,10157,8265,8160,5588,2572,105,1892,1892,519,1373,1997,105,13,92,1892,551,1341,1892,35,3,0,0,1844,10,9275,4734,4541,2055,4453,2050,85,2,3,3,0,0,10157,314,0,9,0,177,744,61,17,1153,0,16,754,37,0,9,62,15,28,92,27,0,4,33,16,14,26,0
2011,Parker County; Texas,41579,31836,14487,26062,11336,2039,1083,3735,2068,9743,8029,2964,15956,9738,2.68,3.07,111391,41579,26080,34780,5144,3808,1764,45779,11508,27993,867,1113,4298,44915,7763,26854,994,3810,5494,1603,247,23,59,32,143,15,2471,1110,249,48,367,197,173,491,1110,588,890,29019,1659,1533,13814,7304,4709,75500,2560,7544,21584,20252,6124,11958,5478,-888888888,-888888888,85051,11233,-888888888,-888888888,-888888888,-888888888,-888888888,-888888888,-888888888,-888888888,113409,95862,17233,7084,10149,7902,2247,314,114764,110009,109024,76660,32364,985,4755,4755,1791,2964,5740,985,173,812,4755,1350,3405,4755,542,568,38,25,3303,279,107534,98471,9063,3518,7707,3212,686,202,391,78,279,26,114764,11239,409,825,192,2199,15786,3308,334,18835,158,301,16115,2185,36,954,1403,210,479,3803,3308,57,121,882,202,165,714,225
2011,Presidio County; Texas,2735,1705,700,1326,464,11,11,368,225,1030,927,576,810,1053,2.79,3.79,7633,2735,1295,2700,756,147,87,2745,863,1439,28,160,255,3116,684,1531,99,491,311,141,45,61,87,0,226,22,382,198,72,48,377,51,17,58,198,110,198,1923,109,80,1166,400,168,4981,1721,585,1114,624,75,642,220,-888888888,-888888888,5532,319,-888888888,-888888888,-888888888,-888888888,-888888888,-888888888,-888888888,-888888888,7656,6875,702,311,391,340,51,79,7727,5548,5449,4495,954,99,2179,2179,504,1675,2278,99,14,85,2179,290,1889,2179,34,40,0,0,2105,0,7157,1067,6090,2324,6020,2292,30,0,40,32,0,0,7727,178,0,35,0,32,219,35,0,333,0,0,153,90,22,0,0,0,0,70,159,0,0,0,0,14,13,0
2011,Val Verde County; Texas,14909,11391,5615,8546,3859,574,368,2271,1388,3518,3085,1329,6335,4030,3.18,3.74,47484,14909,8540,17455,5242,1338,632,18046,5741,10016,419,527,1343,18267,4016,9767,736,1927,1821,974,203,40,85,70,147,35,1928,931,46,48,465,387,214,284,931,529,823,13185,739,928,6305,3210,2003,28855,6734,3481,7398,4689,1819,3560,1174,-888888888,-888888888,32720,2915,-888888888,-888888888,-888888888,-888888888,-888888888,-888888888,-888888888,-888888888,47395,40820,6227,3352,2875,1315,1560,348,48434,37360,36695,30102,6593,665,11074,11074,4253,6821,11739,665,107,558,11074,1936,9138,11074,89,251,0,3,10680,51,44306,12360,31946,11975,31528,11843,156,20,262,112,0,0,48434,1718,0,58,0,193,1472,399,46,2631,0,17,1474,619,0,151,264,102,46,257,205,0,0,113,98,24,61,171
2011,Culberson County; Texas,852,541,256,385,196,7,7,149,53,311,301,74,281,219,2.83,3.81,2409,852,399,900,219,39,21,1006,300,501,17,128,60,1032,230,465,22,204,111,4,4,13,7,0,19,0,35,0,0,48,109,0,0,0,0,0,0,482,30,53,186,181,32,1696,354,300,561,151,25,180,125,-888888888,-888888888,1870,191,-888888888,-888888888,-888888888,-888888888,-888888888,-888888888,-888888888,-888888888,2438,2365,67,51,16,3,13,6,2438,2039,2039,1722,317,0,399,399,183,216,399,0,0,0,399,46,353,399,0,7,0,0,392,0,2284,782,1502,350,1475,350,20,0,0,0,7,0,2438,366,15,1,0,0,193,55,0,115,0,0,82,6,0,0,8,0,0,28,10,0,0,13,0,0,13,0
2011,Ector County; Texas,48318,34188,16850,23846,10525,3000,1671,7342,4654,14130,11888,4275,19933,10165,2.77,3.30,133828,48318,23781,43777,10966,6986,3484,49863,15590,25916,1176,1496,5685,52419,13072,25847,1940,4634,6926,2831,1473,87,83,46,153,20,4979,2728,998,48,135,467,260,1003,2728,1582,2124,37244,2202,2404,16909,7738,7991,80631,10869,10855,23992,19489,4707,7573,3146,-888888888,-888888888,96035,7503,-888888888,-888888888,-888888888,-888888888,-888888888,-888888888,-888888888,-888888888,133297,109792,22645,14527,8118,5848,2270,860,135545,118785,117511,95649,21862,1274,16760,16760,6040,10720,18034,1274,98,1176,16760,3184,13576,16760,513,900,135,45,15057,110,123450,73053,50397,16457,48750,15907,715,221,724,248,208,81,135545,6852,289,302,36,1046,6572,1929,380,10015,32,40,8141,987,0,630,586,54,32,1485,1353,0,433,736,44,99,367,283
2011,Garza County; Texas,1631,1108,567,800,367,78,11,230,189,523,490,176,614,517,2.46,3.09,4015,1631,740,1378,202,64,62,3620,1192,1705,238,70,415,1654,416,808,63,131,236,18,0,0,19,0,38,0,77,18,15,48,169,0,3,0,18,10,18,1419,139,53,528,319,380,4611,996,736,1203,1004,216,301,155,-888888888,-888888888,5115,234,-888888888,-888888888,-888888888,-888888888,-888888888,-888888888,-888888888,-888888888,6307,4321,1848,689,1159,395,764,138,6319,3937,3929,3678,251,8,2382,2382,153,2229,2390,8,0,8,2382,633,1749,2382,3,0,32,0,2347,0,5889,2957,2932,2320,2872,2320,22,0,6,0,32,0,6319,341,0,18,0,54,226,36,0,333,0,0,287,41,0,5,6,0,0,54,38,0,32,12,0,0,0,147
2011,Glasscock County; Texas,406,315,117,291,101,3,0,21,16,91,77,23,125,118,2.85,3.31,1156,406,304,374,50,22,18,489,119,321,0,8,41,442,84,329,0,17,12,4,0,0,13,0,65,0,10,5,0,48,173,0,0,5,5,2,5,331,12,12,158,113,36,746,72,53,173,247,52,116,33,-888888888,-888888888,882,45,-888888888,-888888888,-888888888,-888888888,-888888888,-888888888,-888888888,-888888888,1174,1126,41,0,41,33,8,7,1179,1089,1089,993,96,0,90,90,46,44,90,0,0,0,90,7,83,90,0,0,7,0,83,0,1144,992,152,66,152,66,0,0,0,0,0,0,1179,25,0,48,3,14,154,30,0,462,0,0,114,13,0,0,0,0,0,45,5,0,7,8,0,0,0,0
2011,Grimes County; Texas,8433,6025,2298,4423,1385,405,109,1197,804,2408,2027,1038,2729,2540,2.77,3.31,23359,8433,4349,6839,2707,1031,476,11865,4061,5387,501,234,1682,9412,2046,4849,262,991,1264,399,157,59,74,138,142,11,838,554,124,48,185,90,174,166,554,333,504,5771,193,295,3049,1497,737,18195,1530,2731,7262,3570,1109,1354,639,-888888888,-888888888,20348,2490,-888888888,-888888888,-888888888,-888888888,-888888888,-888888888,-888888888,-888888888,26172,21690,4443,1783,2660,2280,380,39,26455,24343,24126,19313,4813,217,2112,2112,513,1599,2329,217,21,196,2112,756,1356,2112,88,76,36,0,1908,4,24841,20730,4111,1928,3801,1800,187,59,97,63,26,6,26455,1681,14,417,17,283,2386,713,151,3641,109,92,2872,521,18,145,1627,14,74,688,617,0,60,140,14,23,41,1
2011,Collin County; Texas,276234,203629,113315,166236,90723,10951,5406,26442,17186,72605,59975,11379,119169,40075,2.75,3.25,760554,276234,166259,253941,37089,27031,11099,281888,77701,176508,3215,2898,21566,297596,65479,175042,5321,16149,35605,12163,2073,25,59,20,110,31,12712,3914,901,48,085,1047,516,1450,3914,2493,2845,222560,16806,13957,99869,43892,48036,489577,16011,18632,76881,103285,36370,159745,78653,-888888888,-888888888,544618,42614,-888888888,-888888888,-888888888,-888888888,-888888888,-888888888,-888888888,-888888888,753353,637373,110264,54220,56044,36238,19806,5716,764424,633074,623260,349054,274206,9814,131350,131350,58348,73002,141164,9814,2246,7568,131350,48040,83310,131350,10465,65534,8637,592,43252,2870,705841,531095,174746,64994,78692,33679,37317,10174,47963,19023,10774,2118,764424,62279,6450,5057,2494,9609,73740,21975,2733,111528,2444,2544,79773,27257,785,6855,13728,1201,6499,15473,20321,686,9934,8872,1474,1302,4738,1657
2011,Angelina County; Texas,31048,22152,9564,15803,5966,1771,746,4578,2852,8896,7765,2996,11301,8126,2.66,3.20,82705,31048,15845,26836,5964,3012,1325,32351,9304,16970,1141,773,4163,34428,7459,17329,1484,3593,4563,1252,336,34,61,43,104,27,2442,1389,517,48,005,213,59,600,1389,879,1102,22863,1767,1532,10079,5364,4121,54949,5251,6975,16167,14059,3937,6007,2553,-888888888,-888888888,62897,6877,-888888888,-888888888,-888888888,-888888888,-888888888,-888888888,-888888888,-888888888,84936,69517,15124,9789,5335,3574,1761,295,86033,79441,78788,65289,13499,653,6592,6592,2007,4585,7245,653,54,599,6592,1829,4763,6592,154,552,134,0,5726,26,79554,65588,13966,5981,12907,5724,380,21,621,235,58,1,86033,10094,65,266,121,901,8501,2357,193,8993,34,68,8699,589,26,282,411,110,46,1715,1410,21,802,145,100,17,292,84
2011,Cottle County; Texas,638,464,129,373,89,10,4,81,36,174,167,104,149,285,2.60,3.09,1657,638,374,495,100,50,13,640,142,410,5,30,53,735,205,352,0,160,18,17,13,69,50,0,46,72,9,9,2,48,101,0,0,7,9,6,7,414,36,17,229,100,32,1209,127,166,429,270,48,142,27,-888888888,-888888888,1313,157,-888888888,-888888888,-888888888,-888888888,-888888888,-888888888,-888888888,-888888888,1686,1490,196,141,55,46,9,0,1693,1636,1632,1450,182,4,57,57,15,42,61,4,0,4,57,12,45,57,3,2,0,0,52,0,1649,1426,223,50,218,48,3,0,2,2,0,0,1693,151,0,0,0,8,174,26,5,209,0,0,197,3,0,19,11,0,3,14,57,0,94,64,0,0,0,6
2011,Hays County; Texas,52717,34174,17107,27095,13176,2244,1091,4835,2840,18543,13138,2894,18670,9116,2.73,3.33,143945,52717,26946,42826,9906,11550,3196,60186,24806,29278,704,1058,4340,61538,21968,28574,843,3777,6376,1936,674,28,45,21,70,26,3545,1198,182,48,209,286,220,510,1198,659,885,52282,2372,2139,16432,8395,22944,87380,4551,5440,19159,21576,5595,21510,9549,-888888888,-888888888,115412,10507,-888888888,-888888888,-888888888,-888888888,-888888888,-888888888,-888888888,-888888888,151159,116329,34390,13809,20581,17418,3163,440,152827,142353,140162,103968,36194,2191,10474,10474,3559,6915,12665,2191,442,1749,10474,3215,7259,10474,1282,1256,147,96,7518,175,142474,109219,33255,9061,29927,8188,2118,466,1006,354,204,53,152827,5236,325,1975,455,1481,16105,4038,675,28281,362,261,13489,4252,145,1662,2534,270,679,3574,3648,98,143,1709,357,169,791,323
2011,Brazoria County; Texas,103919,79058,39497,60658,29090,5114,2431,13286,7976,24861,20870,6388,43746,20317,2.85,3.30,295812,103919,60628,99244,22233,9788,4575,119949,34100,67958,2408,2608,12875,116322,25957,63663,3249,9594,13859,4989,1547,47,65,35,125,25,8182,3508,987,48,039,874,583,1064,3508,2190,2550,84753,5736,5578,37786,18756,16897,196799,12696,17006,49917,48925,16062,34103,18090,-888888888,-888888888,221959,21879,-888888888,-888888888,-888888888,-888888888,-888888888,-888888888,-888888888,-888888888,303422,255112,46222,25323,20899,16100,4799,2088,307695,270679,268069,200008,68061,2610,37016,37016,15640,21376,39626,2610,470,2140,37016,10909,26107,37016,2287,10725,1333,82,21883,706,283282,213163,70119,22642,53841,18175,5576,1183,9650,2960,1052,324,307695,22273,811,5915,775,3621,23310,11022,956,40285,546,852,28683,7661,83,1446,3890,227,1057,5568,5121,235,1728,2302,577,144,1289,663
2011,Donley County; Texas,1318,900,319,695,213,64,44,141,62,418,394,173,382,473,2.52,3.10,3318,1318,702,942,243,113,71,1452,518,767,25,35,107,1558,356,788,44,196,174,20,6,14,26,23,65,0,76,65,0,48,129,10,8,47,65,55,27,1055,31,34,375,176,439,2414,164,229,800,588,187,293,153,-888888888,-888888888,2851,337,-888888888,-888888888,-888888888,-888888888,-888888888,-888888888,-888888888,-888888888,3577,2899,667,226,441,396,45,11,3624,3554,3516,2714,802,38,70,70,16,54,108,38,0,38,70,27,43,70,11,12,6,0,41,0,3456,3277,179,64,149,51,16,11,14,2,0,0,3624,57,0,14,10,49,400,168,0,814,0,16,421,35,0,27,44,0,34,147,84,0,12,6,0,0,39,24
2011,Atascosa County; Texas,14940,11500,5091,8339,3466,937,476,2224,1149,3440,2988,1282,6256,3940,2.96,3.41,44200,14940,8321,14931,4514,1494,689,16584,5043,8954,576,518,1493,17299,4332,8948,572,1742,1705,673,321,63,65,116,99,19,1910,1048,306,48,013,249,98,395,1048,564,715,12021,1134,519,5975,2676,1717,27840,3659,3242,10303,5824,1442,2258,1112,-888888888,-888888888,31675,3117,-888888888,-888888888,-888888888,-888888888,-888888888,-888888888,-888888888,-888888888,43916,38855,5027,2853,2174,1739,435,34,44553,41815,41504,35811,5693,311,2738,2738,1108,1630,3049,311,64,247,2738,444,2294,2738,24,135,1,0,2568,10,41125,24572,16553,4466,16265,4385,139,11,148,69,1,1,44553,1172,0,652,15,535,2790,1208,28,6240,53,0,3879,593,0,156,954,0,43,797,346,3,126,569,10,0,40,65
2011,Nolan County; Texas,5693,3715,1391,2997,967,166,93,552,331,1978,1654,661,1692,1684,2.57,3.24,14624,5693,2992,4052,1292,595,278,5912,1661,3312,117,155,667,6039,1131,3283,273,589,763,156,73,51,48,101,61,21,429,255,111,48,353,49,19,76,255,185,156,3753,256,184,1650,984,679,9912,1282,962,3347,2065,769,1096,391,-888888888,-888888888,11355,1268,-888888888,-888888888,-888888888,-888888888,-888888888,-888888888,-888888888,-888888888,14786,12109,2656,1966,690,567,123,21,15098,14316,14250,12409,1841,66,782,782,332,450,848,66,16,50,782,56,726,782,25,0,8,0,749,0,14005,11001,3004,1161,2905,1132,37,6,0,0,62,23,15098,1467,0,46,17,181,1066,352,9,1524,4,5,1518,88,0,42,43,6,11,250,199,0,35,85,0,0,58,63
2011,Hudspeth County; Texas,951,639,277,453,179,17,13,169,85,312,301,165,346,330,3.44,4.57,3274,951,480,1378,425,40,4,1509,590,613,33,164,109,1178,374,527,62,139,76,50,22,58,72,87,112,17,110,65,13,48,229,0,20,32,65,27,28,1047,51,67,435,350,144,2016,608,338,507,272,75,150,66,-888888888,-888888888,2379,193,-888888888,-888888888,-888888888,-888888888,-888888888,-888888888,-888888888,-888888888,3391,3056,331,75,256,198,58,4,3433,2317,2278,1862,416,39,1116,1116,289,827,1155,39,19,20,1116,254,862,1116,0,8,20,5,1083,0,3176,750,2426,1075,2375,1071,46,4,0,0,5,0,3433,283,0,0,0,13,12,15,0,92,0,0,119,4,0,0,0,0,5,18,6,0,7,0,3,0,20,4
2011,Ward County; Texas,3808,2713,1244,1961,813,130,44,622,387,1095,916,406,1430,1049,2.70,3.24,10263,3808,1965,3250,854,386,241,3948,1151,2091,199,139,368,4266,883,1981,96,608,698,209,59,48,83,10,156,45,374,98,19,48,475,57,11,11,98,52,93,2555,97,69,1504,702,183,6725,992,962,2282,1513,215,560,201,-888888888,-888888888,7666,672,-888888888,-888888888,-888888888,-888888888,-888888888,-888888888,-888888888,-888888888,10454,8655,1790,831,959,698,261,9,10586,9906,9875,7678,2197,31,680,680,358,322,711,31,0,31,680,75,605,680,9,26,0,0,642,3,9817,6589,3228,1012,3185,998,16,0,17,14,10,0,10586,703,0,0,0,128,820,106,7,674,10,0,900,61,0,15,8,8,0,190,119,0,75,57,11,0,5,106
2011,Harrison County; Texas,23423,16999,7195,12469,4795,1153,622,3377,1778,6424,5491,2606,8215,6472,2.67,3.17,62612,23423,12509,19704,4719,2257,1238,25023,7629,13337,487,675,2895,26128,6041,13070,796,2858,3363,860,490,65,56,41,115,10,1790,960,281,48,203,207,251,221,960,618,665,17235,1102,1147,7277,3612,4097,42133,2216,4222,14776,10699,2689,5241,2290,-888888888,-888888888,48110,5130,-888888888,-888888888,-888888888,-888888888,-888888888,-888888888,-888888888,-888888888,64278,54621,9515,4942,4573,3476,1097,142,64999,61775,61344,45088,16256,431,3224,3224,461,2763,3655,431,22,409,3224,1205,2019,3224,210,184,114,0,2684,32,60404,54736,5668,2712,5131,2626,270,24,147,60,120,2,64999,8690,199,297,36,828,5273,1829,131,5797,31,36,6790,1562,0,260,324,74,46,1257,1624,0,567,257,22,0,347,136
2011,Menard County; Texas,838,607,191,461,132,12,3,134,56,231,220,94,247,281,2.60,3.09,2176,838,466,530,272,70,31,905,272,527,4,30,72,922,192,479,19,117,115,39,25,110,83,0,361,0,42,34,19,48,327,6,0,9,34,25,0,484,58,3,222,146,55,1579,133,158,578,450,50,146,64,-888888888,-888888888,1746,289,-888888888,-888888888,-888888888,-888888888,-888888888,-888888888,-888888888,-888888888,2164,1802,358,235,123,100,23,4,2226,2104,2104,1833,271,0,122,122,62,60,122,0,0,0,122,38,84,122,0,0,0,0,122,0,2040,1508,532,125,532,125,0,0,0,0,0,0,2226,758,0,10,4,3,195,19,0,95,0,0,117,1,0,0,0,0,0,27,43,0,0,4,0,0,0,7
2011,Fayette County; Texas,10517,7101,2789,5942,2085,353,204,806,500,3416,2875,1502,3012,3614,2.25,2.76,23685,10517,5962,5877,675,654,459,9692,2147,6442,117,280,706,10242,1678,6064,178,1434,888,304,116,62,64,24,155,9,328,143,24,48,149,88,0,31,143,88,86,5056,321,234,2452,1299,750,17435,1601,1870,6483,3304,1100,2357,720,-888888888,-888888888,19004,2393,-888888888,-888888888,-888888888,-888888888,-888888888,-888888888,-888888888,-888888888,24146,21644,2406,1423,983,815,168,96,24397,22692,22576,19157,3419,116,1705,1705,465,1240,1821,116,9,107,1705,344,1361,1705,97,166,5,0,1436,1,23008,18824,4184,1709,2999,1406,1051,172,134,131,0,0,24397,1428,12,4350,50,163,1886,389,53,7509,86,37,2343,391,18,51,204,0,64,349,334,13,10,75,53,30,52,30
2011,Williamson County; Texas,147912,109271,58962,88620,45210,5837,3629,14814,10123,38641,31258,8011,62019,24777,2.75,3.22,406539,147912,88517,134969,19346,15795,7826,150950,41098,94726,1975,1643,11508,159285,35166,92111,2746,9144,20118,7404,1348,30,68,22,120,38,7401,2737,681,48,491,961,487,608,2737,1565,2133,116277,8761,7012,52797,24239,23468,260870,9525,11656,54446,65717,21416,68316,29794,-888888888,-888888888,290827,33879,-888888888,-888888888,-888888888,-888888888,-888888888,-888888888,-888888888,-888888888,403689,327497,73338,31731,41607,28092,13515,2854,409913,367348,360581,222719,137862,6767,42565,42565,16349,26216,49332,6767,1203,5564,42565,15571,26994,42565,4503,14013,1432,142,21351,1124,376890,301987,74903,24277,53059,17879,10619,2473,9667,3769,1558,156,409913,22820,1843,9801,1615,5112,41647,11926,2384,77869,778,1058,44952,13450,481,4210,8317,897,2079,10227,10869,416,2338,7754,1304,239,2819,768
2011,Hutchinson County; Texas,8372,5705,2602,4277,1659,373,185,1055,758,2667,2460,1026,2919,2411,2.59,3.21,21675,8372,4282,6748,1583,690,260,8564,2302,4715,151,198,1198,8826,1722,4561,313,1223,1007,231,81,35,47,11,101,7,753,387,85,48,233,129,87,86,387,208,308,5759,515,328,2690,1270,956,14525,749,1647,5111,4279,967,1239,533,-888888888,-888888888,16324,1958,-888888888,-888888888,-888888888,-888888888,-888888888,-888888888,-888888888,-888888888,21898,18953,2899,1531,1368,737,631,46,22088,20701,20541,14656,5885,160,1387,1387,518,869,1547,160,26,134,1387,246,1141,1387,84,101,36,0,1158,8,20557,17353,3204,945,3022,901,88,11,77,33,17,0,22088,1356,28,137,18,549,2371,659,42,2789,28,0,3265,202,1,62,329,12,30,624,532,0,47,110,29,0,108,488
2011,Morris County; Texas,5095,3352,1210,2395,708,186,124,771,378,1743,1578,755,1506,1738,2.50,3.15,12753,5095,2420,3647,1156,435,221,4958,1444,2690,123,115,586,5579,1228,2465,242,903,741,119,87,60,42,95,56,12,518,353,81,48,343,123,71,78,353,197,282,2842,254,55,1340,747,446,9046,594,1163,3088,1969,829,834,569,-888888888,-888888888,9990,1051,-888888888,-888888888,-888888888,-888888888,-888888888,-888888888,-888888888,-888888888,12916,10952,1948,745,1203,1037,166,16,13017,12532,12475,9808,2667,57,485,485,82,403,542,57,3,54,485,217,268,485,16,18,77,0,370,4,12186,11425,761,356,709,338,12,4,0,0,40,14,13017,1091,8,27,11,304,1339,327,49,1412,3,0,2042,148,0,13,29,28,22,326,282,0,1010,81,0,0,217,13
2011,Orange County; Texas,31161,22611,9712,16932,6756,1368,609,4311,2347,8550,7414,2625,11233,8072,2.61,3.07,81299,31161,16921,23961,5930,3326,1870,31851,8178,17909,651,1179,3934,33405,6465,17920,900,3536,4584,1236,463,53,64,46,138,10,2233,1452,356,48,361,372,116,608,1452,862,1142,20056,1439,1213,9304,4692,3408,54483,2402,5422,23340,12245,4592,4663,1819,-888888888,-888888888,61396,7126,-888888888,-888888888,-888888888,-888888888,-888888888,-888888888,-888888888,-888888888,81085,70668,10332,6390,3942,2909,1033,85,82184,79963,79597,59891,19706,366,2221,2221,875,1346,2587,366,25,341,2221,626,1595,2221,281,646,15,26,1215,38,76820,72116,4704,1590,2898,1027,1077,163,617,346,112,54,82184,6585,78,233,169,884,6594,8106,4927,8210,141,143,8923,2056,144,198,590,102,51,1641,1230,17,76,180,52,47,173,29
2011,Winkler County; Texas,2526,1673,844,1300,588,78,57,295,199,853,753,380,913,655,2.73,3.41,6887,2526,1293,2438,305,325,153,2563,721,1374,82,140,246,2736,504,1451,111,473,197,110,0,0,65,117,87,32,184,86,0,48,495,24,21,41,86,45,86,1860,157,172,842,451,238,4290,962,475,1180,1090,164,321,98,-888888888,-888888888,4948,300,-888888888,-888888888,-888888888,-888888888,-888888888,-888888888,-888888888,-888888888,6928,5866,1015,414,601,463,138,47,7039,5998,5946,4828,1118,52,1041,1041,220,821,1093,52,0,52,1041,189,852,1041,0,2,0,0,1039,0,6424,3709,2715,1105,2675,1105,40,0,0,0,0,0,7039,532,0,0,0,35,396,112,0,552,0,0,435,2,0,74,45,16,5,38,117,0,7,24,20,0,25,0
2011,Harris County; Texas,1391103,956941,502514,665269,339876,80803,36023,210869,126615,434162,357091,78806,561109,232682,2.87,3.50,3986817,1391103,664844,1360721,367121,203028,73691,1519211,567323,761922,36617,27395,125954,1557262,475006,731649,59078,111255,180274,73370,24741,46,69,50,113,30,111388,46289,12532,48,201,10997,7638,15122,46289,29189,32937,1131217,74016,68024,494821,243314,251042,2487802,296165,253214,591324,510486,141413,455809,239391,-888888888,-888888888,2892026,187717,-888888888,-888888888,-888888888,-888888888,-888888888,-888888888,-888888888,-888888888,3960609,3234834,688577,528612,159965,83524,76441,37198,4025409,3019879,2976211,2150032,826179,43668,1005530,1005530,316299,689231,1049198,43668,12473,31195,1005530,352930,652600,1005530,39236,199215,33755,2494,722610,8220,3690373,2138111,1552262,779365,1253640,657574,103924,27105,160815,84768,33883,9918,4025409,155371,24609,27949,7004,26292,212439,85063,10466,307499,9978,5699,211384,73894,2587,15896,42719,4301,15241,45295,46267,1905,63459,18754,5101,4062,12212,16030
2011,Burnet County; Texas,16477,12103,4996,9426,3373,757,396,1920,1227,4374,3621,1709,5515,5434,2.53,2.93,41645,16477,9399,11341,2633,1795,831,16782,3742,10436,403,451,1750,17649,3215,9749,376,1859,2450,384,131,32,42,87,56,19,1202,674,60,48,053,81,119,414,674,386,559,9285,698,519,4510,2491,1067,29661,2054,2351,9761,7517,1378,4481,2119,-888888888,-888888888,32680,4583,-888888888,-888888888,-888888888,-888888888,-888888888,-888888888,-888888888,-888888888,42280,36427,5800,3145,2655,2109,546,53,42606,39677,39273,29136,10137,404,2929,2929,658,2271,3333,404,50,354,2929,1222,1707,2929,305,206,1,24,2343,50,40123,34037,6086,2560,5489,2361,459,101,119,97,19,1,42606,2420,15,510,146,666,6540,1524,127,8896,180,98,6870,883,30,322,367,54,155,1699,1305,15,4,489,126,22,232,27
2011,Gillespie County; Texas,10610,7452,2627,6207,1946,282,114,963,567,3158,2795,1651,2959,4366,2.26,2.70,24002,10610,6220,5504,911,757,390,9814,1734,6578,133,412,957,10684,1421,6446,104,1382,1331,262,121,67,61,151,95,16,504,335,132,48,171,141,49,13,335,177,318,4591,361,238,2300,1198,494,18136,1331,1132,5562,4378,1034,2961,1738,-888888888,-888888888,19566,3015,-888888888,-888888888,-888888888,-888888888,-888888888,-888888888,-888888888,-888888888,24242,20940,3268,2086,1182,887,295,34,24524,22967,22828,16781,6047,139,1557,1557,395,1162,1696,139,0,139,1557,413,1144,1557,116,41,28,0,1348,24,23296,17939,5357,1818,3650,1532,1674,254,33,32,0,0,24524,1192,70,209,98,320,2750,584,17,10699,16,20,2616,438,30,233,193,23,39,923,606,12,23,348,82,0,242,1
2011,Dallas County; Texas,840663,548715,283851,368637,181988,47153,21704,132925,80159,291948,242453,54926,318900,146632,2.75,3.47,2315637,840663,368331,763247,221322,122074,47667,883979,341919,425190,21525,18152,77193,918909,291078,405626,34811,71371,116023,40433,15241,46,65,51,106,27,66079,29411,6727,48,113,6951,4655,11078,29411,18829,20395,633804,38229,39010,281808,136873,137884,1463275,172218,168776,338267,292413,80444,269742,141415,-888888888,-888888888,1697138,109883,-888888888,-888888888,-888888888,-888888888,-888888888,-888888888,-888888888,-888888888,2311527,1890787,403002,293187,109815,69229,40586,17738,2348702,1809599,1789202,1303738,485464,20397,539103,539103,137900,401203,559500,20397,5063,15334,539103,199503,339600,539103,15041,92568,26628,524,401097,3245,2154703,1304250,850453,420556,706713,366114,48386,12599,70685,34583,24669,7260,2348702,106967,9735,8407,4186,15660,134875,38146,3261,159935,3652,3001,124326,35662,1306,10430,17488,1612,8818,29243,28208,869,35682,11286,3097,1556,8086,5700
2011,McMullen County; Texas,270,138,30,116,23,14,5,8,2,132,114,73,36,138,2.70,4.17,728,270,127,264,46,21,21,421,162,155,3,49,52,235,26,148,17,21,23,0,0,0,0,0,0,0,11,0,0,48,311,0,0,0,0,0,0,159,0,4,41,16,98,523,43,70,246,99,20,44,1,-888888888,-888888888,647,147,-888888888,-888888888,-888888888,-888888888,-888888888,-888888888,-888888888,-888888888,728,659,69,0,69,57,12,0,728,675,675,572,103,0,53,53,0,53,53,0,0,0,53,25,28,53,0,0,0,0,53,0,701,477,224,60,224,60,0,0,0,0,0,0,728,0,0,14,0,0,118,12,0,150,0,59,121,0,0,0,0,0,0,32,33,0,0,0,0,0,0,0
2011,Young County; Texas,7432,5159,2051,4186,1478,322,174,651,399,2273,2078,973,2309,2345,2.44,2.94,18102,7432,4151,4838,1020,661,310,7191,1459,4563,62,128,979,7528,1151,4126,216,1265,770,273,120,77,70,0,191,0,391,234,9,48,503,87,30,108,234,129,180,4133,301,238,2014,1093,487,12603,1215,1532,4480,2729,764,1495,388,-888888888,-888888888,13901,1639,-888888888,-888888888,-888888888,-888888888,-888888888,-888888888,-888888888,-888888888,18085,15349,2703,1051,1652,1325,327,33,18351,17517,17417,14399,3018,100,834,834,145,689,934,100,0,100,834,144,690,834,6,12,0,0,801,15,17136,15138,1998,1159,1957,1151,33,0,0,0,8,8,18351,2033,23,230,0,334,1612,413,35,2293,0,12,2417,55,0,0,81,5,22,287,216,22,4,28,0,0,322,55
2011,Johnson County; Texas,51220,39287,17878,30820,13031,3063,1529,5404,3318,11933,9627,3198,21094,11764,2.87,3.27,147068,51220,30846,46193,11973,6836,2771,57633,14990,33994,1157,1436,6056,58169,11375,32939,1273,4928,7654,2097,682,44,58,43,107,24,5323,3470,820,48,251,648,600,1402,3470,1910,2835,38333,1935,2296,19073,8742,6287,95853,6235,10881,32753,24668,5679,11299,4338,-888888888,-888888888,108667,10729,-888888888,-888888888,-888888888,-888888888,-888888888,-888888888,-888888888,-888888888,148030,127108,20293,10159,10134,8555,1579,629,149681,139182,137697,103779,33918,1485,10499,10499,2358,8141,11984,1485,207,1278,10499,3411,7088,10499,654,945,76,270,8473,81,138944,119549,19395,7948,17624,7195,702,196,948,555,121,2,149681,12565,88,1020,481,2823,29159,3868,556,24036,88,427,23211,3298,52,1063,1674,255,520,3276,2843,0,151,1193,101,96,751,385
2011,Hopkins County; Texas,13200,9805,3764,7720,2692,627,232,1458,840,3395,2998,1229,4317,3702,2.58,3.04,34078,13200,7685,10047,2288,858,510,13525,3335,8090,178,321,1601,14041,2228,8236,185,1664,1728,529,79,24,67,30,151,15,941,583,67,48,223,189,115,212,583,308,451,8317,416,568,3746,2103,1484,23138,1898,2905,7786,5358,1350,2499,1342,-888888888,-888888888,25969,2752,-888888888,-888888888,-888888888,-888888888,-888888888,-888888888,-888888888,-888888888,34350,29127,5069,2999,2070,1652,418,154,34869,32176,31978,26504,5474,198,2693,2693,542,2151,2891,198,8,190,2693,861,1832,2693,130,129,28,12,2394,0,32428,27919,4509,2343,4237,2227,136,38,120,76,16,2,34869,7388,24,82,57,705,3663,613,59,4470,8,44,3860,455,0,78,132,23,59,876,894,22,18,160,88,0,118,141
2011,Ochiltree County; Texas,3735,2757,1459,2128,1052,249,121,380,286,978,858,353,1541,789,2.70,3.14,10070,3735,2100,3348,461,426,251,3704,1083,2314,37,63,207,3742,743,2196,56,325,422,270,121,112,109,110,187,29,317,221,85,48,357,81,41,14,221,118,205,2650,135,237,1386,655,237,6033,844,998,1907,1080,190,755,259,-888888888,-888888888,6945,537,-888888888,-888888888,-888888888,-888888888,-888888888,-888888888,-888888888,-888888888,9945,8134,1510,463,1047,632,415,301,10147,8154,7955,5144,2811,199,1993,1993,395,1598,2192,199,92,107,1993,822,1171,1993,14,12,0,0,1967,0,9190,5526,3664,1652,3637,1647,15,0,12,5,0,0,10147,524,0,38,8,129,759,189,28,1121,31,0,959,161,0,23,181,3,23,105,143,0,0,35,8,6,0,6
2011,Knox County; Texas,1613,1000,395,797,274,25,14,178,107,613,566,291,424,563,2.20,2.86,3549,1613,794,955,110,77,52,1415,339,877,11,72,116,1503,323,789,35,286,70,30,5,15,39,18,28,54,32,26,0,48,275,0,9,17,26,16,22,790,49,62,419,173,87,2627,330,320,1031,454,148,284,60,-888888888,-888888888,2790,273,-888888888,-888888888,-888888888,-888888888,-888888888,-888888888,-888888888,-888888888,3676,3216,460,231,229,211,18,0,3703,3418,3410,3090,320,8,285,285,84,201,293,8,0,8,285,130,155,285,0,0,0,0,285,0,3427,2754,673,289,661,286,11,3,0,0,1,0,3703,251,0,20,0,35,388,38,2,649,0,0,427,42,0,31,35,0,0,70,57,0,0,14,22,0,16,11
2011,McLennan County; Texas,83851,56074,25644,39231,15876,3773,1950,13070,7818,27777,21997,7841,29188,20067,2.67,3.23,223553,83851,39227,68828,17192,14455,4270,88001,32050,43004,1758,2104,9085,95771,29510,41940,2332,9472,12517,3665,1666,48,61,28,105,24,6280,3465,799,48,309,955,529,1182,3465,2242,2346,71628,3408,3516,25469,13111,26124,138942,10756,15974,38919,31298,12047,20030,9918,-888888888,-888888888,173411,17574,-888888888,-888888888,-888888888,-888888888,-888888888,-888888888,-888888888,-888888888,229137,185166,42920,27378,15542,10820,4722,1051,232396,212595,210260,168064,42196,2335,19801,19801,5289,14512,22136,2335,619,1716,19801,7759,12042,19801,1068,2378,566,96,15424,269,215893,175168,40725,17896,35462,16024,2614,461,2328,1292,321,119,232396,19091,433,5744,475,2817,18772,4716,698,35187,391,170,25814,3570,121,1838,2533,135,369,4764,4443,37,1125,1317,496,59,1031,289
2011,Concho County; Texas,965,747,311,584,213,67,20,96,78,218,209,113,375,316,2.84,3.19,2743,965,595,715,326,142,44,2389,744,1172,123,85,265,1160,262,575,70,102,151,62,30,106,101,16,273,0,182,84,5,48,095,42,7,30,84,43,84,614,24,32,332,117,109,3267,446,249,1412,637,124,243,156,-888888888,-888888888,3457,264,-888888888,-888888888,-888888888,-888888888,-888888888,-888888888,-888888888,-888888888,4045,3019,836,260,576,336,240,190,4074,2663,2649,2182,467,14,1411,1411,58,1353,1425,14,5,9,1411,511,900,1411,10,15,0,0,1319,67,3903,2222,1681,1083,1650,1080,15,3,16,0,0,0,4074,1193,0,61,0,13,140,36,0,262,0,0,85,30,0,2,24,0,5,46,4,0,0,10,0,0,9,6
2011,Edwards County; Texas,842,536,208,422,102,34,34,80,72,306,288,114,208,280,2.37,3.07,1995,842,422,619,68,44,28,843,267,413,7,75,81,864,207,445,35,54,123,0,0,0,0,0,0,0,0,0,0,48,137,0,0,0,0,0,0,397,37,48,163,125,24,1413,271,111,431,199,72,246,83,-888888888,-888888888,1645,130,-888888888,-888888888,-888888888,-888888888,-888888888,-888888888,-888888888,-888888888,2023,1814,209,114,95,61,34,0,2023,1866,1826,1503,323,40,157,157,74,83,197,40,7,33,157,5,152,157,6,0,0,0,151,0,1958,1010,948,184,948,184,0,0,0,0,0,0,2023,235,0,6,0,21,178,33,0,204,0,0,147,19,0,5,6,0,0,108,28,0,0,9,0,0,25,0
2011,Eastland County; Texas,7105,4616,1796,3634,1273,142,76,840,447,2489,2138,1015,2103,2540,2.48,3.12,17643,7105,3605,5053,1107,773,268,7403,2228,3787,167,360,861,7745,1437,3818,123,1153,1214,231,132,67,58,167,72,6,500,315,88,48,133,91,29,107,315,195,236,4475,304,317,1647,1041,1166,12443,907,1602,4337,2911,766,1350,570,-888888888,-888888888,14325,1845,-888888888,-888888888,-888888888,-888888888,-888888888,-888888888,-888888888,-888888888,18370,15849,2465,1223,1242,863,379,56,18577,17904,17851,14706,3145,53,673,673,157,516,726,53,15,38,673,441,232,673,20,22,16,15,568,32,17493,15841,1652,644,1483,612,106,9,46,16,17,7,18577,1728,9,0,17,319,1578,557,24,2048,28,0,2124,141,0,59,90,0,66,385,419,13,37,203,18,0,33,73
2011,Jeff Davis County; Texas,991,736,142,629,106,41,8,66,28,255,232,106,163,359,2.27,2.65,2254,991,643,451,124,45,12,1041,207,696,3,33,102,956,167,639,9,81,60,28,19,120,71,0,219,0,43,25,16,48,243,0,9,0,25,14,25,382,26,16,158,150,32,1738,149,114,439,406,79,335,216,-888888888,-888888888,1905,252,-888888888,-888888888,-888888888,-888888888,-888888888,-888888888,-888888888,-888888888,2308,1967,333,34,299,244,55,8,2328,2168,2157,1467,690,11,160,160,47,113,171,11,2,9,160,3,157,160,18,8,0,0,134,0,2242,1438,804,140,793,137,11,3,0,0,0,0,2328,115,3,0,19,23,466,157,0,372,0,0,267,25,0,0,20,4,14,83,120,0,2,41,0,0,9,0
2011,Jim Hogg County; Texas,1708,1334,487,954,302,140,49,240,136,374,345,165,637,473,3.04,3.51,5185,1708,964,1933,458,122,35,2262,743,1256,61,76,126,1824,505,964,87,128,140,156,78,135,142,113,266,32,303,219,99,48,247,79,0,41,219,55,219,1149,35,156,493,310,155,3066,556,563,1213,450,10,166,108,-888888888,-888888888,3916,267,-888888888,-888888888,-888888888,-888888888,-888888888,-888888888,-888888888,-888888888,5143,4568,573,181,392,215,177,2,5231,4534,4524,4193,331,10,697,697,190,507,707,10,0,10,697,334,363,697,0,0,0,0,697,0,4735,729,4006,1136,3999,1136,0,0,0,0,7,0,5231,111,0,0,0,0,42,19,0,39,0,0,29,112,0,0,0,0,0,0,0,0,37,0,0,0,0,0
2011,Montgomery County; Texas,155712,117133,55279,92632,41664,7618,3859,16883,9756,38579,31987,10110,61177,32021,2.83,3.27,441241,155712,92766,143797,29909,19057,8053,167428,45647,99899,3624,3676,14582,173913,37158,98731,4150,13618,20256,6405,1684,36,58,43,111,22,10924,4962,1017,48,339,1237,806,1902,4962,2806,3993,118292,8953,7274,55695,26963,19407,284820,15404,24141,71585,68293,19695,59735,25967,-888888888,-888888888,320260,31242,-888888888,-888888888,-888888888,-888888888,-888888888,-888888888,-888888888,-888888888,437711,359915,73431,35615,37816,25858,11958,4365,443622,389078,384764,244761,140003,4314,54544,54544,16294,38250,58858,4314,926,3388,54544,22934,31610,54544,5558,7548,864,249,38600,1725,410878,334253,76625,32443,63986,29327,6612,1136,4983,1789,1044,191,443622,35644,1171,4470,1616,6454,48259,19823,2507,76792,1108,1112,55252,15611,366,3925,10254,817,1837,9593,11215,520,1115,5703,900,590,2725,625
2011,Dimmit County; Texas,3451,2684,1203,1728,672,240,54,716,477,767,726,452,1402,1070,2.84,3.29,9788,3451,1746,3641,753,197,174,3575,1174,1832,145,125,299,3945,1020,1940,199,422,364,303,227,203,133,242,175,55,360,218,23,48,127,56,17,122,218,114,186,2602,154,340,1033,761,314,5982,1586,933,1830,792,170,510,161,-888888888,-888888888,6852,410,-888888888,-888888888,-888888888,-888888888,-888888888,-888888888,-888888888,-888888888,9674,8274,1400,975,425,404,21,0,9937,9085,8903,7743,1160,182,852,852,543,309,1034,182,133,49,852,51,801,852,0,46,20,0,786,0,9103,2685,6418,2726,6298,2695,100,31,0,0,20,0,9937,79,20,0,0,84,107,0,0,470,0,0,187,62,0,0,16,0,0,0,4,0,0,0,93,0,0,5
2011,Webb County; Texas,65796,54821,31661,35737,20682,3875,1942,15209,9037,10975,8993,3298,37549,13583,3.69,4.07,242990,65796,35778,100338,32046,9032,3747,82059,30052,42783,2068,1662,5494,90894,29671,40495,4751,7740,8237,4779,1807,53,74,52,126,29,12526,5052,1000,48,479,944,1022,2086,5052,3124,4111,86000,6177,5737,38458,18781,16847,131989,29717,18392,28069,25223,8062,16240,6286,-888888888,-888888888,158776,5776,-888888888,-888888888,-888888888,-888888888,-888888888,-888888888,-888888888,-888888888,241128,198841,39229,33756,5473,3515,1958,3058,245762,172923,169771,157729,12042,3152,72839,72839,20388,52451,75991,3152,1123,2029,72839,21523,51316,72839,337,1363,38,0,71085,16,220696,17033,203663,114255,202107,113776,331,88,1190,388,35,3,245762,2477,449,44,0,124,558,955,89,2444,69,14,1818,437,37,190,290,260,79,166,268,0,53,77,23,21,48,52
2011,Armstrong County; Texas,676,556,192,508,172,8,8,40,12,120,120,78,219,243,2.73,3.05,1845,676,502,505,134,28,0,763,139,559,8,16,41,764,67,512,51,76,58,13,0,0,37,0,77,0,9,9,0,48,011,3,0,6,9,9,0,446,9,44,227,68,98,1339,47,68,350,420,117,257,80,-888888888,-888888888,1483,195,-888888888,-888888888,-888888888,-888888888,-888888888,-888888888,-888888888,-888888888,1924,1711,213,46,167,147,20,0,1929,1849,1841,1422,419,8,80,80,22,58,88,8,0,8,80,60,20,80,19,0,0,0,61,0,1815,1695,120,46,113,42,2,0,5,4,0,0,1929,79,0,3,0,48,235,47,0,298,0,0,379,8,0,32,64,3,5,36,72,0,0,21,0,0,12,0
2011,Castro County; Texas,2609,1942,956,1482,654,91,58,369,244,667,609,232,1101,696,3.00,3.59,7816,2609,1470,2775,781,181,92,2925,843,1699,17,91,275,2925,590,1617,95,298,325,246,60,73,139,0,193,147,246,104,14,48,069,36,0,54,104,65,67,2240,139,204,1087,571,239,4705,919,600,1444,836,151,617,138,-888888888,-888888888,5436,472,-888888888,-888888888,-888888888,-888888888,-888888888,-888888888,-888888888,-888888888,7726,6660,1058,584,474,385,89,8,7919,6297,6172,4930,1242,125,1622,1622,296,1326,1747,125,76,49,1622,554,1068,1622,2,7,0,37,1568,8,7217,3634,3583,1403,3576,1396,0,0,7,7,0,0,7919,359,7,24,0,127,366,40,10,1189,0,0,578,156,0,16,74,0,5,127,98,0,17,11,0,0,31,0
2011,Kleberg County; Texas,11119,7406,3401,4885,2012,689,207,1832,1182,3713,2688,918,4002,2534,2.69,3.24,29938,11119,4930,9047,2616,2226,756,12963,6275,5097,259,220,1112,12384,4271,5537,368,930,1278,501,214,44,61,44,87,37,1065,588,98,48,273,228,131,131,588,369,456,11573,697,492,3350,1657,5377,18015,2637,1740,4529,4130,1065,2715,1199,-888888888,-888888888,23514,2187,-888888888,-888888888,-888888888,-888888888,-888888888,-888888888,-888888888,-888888888,31491,24662,6579,3211,3368,2579,789,250,31823,29789,29298,25135,4163,491,2034,2034,630,1404,2525,491,249,242,2034,991,1043,2034,173,635,12,8,1162,44,29430,14744,14686,3667,13873,3331,407,182,386,154,20,0,31823,1409,7,236,0,123,1170,511,18,2623,59,17,1207,302,18,86,240,18,32,289,141,0,126,131,9,14,82,33
2011,Cooke County; Texas,14442,10380,4429,8201,3190,672,312,1507,927,4062,3467,1601,4963,4174,2.60,3.09,37530,14442,8224,11058,2361,1445,728,14866,3809,8781,213,552,1511,15438,2797,8652,440,1571,1978,622,175,47,72,67,152,10,892,442,152,48,097,53,54,183,442,287,297,9181,501,577,4273,2234,1596,24942,1791,2720,7906,5857,1926,3499,1243,-888888888,-888888888,28449,3063,-888888888,-888888888,-888888888,-888888888,-888888888,-888888888,-888888888,-888888888,37816,30851,6886,3802,3084,2184,900,79,38344,35254,35016,25944,9072,238,3090,3090,674,2416,3328,238,41,197,3090,1150,1940,3090,167,228,6,0,2663,26,35637,30686,4951,2298,4496,2187,252,42,156,69,47,0,38344,2808,87,288,195,689,3517,998,230,8914,2,11,4861,662,0,204,402,9,92,1045,466,0,43,202,75,21,251,131
2011,Crosby County; Texas,2115,1476,610,1141,423,94,22,241,165,639,552,293,728,692,2.85,3.53,6020,2115,1147,1985,606,167,109,2217,583,1307,34,81,212,2444,440,1213,146,355,290,88,32,53,65,49,138,9,268,153,32,48,107,39,29,53,153,69,130,1526,121,138,733,402,132,3901,630,462,1380,799,173,332,125,-888888888,-888888888,4317,351,-888888888,-888888888,-888888888,-888888888,-888888888,-888888888,-888888888,-888888888,6057,4698,1340,855,485,402,83,19,6133,5813,5775,5119,656,38,320,320,82,238,358,38,0,38,320,80,240,320,15,19,0,0,286,0,5599,3733,1866,648,1838,644,8,0,16,0,4,4,6133,384,0,9,2,94,400,86,2,450,0,0,359,35,0,7,112,0,6,172,29,0,0,4,2,0,34,9
2011,Fisher County; Texas,1676,1194,446,948,323,94,58,152,65,482,465,214,516,574,2.36,2.88,3962,1676,913,1052,274,47,30,1608,340,1026,39,57,146,1674,288,945,49,271,121,93,51,151,112,0,263,47,145,124,43,48,151,32,10,39,124,62,113,975,52,49,496,308,70,2797,232,246,1147,570,156,334,112,-888888888,-888888888,3058,309,-888888888,-888888888,-888888888,-888888888,-888888888,-888888888,-888888888,-888888888,4027,3666,361,188,173,143,30,0,4067,3946,3938,3602,336,8,121,121,42,79,129,8,0,8,121,18,103,121,8,1,7,0,105,0,3862,3203,659,216,637,208,22,8,0,0,0,0,4067,423,0,7,0,65,361,95,0,487,0,0,410,35,0,20,6,0,0,38,31,0,15,20,0,0,4,6
2011,Duval County; Texas,3928,2802,1195,1866,708,215,165,721,322,1126,957,424,1498,1325,2.83,3.38,11098,3928,1869,3736,1052,513,268,4807,1931,2022,162,216,476,4531,1177,2087,91,597,579,184,111,79,74,18,175,15,466,304,86,48,131,52,54,112,304,190,230,2865,114,244,1356,815,336,7554,1034,1508,2636,1369,386,352,269,-888888888,-888888888,8754,652,-888888888,-888888888,-888888888,-888888888,-888888888,-888888888,-888888888,-888888888,11746,9799,1929,883,1046,990,56,18,11873,11345,11344,10733,611,1,528,528,214,314,529,1,0,1,528,68,460,528,0,0,5,0,523,0,11027,3606,7421,2797,7411,2797,10,0,0,0,0,0,11873,283,16,11,0,27,276,226,0,323,10,0,374,46,4,0,0,0,10,29,3,0,22,0,0,0,18,0
2011,Blanco County; Texas,4009,2666,960,2185,660,90,29,391,271,1343,1165,447,1130,1320,2.52,3.15,10094,4009,2224,2666,837,358,275,4180,1029,2460,89,135,467,4271,633,2410,107,546,575,107,41,46,54,42,123,17,224,163,0,48,031,65,23,75,163,100,126,2166,207,166,962,541,290,7370,461,446,2153,1950,382,1388,590,-888888888,-888888888,8051,1201,-888888888,-888888888,-888888888,-888888888,-888888888,-888888888,-888888888,-888888888,10199,9170,1029,570,459,398,61,0,10267,9516,9445,7336,2109,71,751,751,183,568,822,71,13,58,751,350,401,751,25,19,6,0,670,31,9740,8375,1365,706,1270,685,90,16,0,0,5,5,10267,383,12,81,98,126,1571,506,10,3700,43,15,1457,196,23,123,138,0,36,318,215,0,6,141,42,0,102,12
2011,Jasper County; Texas,13684,9695,3936,7403,2712,445,203,1847,1021,3989,3597,1443,4777,4063,2.52,3.02,34455,13684,7389,9615,2589,1178,533,13772,3451,8037,257,491,1536,14460,2643,7835,403,1547,2032,595,132,37,75,53,173,8,1200,858,124,48,241,208,164,362,858,549,662,8360,744,465,4071,1970,1110,23995,1341,2812,9795,5557,1408,2414,668,-888888888,-888888888,26648,3330,-888888888,-888888888,-888888888,-888888888,-888888888,-888888888,-888888888,-888888888,34972,30283,4650,2759,1891,1643,248,39,35538,34485,34300,27324,6976,185,1053,1053,194,859,1238,185,0,185,1053,482,571,1053,95,112,21,23,793,9,33130,31061,2069,787,1673,681,246,79,150,27,0,0,35538,2760,42,132,41,973,3963,2791,337,4436,0,39,5440,485,0,49,214,66,16,994,851,0,67,167,28,0,117,119
2011,Jefferson County; Texas,91432,60955,27721,39451,15771,5022,2221,16482,9729,30477,26562,10252,31840,23566,2.56,3.17,233968,91432,39565,74007,18698,10266,3932,102810,37327,46639,2992,3052,12800,98169,27080,43047,3219,11601,13222,3959,1898,58,67,26,129,22,6811,3569,838,48,245,632,634,1465,3569,2515,2462,64543,4031,3340,26134,14796,16242,163792,11619,17708,53302,41137,10614,20382,9030,-888888888,-888888888,190096,17865,-888888888,-888888888,-888888888,-888888888,-888888888,-888888888,-888888888,-888888888,247367,204943,41089,26014,15075,10944,4131,1335,250714,225745,224354,172494,51860,1391,24969,24969,7762,17207,26360,1391,397,994,24969,8203,16766,24969,822,6343,443,63,16964,334,233588,191950,41638,17850,31051,14488,4377,898,5566,2362,644,102,250714,11119,569,890,325,2194,14432,21475,3281,19370,466,103,15751,6374,87,922,1520,91,570,3892,2623,82,2453,1228,163,98,748,318
2011,Kinney County; Texas,1156,757,227,564,156,66,18,127,53,399,349,170,342,501,3.07,3.99,3549,1156,552,1210,502,129,4,1557,498,692,32,126,209,1415,318,673,41,197,186,46,36,83,71,175,80,0,214,127,0,48,271,66,12,49,127,53,99,660,55,28,328,138,111,2607,372,256,803,518,237,343,78,-888888888,-888888888,2830,357,-888888888,-888888888,-888888888,-888888888,-888888888,-888888888,-888888888,-888888888,3614,2988,584,225,359,258,101,42,3656,3365,3355,2753,602,10,291,291,113,178,301,10,0,10,291,75,216,291,0,8,0,0,283,0,3415,1772,1643,342,1606,334,29,0,8,8,0,0,3656,260,0,0,0,113,179,105,75,590,0,0,357,0,0,47,42,0,0,105,21,0,0,0,0,6,8,12
2011,Oldham County; Texas,697,497,242,411,186,15,15,71,41,200,181,80,257,174,2.45,2.95,1709,697,385,551,32,44,37,810,276,403,3,19,109,800,193,423,10,82,92,39,6,25,77,0,192,23,19,0,0,48,359,0,0,0,0,0,0,548,31,21,205,203,88,1311,128,108,297,347,53,265,113,-888888888,-888888888,1425,118,-888888888,-888888888,-888888888,-888888888,-888888888,-888888888,-888888888,-888888888,2015,1728,287,124,163,152,11,0,2032,1981,1945,1465,480,36,51,51,27,24,87,36,15,21,51,1,50,51,1,7,0,0,41,2,1936,1798,138,30,123,23,8,0,7,7,0,0,2032,102,0,0,8,40,179,79,0,537,8,0,325,44,0,13,20,0,0,80,97,0,2,17,44,0,7,19
2011,Lamb County; Texas,4767,3456,1595,2448,978,328,191,680,426,1311,1205,577,1880,1417,2.89,3.46,13779,4767,2478,4656,1357,521,345,5163,1420,2750,101,186,706,5451,1167,2763,170,727,624,232,134,87,75,103,136,9,546,168,60,48,279,14,30,64,168,81,121,3748,222,194,1928,869,535,8696,1143,1203,2956,1818,445,820,311,-888888888,-888888888,9857,770,-888888888,-888888888,-888888888,-888888888,-888888888,-888888888,-888888888,-888888888,13810,11704,2037,1126,911,688,223,69,14063,12640,12613,11078,1535,27,1423,1423,610,813,1450,27,4,23,1423,314,1109,1423,36,30,0,0,1357,0,12846,8099,4747,1807,4696,1800,51,7,0,0,0,0,14063,899,3,27,16,105,798,222,12,992,0,0,948,33,0,13,36,2,22,266,167,0,87,98,18,0,18,12
2011,Lipscomb County; Texas,1169,793,372,646,302,48,11,99,59,376,320,126,405,332,2.75,3.35,3213,1169,631,1071,164,178,29,1275,382,733,27,42,91,1224,195,718,23,139,149,72,0,0,102,0,258,12,11,4,0,48,295,0,2,2,4,1,2,783,18,37,409,243,76,2081,250,174,662,451,129,342,73,-888888888,-888888888,2333,243,-888888888,-888888888,-888888888,-888888888,-888888888,-888888888,-888888888,-888888888,3184,2523,658,228,430,154,276,3,3260,2864,2859,1468,1391,5,396,396,87,309,401,5,0,5,396,145,251,396,13,11,0,0,372,0,2987,2245,742,387,716,385,9,0,2,2,15,0,3260,186,0,31,19,49,306,96,0,742,0,1,333,42,0,0,7,0,20,59,56,0,0,14,7,0,8,10
2011,McCulloch County; Texas,3160,2026,711,1619,539,120,39,287,133,1134,1063,574,886,1154,2.57,3.26,8112,3160,1617,2371,582,382,84,3290,889,1786,41,132,442,3377,581,1676,10,670,440,123,41,45,75,46,143,43,322,99,42,48,307,21,0,36,99,85,57,1668,90,124,855,468,131,5729,638,536,2101,1094,305,659,396,-888888888,-888888888,6266,591,-888888888,-888888888,-888888888,-888888888,-888888888,-888888888,-888888888,-888888888,8158,6383,1773,1177,596,555,41,2,8242,7775,7773,6734,1039,2,467,467,162,305,469,2,0,2,467,184,283,467,2,78,0,0,387,0,7731,6238,1493,515,1429,515,9,0,55,0,0,0,8242,2461,0,78,2,90,505,168,0,594,0,0,454,124,0,120,11,0,0,121,74,0,50,189,16,0,7,70
2011,Mason County; Texas,1631,1145,401,934,248,100,83,111,70,486,448,299,409,747,2.41,2.96,3936,1631,926,1146,169,64,55,1631,386,976,15,64,190,1607,188,1011,38,201,169,16,0,0,25,0,66,0,8,8,0,48,319,0,8,0,8,8,0,901,51,54,496,215,85,2827,220,330,886,459,152,513,267,-888888888,-888888888,3071,428,-888888888,-888888888,-888888888,-888888888,-888888888,-888888888,-888888888,-888888888,3925,3669,256,202,54,54,0,0,3950,3754,3754,3440,314,0,196,196,68,128,196,0,0,0,196,67,129,196,13,0,14,0,161,8,3784,3264,520,180,436,176,84,4,0,0,0,0,3950,828,0,14,0,42,261,155,0,1294,0,0,459,9,0,6,0,0,53,145,256,0,0,108,22,0,48,0
2011,Dickens County; Texas,838,577,196,468,128,5,2,104,66,261,251,130,228,296,2.37,2.93,1990,838,447,513,155,37,16,1107,306,566,70,19,146,917,151,441,6,163,156,35,23,94,81,274,84,0,43,24,2,48,125,4,8,10,24,20,17,404,52,47,169,100,36,1741,160,292,597,362,75,182,73,-888888888,-888888888,1922,186,-888888888,-888888888,-888888888,-888888888,-888888888,-888888888,-888888888,-888888888,2386,1709,656,219,437,366,71,21,2427,2321,2321,1938,383,0,106,106,12,94,106,0,0,0,106,21,85,106,13,4,0,0,89,0,2271,1910,361,93,357,92,0,0,4,1,0,0,2427,388,0,0,4,26,166,55,0,213,0,9,291,28,0,0,2,0,9,38,27,0,14,4,0,0,29,0
2011,Lee County; Texas,6063,4247,1927,3293,1319,308,223,646,385,1816,1605,653,2092,1733,2.62,3.17,15866,6063,3339,5059,798,607,134,6726,1998,3673,207,164,684,6436,1260,3491,102,781,802,204,63,40,60,59,121,9,258,78,43,48,287,0,35,0,78,40,78,3905,244,181,1830,1202,448,10930,1230,974,3855,2687,692,1080,412,-888888888,-888888888,12263,1297,-888888888,-888888888,-888888888,-888888888,-888888888,-888888888,-888888888,-888888888,16277,13996,2281,895,1386,1082,304,0,16565,15520,15365,12901,2464,155,1045,1045,138,907,1200,155,18,137,1045,292,753,1045,25,17,8,0,995,0,15538,12527,3011,1348,2563,1293,329,47,74,0,45,8,16565,699,21,336,110,137,1254,508,25,5467,30,21,1606,190,0,38,166,0,54,272,117,0,61,169,0,0,144,13
2011,Tarrant County; Texas,643917,447495,233860,324767,160827,31500,15268,91228,57765,196422,164006,41082,257788,112501,2.73,3.31,1757689,643917,324254,579459,129690,80369,36846,660593,215156,356074,13405,12330,63628,701507,187550,344235,22211,51318,96193,31384,10983,47,66,42,120,25,44884,20267,4885,48,439,4943,3344,7095,20267,12457,14622,503161,32003,29597,220410,105806,115345,1111319,81771,96413,269820,266993,74696,223960,97666,-888888888,-888888888,1279236,120596,-888888888,-888888888,-888888888,-888888888,-888888888,-888888888,-888888888,-888888888,1752749,1431616,310335,211614,98721,58360,40361,10798,1780700,1503217,1480206,981669,498537,23011,277483,277483,91254,186229,300494,23011,4489,18522,277483,95888,181595,277483,14572,62815,17172,1881,177502,3541,1638361,1195237,443124,200973,338817,160713,34757,9802,52289,25495,17261,4963,1780700,134934,9270,9996,4158,21451,146146,37328,4916,207417,3323,2953,162133,42479,1288,13360,21445,2278,6484,32525,35971,1109,33663,13586,3118,1716,9037,4053
2011,Anderson County; Texas,15992,11094,4861,8229,3028,868,610,1997,1223,4898,4393,1852,5397,4710,3.03,3.67,48485,15992,8189,17473,3946,2885,821,29161,10140,11782,1389,1029,4821,19424,4717,8553,649,2493,3012,761,287,48,67,46,136,18,1119,437,144,48,001,35,85,173,437,259,328,12747,506,571,5270,3611,2789,40847,2980,5734,15666,9150,2621,3498,1198,-888888888,-888888888,46619,5014,-888888888,-888888888,-888888888,-888888888,-888888888,-888888888,-888888888,-888888888,57553,47617,9763,4293,5470,4571,899,173,58192,54585,54125,42874,11251,460,3607,3607,763,2844,4067,460,11,449,3607,1256,2351,3607,155,212,116,13,3102,9,54959,48746,6213,2497,5690,2372,107,0,254,115,162,10,58192,3516,68,156,91,544,9875,1015,45,5109,88,54,6981,832,14,319,241,45,66,1000,893,27,167,175,71,0,116,38
2011,Ellis County; Texas,49233,39440,19216,30925,14398,2454,1174,6061,3644,9793,8021,2888,22448,10086,2.95,3.28,145081,49233,30956,47554,11593,5745,2754,54528,14449,33712,760,1084,4523,57490,12782,32250,1647,4301,6510,2007,629,39,54,23,119,13,5627,2532,367,48,139,654,403,1108,2532,1363,1931,42715,2888,2556,19311,10001,7959,91039,6104,8924,27506,22936,6673,13087,5809,-888888888,-888888888,104249,10076,-888888888,-888888888,-888888888,-888888888,-888888888,-888888888,-888888888,-888888888,145255,121821,22930,13422,9508,7333,2175,504,146997,135297,134375,103931,30444,922,11700,11700,3019,8681,12622,922,212,710,11700,3751,7949,11700,648,612,58,19,10202,161,136093,110100,25993,10324,23813,9745,1127,226,559,226,494,127,146997,11846,566,3439,259,2043,13506,3202,426,18034,288,245,15280,2783,41,855,1239,197,261,3105,3721,214,363,1252,193,28,536,324
2011,Jackson County; Texas,5173,3783,1385,2957,1007,221,84,605,294,1390,1160,590,1727,1600,2.67,3.14,13825,5173,2942,4075,1080,555,248,5340,1511,3114,67,239,409,5647,1187,3192,51,680,537,208,128,89,67,44,125,32,610,461,174,48,239,143,0,144,461,280,364,3189,206,184,1592,855,352,9227,858,1186,2900,1989,651,1252,391,-888888888,-888888888,10395,929,-888888888,-888888888,-888888888,-888888888,-888888888,-888888888,-888888888,-888888888,13763,12258,1502,971,531,390,141,3,14002,13240,13181,11450,1731,59,762,762,203,559,821,59,0,59,762,115,647,762,20,0,0,0,742,0,12906,9776,3130,838,2872,838,254,0,4,0,0,0,14002,455,0,1800,15,69,1219,400,7,3144,24,0,1589,150,7,61,279,0,79,321,205,0,11,224,5,0,183,3
2011,Kerr County; Texas,20278,13848,4621,10810,2915,574,170,2464,1536,6430,5614,3128,5331,8115,2.33,2.81,47326,20278,10775,11415,2846,2012,681,19585,4863,11932,288,708,1794,21454,3836,11222,343,2978,3075,512,308,64,54,73,103,8,1267,545,174,48,265,79,125,167,545,328,327,10364,454,747,4818,2106,2239,35131,1809,2359,10139,8768,2206,6629,3221,-888888888,-888888888,39197,6441,-888888888,-888888888,-888888888,-888888888,-888888888,-888888888,-888888888,-888888888,48755,40425,8176,4532,3644,2708,936,154,49216,45949,45342,31027,14315,607,3267,3267,1331,1936,3874,607,143,464,3267,874,2393,3267,415,273,38,11,2504,26,46600,38254,8346,2851,7588,2591,504,159,239,101,15,0,49216,2301,131,393,136,705,6248,1793,203,11068,95,103,5682,951,81,523,729,86,148,2232,1523,32,101,611,160,19,308,95
2011,Milam County; Texas,9323,6576,2606,4985,1649,452,213,1139,744,2747,2449,1260,2914,3036,2.62,3.17,24472,9323,4964,7949,1358,878,495,9488,2605,5348,124,436,975,9951,2159,5308,338,1160,986,470,164,62,88,67,167,34,505,333,15,48,331,118,37,163,333,234,221,6156,429,362,3024,1622,719,16463,1244,1789,6808,3449,823,1714,636,-888888888,-888888888,18259,2128,-888888888,-888888888,-888888888,-888888888,-888888888,-888888888,-888888888,-888888888,24414,21143,3209,1966,1243,1029,214,62,24861,23734,23612,19894,3718,122,1127,1127,155,972,1249,122,13,109,1127,260,867,1127,53,23,0,41,981,29,23109,19651,3458,1268,3220,1227,215,30,23,11,0,0,24861,1121,0,1215,21,303,2468,368,260,5503,30,19,2414,377,0,37,142,0,44,460,396,22,63,108,14,0,76,22
2011,Comanche County; Texas,5233,3535,1238,2930,976,137,68,468,194,1698,1529,863,1480,1983,2.62,3.23,13690,5233,2902,4225,770,560,238,5448,1242,3190,211,244,561,5736,1004,3038,122,821,751,305,83,62,109,94,246,17,318,132,54,48,093,40,33,5,132,73,116,2966,202,217,1428,858,261,9428,879,1305,3249,1794,461,1203,537,-888888888,-888888888,10552,1295,-888888888,-888888888,-888888888,-888888888,-888888888,-888888888,-888888888,-888888888,13730,12403,1266,733,533,415,118,61,13878,12811,12783,10954,1829,28,1067,1067,201,866,1095,28,6,22,1067,377,690,1067,51,119,0,0,897,0,12980,10505,2475,962,2415,946,48,16,12,0,0,0,13878,1050,0,145,10,180,1051,117,0,1225,12,0,1531,66,0,36,23,0,12,209,251,0,0,60,15,0,42,46
2011,Falls County; Texas,5647,3760,1376,2546,824,269,131,945,421,1887,1736,762,1618,1827,2.82,3.58,15907,5647,2544,5281,1865,570,221,6734,2541,2835,179,339,840,7838,2498,3112,346,1004,878,214,145,53,45,66,97,0,361,216,113,48,145,45,6,52,216,128,197,4514,209,236,1773,1412,884,11929,1191,1640,4581,2430,695,891,501,-888888888,-888888888,13750,1490,-888888888,-888888888,-888888888,-888888888,-888888888,-888888888,-888888888,-888888888,17623,15539,2071,765,1306,1208,98,13,17799,16921,16909,14717,2192,12,878,878,335,543,890,12,0,12,878,89,789,878,19,29,0,0,815,15,16860,14240,2620,861,2399,826,158,15,63,20,0,0,17799,1183,1,622,10,193,1236,402,13,3370,1,0,1379,219,18,53,431,25,16,407,150,0,104,67,82,0,3,8
2011,Brooks County; Texas,2671,1719,724,960,309,184,155,575,260,952,892,418,880,978,2.69,3.47,7190,2671,864,2197,1186,272,234,2652,1227,1070,37,100,218,2917,773,1009,98,643,394,135,50,64,99,275,124,30,236,98,15,48,047,26,22,35,98,54,63,1589,0,111,944,424,110,4531,1289,758,1281,642,86,329,146,-888888888,-888888888,5251,355,-888888888,-888888888,-888888888,-888888888,-888888888,-888888888,-888888888,-888888888,7122,6041,1079,795,284,190,94,2,7297,6950,6947,6536,411,3,347,347,76,271,350,3,0,3,347,79,268,347,21,59,0,0,267,0,6747,2397,4350,1035,4300,1011,21,0,29,24,0,0,7297,223,31,0,0,0,92,14,0,140,0,0,30,7,0,33,59,0,0,10,21,0,0,33,0,0,0,0
2011,Austin County; Texas,10502,7586,3156,6302,2497,341,164,943,495,2916,2646,1279,3469,3168,2.66,3.16,27904,10502,6323,8708,1337,1034,310,10922,2790,6670,167,256,1039,11441,2309,6746,220,1264,902,471,149,58,73,23,203,8,641,423,79,48,015,92,54,198,423,214,360,6980,389,128,3529,1903,1031,18630,1479,1739,6212,4424,1153,2525,1098,-888888888,-888888888,20986,2132,-888888888,-888888888,-888888888,-888888888,-888888888,-888888888,-888888888,-888888888,27699,24593,3057,1365,1692,1290,402,49,28150,25395,25225,20386,4839,170,2755,2755,540,2215,2925,170,56,114,2755,859,1896,2755,97,12,0,0,2593,53,26319,21399,4920,2153,4363,2061,542,80,15,12,0,0,28150,2113,0,2943,43,350,1557,695,41,7284,18,0,2854,392,23,93,1273,34,19,229,395,58,0,144,40,56,56,5
2011,Kenedy County; Texas,82,66,31,55,31,7,0,4,0,16,16,5,31,26,3.91,4.62,321,82,55,107,77,0,0,114,25,57,7,21,4,154,19,53,0,82,0,9,0,0,205,444,455,0,0,0,0,48,261,0,0,0,0,0,0,58,0,0,39,14,5,245,9,60,74,53,10,27,12,-888888888,-888888888,254,22,-888888888,-888888888,-888888888,-888888888,-888888888,-888888888,-888888888,-888888888,310,310,0,0,0,0,0,0,325,318,318,247,71,0,7,7,5,2,7,0,0,0,7,1,6,7,0,0,1,0,6,0,307,241,66,26,65,25,0,0,0,0,1,1,325,0,0,0,0,5,7,5,0,16,0,0,0,0,0,0,0,0,0,0,21,0,1,0,0,0,0,0
2011,Colorado County; Texas,8069,5395,1977,4171,1442,403,198,821,337,2674,2484,1298,2258,2922,2.52,3.16,20365,8069,4162,5894,1601,639,319,8245,2348,4903,164,360,470,8489,1703,4406,236,1367,777,307,78,40,71,0,173,15,495,227,9,48,089,61,51,106,227,172,150,4415,219,293,2218,1177,508,14069,1525,1209,5373,2732,923,1650,657,-888888888,-888888888,15863,1597,-888888888,-888888888,-888888888,-888888888,-888888888,-888888888,-888888888,-888888888,20580,18610,1970,887,1083,869,214,0,20792,18910,18859,16085,2774,51,1882,1882,442,1440,1933,51,0,51,1882,664,1218,1882,71,91,0,0,1720,0,19518,15478,4040,1522,3647,1392,302,73,91,57,0,0,20792,836,0,2069,21,135,1132,328,72,5659,36,4,1624,122,25,54,313,11,0,296,200,0,0,24,23,8,0,134
2011,San Patricio County; Texas,22453,16867,7672,12357,5040,1400,634,3110,1998,5586,4780,1779,8861,5793,2.88,3.36,64764,22453,12358,22138,5373,2442,1180,24932,7609,13367,651,605,2700,25578,6180,13038,1004,2394,2962,977,511,69,63,45,129,15,2099,1064,401,48,409,118,92,453,1064,568,836,17832,962,1178,8333,4718,2641,41038,4777,4899,12460,10235,2440,4589,1638,-888888888,-888888888,46435,5753,-888888888,-888888888,-888888888,-888888888,-888888888,-888888888,-888888888,-888888888,64758,52357,12118,6130,5988,4499,1489,283,65648,62702,62239,49889,12350,463,2946,2946,1085,1861,3409,463,140,323,2946,894,2052,2946,216,477,0,12,2138,103,60769,39241,21528,6497,20714,6281,453,95,332,121,29,0,65648,2323,20,797,370,660,3764,1699,103,8955,219,21,5915,1028,0,294,644,83,223,1345,908,0,29,268,37,178,413,60
2011,Randall County; Texas,46735,31861,14782,25646,10626,1635,1150,4580,3006,14874,12676,4097,16220,10190,2.51,3.06,117191,46735,25691,34836,5116,4813,1932,45373,12607,26908,686,881,4291,49218,11570,26278,771,4255,6344,1599,419,28,53,27,97,18,2236,1015,212,48,381,212,154,437,1015,637,677,34479,2192,1494,12933,7113,10747,75820,1899,4505,17870,21554,6918,15559,7515,-888888888,-888888888,89273,9116,-888888888,-888888888,-888888888,-888888888,-888888888,-888888888,-888888888,-888888888,117494,96817,20464,10360,10104,8309,1795,213,118994,114004,112965,81283,31682,1039,4990,4990,1951,3039,6029,1039,241,798,4990,1955,3035,4990,529,1281,381,28,2554,217,110967,99113,11854,3419,9280,2331,1020,306,1016,498,538,284,118994,10261,356,610,401,1793,13458,3520,179,22019,355,121,14046,2357,37,976,919,54,292,2954,2941,7,1308,1035,192,86,646,284
2011,San Saba County; Texas,2133,1416,552,996,305,122,56,298,191,717,644,374,672,793,2.55,3.15,5431,2133,965,1576,508,249,103,2678,806,1171,61,164,476,2189,376,1069,57,415,272,43,25,47,45,0,95,29,195,38,13,48,411,5,3,17,38,26,35,1387,62,44,684,293,304,4119,383,286,1406,1112,204,578,150,-888888888,-888888888,4675,494,-888888888,-888888888,-888888888,-888888888,-888888888,-888888888,-888888888,-888888888,5965,5190,746,471,275,257,18,29,6028,5678,5609,4677,932,69,350,350,132,218,419,69,6,63,350,70,280,350,12,0,0,0,338,0,5671,4416,1255,446,1217,446,38,0,0,0,0,0,6028,618,0,36,0,117,755,237,0,680,0,0,826,13,0,38,52,0,16,140,159,0,0,22,0,0,5,39
2011,Schleicher County; Texas,1000,767,303,619,221,60,25,88,57,233,217,111,377,270,3.25,3.77,3252,1000,616,1158,354,124,35,1175,235,755,48,40,97,1208,256,694,19,136,103,64,4,12,85,52,196,0,101,84,0,48,413,16,10,58,84,45,70,963,111,36,537,136,143,2050,191,248,742,390,149,277,53,-888888888,-888888888,2303,198,-888888888,-888888888,-888888888,-888888888,-888888888,-888888888,-888888888,-888888888,3275,2750,525,324,201,168,33,0,3303,2993,2970,2649,321,23,310,310,118,192,333,23,0,23,310,76,234,310,5,0,0,0,305,0,3022,2094,928,228,925,225,3,3,0,0,0,0,3303,427,0,24,0,54,173,5,0,356,0,0,294,5,0,0,7,0,3,76,72,9,12,28,0,0,1,0
2011,Zavala County; Texas,3635,2731,1082,1599,570,222,51,910,461,904,819,364,1384,1121,3.08,3.66,11194,3635,1563,4208,1484,304,113,4285,1690,1922,245,79,349,4342,1224,1811,336,549,422,119,74,50,46,68,60,21,355,151,38,48,507,3,7,103,151,119,107,3243,176,192,1726,782,367,6676,1858,909,1424,1491,350,487,157,-888888888,-888888888,7942,334,-888888888,-888888888,-888888888,-888888888,-888888888,-888888888,-888888888,-888888888,11593,10146,1297,594,703,594,109,150,11700,10142,10073,8653,1420,69,1558,1558,488,1070,1627,69,9,60,1558,425,1133,1558,0,0,0,0,1558,0,10640,2533,8107,3518,8107,3518,0,0,0,0,0,0,11700,74,0,28,0,11,80,74,15,388,0,0,167,0,0,19,12,18,0,48,7,0,0,0,0,0,6,10
2011,Calhoun County; Texas,7936,5701,2373,4357,1723,176,37,1168,613,2235,1912,913,2781,2342,2.65,3.17,21007,7936,4355,6237,1753,726,345,8458,2272,4897,186,280,823,8161,1598,4671,204,840,848,308,104,52,66,79,139,1,672,335,56,48,057,77,54,148,335,177,267,5306,477,466,2311,1329,723,13829,1293,1908,4238,3456,863,1457,614,-888888888,-888888888,15550,1882,-888888888,-888888888,-888888888,-888888888,-888888888,-888888888,-888888888,-888888888,20969,17750,3096,2043,1053,862,191,123,21240,19431,19241,16278,2963,190,1809,1809,720,1089,1999,190,77,113,1809,554,1255,1809,63,468,38,0,1216,24,19686,14507,5179,2116,4467,1765,118,0,592,351,2,0,21240,665,33,1021,16,176,1653,469,54,3893,5,0,2543,220,0,25,305,18,0,321,485,0,0,167,15,4,124,145
2011,Foard County; Texas,557,338,137,249,79,42,36,47,22,219,195,78,179,195,2.23,2.82,1241,557,254,260,100,70,53,515,128,270,23,23,71,557,111,253,0,104,89,15,11,70,56,323,48,0,89,84,44,48,155,6,23,11,84,44,78,209,23,9,101,70,6,929,69,158,298,160,48,124,72,-888888888,-888888888,1007,111,-888888888,-888888888,-888888888,-888888888,-888888888,-888888888,-888888888,-888888888,1274,1050,224,117,107,83,24,0,1286,1240,1231,1024,207,9,46,46,10,36,55,9,0,9,46,4,42,46,3,12,0,0,31,0,1209,1049,160,29,132,18,23,10,5,1,0,0,1286,80,0,45,0,16,109,9,18,291,0,0,201,18,0,0,1,0,0,20,12,0,0,0,0,0,0,0
2011,Goliad County; Texas,2942,2047,703,1664,532,89,22,294,149,895,805,326,795,992,2.37,2.81,6958,2942,1642,1810,246,318,72,2909,731,1645,72,91,370,2992,490,1788,47,369,298,80,8,12,53,22,158,0,184,120,2,48,175,58,0,60,120,57,120,1556,168,56,752,435,145,5216,498,276,1788,1294,507,664,189,-888888888,-888888888,5566,639,-888888888,-888888888,-888888888,-888888888,-888888888,-888888888,-888888888,-888888888,7094,6049,1045,482,563,498,65,0,7188,7037,6984,6061,923,53,151,151,59,92,204,53,27,26,151,20,131,151,13,4,2,0,132,0,6765,5388,1377,405,1279,380,84,19,12,4,2,2,7188,348,3,238,3,18,653,186,56,2459,0,48,601,34,0,30,42,0,0,126,64,0,17,22,26,0,0,44
2011,Hamilton County; Texas,3024,2032,573,1747,438,112,45,173,90,992,915,483,637,1302,2.72,3.39,8219,3024,1733,2497,635,330,94,3348,732,1900,179,118,419,3574,630,1799,54,562,529,63,22,26,37,0,113,7,69,30,5,48,193,17,0,8,30,12,22,1766,123,43,965,407,228,6026,397,653,2033,1335,271,1006,331,-888888888,-888888888,6661,844,-888888888,-888888888,-888888888,-888888888,-888888888,-888888888,-888888888,-888888888,8414,7214,1176,623,553,471,82,24,8491,8188,8187,6973,1214,1,303,303,65,238,304,1,0,1,303,71,232,303,5,4,0,0,294,0,8040,7387,653,231,611,219,38,8,4,4,0,0,8491,1409,10,46,3,98,1396,261,0,1749,0,0,1340,65,0,109,59,14,0,179,231,0,0,69,0,0,107,0
2011,Mitchell County; Texas,2711,1978,834,1674,706,92,52,212,76,733,693,437,945,923,2.53,2.99,6849,2711,1665,1772,503,198,114,5071,1931,2206,232,171,531,2844,541,1695,60,355,193,59,43,77,38,0,93,0,183,157,62,48,335,51,18,26,157,89,131,2320,105,48,861,735,571,6495,515,1032,2130,1906,369,401,142,-888888888,-888888888,7609,680,-888888888,-888888888,-888888888,-888888888,-888888888,-888888888,-888888888,-888888888,9260,6400,2857,851,2006,1909,97,3,9372,8830,8727,7425,1302,103,542,542,186,356,645,103,22,81,542,105,437,542,12,27,0,0,503,0,8842,6378,2464,775,2422,748,15,0,27,27,0,0,9372,588,0,22,0,110,491,285,38,914,0,0,579,90,0,2,65,0,0,153,104,0,38,21,0,0,0,40
2011,Titus County; Texas,10717,8010,4070,6021,2791,452,231,1537,1048,2707,2321,979,4487,2590,2.90,3.39,31078,10717,6034,11051,2068,1208,553,11523,3509,6318,239,241,1216,11931,2372,6620,444,1135,1360,663,140,44,86,42,173,21,928,415,157,48,449,39,67,152,415,234,374,8795,605,526,4376,1870,1418,18825,2716,2489,5594,4380,1131,1806,709,-888888888,-888888888,21911,1756,-888888888,-888888888,-888888888,-888888888,-888888888,-888888888,-888888888,-888888888,31098,26414,4582,2314,2268,1480,788,102,31601,25339,25099,19891,5208,240,6262,6262,1437,4825,6502,240,55,185,6262,1712,4550,6262,62,187,0,0,5999,14,28659,18571,10088,5712,9709,5584,114,31,182,97,83,0,31601,2044,11,88,96,212,2088,323,21,2375,0,0,2415,441,0,67,96,16,60,406,362,2,1310,170,0,10,73,25
2011,Lavaca County; Texas,7928,5567,2182,4511,1671,417,196,639,315,2361,2131,1016,2401,2700,2.38,2.88,18831,7928,4479,4919,1083,422,299,7494,1821,4709,107,245,612,7997,1335,4705,88,1228,641,247,105,69,66,0,156,18,320,186,34,48,285,9,58,85,186,118,154,3984,282,350,1972,962,418,13588,1469,1582,5270,2682,621,1463,501,-888888888,-888888888,14802,1318,-888888888,-888888888,-888888888,-888888888,-888888888,-888888888,-888888888,-888888888,18987,17407,1563,826,737,650,87,17,19253,18160,18152,16817,1335,8,1093,1093,263,830,1101,8,0,8,1093,382,711,1093,86,13,0,0,978,16,18018,14592,3426,769,2471,698,946,71,9,0,0,0,19253,706,19,5898,57,105,1264,340,26,6810,0,4,2093,94,0,31,138,6,9,333,169,0,24,104,33,44,29,10
2011,Terry County; Texas,3940,2581,1067,1986,745,179,112,416,210,1359,1288,591,1231,1219,2.87,3.75,11301,3940,2010,4023,1061,267,164,5463,1848,2354,235,208,818,4362,1040,1976,128,592,626,106,37,29,45,0,91,28,379,350,16,48,445,62,21,251,350,196,341,3184,166,215,1248,1073,482,8074,1380,1258,2596,1222,419,980,219,-888888888,-888888888,9345,543,-888888888,-888888888,-888888888,-888888888,-888888888,-888888888,-888888888,-888888888,12402,10139,2230,1140,1090,856,234,33,12543,11316,11265,10053,1212,51,1227,1227,227,1000,1278,51,5,46,1227,486,741,1227,0,43,0,9,1173,2,11526,7143,4383,1596,3930,1391,453,205,0,0,0,0,12543,932,0,0,0,208,764,89,0,1315,5,0,589,117,0,9,10,0,0,372,65,0,0,14,13,0,53,64
2011,Wise County; Texas,19995,15672,6858,13054,5562,655,341,1963,955,4323,3631,1583,7716,4843,2.89,3.28,57843,19995,13036,18953,3767,2092,927,23222,6032,13872,348,489,2481,22880,3888,13616,458,2055,2863,602,113,21,43,60,78,14,1423,415,24,48,497,260,42,89,415,264,255,14679,864,725,7146,3627,2317,38364,2411,4026,14007,9849,2088,4244,1739,-888888888,-888888888,43248,5118,-888888888,-888888888,-888888888,-888888888,-888888888,-888888888,-888888888,-888888888,58109,50781,7166,2994,4172,3302,870,162,58703,55105,54766,40466,14300,339,3598,3598,901,2697,3937,339,25,314,3598,729,2869,3598,91,159,9,9,3257,73,54797,47360,7437,3036,6978,2885,302,104,128,35,29,12,58703,5114,50,152,75,947,4080,1396,116,6235,15,38,5264,538,0,336,287,36,48,796,588,0,70,188,74,3,169,50
2011,Matagorda County; Texas,13461,9927,4388,7393,2981,735,420,1799,987,3534,3052,1267,4904,3609,2.68,3.14,36053,13461,7423,11712,2110,1347,478,14091,4097,7757,286,402,1549,14582,3117,7864,471,1409,1721,585,183,50,70,49,144,17,711,535,54,48,321,184,36,261,535,367,303,8907,752,453,4305,2308,1089,23464,2610,2418,8527,4538,1699,2931,741,-888888888,-888888888,26933,3052,-888888888,-888888888,-888888888,-888888888,-888888888,-888888888,-888888888,-888888888,36208,32486,3594,2123,1471,1062,409,128,36662,32902,32653,26954,5699,249,3760,3760,1168,2592,4009,249,80,169,3760,949,2811,3760,125,516,7,0,3111,1,33956,24648,9308,3482,8354,3065,393,77,527,333,34,7,36662,1324,10,2054,134,295,2675,995,36,5869,0,19,3362,441,0,64,260,249,15,706,395,0,61,112,9,27,111,15
2011,Pecos County; Texas,4774,3433,1606,2547,1087,199,95,687,424,1341,1202,480,1815,1315,2.69,3.28,12854,4774,2548,4325,943,264,193,7077,2108,3402,343,338,886,5234,1108,2843,269,566,448,128,12,9,41,0,101,0,418,228,31,48,371,55,70,72,228,138,124,3377,110,182,1644,1074,367,10263,2011,1574,3377,1653,424,746,478,-888888888,-888888888,11663,947,-888888888,-888888888,-888888888,-888888888,-888888888,-888888888,-888888888,-888888888,15352,13062,2249,924,1325,1209,116,41,15465,12994,12758,10926,1832,236,2471,2471,782,1689,2707,236,95,141,2471,342,2129,2471,0,95,0,7,2342,27,14284,6780,7504,2545,7401,2482,85,63,0,0,18,0,15465,873,0,21,43,138,428,108,18,590,2,0,747,28,0,18,11,0,3,170,109,0,465,4,20,0,10,2
2011,Rockwall County; Texas,25717,20729,11171,17251,8992,1213,694,2265,1485,4988,4089,1250,11969,4825,2.94,3.26,75606,25717,17140,25612,4091,3046,1385,27759,6614,18386,267,395,2097,29626,5677,17683,577,2052,3637,999,185,25,52,24,131,6,1432,454,186,48,397,170,0,98,454,267,366,22328,1654,1352,10193,5393,3736,48525,2274,2196,10832,12381,3460,12362,5020,-888888888,-888888888,53380,5080,-888888888,-888888888,-888888888,-888888888,-888888888,-888888888,-888888888,-888888888,75428,65096,9907,2972,6935,5478,1457,425,76349,68509,67952,44521,23431,557,7840,7840,2574,5266,8397,557,124,433,7840,2480,5360,7840,857,1277,673,79,4797,157,70695,59648,11047,4406,8290,3581,1166,207,1148,550,443,68,76349,10233,190,589,367,1107,8967,2659,260,10594,277,179,7393,2492,38,527,910,92,307,1752,1836,0,615,780,147,65,785,7
2011,Taylor County; Texas,49439,32443,15038,24125,10035,1538,840,6780,4163,16996,14044,4725,16796,12080,2.50,3.07,123716,49439,24057,35894,7227,7099,2357,49697,16374,26018,971,1608,4726,53850,14646,25145,1236,5621,7202,2138,646,37,64,8,130,10,2634,1390,203,48,441,295,227,665,1390,826,968,36676,1672,2129,13439,6110,13326,79898,5215,6593,22940,20428,5586,13305,5831,-888888888,-888888888,94716,12295,-888888888,-888888888,-888888888,-888888888,-888888888,-888888888,-888888888,-888888888,128407,99898,27333,16951,10382,7353,3029,1176,130463,123547,121062,90191,30871,2485,6916,6916,3031,3885,9401,2485,509,1976,6916,2187,4729,6916,783,1570,596,54,3775,138,120648,103112,17536,5250,14498,3797,1472,474,1107,652,459,327,130463,8724,126,499,178,1238,11595,3094,286,17272,193,120,13554,1860,29,773,1033,175,251,3316,3090,95,943,781,131,42,886,207
2011,Throckmorton County; Texas,795,517,178,434,138,42,27,41,13,278,273,128,221,294,2.18,2.77,1730,795,425,420,71,19,15,787,146,460,10,43,128,693,121,437,0,93,42,11,4,35,37,56,80,0,56,52,14,48,447,33,0,5,52,28,47,337,36,22,137,83,59,1308,64,208,439,246,110,164,77,-888888888,-888888888,1399,220,-888888888,-888888888,-888888888,-888888888,-888888888,-888888888,-888888888,-888888888,1744,1669,75,58,17,14,3,0,1749,1660,1656,1329,327,4,89,89,22,67,93,4,0,4,89,23,66,89,3,29,0,0,57,0,1684,1529,155,69,122,61,24,8,9,0,0,0,1749,129,0,20,0,34,213,28,0,172,0,0,318,24,0,0,0,16,0,35,16,0,0,17,0,0,6,3
2011,Walker County; Texas,20077,11465,4978,8517,3293,580,249,2368,1436,8612,5788,1608,5523,4571,2.32,3.01,46602,20077,8742,11942,2308,3533,1098,35420,16574,11878,1161,713,5094,22476,7983,9976,512,1930,2075,933,512,56,62,57,97,14,721,414,218,48,471,38,25,133,414,281,246,20458,368,860,4589,3482,11159,42663,2884,4982,14456,10205,2398,5218,2520,-888888888,-888888888,55833,4856,-888888888,-888888888,-888888888,-888888888,-888888888,-888888888,-888888888,-888888888,66107,52884,13154,3323,9831,9246,585,69,66833,61941,61313,49685,11628,628,4892,4892,1188,3704,5520,628,9,619,4892,1737,3155,4892,154,655,174,0,3830,79,63719,53471,10248,3338,9173,3065,591,116,269,117,215,40,66833,8460,80,644,109,723,6477,1702,113,8387,44,10,5675,973,8,318,1240,9,148,1189,1532,14,350,274,69,12,241,30
2011,Wood County; Texas,15983,11468,3607,9419,2583,627,357,1422,667,4515,3993,2022,4155,6443,2.49,2.95,39847,15983,9495,10424,2469,1476,648,17000,3860,10253,200,491,2196,17834,2620,10215,333,2396,2270,412,170,48,53,27,122,13,894,470,50,48,499,151,94,175,470,271,387,8355,457,470,3995,1874,1559,30361,1710,3820,10838,7344,1634,3484,1531,-888888888,-888888888,33255,5174,-888888888,-888888888,-888888888,-888888888,-888888888,-888888888,-888888888,-888888888,41471,34940,6461,2995,3466,2913,553,70,41840,40184,40039,29437,10602,145,1656,1656,468,1188,1801,145,6,139,1656,461,1195,1656,167,148,0,16,1272,53,39625,36799,2826,1362,2499,1226,129,28,196,108,2,0,41840,9477,5,197,78,813,4823,1438,25,6243,121,75,6767,501,46,146,486,58,152,1045,1018,2,136,353,24,0,185,109
2011,Aransas County; Texas,10134,6975,2266,5372,1353,593,247,1010,666,3159,2717,1394,2725,3829,2.26,2.65,22894,10134,5338,4893,1295,1234,546,9337,1653,5467,209,311,1697,10115,1830,5618,226,1035,1406,407,275,114,87,86,165,33,511,179,73,48,007,25,0,81,179,115,128,4441,200,395,2064,1021,761,16907,980,1269,5737,4145,883,2542,1351,-888888888,-888888888,18558,2954,-888888888,-888888888,-888888888,-888888888,-888888888,-888888888,-888888888,-888888888,22957,19246,3673,1905,1768,1256,512,38,23243,21842,21660,14538,7122,182,1401,1401,542,859,1583,182,0,182,1401,235,1166,1401,163,274,5,9,777,173,21968,18113,3855,1358,3341,1115,127,26,387,217,0,0,23243,1177,0,237,81,289,2768,1006,61,4759,89,20,3141,569,0,345,375,64,10,493,454,0,11,339,28,0,114,17
2011,Cochran County; Texas,1090,839,377,704,302,73,41,62,34,251,228,93,464,292,2.77,3.24,3016,1090,712,966,201,47,28,1203,302,781,32,26,62,1208,253,735,33,108,79,62,10,34,84,20,188,25,123,68,21,48,079,19,12,16,68,38,61,812,88,16,370,231,107,1925,379,212,636,358,101,178,61,-888888888,-888888888,2204,185,-888888888,-888888888,-888888888,-888888888,-888888888,-888888888,-888888888,-888888888,3085,2604,439,217,222,180,42,42,3127,2741,2733,2296,437,8,386,386,73,313,394,8,0,8,386,177,209,386,9,5,0,0,372,0,2883,1702,1181,487,1136,451,44,35,1,1,0,0,3127,228,0,0,2,16,228,45,3,294,0,0,211,19,0,23,0,0,0,23,64,0,25,23,0,0,0,5
2011,Coke County; Texas,1378,932,348,772,254,56,35,104,59,446,426,237,378,541,2.31,2.85,3181,1378,778,786,164,75,49,1416,334,868,45,62,107,1432,171,795,47,247,172,69,30,122,112,0,309,33,56,46,18,48,081,23,0,5,46,28,36,753,32,50,318,275,78,2401,116,226,865,650,207,240,97,-888888888,-888888888,2644,329,-888888888,-888888888,-888888888,-888888888,-888888888,-888888888,-888888888,-888888888,3362,2734,626,217,409,364,45,2,3406,3273,3264,2684,580,9,133,133,64,69,142,9,5,4,133,0,133,133,4,9,0,0,113,7,3268,2806,462,87,451,82,6,0,5,5,0,0,3406,176,11,34,4,14,316,91,0,454,0,0,473,10,4,11,37,13,3,57,124,0,0,18,4,0,12,0
2011,Coryell County; Texas,20134,16123,9054,11811,5963,756,397,3556,2694,4011,3464,1057,9836,3733,3.26,3.69,65736,20134,11823,25912,5587,2280,627,27861,10310,13726,797,403,2625,29522,6736,15196,896,2389,4305,1213,324,33,56,38,78,37,1655,513,113,48,099,190,108,102,513,342,418,20994,1369,1221,8910,4910,4584,44278,1523,3644,15219,12765,4551,4474,2102,-888888888,-888888888,46652,9876,-888888888,-888888888,-888888888,-888888888,-888888888,-888888888,-888888888,-888888888,73855,57222,14146,3939,10207,4867,5340,2487,74948,70506,66517,35023,31494,3989,4442,4442,2297,2145,8431,3989,1315,2674,4442,1340,3102,4442,1253,924,126,15,2008,116,68706,59004,9702,2611,6465,1695,2008,378,1102,492,127,46,74948,4031,65,362,196,597,9526,1748,277,13174,153,77,7426,2278,37,692,987,28,398,1140,1856,41,751,541,64,44,344,352
2011,Hemphill County; Texas,1573,1106,455,963,379,31,0,112,76,467,424,197,490,403,2.36,2.87,3708,1573,914,1048,107,66,26,1544,363,978,8,67,128,1409,104,974,16,164,151,115,18,107,155,244,314,0,67,36,4,48,211,10,22,0,36,24,26,874,21,81,377,273,122,2514,234,207,729,785,109,338,112,-888888888,-888888888,2775,293,-888888888,-888888888,-888888888,-888888888,-888888888,-888888888,-888888888,-888888888,3657,3096,560,253,307,182,125,1,3758,3323,3277,2242,1035,46,435,435,85,350,481,46,7,39,435,215,220,435,9,0,0,0,426,0,3492,2789,703,404,690,396,13,8,0,0,0,0,3758,414,0,26,5,136,356,50,17,458,0,0,288,28,0,62,10,0,0,137,57,0,10,49,18,0,5,7
2011,Moore County; Texas,6669,5049,2553,3874,1672,334,187,841,694,1620,1470,494,2823,1396,3.18,3.70,21194,6669,3871,8184,1592,878,326,7807,2871,4190,174,158,414,7678,1945,4043,341,788,561,355,166,73,72,24,155,7,639,275,94,48,341,32,72,77,275,177,214,6489,268,387,3199,1540,1095,12168,1992,1521,3580,2549,848,1158,520,-888888888,-888888888,14374,849,-888888888,-888888888,-888888888,-888888888,-888888888,-888888888,-888888888,-888888888,21016,16619,3963,2266,1697,1076,621,434,21379,16557,16517,12403,4114,40,4822,4822,1335,3487,4862,40,8,32,4822,1892,2930,4822,39,991,168,28,3551,45,19318,9594,9724,4091,8536,3199,195,54,802,722,191,116,21379,1096,27,110,35,385,1183,323,9,1807,6,28,1337,289,0,78,203,0,0,332,270,0,151,24,8,0,63,39
2011,Potter County; Texas,41768,27268,13352,17964,7730,2546,1328,6758,4294,14500,12419,3708,15431,8717,2.80,3.50,117150,41768,17861,39081,11351,7089,2790,47182,16384,21824,1406,1596,5972,45014,12526,18925,2111,4600,6852,1944,913,58,68,59,119,15,3591,1974,346,48,375,388,356,884,1974,1186,1487,32591,2367,2081,14661,6780,6702,74979,8290,9938,20616,19993,4784,7706,3652,-888888888,-888888888,87063,7399,-888888888,-888888888,-888888888,-888888888,-888888888,-888888888,-888888888,-888888888,118722,94329,23383,11967,11416,9090,2326,1010,120626,103997,102912,77796,25116,1085,16629,16629,4067,12562,17714,1085,270,815,16629,6030,10599,16629,295,3735,689,4,11869,37,110229,77354,32875,13749,27605,10957,943,233,3537,2055,790,504,120626,6423,117,392,297,1719,7805,2632,159,13016,101,39,10695,1557,15,641,426,35,179,2132,2385,25,1091,548,271,27,520,461
2011,San Augustine County; Texas,3581,2259,653,1647,301,188,84,424,268,1322,1155,659,786,1440,2.43,3.06,8701,3581,1657,2343,658,462,138,3636,1137,1825,130,181,363,3739,737,1674,234,755,339,131,65,71,77,266,62,26,150,133,11,48,405,20,28,74,133,86,70,1964,98,62,1013,445,346,6285,696,1010,2505,1094,212,464,304,-888888888,-888888888,7022,832,-888888888,-888888888,-888888888,-888888888,-888888888,-888888888,-888888888,-888888888,8824,7805,1018,610,408,291,117,1,8949,8784,8706,7568,1138,78,165,165,70,95,243,78,50,28,165,1,164,165,36,0,0,0,129,0,8529,8018,511,163,432,148,79,15,0,0,0,0,8949,916,0,40,10,110,1126,372,37,1003,0,28,1389,81,0,0,114,0,0,172,262,7,18,41,0,0,0,0
2011,Shackelford County; Texas,1265,824,418,653,317,23,9,148,92,441,418,205,446,400,2.50,3.18,3158,1265,656,976,168,93,31,1164,331,680,24,28,101,1423,361,688,21,193,160,62,14,36,80,0,171,42,78,51,21,48,417,6,4,20,51,26,51,772,68,49,337,204,114,2120,174,136,718,533,77,355,127,-888888888,-888888888,2411,191,-888888888,-888888888,-888888888,-888888888,-888888888,-888888888,-888888888,-888888888,3199,2896,274,155,119,90,29,29,3233,3113,3113,2659,454,0,120,120,68,52,120,0,0,0,120,24,96,120,11,12,0,0,83,14,3032,2773,259,133,254,133,5,0,0,0,0,0,3233,307,0,0,0,65,217,48,0,327,0,0,289,0,0,11,0,11,0,33,24,3,0,58,4,0,33,0
2011,Starr County; Texas,15571,13086,6619,9279,4672,755,281,3052,1666,2485,2284,1162,8246,4266,3.86,4.32,60100,15571,9301,26181,8017,1030,388,20631,7011,11122,807,370,1321,22725,6079,11526,1045,2272,1803,1095,486,70,72,71,126,19,3292,1178,218,48,427,229,316,415,1178,771,982,19900,1582,1188,9244,4639,3247,33269,12403,5456,6536,4705,975,2267,927,-888888888,-888888888,39825,1131,-888888888,-888888888,-888888888,-888888888,-888888888,-888888888,-888888888,-888888888,59493,54260,4652,3289,1363,976,387,581,60525,42281,41349,38237,3112,932,18244,18244,4952,13292,19176,932,113,819,18244,3306,14938,18244,7,1,10,0,18226,0,54780,2230,52550,24500,52515,24499,34,0,1,1,0,0,60525,373,0,15,0,34,251,36,0,246,0,0,206,153,4,0,0,13,10,6,9,0,0,0,0,0,0,4
2011,Upton County; Texas,1203,900,435,716,328,45,34,139,73,303,265,132,525,349,2.64,3.06,3171,1203,702,907,247,112,75,1231,295,758,53,67,58,1315,302,734,45,138,96,36,13,40,47,47,100,16,136,95,9,48,461,15,8,63,95,56,77,842,46,88,356,260,92,2162,309,246,712,496,41,278,80,-888888888,-888888888,2350,219,-888888888,-888888888,-888888888,-888888888,-888888888,-888888888,-888888888,-888888888,3230,2671,554,331,223,197,26,5,3278,2973,2970,2630,340,3,305,305,17,288,308,3,0,3,305,111,194,305,0,0,0,0,263,42,3027,2043,984,365,982,365,2,0,0,0,0,0,3278,57,0,22,0,83,243,27,0,430,0,0,357,0,8,12,55,0,7,51,46,0,5,16,0,0,0,26
2011,Brown County; Texas,13412,9499,3752,7331,2642,518,124,1650,986,3913,3416,1577,4436,4156,2.67,3.17,35802,13412,7323,9915,3336,1816,470,15029,3796,8462,210,510,2051,15667,3099,7991,380,2294,1903,325,107,26,38,34,77,7,987,415,45,48,049,92,45,233,415,254,323,9399,316,519,4098,2449,2017,25119,1825,2455,10065,5731,1230,2674,1139,-888888888,-888888888,28838,3636,-888888888,-888888888,-888888888,-888888888,-888888888,-888888888,-888888888,-888888888,37466,33444,3981,1615,2366,2149,217,41,38136,36583,36364,29293,7071,219,1553,1553,687,866,1772,219,40,179,1553,375,1178,1553,45,208,0,0,1241,59,35716,32495,3221,1259,2973,1090,157,111,86,58,5,0,38136,3431,0,146,24,499,8936,808,83,3945,17,2,3987,627,0,148,253,10,6,872,684,0,38,131,41,0,208,103
2011,Hall County; Texas,1402,997,440,765,287,60,33,172,120,405,358,226,504,527,2.37,2.84,3320,1402,752,868,210,88,77,1301,227,860,43,23,148,1373,192,767,9,179,226,35,7,22,51,50,101,16,92,39,1,48,191,0,22,16,39,34,10,813,50,58,401,235,69,2303,328,281,782,465,117,274,56,-888888888,-888888888,2474,238,-888888888,-888888888,-888888888,-888888888,-888888888,-888888888,-888888888,-888888888,3364,2970,394,294,100,99,1,0,3385,2935,2906,2363,543,29,450,450,122,328,479,29,13,16,450,148,302,450,44,14,0,0,392,0,3167,2401,766,327,731,327,28,0,0,0,7,0,3385,241,0,45,12,40,331,56,0,298,0,0,292,66,0,5,20,0,0,37,10,0,13,28,8,0,5,30
2011,Franklin County; Texas,3804,2735,1089,2205,868,191,35,339,186,1069,970,540,1307,1411,2.74,3.31,10437,3804,2204,3102,1023,304,133,4087,1030,2356,57,88,556,4350,805,2512,140,520,373,122,68,73,53,0,150,0,307,174,7,48,159,6,0,161,174,108,136,2687,151,133,1241,523,639,7020,476,664,2244,1548,481,935,672,-888888888,-888888888,8014,873,-888888888,-888888888,-888888888,-888888888,-888888888,-888888888,-888888888,-888888888,10506,8995,1511,596,915,817,98,0,10633,9919,9886,7691,2195,33,714,714,119,595,747,33,33,0,714,335,379,714,27,25,0,15,647,0,9955,8795,1160,630,1119,605,16,0,25,25,0,0,10633,915,0,51,6,385,1384,241,0,1361,16,0,1445,241,0,20,301,0,45,316,714,24,128,33,0,0,141,32
2011,Frio County; Texas,4745,3602,1517,2561,962,316,197,725,358,1143,926,375,2005,1320,3.09,3.64,14649,4745,2572,4963,1961,408,191,8142,3489,3485,416,184,568,5506,1461,2777,227,655,386,277,224,140,85,63,191,8,747,494,85,48,163,142,50,217,494,304,449,4660,295,171,1917,1600,677,10667,1922,1937,3445,2142,336,672,213,-888888888,-888888888,12779,1034,-888888888,-888888888,-888888888,-888888888,-888888888,-888888888,-888888888,-888888888,16929,14372,2299,860,1439,1419,20,258,17090,15674,15596,13991,1605,78,1416,1416,322,1094,1494,78,0,78,1416,353,1063,1416,12,29,57,0,1315,3,15999,6360,9639,2452,9564,2417,40,22,22,0,13,13,17090,1371,0,38,21,37,859,147,0,758,3,0,362,105,0,16,431,0,0,183,213,0,102,12,0,0,0,14
2011,Lampasas County; Texas,7067,5176,2162,4061,1518,377,201,738,443,1891,1558,893,2362,2112,2.73,3.21,19280,7067,4082,6015,1365,751,293,7516,1846,4490,108,275,797,8132,1378,4389,153,1043,1169,319,171,84,71,14,160,28,443,206,19,48,281,90,15,82,206,136,121,4511,159,308,2083,1301,660,13179,1065,926,4073,3386,1238,1744,747,-888888888,-888888888,14488,2965,-888888888,-888888888,-888888888,-888888888,-888888888,-888888888,-888888888,-888888888,19467,15869,3514,1919,1595,1373,222,84,19762,18314,17556,11302,6254,758,1448,1448,598,850,2206,758,137,621,1448,350,1098,1448,337,138,115,0,831,27,18425,15607,2818,860,2164,710,426,42,135,35,93,73,19762,1321,151,71,50,221,2985,911,13,4143,12,24,2730,327,19,128,256,44,24,371,602,0,151,231,10,59,124,212
2011,San Jacinto County; Texas,8980,6868,2385,5377,1633,386,199,1105,553,2112,1831,872,2852,3068,2.90,3.34,26019,8980,5363,7887,2791,998,323,10375,2552,6091,147,351,1234,10476,1801,5772,288,1250,1365,164,117,49,31,59,51,8,1039,377,150,48,407,129,0,98,377,228,345,5539,426,194,2849,1417,653,17729,1148,2744,7212,3794,674,1496,661,-888888888,-888888888,19769,2621,-888888888,-888888888,-888888888,-888888888,-888888888,-888888888,-888888888,-888888888,26018,23475,2477,1016,1461,1231,230,66,26192,25521,25397,19293,6104,124,671,671,112,559,795,124,21,103,671,163,508,671,87,33,0,0,525,26,24550,23114,1436,697,1271,672,112,4,53,21,0,0,26192,3506,0,255,4,742,2888,1226,40,3456,11,11,4646,320,3,128,444,5,4,519,389,19,30,37,0,65,76,528
2011,Upshur County; Texas,14793,11022,4447,8567,3120,797,445,1658,882,3771,3330,1454,5030,4262,2.59,3.01,38333,14793,8600,11064,2499,1377,575,15150,3389,9036,424,439,1862,16070,2724,9295,416,1864,1771,610,171,49,68,68,161,2,1004,584,117,48,459,167,113,187,584,354,474,9128,625,432,4495,2085,1491,26361,1414,3004,9050,7226,1736,2679,1252,-888888888,-888888888,29450,3624,-888888888,-888888888,-888888888,-888888888,-888888888,-888888888,-888888888,-888888888,38620,33261,5331,2564,2767,2133,634,28,39056,37775,37475,28470,9005,300,1281,1281,332,949,1581,300,18,282,1281,496,785,1281,183,243,12,0,839,4,36576,34524,2052,783,1470,652,252,63,219,47,111,21,39056,6765,104,96,22,740,4021,677,80,4977,21,69,6321,675,94,124,307,97,8,1034,690,3,18,141,37,26,499,108
2011,Waller County; Texas,13653,10083,4535,7748,3276,450,210,1885,1049,3570,2522,836,5036,3012,2.97,3.38,40582,13653,7733,12856,3422,2918,554,16492,6029,8659,343,417,1044,16958,5684,8083,386,1203,1602,686,270,43,60,58,106,13,752,348,46,48,473,40,53,209,348,211,245,12881,641,519,4349,2565,4807,24261,1833,3208,8950,4509,982,3499,1280,-888888888,-888888888,31639,2405,-888888888,-888888888,-888888888,-888888888,-888888888,-888888888,-888888888,-888888888,41528,35859,5580,2638,2942,2343,599,89,41990,36203,35854,27923,7931,349,5787,5787,1182,4605,6136,349,98,251,5787,1726,4061,5787,125,259,119,0,5238,46,38898,30026,8872,3585,8287,3442,374,122,168,21,43,0,41990,1914,34,774,221,353,2224,941,193,5360,82,19,2378,646,0,200,689,25,18,550,443,37,365,195,111,0,119,259
2011,Wilson County; Texas,15076,12159,5632,10117,4576,678,319,1364,737,2917,2472,1136,6216,3698,2.77,3.10,41696,15076,10092,13252,2188,1088,478,16323,3683,10923,196,322,1199,16713,3203,10232,318,1448,1512,564,176,46,58,13,145,18,1327,695,155,48,493,169,180,191,695,359,599,10952,555,526,5345,2716,1810,27784,2191,2084,9591,6840,1866,3810,1402,-888888888,-888888888,30864,4857,-888888888,-888888888,-888888888,-888888888,-888888888,-888888888,-888888888,-888888888,41692,36800,4814,2158,2656,2029,627,78,42222,40158,39770,32808,6962,388,2064,2064,879,1185,2452,388,49,339,2064,384,1680,2064,175,95,0,0,1755,39,39549,30058,9491,2609,9008,2465,433,125,45,14,5,5,42222,1535,18,856,112,841,3379,707,119,9884,33,16,4442,846,2,129,3894,0,85,1268,586,13,0,206,62,8,147,36
2011,Hockley County; Texas,8147,6162,2641,4867,1972,284,141,1011,528,1985,1756,770,3101,2064,2.73,3.16,22209,8147,4831,6689,1770,772,297,8850,2440,5228,145,191,846,8974,1943,5173,293,869,696,411,111,48,73,59,130,25,833,420,150,48,219,72,32,166,420,242,354,6709,413,496,2473,1486,1841,13831,1633,1798,3673,3078,1126,1785,738,-888888888,-888888888,16724,1300,-888888888,-888888888,-888888888,-888888888,-888888888,-888888888,-888888888,-888888888,22544,17928,4490,2117,2373,1974,399,126,22929,21386,21300,17972,3328,86,1543,1543,470,1073,1629,86,31,55,1543,444,1099,1543,55,122,0,7,1347,12,21241,14795,6446,1761,6269,1670,91,40,52,17,34,34,22929,1624,132,82,15,296,1456,537,37,2304,30,23,1896,171,0,79,75,23,14,435,310,0,0,54,16,0,64,183
2011,Midland County; Texas,49534,35700,17661,26968,12210,2078,925,6654,4526,13834,11977,4033,19479,10325,2.69,3.22,133464,49534,26860,42031,10215,4824,2495,50255,15005,29107,906,930,4307,53704,12947,28568,1470,4490,6229,2161,629,41,65,58,112,18,4060,2161,589,48,329,445,140,987,2161,1280,1701,36604,2765,2400,15428,8589,7422,84025,7074,8254,21205,22184,5419,14474,5415,-888888888,-888888888,97781,9210,-888888888,-888888888,-888888888,-888888888,-888888888,-888888888,-888888888,-888888888,132991,109049,23481,14210,9271,6871,2400,461,135002,123348,122259,94246,28013,1089,11654,11654,4502,7152,12743,1089,218,871,11654,2341,9313,11654,190,1174,88,0,10043,159,124058,88003,36055,13796,34129,13285,1097,131,681,367,148,13,135002,10740,463,549,90,1618,11258,1953,339,12771,131,26,10455,1419,46,987,870,78,273,2379,2609,26,202,748,216,19,672,84
2011,Llano County; Texas,8221,5388,1119,4629,639,147,87,612,393,2833,2585,1493,1372,3960,2.30,2.84,18920,8221,4629,3871,1403,796,290,8033,1412,5130,45,373,1073,8620,848,4837,183,1451,1301,172,78,57,58,36,184,0,508,392,112,48,299,147,0,133,392,205,392,2904,231,270,1177,875,351,14957,601,1293,4391,3839,843,2734,1256,-888888888,-888888888,16125,2875,-888888888,-888888888,-888888888,-888888888,-888888888,-888888888,-888888888,-888888888,18915,16286,2608,1158,1450,1312,138,21,19133,18575,18412,12434,5978,163,558,558,191,367,721,163,57,106,558,183,375,558,113,23,0,18,388,16,18345,16884,1461,479,1361,419,77,60,23,0,0,0,19133,1686,0,284,36,659,3671,966,61,4198,52,5,3476,584,25,79,140,0,20,938,574,0,0,226,21,0,228,18
2011,Fannin County; Texas,11817,8412,3415,6546,2463,593,249,1273,703,3405,3029,1475,3851,3745,2.66,3.20,31430,11817,6499,9670,2321,1123,496,14762,4195,7581,389,544,2053,12923,2266,6907,343,1821,1586,447,189,61,64,95,144,0,849,454,150,48,147,63,63,178,454,264,363,7544,373,363,3487,2107,1214,23404,1581,2835,9069,5202,1292,2498,927,-888888888,-888888888,26300,3547,-888888888,-888888888,-888888888,-888888888,-888888888,-888888888,-888888888,-888888888,33459,27157,6170,2943,3227,2859,368,132,33853,32718,32504,25630,6874,214,1135,1135,342,793,1349,214,5,209,1135,269,866,1135,46,34,0,12,986,57,31864,29385,2479,862,2198,777,214,72,48,13,19,0,33853,2651,7,32,19,1036,2867,1060,84,5776,124,121,4966,339,0,44,199,35,15,880,513,6,73,305,19,0,82,124
2011,Brazos County; Texas,67612,37989,19134,26338,12191,3654,1473,7997,5470,29623,18475,3658,20836,9719,2.57,3.12,173984,67612,26282,43844,10530,25716,3899,79479,44049,29846,829,975,3780,77805,36677,28303,2289,4360,6176,3317,1036,26,55,17,84,21,2965,1596,324,48,041,387,343,542,1596,1048,1129,84668,2821,2003,16163,8335,55346,90690,5988,7804,20339,16944,4273,19568,15774,-888888888,-888888888,151050,8404,-888888888,-888888888,-888888888,-888888888,-888888888,-888888888,-888888888,-888888888,187009,123817,59969,32324,27645,22828,4817,3223,189858,165706,164082,128220,35862,1624,24152,24152,4613,19539,25776,1624,351,1273,24152,14162,9990,24152,1634,8245,1091,56,12732,394,177555,139345,38210,15661,26355,11401,5140,1441,5831,2641,884,178,189858,7933,784,4403,502,2179,16595,5395,408,30968,563,389,17304,5458,88,1302,3934,128,805,5357,3808,69,1655,1926,259,318,1072,230
2011,Gaines County; Texas,5367,4105,2209,3462,1805,137,66,506,338,1262,1158,493,2376,1145,3.17,3.78,17011,5367,3514,6874,1005,251,154,6235,1545,3989,54,234,413,6009,1266,3737,79,591,336,473,188,138,115,59,211,47,439,256,68,48,165,124,52,12,256,167,238,4307,278,369,2238,964,458,9499,2627,991,2750,1315,552,1108,156,-888888888,-888888888,11314,685,-888888888,-888888888,-888888888,-888888888,-888888888,-888888888,-888888888,-888888888,16649,14112,2280,1439,841,389,452,257,17123,13438,13412,11358,2054,26,3685,3685,1142,2543,3711,26,0,26,3685,1201,2484,3685,0,38,11,52,3213,371,15386,7962,7424,3006,4038,1555,3296,1421,90,30,0,0,17123,574,31,1,3,263,960,436,0,3839,0,0,995,64,0,29,12,0,14,165,125,0,6,44,17,0,17,8
2011,Gray County; Texas,8180,5829,2472,4561,1869,300,141,968,462,2351,2169,1210,2916,2509,2.54,3.05,20770,8180,4511,6213,1198,668,304,9516,2606,5195,212,420,1083,8519,1577,4705,155,1072,1010,356,70,36,78,121,140,7,700,490,87,48,179,158,48,197,490,320,321,4910,330,202,2433,1216,729,15336,1163,2086,5266,3892,955,1431,543,-888888888,-888888888,17097,1558,-888888888,-888888888,-888888888,-888888888,-888888888,-888888888,-888888888,-888888888,22326,18548,3767,1733,2034,1714,320,11,22628,21234,21147,15911,5236,87,1394,1394,402,992,1481,87,0,87,1394,342,1052,1394,26,106,13,0,1248,1,20935,17416,3519,1415,3304,1337,78,14,137,64,0,0,22628,2063,6,124,40,207,2679,316,18,3061,14,0,2455,321,10,97,147,0,127,544,324,0,23,86,13,8,69,84
2011,Jack County; Texas,2972,1968,756,1551,529,159,64,258,163,1004,800,352,890,892,2.62,3.27,7798,2972,1550,2377,532,367,193,4371,1252,2090,164,133,732,3157,551,1631,64,479,432,47,9,11,27,0,89,7,181,117,0,48,237,37,24,56,117,71,109,1960,177,67,732,773,211,6114,455,733,2229,1619,335,543,200,-888888888,-888888888,7085,703,-888888888,-888888888,-888888888,-888888888,-888888888,-888888888,-888888888,-888888888,8988,6958,2030,664,1366,1209,157,0,9044,8648,8627,7020,1607,21,396,396,90,306,417,21,0,21,396,103,293,396,3,13,6,0,374,0,8593,7712,881,430,859,411,3,0,19,19,0,0,9044,777,15,67,0,185,336,188,18,734,53,0,964,71,0,27,69,13,3,207,133,0,6,31,0,0,76,6
2011,Bosque County; Texas,6833,4910,1772,3934,1266,231,100,745,406,1923,1697,907,2105,2415,2.57,3.04,17550,6833,3945,4789,1263,720,232,7233,1583,4273,138,327,912,7558,1119,4222,204,1062,951,150,37,24,41,15,96,14,562,376,95,48,035,106,101,74,376,247,261,4068,281,162,1925,1074,626,12849,1070,1402,4591,3166,757,1319,544,-888888888,-888888888,14006,2057,-888888888,-888888888,-888888888,-888888888,-888888888,-888888888,-888888888,-888888888,17981,15200,2746,1043,1703,1320,383,35,18118,17072,16948,13962,2986,124,1046,1046,327,719,1170,124,14,110,1046,364,682,1046,26,6,0,0,1014,0,17101,14881,2220,822,2159,805,57,17,4,0,0,0,18118,3641,0,293,22,277,1577,475,35,3731,3,0,2083,187,0,798,58,16,52,578,270,16,0,79,10,0,88,35
2011,Bexar County; Texas,590364,398837,197496,276231,128773,28836,13787,93770,54936,191527,160933,43810,224590,123425,2.79,3.45,1649117,590364,275682,561460,141558,80053,30090,631155,228330,314579,14262,13603,60381,672722,200199,302864,23029,54909,91721,28301,10407,44,64,39,110,26,52349,22291,5214,48,029,5639,4344,7094,22291,13865,15579,496694,31036,27594,203074,102171,132819,1040976,94033,96528,261908,248504,73999,171193,94811,-888888888,-888888888,1204306,153044,-888888888,-888888888,-888888888,-888888888,-888888888,-888888888,-888888888,-888888888,1662025,1336249,313777,227738,86039,42526,43513,11999,1686452,1471058,1435858,1072428,363430,35200,215394,215394,84700,130694,250594,35200,7363,27837,215394,63902,151492,215394,12207,31631,4411,264,164707,2174,1556734,890775,665959,193453,611807,176047,24370,5194,23822,10181,5960,2031,1686452,63140,6289,9150,3430,9298,84739,30962,3284,166756,2641,2937,96088,34294,1344,7752,22480,2836,4885,20086,20780,798,8223,8696,1876,1126,6395,4206
2011,Baylor County; Texas,1723,1110,397,911,317,79,8,120,72,613,606,307,418,714,2.16,2.68,3714,1723,888,828,153,122,86,1568,349,932,0,29,258,1702,193,916,0,413,180,104,35,149,161,0,524,42,27,27,0,48,023,13,0,14,27,7,27,712,9,21,246,310,126,2825,123,267,934,710,126,521,144,-888888888,-888888888,3006,376,-888888888,-888888888,-888888888,-888888888,-888888888,-888888888,-888888888,-888888888,3717,3336,381,242,139,72,67,0,3770,3693,3683,3356,327,10,77,77,31,46,87,10,0,10,77,0,77,77,0,6,0,0,60,11,3563,3361,202,73,202,73,0,0,0,0,0,0,3770,369,0,326,0,196,379,79,13,506,0,0,457,7,0,10,4,0,0,52,80,0,0,18,0,0,13,0
2011,Denton County; Texas,231355,163545,89224,131123,69573,9089,4704,23333,14947,67810,51867,9503,95130,31355,2.75,3.27,635669,231355,131017,205598,33898,33801,12201,241941,76046,140070,3879,2721,19225,255642,71370,137006,4775,13337,29154,9606,1917,22,52,18,94,24,12899,4558,1337,48,121,1329,787,1105,4558,2537,3595,202879,14462,11286,80452,35360,61319,402082,14205,20552,77102,98988,30574,111751,48910,-888888888,-888888888,469215,39581,-888888888,-888888888,-888888888,-888888888,-888888888,-888888888,-888888888,-888888888,639501,508513,127171,64648,62523,44412,18111,3817,648470,558868,550467,324915,225552,8401,89602,89602,34093,55509,98003,8401,1653,6748,89602,34044,55558,89602,6982,31468,3954,189,44516,2493,598777,471264,127513,50626,79901,35210,19104,4194,24745,10654,3763,568,648470,34658,3056,3935,2274,11049,72070,21383,3626,105056,1808,2238,76538,21856,779,7736,12029,1312,4149,15289,15282,580,6587,6983,2036,1517,5185,1454
2011,Galveston County; Texas,107996,74301,34454,55653,24332,4823,2134,13825,7988,33695,27876,8300,38676,23301,2.64,3.20,284856,107996,55727,89216,18669,13248,5915,112010,33511,61210,2261,2888,12140,116647,28361,59133,3379,10356,15418,3822,1154,33,53,28,112,13,7084,3559,919,48,167,700,416,1524,3559,2215,2494,79439,5767,4091,33820,16598,19163,190436,10266,15684,50221,46785,15407,34021,18052,-888888888,-888888888,214933,22900,-888888888,-888888888,-888888888,-888888888,-888888888,-888888888,-888888888,-888888888,286082,235631,49462,29670,19792,13569,6223,989,289658,261509,258581,182868,75713,2928,28149,28149,10757,17392,31077,2928,724,2204,28149,9433,18716,28149,2625,6543,725,57,17744,455,269671,220493,49178,18591,38226,15245,4774,794,5457,2464,721,88,289658,16225,663,3598,750,3520,24625,12005,1510,41340,1165,1042,31689,12819,193,2118,4823,531,1382,5178,5521,236,1980,3309,361,406,1455,612
2011,Roberts County; Texas,330,255,84,225,64,7,7,23,13,75,75,35,89,99,2.68,3.04,885,330,230,264,27,34,11,302,39,235,0,5,23,430,93,240,21,37,39,14,0,0,70,0,102,91,25,6,0,48,393,0,6,0,6,2,6,161,0,4,78,79,0,625,12,33,166,170,14,156,74,-888888888,-888888888,668,34,-888888888,-888888888,-888888888,-888888888,-888888888,-888888888,-888888888,-888888888,871,746,125,55,70,33,37,0,885,872,871,500,371,1,13,13,11,2,14,1,0,1,13,2,11,13,0,8,0,0,5,0,820,789,31,2,14,2,9,0,8,0,0,0,885,25,0,4,0,30,144,97,0,271,0,0,127,9,0,12,0,0,0,39,63,0,0,5,13,6,0,0
2011,Uvalde County; Texas,8689,6349,3063,4647,2062,311,96,1391,905,2340,2062,1011,3539,2679,2.96,3.56,25677,8689,4657,9463,2111,757,217,9639,3111,5278,163,253,834,10308,2393,4977,383,1162,1393,451,131,45,76,88,143,9,912,300,162,48,463,23,17,98,300,142,262,8169,556,409,3726,1771,1707,16072,2842,1900,4075,3558,1154,1834,709,-888888888,-888888888,18633,1543,-888888888,-888888888,-888888888,-888888888,-888888888,-888888888,-888888888,-888888888,25986,22712,3143,2096,1047,811,236,131,26330,23964,23689,19721,3968,275,2366,2366,943,1423,2641,275,104,171,2366,514,1852,2366,17,80,15,0,2233,21,24299,10962,13337,2999,13222,2950,107,41,8,8,0,0,26330,565,0,236,22,169,1708,429,10,2525,24,0,1374,289,4,2,211,76,0,492,274,0,38,64,35,0,124,46
2011,Bowie County; Texas,33324,22826,9950,16080,5986,1750,855,4996,3109,10498,9420,3651,11613,9051,2.63,3.22,87557,33324,16058,27999,6680,3496,1645,37073,12014,18495,850,1017,4697,36421,9131,16464,1399,4605,4822,1377,675,63,66,35,131,22,2783,1838,352,48,037,504,434,548,1838,1138,1295,23300,1576,1140,10223,5515,4846,61407,3477,5954,20469,16445,3702,7247,4113,-888888888,-888888888,69354,8535,-888888888,-888888888,-888888888,-888888888,-888888888,-888888888,-888888888,-888888888,90578,76639,13718,7250,6468,2412,4056,221,91903,88955,88428,57764,30664,527,2948,2948,900,2048,3475,527,24,503,2948,1139,1809,2948,287,480,170,0,1947,64,85956,80319,5637,2197,4274,1898,495,59,674,226,194,14,91903,12258,38,307,169,1613,6119,1557,88,8876,97,201,10578,1510,31,171,352,88,170,1255,1059,0,2023,487,5,19,460,104
2011,Kent County; Texas,410,235,72,184,45,12,8,39,19,175,164,56,88,136,1.99,2.65,817,410,179,179,30,19,4,365,102,197,2,14,50,373,45,184,8,97,39,13,4,69,94,267,188,0,22,14,0,48,263,0,1,13,14,4,10,175,3,11,84,48,29,625,18,50,255,141,42,84,35,-888888888,-888888888,714,63,-888888888,-888888888,-888888888,-888888888,-888888888,-888888888,-888888888,-888888888,854,681,173,44,129,110,19,0,859,840,832,713,119,8,19,19,2,17,27,8,8,0,19,11,8,19,0,0,0,0,17,2,836,779,57,19,57,19,0,0,0,0,0,0,859,94,0,0,0,25,153,2,0,200,0,0,115,4,0,2,3,0,1,23,34,0,0,0,3,0,11,8
2011,Somervell County; Texas,3146,2114,983,1723,748,112,97,279,138,1032,931,430,1197,856,2.56,3.24,8052,3146,1739,2346,655,166,81,3204,641,2054,90,122,297,3441,831,1885,51,357,317,164,0,0,84,0,215,46,314,145,31,48,425,14,0,100,145,87,106,2096,120,46,1061,640,229,5546,276,421,1523,1255,415,1280,376,-888888888,-888888888,6157,688,-888888888,-888888888,-888888888,-888888888,-888888888,-888888888,-888888888,-888888888,8207,6870,1294,423,871,561,310,43,8320,7658,7622,5665,1957,36,662,662,265,397,698,36,0,36,662,263,399,662,0,0,0,0,662,0,7839,6594,1245,234,1199,234,32,0,14,0,0,0,8320,248,0,82,69,152,795,343,0,1383,0,22,1152,148,0,51,21,24,25,418,296,0,29,19,0,0,13,43
2011,Hardin County; Texas,20204,14984,6359,11779,4702,914,531,2291,1126,5220,4236,1995,7394,5270,2.65,3.10,53546,20204,11768,16378,3260,1936,948,20516,4809,12375,296,782,2254,21767,3744,12488,390,2611,2534,567,144,28,44,4,103,10,1585,908,176,48,199,188,239,305,908,531,765,13321,837,1139,6375,3057,1913,35438,1204,3736,14193,8636,2375,4005,1289,-888888888,-888888888,39919,4519,-888888888,-888888888,-888888888,-888888888,-888888888,-888888888,-888888888,-888888888,53427,46422,6926,3803,3123,2525,598,79,53984,53256,53136,42548,10588,120,728,728,297,431,848,120,22,98,728,340,388,728,62,207,1,0,380,78,50325,48393,1932,732,1453,530,297,59,168,129,14,14,53984,4617,18,311,49,924,5645,5097,889,7261,94,70,7597,1285,18,162,449,0,285,1337,1156,0,51,246,29,10,248,18
2011,Leon County; Texas,6478,4585,1545,3411,1012,439,224,735,309,1893,1664,928,1895,2449,2.57,3.03,16639,6478,3353,4379,1577,852,271,6769,1325,3874,263,393,914,6927,1202,3603,153,1148,821,190,36,21,55,74,117,11,541,209,12,48,289,59,31,107,209,128,182,3198,150,168,1700,863,317,11846,1012,1379,4399,2888,672,952,544,-888888888,-888888888,12993,1909,-888888888,-888888888,-888888888,-888888888,-888888888,-888888888,-888888888,-888888888,16600,15002,1596,783,813,578,235,2,16757,15961,15846,12131,3715,115,796,796,188,608,911,115,11,104,796,256,540,796,26,32,0,0,738,0,15729,14347,1382,758,1329,736,53,22,0,0,0,0,16757,1280,0,115,5,187,1914,537,4,1987,40,13,2618,324,25,60,197,0,86,433,190,0,85,45,36,0,41,30
2011,Newton County; Texas,5048,3695,963,2751,535,296,121,648,307,1353,1158,600,1312,1760,2.75,3.20,13902,5048,2749,3635,1738,732,391,6088,1763,3142,90,290,803,5617,1105,3010,98,673,731,213,127,82,72,53,186,0,402,174,16,48,351,44,6,108,174,100,118,3128,46,315,1433,860,474,9919,553,1366,4713,2027,495,583,182,-888888888,-888888888,11068,1502,-888888888,-888888888,-888888888,-888888888,-888888888,-888888888,-888888888,-888888888,14195,12600,1595,428,1167,1134,33,0,14411,14144,14051,10983,3068,93,267,267,83,184,360,93,18,75,267,101,166,267,21,24,47,13,162,0,13623,13033,590,218,432,169,96,25,24,24,38,0,14411,685,73,76,0,240,1730,1011,169,1083,15,0,1738,153,0,12,130,0,53,228,278,0,38,4,9,7,0,13
2011,Reeves County; Texas,3557,2479,1092,1657,565,180,76,642,451,1078,968,317,1323,1008,3.40,4.19,12100,3557,1644,4720,1539,640,260,6735,3086,2486,254,197,712,4205,1344,1710,222,534,395,282,177,116,118,130,212,27,571,236,16,48,389,57,43,120,236,137,133,2790,89,99,1534,729,339,8659,1975,1646,2865,1242,353,478,100,-888888888,-888888888,10378,575,-888888888,-888888888,-888888888,-888888888,-888888888,-888888888,-888888888,-888888888,13224,10606,2575,668,1907,1778,129,43,13473,11161,11078,10209,869,83,2312,2312,504,1808,2395,83,0,83,2312,390,1922,2312,1,53,10,0,2230,18,12573,3381,9192,3190,9082,3137,64,11,42,38,4,4,13473,387,0,32,0,23,176,13,0,220,0,3,146,77,0,4,44,5,0,102,65,0,16,10,6,0,59,0
2011,Travis County; Texas,399679,230442,118123,166369,81287,19010,8362,45063,28474,169237,124131,19031,127753,52631,2.47,3.17,988325,399679,166167,271160,63274,88045,29746,403983,171044,187503,5535,5432,34469,398102,140991,176906,9691,21809,48705,16934,5306,33,59,35,88,32,16972,7043,1657,48,453,2080,1064,2242,7043,4362,4871,285823,18350,13890,102493,46451,104639,640244,45716,39675,108394,126705,37779,178177,103798,-888888888,-888888888,765492,53982,-888888888,-888888888,-888888888,-888888888,-888888888,-888888888,-888888888,-888888888,991671,750345,231781,151036,80745,50388,30357,9545,1007264,826395,811143,534186,276957,15252,180869,180869,46218,134651,196121,15252,2066,13186,180869,80696,100173,180869,11351,43247,5181,829,117338,2923,931832,636591,295241,130112,228063,109323,26847,5434,35031,14033,5300,1322,1007264,38811,5453,10789,4126,9781,93642,30365,4483,137489,3025,2547,89224,28006,1625,8921,15317,1866,7131,23312,24214,824,7481,11806,2472,1466,7260,1445
2011,Collingsworth County; Texas,1207,767,357,579,250,32,6,156,101,440,422,246,417,442,2.43,3.16,2930,1207,591,863,206,63,39,1084,260,639,9,68,108,1153,176,648,59,187,83,50,30,188,93,0,171,0,98,51,9,48,087,0,7,35,51,30,44,677,24,56,399,123,75,1952,304,212,626,378,74,275,83,-888888888,-888888888,2159,236,-888888888,-888888888,-888888888,-888888888,-888888888,-888888888,-888888888,-888888888,2980,2631,347,128,219,84,135,2,3036,2719,2715,2023,692,4,317,317,62,255,321,4,0,4,317,95,222,317,2,5,0,0,310,0,2728,1893,835,322,800,308,20,14,15,0,0,0,3036,211,0,6,10,26,189,27,0,307,0,0,337,24,16,4,0,0,0,28,34,0,4,0,0,0,8,0
2011,Erath County; Texas,14075,8690,3484,7134,2585,415,157,1141,742,5385,3869,1378,3957,3057,2.53,3.13,35544,14075,7045,9500,1990,2934,679,14817,5658,7599,168,181,1211,15918,5160,7628,310,1389,1431,394,101,18,38,6,68,16,706,263,39,48,143,51,87,86,263,165,220,12537,634,484,3523,2126,5770,21726,2072,2080,5878,5300,1071,3530,1795,-888888888,-888888888,29229,2537,-888888888,-888888888,-888888888,-888888888,-888888888,-888888888,-888888888,-888888888,37116,29315,7695,4168,3527,2990,537,106,37525,33876,33574,27026,6548,302,3649,3649,975,2674,3951,302,48,254,3649,1550,2099,3649,200,143,22,0,3218,66,35139,29348,5791,2289,5480,2214,165,18,146,57,0,0,37525,2864,38,285,40,641,3142,753,48,4957,81,29,4600,405,0,291,349,93,33,894,782,7,4,268,67,7,203,13
2011,Motley County; Texas,415,247,74,204,60,27,14,16,0,168,163,96,77,184,2.48,3.40,1030,415,220,320,52,23,18,472,157,236,0,25,54,372,51,190,0,85,46,4,0,0,28,0,0,48,0,0,0,48,345,0,0,0,0,0,0,199,13,8,96,77,5,720,48,63,307,129,47,88,38,-888888888,-888888888,805,100,-888888888,-888888888,-888888888,-888888888,-888888888,-888888888,-888888888,-888888888,1030,962,68,0,68,33,35,0,1030,1009,1007,845,162,2,21,21,6,15,23,2,0,2,21,6,15,21,0,1,0,0,20,0,963,891,72,20,71,20,0,0,1,0,0,0,1030,69,0,0,2,16,173,26,0,156,0,0,157,0,0,0,2,0,0,9,97,0,11,0,0,0,13,13
2011,Coleman County; Texas,3568,2442,767,1873,552,170,33,399,182,1126,1052,499,885,1260,2.43,2.97,8657,3568,1879,2083,855,272,60,3675,955,2147,26,92,455,3612,372,2154,49,530,507,47,32,49,28,44,60,0,176,101,34,48,083,12,33,22,101,70,74,1626,71,97,768,472,218,6126,393,830,2392,1377,273,645,216,-888888888,-888888888,6885,873,-888888888,-888888888,-888888888,-888888888,-888888888,-888888888,-888888888,-888888888,8634,7956,672,312,360,204,156,6,8840,8666,8603,7183,1420,63,174,174,72,102,237,63,0,63,174,31,143,174,27,0,0,2,145,0,8290,7906,384,122,329,122,36,0,8,0,11,0,8840,868,0,25,0,100,1953,141,0,1088,8,0,1022,38,0,0,19,2,2,68,136,0,0,2,10,0,34,19
2011,Medina County; Texas,15350,12155,5131,9429,3815,754,261,1972,1055,3195,2748,1199,5927,4149,2.80,3.17,42937,15350,9390,13987,2964,1246,494,18380,5473,10733,300,528,1346,17517,3432,10044,554,1628,1859,819,193,44,81,22,196,18,1522,801,154,48,325,221,70,356,801,462,670,12196,611,744,5531,3037,2273,29470,3281,2752,8495,7138,2128,3982,1694,-888888888,-888888888,33644,4319,-888888888,-888888888,-888888888,-888888888,-888888888,-888888888,-888888888,-888888888,44970,39697,5262,2414,2848,2298,550,11,45559,42930,42329,35431,6898,601,2629,2629,980,1649,3230,601,30,571,2629,607,2022,2629,137,161,3,0,2316,12,42585,26925,15660,4071,15290,4042,326,7,41,22,3,0,45559,3184,23,215,58,497,2779,1161,149,8604,12,13,3294,286,44,207,1076,39,169,835,729,0,165,408,62,0,107,54
2011,Henderson County; Texas,30552,21018,7530,16508,5287,1152,565,3358,1678,9534,7969,3372,9034,10153,2.52,3.04,77100,30552,16403,20387,6089,3669,1086,30794,7150,17965,548,1331,3800,32726,5700,17637,980,4271,4138,1201,428,55,71,29,157,20,2789,1802,317,48,213,516,306,663,1802,1009,1599,18027,873,1097,8238,3940,3879,54141,4268,6675,18658,12497,4180,5135,2728,-888888888,-888888888,60354,8007,-888888888,-888888888,-888888888,-888888888,-888888888,-888888888,-888888888,-888888888,77458,65433,11875,6340,5535,4577,958,150,78394,74120,73842,56167,17675,278,4274,4274,1185,3089,4552,278,18,260,4274,1263,3011,4274,405,256,19,0,3540,54,73693,66965,6728,2950,6125,2755,425,63,176,132,2,0,78394,26084,43,145,93,1171,6749,1468,223,6568,74,87,6780,1040,36,283,628,29,131,1330,1415,29,142,324,97,0,243,152
2011,Lamar County; Texas,19045,13731,5758,10449,3932,975,426,2307,1400,5314,4763,2289,6590,5676,2.54,3.02,48333,19045,10484,14283,2955,1566,759,18893,4631,11406,391,636,1829,20842,4304,10916,737,2327,2558,750,357,66,64,97,101,27,1283,637,151,48,277,134,27,325,637,433,457,12307,845,699,5331,2897,2535,32891,1875,4079,11192,7524,2723,3624,1874,-888888888,-888888888,37444,4074,-888888888,-888888888,-888888888,-888888888,-888888888,-888888888,-888888888,-888888888,48915,39891,8866,6124,2742,1497,1245,158,49681,47478,47238,36608,10630,240,2203,2203,526,1677,2443,240,64,176,2203,775,1428,2203,189,259,22,0,1559,174,46443,43150,3293,1254,2289,909,825,223,155,122,24,0,49681,6168,39,78,92,936,4129,762,61,6170,44,41,6242,595,0,106,274,5,95,996,458,0,521,161,110,81,372,180
2011,Kimble County; Texas,1839,1160,402,942,284,63,19,155,99,679,604,228,419,663,2.44,3.17,4481,1839,902,1274,341,125,75,1939,449,1127,49,23,291,1845,285,965,0,323,272,40,20,62,53,48,107,31,94,38,8,48,267,12,0,18,38,20,30,884,0,50,540,239,55,3300,433,301,1073,676,136,419,262,-888888888,-888888888,3604,424,-888888888,-888888888,-888888888,-888888888,-888888888,-888888888,-888888888,-888888888,4553,3983,570,189,381,370,11,0,4578,4106,4073,3548,525,33,472,472,193,279,505,33,0,33,472,110,362,472,0,96,0,0,376,0,4439,3360,1079,396,971,356,108,40,0,0,0,0,4578,1308,0,13,5,82,294,115,16,526,0,2,404,18,0,0,0,0,0,82,15,0,0,47,12,0,10,8
2011,Washington County; Texas,12613,8484,3281,6595,2324,454,191,1435,766,4129,3710,1943,3676,4178,2.49,3.11,31453,12613,6581,8808,2538,913,322,13186,4371,7243,188,590,794,13961,3133,6948,368,2170,1342,653,357,101,89,71,182,21,510,239,38,48,477,30,0,171,239,137,191,7920,522,329,3249,1619,2201,22287,1876,2439,6763,4020,1513,3993,1683,-888888888,-888888888,25799,2516,-888888888,-888888888,-888888888,-888888888,-888888888,-888888888,-888888888,-888888888,32875,27722,4893,2857,2036,1915,121,260,33261,31231,31101,25581,5520,130,2030,2030,524,1506,2160,130,0,130,2030,1008,1022,2030,157,404,11,34,1413,11,31234,27615,3619,1417,2888,1230,497,138,230,49,4,0,33261,1230,71,666,47,190,2389,622,18,9156,11,0,2281,549,13,103,1706,0,85,547,439,16,67,205,195,10,71,69
2011,Stephens County; Texas,3598,2508,1111,1958,786,241,124,309,201,1090,998,467,1279,1183,2.45,2.97,8820,3598,1964,2455,534,269,122,4023,1153,2133,95,114,528,3769,537,2218,61,562,391,149,28,40,79,42,162,21,247,175,8,48,429,41,5,121,175,106,139,1973,91,93,974,581,234,6470,481,833,2166,1778,474,605,133,-888888888,-888888888,7334,785,-888888888,-888888888,-888888888,-888888888,-888888888,-888888888,-888888888,-888888888,9436,7300,2068,926,1142,1024,118,68,9579,9063,9042,7553,1489,21,516,516,121,395,537,21,0,21,516,196,320,516,0,30,0,0,486,0,8970,7703,1267,613,1178,590,10,0,79,23,0,0,9579,1130,10,48,0,212,641,55,0,994,0,0,980,45,0,15,19,0,16,139,139,0,32,13,0,0,27,27
2011,Andrews County; Texas,5193,3975,1792,2911,1204,460,182,604,406,1218,1128,642,1985,1270,2.78,3.19,14437,5193,2874,5037,791,542,297,5365,1423,3146,101,180,515,5555,1184,3063,206,567,535,183,87,55,52,96,36,48,385,257,90,48,003,131,0,36,257,134,215,3960,316,305,1819,1100,420,8783,1316,1050,2476,2348,375,974,244,-888888888,-888888888,10232,817,-888888888,-888888888,-888888888,-888888888,-888888888,-888888888,-888888888,-888888888,14307,12389,1861,996,865,569,296,57,14500,12576,12511,9297,3214,65,1924,1924,411,1513,1989,65,3,62,1924,461,1463,1924,0,67,0,0,1857,0,13276,8237,5039,1916,4950,1851,2,0,87,65,0,0,14500,893,0,0,5,133,766,354,35,874,0,0,1234,104,0,29,25,0,0,112,298,0,0,37,0,0,22,0
2011,Gonzales County; Texas,7075,5159,2175,3741,1415,389,153,1029,607,1916,1708,955,2557,2239,2.74,3.28,19364,7075,3753,6215,1791,530,301,7567,2134,4315,138,229,751,7589,1685,4037,154,958,755,358,112,59,85,66,179,11,713,407,18,48,177,84,98,207,407,220,338,4669,256,373,2301,1275,464,12593,2430,1477,4185,2547,342,1126,486,-888888888,-888888888,14316,1350,-888888888,-888888888,-888888888,-888888888,-888888888,-888888888,-888888888,-888888888,19362,17227,2096,1481,615,559,56,39,19686,17007,16895,15529,1366,112,2679,2679,569,2110,2791,112,10,102,2679,1157,1522,2679,33,29,7,0,2610,0,18175,10877,7298,2384,7018,2350,251,34,29,0,0,0,19686,435,127,1301,0,140,1362,291,28,3497,22,0,2492,73,0,29,186,0,2,597,316,0,25,17,0,0,53,175
2011,Lynn County; Texas,2136,1656,681,1193,460,91,19,372,202,480,428,178,783,642,2.68,3.03,5730,2136,1186,1830,348,230,144,2361,682,1311,16,70,282,2263,456,1209,60,241,297,55,20,32,42,0,106,12,147,98,3,48,305,18,0,77,98,61,68,1422,90,48,744,436,104,3825,535,378,1399,749,152,469,143,-888888888,-888888888,4338,268,-888888888,-888888888,-888888888,-888888888,-888888888,-888888888,-888888888,-888888888,5887,4943,937,437,500,450,50,7,5927,5516,5497,4935,562,19,411,411,167,244,430,19,0,19,411,67,344,411,9,44,0,0,355,3,5506,3575,1931,678,1792,549,103,93,36,36,0,0,5927,222,0,5,0,82,682,172,0,719,5,2,408,88,0,0,4,0,3,123,91,0,0,21,7,0,0,70
2011,Zapata County; Texas,4282,3660,1998,2505,1295,59,27,1096,676,622,517,228,2415,1129,3.23,3.52,13826,4282,2477,5291,1437,339,246,4803,1425,2805,168,149,256,5183,1146,2851,139,566,481,427,116,78,125,22,232,37,597,316,47,48,505,154,29,86,316,179,316,3942,490,185,1987,890,390,7690,2230,1107,2274,1068,263,517,231,-888888888,-888888888,9191,435,-888888888,-888888888,-888888888,-888888888,-888888888,-888888888,-888888888,-888888888,13617,12153,1464,1014,450,177,273,0,13853,10681,10491,9267,1224,190,3172,3172,799,2373,3362,190,27,163,3172,872,2300,3172,44,0,0,0,3128,0,12379,1744,10635,4355,10634,4355,1,0,0,0,0,0,13853,290,0,19,0,104,361,1,0,403,0,0,268,0,0,12,0,0,0,15,0,0,0,0,31,0,0,0
2011,Hood County; Texas,20916,15272,5640,12729,4254,639,332,1904,1054,5644,4809,2113,6179,6996,2.39,2.78,49950,20916,12745,12307,2095,1887,903,20510,3893,13541,172,677,2227,21357,2951,13281,285,2181,2659,614,106,27,60,29,129,22,981,600,253,48,221,73,157,117,600,328,517,9821,502,533,4488,2701,1597,36267,1731,3439,10178,10320,2041,5785,2773,-888888888,-888888888,39708,6012,-888888888,-888888888,-888888888,-888888888,-888888888,-888888888,-888888888,-888888888,50053,41321,8465,4748,3717,2458,1259,267,50569,47878,47388,31510,15878,490,2691,2691,1079,1612,3181,490,30,460,2691,847,1844,2691,259,220,16,0,2102,94,47683,43331,4352,1638,3846,1579,317,25,189,34,0,0,50569,5354,0,238,77,1025,6647,1549,78,7738,50,148,8362,1105,44,324,411,43,155,1382,1576,34,19,482,26,50,527,143
2011,King County; Texas,100,78,20,78,20,0,0,0,0,22,22,5,20,14,2.48,2.73,248,100,78,47,10,13,0,113,13,80,0,0,20,111,13,79,0,19,0,0,0,0,0,0,0,0,0,0,0,48,269,0,0,0,0,0,0,34,0,0,16,14,4,208,13,18,42,65,9,49,12,-888888888,-888888888,215,6,-888888888,-888888888,-888888888,-888888888,-888888888,-888888888,-888888888,-888888888,253,223,30,0,30,29,1,0,253,220,211,162,49,9,33,33,29,4,42,9,0,9,33,23,10,33,0,7,0,0,26,0,240,214,26,16,17,7,9,9,0,0,0,0,253,3,9,0,0,0,44,11,0,28,0,0,37,1,0,0,0,0,0,13,0,0,0,0,0,0,0,0
2011,Cherokee County; Texas,16989,12388,5068,9171,3582,784,284,2433,1202,4601,3967,1782,6072,4948,2.79,3.30,47442,16989,9140,15074,4255,1984,633,20135,6166,10387,386,646,2550,19399,4406,9751,594,2675,1973,649,226,42,60,13,112,32,1287,636,109,48,073,151,52,324,636,387,497,12602,577,711,6248,2841,2225,32561,3315,4882,12018,6412,2065,2709,1160,-888888888,-888888888,37369,3752,-888888888,-888888888,-888888888,-888888888,-888888888,-888888888,-888888888,-888888888,49600,42958,6571,3275,3296,2920,376,71,50427,45476,45323,38363,6960,153,4951,4951,683,4268,5104,153,3,150,4951,1477,3474,4951,70,178,7,23,4657,16,46811,39650,7161,3687,6851,3593,121,10,169,84,20,0,50427,3084,84,209,50,559,8927,1091,48,4501,4,65,6668,697,14,153,159,0,209,943,753,8,206,135,0,0,182,26
2011,Delta County; Texas,2023,1239,443,975,250,64,48,200,145,784,681,316,501,684,2.53,3.33,5112,2023,979,1678,226,206,110,2015,493,1087,44,119,272,2164,519,1053,57,298,237,81,58,104,72,39,191,11,101,38,18,48,119,4,0,16,38,10,34,1288,112,17,627,306,226,3480,176,377,1372,1029,104,302,120,-888888888,-888888888,3982,505,-888888888,-888888888,-888888888,-888888888,-888888888,-888888888,-888888888,-888888888,5142,4643,499,195,304,294,10,0,5220,5106,5099,3995,1104,7,114,114,5,109,121,7,7,0,114,49,65,114,8,11,0,0,95,0,4890,4671,219,119,192,114,21,0,0,0,6,5,5220,1056,16,10,6,31,475,125,3,668,0,0,970,15,0,9,2,0,8,50,142,0,0,144,0,0,22,0
2011,Jones County; Texas,5910,3845,1592,3020,1197,158,51,667,344,2065,1783,1024,1726,2001,2.29,2.92,13538,5910,3033,3848,499,248,185,10846,4629,3923,315,279,1700,6261,787,3396,187,925,966,171,17,14,52,0,111,29,225,96,14,48,253,22,18,42,96,57,70,3970,207,148,1621,1518,476,14633,1733,2844,4993,3139,550,910,464,-888888888,-888888888,16321,1879,-888888888,-888888888,-888888888,-888888888,-888888888,-888888888,-888888888,-888888888,19956,15577,4329,828,3501,3127,374,50,20140,19183,18985,15024,3961,198,957,957,221,736,1155,198,0,198,957,268,689,957,38,45,0,0,874,0,19264,15304,3960,1654,3779,1565,115,58,66,31,0,0,20140,983,42,20,16,300,1282,218,4,2077,6,0,1651,246,0,39,94,12,21,114,288,0,111,254,14,9,88,82
2011,Jim Wells County; Texas,13541,10105,5167,7062,3183,676,372,2367,1612,3436,3052,1294,5859,3617,2.96,3.52,40149,13541,7087,14689,3639,1193,633,15115,4775,8022,517,439,1362,15806,3887,7605,640,1810,1864,768,316,65,81,115,137,17,1723,876,188,48,249,70,249,369,876,448,783,11447,926,631,5574,2708,1608,24890,3859,3897,8121,5087,1235,1524,1167,-888888888,-888888888,28833,2208,-888888888,-888888888,-888888888,-888888888,-888888888,-888888888,-888888888,-888888888,40089,34113,5934,3305,2629,2242,387,42,40821,39414,39314,35820,3494,100,1407,1407,659,748,1507,100,15,85,1407,392,1015,1407,41,112,3,0,1240,11,37413,16638,20775,4560,20498,4486,199,52,4,0,74,22,40821,1557,74,527,14,152,757,624,10,3566,34,0,2045,157,0,3,131,0,32,229,135,5,0,33,7,5,59,0
2011,Dallam County; Texas,2172,1668,803,1242,604,122,51,304,148,504,457,140,931,409,3.01,3.49,6546,2172,1254,2353,552,215,82,2526,735,1418,42,54,277,2434,608,1284,70,214,258,142,30,42,89,0,181,32,191,120,0,48,111,0,52,68,120,87,69,1783,108,240,799,458,178,3884,653,354,1473,916,153,229,106,-888888888,-888888888,4602,292,-888888888,-888888888,-888888888,-888888888,-888888888,-888888888,-888888888,-888888888,6473,5052,1144,498,646,356,290,277,6605,5516,5385,3750,1635,131,1089,1089,204,885,1220,131,7,124,1089,489,600,1089,28,46,0,0,1015,0,5991,4005,1986,1033,1666,769,277,223,43,41,0,0,6605,293,0,4,7,141,686,111,5,1532,0,10,613,135,0,30,38,0,13,283,27,0,0,174,21,0,15,0
2011,Fort Bend County; Texas,177980,148169,80783,118551,64279,8425,4051,21193,12453,29811,25491,6413,88174,28574,3.14,3.47,558637,177980,118488,203798,44047,14324,5074,206805,60105,128385,3212,2690,12413,220217,53652,128471,4983,13119,19992,8629,1734,28,58,18,115,30,16199,5477,1068,48,157,1574,711,2124,5477,3294,4247,173510,11456,10765,76031,38494,36764,351806,19785,20451,68103,77776,22671,95233,47787,-888888888,-888888888,397133,25362,-888888888,-888888888,-888888888,-888888888,-888888888,-888888888,-888888888,-888888888,557849,491231,61895,25600,36295,27332,8963,4723,565295,424011,418193,289451,128742,5818,141284,141284,71314,69970,147102,5818,1313,4505,141284,43951,97333,141284,6547,70731,10666,233,50872,2235,522761,327725,195036,69350,97827,36296,35226,9411,51426,21140,10557,2503,565295,22731,4756,8707,1242,3664,31831,12964,1426,52835,1890,799,30396,12957,456,2816,6854,707,1592,6173,6414,304,13419,2548,736,801,1905,3618
2011,Irion County; Texas,607,438,184,372,140,19,19,47,25,169,167,87,215,180,2.51,3.08,1525,607,358,433,120,7,3,662,163,372,10,37,80,566,40,391,0,67,68,0,0,0,0,0,0,0,79,40,0,48,235,0,18,22,40,19,40,324,31,33,180,42,38,1132,71,144,468,253,74,101,21,-888888888,-888888888,1194,204,-888888888,-888888888,-888888888,-888888888,-888888888,-888888888,-888888888,-888888888,1526,1447,79,43,36,11,25,0,1526,1503,1491,1274,217,12,23,23,6,17,35,12,0,12,23,0,23,23,0,6,0,0,17,0,1471,1140,331,65,325,62,0,0,6,3,0,0,1526,84,0,0,0,11,111,72,33,188,0,0,181,101,0,8,10,0,0,41,10,0,0,0,0,0,0,0
2011,Willacy County; Texas,5309,4113,1896,2674,1274,346,151,1093,471,1196,1106,611,2365,1815,3.79,4.52,20110,5309,2686,8764,3024,327,54,9433,3958,3961,373,220,921,7678,2618,2940,433,843,844,224,65,23,47,17,95,16,765,216,102,48,489,7,14,93,216,136,151,5988,232,569,2553,1644,990,13452,3645,1703,4304,2034,531,815,420,-888888888,-888888888,15947,1069,-888888888,-888888888,-888888888,-888888888,-888888888,-888888888,-888888888,-888888888,21637,20026,1581,139,1442,1344,98,30,21894,18436,18248,16337,1911,188,3458,3458,1203,2255,3646,188,108,80,3458,591,2867,3458,17,0,0,0,3441,0,20316,11232,9084,3636,8998,3616,38,0,20,20,28,0,21894,377,7,49,12,53,389,61,0,650,29,2,244,58,0,64,35,0,0,103,63,0,15,9,0,7,12,52
2011,Dawson County; Texas,4373,3125,1258,2421,940,209,83,495,235,1248,1178,616,1385,1359,2.62,3.17,11471,4373,2425,3856,515,302,192,6548,2777,2803,148,81,739,4492,699,2584,67,552,590,193,52,58,81,0,214,14,219,106,51,48,115,22,9,24,106,77,47,3402,264,136,1567,1069,366,9001,1627,1250,3132,1912,313,512,255,-888888888,-888888888,10413,573,-888888888,-888888888,-888888888,-888888888,-888888888,-888888888,-888888888,-888888888,13653,11253,2395,823,1572,1453,119,5,13805,12831,12757,11456,1301,74,974,974,300,674,1048,74,0,74,974,226,748,974,0,4,0,0,970,0,12823,8053,4770,1482,4616,1434,154,48,0,0,0,0,13805,675,0,12,0,40,610,113,0,1103,13,0,907,131,0,61,5,19,0,116,140,0,128,2,0,0,45,7
2011,Burleson County; Texas,6490,4585,1734,3575,1335,359,164,651,235,1905,1742,760,2041,2172,2.60,3.14,16857,6490,3588,4605,1630,544,155,6779,1691,4019,20,222,827,7033,1243,3769,94,845,1082,180,57,32,49,0,108,18,333,158,66,48,051,24,11,57,158,94,125,3975,317,270,1835,997,556,11767,1126,1661,4567,2539,550,936,388,-888888888,-888888888,13019,1351,-888888888,-888888888,-888888888,-888888888,-888888888,-888888888,-888888888,-888888888,16991,14981,1987,820,1167,867,300,23,17109,15824,15582,12755,2827,242,1285,1285,73,1212,1527,242,24,218,1285,452,833,1285,75,62,0,0,1124,24,16028,13857,2171,1047,1973,950,165,97,33,0,0,0,17109,741,16,1666,8,118,828,462,35,3614,0,0,1566,149,0,125,170,0,0,232,310,0,19,146,0,0,86,0
2011,Nueces County; Texas,121969,82879,37561,54955,22421,6997,3254,20927,11886,39090,31801,9870,44276,28918,2.71,3.31,331097,121969,54938,108780,27889,17521,8065,128231,46290,61196,3038,3400,14307,135989,38844,59034,4536,13690,19885,4693,2046,43,56,38,103,15,10799,5243,1332,48,355,1220,822,1869,5243,3275,3770,92220,5401,4662,39407,19577,23173,214075,21350,23246,57189,53703,14577,27239,16771,-888888888,-888888888,246848,28600,-888888888,-888888888,-888888888,-888888888,-888888888,-888888888,-888888888,-888888888,332751,266723,64399,44258,20141,13207,6934,1629,337182,311967,307552,250736,56816,4415,25215,25215,10437,14778,29630,4415,894,3521,25215,6723,18492,25215,1913,4601,207,204,17903,387,313052,186909,126143,38390,118760,36009,3007,653,3792,1614,584,114,337182,11236,919,2488,450,2553,16976,6818,733,32837,772,117,19971,5862,201,1552,3534,259,835,4690,4460,133,937,1802,179,122,895,429
2011,Rains County; Texas,4079,3070,898,2417,579,268,136,385,183,1009,870,389,1057,1487,2.67,3.04,10883,4079,2440,3238,590,536,128,4563,1174,2659,72,206,452,4507,919,2447,99,479,563,65,51,42,29,20,82,0,349,161,41,48,379,7,16,97,161,81,129,2241,176,99,1055,607,304,7830,422,1017,3035,1985,331,759,281,-888888888,-888888888,8606,1197,-888888888,-888888888,-888888888,-888888888,-888888888,-888888888,-888888888,-888888888,10902,9325,1577,724,853,815,38,0,10994,10559,10466,8084,2382,93,435,435,175,260,528,93,0,93,435,162,273,435,35,42,0,0,344,14,10436,9676,760,249,678,235,42,11,33,0,7,3,10994,796,14,139,0,199,1200,663,19,2246,14,3,1806,187,0,71,223,0,37,387,183,0,0,58,0,0,8,30
2011,Real County; Texas,1334,950,244,718,158,111,32,121,54,384,336,120,326,633,2.42,2.88,3231,1334,721,682,381,113,21,1402,256,857,55,65,169,1380,165,837,0,246,132,13,0,0,25,0,97,0,88,70,17,48,385,0,16,37,70,43,16,639,24,14,344,178,79,2447,265,353,630,610,181,298,110,-888888888,-888888888,2612,366,-888888888,-888888888,-888888888,-888888888,-888888888,-888888888,-888888888,-888888888,3297,2855,440,142,298,266,32,2,3314,3127,3098,2483,615,29,187,187,65,122,216,29,0,29,187,67,120,187,0,8,0,0,179,0,3161,2592,569,191,561,183,0,0,8,8,0,0,3314,599,0,20,0,115,338,134,0,682,0,0,574,55,0,45,9,0,0,231,153,0,0,13,18,0,37,16
2011,Sterling County; Texas,424,305,123,244,91,0,0,61,32,119,113,68,128,128,2.79,3.40,1184,424,256,416,59,29,18,428,141,264,0,0,23,505,57,264,12,102,70,19,0,0,82,0,221,0,12,2,0,48,431,0,0,2,2,2,0,237,6,4,160,61,6,796,108,115,261,149,20,104,39,-888888888,-888888888,891,46,-888888888,-888888888,-888888888,-888888888,-888888888,-888888888,-888888888,-888888888,1191,967,224,61,163,43,120,0,1216,1092,1089,922,167,3,124,124,18,106,127,3,0,3,124,21,103,124,9,0,0,0,115,0,1112,758,354,187,350,187,4,0,0,0,0,0,1216,158,0,4,3,38,70,27,0,108,0,0,103,13,0,0,0,0,0,10,20,0,0,8,2,0,0,0
2011,Carson County; Texas,2347,1818,664,1587,532,67,56,164,76,529,504,262,724,709,2.63,3.03,6165,2347,1608,1808,277,125,51,2422,447,1676,28,132,139,2515,344,1590,101,243,237,50,28,66,38,63,26,39,98,34,16,48,065,8,6,4,34,17,34,1602,121,84,782,366,249,4262,141,414,1349,1086,272,698,302,-888888888,-888888888,4642,513,-888888888,-888888888,-888888888,-888888888,-888888888,-888888888,-888888888,-888888888,6195,5205,990,396,594,566,28,0,6254,6109,6080,4763,1317,29,145,145,85,60,174,29,0,29,145,16,129,145,47,2,0,0,94,2,5914,5478,436,94,410,94,19,0,7,0,0,0,6254,356,38,3,0,188,591,137,6,1187,6,0,848,44,0,77,194,0,0,196,168,0,0,35,0,0,8,24
2011,Freestone County; Texas,6972,4507,1732,3670,1396,206,36,631,300,2465,2039,1035,1927,2404,2.59,3.31,18040,6972,3697,5531,1183,657,271,8351,2303,4241,188,272,1347,7404,1563,3850,149,1023,819,235,81,44,60,87,127,0,378,261,85,48,161,30,34,112,261,155,220,4755,383,274,2059,1178,861,13620,930,1733,4999,3006,1111,1275,566,-888888888,-888888888,14929,1730,-888888888,-888888888,-888888888,-888888888,-888888888,-888888888,-888888888,-888888888,19300,16199,2974,916,2058,1844,214,127,19573,18651,18643,15859,2784,8,922,922,85,837,930,8,1,7,922,363,559,922,18,55,0,0,797,52,18367,16613,1754,641,1716,629,18,0,20,12,0,0,19573,1179,0,67,91,614,2647,719,12,2081,0,0,2850,168,0,125,43,11,36,345,193,0,22,81,0,0,47,43
2011,Hardeman County; Texas,1692,1198,497,912,316,79,43,207,138,494,449,226,599,664,2.43,2.93,4110,1692,902,1028,384,104,55,1624,318,934,26,64,282,1665,206,1003,34,226,196,135,17,65,162,0,291,123,228,143,23,48,197,98,4,18,143,80,111,848,34,78,433,175,128,2875,269,277,1181,494,151,347,156,-888888888,-888888888,3154,451,-888888888,-888888888,-888888888,-888888888,-888888888,-888888888,-888888888,-888888888,4059,3411,648,295,353,339,14,0,4181,4060,4003,3295,708,57,121,121,38,83,178,57,0,57,121,11,110,121,8,20,1,0,92,0,3860,3391,469,183,445,160,4,3,20,20,0,0,4181,556,1,19,31,20,539,43,25,580,3,0,619,0,0,0,2,0,0,102,52,0,2,24,0,0,50,12
2011,Briscoe County; Texas,656,455,178,368,130,11,5,76,43,201,186,106,192,242,2.62,3.25,1718,656,357,610,59,36,20,692,221,381,8,31,51,703,135,376,27,92,73,12,9,48,31,0,105,0,19,0,0,48,045,0,0,0,0,0,0,342,17,36,143,117,29,1185,112,112,392,297,104,123,45,-888888888,-888888888,1322,143,-888888888,-888888888,-888888888,-888888888,-888888888,-888888888,-888888888,-888888888,1697,1643,54,17,37,27,10,0,1718,1589,1573,1265,308,16,129,129,8,121,145,16,13,3,129,57,72,129,7,4,0,5,112,1,1589,1281,308,87,304,85,0,0,4,2,0,0,1718,140,0,6,0,32,142,29,0,280,0,0,402,0,0,50,4,0,0,9,51,0,2,0,0,0,4,38
2011,Liberty County; Texas,24217,18098,8114,13633,5739,1227,597,3238,1778,6119,5355,2353,9717,6114,2.88,3.37,69709,24217,13617,22492,6839,2544,1312,28947,8303,15345,1078,717,3504,30433,7278,14836,1342,3217,3760,1437,634,66,74,35,154,14,3005,1614,403,48,291,319,220,672,1614,940,1347,18768,1147,1059,8794,4880,2888,48690,4287,7824,17924,12229,2273,2921,1232,-888888888,-888888888,55791,5990,-888888888,-888888888,-888888888,-888888888,-888888888,-888888888,-888888888,-888888888,74199,59472,14404,5580,8824,7679,1145,323,75317,70309,69940,55522,14418,369,5008,5008,1225,3783,5377,369,136,233,5008,1122,3886,5008,177,289,52,33,4431,26,70128,59417,10711,3812,9872,3551,717,220,103,41,19,0,75317,5137,74,932,60,767,5354,5043,355,10571,34,44,10115,1753,0,224,1249,33,124,1606,1180,16,126,432,44,25,297,287
2011,Loving County; Texas,27,18,0,18,0,0,0,0,0,9,3,0,0,0,2.30,1.89,62,27,16,0,0,19,0,47,25,19,0,0,3,15,0,15,0,0,0,0,0,-666666666,0,-666666666,0,0,0,0,0,48,301,0,0,0,0,0,0,0,0,0,0,0,0,56,4,0,44,5,0,0,3,-888888888,-888888888,62,0,-888888888,-888888888,-888888888,-888888888,-888888888,-888888888,-888888888,-888888888,62,48,14,11,3,3,0,0,62,62,62,48,14,0,0,0,0,0,0,0,0,0,0,0,0,0,0,0,0,0,0,0,62,62,0,0,0,0,0,0,0,0,0,0,62,0,0,0,0,0,4,0,0,0,0,0,2,0,0,0,0,0,0,0,0,0,0,0,0,0,0,0
2011,Robertson County; Texas,5971,4311,1874,2948,1084,276,138,1087,652,1660,1448,614,2098,1877,2.74,3.29,16355,5971,2979,5411,1464,530,213,6426,2009,3320,168,209,720,6716,1567,3152,188,852,957,213,46,23,60,0,153,4,450,130,33,48,395,69,3,25,130,83,122,4096,321,227,1897,1165,486,10973,1204,1421,4023,2104,565,1267,389,-888888888,-888888888,12329,1292,-888888888,-888888888,-888888888,-888888888,-888888888,-888888888,-888888888,-888888888,16370,14513,1815,884,931,796,135,42,16606,15413,15364,13205,2159,49,1193,1193,197,996,1242,49,16,33,1193,564,629,1193,2,75,42,0,1074,0,15433,12910,2523,1204,2186,1069,99,3,196,90,42,42,16606,1176,3,321,3,175,1566,366,11,2098,19,0,1592,317,0,36,739,0,0,404,407,0,42,41,11,17,61,118
2011,Rusk County; Texas,17994,13004,5434,10194,3921,740,391,2070,1122,4990,4425,1895,6223,5085,2.66,3.17,47835,17994,10248,14638,3325,1630,691,22642,6418,11592,673,902,3057,19935,3889,10923,378,2290,2455,659,283,57,59,100,102,8,1521,968,221,48,401,171,207,369,968,556,781,12286,901,583,5459,3362,1981,35645,2714,4372,12576,8975,2158,3201,1649,-888888888,-888888888,40379,4523,-888888888,-888888888,-888888888,-888888888,-888888888,-888888888,-888888888,-888888888,52074,41983,10018,3260,6758,6055,703,73,52685,49395,49147,39616,9531,248,3290,3290,598,2692,3538,248,31,217,3290,968,2322,3290,71,170,57,0,2983,9,49264,43216,6048,2250,5759,2156,68,25,182,69,39,0,52685,4800,40,250,21,755,5713,1434,135,5424,7,5,6464,543,0,168,436,82,62,1298,683,19,67,140,99,37,163,146
2011,Trinity County; Texas,4893,3247,618,2648,388,191,60,408,170,1646,1584,777,887,2155,2.93,3.78,14315,4893,2645,4789,1578,410,120,5505,1536,3021,42,323,583,6484,1382,3172,211,972,747,297,113,75,94,191,86,38,526,231,77,48,455,58,31,65,231,129,181,2813,123,117,1391,843,339,10206,983,1113,4636,1931,461,768,314,-888888888,-888888888,11214,1593,-888888888,-888888888,-888888888,-888888888,-888888888,-888888888,-888888888,-888888888,14231,12836,1351,659,692,590,102,44,14511,14018,13983,11283,2700,35,493,493,158,335,528,35,9,26,493,191,302,493,65,62,0,0,353,13,13581,12644,937,441,868,405,7,0,62,36,0,0,14511,3956,0,88,3,296,2661,520,61,1268,29,0,1679,143,0,8,200,0,7,180,346,0,25,56,20,11,48,0
2011,Bandera County; Texas,8377,5935,1967,4860,1467,330,109,745,391,2442,2186,849,2199,2947,2.41,2.89,20187,8377,4858,4990,1345,617,215,8438,1642,5114,73,349,1260,8609,1053,5307,133,857,1259,258,7,5,64,92,173,3,429,259,127,48,019,98,0,34,259,160,156,3935,201,90,2159,927,558,15171,788,1131,4241,4567,1156,2359,929,-888888888,-888888888,16312,3156,-888888888,-888888888,-888888888,-888888888,-888888888,-888888888,-888888888,-888888888,20167,18740,1390,746,644,496,148,37,20424,19679,19553,13358,6195,126,745,745,364,381,871,126,76,50,745,124,621,745,121,89,0,2,466,67,19417,17179,2238,433,2007,360,144,15,87,58,0,0,20424,1613,109,316,72,342,3563,1319,41,4571,165,17,3236,510,15,74,574,48,151,500,1130,0,0,282,30,0,159,46
2011,Childress County; Texas,2088,1524,730,1171,440,119,98,234,192,564,492,297,801,642,2.59,3.01,5403,2088,1165,1529,373,248,147,3613,1593,1398,63,124,435,2121,390,1303,8,202,218,130,10,21,108,0,219,18,168,130,22,48,075,67,0,41,130,72,130,1614,128,41,807,368,270,4466,264,437,1826,1006,224,510,199,-888888888,-888888888,5506,363,-888888888,-888888888,-888888888,-888888888,-888888888,-888888888,-888888888,-888888888,6989,5637,1328,424,904,710,194,24,7069,6748,6623,5620,1003,125,321,321,117,204,446,125,0,125,321,37,284,321,13,86,0,0,222,0,6701,5624,1077,206,1030,196,21,10,6,0,20,0,7069,514,8,0,0,111,446,110,0,538,0,0,885,145,27,0,27,0,0,73,103,0,11,13,0,0,67,17
2011,Comal County; Texas,40119,30313,12549,25461,9864,1336,720,3516,1965,9806,8169,3353,13968,10977,2.61,2.98,104855,40119,25497,29632,4937,4670,1670,41501,9570,26658,595,868,3810,43891,7996,27000,715,3871,4309,1605,297,32,68,62,134,27,2370,1171,170,48,091,470,113,418,1171,662,914,25022,1606,1427,11532,6504,3953,73289,3741,4419,18202,17817,5253,16286,7571,-888888888,-888888888,80473,12507,-888888888,-888888888,-888888888,-888888888,-888888888,-888888888,-888888888,-888888888,104830,86953,17207,6942,10265,8055,2210,670,106111,99498,98443,67967,30476,1055,6613,6613,2512,4101,7668,1055,151,904,6613,2493,4120,6613,955,645,0,0,4740,273,99959,82691,17268,4977,14674,4703,2057,196,417,67,120,11,106111,7528,271,1147,597,1338,11644,4590,561,28223,260,260,12196,3039,149,803,2042,87,256,2996,2424,83,13,1309,401,252,743,15
2011,Houston County; Texas,7880,5224,1699,3839,1040,193,101,1192,558,2656,2507,1144,2229,2990,2.78,3.53,21938,7880,3805,6550,2869,834,215,10178,3274,5003,550,361,990,9555,2078,4313,388,1755,1021,217,92,39,47,12,104,13,873,649,266,48,225,46,66,271,649,373,553,4792,423,352,2047,1312,658,16855,1610,1987,6819,3303,782,1726,628,-888888888,-888888888,18693,1908,-888888888,-888888888,-888888888,-888888888,-888888888,-888888888,-888888888,-888888888,23395,19205,4123,2197,1926,1444,482,67,23628,22588,22440,18684,3756,148,1040,1040,184,856,1188,148,0,148,1040,545,495,1040,100,40,5,0,856,39,22263,20169,2094,769,1865,705,164,34,64,30,1,0,23628,2088,77,415,29,723,2688,778,47,2601,60,28,3328,208,0,30,108,6,4,619,235,0,150,54,22,15,174,159
2011,Navarro County; Texas,17299,12263,5237,9092,3397,791,375,2380,1465,5036,4197,1908,6167,4860,2.68,3.18,46323,17299,9053,14130,3513,2328,918,18003,5811,9551,271,664,1706,18911,3864,9865,427,2076,2679,759,337,65,69,39,141,19,1640,897,246,48,349,318,51,282,897,558,715,13208,926,814,5850,2739,2879,30356,2806,4215,9940,6752,2131,3122,1390,-888888888,-888888888,34634,3619,-888888888,-888888888,-888888888,-888888888,-888888888,-888888888,-888888888,-888888888,46934,39568,7272,4332,2940,2402,538,94,47621,42449,42251,34897,7354,198,5172,5172,907,4265,5370,198,27,171,5172,1588,3584,5172,75,300,3,0,4789,5,44079,35450,8629,4707,8148,4569,314,87,165,51,2,0,47621,3804,35,490,11,479,4171,853,67,5106,48,99,4932,494,5,437,339,3,54,883,581,0,139,370,6,6,216,30
2011,Scurry County; Texas,6039,4609,1871,3403,1205,250,70,956,596,1430,1324,630,2143,1665,2.46,2.86,14864,6039,3399,4287,894,245,128,7115,2005,3910,234,145,821,6184,1084,3498,197,652,753,294,174,122,84,105,172,0,542,364,94,48,415,81,28,161,364,186,336,4266,281,157,1793,1138,897,10896,1210,1637,2924,2692,712,1199,522,-888888888,-888888888,12587,958,-888888888,-888888888,-888888888,-888888888,-888888888,-888888888,-888888888,-888888888,16487,13385,3091,1614,1477,1080,397,11,16717,15529,15406,13470,1936,123,1188,1188,410,778,1311,123,0,123,1188,361,827,1188,57,118,1,2,1010,0,15477,11375,4102,1404,3944,1403,127,0,20,0,11,1,16717,1351,110,35,28,166,1116,283,20,1997,0,3,1235,157,1,22,10,4,1,213,349,0,34,37,0,0,41,13
2011,Stonewall County; Texas,600,396,110,343,76,27,19,26,15,204,172,73,131,212,2.24,2.79,1341,600,377,299,31,34,32,655,154,385,9,20,87,545,46,355,26,76,42,1,1,16,5,0,12,0,34,30,0,48,433,4,0,26,30,16,26,272,24,18,118,83,29,1048,76,74,337,262,51,177,71,-888888888,-888888888,1117,117,-888888888,-888888888,-888888888,-888888888,-888888888,-888888888,-888888888,-888888888,1396,1302,94,41,53,53,0,0,1396,1382,1377,1156,221,5,14,14,4,10,19,5,0,5,14,0,14,14,0,0,0,0,14,0,1341,1266,75,20,56,15,15,1,0,0,4,4,1396,103,0,0,0,5,242,69,0,178,0,0,164,12,0,0,0,0,3,34,25,7,0,6,0,0,0,0
2011,Bastrop County; Texas,25522,18733,8675,14569,6280,1363,670,2801,1725,6789,5770,2041,9699,5937,2.79,3.25,71144,25522,14586,22513,5006,3517,1252,29343,7666,16444,585,636,4012,28074,5533,15483,755,2231,4072,1172,354,49,70,35,154,22,2210,840,346,48,021,309,68,117,840,495,559,17463,824,709,9119,4287,2524,48594,4482,4690,16166,11674,3422,5394,2766,-888888888,-888888888,53994,7318,-888888888,-888888888,-888888888,-888888888,-888888888,-888888888,-888888888,-888888888,72156,63646,8397,4572,3825,2666,1159,113,73368,65868,65073,48451,16622,795,7500,7500,2114,5386,8295,795,120,675,7500,1845,5655,7500,448,348,15,27,6600,62,68363,51379,16984,6473,16068,6244,418,43,442,154,56,32,73368,2952,97,1633,420,628,6459,2083,59,14149,153,175,7062,974,21,461,901,77,146,1567,1240,15,297,818,63,55,283,89
2011,Bee County; Texas,8507,6053,2544,4109,1481,390,126,1554,937,2454,2129,1076,2917,2522,2.72,3.28,23181,8507,4165,7888,1774,847,429,16249,7505,5576,557,699,1912,9900,2610,4732,432,1068,1058,507,177,59,87,0,167,44,673,335,150,48,025,98,23,64,335,206,282,7235,378,339,3378,1712,1428,21226,2747,3376,6644,5137,1482,1160,680,-888888888,-888888888,24894,2558,-888888888,-888888888,-888888888,-888888888,-888888888,-888888888,-888888888,-888888888,31428,24637,6618,1747,4871,4631,240,173,31916,30475,30303,25993,4310,172,1441,1441,345,1096,1613,172,0,172,1441,322,1119,1441,42,58,0,0,1292,49,29976,19283,10693,2469,10264,2372,183,71,175,19,71,7,31916,627,0,247,15,405,1776,654,114,3325,0,9,2425,401,0,155,150,0,165,409,363,0,12,16,75,0,97,104
2011,Crane County; Texas,1442,1140,558,934,391,84,67,122,100,302,263,117,601,325,2.87,3.25,4134,1442,932,1423,215,122,67,1639,416,963,40,64,156,1618,322,968,35,159,134,66,45,115,67,181,80,9,106,57,14,48,103,22,0,21,57,37,29,1236,64,67,561,363,181,2625,403,355,797,596,119,254,101,-888888888,-888888888,3007,282,-888888888,-888888888,-888888888,-888888888,-888888888,-888888888,-888888888,-888888888,4193,3563,630,339,291,220,71,0,4246,3678,3650,2753,897,28,568,568,220,348,596,28,5,23,568,48,520,568,4,0,0,0,560,4,3916,2260,1656,538,1652,538,4,0,0,0,0,0,4246,151,0,0,0,108,129,98,4,384,0,0,357,7,0,21,0,7,4,47,47,0,18,11,0,0,0,4
