year,county_name,housing_occupancy_total_housing_units,housing_occupancy_total_housing_units_occupied_hou,housing_occupancy_total_housing_units_vacant_housi,housing_occupancy_homeowner_vacancy_rate,housing_occupancy_rental_vacancy_rate,units_in_structure_total_housing_units,units_in_structure_total_housing_units_1_unit_deta,units_in_structure_total_housing_units_1_unit_atta,units_in_structure_total_housing_units_2_units,units_in_structure_total_housing_units_3_or_4_unit,units_in_structure_total_housing_units_5_to_9_unit,units_in_structure_total_housing_units_10_to_19_un,units_in_structure_total_housing_units_20_or_more_,units_in_structure_total_housing_units_mobile_home,units_in_structure_total_housing_units_boat_rv_van,year_structure_built_total_housing_units,year_structure_built_total_housing_units_built_201,year_structure_built_total_housing_units_built_201,year_structure_built_total_housing_units_built_200,year_structure_built_total_housing_units_built_199,year_structure_built_total_housing_units_built_198,year_structure_built_total_housing_units_built_197,year_structure_built_total_housing_units_built_196,year_structure_built_total_housing_units_built_195,year_structure_built_total_housing_units_built_194,year_structure_built_total_housing_units_built_193,rooms_total_housing_units,rooms_total_housing_units_1_room,rooms_total_housing_units_2_rooms,rooms_total_housing_units_3_rooms,rooms_total_housing_units_4_rooms,rooms_total_housing_units_5_rooms,rooms_total_housing_units_6_rooms,rooms_total_housing_units_7_rooms,rooms_total_housing_units_8_rooms,state_fips,county_fips,rooms_total_housing_units_9_rooms_or_more,rooms_total_housing_units_median_rooms,bedrooms_total_housing_units,bedrooms_total_housing_units_no_bedroom,bedrooms_total_housing_units_1_bedroom,bedrooms_total_housing_units_2_bedrooms,bedrooms_total_housing_units_3_bedrooms,bedrooms_total_housing_units_4_bedrooms,bedrooms_total_housing_units_5_or_more_bedrooms,housing_tenure_occupied_housing_units,housing_tenure_occupied_housing_units_owner_occupi,housing_tenure_occupied_housing_units_renter_occup,housing_tenure_average_household_size_of_owner_occ,housing_tenure_average_household_size_of_renter_oc,year_householder_moved_into_unit_occupied_housing_,year_householder_moved_into_unit_occupied_housing_,year_householder_moved_into_unit_occupied_housing_,year_householder_moved_into_unit_occupied_housing_,year_householder_moved_into_unit_occupied_housing_,year_householder_moved_into_unit_occupied_housing_,year_householder_moved_into_unit_occupied_housing_,vehicles_available_occupied_housing_units,vehicles_available_occupied_housing_units_no_vehic,vehicles_available_occupied_housing_units_1_vehicl,vehicles_available_occupied_housing_units_2_vehicl,vehicles_available_occupied_housing_units_3_or_mor,house_heating_fuel_occupied_housing_units,house_heating_fuel_occupied_housing_units_utility_,house_heating_fuel_occupied_housing_units_bottled_,house_heating_fuel_occupied_housing_units_electric,house_heating_fuel_occupied_housing_units_fuel_oil,house_heating_fuel_occupied_housing_units_coal_or_,house_heating_fuel_occupied_housing_units_wood,house_heating_fuel_occupied_housing_units_solar_en,house_heating_fuel_occupied_housing_units_other_fu,house_heating_fuel_occupied_housing_units_no_fuel_,selected_characteristics_occupied_housing_units,selected_characteristics_occupied_housing_units_la,selected_characteristics_occupied_housing_units_la,selected_characteristics_occupied_housing_units_no,occupants_per_room_occupied_housing_units,occupants_per_room_occupied_housing_units_1.00_or_,occupants_per_room_occupied_housing_units_1.01_to_,occupants_per_room_occupied_housing_units_1.51_or_,value_owner_occupied_units,value_owner_occupied_units_less_than_50000,value_owner_occupied_units_50000_to_99999,value_owner_occupied_units_100000_to_149999,value_owner_occupied_units_150000_to_199999,value_owner_occupied_units_200000_to_299999,value_owner_occupied_units_300000_to_499999,value_owner_occupied_units_500000_to_999999,value_owner_occupied_units_1000000_or_more,value_owner_occupied_units_median_dollars,mortgage_status_owner_occupied_units,mortgage_status_owner_occupied_units_housing_units,mortgage_status_owner_occupied_units_housing_units,selected_monthly_owner_costs_smoc_housing_units_wi,selected_monthly_owner_costs_smoc_housing_units_wi,selected_monthly_owner_costs_smoc_housing_units_wi,selected_monthly_owner_costs_smoc_housing_units_wi,selected_monthly_owner_costs_smoc_housing_units_wi,selected_monthly_owner_costs_smoc_housing_units_wi,selected_monthly_owner_costs_smoc_housing_units_wi,selected_monthly_owner_costs_smoc_housing_units_wi,selected_monthly_owner_costs_smoc_housing_units_wi,selected_monthly_owner_costs_smoc_housing_units_wi,selected_monthly_owner_costs_smoc_housing_units_wi,selected_monthly_owner_costs_smoc_housing_units_wi,selected_monthly_owner_costs_smoc_housing_units_wi,selected_monthly_owner_costs_smoc_housing_units_wi,selected_monthly_owner_costs_smoc_housing_units_wi,selected_monthly_owner_costs_smoc_housing_units_wi,selected_monthly_owner_costs_smoc_housing_units_wi,selected_monthly_owner_costs_as_a_percentage_of_ho,selected_monthly_owner_costs_as_a_percentage_of_ho,selected_monthly_owner_costs_as_a_percentage_of_ho,selected_monthly_owner_costs_as_a_percentage_of_ho,selected_monthly_owner_costs_as_a_percentage_of_ho,selected_monthly_owner_costs_as_a_percentage_of_ho,selected_monthly_owner_costs_as_a_percentage_of_ho,selected_monthly_owner_costs_as_a_percentage_of_ho,selected_monthly_owner_costs_as_a_percentage_of_ho,selected_monthly_owner_costs_as_a_percentage_of_ho,selected_monthly_owner_costs_as_a_percentage_of_ho,selected_monthly_owner_costs_as_a_percentage_of_ho,selected_monthly_owner_costs_as_a_percentage_of_ho,selected_monthly_owner_costs_as_a_percentage_of_ho,selected_monthly_owner_costs_as_a_percentage_of_ho,selected_monthly_owner_costs_as_a_percentage_of_ho,gross_rent_occupied_units_paying_rent,gross_rent_occupied_units_paying_rent_less_than_50,gross_rent_occupied_units_paying_rent_500_to_999,gross_rent_occupied_units_paying_rent_1000_to_1499,gross_rent_occupied_units_paying_rent_1500_to_1999,gross_rent_occupied_units_paying_rent_2000_to_2499,gross_rent_occupied_units_paying_rent_2500_to_2999,gross_rent_occupied_units_paying_rent_3000_or_more,gross_rent_occupied_units_paying_rent_median_dolla,gross_rent_no_rent_paid,gross_rent_as_a_percentage_of_household_income_gra,gross_rent_as_a_percentage_of_household_income_gra,gross_rent_as_a_percentage_of_household_income_gra,gross_rent_as_a_percentage_of_household_income_gra,gross_rent_as_a_percentage_of_household_income_gra,gross_rent_as_a_percentage_of_household_income_gra,gross_rent_as_a_percentage_of_household_income_gra,gross_rent_as_a_percentage_of_household_income_gra
2016,Echols County; Georgia,1663,1423,240,1.3,6.2,1663,809,5,15,0,0,47,28,759,0,1663,6,6,128,520,340,332,112,75,78,66,1663,40,16,86,298,450,469,125,105,13,101,74,5.4,1663,44,89,458,902,166,4,1423,864,559,2.81,2.86,1423,21,419,411,298,120,154,1423,38,610,459,316,1423,26,111,1262,7,0,17,0,0,0,1423,11,12,57,1423,1353,70,0,864,368,263,73,74,62,19,5,0,55600,864,335,529,335,6,167,107,49,6,0,0,979,529,254,173,67,30,5,0,261,335,183,22,11,30,89,0,511,235,84,45,86,11,10,40,18,467,84,357,26,0,0,0,0,669,92,436,113,26,110,0,32,155,123
2016,Glynn County; Georgia,41748,32623,9125,2.5,10.0,41748,26143,1904,1324,1382,2426,1254,2549,4703,63,41748,296,563,9272,6882,7205,6561,4034,3390,1617,1928,41748,699,546,2610,6889,10093,8348,5413,3432,13,127,3718,5.5,41748,718,2467,9767,20693,6884,1219,32623,19760,12863,2.52,2.44,32623,1833,12121,9616,4844,1976,2233,32623,2427,11706,12983,5507,32623,4342,798,26908,38,0,166,7,24,340,32623,73,138,696,32623,31899,517,207,19760,2356,3269,3408,2827,3123,2825,1430,522,161800,19760,11715,8045,11715,201,3563,3399,1898,974,687,993,1284,8045,1811,2502,2181,721,459,371,383,11663,5181,1554,1177,723,3028,52,7894,4132,1220,729,536,273,162,842,151,11857,1569,6609,2658,680,236,79,26,832,1006,11659,1245,1474,1537,1733,1013,4657,1204
2016,DeKalb County; Georgia,307255,270903,36352,2.1,8.0,307255,172509,19893,3648,13413,27540,30356,38170,1624,102,307255,991,3253,55922,45194,50525,54472,46331,28844,10436,11287,307255,4708,4808,24107,47331,60494,52786,39039,31339,13,089,42643,5.7,307255,4969,39840,80560,106790,55949,19147,270903,146154,124749,2.64,2.61,270903,19410,106831,78196,35169,15149,16148,270903,24647,112792,95664,37800,270903,164170,2252,103122,214,22,348,10,130,635,270903,820,1290,5695,270903,263648,5584,1671,146154,10208,29181,25430,19249,23278,25785,11632,1391,168100,146154,111259,34895,111259,914,19067,38007,23571,13407,7453,8840,1467,34895,3156,8190,11104,6659,2655,3131,495,110451,46340,16654,11807,7693,27957,808,34459,15628,6641,3754,2261,1562,989,3624,436,122204,4713,54197,47812,11813,2574,512,583,1018,2545,119486,12358,14518,15522,13257,10855,52976,5263
2016,Haralson County; Georgia,12243,10886,1357,2.6,6.8,12243,8796,114,345,316,212,63,100,2297,0,12243,0,146,2129,2565,1925,1825,1441,815,701,696,12243,24,76,907,1750,2783,2813,1513,1075,13,143,1302,5.7,12243,24,714,3236,6075,1736,458,10886,7585,3301,2.63,2.54,10886,632,2537,3715,1869,1005,1128,10886,559,3212,3986,3129,10886,2463,2789,5119,37,0,436,0,2,40,10886,17,31,320,10886,10733,121,32,7585,1437,2191,1367,1169,1016,367,29,9,106600,7585,4132,3453,4132,57,1533,1477,675,190,187,13,1147,3453,742,1324,968,312,91,16,368,4132,2168,538,292,211,923,0,3412,1306,599,553,375,145,89,345,41,2898,517,2022,322,37,0,0,0,674,403,2823,407,300,178,528,344,1066,478
2016,Jackson County; Georgia,23866,21115,2751,1.6,9.3,23866,18155,196,512,154,367,232,289,3923,38,23866,43,493,9105,5165,3066,1925,1333,1102,509,1125,23866,137,110,708,2355,5491,5122,3603,2785,13,157,3555,6.1,23866,153,595,4837,11600,4897,1784,21115,16010,5105,2.92,2.88,21115,699,5926,8927,3117,1119,1327,21115,982,4912,8819,6402,21115,3202,1370,15785,42,33,524,0,14,145,21115,135,207,853,21115,20801,223,91,16010,1443,2819,3297,3371,2845,1953,242,40,155900,16010,10511,5499,10511,132,2317,4068,2690,765,295,244,1333,5499,1160,1964,1545,560,144,126,369,10483,4728,1883,1001,742,2129,28,5415,2460,895,759,503,179,109,510,84,4555,607,2841,840,241,13,0,13,770,550,4296,478,704,437,575,264,1838,809
2016,Jefferson County; Georgia,7238,5855,1383,2.4,10.9,7238,4452,51,282,236,222,20,33,1931,11,7238,0,147,622,1323,985,1654,854,651,315,687,7238,78,22,401,1055,1977,1649,860,568,13,163,628,5.6,7238,78,425,1890,3797,905,143,5855,3791,2064,2.56,2.86,5855,206,1399,1636,1139,637,838,5855,1003,1902,1792,1158,5855,1035,1098,3531,13,0,157,0,0,21,5855,21,12,111,5855,5747,61,47,3791,1322,1224,488,304,316,90,47,0,67800,3791,1573,2218,1573,9,816,577,146,23,2,0,971,2218,519,792,493,282,102,30,370,1572,695,177,166,160,374,1,2157,660,485,290,186,138,92,306,61,1870,841,911,107,11,0,0,0,536,194,1776,217,206,132,255,140,826,288
2016,Jones County; Georgia,11589,10367,1222,0.4,5.3,11589,8546,101,265,107,68,16,93,2393,0,11589,31,48,3128,2725,1921,1955,819,457,95,410,11589,4,66,145,1476,2874,2461,2116,1185,13,169,1262,6.0,11589,4,281,2147,6405,2013,739,10367,8476,1891,2.73,2.78,10367,345,2147,3822,1863,1080,1110,10367,394,2466,4287,3220,10367,2096,949,7006,55,0,223,0,22,16,10367,71,66,308,10367,10270,97,0,8476,1156,2129,1683,1588,1237,534,54,95,129700,8476,5001,3475,5001,96,1240,2174,922,370,124,75,1269,3475,593,1313,1070,319,117,63,381,5001,2223,797,670,499,812,0,3406,1361,641,610,258,160,27,349,69,1576,128,1030,300,49,21,0,48,828,315,1449,154,205,215,113,172,590,442
2016,Lincoln County; Georgia,4779,3457,1322,2.2,5.9,4779,2899,6,55,27,39,3,6,1744,0,4779,17,40,487,1033,977,1198,475,183,105,264,4779,4,13,147,990,1463,938,545,278,13,181,401,5.3,4779,4,151,1772,2036,650,166,3457,2548,909,2.20,2.23,3457,128,472,1193,793,363,508,3457,310,1028,1258,861,3457,95,1100,2153,20,0,74,0,8,7,3457,0,18,54,3457,3392,53,12,2548,519,573,488,357,270,269,61,11,118000,2548,1047,1501,1047,0,300,391,164,110,40,42,1285,1501,232,525,433,212,84,15,398,1047,336,206,109,100,296,0,1501,449,260,155,168,82,107,280,0,681,235,377,65,3,0,1,0,626,228,669,64,100,56,75,151,223,240
2016,Murray County; Georgia,15780,14266,1514,1.5,4.9,15780,8934,118,279,440,325,31,127,5512,14,15780,41,210,3120,4740,3002,2046,1166,534,249,672,15780,64,301,853,4047,4144,2754,1650,927,13,213,1040,5.1,15780,121,683,4207,8922,1528,319,14266,9379,4887,2.70,2.83,14266,606,4358,4585,2326,1258,1133,14266,788,4347,5743,3388,14266,950,1376,11343,82,0,375,6,60,74,14266,40,36,334,14266,13691,499,76,9379,2242,2771,2219,1125,671,229,58,64,93700,9379,4800,4579,4800,155,2471,1634,302,105,55,78,967,4579,1296,1881,1069,206,106,21,316,4784,2198,940,380,268,998,16,4553,2175,1011,485,164,229,110,379,26,4336,956,3208,161,11,0,0,0,639,551,4253,647,283,530,401,732,1660,634
2016,Muscogee County; Georgia,83921,73449,10472,3.0,5.4,83921,54984,1239,2553,5239,8136,5115,5405,1250,0,83921,319,3722,13127,10194,10302,12256,12998,11091,5143,4769,83921,1362,1732,7554,12974,16801,17081,11775,7419,13,215,7223,5.6,83921,1505,9095,22016,36867,12477,1961,73449,35639,37810,2.66,2.55,73449,5263,30081,18428,8666,4677,6334,73449,7906,27492,26805,11246,73449,32649,678,39581,95,0,177,0,27,242,73449,194,1196,2232,73449,71813,1218,418,35639,2991,8100,8365,6535,5584,2778,1030,256,138600,35639,24601,11038,24601,656,7018,8992,4279,2046,725,885,1225,11038,2228,4222,2719,1131,355,383,367,24340,10131,3570,2620,1962,6057,261,10862,4807,2147,1160,907,416,369,1056,176,36826,5444,19558,8800,2430,329,215,50,844,984,35666,3966,4699,4457,4443,3283,14818,2144
2016,Pulaski County; Georgia,4697,3829,868,1.2,5.9,4697,3110,20,17,123,174,70,56,1127,0,4697,0,51,531,710,968,946,527,407,223,334,4697,11,25,268,877,1403,759,493,415,13,235,446,5.3,4697,11,209,1345,2553,526,53,3829,2224,1605,2.45,2.76,3829,193,979,1358,555,425,319,3829,248,1394,1423,764,3829,619,286,2897,0,0,27,0,0,0,3829,62,41,129,3829,3730,93,6,2224,525,482,430,328,289,144,26,0,114100,2224,1134,1090,1134,32,450,302,238,104,4,4,1111,1090,207,384,363,132,0,4,383,1111,504,205,109,51,242,23,1085,569,233,100,67,42,15,59,5,1496,423,958,115,0,0,0,0,650,109,1407,148,226,129,139,138,627,198
2016,Rabun County; Georgia,12451,6629,5822,5.5,13.5,12451,9802,117,142,208,507,157,28,1480,10,12451,42,128,2323,2820,2845,1852,771,681,288,701,12451,111,193,1435,2064,2682,2514,1310,890,13,241,1252,5.4,12451,117,524,3839,5280,1768,923,6629,4822,1807,2.42,2.37,6629,139,1753,2409,1206,529,593,6629,307,2302,2535,1485,6629,316,1823,3584,29,0,815,0,41,21,6629,19,15,205,6629,6519,86,24,4822,692,665,887,709,772,654,296,147,158800,4822,2197,2625,2197,72,586,701,364,147,141,186,1267,2625,690,823,808,202,54,48,363,2175,650,262,240,265,758,22,2518,1083,551,260,168,143,88,225,107,1441,316,1000,109,9,5,0,2,678,366,1391,224,89,104,137,144,693,416
2016,Stewart County; Georgia,2340,1775,565,1.0,3.3,2340,1425,10,101,3,15,4,22,760,0,2340,0,18,79,352,314,488,417,305,100,267,2340,23,84,60,441,820,513,191,92,13,259,116,5.2,2340,29,103,655,1342,175,36,1775,1109,666,2.34,2.18,1775,51,307,584,243,239,351,1775,371,587,547,270,1775,174,614,948,0,0,39,0,0,0,1775,15,4,65,1775,1755,20,0,1109,517,367,73,87,28,24,13,0,52200,1109,329,780,329,32,243,38,7,0,0,9,803,780,120,315,276,65,0,4,383,329,151,30,13,32,103,0,750,214,95,80,107,107,47,100,30,513,279,205,22,7,0,0,0,482,153,471,69,13,27,54,18,290,195
2016,Towns County; Georgia,7915,4611,3304,4.5,10.9,7915,6434,69,67,92,87,104,136,926,0,7915,16,87,2291,2101,1243,991,475,359,151,201,7915,80,102,610,1211,1903,1406,907,645,13,281,1051,5.5,7915,111,366,2262,3839,961,376,4611,3664,947,2.23,2.09,4611,97,1130,1791,1013,274,306,4611,217,1418,1910,1066,4611,92,1769,2434,48,0,210,3,6,49,4611,4,4,106,4611,4568,34,9,3664,325,591,413,641,742,662,208,82,189400,3664,1684,1980,1684,53,536,594,256,89,99,57,1165,1980,495,734,454,188,62,47,359,1679,500,165,220,113,681,5,1954,725,377,237,230,134,44,207,26,763,100,526,97,19,16,0,5,653,184,732,95,81,95,67,50,344,215
2016,Treutlen County; Georgia,3243,2586,657,4.6,3.4,3243,1985,0,72,75,11,5,5,1090,0,3243,34,21,327,699,514,441,389,292,126,400,3243,23,26,112,663,830,719,414,185,13,283,271,5.5,3243,23,89,877,1759,454,41,2586,1803,783,2.38,2.46,2586,74,670,650,616,233,343,2586,111,947,897,631,2586,203,253,2072,0,0,58,0,0,0,2586,21,43,235,2586,2553,15,18,1803,594,647,224,173,100,37,5,23,71300,1803,690,1113,690,101,353,151,42,15,5,23,790,1113,314,428,296,63,12,0,342,684,262,72,97,84,169,6,1098,523,191,203,48,5,41,87,15,596,259,337,0,0,0,0,0,531,187,574,229,100,42,37,9,157,209
2016,Turner County; Georgia,3838,3071,767,5.7,2.2,3838,2485,18,86,51,203,54,18,923,0,3838,8,38,592,582,341,631,578,529,105,434,3838,41,3,195,527,886,923,749,275,13,287,239,5.8,3838,41,93,1012,2123,547,22,3071,2141,930,2.44,2.72,3071,106,865,1004,424,145,527,3071,251,1342,1024,454,3071,388,343,2318,0,0,1,0,0,21,3071,111,53,62,3071,2934,79,58,2141,746,697,297,210,179,12,0,0,73000,2141,981,1160,981,40,470,311,73,16,54,17,973,1160,138,470,363,118,46,25,385,981,397,194,107,72,211,0,1137,313,238,182,110,94,56,144,23,899,282,588,29,0,0,0,0,566,31,788,66,127,69,97,18,411,142
2016,Atkinson County; Georgia,3446,2717,729,1.7,11.7,3446,1557,24,43,61,47,42,9,1657,6,3446,0,37,334,835,491,665,360,193,171,360,3446,26,4,196,800,821,717,387,249,13,003,246,5.3,3446,53,162,1040,1709,404,78,2717,1955,762,3.13,2.78,2717,99,587,987,623,131,290,2717,225,937,949,606,2717,44,167,2425,4,0,39,0,0,38,2717,11,17,134,2717,2662,47,8,1955,836,511,214,121,152,41,8,72,62900,1955,662,1293,662,83,278,181,101,19,0,0,883,1293,419,489,306,67,7,5,313,654,330,75,67,38,144,8,1280,562,242,180,47,81,20,148,13,624,335,272,9,0,8,0,0,480,138,603,161,75,58,69,52,188,159
2016,Appling County; Georgia,8408,6711,1697,0.6,5.8,8408,4862,16,194,53,123,19,10,3119,12,8408,0,109,1227,2009,1340,1341,989,535,272,586,8408,131,41,408,1261,2281,2023,1188,465,13,001,610,5.5,8408,131,173,2295,4611,1114,84,6711,4771,1940,2.62,2.76,6711,180,1724,1856,1134,700,1117,6711,531,2253,2190,1737,6711,401,508,5697,43,0,40,0,0,22,6711,33,15,492,6711,6496,85,130,4771,1802,1353,536,544,353,116,44,23,72100,4771,2062,2709,2062,87,1159,495,167,39,24,91,900,2709,1013,1033,463,138,41,21,289,2039,1084,355,182,189,229,23,2686,1243,554,348,115,38,72,316,23,1441,691,666,51,33,0,0,0,514,499,1383,308,279,167,207,95,327,557
2016,Brantley County; Georgia,7924,6423,1501,1.3,8.1,7924,3458,0,67,20,11,52,2,4262,52,7924,0,209,1794,2356,1162,1153,590,255,118,287,7924,44,49,371,1451,1787,1625,1391,698,13,025,508,5.7,7924,44,382,2127,4084,1165,122,6423,5098,1325,2.87,2.79,6423,229,1478,2412,1425,429,450,6423,246,1974,2574,1629,6423,197,388,5711,0,10,92,0,0,25,6423,18,35,79,6423,6266,100,57,5098,1991,1405,672,538,323,144,11,14,65600,5098,2278,2820,2278,126,1295,499,218,133,7,0,937,2820,770,1174,621,218,23,14,322,2174,940,168,334,246,486,104,2766,1051,712,236,230,151,111,275,54,1083,354,685,33,11,0,0,0,542,242,1083,129,189,138,235,102,290,242
2016,Ben Hill County; Georgia,7896,6452,1444,2.2,1.3,7896,4898,57,274,319,232,48,140,1928,0,7896,9,22,1058,1632,1432,1363,957,875,191,357,7896,66,59,175,528,1787,1612,1999,1095,13,017,575,6.3,7896,66,357,1656,4824,922,71,6452,3935,2517,2.76,2.48,6452,346,1946,2130,884,517,629,6452,1152,2470,1910,920,6452,832,181,5287,19,29,63,0,14,27,6452,38,71,801,6452,6406,29,17,3935,991,1598,654,420,153,70,34,15,81100,3935,2116,1819,2116,170,1302,464,147,12,0,21,877,1819,321,715,584,171,28,0,376,2031,860,168,145,132,726,85,1638,613,438,165,108,55,78,181,181,2372,721,1522,129,0,0,0,0,606,145,2068,383,282,76,255,88,984,449
2016,Catoosa County; Georgia,26826,24099,2727,2.7,6.1,26826,19923,683,822,869,807,404,130,3188,0,26826,69,506,5761,6107,3927,3934,2901,1682,1232,707,26826,296,169,1151,3634,6417,6028,3839,2684,13,047,2608,5.8,26826,358,1325,6228,13720,4436,759,24099,17806,6293,2.75,2.55,24099,1041,6559,8705,3732,2053,2009,24099,873,6774,10677,5775,24099,4196,706,18674,114,0,283,0,29,97,24099,183,193,1260,24099,23750,277,72,17806,1906,3357,5364,3190,2636,1156,185,12,135300,17806,11296,6510,11296,174,3940,4237,1972,600,260,113,1152,6510,1713,2800,1508,407,44,38,332,11217,5649,1750,1174,404,2240,79,6451,3305,1253,517,556,214,194,412,59,5817,901,3678,1083,54,101,0,0,757,476,5774,877,878,833,776,429,1981,519
2016,Chattooga County; Georgia,10891,9361,1530,1.9,8.9,10891,7571,79,269,244,273,28,151,2264,12,10891,0,25,1114,2121,1699,1907,1489,891,698,947,10891,213,331,1398,3069,2541,1644,736,457,13,055,502,4.7,10891,223,616,2973,6042,850,187,9361,6240,3121,2.49,2.47,9361,374,2182,2980,1922,607,1296,9361,561,2671,3419,2710,9361,2481,1454,4917,49,0,402,0,26,32,9361,66,41,140,9361,8657,631,73,6240,2438,1745,779,594,461,169,47,7,67300,6240,2680,3560,2680,123,1523,712,225,49,48,0,901,3560,1205,1230,924,173,19,9,300,2675,1202,396,390,168,519,5,3418,1368,704,443,211,174,112,406,142,2611,841,1668,102,0,0,0,0,607,510,2516,477,410,280,436,339,574,605
2016,Columbia County; Georgia,53438,45623,7815,3.3,11.2,53438,42629,3068,603,798,658,1400,532,3750,0,53438,936,4751,14486,11769,11204,6410,2360,793,360,369,53438,234,171,1092,3723,6987,11743,11457,7443,13,073,10588,6.7,53438,234,1204,7039,23943,16158,4860,45623,35559,10064,3.07,3.00,45623,2316,14883,16151,6922,3083,2268,45623,1226,10627,21410,12360,45623,15899,934,28283,23,12,297,0,12,163,45623,184,150,1130,45623,45080,370,173,35559,1697,4038,7566,7505,8867,4665,1099,122,176400,35559,26290,9269,26290,479,5222,9611,6137,2858,1065,918,1388,9269,1060,2716,3345,1535,443,170,446,26014,13211,4520,2325,1773,4185,276,9132,5283,1611,604,539,351,144,600,137,9431,195,3573,3951,1170,349,81,112,1094,633,9315,1363,1301,1526,1084,781,3260,749
2016,Floyd County; Georgia,40446,35114,5332,3.1,10.2,40446,29137,544,2677,1129,954,970,1352,3664,19,40446,68,494,5750,6734,5699,5755,4539,5245,2545,3617,40446,513,747,2341,7301,10331,8175,4638,3121,13,115,3279,5.4,40446,604,2998,11416,18671,5152,1605,35114,21035,14079,2.67,2.55,35114,2332,11296,10363,5193,2637,3293,35114,2817,11634,12398,8265,35114,15335,2328,16609,106,0,622,0,36,78,35114,33,310,2754,35114,34268,585,261,21035,2649,5897,4632,3019,2605,1663,557,13,119600,21035,12255,8780,12255,297,4240,4550,1869,660,231,408,1146,8780,1482,2733,2867,1098,342,258,410,12178,5818,1913,1063,846,2538,77,8554,3623,2043,843,730,348,306,661,226,13198,2679,8501,1643,229,56,33,57,685,881,12865,1997,1824,1399,1439,1334,4872,1214
2016,Forsyth County; Georgia,71466,66500,4966,2.4,4.6,71466,61585,3770,222,391,400,552,1125,3377,44,71466,1193,3809,30077,21593,7615,3538,1787,801,380,673,71466,216,376,1284,4315,8795,11451,9525,10813,13,117,24691,7.5,71466,297,1036,7291,25516,21110,16216,66500,56003,10497,3.05,3.07,66500,3055,20884,30094,9009,2022,1436,66500,1357,13613,33980,17550,66500,46332,3401,15941,155,10,421,0,73,167,66500,144,330,1282,66500,65910,466,124,56003,1487,1909,4309,7320,15725,18267,6468,518,281400,56003,44047,11956,44047,636,4072,10421,12202,8052,4588,4076,1778,11956,1347,3482,4059,1893,655,520,454,43885,22240,7120,4143,2681,7701,162,11778,6955,2049,973,504,403,177,717,178,9769,484,2838,3570,1883,743,185,66,1190,728,9681,1281,1695,1425,968,784,3528,816
2016,Hart County; Georgia,12948,10016,2932,0.9,4.2,12948,9127,187,257,106,57,71,39,3080,24,12948,0,45,1964,3140,2270,2188,1219,805,496,821,12948,165,73,517,1467,3158,2808,2101,1252,13,147,1407,5.9,12948,256,470,3613,6198,1804,607,10016,7262,2754,2.40,2.64,10016,340,2608,3047,1827,747,1447,10016,484,3332,3334,2866,10016,2000,1103,6555,52,0,287,0,0,19,10016,62,40,194,10016,9838,62,116,7262,1169,1724,1424,888,841,731,384,101,122200,7262,3381,3881,3381,95,1205,1088,513,215,141,124,1138,3881,844,1727,901,301,77,31,338,3380,1326,381,417,241,1015,1,3848,1499,941,281,407,122,147,451,33,2474,981,1292,201,0,0,0,0,599,280,2427,301,263,357,283,138,1085,327
2016,Lowndes County; Georgia,45711,39809,5902,3.6,7.1,45711,29995,804,1527,1994,3316,1568,1750,4734,23,45711,293,1767,9366,9252,6800,8795,4175,2965,839,1459,45711,1546,549,1663,7239,10348,10111,6745,3932,13,185,3578,5.6,45711,1592,2194,10993,22469,7534,929,39809,20368,19441,2.82,2.70,39809,2920,15746,11490,5200,2271,2182,39809,3325,14312,14443,7729,39809,3176,951,35186,77,5,115,14,9,276,39809,141,145,1341,39809,38632,554,623,20368,2722,4384,4481,3867,2960,1414,471,69,133700,20368,12921,7447,12921,467,4365,4775,2154,541,304,315,1155,7447,1764,3032,1646,575,308,122,340,12800,5594,1866,1605,972,2763,121,7295,3551,1600,732,517,262,137,496,152,18235,3285,11012,3346,434,128,25,5,756,1206,17476,2330,1586,1977,2115,1695,7773,1965
2016,Meriwether County; Georgia,9879,7982,1897,1.6,3.8,9879,7478,56,94,24,69,21,206,1931,0,9879,0,119,1524,1920,1611,1188,1070,662,436,1349,9879,94,54,291,1706,3048,2256,1222,578,13,199,630,5.4,9879,105,301,2670,5498,1099,206,7982,5325,2657,2.68,2.50,7982,228,2380,2306,1340,826,902,7982,964,2218,2628,2172,7982,845,2100,4617,87,0,314,0,0,19,7982,11,34,383,7982,7712,172,98,5325,1246,1675,1026,615,422,269,50,22,88400,5325,2615,2710,2615,2,1199,1087,151,132,20,24,1044,2710,600,701,828,400,99,82,410,2579,1041,592,226,173,547,36,2638,872,263,468,186,225,159,465,72,2199,356,1451,389,3,0,0,0,725,458,2120,223,221,212,236,99,1129,537
2016,Putnam County; Georgia,12750,8322,4428,5.7,16.8,12750,7842,326,51,68,290,118,321,3734,0,12750,14,146,3552,3626,2168,1423,855,334,156,476,12750,61,113,480,1816,3376,3146,1486,1066,13,237,1206,5.7,12750,61,408,2958,6788,1865,670,8322,6165,2157,2.56,2.44,8322,474,2238,2869,1675,596,470,8322,391,2123,3617,2191,8322,804,1052,6307,0,0,135,0,0,24,8322,0,26,132,8322,8216,106,0,6165,932,1288,761,761,966,839,539,79,156000,6165,3698,2467,3698,139,1251,1218,456,256,118,260,1154,2467,356,916,646,334,80,135,391,3682,1768,413,267,354,880,16,2434,1020,496,263,185,66,127,277,33,1847,270,1316,156,86,19,0,0,678,310,1812,82,279,172,323,88,868,345
2016,Sumter County; Georgia,13833,11698,2135,3.0,8.0,13833,8327,61,969,691,949,276,209,2351,0,13833,0,201,1608,2858,2632,2106,1647,987,493,1301,13833,415,303,854,2179,4066,2193,1796,882,13,261,1145,5.3,13833,479,1043,3168,6629,2241,273,11698,6528,5170,2.53,2.42,11698,688,3906,3321,1842,932,1009,11698,1426,4406,3617,2249,11698,1491,1006,9048,32,0,89,0,0,32,11698,42,69,284,11698,11372,203,123,6528,1519,2098,844,934,645,316,109,63,86900,6528,3620,2908,3620,172,1497,1144,494,224,21,68,1045,2908,364,1051,1027,284,93,89,407,3581,1518,417,538,233,875,39,2808,1197,578,346,185,149,118,235,100,4755,1479,2873,385,12,6,0,0,643,415,4585,554,614,413,383,346,2275,585
2016,Warren County; Georgia,2944,2204,740,0.7,1.2,2944,1675,36,93,46,42,52,78,922,0,2944,0,49,245,430,301,745,419,209,136,410,2944,19,33,124,393,819,760,332,253,13,301,211,5.6,2944,19,149,907,1489,324,56,2204,1469,735,2.30,2.78,2204,51,495,700,344,219,395,2204,352,677,613,562,2204,340,569,1226,14,0,40,0,15,0,2204,5,9,75,2204,2173,22,9,1469,550,529,106,134,64,66,5,15,62100,1469,667,802,667,44,388,181,29,10,15,0,866,802,142,266,253,83,31,27,395,667,288,109,64,38,168,0,802,220,157,98,54,92,19,162,0,665,261,357,47,0,0,0,0,591,70,652,31,80,40,91,116,294,83
2016,Baker County; Georgia,1757,1328,429,3.9,3.9,1757,1111,0,19,8,0,2,0,617,0,1757,0,9,309,358,233,314,323,87,21,103,1757,29,0,149,202,292,405,326,168,13,007,186,6.0,1757,29,27,372,952,302,75,1328,978,350,2.30,2.86,1328,18,225,400,318,102,265,1328,100,490,381,357,1328,134,100,1062,9,0,17,0,0,6,1328,0,3,15,1328,1271,32,25,978,234,280,200,86,78,100,0,0,90700,978,467,511,467,19,252,108,31,46,0,11,923,511,137,195,116,38,25,0,328,435,177,70,31,0,157,32,479,213,112,45,24,22,27,36,32,231,140,84,7,0,0,0,0,438,119,205,50,52,6,13,11,73,145
2016,Butts County; Georgia,9288,7737,1551,5.5,7.9,9288,7379,48,146,290,277,93,53,949,53,9288,0,91,2150,1987,1080,1642,815,539,265,719,9288,55,70,503,990,2525,2164,1617,644,13,035,720,5.7,9288,55,531,2113,4759,1405,425,7737,5535,2202,2.73,2.63,7737,320,2132,2679,1195,557,854,7737,493,2678,2281,2285,7737,907,1601,4975,50,0,188,0,0,16,7737,11,77,97,7737,7577,158,2,5535,579,1732,1147,784,864,319,45,65,117000,5535,3393,2142,3393,55,953,1531,624,164,35,31,1180,2142,484,895,445,305,0,13,356,3318,1412,448,273,329,856,75,2124,892,484,271,119,105,63,190,18,1958,177,1447,325,3,6,0,0,763,244,1892,157,149,222,390,34,940,310
2016,Candler County; Georgia,4693,4026,667,0.0,4.8,4693,2692,49,128,79,20,10,23,1692,0,4693,0,8,980,1108,692,784,504,126,137,354,4693,69,19,390,873,1335,831,560,330,13,043,286,5.2,4693,69,196,1240,2486,556,146,4026,2489,1537,2.68,2.62,4026,103,1391,1408,544,269,311,4026,286,1456,1582,702,4026,44,280,3616,5,0,65,0,0,16,4026,4,9,148,4026,3856,135,35,2489,630,709,347,235,358,53,98,59,89900,2489,1282,1207,1282,16,495,446,145,129,16,35,1098,1207,418,370,285,51,67,16,327,1266,415,206,151,80,414,16,1115,557,196,110,57,26,17,152,92,1414,483,788,143,0,0,0,0,581,123,1329,196,122,89,138,82,702,208
2016,Carroll County; Georgia,44691,40287,4404,2.0,4.8,44691,32657,787,1060,1047,1819,1307,921,5090,3,44691,15,394,12462,8316,7459,6177,2920,2204,1428,3316,44691,380,394,2101,7235,10364,10090,5967,3958,13,045,4202,5.7,44691,423,1950,9968,23492,6736,2122,40287,25716,14571,2.77,2.66,40287,2307,13936,13560,5164,2684,2636,40287,2443,11658,15532,10654,40287,12243,4586,22668,62,0,539,0,68,121,40287,46,277,1149,40287,39402,755,130,25716,2933,7762,6753,3876,2475,1409,398,110,113700,25716,17314,8402,17314,216,6750,6640,2657,598,200,253,1105,8402,1650,3800,2137,550,79,186,348,17258,8162,2525,1682,1170,3719,56,8208,4056,1524,955,472,305,246,650,194,13493,1373,9282,2604,168,27,13,26,796,1078,13072,1413,1770,1810,1645,1011,5423,1499
2016,Early County; Georgia,4924,4023,901,0.7,5.0,4924,3253,28,74,149,20,0,26,1370,4,4924,0,31,659,1082,711,925,733,323,136,324,4924,191,16,356,841,1395,1148,429,221,13,099,327,5.3,4924,192,194,1178,2709,541,110,4023,2596,1427,2.41,2.85,4023,169,1081,1082,703,439,549,4023,409,1495,1252,867,4023,518,243,3193,15,0,49,0,2,3,4023,0,12,41,4023,3787,96,140,2596,711,925,304,329,205,84,34,4,82100,2596,1199,1397,1199,82,432,499,141,39,6,0,1064,1397,265,499,446,68,71,48,372,1182,494,118,97,133,340,17,1355,397,306,179,109,38,97,229,42,1194,383,705,99,7,0,0,0,605,233,1036,120,236,68,134,73,405,391
2016,Crisp County; Georgia,10715,8509,2206,3.4,8.6,10715,6697,73,552,196,391,95,144,2567,0,10715,0,51,1189,1592,1962,2104,1345,1105,779,588,10715,96,107,613,1733,2855,2264,1271,898,13,081,878,5.5,10715,96,586,2501,5757,1447,328,8509,4876,3633,2.51,2.86,8509,228,2706,2308,1405,877,985,8509,1030,2826,3236,1417,8509,705,474,7152,10,0,147,0,2,19,8509,68,60,378,8509,8229,218,62,4876,1166,1446,733,538,452,352,165,24,91000,4876,2440,2436,2440,106,1304,633,101,97,42,157,939,2436,513,811,686,263,88,75,371,2440,1068,299,201,106,766,0,2365,748,655,336,216,139,97,174,71,3272,962,2107,195,8,0,0,0,627,361,3102,348,370,202,242,237,1703,531
2016,Coweta County; Georgia,52005,49457,2548,0.7,3.8,52005,43266,1168,610,726,1259,1178,1912,1864,22,52005,406,1581,16614,14088,7532,4640,1903,2125,1063,2053,52005,510,362,1726,4659,9408,11313,8528,6370,13,077,9129,6.3,52005,554,1805,7869,25631,12437,3709,49457,35914,13543,2.74,2.72,49457,2620,15193,19614,7266,2672,2092,49457,1949,13363,20573,13572,49457,23397,2927,22310,120,0,577,1,22,103,49457,161,198,1032,49457,48585,628,244,35914,1547,3494,7238,8360,8953,4969,1143,210,182300,35914,26656,9258,26656,450,5109,10546,6328,2463,840,920,1359,9258,1051,3191,3054,1225,454,283,422,26500,12765,4322,2746,1853,4814,156,9076,4602,1564,1040,427,236,269,938,182,12743,856,6355,4170,1098,210,36,18,957,800,12297,1596,1708,1736,1428,1174,4655,1246
2016,Cobb County; Georgia,293084,271975,21109,1.9,6.5,293084,192573,24344,2642,6384,16632,23623,22718,4091,77,293084,1191,5217,55699,65398,74772,48368,23368,12632,2999,3440,293084,2619,3984,18412,38592,46534,46788,36405,36504,13,067,63246,6.3,293084,2727,24878,60230,100719,73413,31117,271975,173718,98257,2.70,2.53,271975,16993,101795,87176,38940,15713,11358,271975,10505,89022,117933,54515,271975,196868,2576,70867,413,0,621,0,76,554,271975,523,1371,5403,271975,267128,4066,781,173718,7496,16461,26472,33921,40867,33791,12697,2013,205600,173718,132760,40958,132760,1592,19264,43036,33713,16780,8901,9474,1534,40958,4628,13312,13433,5571,2033,1981,432,132007,66248,21096,13230,7331,24102,753,40268,24166,6261,3677,1776,1208,577,2603,690,95344,1925,40925,40374,8952,2204,477,487,1046,2913,93475,11728,14653,12187,10408,8353,36146,4782
2016,Dade County; Georgia,7272,6057,1215,2.6,6.8,7272,5063,22,51,195,195,27,77,1607,35,7272,0,167,1375,1649,1150,944,852,487,398,250,7272,103,106,624,1643,1645,1304,897,535,13,083,415,5.2,7272,111,354,1896,3707,995,209,6057,4612,1445,2.54,2.31,6057,250,1381,2041,1179,614,592,6057,320,1635,2326,1776,6057,577,1309,3887,12,0,235,0,0,37,6057,64,72,191,6057,5912,84,61,4612,1006,889,917,680,597,366,115,42,119200,4612,2106,2506,2106,53,900,816,232,38,27,40,1046,2506,628,945,623,142,125,43,340,2106,922,291,185,79,629,0,2422,1223,467,213,176,92,54,197,84,1157,250,739,82,86,0,0,0,681,288,1157,87,223,173,90,26,558,288
2016,Wilkes County; Georgia,5147,3975,1172,2.3,4.7,5147,3593,57,223,97,58,11,16,1092,0,5147,0,37,428,676,711,1165,780,575,215,560,5147,71,40,223,720,1435,1281,621,421,13,317,335,5.6,5147,71,236,1501,2481,726,132,3975,2697,1278,2.42,2.58,3975,118,852,1056,764,418,767,3975,531,1109,1388,947,3975,1094,844,1760,52,0,190,0,11,24,3975,4,15,98,3975,3927,19,29,2697,618,898,404,287,285,109,92,4,87200,2697,1191,1506,1191,59,397,446,162,56,56,15,1111,1506,240,475,431,247,92,21,413,1191,405,226,99,108,353,0,1477,516,217,217,57,114,57,299,29,1003,431,467,105,0,0,0,0,603,275,978,140,71,42,102,198,425,300
2016,Brooks County; Georgia,7657,6482,1175,1.5,7.6,7657,4762,33,113,213,133,39,22,2341,1,7657,17,117,1333,1741,1134,750,805,653,391,716,7657,39,37,656,1232,1896,1645,1104,446,13,027,602,5.5,7657,52,247,1966,3800,1378,214,6482,4698,1784,2.39,2.44,6482,224,1396,2169,1440,559,694,6482,475,2085,2397,1525,6482,578,531,5235,15,0,108,0,0,15,6482,12,28,217,6482,6183,173,126,4698,1473,1098,906,670,299,158,59,35,91400,4698,2509,2189,2509,195,1035,981,223,32,17,26,1009,2189,605,733,641,126,39,45,345,2504,934,326,268,238,738,5,2184,719,444,335,180,172,78,256,5,1446,318,1057,28,15,28,0,0,615,338,1406,166,173,179,128,137,623,378
2016,Gordon County; Georgia,22255,19779,2476,4.0,8.2,22255,15392,206,578,559,899,681,446,3472,22,22255,80,268,5139,5182,3737,3081,2211,1135,672,750,22255,279,174,1127,3928,5977,4820,2844,1360,13,129,1746,5.4,22255,294,1206,6042,11120,2957,636,19779,12582,7197,2.69,3.01,19779,871,6471,6415,3185,1141,1696,19779,1036,5932,7999,4812,19779,4598,2252,12407,59,0,393,0,20,50,19779,73,132,892,19779,19207,416,156,12582,1667,3773,3092,1373,1599,803,241,34,112300,12582,7360,5222,7360,250,3154,2491,987,346,36,96,1044,5222,1157,2026,1483,344,120,92,355,7282,3409,1184,630,464,1595,78,5124,2483,970,582,248,300,179,362,98,6592,1010,4874,524,120,16,40,8,660,605,6420,845,893,974,674,710,2324,777
2016,Elbert County; Georgia,9509,7611,1898,1.7,5.4,9509,6167,56,100,41,377,53,108,2593,14,9509,143,49,880,1591,1449,2035,1546,761,317,738,9509,35,12,344,1480,2723,2007,1512,763,13,105,633,5.6,9509,35,478,2948,4822,1002,224,7611,5329,2282,2.59,2.34,7611,217,1588,2241,1590,685,1290,7611,596,2739,2416,1860,7611,2667,709,3887,72,0,245,0,0,31,7611,33,65,268,7611,7482,120,9,5329,1340,1760,893,547,510,176,41,62,83700,5329,2534,2795,2534,71,1226,749,364,32,33,59,988,2795,662,1127,781,143,69,13,362,2532,1188,271,281,167,625,2,2766,1096,561,254,323,89,89,354,29,1981,628,1287,43,23,0,0,0,616,301,1867,196,289,244,132,153,853,415
2016,Fayette County; Georgia,41391,38933,2458,0.8,5.9,41391,35081,1158,414,347,1196,725,1286,1135,49,41391,177,589,8138,11604,11916,6425,1404,418,131,589,41391,238,228,1062,3194,4920,5838,6536,6526,13,113,12849,7.3,41391,238,1272,5121,15059,13325,6376,38933,31416,7517,2.85,2.60,38933,1830,10304,14033,7308,3565,1893,38933,1055,9357,15738,12783,38933,24776,1545,12266,69,0,201,0,28,48,38933,44,208,498,38933,38410,355,168,31416,1189,1196,3491,5789,9441,7810,2303,197,240200,31416,22347,9069,22347,133,2699,5430,6408,3489,1966,2222,1728,9069,698,2674,3068,1693,515,421,473,22284,11023,3547,2093,1334,4287,63,8998,4856,1966,740,364,241,196,635,71,6933,245,2312,2687,955,430,196,108,1138,584,6776,846,1057,1091,628,654,2500,741
2016,Jenkins County; Georgia,4804,3554,1250,2.3,8.1,4804,3101,23,83,18,134,0,0,1445,0,4804,0,8,474,1196,492,911,558,388,211,566,4804,97,95,117,802,1164,1395,560,174,13,165,400,5.6,4804,97,139,1511,2365,568,124,3554,2426,1128,2.50,2.58,3554,111,636,1377,511,288,631,3554,478,1398,1126,552,3554,534,183,2712,0,0,114,0,0,11,3554,0,101,85,3554,3372,105,77,2426,1025,689,255,107,305,14,19,12,60600,2426,894,1532,894,63,382,155,170,0,27,97,1005,1532,302,766,305,159,0,0,335,864,302,203,89,35,235,30,1532,470,375,172,43,51,61,360,0,886,427,418,13,28,0,0,0,505,242,856,213,103,91,41,0,408,272
2016,Newton County; Georgia,38414,35090,3324,2.3,3.2,38414,32124,460,1084,753,536,543,842,1993,79,38414,56,434,13807,9705,4948,3704,2320,1437,555,1448,38414,406,257,1563,3428,8294,8658,6634,3889,13,217,5285,6.1,38414,410,1243,5436,20083,8352,2890,35090,23930,11160,2.87,3.03,35090,1740,10672,14993,4301,1713,1671,35090,2025,10135,13263,9667,35090,10807,1406,22460,25,0,323,0,12,57,35090,46,197,822,35090,34493,404,193,23930,2560,6509,6192,4029,2837,1485,161,157,117900,23930,18151,5779,18151,280,5552,7449,3070,1059,411,330,1193,5779,1262,2014,1874,468,100,61,379,18063,7260,3023,1783,1736,4261,88,5651,2746,1203,323,467,293,109,510,128,10612,816,5598,3406,718,54,20,0,894,548,10484,1262,1125,1307,1243,1001,4546,676
2016,Greene County; Georgia,9050,6673,2377,3.7,11.8,9050,6736,171,99,213,37,124,66,1604,0,9050,18,220,2467,2033,1352,971,825,324,243,597,9050,50,32,243,880,1909,1951,1313,925,13,133,1747,6.2,9050,58,294,1912,4483,1650,653,6673,4849,1824,2.34,2.72,6673,301,1711,2382,1143,499,637,6673,556,2125,2515,1477,6673,829,856,4713,35,0,197,4,24,15,6673,61,40,195,6673,6579,44,50,4849,734,928,533,310,284,641,969,450,182800,4849,2355,2494,2355,23,665,596,309,184,228,350,1409,2494,402,633,619,294,238,308,468,2350,873,341,234,126,776,5,2457,825,504,312,178,125,70,443,37,1637,386,966,223,22,30,6,4,654,187,1539,170,244,203,90,181,651,285
2016,Colquitt County; Georgia,18289,15380,2909,3.1,7.8,18289,10168,473,425,567,538,370,216,5505,27,18289,142,359,2139,4368,3356,3041,2108,1259,555,962,18289,108,328,1569,3078,4315,3856,2335,1209,13,071,1491,5.4,18289,123,1290,4463,9349,2669,395,15380,9513,5867,2.96,2.88,15380,1123,4602,4300,2653,1349,1353,15380,1637,5447,5467,2829,15380,945,688,13512,32,0,138,0,10,55,15380,71,44,371,15380,14637,598,145,9513,2362,3334,1241,1026,795,521,177,57,82600,9513,4677,4836,4677,216,2418,1282,442,245,28,46,948,4836,1437,1801,1082,349,48,119,330,4625,2006,680,479,313,1147,52,4806,2088,1081,618,212,250,77,480,30,5277,1707,2991,453,78,14,34,0,595,590,5116,750,567,509,311,501,2478,751
2016,Dawson County; Georgia,10645,8522,2123,3.8,4.1,10645,8884,137,43,148,231,71,40,1091,0,10645,66,182,3656,3191,1823,875,460,189,83,120,10645,88,29,493,1114,1738,2306,1662,1093,13,085,2122,6.3,10645,88,277,1544,5571,2095,1070,8522,6602,1920,2.57,3.01,8522,383,2222,3611,1635,457,214,8522,259,1970,3872,2421,8522,1752,2434,4065,53,0,197,0,11,10,8522,0,80,186,8522,8414,61,47,6602,469,446,1172,1288,1102,1201,640,284,196400,6602,4265,2337,4265,65,729,1513,900,433,309,316,1442,2337,389,731,522,488,149,58,413,4230,1612,663,539,404,1012,35,2277,1231,326,280,109,93,64,174,60,1637,97,836,584,71,49,0,0,938,283,1541,308,186,212,90,158,587,379
2016,Clayton County; Georgia,104699,90182,14517,1.9,14.7,104699,66799,4816,1467,3906,11606,7402,5548,3121,34,104699,172,630,25215,17977,19159,21713,12890,4442,1329,1172,104699,1141,754,5695,15723,24795,23250,15598,9922,13,063,7821,5.7,104699,1161,7855,22701,48355,19627,5000,90182,45993,44189,2.94,2.96,90182,6627,36946,27445,11784,3903,3477,90182,6601,37422,29926,16233,90182,47328,1293,40865,72,0,111,47,18,448,90182,309,423,2187,90182,86721,2673,788,45993,8248,19474,10702,4813,1600,798,269,89,86700,45993,34098,11895,34098,855,11300,15677,4718,1045,290,213,1132,11895,1932,4500,3987,1159,232,85,381,33730,13809,5027,3795,2875,8224,368,11617,5305,2278,1311,800,536,319,1068,278,42942,1308,26989,13235,1270,109,11,20,896,1247,41575,4035,4719,4492,4821,3639,19869,2614
2016,Hall County; Georgia,69701,62327,7374,2.2,5.9,69701,50247,2294,1046,1254,1987,2676,2789,7408,0,69701,470,899,18353,17192,11414,9072,4922,3954,1442,1983,69701,793,624,2786,9189,16409,13290,9870,6073,13,139,10667,5.9,69701,832,3443,15121,32044,12981,5280,62327,41012,21315,2.95,3.16,62327,3175,20623,22607,8936,3381,3605,62327,3326,17388,25193,16420,62327,20422,2265,38727,74,0,583,0,22,234,62327,185,454,1816,62327,59014,2529,784,41012,3178,6219,8213,7542,7378,5688,2310,484,164500,41012,26892,14120,26892,460,6297,10177,5115,2289,1152,1402,1307,14120,2219,5007,4288,1710,459,437,395,26785,11321,4320,3059,1769,6316,107,13849,6961,2772,1364,641,491,281,1339,271,19899,1636,11971,4978,735,213,84,282,871,1416,19477,2446,2658,2455,2709,1729,7480,1838
2016,Johnson County; Georgia,4064,3168,896,5.3,7.5,4064,2576,38,131,94,77,0,71,1065,12,4064,6,98,385,733,687,678,354,365,144,614,4064,118,29,277,806,1203,775,376,220,13,167,260,5.2,4064,123,222,1131,2066,435,87,3168,2243,925,2.96,3.04,3168,107,734,836,734,361,396,3168,356,875,1189,748,3168,327,496,2218,1,0,109,0,0,17,3168,31,36,103,3168,3083,42,43,2243,889,721,295,155,153,0,30,0,63800,2243,915,1328,915,58,505,243,109,0,0,0,908,1328,310,481,329,179,29,0,367,915,341,166,136,46,226,0,1282,532,270,144,86,70,50,130,46,714,369,345,0,0,0,0,0,494,211,655,118,83,40,57,64,293,270
2016,Madison County; Georgia,11762,10348,1414,0.2,6.7,11762,8035,135,133,105,43,3,11,3283,14,11762,18,221,1923,2651,1899,2021,1110,700,313,906,11762,131,61,343,1304,3503,2373,1766,1181,13,195,1100,5.7,11762,133,216,3050,6345,1625,393,10348,7567,2781,2.62,2.97,10348,476,2615,3313,1592,879,1473,10348,366,2280,4510,3192,10348,1267,1417,6909,16,0,682,0,0,57,10348,54,77,306,10348,9981,309,58,7567,1126,1773,1848,995,1292,407,64,62,122800,7567,3795,3772,3795,154,1546,1293,419,269,95,19,1079,3772,988,1485,916,232,105,46,330,3795,1867,567,385,185,791,0,3698,1852,612,354,347,163,125,245,74,2147,285,1477,350,29,6,0,0,713,634,2118,485,241,243,238,55,856,663
2016,Tift County; Georgia,16415,14451,1964,0.6,0.0,16415,9865,272,574,763,542,64,430,3905,0,16415,28,310,2211,3769,2794,3021,1581,1130,960,611,16415,179,103,532,1119,3540,3044,4304,1770,13,277,1824,6.4,16415,188,711,3574,9717,1711,514,14451,8328,6123,2.61,2.77,14451,629,4347,4906,2406,923,1240,14451,1702,5506,4924,2319,14451,1083,696,12449,15,0,28,0,4,176,14451,49,134,1744,14451,14247,123,81,8328,1708,1916,1522,1413,1019,587,96,67,118300,8328,4834,3494,4834,175,1877,1560,690,308,85,139,1101,3494,681,1477,878,302,109,47,347,4726,2087,644,471,345,1179,108,3368,1693,560,343,226,136,98,312,126,5729,1610,3526,506,48,0,0,39,592,394,5142,890,486,763,604,341,2058,981
2016,Talbot County; Georgia,3362,2729,633,2.3,5.5,3362,2026,25,45,17,23,33,24,1169,0,3362,2,33,448,734,700,442,315,158,123,407,3362,10,30,121,477,858,616,612,358,13,263,280,5.8,3362,10,132,633,1996,478,113,2729,2229,500,2.32,2.36,2729,27,398,902,594,411,397,2729,207,849,770,903,2729,194,982,1435,16,0,94,0,4,4,2729,1,1,83,2729,2664,65,0,2229,659,729,359,190,193,79,11,9,75000,2229,1045,1184,1045,44,421,423,123,6,18,10,1046,1184,118,511,316,191,27,21,386,1035,370,118,131,115,301,10,1149,357,214,126,138,52,35,227,35,333,108,210,15,0,0,0,0,563,167,270,44,37,16,41,33,99,230
2016,Terrell County; Georgia,4167,3312,855,0.5,7.5,4167,3127,10,150,60,113,39,23,645,0,4167,6,18,363,789,721,683,445,284,121,737,4167,13,19,143,806,947,1003,496,385,13,273,355,5.7,4167,13,184,1039,2154,686,91,3312,1957,1355,2.22,3.30,3312,115,784,1083,487,449,394,3312,404,1105,1179,624,3312,378,356,2491,28,0,47,0,10,2,3312,20,37,116,3312,3245,67,0,1957,433,678,349,198,188,99,0,12,86500,1957,942,1015,942,57,499,223,84,63,16,0,949,1015,169,381,253,165,40,7,374,936,370,108,133,52,273,6,1005,330,183,133,139,36,45,139,10,1121,335,707,70,2,6,1,0,632,234,1058,225,103,54,54,63,559,297
2016,Wilkinson County; Georgia,4427,3297,1130,1.1,3.6,4427,2729,6,28,47,99,6,0,1506,6,4427,18,58,461,943,818,799,515,378,178,259,4427,14,21,185,670,1516,1083,437,285,13,319,216,5.4,4427,25,149,1325,2363,474,91,3297,2512,785,2.80,2.76,3297,86,640,927,678,398,568,3297,265,1073,1096,863,3297,422,370,2335,9,0,126,0,2,33,3297,16,16,62,3297,3213,63,21,2512,785,1012,360,230,69,50,0,6,69600,2512,928,1584,928,4,530,310,63,15,6,0,951,1584,403,564,479,104,22,12,343,917,487,91,82,59,198,11,1548,733,264,269,50,40,55,137,36,564,162,382,20,0,0,0,0,602,221,518,120,49,27,35,65,222,267
2016,Randolph County; Georgia,3586,2819,767,0.0,2.0,3586,2440,22,105,20,67,0,16,902,14,3586,0,96,217,816,573,363,411,196,247,667,3586,26,76,131,807,1355,475,225,281,13,243,210,5.1,3586,61,257,937,1776,470,85,2819,1624,1195,2.51,2.48,2819,142,887,667,430,258,435,2819,588,959,699,573,2819,316,512,1883,21,0,78,0,9,0,2819,59,56,100,2819,2726,79,14,1624,510,537,236,95,129,68,49,0,71600,1624,728,896,728,72,363,191,14,84,0,4,931,896,275,297,212,41,7,64,326,728,210,114,0,113,291,0,866,251,298,153,31,44,15,74,30,889,255,634,0,0,0,0,0,588,306,823,76,146,147,68,105,281,372
2016,Ware County; Georgia,16411,13847,2564,3.8,3.6,16411,10563,225,650,357,724,267,287,3334,4,16411,33,218,1745,3057,2097,3012,1691,1831,939,1788,16411,133,138,806,2448,3829,4110,2682,1158,13,299,1107,5.7,16411,157,788,4259,9088,1812,307,13847,8506,5341,2.39,2.41,13847,795,4358,3789,2207,1086,1612,13847,1506,4400,5348,2593,13847,1269,406,11744,16,0,254,0,0,158,13847,28,78,518,13847,13516,277,54,8506,2422,3016,1304,1028,438,126,70,102,77100,8506,3871,4635,3871,241,1933,1218,326,58,27,68,936,4635,1104,1986,1197,236,91,21,339,3832,1952,434,383,194,869,39,4586,1994,874,469,381,250,162,456,49,4525,1228,2836,442,0,19,0,0,652,816,4396,772,339,454,602,403,1826,945
2016,Wilcox County; Georgia,3483,2698,785,0.0,3.2,3483,2192,7,54,16,22,3,6,1178,5,3483,5,78,323,563,626,622,428,261,220,357,3483,5,38,66,619,1208,621,471,272,13,315,183,5.3,3483,5,71,880,2108,316,103,2698,1955,743,2.51,2.56,2698,61,627,869,435,323,383,2698,148,1002,942,606,2698,45,259,2286,7,0,89,0,3,9,2698,33,27,213,2698,2645,53,0,1955,748,566,359,142,68,46,15,11,67300,1955,876,1079,876,43,450,228,130,25,0,0,950,1079,376,413,220,53,17,0,310,866,477,51,30,69,239,10,1061,457,211,125,74,35,55,104,18,494,273,212,9,0,0,0,0,479,249,472,89,73,31,30,17,232,271
2016,Irwin County; Georgia,4011,3279,732,1.7,0.0,4011,2602,5,183,60,4,0,32,1125,0,4011,21,18,343,1013,685,625,569,323,121,293,4011,22,0,36,329,728,829,1116,566,13,155,385,6.6,4011,22,49,903,2643,340,54,3279,2383,896,2.76,2.61,3279,126,655,1001,758,311,428,3279,263,1391,1083,542,3279,198,210,2801,0,0,37,0,0,33,3279,18,7,258,3279,3254,25,0,2383,627,925,380,186,157,57,51,0,81800,2383,980,1403,980,49,569,269,37,23,0,33,891,1403,359,541,383,72,19,29,346,948,458,98,90,56,246,32,1333,491,227,118,150,56,32,259,70,730,385,337,8,0,0,0,0,471,166,698,163,51,48,79,75,282,198
2016,Bacon County; Georgia,4743,3871,872,2.0,5.2,4743,2730,44,159,42,47,22,7,1692,0,4743,3,132,536,1088,554,782,559,517,275,297,4743,40,9,237,846,1285,857,700,374,13,005,395,5.5,4743,40,167,1202,2685,458,191,3871,2657,1214,2.72,2.83,3871,139,1103,1207,637,327,458,3871,207,1266,1590,808,3871,328,293,3179,11,0,26,0,0,34,3871,6,0,167,3871,3781,51,39,2657,1189,594,302,270,196,96,10,0,64100,2657,1082,1575,1082,43,685,273,61,15,0,5,776,1575,434,652,404,63,12,10,323,1072,658,143,62,41,168,10,1542,760,346,129,123,15,47,122,33,1008,372,550,76,10,0,0,0,551,206,978,168,161,78,118,118,335,236
2016,Burke County; Georgia,9824,8082,1742,2.6,6.8,9824,5434,30,295,465,173,12,9,3349,57,9824,33,198,1857,1683,2001,1600,753,504,356,839,9824,147,65,440,1277,2141,2570,1530,842,13,033,812,5.8,9824,147,358,2058,5404,1587,270,8082,5716,2366,2.80,2.79,8082,153,2120,2864,1233,790,922,8082,573,2769,2474,2266,8082,851,519,6538,12,0,116,0,11,35,8082,58,36,172,8082,7878,143,61,5716,1608,1880,1024,609,358,115,96,26,79800,5716,2804,2912,2804,85,1503,821,289,54,35,17,959,2912,604,1266,905,73,33,31,353,2791,1357,291,321,144,678,13,2848,1116,496,326,290,146,154,320,64,2030,953,989,88,0,0,0,0,541,336,1962,281,279,153,207,203,839,404
2016,Chattahoochee County; Georgia,3342,2578,764,3.2,8.9,3342,1253,521,361,402,192,27,30,556,0,3342,9,29,345,376,350,668,572,216,201,576,3342,40,13,63,409,825,987,543,247,13,053,215,5.8,3342,40,75,680,1361,1128,58,2578,780,1798,2.76,3.41,2578,331,1390,429,181,125,122,2578,161,894,1112,411,2578,572,368,1613,0,0,9,0,0,16,2578,2,32,92,2578,2510,53,15,780,268,299,115,53,14,13,9,9,66400,780,375,405,375,17,185,139,8,0,26,0,937,405,61,188,126,27,0,3,344,375,263,9,7,14,82,0,405,119,90,81,17,6,18,74,0,1729,119,327,823,420,35,5,0,1272,69,1708,129,235,204,200,186,754,90
2016,Decatur County; Georgia,12120,10438,1682,1.0,5.9,12120,7684,80,373,874,355,130,95,2513,16,12120,159,207,1574,2698,1759,2105,1094,786,484,1254,12120,1384,16,643,1335,3040,2275,1536,1016,13,087,875,5.4,12120,1409,321,2000,6516,1611,263,10438,6257,4181,2.43,2.56,10438,482,3304,2979,1623,876,1174,10438,1175,3691,3645,1927,10438,961,328,8993,14,0,83,0,1,58,10438,23,6,130,10438,9679,257,502,6257,1122,1740,1042,1068,871,297,95,22,111100,6257,3311,2946,3311,129,1435,1073,406,160,102,6,1037,2946,573,1204,845,272,11,41,347,3239,1296,497,377,277,792,72,2869,1256,548,266,169,125,106,399,77,3845,1124,2449,272,0,0,0,0,605,336,3144,731,400,238,263,277,1235,1037
2016,Habersham County; Georgia,18109,14856,3253,3.5,10.9,18109,13048,199,269,342,458,203,143,3447,0,18109,3,194,4069,4429,3092,2357,1540,1142,516,767,18109,160,272,1410,2748,4566,3747,2426,1211,13,137,1569,5.5,18109,160,852,4977,9358,2010,752,14856,11036,3820,2.73,2.81,14856,402,3569,5403,2533,1405,1544,14856,780,4313,5761,4002,14856,1649,2630,9704,50,0,747,7,10,59,14856,61,79,616,14856,14310,444,102,11036,1359,2351,2737,1810,1876,557,279,67,130600,11036,5822,5214,5822,259,2096,2055,770,374,136,132,1132,5214,1181,2138,1227,378,205,85,341,5812,2425,876,576,299,1636,10,5168,1936,951,625,478,364,233,581,46,3493,633,2276,515,69,0,0,0,691,327,3325,487,575,372,269,304,1318,495
2016,McIntosh County; Georgia,9289,5207,4082,3.9,3.0,9289,5313,43,54,226,81,74,93,3395,10,9289,75,134,2535,2590,1411,727,635,466,207,509,9289,117,172,617,1709,2328,1762,1129,780,13,191,675,5.4,9289,117,444,1957,5222,1255,294,5207,4116,1091,2.56,3.05,5207,156,1279,1669,1228,382,493,5207,162,1494,2431,1120,5207,372,549,4178,0,0,50,0,0,58,5207,12,0,49,5207,5170,0,37,4116,905,898,827,448,418,385,194,41,110200,4116,2274,1842,2274,29,791,808,387,181,52,26,1209,1842,413,601,531,175,57,65,378,2274,596,473,297,175,733,0,1827,732,369,187,172,141,18,208,15,915,232,517,85,81,0,0,0,717,176,915,278,53,63,94,58,369,176
2016,Monroe County; Georgia,10940,9589,1351,0.6,7.2,10940,7590,115,146,269,249,86,235,2250,0,10940,35,235,2964,2070,1965,1477,799,661,395,339,10940,126,116,336,1442,2326,2403,1388,1182,13,207,1621,6.0,10940,132,486,2583,5387,1671,681,9589,7224,2365,2.77,2.49,9589,471,1894,3882,1595,861,886,9589,583,2649,3751,2606,9589,1774,1512,6056,6,0,208,0,33,0,9589,45,42,267,9589,9346,118,125,7224,833,1370,1128,1303,1250,726,544,70,157900,7224,4330,2894,4330,97,1286,1331,791,277,271,277,1227,2894,659,910,674,469,107,75,380,4259,1896,571,483,289,1020,71,2789,1389,440,376,144,66,71,303,105,1954,320,1331,234,69,0,0,0,734,411,1863,305,249,162,219,76,852,502
2016,Taliaferro County; Georgia,1081,748,333,0.8,1.6,1081,608,8,20,0,14,9,2,420,0,1081,0,18,93,222,145,192,109,109,70,123,1081,8,0,20,165,302,271,150,100,13,265,65,5.7,1081,8,35,361,521,120,36,748,516,232,2.51,2.57,748,50,132,272,169,32,93,748,100,250,226,172,748,125,209,360,15,0,37,0,0,2,748,1,9,38,748,733,11,4,516,235,136,34,49,34,18,10,0,57000,516,160,356,160,5,83,53,18,1,0,0,968,356,80,116,83,43,12,22,383,157,52,23,12,15,55,3,345,66,58,52,40,33,37,59,11,195,78,106,8,0,0,0,3,535,37,192,20,48,23,5,21,75,40
2016,Bryan County; Georgia,12994,11788,1206,4.1,4.4,12994,9687,142,105,367,517,94,209,1873,0,12994,146,784,3855,3575,1963,1305,457,170,463,276,12994,6,61,302,1286,2783,3108,1998,1562,13,029,1888,6.2,12994,6,342,1916,6656,3142,932,11788,8181,3607,2.87,2.92,11788,742,4222,3980,1864,512,468,11788,497,2857,5229,3205,11788,1129,359,10210,4,0,46,0,11,29,11788,70,50,209,11788,11597,166,25,8181,717,802,1117,1398,2420,1329,324,74,202000,8181,5914,2267,5914,48,1105,1544,1826,764,287,340,1573,2267,410,575,705,400,77,100,442,5895,2722,1120,533,397,1123,19,2247,1219,391,201,65,81,27,263,20,3411,307,1221,984,513,208,83,95,1088,196,3298,385,459,321,401,383,1349,309
2016,Camden County; Georgia,21415,18658,2757,2.2,8.2,21415,13793,1016,725,929,1155,666,415,2707,9,21415,42,701,4961,5729,4545,2131,963,973,727,643,21415,92,283,1240,2545,5912,4523,3096,1813,13,039,1911,5.6,21415,92,1199,3756,11714,4004,650,18658,10846,7812,2.62,2.83,18658,1361,7193,5968,2650,930,556,18658,982,5267,7804,4605,18658,1576,375,16462,36,0,72,0,3,134,18658,0,80,459,18658,18331,300,27,10846,1027,1670,2639,2187,2134,809,331,49,151700,10846,7181,3665,7181,86,1867,2271,1657,732,287,281,1365,3665,814,1324,971,386,106,64,363,7150,2988,1163,724,577,1698,31,3632,1947,721,355,223,113,36,237,33,7462,476,3839,2458,514,111,56,8,933,350,7345,961,927,1074,1055,819,2509,467
2016,Crawford County; Georgia,5262,4643,619,0.1,5.2,5262,3151,23,74,27,28,16,29,1899,15,5262,0,86,1098,1601,832,804,388,159,202,92,5262,49,61,164,734,1492,1273,837,440,13,079,212,5.6,5262,49,217,946,3186,762,102,4643,3620,1023,2.68,2.56,4643,109,969,1859,1069,293,344,4643,261,1354,1710,1318,4643,369,939,3213,13,0,87,3,19,0,4643,2,0,141,4643,4528,76,39,3620,737,1215,614,709,283,20,42,0,89900,3620,1906,1714,1906,65,756,752,237,54,13,29,1069,1714,308,598,604,161,16,27,388,1873,709,234,186,138,606,33,1649,765,239,182,103,104,54,202,65,795,197,517,81,0,0,0,0,685,228,733,165,65,52,98,179,174,290
2016,Coffee County; Georgia,16909,14110,2799,2.5,5.7,16909,9489,92,467,484,215,48,103,5997,14,16909,31,306,2683,4435,3032,2615,1489,945,680,693,16909,133,111,634,1993,3683,3096,3824,1733,13,069,1702,6.1,16909,160,515,3519,9771,2589,355,14110,9308,4802,2.76,2.80,14110,673,4205,4602,2263,1078,1289,14110,1276,5838,4511,2485,14110,713,504,12633,2,0,160,0,14,84,14110,27,68,2130,14110,13787,261,62,9308,2978,2415,1488,1121,720,459,50,77,84400,9308,4641,4667,4641,346,2016,1342,376,299,185,77,992,4667,1521,1832,941,279,46,48,310,4505,1952,488,533,276,1256,136,4475,2092,781,455,343,196,143,465,192,4227,1533,2474,162,58,0,0,0,550,575,4030,759,463,389,476,328,1615,772
2016,Gilmer County; Georgia,16660,11131,5529,4.4,23.7,16660,12431,94,177,94,180,83,124,3421,56,16660,17,131,5670,4382,3023,1424,677,550,310,476,16660,184,315,1349,3712,3710,3010,1957,1104,13,123,1319,5.2,16660,227,1020,5874,7035,2146,358,11131,8366,2765,2.49,2.84,11131,563,3076,4056,2044,797,595,11131,502,3255,4296,3078,11131,1029,4634,4517,153,0,743,0,39,16,11131,86,55,224,11131,10906,161,64,8366,1331,1511,1256,1501,1652,941,138,36,152200,8366,4550,3816,4550,235,1538,1464,879,231,107,96,1147,3816,1110,1453,1016,190,27,20,323,4526,1710,656,496,591,1073,24,3734,1900,682,364,275,149,105,259,82,2397,365,1706,187,67,20,35,17,700,368,2351,389,327,177,184,314,960,414
2016,Walton County; Georgia,32636,30048,2588,1.4,5.7,32636,26772,738,1208,350,660,186,183,2393,146,32636,21,473,9446,9603,5974,3160,1466,955,422,1116,32636,212,321,786,3602,7029,7361,4916,3575,13,297,4834,6.1,32636,212,1174,4981,17058,6867,2344,30048,21795,8253,2.85,2.97,30048,1397,8571,12020,4918,1641,1501,30048,1232,7855,12398,8563,30048,8308,1266,19943,23,0,361,0,68,79,30048,84,160,871,30048,29487,452,109,21795,1128,3926,4899,4620,4193,2526,416,87,157400,21795,15019,6776,15019,242,3601,5767,3114,1322,569,404,1297,6776,945,2721,2076,652,272,110,384,14834,6371,2335,1636,1178,3314,185,6683,3194,1425,869,353,187,154,501,93,7574,923,3910,2234,314,121,54,18,898,679,7495,853,1007,1028,651,561,3395,758
2016,Dodge County; Georgia,9743,7987,1756,1.6,6.0,9743,6198,29,203,47,241,95,50,2849,31,9743,0,123,931,2062,1279,2118,1010,1059,577,584,9743,186,92,405,1895,3018,1942,1191,516,13,091,498,5.3,9743,190,457,2550,5261,1149,136,7987,5118,2869,2.43,2.25,7987,350,1952,2295,1575,715,1100,7987,797,2822,2516,1852,7987,759,522,6538,34,0,97,0,0,37,7987,47,183,664,7987,7752,210,25,5118,1926,1534,721,422,327,160,28,0,68900,5118,2161,2957,2161,90,1017,773,204,34,27,16,988,2957,1009,994,766,150,21,17,310,2148,1046,280,287,166,369,13,2888,1409,518,276,234,154,69,228,69,1964,804,1074,86,0,0,0,0,561,905,1856,265,305,444,140,180,522,1013
2016,Cherokee County; Georgia,85926,80378,5548,2.3,6.4,85926,70631,3304,589,1050,916,2809,3180,3447,0,85926,1109,2354,31040,22855,14557,8127,2193,1588,774,1329,85926,598,514,2698,8111,14446,15068,12429,10865,13,057,21197,6.6,85926,645,2571,12766,37295,20828,11821,80378,62095,18283,2.85,2.85,80378,3889,25167,32289,12007,4428,2598,80378,2624,19590,37144,21020,80378,53489,4636,21360,66,0,639,0,65,123,80378,188,401,2642,80378,78668,1405,305,62095,1922,4376,11104,12895,16187,11720,3372,519,204400,62095,47786,14309,47786,640,6091,16652,13508,5946,2678,2271,1516,14309,1902,5104,4487,1853,445,518,405,47543,22462,7488,4992,2858,9743,243,14147,7674,2514,1655,767,299,347,891,162,17363,725,7149,6412,2263,696,67,51,1061,920,17115,1792,3055,2716,1965,1654,5933,1168
2016,Lee County; Georgia,10682,10126,556,1.2,3.5,10682,7924,189,602,70,243,151,44,1459,0,10682,47,322,2855,3678,1743,1166,386,175,44,266,10682,61,44,284,870,2410,2738,1970,1176,13,177,1129,6.1,10682,68,170,1016,6403,2642,383,10126,7526,2600,2.78,2.71,10126,360,3127,3872,1752,472,543,10126,301,2590,4514,2721,10126,116,567,9329,0,0,55,0,6,53,10126,22,14,190,10126,10025,72,29,7526,738,924,1922,1894,1176,676,177,19,154800,7526,5324,2202,5324,108,1156,2105,1138,509,75,233,1327,2202,308,715,759,336,35,49,420,5322,2968,695,545,246,868,2,2172,985,492,213,328,51,14,89,30,2446,227,1352,795,39,33,0,0,865,154,2398,310,352,254,292,294,896,202
2016,Pickens County; Georgia,13706,11377,2329,1.5,8.4,13706,10675,262,126,89,208,168,191,1963,24,13706,17,203,4820,3637,1644,1384,742,480,384,395,13706,159,135,705,1620,3407,2744,1453,1519,13,227,1964,5.8,13706,166,433,2602,7185,2451,869,11377,8715,2662,2.57,2.75,11377,535,3318,4209,2161,585,569,11377,464,2628,5113,3172,11377,2171,3522,5136,120,0,349,0,58,21,11377,16,95,183,11377,11153,140,84,8715,843,1225,1221,1615,1652,1598,482,79,181100,8715,5603,3112,5603,106,1201,2135,1301,561,173,126,1301,3112,438,774,993,509,261,137,462,5576,2540,1003,496,432,1105,27,3103,1287,580,324,290,54,83,485,9,2348,312,1378,535,109,7,7,0,853,314,2348,307,378,383,239,284,757,314
2016,Cook County; Georgia,7239,5979,1260,1.2,2.8,7239,4309,67,47,214,50,26,5,2521,0,7239,12,153,947,1832,964,1305,739,604,131,552,7239,34,19,190,1220,1412,1799,1261,747,13,075,557,5.9,7239,46,158,1702,4135,1158,40,5979,4114,1865,2.71,3.10,5979,242,1823,1619,1083,507,705,5979,499,2063,2186,1231,5979,412,467,5022,17,0,24,0,0,37,5979,36,63,324,5979,5868,62,49,4114,1270,1158,689,390,423,115,50,19,80000,4114,2134,1980,2134,184,942,619,241,87,37,24,962,1980,407,879,520,99,33,42,344,2096,854,264,151,150,677,38,1910,614,468,216,181,85,74,272,70,1644,354,1131,148,7,0,4,0,689,221,1535,300,321,122,113,112,567,330
2016,Fulton County; Georgia,449933,385103,64830,2.7,8.1,449933,217063,28003,7912,16374,39257,50806,87690,2595,233,449933,2723,10252,107268,80497,65868,52677,47785,35259,17084,30520,449933,12164,12364,50577,74992,81515,63887,43136,35701,13,121,75597,5.4,449933,12860,77034,132952,115917,69336,41834,385103,197281,187822,2.65,2.34,385103,27028,166278,117580,39883,17041,17293,385103,44491,162854,129227,48531,385103,216944,3860,162006,438,19,335,9,259,1233,385103,1042,2527,10655,385103,378030,4892,2181,197281,11746,25480,21251,22379,31491,44550,31318,9066,252700,197281,147508,49773,147508,1307,17705,37465,28408,20639,14190,27794,1783,49773,4362,9739,12588,8619,4982,9483,572,146675,67163,21835,15149,9615,32913,833,49127,22743,8802,5069,3331,2058,1540,5584,646,182352,15059,69465,70468,18873,4951,1684,1852,1037,5470,176606,20888,22330,23078,21738,15847,72725,11216
2016,Union County; Georgia,14248,8873,5375,3.9,10.2,14248,11966,19,46,84,63,301,221,1525,23,14248,75,328,4275,3773,2577,1447,871,465,198,239,14248,275,212,1261,2301,2879,2866,1857,1130,13,291,1467,5.6,14248,275,890,4161,6664,1782,476,8873,6941,1932,2.43,2.40,8873,433,1784,3533,1909,891,323,8873,414,2853,3463,2143,8873,82,4205,3763,127,0,696,0,0,0,8873,18,75,216,8873,8814,25,34,6941,756,686,938,1494,1988,807,226,46,185400,6941,3007,3934,3007,79,1114,1022,453,243,90,6,1132,3934,703,1439,1243,482,47,20,381,2908,1329,541,198,219,621,99,3890,1655,735,535,392,148,165,260,44,1532,409,777,274,30,24,18,0,685,400,1525,320,115,137,200,81,672,407
2016,White County; Georgia,16000,11016,4984,4.0,18.6,16000,11870,144,129,114,537,220,73,2769,144,16000,0,184,3737,4401,3640,1962,771,659,116,530,16000,96,541,1672,2352,3599,2852,2046,1170,13,311,1672,5.4,16000,118,1068,4187,7728,2241,658,11016,7971,3045,2.46,2.67,11016,498,3111,3910,1842,842,813,11016,410,3137,4455,3014,11016,355,2546,7542,15,18,520,0,0,20,11016,87,109,256,11016,10851,145,20,7971,919,1456,1412,1601,1694,751,114,24,155200,7971,4116,3855,4116,137,1219,1662,776,169,85,68,1187,3855,778,1219,1297,351,147,63,390,4035,1577,540,363,336,1219,81,3807,1770,646,420,292,198,154,327,48,2597,283,1789,504,21,0,0,0,759,448,2553,355,173,360,291,217,1157,492
2016,Paulding County; Georgia,53398,50017,3381,1.6,5.2,53398,47934,777,546,652,682,575,457,1757,18,53398,479,634,23674,15991,6566,2910,1044,766,629,705,53398,288,144,765,3915,11486,12532,8676,6382,13,223,9210,6.3,53398,303,678,5132,30150,12184,4951,50017,39269,10748,2.99,2.96,50017,2303,14503,22381,6983,2524,1323,50017,1133,12482,22764,13638,50017,28087,2870,18052,57,0,491,0,163,297,50017,194,226,992,50017,49080,742,195,39269,1832,8977,10649,8618,6036,2586,485,86,140600,39269,30981,8288,30981,525,7907,12464,6817,2204,843,221,1241,8288,1222,3171,2858,592,305,140,388,30711,14225,4943,3422,2108,6013,270,8176,3799,1577,916,513,200,304,867,112,10129,733,3898,4393,868,111,109,17,1036,619,10046,1400,1581,1262,666,1003,4134,702
2016,Richmond County; Georgia,87290,72470,14820,4.2,8.9,87290,53896,3800,2666,5357,7845,3811,2984,6900,31,87290,403,1919,10339,12203,14736,14491,12580,9934,4532,6153,87290,1054,1679,6588,14710,18394,19210,11294,7646,13,245,6715,5.6,87290,1101,8523,24012,37404,13693,2557,72470,38092,34378,2.65,2.64,72470,4830,26894,19310,10321,4933,6182,72470,7228,29690,23334,12218,72470,28909,1179,41501,86,17,270,0,107,401,72470,364,429,2536,72470,70954,1073,443,38092,5142,13769,9306,5207,2688,1285,535,160,100600,38092,23692,14400,23692,512,10050,8791,3010,765,139,425,1067,14400,2480,5252,4888,1072,435,273,386,23396,9836,3289,2425,1895,5951,296,14001,6307,2813,1755,944,473,388,1321,399,32669,3971,20992,7083,559,44,0,20,794,1709,31120,3029,3975,3731,3284,2570,14531,3258
2016,Berrien County; Georgia,8641,7108,1533,0.6,1.5,8641,5096,91,151,130,89,23,34,3027,0,8641,0,137,1432,1887,1218,1548,785,781,399,454,8641,75,84,249,723,1739,1983,1762,1027,13,019,999,6.2,8641,77,324,1880,4743,1435,182,7108,5058,2050,2.62,2.71,7108,458,1809,2246,1235,682,678,7108,706,2727,2382,1293,7108,333,379,6305,11,0,25,0,0,55,7108,92,28,727,7108,7023,63,22,5058,1506,1581,848,493,380,224,23,3,82300,5058,2533,2525,2533,244,1316,607,238,101,22,5,912,2525,835,890,512,189,61,38,318,2438,1052,258,316,192,620,95,2368,1038,417,217,281,116,98,201,157,1775,684,962,123,6,0,0,0,580,275,1549,208,233,203,171,59,675,501
2016,Barrow County; Georgia,26902,24000,2902,3.4,6.3,26902,22276,379,736,305,326,204,134,2542,0,26902,227,382,10114,6208,4063,2414,1440,1012,366,676,26902,127,98,579,2231,6490,6251,4580,2958,13,013,3588,6.1,26902,175,590,4020,15776,4695,1646,24000,17461,6539,2.93,3.35,24000,1162,7253,10096,3332,1114,1043,24000,832,6247,10019,6902,24000,4556,934,17949,86,0,325,0,40,110,24000,99,107,903,24000,23484,417,99,17461,1116,4254,6313,2855,1531,899,401,92,123200,17461,12814,4647,12814,191,4241,6168,1395,458,157,204,1141,4647,938,1623,1509,372,74,131,377,12752,5608,2055,1491,1058,2540,62,4530,2159,699,539,290,203,68,572,117,6059,443,3088,2093,425,10,0,0,928,480,5967,770,921,895,717,609,2055,572
2016,Clinch County; Georgia,2966,2524,442,0.6,0.8,2966,1856,12,48,118,23,10,7,892,0,2966,0,24,183,639,478,565,565,246,126,140,2966,17,9,158,466,726,678,399,266,13,065,247,5.7,2966,17,135,959,1403,395,57,2524,1797,727,2.47,2.68,2524,49,650,862,457,223,283,2524,286,1051,636,551,2524,148,55,2287,12,0,9,0,8,5,2524,0,15,218,2524,2490,34,0,1797,722,452,165,172,125,147,14,0,65400,1797,688,1109,688,2,287,232,71,36,31,29,1076,1109,339,414,287,22,24,23,303,657,278,91,27,33,228,31,1047,386,188,87,91,75,53,167,62,571,316,242,13,0,0,0,0,456,156,493,89,43,88,20,43,210,234
2016,Grady County; Georgia,10668,9165,1503,2.4,2.9,10668,6833,40,223,251,150,96,68,2996,11,10668,50,299,2082,2385,1617,1547,858,732,291,807,10668,123,34,709,1993,2539,2337,1477,748,13,131,708,5.5,10668,141,322,2462,6233,1261,249,9165,5434,3731,2.47,3.10,9165,317,2798,2940,1495,779,836,9165,795,2657,3545,2168,9165,911,528,7366,21,0,187,13,9,130,9165,29,52,448,9165,8973,167,25,5434,1011,1550,865,818,675,385,106,24,108200,5434,2720,2714,2720,82,1100,681,564,213,69,11,1098,2714,467,849,1004,238,123,33,407,2720,1057,428,332,206,697,0,2659,921,532,449,212,90,195,260,55,3107,437,2022,578,59,0,0,11,739,624,2858,260,387,291,216,260,1444,873
2016,Whitfield County; Georgia,39679,34814,4865,2.8,9.8,39679,25705,1040,1237,1825,1862,1717,1114,5179,0,39679,81,198,5808,7634,7282,7776,5344,3120,1472,964,39679,1128,531,2049,7126,10700,7965,3919,2931,13,313,3330,5.3,39679,1212,2109,11990,17823,5283,1262,34814,22040,12774,2.93,2.96,34814,1719,10819,11025,5022,2895,3334,34814,2184,10977,12834,8819,34814,3302,2044,28899,33,0,295,0,112,129,34814,49,220,2243,34814,32793,1795,226,22040,2300,6115,5910,3340,2284,1500,491,100,120200,22040,12874,9166,12874,389,5521,4354,1514,579,171,346,1048,9166,2554,3446,2338,531,184,113,330,12816,5997,2129,1080,915,2695,58,9080,4508,1614,1077,643,348,198,692,86,12041,2035,8914,962,120,10,0,0,669,733,11759,1772,1578,1617,1315,1178,4299,1015
2016,Macon County; Georgia,6049,4546,1503,4.3,7.9,6049,3744,39,188,215,167,74,35,1587,0,6049,0,14,583,1059,1107,992,766,560,362,606,6049,73,13,453,1106,1708,1030,739,541,13,193,386,5.3,6049,73,255,1446,3396,688,191,4546,2822,1724,2.68,2.56,4546,195,996,1355,1002,387,611,4546,719,1508,1305,1014,4546,692,807,2912,44,0,64,0,13,14,4546,31,9,127,4546,4434,71,41,2822,996,1059,436,131,97,81,21,1,69800,2822,1187,1635,1187,51,690,404,29,3,4,6,907,1635,383,520,434,205,90,3,349,1175,508,168,71,110,318,12,1604,566,222,153,245,117,39,262,31,1474,513,917,36,8,0,0,0,566,250,1381,70,172,183,164,53,739,343
2016,Harris County; Georgia,13684,11699,1985,1.9,3.0,13684,12022,41,171,37,109,76,149,1079,0,13684,119,422,3206,3669,2169,1536,806,674,179,904,13684,33,22,459,1056,2112,3284,2867,1675,13,145,2176,6.5,13684,37,263,2383,6970,3424,607,11699,9776,1923,2.78,2.78,11699,303,2257,4593,2378,993,1175,11699,426,2433,4646,4194,11699,1022,1891,8294,17,0,368,0,0,107,11699,29,22,212,11699,11587,87,25,9776,549,1371,1377,1586,2918,1447,483,45,200200,9776,6300,3476,6300,87,905,2186,1672,939,344,167,1494,3476,341,1035,1189,476,239,196,458,6300,2566,1027,687,515,1505,0,3445,1471,561,364,244,309,194,302,31,1674,239,877,447,64,47,0,0,872,249,1605,228,146,239,243,104,645,318
2016,Worth County; Georgia,9205,7873,1332,0.7,5.2,9205,4851,93,312,160,53,69,106,3561,0,9205,51,147,1100,1936,2031,1499,933,441,245,822,9205,25,23,713,1504,2149,2154,1112,862,13,321,663,5.6,9205,25,302,2243,5283,1165,187,7873,5533,2340,2.65,2.63,7873,163,1992,2309,1731,829,849,7873,560,2697,2725,1891,7873,565,892,6224,0,0,107,0,10,75,7873,0,102,160,7873,7786,62,25,5533,1629,1900,948,406,405,147,84,14,77800,5533,2481,3052,2481,57,1252,718,364,62,0,28,978,3052,613,1201,906,232,67,33,364,2479,1089,422,294,125,549,2,3021,1273,658,422,154,154,90,270,31,1955,315,1519,65,56,0,0,0,636,385,1942,180,132,346,223,132,929,398
2016,Dooly County; Georgia,6228,5140,1088,1.6,6.0,6228,3720,81,176,196,181,9,50,1807,8,6228,0,90,509,1309,908,1032,729,582,370,699,6228,159,86,323,812,1816,1024,980,557,13,093,471,5.5,6228,159,325,1102,3729,771,142,5140,3296,1844,2.51,2.27,5140,304,1144,1500,909,609,674,5140,390,1765,1985,1000,5140,460,578,4000,28,0,43,0,13,18,5140,34,98,196,5140,4925,103,112,3296,1007,1003,599,373,234,61,9,10,83600,3296,1502,1794,1502,34,804,448,101,115,0,0,957,1794,327,717,489,176,81,4,358,1494,620,179,178,59,458,8,1755,636,512,210,180,29,28,160,39,1606,761,799,37,0,0,9,0,521,238,1543,236,188,164,130,135,690,301
2016,Webster County; Georgia,1365,1025,340,0.0,7.6,1365,655,0,16,25,13,0,0,656,0,1365,0,0,128,368,216,318,138,61,42,94,1365,0,9,41,238,315,366,211,102,13,307,83,5.7,1365,0,66,327,780,165,27,1025,831,194,2.74,2.03,1025,35,220,302,226,136,106,1025,93,353,303,276,1025,30,214,724,17,0,36,0,0,4,1025,0,6,20,1025,1013,12,0,831,411,201,84,40,41,40,14,0,50700,831,326,505,326,0,177,110,22,2,0,15,974,505,159,166,162,14,1,3,322,322,146,55,32,2,87,4,484,242,57,53,21,48,37,26,21,134,46,88,0,0,0,0,0,563,60,129,41,17,14,0,23,34,65
2016,Glascock County; Georgia,1508,1105,403,0.4,11.7,1508,894,9,12,5,0,5,8,575,0,1508,6,16,113,346,194,194,187,177,40,235,1508,2,14,35,254,392,373,221,93,13,125,124,5.7,1508,2,86,488,728,198,6,1105,844,261,2.80,2.31,1105,48,203,384,234,94,142,1105,51,315,305,434,1105,143,223,689,0,0,21,0,0,29,1105,3,0,14,1105,1059,44,2,844,300,238,163,77,52,12,2,0,68900,844,361,483,361,7,219,101,18,1,0,15,934,483,119,178,153,33,0,0,343,361,129,86,16,33,97,0,473,264,97,41,36,4,8,23,10,221,129,92,0,0,0,0,0,476,40,219,55,30,28,25,10,71,42
2016,Chatham County; Georgia,122702,106749,15953,2.1,7.6,122702,76198,6477,5178,7289,8401,6232,7409,5436,82,122702,517,4221,24881,16227,17306,15938,11665,12678,6845,12424,122702,2004,2462,9462,20479,25452,26110,15311,10328,13,051,11094,5.6,122702,2096,11589,34116,53193,18326,3382,106749,57385,49364,2.60,2.45,106749,8351,41411,32020,12012,5590,7365,106749,8832,41227,39688,17002,106749,30240,1389,74325,176,15,233,0,43,328,106749,234,821,2532,106749,104656,1657,436,57385,3740,8087,9615,11602,11752,7166,4403,1020,174500,57385,37963,19422,37963,593,7103,12932,8735,4213,1603,2784,1435,19422,2150,5008,6238,2946,1395,1685,472,37724,14380,6569,3922,3252,9601,239,19229,7806,3820,2253,1401,1066,627,2256,193,47253,4105,21586,17178,3225,588,318,253,963,2111,45943,5944,4963,5612,5195,3964,20265,3421
2016,Lumpkin County; Georgia,13089,11255,1834,1.3,4.0,13089,8665,488,120,452,343,145,153,2673,50,13089,90,189,4028,3703,2289,1430,766,379,55,160,13089,147,100,1276,2434,2579,2112,1842,1145,13,187,1454,5.5,13089,159,405,4128,6000,1726,671,11255,7227,4028,2.70,2.51,11255,539,3920,4101,1433,674,588,11255,342,3313,4813,2787,11255,811,2626,7170,26,16,458,0,29,119,11255,45,107,219,11255,11056,162,37,7227,682,1030,1193,1478,1480,842,522,0,171900,7227,4453,2774,4453,50,1191,1883,615,252,247,215,1244,2774,821,1007,654,210,15,67,337,4411,1652,728,497,438,1096,42,2737,1402,535,239,143,124,62,232,37,3416,372,2286,609,123,10,0,16,853,612,3208,280,197,317,358,214,1842,820
2016,McDuffie County; Georgia,9257,8067,1190,5.5,7.5,9257,6182,45,260,195,114,40,308,2113,0,9257,0,52,983,1843,1389,2139,1458,683,306,404,9257,117,63,280,1137,2621,2367,1292,696,13,189,684,5.7,9257,117,462,2237,4877,1398,166,8067,4970,3097,2.64,2.63,8067,387,2256,2457,1450,518,999,8067,636,2698,2702,2031,8067,2108,1022,4693,14,0,173,0,14,43,8067,0,4,133,8067,7773,195,99,4970,782,1685,840,670,629,273,72,19,101100,4970,2949,2021,2949,50,1170,1040,414,209,45,21,1100,2021,497,721,640,138,11,14,338,2924,1134,510,355,262,663,25,1993,879,368,198,188,122,54,184,28,2882,883,1797,182,20,0,0,0,616,215,2783,313,519,143,328,171,1309,314
2016,Miller County; Georgia,2749,2251,498,1.3,6.1,2749,1988,0,33,122,41,10,17,531,7,2749,26,24,333,305,535,549,368,280,97,232,2749,158,71,51,399,685,485,517,144,13,201,239,5.5,2749,158,222,451,1491,376,51,2251,1538,713,2.38,2.91,2251,58,613,484,353,306,437,2251,174,772,813,492,2251,146,186,1908,8,0,0,0,0,3,2251,13,19,57,2251,2077,68,106,1538,401,448,244,235,174,18,18,0,89400,1538,717,821,717,13,245,364,60,35,0,0,1113,821,159,233,317,106,6,0,410,700,321,52,103,109,115,17,803,233,220,101,61,20,54,114,18,621,179,414,18,10,0,0,0,621,92,524,84,69,63,44,18,246,189
2016,Morgan County; Georgia,7520,6648,872,0.7,2.3,7520,5948,18,171,117,0,0,34,1229,3,7520,0,74,2039,1665,991,1066,582,389,150,564,7520,20,7,224,789,1538,2069,1147,636,13,211,1090,6.1,7520,20,148,1259,4305,1405,383,6648,4976,1672,2.59,2.91,6648,433,1254,2352,1129,684,796,6648,235,1631,2604,2178,6648,738,684,4825,5,0,367,0,0,29,6648,9,4,200,6648,6531,93,24,4976,426,685,639,921,1020,886,295,104,190100,4976,3059,1917,3059,37,936,974,627,266,106,113,1293,1917,191,601,689,232,131,73,444,3021,1126,430,373,226,866,38,1909,785,300,315,105,145,37,222,8,1387,136,782,438,31,0,0,0,837,285,1369,282,240,219,232,86,310,303
2016,Heard County; Georgia,5105,4364,741,3.4,5.0,5105,3032,12,110,127,33,6,40,1701,44,5105,13,34,769,1232,1130,784,393,218,189,343,5105,8,99,279,808,1191,1353,619,429,13,149,319,5.6,5105,9,283,1198,2683,780,152,4364,3093,1271,2.65,2.55,4364,220,1013,1563,831,440,297,4364,216,1229,1582,1337,4364,345,1581,2178,22,0,219,0,0,19,4364,0,12,119,4364,4206,147,11,3093,581,1032,489,305,399,250,27,10,94200,3093,1748,1345,1748,56,721,605,148,94,59,65,1075,1345,330,501,407,85,22,0,355,1739,685,255,294,137,368,9,1324,500,327,144,159,65,11,118,21,1097,258,679,160,0,0,0,0,747,174,1082,205,52,110,173,47,495,189
2016,Oconee County; Georgia,13121,12288,833,1.4,5.4,13121,11095,402,741,28,46,0,82,727,0,13121,163,410,3636,2949,2647,1786,699,311,96,424,13121,32,18,349,1111,2173,2349,2059,1734,13,219,3296,6.8,13121,41,141,1993,5559,3714,1673,12288,9984,2304,2.89,2.60,12288,580,3276,4720,2021,953,738,12288,327,2338,5672,3951,12288,3691,598,7806,16,0,117,16,4,40,12288,26,67,315,12288,12131,55,102,9984,404,487,1065,1592,2665,2679,969,123,242000,9984,7025,2959,7025,31,1002,2097,1486,1094,587,728,1631,2959,360,763,915,472,175,274,480,7021,3485,1060,651,454,1371,4,2924,1399,616,360,144,67,64,274,35,2122,125,1317,466,145,40,29,0,909,182,2036,332,228,448,239,93,696,268
2016,Dougherty County; Georgia,40713,35156,5557,3.3,9.9,40713,24752,1322,4292,3177,3406,1036,654,1990,84,40713,16,622,4856,5115,5652,8661,6934,5191,2322,1344,40713,706,485,2981,7998,11155,7949,4692,2349,13,095,2398,5.2,40713,736,3034,10777,21083,4519,564,35156,16090,19066,2.47,2.53,35156,2170,12613,10212,4992,2119,3050,35156,4663,14269,11089,5135,35156,7191,879,26700,47,0,122,0,14,203,35156,38,170,1069,35156,34136,701,319,16090,2479,5526,3464,2210,1390,809,153,59,100500,16090,9440,6650,9440,216,3612,3291,1340,468,222,291,1116,6650,722,2238,2405,818,384,83,423,9364,4381,1285,908,463,2327,76,6476,2486,1279,724,558,373,162,894,174,18246,3180,12965,1781,286,19,0,15,692,820,17445,1863,2093,2067,1784,1657,7981,1621
2016,Fannin County; Georgia,16592,9927,6665,5.4,20.1,16592,14043,191,78,134,83,89,94,1831,49,16592,18,94,5297,3390,2984,1634,1152,891,588,544,16592,100,327,1096,3081,4077,3889,1930,1001,13,111,1091,5.4,16592,102,816,5179,8164,1967,364,9927,7675,2252,2.40,2.40,9927,460,2461,3326,1599,889,1192,9927,444,2795,3774,2914,9927,143,3577,4910,442,0,807,0,37,11,9927,4,22,132,9927,9801,49,77,7675,992,1233,914,1605,1593,932,291,115,169800,7675,3717,3958,3717,145,1239,1249,687,232,87,78,1147,3958,796,1509,1143,282,159,69,369,3627,1203,716,366,262,1080,90,3924,1611,596,518,186,118,240,655,34,1740,322,1091,249,75,3,0,0,770,512,1637,422,122,151,167,138,637,615
2016,Henry County; Georgia,77863,71000,6863,1.9,8.9,77863,64466,1318,453,745,2391,1978,3918,2582,12,77863,296,1205,33178,23624,9779,4435,2459,1254,624,1009,77863,153,429,2568,6127,14887,16912,11823,10181,13,151,14783,6.4,77863,153,2617,9674,37762,18251,9406,71000,51522,19478,2.98,3.05,71000,3770,21977,29928,10444,3242,1639,71000,2072,20738,28363,19827,71000,38890,2189,29274,62,0,442,0,54,89,71000,164,198,1417,71000,70080,778,142,51522,3361,9424,14005,10847,8662,4273,771,179,146100,51522,40187,11335,40187,425,7871,16618,9536,3374,1411,952,1343,11335,1694,3834,3718,1461,433,195,406,39759,16684,6383,4879,2550,9263,428,11019,5670,2206,1015,538,395,294,901,316,18890,355,7246,9283,1497,509,0,0,1081,588,18593,1764,2500,3186,2251,1956,6936,885
2016,Houston County; Georgia,60547,54188,6359,0.9,7.9,60547,44229,1025,1266,2519,4157,1643,844,4848,16,60547,206,2143,15513,13112,9392,9009,5891,3517,1106,658,60547,1132,667,2250,7579,15132,14179,8399,5167,13,153,6042,5.7,60547,1198,2292,11544,32544,10770,2199,54188,35295,18893,2.69,2.77,54188,3196,18620,19152,6957,3178,3085,54188,2304,17913,22033,11938,54188,7023,1105,45640,38,0,173,15,0,194,54188,83,153,1323,54188,52553,1163,472,35295,2885,8149,9277,7296,5361,1976,246,105,136000,35295,24449,10846,24449,446,7168,10125,4360,1478,611,261,1214,10846,1507,4793,3687,619,118,122,374,24412,13018,4151,2098,1326,3819,37,10461,5381,2145,1039,365,228,471,832,385,18178,1626,11080,4734,466,267,0,5,866,715,17322,2337,2549,1883,1922,1694,6937,1571
2016,Laurens County; Georgia,21285,17622,3663,1.4,5.0,21285,13513,67,549,669,646,94,124,5588,35,21285,32,267,2870,5041,4000,2843,2334,1623,969,1306,21285,93,71,688,3426,5927,5648,2676,1348,13,175,1408,5.6,21285,93,870,5400,12225,2240,457,17622,10985,6637,2.60,2.73,17622,668,4983,5597,2932,1411,2031,17622,1413,7705,5650,2854,17622,1050,852,15434,16,0,145,0,5,120,17622,57,114,411,17622,17314,263,45,10985,2750,3630,1700,1360,1109,344,53,39,85300,10985,3888,7097,3888,115,1505,1356,501,238,62,111,1084,7097,1642,3164,1775,409,94,13,341,3866,1647,649,506,206,858,22,6918,3246,1234,771,443,491,203,530,179,5731,1932,3339,370,75,15,0,0,577,906,5018,987,375,498,403,365,2390,1619
2016,Long County; Georgia,6238,5173,1065,3.5,17.9,6238,2963,3,26,18,97,21,53,3010,47,6238,78,560,1807,1542,1090,555,179,250,121,56,6238,44,119,338,1035,1713,1155,886,542,13,183,406,5.4,6238,44,210,1128,3349,1320,187,5173,3421,1752,3.41,3.09,5173,242,1952,1869,724,172,214,5173,248,1575,1955,1395,5173,92,275,4747,0,0,27,0,19,13,5173,13,42,102,5173,5030,85,58,3421,663,1053,488,743,407,40,10,17,99800,3421,2333,1088,2333,7,860,1140,271,55,0,0,1103,1088,272,478,276,52,10,0,344,2311,1208,278,339,176,310,22,1062,627,144,112,11,87,0,81,26,1614,230,1019,290,75,0,0,0,726,138,1578,139,261,116,295,115,652,174
2016,Spalding County; Georgia,27005,22914,4091,6.4,10.2,27005,20735,548,870,890,848,367,543,2195,9,27005,25,534,4580,4828,3797,4295,3095,2724,1655,1472,27005,302,157,1059,4352,7821,5449,3701,2003,13,255,2161,5.5,27005,317,1530,7347,13467,3419,925,22914,13986,8928,2.66,2.86,22914,906,7783,7107,3398,1930,1790,22914,2062,7712,8361,4779,22914,9302,2772,10546,8,0,230,12,12,32,22914,18,242,708,22914,22350,352,212,13986,1550,4643,3041,2396,1425,680,155,96,110300,13986,8948,5038,8948,177,3168,3372,1343,619,177,92,1137,5038,717,1901,1604,536,210,70,393,8895,3362,1575,984,509,2465,53,4863,1973,1098,633,291,181,208,479,175,8437,1028,5529,1806,74,0,0,0,804,491,8177,773,655,767,1162,767,4053,751
2016,Stephens County; Georgia,12522,9189,3333,4.3,13.1,12522,8342,231,399,452,163,71,84,2780,0,12522,14,113,1550,2415,2462,1978,1203,1184,1011,592,12522,150,199,864,2298,2732,2586,1630,1082,13,257,981,5.5,12522,156,797,3642,6392,1024,511,9189,6564,2625,2.74,2.63,9189,263,2131,2816,1784,867,1328,9189,625,2680,3208,2676,9189,2150,1174,5207,97,0,522,0,28,11,9189,41,74,183,9189,8941,190,58,6564,1244,2133,1260,915,536,340,136,0,95900,6564,3170,3394,3170,93,1262,1017,428,243,91,36,1088,3394,844,1292,818,304,103,33,352,3107,1397,462,335,159,754,63,3247,1443,778,328,159,58,41,440,147,2408,673,1503,208,24,0,0,0,585,217,2321,353,112,315,346,203,992,304
2016,Telfair County; Georgia,7202,5110,2092,1.4,16.3,7202,4240,23,185,92,184,0,20,2458,0,7202,12,41,522,892,1177,1560,771,632,832,763,7202,121,65,212,1257,3269,1029,680,333,13,271,236,5.1,7202,151,136,2012,4267,629,7,5110,3141,1969,2.39,2.58,5110,108,1224,1621,947,450,760,5110,447,1826,2079,758,5110,132,274,4646,0,0,48,0,0,10,5110,29,14,1321,5110,4967,123,20,3141,1298,978,421,198,187,59,0,0,57700,3141,1065,2076,1065,61,727,178,82,17,0,0,766,2076,583,911,437,134,11,0,324,1065,330,63,154,179,339,0,2002,727,494,280,168,72,65,196,74,1264,446,791,6,6,15,0,0,580,705,1102,139,210,212,126,65,350,867
2016,Upson County; Georgia,12114,10078,2036,5.6,7.2,12114,8625,62,300,503,219,50,173,2169,13,12114,0,91,1227,2033,1962,2037,1414,1255,907,1188,12114,195,138,488,1488,3533,3096,1584,719,13,293,873,5.6,12114,200,611,3609,6035,1341,318,10078,6744,3334,2.53,2.62,10078,498,2687,2897,1704,1047,1245,10078,1138,2957,3679,2304,10078,3283,1691,4872,40,0,106,0,12,74,10078,41,20,537,10078,9798,236,44,6744,1305,2879,1269,574,486,178,42,11,83600,6744,3600,3144,3600,78,1934,1075,382,58,65,8,955,3144,593,1416,858,206,46,25,347,3512,1559,547,422,193,791,88,2999,1180,708,351,188,166,47,359,145,2970,705,2048,190,27,0,0,0,643,364,2847,279,324,378,385,289,1192,487
2016,Washington County; Georgia,9050,7381,1669,2.8,9.2,9050,5567,23,246,179,212,24,76,2717,6,9050,5,128,1153,1745,1381,1457,1116,687,464,914,9050,121,94,502,1332,2265,2193,1217,555,13,303,771,5.6,9050,132,334,1978,4959,1385,262,7381,5153,2228,2.52,2.66,7381,248,1670,2112,1274,974,1103,7381,686,2447,2616,1632,7381,1690,943,4522,63,0,135,0,10,18,7381,84,56,172,7381,7162,124,95,5153,1555,1711,670,521,447,151,70,28,79400,5153,2307,2846,2307,75,932,871,260,96,39,34,1073,2846,624,1000,923,229,20,50,371,2263,1053,382,213,130,485,44,2791,1091,540,256,235,164,52,453,55,1930,625,1155,138,12,0,0,0,615,298,1840,311,127,242,157,156,847,388
2016,Peach County; Georgia,11287,9966,1321,2.7,8.9,11287,7331,231,477,333,679,295,60,1811,70,11287,9,326,2120,2455,1994,1549,1224,712,242,656,11287,261,140,544,1603,2508,2702,1653,714,13,225,1162,5.7,11287,261,331,2623,5388,2336,348,9966,6596,3370,2.54,2.36,9966,341,2971,3855,1364,553,882,9966,912,3416,3259,2379,9966,1859,767,7192,0,0,71,0,44,33,9966,23,3,363,9966,9752,152,62,6596,1169,1444,1400,1248,924,307,104,0,124500,6596,3874,2722,3874,102,1100,1738,609,198,83,44,1154,2722,426,801,1240,173,52,30,414,3843,1611,630,452,208,942,31,2678,1417,478,249,107,49,89,289,44,3189,857,1916,267,149,0,0,0,692,181,3042,312,376,427,363,155,1409,328
2016,Pierce County; Georgia,7971,6947,1024,0.2,2.7,7971,4860,70,92,149,91,17,94,2565,33,7971,50,132,1688,1696,1545,1325,570,347,90,528,7971,48,56,514,990,1992,1652,1071,908,13,229,740,5.7,7971,63,341,1936,4323,1049,259,6947,5294,1653,2.74,2.62,6947,285,1644,2630,1184,655,549,6947,330,2154,2958,1505,6947,346,272,6188,0,0,53,0,5,83,6947,17,44,289,6947,6837,54,56,5294,1250,1480,931,653,584,275,101,20,98100,5294,2946,2348,2946,179,1255,826,469,98,83,36,1019,2348,568,919,624,115,96,26,324,2946,1375,490,335,161,585,0,2339,1009,473,190,121,97,79,370,9,1377,505,782,90,0,0,0,0,586,276,1368,284,120,140,158,6,660,285
2016,Pike County; Georgia,6816,6026,790,2.9,8.3,6816,5665,35,66,77,103,3,42,825,0,6816,23,125,2034,1495,833,855,456,153,153,689,6816,62,5,136,681,1664,1366,1163,651,13,231,1088,6.1,6816,62,159,982,4035,1173,405,6026,5058,968,2.90,3.00,6026,168,1333,2358,970,477,720,6026,177,1235,2171,2443,6026,337,1361,3945,11,0,309,0,54,9,6026,0,32,151,6026,5896,99,31,5058,318,1151,947,924,1118,527,57,16,154200,5058,3269,1789,3269,45,764,1198,796,275,153,38,1343,1789,129,735,647,202,52,24,410,3252,1180,604,419,257,792,17,1680,575,439,101,202,89,40,234,109,859,77,579,198,5,0,0,0,777,109,851,189,110,57,124,79,292,117
2016,Screven County; Georgia,6648,5214,1434,2.3,9.1,6648,4070,8,160,158,85,0,26,2135,6,6648,18,68,737,1272,1203,1103,617,617,294,719,6648,99,57,261,842,1730,1510,923,663,13,251,563,5.7,6648,107,295,1635,3508,985,118,5214,3613,1601,2.72,2.42,5214,170,1343,1572,1053,499,577,5214,510,1640,1643,1421,5214,359,343,4318,56,0,123,0,0,15,5214,15,46,119,5214,5068,73,73,3613,1003,1159,585,261,356,151,93,5,77800,3613,1650,1963,1650,73,779,503,186,79,22,8,979,1963,381,820,568,129,45,20,348,1644,599,277,175,118,475,6,1898,778,339,232,142,95,57,255,65,1297,460,722,107,8,0,0,0,591,304,1209,229,166,132,117,16,549,392
2016,Tattnall County; Georgia,9863,7899,1964,2.6,11.8,9863,5432,104,370,141,79,7,28,3702,0,9863,20,162,1526,2514,1570,1384,832,751,323,781,9863,97,159,579,1675,2651,2142,1173,848,13,267,539,5.4,9863,129,465,2248,5491,1248,282,7899,5285,2614,2.38,2.48,7899,367,1959,3019,1054,680,820,7899,698,2432,2635,2134,7899,623,382,6762,0,0,83,0,1,48,7899,26,44,202,7899,7646,188,65,5285,1683,1368,876,572,574,164,36,12,85600,5285,2524,2761,2524,152,1234,764,232,106,35,1,954,2761,714,1155,696,126,26,44,342,2510,1091,259,295,156,709,14,2727,1136,478,272,258,180,51,352,34,2089,935,1094,60,0,0,0,0,528,525,2036,492,327,299,165,131,622,578
2016,Walker County; Georgia,30082,25581,4501,3.1,9.3,30082,22722,172,884,750,539,393,266,4356,0,30082,14,207,4361,4826,4559,4571,3577,3974,1595,2398,30082,488,235,1553,5696,7766,6077,3727,2048,13,295,2492,5.4,30082,539,1449,8150,15564,3612,768,25581,18278,7303,2.60,2.64,25581,1080,6314,8565,4123,2258,3241,25581,1311,8048,9727,6495,25581,4238,2262,18226,141,0,587,0,62,65,25581,320,255,654,25581,24783,610,188,18278,2821,5692,3627,2293,2266,1033,513,33,107500,18278,9368,8910,9368,181,4569,2649,1106,530,121,212,994,8910,2627,3291,2002,658,178,154,319,9331,4523,1245,1304,573,1686,37,8808,3913,1474,1172,850,334,225,840,102,6560,1520,4270,658,108,0,0,4,665,743,6435,631,1010,994,750,604,2446,868
2016,Gwinnett County; Georgia,298844,278996,19848,2.2,6.7,298844,217363,17068,3449,6492,16507,18975,13929,4822,239,298844,1336,5523,87492,89257,67102,32023,9340,3979,1201,1591,298844,2489,2664,15322,33006,44652,52219,43280,40036,13,135,65176,6.5,298844,2694,18930,47560,109009,85082,35569,278996,184363,94633,3.14,3.06,278996,15437,97980,107994,39249,11972,6364,278996,9232,84991,119126,65647,278996,181024,3797,92506,232,38,466,13,107,813,278996,1066,1431,5543,278996,271256,5782,1958,184363,6699,19215,41354,45274,42559,22719,5714,829,173000,184363,143393,40970,143393,1082,17480,53206,39699,18079,6952,6895,1499,40970,3894,11043,15153,6753,2432,1695,467,142327,60349,22113,15044,10209,34612,1066,40459,20520,7619,4542,2035,1399,1080,3264,511,92374,1784,35628,42041,10242,1797,589,293,1085,2259,90611,8679,11566,12089,10368,8842,39067,4022
2016,Charlton County; Georgia,4425,3474,951,1.1,8.2,4425,2276,9,106,32,26,12,14,1933,17,4425,11,108,669,1023,772,612,392,404,195,239,4425,24,59,188,749,1221,899,665,320,13,049,300,5.5,4425,30,182,1240,2328,532,113,3474,2588,886,3.42,3.30,3474,261,710,1107,649,356,391,3474,287,1034,1300,853,3474,176,130,3142,4,0,16,0,0,6,3474,4,38,105,3474,3461,13,0,2588,748,851,482,229,187,89,2,0,80400,2588,1185,1403,1185,38,652,308,148,25,14,0,906,1403,265,653,387,53,37,8,327,1177,587,134,139,41,276,8,1356,794,210,164,69,28,7,84,47,668,201,460,7,0,0,0,0,578,218,668,141,120,54,90,24,239,218
2016,Bartow County; Georgia,39935,36490,3445,2.2,3.9,39935,28821,1080,1024,840,1082,998,722,5331,37,39935,106,264,9625,12282,6527,4809,2467,1368,1151,1336,39935,219,407,1713,5701,11459,8339,5036,3113,13,015,3948,5.6,39935,266,2086,8692,20235,6996,1660,36490,23472,13018,2.77,2.76,36490,2372,11758,11962,5585,2803,2010,36490,1572,10476,14928,9514,36490,11184,3177,21074,97,0,692,0,146,120,36490,176,377,2889,36490,35462,869,159,23472,2250,5411,6371,3948,2927,1761,730,74,128200,23472,15900,7572,15900,398,5004,6002,2736,1051,308,401,1168,7572,1322,3304,2070,617,152,107,356,15859,6853,2809,1807,903,3487,41,7471,3664,1394,743,338,332,217,783,101,12189,989,7780,3089,317,14,0,0,842,829,11995,1701,1891,1764,1320,928,4391,1023
2016,Douglas County; Georgia,51891,47534,4357,2.5,6.3,51891,39662,1567,689,861,1831,2758,2358,2165,0,51891,100,787,17594,9882,8689,7954,3496,1761,846,782,51891,228,493,2606,5893,9569,10906,7737,5330,13,097,9129,6.2,51891,247,2812,8551,23637,11470,5174,47534,31228,16306,2.96,2.73,47534,2788,16930,16628,6386,2543,2259,47534,1821,15007,18570,12136,47534,27247,1659,18095,28,0,395,0,12,98,47534,139,205,819,47534,46605,758,171,31228,2479,8431,7572,5091,4927,2178,447,103,127400,31228,22412,8816,22412,241,5104,9078,4555,1973,914,547,1309,8816,1647,3309,2652,870,261,77,373,22308,9719,3956,2471,1493,4669,104,8714,4190,1749,998,738,313,238,488,102,15877,746,7641,5627,1655,123,40,45,977,429,15706,1891,2313,2087,1567,1464,6384,600
2016,Jeff Davis County; Georgia,6413,5216,1197,1.6,15.2,6413,3912,2,145,118,85,31,0,2098,22,6413,9,59,1178,1383,984,937,943,380,315,225,6413,90,54,112,1049,1932,1377,895,491,13,161,413,5.5,6413,90,152,1410,4029,639,93,5216,3848,1368,2.75,3.11,5216,277,1216,1586,1059,500,578,5216,385,1716,1779,1336,5216,213,162,4777,0,0,28,32,0,4,5216,6,26,701,5216,4950,158,108,3848,1366,1026,592,463,365,36,0,0,73900,3848,1983,1865,1983,205,1041,458,231,48,0,0,856,1865,567,679,354,244,21,0,308,1934,1019,249,161,91,414,49,1808,733,433,275,230,1,31,105,57,1089,517,511,41,20,0,0,0,508,279,985,253,100,132,30,124,346,383
2016,Hancock County; Georgia,5283,2813,2470,6.1,20.6,5283,2848,21,40,24,33,20,145,2152,0,5283,0,27,971,1252,941,818,499,308,76,391,5283,8,0,197,678,1789,1360,624,300,13,141,327,5.5,5283,8,276,1391,2719,707,182,2813,2164,649,2.21,3.03,2813,63,426,860,621,351,492,2813,276,1134,792,611,2813,533,750,1489,0,0,39,0,0,2,2813,16,16,152,2813,2794,19,0,2164,621,730,283,232,179,99,20,0,67700,2164,870,1294,870,10,436,261,91,72,0,0,989,1294,190,370,443,234,17,40,427,870,281,50,76,51,412,0,1280,242,104,372,70,109,53,330,14,514,141,351,20,2,0,0,0,637,135,506,21,65,49,5,93,273,143
2016,Calhoun County; Georgia,2374,1852,522,1.5,5.4,2374,1441,11,85,70,94,37,14,620,2,2374,0,29,190,547,229,441,327,186,156,269,2374,42,8,178,414,836,386,316,77,13,037,117,5.2,2374,42,131,496,1326,353,26,1852,1214,638,2.50,2.24,1852,49,518,488,347,117,333,1852,173,750,515,414,1852,222,236,1320,32,0,26,0,1,15,1852,3,3,38,1852,1842,4,6,1214,537,376,119,106,21,39,16,0,55600,1214,501,713,501,10,333,123,25,5,0,5,914,713,164,274,199,46,7,23,337,501,167,73,31,79,151,0,701,277,80,80,48,76,40,100,12,462,171,260,27,0,4,0,0,558,176,419,33,41,119,33,26,167,219
2016,Troup County; Georgia,28282,24619,3663,1.9,4.9,28282,20886,268,687,988,1640,699,915,2199,0,28282,85,547,4838,4759,4137,4527,2133,3264,1654,2338,28282,223,291,1865,4210,7047,5642,3841,2505,13,285,2658,5.6,28282,264,2060,7516,13507,4027,908,24619,14204,10415,2.74,2.76,24619,806,8127,7993,3919,1824,1950,24619,2479,8194,8115,5831,24619,5734,1798,16512,45,0,435,0,0,95,24619,65,274,622,24619,24133,377,109,14204,2061,3818,3212,2113,1742,967,224,67,120300,14204,8984,5220,8984,295,3106,3172,1283,582,180,366,1135,5220,749,1991,1638,601,165,76,391,8943,4048,1174,1068,562,2091,41,5183,2185,966,591,329,267,163,682,37,9799,1602,6283,1672,212,15,0,15,800,616,9486,1236,1159,1198,1039,715,4139,929
2016,Bibb County; Georgia,70178,57269,12909,3.6,11.7,70178,46800,1395,3523,3577,5472,3575,3755,2070,11,70178,46,906,8719,9008,8748,12081,9936,9877,4290,6567,70178,796,950,4865,13108,15948,14382,8030,5597,13,021,6502,5.5,70178,895,6231,21661,29818,9572,2001,57269,30028,27241,2.63,2.52,57269,3484,19438,17378,7939,3971,5059,57269,7233,22334,18566,9136,57269,21529,1057,34181,9,7,160,5,59,262,57269,311,542,1709,57269,56085,931,253,30028,4000,8751,6395,5193,2835,2094,682,78,117000,30028,18893,11135,18893,412,6220,7040,2757,1252,654,558,1174,11135,1644,3787,3401,1390,584,329,407,18709,8275,2688,1899,1335,4512,184,10997,4982,2501,1214,705,408,303,884,138,25582,5016,15928,3985,455,118,38,42,743,1659,24202,2520,2177,2555,2847,1861,12242,3039
2016,Marion County; Georgia,4112,3021,1091,2.0,8.7,4112,2235,68,72,36,53,35,80,1533,0,4112,0,63,817,917,714,747,414,63,20,357,4112,0,38,220,660,1137,1060,476,232,13,197,289,5.5,4112,0,318,882,2350,518,44,3021,2206,815,2.90,2.64,3021,109,691,981,465,435,340,3021,230,927,1228,636,3021,145,806,1955,0,0,86,0,6,23,3021,13,78,177,3021,2946,64,11,2206,533,543,419,200,357,96,45,13,103300,2206,1129,1077,1129,48,465,328,174,84,6,24,1056,1077,167,385,302,205,12,6,394,1090,292,192,177,81,348,39,1040,433,128,86,168,35,64,126,37,653,308,301,44,0,0,0,0,521,162,653,157,103,74,39,71,209,162
2016,Schley County; Georgia,2183,1895,288,0.5,6.0,2183,1182,3,65,29,22,3,34,845,0,2183,0,52,422,418,324,527,138,56,48,198,2183,24,0,61,323,679,483,352,140,13,249,121,5.5,2183,24,52,469,1293,309,36,1895,1260,635,2.63,2.80,1895,95,486,635,285,158,236,1895,166,554,680,495,1895,46,520,1260,17,0,18,0,15,19,1895,0,0,34,1895,1851,31,13,1260,314,320,208,181,174,33,30,0,99300,1260,676,584,676,12,289,219,131,17,8,0,1086,584,112,230,156,38,36,12,368,676,325,153,49,44,105,0,570,199,115,56,54,39,17,90,14,523,165,326,27,5,0,0,0,659,112,497,55,80,101,52,41,168,138
2016,Bleckley County; Georgia,5282,4081,1201,3.4,10.2,5282,3711,31,143,69,52,34,66,1169,7,5282,8,56,686,1133,747,938,736,420,128,430,5282,6,37,194,823,1471,1340,651,341,13,023,419,5.6,5282,6,148,1532,3080,413,103,4081,2970,1111,2.79,2.67,4081,123,908,1357,665,412,616,4081,298,1384,1398,1001,4081,531,307,3216,0,0,22,0,0,5,4081,48,49,141,4081,4032,30,19,2970,644,843,499,449,301,160,74,0,99800,2970,1389,1581,1389,39,551,511,202,73,0,13,1075,1581,294,611,434,195,0,47,370,1372,653,221,152,67,279,17,1517,471,206,320,161,82,63,214,64,819,229,590,0,0,0,0,0,571,292,782,111,61,75,142,68,325,329
2016,Evans County; Georgia,4627,3950,677,0.0,4.1,4627,2631,19,179,78,53,34,41,1592,0,4627,15,73,967,982,677,526,598,258,122,409,4627,66,66,294,938,1101,921,636,264,13,109,341,5.4,4627,68,217,1280,2379,604,79,3950,2549,1401,2.52,2.72,3950,133,1165,1264,674,421,293,3950,312,1338,1432,868,3950,176,209,3522,0,0,5,0,15,23,3950,12,51,135,3950,3835,69,46,2549,594,891,343,266,306,89,47,13,86700,2549,1364,1185,1364,52,520,538,168,77,0,9,1076,1185,280,509,252,110,17,17,336,1360,631,252,77,72,328,4,1171,516,214,141,60,55,26,159,14,1264,357,784,89,0,34,0,0,628,137,1237,246,148,157,112,101,473,164
2016,Franklin County; Georgia,10464,8260,2204,1.5,7.1,10464,6437,115,262,172,125,44,104,3174,31,10464,11,102,1844,2282,1875,1917,1047,571,266,549,10464,94,92,449,1500,2860,2269,1362,818,13,119,1020,5.6,10464,103,501,2638,5719,1197,306,8260,5588,2672,2.57,2.69,8260,283,2249,2767,1378,573,1010,8260,627,2669,2687,2277,8260,998,1252,5426,22,0,513,0,18,31,8260,3,64,283,8260,8123,103,34,5588,1501,1313,991,653,436,430,205,59,99100,5588,2721,2867,2721,110,1099,947,290,153,76,46,1078,2867,779,1149,620,173,40,106,326,2706,931,368,424,198,785,15,2794,1115,550,448,178,180,36,287,73,2388,735,1490,114,30,0,19,0,597,284,2282,370,306,235,312,215,844,390
2016,Effingham County; Georgia,20732,18695,2037,1.3,6.2,20732,14667,185,169,304,426,176,206,4574,25,20732,220,713,6826,5447,2812,1964,1106,677,331,636,20732,131,115,391,2555,4829,4485,3854,2417,13,103,1955,6.0,20732,178,409,2852,12679,3926,688,18695,14404,4291,2.98,2.93,18695,877,5043,7603,3005,1076,1091,18695,496,4593,7463,6143,18695,1595,587,16221,21,0,163,0,0,108,18695,26,76,288,18695,18209,403,83,14404,1039,2511,3458,3330,2632,1220,145,69,152300,14404,10284,4120,10284,40,2151,4770,2286,691,257,89,1281,4120,531,1549,1461,483,46,50,399,10256,5072,1774,948,654,1808,28,4064,1897,976,437,157,201,72,324,56,3916,436,1887,1306,249,38,0,0,930,375,3839,461,858,313,466,396,1345,452
2016,Lamar County; Georgia,7515,6287,1228,1.8,12.3,7515,5432,19,294,240,144,57,39,1290,0,7515,45,99,1629,1376,803,1088,772,548,305,850,7515,72,50,359,688,1846,1914,1133,638,13,171,815,5.9,7515,72,251,1824,4193,938,237,6287,4464,1823,2.65,2.79,6287,186,1856,1953,1224,410,658,6287,416,1788,2468,1615,6287,1311,1287,3370,31,0,229,0,6,53,6287,11,46,239,6287,6233,27,27,4464,601,1000,1220,578,740,294,31,0,121000,4464,2613,1851,2613,106,866,910,344,194,147,46,1168,1851,375,621,639,121,74,21,384,2506,1110,298,223,203,672,107,1783,606,516,286,78,80,16,201,68,1732,473,1011,248,0,0,0,0,652,91,1696,159,152,216,227,155,787,127
2016,Emanuel County; Georgia,9869,8227,1642,1.0,5.8,9869,6565,108,242,320,52,33,37,2506,6,9869,7,134,1331,1629,1499,2134,1483,611,333,708,9869,133,130,636,1734,2709,2120,1124,666,13,107,617,5.3,9869,142,537,2337,5317,1248,288,8227,5462,2765,2.63,2.75,8227,329,2340,2338,1190,896,1134,8227,879,2661,2948,1739,8227,684,814,6426,26,0,170,27,4,76,8227,82,90,254,8227,7917,228,82,5462,1755,1820,675,591,392,171,27,31,72300,5462,2494,2968,2494,89,1261,890,154,66,13,21,959,2968,852,985,814,233,59,25,344,2417,987,468,186,168,608,77,2922,1159,484,463,239,101,198,278,46,2344,894,1342,103,5,0,0,0,576,421,2294,293,341,292,186,219,963,471
2016,Quitman County; Georgia,2035,916,1119,15.7,11.9,2035,738,12,0,0,0,0,0,1285,0,2035,0,0,323,581,387,408,70,99,118,49,2035,19,58,154,562,450,502,124,101,13,239,65,5.0,2035,19,158,775,830,213,40,916,678,238,2.26,2.36,916,9,193,290,242,61,121,916,91,373,267,185,916,23,239,640,0,0,14,0,0,0,916,0,0,71,916,911,0,5,678,268,202,100,38,41,11,13,5,69700,678,306,372,306,9,192,98,7,0,0,0,906,372,32,164,130,32,14,0,388,275,63,54,29,39,90,31,348,113,80,42,40,11,0,62,24,186,30,151,5,0,0,0,0,676,52,186,22,11,12,22,5,114,52
2016,Jasper County; Georgia,6236,5154,1082,2.9,5.2,6236,4470,44,140,64,42,13,2,1461,0,6236,0,80,1723,1222,1070,736,369,577,112,347,6236,33,21,214,1051,1458,1479,1015,523,13,159,442,5.7,6236,33,275,1324,3737,667,200,5154,3764,1390,2.61,2.61,5154,241,1200,2107,843,349,414,5154,404,1370,1954,1426,5154,672,861,3342,5,0,204,0,12,58,5154,20,26,237,5154,4970,184,0,3764,491,1145,638,731,447,272,40,0,115000,3764,2225,1539,2225,13,779,922,296,163,19,33,1117,1539,292,574,457,150,66,0,365,2192,882,228,227,148,707,33,1518,586,369,239,92,85,29,118,21,1149,236,671,242,0,0,0,0,796,241,1149,121,202,120,78,126,502,241
2016,Lanier County; Georgia,4291,3733,558,0.4,7.3,4291,2587,46,117,98,111,44,21,1267,0,4291,33,205,1331,630,725,572,356,203,135,101,4291,8,51,162,883,875,1123,528,297,13,173,364,5.6,4291,23,346,932,2474,432,84,3733,2372,1361,2.62,2.83,3733,280,1482,1249,329,227,166,3733,384,1080,1645,624,3733,174,117,3375,0,0,33,0,0,34,3733,43,51,123,3733,3676,24,33,2372,468,586,471,352,361,94,36,4,112700,2372,1484,888,1484,47,537,570,114,181,35,0,1096,888,301,228,287,18,38,16,351,1347,524,183,134,58,448,137,834,395,259,50,45,38,12,35,54,1120,378,604,124,14,0,0,0,617,241,1007,154,139,69,129,30,486,354
2016,Liberty County; Georgia,27233,22780,4453,4.3,11.3,27233,15693,665,1017,2789,1606,710,431,4266,56,27233,26,916,5819,7895,5556,3524,1593,1113,464,327,27233,210,372,1570,5234,6239,5771,3751,2328,13,179,1758,5.5,27233,221,929,6976,13855,4746,506,22780,10368,12412,2.63,2.79,22780,2296,9870,5600,3204,1111,699,22780,1325,8304,8742,4409,22780,2681,763,19095,28,5,70,0,0,138,22780,39,86,409,22780,22416,267,97,10368,1058,2523,2956,2090,1150,455,104,32,122500,10368,7080,3288,7080,98,2130,2962,1319,260,181,130,1166,3288,603,1272,830,404,132,47,372,6999,2471,1164,790,640,1934,81,3244,1393,664,305,343,102,39,398,44,11656,776,5148,5188,486,45,13,0,993,756,11375,1048,1311,1638,1355,1319,4704,1037
2016,Mitchell County; Georgia,8948,8041,907,1.2,1.8,8948,5419,40,219,243,388,93,68,2478,0,8948,10,111,880,2237,1062,1301,1220,853,541,733,8948,130,119,439,1484,2261,2126,1246,626,13,205,517,5.5,8948,130,590,1999,4723,1344,162,8041,5321,2720,2.58,2.51,8041,206,2005,2250,1579,752,1249,8041,1073,2544,2920,1504,8041,820,620,6491,0,0,73,0,0,37,8041,26,57,216,8041,7830,137,74,5321,1521,1775,976,512,368,134,24,11,78300,5321,2444,2877,2444,55,1268,771,225,63,62,0,979,2877,577,938,713,402,222,25,388,2384,708,297,188,296,895,60,2849,977,500,421,185,115,94,557,28,2183,733,1325,125,0,0,0,0,579,537,2069,315,276,149,294,258,777,651
2016,Seminole County; Georgia,4785,3312,1473,3.6,10.2,4785,3082,29,63,67,82,1,54,1407,0,4785,0,53,666,776,1014,825,719,321,224,187,4785,121,53,326,770,984,1124,538,544,13,253,325,5.6,4785,121,260,956,2720,679,49,3312,2463,849,2.46,2.98,3312,8,732,1221,616,285,450,3312,269,1078,1256,709,3312,290,102,2812,32,0,54,0,0,22,3312,9,0,70,3312,3216,79,17,2463,666,813,313,353,207,93,7,11,76800,2463,1047,1416,1047,110,477,273,106,38,8,35,956,1416,297,560,378,113,48,20,361,1000,432,27,89,93,359,47,1375,595,271,246,101,32,26,104,41,717,217,422,78,0,0,0,0,681,132,633,131,22,121,16,85,258,216
2016,Twiggs County; Georgia,4190,2887,1303,2.1,4.0,4190,2494,7,19,24,60,23,0,1563,0,4190,0,0,632,971,742,781,507,331,60,166,4190,5,0,65,847,1370,854,535,251,13,289,263,5.4,4190,5,124,1121,2477,407,56,2887,2306,581,2.89,2.78,2887,79,290,980,611,340,587,2887,258,1027,1026,576,2887,334,439,2003,0,0,88,0,8,15,2887,55,23,72,2887,2871,11,5,2306,770,835,252,215,191,25,18,0,58600,2306,737,1569,737,0,342,241,42,45,16,51,1041,1569,249,715,386,179,31,9,359,730,252,182,41,38,217,7,1539,551,223,261,130,10,96,268,30,370,203,149,0,18,0,0,0,479,211,305,35,17,26,56,35,136,276
2016,Polk County; Georgia,16922,14868,2054,1.9,10.3,16922,12920,296,443,474,362,167,233,2027,0,16922,29,269,2885,2915,2236,2758,1849,922,1253,1806,16922,165,153,713,2795,5004,3734,2032,1062,13,233,1264,5.4,16922,254,731,4726,8794,1938,479,14868,9985,4883,2.81,2.65,14868,831,4518,4640,2201,1005,1673,14868,1170,4483,5159,4056,14868,5142,2033,7046,23,0,440,0,41,143,14868,99,195,734,14868,14384,401,83,9985,1490,3638,1935,1205,972,507,144,94,98000,9985,5782,4203,5782,91,2172,2048,968,379,70,54,1110,4203,778,1840,1142,356,44,43,365,5754,2239,924,704,476,1411,28,4168,1606,1013,449,225,332,113,430,35,4297,1038,3075,184,0,0,0,0,671,586,4211,650,450,567,479,390,1675,672
2016,Taylor County; Georgia,4496,3368,1128,2.3,6.5,4496,2367,11,193,61,31,3,3,1827,0,4496,0,88,492,985,871,797,554,274,197,238,4496,81,19,385,660,1157,1023,600,315,13,269,256,5.5,4496,81,282,857,2574,583,119,3368,2316,1052,2.31,2.61,3368,100,785,787,890,368,438,3368,311,1337,1110,610,3368,123,1083,2067,0,0,53,0,36,6,3368,5,6,169,3368,3210,71,87,2316,960,617,362,120,199,41,6,11,60200,2316,889,1427,889,54,466,236,88,10,10,25,902,1427,316,604,392,72,24,19,369,889,386,93,53,50,307,0,1390,402,232,225,140,47,87,257,37,827,313,468,33,13,0,0,0,593,225,792,163,108,148,47,33,293,260
2016,Thomas County; Georgia,20323,17269,3054,4.0,5.0,20323,13870,410,341,703,1210,197,185,3374,33,20323,92,279,3562,3720,3466,2669,1913,1685,928,2009,20323,376,430,1371,3098,4414,4499,2634,1906,13,275,1595,5.6,20323,406,1232,4386,11047,2928,324,17269,10460,6809,2.56,2.55,17269,898,5451,5813,2349,1421,1337,17269,1264,6429,6290,3286,17269,1407,836,14753,26,0,175,0,0,72,17269,32,143,786,17269,16784,332,153,10460,1688,2291,2272,1607,1372,863,245,122,126500,10460,5760,4700,5760,107,2297,1724,1031,447,21,133,1113,4700,629,1447,1658,640,114,212,428,5752,2178,823,651,502,1598,8,4656,1944,676,583,419,228,89,717,44,5689,1031,3339,1221,70,21,7,0,738,1120,5494,600,618,715,555,360,2646,1315
2016,Toombs County; Georgia,12074,10376,1698,1.3,9.5,12074,7362,135,742,344,391,192,116,2784,8,12074,49,232,1544,1996,2716,2217,1431,862,624,403,12074,182,140,1031,1969,3166,2571,1447,869,13,279,699,5.4,12074,189,709,3141,6200,1532,303,10376,6340,4036,2.66,2.43,10376,435,3207,3483,1843,628,780,10376,1055,3738,3131,2452,10376,438,369,9308,0,0,215,0,18,28,10376,81,85,900,10376,9852,472,52,6340,1824,1554,1267,856,526,278,30,5,93600,6340,3078,3262,3078,52,1499,845,423,123,86,50,997,3262,633,1596,621,307,91,14,349,3040,1339,476,237,311,677,38,3183,1355,666,292,299,96,72,403,79,3562,1495,1866,185,0,0,16,0,555,474,3450,557,374,387,273,398,1461,586
2016,Montgomery County; Georgia,3903,3149,754,1.8,7.9,3903,2367,6,47,104,57,12,0,1310,0,3903,12,79,734,788,617,677,371,181,95,349,3903,66,96,149,582,972,820,483,407,13,209,328,5.6,3903,69,158,840,2028,676,132,3149,2264,885,2.65,2.54,3149,120,744,1191,454,278,362,3149,188,945,1165,851,3149,97,282,2717,2,0,38,0,0,13,3149,5,12,264,3149,3072,56,21,2264,706,675,269,280,194,107,28,5,75600,2264,981,1283,981,26,471,295,118,58,0,13,995,1283,248,551,340,128,10,6,346,978,417,126,118,35,282,3,1246,532,248,134,71,43,70,148,37,714,315,388,11,0,0,0,0,533,171,647,153,88,44,90,84,188,238
2016,Oglethorpe County; Georgia,6488,5723,765,2.3,2.5,6488,4335,0,39,98,87,45,15,1859,10,6488,14,78,1461,1296,1310,1030,463,268,132,436,6488,23,21,165,929,1809,1526,840,514,13,221,661,5.7,6488,25,178,1730,3315,1019,221,5723,4263,1460,2.54,2.60,5723,180,1539,1843,1048,534,579,5723,263,1577,1973,1910,5723,741,862,3695,8,0,399,0,10,8,5723,10,15,94,5723,5679,37,7,4263,857,1039,951,550,577,199,48,42,113600,4263,2272,1991,2272,68,819,961,296,82,24,22,1101,1991,526,694,511,196,34,30,339,2260,947,394,203,142,574,12,1991,901,431,300,124,61,24,150,0,1149,199,686,138,126,0,0,0,732,311,1129,98,85,231,194,155,366,331
2016,Rockdale County; Georgia,33299,29940,3359,2.6,14.0,33299,25242,769,1173,1381,2254,971,502,1007,0,33299,86,204,6687,8873,9111,5796,1717,425,112,288,33299,577,85,1248,4526,6249,6253,4885,4264,13,247,5212,6.1,33299,638,1274,5752,14943,7287,3405,29940,20309,9631,2.83,3.05,29940,1350,10132,10696,3896,2215,1651,29940,1407,10547,11686,6300,29940,15258,817,13485,88,0,212,0,11,69,29940,138,258,702,29940,29219,581,140,20309,1512,4579,4596,4105,3771,1584,122,40,143100,20309,14741,5568,14741,221,4057,5630,2783,1164,435,451,1259,5568,1425,2037,1521,399,121,65,344,14473,5943,2114,1449,748,4219,268,5517,2915,1122,615,313,188,113,251,51,9357,533,5298,3074,359,59,24,10,922,274,9289,768,1313,1174,1004,639,4391,342
2016,Wayne County; Georgia,12100,10016,2084,2.6,1.9,12100,7204,21,178,317,213,9,183,3966,9,12100,20,216,2270,2513,1977,1632,997,1288,430,757,12100,98,130,429,1987,3230,2207,1887,1031,13,305,1101,5.6,12100,98,498,2758,6751,1795,200,10016,6555,3461,2.83,2.68,10016,528,2865,3417,1652,699,855,10016,960,3528,3328,2200,10016,883,314,8613,11,0,134,0,9,52,10016,40,65,499,10016,9843,136,37,6555,1479,1833,1207,890,846,232,60,8,98600,6555,3561,2994,3561,236,1436,1148,444,150,96,51,1040,2994,887,1278,672,135,16,6,318,3527,1633,605,350,228,711,34,2856,1401,449,323,258,124,89,212,138,3061,945,1906,210,0,0,0,0,599,400,2945,568,374,392,208,202,1201,516
2016,Wheeler County; Georgia,2594,2065,529,0.0,5.7,2594,1439,0,41,24,53,4,0,1025,8,2594,2,9,229,450,342,561,316,222,229,234,2594,17,8,85,484,1134,553,173,78,13,309,62,5.1,2594,19,72,688,1535,235,45,2065,1362,703,2.57,2.26,2065,53,453,557,446,229,327,2065,192,789,761,323,2065,22,135,1838,0,0,62,0,0,8,2065,0,0,463,2065,2025,31,9,1362,694,339,199,86,39,5,0,0,48300,1362,390,972,390,15,258,83,18,16,0,0,904,972,361,387,166,15,0,43,291,390,180,62,0,50,98,0,969,447,239,119,36,36,12,80,3,399,215,178,6,0,0,0,0,482,304,308,19,10,87,52,37,103,395
2016,Baldwin County; Georgia,20206,15880,4326,1.3,7.0,20206,11227,338,1011,873,1416,588,585,4168,0,20206,12,307,4261,3986,3561,2980,2054,1689,699,657,20206,122,236,1035,4540,5225,3954,2328,1240,13,009,1526,5.3,20206,129,1149,6328,9432,2658,510,15880,8551,7329,2.67,2.59,15880,1152,5259,4542,2286,1398,1243,15880,1278,6313,5290,2999,15880,2552,1128,11971,0,0,220,0,0,9,15880,97,137,396,15880,15624,232,24,8551,1822,2331,1381,1191,887,789,128,22,103700,8551,4143,4408,4143,92,1493,1213,929,247,138,31,1187,4408,889,1688,1056,444,252,79,375,4143,1817,562,484,324,956,0,4327,1991,818,635,410,114,49,310,81,6629,1120,4407,870,232,0,0,0,687,700,6015,717,507,377,469,411,3534,1314
2016,Banks County; Georgia,7548,6483,1065,1.3,4.5,7548,4959,22,85,52,6,18,14,2392,0,7548,8,115,1814,2051,1143,959,551,400,192,315,7548,112,22,271,1029,2165,1629,925,610,13,011,785,5.6,7548,127,211,1645,4290,978,297,6483,4896,1587,2.82,2.87,6483,149,1616,2464,1139,510,605,6483,297,1665,2508,2013,6483,329,1188,4310,4,0,601,5,0,46,6483,51,9,281,6483,6318,116,49,4896,764,1315,780,828,664,393,122,30,120800,4896,2606,2290,2606,56,837,1003,410,178,80,42,1174,2290,623,914,504,193,12,44,331,2583,870,438,281,215,779,23,2219,832,569,271,179,61,140,167,71,1207,111,944,107,15,30,0,0,674,380,1184,183,167,94,110,51,579,403
2016,Bulloch County; Georgia,29892,26210,3682,2.2,10.1,29892,15919,529,1844,1477,1837,2144,670,5458,14,29892,76,1099,7920,6522,4745,4043,1934,1564,797,1192,29892,161,269,1676,6417,6441,6466,3510,2437,13,031,2515,5.5,29892,180,1510,8404,13906,4979,913,26210,13204,13006,2.60,2.47,26210,2084,11036,7299,2677,1549,1565,26210,1547,8542,9876,6245,26210,1697,802,23235,11,0,299,0,24,142,26210,88,139,501,26210,25735,249,226,13204,1748,2732,3326,1689,2081,1317,265,46,131600,13204,7876,5328,7876,243,2751,2599,1368,501,344,70,1170,5328,1357,2175,1301,353,105,37,340,7863,3999,1105,721,438,1600,13,5212,2831,938,431,252,194,151,415,116,12230,1537,7356,2656,611,44,26,0,757,776,11782,982,1294,1299,1145,1213,5849,1224
2016,Clarke County; Georgia,51868,44901,6967,3.5,8.2,51868,24657,2954,4288,3235,4139,4737,5518,2304,36,51868,73,954,9237,9959,9219,9061,5892,3597,1434,2442,51868,1259,1240,5074,12592,11081,8225,4898,3381,13,059,4118,5.0,51868,1301,5766,17825,17599,7702,1675,44901,17301,27600,2.54,2.45,44901,4625,21034,11099,4213,1953,1977,44901,3853,18371,15958,6719,44901,13603,704,30111,51,14,236,10,46,126,44901,158,255,1740,44901,43854,775,272,17301,1155,2987,4293,3572,2748,1882,574,90,152300,17301,11008,6293,11008,189,2907,4517,1788,903,272,432,1240,6293,650,2208,2167,754,278,236,421,10940,4987,1705,1230,592,2426,68,6250,2764,1226,689,352,345,115,759,43,26584,2676,16726,5489,1331,253,37,72,800,1016,24738,1814,2663,2855,2622,1817,12967,2862
2016,Clay County; Georgia,1903,1160,743,3.5,1.9,1903,1098,20,42,0,57,7,14,659,6,1903,0,0,222,468,238,356,152,96,134,237,1903,30,0,74,493,462,408,212,115,13,061,109,5.3,1903,30,68,593,855,326,31,1160,743,417,2.74,2.35,1160,40,300,296,299,83,142,1160,245,381,325,209,1160,68,128,919,11,0,22,0,0,12,1160,21,3,44,1160,1141,19,0,743,285,175,79,92,45,44,23,0,71400,743,226,517,226,11,101,85,29,0,0,0,1005,517,150,176,103,71,15,2,338,220,45,45,38,7,85,6,502,146,109,76,104,10,18,39,15,229,146,73,10,0,0,0,0,413,188,218,17,49,7,47,3,95,199
