year,county_name,employment_status_population_16_years_and_over,employment_status_population_16_years_and_over_in_,employment_status_population_16_years_and_over_in_,employment_status_population_16_years_and_over_in_,employment_status_population_16_years_and_over_in_,employment_status_population_16_years_and_over_in_,employment_status_population_16_years_and_over_not,employment_status_civilian_labor_force,employment_status_civilian_labor_force_unemploymen,employment_status_females_16_years_and_over,employment_status_females_16_years_and_over_in_lab,employment_status_females_16_years_and_over_in_lab,employment_status_females_16_years_and_over_in_lab,employment_status_own_children_of_the_householder_,employment_status_own_children_of_the_householder_,employment_status_own_children_of_the_householder_,employment_status_own_children_of_the_householder_,commuting_to_work_workers_16_years_and_over,commuting_to_work_workers_16_years_and_over_car_tr,commuting_to_work_workers_16_years_and_over_car_tr,commuting_to_work_workers_16_years_and_over_public,commuting_to_work_workers_16_years_and_over_walked,commuting_to_work_workers_16_years_and_over_other_,commuting_to_work_workers_16_years_and_over_worked,commuting_to_work_workers_16_years_and_over_mean_t,occupation_civilian_employed_population_16_years_a,occupation_civilian_employed_population_16_years_a,occupation_civilian_employed_population_16_years_a,occupation_civilian_employed_population_16_years_a,occupation_civilian_employed_population_16_years_a,occupation_civilian_employed_population_16_years_a,industry_civilian_employed_population_16_years_and,industry_civilian_employed_population_16_years_and,industry_civilian_employed_population_16_years_and,industry_civilian_employed_population_16_years_and,industry_civilian_employed_population_16_years_and,industry_civilian_employed_population_16_years_and,industry_civilian_employed_population_16_years_and,industry_civilian_employed_population_16_years_and,industry_civilian_employed_population_16_years_and,industry_civilian_employed_population_16_years_and,industry_civilian_employed_population_16_years_and,industry_civilian_employed_population_16_years_and,industry_civilian_employed_population_16_years_and,industry_civilian_employed_population_16_years_and,state_fips,county_fips,class_of_worker_civilian_employed_population_16_ye,class_of_worker_civilian_employed_population_16_ye,class_of_worker_civilian_employed_population_16_ye,class_of_worker_civilian_employed_population_16_ye,class_of_worker_civilian_employed_population_16_ye,income_and_benefits_in_2020_inflation_adjusted_dol,income_and_benefits_in_2020_inflation_adjusted_dol,income_and_benefits_in_2020_inflation_adjusted_dol,income_and_benefits_in_2020_inflation_adjusted_dol,income_and_benefits_in_2020_inflation_adjusted_dol,income_and_benefits_in_2020_inflation_adjusted_dol,income_and_benefits_in_2020_inflation_adjusted_dol,income_and_benefits_in_2020_inflation_adjusted_dol,income_and_benefits_in_2020_inflation_adjusted_dol,income_and_benefits_in_2020_inflation_adjusted_dol,income_and_benefits_in_2020_inflation_adjusted_dol,income_and_benefits_in_2020_inflation_adjusted_dol,income_and_benefits_in_2020_inflation_adjusted_dol,income_and_benefits_in_2020_inflation_adjusted_dol,income_and_benefits_in_2020_inflation_adjusted_dol,income_and_benefits_in_2020_inflation_adjusted_dol,income_and_benefits_in_2020_inflation_adjusted_dol,income_and_benefits_in_2020_inflation_adjusted_dol,income_and_benefits_in_2020_inflation_adjusted_dol,income_and_benefits_in_2020_inflation_adjusted_dol,income_and_benefits_in_2020_inflation_adjusted_dol,income_and_benefits_in_2020_inflation_adjusted_dol,income_and_benefits_in_2020_inflation_adjusted_dol,income_and_benefits_in_2020_inflation_adjusted_dol,income_and_benefits_in_2020_inflation_adjusted_dol,income_and_benefits_in_2020_inflation_adjusted_dol,income_and_benefits_in_2020_inflation_adjusted_dol,income_and_benefits_in_2020_inflation_adjusted_dol,income_and_benefits_in_2020_inflation_adjusted_dol,income_and_benefits_in_2020_inflation_adjusted_dol,income_and_benefits_in_2020_inflation_adjusted_dol,income_and_benefits_in_2020_inflation_adjusted_dol,income_and_benefits_in_2020_inflation_adjusted_dol,income_and_benefits_in_2020_inflation_adjusted_dol,income_and_benefits_in_2020_inflation_adjusted_dol,income_and_benefits_in_2020_inflation_adjusted_dol,income_and_benefits_in_2020_inflation_adjusted_dol,income_and_benefits_in_2020_inflation_adjusted_dol,income_and_benefits_in_2020_inflation_adjusted_dol,income_and_benefits_in_2020_inflation_adjusted_dol,income_and_benefits_in_2020_inflation_adjusted_dol,income_and_benefits_in_2020_inflation_adjusted_dol,income_and_benefits_in_2020_inflation_adjusted_dol,income_and_benefits_in_2020_inflation_adjusted_dol,health_insurance_coverage_civilian_noninstitutiona,health_insurance_coverage_civilian_noninstitutiona,health_insurance_coverage_civilian_noninstitutiona,health_insurance_coverage_civilian_noninstitutiona,health_insurance_coverage_civilian_noninstitutiona,health_insurance_coverage_civilian_noninstitutiona,health_insurance_coverage_civilian_noninstitutiona,health_insurance_coverage_civilian_noninstitutiona,health_insurance_coverage_civilian_noninstitutiona,health_insurance_coverage_civilian_noninstitutiona,health_insurance_coverage_civilian_noninstitutiona,health_insurance_coverage_civilian_noninstitutiona,health_insurance_coverage_civilian_noninstitutiona,health_insurance_coverage_civilian_noninstitutiona,health_insurance_coverage_civilian_noninstitutiona,health_insurance_coverage_civilian_noninstitutiona,health_insurance_coverage_civilian_noninstitutiona,health_insurance_coverage_civilian_noninstitutiona,health_insurance_coverage_civilian_noninstitutiona,health_insurance_coverage_civilian_noninstitutiona,health_insurance_coverage_civilian_noninstitutiona,health_insurance_coverage_civilian_noninstitutiona,health_insurance_coverage_civilian_noninstitutiona,health_insurance_coverage_civilian_noninstitutiona,percentage_of_families_and_people_whose_income_in_,percentage_of_families_and_people_whose_income_in_,percentage_of_families_and_people_whose_income_in_,percentage_of_families_and_people_whose_income_in_,percentage_of_families_and_people_whose_income_in_,percentage_of_families_and_people_whose_income_in_,percentage_of_families_and_people_whose_income_in_,percentage_of_families_and_people_whose_income_in_,percentage_of_families_and_people_whose_income_in_,percentage_of_families_and_people_whose_income_in_,percentage_of_families_and_people_whose_income_in_,percentage_of_families_and_people_whose_income_in_,percentage_of_families_and_people_whose_income_in_,percentage_of_families_and_people_whose_income_in_,percentage_of_families_and_people_whose_income_in_,percentage_of_families_and_people_whose_income_in_,percentage_of_families_and_people_whose_income_in_,percentage_of_families_and_people_whose_income_in_,percentage_of_families_and_people_whose_income_in_
2020,Anderson County; Texas,48101,19817,19817,19143,674,0,28284,19817,-888888888,17744,8779,8779,8461,3412,2424,7222,5492,18840,15988,1828,88,129,172,635,23.1,19143,4182,4515,4151,2457,3838,19143,1311,1098,1734,284,2917,1673,65,641,1378,3917,976,900,2249,48,001,19143,13977,3953,1174,39,16555,774,1202,1960,1869,3084,3188,1917,1749,424,388,45847,61714,11947,60428,6409,20067,3999,26477,811,10107,807,2919,2065,11705,348,484,832,1243,2257,2704,1497,1573,411,356,53915,70713,19168,4850,25497,36833,29113,43610,28547,44442,37980,27485,16282,6462,11755,1316,24978,18298,17643,14525,13996,963,3118,655,446,273,258,209,6680,4882,2741,2507,1798,-888888888,-888888888,-888888888,-888888888,-888888888,-888888888,-888888888,-888888888,-888888888,-888888888,-888888888,-888888888,-888888888,-888888888,-888888888,-888888888,-888888888,-888888888,-888888888
2020,Angelina County; Texas,67345,39216,39157,36535,2622,59,28129,39157,-888888888,34751,18858,18811,17639,6156,3986,14367,10967,35907,29242,4326,115,614,291,1319,20.6,36535,11806,7230,7433,4462,5604,36535,1359,2848,4143,692,4102,2177,140,1780,2903,9719,3006,1880,1786,48,005,36535,27639,6305,2500,91,31368,1858,1592,4254,3887,4173,5940,3926,3480,1450,808,49684,64700,23624,66780,10833,18532,7330,19151,2237,9842,505,2712,6064,22698,953,664,2605,2380,3172,4767,2990,3134,1296,737,55470,72194,23878,8670,26370,41412,29134,43943,32679,85166,69346,46973,32434,15820,23239,2970,48647,36275,33916,25687,24176,2348,8229,2359,956,612,409,1403,12372,9221,4477,5588,3151,-888888888,-888888888,-888888888,-888888888,-888888888,-888888888,-888888888,-888888888,-888888888,-888888888,-888888888,-888888888,-888888888,-888888888,-888888888,-888888888,-888888888,-888888888,-888888888
2020,Aransas County; Texas,20312,10274,10274,9316,958,0,10038,10274,-888888888,10435,4791,4791,4297,1166,859,3426,1977,9078,6963,782,37,119,140,1037,20.7,9316,2782,2363,2065,1167,939,9316,436,1066,404,159,1327,317,18,590,849,1430,1534,473,713,48,007,9316,6783,1200,1275,58,9917,981,499,1048,1267,1254,1584,840,1334,516,594,47924,76672,6605,73309,4330,21587,2924,32116,582,11126,240,1113,1469,6303,434,159,495,774,660,1012,736,1126,389,518,64002,91814,32050,3614,29481,47457,24250,48972,33289,23858,19629,13813,10789,4229,5188,648,12299,8415,7933,5780,5451,514,2153,482,101,56,45,381,3884,2837,2072,1233,1047,-888888888,-888888888,-888888888,-888888888,-888888888,-888888888,-888888888,-888888888,-888888888,-888888888,-888888888,-888888888,-888888888,-888888888,-888888888,-888888888,-888888888,-888888888,-888888888
2020,Armstrong County; Texas,1534,926,921,916,5,5,608,921,-888888888,814,448,448,445,117,67,318,252,908,661,111,0,41,5,90,25.1,916,357,151,114,140,154,916,114,111,69,5,68,113,0,26,47,232,42,26,63,48,011,916,605,214,91,6,720,20,18,37,56,57,206,84,158,49,35,69386,85943,582,82431,243,19515,196,24894,35,18351,5,-999999999,18,550,11,13,13,56,21,150,70,132,49,35,77955,94525,32740,170,65556,54326,43145,57250,41607,1887,1755,1449,541,132,483,2,1038,826,821,739,716,42,82,5,3,3,0,2,212,166,143,45,46,-888888888,-888888888,-888888888,-888888888,-888888888,-888888888,-888888888,-888888888,-888888888,-888888888,-888888888,-888888888,-888888888,-888888888,-888888888,-888888888,-888888888,-888888888,-888888888
2020,Atascosa County; Texas,38162,21446,21438,19892,1546,8,16716,21438,-888888888,19139,9076,9076,8435,4160,2069,8475,5838,19480,15351,2517,0,200,308,1104,30.0,19892,5258,3785,3564,3829,3456,19892,1641,2455,1669,494,2244,1809,141,724,1283,3794,1518,890,1230,48,013,19892,14953,3376,1563,0,15798,874,372,1885,1634,1895,3185,2197,2148,777,831,59251,76542,12188,74411,5759,16486,3185,24720,1010,9292,356,1935,2147,12079,246,218,1143,1119,1318,2732,1881,2033,605,784,64807,86012,25385,3719,29250,41946,30240,50401,32440,49796,40497,30327,15446,9299,14233,1468,28477,20179,18804,14618,14213,1011,4186,1375,549,491,97,826,8298,5565,3506,2662,2733,-888888888,-888888888,-888888888,-888888888,-888888888,-888888888,-888888888,-888888888,-888888888,-888888888,-888888888,-888888888,-888888888,-888888888,-888888888,-888888888,-888888888,-888888888,-888888888
2020,Bailey County; Texas,5214,3068,3068,2975,93,0,2146,3068,-888888888,2641,1323,1323,1235,707,513,1199,628,2813,1984,159,0,260,158,252,17.6,2975,560,324,625,947,519,2975,616,237,285,9,362,334,26,269,77,468,89,107,96,48,017,2975,2251,260,427,37,2056,113,166,83,287,300,493,331,127,107,49,55038,67987,1649,69468,708,19881,366,18071,74,13995,8,-999999999,266,1395,2,18,14,220,191,414,268,112,112,44,68414,84498,23594,661,-666666666,29453,-666666666,44255,37873,6691,4527,2726,2378,2164,2005,663,3808,2801,2719,1598,1353,275,1121,82,0,0,0,82,1007,709,370,462,298,-888888888,-888888888,-888888888,-888888888,-888888888,-888888888,-888888888,-888888888,-888888888,-888888888,-888888888,-888888888,-888888888,-888888888,-888888888,-888888888,-888888888,-888888888,-888888888
2020,Bandera County; Texas,19409,10210,10210,9484,726,0,9199,10210,-888888888,9876,4798,4798,4395,893,550,2245,1713,9236,7223,1182,0,144,26,661,39.7,9484,3355,1749,1863,1615,902,9484,620,1474,645,226,965,309,93,577,1085,1973,488,655,374,48,019,9484,6909,1227,1348,0,8697,309,465,913,651,944,1914,1270,1240,465,526,60361,79750,6095,71842,4252,21390,3025,32312,456,10108,97,6385,664,6030,201,220,475,329,581,1544,868,979,349,484,65000,89453,32993,2667,42196,54055,27421,50596,36066,22596,18732,14280,9671,3864,4022,581,12475,8857,8159,6251,5962,639,1908,698,288,148,149,410,3618,2668,1826,1122,950,-888888888,-888888888,-888888888,-888888888,-888888888,-888888888,-888888888,-888888888,-888888888,-888888888,-888888888,-888888888,-888888888,-888888888,-888888888,-888888888,-888888888,-888888888,-888888888
2020,Baylor County; Texas,2849,1501,1501,1474,27,0,1348,1501,-888888888,1491,669,669,651,253,175,461,395,1446,1232,91,0,50,0,73,12.3,1474,493,247,291,303,140,1474,260,111,45,12,108,58,31,85,91,406,77,118,72,48,023,1474,1061,216,197,0,1621,57,196,266,166,238,220,224,177,11,66,40946,57449,995,67858,778,15797,363,19623,88,9606,0,-666666666,165,1043,26,17,85,90,181,183,207,177,11,66,60893,75607,26220,578,17405,24173,31484,45099,38844,3483,2971,2265,1235,512,796,140,1869,1340,1313,1206,1136,70,107,27,0,0,0,27,529,311,150,225,218,-888888888,-888888888,-888888888,-888888888,-888888888,-888888888,-888888888,-888888888,-888888888,-888888888,-888888888,-888888888,-888888888,-888888888,-888888888,-888888888,-888888888,-888888888,-888888888
2020,Bee County; Texas,26611,11157,11157,10227,930,0,15454,11157,-888888888,9707,5349,5349,4739,2152,1406,4519,3045,9939,8518,738,0,103,186,394,21.1,10227,2823,2506,1717,1229,1952,10227,832,613,326,366,1120,976,140,368,407,2282,702,638,1457,48,025,10227,6624,2643,901,59,8499,807,377,1312,910,1166,1599,833,868,426,201,45287,62450,6423,60804,2903,17531,1859,25537,720,9579,148,697,1337,5693,429,143,633,553,904,1144,684,624,383,196,53277,72494,18568,2806,28400,38013,28132,45567,33694,24884,20260,14273,8791,4624,7198,577,13834,10088,9158,7093,6844,556,2065,930,472,457,15,458,3746,2292,1090,1379,1454,-888888888,-888888888,-888888888,-888888888,-888888888,-888888888,-888888888,-888888888,-888888888,-888888888,-888888888,-888888888,-888888888,-888888888,-888888888,-888888888,-888888888,-888888888,-888888888
2020,Bexar County; Texas,1529888,996428,979372,923138,56234,17056,533460,979372,-888888888,780784,466814,462485,435558,160035,100694,318172,217905,921758,706015,104773,19821,17528,15378,58243,25.5,923138,330424,180874,220104,87701,104035,923138,9356,74506,48653,20637,109719,44786,15173,82834,109639,213312,108124,44988,41411,48,029,923138,741841,125051,53841,2405,644561,45215,27229,58031,62175,84593,121485,80724,91705,37280,36124,58288,79704,525742,78210,172556,17297,120034,28592,38642,9455,13769,2477,85425,421271,18497,10073,30370,34730,51720,79258,59854,74036,31693,31040,70280,92638,28313,223290,37483,51207,31426,45429,39393,1948323,1639138,1218272,614864,309185,533179,47218,1180208,907192,856947,695194,661836,64518,161753,50245,26741,19715,8949,23504,273016,200193,126838,95336,72823,-888888888,-888888888,-888888888,-888888888,-888888888,-888888888,-888888888,-888888888,-888888888,-888888888,-888888888,-888888888,-888888888,-888888888,-888888888,-888888888,-888888888,-888888888,-888888888
2020,Blanco County; Texas,9911,6041,6041,5744,297,0,3870,6041,-888888888,4917,2706,2706,2596,516,348,1362,941,5566,4443,413,0,51,48,611,28.5,5744,1899,918,1499,942,486,5744,279,863,599,264,533,365,44,212,705,1040,495,105,240,48,031,5744,4035,816,882,11,4665,166,284,337,333,633,825,658,875,292,262,70397,97625,3506,75816,1892,19423,1190,30549,92,14893,82,893,310,3266,66,163,184,183,339,613,530,696,249,243,79099,114494,40737,1399,42565,56549,33669,48730,41600,11644,9952,8153,3963,1692,2188,285,6516,5202,4939,4028,3924,181,911,263,73,48,34,190,1314,1018,815,366,296,-888888888,-888888888,-888888888,-888888888,-888888888,-888888888,-888888888,-888888888,-888888888,-888888888,-888888888,-888888888,-888888888,-888888888,-888888888,-888888888,-888888888,-888888888,-888888888
2020,Bosque County; Texas,14969,8123,8123,7777,346,0,6846,8123,-888888888,7701,3714,3714,3586,1127,757,2534,1791,7616,6500,491,3,176,109,337,29.6,7777,2327,1301,1835,1161,1153,7777,347,943,763,212,1001,342,124,509,569,1606,475,298,588,48,035,7777,5773,1295,655,54,7255,300,255,729,806,963,1568,934,1193,252,255,57337,72099,5260,68914,2966,20925,1904,26687,368,10819,104,4737,735,5283,107,136,410,525,608,1164,848,1041,237,207,66595,80923,28417,1972,31250,43720,32363,48696,34503,18099,15044,10903,7205,3055,4139,494,9632,7033,6714,5034,4895,276,1680,319,207,179,34,112,2599,1850,1091,840,749,-888888888,-888888888,-888888888,-888888888,-888888888,-888888888,-888888888,-888888888,-888888888,-888888888,-888888888,-888888888,-888888888,-888888888,-888888888,-888888888,-888888888,-888888888,-888888888
2020,Brazoria County; Texas,282425,180391,179910,171352,8558,481,102034,179910,-888888888,140211,81480,81444,77989,28910,18736,64061,45548,169393,142744,13849,613,1462,1513,9212,31.3,171352,74473,22906,33258,19887,20828,171352,3124,18627,21989,3849,13706,9350,2306,10567,18322,43354,10681,7380,8097,48,039,171352,135638,26737,8876,101,124184,4128,3340,7413,8583,11666,20834,17955,24396,13075,12794,83325,103405,104412,105812,30467,21259,21003,27440,4190,10768,2180,2861,9738,92288,2002,1341,3821,4805,7713,15017,13493,20413,11794,11889,96168,116374,35437,31896,46354,60909,46443,67165,51256,356040,308537,255480,82186,47503,101589,9335,212261,168293,160911,137170,133685,6600,23741,7382,3926,3386,680,3456,43968,33682,25746,9888,10286,-888888888,-888888888,-888888888,-888888888,-888888888,-888888888,-888888888,-888888888,-888888888,-888888888,-888888888,-888888888,-888888888,-888888888,-888888888,-888888888,-888888888,-888888888,-888888888
2020,Brazos County; Texas,184895,114309,113991,109012,4979,318,70586,113991,-888888888,91551,53896,53808,51603,16008,10129,28766,20393,107222,84838,10054,1640,2110,2794,5786,17.3,109012,47246,18774,22854,9202,10936,109012,2263,7496,6818,2007,11789,4067,1392,4865,10886,35835,11995,5548,4051,48,041,109012,76455,26812,5413,332,81514,9506,4499,8601,7224,10683,13239,8706,10033,3935,5088,50289,74637,69176,72496,15156,19712,10839,28788,2732,9315,1317,3159,7383,46221,2366,1658,3305,3270,5357,7979,5971,8358,3430,4527,71971,98321,28679,35293,28928,41070,26095,50825,39144,221974,195191,167363,47378,26783,52796,4118,148961,106576,102203,87787,85260,4561,14416,4373,3364,2779,739,1009,42385,35506,31064,6143,6879,-888888888,-888888888,-888888888,-888888888,-888888888,-888888888,-888888888,-888888888,-888888888,-888888888,-888888888,-888888888,-888888888,-888888888,-888888888,-888888888,-888888888,-888888888,-888888888
2020,Briscoe County; Texas,1150,640,640,620,20,0,510,640,-888888888,484,225,225,223,85,85,122,106,604,448,74,0,4,20,58,23.9,620,177,77,140,158,68,620,150,75,7,6,55,102,0,37,63,73,7,12,33,48,045,620,393,121,103,3,588,44,44,103,62,106,103,46,56,16,8,37875,53553,434,47760,246,19313,114,26535,6,-999999999,1,-999999999,37,339,29,4,11,54,63,63,39,54,15,7,51932,69196,24991,249,21573,32068,30302,34333,40625,1348,1055,768,529,293,240,11,765,572,552,376,368,9,176,20,20,18,2,0,193,87,51,40,106,-888888888,-888888888,-888888888,-888888888,-888888888,-888888888,-888888888,-888888888,-888888888,-888888888,-888888888,-888888888,-888888888,-888888888,-888888888,-888888888,-888888888,-888888888,-888888888
2020,Brooks County; Texas,5606,2988,2988,2954,34,0,2618,2988,-888888888,2688,1401,1401,1391,460,265,1067,773,2833,2532,177,0,114,0,10,14.1,2954,673,1075,565,259,382,2954,221,88,24,4,470,138,0,168,83,925,410,203,220,48,047,2954,1945,690,319,0,2475,562,318,354,462,116,267,163,223,10,0,25058,37307,1751,34657,1133,13879,354,21976,205,6749,51,449,775,1419,245,94,192,254,53,189,159,223,10,0,32698,49998,15817,1056,12109,18041,15022,24643,26649,6549,4875,2591,3112,1674,1707,227,3583,2758,2724,1529,1148,402,1195,34,16,16,0,18,825,605,271,396,220,-888888888,-888888888,-888888888,-888888888,-888888888,-888888888,-888888888,-888888888,-888888888,-888888888,-888888888,-888888888,-888888888,-888888888,-888888888,-888888888,-888888888,-888888888,-888888888
2020,Burleson County; Texas,14692,8071,8071,7753,318,0,6621,8071,-888888888,7403,3392,3392,3315,1095,769,2577,1688,7334,5814,773,28,51,94,574,28.4,7753,2571,926,1524,1495,1237,7753,721,897,769,228,549,485,91,314,437,1927,507,493,335,48,051,7753,5435,1622,655,41,6931,331,376,499,547,963,1532,907,1084,453,239,60058,80669,4985,81061,2602,22592,1978,28857,290,9868,86,4521,638,4582,145,106,253,183,646,921,755,958,394,221,75661,97320,32382,2349,38110,46946,38139,50429,41820,18072,15587,11790,6488,2485,4269,377,10036,7199,6932,5684,5475,327,1248,267,150,84,66,117,2837,2104,1371,828,733,-888888888,-888888888,-888888888,-888888888,-888888888,-888888888,-888888888,-888888888,-888888888,-888888888,-888888888,-888888888,-888888888,-888888888,-888888888,-888888888,-888888888,-888888888,-888888888
2020,Burnet County; Texas,38768,22437,22416,21697,719,21,16331,22416,-888888888,19906,10709,10709,10336,2706,1673,6807,4836,21373,15639,3208,61,207,234,2024,26.6,21697,6541,4761,5086,3409,1900,21697,419,3515,1299,557,3086,809,245,1175,2097,4074,2496,1068,857,48,053,21697,16108,2642,2897,50,17384,581,505,1382,1444,2884,3619,2430,2655,878,1006,59919,82742,12341,78899,7315,22050,4850,31648,934,11516,163,2860,1039,12752,164,162,650,703,2176,2820,1896,2348,834,999,70428,95996,31664,4632,35276,44168,28931,51794,34573,46930,38895,30593,16609,8035,10700,1123,25538,19525,18861,14051,13322,1118,4810,664,275,212,92,389,6013,4343,3332,1342,1670,-888888888,-888888888,-888888888,-888888888,-888888888,-888888888,-888888888,-888888888,-888888888,-888888888,-888888888,-888888888,-888888888,-888888888,-888888888,-888888888,-888888888,-888888888,-888888888
2020,Calhoun County; Texas,16980,10669,10669,10210,459,0,6311,10669,-888888888,8214,4616,4616,4441,1487,1025,3336,2728,9998,8476,959,24,175,7,357,16.5,10210,3200,1841,1423,2059,1687,10210,581,1020,2596,238,674,121,71,366,654,2213,559,477,640,48,057,10210,8060,1662,488,0,8027,356,218,638,1089,1314,1698,1006,1079,356,273,57170,71336,6224,73540,2445,17590,1614,17680,644,10942,205,1935,1217,5502,164,53,296,622,870,1109,923,925,316,224,67679,79922,28653,2525,35453,49649,35310,48184,34463,21231,17915,13927,6532,3316,5448,725,12124,9784,9418,7740,7497,346,1678,366,115,115,0,251,2340,1688,1125,819,652,-888888888,-888888888,-888888888,-888888888,-888888888,-888888888,-888888888,-888888888,-888888888,-888888888,-888888888,-888888888,-888888888,-888888888,-888888888,-888888888,-888888888,-888888888,-888888888
2020,Callahan County; Texas,11348,6246,6246,5982,264,0,5102,6246,-888888888,5828,2865,2865,2774,739,409,1899,1182,5900,4846,554,0,53,64,383,26.9,5982,2179,902,1221,845,835,5982,397,618,416,180,789,430,69,385,430,1422,149,404,293,48,059,5982,4341,968,642,31,5372,308,170,656,662,786,1194,709,528,228,131,51955,64560,3587,67271,2276,20016,1519,25640,294,9065,122,903,472,3567,112,25,222,371,514,958,561,493,180,131,62164,77283,26546,1805,28406,38017,29331,44063,31097,13884,11381,9003,4955,2503,3299,400,7778,5497,5305,3960,3830,208,1345,192,98,40,83,94,2281,1647,1196,815,634,-888888888,-888888888,-888888888,-888888888,-888888888,-888888888,-888888888,-888888888,-888888888,-888888888,-888888888,-888888888,-888888888,-888888888,-888888888,-888888888,-888888888,-888888888,-888888888
2020,Camp County; Texas,9861,5595,5595,5234,361,0,4266,5595,-888888888,5228,2758,2758,2601,1168,677,2090,1156,5220,4188,619,0,83,116,214,23.5,5234,1363,792,1022,682,1375,5234,156,598,1021,154,773,366,28,159,174,1070,363,161,211,48,063,5234,4043,763,377,51,4460,402,417,433,506,491,723,798,415,138,137,49539,63245,3104,67298,1689,18728,859,18589,430,13431,78,3746,766,2966,188,142,132,296,417,502,620,422,110,137,64167,77580,24038,1494,22557,32092,31887,51133,30684,12895,10625,7400,5074,2270,3519,573,7032,5150,4854,3691,3536,280,1163,296,173,143,30,123,1882,1479,776,891,403,-888888888,-888888888,-888888888,-888888888,-888888888,-888888888,-888888888,-888888888,-888888888,-888888888,-888888888,-888888888,-888888888,-888888888,-888888888,-888888888,-888888888,-888888888,-888888888
2020,Carson County; Texas,4764,3020,3020,2972,48,0,1744,3020,-888888888,2419,1378,1378,1335,444,253,859,641,2940,2392,298,0,70,0,180,21.0,2972,1277,294,659,339,403,2972,373,289,260,55,392,213,22,120,144,558,105,186,255,48,065,2972,2084,657,226,5,2332,66,66,139,249,203,478,304,485,224,118,74246,88414,1836,91604,724,22176,537,26646,48,11685,1,-999999999,83,1644,47,12,68,116,98,265,273,444,211,110,96667,103759,35045,688,43190,50270,42296,63778,39150,5928,5457,4596,1460,471,1551,86,3171,2589,2541,2303,2261,49,238,48,18,18,0,30,582,465,376,127,117,-888888888,-888888888,-888888888,-888888888,-888888888,-888888888,-888888888,-888888888,-888888888,-888888888,-888888888,-888888888,-888888888,-888888888,-888888888,-888888888,-888888888,-888888888,-888888888
2020,Castro County; Texas,5613,3611,3611,3557,54,0,2002,3611,-888888888,2761,1447,1447,1434,661,310,1457,963,3395,2752,407,35,86,0,115,14.8,3557,1062,699,709,581,506,3557,755,148,231,176,592,259,4,109,245,727,112,61,138,48,069,3557,2795,503,259,0,2557,255,96,281,257,394,475,350,215,156,78,49900,64332,2102,67864,782,17859,160,17088,138,8938,2,-999999999,342,1823,147,30,99,171,313,317,309,203,156,78,59931,75966,23784,734,25286,32430,35236,48667,36032,7486,5773,3594,2837,1713,2395,271,3923,2964,2914,1959,1917,171,955,50,9,9,0,41,959,524,279,267,435,-888888888,-888888888,-888888888,-888888888,-888888888,-888888888,-888888888,-888888888,-888888888,-888888888,-888888888,-888888888,-888888888,-888888888,-888888888,-888888888,-888888888,-888888888,-888888888
2020,Chambers County; Texas,31772,21341,21290,19786,1504,51,10431,21290,-888888888,16053,9002,9002,8371,3569,2409,7794,5444,19762,17683,1107,33,270,217,452,28.7,19786,8199,2034,3810,2150,3593,19786,500,2299,3788,783,1884,1591,135,1148,1462,3498,1528,631,539,48,071,19786,15544,2639,1570,33,14266,617,856,1042,897,1298,1404,1215,3026,2113,1798,95989,109946,11678,114192,3819,21341,2687,28506,517,8661,214,5926,981,11518,450,522,494,492,823,1182,918,3191,1956,1490,116398,120467,37276,2748,29122,43298,45742,85286,46536,42284,37535,30918,10243,4749,12485,570,24875,19464,18166,15519,15133,692,2647,1298,926,748,186,372,5411,4304,3480,1146,1107,-888888888,-888888888,-888888888,-888888888,-888888888,-888888888,-888888888,-888888888,-888888888,-888888888,-888888888,-888888888,-888888888,-888888888,-888888888,-888888888,-888888888,-888888888,-888888888
2020,Childress County; Texas,5989,3178,3178,2930,248,0,2811,3178,-888888888,2057,1187,1187,1136,388,152,937,692,2915,2281,387,0,136,22,89,19.1,2930,915,497,469,655,394,2930,425,358,211,20,293,151,0,87,135,679,30,164,377,48,075,2930,1922,669,339,0,2308,195,65,223,374,405,320,321,171,187,47,43564,65265,1926,59804,755,18218,417,23177,50,11004,2,-999999999,228,1646,116,53,105,282,252,292,240,112,147,47,52679,70739,23373,662,33915,40037,33214,45542,31205,5644,4685,3655,1744,959,1389,14,3393,2812,2584,1969,1870,150,615,228,34,0,34,194,581,445,226,229,136,-888888888,-888888888,-888888888,-888888888,-888888888,-888888888,-888888888,-888888888,-888888888,-888888888,-888888888,-888888888,-888888888,-888888888,-888888888,-888888888,-888888888,-888888888,-888888888
2020,Clay County; Texas,8582,4936,4919,4783,136,17,3646,4919,-888888888,4283,2241,2241,2171,484,286,1480,1093,4735,3969,427,0,130,8,201,30.0,4783,1677,571,1044,624,867,4783,533,336,528,92,558,423,44,231,204,1111,212,256,255,48,077,4783,3415,971,368,29,4159,189,212,475,305,539,680,614,743,190,212,63125,75727,3006,80242,1693,19676,1098,20641,279,10540,107,1827,473,2938,83,56,146,170,389,544,507,694,138,211,77328,89807,31217,1221,25443,40432,40794,60814,40600,10362,9046,6862,3905,1316,2207,289,5775,4348,4214,3650,3547,253,564,134,46,33,23,88,1427,1124,575,612,303,-888888888,-888888888,-888888888,-888888888,-888888888,-888888888,-888888888,-888888888,-888888888,-888888888,-888888888,-888888888,-888888888,-888888888,-888888888,-888888888,-888888888,-888888888,-888888888
2020,Coke County; Texas,2688,1483,1483,1449,34,0,1205,1483,-888888888,1414,730,730,700,133,115,423,319,1411,1175,163,0,35,0,38,25.7,1449,505,256,244,276,168,1449,89,97,58,46,139,171,4,152,112,398,62,98,23,48,081,1449,918,371,151,9,1625,67,177,206,150,274,281,210,163,18,79,45072,60146,1134,63380,684,18508,318,22076,98,9393,6,-999999999,126,1011,9,15,48,107,163,231,185,159,15,79,66186,79070,27033,614,21795,28573,29734,47614,36625,3207,2841,2032,1302,366,668,73,1657,1309,1289,1103,1077,31,186,20,9,1,8,11,348,253,131,128,95,-888888888,-888888888,-888888888,-888888888,-888888888,-888888888,-888888888,-888888888,-888888888,-888888888,-888888888,-888888888,-888888888,-888888888,-888888888,-888888888,-888888888,-888888888,-888888888
2020,Coleman County; Texas,6705,3765,3765,3547,218,0,2940,3765,-888888888,3282,1554,1554,1504,525,389,1053,896,3505,2925,338,9,26,36,171,22.0,3547,1111,509,738,453,736,3547,271,196,303,137,453,220,56,139,200,818,182,291,281,48,083,3547,2476,607,464,0,3492,264,144,409,327,697,760,372,301,70,148,46948,66834,2461,62227,1524,20037,796,21653,285,6310,101,1854,329,2203,126,104,141,155,383,506,344,273,58,113,57571,72135,29003,1289,34250,56202,31954,47806,31335,8247,6205,4559,3018,2042,1922,458,4316,3341,3127,1970,1928,87,1157,214,64,55,9,150,975,698,344,423,277,-888888888,-888888888,-888888888,-888888888,-888888888,-888888888,-888888888,-888888888,-888888888,-888888888,-888888888,-888888888,-888888888,-888888888,-888888888,-888888888,-888888888,-888888888,-888888888
2020,Collingsworth County; Texas,2255,1422,1422,1339,83,0,833,1422,-888888888,1169,718,718,657,185,138,547,299,1259,931,208,0,57,0,63,14.4,1339,408,267,294,218,152,1339,140,125,110,19,85,101,0,14,149,356,101,72,67,48,087,1339,979,253,101,6,1029,106,116,126,88,128,237,56,89,45,38,41202,66445,810,61949,357,17602,211,14683,63,10710,23,717,231,722,54,76,78,59,71,184,52,85,34,29,52917,75749,26472,307,26298,37798,19682,35057,29897,2877,2197,1283,1205,680,813,180,1578,1189,1129,758,659,133,371,60,35,23,12,25,389,285,100,199,104,-888888888,-888888888,-888888888,-888888888,-888888888,-888888888,-888888888,-888888888,-888888888,-888888888,-888888888,-888888888,-888888888,-888888888,-888888888,-888888888,-888888888,-888888888,-888888888
2020,Colorado County; Texas,16933,9452,9452,9085,367,0,7481,9452,-888888888,8594,4126,4126,4054,1534,890,3092,2021,8979,7490,699,0,265,164,361,25.3,9085,3042,1289,1985,1420,1349,9085,722,882,1033,329,1103,619,149,322,711,1967,620,281,347,48,089,9085,6816,1214,1052,3,7442,494,316,781,839,1039,1345,883,928,524,293,52663,74130,5289,76503,3341,19737,1588,27973,215,9516,52,1454,577,5185,101,60,455,429,814,1077,725,819,467,238,63469,85001,28868,2257,26387,46427,32015,48657,35254,21056,17661,13721,6869,3395,5423,818,11124,8491,8211,6715,6549,366,1496,280,42,37,18,238,2633,1873,1625,433,760,-888888888,-888888888,-888888888,-888888888,-888888888,-888888888,-888888888,-888888888,-888888888,-888888888,-888888888,-888888888,-888888888,-888888888,-888888888,-888888888,-888888888,-888888888,-888888888
2020,Comal County; Texas,119443,72131,71671,68783,2888,460,47312,71671,-888888888,60878,32475,32293,31219,9435,5878,22461,14529,68061,54002,5097,151,872,1025,6914,31.1,68783,29811,9132,16333,6324,7183,68783,1158,6801,5114,2519,8202,3493,1325,4741,7636,15041,6675,2978,3100,48,091,68783,54067,9355,5163,198,54586,2217,1411,2817,3889,6242,8809,8320,9436,4751,6694,80781,105813,41728,102257,18273,21793,15677,39304,2036,11555,790,2813,2394,40137,830,629,1425,2114,3742,6111,6151,8336,4498,6301,96743,122158,39942,14449,43741,56207,40410,56563,50372,147645,131671,112077,43063,15974,35571,2670,85317,65220,62713,53935,52517,4265,8778,2507,1511,1036,546,996,20097,16634,13179,5479,3463,-888888888,-888888888,-888888888,-888888888,-888888888,-888888888,-888888888,-888888888,-888888888,-888888888,-888888888,-888888888,-888888888,-888888888,-888888888,-888888888,-888888888,-888888888,-888888888
2020,Comanche County; Texas,10927,6315,6315,5927,388,0,4612,6315,-888888888,5506,2799,2799,2694,849,333,1918,1307,5812,4854,654,0,41,65,198,23.5,5927,2112,872,1122,928,893,5927,609,583,785,89,658,266,68,238,235,1576,363,153,304,48,093,5927,4271,1082,562,12,5416,401,214,716,453,651,1233,788,674,137,149,54889,65366,3722,63857,2420,20126,1346,31133,231,11916,181,2071,498,3540,184,62,107,286,386,1011,662,569,137,136,66000,79654,27419,1876,23477,37010,32805,39334,32409,13405,11588,8901,5089,1817,3135,260,7107,5470,5111,4329,4154,269,782,359,193,151,85,166,1637,1050,750,421,587,-888888888,-888888888,-888888888,-888888888,-888888888,-888888888,-888888888,-888888888,-888888888,-888888888,-888888888,-888888888,-888888888,-888888888,-888888888,-888888888,-888888888,-888888888,-888888888
2020,Concho County; Texas,2559,809,809,798,11,0,1750,809,-888888888,893,458,458,447,106,92,414,325,780,642,93,0,10,0,35,30.6,798,348,138,134,138,40,798,100,94,40,4,106,28,1,22,25,221,32,48,77,48,095,798,476,202,120,0,876,51,47,82,143,95,142,139,119,27,31,53333,68447,614,68128,424,20208,237,23615,11,17709,11,1336,72,579,27,3,40,78,50,125,85,115,27,29,64632,82008,22167,297,32543,41777,26134,40047,33358,2054,1919,1298,998,135,544,4,887,687,686,603,575,36,83,1,0,0,0,1,200,157,115,47,43,-888888888,-888888888,-888888888,-888888888,-888888888,-888888888,-888888888,-888888888,-888888888,-888888888,-888888888,-888888888,-888888888,-888888888,-888888888,-888888888,-888888888,-888888888,-888888888
2020,Cooke County; Texas,31888,20367,20367,19544,823,0,11521,20367,-888888888,16243,9175,9175,8734,2767,1869,5933,4330,19316,14864,2705,26,268,268,1185,24.9,19544,6246,3519,3519,2535,3725,19544,1521,1402,2591,402,1912,837,255,835,1087,4187,2888,1088,539,48,097,19544,15609,2530,1400,5,15530,549,661,1245,1470,2447,2627,2157,2440,943,991,62733,83239,12303,82402,5473,20591,3407,25173,444,9414,276,2212,1511,11139,351,174,582,726,1512,1900,2022,2129,796,947,80037,96677,32078,4391,34013,44684,35306,51152,40030,39968,33868,26787,12808,6100,10190,1401,22567,18040,17266,14229,13732,755,3037,774,250,162,96,524,4527,3390,2335,1292,1137,-888888888,-888888888,-888888888,-888888888,-888888888,-888888888,-888888888,-888888888,-888888888,-888888888,-888888888,-888888888,-888888888,-888888888,-888888888,-888888888,-888888888,-888888888,-888888888
2020,Coryell County; Texas,59934,33510,25332,23646,1686,8178,26424,25332,-888888888,30161,13287,12465,11528,5849,2999,10394,6330,30803,23138,3381,44,1901,292,2047,22.4,23646,7990,4770,5258,2655,2973,23646,377,1630,1348,579,2669,1138,177,944,2782,5410,1942,1309,3341,48,099,23646,14762,7180,1686,18,22324,1099,1036,1799,2942,3270,4724,3080,2965,995,414,54712,67543,17679,60783,6423,16712,7101,27625,1136,9558,226,3042,2432,15863,528,254,808,1822,2280,3646,2636,2680,846,363,63295,77254,22477,6461,32020,40140,27841,35266,34312,57759,51407,41613,19916,6352,17809,868,32655,22969,21397,18125,17228,2876,3272,1572,1018,865,258,554,9686,8097,5530,4128,1589,-888888888,-888888888,-888888888,-888888888,-888888888,-888888888,-888888888,-888888888,-888888888,-888888888,-888888888,-888888888,-888888888,-888888888,-888888888,-888888888,-888888888,-888888888,-888888888
2020,Cottle County; Texas,1238,780,780,717,63,0,458,780,-888888888,718,405,405,353,128,107,321,306,706,512,82,2,35,0,75,17.9,717,226,207,128,108,48,717,191,37,0,7,94,27,0,40,25,147,27,49,73,48,101,717,456,163,98,0,703,90,50,109,77,91,135,42,44,27,38,40250,55903,483,60858,301,14320,149,20761,102,6208,0,-666666666,176,393,44,2,31,66,65,58,30,32,27,38,44313,72964,23798,310,20714,33025,28889,48571,41447,1624,1442,956,799,182,496,6,780,658,638,494,464,58,144,20,16,7,9,4,122,94,26,71,28,-888888888,-888888888,-888888888,-888888888,-888888888,-888888888,-888888888,-888888888,-888888888,-888888888,-888888888,-888888888,-888888888,-888888888,-888888888,-888888888,-888888888,-888888888,-888888888
2020,Crane County; Texas,3434,2149,2149,2087,62,0,1285,2149,-888888888,1697,749,749,703,432,157,925,466,2065,1761,260,26,0,10,8,26.4,2087,434,412,386,532,323,2087,560,196,69,64,96,78,28,89,78,498,183,65,83,48,103,2087,1652,367,60,8,1500,80,23,238,136,142,299,101,320,99,62,54596,76800,1250,81845,336,23497,255,13178,25,17028,0,-666666666,38,1049,21,7,54,116,97,247,104,272,69,62,73098,89348,26401,451,21887,43573,33176,53750,41750,4642,3777,3290,856,865,1547,190,2497,1959,1897,1460,1403,57,437,62,52,41,11,10,538,338,303,41,200,-888888888,-888888888,-888888888,-888888888,-888888888,-888888888,-888888888,-888888888,-888888888,-888888888,-888888888,-888888888,-888888888,-888888888,-888888888,-888888888,-888888888,-888888888,-888888888
2020,Crockett County; Texas,2702,1802,1802,1802,0,0,900,1802,-888888888,1362,893,893,893,207,107,522,416,1802,1454,193,0,34,0,121,27.2,1802,437,274,284,479,328,1802,554,174,16,23,90,180,0,72,24,541,45,71,12,48,105,1802,1108,527,167,0,1394,42,108,228,149,189,350,166,105,57,0,46695,54200,1192,49384,353,20112,190,36127,0,-666666666,0,-666666666,102,995,0,81,63,119,131,315,147,105,34,0,53799,61132,23655,399,21409,36292,30269,44189,28519,3332,2606,2051,762,726,792,45,1990,1626,1626,1131,1131,0,495,0,0,0,0,0,364,178,150,28,186,-888888888,-888888888,-888888888,-888888888,-888888888,-888888888,-888888888,-888888888,-888888888,-888888888,-888888888,-888888888,-888888888,-888888888,-888888888,-888888888,-888888888,-888888888,-888888888
2020,Crosby County; Texas,4428,2721,2721,2578,143,0,1707,2721,-888888888,2213,1193,1193,1128,431,328,983,769,2524,1950,318,18,43,123,72,22.3,2578,695,571,556,443,313,2578,298,306,72,47,206,88,22,94,181,711,236,126,191,48,107,2578,1751,614,207,6,2107,245,108,267,255,324,363,290,151,31,73,42470,63424,1634,64294,807,17171,357,20082,81,11142,44,2175,490,1516,80,53,131,222,164,356,277,135,33,65,55375,77244,24165,591,20865,24773,25830,35893,32760,5676,4522,2882,2400,1154,1621,213,3046,2405,2283,1638,1546,173,645,122,10,8,2,112,641,457,280,251,184,-888888888,-888888888,-888888888,-888888888,-888888888,-888888888,-888888888,-888888888,-888888888,-888888888,-888888888,-888888888,-888888888,-888888888,-888888888,-888888888,-888888888,-888888888,-888888888
2020,Culberson County; Texas,1634,1025,1025,930,95,0,609,1025,-888888888,709,349,349,345,265,95,274,158,905,832,0,0,10,40,23,18.0,930,191,258,53,279,149,930,97,99,5,0,35,68,0,18,71,229,124,88,96,48,109,930,466,244,220,0,668,63,41,157,74,59,140,79,55,0,0,34853,44721,467,52306,205,12650,86,12979,99,12095,0,-666666666,168,400,11,17,46,118,43,87,36,42,0,0,37679,47855,16353,268,19464,27925,21547,25909,20776,2178,1596,940,782,582,591,114,1253,919,828,635,573,62,193,91,38,0,38,53,334,190,95,95,144,-888888888,-888888888,-888888888,-888888888,-888888888,-888888888,-888888888,-888888888,-888888888,-888888888,-888888888,-888888888,-888888888,-888888888,-888888888,-888888888,-888888888,-888888888,-888888888
2020,Dallam County; Texas,5121,3702,3702,3589,113,0,1419,3702,-888888888,2427,1504,1504,1414,723,508,1526,1076,3483,2711,673,0,55,3,41,14.0,3589,860,638,630,589,872,3589,755,452,391,98,365,248,14,92,40,345,481,97,211,48,111,3589,2640,412,502,35,2344,37,67,327,145,372,639,389,206,82,80,58956,85157,2033,88348,627,17954,251,16045,44,9477,24,-999999999,230,1650,23,1,205,59,324,340,339,205,75,79,67857,101534,29031,694,40066,43568,30953,46800,30333,7233,5243,3860,2104,1990,2510,763,3891,3302,3209,2312,2279,227,897,93,48,0,48,45,589,304,219,91,285,-888888888,-888888888,-888888888,-888888888,-888888888,-888888888,-888888888,-888888888,-888888888,-888888888,-888888888,-888888888,-888888888,-888888888,-888888888,-888888888,-888888888,-888888888,-888888888
2020,Dallas County; Texas,2011053,1385999,1384986,1315440,69546,1013,625054,1384986,-888888888,1029475,639328,639093,603070,223743,139926,431526,287449,1290633,986750,142601,29697,20044,18053,93488,27.6,1315440,480246,218849,287903,151245,177197,1315440,7820,135363,106752,40887,140723,88141,27049,116857,193961,240917,120382,66535,30053,48,113,1315440,1109529,118575,84732,2604,945996,53228,32848,76876,88590,128422,177948,119899,136113,56358,75714,61870,90748,813215,90501,197094,19062,118011,26034,37494,9756,16212,2905,100635,607453,24055,13785,41917,53665,80762,110403,79869,98444,43296,61257,69689,102499,33604,338543,47117,65804,35481,47013,42379,2604524,2061888,1488575,744017,542636,721298,98604,1607324,1284913,1224278,931564,886694,65754,292714,60635,30962,22576,9038,29673,322411,208159,136175,85810,114252,-888888888,-888888888,-888888888,-888888888,-888888888,-888888888,-888888888,-888888888,-888888888,-888888888,-888888888,-888888888,-888888888,-888888888,-888888888,-888888888,-888888888,-888888888,-888888888
2020,Dawson County; Texas,9982,4919,4919,4561,358,0,5063,4919,-888888888,4408,2340,2340,2175,979,656,2046,1502,4416,3381,642,0,113,40,240,16.9,4561,1271,885,967,874,564,4561,852,255,145,108,439,225,37,270,248,1219,264,256,243,48,115,4561,3078,1056,422,5,4430,368,354,1000,347,540,674,385,484,117,161,40469,62021,3322,63015,1540,16336,520,18988,327,10816,136,4924,647,2785,140,103,546,296,278,455,270,458,101,138,54044,75706,21109,1645,20461,36199,26441,45917,26011,11116,9328,5751,4614,1788,3458,311,5833,4273,3927,3171,2909,363,756,346,132,36,96,214,1560,1085,510,628,475,-888888888,-888888888,-888888888,-888888888,-888888888,-888888888,-888888888,-888888888,-888888888,-888888888,-888888888,-888888888,-888888888,-888888888,-888888888,-888888888,-888888888,-888888888,-888888888
2020,Deaf Smith County; Texas,13356,8701,8701,8415,286,0,4655,8701,-888888888,6777,3479,3479,3329,1959,863,3629,2079,8234,6704,1039,114,53,21,303,15.9,8415,1991,1386,1321,1438,2279,8415,1167,692,1875,204,820,534,23,136,363,1100,611,618,272,48,117,8415,6800,915,667,33,6053,297,237,540,801,1162,1082,837,768,207,122,49790,63338,5143,64108,1620,16472,627,16817,302,8078,42,452,955,4639,184,152,259,580,951,822,686,688,207,110,54467,69277,21588,1414,33110,39642,31826,43448,31432,18415,14349,9561,6197,4066,6210,740,9904,7733,7558,5241,5098,265,2317,175,22,22,0,153,2171,1409,1044,567,762,-888888888,-888888888,-888888888,-888888888,-888888888,-888888888,-888888888,-888888888,-888888888,-888888888,-888888888,-888888888,-888888888,-888888888,-888888888,-888888888,-888888888,-888888888,-888888888
2020,Delta County; Texas,4287,2304,2304,2199,105,0,1983,2304,-888888888,2290,1095,1095,1085,410,310,755,507,2114,1909,105,12,8,22,58,31.5,2199,862,354,400,272,311,2199,108,160,392,46,205,107,34,112,94,599,124,83,135,48,119,2199,1588,433,173,5,2066,132,206,126,219,351,309,233,282,111,97,49868,70079,1472,75332,899,18378,368,22782,128,10817,57,9826,202,1365,44,34,36,166,221,235,198,223,111,97,71378,87377,28197,701,23938,35181,31984,67386,42035,5215,4707,3529,2037,508,1302,76,2911,2001,1903,1717,1656,128,186,98,63,63,55,35,910,699,364,410,211,-888888888,-888888888,-888888888,-888888888,-888888888,-888888888,-888888888,-888888888,-888888888,-888888888,-888888888,-888888888,-888888888,-888888888,-888888888,-888888888,-888888888,-888888888,-888888888
2020,Denton County; Texas,674962,488348,488046,469202,18844,302,186614,488046,-888888888,346140,229055,229019,220526,63157,41357,142975,103869,461021,353439,39372,3268,5491,6884,52567,28.6,469202,226710,60226,109386,27444,45436,469202,4129,25903,38271,14809,54999,27401,12049,51723,65470,98895,42404,20928,12221,48,121,469202,387904,52364,27893,1041,300585,9279,5833,13356,18379,29185,48275,39483,58910,36388,41497,90354,117024,267466,114674,57940,22261,46152,29703,6815,9562,2998,3441,13426,211887,3881,2206,4755,8863,14673,29719,28628,49050,32215,37897,111436,136629,42498,88698,50581,65600,45213,67807,52256,858176,765365,679202,149833,92811,224323,16400,546637,453824,437407,386301,380242,13980,51106,16417,10926,10162,1058,5491,92813,74382,63881,14579,18431,-888888888,-888888888,-888888888,-888888888,-888888888,-888888888,-888888888,-888888888,-888888888,-888888888,-888888888,-888888888,-888888888,-888888888,-888888888,-888888888,-888888888,-888888888,-888888888
2020,DeWitt County; Texas,16103,7945,7914,7380,534,31,8158,7914,-888888888,7639,3461,3430,3288,1666,870,2640,1698,7342,6119,649,7,77,206,284,26.0,7380,2142,1176,1505,1299,1258,7380,1083,717,614,193,714,557,14,288,323,1632,481,451,313,48,123,7380,5790,1222,364,4,6823,450,514,705,781,846,1196,737,1057,253,284,53815,76500,4743,69701,2628,18841,1457,17990,390,9999,72,7850,823,4671,118,192,429,435,513,1015,643,911,197,218,65625,87137,27359,2152,23198,48154,33076,46282,32776,18285,15709,11737,6681,2576,4828,367,9833,6983,6577,5374,5095,434,1203,406,128,124,4,278,2850,2170,1407,911,680,-888888888,-888888888,-888888888,-888888888,-888888888,-888888888,-888888888,-888888888,-888888888,-888888888,-888888888,-888888888,-888888888,-888888888,-888888888,-888888888,-888888888,-888888888,-888888888
2020,Dickens County; Texas,1815,869,869,814,55,0,946,869,-888888888,895,358,358,337,130,39,312,229,814,554,61,3,104,70,22,27.0,814,223,183,124,154,130,814,87,76,81,4,48,49,10,16,35,213,87,59,49,48,125,814,507,205,102,0,861,116,63,73,105,137,125,93,93,33,23,41141,60390,569,56928,417,17655,230,19280,68,10934,23,622,96,541,20,22,35,52,95,96,82,85,31,23,57788,79655,25750,320,20000,27610,28036,50100,29531,2080,1709,1198,895,371,459,59,1092,718,678,534,490,67,144,40,0,0,0,40,374,246,139,125,128,-888888888,-888888888,-888888888,-888888888,-888888888,-888888888,-888888888,-888888888,-888888888,-888888888,-888888888,-888888888,-888888888,-888888888,-888888888,-888888888,-888888888,-888888888,-888888888
2020,Dimmit County; Texas,7739,3675,3675,3383,292,0,4064,3675,-888888888,4096,1874,1874,1833,857,392,1834,897,3383,3037,136,11,23,39,137,17.9,3383,678,1062,909,367,367,3383,495,203,56,14,196,233,8,30,138,640,863,193,314,48,127,3383,2488,645,250,0,3178,642,143,753,221,186,489,237,359,128,20,25996,49232,2265,50849,1521,13244,358,28017,308,8685,46,-999999999,735,2427,417,52,617,183,155,303,229,323,128,20,31410,53825,16248,751,15871,24172,16984,43934,23646,10117,7958,3841,4656,2159,3218,159,5183,3024,2752,1819,1699,149,933,272,97,62,35,175,2159,1335,612,735,824,-888888888,-888888888,-888888888,-888888888,-888888888,-888888888,-888888888,-888888888,-888888888,-888888888,-888888888,-888888888,-888888888,-888888888,-888888888,-888888888,-888888888,-888888888,-888888888
2020,Donley County; Texas,2707,1546,1546,1521,25,0,1161,1546,-888888888,1399,696,696,686,181,120,428,349,1494,1187,196,0,18,5,88,19.6,1521,528,252,313,286,142,1521,330,121,39,32,198,93,17,60,135,299,98,26,73,48,129,1521,998,216,301,6,1344,86,66,131,137,225,335,175,100,64,25,51875,64259,982,62304,566,19495,265,36015,59,10678,2,-999999999,46,883,44,32,43,63,127,260,172,90,48,4,64115,70152,26425,461,27974,49454,31074,42209,34098,3249,2749,2172,1002,500,715,53,1824,1269,1244,988,962,38,256,25,13,13,0,12,555,379,313,80,176,-888888888,-888888888,-888888888,-888888888,-888888888,-888888888,-888888888,-888888888,-888888888,-888888888,-888888888,-888888888,-888888888,-888888888,-888888888,-888888888,-888888888,-888888888,-888888888
2020,Duval County; Texas,8618,4691,4691,4277,414,0,3927,4691,-888888888,4157,2094,2094,1815,842,414,1971,1255,4227,3218,664,3,57,74,211,29.2,4277,961,1260,731,745,580,4277,965,263,173,12,378,207,43,183,168,1328,216,241,100,48,131,4277,3564,605,108,0,3407,354,278,417,357,436,667,382,379,97,40,45349,55217,2336,57811,1411,14903,717,29918,485,7437,23,-999999999,939,2349,102,148,258,212,265,528,382,337,77,40,57988,65197,19501,1058,23703,29695,26113,43001,33250,10673,8604,5473,4411,2069,3152,238,5652,4124,3789,2504,2425,170,1285,335,135,135,0,200,1528,1182,631,609,346,-888888888,-888888888,-888888888,-888888888,-888888888,-888888888,-888888888,-888888888,-888888888,-888888888,-888888888,-888888888,-888888888,-888888888,-888888888,-888888888,-888888888,-888888888,-888888888
2020,Ector County; Texas,118021,80690,80648,75343,5305,42,37331,80648,-888888888,58055,33377,33377,30715,16636,9398,29710,20725,74298,60517,9282,222,1274,686,2317,24.7,75343,17914,11156,18077,13096,15100,75343,11440,6050,4711,2934,10119,6537,893,3404,4798,12305,6122,3951,2079,48,135,75343,61834,8740,4629,140,53602,3700,1594,4385,4959,6606,9485,6933,8901,4508,2531,63096,83130,45476,84936,11372,18087,6339,20862,2181,9588,1345,2984,6001,36914,1696,617,2369,2879,4511,6538,5136,7611,3374,2183,74327,92275,29510,16688,37771,56099,37836,54173,37795,160962,128513,101517,38923,32449,51198,9397,94532,74287,69819,55821,53990,3674,13998,4468,1789,1371,476,2679,20245,14063,9475,5188,6182,-888888888,-888888888,-888888888,-888888888,-888888888,-888888888,-888888888,-888888888,-888888888,-888888888,-888888888,-888888888,-888888888,-888888888,-888888888,-888888888,-888888888,-888888888,-888888888
2020,Edwards County; Texas,1540,915,915,915,0,0,625,915,-888888888,696,443,443,443,131,111,250,217,896,657,166,0,0,0,73,19.6,915,100,278,183,319,35,915,175,107,7,0,76,56,86,26,32,168,97,32,53,48,137,915,632,110,173,0,787,28,68,90,133,164,153,37,41,34,39,40643,58715,542,53915,347,16802,147,44183,95,8076,0,-666666666,56,494,0,26,33,104,137,76,18,36,34,30,41262,67736,20655,293,25920,37914,17000,31364,16748,1934,1528,883,905,406,477,33,989,744,744,452,413,67,292,0,0,0,0,0,245,164,85,102,81,-888888888,-888888888,-888888888,-888888888,-888888888,-888888888,-888888888,-888888888,-888888888,-888888888,-888888888,-888888888,-888888888,-888888888,-888888888,-888888888,-888888888,-888888888,-888888888
2020,El Paso County; Texas,635058,395398,378287,354788,23499,17111,239660,378287,-888888888,324507,177527,175466,163663,71485,41527,144386,96502,363827,289967,39630,4723,5157,8362,15988,23.8,354788,112758,73418,87174,34197,47241,354788,3679,25107,23533,9217,41817,24475,6345,16326,37526,94320,34530,14408,23505,48,141,354788,263169,70083,20903,633,273662,24126,15604,32438,29607,38646,51425,30289,32474,11054,7999,48292,65061,220934,65143,73638,15218,45316,24623,18094,8003,6883,2182,54945,198164,11630,7759,19799,21745,30316,39153,23874,27371,9769,6748,54013,71863,22490,75498,27575,42314,26556,40213,33104,813208,646299,432178,274830,166909,240670,24433,472195,353889,333057,243146,227633,26334,89911,20832,9829,7033,3360,11003,118306,79315,52646,33449,38991,-888888888,-888888888,-888888888,-888888888,-888888888,-888888888,-888888888,-888888888,-888888888,-888888888,-888888888,-888888888,-888888888,-888888888,-888888888,-888888888,-888888888,-888888888,-888888888
2020,Erath County; Texas,34451,21360,21337,20279,1058,23,13091,21337,-888888888,18015,9718,9695,9305,2838,1551,5418,4136,20025,16514,1773,12,408,305,1013,19.5,20279,6921,4439,3930,2633,2356,20279,1995,1475,1873,418,1741,935,380,613,1318,5413,2156,1056,906,48,143,20279,15028,3085,1815,351,14263,1141,457,1603,1415,1816,2584,1577,2330,756,584,55383,75796,11188,74452,4102,18492,2682,22422,642,9641,154,2981,1114,9223,201,64,662,589,1063,2044,1293,2185,672,450,74748,93130,28166,5040,27453,41143,27505,49021,39440,41717,35518,29487,10722,6199,10233,1234,25925,19057,18258,15194,14961,803,3064,799,595,505,90,204,6868,5194,4316,1394,1674,-888888888,-888888888,-888888888,-888888888,-888888888,-888888888,-888888888,-888888888,-888888888,-888888888,-888888888,-888888888,-888888888,-888888888,-888888888,-888888888,-888888888,-888888888,-888888888
2020,Fannin County; Texas,28500,15186,15186,14479,707,0,13314,15186,-888888888,13244,7097,7097,6637,2187,1276,4799,3249,14251,11118,1364,3,283,143,1340,32.1,14479,4738,2315,3126,2044,2256,14479,731,1359,2167,383,1365,697,274,984,1091,3163,856,639,770,48,147,14479,10421,2552,1475,31,12391,1027,422,1113,1021,1761,2285,1693,1788,609,672,57898,78077,8865,82722,4596,18672,2970,25578,720,8688,214,3417,1467,8428,233,95,426,679,1250,1609,1510,1466,567,593,72990,93620,28882,3963,27515,41432,35750,52723,40776,32159,26529,19424,10905,5630,7826,915,18364,13773,13097,10153,9708,625,2944,676,354,291,75,322,4591,3214,2000,1520,1377,-888888888,-888888888,-888888888,-888888888,-888888888,-888888888,-888888888,-888888888,-888888888,-888888888,-888888888,-888888888,-888888888,-888888888,-888888888,-888888888,-888888888,-888888888,-888888888
2020,Fayette County; Texas,20703,11358,11358,10894,464,0,9345,11358,-888888888,10718,5350,5350,5014,1510,1117,3416,2519,10785,9211,774,0,236,92,472,23.9,10894,2870,1727,2501,1772,2024,10894,532,1227,1218,360,1292,834,106,727,585,1997,935,614,467,48,149,10894,8168,1293,1421,12,9033,592,481,716,862,1147,1558,1417,1366,387,507,62872,77645,6004,79141,3715,20726,2476,25483,365,11605,92,1340,674,6282,151,111,334,475,807,1241,1392,1022,292,457,75470,90727,30236,2751,26763,44090,32532,46938,32652,24842,22219,18090,8438,2623,5399,549,13328,9828,9436,8137,7900,374,1299,392,356,344,230,36,3500,2781,2041,861,719,-888888888,-888888888,-888888888,-888888888,-888888888,-888888888,-888888888,-888888888,-888888888,-888888888,-888888888,-888888888,-888888888,-888888888,-888888888,-888888888,-888888888,-888888888,-888888888
2020,Floyd County; Texas,4373,2549,2549,2477,72,0,1824,2549,-888888888,2248,1211,1211,1184,407,201,1025,678,2417,1983,231,29,83,16,75,19.6,2477,693,606,422,398,358,2477,341,119,92,55,302,184,41,123,153,707,185,79,96,48,153,2477,1856,475,146,0,2184,123,197,186,186,310,517,295,237,99,34,52714,63372,1656,61290,855,18368,274,23166,165,7401,17,1171,434,1566,56,86,122,151,193,399,255,208,62,34,57417,69018,24509,618,35086,46370,31314,43051,27330,5748,4409,2929,2172,1339,1595,301,3098,2356,2291,1511,1432,97,780,65,21,15,12,44,742,528,312,270,214,-888888888,-888888888,-888888888,-888888888,-888888888,-888888888,-888888888,-888888888,-888888888,-888888888,-888888888,-888888888,-888888888,-888888888,-888888888,-888888888,-888888888,-888888888,-888888888
2020,Foard County; Texas,1041,594,594,541,53,0,447,594,-888888888,504,258,258,241,61,57,103,28,530,405,77,0,21,0,27,15.8,541,197,127,44,85,88,541,114,60,35,8,44,20,0,21,14,139,24,24,38,48,155,541,260,165,116,0,509,29,36,76,91,72,97,49,29,6,24,39306,62365,354,58234,276,16080,83,22007,39,6354,0,-666666666,56,337,17,0,58,59,34,67,49,23,6,24,50250,76476,27668,172,33800,34202,22969,38676,21302,1172,1002,684,534,170,233,47,562,441,423,338,300,38,85,18,12,12,0,6,121,89,60,33,32,-888888888,-888888888,-888888888,-888888888,-888888888,-888888888,-888888888,-888888888,-888888888,-888888888,-888888888,-888888888,-888888888,-888888888,-888888888,-888888888,-888888888,-888888888,-888888888
2020,Franklin County; Texas,8516,5279,5279,4939,340,0,3237,5279,-888888888,4303,2575,2575,2422,689,466,1679,1351,4647,3622,515,21,24,41,424,26.0,4939,1808,808,1024,475,824,4939,226,403,649,68,548,213,20,504,232,1173,397,196,310,48,159,4939,3784,764,387,4,3960,104,115,221,572,641,827,329,639,232,280,59632,85203,3026,84744,1657,21825,915,30072,174,13786,52,7444,311,2885,25,51,57,419,408,595,279,545,226,280,66018,99025,31988,1075,37484,43735,34826,43049,42409,10675,9021,6772,3748,1654,2726,374,5632,4626,4381,3472,3335,256,909,245,185,144,44,60,1006,695,538,203,311,-888888888,-888888888,-888888888,-888888888,-888888888,-888888888,-888888888,-888888888,-888888888,-888888888,-888888888,-888888888,-888888888,-888888888,-888888888,-888888888,-888888888,-888888888,-888888888
2020,Freestone County; Texas,15826,7446,7407,7160,247,39,8380,7407,-888888888,7603,3481,3481,3359,1313,806,2974,1987,7040,6042,559,1,33,84,321,26.5,7160,2012,1653,1305,1071,1119,7160,780,613,601,88,609,563,83,428,528,1566,568,446,287,48,161,7160,5272,1156,665,67,6736,481,389,752,829,817,944,858,908,472,286,52232,70865,4649,75724,2764,18945,1457,24732,481,9099,431,4391,985,4766,149,246,379,649,546,632,644,829,411,281,65680,82329,25500,1970,26821,39346,34477,57257,35137,18091,15691,10940,7519,2400,4678,376,9714,6613,6387,5155,4910,501,1232,226,50,24,26,176,3101,2489,1576,1165,612,-888888888,-888888888,-888888888,-888888888,-888888888,-888888888,-888888888,-888888888,-888888888,-888888888,-888888888,-888888888,-888888888,-888888888,-888888888,-888888888,-888888888,-888888888,-888888888
2020,Gaines County; Texas,14356,8942,8942,8601,341,0,5414,8942,-888888888,7112,2941,2941,2730,2761,817,4708,2213,8349,5766,1529,0,335,439,280,20.7,8601,2196,1207,1566,2417,1215,8601,1783,1657,405,276,692,729,315,271,221,1391,326,285,250,48,165,8601,6051,1407,1002,141,5878,360,402,595,626,403,1008,792,980,368,344,62994,76784,4809,82813,1443,15417,535,18068,232,8732,159,2599,409,4614,220,199,352,369,341,813,729,881,366,344,75458,87912,22978,1264,25204,31944,34654,50706,28311,20974,14693,10295,5218,6281,7839,2056,11318,8192,7895,5200,5041,398,2695,297,95,95,0,202,3126,1812,1056,837,1314,-888888888,-888888888,-888888888,-888888888,-888888888,-888888888,-888888888,-888888888,-888888888,-888888888,-888888888,-888888888,-888888888,-888888888,-888888888,-888888888,-888888888,-888888888,-888888888
2020,Garza County; Texas,5377,1938,1938,1765,173,0,3439,1938,-888888888,1900,803,803,803,240,86,542,294,1734,1478,218,0,35,0,3,20.1,1765,602,330,228,210,395,1765,156,142,151,28,109,263,18,75,59,363,133,70,198,48,169,1765,1237,397,131,0,1713,116,216,34,219,236,259,439,162,11,21,58938,60304,1230,58000,696,18732,353,18226,148,10368,32,-999999999,286,1271,106,10,24,96,189,233,439,152,11,11,71947,69817,17723,442,23438,31403,28849,46250,34531,4326,3914,3132,1633,412,827,25,2640,1821,1648,1381,1360,75,267,173,145,145,0,28,819,727,501,367,92,-888888888,-888888888,-888888888,-888888888,-888888888,-888888888,-888888888,-888888888,-888888888,-888888888,-888888888,-888888888,-888888888,-888888888,-888888888,-888888888,-888888888,-888888888,-888888888
2020,Gillespie County; Texas,22103,12780,12759,12212,547,21,9323,12759,-888888888,11635,6148,6148,5789,1543,1063,3543,2875,11992,8708,1835,27,371,60,991,20.7,12212,4216,2609,2507,1438,1442,12212,839,1390,972,161,1416,357,187,766,728,2802,1797,511,286,48,171,12212,8805,1390,1943,74,10820,392,287,1046,1240,1532,2090,1233,1677,689,634,61445,84771,7391,76327,5077,22184,3140,33951,129,12133,89,1760,533,7377,216,87,347,548,946,1568,1005,1578,553,529,74699,96866,34689,3443,34042,57263,28102,48667,34788,26340,21095,16446,10360,5245,5618,1512,13103,10617,10222,7757,7595,347,2465,395,46,46,0,349,2486,1639,1174,552,847,-888888888,-888888888,-888888888,-888888888,-888888888,-888888888,-888888888,-888888888,-888888888,-888888888,-888888888,-888888888,-888888888,-888888888,-888888888,-888888888,-888888888,-888888888,-888888888
2020,Goliad County; Texas,6089,3190,3190,3055,135,0,2899,3190,-888888888,3114,1471,1471,1415,428,272,1103,747,3034,2448,308,0,66,0,212,30.4,3055,992,429,620,512,502,3055,488,286,291,76,249,175,37,162,184,742,197,88,80,48,175,3055,2295,501,259,0,2840,293,225,344,305,253,395,268,355,196,206,50000,75034,1853,83297,1181,18510,648,21170,205,7223,40,445,423,1835,41,51,97,188,222,297,251,316,166,206,76991,99536,30038,1005,18139,29085,38393,60093,38344,7491,6755,4796,2894,736,1660,120,4064,2915,2782,2381,2244,221,401,133,65,63,2,68,1149,1002,609,440,147,-888888888,-888888888,-888888888,-888888888,-888888888,-888888888,-888888888,-888888888,-888888888,-888888888,-888888888,-888888888,-888888888,-888888888,-888888888,-888888888,-888888888,-888888888,-888888888
2020,Gonzales County; Texas,15681,9232,9232,8996,236,0,6449,9232,-888888888,7843,4073,4073,3937,1798,1036,3648,2478,8973,7198,843,25,276,234,397,26.2,8996,1971,1336,1776,1468,2445,8996,1146,662,1664,371,894,573,74,392,407,1477,682,296,358,48,177,8996,7164,1142,655,35,7465,373,452,801,699,965,1575,968,961,298,373,58210,77497,5593,76902,2559,18854,1273,18539,402,10146,80,1431,1158,5257,155,121,397,505,796,1172,681,853,239,338,64499,88891,28313,2208,30568,46181,33231,48102,32325,20550,16848,11529,7238,3702,5919,585,11303,8393,8196,6320,6143,284,1876,197,92,58,34,105,2910,1843,889,1013,1067,-888888888,-888888888,-888888888,-888888888,-888888888,-888888888,-888888888,-888888888,-888888888,-888888888,-888888888,-888888888,-888888888,-888888888,-888888888,-888888888,-888888888,-888888888,-888888888
2020,Grayson County; Texas,105129,65412,65376,62518,2858,36,39717,65376,-888888888,54764,31575,31575,29796,9617,6446,20110,15362,61681,48999,6772,193,854,788,4075,25.2,62518,18743,11545,15131,6906,10193,62518,1042,5653,7502,1534,8686,3291,863,4612,4735,12906,5572,3542,2580,48,181,62518,50082,7521,4756,159,49327,2721,2373,4372,4698,6748,9724,7033,7244,2382,2032,58296,75711,37129,77125,17171,20136,11734,24352,2997,9192,651,2082,5323,33765,1188,838,1862,2680,4501,6722,5845,6321,2040,1768,71649,87876,29157,15562,32890,45733,32119,46510,37479,132322,111303,84130,44748,21019,33200,4331,75926,59583,56940,45604,43973,3483,11336,2643,1298,885,445,1345,16343,12465,7645,6394,3878,-888888888,-888888888,-888888888,-888888888,-888888888,-888888888,-888888888,-888888888,-888888888,-888888888,-888888888,-888888888,-888888888,-888888888,-888888888,-888888888,-888888888,-888888888,-888888888
2020,Gregg County; Texas,95205,57938,57865,55502,2363,73,37267,57865,-888888888,49657,26843,26843,25931,10401,6564,19900,12531,54771,46498,5125,71,664,352,2061,21.7,55502,16946,9955,12299,6567,9735,55502,2588,4178,5784,1736,6681,2865,697,2920,5318,12544,5624,2793,1774,48,183,55502,46099,5921,3322,160,46174,3171,2242,4741,5323,6612,8815,5169,5913,2331,1857,52027,73022,36735,72186,13771,19409,8105,21513,3118,9990,521,2358,6582,30633,1698,986,2232,2763,4410,6028,3492,5314,2110,1600,61141,85345,27809,15541,31550,43781,30846,48501,36333,121357,99802,71355,41420,21555,33459,3497,69803,52594,50443,38411,36649,2292,12032,2151,1041,678,399,1110,17209,12451,7362,6112,4758,-888888888,-888888888,-888888888,-888888888,-888888888,-888888888,-888888888,-888888888,-888888888,-888888888,-888888888,-888888888,-888888888,-888888888,-888888888,-888888888,-888888888,-888888888,-888888888
2020,Guadalupe County; Texas,126546,80735,79114,75554,3560,1621,45811,79114,-888888888,64304,37224,36737,35462,12029,7493,26947,17783,76259,63602,6215,114,514,916,4898,27.6,75554,26069,11939,17968,7344,12234,75554,1527,5325,8112,2010,10016,4324,973,4686,7041,15989,6327,3659,5565,48,187,75554,57916,12567,4936,135,55710,1995,1659,2951,3937,6376,10533,8968,10999,4808,3484,75774,91357,45387,86175,16334,19516,15280,32054,1989,10553,656,2498,4316,42206,720,651,1534,2724,4160,7943,7374,9626,4318,3156,84928,101353,32406,13504,42218,54512,38088,52261,41084,160505,141738,116011,46111,18767,43193,3063,95014,73539,70400,60438,58401,6422,9962,3139,1840,1594,512,1299,21475,17482,13931,5510,3993,-888888888,-888888888,-888888888,-888888888,-888888888,-888888888,-888888888,-888888888,-888888888,-888888888,-888888888,-888888888,-888888888,-888888888,-888888888,-888888888,-888888888,-888888888,-888888888
2020,Hale County; Texas,25271,14835,14835,14206,629,0,10436,14835,-888888888,11995,6308,6308,6061,2548,1668,6183,4389,13768,11593,1523,35,171,45,401,19.4,14206,3934,2758,2884,2077,2553,14206,1358,1147,1047,468,1970,996,83,546,723,2993,1231,715,929,48,189,14206,10669,2445,1067,25,10888,921,733,1180,1261,1574,2159,1402,1051,431,176,47500,59986,8460,62020,3316,16576,1529,25625,564,10281,250,2863,1727,7609,282,363,603,791,1030,1715,1277,999,411,138,55830,70051,21303,3279,21875,33419,30492,44198,33166,31761,24514,16969,10200,7247,9528,1054,17972,13447,12846,9107,8846,537,3739,601,270,219,51,331,4525,2419,1167,1343,2106,-888888888,-888888888,-888888888,-888888888,-888888888,-888888888,-888888888,-888888888,-888888888,-888888888,-888888888,-888888888,-888888888,-888888888,-888888888,-888888888,-888888888,-888888888,-888888888
2020,Hamilton County; Texas,6869,3392,3384,3303,81,8,3477,3384,-888888888,3466,1493,1493,1472,597,230,1070,777,3167,2373,556,0,99,12,127,23.2,3303,1011,613,637,546,496,3303,281,449,183,46,402,190,29,182,104,828,334,143,132,48,193,3303,2314,563,406,20,3007,172,241,336,455,415,505,308,396,71,108,46893,69365,1866,76764,1405,18742,860,18881,245,9636,51,2373,277,2002,86,38,84,281,273,472,310,304,71,83,63333,79136,27147,1005,22231,46522,27865,45052,30069,8225,6878,4939,3375,1347,2042,226,4235,2928,2864,2185,2076,168,679,64,54,54,0,10,1307,875,493,480,432,-888888888,-888888888,-888888888,-888888888,-888888888,-888888888,-888888888,-888888888,-888888888,-888888888,-888888888,-888888888,-888888888,-888888888,-888888888,-888888888,-888888888,-888888888,-888888888
2020,Hansford County; Texas,4018,2540,2535,2257,278,5,1478,2535,-888888888,1982,1070,1070,982,453,225,1052,691,2222,1936,190,7,37,17,35,19.9,2257,794,338,498,350,277,2257,629,113,110,140,208,138,0,60,124,375,170,136,54,48,195,2257,1690,338,229,0,1859,64,36,247,439,157,319,228,277,81,11,46507,62171,1509,62494,492,20049,331,19981,24,13408,57,4502,125,1327,20,7,123,315,82,206,224,268,71,11,66513,72368,22331,532,29077,35738,30269,50962,30383,5357,4422,3550,1293,935,1647,230,2877,2388,2135,1670,1637,37,465,253,165,165,0,88,489,337,254,85,152,-888888888,-888888888,-888888888,-888888888,-888888888,-888888888,-888888888,-888888888,-888888888,-888888888,-888888888,-888888888,-888888888,-888888888,-888888888,-888888888,-888888888,-888888888,-888888888
2020,Hardin County; Texas,44934,25293,25255,24260,995,38,19641,25255,-888888888,23151,11080,11080,10496,4420,2838,8708,5072,23706,20519,2145,34,109,188,711,29.3,24260,7765,3976,5318,2895,4306,24260,565,3094,2935,592,3173,1342,129,1467,1529,4627,2638,1050,1119,48,199,24260,19948,3085,1226,1,21188,1395,1396,1593,1881,2507,3482,2670,4075,1170,1019,61221,77567,15541,82646,7703,19496,4495,28059,1258,9629,564,2830,2624,15789,512,550,894,1178,1738,2940,2217,3754,1069,937,75852,88611,29451,5399,26734,41190,36813,56867,35164,56910,47813,36227,18665,9097,14755,1582,32846,23369,22432,18067,17404,1306,4365,937,421,294,130,516,9477,6956,4563,3310,2521,-888888888,-888888888,-888888888,-888888888,-888888888,-888888888,-888888888,-888888888,-888888888,-888888888,-888888888,-888888888,-888888888,-888888888,-888888888,-888888888,-888888888,-888888888,-888888888
2020,Harris County; Texas,3565983,2404155,2401529,2253218,148311,2626,1161828,2401529,-888888888,1809979,1075177,1074695,1005634,402793,238174,791427,521542,2209641,1724489,222675,53012,31314,41044,137107,29.2,2253218,842658,379270,472800,256023,302467,2253218,69308,231660,209868,73318,237070,148997,27765,137430,294650,439995,201747,124609,56801,48,201,2253218,1862487,233847,152389,4495,1635749,98042,58506,139313,154098,204211,286259,198645,240661,109795,146219,63022,93184,1409668,93182,342533,19379,207975,27144,67462,9683,29069,2856,206773,1113437,50398,28731,79049,95078,129311,184723,143100,188666,91163,123218,73274,105534,33459,522312,43488,62435,35355,51281,42473,4657343,3705775,2691060,1301067,951568,1310604,167171,2861645,2239378,2108287,1608316,1517886,126546,499971,131091,69051,49823,21717,62040,622267,415446,281978,156768,206821,-888888888,-888888888,-888888888,-888888888,-888888888,-888888888,-888888888,-888888888,-888888888,-888888888,-888888888,-888888888,-888888888,-888888888,-888888888,-888888888,-888888888,-888888888,-888888888
2020,Hartley County; Texas,4510,2017,2017,2008,9,0,2493,2017,-888888888,1741,1067,1067,1060,367,285,827,639,1993,1787,98,0,51,13,44,13.6,2008,860,276,418,226,228,2008,399,135,165,76,204,43,0,85,65,570,122,45,99,48,205,2008,1512,321,164,11,1691,37,20,164,128,431,317,160,284,97,53,53722,73890,1344,73217,493,25768,326,18927,47,6509,0,-666666666,118,1211,10,3,67,110,194,290,131,271,89,46,68355,85380,21862,480,38750,43117,39556,45777,39741,4043,3287,2471,1202,756,1203,203,2082,1770,1761,1324,1303,24,437,9,8,8,0,1,312,228,181,50,84,-888888888,-888888888,-888888888,-888888888,-888888888,-888888888,-888888888,-888888888,-888888888,-888888888,-888888888,-888888888,-888888888,-888888888,-888888888,-888888888,-888888888,-888888888,-888888888
2020,Haskell County; Texas,4780,2454,2454,2276,178,0,2326,2454,-888888888,2206,1078,1078,1001,266,145,684,552,2233,1698,284,11,60,0,180,18.9,2276,753,396,465,418,244,2276,321,265,51,42,328,127,10,68,45,534,192,176,117,48,207,2276,1389,480,381,26,2162,157,144,294,259,250,423,248,304,7,76,48955,68984,1469,78219,907,19827,384,18725,175,7614,68,4874,352,1430,54,55,123,122,189,338,210,290,7,42,61596,70521,27937,732,24410,62923,29077,45361,34693,5248,4316,2764,2312,932,1259,84,2692,2034,1909,1388,1316,111,521,125,63,20,43,62,658,441,101,353,217,-888888888,-888888888,-888888888,-888888888,-888888888,-888888888,-888888888,-888888888,-888888888,-888888888,-888888888,-888888888,-888888888,-888888888,-888888888,-888888888,-888888888,-888888888,-888888888
2020,Hemphill County; Texas,2877,1909,1909,1783,126,0,968,1909,-888888888,1336,693,693,663,254,147,780,452,1776,1204,342,0,123,0,107,16.7,1783,502,270,348,502,161,1783,486,162,17,23,261,110,10,88,95,326,87,65,53,48,211,1783,1258,367,143,15,1356,22,29,191,202,175,160,52,371,82,72,59605,95981,1101,75719,448,21024,142,25425,15,-999999999,13,-999999999,110,946,0,18,20,134,139,142,47,328,73,45,93125,95738,34702,410,25179,94584,33708,60469,40130,3866,2992,2406,1134,874,1265,270,2035,1608,1482,1188,1119,128,294,126,37,37,0,89,427,206,106,100,221,-888888888,-888888888,-888888888,-888888888,-888888888,-888888888,-888888888,-888888888,-888888888,-888888888,-888888888,-888888888,-888888888,-888888888,-888888888,-888888888,-888888888,-888888888,-888888888
2020,Henderson County; Texas,66646,34002,33993,31848,2145,9,32644,33993,-888888888,34326,15527,15527,14808,5335,2651,10779,6580,31452,25501,3305,148,491,198,1809,31.6,31848,9591,6514,6889,4102,4752,31848,1534,3380,2913,885,4057,1709,346,1386,2931,6904,2407,1767,1629,48,213,31848,24509,4351,2927,61,31649,2564,1928,3565,3400,4515,5353,4107,3688,1386,1143,49469,68558,21452,69256,13949,20333,8256,27696,2016,10420,712,3054,4026,22028,1097,729,1761,2423,3223,4021,3251,3227,1262,1034,59599,79193,27069,9621,25317,39674,29474,43007,36707,81008,65955,44379,34669,15053,18696,2157,44520,30062,28119,20694,19588,1875,7425,1943,977,603,399,966,14458,10021,5346,5768,4437,-888888888,-888888888,-888888888,-888888888,-888888888,-888888888,-888888888,-888888888,-888888888,-888888888,-888888888,-888888888,-888888888,-888888888,-888888888,-888888888,-888888888,-888888888,-888888888
2020,Hill County; Texas,28772,16914,16914,15860,1054,0,11858,16914,-888888888,14525,7511,7511,7109,2528,1730,5346,3973,15354,12500,1761,3,173,118,799,29.5,15860,4029,2690,3509,2394,3238,15860,975,1592,2203,267,2010,1200,159,657,1066,3245,1293,695,498,48,217,15860,12382,2219,1209,50,13094,773,558,1442,1373,1814,2369,2010,1846,363,546,55615,70949,9535,70394,5569,19889,2971,25925,651,10381,126,1386,1648,9250,202,144,792,923,1272,1784,1743,1513,345,532,67086,82410,26938,3844,30023,40560,30598,49945,34992,35461,29563,20628,13359,5898,8866,872,19514,14993,14091,10677,10125,950,3414,902,456,365,106,446,4521,3429,2208,1602,1092,-888888888,-888888888,-888888888,-888888888,-888888888,-888888888,-888888888,-888888888,-888888888,-888888888,-888888888,-888888888,-888888888,-888888888,-888888888,-888888888,-888888888,-888888888,-888888888
2020,Hockley County; Texas,17571,10727,10727,10024,703,0,6844,10727,-888888888,8863,4681,4681,4363,1547,914,3983,2467,9868,7685,1531,11,196,133,312,21.5,10024,3006,1706,1945,1717,1650,10024,1501,643,561,270,937,611,176,328,567,2398,977,752,303,48,219,10024,8002,1220,794,8,8071,442,502,1030,871,1374,1134,998,1207,268,245,47010,65648,6283,67098,2675,17202,1293,22222,632,9142,157,3382,998,5577,189,237,349,492,1111,814,908,1018,244,215,58859,76264,24816,2494,25306,38868,30247,45124,34881,22765,18518,13320,7349,4247,6462,578,13112,9710,9124,7025,6715,489,2099,586,233,158,80,353,3402,2193,1341,976,1209,-888888888,-888888888,-888888888,-888888888,-888888888,-888888888,-888888888,-888888888,-888888888,-888888888,-888888888,-888888888,-888888888,-888888888,-888888888,-888888888,-888888888,-888888888,-888888888
2020,Hopkins County; Texas,28696,17687,17628,16859,769,59,11009,17628,-888888888,14782,8129,8129,7802,2632,1952,5578,3911,16644,13776,1964,39,175,102,588,22.3,16859,5118,2701,3586,2346,3108,16859,732,1480,1860,621,2358,1163,191,739,1115,3845,947,1068,740,48,223,16859,13075,2389,1301,94,13514,768,628,1262,1526,1819,2874,1713,1805,636,483,54600,70972,10338,71068,4928,19616,2932,23503,625,9696,138,2220,1457,9777,342,269,606,1040,1289,2000,1536,1652,632,411,67830,81453,26915,3737,31250,40424,31260,48952,32263,36223,29478,22258,11784,6745,9398,1326,20199,15548,14821,11336,10918,665,3485,727,388,284,215,339,4651,3173,1996,1499,1478,-888888888,-888888888,-888888888,-888888888,-888888888,-888888888,-888888888,-888888888,-888888888,-888888888,-888888888,-888888888,-888888888,-888888888,-888888888,-888888888,-888888888,-888888888,-888888888
2020,Houston County; Texas,18990,8337,8337,8086,251,0,10653,8337,-888888888,8563,4170,4170,4107,1488,1113,2636,1926,7942,6980,534,0,89,25,314,27.2,8086,2490,1850,1539,801,1406,8086,674,457,757,110,711,609,106,301,411,2285,450,488,727,48,225,8086,5546,1774,759,7,8234,587,598,1329,1141,1396,1285,823,547,187,341,40838,58528,5470,58303,3686,18091,2264,25791,496,10249,222,1854,1239,5509,253,164,841,589,969,1077,730,497,179,210,49392,65423,21669,2725,21267,40862,24748,34476,29520,19883,16967,11103,8879,2916,4722,357,10370,7402,7153,5479,5092,610,1674,249,125,118,7,124,2968,2213,1161,1196,755,-888888888,-888888888,-888888888,-888888888,-888888888,-888888888,-888888888,-888888888,-888888888,-888888888,-888888888,-888888888,-888888888,-888888888,-888888888,-888888888,-888888888,-888888888,-888888888
2020,Hudspeth County; Texas,3753,1514,1514,1383,131,0,2239,1514,-888888888,1760,697,697,697,203,155,729,603,1383,1075,136,0,51,0,121,29.3,1383,135,565,275,178,230,1383,209,18,79,22,188,64,17,5,157,278,26,73,247,48,229,1383,972,284,127,0,1127,212,73,141,201,154,188,111,45,2,0,31505,38553,716,41219,586,15411,118,15552,74,9646,13,-999999999,395,743,42,43,76,183,96,177,82,42,2,0,39402,45982,13267,384,-666666666,24177,15343,23467,35678,3795,2635,1175,1878,1160,1146,411,2000,1354,1223,703,620,101,520,131,94,94,91,37,646,454,137,327,192,-888888888,-888888888,-888888888,-888888888,-888888888,-888888888,-888888888,-888888888,-888888888,-888888888,-888888888,-888888888,-888888888,-888888888,-888888888,-888888888,-888888888,-888888888,-888888888
2020,Hunt County; Texas,75940,45815,45785,43559,2226,30,30125,45785,-888888888,39062,21066,21066,19793,6593,3832,14722,9847,42602,34844,4276,178,817,517,1970,31.2,43559,14548,8112,9630,5208,6061,43559,546,4609,5854,1080,5028,2202,511,2321,4137,9532,3728,2330,1681,48,231,43559,34123,6246,3089,101,33596,1975,1458,3650,3761,3878,5940,4810,4718,1982,1424,57467,74420,26255,74990,11590,19583,7440,22988,1807,10393,545,3657,4176,23568,921,604,1475,2415,2901,4347,3722,4120,1803,1260,69410,85243,27338,10028,29518,44252,31470,50458,37336,95414,80163,58537,32706,15251,24519,2642,55870,41390,39504,31620,30336,2783,7884,1886,948,859,132,938,14480,10843,6761,4977,3637,-888888888,-888888888,-888888888,-888888888,-888888888,-888888888,-888888888,-888888888,-888888888,-888888888,-888888888,-888888888,-888888888,-888888888,-888888888,-888888888,-888888888,-888888888,-888888888
2020,Irion County; Texas,1224,726,714,674,40,12,498,714,-888888888,590,285,273,273,97,61,254,188,678,562,25,14,12,4,61,19.4,674,192,77,162,91,152,674,200,51,0,17,33,36,0,18,18,102,128,31,40,48,235,674,493,124,57,0,636,54,43,42,84,72,105,102,103,12,19,53778,70391,469,72634,187,22410,106,28706,8,-999999999,0,-666666666,35,424,0,22,13,27,50,93,102,86,12,19,77850,90803,29460,212,26000,24397,37500,62885,32566,1541,1314,1053,418,227,378,87,881,635,595,512,501,11,83,40,20,20,0,20,246,209,156,53,37,-888888888,-888888888,-888888888,-888888888,-888888888,-888888888,-888888888,-888888888,-888888888,-888888888,-888888888,-888888888,-888888888,-888888888,-888888888,-888888888,-888888888,-888888888,-888888888
2020,Jack County; Texas,7256,3338,3338,3227,111,0,3918,3338,-888888888,3142,1247,1247,1217,592,276,1194,509,3205,2669,299,0,42,25,170,31.3,3227,872,512,735,568,540,3227,356,315,138,93,433,340,17,44,245,579,230,120,317,48,237,3227,2294,615,306,12,3169,219,216,468,341,220,755,211,503,113,123,54087,67142,2189,74587,1278,19249,550,21497,182,8977,74,3686,388,2111,128,44,166,193,160,607,170,411,113,119,65409,81374,25619,1058,22444,35926,32012,55750,36061,7756,6522,4714,2946,1234,2061,268,4165,2877,2766,2246,2144,165,520,111,54,48,6,57,1288,899,484,476,389,-888888888,-888888888,-888888888,-888888888,-888888888,-888888888,-888888888,-888888888,-888888888,-888888888,-888888888,-888888888,-888888888,-888888888,-888888888,-888888888,-888888888,-888888888,-888888888
2020,Jasper County; Texas,28242,14706,14654,13180,1474,52,13536,14654,-888888888,14520,6892,6892,6112,2066,1220,5603,3454,12960,10555,1279,8,288,501,329,30.4,13180,4029,2718,2276,1858,2299,13180,525,1491,1755,404,1323,870,69,450,558,3451,718,687,879,48,241,13180,10320,2498,362,0,13725,953,890,2297,1525,2013,1756,1892,1470,485,444,42756,63309,9672,65624,5934,19179,2365,21375,950,10169,175,4631,1723,9331,455,294,1424,744,1446,1329,1500,1254,460,425,54318,73089,25690,4394,26380,41105,32363,56714,33047,34628,28055,18811,13799,6573,9002,1142,18710,12863,11671,9152,8630,841,2519,1192,295,168,150,897,5847,3852,2204,2041,1995,-888888888,-888888888,-888888888,-888888888,-888888888,-888888888,-888888888,-888888888,-888888888,-888888888,-888888888,-888888888,-888888888,-888888888,-888888888,-888888888,-888888888,-888888888,-888888888
2020,Jeff Davis County; Texas,1968,759,759,755,4,0,1209,759,-888888888,1021,420,420,420,22,0,258,254,714,538,51,0,79,21,25,21.7,755,299,217,116,101,22,755,128,49,45,0,46,14,0,55,16,253,138,0,11,48,243,755,426,202,115,12,991,65,17,187,149,178,139,182,50,22,2,-666666666,50552,585,37205,597,22995,355,26722,21,-999999999,0,-666666666,196,620,0,100,2,107,81,102,163,41,22,2,58182,58644,23118,371,-666666666,34781,-666666666,30417,-666666666,2184,1657,999,1106,527,280,78,1046,616,616,407,375,59,209,0,0,0,0,0,430,190,177,30,240,-888888888,-888888888,-888888888,-888888888,-888888888,-888888888,-888888888,-888888888,-888888888,-888888888,-888888888,-888888888,-888888888,-888888888,-888888888,-888888888,-888888888,-888888888,-888888888
2020,Jim Hogg County; Texas,3517,2170,2170,1994,176,0,1347,2170,-888888888,1748,895,895,846,772,439,809,539,1940,1601,247,0,35,26,31,28.3,1994,397,517,311,351,418,1994,298,192,14,26,141,182,0,68,52,686,104,139,92,48,247,1994,1433,425,136,0,1545,150,133,233,235,203,185,233,137,22,14,35736,50163,1118,52251,629,14737,289,18831,188,7315,44,652,465,1111,89,81,125,156,214,153,147,110,22,14,40096,54778,16407,434,17286,33512,20385,36019,30068,5154,4202,2379,2332,952,1902,212,2530,1970,1835,1406,1299,189,429,135,92,0,92,43,560,292,181,111,268,-888888888,-888888888,-888888888,-888888888,-888888888,-888888888,-888888888,-888888888,-888888888,-888888888,-888888888,-888888888,-888888888,-888888888,-888888888,-888888888,-888888888,-888888888,-888888888
2020,Jim Wells County; Texas,30434,16861,16861,16241,620,0,13573,16861,-888888888,15532,7785,7785,7607,3280,1570,7500,4615,15916,13218,1377,0,401,134,786,26.8,16241,4762,3044,3403,2480,2552,16241,1947,1661,965,105,2093,707,75,717,995,4444,1127,617,788,48,249,16241,12017,2931,1273,20,12924,1339,883,1314,1458,1918,1876,1410,1661,628,437,45857,64473,9709,66158,4768,19018,2176,23899,1264,7861,358,1437,2273,9581,638,417,598,1135,1450,1660,1304,1432,603,344,57514,73564,21749,3343,21966,34553,29106,46762,30192,40424,33726,21711,15339,6698,12061,988,22328,15562,14970,11697,11151,845,3273,592,222,165,94,370,6766,4775,2505,2621,1991,-888888888,-888888888,-888888888,-888888888,-888888888,-888888888,-888888888,-888888888,-888888888,-888888888,-888888888,-888888888,-888888888,-888888888,-888888888,-888888888,-888888888,-888888888,-888888888
2020,Jones County; Texas,16828,5526,5513,5183,330,13,11302,5513,-888888888,5949,3202,3198,3005,863,434,2289,1664,5173,4133,634,1,139,19,247,23.8,5183,1768,1264,928,621,602,5183,408,403,287,220,422,244,46,327,312,1630,281,209,394,48,253,5183,3651,975,557,0,5646,342,239,491,591,1076,1312,558,701,244,92,52471,65420,4014,64172,2280,18969,1534,26269,463,11441,132,9074,781,3942,95,131,165,391,716,1005,455,658,244,82,62136,76376,17642,1704,28571,37969,25612,45742,35518,12847,10598,7803,4987,2249,3560,490,6379,4748,4458,3525,3487,224,933,290,27,23,10,263,1631,1069,632,504,562,-888888888,-888888888,-888888888,-888888888,-888888888,-888888888,-888888888,-888888888,-888888888,-888888888,-888888888,-888888888,-888888888,-888888888,-888888888,-888888888,-888888888,-888888888,-888888888
2020,Karnes County; Texas,12478,5197,5197,5013,184,0,7281,5197,-888888888,4911,2234,2234,2152,906,484,2208,1559,4940,4116,494,0,40,16,274,20.7,5013,1517,892,1127,824,653,5013,501,606,358,81,641,271,101,140,277,1209,224,154,450,48,255,5013,3278,1303,432,0,4552,313,339,389,632,516,610,534,491,358,370,52896,85714,3167,69767,1629,16724,859,30088,279,9132,24,3204,586,3156,225,192,250,342,314,316,429,425,334,329,69274,98186,25978,1396,35776,54857,28880,42778,39939,12387,10552,7847,4166,1835,3578,463,6756,4765,4641,3913,3807,201,728,124,64,20,45,60,1991,1409,995,523,582,-888888888,-888888888,-888888888,-888888888,-888888888,-888888888,-888888888,-888888888,-888888888,-888888888,-888888888,-888888888,-888888888,-888888888,-888888888,-888888888,-888888888,-888888888,-888888888
2020,Kaufman County; Texas,97662,65520,65390,61908,3482,130,32142,65390,-888888888,50304,29968,29968,28315,11348,7551,23277,16048,61231,50723,6007,56,426,738,3281,36.3,61908,20888,10651,14004,8025,8340,61908,1050,6710,4752,1858,7790,4443,1144,3437,5948,14266,4205,2916,3389,48,257,61908,48410,9662,3654,182,39237,1569,1259,2936,2739,4387,7312,5195,8650,3134,2056,72179,88788,32904,88195,10827,19126,7767,26256,1589,10222,724,3104,3904,30399,897,709,1584,1634,3306,5714,4118,7585,2934,1918,82674,97321,29147,8838,40351,53335,37169,55259,41838,128653,111391,87811,34621,17262,37904,3584,75921,60556,57441,48798,46553,3805,8643,3115,1963,1733,404,1152,15365,11722,7908,4795,3643,-888888888,-888888888,-888888888,-888888888,-888888888,-888888888,-888888888,-888888888,-888888888,-888888888,-888888888,-888888888,-888888888,-888888888,-888888888,-888888888,-888888888,-888888888,-888888888
2020,Kendall County; Texas,35960,21948,21910,20961,949,38,14012,21910,-888888888,18458,9656,9656,9377,2500,1410,7816,5000,20616,14904,1760,22,435,594,2901,30.7,20961,9829,3187,4382,2128,1435,20961,577,2512,1137,544,1900,507,141,2014,3098,4436,1496,1686,913,48,259,20961,16155,2514,2259,33,14789,418,210,575,913,1360,2221,1777,2815,1624,2876,98692,141794,11973,129041,4840,24768,3910,33008,498,9505,71,1825,571,11451,249,32,234,600,689,1706,1414,2447,1325,2755,117734,157607,47724,3338,48199,83498,40663,64860,48275,45061,40393,34304,13260,4668,11481,1043,25106,19284,18469,16159,15555,1227,2310,815,417,311,121,398,5822,4941,4406,1052,881,-888888888,-888888888,-888888888,-888888888,-888888888,-888888888,-888888888,-888888888,-888888888,-888888888,-888888888,-888888888,-888888888,-888888888,-888888888,-888888888,-888888888,-888888888,-888888888
2020,Kenedy County; Texas,270,154,154,154,0,0,116,154,-888888888,157,54,54,54,72,25,49,49,150,149,1,0,0,0,0,16.8,154,12,37,29,62,14,154,59,14,14,0,25,0,0,0,0,27,0,1,14,48,261,154,126,28,0,0,129,0,4,28,21,39,23,14,0,0,0,40083,42733,119,39541,77,9894,10,-999999999,0,-666666666,0,-666666666,27,115,0,0,28,11,39,23,14,0,0,0,41250,45370,15058,14,-666666666,-999999999,31447,40431,-666666666,391,284,83,216,107,121,0,160,124,124,51,51,0,73,0,0,0,0,0,36,2,2,0,34,-888888888,-888888888,-888888888,-888888888,-888888888,-888888888,-888888888,-888888888,-888888888,-888888888,-888888888,-888888888,-888888888,-888888888,-888888888,-888888888,-888888888,-888888888,-888888888
2020,Kent County; Texas,513,260,260,247,13,0,253,260,-888888888,280,115,115,102,50,50,128,128,230,185,0,0,16,12,17,14.8,247,105,53,39,39,11,247,32,23,13,2,24,7,1,6,11,55,0,6,67,48,263,247,103,119,25,0,286,9,16,27,15,24,83,39,54,7,12,61706,74316,202,67686,129,15074,116,34868,5,-999999999,25,-999999999,25,179,4,0,20,15,7,33,36,45,7,12,81382,88320,30835,107,60452,50890,36875,49231,40208,655,629,541,215,26,209,0,267,219,218,207,205,22,11,1,1,0,1,0,48,33,33,3,15,-888888888,-888888888,-888888888,-888888888,-888888888,-888888888,-888888888,-888888888,-888888888,-888888888,-888888888,-888888888,-888888888,-888888888,-888888888,-888888888,-888888888,-888888888,-888888888
2020,Kerr County; Texas,43361,23995,23980,22951,1029,15,19366,23980,-888888888,22665,11808,11808,11326,2887,1983,6317,4740,22515,16857,3070,11,500,376,1701,19.9,22951,7609,5213,5036,2968,2125,22951,768,2706,1116,392,3006,609,278,1251,1745,5335,2811,1992,942,48,265,22951,16837,3128,2978,8,21278,867,722,2000,2323,3250,3953,3104,3110,1157,792,57196,78382,14695,69081,9643,20443,6782,32805,836,10746,301,4714,1854,14712,587,243,1056,1243,2164,2802,2285,2743,970,619,67972,85983,32361,6566,36863,54909,30499,45504,37490,51373,42519,31659,21842,8854,10479,1594,26976,20511,19766,14711,13862,1443,5055,745,336,221,131,409,6465,4685,2826,2220,1780,-888888888,-888888888,-888888888,-888888888,-888888888,-888888888,-888888888,-888888888,-888888888,-888888888,-888888888,-888888888,-888888888,-888888888,-888888888,-888888888,-888888888,-888888888,-888888888
2020,Kimble County; Texas,3685,2160,2160,2091,69,0,1525,2160,-888888888,1952,1112,1112,1052,214,118,486,408,2021,1544,322,23,54,0,78,23.9,2091,669,374,410,392,246,2091,250,232,112,15,219,78,24,65,152,457,237,180,70,48,267,2091,1475,368,248,0,1967,203,40,246,265,296,257,153,243,94,170,46602,81624,1343,63333,882,17203,539,28783,96,12182,49,5500,187,1252,95,9,108,115,190,207,112,225,94,97,64872,91105,36406,715,26741,60844,24641,36219,30581,4346,3492,2444,1839,854,869,119,2243,1803,1738,1166,1066,112,572,65,7,0,7,58,440,335,219,131,105,-888888888,-888888888,-888888888,-888888888,-888888888,-888888888,-888888888,-888888888,-888888888,-888888888,-888888888,-888888888,-888888888,-888888888,-888888888,-888888888,-888888888,-888888888,-888888888
2020,King County; Texas,227,107,107,97,10,0,120,107,-888888888,90,41,41,41,4,0,42,27,97,73,10,5,0,2,7,13.3,97,27,31,14,19,6,97,41,7,0,0,4,2,0,0,0,34,0,0,9,48,269,97,73,18,6,0,90,19,4,0,12,19,23,7,1,4,1,39286,48838,69,56857,15,21180,6,13450,0,-666666666,5,-999999999,5,66,19,2,0,10,9,20,0,1,4,1,38333,46394,17971,24,-666666666,55558,33438,39500,41875,279,213,171,60,66,52,2,196,97,87,83,81,2,4,10,10,10,0,0,99,39,27,12,60,-888888888,-888888888,-888888888,-888888888,-888888888,-888888888,-888888888,-888888888,-888888888,-888888888,-888888888,-888888888,-888888888,-888888888,-888888888,-888888888,-888888888,-888888888,-888888888
2020,Kinney County; Texas,3212,1336,1336,1321,15,0,1876,1336,-888888888,1314,503,503,503,223,48,204,75,1321,1034,47,2,33,0,205,8.4,1321,405,374,198,168,176,1321,81,147,0,0,30,215,0,26,0,413,123,64,222,48,271,1321,653,530,138,0,1475,113,123,348,73,97,450,62,112,58,39,39972,56212,764,65263,763,13444,514,24628,97,8702,30,-999999999,331,782,35,13,110,73,16,311,62,112,11,39,61650,70161,26715,693,19583,40471,41413,53914,41397,3444,2847,1857,1686,597,516,0,1853,1183,1168,754,752,2,414,15,0,0,0,15,670,502,309,277,168,-888888888,-888888888,-888888888,-888888888,-888888888,-888888888,-888888888,-888888888,-888888888,-888888888,-888888888,-888888888,-888888888,-888888888,-888888888,-888888888,-888888888,-888888888,-888888888
2020,Kleberg County; Texas,24191,14376,13901,13063,838,475,9815,13901,-888888888,12007,6438,6339,6048,2304,1459,4452,3319,13256,10581,1468,0,676,385,146,20.2,13063,3904,2594,2983,1817,1765,13063,833,957,849,241,1817,509,139,481,837,3819,1323,532,726,48,273,13063,9357,2984,701,21,11140,1665,605,1042,1049,1418,1754,1448,1417,465,277,47301,61532,8657,63746,3227,17001,2110,22930,529,6967,170,3786,2111,7175,863,109,507,545,1026,1074,1163,1209,412,267,56608,74408,23021,3965,23940,35677,26719,50848,33350,29943,25316,17311,11141,4627,8147,341,17880,12923,12175,9427,8693,1317,2748,748,230,216,39,518,4957,3947,2736,1376,1010,-888888888,-888888888,-888888888,-888888888,-888888888,-888888888,-888888888,-888888888,-888888888,-888888888,-888888888,-888888888,-888888888,-888888888,-888888888,-888888888,-888888888,-888888888,-888888888
2020,Knox County; Texas,2863,1690,1690,1614,76,0,1173,1690,-888888888,1440,709,709,695,264,126,658,462,1583,1339,165,0,11,1,67,17.0,1614,458,182,367,331,276,1614,344,102,85,95,124,80,4,80,47,446,113,50,44,48,275,1614,1091,364,142,17,1394,71,62,181,196,166,254,221,186,34,23,50719,62069,1015,63262,460,16884,248,27472,91,9909,29,2552,155,1001,40,7,99,99,102,231,186,182,32,23,63162,73342,24273,393,23281,30213,31497,38681,44677,3553,2968,2174,1306,585,993,104,1967,1568,1492,1155,1066,127,337,76,39,34,5,37,399,311,190,163,88,-888888888,-888888888,-888888888,-888888888,-888888888,-888888888,-888888888,-888888888,-888888888,-888888888,-888888888,-888888888,-888888888,-888888888,-888888888,-888888888,-888888888,-888888888,-888888888
2020,Lamar County; Texas,39245,23092,23080,22190,890,12,16153,23080,-888888888,20764,10959,10959,10634,4054,2601,7129,4880,21978,17659,2135,34,810,394,946,20.1,22190,6468,3821,4754,2833,4314,22190,992,1537,3240,373,2825,1511,181,827,1558,5674,1553,1047,872,48,277,22190,17645,3084,1398,63,19995,2245,1314,2386,1907,2580,3854,2321,2202,804,382,48036,60056,14088,64224,7711,15976,4638,20136,1727,9738,302,2674,2743,13395,998,341,957,1239,1989,2904,1802,1989,804,372,58353,73261,24826,6600,21159,30087,29459,45448,32314,49210,40900,27857,19382,8310,12404,1311,27475,20836,20089,15480,14732,1392,4609,747,211,112,135,536,6639,4855,2489,2953,1784,-888888888,-888888888,-888888888,-888888888,-888888888,-888888888,-888888888,-888888888,-888888888,-888888888,-888888888,-888888888,-888888888,-888888888,-888888888,-888888888,-888888888,-888888888,-888888888
2020,Lamb County; Texas,9734,5659,5659,5423,236,0,4075,5659,-888888888,4908,2514,2514,2461,1009,737,2297,1739,5349,4249,594,7,52,267,180,17.6,5423,1880,830,1037,863,813,5423,740,366,325,127,682,397,17,174,296,1372,360,292,275,48,279,5423,4191,895,337,0,4706,451,366,596,504,622,946,538,519,85,79,44935,56084,3437,60934,1408,17665,595,15895,327,9127,28,1057,575,3111,147,190,281,299,404,761,454,433,82,60,60405,65661,21502,1595,21517,33249,30224,42236,30581,12823,9787,6994,4189,3036,3809,621,6958,5196,5002,3538,3397,199,1464,194,17,9,8,177,1762,988,675,435,774,-888888888,-888888888,-888888888,-888888888,-888888888,-888888888,-888888888,-888888888,-888888888,-888888888,-888888888,-888888888,-888888888,-888888888,-888888888,-888888888,-888888888,-888888888,-888888888
2020,Lampasas County; Texas,17166,9413,9271,8610,661,142,7753,9271,-888888888,8464,4163,4163,3848,1368,893,2810,2067,8532,6855,1075,0,193,66,343,28.4,8610,2897,1681,1928,822,1282,8610,292,851,613,122,1152,638,158,449,746,1599,868,467,655,48,281,8610,6300,1584,666,60,7823,468,231,509,925,1093,1415,1000,1348,553,281,64808,77252,5551,71300,2792,19678,3013,26587,498,18544,96,2468,764,5635,147,45,303,422,696,1193,850,1170,541,268,75653,89934,29695,2188,29026,41620,33652,51454,35373,20810,17909,14485,8556,2901,4675,322,12029,8741,8126,6771,6501,1144,1355,615,280,255,113,335,3288,2410,1872,1301,878,-888888888,-888888888,-888888888,-888888888,-888888888,-888888888,-888888888,-888888888,-888888888,-888888888,-888888888,-888888888,-888888888,-888888888,-888888888,-888888888,-888888888,-888888888,-888888888
2020,La Salle County; Texas,6250,3002,3002,2917,85,0,3248,3002,-888888888,2550,1210,1210,1155,297,114,1215,762,2803,2407,146,0,47,56,147,22.9,2917,582,688,540,701,406,2917,562,175,36,0,588,100,0,146,179,648,229,29,225,48,283,2917,2054,574,289,0,2142,186,213,325,37,381,457,195,167,149,32,47162,58678,1526,61363,1052,14464,218,18693,213,15308,26,-999999999,282,1659,62,50,189,25,463,416,178,116,139,21,55380,65679,17177,483,11802,22440,21451,35492,32951,6567,5040,3434,2087,1527,1631,241,3746,2772,2687,1951,1925,52,736,85,72,56,16,13,974,440,119,338,534,-888888888,-888888888,-888888888,-888888888,-888888888,-888888888,-888888888,-888888888,-888888888,-888888888,-888888888,-888888888,-888888888,-888888888,-888888888,-888888888,-888888888,-888888888,-888888888
2020,Lee County; Texas,13856,8359,8359,8151,208,0,5497,8359,-888888888,6867,3670,3670,3648,1230,875,2300,1514,7911,6169,548,30,277,296,591,29.5,8151,2427,1757,1649,1255,1063,8151,575,1115,396,290,793,546,129,491,601,1450,532,514,719,48,287,8151,5870,1446,819,16,6159,279,334,733,474,830,1465,688,774,379,203,56696,69408,4709,67902,2126,19078,1425,23570,221,7145,37,1138,646,4658,140,170,387,258,776,1105,529,727,379,187,61833,77760,27216,1501,27899,38870,33244,52320,33119,16744,14190,11270,5269,2554,3913,459,9706,7424,7302,5827,5731,316,1475,122,62,62,0,60,2282,1724,1263,580,558,-888888888,-888888888,-888888888,-888888888,-888888888,-888888888,-888888888,-888888888,-888888888,-888888888,-888888888,-888888888,-888888888,-888888888,-888888888,-888888888,-888888888,-888888888,-888888888
2020,Leon County; Texas,13890,7100,7100,6684,416,0,6790,7100,-888888888,7008,3210,3210,3055,1196,656,2393,1495,6613,5356,745,2,112,154,244,29.3,6684,1868,1321,1389,1127,979,6684,736,715,441,168,840,473,96,249,511,1045,477,362,571,48,289,6684,4561,1153,942,28,6837,328,344,1040,935,1013,1028,687,831,279,352,43392,71055,4462,72522,2903,20175,2039,31602,414,10548,124,4140,589,4796,78,169,605,541,706,763,619,764,285,266,58953,75737,28976,2041,28355,57876,32206,45288,35479,17245,13958,10074,6890,3287,4079,701,8951,6375,5995,4324,4118,285,1671,380,175,162,13,205,2576,1866,1179,754,710,-888888888,-888888888,-888888888,-888888888,-888888888,-888888888,-888888888,-888888888,-888888888,-888888888,-888888888,-888888888,-888888888,-888888888,-888888888,-888888888,-888888888,-888888888,-888888888
2020,Liberty County; Texas,65700,33956,33950,31389,2561,6,31744,33950,-888888888,33511,13067,13067,12228,6967,3648,13966,7499,30851,25227,3049,114,262,432,1767,39.3,31389,7306,4866,6333,6210,6674,31389,1372,4971,3536,1079,3588,2967,377,1295,2721,4708,2048,1348,1379,48,291,31389,24900,4191,2225,73,27417,2208,1282,3021,2979,3944,4672,3551,3225,1445,1090,50917,69106,20823,72804,9864,18671,4531,21881,1948,8175,546,2457,4548,19617,804,615,1314,1829,3141,3656,3070,2812,1485,891,62605,80426,23433,7800,23646,36076,34232,51880,40722,79010,60535,41055,25509,18475,23829,4367,44255,31220,29011,21896,20570,1960,7115,2209,710,494,277,1499,13035,7739,4589,3595,5296,-888888888,-888888888,-888888888,-888888888,-888888888,-888888888,-888888888,-888888888,-888888888,-888888888,-888888888,-888888888,-888888888,-888888888,-888888888,-888888888,-888888888,-888888888,-888888888
2020,Limestone County; Texas,18705,9279,9279,8729,550,0,9426,9279,-888888888,9095,4017,4017,3862,1540,795,3211,1838,8570,7158,825,24,152,62,349,22.3,8729,2258,1730,1713,1367,1661,8729,755,1004,791,186,1083,499,17,363,438,2319,393,293,588,48,293,8729,5668,2232,829,0,8292,724,415,1082,920,1354,1618,819,792,450,118,45781,59716,5723,59697,3389,18750,2405,23668,569,9640,422,4422,1182,5735,338,144,523,547,859,1341,723,735,416,109,56353,71242,22808,2557,24950,32281,28054,39630,30530,22546,18292,12108,9534,4254,5429,395,12943,8395,7908,6099,5582,832,1809,487,133,102,31,354,4548,2928,1754,1454,1620,-888888888,-888888888,-888888888,-888888888,-888888888,-888888888,-888888888,-888888888,-888888888,-888888888,-888888888,-888888888,-888888888,-888888888,-888888888,-888888888,-888888888,-888888888,-888888888
2020,Lipscomb County; Texas,2488,1694,1694,1599,95,0,794,1694,-888888888,1357,802,802,739,311,223,548,400,1580,1343,165,0,28,7,37,22.7,1599,410,284,334,250,321,1599,302,101,66,55,129,149,34,87,66,371,80,69,90,48,295,1599,1096,355,144,4,1158,78,44,51,137,114,254,186,188,49,57,63182,79893,904,74291,332,18961,216,24496,27,13407,11,2336,102,872,44,16,31,91,67,204,186,142,45,46,69630,87294,28736,286,34886,51365,31938,50082,34154,3262,2637,2194,878,625,979,215,1772,1438,1397,1138,1119,53,259,41,15,9,8,26,334,209,160,55,125,-888888888,-888888888,-888888888,-888888888,-888888888,-888888888,-888888888,-888888888,-888888888,-888888888,-888888888,-888888888,-888888888,-888888888,-888888888,-888888888,-888888888,-888888888,-888888888
2020,Live Oak County; Texas,9984,4375,4375,4246,129,0,5609,4375,-888888888,4520,1963,1963,1906,775,354,1587,794,4151,3257,420,0,46,156,272,26.4,4246,1330,626,927,751,612,4246,571,439,263,55,721,266,63,161,212,569,490,182,254,48,297,4246,3062,708,387,89,3854,277,362,445,351,482,670,397,585,138,147,50212,66491,2495,78284,1688,18633,662,17039,300,8599,46,5370,479,2609,148,69,269,249,353,399,362,510,106,144,61179,78888,23632,1245,24055,37681,31977,56174,39961,10782,8872,5543,4344,1910,2618,270,5789,3789,3687,2765,2607,218,922,102,6,0,6,96,2000,1406,789,677,594,-888888888,-888888888,-888888888,-888888888,-888888888,-888888888,-888888888,-888888888,-888888888,-888888888,-888888888,-888888888,-888888888,-888888888,-888888888,-888888888,-888888888,-888888888,-888888888
2020,Llano County; Texas,18725,8712,8694,8126,568,18,10013,8694,-888888888,9638,3999,3999,3765,755,483,1879,1293,7919,5917,1122,0,149,122,609,30.0,8126,2466,1594,1906,1226,934,8126,366,1145,463,109,892,451,203,463,1145,1403,771,417,298,48,299,8126,5902,1024,1152,48,9031,457,361,851,1000,1273,1341,1015,1547,392,794,58941,96019,5227,76642,5179,22046,3261,36380,544,13214,82,4506,662,5990,102,61,250,568,921,1046,842,1226,351,623,77176,114423,41499,3041,31089,52268,27119,47165,35957,21250,17692,13327,10478,3558,3268,461,10152,7251,6834,4665,4478,474,2169,417,94,54,40,323,2901,2402,1592,1107,499,-888888888,-888888888,-888888888,-888888888,-888888888,-888888888,-888888888,-888888888,-888888888,-888888888,-888888888,-888888888,-888888888,-888888888,-888888888,-888888888,-888888888,-888888888,-888888888
2020,Lubbock County; Texas,242747,157572,157285,150494,6791,287,85175,157285,-888888888,124266,75160,75093,71728,23276,15585,45310,34150,148347,118573,17767,1015,2864,1775,6353,16.8,150494,57853,27294,34514,13757,17076,150494,3979,10180,7884,5009,17606,6545,3054,9315,12242,45081,15315,8276,6008,48,303,150494,114727,26907,8688,172,116535,10106,5814,11474,12078,15129,20431,13979,16174,5734,5616,53425,74897,95991,73378,28879,18967,18596,25570,5981,9575,1888,2440,13725,70197,3042,1707,5142,6021,8240,13101,10479,12841,4796,4828,70545,91971,28880,46338,31949,46012,28919,49222,37119,304290,263755,206976,87094,40535,79910,7300,187141,144084,138324,116640,112182,8141,21684,5760,3794,2785,1244,1966,43057,33689,24916,11129,9368,-888888888,-888888888,-888888888,-888888888,-888888888,-888888888,-888888888,-888888888,-888888888,-888888888,-888888888,-888888888,-888888888,-888888888,-888888888,-888888888,-888888888,-888888888,-888888888
2020,McCulloch County; Texas,6397,3615,3615,3437,178,0,2782,3615,-888888888,3144,1593,1593,1575,415,386,1106,882,3345,2859,205,3,49,59,170,17.2,3437,879,665,555,613,725,3437,538,277,225,73,273,236,24,134,199,596,368,282,212,48,307,3437,2560,511,359,7,3151,238,239,356,288,528,573,392,398,48,91,48618,60554,2212,59615,1329,16577,634,29164,283,7834,37,614,433,1980,81,48,222,146,403,394,246,333,31,76,59461,69499,25567,1171,31082,43082,30269,50527,30364,7830,6338,4445,3070,1492,1807,284,4292,3223,3051,2266,2139,290,785,172,95,22,73,77,1069,730,465,284,339,-888888888,-888888888,-888888888,-888888888,-888888888,-888888888,-888888888,-888888888,-888888888,-888888888,-888888888,-888888888,-888888888,-888888888,-888888888,-888888888,-888888888,-888888888,-888888888
2020,McLennan County; Texas,198167,121647,121448,115898,5550,199,76520,121448,-888888888,102706,58531,58489,55724,19693,11837,38355,27159,113921,93860,11029,685,2183,1161,5003,19.8,115898,38077,20522,26707,12252,18340,115898,1303,8736,13101,3142,14733,6740,1324,7002,8979,29684,10217,5775,5162,48,309,115898,92956,15463,7043,436,91422,7978,4889,10146,9834,12697,14128,10458,12428,4608,4256,50210,71637,71937,71652,27843,18929,15950,26654,5545,9372,2435,2679,11134,59829,2705,1740,4658,5833,7794,10066,8563,10716,3884,3870,67793,86366,26754,31593,27838,39792,29155,45899,36620,249907,214191,163472,79826,35716,67643,6555,146811,111051,106251,87561,83993,6429,18690,4800,2814,2054,919,1986,35760,27431,18143,11357,8329,-888888888,-888888888,-888888888,-888888888,-888888888,-888888888,-888888888,-888888888,-888888888,-888888888,-888888888,-888888888,-888888888,-888888888,-888888888,-888888888,-888888888,-888888888,-888888888
2020,Madison County; Texas,11550,5280,5280,4978,302,0,6270,5280,-888888888,4726,2554,2554,2472,907,606,1702,1244,4877,3661,861,0,50,81,224,26.8,4978,1423,794,1060,838,863,4978,613,468,444,204,599,263,103,314,229,970,307,176,288,48,313,4978,3763,809,368,38,4205,239,211,421,399,382,1081,378,711,195,188,60499,72954,3136,74832,1499,17969,951,19288,318,7850,56,4270,550,2994,88,46,218,262,326,738,298,667,163,188,65050,84931,22183,1211,31588,40184,31606,49300,30440,11677,9901,7311,4112,1776,3147,383,6467,4800,4631,3746,3644,233,885,169,81,81,14,88,1667,1265,806,544,402,-888888888,-888888888,-888888888,-888888888,-888888888,-888888888,-888888888,-888888888,-888888888,-888888888,-888888888,-888888888,-888888888,-888888888,-888888888,-888888888,-888888888,-888888888,-888888888
2020,Marion County; Texas,8358,3975,3960,3528,432,15,4383,3960,-888888888,4314,1953,1953,1826,558,269,1104,469,3489,2796,408,20,32,41,192,30.9,3528,977,577,974,444,556,3528,184,347,341,125,547,231,46,146,229,913,198,124,97,48,315,3528,2665,519,344,0,4535,543,262,621,599,869,670,412,269,203,87,39093,56147,2656,64270,2410,17050,1288,18451,375,7756,140,1091,1074,2664,162,52,236,249,653,495,334,250,160,73,48438,67679,25798,1871,23442,39548,28114,51365,30421,9867,8879,6031,4664,988,1878,81,5447,3478,3077,2791,2542,394,286,401,201,165,36,200,1969,1572,870,822,397,-888888888,-888888888,-888888888,-888888888,-888888888,-888888888,-888888888,-888888888,-888888888,-888888888,-888888888,-888888888,-888888888,-888888888,-888888888,-888888888,-888888888,-888888888,-888888888
2020,Mason County; Texas,3375,2035,2035,1928,107,0,1340,2035,-888888888,1826,997,997,948,319,305,697,659,1877,1394,220,0,70,48,145,24.4,1928,798,244,463,345,78,1928,357,123,70,62,145,105,58,64,159,490,124,167,4,48,319,1928,1324,346,258,0,1668,118,93,106,221,154,326,115,278,180,77,61434,83443,1172,74406,812,20867,390,36378,64,8930,14,-999999999,116,1128,33,13,43,114,77,232,115,248,180,73,86364,104717,34196,540,26981,39004,31615,48556,36854,4239,3626,3155,1318,613,1116,114,1990,1620,1513,1150,1150,33,363,107,58,58,0,49,370,283,189,130,87,-888888888,-888888888,-888888888,-888888888,-888888888,-888888888,-888888888,-888888888,-888888888,-888888888,-888888888,-888888888,-888888888,-888888888,-888888888,-888888888,-888888888,-888888888,-888888888
2020,Matagorda County; Texas,28346,16678,16568,15505,1063,110,11668,16568,-888888888,14211,7465,7403,6835,2986,2017,5777,3737,15262,13011,1306,23,111,269,542,23.1,15505,4225,2791,2809,3018,2662,15505,1029,1774,2209,284,1653,1069,156,535,889,3267,1253,974,413,48,321,15505,12256,2096,1086,67,13900,1447,848,1373,1486,1979,2289,1885,1476,713,404,48733,64774,10602,65208,4679,15005,2545,21631,737,11955,227,1403,2111,9274,501,266,772,1005,1403,1694,1416,1255,613,349,61283,75360,25206,4626,26366,40296,31317,51027,33555,36347,30025,20981,13291,6322,10221,1370,20222,14893,13929,11022,10277,1072,2907,964,383,297,86,581,5329,4055,2618,1968,1274,-888888888,-888888888,-888888888,-888888888,-888888888,-888888888,-888888888,-888888888,-888888888,-888888888,-888888888,-888888888,-888888888,-888888888,-888888888,-888888888,-888888888,-888888888,-888888888
2020,Medina County; Texas,40582,23082,22943,22186,757,139,17500,22943,-888888888,19487,10476,10446,10200,3532,2610,7790,6308,21589,16760,2949,7,407,262,1204,31.1,22186,7259,3510,4493,3848,3076,22186,1483,2167,1581,543,2171,1164,210,1285,2055,5252,1567,1244,1464,48,325,22186,16605,3579,1949,53,15978,1104,643,1385,1465,1362,3270,2037,2922,1002,788,62701,80787,11487,82753,6187,17703,4686,29062,1225,11387,219,3188,1677,12023,522,384,779,741,941,2295,1839,2871,948,703,79441,92946,27200,3955,29230,36276,31273,47312,34331,48332,41878,33308,15555,6454,12566,1191,27515,21103,20391,16563,15918,1317,3828,712,483,452,31,229,6412,5233,3627,2304,1179,-888888888,-888888888,-888888888,-888888888,-888888888,-888888888,-888888888,-888888888,-888888888,-888888888,-888888888,-888888888,-888888888,-888888888,-888888888,-888888888,-888888888,-888888888,-888888888
2020,Menard County; Texas,1768,1065,1065,1017,48,0,703,1065,-888888888,782,493,493,456,57,57,299,275,960,670,172,0,33,0,85,26.9,1017,257,126,204,254,176,1017,124,231,9,9,66,97,0,63,12,178,37,66,125,48,327,1017,707,245,65,0,1035,74,96,183,76,170,188,112,45,43,48,43826,56752,678,58726,478,19124,299,23149,48,4233,0,-666666666,52,541,35,11,22,40,73,112,112,45,43,48,61406,82357,29080,494,22588,26808,27923,34612,33306,2067,1430,954,933,637,399,213,982,869,821,455,432,36,366,48,37,0,37,11,113,66,54,25,47,-888888888,-888888888,-888888888,-888888888,-888888888,-888888888,-888888888,-888888888,-888888888,-888888888,-888888888,-888888888,-888888888,-888888888,-888888888,-888888888,-888888888,-888888888,-888888888
2020,Milam County; Texas,19444,11028,11028,10307,721,0,8416,11028,-888888888,9970,5171,5171,4820,1601,1027,3895,2957,10032,8223,997,39,150,90,533,29.4,10307,3083,1716,2255,1932,1321,10307,942,1181,859,99,1369,409,123,361,557,2211,734,808,654,48,331,10307,7526,1714,1012,55,9468,560,652,1148,1100,1492,1566,992,1244,379,335,48253,70525,6855,71020,3879,19862,2259,23944,430,7515,161,1950,1222,6346,190,247,679,574,918,1132,842,1098,342,324,61609,84468,27585,3122,31039,40090,29930,40786,32210,24275,20471,14505,9130,3804,6214,767,13188,9824,9245,7631,7231,618,1614,579,209,122,89,370,3364,2370,1370,1215,994,-888888888,-888888888,-888888888,-888888888,-888888888,-888888888,-888888888,-888888888,-888888888,-888888888,-888888888,-888888888,-888888888,-888888888,-888888888,-888888888,-888888888,-888888888,-888888888
2020,Mills County; Texas,4106,2148,2148,2098,50,0,1958,2148,-888888888,2060,993,993,969,121,50,541,460,2059,1497,325,0,118,0,119,17.4,2098,723,490,384,282,219,2098,183,249,91,13,293,47,18,168,96,484,254,79,123,48,333,2098,1489,391,213,5,1752,126,97,240,114,291,378,208,171,23,104,50198,66878,1103,62327,869,22497,470,30849,65,9305,22,-999999999,186,1212,24,28,94,47,229,315,185,163,23,104,59135,83852,27619,540,20089,27017,26688,34583,31114,4719,3748,3058,1768,971,974,92,2401,1788,1760,1173,1125,93,587,28,24,24,0,4,613,335,262,112,278,-888888888,-888888888,-888888888,-888888888,-888888888,-888888888,-888888888,-888888888,-888888888,-888888888,-888888888,-888888888,-888888888,-888888888,-888888888,-888888888,-888888888,-888888888,-888888888
2020,Montague County; Texas,15605,8724,8722,8179,543,2,6881,8722,-888888888,8021,3902,3902,3677,1249,832,2933,1978,8028,6520,865,68,99,46,430,26.8,8179,1917,1457,1939,1532,1334,8179,1128,511,682,134,1100,406,212,380,362,1679,687,389,509,48,337,8179,6219,1130,792,38,7969,438,371,743,829,1011,1572,1002,1291,435,277,57511,72551,5868,69993,3224,20558,1851,24940,356,9865,80,1884,885,5749,313,137,332,555,643,1179,865,1172,335,218,64827,79626,28986,2220,32969,47117,32483,59323,33178,19346,16405,12319,7065,2941,4610,490,10564,7648,7204,5671,5438,401,1533,444,104,97,11,340,2916,2400,1686,948,516,-888888888,-888888888,-888888888,-888888888,-888888888,-888888888,-888888888,-888888888,-888888888,-888888888,-888888888,-888888888,-888888888,-888888888,-888888888,-888888888,-888888888,-888888888,-888888888
2020,Montgomery County; Texas,453947,294813,294473,280818,13655,340,159134,294473,-888888888,231242,130451,130384,123536,46056,28000,103189,65728,276437,221496,23437,2844,2084,3288,23288,32.2,280818,116410,42594,61264,28425,32125,280818,14729,25843,24897,10632,30240,19028,3261,15312,33716,54086,24395,14921,9758,48,339,280818,224293,35129,21016,380,205719,7247,4776,13868,13621,20254,32912,25868,38482,19664,29027,83274,117318,172110,118042,53100,22245,36878,32040,8094,10537,2368,3011,13026,154426,3176,2138,6979,8345,12929,23477,20460,32563,17424,26935,99511,133431,41892,51293,45374,64695,43344,67087,48723,587676,501506,408575,142743,86170,164196,16541,346951,270518,258653,212295,207122,9603,46358,11865,7609,6337,1452,4256,76433,58060,45939,15754,18373,-888888888,-888888888,-888888888,-888888888,-888888888,-888888888,-888888888,-888888888,-888888888,-888888888,-888888888,-888888888,-888888888,-888888888,-888888888,-888888888,-888888888,-888888888,-888888888
2020,Morris County; Texas,9836,5418,5418,5017,401,0,4418,5418,-888888888,5197,2662,2662,2429,730,465,1922,1406,4999,4142,450,0,65,157,185,24.1,5017,1237,1007,1045,506,1222,5017,164,294,787,131,753,309,20,175,178,1410,232,260,304,48,343,5017,3830,808,364,15,5170,276,417,729,698,795,825,669,576,144,41,43995,55022,3630,55636,2213,19409,1297,16506,353,11241,88,2069,908,3386,89,137,263,321,637,667,581,508,144,39,58662,67218,22868,1784,23451,28762,29227,44194,30769,12202,10682,7304,5326,1520,3001,188,6652,4933,4565,3849,3642,324,716,368,164,51,118,204,1719,1316,652,822,403,-888888888,-888888888,-888888888,-888888888,-888888888,-888888888,-888888888,-888888888,-888888888,-888888888,-888888888,-888888888,-888888888,-888888888,-888888888,-888888888,-888888888,-888888888,-888888888
2020,Motley County; Texas,1099,631,631,602,29,0,468,631,-888888888,531,237,237,220,81,50,202,185,601,426,106,7,14,0,48,16.6,602,231,95,48,149,79,602,137,76,49,3,67,44,0,4,42,104,53,6,17,48,345,602,403,81,118,0,496,23,27,69,83,59,97,51,57,11,19,45417,65417,328,70370,277,18388,85,28113,23,8748,0,-666666666,58,336,10,1,26,50,40,80,47,52,11,19,57344,81343,27075,160,24200,30941,30625,43125,34800,1362,1104,694,729,258,317,20,631,476,448,274,251,45,174,28,9,3,6,19,155,110,14,101,45,-888888888,-888888888,-888888888,-888888888,-888888888,-888888888,-888888888,-888888888,-888888888,-888888888,-888888888,-888888888,-888888888,-888888888,-888888888,-888888888,-888888888,-888888888,-888888888
2020,Navarro County; Texas,37955,22799,22778,21655,1123,21,15156,22778,-888888888,19493,10231,10231,9688,3896,2427,7895,5256,21148,17769,2035,65,282,145,852,28.7,21655,6295,4122,3800,2711,4727,21655,825,1988,3700,378,2536,1339,430,530,1243,4771,1596,1169,1150,48,349,21655,15872,3681,1990,112,17509,1258,904,1902,2191,2811,2826,1935,2052,854,776,47574,67922,13652,67516,6703,18852,3686,21727,822,9168,330,3915,2571,12716,584,285,1015,1394,2143,2282,1610,1866,788,749,58789,79048,24133,4793,27042,36278,27675,40119,34497,48671,40117,27855,17223,8554,13702,1457,26902,20239,19424,15215,14633,920,4209,815,242,121,127,573,6663,4373,2485,2284,2290,-888888888,-888888888,-888888888,-888888888,-888888888,-888888888,-888888888,-888888888,-888888888,-888888888,-888888888,-888888888,-888888888,-888888888,-888888888,-888888888,-888888888,-888888888,-888888888
2020,Newton County; Texas,11411,5896,5886,5238,648,10,5515,5886,-888888888,5582,2719,2719,2447,691,500,1982,1490,5105,4591,301,13,23,47,130,38.9,5238,1271,967,1051,935,1014,5238,315,583,874,55,620,353,35,89,307,1332,218,238,219,48,351,5238,4006,973,259,0,5124,569,375,903,577,517,912,378,641,169,83,40690,54868,3393,59557,2286,18283,1125,21626,389,8721,59,7278,805,3936,176,298,548,474,441,844,349,554,169,83,50620,63162,21836,1188,17414,24903,28384,53984,35456,13630,10746,7242,5278,2884,3126,384,7685,5165,4705,3420,3299,173,1285,460,112,107,5,348,2520,1653,876,928,867,-888888888,-888888888,-888888888,-888888888,-888888888,-888888888,-888888888,-888888888,-888888888,-888888888,-888888888,-888888888,-888888888,-888888888,-888888888,-888888888,-888888888,-888888888,-888888888
2020,Nueces County; Texas,283400,175929,173870,163776,10094,2059,107471,173870,-888888888,145204,80579,80233,75477,27378,16058,56473,39409,163287,133977,16381,2371,2402,2122,6034,19.8,163776,52067,33377,36764,21945,19623,163776,3659,17285,9866,3325,19272,8239,1929,9328,14767,38482,18663,9409,9552,48,355,163776,127334,24458,11632,352,130482,9134,7046,12348,12284,16641,23841,16280,19378,7335,6195,56784,75550,103210,76675,39933,17491,23423,26072,8258,9287,1987,2610,21575,88332,4202,2540,7219,7334,10719,16226,12402,15942,6019,5729,68156,86840,28078,42150,34882,48183,32102,49954,36011,356764,293631,206274,120528,63133,94282,8575,211080,159967,151549,115659,108791,10453,35890,8418,3599,2211,1499,4819,51113,37428,22877,17236,13685,-888888888,-888888888,-888888888,-888888888,-888888888,-888888888,-888888888,-888888888,-888888888,-888888888,-888888888,-888888888,-888888888,-888888888,-888888888,-888888888,-888888888,-888888888,-888888888
2020,Ochiltree County; Texas,7262,4724,4724,4544,180,0,2538,4724,-888888888,3700,1966,1966,1906,1014,584,1878,1232,4485,3338,929,0,99,40,79,17.0,4544,950,674,868,1250,802,4544,1209,411,184,135,543,257,66,152,277,754,266,187,103,48,357,4544,3705,566,256,17,3391,115,89,397,443,513,644,462,514,117,97,53431,67728,2893,63835,869,16411,549,17331,215,13462,7,-999999999,405,2540,72,9,203,373,334,509,428,427,105,80,67662,74060,23215,851,34628,42926,29611,48946,24257,9843,7521,5565,2716,2322,3235,497,5646,4366,4196,3085,2920,231,1111,170,54,42,12,116,1280,708,558,229,572,-888888888,-888888888,-888888888,-888888888,-888888888,-888888888,-888888888,-888888888,-888888888,-888888888,-888888888,-888888888,-888888888,-888888888,-888888888,-888888888,-888888888,-888888888,-888888888
2020,Orange County; Texas,65435,39517,39512,37744,1768,5,25918,39512,-888888888,33393,17951,17951,17134,6442,4416,13069,9084,37083,31835,3753,111,335,336,713,24.0,37744,11810,5585,8091,5470,6788,37744,514,4202,6935,576,4009,1910,175,1544,3453,7860,3218,2033,1315,48,361,37744,31014,4584,2118,28,31570,1732,1734,2409,2834,3943,5187,3973,5768,2466,1524,63488,81335,24163,85155,10599,20465,6329,24001,1586,10746,626,1677,4322,22873,1022,454,1020,1736,2508,3943,3298,5270,2236,1386,80700,93929,31260,8697,30569,42682,39788,65137,41598,83040,69602,51834,26719,13438,21920,2279,48302,36305,34738,27560,26428,1662,7178,1567,688,495,374,879,11997,8948,5868,4115,3049,-888888888,-888888888,-888888888,-888888888,-888888888,-888888888,-888888888,-888888888,-888888888,-888888888,-888888888,-888888888,-888888888,-888888888,-888888888,-888888888,-888888888,-888888888,-888888888
2020,Palo Pinto County; Texas,22714,13210,13210,12438,772,0,9504,13210,-888888888,11690,6060,6060,5733,2072,1293,4021,2856,12202,9273,1555,42,181,288,863,26.3,12438,3517,2183,2807,1757,2174,12438,1012,1406,1472,377,1258,771,185,663,774,2251,1127,575,567,48,363,12438,9523,1667,1212,36,10334,553,472,1296,751,1544,2047,1444,1265,452,510,55986,72854,7558,73910,4068,18939,2239,26981,653,10683,168,1945,977,7058,312,193,604,448,1028,1425,1121,1081,423,423,67951,82614,27473,3276,35331,49367,31862,47836,37278,28552,23710,16589,11214,4842,7339,1228,15764,11812,11170,8907,8587,770,2263,642,275,249,50,367,3952,3027,1781,1606,925,-888888888,-888888888,-888888888,-888888888,-888888888,-888888888,-888888888,-888888888,-888888888,-888888888,-888888888,-888888888,-888888888,-888888888,-888888888,-888888888,-888888888,-888888888,-888888888
2020,Parker County; Texas,108306,68368,68089,64858,3231,279,39938,68089,-888888888,54871,30961,30908,29514,10069,6720,22851,16080,63992,52203,5825,131,604,639,4590,32.3,64858,24976,9627,14560,8202,7493,64858,2889,6798,7277,1427,7401,4207,637,3637,6366,12913,4263,3861,3182,48,367,64858,50112,8570,6013,163,45848,1686,1388,2798,3119,4635,7052,5892,9709,4803,4766,84189,104545,36885,107008,13935,21131,9976,28371,1808,8747,678,3443,2635,35470,651,618,1386,2156,3104,5390,4789,8404,4565,4407,97507,117372,36420,10378,41053,54241,40082,65685,42239,136985,117608,97588,35013,19377,35948,4155,79995,62156,59406,49791,48777,2349,9615,2750,1447,1214,312,1303,17839,13642,10411,4489,4197,-888888888,-888888888,-888888888,-888888888,-888888888,-888888888,-888888888,-888888888,-888888888,-888888888,-888888888,-888888888,-888888888,-888888888,-888888888,-888888888,-888888888,-888888888,-888888888
2020,Parmer County; Texas,7161,4668,4658,4591,67,10,2493,4658,-888888888,3457,1867,1867,1831,921,480,1793,1004,4566,3770,419,24,42,216,95,15.2,4591,1254,713,582,984,1058,4591,806,230,942,54,258,355,17,149,216,773,269,300,222,48,369,4591,3596,667,320,8,3213,204,117,230,336,412,655,421,518,150,170,58558,76735,2569,79770,950,17416,488,23281,140,7599,17,-999999999,285,2430,83,38,150,161,316,581,316,478,137,170,69250,87996,26269,783,27986,35885,35778,41191,29019,9557,8003,5866,2975,1554,2893,310,5340,4196,4137,3519,3329,233,618,59,30,30,0,29,1144,552,420,146,592,-888888888,-888888888,-888888888,-888888888,-888888888,-888888888,-888888888,-888888888,-888888888,-888888888,-888888888,-888888888,-888888888,-888888888,-888888888,-888888888,-888888888,-888888888,-888888888
2020,Polk County; Texas,41202,20749,20746,18855,1891,3,20453,20746,-888888888,18786,9531,9528,8821,3008,1976,6446,4826,18222,14984,1660,81,265,572,660,29.1,18855,4585,3804,4582,3015,2869,18855,942,2524,1381,340,1943,1168,47,863,1487,4082,2089,460,1529,48,373,18855,13864,3358,1606,27,17945,1517,1104,1613,2049,2609,3688,1873,2159,787,546,50351,65192,12109,66349,7565,19988,4582,23866,1106,12551,325,2825,2744,12659,836,356,900,1242,1633,2995,1531,2132,572,462,59669,75103,24479,5286,26671,35967,28487,47352,32338,46519,38252,25705,19109,8267,10812,1182,26752,18725,16999,12732,11890,1378,4267,1726,912,641,294,814,8027,6024,3751,3227,2003,-888888888,-888888888,-888888888,-888888888,-888888888,-888888888,-888888888,-888888888,-888888888,-888888888,-888888888,-888888888,-888888888,-888888888,-888888888,-888888888,-888888888,-888888888,-888888888
2020,Potter County; Texas,89339,52198,52067,50273,1794,131,37141,52067,-888888888,43293,23644,23618,22749,10406,6434,19813,12922,49853,40938,5772,206,960,450,1527,19.1,50273,12151,11507,9809,6306,10500,50273,621,4624,8359,1329,5525,3241,514,2041,3358,10517,5465,2570,2109,48,375,50273,41470,5903,2816,84,43957,3936,2570,5703,5730,6239,8446,4392,4236,1216,1489,43652,62451,34688,64683,11432,17491,6309,21504,2655,9564,650,2620,6858,28645,1731,899,2871,3301,4362,6338,3176,3538,1129,1300,53819,72264,23245,15312,26684,41424,29226,40810,31338,111604,86955,60735,35594,24649,33492,4416,64056,48197,46657,33652,31634,2854,13005,1540,558,417,166,982,15859,9832,5660,4830,6027,-888888888,-888888888,-888888888,-888888888,-888888888,-888888888,-888888888,-888888888,-888888888,-888888888,-888888888,-888888888,-888888888,-888888888,-888888888,-888888888,-888888888,-888888888,-888888888
2020,Rains County; Texas,9951,5318,5318,5108,210,0,4633,5318,-888888888,5095,2468,2468,2423,612,446,1446,1182,4938,3620,808,0,56,233,221,31.5,5108,1576,923,863,737,1009,5108,202,782,529,156,483,368,35,221,603,1120,330,215,64,48,379,5108,3897,600,595,16,4321,388,34,409,540,711,525,827,581,135,171,52612,74527,2621,87133,1990,21658,1336,23849,168,8965,48,2588,574,2972,61,30,274,355,488,363,599,505,135,162,66993,87440,28919,1349,32052,40330,33125,47033,40299,11940,9780,6870,4696,2160,2452,262,6623,4954,4759,3511,3155,415,1248,195,63,60,14,132,1669,1195,631,667,474,-888888888,-888888888,-888888888,-888888888,-888888888,-888888888,-888888888,-888888888,-888888888,-888888888,-888888888,-888888888,-888888888,-888888888,-888888888,-888888888,-888888888,-888888888,-888888888
2020,Randall County; Texas,106952,73304,73060,70430,2630,244,33648,73060,-888888888,54899,34133,34057,32843,9404,6596,21053,16745,69463,57508,7281,121,874,1188,2491,19.8,70430,26817,11784,16252,7238,8339,70430,1731,5449,5028,2124,8517,4263,807,4602,6457,18201,5781,3444,4026,48,381,70430,53131,12500,4659,140,50092,1815,1610,4260,4699,6028,8745,7662,8653,3472,3148,68186,88592,41110,88268,14209,20681,9629,25506,1372,10459,527,3966,3181,34141,661,501,1764,2140,3382,5913,5977,7680,3208,2915,85333,105213,34527,15951,37163,50225,36482,54025,41604,134971,122009,101623,36770,12962,34739,1905,79912,66040,63933,56599,54608,3757,7334,2107,1200,964,307,907,13872,11095,7995,3806,2777,-888888888,-888888888,-888888888,-888888888,-888888888,-888888888,-888888888,-888888888,-888888888,-888888888,-888888888,-888888888,-888888888,-888888888,-888888888,-888888888,-888888888,-888888888,-888888888
2020,Real County; Texas,2803,1309,1309,1296,13,0,1494,1309,-888888888,1575,804,804,799,197,127,301,168,1251,901,102,1,37,37,173,17.5,1296,400,288,337,180,91,1296,131,149,2,2,167,74,0,84,56,280,240,79,32,48,385,1296,926,138,232,0,1254,124,111,173,156,182,245,110,56,36,61,38659,61403,810,61629,709,20629,336,24414,151,11428,0,-666666666,161,845,26,41,93,98,106,249,79,56,36,61,58542,78534,22588,409,18566,23423,21929,32656,30341,3331,2575,1613,1721,756,828,72,1527,1074,1061,553,529,52,508,13,0,0,0,13,453,301,98,211,152,-888888888,-888888888,-888888888,-888888888,-888888888,-888888888,-888888888,-888888888,-888888888,-888888888,-888888888,-888888888,-888888888,-888888888,-888888888,-888888888,-888888888,-888888888,-888888888
2020,Red River County; Texas,10049,5151,5151,4886,265,0,4898,5151,-888888888,5338,2595,2595,2480,636,265,1350,935,4838,3823,550,0,111,96,258,27.9,4886,1414,973,907,764,828,4886,303,329,738,55,339,200,24,331,373,1225,322,272,375,48,387,4886,3666,959,243,18,5143,441,633,465,848,747,854,362,571,150,72,37135,52872,3378,55535,2263,16886,1356,21020,268,8554,119,2790,699,3336,212,269,208,385,496,670,308,569,150,69,52894,66051,23895,1807,25641,27475,28576,44946,37807,11922,10187,6735,5366,1735,2615,176,6377,4587,4322,3510,3349,335,812,265,99,51,48,166,1790,1209,742,794,581,-888888888,-888888888,-888888888,-888888888,-888888888,-888888888,-888888888,-888888888,-888888888,-888888888,-888888888,-888888888,-888888888,-888888888,-888888888,-888888888,-888888888,-888888888,-888888888
2020,Refugio County; Texas,5538,3049,3049,2856,193,0,2489,3049,-888888888,2877,1374,1374,1263,461,262,1016,752,2788,2350,253,0,98,7,80,24.1,2856,713,760,665,339,379,2856,373,363,112,68,350,139,18,118,122,683,219,87,204,48,391,2856,2030,636,190,0,2566,163,202,270,246,359,617,352,215,101,41,51054,63023,1791,62337,1229,18403,681,22161,211,9629,47,4183,436,1730,73,92,127,143,273,377,324,201,88,32,60324,69548,24893,836,30735,48214,25474,40338,35313,6856,5882,3821,2891,974,1738,166,3663,2666,2487,2061,1942,144,426,179,83,68,15,96,997,711,365,385,286,-888888888,-888888888,-888888888,-888888888,-888888888,-888888888,-888888888,-888888888,-888888888,-888888888,-888888888,-888888888,-888888888,-888888888,-888888888,-888888888,-888888888,-888888888,-888888888
2020,Roberts County; Texas,649,376,376,371,5,0,273,376,-888888888,325,152,152,152,35,22,112,77,370,293,36,0,33,0,8,15.4,371,146,50,76,32,67,371,70,27,27,9,84,12,7,14,19,68,12,18,4,48,393,371,233,81,57,0,329,14,5,9,65,41,58,46,56,22,13,61964,73297,265,62565,149,21401,75,19145,8,-999999999,4,-999999999,3,245,10,0,4,40,36,43,41,42,18,11,65179,76991,29673,84,41250,62108,26705,44722,26429,784,705,621,270,79,188,4,401,331,331,285,285,24,46,0,0,0,0,0,70,55,43,27,15,-888888888,-888888888,-888888888,-888888888,-888888888,-888888888,-888888888,-888888888,-888888888,-888888888,-888888888,-888888888,-888888888,-888888888,-888888888,-888888888,-888888888,-888888888,-888888888
2020,Rockwall County; Texas,77054,53216,53150,51166,1984,66,23838,53150,-888888888,39359,24273,24259,23456,7433,4500,19164,13739,50417,39954,4293,302,307,417,5144,32.6,51166,24797,6789,11942,3411,4227,51166,423,4069,4677,1433,5968,2875,1178,4117,6640,11723,3173,2601,2289,48,397,51166,41256,6962,2862,86,34457,460,443,1261,1328,2495,4917,5072,8227,4738,5516,105956,133955,29930,127555,8649,23634,6412,30827,1066,10507,139,4093,1238,28224,335,124,695,838,1666,3554,4499,7112,4328,5073,113658,140587,45461,6233,57154,96719,52400,76434,55800,100490,91156,81007,19929,9334,29204,2482,59330,48598,46990,42681,41943,2112,4309,1608,1174,931,335,434,10732,8745,7724,1586,1987,-888888888,-888888888,-888888888,-888888888,-888888888,-888888888,-888888888,-888888888,-888888888,-888888888,-888888888,-888888888,-888888888,-888888888,-888888888,-888888888,-888888888,-888888888,-888888888
2020,Runnels County; Texas,8049,4621,4618,4491,127,3,3428,4618,-888888888,3994,1981,1978,1949,628,432,1625,1207,4492,3749,521,12,95,26,89,24.2,4491,1464,788,944,665,630,4491,593,383,457,56,483,293,76,139,195,1194,296,149,177,48,399,4491,3133,906,443,9,3891,250,260,464,470,594,715,360,546,152,80,48489,61649,2868,64010,1539,17942,833,19995,269,7894,35,2111,430,2591,103,55,232,246,460,507,280,485,152,71,59613,73212,24191,1300,25184,35698,30287,39672,31715,10077,8763,6577,3789,1314,2602,146,5476,4261,4159,3383,3291,157,776,102,43,23,20,59,1215,891,534,450,324,-888888888,-888888888,-888888888,-888888888,-888888888,-888888888,-888888888,-888888888,-888888888,-888888888,-888888888,-888888888,-888888888,-888888888,-888888888,-888888888,-888888888,-888888888,-888888888
2020,Sabine County; Texas,8911,3651,3651,3311,340,0,5260,3651,-888888888,4721,1875,1875,1762,492,260,1269,839,3101,2789,121,0,68,35,88,29.0,3311,754,674,901,502,480,3311,141,211,225,104,520,198,47,76,173,933,179,327,177,48,403,3311,2448,650,191,22,4524,359,318,779,562,564,834,390,419,139,160,38917,62030,2593,67739,2560,19024,1569,21534,337,8342,48,2404,618,3171,235,138,359,327,379,726,315,412,139,141,56162,73243,27345,1353,23888,34965,24485,50334,31141,10379,9141,6283,5151,1238,2028,174,5218,3244,2940,2437,2236,264,503,304,95,75,20,209,1974,1622,896,919,352,-888888888,-888888888,-888888888,-888888888,-888888888,-888888888,-888888888,-888888888,-888888888,-888888888,-888888888,-888888888,-888888888,-888888888,-888888888,-888888888,-888888888,-888888888,-888888888
2020,San Augustine County; Texas,6881,3331,3331,2960,371,0,3550,3331,-888888888,3596,1623,1623,1523,395,227,994,595,2960,2317,313,0,139,84,107,23.9,2960,853,602,550,410,545,2960,252,160,334,23,387,153,48,102,192,817,103,292,97,48,405,2960,2315,390,255,0,3712,493,235,487,420,568,572,468,389,33,47,41568,52268,2504,49082,1846,18699,897,25161,349,9071,70,1724,716,2695,180,144,257,329,452,465,451,344,33,40,48750,60195,23385,1017,19296,28754,25530,47137,29160,8034,6816,4443,3860,1218,1746,174,4238,2909,2580,2066,1887,219,514,329,126,66,73,203,1329,1028,570,608,301,-888888888,-888888888,-888888888,-888888888,-888888888,-888888888,-888888888,-888888888,-888888888,-888888888,-888888888,-888888888,-888888888,-888888888,-888888888,-888888888,-888888888,-888888888,-888888888
2020,San Patricio County; Texas,51053,29893,29729,28244,1485,164,21160,29729,-888888888,25325,13266,13241,12650,5372,3505,11246,7952,27945,24124,2171,44,304,162,1140,23.2,28244,8421,5742,5671,3892,4518,28244,1583,4038,2175,741,2952,1453,209,1327,2094,6580,2560,1004,1528,48,409,28244,22634,4129,1426,55,23422,1740,1174,2246,2564,2973,3892,2908,3354,1534,1037,56111,74900,17998,78447,8259,17707,4555,22941,2064,9066,425,1414,4110,16838,862,424,1131,1757,2161,3040,2382,2806,1443,832,65757,83480,26714,6584,27275,49646,32320,52462,35137,66179,55319,38265,22995,10860,18921,1562,37573,27761,26386,20307,19574,1540,6079,1375,815,582,246,560,9812,7160,3838,3632,2652,-888888888,-888888888,-888888888,-888888888,-888888888,-888888888,-888888888,-888888888,-888888888,-888888888,-888888888,-888888888,-888888888,-888888888,-888888888,-888888888,-888888888,-888888888,-888888888
2020,San Saba County; Texas,4979,2507,2495,2440,55,12,2472,2495,-888888888,2401,875,875,840,342,285,673,419,2445,1722,560,0,31,4,128,29.5,2440,799,437,399,518,287,2440,475,254,247,72,214,42,10,141,67,536,72,117,193,48,411,2440,1640,454,337,9,2134,112,120,365,274,303,373,249,182,123,33,45169,64287,1415,57315,1043,21581,501,25057,40,6303,23,504,146,1405,72,14,199,91,248,353,155,182,63,28,56075,69329,25201,729,25863,53096,26659,35023,30351,5346,4038,2896,2206,1308,1268,267,2698,2209,2165,1353,1321,72,812,44,14,10,4,30,489,295,193,146,194,-888888888,-888888888,-888888888,-888888888,-888888888,-888888888,-888888888,-888888888,-888888888,-888888888,-888888888,-888888888,-888888888,-888888888,-888888888,-888888888,-888888888,-888888888,-888888888
2020,Scurry County; Texas,13197,6926,6926,6684,242,0,6271,6926,-888888888,5827,2799,2799,2735,1313,711,2509,1772,6631,5409,863,0,62,161,136,17.8,6684,1605,1447,1329,1219,1084,6684,1083,566,427,221,628,462,50,274,340,1365,637,303,328,48,415,6684,4800,1147,724,13,6115,201,349,592,979,918,1061,630,957,282,146,50277,67720,4710,69239,2100,18064,1396,17546,211,12461,59,1202,312,3985,7,92,250,495,486,928,651,689,246,141,65852,81063,24238,2130,30218,38306,32053,50647,35839,15391,12365,9260,4709,3026,4532,822,8435,6135,6002,4493,4304,324,1509,133,27,27,0,106,2300,1711,998,847,589,-888888888,-888888888,-888888888,-888888888,-888888888,-888888888,-888888888,-888888888,-888888888,-888888888,-888888888,-888888888,-888888888,-888888888,-888888888,-888888888,-888888888,-888888888,-888888888
2020,Shackelford County; Texas,2607,1614,1614,1477,137,0,993,1614,-888888888,1360,772,772,684,249,177,492,346,1460,1282,71,0,30,45,32,25.1,1477,533,226,357,225,136,1477,297,135,41,4,146,129,34,11,80,272,129,66,133,48,417,1477,1004,340,133,0,1367,60,136,169,70,295,252,155,113,77,40,48212,66206,1008,64767,458,21167,341,21557,47,9943,10,1310,119,914,26,21,69,49,239,180,126,106,71,27,59083,78859,27822,453,21378,39540,30872,47576,32422,3266,2773,2177,1176,493,857,45,1761,1375,1249,1042,999,101,207,126,41,26,15,85,386,230,143,153,156,-888888888,-888888888,-888888888,-888888888,-888888888,-888888888,-888888888,-888888888,-888888888,-888888888,-888888888,-888888888,-888888888,-888888888,-888888888,-888888888,-888888888,-888888888,-888888888
2020,Sherman County; Texas,2417,1532,1532,1500,32,0,885,1532,-888888888,1156,621,621,589,159,101,530,274,1469,1127,237,0,85,3,17,20.4,1500,461,177,295,373,194,1500,415,152,38,71,143,119,9,55,77,206,65,56,94,48,421,1500,989,265,246,0,1070,11,31,123,137,149,192,157,160,39,71,57130,97461,905,92203,340,19383,165,20745,17,-999999999,25,-999999999,32,822,22,19,57,118,99,143,131,131,39,63,62188,109710,36988,248,36528,52647,36859,44716,32400,3019,2497,1959,894,522,755,93,1807,1362,1349,1072,997,75,277,13,0,0,0,13,445,306,255,86,139,-888888888,-888888888,-888888888,-888888888,-888888888,-888888888,-888888888,-888888888,-888888888,-888888888,-888888888,-888888888,-888888888,-888888888,-888888888,-888888888,-888888888,-888888888,-888888888
2020,Smith County; Texas,179874,110365,110214,104190,6024,151,69509,110214,-888888888,94722,53593,53593,50828,17868,11522,35423,26320,102609,84604,9211,537,828,1865,5564,23.6,104190,35354,19632,22986,10303,15915,104190,3117,8097,8034,2570,12814,4881,2228,4839,8927,29296,9618,5773,3996,48,423,104190,82911,13515,7628,136,77809,5066,3406,7393,6734,9898,15291,10083,11462,4012,4464,59450,79716,59291,80611,25682,20699,13575,27904,3880,10596,1269,3785,7380,53943,1923,1525,3238,3969,6360,10854,8435,9948,3471,4220,73199,93922,28858,23866,32685,44679,31908,47366,36356,227791,190175,144045,74452,37616,59925,6284,130546,100280,94999,74829,72164,4476,20170,5281,2539,1389,1240,2742,30266,22038,14528,9927,8228,-888888888,-888888888,-888888888,-888888888,-888888888,-888888888,-888888888,-888888888,-888888888,-888888888,-888888888,-888888888,-888888888,-888888888,-888888888,-888888888,-888888888,-888888888,-888888888
2020,Lavaca County; Texas,15859,9369,9369,9058,311,0,6490,9369,-888888888,8150,4296,4296,4155,1479,1019,2877,2312,8905,7167,1105,0,115,56,462,28.9,9058,2964,1147,1832,1302,1813,9058,881,796,1531,255,761,412,52,533,449,2210,422,457,299,48,285,9058,6617,1594,778,69,7904,313,466,740,954,1123,1468,870,1214,345,411,54211,76795,5551,78711,3097,19998,1811,23241,255,9751,41,5493,666,5521,185,141,247,594,702,1115,683,1144,307,403,70864,92249,31241,2383,30011,37076,35336,50319,37628,19648,17793,14314,6530,1855,4946,250,10312,8343,8063,6944,6772,268,1119,280,179,166,36,101,1969,1599,1186,535,370,-888888888,-888888888,-888888888,-888888888,-888888888,-888888888,-888888888,-888888888,-888888888,-888888888,-888888888,-888888888,-888888888,-888888888,-888888888,-888888888,-888888888,-888888888,-888888888
2020,Somervell County; Texas,7182,3977,3977,3782,195,0,3205,3977,-888888888,3600,1601,1601,1525,421,246,1437,790,3730,2979,317,0,27,196,211,35.0,3782,1595,464,718,420,585,3782,203,401,521,58,254,227,18,324,277,904,265,128,202,48,425,3782,3011,544,212,15,3145,181,78,376,252,305,494,374,573,312,200,64394,84072,2223,94192,1052,17672,720,31003,118,8357,22,-999999999,271,2360,62,62,223,144,233,320,402,449,265,200,81471,94938,32998,785,29609,42797,39023,71953,37104,8775,7568,5912,2650,1207,2017,284,5200,3623,3483,2971,2940,47,512,140,107,107,0,33,1577,1199,753,535,378,-888888888,-888888888,-888888888,-888888888,-888888888,-888888888,-888888888,-888888888,-888888888,-888888888,-888888888,-888888888,-888888888,-888888888,-888888888,-888888888,-888888888,-888888888,-888888888
2020,Starr County; Texas,45417,26547,26547,23059,3488,0,18870,26547,-888888888,23581,12936,12936,11404,7557,4494,12583,8600,22122,15932,3298,46,933,159,1754,27.5,23059,5454,6754,3835,3498,3518,23059,1245,2276,817,201,2363,1725,125,754,1089,8996,1614,983,871,48,427,23059,16105,4951,1812,191,16281,2454,1555,2882,1977,2556,1988,1026,1183,296,364,30931,47271,12417,49885,5460,11484,1857,16487,2614,7759,169,1720,6273,12836,1218,1011,2274,1661,2305,1687,936,1102,278,364,36309,53244,14545,3445,12882,22629,18929,32679,25766,63501,42261,17956,26595,21240,22022,4200,34275,24667,21637,11853,10721,1422,9784,3030,746,486,276,2284,9608,4929,1712,3507,4679,-888888888,-888888888,-888888888,-888888888,-888888888,-888888888,-888888888,-888888888,-888888888,-888888888,-888888888,-888888888,-888888888,-888888888,-888888888,-888888888,-888888888,-888888888,-888888888
2020,Stephens County; Texas,7362,3824,3824,3495,329,0,3538,3824,-888888888,3514,1463,1463,1372,630,304,1140,749,3442,2764,382,0,48,137,111,20.3,3495,870,716,528,630,751,3495,618,350,450,51,185,250,6,115,145,459,354,221,291,48,429,3495,2431,614,450,0,3408,194,358,456,354,559,600,337,382,42,126,44940,62557,2418,59976,1388,20501,753,14008,250,8520,112,3155,449,2278,188,76,137,184,346,552,326,333,37,99,55987,69344,25592,1130,18317,45591,32000,55292,36919,8963,7157,4751,3589,1806,2480,304,4719,3464,3165,2260,2138,205,905,299,77,60,17,222,1255,880,472,435,375,-888888888,-888888888,-888888888,-888888888,-888888888,-888888888,-888888888,-888888888,-888888888,-888888888,-888888888,-888888888,-888888888,-888888888,-888888888,-888888888,-888888888,-888888888,-888888888
2020,Sterling County; Texas,904,601,601,595,6,0,303,601,-888888888,495,333,333,327,77,67,241,192,585,520,28,0,0,28,9,20.5,595,158,137,149,59,92,595,114,32,11,14,41,44,0,3,20,133,55,72,56,48,431,595,332,184,79,0,405,4,14,18,59,87,79,22,67,44,11,53194,76835,356,71692,89,13288,37,16032,11,-999999999,0,-666666666,40,333,0,5,9,46,72,61,22,63,44,11,57150,85409,27551,72,37708,37179,34900,50417,27969,1239,803,632,281,436,452,191,680,599,593,368,368,10,225,6,6,6,0,0,81,61,57,4,20,-888888888,-888888888,-888888888,-888888888,-888888888,-888888888,-888888888,-888888888,-888888888,-888888888,-888888888,-888888888,-888888888,-888888888,-888888888,-888888888,-888888888,-888888888,-888888888
2020,Stonewall County; Texas,1103,720,717,691,26,3,383,717,-888888888,603,388,388,362,128,51,219,180,694,600,48,0,15,25,6,12.7,691,189,115,125,108,154,691,166,39,0,2,117,67,0,26,15,164,44,17,34,48,433,691,504,148,39,0,529,35,7,91,49,61,84,105,63,24,10,58309,63826,415,62967,197,15168,129,13673,37,6692,18,-999999999,76,384,0,0,50,27,55,72,86,60,24,10,72857,75923,23300,145,21250,29881,25448,57750,28750,1366,1089,780,505,277,417,125,689,538,512,381,359,36,131,26,26,14,12,0,151,130,119,55,21,-888888888,-888888888,-888888888,-888888888,-888888888,-888888888,-888888888,-888888888,-888888888,-888888888,-888888888,-888888888,-888888888,-888888888,-888888888,-888888888,-888888888,-888888888,-888888888
2020,Sutton County; Texas,2782,1840,1840,1725,115,0,942,1840,-888888888,1348,749,749,712,407,250,636,530,1719,1444,124,0,74,4,73,17.4,1725,533,253,455,359,125,1725,464,230,68,37,196,59,0,36,39,306,187,48,55,48,435,1725,1163,319,235,8,1282,133,16,154,100,167,192,192,235,90,3,61190,68118,1087,69527,376,19150,96,18832,32,8469,0,-666666666,123,957,105,0,103,29,146,127,132,222,90,3,67721,75738,25650,325,34635,44921,34414,60536,40573,3776,3124,2256,1197,652,1154,68,1984,1629,1514,1149,1106,78,365,115,48,48,0,67,355,204,151,81,151,-888888888,-888888888,-888888888,-888888888,-888888888,-888888888,-888888888,-888888888,-888888888,-888888888,-888888888,-888888888,-888888888,-888888888,-888888888,-888888888,-888888888,-888888888,-888888888
2020,Swisher County; Texas,5833,2977,2977,2756,221,0,2856,2977,-888888888,2711,1340,1340,1318,499,261,1171,720,2674,2100,303,35,118,21,97,22.6,2756,958,703,423,419,253,2756,507,159,100,50,227,162,21,86,131,725,312,86,190,48,437,2756,1729,645,379,3,2599,290,193,348,430,535,298,249,162,59,35,36337,49238,1831,53008,1112,15877,337,15767,217,13023,54,1913,320,1635,137,39,225,329,212,276,204,154,24,35,40816,57605,18310,964,25786,33001,27039,41695,30179,6765,5300,3355,2663,1465,1870,297,3539,2542,2323,1701,1608,146,622,219,71,37,34,148,997,599,200,405,398,-888888888,-888888888,-888888888,-888888888,-888888888,-888888888,-888888888,-888888888,-888888888,-888888888,-888888888,-888888888,-888888888,-888888888,-888888888,-888888888,-888888888,-888888888,-888888888
2020,Tarrant County; Texas,1595025,1093715,1091244,1037059,54185,2471,501310,1091244,-888888888,825204,508390,508044,481166,167474,109215,355145,248990,1021907,815526,106056,4838,11289,11534,72664,27.4,1037059,393174,160395,240256,91947,151287,1037059,9519,80223,105262,34755,118433,91578,16513,81722,111578,206157,95543,53257,32519,48,439,1037059,858943,114885,61926,1305,722446,31581,22822,48606,59217,86760,133956,99224,124148,56234,59898,70306,94714,614827,94461,164707,20302,117977,27680,29267,10136,12570,3425,73584,500989,15005,9439,25058,33055,54020,88979,72572,100050,49735,53076,82856,108330,34045,221457,44252,58781,37400,53015,44724,2061178,1723625,1348891,535253,337553,576647,64184,1254802,1011053,963537,786133,759082,48503,177404,47516,24870,19554,6964,22646,243749,174428,125385,61557,69321,-888888888,-888888888,-888888888,-888888888,-888888888,-888888888,-888888888,-888888888,-888888888,-888888888,-888888888,-888888888,-888888888,-888888888,-888888888,-888888888,-888888888,-888888888,-888888888
2020,Taylor County; Texas,106878,70681,66651,64638,2013,4030,36197,66651,-888888888,55359,32868,32319,31569,11241,8171,20692,15936,67819,53407,7328,466,1545,723,4350,17.2,64638,21495,13493,14494,6976,8180,64638,1423,4577,4516,1096,8001,3771,697,4616,4261,18082,5865,3431,4302,48,441,64638,50678,10202,3596,162,50396,3000,2394,4997,4838,7472,9138,6841,7259,2604,1853,55568,74375,40741,71955,14473,19791,9423,22918,2684,10312,533,2321,6521,33439,1097,782,2247,2644,4686,6519,5543,6048,2213,1660,70495,86988,28071,16957,31171,46124,28907,43449,34579,131944,113222,86944,42621,18722,36338,2607,76399,60105,58359,46868,44232,4218,11491,1746,1109,861,299,637,16294,12560,8364,5519,3734,-888888888,-888888888,-888888888,-888888888,-888888888,-888888888,-888888888,-888888888,-888888888,-888888888,-888888888,-888888888,-888888888,-888888888,-888888888,-888888888,-888888888,-888888888,-888888888
2020,Terrell County; Texas,809,332,332,332,0,0,477,332,-888888888,385,188,188,188,38,12,76,19,332,239,48,0,0,0,45,39.6,332,96,36,59,47,94,332,43,28,16,0,8,70,9,0,33,82,7,4,32,48,443,332,188,111,33,0,419,36,7,52,37,154,42,41,45,5,0,42823,50663,210,58607,256,18731,116,14826,0,-666666666,4,-999999999,5,218,0,0,19,26,51,42,30,45,5,0,65417,67950,26056,201,35592,31915,32128,73438,30845,903,815,677,446,88,117,0,476,283,283,260,256,15,23,0,0,0,0,0,193,128,88,78,65,-888888888,-888888888,-888888888,-888888888,-888888888,-888888888,-888888888,-888888888,-888888888,-888888888,-888888888,-888888888,-888888888,-888888888,-888888888,-888888888,-888888888,-888888888,-888888888
2020,Terry County; Texas,9424,5396,5396,4975,421,0,4028,5396,-888888888,4526,2394,2394,2152,1032,273,2252,1417,4942,3708,972,20,89,2,151,20.4,4975,1007,1106,964,1254,644,4975,1175,527,197,300,370,285,9,72,66,923,596,163,292,48,445,4975,4066,590,319,0,4101,317,138,527,486,856,546,494,429,237,71,44052,62622,3263,60805,1320,16406,563,32665,280,8502,29,934,736,2797,90,64,305,252,740,362,383,312,237,52,48950,70985,21048,1304,29154,42109,26644,41224,30385,11503,8627,5404,4382,2876,3531,705,6203,4930,4583,3108,2907,284,1475,347,156,124,32,191,1273,769,435,440,504,-888888888,-888888888,-888888888,-888888888,-888888888,-888888888,-888888888,-888888888,-888888888,-888888888,-888888888,-888888888,-888888888,-888888888,-888888888,-888888888,-888888888,-888888888,-888888888
2020,Throckmorton County; Texas,1234,732,732,697,35,0,502,732,-888888888,614,324,324,307,129,104,126,89,682,545,105,0,12,13,7,15.1,697,283,88,156,100,70,697,126,44,41,1,71,50,17,17,28,182,34,52,34,48,447,697,431,165,101,0,713,89,70,50,87,98,98,111,65,18,27,41875,65105,521,62254,283,21045,120,23063,24,9750,10,-999999999,59,435,23,28,30,34,65,77,79,55,18,26,59438,82564,31628,278,25000,36418,26694,54063,28958,1500,1280,928,600,220,328,25,787,591,556,431,410,21,125,35,9,8,7,26,196,158,79,86,38,-888888888,-888888888,-888888888,-888888888,-888888888,-888888888,-888888888,-888888888,-888888888,-888888888,-888888888,-888888888,-888888888,-888888888,-888888888,-888888888,-888888888,-888888888,-888888888
2020,Titus County; Texas,24282,15106,15106,14342,764,0,9176,15106,-888888888,12460,6595,6595,6308,2932,1758,6091,3952,14185,11538,2067,22,47,287,224,19.8,14342,3083,2716,2969,1682,3892,14342,391,1031,3267,557,1726,818,60,321,783,2821,1031,1000,536,48,449,14342,11197,1960,1146,39,11064,631,436,1268,1414,1426,2426,1565,1315,287,296,53406,63918,8822,63896,3208,18672,1791,21796,519,11607,163,2104,1768,8339,294,197,770,1007,1144,1852,1401,1152,261,261,59619,70159,22077,2725,31064,41805,28724,39863,28727,32497,26599,18001,11793,5898,9928,881,18106,13874,13213,9926,9453,700,3287,661,379,327,58,282,4232,2853,1829,1315,1379,-888888888,-888888888,-888888888,-888888888,-888888888,-888888888,-888888888,-888888888,-888888888,-888888888,-888888888,-888888888,-888888888,-888888888,-888888888,-888888888,-888888888,-888888888,-888888888
2020,Tom Green County; Texas,93433,61340,58219,55872,2347,3121,32093,58219,-888888888,46942,28277,27634,26173,9356,6004,17690,13859,57579,45016,5803,136,2377,1170,3077,18.7,55872,18197,10243,14409,6974,6049,55872,3288,4728,3002,1002,7298,2329,943,2990,4841,14171,4857,2816,3607,48,451,55872,41911,9757,4074,130,42953,2346,1775,4313,4483,6133,8140,5275,6609,2203,1676,57670,76094,34267,74246,12936,18699,8198,25468,2414,10443,1353,2014,4190,27500,892,515,1456,2211,4011,5555,3701,5807,1963,1389,71316,90770,29547,15453,33401,47768,30975,46010,33381,113650,98502,78859,33951,15148,29926,2997,65764,52268,50404,42538,41019,2850,7866,1864,765,466,362,1099,13496,10347,7121,4219,3149,-888888888,-888888888,-888888888,-888888888,-888888888,-888888888,-888888888,-888888888,-888888888,-888888888,-888888888,-888888888,-888888888,-888888888,-888888888,-888888888,-888888888,-888888888,-888888888
2020,Travis County; Texas,1009464,737101,736357,704618,31739,744,272363,736357,-888888888,500773,335486,335326,319332,91158,60740,169911,120973,692866,487972,60820,16671,15426,15073,96904,25.9,704618,363042,97712,143253,48551,52060,704618,4478,49637,52512,15579,66545,26097,25443,51028,134264,139897,67134,33813,38191,48,453,704618,546967,103959,52568,1124,491531,25557,12692,26687,32560,51116,79849,64143,92128,45031,61768,80668,112116,432326,109464,84492,20352,65943,35168,13758,9665,7053,4281,32234,280144,8273,4791,11163,14762,21950,38991,35624,60947,34101,49542,103154,136290,45453,211387,56587,76603,43156,61449,51080,1242977,1090344,927266,260479,152633,285066,22554,837217,693714,665070,575898,555342,32323,89172,28644,18496,15545,3614,10148,143503,114420,91083,30639,29083,-888888888,-888888888,-888888888,-888888888,-888888888,-888888888,-888888888,-888888888,-888888888,-888888888,-888888888,-888888888,-888888888,-888888888,-888888888,-888888888,-888888888,-888888888,-888888888
2020,Trinity County; Texas,12146,5656,5656,5256,400,0,6490,5656,-888888888,6291,2578,2578,2395,882,524,1808,1141,5162,4363,407,13,106,40,233,33.4,5256,1820,910,935,863,728,5256,381,712,281,99,727,302,42,175,263,1050,460,125,639,48,455,5256,3681,1137,438,0,6105,544,344,683,920,867,1109,486,636,372,144,44052,62398,3816,63560,2876,19586,1800,28549,464,12718,98,2663,954,4319,381,167,332,510,656,886,438,433,372,144,53566,71474,26347,1786,26601,37702,31592,45815,36224,14540,11748,6748,7247,2792,3058,371,7666,4999,4638,3297,3129,379,1341,361,147,24,130,214,2667,1829,977,1152,838,-888888888,-888888888,-888888888,-888888888,-888888888,-888888888,-888888888,-888888888,-888888888,-888888888,-888888888,-888888888,-888888888,-888888888,-888888888,-888888888,-888888888,-888888888,-888888888
2020,Tyler County; Texas,17884,7302,7301,6250,1051,1,10582,7301,-888888888,8085,3311,3311,2897,961,537,2811,1419,6113,5228,421,0,77,130,257,31.8,6250,1690,1093,1313,1068,1086,6250,606,604,480,107,928,337,22,261,414,1164,365,438,524,48,457,6250,4659,1168,420,3,7109,525,499,856,817,989,1277,761,1042,163,180,47865,62066,4251,66945,3549,19587,2081,27008,577,11869,90,2190,1222,4693,132,186,323,514,750,898,636,969,129,156,60716,73362,21632,2416,23636,38689,32396,51490,36875,18836,15587,9673,8970,3249,4317,319,9985,6401,5503,4116,3916,461,1387,898,303,162,141,595,3584,2646,1106,1735,938,-888888888,-888888888,-888888888,-888888888,-888888888,-888888888,-888888888,-888888888,-888888888,-888888888,-888888888,-888888888,-888888888,-888888888,-888888888,-888888888,-888888888,-888888888,-888888888
2020,Upshur County; Texas,32691,18214,18214,17130,1084,0,14477,18214,-888888888,16787,8191,8191,7722,2826,1612,6575,3888,16488,13670,1523,9,350,228,708,28.2,17130,4891,2322,4859,2065,2993,17130,815,1609,1829,586,2451,1243,244,759,1525,3732,983,822,532,48,459,17130,13506,2251,1358,15,14392,959,824,1490,1440,1905,2614,1666,2309,664,521,54330,71874,10488,74702,5381,19447,2920,23588,936,10949,403,5399,2078,10263,406,272,665,817,1289,2239,1437,2112,581,445,69241,83600,26648,4129,26468,40171,31854,52157,32527,40887,34702,24910,14760,6185,10462,1116,23133,16543,15583,12394,11876,954,3189,960,470,423,55,490,6590,5224,3144,2407,1366,-888888888,-888888888,-888888888,-888888888,-888888888,-888888888,-888888888,-888888888,-888888888,-888888888,-888888888,-888888888,-888888888,-888888888,-888888888,-888888888,-888888888,-888888888,-888888888
2020,Upton County; Texas,2727,1576,1576,1529,47,0,1151,1576,-888888888,1327,662,662,636,198,90,765,558,1508,1348,100,5,23,0,32,26.9,1529,468,177,291,386,207,1529,490,143,39,11,90,106,36,49,46,338,56,66,59,48,461,1529,1039,357,126,7,1344,91,60,115,90,201,317,215,175,53,27,59008,67263,1084,67708,366,20445,299,21379,68,13107,23,2287,68,909,30,21,61,71,76,235,183,166,39,27,70994,78539,25994,435,40536,42368,37132,53864,31579,3593,3323,2618,936,270,1116,28,1959,1467,1420,1307,1307,14,113,47,21,20,1,26,492,421,282,170,71,-888888888,-888888888,-888888888,-888888888,-888888888,-888888888,-888888888,-888888888,-888888888,-888888888,-888888888,-888888888,-888888888,-888888888,-888888888,-888888888,-888888888,-888888888,-888888888
2020,Uvalde County; Texas,20648,12124,12115,11516,599,9,8524,12115,-888888888,10755,6062,6062,5700,1911,1091,4453,3346,11151,8802,1672,0,168,227,282,18.1,11516,2970,2684,2400,2020,1442,11516,686,1429,569,233,1135,168,60,463,982,2769,1213,1154,655,48,463,11516,7976,2416,1124,0,8921,722,818,1335,828,1111,1729,918,754,437,269,45936,60347,6674,60984,3334,16439,1564,22677,823,7352,245,2925,2075,6206,343,374,671,643,665,1299,864,690,437,220,56342,71122,21036,2715,20811,34244,22975,41669,27368,26422,21086,13206,10818,5336,7643,1241,14429,10895,10363,7495,6977,734,2868,532,415,341,76,117,3534,2450,1167,1406,1084,-888888888,-888888888,-888888888,-888888888,-888888888,-888888888,-888888888,-888888888,-888888888,-888888888,-888888888,-888888888,-888888888,-888888888,-888888888,-888888888,-888888888,-888888888,-888888888
2020,Van Zandt County; Texas,44556,23546,23539,22595,944,7,21010,23539,-888888888,23088,10252,10252,9734,4015,1838,7438,4694,22116,17393,2624,10,368,202,1519,36.7,22595,7388,3732,4881,3796,2798,22595,1699,2453,2599,615,2628,1217,358,1076,1834,5032,1496,811,777,48,467,22595,17302,3047,2137,109,20494,1106,759,2368,2076,2600,3874,2652,3058,878,1123,57203,79863,14499,82270,8267,20983,4986,27502,1193,10032,370,2144,2401,15370,507,278,1265,1493,1952,3032,2404,2567,864,1008,65525,90268,30111,5124,28386,44027,33366,48130,36094,55356,45690,33143,20593,9666,13571,1708,30720,21152,20348,15586,15092,1128,4762,804,390,267,136,414,9568,6805,4524,2981,2763,-888888888,-888888888,-888888888,-888888888,-888888888,-888888888,-888888888,-888888888,-888888888,-888888888,-888888888,-888888888,-888888888,-888888888,-888888888,-888888888,-888888888,-888888888,-888888888
2020,Victoria County; Texas,71165,44522,44516,42209,2307,6,26643,44516,-888888888,36592,20717,20717,19286,6830,4619,15020,10504,41660,33186,4770,367,714,394,2229,20.6,42209,12896,7999,9367,5604,6343,42209,2002,3528,4275,1540,5570,1828,560,2059,3183,10329,3922,2157,1256,48,469,42209,33513,5016,3597,83,32520,1837,1449,3422,2974,4233,5872,4145,5003,2045,1540,58959,79546,25497,77796,10567,20672,6119,24365,1980,9808,520,2708,4266,22172,796,664,1798,1588,2574,4186,3315,4100,1852,1299,71348,89196,29424,10348,35490,55391,31134,52754,33892,91067,75335,55018,29265,15732,24494,3275,52184,40897,38759,30537,29198,2183,8222,2138,953,662,338,1185,11287,8391,5185,3633,2896,-888888888,-888888888,-888888888,-888888888,-888888888,-888888888,-888888888,-888888888,-888888888,-888888888,-888888888,-888888888,-888888888,-888888888,-888888888,-888888888,-888888888,-888888888,-888888888
2020,Waller County; Texas,42082,25415,25412,24068,1344,3,16667,25412,-888888888,21384,11000,11000,10475,3776,2285,8538,5161,23169,18985,2319,121,564,135,1045,28.1,24068,7383,4515,5899,3119,3152,24068,1252,2499,2586,904,3585,830,310,1231,1887,5012,1683,1143,1146,48,473,24068,17615,4474,1824,155,15586,1075,401,1152,1375,2186,2753,1863,2362,1221,1198,61752,86333,12590,88638,4513,19175,2412,29676,734,9416,238,3569,1457,11419,341,250,660,804,1405,1997,1734,2025,1151,1052,76329,99156,27033,4167,35012,47620,31215,48690,42023,53426,42857,34140,12508,10569,14727,2361,32471,22926,21833,17191,16563,966,4642,1093,462,452,68,631,9545,6893,5595,1519,2652,-888888888,-888888888,-888888888,-888888888,-888888888,-888888888,-888888888,-888888888,-888888888,-888888888,-888888888,-888888888,-888888888,-888888888,-888888888,-888888888,-888888888,-888888888,-888888888
2020,Ward County; Texas,8765,5454,5454,5140,314,0,3311,5454,-888888888,4351,2164,2164,2088,979,388,2101,1425,5087,4243,552,1,73,145,73,21.1,5140,1459,797,985,805,1094,5140,902,499,293,151,465,528,43,269,307,976,326,224,157,48,475,5140,4003,853,282,2,4100,372,100,351,277,604,621,833,582,230,130,61915,74288,3371,76383,1018,19250,618,20919,240,12052,100,1461,469,2952,215,35,210,225,363,548,575,477,184,120,70750,81292,26209,1148,41850,51306,39826,62388,36745,11640,9781,7438,3445,1859,3428,282,6657,5030,4758,3905,3780,229,853,272,97,90,19,175,1627,1210,745,567,417,-888888888,-888888888,-888888888,-888888888,-888888888,-888888888,-888888888,-888888888,-888888888,-888888888,-888888888,-888888888,-888888888,-888888888,-888888888,-888888888,-888888888,-888888888,-888888888
2020,Webb County; Texas,194153,118268,118149,111451,6698,119,75885,118149,-888888888,100369,52876,52876,50078,28765,15332,57533,34240,110334,89021,12140,1107,1787,2277,4002,21.7,111451,28402,25123,29552,11937,16437,111451,3652,7377,2752,4286,14923,16592,1100,4622,8886,25699,9446,5175,6941,48,479,111451,84358,18188,8688,217,76382,7207,4651,9068,7535,9500,14111,8793,10280,2589,2648,50296,65605,64184,66462,19954,13858,7972,24712,4666,7900,1069,3948,18759,61334,4591,2953,7007,5763,7886,11840,7423,9177,2421,2273,54078,70149,19048,15048,24885,39408,25852,40036,29018,272729,194355,115219,91856,78374,95164,14353,152085,110686,104706,66722,63078,5564,37984,5980,1996,1451,626,3984,41399,20376,12015,9311,21023,-888888888,-888888888,-888888888,-888888888,-888888888,-888888888,-888888888,-888888888,-888888888,-888888888,-888888888,-888888888,-888888888,-888888888,-888888888,-888888888,-888888888,-888888888,-888888888
2020,Wharton County; Texas,32133,19105,19105,18093,1012,0,13028,19105,-888888888,16573,8532,8532,7919,3183,2155,7127,5305,17748,15516,1575,17,212,140,288,24.2,18093,4765,3148,3707,3511,2962,18093,2089,1868,1824,363,2000,1165,87,911,913,4166,928,884,895,48,481,18093,14483,2608,928,74,15248,1118,907,1710,1679,2028,2590,1596,2330,916,374,51770,72687,11379,73554,5457,17201,2929,23517,1000,8133,516,1708,2472,10596,325,290,671,1164,1374,2106,1242,2220,865,339,66927,87893,26724,4652,23569,35701,32617,43861,35075,41331,33405,24779,13103,7926,11516,2054,22895,17081,16141,12931,12612,599,3210,940,316,164,152,624,5814,3849,2525,1691,1965,-888888888,-888888888,-888888888,-888888888,-888888888,-888888888,-888888888,-888888888,-888888888,-888888888,-888888888,-888888888,-888888888,-888888888,-888888888,-888888888,-888888888,-888888888,-888888888
2020,Wichita County; Texas,105253,65629,59431,56717,2714,6198,39624,59431,-888888888,50535,29603,28859,27714,9242,6270,18358,13337,61655,46277,6061,284,4925,1252,2856,15.4,56717,18050,12028,11998,6207,8434,56717,1442,3597,4708,1121,7590,3351,792,2877,4068,13949,6763,3274,3185,48,485,56717,42762,10288,3462,205,48538,4373,2716,5210,4597,7494,9044,5908,6020,1726,1450,49710,65450,36886,65356,16044,16791,10082,24729,3223,10156,1247,2082,6493,30812,1529,861,2154,2553,4528,6510,4442,5337,1599,1299,64343,79837,25568,17726,28884,38267,27481,43049,34633,118224,100670,75110,42284,17554,31490,2754,68241,52161,49900,39593,37600,4109,10307,2261,1107,621,557,1154,16080,12839,8008,6355,3241,-888888888,-888888888,-888888888,-888888888,-888888888,-888888888,-888888888,-888888888,-888888888,-888888888,-888888888,-888888888,-888888888,-888888888,-888888888,-888888888,-888888888,-888888888,-888888888
2020,Wilbarger County; Texas,10239,6556,6527,6074,453,29,3683,6527,-888888888,5257,3109,3080,2937,830,720,1731,1400,6040,4802,1000,3,87,56,92,15.5,6074,1508,1718,1282,638,928,6074,358,183,705,255,383,312,16,224,351,2115,557,342,273,48,487,6074,4203,1470,365,36,5008,185,403,838,431,887,829,618,641,142,34,45121,57372,3897,56886,1880,15362,1106,19016,435,8271,90,847,893,2964,108,59,357,214,666,449,396,573,124,18,58526,68098,23340,2044,25125,36361,27925,40303,32149,12285,10741,7649,4940,1544,3015,118,7278,5601,5238,4338,4185,218,900,363,137,70,67,226,1677,1377,417,1067,300,-888888888,-888888888,-888888888,-888888888,-888888888,-888888888,-888888888,-888888888,-888888888,-888888888,-888888888,-888888888,-888888888,-888888888,-888888888,-888888888,-888888888,-888888888,-888888888
2020,Williamson County; Texas,440352,306403,305675,290516,15159,728,133949,305675,-888888888,226163,142520,142377,135308,43173,27036,97667,71959,286608,219697,25101,2042,2826,3544,33398,28.0,290516,137253,39292,68112,20210,25649,290516,1988,20116,27601,6112,34900,11754,7261,22092,45310,59719,23585,13671,16407,48,491,290516,232571,40737,16780,428,188113,4678,3760,8089,10199,18284,31650,26695,42525,21998,20235,90834,109558,158972,107591,44799,22173,37529,33465,5578,11427,2534,4019,9456,136092,1873,1693,3753,6069,10260,19809,20009,35207,19179,18240,104621,122509,38494,52021,54815,70503,42510,64750,48751,567331,512850,451000,121712,54481,152881,9975,345577,284735,271398,243134,236685,14601,28264,13337,8323,6890,1896,5014,60842,50660,41433,13228,10182,-888888888,-888888888,-888888888,-888888888,-888888888,-888888888,-888888888,-888888888,-888888888,-888888888,-888888888,-888888888,-888888888,-888888888,-888888888,-888888888,-888888888,-888888888,-888888888
2020,Wilson County; Texas,39619,24117,23939,22980,959,178,15502,23939,-888888888,19855,10721,10663,10285,3213,2235,8390,5907,22869,18008,2273,0,248,168,2172,36.1,22980,7385,3780,5790,3182,2843,22980,1289,2678,1762,677,2670,1725,135,1105,2350,4841,1440,979,1329,48,493,22980,17130,4003,1796,51,15975,778,497,797,1246,1716,2473,2097,3722,1379,1270,80082,100773,12722,99121,5339,19670,4194,32917,777,10548,152,3169,1373,13235,332,251,510,968,1322,2064,1793,3562,1299,1134,90832,109791,33972,2740,35608,51210,39571,60218,42483,49431,42633,34034,14418,6798,12711,1091,29219,22175,21366,17843,17112,1218,3523,809,366,346,33,443,7044,5382,3915,2123,1662,-888888888,-888888888,-888888888,-888888888,-888888888,-888888888,-888888888,-888888888,-888888888,-888888888,-888888888,-888888888,-888888888,-888888888,-888888888,-888888888,-888888888,-888888888,-888888888
2020,Wise County; Texas,53460,33386,33386,31930,1456,0,20074,33386,-888888888,26842,14842,14842,14097,5039,2740,10867,7455,31342,25212,3588,68,333,203,1938,33.3,31930,9908,4911,7072,4175,5864,31930,2373,2278,2813,1106,3722,2726,442,1374,2410,6753,2337,2218,1378,48,497,31930,25452,3609,2732,137,22254,729,844,1577,1955,2554,4145,3235,4063,1782,1370,67726,88130,17977,87984,7195,21072,4464,28874,930,9944,288,2986,2014,17294,445,491,745,1360,1844,3155,2752,3617,1659,1226,79475,97022,30693,4960,40682,52150,35954,54059,41586,67008,55552,44488,18818,11456,17607,2290,39381,30197,29052,23320,22692,1271,5732,1145,608,544,71,537,9184,6346,4958,2076,2838,-888888888,-888888888,-888888888,-888888888,-888888888,-888888888,-888888888,-888888888,-888888888,-888888888,-888888888,-888888888,-888888888,-888888888,-888888888,-888888888,-888888888,-888888888,-888888888
2020,Wood County; Texas,37319,17594,17594,16688,906,0,19725,17594,-888888888,18986,8080,8080,7744,2494,1347,5496,3601,16409,12987,1892,31,255,174,1070,31.1,16688,5062,2289,3690,2890,2757,16688,918,1642,1679,266,2436,1134,252,1095,1496,3199,1205,617,749,48,499,16688,12822,2306,1363,197,16716,1069,934,1523,1720,2126,3197,2352,2262,816,717,56749,77104,10306,79987,8527,22003,5085,30686,782,11590,284,2674,1778,11767,389,304,694,958,1534,2495,1951,2033,766,643,67181,91446,30587,4949,26711,40364,31647,46884,35120,44017,37060,26317,18948,6957,9316,1154,22987,15669,14855,11375,10795,822,3480,814,266,215,91,548,7318,5594,3581,2749,1724,-888888888,-888888888,-888888888,-888888888,-888888888,-888888888,-888888888,-888888888,-888888888,-888888888,-888888888,-888888888,-888888888,-888888888,-888888888,-888888888,-888888888,-888888888,-888888888
2020,Young County; Texas,14081,8400,8386,8135,251,14,5681,8386,-888888888,7290,3584,3584,3462,1261,935,2875,1913,8049,6425,913,0,118,86,507,16.8,8135,2521,1515,1568,1331,1200,8135,1038,741,916,55,891,334,75,296,482,1903,379,562,463,48,503,8135,5659,1465,948,63,7491,606,252,810,832,1091,1140,1012,1057,488,203,52158,72988,5528,68620,2838,20229,1614,35748,456,9220,109,3067,866,5159,289,68,381,461,646,952,750,942,467,203,69745,88299,30020,2332,29801,35900,34239,50864,31365,17687,14319,10620,6212,3368,4504,758,9666,7305,7054,5301,5081,353,1753,251,59,14,45,192,2361,1696,1065,723,665,-888888888,-888888888,-888888888,-888888888,-888888888,-888888888,-888888888,-888888888,-888888888,-888888888,-888888888,-888888888,-888888888,-888888888,-888888888,-888888888,-888888888,-888888888,-888888888
2020,Zapata County; Texas,9956,5601,5601,5135,466,0,4355,5601,-888888888,5155,2435,2435,2209,1545,1010,3055,2030,4954,3485,1038,0,180,27,224,22.9,5135,1073,1023,1044,1112,883,5135,808,476,285,0,463,287,0,351,190,1368,234,318,355,48,505,5135,3304,1139,674,18,4689,730,426,595,748,543,638,386,357,113,153,32945,56743,3305,65441,1643,14602,762,9964,269,8131,96,-999999999,1141,3254,320,210,382,517,410,467,333,366,96,153,39420,69388,18587,1435,14719,24334,22146,37500,31647,14206,10527,5676,5934,3679,4966,548,7330,5333,4925,3147,2852,311,1778,408,146,15,131,262,1997,924,435,489,1073,-888888888,-888888888,-888888888,-888888888,-888888888,-888888888,-888888888,-888888888,-888888888,-888888888,-888888888,-888888888,-888888888,-888888888,-888888888,-888888888,-888888888,-888888888,-888888888
2020,Andrews County; Texas,13373,9230,9230,8868,362,0,4143,9230,-888888888,6744,4142,4142,3966,1808,987,3496,2419,8574,6952,1186,4,36,253,143,25.3,8868,2332,1641,1883,1688,1324,8868,2101,635,552,224,888,569,69,277,286,1858,941,294,174,48,003,8868,7597,943,319,9,5649,343,183,477,375,604,828,909,996,463,471,75147,94468,4918,92491,1114,19243,699,45110,232,8953,38,3629,485,4425,221,86,262,323,345,695,815,884,353,441,80863,102229,32217,1224,41545,55693,40742,61719,40222,18140,14486,11350,4070,3654,5805,873,10623,8627,8281,6316,6054,435,1965,346,199,175,24,147,1996,1327,951,396,669,-888888888,-888888888,-888888888,-888888888,-888888888,-888888888,-888888888,-888888888,-888888888,-888888888,-888888888,-888888888,-888888888,-888888888,-888888888,-888888888,-888888888,-888888888,-888888888
2020,Archer County; Texas,7134,4515,4515,4349,166,0,2619,4515,-888888888,3554,2011,2011,1951,553,457,1323,1032,4214,3596,258,15,47,63,235,18.5,4349,1523,650,943,606,627,4349,359,354,286,76,569,235,104,168,278,1179,248,249,244,48,009,4349,3184,635,530,0,3513,167,201,426,351,308,567,460,619,211,203,63958,83217,2638,83723,1303,20251,772,21892,134,10194,67,1969,287,2459,108,54,90,260,207,365,398,594,203,180,84531,101266,34557,1054,23735,38462,37174,54208,39858,8708,7391,5996,2899,1317,2038,253,4919,4000,3840,3119,2978,272,721,160,55,20,35,105,919,681,423,357,238,-888888888,-888888888,-888888888,-888888888,-888888888,-888888888,-888888888,-888888888,-888888888,-888888888,-888888888,-888888888,-888888888,-888888888,-888888888,-888888888,-888888888,-888888888,-888888888
2020,Austin County; Texas,23570,15068,15060,14219,841,8,8502,15060,-888888888,11956,6829,6821,6428,1985,1296,4818,3581,13916,11438,1124,2,256,173,923,28.0,14219,4769,2340,3008,1790,2312,14219,605,1852,1504,615,1814,693,78,1144,1086,2457,1073,731,567,48,015,14219,10957,1582,1604,76,11569,672,400,1286,885,1324,1933,1660,2218,476,715,64468,79591,9164,79534,4048,20897,2310,23822,363,8074,163,1833,1041,8634,278,190,818,466,965,1354,1425,2016,466,656,80144,90264,31592,2935,30056,43522,36117,54451,40539,29621,25307,18825,9959,4314,7491,628,16469,13140,12325,9624,9322,530,2701,815,645,490,159,170,3329,2728,1902,1023,601,-888888888,-888888888,-888888888,-888888888,-888888888,-888888888,-888888888,-888888888,-888888888,-888888888,-888888888,-888888888,-888888888,-888888888,-888888888,-888888888,-888888888,-888888888,-888888888
2020,Bastrop County; Texas,67074,40374,40374,38307,2067,0,26700,40374,-888888888,32891,18330,18330,17455,6062,3470,14421,9281,37595,29079,4574,112,784,828,2218,35.3,38307,12675,6257,7687,6502,5186,38307,679,5603,3807,662,4258,2812,505,1832,3239,7508,2654,1807,2941,48,021,38307,28572,6749,2700,286,26173,1238,994,2134,1963,3299,4074,3937,5032,2145,1357,71820,85157,20765,81571,8885,20312,6059,32029,1079,8723,595,2265,2240,19208,717,282,1097,1244,1962,3362,3230,4311,1830,1173,81438,95104,28473,6965,37209,52148,34692,50850,40558,84656,69818,54933,25706,14838,23077,2795,49088,37518,35718,28628,27349,2407,7090,1800,892,730,162,908,11570,7814,5924,3165,3756,-888888888,-888888888,-888888888,-888888888,-888888888,-888888888,-888888888,-888888888,-888888888,-888888888,-888888888,-888888888,-888888888,-888888888,-888888888,-888888888,-888888888,-888888888,-888888888
2020,Bell County; Texas,267137,175339,157387,145646,11741,17952,91798,157387,-888888888,135001,80248,78136,72473,33524,21323,59723,41047,160253,126828,18479,860,4302,1952,7832,21.9,145646,50335,29243,32805,14606,18657,145646,1392,11267,7450,3265,16173,7206,1660,7403,14890,38173,14425,7888,14454,48,027,145646,106069,31722,7460,395,125747,7878,5334,12017,13378,17649,25244,16442,18148,5003,4654,54987,72294,101224,68745,30386,18130,30343,28112,5567,10195,1694,2189,17178,85281,3308,2496,5760,8697,10622,17479,13501,15099,4360,3959,66265,82662,27171,40466,35873,45814,31179,44586,36936,334462,289319,226172,110659,45143,102823,6676,194159,146079,135374,110636,104421,17284,24738,10705,6737,4694,2802,3968,48080,38699,27929,18317,9381,-888888888,-888888888,-888888888,-888888888,-888888888,-888888888,-888888888,-888888888,-888888888,-888888888,-888888888,-888888888,-888888888,-888888888,-888888888,-888888888,-888888888,-888888888,-888888888
2020,Borden County; Texas,457,238,238,225,13,0,219,238,-888888888,241,101,101,92,123,76,90,63,224,132,20,0,42,10,20,19.8,225,99,19,40,54,13,225,90,39,0,1,8,3,0,17,16,37,2,0,12,48,033,225,168,29,28,0,223,5,10,8,18,10,58,11,70,23,10,83281,98135,168,82968,103,18598,83,20813,5,-999999999,0,-666666666,10,172,0,3,0,14,10,38,8,70,23,6,108077,107481,33412,51,51875,66616,39167,83333,36591,653,621,544,197,32,219,8,246,191,182,160,160,0,22,9,9,4,5,0,55,53,48,5,2,-888888888,-888888888,-888888888,-888888888,-888888888,-888888888,-888888888,-888888888,-888888888,-888888888,-888888888,-888888888,-888888888,-888888888,-888888888,-888888888,-888888888,-888888888,-888888888
2020,Bowie County; Texas,73863,39828,39812,37897,1915,16,34035,39812,-888888888,36820,19883,19883,18979,6506,4122,14012,10355,37525,33361,2412,125,259,457,911,18.1,37897,11746,7236,8877,4005,6033,37897,744,2309,3308,996,4552,1892,408,1813,3226,10129,3121,2011,3388,48,037,37897,29597,7060,1207,33,34283,3279,1913,3744,3171,4419,6030,4262,4623,1369,1473,51796,72639,24787,76139,11183,17348,8885,27585,2044,9657,302,2414,3953,22706,1406,701,1770,1568,2887,4248,3731,3990,1081,1324,66903,87071,27572,11577,28146,40229,34747,50425,36065,87899,75939,55465,31679,11960,22962,1538,50017,37000,35230,28870,27592,2087,6360,1770,802,506,377,968,13017,10040,5840,5127,2977,-888888888,-888888888,-888888888,-888888888,-888888888,-888888888,-888888888,-888888888,-888888888,-888888888,-888888888,-888888888,-888888888,-888888888,-888888888,-888888888,-888888888,-888888888,-888888888
2020,Brewster County; Texas,7678,4840,4840,4637,203,0,2838,4840,-888888888,3905,2276,2276,2182,485,365,1038,776,4531,3111,938,0,149,38,295,14.4,4637,1816,945,1072,399,405,4637,131,370,106,101,476,161,164,297,174,1322,680,188,467,48,043,4637,2796,1271,540,30,4292,364,487,450,246,849,653,455,399,230,159,45296,61876,3351,63371,1366,17179,618,24299,85,8029,65,803,498,2300,137,99,183,72,427,330,347,377,169,159,65915,83009,29696,1992,27395,36904,33963,57782,40270,9144,7484,6255,2560,1660,1836,236,5234,4347,4144,3131,3106,63,1013,203,43,43,5,160,887,652,448,237,235,-888888888,-888888888,-888888888,-888888888,-888888888,-888888888,-888888888,-888888888,-888888888,-888888888,-888888888,-888888888,-888888888,-888888888,-888888888,-888888888,-888888888,-888888888,-888888888
2020,Brown County; Texas,30789,17490,17458,16701,757,32,13299,17458,-888888888,15737,8293,8293,8021,2379,1661,5195,3686,16509,13598,1756,48,290,193,624,16.6,16701,5328,3106,3467,1792,3008,16701,736,1368,2528,200,2013,544,119,596,1292,3935,1351,1078,941,48,049,16701,12984,2362,1343,12,14614,951,529,2057,1812,2040,2801,1601,1737,673,413,49180,67938,10632,68566,5740,19289,3211,21384,1260,9968,233,3083,1654,9599,289,93,1083,788,1318,2164,1380,1524,606,354,62508,82442,26989,5015,27444,37224,30125,43877,33271,36679,31270,22853,13720,5409,8618,663,20964,15585,14970,11728,11091,1110,3242,615,476,296,186,139,5379,4035,2708,1965,1344,-888888888,-888888888,-888888888,-888888888,-888888888,-888888888,-888888888,-888888888,-888888888,-888888888,-888888888,-888888888,-888888888,-888888888,-888888888,-888888888,-888888888,-888888888,-888888888
2020,Caldwell County; Texas,34089,19669,19669,19173,496,0,14420,19669,-888888888,16770,8641,8641,8408,3283,1986,6093,4297,18916,15841,1503,0,509,274,789,33.6,19173,5375,3307,4417,3605,2469,19173,740,3266,1248,315,2224,1096,187,885,2069,3495,1277,961,1410,48,055,19173,14349,3291,1489,44,13774,851,530,1242,1584,1565,2965,2085,1691,827,434,59846,74856,10964,75293,4522,18348,3108,25225,594,9758,190,1761,1210,9499,396,164,670,944,911,2184,1685,1412,791,342,68289,83300,25760,4275,34375,46332,30995,42069,33637,40693,31955,23758,12576,8738,10528,1390,24487,18184,17795,13319,12900,856,4476,389,250,175,75,139,6303,3648,2579,1552,2655,-888888888,-888888888,-888888888,-888888888,-888888888,-888888888,-888888888,-888888888,-888888888,-888888888,-888888888,-888888888,-888888888,-888888888,-888888888,-888888888,-888888888,-888888888,-888888888
2020,Cameron County; Texas,308958,174088,173933,164139,9794,155,134870,173933,-888888888,161069,81466,81454,77258,39376,21918,81175,49156,162126,133812,13763,957,2640,2467,8487,20.1,164139,46493,44561,35531,17557,19997,164139,3367,12315,9572,2904,19651,8270,1724,7322,13705,52575,15021,8802,8911,48,061,164139,119387,29305,15122,325,126968,13179,9754,17410,15127,16920,22667,12975,12163,3850,2923,41200,57253,96961,59076,39981,15654,19186,24415,10401,9102,2613,2551,29993,98120,7113,5962,12340,12067,13899,18244,11450,11063,3424,2558,47332,62519,18247,28848,21647,35118,24305,35098,29554,420454,300028,160432,161470,120426,135799,22940,228572,162404,153495,95956,89288,8789,57539,8909,2854,1886,1016,6055,66168,34358,16409,19743,31810,-888888888,-888888888,-888888888,-888888888,-888888888,-888888888,-888888888,-888888888,-888888888,-888888888,-888888888,-888888888,-888888888,-888888888,-888888888,-888888888,-888888888,-888888888,-888888888
2020,Cass County; Texas,24096,12376,12375,11367,1008,1,11720,12375,-888888888,12785,5960,5959,5447,2083,1630,3802,2337,11310,10002,566,0,153,307,282,24.6,11367,3160,2229,2172,1437,2369,11367,337,1282,1121,454,1325,592,38,481,742,3043,914,565,473,48,067,11367,8487,1746,1080,54,11962,914,760,1600,1285,1739,2282,1319,1322,424,317,47539,62065,7530,70384,5092,18665,3154,22691,675,12087,118,2080,1811,8412,446,223,956,768,1139,1895,1057,1282,331,315,57413,72689,27161,3550,26525,34666,31891,47562,31055,29639,25613,18417,11897,4026,7155,621,16047,11333,10487,8584,8123,664,1903,846,397,242,155,449,4714,3735,2282,1879,979,-888888888,-888888888,-888888888,-888888888,-888888888,-888888888,-888888888,-888888888,-888888888,-888888888,-888888888,-888888888,-888888888,-888888888,-888888888,-888888888,-888888888,-888888888,-888888888
2020,Cherokee County; Texas,40605,22625,22625,21156,1469,0,17980,22625,-888888888,19899,10318,10318,9703,4088,2420,8420,5864,20893,16150,2924,45,242,180,1352,24.2,21156,6432,3673,4149,3109,3793,21156,1625,2091,2483,295,2075,999,300,755,1280,6001,1200,938,1114,48,073,21156,14555,4387,2144,70,18540,1133,862,2160,2387,2703,3284,2107,2481,983,440,50199,66658,14312,66140,6429,20153,3703,24985,896,10607,254,2927,2742,13937,539,429,1320,1700,2058,2706,1870,1943,936,436,56866,73835,23888,4603,29616,40827,27792,43204,31588,49459,39167,27671,18683,10292,14065,2007,26713,20321,19088,14243,13338,1499,4845,1233,330,189,176,903,6392,4001,2552,1917,2391,-888888888,-888888888,-888888888,-888888888,-888888888,-888888888,-888888888,-888888888,-888888888,-888888888,-888888888,-888888888,-888888888,-888888888,-888888888,-888888888,-888888888,-888888888,-888888888
2020,Cochran County; Texas,2193,1347,1347,1221,126,0,846,1347,-888888888,1072,563,563,509,231,140,431,286,1198,1001,138,0,0,12,47,24.8,1221,305,142,250,268,256,1221,332,55,54,28,98,149,9,46,22,241,10,27,150,48,079,1221,840,314,67,0,1026,111,108,142,88,163,126,117,97,66,8,41000,56739,749,63880,353,14401,143,20335,58,9802,12,-999999999,179,711,36,48,125,42,94,91,110,93,64,8,51875,68226,21123,315,17917,27673,32172,42646,34125,2836,2172,1188,1143,664,803,127,1572,1213,1115,799,766,43,316,98,24,21,3,74,359,212,66,160,147,-888888888,-888888888,-888888888,-888888888,-888888888,-888888888,-888888888,-888888888,-888888888,-888888888,-888888888,-888888888,-888888888,-888888888,-888888888,-888888888,-888888888,-888888888,-888888888
2020,Collin County; Texas,775075,548029,547594,525711,21883,435,227046,547594,-888888888,397061,249292,249155,238526,73584,45198,181252,124248,519652,399677,34312,4857,5363,8368,67075,29.0,525711,285742,63621,116201,25947,34200,525711,4198,26691,42720,15715,57478,19447,19558,64538,93691,102874,42747,23500,12554,48,085,525711,441900,51055,31870,886,353491,11750,5364,14234,18160,29797,49947,46441,74405,45823,57570,100541,128307,314497,128061,65032,22884,47578,30540,7559,9737,3582,4247,9692,261697,5595,2095,6615,10113,16216,31934,33990,61066,40999,53074,118341,146157,46240,91794,56010,73171,52248,81570,55417,1003134,897487,806234,162349,105647,275313,21657,618921,506800,487222,432884,427321,12559,54338,19578,13866,12801,1414,5712,112121,90484,81675,12518,21637,-888888888,-888888888,-888888888,-888888888,-888888888,-888888888,-888888888,-888888888,-888888888,-888888888,-888888888,-888888888,-888888888,-888888888,-888888888,-888888888,-888888888,-888888888,-888888888
2020,Eastland County; Texas,14826,7562,7562,7201,361,0,7264,7562,-888888888,7325,3283,3283,3185,1292,847,2322,1414,7096,5688,977,19,118,100,194,19.3,7201,2568,1255,1431,1062,885,7201,677,628,481,66,1108,365,69,268,507,1659,583,370,420,48,133,7201,5263,1357,535,46,7017,760,493,1049,699,1007,885,978,624,227,295,41559,63389,4647,72793,2719,18143,1676,17902,467,7590,173,1288,983,4483,295,115,501,449,695,638,891,541,121,237,55646,76278,26018,2534,20135,33846,27694,53040,31900,18035,15022,11082,6978,3013,4210,526,9911,6594,6312,4875,4543,482,1437,282,130,101,32,152,3317,2419,1653,917,898,-888888888,-888888888,-888888888,-888888888,-888888888,-888888888,-888888888,-888888888,-888888888,-888888888,-888888888,-888888888,-888888888,-888888888,-888888888,-888888888,-888888888,-888888888,-888888888
2020,Ellis County; Texas,137243,92705,92662,89425,3237,43,44538,92662,-888888888,70498,42889,42889,41140,13749,8935,31934,23490,87795,71014,9061,163,840,666,6051,30.6,89425,31739,12147,21338,10351,13850,89425,1162,8238,12114,2857,10228,6225,1757,5782,8225,18176,7067,4050,3544,48,139,89425,71427,12067,5640,291,59399,1899,1738,3439,4435,5424,10754,8874,12839,5351,4646,79834,98447,50107,95490,16606,20983,12241,27731,2420,10589,1099,3539,4491,47096,1036,820,1966,2610,4005,7946,7791,11351,5112,4459,89870,108852,33629,12303,40175,51321,39210,54865,45981,178308,150361,122479,44394,27947,50512,6399,105260,84627,81746,67297,65635,3777,14449,2881,1714,1276,486,1167,20633,14911,11563,4778,5722,-888888888,-888888888,-888888888,-888888888,-888888888,-888888888,-888888888,-888888888,-888888888,-888888888,-888888888,-888888888,-888888888,-888888888,-888888888,-888888888,-888888888,-888888888,-888888888
2020,Falls County; Texas,14082,6235,6204,5701,503,31,7847,6204,-888888888,7514,2785,2785,2541,1137,484,2220,1147,5709,4417,597,21,172,101,401,28.1,5701,1476,791,1318,645,1471,5701,420,379,729,216,585,387,57,135,358,1201,390,354,490,48,145,5701,4143,1088,459,11,5552,766,461,549,911,621,908,575,479,160,122,36854,57023,3460,65486,2282,18368,1251,19544,652,8405,90,4487,1000,3412,289,183,218,505,408,559,512,470,160,108,53548,70309,23131,2140,23837,29076,30176,41059,43138,15499,13232,9050,6832,2267,3768,255,8633,5658,5155,4114,3903,479,1041,503,208,139,69,295,2975,2405,1318,1355,570,-888888888,-888888888,-888888888,-888888888,-888888888,-888888888,-888888888,-888888888,-888888888,-888888888,-888888888,-888888888,-888888888,-888888888,-888888888,-888888888,-888888888,-888888888,-888888888
2020,Fisher County; Texas,3081,1945,1945,1894,51,0,1136,1945,-888888888,1582,865,865,846,218,164,545,391,1842,1486,222,0,64,17,53,21.3,1894,750,253,356,286,249,1894,216,166,164,36,155,97,15,33,66,610,68,111,157,48,151,1894,1207,485,201,1,1676,111,90,156,148,275,335,177,259,81,44,52683,67102,1238,67740,650,17994,393,19781,128,8913,62,1011,163,1098,29,41,83,86,124,247,157,206,81,44,62353,80403,30304,578,34464,40145,33470,44703,33110,3811,3415,2621,1411,396,835,64,2126,1732,1689,1470,1403,91,219,43,19,19,0,24,394,305,138,176,89,-888888888,-888888888,-888888888,-888888888,-888888888,-888888888,-888888888,-888888888,-888888888,-888888888,-888888888,-888888888,-888888888,-888888888,-888888888,-888888888,-888888888,-888888888,-888888888
2020,Fort Bend County; Texas,597917,401700,401518,379028,22490,182,196217,401518,-888888888,307696,185368,185304,175453,63135,40512,147819,105468,371892,292699,33456,5008,1854,3906,34969,33.3,379028,194409,47406,82034,22558,32621,379028,18276,22222,33405,12195,41264,20005,6670,27125,51104,91833,26545,16750,11634,48,157,379028,307467,46470,24069,1022,248299,8028,4215,11023,11991,21229,37061,30349,52621,32146,39636,100189,126546,219254,123566,53159,22216,40595,31476,7355,10382,4212,3658,15810,205044,5070,2079,6533,8109,15631,28654,25855,46240,29314,37559,109870,136943,40607,43255,51774,69731,45861,71930,53758,786051,689680,582929,159637,96371,227782,19590,471179,375398,355156,307792,300986,13541,47364,20242,14322,12732,1946,5920,95781,75424,64056,15017,20357,-888888888,-888888888,-888888888,-888888888,-888888888,-888888888,-888888888,-888888888,-888888888,-888888888,-888888888,-888888888,-888888888,-888888888,-888888888,-888888888,-888888888,-888888888,-888888888
2020,Frio County; Texas,16046,7479,7479,6921,558,0,8567,7479,-888888888,6012,2749,2749,2534,1153,1039,2483,1965,6886,5651,773,0,148,19,295,18.9,6921,1605,1899,1306,1178,933,6921,1084,571,273,243,398,453,74,205,768,1150,666,371,665,48,163,6921,5281,1197,443,0,4673,477,444,460,424,593,799,671,575,130,100,48708,68141,3338,63908,1960,17212,795,24914,499,9473,97,1870,1001,3306,32,197,417,304,393,709,583,502,96,73,55981,80227,20036,1367,-666666666,36097,21910,37353,27823,15820,12752,8248,5492,3068,4549,544,8921,6887,6370,4881,4556,336,1489,517,143,127,16,374,2034,1437,775,775,597,-888888888,-888888888,-888888888,-888888888,-888888888,-888888888,-888888888,-888888888,-888888888,-888888888,-888888888,-888888888,-888888888,-888888888,-888888888,-888888888,-888888888,-888888888,-888888888
2020,Galveston County; Texas,265340,169835,169352,159363,9989,483,95505,169352,-888888888,136016,79428,79392,74302,24393,15246,53725,39542,156794,128030,12327,1369,2565,2092,10411,27.5,159363,68676,26714,30698,13862,19413,159363,3288,11835,16116,3659,15051,8210,1692,9244,17856,42273,15807,7573,6759,48,167,159363,123112,27133,8920,198,125204,6761,5017,9995,9349,12808,18917,14595,22147,12319,13296,74633,99715,100218,102199,36379,20650,25372,28935,5671,10039,1352,3681,14059,85664,2849,1838,4183,5072,7216,12564,10837,18641,10524,11940,94795,118413,37530,39540,38341,55312,41758,69427,50898,332635,289325,235171,90588,43310,86591,7056,198851,155645,146909,123395,119791,6559,23514,8736,4915,4112,1008,3821,43206,34446,25559,11443,8760,-888888888,-888888888,-888888888,-888888888,-888888888,-888888888,-888888888,-888888888,-888888888,-888888888,-888888888,-888888888,-888888888,-888888888,-888888888,-888888888,-888888888,-888888888,-888888888
2020,Glasscock County; Texas,1263,645,645,645,0,0,618,645,-888888888,608,189,189,189,58,41,206,124,636,452,65,0,73,0,46,18.1,645,264,62,23,145,151,645,321,75,23,4,7,13,0,11,77,96,0,8,10,48,173,645,506,82,52,5,435,22,17,72,20,43,46,38,50,82,45,74375,100166,366,81695,103,19029,79,32476,18,-999999999,9,-999999999,48,373,22,3,58,20,34,41,29,39,82,45,76771,107681,30062,62,-666666666,52205,22365,53947,53008,1447,1130,881,318,317,335,38,943,605,605,402,397,5,203,0,0,0,0,0,338,262,257,45,76,-888888888,-888888888,-888888888,-888888888,-888888888,-888888888,-888888888,-888888888,-888888888,-888888888,-888888888,-888888888,-888888888,-888888888,-888888888,-888888888,-888888888,-888888888,-888888888
2020,Gray County; Texas,17052,9720,9720,9220,500,0,7332,9720,-888888888,7984,4377,4377,4198,1794,1066,3426,2594,8989,7340,1192,0,135,195,127,17.8,9220,2413,1670,1967,1742,1428,9220,1082,1025,757,190,1035,422,60,286,616,2057,579,499,612,48,179,9220,6896,1622,621,81,7843,556,322,855,907,950,1590,902,1065,388,308,54679,75181,5965,75311,2648,18457,1659,22724,440,10476,136,1832,1155,5166,233,217,369,435,613,880,765,991,355,308,71217,92486,27760,2677,32019,38133,31509,50247,34119,20415,16168,11911,6884,4247,5761,825,11294,8668,8197,6068,5841,467,2129,471,215,186,29,256,2626,1622,912,850,1004,-888888888,-888888888,-888888888,-888888888,-888888888,-888888888,-888888888,-888888888,-888888888,-888888888,-888888888,-888888888,-888888888,-888888888,-888888888,-888888888,-888888888,-888888888,-888888888
2020,Grimes County; Texas,22769,11433,11433,10819,614,0,11336,11433,-888888888,10274,5485,5485,5289,1759,991,3939,2282,10619,8490,1401,9,186,45,488,29.0,10819,3337,1709,2355,1721,1697,10819,692,1233,1249,131,1469,649,81,526,714,2354,562,592,567,48,185,10819,7744,2133,921,21,9206,525,473,845,1170,1025,1485,1137,1647,460,439,56086,81315,7239,72178,3055,19518,2043,28426,386,8209,159,1548,1252,6792,304,369,383,720,728,1197,898,1442,433,318,68293,86340,26734,2414,31800,63931,30231,44662,35034,24661,20905,15106,9159,3756,6785,1026,13253,9934,9528,7895,7554,595,1633,406,258,121,137,148,3319,2416,1620,975,903,-888888888,-888888888,-888888888,-888888888,-888888888,-888888888,-888888888,-888888888,-888888888,-888888888,-888888888,-888888888,-888888888,-888888888,-888888888,-888888888,-888888888,-888888888,-888888888
2020,Hall County; Texas,2398,1418,1418,1275,143,0,980,1418,-888888888,1241,684,684,620,148,98,479,319,1253,967,150,1,21,18,96,13.9,1275,318,353,224,240,140,1275,254,114,61,30,53,72,18,61,73,198,199,57,85,48,191,1275,833,260,167,15,1252,75,91,253,128,172,264,75,95,41,58,40197,60663,866,58695,558,19959,338,24472,55,5536,35,3166,158,856,6,53,137,81,176,182,53,72,38,58,46970,72098,24009,396,22188,33219,25801,40868,35649,2975,2322,1455,1348,653,746,42,1595,1192,1073,693,635,58,380,119,27,18,9,92,403,265,171,172,138,-888888888,-888888888,-888888888,-888888888,-888888888,-888888888,-888888888,-888888888,-888888888,-888888888,-888888888,-888888888,-888888888,-888888888,-888888888,-888888888,-888888888,-888888888,-888888888
2020,Hardeman County; Texas,3239,2025,2025,1929,96,0,1214,2025,-888888888,1619,987,987,952,191,134,445,359,1925,1486,384,0,16,11,28,14.0,1929,610,321,411,312,275,1929,254,121,131,12,184,177,10,81,49,602,147,89,72,48,197,1929,1217,529,168,15,1672,83,121,306,139,217,359,134,258,15,40,47188,60592,1273,56718,874,16037,350,19082,148,7118,27,2767,293,1093,60,0,140,70,151,298,99,220,15,40,56886,73366,26659,579,24105,33645,26679,41089,28867,3949,3432,2361,1705,517,835,59,2223,1633,1556,1214,1143,80,342,77,25,18,8,52,590,526,216,378,64,-888888888,-888888888,-888888888,-888888888,-888888888,-888888888,-888888888,-888888888,-888888888,-888888888,-888888888,-888888888,-888888888,-888888888,-888888888,-888888888,-888888888,-888888888,-888888888
2020,Harrison County; Texas,51883,30163,30142,28314,1828,21,21720,30142,-888888888,26906,14302,14281,13518,4612,2655,10837,7232,28176,23980,2312,0,454,262,1168,21.6,28314,9062,5100,5389,3772,4991,28314,1585,2140,3362,672,3356,1452,189,1484,2238,6506,2579,1908,843,48,203,28314,22995,3306,1832,181,23841,1985,1228,2234,2493,2799,4655,3617,2934,1130,766,54234,71393,17949,73567,8243,19170,5376,20959,1580,10623,445,5580,3384,17247,912,618,1015,1645,1868,3611,3010,2799,1018,751,66762,83569,26621,6594,27799,36398,30840,47476,33939,65816,55573,39670,23648,10243,17627,2244,37276,27211,25728,20992,19637,1987,4736,1483,812,698,181,671,10065,7600,4454,3786,2465,-888888888,-888888888,-888888888,-888888888,-888888888,-888888888,-888888888,-888888888,-888888888,-888888888,-888888888,-888888888,-888888888,-888888888,-888888888,-888888888,-888888888,-888888888,-888888888
2020,Hays County; Texas,176840,120811,120671,114022,6649,140,56029,120671,-888888888,89761,56196,56196,52927,16368,10685,33230,23759,112192,86997,9475,747,2443,2128,10402,31.1,114022,45463,19923,26090,10582,11964,114022,1177,10776,7244,2347,13876,5614,2485,6558,12337,26048,13487,5024,7049,48,209,114022,85563,20766,7478,215,76724,4071,2390,5247,6313,9295,14144,10594,11760,6231,6679,68724,91994,66017,88590,17228,20773,14165,28048,2477,9426,1330,3594,5103,51047,937,847,2307,2551,5259,9400,8164,9972,5396,6214,86376,110799,32988,25677,37910,50358,33501,52234,43112,221288,190579,164352,46748,30709,55513,5475,141569,112528,106964,89708,87421,4675,17256,5564,3740,3305,511,1824,29041,23087,19634,4824,5954,-888888888,-888888888,-888888888,-888888888,-888888888,-888888888,-888888888,-888888888,-888888888,-888888888,-888888888,-888888888,-888888888,-888888888,-888888888,-888888888,-888888888,-888888888,-888888888
2020,Hidalgo County; Texas,611466,357075,356610,330528,26082,465,254391,356610,-888888888,316523,158941,158710,148292,88927,45558,180281,105368,323105,256505,29189,804,3746,12523,20338,22.9,330528,92589,77416,74796,45006,40721,330528,10254,29992,17153,8861,41984,16041,4276,13013,28969,96736,30264,18669,14316,48,215,330528,237451,57758,34932,387,243878,26577,17282,34358,26905,33493,40492,23031,27335,8268,6137,41846,59647,195576,61478,66166,14810,31486,21753,22115,7929,4238,2154,69373,195687,17054,12027,26387,20954,27208,33788,20304,25062,7367,5536,46609,64193,17816,48191,24336,36295,23066,37987,30021,853109,592224,316928,315853,260885,296979,46214,462418,336380,312747,183774,173533,14574,128973,23633,6436,4615,2072,17197,126038,61595,31864,32609,64443,-888888888,-888888888,-888888888,-888888888,-888888888,-888888888,-888888888,-888888888,-888888888,-888888888,-888888888,-888888888,-888888888,-888888888,-888888888,-888888888,-888888888,-888888888,-888888888
2020,Hood County; Texas,48661,26806,26803,25205,1598,3,21855,26803,-888888888,25192,11985,11985,11260,3770,2405,7952,4892,25007,21836,1398,42,161,239,1331,32.9,25205,8676,3266,5400,2879,4984,25205,1393,2201,1424,690,3790,2179,238,1555,2237,5401,1430,1347,1320,48,221,25205,19638,3272,2196,99,23215,890,771,2121,1935,2674,3735,3331,4379,1800,1579,71253,91189,16346,90597,9941,23072,6259,33524,718,13984,211,2736,1329,17081,332,339,847,852,1914,2915,2936,3878,1586,1482,86000,105310,36091,6134,29523,47616,37201,54868,41743,59338,51260,38405,20955,8078,13275,1530,31403,23309,21967,17695,17187,848,4272,1342,825,679,208,517,8094,6350,4800,2028,1744,-888888888,-888888888,-888888888,-888888888,-888888888,-888888888,-888888888,-888888888,-888888888,-888888888,-888888888,-888888888,-888888888,-888888888,-888888888,-888888888,-888888888,-888888888,-888888888
2020,Howard County; Texas,29002,15292,15266,14232,1034,26,13710,15266,-888888888,12288,6581,6567,6089,2324,1660,5136,3706,14070,11318,2017,14,202,237,282,19.1,14232,3960,2910,2753,2331,2278,14232,2027,937,697,394,1362,811,181,587,981,3444,1312,724,775,48,227,14232,10560,2657,974,41,11354,780,450,1043,1149,1377,2576,1403,1637,516,423,57761,73584,9120,69437,3267,17406,2272,21091,602,10114,227,1532,965,7159,383,213,393,573,971,1469,1048,1345,461,303,64055,82000,25531,4195,37206,55604,30911,55282,31846,31957,26598,19387,10781,5359,8745,940,18923,13757,12893,10252,9688,1169,2641,864,256,146,122,608,5166,4029,2266,2174,1137,-888888888,-888888888,-888888888,-888888888,-888888888,-888888888,-888888888,-888888888,-888888888,-888888888,-888888888,-888888888,-888888888,-888888888,-888888888,-888888888,-888888888,-888888888,-888888888
2020,Hutchinson County; Texas,16514,10000,10000,9301,699,0,6514,10000,-888888888,8122,4243,4243,3976,1589,767,3554,2731,9226,7399,1366,43,113,50,255,16.5,9301,2463,1574,1844,1237,2183,9301,551,818,1961,155,1375,303,57,273,767,1469,721,357,494,48,233,9301,7562,1312,398,29,7074,449,369,716,696,887,1229,785,1404,330,209,57921,71082,5085,73593,2662,19004,1380,29347,331,10209,159,4164,650,4876,223,129,223,392,651,902,641,1244,271,200,70732,83434,26387,2198,25448,37213,29689,54629,31287,21001,17194,13508,6279,3807,5534,604,12001,8976,8334,6462,6258,455,1872,642,222,97,135,420,3025,2114,1488,751,911,-888888888,-888888888,-888888888,-888888888,-888888888,-888888888,-888888888,-888888888,-888888888,-888888888,-888888888,-888888888,-888888888,-888888888,-888888888,-888888888,-888888888,-888888888,-888888888
2020,Jackson County; Texas,11489,6467,6467,6157,310,0,5022,6467,-888888888,5800,2686,2686,2572,1220,610,2372,1761,6110,4880,867,75,107,75,106,30.4,6157,1835,882,1159,1128,1153,6157,658,781,728,138,649,488,76,186,441,1314,269,168,261,48,239,6157,4680,1044,430,3,4924,300,270,414,406,707,855,742,797,343,90,58243,71734,3786,70378,1874,19549,1095,23156,207,8803,72,3864,729,3650,137,148,168,322,470,645,600,764,330,66,70478,81216,25701,1274,36528,42950,33064,52797,38859,14614,11981,8976,4823,2633,3903,432,8147,5961,5673,4331,4148,237,1342,288,161,154,13,127,2186,1471,849,732,715,-888888888,-888888888,-888888888,-888888888,-888888888,-888888888,-888888888,-888888888,-888888888,-888888888,-888888888,-888888888,-888888888,-888888888,-888888888,-888888888,-888888888,-888888888,-888888888
2020,Jefferson County; Texas,198405,110290,110055,103750,6305,235,88115,110055,-888888888,96845,50948,50940,48448,19895,11517,36420,22554,102253,90492,7238,603,788,1033,2099,20.5,103750,29559,21214,21688,15226,16063,103750,1363,13951,11538,2451,12571,5353,790,3533,9251,23153,9293,5265,5238,48,245,103750,84275,14901,4428,146,94012,8296,5300,9890,9164,13456,16338,10634,11432,5063,4439,50840,71602,71472,74235,29340,19364,16726,23409,4489,9688,1358,3484,14590,59971,3658,2019,4857,4954,8242,10744,8338,9248,4190,3721,62106,84575,27409,34041,32435,46274,33166,50647,39251,239326,191849,135238,80287,47477,63905,7619,140380,101892,95929,72879,69882,4785,23050,5963,2974,2255,814,2989,38488,25348,15721,11994,13140,-888888888,-888888888,-888888888,-888888888,-888888888,-888888888,-888888888,-888888888,-888888888,-888888888,-888888888,-888888888,-888888888,-888888888,-888888888,-888888888,-888888888,-888888888,-888888888
2020,Johnson County; Texas,132373,83052,82848,79942,2906,204,49321,82848,-888888888,67094,37820,37792,36178,12999,8386,28617,19390,79013,69485,5946,75,745,559,2203,31.5,79942,22641,11716,14937,8725,21923,79942,1658,6818,8343,2488,14609,5044,743,3651,6090,17719,5466,4430,2883,48,251,79942,65046,8086,6642,168,58270,2346,1802,4076,4735,7876,12473,8352,9814,4299,2497,65311,81219,47855,81313,17822,21801,9419,23475,2302,11118,886,3449,5231,44517,1333,717,1934,3308,5618,9925,7052,8650,3724,2256,73563,88740,28290,13753,38588,49034,38078,50436,39602,168917,140630,108867,44629,28287,46508,6050,98838,75936,73355,59381,57774,2731,13974,2581,1641,1374,321,940,22902,15854,11656,5191,7048,-888888888,-888888888,-888888888,-888888888,-888888888,-888888888,-888888888,-888888888,-888888888,-888888888,-888888888,-888888888,-888888888,-888888888,-888888888,-888888888,-888888888,-888888888,-888888888
2020,Loving County; Texas,91,71,71,71,0,0,20,71,-888888888,18,6,6,6,26,0,0,0,71,60,0,0,0,0,11,-999999999.0,71,46,0,6,0,19,71,14,0,0,13,3,38,0,0,0,0,0,0,3,48,301,71,9,41,21,0,62,0,0,0,0,48,2,0,11,0,1,44076,73574,59,34200,54,16926,44,12975,0,-666666666,0,-666666666,2,18,0,0,0,0,8,2,0,8,0,0,-666666666,79539,37693,44,43816,71132,16480,-666666666,-666666666,117,104,104,53,13,26,0,38,33,33,20,20,0,13,0,0,0,0,0,5,5,5,0,0,-888888888,-888888888,-888888888,-888888888,-888888888,-888888888,-888888888,-888888888,-888888888,-888888888,-888888888,-888888888,-888888888,-888888888,-888888888,-888888888,-888888888,-888888888,-888888888
2020,Lynn County; Texas,4472,2724,2712,2611,101,12,1748,2712,-888888888,2168,1181,1169,1135,424,306,989,701,2593,2099,317,0,66,0,111,21.1,2611,945,412,507,417,330,2611,312,191,137,178,266,112,22,118,113,761,140,71,190,48,305,2611,1889,523,185,14,2199,113,246,342,188,314,268,244,313,86,85,46163,66538,1646,68595,892,17183,334,23316,92,8370,36,2233,347,1589,64,113,157,101,232,249,229,285,86,73,59926,78652,25871,610,18750,31879,29266,50203,29279,5832,5012,3737,2009,820,1640,184,3203,2418,2321,1971,1897,165,350,97,66,62,4,31,785,531,393,225,254,-888888888,-888888888,-888888888,-888888888,-888888888,-888888888,-888888888,-888888888,-888888888,-888888888,-888888888,-888888888,-888888888,-888888888,-888888888,-888888888,-888888888,-888888888,-888888888
2020,McMullen County; Texas,509,309,309,293,16,0,200,309,-888888888,260,120,120,116,58,24,137,95,289,198,19,0,17,6,49,35.0,293,107,70,27,54,35,293,67,19,10,0,28,25,0,3,52,28,30,3,28,48,311,293,185,49,59,0,229,6,32,6,2,27,57,32,27,21,19,67386,96335,187,80730,68,16118,45,20569,2,-999999999,0,-666666666,23,185,0,22,3,2,20,50,26,27,21,14,73594,102102,31191,44,-666666666,72091,36711,51875,26339,724,544,392,227,180,224,68,404,276,260,196,181,15,64,16,12,12,0,4,128,84,70,14,44,-888888888,-888888888,-888888888,-888888888,-888888888,-888888888,-888888888,-888888888,-888888888,-888888888,-888888888,-888888888,-888888888,-888888888,-888888888,-888888888,-888888888,-888888888,-888888888
2020,Martin County; Texas,4005,2648,2648,2541,107,0,1357,2648,-888888888,1992,1096,1096,1085,506,234,1266,833,2508,2234,74,0,115,7,78,15.9,2541,836,231,645,509,320,2541,657,149,67,74,334,174,38,69,8,494,177,147,153,48,317,2541,1802,491,217,31,1722,60,17,121,97,286,321,271,290,132,127,70000,98374,1390,92371,421,21513,228,19095,65,11892,52,-999999999,148,1356,18,0,54,84,211,265,255,245,129,95,80278,107926,32242,366,37444,61301,35890,51202,49397,5626,5164,4046,1528,462,1890,84,3134,2465,2369,2148,2112,74,221,96,96,29,67,0,669,526,400,140,143,-888888888,-888888888,-888888888,-888888888,-888888888,-888888888,-888888888,-888888888,-888888888,-888888888,-888888888,-888888888,-888888888,-888888888,-888888888,-888888888,-888888888,-888888888,-888888888
2020,Maverick County; Texas,42075,23689,23662,21843,1819,27,18386,23662,-888888888,21355,10158,10158,9573,5854,3310,11391,7375,21530,17737,2466,54,243,368,662,22.5,21843,4579,6504,4599,2672,3489,21843,1848,1160,901,363,2589,2057,304,837,524,5897,2718,488,2157,48,323,21843,16196,4484,1102,61,16647,1836,1925,1847,1783,1906,2668,1941,1889,463,389,41385,55806,12750,60850,5296,13621,1714,26128,1672,6323,252,1665,4427,13402,1103,1111,1450,1482,1823,2224,1650,1811,417,331,47115,60186,17545,3245,14470,32609,25437,41440,24850,57911,40990,23076,19814,16921,19254,3460,31857,22189,20458,12900,12312,841,7558,1731,904,721,183,827,9668,4762,2666,2179,4906,-888888888,-888888888,-888888888,-888888888,-888888888,-888888888,-888888888,-888888888,-888888888,-888888888,-888888888,-888888888,-888888888,-888888888,-888888888,-888888888,-888888888,-888888888,-888888888
2020,Midland County; Texas,126649,88683,88557,85527,3030,126,37966,88557,-888888888,62801,37077,37055,36263,16885,10114,29566,18836,84426,70017,8694,133,1022,875,3685,19.5,85527,31603,12040,18869,12021,10994,85527,16067,6425,4091,2769,9824,5360,782,4360,7091,14451,6479,5504,2324,48,329,85527,72314,7104,6010,99,57917,2473,1724,3533,3954,5473,9137,7704,10593,5975,7351,83217,113872,50530,113354,11621,19009,7822,23503,1717,8896,346,4093,3287,39642,1124,830,1497,2464,2882,5965,5444,8253,5335,5848,98374,129514,40478,18275,50058,73136,44249,67807,43616,169947,141472,117740,35179,28475,51401,7031,101410,81726,78941,63747,62543,2616,15194,2785,1512,1276,311,1273,19684,14909,12029,3604,4775,-888888888,-888888888,-888888888,-888888888,-888888888,-888888888,-888888888,-888888888,-888888888,-888888888,-888888888,-888888888,-888888888,-888888888,-888888888,-888888888,-888888888,-888888888,-888888888
2020,Mitchell County; Texas,6876,3017,3017,2920,97,0,3859,3017,-888888888,2616,1412,1412,1327,484,314,1042,762,2900,2203,622,11,13,0,51,22.1,2920,934,595,578,525,288,2920,361,399,115,43,455,52,9,136,39,600,237,206,268,48,335,2920,1921,713,255,31,2419,101,196,252,224,539,146,489,195,127,150,44939,77376,1707,77756,959,17915,484,21287,240,9176,48,315,240,1421,5,26,114,119,143,129,425,188,122,150,81503,107926,22950,998,34138,33652,34073,44897,37200,6410,5304,3664,2404,1106,1755,153,3472,2745,2648,1931,1702,271,717,97,79,78,1,18,727,509,324,293,218,-888888888,-888888888,-888888888,-888888888,-888888888,-888888888,-888888888,-888888888,-888888888,-888888888,-888888888,-888888888,-888888888,-888888888,-888888888,-888888888,-888888888,-888888888,-888888888
2020,Moore County; Texas,15043,9998,9998,9625,373,0,5045,9998,-888888888,7226,3993,3993,3854,2340,1482,4204,2830,9572,7720,1350,0,331,127,44,18.2,9625,2337,1291,1439,1547,3011,9625,1013,620,2766,101,958,485,127,175,427,1351,588,565,449,48,341,9625,7813,1383,417,12,6659,242,244,661,736,1014,1644,856,852,226,184,53967,66733,5649,67822,1447,18066,754,16899,390,10981,46,1300,508,4924,141,102,388,311,828,1318,715,760,177,184,59600,74284,22646,1735,30071,41557,32782,41517,31294,21020,16902,13949,4514,4118,7005,986,11747,9304,8931,6955,6856,341,1976,373,237,225,12,136,2443,1472,1257,378,971,-888888888,-888888888,-888888888,-888888888,-888888888,-888888888,-888888888,-888888888,-888888888,-888888888,-888888888,-888888888,-888888888,-888888888,-888888888,-888888888,-888888888,-888888888,-888888888
2020,Nacogdoches County; Texas,51310,30500,30500,28163,2337,0,20810,30500,-888888888,27186,14651,14651,13493,4662,3378,9399,6557,27553,21238,3311,47,1237,359,1361,20.9,28163,8708,5174,6366,3602,4313,28163,1120,1968,3616,563,3973,968,523,979,1404,7821,2764,1651,813,48,347,28163,20839,5134,2096,94,23765,2242,1516,3530,2409,3318,4146,2413,2493,804,894,44507,65961,18548,64275,7057,18282,4754,21487,1471,9274,414,3687,4309,15408,930,558,1575,1154,2105,3126,2173,2207,738,842,59709,82678,24031,8357,23356,33482,22369,41989,33412,64309,52874,37510,21605,11435,17090,1872,38026,28037,25935,20132,19075,1571,5803,2102,1002,603,432,1100,9989,7430,4942,2879,2559,-888888888,-888888888,-888888888,-888888888,-888888888,-888888888,-888888888,-888888888,-888888888,-888888888,-888888888,-888888888,-888888888,-888888888,-888888888,-888888888,-888888888,-888888888,-888888888
2020,Nolan County; Texas,11508,6659,6659,6131,528,0,4849,6659,-888888888,5629,2827,2827,2566,1185,716,2263,1573,6020,4612,960,0,109,165,174,17.9,6131,1597,1273,1100,884,1277,6131,551,403,641,121,592,621,21,212,268,1494,615,245,347,48,353,6131,4521,1216,379,15,5516,376,396,775,565,1053,800,632,572,204,143,43692,65693,3964,61336,1917,18073,1049,34556,384,8583,153,1375,782,3792,169,137,345,420,676,734,496,481,204,130,52435,78004,25703,1724,23045,35634,26052,41382,31095,14726,12213,8595,5269,2513,4147,394,7985,6015,5540,4216,4004,318,1324,475,262,174,88,213,1970,1400,744,788,570,-888888888,-888888888,-888888888,-888888888,-888888888,-888888888,-888888888,-888888888,-888888888,-888888888,-888888888,-888888888,-888888888,-888888888,-888888888,-888888888,-888888888,-888888888,-888888888
2020,Oldham County; Texas,1471,916,916,912,4,0,555,916,-888888888,701,397,397,396,141,107,184,157,904,667,90,1,87,7,52,24.5,912,328,141,156,140,147,912,129,51,108,11,71,71,3,7,24,237,78,49,73,48,359,912,711,124,74,3,646,19,12,46,93,48,163,85,65,57,58,64250,87282,557,86577,172,17476,105,21390,26,8158,3,-999999999,22,475,5,10,13,61,33,115,62,63,56,57,75139,102171,27166,171,39375,44197,33125,52684,32105,1665,1479,1308,372,186,347,5,1049,849,845,732,727,29,113,4,4,4,2,0,200,132,117,20,68,-888888888,-888888888,-888888888,-888888888,-888888888,-888888888,-888888888,-888888888,-888888888,-888888888,-888888888,-888888888,-888888888,-888888888,-888888888,-888888888,-888888888,-888888888,-888888888
2020,Panola County; Texas,18357,9629,9623,9346,277,6,8728,9623,-888888888,9436,4395,4395,4256,1605,962,3439,2029,9240,8188,664,2,115,55,216,27.0,9346,2748,1587,1876,1360,1775,9346,1370,693,574,143,1045,753,30,351,714,2005,728,547,393,48,365,9346,7218,1407,704,17,8662,502,457,1340,1036,900,1605,956,1016,424,426,51297,68947,5762,78181,3576,20071,1537,17845,538,12835,77,1165,1247,6013,176,29,787,741,629,1254,770,963,410,254,61722,76219,27267,2649,24036,41807,31514,54896,31436,22965,19216,12736,9191,3749,5784,728,12891,8860,8604,6655,6319,455,1949,256,121,101,20,135,4031,3094,1464,1828,937,-888888888,-888888888,-888888888,-888888888,-888888888,-888888888,-888888888,-888888888,-888888888,-888888888,-888888888,-888888888,-888888888,-888888888,-888888888,-888888888,-888888888,-888888888,-888888888
2020,Pecos County; Texas,12269,6076,6053,5987,66,23,6193,6053,-888888888,5081,2540,2540,2527,1208,503,2498,1173,5944,4932,603,8,89,55,257,17.1,5987,1419,1162,1046,1343,1017,5987,1028,745,233,82,660,402,60,323,238,955,449,325,487,48,371,5987,4314,1096,577,0,4868,503,268,310,651,543,648,913,629,190,213,53879,72265,4006,77547,1094,15192,608,12920,250,7770,0,-666666666,576,3334,210,83,127,404,460,500,688,572,175,115,64722,76838,23201,1534,28125,58498,33860,48384,32036,13440,10879,8324,3935,2561,4069,556,7434,5488,5428,4308,4131,271,1120,60,60,42,18,0,1946,1235,978,422,711,-888888888,-888888888,-888888888,-888888888,-888888888,-888888888,-888888888,-888888888,-888888888,-888888888,-888888888,-888888888,-888888888,-888888888,-888888888,-888888888,-888888888,-888888888,-888888888
2020,Presidio County; Texas,5392,3137,3137,2828,309,0,2255,3137,-888888888,2761,1407,1407,1237,630,317,1140,878,2794,1588,425,0,510,136,135,20.0,2828,960,616,410,814,28,2828,621,244,18,8,326,26,17,128,72,598,543,115,112,48,377,2828,1871,669,288,0,2580,375,403,586,301,309,324,39,214,16,13,22716,37266,1790,38572,1154,12704,257,30386,437,4732,250,377,1122,1291,153,138,183,264,119,194,13,198,16,13,32688,48574,15687,1289,20659,25279,17733,22427,23293,6808,5093,2445,3048,1715,1998,338,3177,2525,2250,1458,1245,248,792,275,0,0,0,275,652,448,259,189,204,-888888888,-888888888,-888888888,-888888888,-888888888,-888888888,-888888888,-888888888,-888888888,-888888888,-888888888,-888888888,-888888888,-888888888,-888888888,-888888888,-888888888,-888888888,-888888888
2020,Reagan County; Texas,2688,1825,1825,1710,115,0,863,1825,-888888888,1255,742,742,655,426,220,691,359,1652,1210,296,0,42,22,82,21.9,1710,510,116,267,537,280,1710,886,57,24,8,118,123,0,7,26,272,101,68,20,48,383,1710,1272,300,135,3,1117,61,9,81,141,190,170,194,173,57,41,61659,73655,1001,72324,195,20971,130,27994,8,-999999999,8,-999999999,70,863,18,9,67,74,162,170,124,156,42,41,62604,79563,25126,254,-666666666,52076,38295,46510,35471,3732,2909,2428,641,823,1202,254,2188,1696,1581,1205,1200,13,376,115,64,58,6,51,492,350,324,30,142,-888888888,-888888888,-888888888,-888888888,-888888888,-888888888,-888888888,-888888888,-888888888,-888888888,-888888888,-888888888,-888888888,-888888888,-888888888,-888888888,-888888888,-888888888,-888888888
2020,Reeves County; Texas,12514,6978,6978,6201,777,0,5536,6978,-888888888,4501,2658,2658,2504,903,430,2303,1694,6007,4767,948,0,84,83,125,17.6,6201,1350,900,811,1623,1517,6201,1552,592,382,147,548,317,0,83,132,1255,767,74,352,48,389,6201,4418,1067,709,7,3772,329,241,327,349,479,684,519,357,421,66,61543,70017,2914,81453,846,14786,389,16275,299,9829,18,1678,416,2388,204,50,188,310,230,319,383,266,372,66,65104,80621,22670,1384,41768,49188,33976,56767,36122,14037,11041,8166,3815,2996,3771,457,8502,6444,5667,4276,4198,150,1391,777,450,404,55,327,2058,1243,761,567,815,-888888888,-888888888,-888888888,-888888888,-888888888,-888888888,-888888888,-888888888,-888888888,-888888888,-888888888,-888888888,-888888888,-888888888,-888888888,-888888888,-888888888,-888888888,-888888888
2020,Robertson County; Texas,13526,7889,7889,7175,714,0,5637,7889,-888888888,7095,3992,3992,3575,1243,1007,2573,1774,7087,5559,934,3,105,199,287,25.5,7175,2066,1789,1292,837,1191,7175,743,433,606,144,827,549,258,105,478,1753,654,336,289,48,395,7175,5108,1599,468,0,6749,596,427,629,703,820,1416,683,976,177,322,53823,69587,4879,68991,2248,18338,1776,31179,340,9784,71,2179,1235,4684,91,204,388,392,617,1066,584,902,155,285,65408,80991,27245,2065,24548,42202,28148,51059,28352,16912,14554,10111,6643,2358,4239,512,9467,7093,6455,5390,4873,574,1065,638,347,118,229,291,2374,1884,1073,892,490,-888888888,-888888888,-888888888,-888888888,-888888888,-888888888,-888888888,-888888888,-888888888,-888888888,-888888888,-888888888,-888888888,-888888888,-888888888,-888888888,-888888888,-888888888,-888888888
2020,Rusk County; Texas,43242,23637,23604,21871,1733,33,19605,23604,-888888888,19803,10103,10103,9404,3251,1582,7627,4739,21613,18827,1670,51,156,295,614,27.1,21871,6542,3260,3927,3480,4662,21871,2502,1498,3159,540,2081,1560,178,707,1578,4665,1401,900,1102,48,401,21871,17532,2960,1276,103,18056,980,946,1563,1951,2714,3511,2449,2209,746,987,56223,74851,13752,74764,6451,19266,3511,30813,1239,10124,365,4125,2007,13132,478,206,768,1123,2316,2782,2034,1829,722,874,64993,85517,27267,4924,27397,42968,31980,47192,33431,49209,40973,30004,16823,8236,12641,1316,28008,21271,19846,15960,15228,1058,3886,1425,632,447,185,793,6737,4694,3163,2120,2043,-888888888,-888888888,-888888888,-888888888,-888888888,-888888888,-888888888,-888888888,-888888888,-888888888,-888888888,-888888888,-888888888,-888888888,-888888888,-888888888,-888888888,-888888888,-888888888
2020,San Jacinto County; Texas,22833,11647,11647,10797,850,0,11186,11647,-888888888,11540,4902,4902,4555,1854,870,3751,2573,10491,8243,1200,50,207,436,355,40.5,10797,3385,1803,1877,1590,2142,10797,574,2203,689,286,1297,661,142,228,893,1919,750,770,385,48,407,10797,8212,1239,1341,5,10143,668,685,1061,1087,1906,1685,779,1272,729,271,44566,64195,6944,67653,4431,19788,2808,19166,676,9582,146,3152,1531,7000,137,250,623,826,1090,1247,691,1142,729,265,64755,77984,24618,3143,29607,32045,32402,51038,39404,28440,23136,14096,12764,5304,6555,723,15707,10375,9576,6951,6532,683,2625,799,423,286,223,376,5332,3814,1896,2189,1518,-888888888,-888888888,-888888888,-888888888,-888888888,-888888888,-888888888,-888888888,-888888888,-888888888,-888888888,-888888888,-888888888,-888888888,-888888888,-888888888,-888888888,-888888888,-888888888
2020,Schleicher County; Texas,2227,1283,1252,1047,205,31,944,1252,-888888888,1116,595,587,512,249,75,452,331,1078,937,48,0,0,25,68,22.4,1047,346,194,162,215,130,1047,272,77,33,34,119,12,19,49,56,244,19,57,56,48,413,1047,701,209,137,0,1036,128,38,142,121,131,138,158,142,38,0,45250,58283,758,60008,435,15996,311,18058,5,-999999999,1,-999999999,72,678,67,6,74,50,91,139,140,89,22,0,65948,63625,24030,358,25465,44240,32375,62610,33173,2867,2132,1682,946,735,810,226,1378,1113,917,662,653,14,255,196,21,14,7,175,265,186,91,102,79,-888888888,-888888888,-888888888,-888888888,-888888888,-888888888,-888888888,-888888888,-888888888,-888888888,-888888888,-888888888,-888888888,-888888888,-888888888,-888888888,-888888888,-888888888,-888888888
2020,Shelby County; Texas,19423,10318,10318,9744,574,0,9105,10318,-888888888,9898,4401,4401,4093,1987,1253,4342,2858,9701,8040,1063,0,185,131,282,24.0,9744,2637,1829,1870,1426,1982,9744,1256,913,1198,163,954,506,74,309,611,2148,771,500,341,48,419,9744,7271,1447,982,44,9486,1044,761,1065,1087,1444,1716,716,1150,227,276,41170,57911,6561,61511,3778,17917,2019,17503,836,8605,162,3925,1636,6892,765,262,597,692,1061,1397,534,1095,226,263,51568,66424,22404,2594,22036,30277,29133,46465,32087,25099,19662,13067,9469,5437,7081,1182,13681,9440,8892,6309,6095,279,2583,548,212,182,34,336,4241,2974,1910,1408,1267,-888888888,-888888888,-888888888,-888888888,-888888888,-888888888,-888888888,-888888888,-888888888,-888888888,-888888888,-888888888,-888888888,-888888888,-888888888,-888888888,-888888888,-888888888,-888888888
2020,Val Verde County; Texas,36698,22315,20783,19952,831,1532,14383,20783,-888888888,17957,9902,9662,9409,4532,3061,8314,6306,21044,17006,2333,41,499,820,345,18.0,19952,4908,4513,4591,2837,3103,19952,1052,1713,1100,309,2072,1656,167,747,867,4781,1891,958,2639,48,465,19952,13631,4793,1488,40,16388,1923,797,1911,1710,2119,2958,1781,2115,751,323,47675,61529,12532,65451,5252,14469,2625,21296,1429,6444,507,961,3109,12174,911,405,1121,1204,1913,2398,1545,1783,648,246,55550,68033,21082,4214,20324,40933,25934,42362,31232,46245,36151,24390,15792,10094,14671,2124,24712,19126,18428,13140,12447,1389,5288,698,177,138,39,521,5586,3571,2294,1523,2015,-888888888,-888888888,-888888888,-888888888,-888888888,-888888888,-888888888,-888888888,-888888888,-888888888,-888888888,-888888888,-888888888,-888888888,-888888888,-888888888,-888888888,-888888888,-888888888
2020,Walker County; Texas,62790,27162,27154,26224,930,8,35628,27154,-888888888,25527,11745,11745,11268,3649,2034,6645,4162,25569,21278,1624,151,783,295,1438,26.6,26224,6979,7724,5218,2697,3606,26224,606,1913,1113,401,2679,1408,338,806,1396,7071,2507,1130,4856,48,471,26224,15607,9149,1401,67,22515,3259,1209,2017,2974,4175,3148,2352,2239,645,497,41508,55759,16552,55414,6033,20106,5312,27594,843,9230,447,2485,1538,12826,751,612,676,1262,2184,2242,2001,2027,600,471,58428,73619,18598,9689,26444,31164,26803,41307,34178,58699,51483,43267,15545,7216,11984,1106,38263,25436,24625,21375,20609,1245,3250,811,387,279,117,424,12827,10419,8403,2615,2408,-888888888,-888888888,-888888888,-888888888,-888888888,-888888888,-888888888,-888888888,-888888888,-888888888,-888888888,-888888888,-888888888,-888888888,-888888888,-888888888,-888888888,-888888888,-888888888
2020,Washington County; Texas,28749,16711,16687,15922,765,24,12038,16687,-888888888,14867,8082,8082,7797,2357,1517,4864,3888,15617,12507,1613,0,348,248,901,21.3,15922,5899,2232,3409,2084,2298,15922,656,1563,1508,342,1989,802,191,1097,1071,4078,1057,920,648,48,477,15922,11428,2751,1728,15,13321,575,650,1096,1504,1746,2663,1624,1821,618,1024,59623,83164,9648,80540,5414,20582,3026,27955,391,9453,244,3465,973,8715,222,147,486,783,929,1932,1100,1654,599,863,72718,99396,32649,4606,35556,50708,31478,48581,36827,34473,30452,24472,11722,4021,8384,911,18759,14438,13762,12090,11792,832,1672,676,453,301,168,223,4321,3131,2414,964,1190,-888888888,-888888888,-888888888,-888888888,-888888888,-888888888,-888888888,-888888888,-888888888,-888888888,-888888888,-888888888,-888888888,-888888888,-888888888,-888888888,-888888888,-888888888,-888888888
2020,Wheeler County; Texas,4011,2603,2598,2482,116,5,1408,2598,-888888888,1991,1133,1133,1089,424,236,837,682,2450,2023,265,0,43,57,62,22.1,2482,580,588,588,417,309,2482,402,159,96,68,221,242,5,59,161,447,302,210,110,48,483,2482,1720,411,341,10,2060,58,158,259,186,406,330,296,209,95,63,49036,66702,1647,63641,716,18060,323,22709,78,11246,9,-999999999,261,1432,40,47,141,164,256,218,231,188,97,50,57292,76046,27737,628,37115,42996,28255,44871,25722,5123,4042,2947,1797,1081,1389,176,2769,2255,2146,1429,1370,78,717,109,45,21,34,64,514,419,295,154,95,-888888888,-888888888,-888888888,-888888888,-888888888,-888888888,-888888888,-888888888,-888888888,-888888888,-888888888,-888888888,-888888888,-888888888,-888888888,-888888888,-888888888,-888888888,-888888888
2020,Willacy County; Texas,16831,9395,9395,8414,981,0,7436,9395,-888888888,7245,3710,3710,3230,1549,1204,2979,2039,8403,6996,677,0,286,35,409,19.9,8414,1806,1898,1673,1888,1149,8414,1155,669,721,15,714,388,269,252,526,2270,610,234,591,48,489,8414,6274,1315,816,9,5882,659,514,810,699,784,971,733,484,147,81,37906,52956,4276,55846,1987,15394,1137,21046,512,8811,164,2458,1556,4375,376,238,610,568,594,814,586,368,147,74,45238,57293,18244,1507,18893,32136,23691,35697,25721,20273,14781,7291,8964,5492,5494,668,11826,8728,7868,4848,3986,1024,3020,860,412,148,264,448,3098,1789,627,1272,1309,-888888888,-888888888,-888888888,-888888888,-888888888,-888888888,-888888888,-888888888,-888888888,-888888888,-888888888,-888888888,-888888888,-888888888,-888888888,-888888888,-888888888,-888888888,-888888888
2020,Winkler County; Texas,5827,3567,3567,3476,91,0,2260,3567,-888888888,2824,1241,1241,1232,788,351,1364,928,3424,2833,420,0,38,24,109,22.0,3476,663,654,662,669,828,3476,740,492,107,64,227,385,45,87,176,506,349,119,179,48,495,3476,2687,653,131,5,2618,119,152,250,198,337,451,379,513,140,79,63585,75295,2233,75409,564,21174,398,17971,145,10628,12,4992,251,1914,30,25,156,168,275,366,356,356,131,51,72750,80316,25141,704,36429,54760,39904,55629,37188,7720,5803,4990,1389,1917,2686,741,4120,3148,3092,2303,2253,95,789,56,31,23,8,25,972,610,487,167,362,-888888888,-888888888,-888888888,-888888888,-888888888,-888888888,-888888888,-888888888,-888888888,-888888888,-888888888,-888888888,-888888888,-888888888,-888888888,-888888888,-888888888,-888888888,-888888888
2020,Yoakum County; Texas,6020,3707,3707,3510,197,0,2313,3707,-888888888,2942,1371,1371,1307,977,299,1672,881,3455,2522,644,0,228,28,33,20.5,3510,910,605,528,1006,461,3510,1003,396,39,51,267,353,11,43,166,672,252,107,150,48,501,3510,2624,672,209,5,2601,49,215,212,140,270,678,192,376,251,218,69004,85587,2209,91447,581,17440,146,21751,33,7030,8,-999999999,255,1976,15,101,80,81,192,489,192,391,251,184,76630,97243,25417,625,25949,37293,36886,65568,29607,8612,6410,5026,1873,2202,2885,690,4806,3419,3257,2537,2354,231,720,162,41,41,0,121,1387,790,691,104,597,-888888888,-888888888,-888888888,-888888888,-888888888,-888888888,-888888888,-888888888,-888888888,-888888888,-888888888,-888888888,-888888888,-888888888,-888888888,-888888888,-888888888,-888888888,-888888888
2020,Zavala County; Texas,8988,5129,5129,4905,224,0,3859,5129,-888888888,4253,2246,2246,2195,1145,679,2013,1506,4730,4133,138,10,145,185,119,14.0,4905,1312,1108,924,843,718,4905,441,230,188,78,753,288,115,26,113,1865,413,238,157,48,507,4905,3453,878,562,12,3674,430,282,449,464,559,880,338,207,23,42,40090,48127,2861,47770,1213,14982,569,24046,492,7466,126,981,1168,3039,191,196,442,449,480,689,338,189,23,42,41200,51404,16738,635,12436,19842,20251,40053,28750,11801,9893,4736,6348,1908,3694,86,6335,4443,4320,3258,2773,525,1062,123,22,0,22,101,1892,1233,306,996,659,-888888888,-888888888,-888888888,-888888888,-888888888,-888888888,-888888888,-888888888,-888888888,-888888888,-888888888,-888888888,-888888888,-888888888,-888888888,-888888888,-888888888,-888888888,-888888888
