year,county_name,employment_status_population_16_years_and_over,employment_status_population_16_years_and_over_in_,employment_status_population_16_years_and_over_in_,employment_status_population_16_years_and_over_in_,employment_status_population_16_years_and_over_in_,employment_status_population_16_years_and_over_in_,employment_status_population_16_years_and_over_not,employment_status_civilian_labor_force,employment_status_civilian_labor_force_unemploymen,employment_status_females_16_years_and_over,employment_status_females_16_years_and_over_in_lab,employment_status_females_16_years_and_over_in_lab,employment_status_females_16_years_and_over_in_lab,employment_status_own_children_of_the_householder_,employment_status_own_children_of_the_householder_,employment_status_own_children_of_the_householder_,employment_status_own_children_of_the_householder_,commuting_to_work_workers_16_years_and_over,commuting_to_work_workers_16_years_and_over_car_tr,commuting_to_work_workers_16_years_and_over_car_tr,commuting_to_work_workers_16_years_and_over_public,commuting_to_work_workers_16_years_and_over_walked,commuting_to_work_workers_16_years_and_over_other_,commuting_to_work_workers_16_years_and_over_worked,commuting_to_work_workers_16_years_and_over_mean_t,occupation_civilian_employed_population_16_years_a,occupation_civilian_employed_population_16_years_a,occupation_civilian_employed_population_16_years_a,occupation_civilian_employed_population_16_years_a,occupation_civilian_employed_population_16_years_a,occupation_civilian_employed_population_16_years_a,industry_civilian_employed_population_16_years_and,industry_civilian_employed_population_16_years_and,industry_civilian_employed_population_16_years_and,industry_civilian_employed_population_16_years_and,state_fips,county_fips,industry_civilian_employed_population_16_years_and,industry_civilian_employed_population_16_years_and,industry_civilian_employed_population_16_years_and,industry_civilian_employed_population_16_years_and,industry_civilian_employed_population_16_years_and,industry_civilian_employed_population_16_years_and,industry_civilian_employed_population_16_years_and,industry_civilian_employed_population_16_years_and,industry_civilian_employed_population_16_years_and,industry_civilian_employed_population_16_years_and,class_of_worker_civilian_employed_population_16_ye,class_of_worker_civilian_employed_population_16_ye,class_of_worker_civilian_employed_population_16_ye,class_of_worker_civilian_employed_population_16_ye,class_of_worker_civilian_employed_population_16_ye,income_and_benefits_in_2019_inflation_adjusted_dol,income_and_benefits_in_2019_inflation_adjusted_dol,income_and_benefits_in_2019_inflation_adjusted_dol,income_and_benefits_in_2019_inflation_adjusted_dol,income_and_benefits_in_2019_inflation_adjusted_dol,income_and_benefits_in_2019_inflation_adjusted_dol,income_and_benefits_in_2019_inflation_adjusted_dol,income_and_benefits_in_2019_inflation_adjusted_dol,income_and_benefits_in_2019_inflation_adjusted_dol,income_and_benefits_in_2019_inflation_adjusted_dol,income_and_benefits_in_2019_inflation_adjusted_dol,income_and_benefits_in_2019_inflation_adjusted_dol,income_and_benefits_in_2019_inflation_adjusted_dol,income_and_benefits_in_2019_inflation_adjusted_dol,income_and_benefits_in_2019_inflation_adjusted_dol,income_and_benefits_in_2019_inflation_adjusted_dol,income_and_benefits_in_2019_inflation_adjusted_dol,income_and_benefits_in_2019_inflation_adjusted_dol,income_and_benefits_in_2019_inflation_adjusted_dol,income_and_benefits_in_2019_inflation_adjusted_dol,income_and_benefits_in_2019_inflation_adjusted_dol,income_and_benefits_in_2019_inflation_adjusted_dol,income_and_benefits_in_2019_inflation_adjusted_dol,income_and_benefits_in_2019_inflation_adjusted_dol,income_and_benefits_in_2019_inflation_adjusted_dol,income_and_benefits_in_2019_inflation_adjusted_dol,income_and_benefits_in_2019_inflation_adjusted_dol,income_and_benefits_in_2019_inflation_adjusted_dol,income_and_benefits_in_2019_inflation_adjusted_dol,income_and_benefits_in_2019_inflation_adjusted_dol,income_and_benefits_in_2019_inflation_adjusted_dol,income_and_benefits_in_2019_inflation_adjusted_dol,income_and_benefits_in_2019_inflation_adjusted_dol,income_and_benefits_in_2019_inflation_adjusted_dol,income_and_benefits_in_2019_inflation_adjusted_dol,income_and_benefits_in_2019_inflation_adjusted_dol,income_and_benefits_in_2019_inflation_adjusted_dol,income_and_benefits_in_2019_inflation_adjusted_dol,income_and_benefits_in_2019_inflation_adjusted_dol,income_and_benefits_in_2019_inflation_adjusted_dol,income_and_benefits_in_2019_inflation_adjusted_dol,income_and_benefits_in_2019_inflation_adjusted_dol,income_and_benefits_in_2019_inflation_adjusted_dol,income_and_benefits_in_2019_inflation_adjusted_dol,health_insurance_coverage_civilian_noninstitutiona,health_insurance_coverage_civilian_noninstitutiona,health_insurance_coverage_civilian_noninstitutiona,health_insurance_coverage_civilian_noninstitutiona,health_insurance_coverage_civilian_noninstitutiona,health_insurance_coverage_civilian_noninstitutiona,health_insurance_coverage_civilian_noninstitutiona,health_insurance_coverage_civilian_noninstitutiona,health_insurance_coverage_civilian_noninstitutiona,health_insurance_coverage_civilian_noninstitutiona,health_insurance_coverage_civilian_noninstitutiona,health_insurance_coverage_civilian_noninstitutiona,health_insurance_coverage_civilian_noninstitutiona,health_insurance_coverage_civilian_noninstitutiona,health_insurance_coverage_civilian_noninstitutiona,health_insurance_coverage_civilian_noninstitutiona,health_insurance_coverage_civilian_noninstitutiona,health_insurance_coverage_civilian_noninstitutiona,health_insurance_coverage_civilian_noninstitutiona,health_insurance_coverage_civilian_noninstitutiona,health_insurance_coverage_civilian_noninstitutiona,health_insurance_coverage_civilian_noninstitutiona,health_insurance_coverage_civilian_noninstitutiona,health_insurance_coverage_civilian_noninstitutiona,percentage_of_families_and_people_whose_income_in_,percentage_of_families_and_people_whose_income_in_,percentage_of_families_and_people_whose_income_in_,percentage_of_families_and_people_whose_income_in_,percentage_of_families_and_people_whose_income_in_,percentage_of_families_and_people_whose_income_in_,percentage_of_families_and_people_whose_income_in_,percentage_of_families_and_people_whose_income_in_,percentage_of_families_and_people_whose_income_in_,percentage_of_families_and_people_whose_income_in_,percentage_of_families_and_people_whose_income_in_,percentage_of_families_and_people_whose_income_in_,percentage_of_families_and_people_whose_income_in_,percentage_of_families_and_people_whose_income_in_,percentage_of_families_and_people_whose_income_in_,percentage_of_families_and_people_whose_income_in_,percentage_of_families_and_people_whose_income_in_,percentage_of_families_and_people_whose_income_in_,percentage_of_families_and_people_whose_income_in_
2019,Madison County; Missouri,9744,5286,5231,5005,226,55,4458,5231,-888888888,5056,2433,2433,2276,781,355,1672,1060,4968,3916,787,3,35,75,152,26.7,5005,1207,970,1051,852,925,5005,235,504,718,29,123,25,563,452,12,99,208,1277,269,283,360,5005,3854,781,360,10,5044,358,374,791,559,679,949,589,504,167,74,43636,59032,3429,61411,2002,17275,1231,22799,561,9367,108,1634,914,3468,62,151,361,348,481,831,534,479,162,59,56974,69777,24418,1576,20963,34382,27631,38957,31967,11938,10644,7404,4831,1294,2857,230,6877,4795,4591,4064,3827,377,527,204,88,74,14,116,2082,1661,951,866,421,-888888888,-888888888,-888888888,-888888888,-888888888,-888888888,-888888888,-888888888,-888888888,-888888888,-888888888,-888888888,-888888888,-888888888,-888888888,-888888888,-888888888,-888888888,-888888888
2019,Vernon County; Missouri,16160,9287,9256,8861,395,31,6873,9256,-888888888,8469,4489,4489,4334,1459,958,3091,1955,8607,6382,749,23,283,97,1073,18.1,8861,3188,1330,1820,1032,1491,8861,771,677,1110,29,217,269,971,384,194,540,629,2364,366,308,278,8861,6382,1373,1028,78,8207,590,451,1040,1111,1395,1472,1008,766,165,209,43276,60130,5843,60919,3242,18591,1744,18687,589,10221,211,2225,1001,5340,211,109,476,735,934,1073,831,725,124,122,53735,69479,24312,2867,27243,41078,28606,43445,32313,20145,17233,11847,7705,2912,5274,669,11244,8145,7813,6544,6160,559,1269,332,159,73,86,173,3099,2358,1067,1486,741,-888888888,-888888888,-888888888,-888888888,-888888888,-888888888,-888888888,-888888888,-888888888,-888888888,-888888888,-888888888,-888888888,-888888888,-888888888,-888888888,-888888888,-888888888,-888888888
2019,Nodaway County; Missouri,19264,11410,11402,11072,330,8,7854,11402,-888888888,9729,5750,5750,5669,1181,789,2135,1628,10922,8834,1005,7,487,120,469,16.1,11072,3809,2364,2146,940,1813,11072,512,474,1597,29,147,182,1210,235,153,335,376,3368,1709,621,300,11072,8327,2052,681,12,8395,805,394,1071,1100,1313,1377,1124,813,247,151,44232,58922,6605,57421,2371,18665,1512,21964,347,7344,139,2035,816,4842,223,103,408,431,674,1009,892,725,240,137,62630,76475,22915,3553,26680,33175,20734,41872,31875,21562,19569,16291,5792,1993,4498,309,13975,10657,10372,9218,8814,730,1154,285,158,135,27,127,3318,2928,2375,657,390,-888888888,-888888888,-888888888,-888888888,-888888888,-888888888,-888888888,-888888888,-888888888,-888888888,-888888888,-888888888,-888888888,-888888888,-888888888,-888888888,-888888888,-888888888,-888888888
2019,Chariton County; Missouri,5990,3201,3201,3091,110,0,2789,3201,-888888888,3054,1513,1513,1458,574,428,1085,844,3059,2465,310,0,31,37,216,24.7,3091,997,483,542,491,578,3091,312,283,368,29,041,127,347,183,121,134,119,693,97,186,121,3091,2290,448,337,16,2686,176,204,349,300,427,502,283,305,87,53,46738,60240,1826,65169,1235,18474,627,15970,217,9719,40,2828,233,1819,37,74,172,151,314,376,266,293,88,48,60568,74533,23903,867,21995,28896,28104,41714,33944,7255,6687,5174,2782,568,1750,90,3838,2900,2794,2478,2407,148,316,106,80,53,27,26,938,802,482,398,136,-888888888,-888888888,-888888888,-888888888,-888888888,-888888888,-888888888,-888888888,-888888888,-888888888,-888888888,-888888888,-888888888,-888888888,-888888888,-888888888,-888888888,-888888888,-888888888
2019,Wayne County; Missouri,10755,4623,4623,4322,301,0,6132,4623,-888888888,5463,2271,2271,2145,666,396,1860,1181,4243,3143,611,33,57,40,359,28.3,4322,1120,977,771,390,1064,4322,278,280,851,29,223,154,326,188,63,200,214,989,400,213,166,4322,3362,454,506,0,5426,707,530,712,819,920,825,458,334,96,25,34316,45398,3041,47915,2781,16559,1395,23329,645,7632,66,2042,1094,3265,113,172,395,504,684,633,374,294,84,12,42946,55790,19457,2161,16670,27682,23387,37883,28038,13081,11256,6438,6927,1825,2964,158,7093,4198,3911,3054,2791,344,857,287,162,73,92,125,2895,2225,828,1622,670,-888888888,-888888888,-888888888,-888888888,-888888888,-888888888,-888888888,-888888888,-888888888,-888888888,-888888888,-888888888,-888888888,-888888888,-888888888,-888888888,-888888888,-888888888,-888888888
2019,Scott County; Missouri,30405,17600,17517,16745,772,83,12805,17517,-888888888,15997,8704,8696,8290,3004,2196,5468,4084,16574,13783,1990,33,232,45,491,20.9,16745,4866,3057,3972,1565,3285,16745,494,843,2209,29,201,744,2070,1127,374,864,996,4267,1272,704,781,16745,13409,2338,984,14,15230,1388,1132,2041,1565,2367,2967,1466,1594,349,361,44139,61674,10684,61843,5959,18089,3106,18626,1687,9124,331,3271,3018,10359,774,438,981,1007,1615,2160,1254,1476,320,334,53789,72152,24921,4871,22862,35872,28134,41820,31233,38088,33906,23098,16164,4182,9587,167,21921,15943,15305,12868,11882,1483,2437,638,296,149,160,342,5978,4762,1995,3178,1216,-888888888,-888888888,-888888888,-888888888,-888888888,-888888888,-888888888,-888888888,-888888888,-888888888,-888888888,-888888888,-888888888,-888888888,-888888888,-888888888,-888888888,-888888888,-888888888
2019,Barton County; Missouri,9471,5525,5525,5135,390,0,3946,5525,-888888888,4834,2359,2359,2325,734,434,1822,1165,5113,4253,290,4,146,92,328,23.2,5135,1756,624,1186,624,945,5135,616,282,864,29,011,111,555,218,42,356,255,1099,302,276,159,5135,3904,710,485,36,4895,394,248,729,658,725,799,436,521,237,148,44125,64001,3541,66056,2051,16666,962,15136,421,10050,93,2133,834,3191,160,43,320,424,438,676,341,444,224,121,59736,77111,26509,1704,22415,33362,28372,41583,34037,11675,10389,7380,4609,1286,2920,118,6454,4910,4534,4017,3877,314,517,376,139,88,53,237,1544,1150,601,638,394,-888888888,-888888888,-888888888,-888888888,-888888888,-888888888,-888888888,-888888888,-888888888,-888888888,-888888888,-888888888,-888888888,-888888888,-888888888,-888888888,-888888888,-888888888,-888888888
2019,Cedar County; Missouri,11016,5552,5552,5164,388,0,5464,5552,-888888888,5535,2572,2572,2410,1051,572,2072,1227,5159,4131,435,20,148,89,336,25.6,5164,1721,866,988,743,846,5164,372,525,613,29,039,66,642,366,23,294,210,1206,257,376,214,5164,3844,727,593,0,5842,498,378,799,817,1218,1054,477,379,98,124,39365,53665,3966,52596,2753,18945,1400,19234,482,9093,231,3660,1250,3845,181,112,414,524,839,802,460,319,72,122,46536,63794,22623,1997,25232,33604,25308,43306,27433,13869,11698,6746,7060,2171,3549,359,7189,4824,4444,3401,3140,445,1043,380,112,52,64,268,2365,1880,896,1233,485,-888888888,-888888888,-888888888,-888888888,-888888888,-888888888,-888888888,-888888888,-888888888,-888888888,-888888888,-888888888,-888888888,-888888888,-888888888,-888888888,-888888888,-888888888,-888888888
2019,Gasconade County; Missouri,12014,7216,7216,7019,197,0,4798,7216,-888888888,6082,3346,3346,3263,868,686,2006,1402,6922,5601,837,0,143,48,293,27.4,7019,2002,1123,1293,1005,1596,7019,218,538,1489,29,073,147,814,401,88,267,437,1573,435,339,273,7019,5722,738,542,17,6076,290,238,669,674,843,1383,846,841,160,132,54885,68913,4416,64216,2530,19486,1561,26168,404,9618,83,1689,401,4187,85,76,209,378,548,1092,791,741,144,123,66699,82640,28617,1889,26892,36671,29207,40611,32741,14466,13480,10397,4922,986,3170,59,8210,6426,6264,5691,5505,254,573,162,77,64,13,85,1784,1515,900,766,269,-888888888,-888888888,-888888888,-888888888,-888888888,-888888888,-888888888,-888888888,-888888888,-888888888,-888888888,-888888888,-888888888,-888888888,-888888888,-888888888,-888888888,-888888888,-888888888
2019,Macon County; Missouri,12002,6712,6706,6354,352,6,5290,6706,-888888888,6079,3218,3214,3059,1085,677,2422,1815,6301,5203,590,28,163,69,248,21.6,6354,1906,882,1295,870,1401,6354,193,678,1079,29,121,153,847,344,116,308,311,1279,408,291,347,6354,4883,902,548,21,5845,309,287,834,994,908,1172,668,522,95,56,42746,53813,4010,53873,2433,18419,1469,18279,328,8766,99,2524,561,3616,91,120,324,461,542,886,613,449,80,50,56453,64340,22136,2229,26762,35214,27250,40059,30361,14943,13345,10277,5725,1598,3677,345,8135,6192,5868,5060,4850,373,808,324,228,197,31,96,1943,1631,921,847,312,-888888888,-888888888,-888888888,-888888888,-888888888,-888888888,-888888888,-888888888,-888888888,-888888888,-888888888,-888888888,-888888888,-888888888,-888888888,-888888888,-888888888,-888888888,-888888888
2019,Oregon County; Missouri,8448,4121,4121,3977,144,0,4327,4121,-888888888,4341,1878,1878,1853,696,362,1454,767,3963,3204,349,35,48,46,281,21.3,3977,999,820,728,452,978,3977,316,190,568,29,149,36,405,361,64,136,257,893,452,195,104,3977,2962,478,527,10,4249,536,307,790,576,768,572,304,294,80,22,33601,43846,2643,46605,1951,17539,825,16960,412,8146,65,1357,772,2813,240,100,400,372,598,519,240,245,78,21,41403,51791,18398,1436,19670,26807,22866,35833,24986,10527,8731,4929,5649,1796,2526,288,5618,3685,3566,2573,2347,441,993,119,23,22,4,96,1933,1537,617,1019,396,-888888888,-888888888,-888888888,-888888888,-888888888,-888888888,-888888888,-888888888,-888888888,-888888888,-888888888,-888888888,-888888888,-888888888,-888888888,-888888888,-888888888,-888888888,-888888888
2019,Ste. Genevieve County; Missouri,14467,9189,9189,8870,319,0,5278,9189,-888888888,7186,4357,4357,4166,1090,819,2619,2189,8746,7063,1115,0,36,100,432,28.4,8870,2639,1577,1694,1383,1577,8870,368,876,1350,29,186,257,857,619,98,363,566,2121,592,397,406,8870,7470,992,371,37,7121,323,246,706,715,962,1083,1071,1525,271,219,60129,75189,5319,77653,2859,19193,1950,18235,559,10480,159,2799,601,5163,103,137,419,423,632,814,918,1290,261,166,77646,83050,29742,1958,34623,50512,34288,55403,39625,17621,16761,13510,5941,860,4071,14,10270,8095,7916,7412,7092,500,504,179,152,122,71,27,2175,1890,1210,922,285,-888888888,-888888888,-888888888,-888888888,-888888888,-888888888,-888888888,-888888888,-888888888,-888888888,-888888888,-888888888,-888888888,-888888888,-888888888,-888888888,-888888888,-888888888,-888888888
2019,Douglas County; Missouri,10738,5292,5292,4984,308,0,5446,5292,-888888888,5421,2315,2315,2262,848,654,1918,1275,4832,3923,532,9,110,53,205,27.2,4984,1091,969,944,790,1190,4984,308,404,881,29,067,75,721,309,36,271,257,835,244,381,262,4984,3720,604,611,49,5137,561,242,903,685,773,994,402,380,91,106,37425,51868,3081,57512,2484,18534,908,20135,281,9080,143,1134,983,3692,252,19,548,541,617,836,322,380,86,91,46410,59882,21083,1445,18235,28195,26111,37835,29958,13189,11143,6576,6466,2046,2978,141,7106,4724,4454,3467,3117,456,987,270,74,27,47,196,2382,1718,663,1217,664,-888888888,-888888888,-888888888,-888888888,-888888888,-888888888,-888888888,-888888888,-888888888,-888888888,-888888888,-888888888,-888888888,-888888888,-888888888,-888888888,-888888888,-888888888,-888888888
2019,Henry County; Missouri,17534,9704,9616,9038,578,88,7830,9616,-888888888,8920,4548,4533,4258,1322,843,3037,2415,8988,7459,840,14,128,91,456,25.8,9038,2664,1611,1843,1139,1781,9038,391,778,1084,29,083,193,1168,584,23,376,691,2171,680,458,441,9038,7151,1132,725,30,9328,732,542,1246,1099,1398,1800,1005,952,351,203,45795,63004,6192,65528,4203,17490,2606,20543,761,10133,130,1092,1719,5912,229,281,531,524,873,1336,864,806,302,166,58958,74591,26944,3416,25652,39910,30290,45100,33486,21427,18972,12774,9504,2455,4967,399,11961,8734,8271,6962,6466,805,1309,463,262,180,132,201,3227,2685,1162,1856,542,-888888888,-888888888,-888888888,-888888888,-888888888,-888888888,-888888888,-888888888,-888888888,-888888888,-888888888,-888888888,-888888888,-888888888,-888888888,-888888888,-888888888,-888888888,-888888888
2019,Lawrence County; Missouri,29627,18139,18138,17024,1114,1,11488,18138,-888888888,15082,8431,8431,8099,2784,1970,6274,4442,16620,13138,1814,1,257,519,891,23.3,17024,4612,3131,3719,1622,3940,17024,702,877,3515,29,109,320,2075,1397,142,717,1209,3619,1221,823,407,17024,14011,1634,1319,60,14787,1236,686,1793,1743,2789,2817,1586,1343,410,384,44742,58968,11037,60441,5687,18509,2419,20689,841,8422,328,1735,2349,10328,604,186,1113,992,2069,2050,1423,1220,311,360,53142,67854,22957,4459,25654,32986,27060,40420,30174,37642,32561,22978,14365,5081,10081,864,21148,16486,15468,12929,12205,1238,2539,1018,535,304,275,483,4662,3467,1992,1897,1195,-888888888,-888888888,-888888888,-888888888,-888888888,-888888888,-888888888,-888888888,-888888888,-888888888,-888888888,-888888888,-888888888,-888888888,-888888888,-888888888,-888888888,-888888888,-888888888
2019,Pulaski County; Missouri,42235,29859,18633,17522,1111,11226,12376,18633,-888888888,17854,10682,8262,7720,3795,1849,6843,4276,28437,17141,1841,120,4382,313,4640,18.9,17522,5565,4315,3726,1263,2653,17522,247,919,1629,29,169,90,2522,511,294,551,1008,3929,2727,620,2475,17522,11455,5132,900,35,15154,907,688,1296,1414,2753,3438,1919,1958,602,179,53492,64126,12125,60309,3594,16555,3827,25259,688,9824,208,3450,1365,10338,510,260,722,825,1397,2661,1468,1781,568,146,64555,73235,23651,4816,37784,42397,25109,37544,32365,39306,35130,28075,12597,4176,11668,475,23428,16222,15261,12720,11569,2468,2541,961,756,665,129,205,7206,6251,4542,2749,955,-888888888,-888888888,-888888888,-888888888,-888888888,-888888888,-888888888,-888888888,-888888888,-888888888,-888888888,-888888888,-888888888,-888888888,-888888888,-888888888,-888888888,-888888888,-888888888
2019,Texas County; Missouri,20693,9665,9626,8906,720,39,11028,9626,-888888888,9872,4309,4295,4070,1590,739,3559,1953,8751,6883,1114,32,308,45,369,25.0,8906,2435,1816,1660,1365,1630,8906,673,654,863,29,215,98,1145,557,84,401,475,2309,574,430,643,8906,6104,1952,817,33,9728,1109,967,1164,1618,1402,1551,725,880,227,85,35067,50352,6326,52176,3979,18196,2160,21032,770,10439,236,2991,1685,6517,604,345,560,1059,899,1412,565,802,214,57,46410,57402,19973,3211,20888,33250,25149,37555,30010,24250,20339,12862,11459,3911,5741,853,13467,8522,7829,6229,5619,1014,1600,693,368,174,239,325,4945,3918,1883,2684,1027,-888888888,-888888888,-888888888,-888888888,-888888888,-888888888,-888888888,-888888888,-888888888,-888888888,-888888888,-888888888,-888888888,-888888888,-888888888,-888888888,-888888888,-888888888,-888888888
2019,Callaway County; Missouri,36522,21053,21037,20346,691,16,15469,21037,-888888888,17939,10439,10439,10113,2716,1824,6140,4811,19978,16727,1919,21,157,450,704,23.4,20346,6703,3834,4469,2085,3255,20346,488,1284,1773,29,027,405,2596,1467,398,1093,1362,4987,1234,1025,2234,20346,14186,4860,1296,4,15973,897,647,1538,1625,2217,3281,2545,2240,564,419,56938,68870,11988,69956,5850,20236,3927,20426,700,10270,370,2684,1706,10825,561,159,514,977,1269,2463,2127,1848,537,370,68912,78803,25849,5148,31865,43589,31064,43709,36821,42177,38331,31270,13229,3846,10080,716,25184,19173,18620,16735,16084,1216,1885,553,317,217,132,236,6011,5002,3794,2014,1009,-888888888,-888888888,-888888888,-888888888,-888888888,-888888888,-888888888,-888888888,-888888888,-888888888,-888888888,-888888888,-888888888,-888888888,-888888888,-888888888,-888888888,-888888888,-888888888
2019,Cooper County; Missouri,14294,8062,8062,7723,339,0,6232,8062,-888888888,6733,3981,3981,3853,1186,822,2480,1863,7613,6023,872,11,109,185,413,27.1,7723,2600,1532,1549,1022,1020,7723,309,697,512,29,053,179,844,400,80,422,621,2045,729,405,480,7723,5853,1371,496,3,6397,402,284,762,601,980,1305,981,781,184,117,52735,63688,4727,64699,2387,17512,1366,26055,243,8472,73,1986,705,4178,141,78,321,317,561,1049,699,725,178,109,65305,76115,23961,2219,29182,36405,31276,43488,36788,16080,14485,11642,5201,1595,4012,392,9234,7319,7039,6283,5913,516,756,280,187,132,60,93,1915,1565,1040,693,350,-888888888,-888888888,-888888888,-888888888,-888888888,-888888888,-888888888,-888888888,-888888888,-888888888,-888888888,-888888888,-888888888,-888888888,-888888888,-888888888,-888888888,-888888888,-888888888
2019,Gentry County; Missouri,5121,3152,3148,3027,121,4,1969,3148,-888888888,2626,1444,1444,1395,580,401,1006,726,2988,2319,333,29,124,30,153,23.5,3027,1053,535,498,391,550,3027,296,144,477,29,075,102,290,117,33,123,182,924,145,122,72,3027,2325,373,310,19,2555,174,184,252,314,403,461,370,249,112,36,47790,61423,1928,58954,865,18297,556,20718,159,9877,146,2745,209,1707,44,42,110,197,271,421,294,213,79,36,59890,73271,24269,848,25119,34025,28479,38973,30149,6473,5790,4317,2429,683,1709,147,3584,2880,2763,2459,2279,262,304,117,34,30,11,83,704,568,314,317,136,-888888888,-888888888,-888888888,-888888888,-888888888,-888888888,-888888888,-888888888,-888888888,-888888888,-888888888,-888888888,-888888888,-888888888,-888888888,-888888888,-888888888,-888888888,-888888888
2019,Mississippi County; Missouri,11021,4956,4956,4513,443,0,6065,4956,-888888888,5013,2295,2295,2098,671,372,1946,1425,4462,3401,749,17,136,61,98,18.0,4513,1046,1064,961,649,793,4513,496,221,505,29,133,108,641,347,45,173,185,1014,292,187,299,4513,3378,766,369,0,5026,596,527,823,549,776,788,433,349,93,92,35357,50405,3303,49627,2201,16409,888,22453,603,10955,154,3406,1628,3637,378,316,504,419,598,557,372,326,84,83,39879,56866,18549,1389,21320,31246,25443,37308,28336,11858,10103,5744,5716,1755,2957,137,6681,4430,4011,3146,2899,400,865,419,136,56,88,283,2251,1784,579,1292,467,-888888888,-888888888,-888888888,-888888888,-888888888,-888888888,-888888888,-888888888,-888888888,-888888888,-888888888,-888888888,-888888888,-888888888,-888888888,-888888888,-888888888,-888888888,-888888888
2019,Ozark County; Missouri,7630,3259,3259,3075,184,0,4371,3259,-888888888,3921,1577,1577,1459,389,178,1098,615,2975,2236,401,8,170,14,146,31.7,3075,864,422,578,524,687,3075,206,339,664,29,153,77,291,175,25,153,113,650,200,136,46,3075,2252,252,554,17,3958,481,375,738,641,540,578,318,254,12,21,31947,42760,2168,45133,1939,18340,809,18455,410,10619,74,2305,725,2390,185,53,397,367,388,483,266,233,12,6,41080,50708,18739,1568,17903,29751,22350,32101,30923,9151,7788,4438,4795,1363,1872,113,4803,2925,2769,2096,1904,219,673,156,111,43,68,45,1878,1356,633,825,522,-888888888,-888888888,-888888888,-888888888,-888888888,-888888888,-888888888,-888888888,-888888888,-888888888,-888888888,-888888888,-888888888,-888888888,-888888888,-888888888,-888888888,-888888888,-888888888
2019,Bollinger County; Missouri,9953,5478,5478,5257,221,0,4475,5478,-888888888,5032,2568,2568,2469,702,454,1903,1166,5089,3599,919,36,169,51,315,31.9,5257,1348,857,998,959,1095,5257,166,692,726,29,017,149,780,297,57,220,221,1141,333,311,164,5257,4234,545,462,16,4593,349,355,571,595,602,1037,579,386,73,46,44158,53816,3088,58184,2159,17519,1157,15212,374,10896,65,835,702,3127,108,114,250,368,475,857,507,368,54,26,56627,62271,21340,1466,20944,29237,27257,41344,29592,12144,10740,7602,5007,1404,2833,83,6972,4921,4748,3832,3572,390,916,173,94,46,48,79,2051,1737,805,1101,314,-888888888,-888888888,-888888888,-888888888,-888888888,-888888888,-888888888,-888888888,-888888888,-888888888,-888888888,-888888888,-888888888,-888888888,-888888888,-888888888,-888888888,-888888888,-888888888
2019,Knox County; Missouri,3117,1678,1678,1563,115,0,1439,1678,-888888888,1593,730,730,699,280,200,632,457,1537,1192,120,0,39,12,174,22.4,1563,402,269,366,254,272,1563,169,130,152,29,103,28,198,90,30,127,80,336,104,67,52,1563,1135,194,233,1,1490,102,158,214,174,264,264,148,136,11,19,40000,56014,988,50084,627,17227,248,18724,82,9612,23,1383,161,934,38,26,83,131,145,227,138,116,11,19,53276,72349,22326,556,19531,27933,22460,41563,29625,3888,3078,2083,1509,810,1019,230,2070,1503,1406,1021,907,139,385,97,30,30,0,67,567,445,285,202,122,-888888888,-888888888,-888888888,-888888888,-888888888,-888888888,-888888888,-888888888,-888888888,-888888888,-888888888,-888888888,-888888888,-888888888,-888888888,-888888888,-888888888,-888888888,-888888888
2019,Montgomery County; Missouri,9246,5307,5307,5105,202,0,3939,5307,-888888888,4718,2400,2400,2298,779,596,1610,1243,4994,4148,495,35,126,16,174,28.9,5105,1284,953,871,854,1143,5105,328,613,855,29,139,79,497,269,33,299,263,1028,273,182,386,5105,3911,776,403,15,5014,349,293,671,533,817,1017,594,565,86,89,46757,57597,3583,59256,1797,19444,1172,17902,462,8751,76,2642,577,3204,105,116,301,291,509,758,475,480,80,89,57096,68437,24682,1810,26000,35486,32092,42168,32850,11156,10127,7737,4056,1029,2703,89,6324,4782,4607,4023,3871,314,584,175,90,57,50,85,1542,1288,690,687,254,-888888888,-888888888,-888888888,-888888888,-888888888,-888888888,-888888888,-888888888,-888888888,-888888888,-888888888,-888888888,-888888888,-888888888,-888888888,-888888888,-888888888,-888888888,-888888888
2019,Stoddard County; Missouri,23636,13124,13093,12370,723,31,10512,13093,-888888888,12235,6131,6113,5748,2091,1473,4067,2796,12198,10155,1236,0,216,109,482,22.3,12370,3594,2127,2447,1651,2551,12370,714,867,1739,29,207,290,1726,943,177,530,566,3171,673,461,513,12370,9535,1625,1210,0,11530,1067,796,1505,1540,2079,1858,1273,1084,183,145,41062,53651,7841,56057,5035,17765,2267,17166,1102,8361,239,2562,2298,7580,284,225,793,983,1380,1495,1141,984,172,123,51727,63226,22138,3950,22621,32688,27497,42027,29971,28946,25704,16662,13244,3242,6883,433,16540,11987,11328,9608,8696,1194,1720,659,317,176,147,342,4553,3806,1399,2878,747,-888888888,-888888888,-888888888,-888888888,-888888888,-888888888,-888888888,-888888888,-888888888,-888888888,-888888888,-888888888,-888888888,-888888888,-888888888,-888888888,-888888888,-888888888,-888888888
2019,Audrain County; Missouri,20411,11444,11444,10920,524,0,8967,11444,-888888888,11359,5340,5340,5037,1705,1163,3440,2794,10744,8762,970,0,295,181,536,22.5,10920,2900,2243,1949,1199,2629,10920,661,514,2046,29,007,244,1264,652,181,352,534,2497,842,494,639,10920,8617,1651,640,12,9286,529,449,1120,1537,1712,1754,824,958,184,219,44261,61557,6862,58193,3555,18733,1996,21505,656,9534,150,1881,876,6041,314,120,547,819,983,1328,734,835,167,194,53575,72524,23024,3245,30883,38081,26983,39035,31467,23845,21280,15608,9056,2565,6331,514,13238,10006,9639,8482,8043,736,1157,367,224,123,101,143,3232,2551,1310,1615,681,-888888888,-888888888,-888888888,-888888888,-888888888,-888888888,-888888888,-888888888,-888888888,-888888888,-888888888,-888888888,-888888888,-888888888,-888888888,-888888888,-888888888,-888888888,-888888888
2019,Greene County; Missouri,235714,145057,144832,139261,5571,225,90657,144832,-888888888,122517,69705,69675,67117,19182,12595,37620,26925,136985,112962,12974,1422,2715,1486,5426,20.0,139261,50795,26113,33671,10824,17858,139261,830,7906,12192,29,077,4420,17727,6953,2664,9263,14251,35947,14846,8263,3999,139261,117151,14499,7372,239,125201,10244,7063,15013,15214,19286,23760,13810,12894,4285,3632,46086,63877,92789,65718,38326,19302,21356,24991,8053,9732,2152,3122,14412,72743,2792,1670,5778,7259,10911,15892,10787,10801,3733,3120,61487,80201,27525,52458,27978,38980,29591,42441,35983,285833,255160,198078,89102,30673,64591,5035,176219,133994,129090,112862,108669,7507,16228,4904,3230,2306,1154,1674,42225,34730,21948,15182,7495,-888888888,-888888888,-888888888,-888888888,-888888888,-888888888,-888888888,-888888888,-888888888,-888888888,-888888888,-888888888,-888888888,-888888888,-888888888,-888888888,-888888888,-888888888,-888888888
2019,St. Clair County; Missouri,7733,3745,3745,3602,143,0,3988,3745,-888888888,3870,1765,1765,1699,559,469,1091,843,3493,2714,309,2,127,39,302,28.4,3602,1044,677,658,557,666,3602,248,352,396,29,185,53,436,239,32,135,206,898,263,213,131,3602,2671,534,379,18,4139,354,267,537,625,709,785,378,399,48,37,38870,51397,2504,51547,2191,17846,1156,18086,329,9201,51,4896,538,2542,77,45,306,270,486,646,339,312,34,27,51623,60425,22520,1597,25815,34142,25126,41650,30444,9085,7962,5489,4247,1123,1905,219,4737,3251,3124,2529,2377,308,595,127,101,57,49,26,1486,1208,620,737,278,-888888888,-888888888,-888888888,-888888888,-888888888,-888888888,-888888888,-888888888,-888888888,-888888888,-888888888,-888888888,-888888888,-888888888,-888888888,-888888888,-888888888,-888888888,-888888888
2019,Schuyler County; Missouri,3495,1968,1968,1891,77,0,1527,1968,-888888888,1783,959,959,945,383,161,748,551,1843,1637,126,4,25,10,41,27.6,1891,419,376,397,262,437,1891,165,99,331,29,197,54,219,115,8,51,65,498,91,113,82,1891,1417,282,185,7,1475,132,121,178,183,253,281,164,127,13,23,42694,53256,1027,54630,537,17977,264,20384,113,8294,15,1313,165,922,33,24,75,92,202,196,152,115,12,21,51902,65185,19862,553,22150,32007,25850,38852,35196,4513,3830,2669,1765,683,1315,142,2353,1745,1689,1364,1214,183,325,56,33,29,4,23,608,456,247,263,152,-888888888,-888888888,-888888888,-888888888,-888888888,-888888888,-888888888,-888888888,-888888888,-888888888,-888888888,-888888888,-888888888,-888888888,-888888888,-888888888,-888888888,-888888888,-888888888
2019,Camden County; Missouri,38358,19729,19707,18774,933,22,18629,19707,-888888888,19544,9524,9524,9168,2191,1348,4925,3542,18526,15220,2041,78,202,138,847,24.0,18774,5036,4091,4907,2216,2524,18774,430,1786,1347,29,029,203,3536,890,142,1041,1618,3644,2552,1096,489,18774,15089,1995,1645,45,16031,1105,843,1395,1749,2350,2966,2164,2093,618,748,53478,71833,10443,67493,8035,21669,5041,28152,633,10529,371,4267,1481,11274,483,396,567,927,1725,2257,1888,1806,582,643,67164,82679,28275,4757,30185,43621,25464,38526,32277,44913,39029,28150,19237,5884,8624,617,23847,16802,16035,12906,12129,1098,3129,767,247,169,96,520,7045,5443,3492,2498,1602,-888888888,-888888888,-888888888,-888888888,-888888888,-888888888,-888888888,-888888888,-888888888,-888888888,-888888888,-888888888,-888888888,-888888888,-888888888,-888888888,-888888888,-888888888,-888888888
2019,Jefferson County; Missouri,177532,118135,118022,111769,6253,113,59397,118022,-888888888,90046,55619,55619,53226,15397,11569,34169,27243,109952,95839,8421,222,524,728,4218,31.2,111769,36954,19226,25175,14368,16046,111769,700,11517,13063,29,099,3286,13046,5516,1677,8295,11183,24537,9307,5986,3656,111769,96180,10564,4830,195,84444,3385,2738,6851,6859,11322,17311,13381,14241,5607,2749,65454,78083,67083,77868,27023,20662,20000,24527,4329,10333,1431,3098,8924,61615,1671,1149,3152,3841,7887,13133,10868,12483,4965,2466,74953,86904,29999,22829,35638,48130,36295,53244,40779,222265,204366,164097,61946,17899,55140,1915,135606,108890,103555,93979,91135,4724,9576,5335,3006,2323,735,2329,26716,22742,14251,10063,3974,-888888888,-888888888,-888888888,-888888888,-888888888,-888888888,-888888888,-888888888,-888888888,-888888888,-888888888,-888888888,-888888888,-888888888,-888888888,-888888888,-888888888,-888888888,-888888888
2019,New Madrid County; Missouri,13829,7203,7203,6745,458,0,6626,7203,-888888888,7304,3282,3282,3156,1246,762,2457,1686,6618,5427,725,42,172,29,223,19.8,6745,1586,1603,1083,755,1718,6745,395,404,1187,29,143,183,843,415,24,349,294,1717,386,189,359,6745,5352,981,409,3,7371,660,724,999,1019,1062,1218,797,671,174,47,38679,50499,4892,53527,3162,17870,1474,18522,828,9336,143,3481,2027,4793,320,304,489,641,771,872,592,621,141,42,46859,58790,21419,2578,23193,30680,29906,44133,32668,17226,14624,9142,7606,2602,4358,207,9812,6597,6144,4791,4487,487,1353,453,179,111,78,274,3215,2462,1015,1619,753,-888888888,-888888888,-888888888,-888888888,-888888888,-888888888,-888888888,-888888888,-888888888,-888888888,-888888888,-888888888,-888888888,-888888888,-888888888,-888888888,-888888888,-888888888,-888888888
2019,Ralls County; Missouri,8269,5214,5214,4969,245,0,3055,5214,-888888888,4091,2430,2430,2368,584,401,1437,1183,4900,4090,354,0,86,38,332,22.0,4969,1427,803,1066,574,1099,4969,204,457,872,29,173,139,516,357,91,111,278,1034,312,226,372,4969,3683,803,477,6,4036,241,193,419,363,577,831,629,576,149,58,55377,67500,2942,66796,1719,19827,961,18514,134,10322,62,1452,252,2946,89,54,185,198,411,726,552,559,127,45,68832,75230,27023,1090,25000,42615,31367,47778,34405,10174,9330,7259,3659,844,2350,120,5703,4565,4336,3920,3821,223,416,229,110,53,57,119,1138,958,587,480,180,-888888888,-888888888,-888888888,-888888888,-888888888,-888888888,-888888888,-888888888,-888888888,-888888888,-888888888,-888888888,-888888888,-888888888,-888888888,-888888888,-888888888,-888888888,-888888888
2019,Shelby County; Missouri,4728,2970,2966,2905,61,4,1758,2966,-888888888,2397,1425,1421,1381,420,342,875,674,2876,2214,222,0,190,21,229,21.1,2905,858,543,548,419,537,2905,289,215,464,29,205,50,301,151,14,164,105,684,144,173,151,2905,2068,395,429,13,2432,123,182,379,289,406,399,333,194,73,54,44083,57889,1814,58796,896,15978,438,18848,111,7990,20,2755,277,1593,36,46,141,171,288,311,289,189,68,54,59042,72195,24304,839,21074,28234,26840,41417,26424,5800,5154,3960,2046,646,1436,129,3239,2654,2595,2239,2167,145,356,59,30,18,12,29,585,453,276,252,132,-888888888,-888888888,-888888888,-888888888,-888888888,-888888888,-888888888,-888888888,-888888888,-888888888,-888888888,-888888888,-888888888,-888888888,-888888888,-888888888,-888888888,-888888888,-888888888
2019,Webster County; Missouri,29337,16299,16268,15538,730,31,13038,16268,-888888888,14413,6780,6780,6490,3323,1533,6317,3436,15191,12135,2010,52,307,190,497,28.6,15538,4190,2238,3435,2235,3440,15538,455,1628,1869,29,225,644,2012,1521,119,632,1242,3256,985,813,362,15538,12446,1626,1451,15,13575,546,790,1641,1633,2109,2760,1642,1720,374,360,50560,64106,10154,64613,5026,18554,2875,24567,873,10838,442,1805,1695,9889,245,354,892,1124,1569,2124,1468,1464,333,316,58488,70761,22961,3686,28081,41868,30429,44791,32101,37753,32553,23252,14058,5200,10903,1334,21018,14888,14256,12183,11342,1283,2073,632,399,270,129,233,6130,4602,2820,2337,1528,-888888888,-888888888,-888888888,-888888888,-888888888,-888888888,-888888888,-888888888,-888888888,-888888888,-888888888,-888888888,-888888888,-888888888,-888888888,-888888888,-888888888,-888888888,-888888888
2019,Atchison County; Missouri,4335,2680,2680,2614,66,0,1655,2680,-888888888,2200,1205,1205,1167,285,187,679,593,2586,2109,251,5,71,23,127,19.4,2614,841,560,452,315,446,2614,251,157,289,29,005,60,274,264,28,75,141,591,185,153,146,2614,1914,453,247,0,2562,117,177,323,334,323,545,305,279,91,68,50236,64236,1883,64436,1088,18179,396,21659,126,8356,25,1324,207,1428,32,44,104,154,177,340,230,202,81,64,64474,81887,31248,1134,30283,40241,30569,48413,31232,5145,4658,3669,1916,487,1072,55,2817,2314,2252,1916,1826,112,336,62,41,25,16,21,503,428,248,208,75,-888888888,-888888888,-888888888,-888888888,-888888888,-888888888,-888888888,-888888888,-888888888,-888888888,-888888888,-888888888,-888888888,-888888888,-888888888,-888888888,-888888888,-888888888,-888888888
2019,Bates County; Missouri,12904,7885,7885,7527,358,0,5019,7885,-888888888,6627,3697,3697,3527,1138,910,2417,1838,7390,5459,997,0,131,101,702,31.9,7527,2028,1393,1358,1273,1475,7527,683,919,851,29,013,159,850,453,75,309,614,1494,394,443,283,7527,5691,949,858,29,6547,303,354,832,962,946,1124,754,873,241,158,47625,67588,4848,70889,2576,19951,1372,18772,327,10411,101,2393,854,4617,93,84,389,536,657,992,660,835,216,155,63130,81764,27635,1930,23692,29351,30397,46645,32324,15977,14497,10902,5797,1480,4018,260,8994,6938,6615,5806,5571,384,809,323,244,168,76,79,2056,1729,917,934,327,-888888888,-888888888,-888888888,-888888888,-888888888,-888888888,-888888888,-888888888,-888888888,-888888888,-888888888,-888888888,-888888888,-888888888,-888888888,-888888888,-888888888,-888888888,-888888888
2019,Benton County; Missouri,16257,7296,7296,6710,586,0,8961,7296,-888888888,8224,3569,3569,3347,996,609,2078,1299,6607,5080,914,13,173,114,313,28.9,6710,1999,1424,1323,721,1243,6710,293,472,944,29,015,119,987,380,25,223,230,1844,774,163,256,6710,5223,857,620,10,7872,672,551,1082,1162,1327,1377,676,717,185,123,40249,56309,4322,57011,4534,20385,2707,17736,700,10167,172,2967,930,5014,219,170,322,710,961,1084,650,626,157,115,52185,70852,24317,2858,21742,29559,24347,43953,34180,18902,16666,11244,9742,2236,3492,435,9755,6372,5830,4909,4609,478,921,542,276,108,188,266,3383,2802,1361,1846,581,-888888888,-888888888,-888888888,-888888888,-888888888,-888888888,-888888888,-888888888,-888888888,-888888888,-888888888,-888888888,-888888888,-888888888,-888888888,-888888888,-888888888,-888888888,-888888888
2019,Carter County; Missouri,4892,2600,2572,2463,109,28,2292,2572,-888888888,2471,1195,1195,1142,333,244,975,818,2473,1787,266,8,63,46,303,27.4,2463,752,389,509,367,446,2463,154,284,367,29,035,42,200,169,15,58,124,642,232,80,96,2463,1796,343,324,0,2333,138,145,324,344,411,458,156,225,97,35,39530,56449,1551,62611,1096,18193,466,18602,142,5811,11,-999999999,363,1562,41,45,117,264,261,357,155,190,97,35,55463,68460,22104,771,19639,26914,26986,44345,35625,6085,5112,3414,2564,973,1520,81,3387,2328,2256,1789,1633,255,467,72,21,20,1,51,1059,699,253,572,360,-888888888,-888888888,-888888888,-888888888,-888888888,-888888888,-888888888,-888888888,-888888888,-888888888,-888888888,-888888888,-888888888,-888888888,-888888888,-888888888,-888888888,-888888888,-888888888
2019,Dade County; Missouri,6263,3378,3378,3045,333,0,2885,3378,-888888888,3143,1501,1501,1352,401,243,1026,710,2938,2251,286,9,68,78,246,25.4,3045,744,458,610,500,733,3045,320,247,482,29,057,158,270,167,8,182,149,621,105,255,81,3045,2275,373,378,19,3068,193,146,553,432,530,469,362,252,87,44,40399,55998,2147,55354,1396,18446,716,16897,241,8557,49,3678,407,2113,99,64,323,266,410,386,264,214,51,36,45104,58215,23186,955,28375,50093,23662,38919,31563,7436,6425,3978,3266,1011,1660,154,4124,2969,2694,2241,2134,140,453,275,146,87,64,129,1155,900,394,572,255,-888888888,-888888888,-888888888,-888888888,-888888888,-888888888,-888888888,-888888888,-888888888,-888888888,-888888888,-888888888,-888888888,-888888888,-888888888,-888888888,-888888888,-888888888,-888888888
2019,Laclede County; Missouri,27755,16619,16538,15475,1063,81,11136,16538,-888888888,14346,7686,7686,6993,2673,1804,5553,3845,15395,12689,1861,0,195,192,458,21.1,15475,4481,2355,2920,1363,4356,15475,350,535,4040,29,105,378,1766,836,224,589,912,3099,1235,936,575,15475,12496,1773,1153,53,14112,889,950,1718,1490,2445,2866,1955,1165,364,270,47257,58389,10167,59122,5407,17545,2996,25772,898,9567,324,2076,1890,10276,294,323,1290,854,1804,2389,1634,1076,355,257,56215,66064,23051,3836,24220,34539,30363,39600,30742,35119,31329,23419,12947,3790,8946,439,20132,15210,14279,12328,11640,1136,1951,931,553,335,294,378,4922,3900,2175,2250,1022,-888888888,-888888888,-888888888,-888888888,-888888888,-888888888,-888888888,-888888888,-888888888,-888888888,-888888888,-888888888,-888888888,-888888888,-888888888,-888888888,-888888888,-888888888,-888888888
2019,Linn County; Missouri,9549,5730,5722,5612,110,8,3819,5722,-888888888,4956,2709,2709,2694,863,678,1889,1465,5579,4520,544,0,118,84,313,20.7,5612,1544,1100,1256,679,1033,5612,336,416,887,29,115,71,625,271,231,295,195,1191,427,237,430,5612,4257,890,442,23,5106,317,258,715,599,888,931,660,532,123,83,45930,59352,3735,59699,1840,18789,1057,19604,313,8497,86,3128,446,3437,192,71,303,395,688,627,497,458,123,83,52199,68747,25130,1669,25691,34085,30612,38414,32722,11976,10711,8569,4089,1265,2986,287,6600,5178,5091,4443,4291,234,648,87,57,40,22,30,1422,1122,751,529,300,-888888888,-888888888,-888888888,-888888888,-888888888,-888888888,-888888888,-888888888,-888888888,-888888888,-888888888,-888888888,-888888888,-888888888,-888888888,-888888888,-888888888,-888888888,-888888888
2019,Howell County; Missouri,31666,17138,17138,16431,707,0,14528,17138,-888888888,16495,8250,8250,7993,2855,1598,6009,4097,16210,13598,1678,64,152,187,531,19.0,16431,5290,3170,3378,1845,2748,16431,557,1068,2034,29,091,620,1865,908,96,626,1075,4479,1323,890,890,16431,12366,2569,1429,67,15878,1877,1143,2040,2193,2575,2668,1414,1387,327,254,38357,52116,10560,58654,6118,16788,2894,18939,1179,7653,481,3058,2772,10668,901,489,1119,1424,1729,2008,1191,1298,277,232,47152,61379,21048,5210,23139,30316,27435,37371,32230,39706,34235,21421,17399,5471,10072,759,22082,15402,14796,12036,11087,1286,2760,606,308,131,191,298,6680,5102,2422,3197,1578,-888888888,-888888888,-888888888,-888888888,-888888888,-888888888,-888888888,-888888888,-888888888,-888888888,-888888888,-888888888,-888888888,-888888888,-888888888,-888888888,-888888888,-888888888,-888888888
2019,Johnson County; Missouri,43202,28470,25139,23931,1208,3331,14732,25139,-888888888,21067,12908,12479,11982,3911,2479,7054,5192,26742,21636,2311,41,962,391,1401,21.5,23931,7697,5238,4770,2051,4175,23931,584,1432,2575,29,101,239,3037,978,351,904,1490,6936,2401,1147,1857,23931,17244,5176,1441,70,19864,1051,967,1815,2002,3058,4316,2672,2979,663,341,55273,66605,16206,61845,5472,18575,4602,26452,892,10197,254,1998,1895,13041,356,233,691,1210,1789,2957,2174,2708,621,302,69294,78369,25380,6823,32428,41481,25656,41319,32408,49542,44998,37635,13490,4544,12485,700,30974,23517,22478,19935,19033,1746,2543,1039,742,618,137,297,7457,6485,4810,2255,972,-888888888,-888888888,-888888888,-888888888,-888888888,-888888888,-888888888,-888888888,-888888888,-888888888,-888888888,-888888888,-888888888,-888888888,-888888888,-888888888,-888888888,-888888888,-888888888
2019,Maries County; Missouri,7218,4033,3998,3758,240,35,3185,3998,-888888888,3525,1922,1922,1812,548,288,1153,722,3716,2764,572,6,59,42,273,33.4,3758,1132,550,650,551,875,3758,167,438,474,29,125,109,593,197,82,83,116,849,65,239,346,3758,2658,802,289,9,3762,318,161,464,486,522,656,590,366,101,98,47569,62778,2644,59919,1653,18498,1114,26045,155,7924,64,1803,403,2450,81,34,179,244,387,473,553,303,101,95,64174,77214,26226,1312,24557,33774,30620,39626,32786,8700,7611,5566,3545,1089,1950,297,4925,3619,3402,2887,2609,430,515,217,92,54,38,125,1306,1154,640,666,152,-888888888,-888888888,-888888888,-888888888,-888888888,-888888888,-888888888,-888888888,-888888888,-888888888,-888888888,-888888888,-888888888,-888888888,-888888888,-888888888,-888888888,-888888888,-888888888
2019,Phelps County; Missouri,36387,20209,20153,19115,1038,56,16178,20153,-888888888,17297,9252,9235,8741,3006,1923,5725,4370,18739,14943,2143,61,692,334,566,19.3,19115,7916,3804,3487,1373,2535,19115,193,859,1779,29,161,239,2472,929,153,786,1253,6428,1787,919,1318,19115,14162,4051,886,16,17981,1869,1326,2129,1876,2601,3103,1950,1895,653,579,44154,62404,13295,61033,6184,16939,3875,27561,804,9147,338,2822,2205,11063,568,377,895,1117,1484,2150,1691,1652,616,513,61987,78107,25202,6918,24137,34995,25463,46146,32239,43883,40422,31651,14610,3461,10458,403,26652,18381,17447,15466,14779,1284,1981,934,671,458,214,263,8271,7467,5381,2680,804,-888888888,-888888888,-888888888,-888888888,-888888888,-888888888,-888888888,-888888888,-888888888,-888888888,-888888888,-888888888,-888888888,-888888888,-888888888,-888888888,-888888888,-888888888,-888888888
2019,Platte County; Missouri,79391,56483,56039,53924,2115,444,22908,56039,-888888888,40509,26814,26697,25959,7460,5351,15520,12743,53441,44984,4498,234,468,403,2854,23.8,53924,24649,7604,11598,3543,6530,53924,391,3004,4600,29,165,1577,5499,4466,1340,4383,7526,11397,4805,2073,2863,53924,44313,6935,2610,66,39305,999,919,2127,3537,4487,6367,5831,7657,3791,3590,80393,101450,32962,100177,10470,22416,8368,26369,1042,11879,326,4527,1605,25985,389,272,743,1400,2431,3812,4201,6225,3228,3284,98059,120500,40567,13320,46282,60785,42498,61693,49793,99737,93938,83304,23001,5799,25083,1105,60455,50923,49145,46212,45241,2134,2933,1778,1203,1010,222,575,9532,8396,6643,2560,1136,-888888888,-888888888,-888888888,-888888888,-888888888,-888888888,-888888888,-888888888,-888888888,-888888888,-888888888,-888888888,-888888888,-888888888,-888888888,-888888888,-888888888,-888888888,-888888888
2019,St. Francois County; Missouri,54530,28743,28738,27298,1440,5,25787,28738,-888888888,24838,13775,13775,13072,3929,2833,8555,5843,26979,22524,3198,0,350,188,719,25.4,27298,7648,6200,5397,3164,4889,27298,458,1938,3125,29,187,565,2795,1781,381,1252,2016,7567,2055,1137,2228,27298,20157,5880,1168,93,24898,1595,1535,3380,2885,4041,4703,3036,2592,723,408,46466,58714,17897,60039,9108,18931,6186,17846,2020,10162,651,2276,3947,16451,639,342,1441,1666,2851,3633,2694,2209,631,345,58440,69135,22578,8447,24278,34830,27424,40486,31892,59966,54585,40529,23741,5381,14506,326,35395,25902,24718,21443,20237,1998,3275,1184,721,368,399,463,9493,8220,4049,5248,1273,-888888888,-888888888,-888888888,-888888888,-888888888,-888888888,-888888888,-888888888,-888888888,-888888888,-888888888,-888888888,-888888888,-888888888,-888888888,-888888888,-888888888,-888888888,-888888888
2019,St. Louis city; Missouri,254266,167913,167492,155835,11657,421,86353,167492,-888888888,132766,85631,85589,79949,21823,16759,34460,25623,153311,111871,11545,13466,7196,2771,6462,24.4,155835,67058,33346,29985,7409,18037,155835,674,5508,13009,29,510,3226,14268,7934,3529,10740,18769,44233,19175,7559,7211,155835,132448,16960,6102,325,141952,16386,10374,16489,16098,19295,23216,14384,14219,5911,5580,43896,64089,108097,69684,37772,16197,20830,21392,10115,9281,2873,2603,27982,64324,4608,2724,6317,6487,8243,10406,7991,8965,4327,4256,57639,82578,30542,77628,32844,47236,32217,49022,40934,303603,270779,186953,109047,32824,63083,3175,201381,157576,146801,129306,120499,12293,17495,10775,6472,3267,3562,4303,43805,36406,17620,21540,7399,-888888888,-888888888,-888888888,-888888888,-888888888,-888888888,-888888888,-888888888,-888888888,-888888888,-888888888,-888888888,-888888888,-888888888,-888888888,-888888888,-888888888,-888888888,-888888888
2019,Andrew County; Missouri,14088,8709,8678,8417,261,31,5379,8678,-888888888,7121,3985,3977,3882,1111,889,2677,2104,8203,7159,581,0,163,52,248,24.1,8417,2887,1157,1884,875,1614,8417,297,604,1471,29,003,198,928,493,148,415,580,2107,419,304,453,8417,6735,1310,360,12,6763,255,371,706,580,939,1337,805,1301,263,206,58772,73248,5063,77019,2486,18739,1596,20132,228,11217,123,1014,445,4743,118,46,335,321,700,885,746,1196,209,187,73649,85232,29338,2020,30578,42323,35301,50170,37441,17306,16311,13471,4975,995,4217,51,9917,7913,7760,7164,7058,233,596,153,119,83,36,34,2004,1690,1312,563,314,-888888888,-888888888,-888888888,-888888888,-888888888,-888888888,-888888888,-888888888,-888888888,-888888888,-888888888,-888888888,-888888888,-888888888,-888888888,-888888888,-888888888,-888888888,-888888888
2019,Butler County; Missouri,33970,18925,18911,17421,1490,14,15045,18911,-888888888,17585,9048,9034,8567,3047,2099,6092,4400,17170,13750,1875,239,398,271,637,18.2,17421,4551,2877,4409,1844,3740,17421,609,1090,2447,29,023,191,2817,1034,215,948,748,4747,1232,771,572,17421,13418,2554,1438,11,16390,1605,1380,2301,1940,3032,2715,1578,1188,232,419,39915,53954,11054,55801,7031,16718,3388,20252,1532,8144,298,2037,3544,10997,524,648,1257,1183,2154,2118,1501,999,217,396,47402,64857,21652,5393,19361,28379,23840,38570,30395,41998,37005,23749,19519,4993,10489,411,23882,16814,15542,12665,11482,1749,2877,1272,667,285,433,605,7068,5976,2526,4103,1092,-888888888,-888888888,-888888888,-888888888,-888888888,-888888888,-888888888,-888888888,-888888888,-888888888,-888888888,-888888888,-888888888,-888888888,-888888888,-888888888,-888888888,-888888888,-888888888
2019,Carroll County; Missouri,7002,3883,3883,3623,260,0,3119,3883,-888888888,3642,1799,1799,1696,644,456,1235,823,3571,2794,315,1,58,51,352,27.7,3623,1140,651,580,579,673,3623,409,310,392,29,033,87,401,244,48,141,105,1021,170,147,148,3623,2789,509,320,5,3503,200,181,498,409,417,781,442,330,124,121,50830,62887,2382,63925,1420,19423,737,20425,263,10721,93,2259,455,2444,104,74,271,222,269,639,340,287,140,98,59605,72627,25715,1059,27195,35245,28670,42230,33196,8692,7689,5490,3454,1003,2090,253,4793,3520,3265,2915,2762,240,350,255,84,50,36,171,1273,1044,564,571,229,-888888888,-888888888,-888888888,-888888888,-888888888,-888888888,-888888888,-888888888,-888888888,-888888888,-888888888,-888888888,-888888888,-888888888,-888888888,-888888888,-888888888,-888888888,-888888888
2019,Daviess County; Missouri,6431,3642,3638,3540,98,4,2789,3638,-888888888,3244,1705,1705,1664,603,271,1420,887,3497,2514,516,0,114,124,229,27.8,3540,1112,555,736,517,620,3540,213,368,481,29,061,68,443,186,54,187,133,773,191,133,310,3540,2376,694,467,3,3035,151,168,357,340,433,810,334,270,77,95,51679,64421,2124,65710,1328,18848,799,20048,168,11581,158,3199,341,2137,45,45,166,239,314,630,291,255,68,84,60685,73708,24929,898,26357,38994,28496,40813,28932,8099,6746,4940,3132,1353,2271,529,4160,3086,3018,2535,2404,201,483,68,40,22,23,28,1074,771,382,442,303,-888888888,-888888888,-888888888,-888888888,-888888888,-888888888,-888888888,-888888888,-888888888,-888888888,-888888888,-888888888,-888888888,-888888888,-888888888,-888888888,-888888888,-888888888,-888888888
2019,Holt County; Missouri,3614,2092,2085,2017,68,7,1522,2085,-888888888,1839,946,946,915,278,169,586,409,2000,1643,185,4,61,18,89,23.0,2017,590,334,456,237,400,2017,250,124,252,29,087,47,292,183,25,98,62,458,85,44,97,2017,1497,307,204,9,2022,128,96,200,307,284,447,223,247,59,31,49524,60182,1471,59293,840,17535,390,19612,85,10592,33,2279,133,1250,31,16,82,147,206,297,195,197,59,20,59539,69844,27520,772,29052,42710,31766,45842,30685,4320,3954,3069,1658,366,942,63,2340,1786,1732,1527,1477,97,205,54,31,17,14,23,554,479,314,212,75,-888888888,-888888888,-888888888,-888888888,-888888888,-888888888,-888888888,-888888888,-888888888,-888888888,-888888888,-888888888,-888888888,-888888888,-888888888,-888888888,-888888888,-888888888,-888888888
2019,Marion County; Missouri,22561,13663,13663,13038,625,0,8898,13663,-888888888,11716,6888,6888,6491,2009,1620,4455,3444,12813,10727,1029,11,287,174,585,18.9,13038,3971,2534,2812,1522,2199,13038,385,956,1849,29,127,388,1594,615,154,380,774,3503,1337,456,647,13038,10243,1960,820,15,11565,926,494,1544,1321,1605,2488,1445,1203,293,246,48784,61788,8488,64426,4074,18077,2203,21666,778,10210,193,3029,1438,7429,294,154,775,690,977,1746,1259,1098,241,195,62059,71833,25069,4136,27410,40523,28450,46924,32286,27924,25645,19004,10022,2279,7209,128,16054,12501,11937,10617,10091,728,1320,564,300,163,154,264,3553,3010,1605,1629,543,-888888888,-888888888,-888888888,-888888888,-888888888,-888888888,-888888888,-888888888,-888888888,-888888888,-888888888,-888888888,-888888888,-888888888,-888888888,-888888888,-888888888,-888888888,-888888888
2019,Osage County; Missouri,10797,7109,7109,6968,141,0,3688,7109,-888888888,5211,3351,3351,3294,796,676,2206,1886,6907,5539,979,19,143,33,194,25.7,6968,2211,948,1498,912,1399,6968,260,628,1334,29,151,140,661,280,91,325,334,1351,372,214,978,6968,4930,1578,439,21,5120,172,172,461,435,746,1228,800,813,175,118,61687,74559,3956,70635,1735,20493,1186,24616,288,9901,49,2920,241,3733,22,19,151,288,467,1011,724,769,172,110,73378,87140,29061,1387,28813,37802,33767,41303,36380,13481,12846,10749,3558,635,3288,37,7954,6518,6401,6045,5902,208,356,117,62,47,15,55,1436,1264,857,572,172,-888888888,-888888888,-888888888,-888888888,-888888888,-888888888,-888888888,-888888888,-888888888,-888888888,-888888888,-888888888,-888888888,-888888888,-888888888,-888888888,-888888888,-888888888,-888888888
2019,Ripley County; Missouri,10752,5533,5529,5210,319,4,5219,5529,-888888888,5491,2631,2631,2487,877,503,1934,1295,5080,3991,567,0,42,76,404,26.5,5210,1360,1072,977,589,1212,5210,161,360,908,29,181,46,778,288,54,157,302,1437,253,227,239,5210,4001,630,576,3,5059,499,457,877,698,736,921,436,376,40,19,34971,46280,3294,48078,2401,17828,1032,16623,497,10126,134,1738,1007,3379,189,176,513,371,627,769,330,348,37,19,43393,54972,18119,1680,17810,25528,20856,32712,27207,13515,11559,6295,7115,1956,3240,168,7527,5081,4795,3549,3072,563,1246,286,141,41,100,145,2446,2049,595,1679,397,-888888888,-888888888,-888888888,-888888888,-888888888,-888888888,-888888888,-888888888,-888888888,-888888888,-888888888,-888888888,-888888888,-888888888,-888888888,-888888888,-888888888,-888888888,-888888888
2019,Warren County; Missouri,27076,16686,16686,15937,749,0,10390,16686,-888888888,13665,7482,7482,7154,2630,1832,5016,3868,15657,13599,1327,30,77,251,373,30.7,15937,4331,2488,3614,2537,2967,15937,197,1796,2675,29,219,410,2062,801,239,1024,1301,2858,1335,783,456,15937,13971,1302,616,48,12654,726,258,973,1275,2228,2387,1557,2046,591,613,60125,76704,9644,76182,4456,20202,2965,25150,1023,10479,226,3829,1326,9396,448,151,545,681,1473,1869,1262,1817,557,593,68807,86945,28641,3258,38049,43406,33705,46807,40541,34267,31790,24184,12384,2477,8617,289,19647,15169,14502,13023,12566,771,1479,667,508,393,117,159,4478,3928,2645,1709,550,-888888888,-888888888,-888888888,-888888888,-888888888,-888888888,-888888888,-888888888,-888888888,-888888888,-888888888,-888888888,-888888888,-888888888,-888888888,-888888888,-888888888,-888888888,-888888888
2019,Washington County; Missouri,20087,9800,9800,9080,720,0,10287,9800,-888888888,9711,4684,4684,4299,1537,808,3599,2349,8819,7182,891,29,188,149,380,32.4,9080,2330,1811,1727,1225,1987,9080,261,827,1285,29,221,103,1161,545,104,348,727,2299,619,376,425,9080,7199,1420,364,97,9231,781,765,1516,950,1334,1829,988,759,160,149,41483,54810,6082,55520,3598,17388,2625,15660,1163,8621,255,3396,1919,6593,355,441,910,675,919,1437,870,775,102,109,49921,61021,20581,2638,22199,34674,26629,43016,31038,23758,20815,13072,10518,2943,5934,192,13956,9048,8381,6871,6400,686,1510,667,348,196,165,319,4908,3986,1687,2814,922,-888888888,-888888888,-888888888,-888888888,-888888888,-888888888,-888888888,-888888888,-888888888,-888888888,-888888888,-888888888,-888888888,-888888888,-888888888,-888888888,-888888888,-888888888,-888888888
2019,Christian County; Missouri,66267,42443,42427,40970,1457,16,23824,42427,-888888888,34325,20296,20296,19642,6272,4271,14479,10301,40291,34300,3319,7,380,444,1841,25.8,40970,14781,7185,10132,3682,5190,40970,497,3089,3051,29,043,1300,5888,2239,546,2862,3090,10638,3737,2655,1378,40970,33961,4670,2258,81,31645,1306,1191,2898,3213,4551,6519,4848,4493,1497,1129,60645,74065,24298,74793,10043,20346,6877,26360,1462,11325,591,1614,2706,22797,641,472,1052,2119,3027,4897,4116,4051,1361,1061,70516,84974,28216,8848,33393,42383,32121,48225,36037,85212,78154,61655,26664,7058,22967,958,49388,38788,37528,33539,32048,2491,3989,1260,827,569,305,433,10600,8925,6062,3833,1675,-888888888,-888888888,-888888888,-888888888,-888888888,-888888888,-888888888,-888888888,-888888888,-888888888,-888888888,-888888888,-888888888,-888888888,-888888888,-888888888,-888888888,-888888888,-888888888
2019,DeKalb County; Missouri,10681,4485,4485,4387,98,0,6196,4485,-888888888,3773,1964,1964,1900,637,372,1423,1049,4305,3507,342,1,135,45,275,24.2,4387,1312,757,794,595,929,4387,199,309,746,29,063,108,432,294,42,307,199,973,235,255,288,4387,3224,819,342,2,3807,128,295,458,472,420,821,555,516,94,48,55918,63023,2854,61773,1576,18885,907,18263,171,10082,106,1738,303,2419,70,28,166,254,260,586,527,392,90,46,70559,75264,20125,1388,27315,38733,32136,47367,35572,9190,8508,6794,3227,682,2177,102,5190,4075,3991,3637,3387,374,354,84,52,44,39,32,1115,921,567,449,194,-888888888,-888888888,-888888888,-888888888,-888888888,-888888888,-888888888,-888888888,-888888888,-888888888,-888888888,-888888888,-888888888,-888888888,-888888888,-888888888,-888888888,-888888888,-888888888
2019,Harrison County; Missouri,6635,3791,3790,3637,153,1,2844,3790,-888888888,3368,1803,1803,1750,668,414,1330,975,3591,2750,383,5,126,128,199,23.3,3637,1168,541,780,490,658,3637,266,340,336,29,081,99,451,163,73,113,96,1140,216,117,227,3637,2618,629,365,25,3429,201,248,601,434,467,664,480,259,55,20,42917,52317,2394,53256,1403,17405,754,16403,210,10877,204,3908,426,2238,83,60,282,281,331,514,385,234,48,20,53491,61749,22032,1191,22524,32468,26844,41563,30123,8306,7277,5443,3394,1029,2125,319,4407,3407,3265,2899,2686,327,366,142,77,14,63,65,1000,721,434,433,279,-888888888,-888888888,-888888888,-888888888,-888888888,-888888888,-888888888,-888888888,-888888888,-888888888,-888888888,-888888888,-888888888,-888888888,-888888888,-888888888,-888888888,-888888888,-888888888
2019,Lafayette County; Missouri,26136,15985,15951,15503,448,34,10151,15951,-888888888,13308,7476,7476,7322,2210,1321,4866,3701,15262,12359,1698,1,239,149,816,27.7,15503,4451,2544,3323,2546,2639,15503,424,1697,1840,29,107,290,1850,1196,264,964,1057,3556,1012,738,615,15503,12605,1796,1073,29,13050,622,650,1246,1305,1781,2424,1986,1958,656,422,58766,72876,9794,70790,5122,19518,3190,22623,642,9727,249,2358,1513,8940,265,325,472,823,1090,1718,1644,1704,541,358,69940,82964,29565,4110,31292,45791,32165,47667,36168,32102,29361,22813,11381,2741,7723,329,18585,14373,13945,12283,11808,799,1662,428,334,205,146,94,4212,3600,2161,1905,612,-888888888,-888888888,-888888888,-888888888,-888888888,-888888888,-888888888,-888888888,-888888888,-888888888,-888888888,-888888888,-888888888,-888888888,-888888888,-888888888,-888888888,-888888888,-888888888
2019,Adair County; Missouri,21202,11325,11289,10651,638,36,9877,11289,-888888888,11156,5587,5581,5307,1544,850,2914,2398,10552,8203,1308,26,345,124,546,16.8,10651,3909,1833,2331,1086,1492,10651,273,693,899,29,001,248,1291,242,235,287,834,3861,865,517,406,10651,8087,1872,671,21,9258,1264,747,1225,886,1258,1412,944,992,350,180,41929,59203,6611,60169,2775,18024,1656,26761,440,10870,170,3406,866,5004,144,133,464,339,796,1115,766,832,279,136,63038,79532,22847,4254,20058,34225,21224,43732,32777,25075,23100,18754,6994,1975,5647,288,15920,10098,9574,8516,8214,501,1058,524,337,251,87,187,5822,5391,4405,1255,431,-888888888,-888888888,-888888888,-888888888,-888888888,-888888888,-888888888,-888888888,-888888888,-888888888,-888888888,-888888888,-888888888,-888888888,-888888888,-888888888,-888888888,-888888888,-888888888
2019,Scotland County; Missouri,3631,2085,2085,2010,75,0,1546,2085,-888888888,1886,777,777,735,459,88,936,417,2002,1394,191,0,26,20,371,19.8,2010,730,213,356,414,297,2010,346,195,297,29,199,74,143,118,23,111,77,390,59,87,90,2010,1445,232,300,33,1768,113,137,228,173,231,409,168,110,111,88,50085,73096,1357,68497,593,17636,300,26664,55,8511,23,1635,131,1187,48,12,83,133,161,360,119,79,111,81,62457,90659,27706,581,19453,34488,30870,41449,29680,4813,3201,2408,1426,1612,1470,695,2526,1793,1742,1175,1107,94,567,51,30,30,0,21,733,432,328,119,301,-888888888,-888888888,-888888888,-888888888,-888888888,-888888888,-888888888,-888888888,-888888888,-888888888,-888888888,-888888888,-888888888,-888888888,-888888888,-888888888,-888888888,-888888888,-888888888
2019,Sullivan County; Missouri,4986,2752,2746,2691,55,6,2234,2746,-888888888,2551,1305,1305,1283,455,264,871,676,2680,1772,649,0,32,40,187,16.9,2691,726,357,420,376,812,2691,330,121,631,29,211,51,263,95,53,91,141,589,102,110,114,2691,2004,392,287,8,2128,114,124,287,286,330,448,260,190,75,14,46481,57896,1504,61711,798,17991,416,15944,99,9227,35,3209,217,1334,18,33,154,166,221,327,162,169,70,14,53944,68848,22370,794,26415,35053,30559,41563,35667,6048,5317,3901,2170,731,1449,81,3466,2509,2466,2179,2026,194,287,43,24,13,11,19,957,676,312,404,281,-888888888,-888888888,-888888888,-888888888,-888888888,-888888888,-888888888,-888888888,-888888888,-888888888,-888888888,-888888888,-888888888,-888888888,-888888888,-888888888,-888888888,-888888888,-888888888
2019,Clark County; Missouri,5379,3266,3242,3132,110,24,2113,3242,-888888888,2676,1451,1427,1395,485,356,949,697,3122,2432,288,1,135,77,189,25.9,3132,800,443,555,396,938,3132,225,238,710,29,045,40,460,274,48,76,101,554,157,128,121,3132,2480,359,289,4,2657,197,125,340,355,339,564,318,284,78,57,48909,65020,1949,67728,1055,18967,544,15399,133,7980,13,1008,202,1750,39,12,143,220,218,489,235,264,73,57,61212,81046,26490,907,23309,32064,27128,42716,31000,6674,5736,4171,2385,938,1595,245,3741,2902,2799,2382,2263,174,417,103,71,64,7,32,839,640,384,281,199,-888888888,-888888888,-888888888,-888888888,-888888888,-888888888,-888888888,-888888888,-888888888,-888888888,-888888888,-888888888,-888888888,-888888888,-888888888,-888888888,-888888888,-888888888,-888888888
2019,Jasper County; Missouri,93165,59580,59531,56376,3155,49,33585,59531,-888888888,48073,28260,28260,26973,9390,6044,18371,13092,55485,45999,5806,189,896,721,1874,17.9,56376,17503,10121,12913,5012,10827,56376,672,3237,10171,29,097,1336,7070,3452,935,2244,4059,12480,5661,3591,1468,56376,47849,5538,2818,171,45759,3082,2562,5153,5286,7718,9105,5872,4593,1224,1164,48357,62468,35230,63464,14860,18683,7880,19616,2561,8880,701,3717,6210,30154,1460,881,2365,2992,5069,6444,4743,4032,1127,1041,57966,73203,24484,15605,29799,37858,28381,43228,34415,119041,103396,75943,40650,15645,31429,2042,69790,54247,51612,42674,40490,3309,8938,2635,1379,879,577,1256,15543,12290,6443,6679,3253,-888888888,-888888888,-888888888,-888888888,-888888888,-888888888,-888888888,-888888888,-888888888,-888888888,-888888888,-888888888,-888888888,-888888888,-888888888,-888888888,-888888888,-888888888,-888888888
2019,Lewis County; Missouri,7959,4496,4496,4372,124,0,3463,4496,-888888888,3989,2091,2091,2016,629,371,1490,1081,4291,3296,352,13,207,63,360,24.4,4372,956,843,922,505,1146,4372,147,268,695,29,111,157,486,449,19,225,208,1131,232,179,176,4372,3483,475,392,22,3752,299,217,450,478,570,680,507,360,136,55,45988,57940,2637,63159,1405,17257,860,14675,221,8724,45,5882,352,2503,91,53,162,337,386,563,413,311,132,55,57118,70227,22739,1249,22886,30089,28386,46186,37431,9763,8809,6873,3105,954,2531,245,5544,4095,3977,3550,3440,179,427,118,80,60,20,38,1449,1216,758,570,233,-888888888,-888888888,-888888888,-888888888,-888888888,-888888888,-888888888,-888888888,-888888888,-888888888,-888888888,-888888888,-888888888,-888888888,-888888888,-888888888,-888888888,-888888888,-888888888
2019,McDonald County; Missouri,17569,9815,9797,9381,416,18,7754,9797,-888888888,8750,4282,4282,4135,1761,799,3374,2143,9287,7380,1191,5,93,141,477,25.0,9381,2049,1679,1778,1218,2657,9381,474,802,2152,29,119,154,1652,495,172,292,482,1457,591,394,264,9381,7791,770,758,62,8259,517,573,1208,1076,1354,1684,703,820,192,132,41643,54657,5971,56845,3057,18063,1292,22923,423,10120,70,2519,1124,6264,326,275,700,826,1116,1485,607,655,171,103,47400,58456,20468,1995,24016,38605,27050,37151,30555,22611,18373,11219,9119,4238,6141,710,13079,8932,8533,6420,6089,456,2113,399,224,131,93,175,4147,2947,1358,1722,1200,-888888888,-888888888,-888888888,-888888888,-888888888,-888888888,-888888888,-888888888,-888888888,-888888888,-888888888,-888888888,-888888888,-888888888,-888888888,-888888888,-888888888,-888888888,-888888888
2019,Perry County; Missouri,15209,9843,9781,9395,386,62,5366,9781,-888888888,7773,4712,4712,4590,1319,1032,3035,2106,9318,7894,1031,20,78,41,254,22.3,9395,2850,1381,1742,1048,2374,9395,507,654,2331,29,157,219,902,503,59,525,448,2169,420,423,235,9395,8053,826,504,12,7576,269,395,832,806,958,1783,1157,1044,170,162,55863,66451,5709,69335,2810,19308,1417,19430,322,10871,104,2041,753,5327,165,73,343,465,706,1278,1025,955,160,157,67146,77260,26609,2249,29237,38076,31491,48427,31912,18857,17661,14315,5945,1196,4766,201,10828,8915,8592,7985,7613,605,607,323,179,128,51,144,1913,1675,1008,817,238,-888888888,-888888888,-888888888,-888888888,-888888888,-888888888,-888888888,-888888888,-888888888,-888888888,-888888888,-888888888,-888888888,-888888888,-888888888,-888888888,-888888888,-888888888,-888888888
2019,Polk County; Missouri,25286,14937,14909,14345,564,28,10349,14909,-888888888,13035,7401,7401,7091,2136,1387,4537,3563,14207,11040,1508,11,564,100,984,24.6,14345,4979,2544,2818,1701,2303,14345,687,1163,1798,29,167,463,1725,718,205,404,985,3991,1066,710,430,14345,11157,1647,1400,141,11712,726,675,1572,1471,1885,2352,1236,1263,254,278,45660,60004,8665,59306,4445,19062,2825,18897,718,9523,250,1957,1625,8187,386,243,949,903,1426,1606,1082,1117,216,259,52507,68706,22773,3525,27586,36415,23124,41043,30391,31294,27121,18947,12126,4173,7791,733,18070,13480,12986,10871,10080,1199,2115,494,283,223,66,211,4590,3525,1771,2043,1065,-888888888,-888888888,-888888888,-888888888,-888888888,-888888888,-888888888,-888888888,-888888888,-888888888,-888888888,-888888888,-888888888,-888888888,-888888888,-888888888,-888888888,-888888888,-888888888
2019,Ray County; Missouri,18291,11367,11362,10953,409,5,6924,11362,-888888888,9299,5229,5229,5089,1472,1002,3465,2623,10735,9134,984,57,129,56,375,29.6,10953,2722,1991,2029,1316,2895,10953,394,795,2035,29,177,245,1097,911,111,448,723,2379,658,574,583,10953,8977,1265,711,0,8868,480,430,672,889,1028,1749,1408,1587,455,170,61957,74020,6888,72358,3179,20757,2274,22879,608,12261,199,2651,787,6272,99,182,240,438,676,1424,1198,1454,425,136,76799,84937,29524,2596,28816,43301,32784,53125,34845,22621,20296,17204,6617,2325,5476,395,13235,10184,9839,8698,8378,648,1141,345,239,212,27,106,3051,2438,1785,955,613,-888888888,-888888888,-888888888,-888888888,-888888888,-888888888,-888888888,-888888888,-888888888,-888888888,-888888888,-888888888,-888888888,-888888888,-888888888,-888888888,-888888888,-888888888,-888888888
2019,Mercer County; Missouri,2851,1721,1719,1676,43,2,1130,1719,-888888888,1445,790,790,781,287,239,530,412,1673,1275,141,0,79,31,147,23.5,1676,602,215,262,224,373,1676,378,80,236,29,129,9,210,67,47,52,70,291,99,36,101,1676,1101,290,283,2,1271,109,101,146,138,172,246,175,147,23,14,47298,57579,827,63694,533,19380,288,18024,89,8062,24,1867,70,782,21,13,55,70,128,180,143,140,18,14,65648,73234,23042,489,22554,32097,28980,35833,37966,3584,3012,2453,1076,572,939,160,1914,1533,1494,1238,1217,51,256,39,9,8,1,30,381,269,165,150,112,-888888888,-888888888,-888888888,-888888888,-888888888,-888888888,-888888888,-888888888,-888888888,-888888888,-888888888,-888888888,-888888888,-888888888,-888888888,-888888888,-888888888,-888888888,-888888888
2019,Wright County; Missouri,14046,7173,7163,6629,534,10,6873,7163,-888888888,7255,3407,3405,3188,1344,510,2932,1601,6554,5203,591,0,317,125,318,27.2,6629,1426,1447,1294,891,1571,6629,532,374,1061,29,229,207,754,606,97,119,188,1579,361,541,210,6629,4755,793,1045,36,7063,882,311,1404,957,1251,1070,565,400,52,171,34776,48932,4536,51430,3104,16578,1220,23120,707,9163,351,2662,1671,4749,386,83,768,640,1008,835,533,363,43,90,42734,55060,19850,2314,22500,33234,21743,32217,25387,18017,14582,8950,8314,3435,4825,981,9777,6632,6150,4884,4405,699,1266,482,149,94,69,333,3145,2310,1016,1683,835,-888888888,-888888888,-888888888,-888888888,-888888888,-888888888,-888888888,-888888888,-888888888,-888888888,-888888888,-888888888,-888888888,-888888888,-888888888,-888888888,-888888888,-888888888,-888888888
2019,Clay County; Missouri,190381,133606,133349,128142,5207,257,56775,133349,-888888888,97919,64263,64237,61761,17915,12960,38143,29909,126064,104841,11089,510,1629,1162,6833,23.3,128142,48935,20132,30055,9436,19584,128142,896,6187,13952,29,047,4192,14452,9281,2002,10282,15080,28083,11752,5738,6245,128142,107159,15158,5525,300,91238,2804,2489,6524,7542,11797,17299,13898,16887,6925,5073,70510,88212,75112,87155,26539,20587,18833,25285,3531,10180,1089,2589,6269,60781,1423,404,3039,3798,5935,11258,10622,13639,6161,4502,85622,101875,34560,30457,43126,56784,38721,54985,44768,240958,222835,190030,61002,18123,61797,2148,146347,122235,117740,106577,103388,5710,11163,4495,2997,2384,740,1498,24112,20848,14799,8253,3264,-888888888,-888888888,-888888888,-888888888,-888888888,-888888888,-888888888,-888888888,-888888888,-888888888,-888888888,-888888888,-888888888,-888888888,-888888888,-888888888,-888888888,-888888888,-888888888
2019,Dent County; Missouri,12438,6740,6740,6378,362,0,5698,6740,-888888888,6278,3029,3029,2936,1086,775,2139,1450,6257,5222,632,17,95,56,235,25.0,6378,1931,1363,1022,776,1286,6378,380,347,762,29,065,207,921,144,182,205,265,2015,413,314,223,6378,5065,860,436,17,6371,756,377,770,830,996,1061,838,533,82,128,42100,54579,4168,58253,2640,17687,1736,17344,644,9271,141,2694,1090,4119,284,68,387,484,700,841,700,485,82,88,53522,63808,22711,2252,20692,35344,28694,38634,31334,15373,13133,8744,6787,2240,3682,313,8458,6066,5735,4595,4295,455,1140,331,176,76,105,155,2392,1795,766,1186,597,-888888888,-888888888,-888888888,-888888888,-888888888,-888888888,-888888888,-888888888,-888888888,-888888888,-888888888,-888888888,-888888888,-888888888,-888888888,-888888888,-888888888,-888888888,-888888888
2019,Saline County; Missouri,18279,10814,10813,10449,364,1,7465,10813,-888888888,9070,5105,5105,4894,1766,1285,3124,2588,10300,8033,1291,7,261,143,565,18.2,10449,3356,1859,1912,1061,2261,10449,665,753,1685,29,195,133,1228,607,74,263,571,2952,638,431,449,10449,8248,1462,714,25,8272,559,440,1062,1131,1338,1728,949,707,202,156,44720,58691,6074,60194,3062,18425,1890,18903,599,9163,214,2347,1021,5182,114,86,464,633,792,1447,757,594,174,121,57327,70922,22942,3090,26895,35678,26951,37216,31188,22525,20578,15817,8205,1947,5598,166,12996,9828,9490,8557,8116,682,933,338,103,62,46,235,3168,2649,1495,1430,519,-888888888,-888888888,-888888888,-888888888,-888888888,-888888888,-888888888,-888888888,-888888888,-888888888,-888888888,-888888888,-888888888,-888888888,-888888888,-888888888,-888888888,-888888888,-888888888
2019,Worth County; Missouri,1661,945,942,907,35,3,716,942,-888888888,860,424,424,414,130,102,254,161,894,678,85,4,52,12,63,34.5,907,278,168,175,156,130,907,114,94,96,29,227,32,76,39,0,30,13,209,81,72,51,907,617,179,111,0,859,86,42,85,95,85,223,95,119,15,14,53580,59673,572,60533,367,18229,196,20240,50,13818,28,3821,72,593,35,0,24,64,65,180,89,109,13,14,61277,71873,26137,266,22115,30783,28073,43464,31406,1983,1865,1465,771,118,426,7,1095,862,830,763,733,48,67,32,22,14,8,10,233,199,128,89,34,-888888888,-888888888,-888888888,-888888888,-888888888,-888888888,-888888888,-888888888,-888888888,-888888888,-888888888,-888888888,-888888888,-888888888,-888888888,-888888888,-888888888,-888888888,-888888888
2019,Grundy County; Missouri,7928,4563,4563,4413,150,0,3365,4563,-888888888,4072,2104,2104,2041,815,499,1400,924,4375,3293,294,60,256,116,356,16.5,4413,1372,869,726,517,929,4413,359,334,680,29,079,98,491,209,59,134,207,902,467,187,286,4413,3362,646,358,47,3936,260,309,586,408,563,679,642,337,93,59,45594,57506,2745,62107,1675,17221,779,16131,326,10338,196,2493,487,2390,98,83,214,204,344,490,505,308,86,58,63929,71892,23497,1546,25000,32677,30090,42238,32193,9826,8078,5851,3825,1748,2521,526,5261,4061,3911,3108,2910,336,803,150,104,53,51,46,1200,843,472,458,357,-888888888,-888888888,-888888888,-888888888,-888888888,-888888888,-888888888,-888888888,-888888888,-888888888,-888888888,-888888888,-888888888,-888888888,-888888888,-888888888,-888888888,-888888888,-888888888
2019,Morgan County; Missouri,16169,7733,7713,7397,316,20,8436,7713,-888888888,8309,3601,3601,3432,1458,554,2956,1581,7365,5275,1035,30,231,227,567,25.6,7397,1699,1235,1821,874,1768,7397,349,642,1234,29,141,86,1060,449,42,403,468,1348,438,381,497,7397,5434,1008,919,36,7588,820,547,1094,1049,1046,1271,797,764,97,103,39003,54011,4647,54649,3410,17852,1724,23097,549,9468,241,2087,1041,4929,425,145,500,690,737,1025,665,593,97,52,49511,62927,21316,2659,22696,36407,25238,38069,27840,19893,15733,10082,8477,4160,4893,1204,10451,6748,6467,4884,4515,541,1583,281,51,39,12,230,3703,2766,1287,1663,937,-888888888,-888888888,-888888888,-888888888,-888888888,-888888888,-888888888,-888888888,-888888888,-888888888,-888888888,-888888888,-888888888,-888888888,-888888888,-888888888,-888888888,-888888888,-888888888
2019,Reynolds County; Missouri,5245,2751,2751,2601,150,0,2494,2751,-888888888,2556,1236,1236,1185,293,176,797,526,2521,2016,242,4,97,69,93,24.1,2601,633,532,343,437,656,2601,384,169,456,29,179,13,250,100,25,66,119,608,99,180,132,2601,1855,534,212,0,2596,225,219,375,330,441,414,238,241,84,29,40324,53030,1672,55729,1137,16657,850,15044,238,11236,67,3037,472,1804,57,134,174,219,309,357,213,245,67,29,50776,63561,22720,792,19506,24280,25659,44758,28140,6130,5439,3339,2808,691,1293,32,3472,2458,2326,1865,1722,165,461,132,52,35,17,80,1014,896,394,581,118,-888888888,-888888888,-888888888,-888888888,-888888888,-888888888,-888888888,-888888888,-888888888,-888888888,-888888888,-888888888,-888888888,-888888888,-888888888,-888888888,-888888888,-888888888,-888888888
2019,St. Louis County; Missouri,802898,524234,523921,499482,24439,313,278664,523921,-888888888,428763,260753,260692,249166,66562,49807,142837,111426,490886,406219,33328,11222,6933,5543,27641,24.4,499482,226153,77502,117859,26262,51706,499482,2279,22587,49672,29,189,15821,52950,22835,11578,48250,63456,129424,44418,22597,13615,499482,432857,43255,22433,937,405984,19323,11755,32863,35115,50387,71900,51030,62770,29875,40966,67420,100230,316860,100748,130330,20980,90451,26760,17781,10524,5206,2581,33667,259104,6304,4817,11954,16503,25783,43584,35599,51738,25850,36972,88604,122978,41426,146880,40561,57533,38825,61988,46718,984954,924714,760513,278697,60240,232980,7201,583250,474780,454077,421054,407137,22267,33023,20703,13495,9949,3932,7208,108470,96420,70661,32833,12050,-888888888,-888888888,-888888888,-888888888,-888888888,-888888888,-888888888,-888888888,-888888888,-888888888,-888888888,-888888888,-888888888,-888888888,-888888888,-888888888,-888888888,-888888888,-888888888
2019,Stone County; Missouri,27111,13208,13205,12358,847,3,13903,13205,-888888888,13893,6248,6248,5753,1438,744,3425,2080,12043,9244,1512,4,223,142,918,29.6,12358,3331,2372,2964,1966,1725,12358,373,1336,831,29,209,276,1661,804,151,722,954,2092,2251,561,346,12358,9714,1245,1357,42,12783,537,785,1572,1372,2165,2830,1088,1511,546,377,49656,68776,8087,64341,6681,21709,3921,26470,787,10461,147,1805,1142,9097,199,231,750,898,1614,2383,990,1233,482,317,56921,76727,29026,3686,26496,46589,25615,38345,32032,31240,28379,20563,14324,2861,5475,398,16388,11480,10785,9143,8840,706,1642,695,458,414,67,237,4908,4324,2660,2040,584,-888888888,-888888888,-888888888,-888888888,-888888888,-888888888,-888888888,-888888888,-888888888,-888888888,-888888888,-888888888,-888888888,-888888888,-888888888,-888888888,-888888888,-888888888,-888888888
2019,Barry County; Missouri,28517,15409,15383,14677,706,26,13108,15383,-888888888,14535,6943,6943,6452,2240,1119,5046,3427,14485,11430,1526,27,346,194,962,22.7,14677,4107,2439,2561,1848,3722,14677,835,1220,3289,29,009,333,1625,817,285,559,949,2429,1382,529,425,14677,12290,1149,1234,4,13645,892,854,1859,1602,2223,2739,1309,1441,290,436,44403,64139,9507,63053,5790,19415,3053,20828,755,10165,256,2038,1920,9779,409,363,935,1158,1529,2391,1134,1249,272,339,53941,72107,25068,3866,23898,38403,27813,40182,31439,35209,30172,20475,14585,5037,8497,1056,19728,13877,13311,11060,10496,909,2251,566,318,150,196,248,5851,4369,2212,2535,1482,-888888888,-888888888,-888888888,-888888888,-888888888,-888888888,-888888888,-888888888,-888888888,-888888888,-888888888,-888888888,-888888888,-888888888,-888888888,-888888888,-888888888,-888888888,-888888888
2019,Boone County; Missouri,145550,97836,97653,93541,4112,183,47714,97653,-888888888,75704,49515,49487,47302,11746,8918,22277,17532,91920,72551,9796,869,3212,1508,3984,18.3,93541,42753,16093,20159,6344,8192,93541,948,4672,5316,29,019,2115,10334,3726,1878,7861,7197,31882,10041,3573,3998,93541,69281,19560,4530,170,70619,5643,2986,6916,7115,9689,12077,8805,10190,3582,3616,55328,75435,58510,73857,16614,19593,11866,27028,2508,10607,1158,2598,6132,40427,1213,974,2263,2982,4827,7039,6476,8353,3042,3258,78103,96324,30415,30192,32787,45136,29911,47986,40499,176323,164036,141972,40157,12287,39989,1638,115936,91019,87100,79688,77685,3680,7412,3919,2951,2465,625,968,24917,22678,18411,5538,2239,-888888888,-888888888,-888888888,-888888888,-888888888,-888888888,-888888888,-888888888,-888888888,-888888888,-888888888,-888888888,-888888888,-888888888,-888888888,-888888888,-888888888,-888888888,-888888888
2019,Cole County; Missouri,61274,39052,38992,37598,1394,60,22222,38992,-888888888,30323,19136,19120,18403,5526,4446,10969,9430,37322,32182,3141,169,524,454,852,18.1,37598,14880,5947,8525,3054,5192,37598,379,1954,3249,29,051,857,4276,1931,937,2258,3280,7597,2310,1719,6851,37598,26140,9745,1692,21,30154,1699,972,2711,2314,4253,6490,4215,5002,1572,926,60066,75636,23438,73085,9513,19883,7482,28213,1074,8845,235,2891,2451,18869,580,485,930,808,2050,4098,3388,4262,1427,841,77934,90798,30422,11285,36586,47665,34672,47553,39582,72637,66652,56192,20281,5985,18422,834,42424,35375,34223,30790,29904,1592,3433,1152,532,439,97,620,7049,6002,4072,2469,1047,-888888888,-888888888,-888888888,-888888888,-888888888,-888888888,-888888888,-888888888,-888888888,-888888888,-888888888,-888888888,-888888888,-888888888,-888888888,-888888888,-888888888,-888888888,-888888888
2019,Crawford County; Missouri,19168,10561,10549,9530,1019,12,8607,10549,-888888888,9803,5089,5089,4442,1622,929,3397,2189,9363,7520,1241,32,113,62,395,27.1,9530,2508,2123,1778,1161,1960,9530,238,727,1794,29,055,132,1259,425,68,321,699,1948,1131,428,360,9530,7727,1171,590,42,9578,905,716,1235,1186,1494,1873,909,878,252,130,44438,54332,6388,56870,4204,18991,2176,17228,742,9293,237,1555,1437,6192,259,263,667,684,1071,1433,798,750,164,103,53100,63616,22220,3386,22617,35596,27397,41569,32220,23814,19891,12907,9798,3923,5763,658,13617,9512,8542,6766,6495,487,1776,970,320,86,234,650,4105,3271,1382,2178,834,-888888888,-888888888,-888888888,-888888888,-888888888,-888888888,-888888888,-888888888,-888888888,-888888888,-888888888,-888888888,-888888888,-888888888,-888888888,-888888888,-888888888,-888888888,-888888888
2019,Iron County; Missouri,8298,4088,4088,3826,262,0,4210,4088,-888888888,4287,1915,1915,1826,561,339,1327,804,3753,3038,500,10,59,31,115,29.7,3826,779,972,836,561,678,3826,307,332,386,29,093,84,369,209,42,115,325,1047,269,151,190,3826,2800,701,325,0,4074,508,257,512,572,623,789,381,308,73,51,37435,51670,2643,49575,1671,19200,1290,16860,418,10196,124,1877,753,2710,239,98,259,302,491,638,320,272,57,34,48482,57347,21499,1364,23134,37785,22467,41402,29746,9831,8718,5343,4784,1113,2165,60,5671,3664,3402,2759,2524,367,643,262,101,30,71,161,2007,1767,770,1184,240,-888888888,-888888888,-888888888,-888888888,-888888888,-888888888,-888888888,-888888888,-888888888,-888888888,-888888888,-888888888,-888888888,-888888888,-888888888,-888888888,-888888888,-888888888,-888888888
2019,Livingston County; Missouri,12113,6627,6579,6455,124,48,5486,6579,-888888888,6907,3241,3241,3199,1022,726,2019,1685,6432,5259,589,29,135,104,316,17.6,6455,2143,1321,1325,625,1041,6455,300,328,695,29,117,194,880,356,110,217,293,1650,481,325,626,6455,4681,1266,494,14,5915,356,389,783,749,835,1217,714,655,111,106,46992,59092,4290,61955,2087,18077,1102,18493,368,9801,63,1159,727,3843,250,140,311,275,565,831,675,589,112,95,60491,70163,23587,2072,26524,35905,30663,45428,31647,13840,12309,9114,5272,1531,3485,234,7570,5965,5851,4974,4764,320,877,114,73,53,32,41,1605,1256,569,780,349,-888888888,-888888888,-888888888,-888888888,-888888888,-888888888,-888888888,-888888888,-888888888,-888888888,-888888888,-888888888,-888888888,-888888888,-888888888,-888888888,-888888888,-888888888,-888888888
2019,Moniteau County; Missouri,12525,7265,7254,6944,310,11,5260,7254,-888888888,5737,3489,3483,3379,1266,766,2593,1999,6924,5381,921,21,46,212,343,27.2,6944,2325,906,1529,956,1228,6944,370,749,806,29,135,214,846,343,87,413,317,1300,341,251,907,6944,4674,1564,677,29,5436,327,271,483,605,682,1055,954,734,239,86,58010,67975,4115,69420,1889,18475,1199,20445,219,9232,57,3575,382,3833,109,54,282,268,488,881,767,720,190,74,70720,77168,24224,1603,29365,43287,32267,44699,33261,14681,12500,10092,4007,2181,4165,711,8173,6587,6336,5327,5217,180,1009,251,156,122,34,95,1586,1239,833,551,347,-888888888,-888888888,-888888888,-888888888,-888888888,-888888888,-888888888,-888888888,-888888888,-888888888,-888888888,-888888888,-888888888,-888888888,-888888888,-888888888,-888888888,-888888888,-888888888
2019,Pemiscot County; Missouri,12787,6403,6403,5898,505,0,6384,6403,-888888888,6937,3276,3276,3030,1188,738,2509,1469,5755,4953,545,32,57,26,142,18.3,5898,1482,1344,1094,476,1502,5898,356,207,1279,29,155,97,541,280,2,302,150,1801,400,261,222,5898,4543,997,347,11,6730,827,569,1086,946,1085,859,551,494,202,111,33859,50700,4342,55318,2809,15594,1155,19593,1158,9890,270,2179,2139,4286,258,223,679,526,758,669,456,445,165,107,44313,62515,20646,2444,21084,28099,25389,44077,29569,16499,14376,7457,8581,2123,4582,200,9250,5935,5454,4349,4032,449,1105,481,173,99,74,308,3315,2811,793,2154,504,-888888888,-888888888,-888888888,-888888888,-888888888,-888888888,-888888888,-888888888,-888888888,-888888888,-888888888,-888888888,-888888888,-888888888,-888888888,-888888888,-888888888,-888888888,-888888888
2019,Pettis County; Missouri,33037,19987,19871,18681,1190,116,13050,19871,-888888888,16962,9314,9296,8629,3288,2095,6626,4639,18339,15300,1550,57,238,259,935,19.1,18681,5208,3369,3609,1853,4642,18681,467,1001,3923,29,159,376,2298,1170,233,815,1415,4220,1350,844,569,18681,14850,2005,1794,32,16033,946,884,2254,1825,2778,3105,1954,1598,397,292,46157,60159,11964,57441,5837,18404,3095,22621,926,10112,398,1924,2061,10566,413,355,1043,1016,1724,2336,1611,1475,353,240,56759,70048,23576,5467,26955,37424,26512,40201,31101,41748,35913,25898,15528,5835,11038,1029,24024,18254,17225,14416,13552,1236,2809,1029,481,208,301,548,5770,4415,2397,2695,1355,-888888888,-888888888,-888888888,-888888888,-888888888,-888888888,-888888888,-888888888,-888888888,-888888888,-888888888,-888888888,-888888888,-888888888,-888888888,-888888888,-888888888,-888888888,-888888888
2019,Shannon County; Missouri,6619,3161,3161,2968,193,0,3458,3161,-888888888,3432,1423,1423,1344,517,307,1122,673,2924,2166,370,41,33,21,293,25.3,2968,831,394,453,520,770,2968,320,291,572,29,203,58,221,133,11,86,172,674,255,50,125,2968,2027,422,459,60,3064,300,266,577,429,504,486,267,194,37,4,34265,43278,1807,47863,1379,17551,690,18163,288,8042,98,2154,622,2094,152,117,297,241,391,429,245,192,30,0,44600,50742,17387,970,18922,25848,21645,33837,24729,8154,6625,3584,4013,1529,1932,219,4542,2797,2644,1913,1716,212,731,153,39,9,30,114,1745,1285,429,947,460,-888888888,-888888888,-888888888,-888888888,-888888888,-888888888,-888888888,-888888888,-888888888,-888888888,-888888888,-888888888,-888888888,-888888888,-888888888,-888888888,-888888888,-888888888,-888888888
2019,Randolph County; Missouri,20046,10979,10958,10370,588,21,9067,10958,-888888888,9589,5635,5614,5417,1812,1414,3359,2644,10289,8856,876,37,127,101,292,21.5,10370,2886,1892,2561,916,2115,10370,90,658,1157,29,175,236,1723,904,90,728,506,2512,593,679,494,10370,7846,1707,799,18,8626,605,584,1095,1109,1099,1755,1068,989,192,130,47740,57461,6167,58627,3267,18512,1782,23252,635,8626,173,2830,1151,5667,184,167,422,704,762,1313,952,889,165,109,60625,68630,21240,2959,23118,33643,30608,42887,33118,22855,20661,15228,8859,2194,5800,289,13220,10022,9574,8402,7811,917,1172,448,256,189,74,192,3198,2680,1329,1622,518,-888888888,-888888888,-888888888,-888888888,-888888888,-888888888,-888888888,-888888888,-888888888,-888888888,-888888888,-888888888,-888888888,-888888888,-888888888,-888888888,-888888888,-888888888,-888888888
2019,Dunklin County; Missouri,23225,12493,12482,11630,852,11,10732,12482,-888888888,12334,6045,6045,5641,2208,1568,4566,3006,11375,8920,1556,34,314,172,379,21.3,11630,3258,2681,2165,1173,2353,11630,809,494,1675,29,069,260,1477,709,126,387,447,3428,732,559,527,11630,8989,1637,990,14,12342,1527,1175,1791,1503,1953,2037,954,942,197,263,36380,52761,8461,53827,4908,16497,2329,19475,1676,9639,309,2056,3413,7683,651,476,909,831,1393,1509,729,767,183,235,45334,63601,21801,4659,20555,31889,25806,41839,30477,29334,24752,14073,14088,4582,8159,617,16145,11108,10402,8070,7337,1111,2332,706,318,85,258,388,5037,3821,1265,2789,1216,-888888888,-888888888,-888888888,-888888888,-888888888,-888888888,-888888888,-888888888,-888888888,-888888888,-888888888,-888888888,-888888888,-888888888,-888888888,-888888888,-888888888,-888888888,-888888888
2019,Franklin County; Missouri,82328,52662,52622,50296,2326,40,29666,52622,-888888888,41774,24616,24616,23516,7150,5367,14942,11506,49622,41907,4555,87,782,314,1977,28.5,50296,15595,7879,9955,6581,10286,50296,889,5046,9930,29,071,1271,5894,2236,793,2634,3841,9668,4472,2125,1497,50296,43333,4238,2627,98,40943,1638,1608,4123,4057,6177,7800,6306,5780,1904,1550,57214,75479,30272,78381,14396,19997,9916,21358,2160,11292,667,2940,3898,28054,729,577,1517,2003,3854,6002,5336,4911,1755,1370,71130,87210,30278,12889,31921,45616,33321,49380,37311,102307,94147,73451,31419,8160,25102,1312,60182,48218,46237,41928,40430,2084,4309,1981,1182,809,427,799,11964,10227,6081,4977,1737,-888888888,-888888888,-888888888,-888888888,-888888888,-888888888,-888888888,-888888888,-888888888,-888888888,-888888888,-888888888,-888888888,-888888888,-888888888,-888888888,-888888888,-888888888,-888888888
2019,Howard County; Missouri,8103,4863,4863,4648,215,0,3240,4863,-888888888,4067,2401,2401,2305,741,620,1375,1135,4601,3566,459,0,151,96,329,26.0,4648,1709,937,776,501,725,4648,301,294,466,29,089,45,506,291,49,198,215,1596,347,202,138,4648,3399,797,449,3,3471,140,227,345,408,532,616,540,472,106,85,52700,64775,2572,62480,1404,17483,812,33992,155,9831,75,2404,382,2383,59,85,183,248,337,422,442,445,105,57,65152,73721,23753,1088,30266,41316,28660,41941,33093,9936,9165,7196,3423,771,2343,108,5819,4384,4200,3730,3543,321,470,184,143,74,98,41,1435,1288,776,563,147,-888888888,-888888888,-888888888,-888888888,-888888888,-888888888,-888888888,-888888888,-888888888,-888888888,-888888888,-888888888,-888888888,-888888888,-888888888,-888888888,-888888888,-888888888,-888888888
2019,Jackson County; Missouri,548796,366945,366526,350241,16285,419,181851,366526,-888888888,287151,180248,180201,172120,52656,37652,103977,79297,345353,288267,23506,6822,5756,3989,17013,23.7,350241,131110,60215,80576,28384,49956,350241,1347,23435,31335,29,095,9452,39810,20694,8194,27082,45637,77569,33057,16984,15645,350241,293047,39215,17434,545,286601,19351,13292,28872,28570,40467,52492,36781,39496,14843,12437,55134,74788,224637,76298,82349,19329,55293,24435,13670,10292,7465,2983,32467,166893,7123,4069,11402,12103,20843,32125,25567,30889,12331,10441,71546,90886,31480,119708,35878,49210,35357,50073,40499,689210,612048,477705,208211,77162,171890,11762,418903,338494,324116,281082,269286,18393,43034,14378,8530,5622,3125,5848,80409,64467,38818,31196,15942,-888888888,-888888888,-888888888,-888888888,-888888888,-888888888,-888888888,-888888888,-888888888,-888888888,-888888888,-888888888,-888888888,-888888888,-888888888,-888888888,-888888888,-888888888,-888888888
2019,Miller County; Missouri,19853,12028,12005,11415,590,23,7825,12005,-888888888,10113,5769,5769,5589,1746,1391,3743,3098,11166,8909,1616,12,207,71,351,27.0,11415,3265,2543,2518,1466,1623,11415,318,1454,1000,29,131,165,1767,418,188,675,628,2217,1183,434,968,11415,8373,2196,842,4,10111,587,526,1397,1138,1711,1985,1128,1037,255,347,47171,64090,7377,63881,3942,18616,2121,23652,615,8582,343,2336,1361,7035,191,189,829,764,992,1585,1022,912,248,303,59006,74791,25827,3076,28136,36745,29023,39503,31637,24836,22279,16219,9516,2557,6327,251,14023,10877,10348,8974,8328,984,1374,529,185,141,57,344,3146,2575,1498,1283,571,-888888888,-888888888,-888888888,-888888888,-888888888,-888888888,-888888888,-888888888,-888888888,-888888888,-888888888,-888888888,-888888888,-888888888,-888888888,-888888888,-888888888,-888888888,-888888888
2019,Putnam County; Missouri,3811,2113,2113,2060,53,0,1698,2113,-888888888,1931,987,987,966,376,202,706,350,2036,1515,372,0,24,14,111,24.9,2060,561,303,411,330,455,2060,221,230,312,29,171,53,205,146,8,92,101,438,115,32,107,2060,1513,283,264,0,1744,141,81,258,249,282,330,224,97,49,33,42849,56944,1188,54987,717,17997,439,15313,134,7782,34,3759,130,1061,61,42,111,127,146,242,181,76,45,30,55375,68259,24758,683,30045,37773,29657,34917,35792,4692,3956,2740,2064,736,1197,233,2436,1856,1804,1492,1411,118,312,52,31,6,25,21,580,410,199,226,170,-888888888,-888888888,-888888888,-888888888,-888888888,-888888888,-888888888,-888888888,-888888888,-888888888,-888888888,-888888888,-888888888,-888888888,-888888888,-888888888,-888888888,-888888888,-888888888
2019,Taney County; Missouri,44803,26561,26555,25289,1266,6,18242,26555,-888888888,23396,12815,12815,12280,3494,2332,7103,5639,24748,18475,3685,132,414,219,1823,22.7,25289,7688,5843,7240,1930,2588,25289,238,1574,1021,29,213,224,4248,843,451,1303,2697,4489,6487,993,721,25289,21353,2221,1667,48,22272,1204,1387,2761,2895,3761,4526,2782,2059,413,484,46031,58053,16221,54941,9143,19172,5052,24189,1208,9396,406,3448,3243,15236,335,601,1291,1670,2862,3485,2336,1839,392,425,53964,67236,23776,7036,25684,35054,23679,37084,30596,54668,46011,31959,22107,8657,12461,1251,30720,23435,22405,17214,16012,1623,5191,1030,584,387,210,446,7285,5543,3121,3008,1742,-888888888,-888888888,-888888888,-888888888,-888888888,-888888888,-888888888,-888888888,-888888888,-888888888,-888888888,-888888888,-888888888,-888888888,-888888888,-888888888,-888888888,-888888888,-888888888
2019,Buchanan County; Missouri,70761,43408,43341,41340,2001,67,27353,43341,-888888888,35020,20179,20166,19496,6438,4448,12320,8953,40706,33787,4363,250,622,624,1060,16.7,41340,12054,7328,8673,3610,9675,41340,439,2627,7802,29,021,883,4480,2507,607,2133,3014,9768,3764,1649,1667,41340,34377,5100,1832,31,33501,2084,2004,3662,4019,4485,6685,4536,4005,1044,977,51916,66099,25212,67824,11363,19067,7035,21567,2135,10212,928,2096,4369,20522,932,745,1472,1839,2913,4226,3266,3320,973,836,63626,79344,26347,12979,30886,40754,29980,45094,36955,85440,76656,57829,29793,8784,21090,951,50980,39688,37880,33067,31161,2824,4813,1808,827,580,256,981,11292,9262,4904,5343,2030,-888888888,-888888888,-888888888,-888888888,-888888888,-888888888,-888888888,-888888888,-888888888,-888888888,-888888888,-888888888,-888888888,-888888888,-888888888,-888888888,-888888888,-888888888,-888888888
2019,Caldwell County; Missouri,7146,3989,3982,3854,128,7,3157,3982,-888888888,3560,1824,1824,1786,545,326,1360,916,3775,3099,428,2,98,19,129,33.1,3854,1094,629,774,555,802,3854,164,325,568,29,025,133,566,285,20,168,126,866,140,188,305,3854,2891,651,308,4,3639,195,207,420,488,516,802,412,459,97,43,49839,59737,2594,61195,1491,19462,904,18210,243,13087,138,3412,334,2348,61,76,178,318,322,550,311,401,88,43,59514,70172,24581,1291,32396,38429,29675,46159,30696,8856,8022,6121,3310,834,2325,109,4852,3612,3489,3076,2898,260,413,123,74,68,24,49,1240,978,645,464,262,-888888888,-888888888,-888888888,-888888888,-888888888,-888888888,-888888888,-888888888,-888888888,-888888888,-888888888,-888888888,-888888888,-888888888,-888888888,-888888888,-888888888,-888888888,-888888888
2019,Hickory County; Missouri,8007,3402,3400,3183,217,2,4605,3400,-888888888,4076,1522,1522,1398,463,353,1089,567,3093,2524,260,0,35,127,147,31.4,3183,737,738,548,593,567,3183,228,393,157,29,085,95,422,236,47,80,239,672,357,167,90,3183,2395,359,392,37,3976,392,280,743,627,723,607,275,260,51,18,34182,43912,2027,43698,2475,17910,1301,18889,350,9885,95,2982,647,2360,89,73,270,356,499,489,272,243,51,18,48062,56667,20736,1616,18327,23619,21467,36413,24135,9326,7878,4939,4931,1448,1704,473,4529,2888,2679,2148,1939,307,531,209,141,46,95,68,1641,1311,655,896,330,-888888888,-888888888,-888888888,-888888888,-888888888,-888888888,-888888888,-888888888,-888888888,-888888888,-888888888,-888888888,-888888888,-888888888,-888888888,-888888888,-888888888,-888888888,-888888888
2019,Cass County; Missouri,81315,53677,53657,51635,2022,20,27638,53657,-888888888,42239,25602,25592,24702,7437,4963,16673,12477,50594,43614,3744,53,423,383,2377,28.4,51635,18460,8494,11363,5941,7377,51635,474,5009,5313,29,037,1279,6050,3005,986,3944,5811,10590,3926,2783,2465,51635,42725,5868,2991,51,39770,1035,1332,3244,3141,4749,7816,6315,7046,3198,1894,69433,84848,31328,84996,13070,20570,9748,23569,1569,11801,555,2993,3033,29273,551,488,1475,2013,3037,5769,5165,6284,2834,1657,80914,94645,32868,10497,38993,51395,37968,55509,42180,102805,95346,79119,29764,7459,26527,1180,59773,48844,47187,42851,41520,2565,4336,1657,1086,744,400,571,10929,9575,6988,3574,1354,-888888888,-888888888,-888888888,-888888888,-888888888,-888888888,-888888888,-888888888,-888888888,-888888888,-888888888,-888888888,-888888888,-888888888,-888888888,-888888888,-888888888,-888888888,-888888888
2019,Clinton County; Missouri,16383,10098,10087,9658,429,11,6285,10087,-888888888,8414,4725,4725,4458,1177,726,3301,2539,9577,7915,1002,96,67,30,467,32.7,9658,3069,1433,2050,1388,1718,9658,227,940,1298,29,049,242,1113,798,196,535,607,2275,514,434,479,9658,7698,1344,514,102,8177,322,235,702,623,1216,1832,1240,1327,502,178,62701,72858,6379,75174,2830,18918,1818,19755,266,10830,66,5138,475,5702,200,147,201,313,715,1343,959,1236,433,155,73924,82504,29081,2475,37083,45674,38011,54815,38903,20044,18604,15601,5921,1440,5187,138,11671,9165,8828,8036,7877,353,792,337,226,211,20,111,2506,2113,1499,828,393,-888888888,-888888888,-888888888,-888888888,-888888888,-888888888,-888888888,-888888888,-888888888,-888888888,-888888888,-888888888,-888888888,-888888888,-888888888,-888888888,-888888888,-888888888,-888888888
2019,Dallas County; Missouri,13129,6510,6485,6255,230,25,6619,6485,-888888888,6766,3042,3042,2955,1151,620,2401,1346,6197,4989,573,15,97,194,329,30.2,6255,1727,1100,1310,736,1382,6255,263,526,842,29,059,111,861,688,14,308,506,1245,402,287,202,6255,4910,590,755,0,6209,298,520,1019,729,948,1020,773,520,174,208,43542,62312,3811,69526,2761,19701,1336,18482,674,12031,202,1509,643,4188,102,164,574,341,676,817,640,520,159,195,55856,76351,23647,2021,25384,32343,30047,41030,31164,16382,13818,9144,6875,2564,4084,832,9064,5954,5772,4728,4417,461,1044,182,103,78,37,79,3110,2528,1231,1515,582,-888888888,-888888888,-888888888,-888888888,-888888888,-888888888,-888888888,-888888888,-888888888,-888888888,-888888888,-888888888,-888888888,-888888888,-888888888,-888888888,-888888888,-888888888,-888888888
2019,Lincoln County; Missouri,43901,27867,27825,26776,1049,42,16034,27825,-888888888,22247,13108,13108,12622,4245,3177,9229,7106,26359,22929,2041,110,235,186,858,33.8,26776,7822,4269,5128,3788,5769,26776,332,3128,4566,29,113,856,3026,1428,357,1751,1958,4885,2028,1404,1057,26776,22411,2783,1436,146,19286,1112,771,1610,1854,2392,3546,2983,3331,1087,600,64196,74375,14906,77040,6061,19083,4204,20223,1408,12373,319,2569,2022,14454,671,260,854,1076,1566,2882,2574,2944,1053,574,74153,84218,26848,4832,31328,39218,35565,52003,37272,55897,51529,41940,15718,4368,14999,812,33634,25933,25064,22940,22305,1135,2124,869,485,292,207,384,7701,6680,4249,3220,1021,-888888888,-888888888,-888888888,-888888888,-888888888,-888888888,-888888888,-888888888,-888888888,-888888888,-888888888,-888888888,-888888888,-888888888,-888888888,-888888888,-888888888,-888888888,-888888888
2019,Monroe County; Missouri,7008,3938,3936,3846,90,2,3070,3936,-888888888,3525,1823,1823,1799,474,345,1308,953,3794,3169,363,0,98,41,123,30.0,3846,950,767,797,443,889,3846,185,240,769,29,137,92,501,215,49,160,268,862,168,124,213,3846,2962,547,327,10,3702,142,253,444,523,782,670,507,327,19,35,43966,56487,2524,58579,1601,19498,1043,16888,192,9827,46,2685,324,2411,26,88,218,221,507,554,440,303,19,35,57326,68540,24697,1291,29320,32358,29679,41432,31550,8522,7712,5778,3307,810,1956,179,4686,3536,3457,3015,2834,258,442,79,52,33,28,27,1150,1004,608,502,146,-888888888,-888888888,-888888888,-888888888,-888888888,-888888888,-888888888,-888888888,-888888888,-888888888,-888888888,-888888888,-888888888,-888888888,-888888888,-888888888,-888888888,-888888888,-888888888
2019,Newton County; Missouri,45865,27829,27802,26733,1069,27,18036,27802,-888888888,23413,12672,12672,12094,4079,2553,9335,6084,26262,21387,2760,58,283,343,1431,21.2,26733,7638,4298,6094,2924,5779,26733,772,1990,4543,29,145,702,3331,2161,382,923,2007,6052,2130,1039,701,26733,21974,2410,2210,139,22202,1188,958,2259,2922,3610,4522,2568,2611,771,793,50813,72789,17107,71175,8196,18958,4622,19586,1286,8957,257,2874,2785,15527,458,322,1225,1759,2325,3323,2313,2325,708,769,62334,86542,28353,6675,29380,37271,29827,42081,33068,57544,50270,38170,20105,7274,14725,1279,32920,25098,24157,20318,19195,1924,3839,941,482,350,139,459,7822,6138,3920,2954,1684,-888888888,-888888888,-888888888,-888888888,-888888888,-888888888,-888888888,-888888888,-888888888,-888888888,-888888888,-888888888,-888888888,-888888888,-888888888,-888888888,-888888888,-888888888,-888888888
2019,Pike County; Missouri,14946,7720,7707,7332,375,13,7226,7707,-888888888,6673,3675,3675,3492,1361,861,2314,1664,7303,6001,529,10,113,129,521,24.8,7332,1963,1141,1500,1142,1586,7332,551,737,895,29,163,375,756,549,174,187,438,1603,427,241,399,7332,5523,1065,737,7,6589,445,370,781,815,1149,1188,863,674,150,154,46385,60711,4818,58672,2626,17728,1475,18320,530,11051,101,1535,685,4198,185,90,358,377,729,913,742,582,114,108,59023,71310,22297,2391,28441,37557,28442,37391,31915,16245,14765,10918,5851,1480,4301,256,9020,6866,6519,5669,5457,303,850,347,322,268,54,25,2154,1828,892,1107,326,-888888888,-888888888,-888888888,-888888888,-888888888,-888888888,-888888888,-888888888,-888888888,-888888888,-888888888,-888888888,-888888888,-888888888,-888888888,-888888888,-888888888,-888888888,-888888888
2019,St. Charles County; Missouri,312092,218111,217930,211627,6303,181,93981,217930,-888888888,160159,103415,103402,100571,27990,20749,62057,49984,208950,179900,13533,350,1780,1664,11723,25.8,211627,92019,30679,51212,16377,21340,211627,1212,13814,26446,29,183,6797,24659,9293,5129,20910,23139,45728,19174,9282,6044,211627,184356,19006,7940,325,146631,3454,2598,8086,9029,15393,25294,23363,31956,14670,12788,84978,102661,119164,103011,43867,22257,35323,24933,4507,10976,1486,2806,5833,105132,1153,1115,2691,4082,8359,17271,17659,27568,13529,11705,100320,118003,38943,41499,45755,59544,42767,64587,48431,392268,374566,333939,82702,17702,97651,2690,237797,200175,194872,184722,182230,5508,10150,5303,4036,3549,623,1267,37622,34151,28008,9107,3471,-888888888,-888888888,-888888888,-888888888,-888888888,-888888888,-888888888,-888888888,-888888888,-888888888,-888888888,-888888888,-888888888,-888888888,-888888888,-888888888,-888888888,-888888888,-888888888
2019,Cape Girardeau County; Missouri,63422,39966,39829,38028,1801,137,23456,39829,-888888888,33124,19873,19790,19101,5281,3681,10634,7992,36972,30185,3949,138,909,567,1224,20.0,38028,13770,6995,8480,3360,5423,38028,594,2245,4029,29,031,1081,4641,1446,542,1616,2599,11846,4080,1661,1648,38028,30566,5555,1779,128,29594,1937,1480,3227,2873,4212,5733,3899,4008,1076,1149,53732,72374,22968,73690,9918,19174,6218,22222,1427,9819,406,1908,2888,18879,434,538,1276,1379,2492,4139,3098,3506,997,1020,69699,88508,28267,10715,30268,41685,28872,47890,38132,77243,71113,58369,22463,6130,18038,550,47181,35971,34412,31140,30163,1470,3272,1559,810,664,152,749,11210,9654,7116,3233,1556,-888888888,-888888888,-888888888,-888888888,-888888888,-888888888,-888888888,-888888888,-888888888,-888888888,-888888888,-888888888,-888888888,-888888888,-888888888,-888888888,-888888888,-888888888,-888888888
