year,county_name,employment_status_population_16_years_and_over,employment_status_population_16_years_and_over_in_,employment_status_population_16_years_and_over_in_,employment_status_population_16_years_and_over_in_,employment_status_population_16_years_and_over_in_,employment_status_population_16_years_and_over_in_,employment_status_population_16_years_and_over_not,employment_status_civilian_labor_force,employment_status_civilian_labor_force_unemploymen,employment_status_females_16_years_and_over,employment_status_females_16_years_and_over_in_lab,employment_status_females_16_years_and_over_in_lab,employment_status_females_16_years_and_over_in_lab,employment_status_own_children_of_the_householder_,employment_status_own_children_of_the_householder_,employment_status_own_children_of_the_householder_,employment_status_own_children_of_the_householder_,commuting_to_work_workers_16_years_and_over,commuting_to_work_workers_16_years_and_over_car_tr,commuting_to_work_workers_16_years_and_over_car_tr,commuting_to_work_workers_16_years_and_over_public,commuting_to_work_workers_16_years_and_over_walked,commuting_to_work_workers_16_years_and_over_other_,commuting_to_work_workers_16_years_and_over_worked,commuting_to_work_workers_16_years_and_over_mean_t,occupation_civilian_employed_population_16_years_a,occupation_civilian_employed_population_16_years_a,occupation_civilian_employed_population_16_years_a,occupation_civilian_employed_population_16_years_a,occupation_civilian_employed_population_16_years_a,occupation_civilian_employed_population_16_years_a,industry_civilian_employed_population_16_years_and,industry_civilian_employed_population_16_years_and,industry_civilian_employed_population_16_years_and,industry_civilian_employed_population_16_years_and,state_fips,county_fips,industry_civilian_employed_population_16_years_and,industry_civilian_employed_population_16_years_and,industry_civilian_employed_population_16_years_and,industry_civilian_employed_population_16_years_and,industry_civilian_employed_population_16_years_and,industry_civilian_employed_population_16_years_and,industry_civilian_employed_population_16_years_and,industry_civilian_employed_population_16_years_and,industry_civilian_employed_population_16_years_and,industry_civilian_employed_population_16_years_and,class_of_worker_civilian_employed_population_16_ye,class_of_worker_civilian_employed_population_16_ye,class_of_worker_civilian_employed_population_16_ye,class_of_worker_civilian_employed_population_16_ye,class_of_worker_civilian_employed_population_16_ye,income_and_benefits_in_2019_inflation_adjusted_dol,income_and_benefits_in_2019_inflation_adjusted_dol,income_and_benefits_in_2019_inflation_adjusted_dol,income_and_benefits_in_2019_inflation_adjusted_dol,income_and_benefits_in_2019_inflation_adjusted_dol,income_and_benefits_in_2019_inflation_adjusted_dol,income_and_benefits_in_2019_inflation_adjusted_dol,income_and_benefits_in_2019_inflation_adjusted_dol,income_and_benefits_in_2019_inflation_adjusted_dol,income_and_benefits_in_2019_inflation_adjusted_dol,income_and_benefits_in_2019_inflation_adjusted_dol,income_and_benefits_in_2019_inflation_adjusted_dol,income_and_benefits_in_2019_inflation_adjusted_dol,income_and_benefits_in_2019_inflation_adjusted_dol,income_and_benefits_in_2019_inflation_adjusted_dol,income_and_benefits_in_2019_inflation_adjusted_dol,income_and_benefits_in_2019_inflation_adjusted_dol,income_and_benefits_in_2019_inflation_adjusted_dol,income_and_benefits_in_2019_inflation_adjusted_dol,income_and_benefits_in_2019_inflation_adjusted_dol,income_and_benefits_in_2019_inflation_adjusted_dol,income_and_benefits_in_2019_inflation_adjusted_dol,income_and_benefits_in_2019_inflation_adjusted_dol,income_and_benefits_in_2019_inflation_adjusted_dol,income_and_benefits_in_2019_inflation_adjusted_dol,income_and_benefits_in_2019_inflation_adjusted_dol,income_and_benefits_in_2019_inflation_adjusted_dol,income_and_benefits_in_2019_inflation_adjusted_dol,income_and_benefits_in_2019_inflation_adjusted_dol,income_and_benefits_in_2019_inflation_adjusted_dol,income_and_benefits_in_2019_inflation_adjusted_dol,income_and_benefits_in_2019_inflation_adjusted_dol,income_and_benefits_in_2019_inflation_adjusted_dol,income_and_benefits_in_2019_inflation_adjusted_dol,income_and_benefits_in_2019_inflation_adjusted_dol,income_and_benefits_in_2019_inflation_adjusted_dol,income_and_benefits_in_2019_inflation_adjusted_dol,income_and_benefits_in_2019_inflation_adjusted_dol,income_and_benefits_in_2019_inflation_adjusted_dol,income_and_benefits_in_2019_inflation_adjusted_dol,income_and_benefits_in_2019_inflation_adjusted_dol,income_and_benefits_in_2019_inflation_adjusted_dol,income_and_benefits_in_2019_inflation_adjusted_dol,income_and_benefits_in_2019_inflation_adjusted_dol,health_insurance_coverage_civilian_noninstitutiona,health_insurance_coverage_civilian_noninstitutiona,health_insurance_coverage_civilian_noninstitutiona,health_insurance_coverage_civilian_noninstitutiona,health_insurance_coverage_civilian_noninstitutiona,health_insurance_coverage_civilian_noninstitutiona,health_insurance_coverage_civilian_noninstitutiona,health_insurance_coverage_civilian_noninstitutiona,health_insurance_coverage_civilian_noninstitutiona,health_insurance_coverage_civilian_noninstitutiona,health_insurance_coverage_civilian_noninstitutiona,health_insurance_coverage_civilian_noninstitutiona,health_insurance_coverage_civilian_noninstitutiona,health_insurance_coverage_civilian_noninstitutiona,health_insurance_coverage_civilian_noninstitutiona,health_insurance_coverage_civilian_noninstitutiona,health_insurance_coverage_civilian_noninstitutiona,health_insurance_coverage_civilian_noninstitutiona,health_insurance_coverage_civilian_noninstitutiona,health_insurance_coverage_civilian_noninstitutiona,health_insurance_coverage_civilian_noninstitutiona,health_insurance_coverage_civilian_noninstitutiona,health_insurance_coverage_civilian_noninstitutiona,health_insurance_coverage_civilian_noninstitutiona,percentage_of_families_and_people_whose_income_in_,percentage_of_families_and_people_whose_income_in_,percentage_of_families_and_people_whose_income_in_,percentage_of_families_and_people_whose_income_in_,percentage_of_families_and_people_whose_income_in_,percentage_of_families_and_people_whose_income_in_,percentage_of_families_and_people_whose_income_in_,percentage_of_families_and_people_whose_income_in_,percentage_of_families_and_people_whose_income_in_,percentage_of_families_and_people_whose_income_in_,percentage_of_families_and_people_whose_income_in_,percentage_of_families_and_people_whose_income_in_,percentage_of_families_and_people_whose_income_in_,percentage_of_families_and_people_whose_income_in_,percentage_of_families_and_people_whose_income_in_,percentage_of_families_and_people_whose_income_in_,percentage_of_families_and_people_whose_income_in_,percentage_of_families_and_people_whose_income_in_,percentage_of_families_and_people_whose_income_in_
2019,San Jacinto County; Texas,22375,10999,10999,10300,699,0,11376,10999,-888888888,11405,4895,4895,4542,1827,995,3823,2574,10101,8100,1148,51,102,275,425,42.9,10300,2385,1664,2313,2056,1882,10300,600,1843,889,48,407,276,1492,774,168,289,829,1446,628,560,506,10300,8238,1144,912,6,10043,682,683,1235,1515,1617,1545,975,1065,409,317,41614,60411,6640,63769,4443,19436,2204,21760,787,9902,136,1638,1521,6680,222,87,595,1060,1121,1215,837,843,409,291,54384,73069,23312,3363,23037,33762,30735,45955,35342,28041,22581,13961,12745,5460,6671,852,15193,9760,9130,6630,6252,671,2500,630,237,79,158,393,5433,3830,1741,2444,1603,-888888888,-888888888,-888888888,-888888888,-888888888,-888888888,-888888888,-888888888,-888888888,-888888888,-888888888,-888888888,-888888888,-888888888,-888888888,-888888888,-888888888,-888888888,-888888888
2019,Upshur County; Texas,32443,18192,18192,17221,971,0,14251,18192,-888888888,16674,8124,8124,7680,2728,1585,6463,3595,16792,13699,1701,8,480,205,699,28.0,17221,4905,2677,4467,2105,3067,17221,863,1611,1875,48,459,570,2436,987,166,723,1612,3659,1265,951,503,17221,13871,1911,1423,16,14108,992,846,1454,1494,2044,2476,1645,1998,663,496,52162,68387,10342,70802,5551,19123,2847,21707,1026,10412,252,2490,1821,10041,340,282,638,991,1494,2239,1313,1738,589,417,64243,78263,25285,4067,24564,40634,30834,46137,32615,40474,33706,24877,13680,6768,10368,1371,23026,16566,15717,12422,12064,763,3295,849,283,233,65,566,6460,4949,3101,2211,1511,-888888888,-888888888,-888888888,-888888888,-888888888,-888888888,-888888888,-888888888,-888888888,-888888888,-888888888,-888888888,-888888888,-888888888,-888888888,-888888888,-888888888,-888888888,-888888888
2019,Waller County; Texas,40699,24732,24729,23441,1288,3,15967,24729,-888888888,20636,10729,10729,10132,3920,2300,7902,4735,22826,18535,2246,139,724,321,861,29.9,23441,6676,4506,5675,3327,3257,23441,1184,2329,2147,48,473,971,3180,1001,503,1145,1757,5254,1705,1295,970,23441,17276,4303,1705,157,15171,958,536,1566,1550,2001,2495,1841,2219,872,1133,59642,81912,12539,83145,4367,18154,2093,26877,813,9946,216,4653,1861,10851,279,290,973,746,1303,1918,1684,1933,758,967,73884,93770,25401,4320,32726,49090,28697,44793,36393,51619,41133,32404,12692,10486,14372,2015,31351,22391,21398,16554,15886,1159,4844,993,436,411,79,557,8960,6037,4895,1448,2923,-888888888,-888888888,-888888888,-888888888,-888888888,-888888888,-888888888,-888888888,-888888888,-888888888,-888888888,-888888888,-888888888,-888888888,-888888888,-888888888,-888888888,-888888888,-888888888
2019,Wilson County; Texas,38809,23112,22996,21799,1197,116,15697,22996,-888888888,19402,10058,9980,9531,3195,2255,8407,5642,21637,17329,2321,0,172,163,1652,35.9,21799,7130,3712,4799,3177,2981,21799,1231,2648,1517,48,493,687,2638,1619,147,1087,1822,4459,1440,1003,1501,21799,15975,3969,1813,42,15733,710,371,1072,1242,1774,2552,2150,3346,1334,1182,76692,96088,12498,92939,5221,18947,4097,32278,746,10044,178,2127,1170,12511,252,143,609,842,1343,2079,1778,3091,1253,1121,88764,107164,32312,3222,34385,49606,38792,56766,45018,48518,42266,34183,14156,6252,12571,985,28822,21345,20307,17202,16578,1211,3105,1038,496,462,69,542,7477,5940,4315,2375,1537,-888888888,-888888888,-888888888,-888888888,-888888888,-888888888,-888888888,-888888888,-888888888,-888888888,-888888888,-888888888,-888888888,-888888888,-888888888,-888888888,-888888888,-888888888,-888888888
2019,Hockley County; Texas,17628,11004,11000,10174,826,4,6624,11000,-888888888,8950,4802,4798,4433,1619,901,3896,2788,9991,7566,1836,10,206,103,270,21.8,10174,2888,1833,2040,1845,1568,10174,1700,724,485,48,219,291,914,633,84,347,553,2429,1027,661,326,10174,8102,1380,684,8,7997,406,479,1076,821,1363,1307,961,1132,217,235,48248,64011,6281,64150,2694,17101,1213,22394,483,8981,83,1577,1034,5637,222,233,408,487,1067,964,850,1006,195,205,56607,73562,23604,2360,25260,37446,28439,45273,32753,22835,18818,13454,7575,4017,6521,558,13163,9906,9220,7112,6778,511,2108,686,291,206,90,395,3257,2307,1505,942,950,-888888888,-888888888,-888888888,-888888888,-888888888,-888888888,-888888888,-888888888,-888888888,-888888888,-888888888,-888888888,-888888888,-888888888,-888888888,-888888888,-888888888,-888888888,-888888888
2019,Midland County; Texas,124592,88206,88084,85206,2878,122,36386,88084,-888888888,62032,37055,37023,35850,16630,9327,28863,18904,84501,71718,8256,131,848,823,2725,19.9,85206,30454,12580,18783,12396,10993,85206,16272,6074,4092,48,329,2837,9311,4906,802,4565,7397,15029,6945,5129,1847,85206,72001,6810,6227,168,56998,2387,1552,3881,3964,5539,9747,7751,10386,5232,6559,79421,110414,49905,109730,11516,18507,7038,22664,1818,8164,376,4031,3578,39004,1202,670,1764,2271,2915,6519,5472,8011,4663,5517,94223,125070,39248,17994,48413,71363,43102,65065,42869,166878,139206,118727,33273,27672,49947,7169,100084,81013,78560,64074,62910,2651,14486,2453,1167,975,229,1286,19071,14457,11721,3724,4614,-888888888,-888888888,-888888888,-888888888,-888888888,-888888888,-888888888,-888888888,-888888888,-888888888,-888888888,-888888888,-888888888,-888888888,-888888888,-888888888,-888888888,-888888888,-888888888
2019,Llano County; Texas,18341,8308,8291,7682,609,17,10033,8291,-888888888,9494,3858,3858,3669,859,605,1861,1538,7485,5497,1243,0,141,121,483,31.0,7682,2253,1676,1773,1217,763,7682,342,1169,391,48,299,111,667,303,103,421,1010,1571,768,475,351,7682,5534,1065,1030,53,8678,568,384,809,1083,1261,1402,977,1207,439,548,53411,85015,4936,71590,4882,20443,2939,30155,461,11273,90,6247,631,5741,142,125,310,604,1013,1063,738,888,400,458,62822,100639,37050,2937,30451,52163,25775,44523,36618,20835,17237,12887,10250,3598,3240,382,10097,6932,6444,4348,4215,393,2096,488,128,64,64,360,3165,2559,1763,1192,606,-888888888,-888888888,-888888888,-888888888,-888888888,-888888888,-888888888,-888888888,-888888888,-888888888,-888888888,-888888888,-888888888,-888888888,-888888888,-888888888,-888888888,-888888888,-888888888
2019,Fannin County; Texas,28041,14551,14551,13998,553,0,13490,14551,-888888888,13074,6714,6714,6464,1953,1183,4872,3279,13800,11088,1412,0,306,188,806,31.7,13998,4561,2163,3087,2024,2163,13998,668,1277,1927,48,147,445,1324,722,262,829,913,3577,717,473,864,13998,10033,2750,1177,38,12453,971,520,1195,1193,1809,2245,1703,1719,544,554,54648,72914,8929,77305,4729,18448,2782,24464,653,8715,230,2662,1352,8658,309,128,519,789,1257,1626,1494,1517,534,485,68540,86668,27112,3795,26192,39107,35430,52612,39198,31653,26512,19481,10826,5141,7757,885,18075,13370,12850,10252,9849,598,2598,520,259,206,75,261,4705,3378,2114,1635,1327,-888888888,-888888888,-888888888,-888888888,-888888888,-888888888,-888888888,-888888888,-888888888,-888888888,-888888888,-888888888,-888888888,-888888888,-888888888,-888888888,-888888888,-888888888,-888888888
2019,Brazos County; Texas,182014,111006,110724,106349,4375,282,71008,110724,-888888888,89972,52050,52004,50193,15736,9460,28330,20512,104332,83248,10815,1996,2071,2552,3650,17.3,106349,46175,17999,22748,8785,10642,106349,2572,7236,6037,48,041,2292,11522,3425,1290,4915,10703,35363,11940,5042,4012,106349,75070,25663,5337,279,79412,9597,3905,8949,7839,9837,11988,9106,9713,3853,4625,49181,73324,67581,70772,14617,19694,10222,32145,2675,9523,1028,2456,6595,44793,2426,1222,3576,3716,4651,7332,6320,8010,3505,4035,72223,96734,27632,34619,27871,40617,24849,48665,37681,218617,191726,164456,45615,26891,52142,4301,147261,104293,100418,85867,83552,4296,14551,3875,2830,2352,549,1045,42968,36265,32095,5941,6703,-888888888,-888888888,-888888888,-888888888,-888888888,-888888888,-888888888,-888888888,-888888888,-888888888,-888888888,-888888888,-888888888,-888888888,-888888888,-888888888,-888888888,-888888888,-888888888
2019,Gaines County; Texas,13915,8699,8699,8228,471,0,5216,8699,-888888888,6779,3002,3002,2748,2625,746,4718,2072,8098,5726,1715,0,367,114,176,21.1,8228,2311,1016,1505,2172,1224,8228,1538,1605,400,48,165,330,692,626,146,275,149,1452,387,400,228,8228,5876,1244,1042,66,5812,476,269,297,787,540,1103,846,826,420,248,63054,79384,4747,85746,1328,16063,538,19494,190,9744,34,5215,390,4545,225,157,179,478,476,921,713,734,414,248,72461,90442,23533,1267,26597,36597,32534,51983,29457,20597,13646,9861,4577,6951,7880,2560,10979,7955,7519,5115,4932,390,2404,436,144,140,4,292,3024,1344,879,533,1680,-888888888,-888888888,-888888888,-888888888,-888888888,-888888888,-888888888,-888888888,-888888888,-888888888,-888888888,-888888888,-888888888,-888888888,-888888888,-888888888,-888888888,-888888888,-888888888
2019,Gray County; Texas,17213,9554,9543,9016,527,11,7659,9543,-888888888,8010,4199,4199,4048,1831,1078,3379,2520,8851,7259,1115,0,194,239,44,18.9,9016,2342,1611,2035,1751,1277,9016,1091,1082,662,48,179,241,994,506,73,296,414,1925,762,421,549,9016,6994,1276,698,48,7884,524,321,1129,1088,948,1470,764,1011,387,242,47952,66482,5724,69183,2771,19125,1623,19420,548,10506,105,2532,1246,5166,230,196,572,567,624,849,613,925,348,242,62078,79815,24686,2718,30721,37633,30513,47130,30995,20803,16784,11805,7511,4019,5912,566,11544,8729,8232,6035,5866,393,2197,497,177,127,50,320,2815,1907,932,1158,908,-888888888,-888888888,-888888888,-888888888,-888888888,-888888888,-888888888,-888888888,-888888888,-888888888,-888888888,-888888888,-888888888,-888888888,-888888888,-888888888,-888888888,-888888888,-888888888
2019,Jack County; Texas,7195,3302,3302,3172,130,0,3893,3302,-888888888,3075,1223,1223,1161,530,185,1204,550,3136,2666,234,0,34,25,177,30.8,3172,880,417,755,615,505,3172,552,273,94,48,237,101,541,261,13,46,247,522,167,118,237,3172,2307,527,309,29,3168,283,143,425,310,342,708,267,458,104,128,52045,67103,2270,72876,1181,19135,486,20836,180,8743,30,3567,297,2246,165,67,168,182,240,558,224,427,91,124,63105,79076,24956,922,24472,34392,32687,58089,34755,7717,6327,4633,2868,1390,2070,259,4192,2891,2761,2188,2066,176,573,130,30,21,9,100,1301,843,470,421,458,-888888888,-888888888,-888888888,-888888888,-888888888,-888888888,-888888888,-888888888,-888888888,-888888888,-888888888,-888888888,-888888888,-888888888,-888888888,-888888888,-888888888,-888888888,-888888888
2019,Bosque County; Texas,14813,8050,8050,7711,339,0,6763,8050,-888888888,7632,3578,3578,3433,1105,753,2505,1850,7586,6189,643,2,315,93,344,29.4,7711,2303,1257,1615,1198,1338,7711,396,911,841,48,035,184,931,434,113,429,577,1693,487,294,421,7711,5818,1134,709,50,7211,338,290,843,853,1126,1398,829,1057,265,212,52148,67280,5124,65789,2939,20080,1745,25904,392,11524,98,7183,607,5347,140,163,427,650,704,1151,743,950,254,165,61222,75070,26636,1864,26818,39664,30452,42859,35604,17952,14855,10723,6922,3097,4100,528,9638,7080,6819,5169,5007,272,1650,261,121,101,27,140,2558,1804,1097,833,754,-888888888,-888888888,-888888888,-888888888,-888888888,-888888888,-888888888,-888888888,-888888888,-888888888,-888888888,-888888888,-888888888,-888888888,-888888888,-888888888,-888888888,-888888888,-888888888
2019,Bexar County; Texas,1506216,975564,958878,907686,51192,16686,530652,958878,-888888888,769303,454947,451162,427009,160891,99685,316756,215385,908944,717920,99710,22112,16503,13514,39185,25.6,907686,320796,180465,216294,88815,101316,907686,10223,72642,48808,48,029,20848,108111,43369,15695,80453,105723,211299,106102,43648,40765,907686,733612,122465,50245,1364,636245,44013,27062,60148,62707,83684,120393,81563,88531,34115,34029,57157,78311,515722,77424,168939,17316,115179,29050,37902,9481,11040,2559,83367,421257,18474,11174,32408,36802,52908,78656,61325,71973,28132,29405,68037,90079,27834,214988,37551,51228,30972,44356,38319,1922572,1629798,1220102,601629,292774,529978,42404,1165803,891063,846002,688647,657133,61364,157355,45061,24852,18039,8705,20209,274740,205686,132003,96325,69054,-888888888,-888888888,-888888888,-888888888,-888888888,-888888888,-888888888,-888888888,-888888888,-888888888,-888888888,-888888888,-888888888,-888888888,-888888888,-888888888,-888888888,-888888888,-888888888
2019,Baylor County; Texas,2905,1578,1578,1540,38,0,1327,1578,-888888888,1523,767,767,751,183,158,495,464,1511,1270,136,0,31,22,52,8.7,1540,468,291,451,200,130,1540,145,72,29,48,023,36,150,37,46,36,67,599,152,98,73,1540,1133,329,78,0,1530,60,143,252,200,247,216,242,142,14,14,40739,52436,961,55343,832,15766,339,19297,88,7749,0,-666666666,164,938,30,26,67,95,169,174,207,142,14,14,58214,67206,22987,592,21000,28119,27772,40052,29223,3499,2988,2367,1160,511,761,89,1942,1383,1345,1194,1135,59,151,38,0,0,0,38,559,345,193,214,214,-888888888,-888888888,-888888888,-888888888,-888888888,-888888888,-888888888,-888888888,-888888888,-888888888,-888888888,-888888888,-888888888,-888888888,-888888888,-888888888,-888888888,-888888888,-888888888
2019,Denton County; Texas,649825,471890,471606,453391,18215,284,177935,471606,-888888888,333570,221633,221593,212910,61929,40721,140128,101809,445453,358012,37517,3708,5694,5937,34585,29.0,453391,211773,61006,108701,27522,44389,453391,4190,24451,36763,48,121,15488,53955,25398,12580,49239,61857,93677,42220,21387,12186,453391,377125,50369,24772,1125,290229,9919,5445,13860,17614,29553,47888,39300,57563,32075,37012,86913,113275,257907,111825,55776,21796,40131,28786,6754,9982,2742,2669,13855,204075,3823,1789,5286,8591,15653,29928,28796,48169,28480,33560,107016,132100,41153,86154,49366,64355,43719,65037,50755,830187,737224,651671,145826,92963,221210,16487,528190,438111,422328,370555,365204,12547,51773,15783,10036,9108,1235,5747,90079,72664,62389,14854,17415,-888888888,-888888888,-888888888,-888888888,-888888888,-888888888,-888888888,-888888888,-888888888,-888888888,-888888888,-888888888,-888888888,-888888888,-888888888,-888888888,-888888888,-888888888,-888888888
2019,Galveston County; Texas,261140,167938,167437,157014,10423,501,93202,167437,-888888888,133666,77700,77653,72503,24547,15061,53249,38060,154635,126481,14870,1370,2764,2427,6723,28.0,157014,66580,25751,31568,14742,18373,157014,3512,12505,14895,48,167,3387,14537,8019,1746,9804,18366,40743,15682,7280,6538,157014,121315,26461,9079,159,121438,6488,4479,9901,9439,12539,18873,14270,21456,11235,12758,73330,98758,98187,101516,35839,19906,23655,26341,5567,10201,1232,2847,13405,84986,2818,2155,5004,5300,7989,12588,10588,17519,9779,11246,89270,114070,36819,36452,42239,58266,40792,66996,50470,327847,282254,228469,89262,45593,85715,7713,196935,153553,144548,120621,116851,6512,23927,9005,5135,4078,1256,3870,43382,33521,24648,11546,9861,-888888888,-888888888,-888888888,-888888888,-888888888,-888888888,-888888888,-888888888,-888888888,-888888888,-888888888,-888888888,-888888888,-888888888,-888888888,-888888888,-888888888,-888888888,-888888888
2019,Roberts County; Texas,648,364,364,357,7,0,284,364,-888888888,348,175,175,175,48,36,131,110,355,280,49,0,12,0,14,20.6,357,143,63,69,34,48,357,59,46,33,48,393,18,49,11,2,8,21,77,13,10,10,357,217,82,58,0,301,14,2,21,27,43,54,39,57,33,11,68750,81712,230,71320,132,21344,80,20503,3,-999999999,4,-999999999,8,234,11,0,17,14,34,41,32,48,29,8,73750,84819,30955,67,59063,70349,28833,53000,26042,805,720,606,263,85,228,16,371,309,309,255,255,6,54,0,0,0,0,0,62,47,27,20,15,-888888888,-888888888,-888888888,-888888888,-888888888,-888888888,-888888888,-888888888,-888888888,-888888888,-888888888,-888888888,-888888888,-888888888,-888888888,-888888888,-888888888,-888888888,-888888888
2019,Uvalde County; Texas,20669,11831,11814,11188,626,17,8838,11814,-888888888,10665,5422,5422,4975,1922,1244,4509,3077,11037,8762,1641,0,152,173,309,19.0,11188,2535,2450,2685,2048,1470,11188,1074,1294,676,48,463,192,1526,442,60,519,693,2109,1070,872,661,11188,8032,1994,1162,0,8841,585,743,1380,994,1546,1416,849,810,311,207,41679,56889,6656,56133,3492,16093,1517,22887,708,6673,218,2835,1762,6163,245,382,693,711,986,1210,713,745,305,173,51662,66382,20329,2678,22979,32959,23822,40446,25977,26460,21880,14391,10371,4580,7725,809,14431,10554,9992,7756,7341,572,2236,562,317,247,77,245,3877,2633,1530,1197,1244,-888888888,-888888888,-888888888,-888888888,-888888888,-888888888,-888888888,-888888888,-888888888,-888888888,-888888888,-888888888,-888888888,-888888888,-888888888,-888888888,-888888888,-888888888,-888888888
2019,Bowie County; Texas,73735,39241,39223,37008,2215,18,34494,39223,-888888888,36910,18884,18884,17951,6548,3888,13847,9727,36579,32201,2378,152,353,547,948,18.9,37008,12207,6665,8247,3751,6138,37008,781,1910,3401,48,037,1026,4308,1914,489,1914,3131,9980,3070,1779,3305,37008,28799,6711,1468,30,34076,3270,2008,3633,3452,4613,6394,3842,4016,1384,1464,50164,71353,24650,74694,11130,17595,8491,28171,1866,9030,378,2215,4438,23034,1477,735,1585,2084,3074,4763,3237,3539,1210,1330,62071,85335,27095,11042,26240,40009,32490,49880,35215,87808,75704,55487,31756,12104,23079,1580,50160,36496,34451,28384,27148,2216,6067,2045,970,567,477,1075,13664,10320,6069,5226,3344,-888888888,-888888888,-888888888,-888888888,-888888888,-888888888,-888888888,-888888888,-888888888,-888888888,-888888888,-888888888,-888888888,-888888888,-888888888,-888888888,-888888888,-888888888,-888888888
2019,Kent County; Texas,503,274,274,263,11,0,229,274,-888888888,283,137,137,131,47,47,83,83,242,175,32,0,23,3,9,9.7,263,114,49,51,31,18,263,20,23,10,48,263,2,24,2,1,27,12,80,0,4,58,263,147,104,12,0,273,10,23,46,36,31,31,13,47,7,29,44688,73663,184,80450,94,18228,48,21190,8,-999999999,29,-999999999,36,162,0,0,24,28,9,20,11,34,7,29,73750,98664,30543,111,25156,37176,39554,48068,41250,601,572,470,189,29,153,0,299,242,237,225,216,17,12,5,5,5,0,0,57,40,40,12,17,-888888888,-888888888,-888888888,-888888888,-888888888,-888888888,-888888888,-888888888,-888888888,-888888888,-888888888,-888888888,-888888888,-888888888,-888888888,-888888888,-888888888,-888888888,-888888888
2019,Somervell County; Texas,7081,3825,3825,3667,158,0,3256,3825,-888888888,3640,1619,1619,1536,501,216,1355,919,3605,3134,301,34,11,30,95,30.0,3667,1416,636,457,549,609,3667,347,390,327,48,425,45,317,312,17,127,266,908,253,121,237,3667,2883,547,217,20,3123,175,165,366,307,290,542,259,545,321,153,60632,79424,2183,88657,1042,17965,676,33207,182,7617,25,-999999999,320,2545,105,220,228,171,232,407,202,562,265,153,64464,86331,29449,578,30000,42900,32472,72355,35769,8675,7495,5743,2708,1180,2003,238,5210,3552,3394,2841,2816,55,553,158,102,102,0,56,1658,1325,753,593,333,-888888888,-888888888,-888888888,-888888888,-888888888,-888888888,-888888888,-888888888,-888888888,-888888888,-888888888,-888888888,-888888888,-888888888,-888888888,-888888888,-888888888,-888888888,-888888888
2019,Hardin County; Texas,44339,24977,24954,24076,878,23,19362,24954,-888888888,22752,11006,11006,10578,4268,2709,8664,5371,23842,20763,2032,57,187,199,604,28.8,24076,7898,3749,5403,3142,3884,24076,665,2758,2816,48,199,738,3078,1149,165,1376,2099,4465,2193,1366,1208,24076,19763,3284,1023,6,20626,1678,1104,1580,1972,2124,3694,2445,3625,1295,1109,60339,80698,14830,91478,7192,19079,4254,23338,1204,8915,446,2784,2128,14985,648,321,751,1072,1639,2929,2122,3292,1199,1012,76146,94369,30399,5641,26036,40816,40076,59607,37998,56320,48326,37379,17870,7994,14582,1380,32771,23114,22349,18725,18095,1390,3624,765,383,266,122,382,9657,7194,4615,3506,2463,-888888888,-888888888,-888888888,-888888888,-888888888,-888888888,-888888888,-888888888,-888888888,-888888888,-888888888,-888888888,-888888888,-888888888,-888888888,-888888888,-888888888,-888888888,-888888888
2019,Leon County; Texas,13806,6705,6705,6262,443,0,7101,6705,-888888888,6921,3046,3046,2868,1239,750,2350,1594,6190,4693,812,0,134,202,349,30.0,6262,1602,1259,1265,1253,883,6262,576,812,358,48,289,179,718,508,158,332,305,1030,480,279,527,6262,4553,1009,659,41,6443,390,338,828,1084,926,875,624,683,389,306,43045,75277,4027,69881,2887,19929,2075,40099,412,10779,85,1844,670,4363,133,141,592,600,561,671,492,622,399,152,57173,73031,30129,2080,31758,77153,29681,52510,30105,17136,14217,9919,7231,2919,4158,561,8862,6121,5715,4379,4156,320,1336,406,179,160,26,227,2741,1946,1184,869,795,-888888888,-888888888,-888888888,-888888888,-888888888,-888888888,-888888888,-888888888,-888888888,-888888888,-888888888,-888888888,-888888888,-888888888,-888888888,-888888888,-888888888,-888888888,-888888888
2019,Newton County; Texas,11542,5789,5759,5156,603,30,5753,5759,-888888888,5576,2563,2563,2276,727,337,1976,1505,4993,4252,385,13,20,136,187,38.7,5156,1287,958,971,904,1036,5156,479,422,920,48,351,54,575,390,27,87,269,1268,198,261,206,5156,3898,944,314,0,5315,609,392,818,594,739,870,428,624,176,65,40101,54004,3467,59744,2423,17716,1070,22296,417,8764,54,2700,920,3885,191,188,481,524,580,743,388,549,176,65,49440,63670,21659,1430,17891,24843,27813,54212,31611,13729,10978,7661,5276,2751,3226,429,7746,5102,4669,3462,3322,217,1207,433,122,116,6,311,2644,1840,922,1054,804,-888888888,-888888888,-888888888,-888888888,-888888888,-888888888,-888888888,-888888888,-888888888,-888888888,-888888888,-888888888,-888888888,-888888888,-888888888,-888888888,-888888888,-888888888,-888888888
2019,Reeves County; Texas,12484,6496,6496,5913,583,0,5988,6496,-888888888,5243,2912,2912,2770,927,321,2040,1278,5774,4688,768,0,112,60,146,18.4,5913,1429,1016,1043,882,1543,5913,1191,310,353,48,389,132,532,435,0,140,187,1381,615,89,548,5913,4216,1407,272,18,3518,404,207,297,309,493,580,580,405,151,92,53311,65457,2710,73571,1070,15297,510,13701,134,8948,23,2161,442,2555,233,77,164,273,285,455,546,316,114,92,62149,72999,20020,963,29728,42195,30556,46920,36916,13635,10858,8012,3968,2777,3657,463,8085,5949,5369,3980,3957,157,1389,580,301,254,59,279,2136,1498,1042,556,638,-888888888,-888888888,-888888888,-888888888,-888888888,-888888888,-888888888,-888888888,-888888888,-888888888,-888888888,-888888888,-888888888,-888888888,-888888888,-888888888,-888888888,-888888888,-888888888
2019,Travis County; Texas,985208,716144,715550,688232,27318,594,269064,715550,-888888888,489367,323287,323113,309982,91509,57160,168911,115586,677329,502207,61801,19525,14111,15303,64382,25.6,688232,342251,103076,140408,52961,49536,688232,5156,52003,51459,48,453,14753,63377,23846,22668,49731,127936,136406,68545,34601,37751,688232,535854,101123,49988,1267,472361,24599,12365,28889,35476,51933,80147,59482,80751,40817,57902,75887,108994,414212,106740,81154,19841,59634,34109,12440,9859,4687,3120,33869,269295,8229,4757,12034,16690,23179,39828,33506,53176,30989,46907,96847,132559,43658,203066,54419,74542,41393,57595,49617,1219139,1059567,896834,254850,159572,284564,24614,820389,674753,650389,557204,537759,30674,93185,24364,15539,12548,3493,8825,145636,114437,90756,30993,31199,-888888888,-888888888,-888888888,-888888888,-888888888,-888888888,-888888888,-888888888,-888888888,-888888888,-888888888,-888888888,-888888888,-888888888,-888888888,-888888888,-888888888,-888888888,-888888888
2019,Collingsworth County; Texas,2276,1439,1439,1311,128,0,837,1439,-888888888,1206,701,701,595,206,129,526,238,1286,1068,144,0,58,0,16,13.1,1311,397,281,201,253,179,1311,220,91,98,48,087,19,75,44,0,16,78,424,116,87,43,1311,988,200,123,0,1035,77,101,138,171,129,211,49,88,43,28,39120,62878,825,57728,344,16907,178,16075,72,10518,15,813,197,758,35,51,81,106,105,198,42,85,34,21,50096,72177,25681,277,23456,30483,22870,33643,32563,2904,2228,1267,1226,676,776,132,1665,1226,1130,762,686,118,368,96,33,24,9,63,439,332,150,202,107,-888888888,-888888888,-888888888,-888888888,-888888888,-888888888,-888888888,-888888888,-888888888,-888888888,-888888888,-888888888,-888888888,-888888888,-888888888,-888888888,-888888888,-888888888,-888888888
2019,Erath County; Texas,34093,20819,20819,20076,743,0,13274,20819,-888888888,17789,9601,9601,9288,2917,1579,5088,3503,19736,16092,1905,8,575,89,1067,18.7,20076,6312,4391,4124,2276,2973,20076,1486,1137,2508,48,143,462,1978,944,303,698,1446,4908,2233,1258,715,20076,15284,2844,1780,168,13595,1336,577,1417,1254,1897,2394,1471,1947,740,562,52742,74589,10552,74154,3817,18516,2358,24388,513,8935,78,1768,1219,8690,200,178,624,561,1155,1683,1310,1814,657,508,74085,94945,27639,4905,25187,35233,25474,44298,36250,41333,34397,27705,10317,6936,9992,1270,25794,18810,18212,14650,14420,506,3562,598,409,316,93,189,6984,5084,4140,1342,1900,-888888888,-888888888,-888888888,-888888888,-888888888,-888888888,-888888888,-888888888,-888888888,-888888888,-888888888,-888888888,-888888888,-888888888,-888888888,-888888888,-888888888,-888888888,-888888888
2019,Motley County; Texas,960,612,612,574,38,0,348,612,-888888888,422,226,226,206,73,64,236,219,572,391,104,7,17,0,53,16.7,574,256,78,51,117,72,574,143,71,51,48,345,6,58,46,0,4,48,75,38,11,23,574,372,84,118,0,489,29,29,70,77,63,85,50,50,19,17,43859,65925,319,73745,268,18281,78,26338,20,8265,0,-666666666,58,313,7,0,32,47,33,70,46,45,16,17,63194,84259,29071,176,23875,32458,31424,44519,38750,1252,1022,701,653,230,348,16,511,448,412,242,225,39,170,36,6,0,6,30,63,49,17,37,14,-888888888,-888888888,-888888888,-888888888,-888888888,-888888888,-888888888,-888888888,-888888888,-888888888,-888888888,-888888888,-888888888,-888888888,-888888888,-888888888,-888888888,-888888888,-888888888
2019,Coleman County; Texas,6779,3666,3666,3542,124,0,3113,3666,-888888888,3283,1472,1472,1422,504,369,1093,880,3496,3014,259,8,22,73,120,24.8,3542,1141,337,785,523,756,3542,302,197,359,48,083,95,471,243,70,137,236,762,125,325,220,3542,2411,601,528,2,3423,296,136,403,312,800,628,359,294,45,150,46743,63690,2321,61840,1394,21734,822,21250,306,8018,36,2283,368,2127,101,38,118,142,507,455,321,273,41,131,58463,74955,27752,1296,28245,44410,31029,44702,30833,8299,6373,4727,3065,1926,1918,444,4354,3270,3146,2096,2029,104,1050,124,64,50,14,60,1084,712,376,412,372,-888888888,-888888888,-888888888,-888888888,-888888888,-888888888,-888888888,-888888888,-888888888,-888888888,-888888888,-888888888,-888888888,-888888888,-888888888,-888888888,-888888888,-888888888,-888888888
2019,Medina County; Texas,39722,22538,22429,21668,761,109,17184,22429,-888888888,19125,10159,10159,9858,3504,2332,7663,5831,21065,16690,3152,8,260,205,750,31.6,21668,6956,3954,3865,3729,3164,21668,1771,2080,1392,48,325,384,1900,1474,49,1178,2164,5233,1643,933,1467,21668,15993,3881,1710,84,15682,1153,611,1354,1496,1592,2898,1950,2742,1020,866,62599,82279,11527,84430,5929,17839,4025,30302,1184,10007,207,2226,1704,11623,632,255,619,879,1176,1916,1697,2700,998,751,78571,95603,27475,4059,29628,36928,31800,46248,37500,47579,40905,32019,15777,6674,12354,1227,27218,20529,19827,15937,15236,1370,3890,702,434,423,17,268,6689,5429,3917,2264,1260,-888888888,-888888888,-888888888,-888888888,-888888888,-888888888,-888888888,-888888888,-888888888,-888888888,-888888888,-888888888,-888888888,-888888888,-888888888,-888888888,-888888888,-888888888,-888888888
2019,Henderson County; Texas,65945,33945,33914,32219,1695,31,32000,33914,-888888888,34092,15886,15886,15157,5273,2741,10987,7037,31861,26299,3580,167,347,164,1304,32.1,32219,9243,6547,6793,4596,5040,32219,1572,3616,2950,48,213,778,4293,1545,434,1416,3100,6834,2228,1850,1603,32219,24253,4747,3151,68,30757,2359,1735,3842,3699,4342,5276,4045,3142,1295,1022,47355,66653,20702,67751,13640,19921,7437,25443,2067,9959,462,3556,3815,21483,858,781,1914,2407,3256,4022,3385,2859,1122,879,58429,76602,26121,9274,24706,38992,28449,43849,34180,80091,65766,45326,33445,14325,18795,2202,43970,30189,28682,21671,20447,1919,7011,1507,618,362,276,889,13781,9607,5358,5323,4174,-888888888,-888888888,-888888888,-888888888,-888888888,-888888888,-888888888,-888888888,-888888888,-888888888,-888888888,-888888888,-888888888,-888888888,-888888888,-888888888,-888888888,-888888888,-888888888
2019,Lamar County; Texas,39106,22606,22593,21502,1091,13,16500,22593,-888888888,20676,10812,10812,10416,3956,2388,7045,4686,21258,17647,1849,30,727,353,652,19.8,21502,6067,3771,4883,2627,4154,21502,742,1679,3260,48,277,398,3210,1416,180,890,1262,5263,1712,689,801,21502,17245,2946,1240,71,19793,2148,1164,2503,2277,2576,3650,2290,2035,632,518,45117,60777,13933,64397,7640,16660,4292,20757,1827,9198,282,1811,3117,13201,879,424,977,1351,1999,2813,1822,1812,617,507,56906,74433,25038,6592,22220,30817,30319,47335,31687,49061,41062,28307,19150,7999,12478,1182,27522,20224,19405,15096,14474,1214,4309,819,350,204,204,469,7298,5317,2836,3084,1981,-888888888,-888888888,-888888888,-888888888,-888888888,-888888888,-888888888,-888888888,-888888888,-888888888,-888888888,-888888888,-888888888,-888888888,-888888888,-888888888,-888888888,-888888888,-888888888
2019,Kimble County; Texas,3583,2139,2139,2051,88,0,1444,2139,-888888888,1878,1084,1084,1005,289,177,550,477,1988,1469,352,11,64,0,92,25.5,2051,711,384,360,436,160,2051,253,256,75,48,267,17,250,61,12,35,127,422,270,214,59,2051,1470,270,307,4,1783,172,87,162,282,328,221,123,218,84,106,43328,72565,1292,55043,810,18379,456,28266,83,10486,25,1920,145,1271,84,26,92,188,194,195,102,216,84,90,57112,85866,30099,512,24688,35805,22791,33986,25195,4334,3540,2406,1884,794,999,108,2089,1749,1665,1107,1008,103,558,84,7,0,7,77,340,289,190,99,51,-888888888,-888888888,-888888888,-888888888,-888888888,-888888888,-888888888,-888888888,-888888888,-888888888,-888888888,-888888888,-888888888,-888888888,-888888888,-888888888,-888888888,-888888888,-888888888
2019,Washington County; Texas,28602,16428,16428,15501,927,0,12174,16428,-888888888,14825,8021,8021,7689,2463,1604,4697,3671,15294,12910,1282,1,171,269,661,20.8,15501,5339,2416,3147,2334,2265,15501,717,1620,1774,48,477,372,1977,660,180,1094,1103,3364,1253,821,566,15501,11240,2562,1680,19,12625,733,543,1378,1440,1625,2379,1379,1749,579,820,54971,84243,8844,80575,5151,20107,2917,33244,528,8915,185,5700,960,8599,294,126,692,850,1010,1653,1130,1581,551,712,70543,98609,32625,4026,32407,51655,31112,42152,35355,34469,30480,24041,11736,3989,8384,794,18958,14579,13731,11873,11544,759,1858,848,568,415,231,280,4379,3347,2572,1022,1032,-888888888,-888888888,-888888888,-888888888,-888888888,-888888888,-888888888,-888888888,-888888888,-888888888,-888888888,-888888888,-888888888,-888888888,-888888888,-888888888,-888888888,-888888888,-888888888
2019,Stephens County; Texas,7457,3986,3986,3725,261,0,3471,3986,-888888888,3521,1513,1513,1425,609,255,1158,829,3601,3051,276,20,38,143,73,18.7,3725,973,814,633,634,671,3725,568,348,378,48,429,71,300,201,7,167,204,693,329,271,188,3725,2542,548,635,0,3247,265,266,316,396,590,479,384,331,90,130,46232,64763,2346,63127,1263,18035,625,18056,253,7309,144,3376,407,2283,193,67,172,223,446,397,330,260,83,112,52639,69473,25015,964,26184,50622,28888,55563,32269,8943,7224,4845,3466,1719,2427,375,4776,3478,3257,2481,2393,172,776,221,91,81,10,130,1298,860,448,426,438,-888888888,-888888888,-888888888,-888888888,-888888888,-888888888,-888888888,-888888888,-888888888,-888888888,-888888888,-888888888,-888888888,-888888888,-888888888,-888888888,-888888888,-888888888,-888888888
2019,Andrews County; Texas,13071,8484,8484,8167,317,0,4587,8484,-888888888,6419,3513,3513,3387,1805,961,3600,2563,8130,6407,1365,10,59,180,109,23.6,8167,1837,1339,1781,1891,1319,8167,2128,528,611,48,003,142,979,550,145,282,398,1259,683,286,176,8167,7269,604,287,7,5573,272,188,260,505,645,828,1003,1046,401,425,76158,92927,4866,93239,1163,19869,616,40933,255,9739,43,2391,359,4273,137,86,97,442,364,678,889,816,350,414,83799,102156,30673,1300,43715,54705,40940,65913,37705,17943,14393,11374,4137,3550,5973,1242,10246,7865,7565,6093,5915,384,1472,300,128,100,28,172,2381,1717,1359,385,664,-888888888,-888888888,-888888888,-888888888,-888888888,-888888888,-888888888,-888888888,-888888888,-888888888,-888888888,-888888888,-888888888,-888888888,-888888888,-888888888,-888888888,-888888888,-888888888
2019,Gonzales County; Texas,15641,9119,9119,8813,306,0,6522,9119,-888888888,7839,3953,3953,3756,1798,967,3572,2552,8795,6865,1082,45,306,139,358,24.8,8813,1965,1314,1799,1494,2241,8813,1049,738,1489,48,177,450,919,516,48,326,423,1449,630,346,430,8813,6692,1333,754,34,7364,355,457,799,858,939,1603,809,850,346,348,53577,76060,5590,73661,2620,17939,1283,20305,343,9332,97,1885,1319,5414,142,161,441,631,760,1181,696,779,309,314,62407,86964,27407,1950,26392,41850,31563,41589,32140,20450,16647,10865,7605,3803,5805,520,11384,8308,8087,6094,5884,284,1993,221,123,62,61,98,3076,1934,963,1037,1142,-888888888,-888888888,-888888888,-888888888,-888888888,-888888888,-888888888,-888888888,-888888888,-888888888,-888888888,-888888888,-888888888,-888888888,-888888888,-888888888,-888888888,-888888888,-888888888
2019,Lynn County; Texas,4419,2572,2570,2398,172,2,1847,2570,-888888888,2118,1034,1032,984,436,250,1007,637,2337,1870,303,0,73,0,91,20.0,2398,796,376,446,459,321,2398,345,166,99,48,305,197,270,143,20,74,102,649,139,77,117,2398,1783,413,193,9,2154,179,190,343,180,342,281,185,280,71,103,43382,65295,1532,70892,855,17972,291,20760,78,9717,35,2026,388,1535,105,87,173,72,273,242,166,252,71,94,56098,77852,24917,619,19358,31300,30325,42566,30500,5789,4708,3363,2115,1081,1657,294,3145,2325,2181,1752,1684,167,429,144,90,81,9,54,820,518,370,244,302,-888888888,-888888888,-888888888,-888888888,-888888888,-888888888,-888888888,-888888888,-888888888,-888888888,-888888888,-888888888,-888888888,-888888888,-888888888,-888888888,-888888888,-888888888,-888888888
2019,Zapata County; Texas,10027,5828,5828,5220,608,0,4199,5828,-888888888,5150,2422,2422,2022,1538,967,3065,1720,4910,3333,1186,0,180,7,204,21.4,5220,1003,1389,804,1042,982,5220,1047,574,116,48,505,0,339,245,0,235,214,1330,356,405,359,5220,3378,1076,750,16,4503,656,356,657,668,601,621,256,334,183,171,33952,60551,3317,67470,1569,15552,694,11142,316,7824,123,823,1404,3284,318,183,395,523,534,468,207,327,158,171,42396,72069,20169,1219,15943,27432,21689,39539,27946,14267,10199,5007,6115,4068,4930,647,7397,5480,4953,2896,2602,340,2057,527,150,8,142,377,1917,950,438,512,967,-888888888,-888888888,-888888888,-888888888,-888888888,-888888888,-888888888,-888888888,-888888888,-888888888,-888888888,-888888888,-888888888,-888888888,-888888888,-888888888,-888888888,-888888888,-888888888
2019,Hood County; Texas,47445,25800,25784,24812,972,16,21645,25784,-888888888,24551,11353,11353,10729,3574,2177,7534,4836,24593,21353,1507,52,117,140,1424,33.6,24812,8401,3452,5097,3061,4801,24812,1146,2471,1468,48,221,723,3980,2084,346,1529,2445,4959,1225,1199,1237,24812,19674,2619,2411,108,22152,1117,747,2163,1840,2978,3787,2603,3804,1689,1424,64041,89286,15273,91315,9916,22187,5664,30713,849,12680,181,2545,1435,15880,380,312,781,983,2074,2949,2127,3471,1466,1337,79373,104859,35606,6272,28892,47350,37323,54825,40012,57636,49058,36780,20770,8578,12852,1691,30727,22743,22027,17306,16837,897,4721,716,460,341,159,256,7984,6093,4327,2302,1891,-888888888,-888888888,-888888888,-888888888,-888888888,-888888888,-888888888,-888888888,-888888888,-888888888,-888888888,-888888888,-888888888,-888888888,-888888888,-888888888,-888888888,-888888888,-888888888
2019,King County; Texas,167,126,126,113,13,0,41,126,-888888888,85,48,48,48,7,0,56,31,113,83,11,6,4,3,6,14.7,113,39,26,17,21,10,113,56,11,0,48,269,0,4,4,0,0,0,25,0,0,13,113,83,20,10,0,77,0,4,0,13,19,16,14,7,3,1,52083,66635,75,60339,20,21740,7,15443,0,-666666666,6,-999999999,6,47,0,3,0,10,10,11,2,7,3,1,50417,68857,26199,30,66667,63150,37250,39306,45625,237,227,167,69,10,70,3,142,111,98,95,92,3,3,13,13,13,0,0,31,27,8,19,4,-888888888,-888888888,-888888888,-888888888,-888888888,-888888888,-888888888,-888888888,-888888888,-888888888,-888888888,-888888888,-888888888,-888888888,-888888888,-888888888,-888888888,-888888888,-888888888
2019,Cherokee County; Texas,40263,21592,21592,20251,1341,0,18671,21592,-888888888,19707,9963,9963,9397,4096,2486,8400,5730,19977,15748,3042,52,278,165,692,25.1,20251,5825,3759,3957,2876,3834,20251,1354,2041,2325,48,073,260,2310,965,237,728,1244,5688,1204,873,1022,20251,14678,4132,1392,49,18138,1144,1079,2272,1942,2957,3360,2115,2092,796,381,48186,62730,13267,64279,6625,18573,3695,23409,1130,9180,318,2567,2736,13250,471,546,1441,1243,2033,2757,1869,1787,739,364,57513,71069,22391,4888,27130,36983,27830,44601,32761,49386,39989,28094,19088,9397,14207,1705,26728,19665,18534,13774,13084,1125,4760,1131,329,177,177,802,7063,5102,3205,2577,1961,-888888888,-888888888,-888888888,-888888888,-888888888,-888888888,-888888888,-888888888,-888888888,-888888888,-888888888,-888888888,-888888888,-888888888,-888888888,-888888888,-888888888,-888888888,-888888888
2019,Delta County; Texas,4158,2255,2255,2188,67,0,1903,2255,-888888888,2120,1017,1017,1004,322,203,836,589,2083,1855,112,6,11,25,74,33.1,2188,844,353,361,274,356,2188,130,162,304,48,119,67,257,96,29,132,93,570,122,112,114,2188,1531,415,238,4,1999,141,108,136,252,338,313,294,227,111,79,51038,70369,1444,71441,899,18675,481,22595,110,10243,22,1632,245,1416,55,35,54,172,261,244,215,190,111,79,61889,82290,27667,583,30398,40206,31045,68966,38750,5183,4597,3428,1977,586,1291,73,2902,1987,1923,1691,1613,133,232,64,7,7,0,57,915,691,412,365,224,-888888888,-888888888,-888888888,-888888888,-888888888,-888888888,-888888888,-888888888,-888888888,-888888888,-888888888,-888888888,-888888888,-888888888,-888888888,-888888888,-888888888,-888888888,-888888888
2019,Jones County; Texas,16915,5170,5161,4994,167,9,11745,5161,-888888888,5935,2996,2993,2888,897,401,2205,1546,4946,3883,628,1,122,53,259,22.8,4994,1808,1038,923,482,743,4994,433,312,232,48,253,230,402,325,32,380,295,1533,176,236,408,4994,3500,973,521,0,5696,313,406,539,662,913,1111,660,677,279,136,50344,67098,4085,67684,2224,19426,1468,23059,450,11376,66,5745,713,4019,82,202,253,408,551,906,578,634,279,126,62553,79454,18081,1677,25829,34843,25398,46500,37887,12839,10849,7743,5150,1990,3578,448,6405,4562,4420,3441,3386,189,979,142,31,26,14,111,1843,1392,866,647,451,-888888888,-888888888,-888888888,-888888888,-888888888,-888888888,-888888888,-888888888,-888888888,-888888888,-888888888,-888888888,-888888888,-888888888,-888888888,-888888888,-888888888,-888888888,-888888888
2019,Jim Wells County; Texas,30694,16897,16897,16016,881,0,13797,16897,-888888888,15802,7646,7646,7331,3666,1709,7243,4234,15712,13187,1524,0,436,186,379,28.4,16016,4311,3006,3438,2580,2681,16016,2505,1455,990,48,249,132,2137,833,22,456,1148,3817,1080,702,739,16016,12448,2460,1097,11,12987,1422,858,1838,1566,1574,2084,1407,1269,603,366,41505,62079,9171,67770,4755,17879,2067,20632,1214,8340,183,2850,2254,9256,426,351,1051,1173,1230,1841,1296,1070,542,276,55182,72620,21510,3731,18458,31172,26781,46453,26568,40584,33174,21753,14267,7410,12289,904,22458,15712,14877,11162,10794,543,3715,835,287,209,100,548,6746,4530,2386,2491,2216,-888888888,-888888888,-888888888,-888888888,-888888888,-888888888,-888888888,-888888888,-888888888,-888888888,-888888888,-888888888,-888888888,-888888888,-888888888,-888888888,-888888888,-888888888,-888888888
2019,Dallam County; Texas,5233,3772,3772,3700,72,0,1461,3772,-888888888,2498,1596,1596,1554,653,393,1489,1122,3622,2996,514,0,64,4,44,14.0,3700,919,770,486,562,963,3700,795,246,437,48,111,94,220,264,0,78,54,421,797,95,199,3700,2862,427,400,11,2364,43,61,253,254,346,539,383,328,84,73,58811,83942,2102,83939,591,18880,282,15354,88,7793,12,-999999999,218,1711,21,11,143,101,303,381,304,297,79,71,69018,97532,27491,653,34783,45677,30836,46133,31553,7262,5041,3946,1670,2221,2479,832,3999,3294,3240,2164,2121,100,1076,54,28,10,18,26,705,418,289,133,287,-888888888,-888888888,-888888888,-888888888,-888888888,-888888888,-888888888,-888888888,-888888888,-888888888,-888888888,-888888888,-888888888,-888888888,-888888888,-888888888,-888888888,-888888888,-888888888
2019,Fort Bend County; Texas,578238,387130,386796,367035,19761,334,191108,386796,-888888888,297776,177519,177476,169012,61151,38392,143996,100804,360412,293852,33923,5656,1689,3463,21829,33.5,367035,185246,45253,81397,23105,32034,367035,18775,21825,32433,48,157,12309,41559,18892,5768,25220,48110,89976,26308,15410,10450,367035,301245,43256,21988,546,237883,7437,4244,10912,12732,20284,35682,29748,48657,29417,38770,97743,125289,210106,123471,51155,21451,34312,31127,7381,10649,2867,3970,16409,195729,4688,1919,6553,9311,14576,26776,25827,42109,27054,36916,108211,136099,39994,42154,51860,68993,45437,71109,53824,760164,671511,569349,151163,88653,221599,15534,457918,360644,343162,298594,292187,12137,44568,17482,12348,11189,1441,5134,97274,76782,65658,14955,20492,-888888888,-888888888,-888888888,-888888888,-888888888,-888888888,-888888888,-888888888,-888888888,-888888888,-888888888,-888888888,-888888888,-888888888,-888888888,-888888888,-888888888,-888888888,-888888888
2019,Irion County; Texas,1216,721,705,664,41,16,495,705,-888888888,579,280,264,257,92,49,333,181,680,577,24,7,16,0,56,22.6,664,197,58,133,104,172,664,176,54,14,48,235,25,33,46,0,15,24,83,89,50,55,664,466,139,59,0,682,42,50,52,106,96,107,101,90,27,11,47500,66890,530,66923,194,21802,97,23068,17,-999999999,0,-666666666,35,445,0,23,27,33,81,73,101,69,27,11,70972,83564,28487,237,30335,30963,37022,62548,33836,1604,1368,1078,439,236,449,93,882,619,585,494,482,12,91,34,17,17,0,17,263,228,187,41,35,-888888888,-888888888,-888888888,-888888888,-888888888,-888888888,-888888888,-888888888,-888888888,-888888888,-888888888,-888888888,-888888888,-888888888,-888888888,-888888888,-888888888,-888888888,-888888888
2019,Willacy County; Texas,16862,8863,8863,7639,1224,0,7999,8863,-888888888,7529,3592,3592,3152,1546,1103,3231,2037,7622,6346,656,0,274,36,310,21.5,7639,1500,2000,1678,1402,1059,7639,923,558,298,48,489,14,803,381,270,224,441,2295,568,346,518,7639,5636,1341,651,11,5782,819,485,880,663,813,986,591,374,91,80,35521,47742,4135,50157,2013,15376,954,21421,647,9516,176,2870,1292,4524,542,290,642,547,661,864,493,334,91,60,39966,50842,14888,1258,16724,32764,21697,32969,24411,20335,14729,7161,8779,5606,5687,623,11733,8194,7103,4464,4061,569,2639,1091,387,131,256,704,3539,1952,645,1419,1587,-888888888,-888888888,-888888888,-888888888,-888888888,-888888888,-888888888,-888888888,-888888888,-888888888,-888888888,-888888888,-888888888,-888888888,-888888888,-888888888,-888888888,-888888888,-888888888
2019,Dawson County; Texas,9947,4764,4764,4489,275,0,5183,4764,-888888888,4488,2388,2388,2214,960,704,2059,1462,4299,3302,666,0,104,44,183,16.9,4489,1144,904,969,785,687,4489,659,300,216,48,115,108,476,257,35,227,240,1187,279,237,268,4489,3034,1005,445,5,4322,391,382,813,349,564,605,437,491,154,136,43239,61585,3193,62648,1540,17149,574,18584,393,10031,95,4964,656,2889,165,71,554,276,294,472,336,473,132,116,54596,73293,20084,1433,19002,35123,26086,50449,27336,11065,9226,5764,4583,1839,3476,352,5775,4186,3928,3030,2755,341,898,258,161,54,107,97,1589,1135,520,690,454,-888888888,-888888888,-888888888,-888888888,-888888888,-888888888,-888888888,-888888888,-888888888,-888888888,-888888888,-888888888,-888888888,-888888888,-888888888,-888888888,-888888888,-888888888,-888888888
2019,Burleson County; Texas,14610,8223,8223,7823,400,0,6387,8223,-888888888,7435,3462,3462,3322,1093,780,2555,1561,7561,6122,816,25,59,120,419,28.4,7823,2089,1062,1598,1610,1464,7823,883,828,914,48,051,251,749,406,27,224,525,1771,389,510,346,7823,5446,1559,778,40,6810,367,388,599,456,1057,1382,964,1037,330,230,57731,75799,4946,76946,2543,21492,1508,28624,296,9672,79,5194,610,4752,170,88,312,199,765,992,820,896,305,205,72225,89083,30086,2058,31892,42932,35350,50241,39671,17888,15169,11263,6438,2719,4233,456,10089,7367,7055,5595,5365,362,1460,312,213,100,113,99,2722,2024,1237,899,698,-888888888,-888888888,-888888888,-888888888,-888888888,-888888888,-888888888,-888888888,-888888888,-888888888,-888888888,-888888888,-888888888,-888888888,-888888888,-888888888,-888888888,-888888888,-888888888
2019,Nueces County; Texas,282358,176695,175046,165051,9995,1649,105663,175046,-888888888,144930,80602,80244,75293,27271,16626,56603,39187,163959,136479,15883,1954,2659,2104,4880,19.8,165051,50422,34150,37051,22432,20996,165051,4274,17133,10368,48,355,3674,18927,7791,2162,9627,14859,37623,19543,9337,9733,165051,128188,24734,11796,333,129451,8790,7446,12826,12983,16085,22731,16718,18832,7104,5936,55919,74953,102763,75947,39095,17501,21821,25162,8664,8866,1978,2532,21414,87543,4049,2741,7455,7662,10684,15255,12981,15333,5921,5462,68174,86354,27740,41908,33247,46981,31517,49172,35704,356637,295803,208404,120801,60834,95568,8478,211271,160768,152618,116755,109564,10709,35863,8150,4288,2569,1831,3862,50503,38059,22594,18380,12444,-888888888,-888888888,-888888888,-888888888,-888888888,-888888888,-888888888,-888888888,-888888888,-888888888,-888888888,-888888888,-888888888,-888888888,-888888888,-888888888,-888888888,-888888888,-888888888
2019,Rains County; Texas,9781,5214,5214,5002,212,0,4567,5214,-888888888,4952,2324,2324,2275,714,459,1366,940,4897,3844,736,0,11,77,229,35.7,5002,1315,805,1111,770,1001,5002,175,766,542,48,379,226,563,314,34,278,499,922,316,273,94,5002,3776,488,732,6,4330,327,99,543,489,659,552,785,558,131,187,51579,71527,2675,81006,2050,20633,1225,23782,249,9152,93,4606,482,3062,77,29,262,336,426,489,618,519,131,175,69225,84095,27938,1268,24942,38266,31135,48866,40692,11703,9429,6361,4827,2274,2424,311,6413,4682,4508,3166,2885,338,1342,174,39,36,9,135,1731,1300,663,765,431,-888888888,-888888888,-888888888,-888888888,-888888888,-888888888,-888888888,-888888888,-888888888,-888888888,-888888888,-888888888,-888888888,-888888888,-888888888,-888888888,-888888888,-888888888,-888888888
2019,Real County; Texas,2630,1141,1141,1125,16,0,1489,1141,-888888888,1466,646,646,639,254,132,300,172,1069,735,103,0,76,36,119,15.6,1125,332,265,293,179,56,1125,123,139,4,48,385,2,137,48,15,66,66,256,196,73,0,1125,818,81,226,0,1126,122,76,198,157,210,163,110,55,21,14,35862,48276,607,47135,654,19292,356,27246,100,11027,0,-666666666,126,675,25,13,105,54,141,160,87,55,21,14,49950,63596,18235,451,18719,23034,21792,30515,23319,3308,2429,1409,1693,879,922,148,1456,972,956,430,403,52,526,16,0,0,0,16,484,305,90,220,179,-888888888,-888888888,-888888888,-888888888,-888888888,-888888888,-888888888,-888888888,-888888888,-888888888,-888888888,-888888888,-888888888,-888888888,-888888888,-888888888,-888888888,-888888888,-888888888
2019,Sterling County; Texas,907,643,643,631,12,0,264,643,-888888888,418,258,258,246,63,57,271,251,623,506,13,0,0,96,8,17.1,631,157,100,159,79,136,631,171,41,6,48,431,18,111,52,0,12,13,140,23,15,29,631,428,151,52,0,458,10,13,10,41,109,138,27,65,35,10,59868,73677,404,72499,112,13092,48,12925,9,-999999999,0,-666666666,26,357,6,0,6,31,71,111,33,54,35,10,70884,82907,28757,101,40313,39359,40139,70690,35667,1194,920,692,348,274,424,102,642,567,555,398,389,26,157,12,12,12,0,0,75,60,53,7,15,-888888888,-888888888,-888888888,-888888888,-888888888,-888888888,-888888888,-888888888,-888888888,-888888888,-888888888,-888888888,-888888888,-888888888,-888888888,-888888888,-888888888,-888888888,-888888888
2019,Carson County; Texas,4704,3000,3000,2932,68,0,1704,3000,-888888888,2452,1438,1438,1372,457,260,905,618,2891,2277,381,0,71,0,162,23.3,2932,1220,318,621,411,362,2932,347,336,279,48,065,34,248,205,23,114,174,672,108,158,234,2932,2020,670,237,5,2288,77,79,160,230,244,356,318,488,198,138,74872,89245,1787,93192,701,19924,518,26590,52,11406,0,-666666666,102,1602,47,19,67,72,133,247,279,420,188,130,96535,106961,34708,686,35556,45781,42343,59444,39677,5972,5381,4596,1404,591,1561,84,3318,2665,2597,2298,2258,44,299,68,15,15,0,53,653,498,406,130,155,-888888888,-888888888,-888888888,-888888888,-888888888,-888888888,-888888888,-888888888,-888888888,-888888888,-888888888,-888888888,-888888888,-888888888,-888888888,-888888888,-888888888,-888888888,-888888888
2019,Freestone County; Texas,15866,7388,7356,7036,320,32,8478,7356,-888888888,7638,3427,3427,3254,1323,743,2937,1949,6911,5937,630,4,59,34,247,27.1,7036,1885,1483,1409,1033,1226,7036,881,583,507,48,161,151,644,505,66,447,472,1415,583,428,354,7036,5146,1224,653,13,6758,442,402,927,821,809,1007,776,865,454,255,49471,69203,4584,76444,2876,18187,1331,22852,379,6851,265,5045,920,4677,150,185,484,582,544,625,637,784,444,242,63450,82867,24621,2081,25566,35396,34866,53970,34651,18047,15494,10874,7222,2553,4700,561,9713,6695,6395,5297,4988,511,1098,300,92,41,53,208,3018,2336,1351,1151,682,-888888888,-888888888,-888888888,-888888888,-888888888,-888888888,-888888888,-888888888,-888888888,-888888888,-888888888,-888888888,-888888888,-888888888,-888888888,-888888888,-888888888,-888888888,-888888888
2019,Hardeman County; Texas,3224,1843,1843,1701,142,0,1381,1843,-888888888,1641,862,862,809,201,120,488,388,1695,1276,372,0,12,35,0,15.1,1701,524,354,316,277,230,1701,251,82,153,48,197,29,116,111,8,113,28,469,162,78,101,1701,1141,423,120,17,1596,124,110,297,147,221,298,148,202,10,39,41859,55938,1152,55685,822,16333,347,16134,138,7917,40,1693,254,1054,70,5,139,92,170,226,121,182,10,39,53707,68307,24078,542,20417,30083,21153,47862,28600,3935,3390,2279,1716,545,865,44,2225,1527,1400,1075,1018,67,325,127,35,16,19,92,698,614,276,412,84,-888888888,-888888888,-888888888,-888888888,-888888888,-888888888,-888888888,-888888888,-888888888,-888888888,-888888888,-888888888,-888888888,-888888888,-888888888,-888888888,-888888888,-888888888,-888888888
2019,Briscoe County; Texas,1245,630,630,600,30,0,615,630,-888888888,562,228,228,226,52,40,146,98,586,436,34,0,12,17,87,20.7,600,160,84,158,133,65,600,130,51,24,48,045,6,74,57,0,34,43,82,39,25,35,600,381,114,99,6,602,40,11,133,72,97,106,63,46,23,11,40227,55863,420,54402,285,18480,111,26546,9,-999999999,2,-999999999,56,374,19,3,36,48,59,89,48,40,22,10,54300,68756,23933,228,21750,33050,28472,40139,28594,1457,1120,849,540,337,248,19,837,567,537,346,338,10,191,30,21,19,2,9,270,152,107,51,118,-888888888,-888888888,-888888888,-888888888,-888888888,-888888888,-888888888,-888888888,-888888888,-888888888,-888888888,-888888888,-888888888,-888888888,-888888888,-888888888,-888888888,-888888888,-888888888
2019,Liberty County; Texas,64174,33078,33072,30771,2301,6,31096,33072,-888888888,32772,13069,13069,12143,6942,3756,13447,7598,30270,25853,2437,98,193,440,1249,37.0,30771,7012,4746,6493,5997,6523,30771,1300,4949,4520,48,291,984,3149,2557,238,937,2085,5347,1855,1646,1204,30771,24436,4325,1941,69,26873,1703,1168,3348,3079,3651,5094,3709,2897,1182,1042,51494,68334,20345,72310,9384,19111,4043,21399,1730,8909,435,3022,4451,19314,774,464,1571,1980,2786,4073,3040,2587,1105,934,60951,78244,23461,7559,26187,38811,35077,51780,38909,76291,61189,40637,26854,15102,22852,3226,42833,30407,28359,22039,20505,2546,6320,2048,903,635,283,1145,12426,8179,4879,3797,4247,-888888888,-888888888,-888888888,-888888888,-888888888,-888888888,-888888888,-888888888,-888888888,-888888888,-888888888,-888888888,-888888888,-888888888,-888888888,-888888888,-888888888,-888888888,-888888888
2019,Loving County; Texas,73,33,33,33,0,0,40,33,-888888888,28,8,8,8,25,0,0,0,33,27,0,0,0,0,6,-999999999.0,33,10,0,2,0,21,33,13,0,0,48,301,12,2,0,0,6,0,0,0,0,0,33,11,6,16,0,30,0,3,0,2,6,3,2,13,0,1,83750,105773,22,77350,21,15700,6,14700,0,-666666666,0,-666666666,3,20,0,0,0,0,4,3,2,11,0,0,102917,85320,33624,10,-666666666,146680,-666666666,-666666666,-666666666,98,86,83,25,12,25,0,48,33,33,21,21,0,12,0,0,0,0,0,15,15,15,0,0,-888888888,-888888888,-888888888,-888888888,-888888888,-888888888,-888888888,-888888888,-888888888,-888888888,-888888888,-888888888,-888888888,-888888888,-888888888,-888888888,-888888888,-888888888,-888888888
2019,Robertson County; Texas,13382,7918,7913,7385,528,5,5464,7913,-888888888,6983,3690,3690,3425,1220,911,2660,2024,7229,5709,1085,4,128,154,149,27.1,7385,1992,1417,1534,1162,1280,7385,739,688,746,48,395,111,938,546,118,96,479,1864,483,277,300,7385,5142,1620,623,0,6444,471,330,668,755,914,1240,620,1065,157,224,52928,67904,4786,65250,2246,18915,1400,29567,486,9714,127,3544,1117,4573,111,155,357,456,656,998,536,974,137,193,63468,76965,26033,1871,26358,43527,27308,47500,30765,16796,14568,10335,6403,2228,4250,356,9397,7075,6593,5599,5220,443,994,482,128,47,81,354,2322,1798,982,926,524,-888888888,-888888888,-888888888,-888888888,-888888888,-888888888,-888888888,-888888888,-888888888,-888888888,-888888888,-888888888,-888888888,-888888888,-888888888,-888888888,-888888888,-888888888,-888888888
2019,Rusk County; Texas,42888,22857,22821,21176,1645,36,20031,22821,-888888888,19752,10027,10027,9397,3479,2020,7541,4787,20872,18222,1560,52,194,171,673,26.8,21176,6289,3557,3830,3242,4258,21176,2599,1517,2490,48,401,525,2092,1471,125,643,1705,4465,1564,992,988,21176,16648,2822,1592,114,18108,1087,952,1881,1680,2708,3393,2478,2269,783,877,55234,72751,13757,72820,6601,18664,3378,27561,1126,10379,303,4333,2134,13070,424,309,997,1149,2124,2644,1905,2009,761,748,64068,82990,26658,5038,27039,42990,30904,52976,33763,48945,39952,29462,16254,8993,12809,1634,27763,20652,19204,15054,14462,893,4150,1448,633,476,178,815,7111,4855,3173,2132,2256,-888888888,-888888888,-888888888,-888888888,-888888888,-888888888,-888888888,-888888888,-888888888,-888888888,-888888888,-888888888,-888888888,-888888888,-888888888,-888888888,-888888888,-888888888,-888888888
2019,Trinity County; Texas,11985,5514,5514,5117,397,0,6471,5514,-888888888,6283,2536,2536,2382,925,564,1834,1090,4993,4045,460,41,127,26,294,36.5,5117,1583,950,991,857,736,5117,384,634,327,48,455,100,624,295,40,158,342,1012,382,205,614,5117,3547,1038,507,25,6030,464,417,820,946,797,1203,563,386,327,107,41357,58110,3481,61326,3009,19096,1856,27453,466,13784,96,3150,765,4118,270,178,350,587,620,945,457,295,309,107,50823,68242,25026,1912,24412,34572,30332,44537,31596,14466,11593,6701,7005,2873,3141,599,7608,4895,4520,3300,3030,375,1220,375,128,57,80,247,2713,1926,962,1192,787,-888888888,-888888888,-888888888,-888888888,-888888888,-888888888,-888888888,-888888888,-888888888,-888888888,-888888888,-888888888,-888888888,-888888888,-888888888,-888888888,-888888888,-888888888,-888888888
2019,Bandera County; Texas,18895,9912,9910,9475,435,2,8983,9910,-888888888,9692,4978,4978,4798,950,498,2645,1836,9092,7050,1315,6,166,8,547,37.6,9475,3003,1763,2423,1540,746,9475,713,1130,486,48,019,376,1126,287,150,622,666,2059,608,816,436,9475,6865,1410,1200,0,8399,364,502,835,623,1140,1828,1263,1077,393,374,58661,73521,5801,68077,4103,20763,2820,31580,316,9672,91,4287,655,5852,183,247,410,333,694,1393,915,1005,339,333,67216,83910,29561,2547,36223,43903,26247,43971,34828,22036,18227,14044,8992,3809,3905,524,12365,8695,8290,6231,6072,518,2059,405,113,100,24,292,3670,2744,1776,1174,926,-888888888,-888888888,-888888888,-888888888,-888888888,-888888888,-888888888,-888888888,-888888888,-888888888,-888888888,-888888888,-888888888,-888888888,-888888888,-888888888,-888888888,-888888888,-888888888
2019,Childress County; Texas,6093,3106,3106,2853,253,0,2987,3106,-888888888,2300,1284,1284,1186,292,107,932,738,2820,2311,308,0,103,19,79,15.8,2853,967,661,418,399,408,2853,233,269,202,48,075,18,244,164,0,73,174,842,80,181,373,2853,1768,730,355,0,2407,254,56,285,347,427,413,211,195,179,40,43181,61372,1910,57094,861,16786,382,24097,102,8675,28,-999999999,185,1547,76,0,135,241,230,384,181,142,118,40,63298,71183,21233,860,30956,41043,28269,41066,30341,5747,4706,3869,1758,1041,1346,43,3490,2729,2484,1809,1750,167,675,245,87,61,83,158,761,596,286,341,165,-888888888,-888888888,-888888888,-888888888,-888888888,-888888888,-888888888,-888888888,-888888888,-888888888,-888888888,-888888888,-888888888,-888888888,-888888888,-888888888,-888888888,-888888888,-888888888
2019,Comal County; Texas,113369,68978,68573,66229,2344,405,44391,68573,-888888888,57935,31416,31257,30177,9283,6048,21393,13954,65484,52983,5428,157,1128,920,4868,31.8,66229,27171,9983,15685,6762,6628,66229,1174,6970,4248,48,091,2117,8021,2916,1275,4326,8057,13657,7201,3095,3172,66229,52286,9057,4627,259,51367,1945,1249,2767,3917,5770,8327,7832,9132,4610,5818,79936,104209,39895,97708,17181,21469,14285,38909,1960,10980,607,2585,2326,38230,730,605,1526,2333,3694,5493,5932,8160,4434,5323,93758,118676,38991,13137,42879,57639,38795,56286,46312,140424,124303,104611,40780,16121,34003,2898,81438,62337,60329,51371,50059,3445,8958,2008,1454,1071,427,554,19101,15533,12620,4990,3568,-888888888,-888888888,-888888888,-888888888,-888888888,-888888888,-888888888,-888888888,-888888888,-888888888,-888888888,-888888888,-888888888,-888888888,-888888888,-888888888,-888888888,-888888888,-888888888
2019,Houston County; Texas,18999,8381,8381,8227,154,0,10618,8381,-888888888,8538,4050,4050,3998,1356,819,2763,1938,8166,7077,527,0,87,45,430,27.6,8227,2467,1720,1555,895,1590,8227,821,529,627,48,225,102,873,535,110,347,392,2098,482,503,808,8227,5709,1593,916,9,8252,733,611,1281,1230,1384,1442,762,542,123,144,37904,51799,5557,51519,3755,17946,1979,21473,521,8761,188,1677,1148,5419,218,189,782,699,1061,1108,609,503,120,130,47624,60732,19129,2833,20925,32441,24414,33263,26095,19877,16914,10960,8526,2963,4701,333,10600,7604,7452,5614,5324,473,1838,152,108,74,34,44,2996,2253,1232,1160,743,-888888888,-888888888,-888888888,-888888888,-888888888,-888888888,-888888888,-888888888,-888888888,-888888888,-888888888,-888888888,-888888888,-888888888,-888888888,-888888888,-888888888,-888888888,-888888888
2019,Navarro County; Texas,37608,22745,22738,21085,1653,7,14863,22738,-888888888,19296,10265,10265,9416,3754,2187,8063,5130,20410,16890,2283,76,218,128,815,27.5,21085,6125,3813,3950,2831,4366,21085,797,1994,3483,48,349,444,2425,1157,429,717,1210,4399,1697,1239,1094,21085,16012,3040,1905,128,17338,1457,781,2083,1971,2603,3194,1895,1935,791,628,48529,65225,13116,66516,6507,18658,3529,20276,775,9451,270,5484,2938,12347,700,261,1120,1230,1860,2586,1663,1611,717,599,57856,75088,23786,4991,27373,37900,27479,40553,33819,48192,39301,26744,17466,8891,13398,1733,26927,20209,18951,14810,14078,1108,4141,1258,389,176,217,869,6718,4600,2586,2359,2118,-888888888,-888888888,-888888888,-888888888,-888888888,-888888888,-888888888,-888888888,-888888888,-888888888,-888888888,-888888888,-888888888,-888888888,-888888888,-888888888,-888888888,-888888888,-888888888
2019,Scurry County; Texas,13222,7169,7169,6880,289,0,6053,7169,-888888888,5952,2878,2878,2799,1361,681,2497,1885,6793,5669,878,0,73,123,50,15.9,6880,1446,1369,1392,1371,1302,6880,1308,729,184,48,415,115,932,431,45,307,405,1176,623,330,295,6880,5124,965,787,4,5941,206,349,597,835,736,1027,928,790,320,153,54326,69818,4696,69786,1888,18630,1254,16969,152,13448,74,2378,393,4004,12,96,384,451,391,908,757,569,288,148,67450,80722,24552,1937,32012,43351,31356,51320,31563,15590,12640,9642,4656,2950,4678,761,8416,6232,6043,4589,4519,162,1454,189,30,14,16,159,2184,1608,1097,679,576,-888888888,-888888888,-888888888,-888888888,-888888888,-888888888,-888888888,-888888888,-888888888,-888888888,-888888888,-888888888,-888888888,-888888888,-888888888,-888888888,-888888888,-888888888,-888888888
2019,Stonewall County; Texas,1113,652,650,633,17,2,461,650,-888888888,550,308,308,296,142,54,199,140,620,538,49,0,12,19,2,16.9,633,192,89,123,126,103,633,137,41,0,48,433,20,67,96,0,28,8,161,30,7,38,633,460,132,41,0,580,38,26,101,69,49,112,89,43,38,15,51250,62955,415,66542,228,14905,136,15993,43,6060,12,-999999999,68,374,0,3,60,27,42,79,73,37,38,15,70385,79617,25638,206,22826,29614,28250,62917,27461,1427,1227,915,513,200,429,87,729,563,546,460,455,16,86,17,17,9,8,0,166,139,134,44,27,-888888888,-888888888,-888888888,-888888888,-888888888,-888888888,-888888888,-888888888,-888888888,-888888888,-888888888,-888888888,-888888888,-888888888,-888888888,-888888888,-888888888,-888888888,-888888888
2019,Bastrop County; Texas,65347,38605,38605,36296,2309,0,26742,38605,-888888888,32224,17495,17495,16507,6058,3403,14336,9520,35462,28560,4090,43,552,671,1546,34.0,36296,11610,5983,7280,6268,5155,36296,989,5348,3412,48,021,608,3916,3041,488,1403,3130,7001,2435,1802,2723,36296,26783,6621,2664,228,25571,1418,1033,2118,2089,3042,4569,3550,4357,2188,1207,64597,82676,19867,81523,8663,19291,5924,30323,1151,9745,561,1249,2632,18606,816,293,1139,1129,2111,3645,2994,3459,2013,1007,76371,91363,27773,6965,33501,52830,32669,47538,38445,82357,68907,52930,26734,13450,22563,2096,47946,36144,34143,27171,25918,2515,6972,2001,989,782,207,1012,11802,8564,6085,3876,3238,-888888888,-888888888,-888888888,-888888888,-888888888,-888888888,-888888888,-888888888,-888888888,-888888888,-888888888,-888888888,-888888888,-888888888,-888888888,-888888888,-888888888,-888888888,-888888888
2019,Bee County; Texas,26560,10905,10905,10038,867,0,15655,10905,-888888888,9752,4953,4953,4562,2145,1031,4350,2365,9851,8245,1018,0,171,202,215,20.9,10038,2255,2936,1922,1141,1784,10038,844,447,384,48,025,256,1462,773,102,368,373,1948,1031,560,1490,10038,6804,2614,596,24,8269,818,464,1110,919,1291,1430,744,902,307,284,44578,63623,6196,62279,2834,18272,1502,24930,805,9021,114,921,1321,5752,422,194,647,675,943,1172,570,649,209,271,49952,71182,18340,2517,28894,42243,25108,44008,30180,24977,20187,13577,9439,4790,7156,763,14064,9814,8953,7019,6763,605,1934,861,240,211,42,621,4250,2849,1419,1658,1401,-888888888,-888888888,-888888888,-888888888,-888888888,-888888888,-888888888,-888888888,-888888888,-888888888,-888888888,-888888888,-888888888,-888888888,-888888888,-888888888,-888888888,-888888888,-888888888
2019,Crane County; Texas,3499,2174,2174,2144,30,0,1325,2174,-888888888,1738,770,770,756,386,171,982,506,2100,1680,341,40,20,8,11,29.2,2144,517,324,368,610,325,2144,650,203,83,48,103,35,108,143,31,55,86,506,81,58,105,2144,1734,364,40,6,1421,94,23,115,116,155,294,169,305,75,75,65969,79907,1199,83830,324,18985,257,15957,47,12066,0,-666666666,104,1134,46,7,88,117,86,254,129,261,71,75,72652,86276,27893,287,35972,44055,33372,61957,29375,4706,3997,3309,1066,709,1550,184,2551,1975,1945,1595,1505,98,350,30,27,18,9,3,576,404,352,59,172,-888888888,-888888888,-888888888,-888888888,-888888888,-888888888,-888888888,-888888888,-888888888,-888888888,-888888888,-888888888,-888888888,-888888888,-888888888,-888888888,-888888888,-888888888,-888888888
2019,Polk County; Texas,40205,20383,20381,18869,1512,2,19822,20381,-888888888,18267,8920,8918,8447,2915,1886,6187,4619,18476,14831,2063,90,182,462,848,32.0,18869,4521,3900,4302,3230,2916,18869,939,2655,1653,48,373,269,2219,1228,97,863,1388,3656,1886,832,1184,18869,13939,3112,1794,24,18033,1414,1157,1792,2180,2581,3619,1836,1978,794,682,49279,65557,12388,65681,7638,19935,4245,23980,1222,11847,418,3469,2936,12586,758,560,1020,1206,1574,2848,1505,1873,628,614,58073,75631,25164,5447,28208,37294,29258,47222,31414,45390,37114,24056,18962,8276,10399,945,26373,18473,17125,12651,11720,1409,4474,1348,630,319,336,718,7900,5766,3306,3139,2134,-888888888,-888888888,-888888888,-888888888,-888888888,-888888888,-888888888,-888888888,-888888888,-888888888,-888888888,-888888888,-888888888,-888888888,-888888888,-888888888,-888888888,-888888888,-888888888
2019,Refugio County; Texas,5658,2974,2974,2770,204,0,2684,2974,-888888888,2925,1251,1251,1151,492,283,1048,814,2694,2256,309,0,47,5,77,22.6,2770,673,732,564,372,429,2770,318,308,201,48,391,49,389,139,12,134,155,519,232,155,159,2770,2066,522,182,0,2547,180,192,279,254,366,568,343,222,101,42,50076,61935,1839,61907,1120,17720,591,21469,185,8896,46,3648,348,1741,90,58,157,122,254,421,333,190,83,33,61142,68245,24248,806,26265,44538,25564,40784,34083,6981,5872,4081,2764,1109,1788,197,3734,2611,2418,1876,1803,108,542,193,87,82,5,106,1123,859,454,460,264,-888888888,-888888888,-888888888,-888888888,-888888888,-888888888,-888888888,-888888888,-888888888,-888888888,-888888888,-888888888,-888888888,-888888888,-888888888,-888888888,-888888888,-888888888,-888888888
2019,Van Zandt County; Texas,44007,23405,23395,22235,1160,10,20602,23395,-888888888,22623,10210,10210,9590,3552,1686,7826,4866,21843,17679,2518,11,410,173,1052,35.8,22235,6828,4074,4854,3429,3050,22235,1624,2106,2256,48,467,507,2999,1050,332,1101,1823,4908,1718,1093,718,22235,16974,2964,2200,97,20156,1119,739,2411,2039,2734,4087,2703,2595,914,815,54654,74068,14455,74056,8248,20216,4637,25737,1352,9917,315,2115,2534,14699,537,227,1292,1344,1892,3171,2411,2266,863,696,64004,84423,27900,5457,28975,43001,31916,46879,36079,54486,44634,31564,20925,9852,13409,1782,30370,21238,20292,15070,14541,1144,5222,946,496,395,119,450,9132,6779,4301,3319,2353,-888888888,-888888888,-888888888,-888888888,-888888888,-888888888,-888888888,-888888888,-888888888,-888888888,-888888888,-888888888,-888888888,-888888888,-888888888,-888888888,-888888888,-888888888,-888888888
2019,Caldwell County; Texas,33483,19073,19073,18566,507,0,14410,19073,-888888888,16686,8355,8355,8114,3199,1719,6002,4324,18378,14641,1952,0,725,357,703,32.4,18566,4826,3291,4126,3670,2653,18566,731,3062,1418,48,055,365,2200,754,257,910,1598,3265,1436,1063,1507,18566,13859,3260,1403,44,13460,960,695,1257,1397,1774,2782,1757,1611,682,545,54152,73546,10546,74356,4339,18562,2968,24670,747,8280,206,1785,1424,9619,576,309,732,812,1075,2257,1413,1386,631,428,62105,80519,25086,3841,31069,44563,30206,40935,33277,40074,30693,22135,12680,9381,10506,1700,24116,17416,16944,12425,12037,727,4519,472,282,202,87,190,6700,3844,2588,1799,2856,-888888888,-888888888,-888888888,-888888888,-888888888,-888888888,-888888888,-888888888,-888888888,-888888888,-888888888,-888888888,-888888888,-888888888,-888888888,-888888888,-888888888,-888888888,-888888888
2019,Wilbarger County; Texas,10313,6538,6519,6153,366,19,3775,6519,-888888888,5262,3036,3017,2892,766,682,1742,1369,6089,4803,1074,3,87,57,65,14.0,6153,1703,1724,1104,689,933,6153,480,236,719,48,487,161,445,349,35,242,341,2008,605,334,198,6153,4170,1497,452,34,5180,322,360,723,537,829,906,711,497,172,123,45302,59547,3945,56953,2119,15702,1027,22770,356,6363,74,828,994,3252,143,123,353,294,636,588,434,459,169,53,54840,66778,23696,1928,25197,41276,27984,40733,30811,12633,10771,7585,5210,1862,3159,232,7179,5493,5264,4077,3945,185,1187,229,152,75,77,77,1686,1320,436,1007,366,-888888888,-888888888,-888888888,-888888888,-888888888,-888888888,-888888888,-888888888,-888888888,-888888888,-888888888,-888888888,-888888888,-888888888,-888888888,-888888888,-888888888,-888888888,-888888888
2019,Martin County; Texas,4068,2601,2601,2483,118,0,1467,2601,-888888888,1964,996,996,980,560,237,1159,713,2464,2050,205,0,94,9,106,19.0,2483,787,291,513,534,358,2483,597,170,105,48,317,43,244,204,43,100,43,546,226,90,72,2483,1915,339,215,14,1694,57,8,158,189,243,300,180,246,180,133,66610,91265,1372,92682,465,20068,224,18962,56,10395,37,3519,114,1245,23,0,44,109,214,219,170,190,177,99,81688,101432,30548,449,34425,61590,36406,52335,44922,5593,4982,3840,1564,611,1850,108,3081,2432,2330,2001,1960,64,329,102,87,46,41,15,649,506,369,141,143,-888888888,-888888888,-888888888,-888888888,-888888888,-888888888,-888888888,-888888888,-888888888,-888888888,-888888888,-888888888,-888888888,-888888888,-888888888,-888888888,-888888888,-888888888,-888888888
2019,Red River County; Texas,10121,5362,5362,5012,350,0,4759,5362,-888888888,5349,2675,2675,2544,593,317,1484,1040,4954,4152,424,0,100,86,192,28.8,5012,1327,1034,953,827,871,5012,309,364,815,48,387,99,316,247,22,296,209,1413,325,188,409,5012,3629,1029,344,10,4963,428,552,592,675,617,942,487,511,106,53,39142,52213,3343,54649,2110,17356,1172,20136,225,9445,108,4044,549,3284,233,227,315,353,361,720,425,494,106,50,52079,62941,22689,1679,25019,29697,26813,42475,35810,11974,10254,6931,5099,1720,2612,173,6528,4806,4460,3670,3507,310,790,346,117,67,50,229,1722,1194,680,728,528,-888888888,-888888888,-888888888,-888888888,-888888888,-888888888,-888888888,-888888888,-888888888,-888888888,-888888888,-888888888,-888888888,-888888888,-888888888,-888888888,-888888888,-888888888,-888888888
2019,Yoakum County; Texas,6004,3783,3783,3617,166,0,2221,3783,-888888888,2938,1350,1350,1263,944,308,1811,761,3549,2609,771,0,102,42,25,21.0,3617,877,534,544,1139,523,3617,1117,270,46,48,501,96,233,411,118,76,170,557,225,156,142,3617,2824,534,256,3,2617,62,186,135,151,324,742,297,389,180,151,70005,80243,2179,86369,725,17854,78,23514,62,6440,48,2365,155,1985,22,53,60,79,242,561,288,349,180,151,73576,91951,24582,632,29600,42739,39905,62972,34821,8631,6225,4812,1893,2406,2929,845,4711,3465,3309,2466,2381,119,843,156,49,49,0,107,1246,658,587,87,588,-888888888,-888888888,-888888888,-888888888,-888888888,-888888888,-888888888,-888888888,-888888888,-888888888,-888888888,-888888888,-888888888,-888888888,-888888888,-888888888,-888888888,-888888888,-888888888
2019,Hale County; Texas,25606,15073,15073,14355,718,0,10533,15073,-888888888,12147,6569,6569,6304,2669,1856,6076,4406,13882,11847,1363,57,172,28,415,17.1,14355,3838,2657,3084,2015,2761,14355,1226,1063,1055,48,189,519,2239,974,71,632,770,3142,1001,803,860,14355,10885,2382,1031,57,10933,990,503,1068,1343,1834,2211,1355,1081,336,212,48384,60390,8497,62203,3250,17726,1454,25654,494,10040,185,2452,1545,7877,377,191,574,928,1272,1799,1215,1037,308,176,55272,69066,20986,3056,24983,35248,30185,42515,32478,32100,25590,18012,10133,6510,9812,1107,18028,13737,13080,9969,9736,441,3111,657,267,221,46,390,4291,2421,1132,1374,1870,-888888888,-888888888,-888888888,-888888888,-888888888,-888888888,-888888888,-888888888,-888888888,-888888888,-888888888,-888888888,-888888888,-888888888,-888888888,-888888888,-888888888,-888888888,-888888888
2019,Shelby County; Texas,19445,10452,10452,9650,802,0,8993,10452,-888888888,9846,4361,4361,3917,1952,1184,3965,2224,9592,7794,1222,0,142,100,334,25.5,9650,2239,1579,1801,1958,2073,9650,1207,1094,1330,48,419,176,1041,434,90,382,384,1976,719,508,309,9650,7297,1247,1045,61,9293,995,612,1159,1091,1459,1796,633,1085,162,301,42522,57887,6569,61450,3701,17398,1898,18036,584,8909,139,3901,1618,6756,626,211,671,750,1128,1440,476,1019,162,273,49894,65621,21950,2537,20618,32745,27830,42700,32153,25178,19709,12958,9572,5469,7128,1063,13777,9578,8790,6288,5953,402,2502,788,348,155,198,440,4199,2791,1884,1274,1408,-888888888,-888888888,-888888888,-888888888,-888888888,-888888888,-888888888,-888888888,-888888888,-888888888,-888888888,-888888888,-888888888,-888888888,-888888888,-888888888,-888888888,-888888888,-888888888
2019,Runnels County; Texas,8185,4554,4552,4438,114,2,3631,4552,-888888888,4120,1991,1989,1969,579,421,1539,1213,4398,3606,508,12,117,28,127,23.4,4438,1426,812,903,623,674,4438,539,368,505,48,399,64,473,246,87,148,302,1126,275,171,134,4438,3113,862,447,16,3896,276,246,506,500,614,650,398,413,184,109,44940,61133,2822,64101,1643,17135,745,22430,259,6881,60,3410,424,2691,150,51,299,246,527,469,319,344,184,102,55034,71393,24402,1205,25349,34605,30596,41887,31752,10065,8699,6505,3804,1366,2537,144,5534,4196,4108,3315,3209,195,793,88,53,16,37,35,1338,954,626,429,384,-888888888,-888888888,-888888888,-888888888,-888888888,-888888888,-888888888,-888888888,-888888888,-888888888,-888888888,-888888888,-888888888,-888888888,-888888888,-888888888,-888888888,-888888888,-888888888
2019,Sutton County; Texas,2895,1893,1893,1752,141,0,1002,1893,-888888888,1407,744,744,680,376,213,619,505,1737,1460,110,0,20,7,140,14.7,1752,533,250,412,342,215,1752,468,152,87,48,435,71,206,76,0,59,72,245,169,62,85,1752,1294,264,183,11,1412,130,25,155,155,182,267,195,214,72,17,54306,66252,1198,66490,410,18849,145,19705,40,7680,0,-666666666,98,996,75,0,81,83,139,207,153,186,55,17,60792,74093,26904,416,32396,46227,32058,53634,29826,3808,3130,2313,1259,678,1045,83,2072,1641,1508,1213,1169,70,295,133,56,56,0,77,431,222,170,83,209,-888888888,-888888888,-888888888,-888888888,-888888888,-888888888,-888888888,-888888888,-888888888,-888888888,-888888888,-888888888,-888888888,-888888888,-888888888,-888888888,-888888888,-888888888,-888888888
2019,Tom Green County; Texas,92733,59823,56717,54481,2236,3106,32910,56717,-888888888,46650,27067,26339,24980,9097,5834,17744,13263,57043,45511,5521,118,2229,1256,2408,17.8,54481,17191,10149,13477,7270,6394,54481,3501,4616,3090,48,451,1108,7160,1886,1113,2956,4475,13962,4525,2783,3306,54481,41432,9037,3867,145,43314,2469,1965,4688,4809,6398,7803,5356,5898,2026,1902,53903,75019,34280,74037,12698,18594,8176,25498,2392,9837,1264,2194,4236,27669,884,594,1843,2272,4290,5346,4001,5054,1823,1562,68942,89232,29505,15645,31194,47788,30433,45602,32145,113076,97618,77445,34461,15458,29706,2679,65978,51281,49464,41290,39990,2727,8174,1817,772,438,438,1045,14697,11191,7583,4692,3506,-888888888,-888888888,-888888888,-888888888,-888888888,-888888888,-888888888,-888888888,-888888888,-888888888,-888888888,-888888888,-888888888,-888888888,-888888888,-888888888,-888888888,-888888888,-888888888
2019,Victoria County; Texas,71266,44681,44672,42129,2543,9,26585,44672,-888888888,36730,20727,20727,19288,7129,4956,14787,10476,41594,33150,5211,439,636,408,1750,19.8,42129,13072,7873,9459,5190,6535,42129,2108,3199,4533,48,469,1550,5941,1934,435,1883,3012,10479,3794,1716,1545,42129,33606,5293,3122,108,32255,1924,1449,3367,3166,4377,5388,4251,4771,1936,1626,56834,78901,25074,79075,10448,19212,5829,24535,2178,8975,586,2612,3942,22412,862,694,1797,1844,2898,3930,3497,3827,1679,1384,68569,87603,29199,9843,33716,53758,31072,51322,33382,91105,75783,55982,29063,15322,24591,2849,52398,41106,38772,30528,29183,2317,8244,2334,897,743,200,1437,11292,8561,5272,3911,2731,-888888888,-888888888,-888888888,-888888888,-888888888,-888888888,-888888888,-888888888,-888888888,-888888888,-888888888,-888888888,-888888888,-888888888,-888888888,-888888888,-888888888,-888888888,-888888888
2019,Wharton County; Texas,31992,19113,19113,18127,986,0,12879,19113,-888888888,16463,8494,8494,7989,3285,2242,6946,4983,17687,15459,1616,20,145,102,345,23.6,18127,4779,3080,3906,3267,3095,18127,2012,1728,1731,48,481,493,2266,1105,145,868,922,4184,1028,785,860,18127,14429,2639,991,68,15199,1268,1000,1899,1475,2186,2581,1460,2185,846,299,48310,67704,11474,68183,5195,16883,2502,20172,989,8007,391,1584,2224,10555,506,393,990,936,1456,2094,1070,2122,725,263,61433,79580,25298,4644,24451,38438,31135,42360,32281,41228,33497,24075,13681,7731,11542,1857,22916,16977,16097,12703,12416,489,3394,880,315,241,74,565,5939,4128,2619,1944,1811,-888888888,-888888888,-888888888,-888888888,-888888888,-888888888,-888888888,-888888888,-888888888,-888888888,-888888888,-888888888,-888888888,-888888888,-888888888,-888888888,-888888888,-888888888,-888888888
2019,Wichita County; Texas,105181,65017,58628,55764,2864,6389,40164,58628,-888888888,50346,28714,27962,26523,9501,6222,17816,12596,60792,46819,5001,349,5254,1124,2245,15.5,55764,18392,11529,11475,6412,7956,55764,1771,3724,4837,48,485,1054,7046,2861,1073,2529,3653,13930,6439,3250,3597,55764,41780,10707,3137,140,48356,4626,2759,5261,5030,7087,8999,5757,5865,1754,1218,48650,63778,36816,63411,15715,16722,9556,25261,3359,9912,1157,2264,6504,30464,1640,878,2282,2693,4133,6565,4505,5058,1639,1071,63857,77992,24872,17892,27816,37282,26927,41861,33289,117060,100580,75904,41017,16480,31017,2650,68186,51804,49475,39968,38066,3838,9507,2329,1352,783,641,977,16382,13064,8099,6334,3318,-888888888,-888888888,-888888888,-888888888,-888888888,-888888888,-888888888,-888888888,-888888888,-888888888,-888888888,-888888888,-888888888,-888888888,-888888888,-888888888,-888888888,-888888888,-888888888
2019,Borden County; Texas,452,237,237,231,6,0,215,237,-888888888,233,91,91,89,103,36,76,57,230,161,25,0,29,5,10,25.4,231,104,22,36,45,24,231,65,37,6,48,033,3,9,9,0,14,13,45,0,10,20,231,150,36,45,0,227,10,7,11,16,23,48,31,50,18,13,72188,88236,167,80536,92,18734,63,15554,8,-999999999,0,-666666666,12,166,0,0,0,13,19,33,25,50,18,8,96071,100122,34028,61,-666666666,55890,45750,61500,42778,613,579,487,198,34,184,8,262,198,194,177,174,9,17,4,4,4,0,0,64,55,39,16,9,-888888888,-888888888,-888888888,-888888888,-888888888,-888888888,-888888888,-888888888,-888888888,-888888888,-888888888,-888888888,-888888888,-888888888,-888888888,-888888888,-888888888,-888888888,-888888888
2019,Marion County; Texas,8439,4137,4117,3715,402,20,4302,4117,-888888888,4319,1920,1920,1760,499,228,1091,451,3700,3086,338,11,20,34,211,30.7,3715,956,658,861,524,716,3715,175,349,519,48,315,161,526,174,41,157,232,906,257,132,86,3715,2920,444,345,6,4715,452,433,669,696,800,619,389,328,150,179,37662,58450,2921,66597,2368,17318,1145,17243,386,8245,177,1760,952,2912,137,114,255,393,587,494,345,298,140,149,48585,70000,27566,1803,21347,39326,29250,45978,30132,9886,8741,5851,4746,1145,1891,140,5485,3637,3256,2778,2504,336,478,381,168,88,80,213,1848,1548,854,841,300,-888888888,-888888888,-888888888,-888888888,-888888888,-888888888,-888888888,-888888888,-888888888,-888888888,-888888888,-888888888,-888888888,-888888888,-888888888,-888888888,-888888888,-888888888,-888888888
2019,Maverick County; Texas,42051,23957,23935,21733,2202,22,18094,23935,-888888888,21291,10520,10520,9537,6063,3598,11287,7010,21352,17419,3028,42,205,213,445,22.5,21733,3817,6771,4794,2504,3847,21733,1600,1499,840,48,323,505,2871,2089,159,883,574,5310,2864,642,1897,21733,16790,3793,1108,42,16286,1777,1585,2220,1833,2004,2588,1923,1652,602,102,39625,53367,12619,57711,5170,13343,1413,19828,2010,6756,292,2210,5039,13446,1156,918,1718,1560,1849,2351,1733,1538,535,88,44563,57079,16779,2840,14928,32079,22238,43071,22401,57962,39935,21821,19958,18027,19502,4419,31807,22560,20516,12819,12068,953,7697,2044,780,549,231,1264,9247,4669,2246,2500,4578,-888888888,-888888888,-888888888,-888888888,-888888888,-888888888,-888888888,-888888888,-888888888,-888888888,-888888888,-888888888,-888888888,-888888888,-888888888,-888888888,-888888888,-888888888,-888888888
2019,Grayson County; Texas,103292,63998,63897,60989,2908,101,39294,63897,-888888888,53614,30333,30333,28846,9106,5601,19932,14824,59942,47613,7018,196,960,861,3294,25.1,60989,18572,11563,13975,6932,9947,60989,980,5555,7574,48,181,1318,7887,3020,696,3763,4937,13543,5858,3416,2442,60989,48681,7492,4730,86,48454,3209,2363,4714,5079,6842,8806,6678,6453,2541,1769,54815,72105,36419,72954,16717,20404,10816,22382,3018,9858,670,1870,5542,32615,1352,746,2065,3083,4272,6240,5418,5585,2265,1589,69181,84704,28011,15839,30508,42523,30554,45405,36728,129692,107069,80656,43120,22623,32702,4307,74732,57790,55221,43046,41266,3112,12175,2569,1273,861,457,1296,16942,12352,7549,6115,4590,-888888888,-888888888,-888888888,-888888888,-888888888,-888888888,-888888888,-888888888,-888888888,-888888888,-888888888,-888888888,-888888888,-888888888,-888888888,-888888888,-888888888,-888888888,-888888888
2019,Live Oak County; Texas,9945,4614,4614,4504,110,0,5331,4614,-888888888,4497,1949,1949,1916,708,396,1602,826,4396,3543,353,0,59,180,261,30.4,4504,1351,649,878,755,871,4504,620,498,321,48,297,42,624,406,34,121,317,502,544,217,258,4504,3254,656,501,93,3752,208,307,358,414,466,617,478,570,159,175,53848,71127,2519,79096,1671,19784,705,17822,323,7906,58,4964,383,2447,74,56,239,271,270,350,429,462,130,166,69232,84669,25370,1305,31947,43676,30451,53152,34167,10723,8808,6150,3919,1915,2670,339,5743,4025,3923,2951,2875,152,972,102,35,27,8,67,1718,1201,727,548,517,-888888888,-888888888,-888888888,-888888888,-888888888,-888888888,-888888888,-888888888,-888888888,-888888888,-888888888,-888888888,-888888888,-888888888,-888888888,-888888888,-888888888,-888888888,-888888888
2019,Palo Pinto County; Texas,22579,12702,12702,11763,939,0,9877,12702,-888888888,11648,5894,5894,5521,1973,1166,4011,2779,11553,9022,1258,39,215,311,708,24.8,11763,3432,2284,2421,1657,1969,11763,782,1266,1310,48,363,341,1158,621,177,588,718,2220,1326,720,536,11763,8965,1594,1156,48,10255,733,448,1530,928,1474,1873,1458,1036,403,372,50154,66155,7360,64810,4105,18941,2081,25287,807,10521,220,1967,1209,6896,346,226,739,581,945,1433,1058,879,372,317,58801,74534,25150,3359,31775,46804,28255,46084,31777,28298,22781,15326,11211,5517,7226,1373,15650,11374,10618,8055,7716,636,2563,756,285,256,68,471,4276,3208,1880,1671,1068,-888888888,-888888888,-888888888,-888888888,-888888888,-888888888,-888888888,-888888888,-888888888,-888888888,-888888888,-888888888,-888888888,-888888888,-888888888,-888888888,-888888888,-888888888,-888888888
2019,Karnes County; Texas,12655,5559,5559,5275,284,0,7096,5559,-888888888,5067,2234,2234,2086,925,430,2020,1430,5245,4332,534,9,39,16,315,21.9,5275,1517,1067,1175,902,614,5275,585,535,438,48,255,120,563,406,38,162,292,1147,218,403,368,5275,3641,1180,454,0,4282,361,182,450,436,474,794,422,498,262,403,56127,89471,2943,71753,1460,17145,933,30084,259,8898,31,3558,468,2815,205,111,256,236,279,398,344,425,229,332,72773,100446,27612,1467,41160,65875,32550,51197,38036,12633,10817,8115,4197,1816,3461,495,7151,5081,4892,4293,4206,194,599,189,121,47,84,68,2070,1418,981,533,652,-888888888,-888888888,-888888888,-888888888,-888888888,-888888888,-888888888,-888888888,-888888888,-888888888,-888888888,-888888888,-888888888,-888888888,-888888888,-888888888,-888888888,-888888888,-888888888
2019,DeWitt County; Texas,16177,8352,8308,7710,598,44,7825,8308,-888888888,7667,3652,3608,3459,1555,918,2634,1746,7678,6497,579,8,75,217,302,25.7,7710,2208,1358,1639,1313,1192,7710,1281,765,642,48,123,163,939,296,39,321,381,1502,514,384,483,7710,5945,1262,488,15,7048,452,538,709,739,841,1111,844,1090,260,464,55357,82821,5068,72330,2698,17905,1317,18593,441,9229,97,4897,991,4995,122,165,376,500,603,907,822,947,199,354,70672,92857,28910,2053,21903,55099,32225,48550,31100,18413,15790,11582,6679,2623,4901,324,9942,7340,6874,5557,5206,499,1317,466,179,146,33,287,2602,1944,1280,753,658,-888888888,-888888888,-888888888,-888888888,-888888888,-888888888,-888888888,-888888888,-888888888,-888888888,-888888888,-888888888,-888888888,-888888888,-888888888,-888888888,-888888888,-888888888,-888888888
2019,Callahan County; Texas,11179,6109,6100,5851,249,9,5070,6100,-888888888,5677,2616,2616,2517,768,491,2078,1206,5802,4896,486,0,52,58,310,27.8,5851,1961,959,1099,967,865,5851,472,609,473,48,059,205,557,373,84,388,453,1303,220,400,314,5851,4290,880,623,58,5367,451,211,727,605,744,1074,682,483,271,119,48651,62737,3397,68059,2226,19970,1409,24647,297,8956,112,872,470,3408,107,50,250,313,462,885,514,475,233,119,63524,79203,26051,1959,23698,32698,29363,42133,30689,13769,11302,8980,4657,2467,3327,467,7649,5407,5225,4050,3897,229,1175,182,93,25,75,89,2242,1522,1116,649,720,-888888888,-888888888,-888888888,-888888888,-888888888,-888888888,-888888888,-888888888,-888888888,-888888888,-888888888,-888888888,-888888888,-888888888,-888888888,-888888888,-888888888,-888888888,-888888888
2019,Cass County; Texas,24014,12354,12352,11412,940,2,11660,12352,-888888888,12682,5910,5908,5412,2001,1304,3996,2553,11335,9979,543,0,110,387,316,24.3,11412,2771,2558,2511,1497,2075,11412,387,960,1221,48,067,466,1580,487,62,387,738,2987,820,738,579,11412,8411,1784,1161,56,11934,942,817,1507,1511,1888,2000,1433,1235,387,214,44848,57311,7584,64029,5122,17989,2842,22567,688,11479,196,1842,1989,8256,431,191,878,985,1295,1649,1150,1200,265,212,54520,66456,23075,3678,24932,34743,31188,43944,30035,29683,25603,17572,12621,4080,7156,505,16211,11326,10540,8602,8030,828,1938,786,383,156,231,403,4885,3739,2175,2081,1146,-888888888,-888888888,-888888888,-888888888,-888888888,-888888888,-888888888,-888888888,-888888888,-888888888,-888888888,-888888888,-888888888,-888888888,-888888888,-888888888,-888888888,-888888888,-888888888
2019,Gregg County; Texas,94960,57889,57807,55110,2697,82,37071,57807,-888888888,49482,27202,27202,26022,10973,6860,19304,12977,54346,45683,5603,44,925,345,1746,20.2,55110,16193,10660,12193,6231,9833,55110,2756,3598,6051,48,183,1510,7095,2781,522,2790,4737,13052,5445,3075,1698,55110,45643,6211,3167,89,45460,3306,2301,4869,5565,6588,8368,5543,5182,2119,1619,50180,69786,36040,68169,14269,18490,7928,21539,3021,9326,545,1225,6886,29627,1641,1151,2312,2748,4203,5654,4081,4590,1801,1446,61112,81763,26535,15833,31431,43725,28139,47053,35513,121085,98727,71345,40498,22358,33604,3880,69865,52671,50276,38083,36295,2504,12193,2395,1169,865,341,1226,17194,12218,7040,5993,4976,-888888888,-888888888,-888888888,-888888888,-888888888,-888888888,-888888888,-888888888,-888888888,-888888888,-888888888,-888888888,-888888888,-888888888,-888888888,-888888888,-888888888,-888888888,-888888888
2019,Madison County; Texas,11524,5053,5053,4882,171,0,6471,5053,-888888888,4757,2719,2719,2599,912,615,1761,1278,4846,3876,665,0,62,32,211,25.0,4882,1343,917,971,885,766,4882,703,424,454,48,313,100,592,229,41,270,241,1048,311,195,274,4882,3571,840,440,31,4269,320,196,489,447,528,928,370,548,221,222,52664,69955,3070,72832,1546,18849,903,21416,313,7901,36,4308,481,2816,89,28,242,241,382,641,323,483,165,222,63471,84592,20748,1453,28411,40641,27158,47806,26578,11105,9391,7149,3663,1714,3111,446,5971,4530,4363,3483,3386,206,880,167,85,83,10,82,1441,1154,754,484,287,-888888888,-888888888,-888888888,-888888888,-888888888,-888888888,-888888888,-888888888,-888888888,-888888888,-888888888,-888888888,-888888888,-888888888,-888888888,-888888888,-888888888,-888888888,-888888888
2019,Lubbock County; Texas,239406,155875,155599,149699,5900,276,83531,155599,-888888888,122412,74492,74459,71615,23164,16017,44408,33481,147866,118323,19003,1199,3069,1726,4546,17.3,149699,55298,28147,34496,13737,18021,149699,3761,9863,7906,48,303,4972,18531,6392,2705,9253,12041,44616,16170,7976,5513,149699,115839,24995,8569,296,113488,9606,5606,11859,11884,15537,19377,13764,15499,5407,4949,52429,73239,93473,71820,28527,18602,16776,26067,5685,9889,1533,2671,13921,69992,3124,1848,5619,5853,8739,12361,10525,12699,4943,4281,69457,89459,27922,43496,30717,43438,27309,48470,35176,300582,261571,205199,86392,39011,79465,6802,185145,142646,137677,116017,111521,7884,21660,4969,3365,2361,1194,1604,42499,33770,24867,11196,8729,-888888888,-888888888,-888888888,-888888888,-888888888,-888888888,-888888888,-888888888,-888888888,-888888888,-888888888,-888888888,-888888888,-888888888,-888888888,-888888888,-888888888,-888888888,-888888888
2019,Kaufman County; Texas,93080,62219,62125,58675,3450,94,30861,62125,-888888888,47881,29009,29009,27351,10426,6932,22212,15848,57844,47360,6508,92,179,1057,2648,36.9,58675,19511,9592,14080,7448,8044,58675,934,5546,5030,48,257,1895,7330,4136,1085,3570,5282,13773,4292,2906,2896,58675,45543,9338,3581,213,38015,1656,1275,2665,2876,4836,6855,4854,8011,3139,1848,70107,86500,31483,86114,10901,19311,7071,26387,1830,9956,481,3184,3948,29787,848,601,1487,1978,3798,5407,3887,7174,2909,1698,79328,94453,28634,8228,37987,51120,37040,53408,43648,122679,105849,83443,33713,16830,36042,2835,72513,57449,54518,45222,43455,3363,9296,2931,1806,1540,425,1125,15064,11633,7601,5362,3431,-888888888,-888888888,-888888888,-888888888,-888888888,-888888888,-888888888,-888888888,-888888888,-888888888,-888888888,-888888888,-888888888,-888888888,-888888888,-888888888,-888888888,-888888888,-888888888
2019,Kendall County; Texas,34621,21477,21454,20605,849,23,13144,21454,-888888888,17762,9521,9521,9265,2529,1403,7403,4755,20354,15400,2037,81,510,327,1999,32.5,20605,8722,3369,4612,2007,1895,20605,656,1759,1595,48,259,521,2363,645,199,1885,2669,4092,1978,1662,581,20605,16237,1955,2375,38,14253,393,225,727,1193,1141,2454,1950,2465,1474,2231,84747,130088,11338,117926,4988,24106,3735,33857,560,9589,163,4175,641,11030,255,57,263,718,784,1803,1531,2209,1303,2107,101793,143095,45866,3223,45120,80520,36184,62166,42314,43339,39124,33293,12497,4215,11190,939,24168,18927,18200,15843,15216,1070,2357,727,542,413,178,185,5241,4556,4129,916,685,-888888888,-888888888,-888888888,-888888888,-888888888,-888888888,-888888888,-888888888,-888888888,-888888888,-888888888,-888888888,-888888888,-888888888,-888888888,-888888888,-888888888,-888888888,-888888888
2019,Floyd County; Texas,4399,2630,2630,2499,131,0,1769,2630,-888888888,2265,1151,1151,1105,402,226,1034,711,2415,2044,171,34,33,14,119,18.8,2499,683,521,431,476,388,2499,469,127,81,48,153,31,279,253,0,133,145,609,160,99,113,2499,1874,412,213,0,2271,148,131,269,178,387,526,310,225,53,44,50580,59595,1729,58157,859,18214,290,18113,123,8289,17,1106,367,1595,82,36,132,132,256,429,245,211,28,44,54702,66851,23617,676,27115,39807,29422,42458,30833,5766,4528,3110,2174,1238,1612,243,3107,2410,2304,1581,1502,96,723,106,29,11,22,77,697,502,348,207,195,-888888888,-888888888,-888888888,-888888888,-888888888,-888888888,-888888888,-888888888,-888888888,-888888888,-888888888,-888888888,-888888888,-888888888,-888888888,-888888888,-888888888,-888888888,-888888888
2019,Bailey County; Texas,5359,3389,3389,3305,84,0,1970,3389,-888888888,2602,1443,1443,1373,586,426,1308,1004,3101,2177,291,0,144,318,171,16.7,3305,643,309,827,771,755,3305,656,171,276,48,017,76,602,302,27,184,131,345,176,228,131,3305,2613,352,320,20,2054,26,142,138,381,290,433,272,227,96,49,52273,65794,1626,68240,657,20384,341,15498,120,15930,10,-999999999,257,1439,1,18,48,246,155,438,206,182,110,35,62517,77194,21945,615,26226,30840,28522,41505,29229,6887,5429,3627,2625,1458,2102,240,3853,3073,3002,1914,1777,154,1088,71,0,0,0,71,780,721,410,465,59,-888888888,-888888888,-888888888,-888888888,-888888888,-888888888,-888888888,-888888888,-888888888,-888888888,-888888888,-888888888,-888888888,-888888888,-888888888,-888888888,-888888888,-888888888,-888888888
2019,Chambers County; Texas,30788,20103,20044,18917,1127,59,10685,20044,-888888888,15324,8170,8170,7611,3294,1836,7612,5123,18871,16974,825,36,400,223,413,29.0,18917,7246,1909,3620,2683,3459,18917,587,2103,3779,48,071,676,1579,1683,140,1046,1338,3607,1241,689,449,18917,15096,2551,1238,32,14069,642,477,1225,895,1312,1590,1760,2813,1907,1448,91141,102629,11220,108871,3644,20697,2377,29325,457,9537,234,7034,1152,11307,510,248,659,445,809,1381,1477,2806,1783,1189,105451,111856,35916,2762,29696,46266,44832,77500,42151,41023,36374,30075,9723,4649,12199,668,24396,18416,17497,15152,14823,623,2345,919,821,624,265,98,5980,4458,3747,1139,1522,-888888888,-888888888,-888888888,-888888888,-888888888,-888888888,-888888888,-888888888,-888888888,-888888888,-888888888,-888888888,-888888888,-888888888,-888888888,-888888888,-888888888,-888888888,-888888888
2019,Bell County; Texas,261258,171278,152754,141131,11623,18524,89980,152754,-888888888,131610,77461,75277,69291,33902,20903,58531,38766,156345,125801,17357,731,4014,1904,6538,21.2,141131,48294,28470,31813,13905,18649,141131,1194,10456,7806,48,027,3182,16481,7007,1600,7192,13853,37424,13505,7209,14222,141131,102510,31144,7134,343,122689,8070,4895,11263,12900,17583,25318,16970,16620,4770,4300,54884,71507,99252,66993,29322,18385,28484,27924,5862,10179,1570,2338,16653,84974,3555,2402,5691,8468,11160,18297,13411,14171,4218,3601,64505,80881,26677,37715,35866,46203,30549,44095,35961,327097,287440,226651,106602,39657,101188,5779,190261,141604,130967,109821,103009,16894,21146,10637,6852,5057,2482,3785,48657,40056,28683,18361,8601,-888888888,-888888888,-888888888,-888888888,-888888888,-888888888,-888888888,-888888888,-888888888,-888888888,-888888888,-888888888,-888888888,-888888888,-888888888,-888888888,-888888888,-888888888,-888888888
2019,Cameron County; Texas,307002,171180,171010,161127,9883,170,135822,171010,-888888888,160197,79781,79766,75734,40634,21649,81589,47560,159411,135021,13120,1126,2264,2181,5699,19.9,161127,44504,43736,36137,18109,18641,161127,3227,12240,9203,48,061,3300,19501,8033,1867,6992,13018,51400,15381,8627,8338,161127,118272,27750,14768,337,124605,14163,9856,18308,15674,15531,20590,12443,11587,3605,2848,38758,55520,95056,57103,39216,15233,17232,23176,10522,9311,2805,2793,30361,97748,8136,6373,13383,12533,12839,17133,10930,10590,3233,2598,44593,60520,17430,26857,20418,33463,23161,33589,28276,419669,300505,160018,161936,119164,137451,21774,227768,160526,151540,94506,88096,8508,57034,8986,2789,1693,1151,6197,67242,34940,17391,19231,32302,-888888888,-888888888,-888888888,-888888888,-888888888,-888888888,-888888888,-888888888,-888888888,-888888888,-888888888,-888888888,-888888888,-888888888,-888888888,-888888888,-888888888,-888888888,-888888888
2019,Deaf Smith County; Texas,13442,8786,8786,8450,336,0,4656,8786,-888888888,6780,3628,3628,3452,1912,940,3741,2572,8176,7024,737,83,44,27,261,14.9,8450,1946,1322,1328,1638,2216,8450,1182,647,1705,48,117,131,951,534,32,184,364,1188,536,662,334,8450,6816,1010,576,48,6145,306,408,575,574,1237,1050,919,797,180,99,49701,62666,5167,62578,1457,17049,571,21325,388,7877,18,-999999999,852,4522,195,240,306,361,955,783,718,700,172,92,55694,68600,21616,1623,32047,42242,31524,43315,31826,18532,14889,10506,5852,3643,6296,698,9999,7959,7718,5708,5534,343,2010,241,52,52,0,189,2040,1378,919,653,662,-888888888,-888888888,-888888888,-888888888,-888888888,-888888888,-888888888,-888888888,-888888888,-888888888,-888888888,-888888888,-888888888,-888888888,-888888888,-888888888,-888888888,-888888888,-888888888
2019,El Paso County; Texas,632578,392893,375063,352290,22773,17830,239685,375063,-888888888,324963,177809,175686,164218,72860,42426,145768,96680,361986,292210,38347,4982,5792,8142,12513,23.7,352290,109424,74002,89101,32219,47544,352290,3778,22292,23040,48,141,9335,41741,25189,6418,16800,38161,90199,35617,14878,24842,352290,261831,68570,21181,708,268310,23001,16022,32780,30621,38757,51177,29137,30060,9899,6856,46871,62721,216394,62901,72637,15190,41503,24207,17643,7946,5913,2649,55986,195343,11115,8213,21099,22161,29839,39345,23327,25573,8863,5808,52412,69134,21683,72967,28103,41512,26337,39564,32391,811690,646843,427876,274703,164847,242360,23423,471392,351648,330757,241592,227096,23691,89165,20891,9716,6768,3648,11175,119744,81424,52075,35642,38320,-888888888,-888888888,-888888888,-888888888,-888888888,-888888888,-888888888,-888888888,-888888888,-888888888,-888888888,-888888888,-888888888,-888888888,-888888888,-888888888,-888888888,-888888888,-888888888
2019,La Salle County; Texas,6164,2779,2779,2684,95,0,3385,2779,-888888888,2488,1193,1193,1153,323,154,1068,505,2584,2211,163,0,75,63,72,27.1,2684,664,545,436,729,310,2684,643,120,121,48,283,22,327,123,0,81,102,704,236,22,183,2684,2021,498,165,0,2269,215,248,354,59,255,627,253,72,90,96,50151,69533,1437,64875,1042,15970,307,13624,236,17527,11,-999999999,294,1629,115,44,216,54,262,471,209,75,87,96,54498,85366,21110,640,14032,21835,24484,37098,30531,6460,5243,3560,2326,1217,1511,164,3686,2643,2548,1775,1766,22,773,95,54,54,0,41,1043,806,372,449,237,-888888888,-888888888,-888888888,-888888888,-888888888,-888888888,-888888888,-888888888,-888888888,-888888888,-888888888,-888888888,-888888888,-888888888,-888888888,-888888888,-888888888,-888888888,-888888888
2019,Terrell County; Texas,777,360,360,357,3,0,417,360,-888888888,414,174,174,171,40,18,95,53,357,294,36,0,0,0,27,25.5,357,125,81,44,49,58,357,33,29,19,48,443,0,7,32,8,11,65,86,6,23,38,357,179,120,58,0,418,52,11,70,32,95,41,42,68,7,0,43208,53102,230,67502,204,16725,100,16818,0,-666666666,4,-999999999,8,253,14,0,33,15,51,41,24,68,7,0,54485,68258,25687,165,21827,29863,38242,76979,30372,896,811,675,403,85,135,0,468,311,308,254,251,14,54,3,0,0,0,3,157,129,97,90,28,-888888888,-888888888,-888888888,-888888888,-888888888,-888888888,-888888888,-888888888,-888888888,-888888888,-888888888,-888888888,-888888888,-888888888,-888888888,-888888888,-888888888,-888888888,-888888888
2019,Tyler County; Texas,17905,7640,7640,6600,1040,0,10265,7640,-888888888,8123,3480,3480,2987,1046,639,2786,1943,6457,5240,487,0,100,343,287,31.9,6600,1567,1409,1527,1050,1047,6600,648,551,534,48,457,72,903,167,17,366,617,1164,413,566,582,6600,5037,1210,350,3,7100,540,562,861,854,957,1444,834,785,160,103,44497,56879,4298,64023,3609,18974,1858,19890,539,11046,59,2690,1208,4774,193,265,300,495,673,1113,803,712,128,92,60565,68266,20249,2326,23322,32168,30443,52411,35089,18863,15684,10508,8371,3179,4375,296,9996,6711,5848,4321,4162,449,1527,863,268,112,156,595,3285,2539,1072,1680,746,-888888888,-888888888,-888888888,-888888888,-888888888,-888888888,-888888888,-888888888,-888888888,-888888888,-888888888,-888888888,-888888888,-888888888,-888888888,-888888888,-888888888,-888888888,-888888888
2019,Wheeler County; Texas,4101,2605,2602,2482,120,3,1496,2602,-888888888,2063,1136,1136,1090,433,215,858,626,2449,2116,215,0,50,43,25,21.2,2482,615,511,651,448,257,2482,439,180,81,48,483,71,248,185,5,58,133,472,297,207,106,2482,1677,458,336,11,2183,113,177,239,215,359,360,334,232,91,63,49315,65413,1791,62037,682,18345,325,20580,58,10176,20,1910,251,1518,93,56,110,193,204,244,260,216,92,50,55769,74339,27093,665,35156,40999,29821,46149,26842,5272,4266,3195,1754,1006,1394,109,2902,2322,2213,1546,1483,80,667,109,45,26,31,64,580,448,343,113,132,-888888888,-888888888,-888888888,-888888888,-888888888,-888888888,-888888888,-888888888,-888888888,-888888888,-888888888,-888888888,-888888888,-888888888,-888888888,-888888888,-888888888,-888888888,-888888888
2019,Archer County; Texas,7097,4577,4567,4438,129,10,2520,4567,-888888888,3531,2023,2023,1964,538,452,1313,953,4361,3688,263,14,29,72,295,18.9,4438,1527,641,1034,537,699,4438,423,369,319,48,009,114,543,199,42,246,364,1133,224,226,236,4438,3343,613,482,0,3452,158,209,353,362,342,572,442,599,208,207,63835,83749,2655,82410,1294,20170,630,26084,116,10465,16,4300,280,2402,92,59,104,226,256,328,387,591,191,168,83672,99886,34617,1050,27578,43554,37264,52438,39027,8655,7536,6038,2898,1119,1972,142,5004,4072,3958,3320,3227,224,638,114,58,40,18,56,932,649,356,408,283,-888888888,-888888888,-888888888,-888888888,-888888888,-888888888,-888888888,-888888888,-888888888,-888888888,-888888888,-888888888,-888888888,-888888888,-888888888,-888888888,-888888888,-888888888,-888888888
2019,Brewster County; Texas,7641,4694,4694,4495,199,0,2947,4694,-888888888,3825,2185,2185,2085,513,405,1030,773,4365,3040,817,0,109,77,322,14.9,4495,1640,850,979,606,420,4495,207,257,108,48,043,74,638,202,190,214,191,1205,562,194,453,4495,2763,1325,382,25,4088,385,319,263,335,934,622,437,495,159,139,47080,63082,3082,60528,1399,18200,846,27561,124,8123,70,869,535,2233,147,65,49,113,402,454,338,422,119,124,65841,82612,28915,1855,33776,38907,30679,45692,38248,9145,7684,6107,2919,1461,1831,125,5262,4229,4037,3091,2988,156,946,192,65,55,15,127,1033,787,486,355,246,-888888888,-888888888,-888888888,-888888888,-888888888,-888888888,-888888888,-888888888,-888888888,-888888888,-888888888,-888888888,-888888888,-888888888,-888888888,-888888888,-888888888,-888888888,-888888888
2019,Hidalgo County; Texas,604559,352862,352489,328097,24392,373,251697,352489,-888888888,313150,159755,159726,149939,90268,48362,180130,103713,321731,257310,27782,1137,3409,13464,18629,22.5,328097,91150,77567,77163,42437,39780,328097,10249,27580,15787,48,215,9456,43523,16220,4065,13151,28921,95234,30820,19121,13970,328097,235034,56084,36584,395,238345,26020,18745,34538,27903,32121,38478,22331,24065,8061,6083,40014,58014,191405,59492,64777,14626,27800,22484,21953,8010,3490,2172,69291,193034,16300,13195,27079,22853,26263,32832,20017,21653,7456,5386,44259,62117,17175,45311,22055,35464,22344,36375,29259,846855,589972,313473,316384,256883,296959,44220,458867,332407,310405,182763,172313,14740,127642,22002,5954,4307,1835,16048,126460,61740,31376,33468,64720,-888888888,-888888888,-888888888,-888888888,-888888888,-888888888,-888888888,-888888888,-888888888,-888888888,-888888888,-888888888,-888888888,-888888888,-888888888,-888888888,-888888888,-888888888,-888888888
2019,Smith County; Texas,177448,107802,107668,101856,5812,134,69646,107668,-888888888,93523,51873,51858,49243,18143,11215,34847,24900,100354,83605,9047,360,915,1601,4826,24.4,101856,34967,19318,22565,10494,14512,101856,3275,7599,7137,48,423,2645,13611,4702,2405,4874,8674,28090,9598,5735,3511,101856,82382,12648,6671,155,77678,5244,3179,8180,6707,10925,14450,10152,10734,4048,4059,56810,77878,58912,79147,25977,19982,13492,26840,4179,10031,1404,3439,8608,53919,2042,1425,4190,4172,7009,10110,8322,9381,3547,3721,69572,90997,28483,23759,32818,45216,30991,47246,35289,225116,188373,143337,74377,36743,59507,6187,129593,97634,92510,73440,70692,4771,19070,5124,2533,1582,1090,2591,31959,23331,15319,10560,8628,-888888888,-888888888,-888888888,-888888888,-888888888,-888888888,-888888888,-888888888,-888888888,-888888888,-888888888,-888888888,-888888888,-888888888,-888888888,-888888888,-888888888,-888888888,-888888888
2019,Crockett County; Texas,2799,1738,1738,1738,0,0,1061,1738,-888888888,1363,739,739,739,216,132,541,373,1738,1378,287,0,18,0,55,29.0,1738,456,227,391,467,197,1738,489,321,19,48,105,20,95,45,0,54,54,409,70,73,89,1738,942,507,289,0,1354,71,77,218,103,210,304,110,165,88,8,47386,62573,1052,54082,388,18013,194,48923,0,-666666666,0,-666666666,111,948,30,49,54,43,157,273,110,165,59,8,57021,73500,26178,406,20992,34676,31237,39861,30114,3418,2701,2033,826,717,846,64,2093,1663,1663,1219,1219,0,444,0,0,0,0,0,430,221,175,46,209,-888888888,-888888888,-888888888,-888888888,-888888888,-888888888,-888888888,-888888888,-888888888,-888888888,-888888888,-888888888,-888888888,-888888888,-888888888,-888888888,-888888888,-888888888,-888888888
2019,Haskell County; Texas,4821,2521,2521,2213,308,0,2300,2521,-888888888,2264,1044,1044,885,268,158,652,504,2163,1700,335,0,53,12,63,17.3,2213,549,440,453,455,316,2213,333,280,45,48,207,17,308,126,10,72,59,360,319,174,110,2213,1460,304,430,19,2146,220,169,334,281,253,424,264,160,22,19,40313,49230,1433,51359,881,18643,373,16384,237,9127,56,1050,412,1423,96,61,193,115,183,344,231,159,22,19,54115,59828,20394,723,21382,26756,25899,36446,29400,5271,4172,2348,2488,1099,1185,95,2875,2140,1882,1238,1149,127,644,258,119,44,75,139,735,553,141,435,182,-888888888,-888888888,-888888888,-888888888,-888888888,-888888888,-888888888,-888888888,-888888888,-888888888,-888888888,-888888888,-888888888,-888888888,-888888888,-888888888,-888888888,-888888888,-888888888
2019,Howard County; Texas,29189,15417,15378,14303,1075,39,13772,15378,-888888888,12693,6858,6834,6315,2444,1777,5253,3834,14115,11185,2258,25,209,168,270,18.8,14303,4067,2690,3116,2186,2244,14303,1879,1100,796,48,227,346,1524,581,210,789,837,3659,1188,631,763,14303,10520,2839,917,27,11064,803,638,994,1235,1486,2029,1491,1538,410,440,54208,73064,8667,68670,3475,16348,2017,20638,493,10772,321,2351,1065,7191,368,326,452,601,1027,1219,1256,1286,362,294,65210,80594,24547,3873,33470,56494,28497,52696,30866,31769,26370,19573,10148,5399,8699,1064,18753,13954,13055,10611,10080,1057,2444,899,337,199,147,562,4799,3484,2170,1683,1315,-888888888,-888888888,-888888888,-888888888,-888888888,-888888888,-888888888,-888888888,-888888888,-888888888,-888888888,-888888888,-888888888,-888888888,-888888888,-888888888,-888888888,-888888888,-888888888
2019,Mills County; Texas,4054,1978,1970,1939,31,8,2076,1970,-888888888,2151,911,911,896,169,85,569,469,1909,1433,212,0,123,19,122,16.3,1939,583,387,402,239,328,1939,133,175,119,48,333,24,301,80,36,149,130,422,159,112,99,1939,1485,263,187,4,1790,169,121,245,116,259,430,131,155,58,106,49306,66818,1113,64153,918,21002,452,27020,70,9056,0,-666666666,117,1160,22,26,143,69,193,305,108,144,44,106,62167,85124,27374,630,21333,31736,25550,36695,31605,4715,3875,3101,1912,840,1003,105,2300,1565,1556,1117,1099,71,439,9,4,0,4,5,735,457,378,143,278,-888888888,-888888888,-888888888,-888888888,-888888888,-888888888,-888888888,-888888888,-888888888,-888888888,-888888888,-888888888,-888888888,-888888888,-888888888,-888888888,-888888888,-888888888,-888888888
2019,Montague County; Texas,15561,8596,8594,8132,462,2,6965,8594,-888888888,7937,3782,3782,3544,1291,779,2788,1895,7992,6711,810,67,80,43,281,24.0,8132,1851,1347,1801,1519,1614,8132,1052,536,814,48,337,158,1044,351,109,483,333,1651,668,541,392,8132,6454,1016,632,30,7800,611,388,876,801,1087,1409,1084,915,381,248,51765,68126,5626,67509,3196,19756,1682,22581,354,9038,94,1844,993,5179,261,111,448,536,589,1080,924,702,321,207,61815,77678,28096,2621,30966,44725,31046,52201,31299,19189,15597,11386,7101,3592,4640,600,10390,7652,7249,5358,5134,341,1891,403,143,131,19,260,2738,1930,1211,828,808,-888888888,-888888888,-888888888,-888888888,-888888888,-888888888,-888888888,-888888888,-888888888,-888888888,-888888888,-888888888,-888888888,-888888888,-888888888,-888888888,-888888888,-888888888,-888888888
2019,Panola County; Texas,18398,10054,10044,9547,497,10,8344,10044,-888888888,9380,4634,4634,4457,1537,937,3578,2332,9458,8237,729,2,244,54,192,25.9,9547,2860,1518,2066,1436,1667,9547,1815,570,574,48,365,191,1092,572,45,404,590,2100,596,440,558,9547,7524,1365,640,18,8637,563,435,1137,943,947,1820,1089,1074,296,333,52982,68305,6160,71997,3375,18977,1597,19084,534,11957,82,2323,1052,6232,231,59,822,696,637,1456,871,890,281,289,59416,75790,26577,2405,25964,44570,31056,52641,31342,23097,19143,13775,8428,3954,5893,909,12988,9119,8646,6772,6592,305,1874,473,199,153,46,274,3869,2972,1758,1462,897,-888888888,-888888888,-888888888,-888888888,-888888888,-888888888,-888888888,-888888888,-888888888,-888888888,-888888888,-888888888,-888888888,-888888888,-888888888,-888888888,-888888888,-888888888,-888888888
2019,Sabine County; Texas,8808,3420,3420,3122,298,0,5388,3420,-888888888,4615,1698,1698,1630,497,198,1286,821,2969,2699,116,0,55,37,62,28.2,3122,766,699,827,436,394,3122,124,268,148,48,403,40,408,218,31,58,211,870,145,419,182,3122,2158,690,238,36,4311,385,303,772,696,465,649,369,382,156,134,34992,57482,2391,63282,2467,19183,1338,20628,322,7740,34,2747,480,2940,229,133,425,389,288,493,331,369,156,127,50185,69252,24870,1371,25308,31478,21650,54951,29526,10382,9083,6056,5311,1299,2056,141,5208,3036,2759,2183,2052,187,576,277,129,79,50,148,2172,1738,990,984,434,-888888888,-888888888,-888888888,-888888888,-888888888,-888888888,-888888888,-888888888,-888888888,-888888888,-888888888,-888888888,-888888888,-888888888,-888888888,-888888888,-888888888,-888888888,-888888888
2019,Sherman County; Texas,2468,1577,1577,1563,14,0,891,1577,-888888888,1159,535,535,521,174,110,487,253,1511,1135,198,0,108,49,21,22.7,1563,415,185,265,392,306,1563,470,150,61,48,421,87,162,154,10,29,67,195,87,60,31,1563,1137,164,262,0,1019,23,23,138,123,174,186,181,104,33,34,51926,82530,856,79041,322,17349,124,21606,15,-999999999,17,-999999999,39,754,28,17,43,97,120,139,152,98,33,27,63194,94957,30467,265,33688,44566,31184,41016,34474,3030,2405,1885,858,625,737,94,1905,1441,1427,1072,971,104,355,14,0,0,0,14,464,302,257,77,162,-888888888,-888888888,-888888888,-888888888,-888888888,-888888888,-888888888,-888888888,-888888888,-888888888,-888888888,-888888888,-888888888,-888888888,-888888888,-888888888,-888888888,-888888888,-888888888
2019,Swisher County; Texas,5819,2954,2954,2783,171,0,2865,2954,-888888888,2672,1289,1289,1238,540,296,1212,889,2651,2153,141,27,199,29,102,21.8,2783,821,602,484,479,397,2783,481,149,147,48,437,88,303,171,25,62,142,606,255,125,229,2783,1849,580,351,3,2505,273,136,408,296,453,361,315,157,62,44,39771,54469,1752,60237,1021,17187,316,15906,206,9792,48,1938,370,1717,107,33,300,203,242,341,276,146,25,44,47043,63099,19697,788,25341,34553,30068,42262,33077,6783,5416,3547,2706,1367,1949,290,3528,2548,2386,1790,1715,163,596,162,86,43,43,76,980,575,240,347,405,-888888888,-888888888,-888888888,-888888888,-888888888,-888888888,-888888888,-888888888,-888888888,-888888888,-888888888,-888888888,-888888888,-888888888,-888888888,-888888888,-888888888,-888888888,-888888888
2019,Hunt County; Texas,74269,43599,43568,41358,2210,31,30670,43568,-888888888,38090,19674,19674,18656,6855,4055,14379,9375,40262,33019,4317,70,739,526,1591,31.3,41358,13716,6965,9656,5343,5678,41358,682,4110,5480,48,231,1196,5317,2288,556,1943,3675,9079,3298,2182,1552,41358,32479,5901,2883,95,33189,2168,1596,4013,3429,3885,6087,4694,4310,1900,1107,54959,70122,25336,71829,11662,19452,6871,22136,1905,9705,485,2993,4342,22761,979,579,1747,2262,2798,4343,3765,3708,1631,949,66233,80104,25926,10428,28422,44720,30994,49255,37329,93354,78161,56816,31682,15193,24036,2756,54839,39733,37795,30075,28959,2199,7720,1938,935,816,158,1003,15106,11447,7088,5300,3659,-888888888,-888888888,-888888888,-888888888,-888888888,-888888888,-888888888,-888888888,-888888888,-888888888,-888888888,-888888888,-888888888,-888888888,-888888888,-888888888,-888888888,-888888888,-888888888
2019,Camp County; Texas,9818,5689,5689,5306,383,0,4129,5689,-888888888,5201,2884,2884,2697,1082,747,2219,1381,5293,4226,669,19,39,111,229,24.5,5306,1231,832,1200,787,1256,5306,176,554,980,48,063,174,878,355,25,175,233,1004,236,243,273,5306,4041,797,413,55,4605,426,329,429,538,673,807,692,494,121,96,48207,60622,3286,64554,1747,18590,833,17698,385,13864,53,1062,874,3314,195,112,286,322,536,582,581,498,106,96,58455,70803,22449,1291,25259,30611,30759,46545,31153,12831,10656,7477,5027,2175,3523,376,6969,5248,4913,3729,3517,288,1184,335,148,129,19,187,1721,1323,742,784,398,-888888888,-888888888,-888888888,-888888888,-888888888,-888888888,-888888888,-888888888,-888888888,-888888888,-888888888,-888888888,-888888888,-888888888,-888888888,-888888888,-888888888,-888888888,-888888888
2019,Hansford County; Texas,4100,2485,2481,2374,107,4,1615,2481,-888888888,2056,1010,1010,955,466,227,1115,572,2333,1945,238,9,40,52,49,18.1,2374,767,422,351,538,296,2374,764,105,61,48,195,73,186,129,0,79,94,447,178,200,58,2374,1794,276,304,0,1838,98,45,329,438,196,292,182,156,83,19,38000,55316,1501,55138,493,19836,257,17734,22,11418,27,4322,139,1360,57,29,196,353,114,204,178,142,68,19,41859,61032,20410,478,28801,37749,27606,37464,25884,5441,4183,3286,1363,1258,1692,408,2960,2280,2177,1729,1676,57,448,103,40,40,0,63,680,341,268,75,339,-888888888,-888888888,-888888888,-888888888,-888888888,-888888888,-888888888,-888888888,-888888888,-888888888,-888888888,-888888888,-888888888,-888888888,-888888888,-888888888,-888888888,-888888888,-888888888
2019,Guadalupe County; Texas,123019,79018,77611,74834,2777,1407,44001,77611,-888888888,62604,36554,36186,35059,12099,7471,26417,18620,75184,64211,6009,104,529,938,3393,27.3,74834,25414,12035,18176,7497,11712,74834,1426,5051,7665,48,187,2126,10308,4206,1225,4568,6568,15472,6216,3858,6145,74834,57094,13188,4410,142,54110,2335,1443,3591,3381,6410,10136,8457,10581,4675,3101,74496,89402,44055,85406,15879,18714,14409,30510,1939,10396,519,2191,3514,41367,859,674,1941,2470,4202,7541,7083,9375,4271,2951,84769,99794,31842,12743,40153,50573,37105,52259,40377,156604,138353,114034,43580,18251,42936,2954,92501,72028,69703,60055,57983,6115,9648,2325,1444,1248,285,881,20473,16015,12754,5327,4458,-888888888,-888888888,-888888888,-888888888,-888888888,-888888888,-888888888,-888888888,-888888888,-888888888,-888888888,-888888888,-888888888,-888888888,-888888888,-888888888,-888888888,-888888888,-888888888
2019,Clay County; Texas,8533,4693,4669,4419,250,24,3840,4669,-888888888,4291,2132,2132,2017,514,311,1475,1005,4376,3644,388,0,120,30,194,27.5,4419,1443,656,1006,555,759,4419,399,284,527,48,077,88,496,270,62,236,221,1098,282,239,217,4419,3224,805,360,30,4105,199,210,459,377,634,687,584,587,211,157,55989,71797,2927,74795,1720,19897,1056,21378,220,10632,135,2135,424,2855,101,50,134,214,421,582,518,526,186,123,69818,84076,29159,1250,26324,42650,34496,57420,36700,10313,9014,6802,3894,1299,2243,224,5745,4220,3976,3470,3344,248,506,244,71,41,42,173,1525,1215,662,621,310,-888888888,-888888888,-888888888,-888888888,-888888888,-888888888,-888888888,-888888888,-888888888,-888888888,-888888888,-888888888,-888888888,-888888888,-888888888,-888888888,-888888888,-888888888,-888888888
2019,Hartley County; Texas,4595,2018,2018,2010,8,0,2577,2018,-888888888,1814,1088,1088,1080,379,308,811,601,1992,1730,173,0,39,8,42,13.5,2010,722,315,393,296,284,2010,416,72,167,48,205,73,205,73,0,116,80,569,115,61,63,2010,1534,269,186,21,1678,41,49,132,160,354,344,149,322,96,31,58298,73016,1324,73838,483,24106,274,16462,42,11950,5,-999999999,101,1208,11,3,34,128,213,313,110,286,82,28,68051,83332,20563,470,36316,43654,37138,43361,37598,4130,3481,2559,1298,649,1222,149,2116,1773,1765,1393,1380,17,372,8,7,7,0,1,343,226,199,27,117,-888888888,-888888888,-888888888,-888888888,-888888888,-888888888,-888888888,-888888888,-888888888,-888888888,-888888888,-888888888,-888888888,-888888888,-888888888,-888888888,-888888888,-888888888,-888888888
2019,Reagan County; Texas,2615,1770,1770,1669,101,0,845,1770,-888888888,1273,680,680,607,352,185,864,580,1638,1364,185,0,26,11,52,18.2,1669,453,131,280,489,316,1669,802,38,14,48,383,10,139,193,0,7,34,214,106,79,33,1669,1268,288,107,6,1084,48,3,92,93,121,186,211,250,48,32,74868,79512,954,79062,203,20327,153,22346,32,9131,8,-999999999,37,826,15,3,78,73,73,143,134,231,44,32,79375,85838,25600,258,53472,57895,41125,56026,39271,3731,2906,2502,586,825,1301,209,2149,1646,1545,1175,1170,11,370,101,47,42,5,54,503,311,266,49,192,-888888888,-888888888,-888888888,-888888888,-888888888,-888888888,-888888888,-888888888,-888888888,-888888888,-888888888,-888888888,-888888888,-888888888,-888888888,-888888888,-888888888,-888888888,-888888888
2019,Hill County; Texas,28414,16461,16461,15427,1034,0,11953,16461,-888888888,14460,7515,7515,7132,2495,1702,5298,3849,15008,12237,1849,4,181,192,545,28.6,15427,3821,2734,3455,2308,3109,15427,991,1470,1957,48,217,206,1983,1210,169,673,964,3281,1368,608,547,15427,12076,2169,1134,48,12992,652,610,1549,1508,1835,2582,1547,1792,391,526,53307,69572,9498,69136,5301,19774,2879,27905,717,10321,159,1248,1614,9098,191,153,816,1051,1213,1984,1333,1495,366,496,62965,80612,26370,3894,29027,41181,28885,44137,33537,35029,29632,21127,13185,5397,8819,877,19239,14543,13665,10713,10190,868,2952,878,463,362,113,415,4696,3618,2366,1729,1078,-888888888,-888888888,-888888888,-888888888,-888888888,-888888888,-888888888,-888888888,-888888888,-888888888,-888888888,-888888888,-888888888,-888888888,-888888888,-888888888,-888888888,-888888888,-888888888
2019,Limestone County; Texas,18664,9759,9759,9101,658,0,8905,9759,-888888888,9008,4149,4149,3988,1685,914,3310,1783,8960,7712,851,22,86,65,224,22.0,9101,2347,1757,1840,1446,1711,9101,992,904,753,48,293,210,1064,551,40,355,484,2373,484,294,597,9101,6118,2185,795,3,8377,619,518,1148,1018,1471,1474,847,824,314,144,44418,59351,5893,59251,3333,18434,2191,22131,491,8876,264,2538,1187,5852,282,196,529,695,1037,1193,714,776,299,131,54113,70214,22595,2525,23679,31779,27628,38088,32126,22585,18297,12395,9199,4288,5513,497,12993,8902,8317,6347,5982,570,1970,585,140,109,35,445,4091,2728,1596,1390,1363,-888888888,-888888888,-888888888,-888888888,-888888888,-888888888,-888888888,-888888888,-888888888,-888888888,-888888888,-888888888,-888888888,-888888888,-888888888,-888888888,-888888888,-888888888,-888888888
2019,Nacogdoches County; Texas,51544,30497,30497,27834,2663,0,21047,30497,-888888888,27136,14751,14751,13534,4962,3580,9339,6564,27223,21541,3472,58,1166,194,792,21.0,27834,8775,4948,6251,3674,4186,27834,1219,2274,3354,48,347,451,3356,952,400,898,1666,8635,2329,1425,875,27834,20374,5546,1830,84,23757,2312,1527,3645,2291,3279,4075,2523,2501,690,914,44847,63497,18297,62809,7113,18381,4388,22104,1454,9277,437,3194,3984,15146,954,448,1700,1192,2026,2905,2229,2220,642,830,58224,78932,23617,8611,22773,34211,22434,45133,34044,64576,53247,39063,20302,11329,17329,2050,38343,28082,25758,20541,19469,1551,5217,2324,1128,727,429,1196,10261,7509,5281,2573,2752,-888888888,-888888888,-888888888,-888888888,-888888888,-888888888,-888888888,-888888888,-888888888,-888888888,-888888888,-888888888,-888888888,-888888888,-888888888,-888888888,-888888888,-888888888,-888888888
2019,Parmer County; Texas,7187,4463,4458,4374,84,5,2724,4458,-888888888,3452,1663,1663,1608,892,502,1927,1011,4354,3475,446,23,92,232,86,14.3,4374,1264,657,716,797,940,4374,827,287,797,48,369,32,260,252,41,115,223,829,290,240,181,4374,3352,648,368,6,3203,227,128,258,434,381,661,403,513,134,64,55359,68099,2536,68649,924,17544,469,19097,182,9307,15,-999999999,312,2312,89,49,176,219,255,544,311,485,120,64,65000,79001,23859,891,28505,34930,33255,38968,29659,9638,7720,5557,2923,1918,2981,382,5391,4027,3960,3170,3023,192,790,67,26,26,0,41,1364,666,448,237,698,-888888888,-888888888,-888888888,-888888888,-888888888,-888888888,-888888888,-888888888,-888888888,-888888888,-888888888,-888888888,-888888888,-888888888,-888888888,-888888888,-888888888,-888888888,-888888888
2019,Parker County; Texas,104742,65719,65485,62395,3090,234,39023,65485,-888888888,53230,29604,29579,28059,9412,5714,22410,15643,61568,51487,5162,155,638,632,3494,31.8,62395,23499,8943,13799,7881,8273,62395,2930,6346,6871,48,367,1651,7406,4205,839,3468,5102,12803,4086,3547,3141,62395,48695,8141,5379,180,44263,1870,1176,2641,3265,4921,7456,5710,8980,4054,4190,77503,100080,35299,101364,13803,20845,9255,27818,1746,8746,851,3741,3176,33826,614,416,1432,2216,3338,5542,4850,7723,3826,3869,90102,112594,35142,10437,40286,54906,38611,62300,40520,132401,113173,91603,35449,19228,34924,3787,77419,59958,57296,47620,46489,2473,9676,2662,1295,926,478,1367,17461,13164,9889,4296,4297,-888888888,-888888888,-888888888,-888888888,-888888888,-888888888,-888888888,-888888888,-888888888,-888888888,-888888888,-888888888,-888888888,-888888888,-888888888,-888888888,-888888888,-888888888,-888888888
2019,Ector County; Texas,116949,79868,79806,74960,4846,62,37081,79806,-888888888,57635,32724,32724,30503,17223,9876,28859,20032,73910,60220,9451,272,1308,600,2059,23.7,74960,17482,11682,17827,13232,14737,74960,11409,6896,4622,48,135,2833,10060,5620,695,3675,4415,11844,6372,4498,2021,74960,61298,8491,5000,171,52530,2715,1814,4593,5214,6423,9966,7176,8744,3300,2585,62973,83484,45323,84055,11338,18316,6186,21237,2228,9818,1047,3607,5513,36317,1224,860,2304,3094,4377,6675,5668,7246,2682,2187,73461,92563,28954,16213,38813,56050,36282,56509,36219,159427,126004,98071,38841,33423,50493,8694,93983,73661,69508,54354,52548,3305,15154,4153,1594,1176,433,2559,20322,13456,9113,5045,6866,-888888888,-888888888,-888888888,-888888888,-888888888,-888888888,-888888888,-888888888,-888888888,-888888888,-888888888,-888888888,-888888888,-888888888,-888888888,-888888888,-888888888,-888888888,-888888888
2019,Presidio County; Texas,5311,2755,2755,2460,295,0,2556,2755,-888888888,2784,1236,1236,1081,679,393,927,541,2410,1254,481,0,451,74,150,17.6,2460,882,541,278,679,80,2460,583,222,12,48,377,7,220,18,57,111,9,516,433,78,194,2460,1601,652,207,0,2543,366,466,431,320,299,297,34,321,9,0,25098,38032,1509,41164,1126,12904,363,27220,390,5859,9,-999999999,801,1375,106,145,186,279,174,175,0,301,9,0,33417,49073,15337,1168,15106,24410,17309,32500,24816,6975,5158,2510,3010,1817,2214,620,3078,2076,1854,1320,1269,95,534,222,0,0,0,222,1002,629,275,354,373,-888888888,-888888888,-888888888,-888888888,-888888888,-888888888,-888888888,-888888888,-888888888,-888888888,-888888888,-888888888,-888888888,-888888888,-888888888,-888888888,-888888888,-888888888,-888888888
2019,Val Verde County; Texas,36626,21961,20289,19297,992,1672,14665,20289,-888888888,17910,9431,9187,8781,4521,2513,8327,5662,20685,16630,2047,105,597,851,455,18.3,19297,4677,4387,4304,2735,3194,19297,827,1432,1124,48,465,464,2144,1290,176,764,1015,4329,2008,906,2818,19297,12873,5137,1257,30,15779,1763,730,2030,1674,2327,2663,1453,2169,561,409,46147,62498,12343,65906,5080,13891,2517,22307,1231,6963,450,1547,3078,11704,1025,397,1242,1248,1875,2168,1212,1778,444,315,50597,67617,21370,4075,25751,45261,25516,44603,28658,46047,37742,25101,16652,8305,14699,1491,24570,18585,17830,13425,12616,1459,4405,755,166,122,44,589,5985,4284,2795,1707,1701,-888888888,-888888888,-888888888,-888888888,-888888888,-888888888,-888888888,-888888888,-888888888,-888888888,-888888888,-888888888,-888888888,-888888888,-888888888,-888888888,-888888888,-888888888,-888888888
2019,Culberson County; Texas,1665,1108,1108,1006,102,0,557,1108,-888888888,737,410,410,396,234,166,360,316,985,843,0,0,26,82,34,12.4,1006,234,294,160,238,80,1006,143,67,7,48,109,5,50,33,2,14,71,237,202,85,90,1006,649,239,118,0,580,40,42,118,66,77,115,54,68,0,0,37900,46561,441,50282,224,13201,83,13590,67,8622,0,-666666666,79,411,15,26,64,60,54,75,54,63,0,0,43854,52520,15109,169,18843,27672,18209,23472,19805,2208,1686,1130,658,522,657,76,1224,928,830,620,580,40,210,98,38,9,29,60,296,198,99,103,98,-888888888,-888888888,-888888888,-888888888,-888888888,-888888888,-888888888,-888888888,-888888888,-888888888,-888888888,-888888888,-888888888,-888888888,-888888888,-888888888,-888888888,-888888888,-888888888
2019,Garza County; Texas,5286,1991,1991,1940,51,0,3295,1991,-888888888,1802,922,922,922,343,225,556,343,1892,1511,354,0,22,0,5,21.5,1940,639,548,300,247,206,1940,196,151,126,48,169,33,120,141,27,49,71,477,285,74,190,1940,1399,389,152,0,1543,133,129,22,187,309,261,258,182,23,39,49627,72314,1153,70618,608,18189,271,19884,134,10050,43,-999999999,237,1177,74,17,0,108,274,228,258,166,23,29,68160,83802,19997,366,20625,34688,26892,39977,38750,4208,3583,2491,1756,625,922,45,2515,1873,1822,1403,1343,118,419,51,28,28,0,23,642,504,284,271,138,-888888888,-888888888,-888888888,-888888888,-888888888,-888888888,-888888888,-888888888,-888888888,-888888888,-888888888,-888888888,-888888888,-888888888,-888888888,-888888888,-888888888,-888888888,-888888888
2019,Glasscock County; Texas,1206,738,738,738,0,0,468,738,-888888888,566,239,239,239,64,37,237,147,735,535,45,0,119,0,36,19.2,738,244,93,52,94,255,738,375,36,27,48,173,32,4,57,0,15,57,97,0,11,27,738,556,126,47,9,403,25,5,49,14,58,25,72,75,46,34,78456,105467,337,91280,86,20443,67,22263,0,-666666666,12,-999999999,4,356,25,0,34,14,51,32,60,60,46,34,77941,110222,31830,47,-666666666,64660,24280,52679,-666666666,1510,1201,988,248,309,361,31,1000,709,709,472,466,8,237,0,0,0,0,0,291,250,240,10,41,-888888888,-888888888,-888888888,-888888888,-888888888,-888888888,-888888888,-888888888,-888888888,-888888888,-888888888,-888888888,-888888888,-888888888,-888888888,-888888888,-888888888,-888888888,-888888888
2019,Grimes County; Texas,22308,11337,11337,10670,667,0,10971,11337,-888888888,10043,5307,5307,5043,1620,996,3969,2396,10495,8495,1317,0,208,57,418,28.5,10670,2888,1777,2232,1735,2038,10670,873,982,1218,48,185,141,1434,737,44,516,844,2040,635,633,573,10670,7888,1973,780,29,9011,490,540,993,1012,1203,1457,1068,1438,356,454,52913,77395,6879,69090,3264,18262,1843,25600,473,7742,101,1358,1228,6460,208,323,430,673,903,1141,888,1249,324,321,59948,83145,25638,2551,29208,60280,29783,43829,32471,24570,21142,14836,9365,3428,6771,730,13441,10066,9581,8017,7686,598,1564,485,217,160,57,268,3375,2566,1582,1253,809,-888888888,-888888888,-888888888,-888888888,-888888888,-888888888,-888888888,-888888888,-888888888,-888888888,-888888888,-888888888,-888888888,-888888888,-888888888,-888888888,-888888888,-888888888,-888888888
2019,Collin County; Texas,747996,529432,528839,509180,19659,593,218564,528839,-888888888,383552,240710,240535,231212,73097,44573,176534,121250,503576,407405,33397,5790,4331,6308,46345,28.9,509180,272908,62244,114318,26497,33213,509180,4349,26036,42228,48,085,14663,57786,17444,19280,59731,88753,101977,41627,22969,12337,509180,429032,49045,30374,729,341163,10923,5228,14066,19123,30789,49961,45153,71258,43243,51419,96913,123796,302909,124205,62778,22594,43405,29711,7829,9970,2846,3054,10227,252724,4909,1893,6983,10503,17275,32149,33528,59068,39207,47209,113471,140621,44548,88439,53986,71613,50945,79404,54386,971106,869749,778742,159999,101357,269889,19957,598564,490180,472829,419193,413894,11880,53636,17351,12066,11221,1127,5285,108384,88333,79017,13556,20051,-888888888,-888888888,-888888888,-888888888,-888888888,-888888888,-888888888,-888888888,-888888888,-888888888,-888888888,-888888888,-888888888,-888888888,-888888888,-888888888,-888888888,-888888888,-888888888
2019,Angelina County; Texas,67358,39169,39122,36525,2597,47,28189,39122,-888888888,34690,18445,18407,17389,6671,4187,14382,10283,35888,28876,4860,99,676,340,1037,20.6,36525,10542,7359,7873,4817,5934,36525,1346,2667,4175,48,005,711,4685,2061,201,1672,2785,9847,2913,1990,1472,36525,28048,6076,2308,93,31035,2102,1738,3805,3847,3900,6195,4206,3351,1203,688,50453,63164,23402,64357,10356,18546,6765,19595,2450,10460,456,3319,6143,22700,1132,693,2183,2324,3168,5193,3233,3086,1048,640,57524,70829,23147,8335,25455,38071,28171,43690,32825,85265,69239,46915,32001,16026,23623,3036,48649,36107,33760,25344,23763,2295,8416,2347,990,650,407,1357,12542,9402,4816,5373,3140,-888888888,-888888888,-888888888,-888888888,-888888888,-888888888,-888888888,-888888888,-888888888,-888888888,-888888888,-888888888,-888888888,-888888888,-888888888,-888888888,-888888888,-888888888,-888888888
2019,Cottle County; Texas,1211,731,731,670,61,0,480,731,-888888888,704,392,392,345,169,149,327,290,640,447,113,2,33,0,45,15.4,670,153,226,136,117,38,670,141,34,0,48,101,6,75,19,3,36,35,198,23,34,66,670,443,145,79,3,707,128,35,108,112,117,102,42,33,20,10,32305,45301,475,43669,321,13993,135,27692,113,6442,8,-999999999,213,420,66,5,22,97,66,68,39,27,20,10,39706,57077,19797,287,19688,27620,21496,42875,35096,1642,1447,762,941,195,530,3,771,628,589,454,374,109,135,39,18,3,15,21,143,107,32,79,36,-888888888,-888888888,-888888888,-888888888,-888888888,-888888888,-888888888,-888888888,-888888888,-888888888,-888888888,-888888888,-888888888,-888888888,-888888888,-888888888,-888888888,-888888888,-888888888
2019,Hays County; Texas,169447,115335,115118,109808,5310,217,54112,115118,-888888888,85796,53047,53047,50763,15115,9485,31775,22308,108267,85971,8979,655,2341,2406,7915,30.4,109808,41518,20079,26054,10866,11291,109808,1154,10085,6627,48,209,2455,14598,4308,2520,6585,11548,25387,13388,4986,6167,109808,83333,18926,7184,365,73437,4206,2303,5237,5726,9316,13134,10508,11657,5776,5574,68717,89611,62766,86792,16939,20782,12660,29283,2038,10187,629,3413,4878,48306,1121,929,2271,2584,4910,8525,7829,9919,4991,5227,85891,108569,32118,25131,38339,49113,32015,51565,40630,211703,183278,158246,43897,28425,53492,4717,135670,107385,102891,86580,84939,3981,16311,4494,3201,2919,357,1293,28285,22217,19070,4689,6068,-888888888,-888888888,-888888888,-888888888,-888888888,-888888888,-888888888,-888888888,-888888888,-888888888,-888888888,-888888888,-888888888,-888888888,-888888888,-888888888,-888888888,-888888888,-888888888
2019,Brazoria County; Texas,276169,177487,177197,169376,7821,290,98682,177197,-888888888,137123,79599,79557,76363,29254,18908,62505,44147,167628,144578,13159,296,1553,1573,6469,30.6,169376,71972,22941,31953,20168,22342,169376,3117,18734,22749,48,039,3984,13745,10080,2498,8935,17394,42171,10625,8002,7342,169376,135169,25443,8640,124,121523,4749,3734,7688,8769,11035,20079,17599,24460,12289,11121,81447,100131,102410,103057,28789,21114,19039,26907,4009,10554,1465,3633,8441,88881,2151,1641,3400,4521,7430,14403,13870,20416,10897,10152,94650,113327,34561,32642,43769,59940,45671,64959,49625,348786,299840,252429,75171,48946,99796,10375,208627,165823,158696,134642,131903,5335,24054,7127,3839,3283,675,3288,42804,32860,25177,9638,9944,-888888888,-888888888,-888888888,-888888888,-888888888,-888888888,-888888888,-888888888,-888888888,-888888888,-888888888,-888888888,-888888888,-888888888,-888888888,-888888888,-888888888,-888888888,-888888888
2019,Donley County; Texas,2731,1535,1535,1496,39,0,1196,1535,-888888888,1369,642,642,630,200,147,416,321,1475,1189,127,0,48,5,106,21.1,1496,445,256,317,325,153,1496,265,132,47,48,129,20,165,112,20,82,126,303,99,61,64,1496,1080,211,201,4,1335,89,93,175,177,222,247,123,128,53,28,42961,60597,961,59641,523,18743,225,39137,80,9356,2,-999999999,98,812,55,26,81,78,129,169,116,119,33,6,53125,66105,25534,523,27188,48729,27500,45741,31092,3271,2811,2129,1151,460,713,50,1826,1276,1237,973,930,59,264,39,10,10,0,29,550,438,330,120,112,-888888888,-888888888,-888888888,-888888888,-888888888,-888888888,-888888888,-888888888,-888888888,-888888888,-888888888,-888888888,-888888888,-888888888,-888888888,-888888888,-888888888,-888888888,-888888888
2019,Atascosa County; Texas,37371,21918,21892,19876,2016,26,15453,21892,-888888888,18866,9446,9446,8442,4164,1757,8522,6119,19458,15527,2552,0,163,193,1023,30.5,19876,5419,3958,3288,3723,3488,19876,1778,2338,1540,48,013,430,2277,1807,158,710,1297,4038,1665,821,1017,19876,15535,3030,1311,0,15546,875,561,1759,1723,1980,3070,1914,2340,710,614,55366,72059,12193,67840,5650,16447,2794,25494,1026,9563,159,4521,2550,11842,413,221,1186,1145,1593,2554,1548,2022,593,567,60968,78815,23890,3704,30405,46233,27435,45585,31403,49097,40305,29192,16311,8792,14245,1511,28081,20536,18711,14623,14159,1162,4088,1825,849,622,277,976,7545,5457,3425,2622,2088,-888888888,-888888888,-888888888,-888888888,-888888888,-888888888,-888888888,-888888888,-888888888,-888888888,-888888888,-888888888,-888888888,-888888888,-888888888,-888888888,-888888888,-888888888,-888888888
2019,Nolan County; Texas,11487,6739,6739,6279,460,0,4748,6739,-888888888,5618,2787,2787,2590,1257,585,2193,1528,6159,4924,869,0,144,125,97,17.4,6279,1670,1214,1300,850,1245,6279,421,449,764,48,353,105,617,594,30,248,295,1454,738,221,343,6279,4713,1112,439,15,5407,350,313,828,632,868,892,629,575,176,144,45537,64120,3954,62695,1897,17316,952,34377,320,8477,90,2313,671,3654,133,145,294,413,546,795,480,530,176,142,57713,78537,25094,1753,23170,31833,26293,43931,30319,14724,11927,8525,5196,2797,4198,626,8023,5962,5542,4188,3993,330,1354,420,224,186,57,196,2061,1440,823,740,621,-888888888,-888888888,-888888888,-888888888,-888888888,-888888888,-888888888,-888888888,-888888888,-888888888,-888888888,-888888888,-888888888,-888888888,-888888888,-888888888,-888888888,-888888888,-888888888
2019,Hudspeth County; Texas,3460,1244,1244,1162,82,0,2216,1244,-888888888,1672,519,519,519,219,124,694,557,1159,883,49,0,47,14,166,29.7,1162,148,405,181,255,173,1162,217,69,84,48,229,35,87,54,36,26,99,211,69,6,169,1162,829,221,112,0,978,123,85,145,174,210,120,30,41,32,18,31677,46896,586,52834,513,15348,210,17354,74,8331,12,-999999999,326,730,61,55,116,160,137,104,23,38,28,8,32012,47217,14239,248,25536,45949,17545,24620,30000,3624,2662,1125,1851,962,1160,343,1789,1149,1067,700,603,115,367,82,30,30,30,52,640,440,151,303,200,-888888888,-888888888,-888888888,-888888888,-888888888,-888888888,-888888888,-888888888,-888888888,-888888888,-888888888,-888888888,-888888888,-888888888,-888888888,-888888888,-888888888,-888888888,-888888888
2019,Ward County; Texas,8761,5260,5260,4946,314,0,3501,5260,-888888888,4344,2071,2071,1953,870,297,2069,1248,4901,4190,465,1,34,123,88,22.0,4946,1364,699,922,995,966,4946,991,549,122,48,475,156,436,466,45,274,258,956,322,233,138,4946,3851,804,287,4,3978,304,162,341,269,484,730,763,534,231,160,62986,73249,3236,74250,1092,18160,589,27753,229,11337,80,1234,421,2822,162,89,187,213,258,596,549,424,201,143,68491,80844,25931,1156,40000,51178,39710,58929,37681,11552,9343,7165,3289,2209,3348,512,6638,4829,4548,3791,3670,216,757,281,91,82,20,190,1809,1145,762,498,664,-888888888,-888888888,-888888888,-888888888,-888888888,-888888888,-888888888,-888888888,-888888888,-888888888,-888888888,-888888888,-888888888,-888888888,-888888888,-888888888,-888888888,-888888888,-888888888
2019,Harrison County; Texas,51776,29580,29528,27934,1594,52,22196,29528,-888888888,26809,13636,13611,12961,4941,2755,10773,7404,27772,23630,2134,0,329,484,1195,22.5,27934,9613,4653,5132,3363,5173,27934,1832,1966,3799,48,203,880,2763,1482,207,1312,1881,7053,1998,1834,927,27934,22568,3481,1780,105,23292,1840,1070,2355,2689,3144,3939,3452,2833,1116,854,52220,73308,17348,76601,7904,20170,5015,20727,1526,10936,263,4202,3308,17064,961,429,1383,1650,2139,3143,2837,2698,996,828,65116,85287,27086,6228,28311,37748,31368,51645,33305,65819,56042,40364,23328,9777,17756,1778,37468,27031,25644,20945,19966,1363,4699,1387,786,492,348,601,10437,7808,4514,4004,2629,-888888888,-888888888,-888888888,-888888888,-888888888,-888888888,-888888888,-888888888,-888888888,-888888888,-888888888,-888888888,-888888888,-888888888,-888888888,-888888888,-888888888,-888888888,-888888888
2019,Menard County; Texas,1875,1097,1097,1058,39,0,778,1097,-888888888,856,472,472,458,22,22,231,167,992,651,264,0,25,0,52,29.4,1058,249,109,209,328,163,1058,95,329,15,48,327,14,48,101,0,62,20,184,27,56,107,1058,697,244,117,0,1014,84,116,202,52,215,125,82,69,51,18,36395,51304,679,55137,458,15988,243,19481,54,5726,0,-666666666,75,581,40,9,52,30,125,105,82,69,51,18,53817,71997,25742,433,18009,22348,25326,34575,26375,2074,1432,1048,885,642,294,101,1143,898,859,457,443,26,402,39,21,11,10,18,245,124,103,68,121,-888888888,-888888888,-888888888,-888888888,-888888888,-888888888,-888888888,-888888888,-888888888,-888888888,-888888888,-888888888,-888888888,-888888888,-888888888,-888888888,-888888888,-888888888,-888888888
2019,Fayette County; Texas,20583,11645,11645,11263,382,0,8938,11645,-888888888,10591,5516,5516,5257,1630,1202,3258,2396,11091,9355,860,0,293,67,516,23.6,11263,2962,1750,2854,1732,1965,11263,822,1119,1086,48,149,403,1222,779,82,843,647,2079,1039,563,579,11263,8575,1468,1196,24,9135,513,480,827,827,1272,1709,1294,1346,333,534,60189,76697,6371,75409,3755,20348,2167,24939,469,11498,122,1466,667,6536,141,99,439,451,864,1386,1214,1169,277,496,72565,90541,30170,2599,27652,39172,32047,46696,31543,24726,22016,17519,8579,2710,5427,610,13442,10113,9796,8557,8176,535,1239,317,287,266,128,30,3329,2547,1805,900,782,-888888888,-888888888,-888888888,-888888888,-888888888,-888888888,-888888888,-888888888,-888888888,-888888888,-888888888,-888888888,-888888888,-888888888,-888888888,-888888888,-888888888,-888888888,-888888888
2019,Williamson County; Texas,421426,293784,293193,279178,14015,591,127642,293193,-888888888,216602,137060,136927,130832,41985,27048,95788,70935,275549,218899,25233,2347,2493,3040,23537,28.4,279178,129668,39425,65903,19950,24232,279178,1965,19397,27584,48,491,6962,31836,9984,7285,21381,43418,59522,22361,12797,14686,279178,222038,39411,17263,466,180160,4389,3249,8251,10776,18494,31454,26559,39851,19720,17417,87337,105671,153051,104180,42295,21850,34462,31793,5227,10711,2432,4502,8637,129957,2132,1260,4034,6118,10762,19554,20316,32893,17190,15698,100844,118126,37242,50203,53728,68450,42030,62758,46855,544319,493712,433090,117221,50607,149215,9131,331181,273357,261278,235490,229666,13195,25788,12079,7563,6171,1948,4516,57824,47821,38637,13432,10003,-888888888,-888888888,-888888888,-888888888,-888888888,-888888888,-888888888,-888888888,-888888888,-888888888,-888888888,-888888888,-888888888,-888888888,-888888888,-888888888,-888888888,-888888888,-888888888
2019,Hutchinson County; Texas,16623,9409,9409,8780,629,0,7214,9409,-888888888,8290,3960,3960,3690,1673,893,3566,2459,8705,7275,1071,30,77,29,223,16.2,8780,1967,1549,1932,1482,1850,8780,605,1061,1614,48,233,180,1202,240,19,377,830,1165,700,344,443,8780,7185,1069,504,22,6929,431,519,708,740,959,1270,820,985,316,181,52524,66016,4903,69132,2689,19331,1344,28066,260,10033,174,3761,642,4797,175,176,304,480,718,940,702,877,253,172,63245,76913,24434,2132,26111,38840,27064,53211,30131,21239,17188,12839,7235,4051,5754,741,12047,8398,7825,5997,5598,690,1828,573,238,106,136,335,3649,2502,1788,890,1147,-888888888,-888888888,-888888888,-888888888,-888888888,-888888888,-888888888,-888888888,-888888888,-888888888,-888888888,-888888888,-888888888,-888888888,-888888888,-888888888,-888888888,-888888888,-888888888
2019,Morris County; Texas,9841,5420,5420,4992,428,0,4421,5420,-888888888,5263,2672,2672,2426,719,493,1926,1439,4941,4109,401,0,31,157,243,25.0,4992,1266,1048,974,476,1228,4992,169,328,860,48,343,145,642,294,40,161,219,1318,188,350,278,4992,3771,785,429,7,5117,378,345,705,724,928,834,558,449,108,88,41359,55192,3530,53796,2167,18586,1163,29259,277,11718,88,2167,844,3379,133,97,272,446,650,699,494,411,108,69,52799,63924,22971,1738,23243,36250,27267,38103,29692,12218,10283,7397,4854,1935,3009,342,6656,4869,4544,3664,3485,250,880,325,196,123,78,129,1787,1212,684,708,575,-888888888,-888888888,-888888888,-888888888,-888888888,-888888888,-888888888,-888888888,-888888888,-888888888,-888888888,-888888888,-888888888,-888888888,-888888888,-888888888,-888888888,-888888888,-888888888
2019,Orange County; Texas,65598,39672,39653,37674,1979,19,25926,39653,-888888888,33536,17993,17983,17018,6388,4056,12826,8685,37012,31929,3464,115,447,409,648,24.2,37674,11262,6035,8075,5482,6820,37674,475,3912,6355,48,361,878,4161,2126,297,1684,3407,7964,3317,1786,1312,37674,30927,4700,2011,36,31694,1998,1479,2562,3044,4564,5223,3756,5249,2440,1379,59399,77645,24062,81534,10509,19609,6412,23591,1850,11652,503,1938,4396,22168,821,588,1182,1931,2885,3882,2917,4589,2146,1227,73788,88907,30114,9526,34093,46568,38121,62158,39487,83317,70105,52290,27447,13212,21815,2285,48698,36317,34507,27554,26457,1628,6953,1810,953,496,520,857,12381,9291,6116,4376,3090,-888888888,-888888888,-888888888,-888888888,-888888888,-888888888,-888888888,-888888888,-888888888,-888888888,-888888888,-888888888,-888888888,-888888888,-888888888,-888888888,-888888888,-888888888,-888888888
2019,Winkler County; Texas,5815,3475,3475,3346,129,0,2340,3475,-888888888,2828,1258,1258,1236,780,263,1411,926,3274,2642,451,0,19,43,119,18.8,3346,661,736,583,602,764,3346,767,225,23,48,495,119,239,398,34,63,237,580,298,135,228,3346,2518,682,140,6,2619,141,150,224,251,380,473,343,459,121,77,60366,71503,2170,73000,589,19335,383,18960,117,9838,24,3463,196,1852,56,42,141,193,284,349,306,328,113,40,62958,75730,24467,767,38125,56908,38020,54948,31184,7767,6157,4992,1869,1610,2592,481,4269,3113,3011,2280,2242,112,731,102,39,20,19,63,1156,821,626,245,335,-888888888,-888888888,-888888888,-888888888,-888888888,-888888888,-888888888,-888888888,-888888888,-888888888,-888888888,-888888888,-888888888,-888888888,-888888888,-888888888,-888888888,-888888888,-888888888
2019,Harris County; Texas,3533350,2389343,2387583,2248663,138920,1760,1144007,2387583,-888888888,1791631,1062121,1061844,998827,405177,237583,788215,517103,2208486,1765723,224787,55244,31371,40337,91024,29.5,2248663,810995,388801,474461,261282,313124,2248663,72917,231835,211388,48,201,76844,239890,149386,28062,132749,290715,430264,202887,126847,54879,2248663,1868781,225670,150194,4018,1605368,97318,59765,145122,152501,202084,278438,193554,230475,106468,139643,61705,91486,1382813,91774,329394,19225,186232,26810,65812,9677,23090,2877,202009,1096660,51152,28688,85120,95555,130413,180073,139366,179873,88211,118209,71258,103278,32765,508708,42969,61706,34579,50388,41792,4624525,3689442,2669852,1301847,935083,1306444,158267,2852360,2232180,2108864,1607040,1516282,125790,501824,123316,64293,46963,19641,59023,620180,420028,282582,162066,200152,-888888888,-888888888,-888888888,-888888888,-888888888,-888888888,-888888888,-888888888,-888888888,-888888888,-888888888,-888888888,-888888888,-888888888,-888888888,-888888888,-888888888,-888888888,-888888888
2019,Burnet County; Texas,37658,21951,21930,21041,889,21,15707,21930,-888888888,19317,10257,10257,9827,2704,1940,6641,4671,20650,15592,2621,23,370,350,1694,26.5,21041,6232,4239,5048,3350,2172,21041,654,3142,1174,48,053,473,3043,842,325,1312,1950,3690,2579,943,914,21041,15616,2621,2757,47,16743,497,631,1662,1629,2289,3430,2113,2830,793,869,59492,81163,11952,77009,7217,21228,4375,27873,842,11941,220,3209,1108,12281,183,231,774,1001,1623,2689,1749,2504,682,845,70806,93636,30980,4462,31189,42536,27976,49518,36295,45961,38951,30528,16403,7010,10542,815,25343,19395,18566,14548,13830,1215,4018,829,243,155,105,586,5948,4421,3256,1491,1527,-888888888,-888888888,-888888888,-888888888,-888888888,-888888888,-888888888,-888888888,-888888888,-888888888,-888888888,-888888888,-888888888,-888888888,-888888888,-888888888,-888888888,-888888888,-888888888
2019,Gillespie County; Texas,21875,12646,12627,12087,540,19,9229,12627,-888888888,11537,6129,6129,5819,1427,1044,3639,2783,11937,8624,1934,26,413,129,811,20.9,12087,3964,2666,2615,1521,1321,12087,741,1371,921,48,171,195,1369,431,263,665,732,2406,2073,574,346,12087,8780,1352,1902,53,10694,449,341,1035,1337,1398,2160,1190,1570,533,681,59155,82523,7167,75894,5200,21191,2973,28020,171,10158,114,2904,477,7197,226,139,399,544,811,1598,1011,1459,463,547,73481,93887,34077,3497,33051,57184,26607,47553,36071,26117,21050,16368,10206,5067,5697,1638,12909,10350,10024,7552,7327,422,2472,326,76,67,38,250,2559,1912,1459,556,647,-888888888,-888888888,-888888888,-888888888,-888888888,-888888888,-888888888,-888888888,-888888888,-888888888,-888888888,-888888888,-888888888,-888888888,-888888888,-888888888,-888888888,-888888888,-888888888
2019,Dallas County; Texas,1992003,1371192,1370333,1305009,65324,859,620811,1370333,-888888888,1019956,627003,626772,592900,223109,138090,433249,289646,1282441,1010008,138054,33258,20220,20558,60343,27.7,1305009,455568,222862,289323,154805,182451,1305009,9133,137272,107817,48,113,39295,140355,85121,28953,113413,187301,232477,125254,69968,28650,1305009,1108153,112346,82348,2162,928341,54794,34236,81965,90016,127992,173156,116011,126572,53412,70187,59607,88716,794633,88985,195243,18702,107219,25231,38525,9551,14480,2802,107793,599542,24923,14429,45556,55701,80937,108080,79044,92935,40859,57078,67159,100273,32653,328799,44943,64003,33470,44768,41033,2588571,2044787,1457942,749917,543784,722650,99906,1598843,1274077,1216644,919595,874101,63854,297049,57433,29189,20668,9266,28244,324766,212959,135920,89798,111807,-888888888,-888888888,-888888888,-888888888,-888888888,-888888888,-888888888,-888888888,-888888888,-888888888,-888888888,-888888888,-888888888,-888888888,-888888888,-888888888,-888888888,-888888888,-888888888
2019,McMullen County; Texas,566,329,329,310,19,0,237,329,-888888888,244,131,131,129,72,51,145,125,308,231,16,0,27,0,34,22.7,310,151,62,30,42,25,310,77,20,9,48,311,0,17,11,0,5,47,29,28,22,45,310,185,61,64,0,270,20,27,8,3,37,72,20,30,21,32,62000,92126,215,79918,91,16702,48,25769,5,-999999999,0,-666666666,14,210,4,18,1,3,29,64,16,30,21,24,65750,98769,31455,60,-666666666,68875,32095,53000,30526,774,636,549,209,138,234,50,398,290,271,207,193,14,64,19,15,15,0,4,108,88,77,11,20,-888888888,-888888888,-888888888,-888888888,-888888888,-888888888,-888888888,-888888888,-888888888,-888888888,-888888888,-888888888,-888888888,-888888888,-888888888,-888888888,-888888888,-888888888,-888888888
2019,Young County; Texas,14125,8328,8306,8038,268,22,5797,8306,-888888888,7264,3508,3508,3378,1291,871,2841,1883,7952,6506,786,0,83,82,495,16.3,8038,2358,1518,1482,1399,1281,8038,1099,821,948,48,503,90,841,347,73,210,435,1871,368,577,358,8038,5669,1269,1011,89,7307,523,309,813,719,1273,1131,879,1156,368,136,50635,67391,5399,66874,2772,19300,1340,21541,426,8658,86,1981,739,5178,179,122,387,492,703,988,819,999,353,136,66381,80689,27423,2129,22146,31985,32434,51075,30246,17743,14293,10634,6014,3450,4627,826,9601,7116,6848,5258,5006,340,1590,268,53,19,34,215,2485,1666,964,714,819,-888888888,-888888888,-888888888,-888888888,-888888888,-888888888,-888888888,-888888888,-888888888,-888888888,-888888888,-888888888,-888888888,-888888888,-888888888,-888888888,-888888888,-888888888,-888888888
2019,Johnson County; Texas,128955,81024,80800,77938,2862,224,47931,80800,-888888888,65321,36847,36847,35362,12647,7930,28103,18802,77369,67866,5558,70,800,566,2509,31.4,77938,22078,11011,14951,8662,21236,77938,1763,6531,7821,48,251,2656,13995,5116,836,3735,6152,16796,4813,4400,3324,77938,63732,8410,5681,115,57310,2056,1990,4686,4596,7748,11487,8662,9911,3768,2406,64359,81183,46473,82255,17100,21264,9382,23333,2573,11762,1157,3013,5645,43539,1156,727,2645,3133,5340,9102,7024,8804,3409,2199,74007,89651,28579,13771,38425,48402,37645,49833,39028,164746,138498,107266,44560,26248,45666,5527,96562,74641,72120,58498,56941,2621,13622,2521,1409,1045,435,1112,21921,16055,11645,5584,5866,-888888888,-888888888,-888888888,-888888888,-888888888,-888888888,-888888888,-888888888,-888888888,-888888888,-888888888,-888888888,-888888888,-888888888,-888888888,-888888888,-888888888,-888888888,-888888888
2019,Hopkins County; Texas,28455,17168,17128,16402,726,40,11287,17128,-888888888,14689,7795,7795,7523,2573,1718,5634,3957,16125,13694,1573,46,121,114,577,23.6,16402,4975,2811,3446,2001,3169,16402,813,1244,1887,48,223,777,2245,1067,240,960,909,3616,1128,763,753,16402,12832,2248,1261,61,13424,814,717,1362,1602,1759,2786,1574,1581,685,544,52078,70270,10319,70269,4854,19137,2714,20775,769,9112,141,2026,1569,9753,340,396,735,975,1295,2106,1334,1421,681,470,63125,80416,26821,3671,29989,39557,30447,48885,31224,36013,29348,21600,12147,6665,9536,1286,20071,15137,14471,11060,10553,802,3411,666,274,210,101,392,4934,3421,2138,1607,1513,-888888888,-888888888,-888888888,-888888888,-888888888,-888888888,-888888888,-888888888,-888888888,-888888888,-888888888,-888888888,-888888888,-888888888,-888888888,-888888888,-888888888,-888888888,-888888888
2019,Ochiltree County; Texas,7423,4923,4923,4645,278,0,2500,4923,-888888888,3699,2062,2062,1916,972,606,1989,1166,4580,3637,711,0,82,79,71,16.4,4645,1054,724,889,1127,851,4645,978,506,153,48,357,152,584,234,10,140,308,836,379,241,124,4645,3606,665,354,20,3483,135,73,420,533,561,636,496,402,107,120,50464,68093,2972,64264,835,15915,430,18437,130,17067,7,-999999999,426,2616,63,25,201,443,390,465,459,376,95,99,60600,75973,23624,867,31862,41603,26412,48660,24000,10067,7938,6025,2606,2129,3343,493,5699,4445,4191,3170,3081,122,1021,254,79,70,9,175,1254,828,706,184,426,-888888888,-888888888,-888888888,-888888888,-888888888,-888888888,-888888888,-888888888,-888888888,-888888888,-888888888,-888888888,-888888888,-888888888,-888888888,-888888888,-888888888,-888888888,-888888888
2019,Knox County; Texas,2842,1548,1548,1491,57,0,1294,1548,-888888888,1423,606,606,591,289,136,678,483,1453,1180,201,0,20,2,50,18.3,1491,431,146,273,373,268,1491,367,124,84,48,275,66,100,77,3,86,41,347,88,54,54,1491,1087,265,124,15,1375,104,62,163,211,160,274,160,176,42,23,48798,60846,978,63844,426,15598,248,28896,80,11673,17,3800,168,962,46,12,84,128,94,239,124,170,42,23,62353,72853,23146,413,21477,29353,30280,39821,42083,3571,2971,2016,1445,600,1054,114,1929,1433,1376,1046,978,128,330,57,35,29,6,22,496,378,234,174,118,-888888888,-888888888,-888888888,-888888888,-888888888,-888888888,-888888888,-888888888,-888888888,-888888888,-888888888,-888888888,-888888888,-888888888,-888888888,-888888888,-888888888,-888888888,-888888888
2019,McLennan County; Texas,195742,119731,119511,114524,4987,220,76011,119511,-888888888,101504,58226,58184,55354,19990,12483,38210,27173,113016,93674,11156,417,2363,1356,4050,19.4,114524,37272,21062,25049,12647,18494,114524,1277,8794,13212,48,309,2922,13901,5832,1418,6959,9148,29414,10365,5955,5327,114524,92108,15336,6762,318,90054,7842,4882,9970,9841,12661,15228,10099,11651,4108,3772,49778,69146,70854,68136,27365,18631,15733,26005,5492,9707,2126,3050,11083,59833,2978,1767,4706,5912,8288,11080,8224,10048,3476,3354,62727,81654,25703,30221,27522,40435,27353,43766,35436,246845,211019,160919,78669,35826,66739,6634,145952,109359,105012,86070,82640,6113,18942,4347,2441,1683,903,1906,36593,28445,18731,11905,8148,-888888888,-888888888,-888888888,-888888888,-888888888,-888888888,-888888888,-888888888,-888888888,-888888888,-888888888,-888888888,-888888888,-888888888,-888888888,-888888888,-888888888,-888888888,-888888888
2019,Concho County; Texas,2814,917,917,905,12,0,1897,917,-888888888,1006,504,504,492,99,86,390,278,874,715,86,0,42,0,31,23.5,905,285,156,230,150,84,905,140,82,39,48,095,10,111,15,20,29,34,200,64,93,68,905,576,188,141,0,912,57,60,98,143,100,168,109,124,17,36,47500,67689,650,66849,396,20295,250,25747,17,11859,11,700,79,614,38,10,68,36,73,145,74,120,17,33,64025,81270,21420,298,28173,39019,25278,34500,26450,2195,1916,1353,955,279,549,4,1044,801,800,595,584,15,205,1,0,0,0,1,243,177,152,27,66,-888888888,-888888888,-888888888,-888888888,-888888888,-888888888,-888888888,-888888888,-888888888,-888888888,-888888888,-888888888,-888888888,-888888888,-888888888,-888888888,-888888888,-888888888,-888888888
2019,Edwards County; Texas,1660,868,868,868,0,0,792,868,-888888888,815,453,453,453,106,80,152,94,842,614,129,0,0,8,91,14.1,868,139,249,240,203,37,868,161,119,17,48,137,0,67,115,9,43,44,154,74,49,16,868,578,131,159,0,789,67,70,87,117,75,177,89,46,27,34,40766,59159,502,54345,421,16538,201,32680,131,7941,0,-666666666,113,445,0,26,23,91,45,109,63,40,27,21,55250,71739,24689,344,24318,38618,16789,35568,33333,1906,1531,789,1142,375,305,60,1016,712,712,524,432,195,188,0,0,0,0,0,304,177,70,130,127,-888888888,-888888888,-888888888,-888888888,-888888888,-888888888,-888888888,-888888888,-888888888,-888888888,-888888888,-888888888,-888888888,-888888888,-888888888,-888888888,-888888888,-888888888,-888888888
2019,Eastland County; Texas,14907,7388,7388,7031,357,0,7519,7388,-888888888,7465,3431,3431,3345,1174,607,2328,1430,6915,5418,1019,18,204,115,141,20.8,7031,2512,1268,1293,941,1017,7031,567,532,562,48,133,68,1028,441,126,272,417,1944,503,241,330,7031,5159,1190,632,50,6492,624,482,1244,723,947,981,541,487,222,241,37276,61234,4112,73533,2701,18136,1306,14550,411,7344,153,1459,900,3864,247,128,540,469,549,648,428,465,182,208,49944,78647,24548,2628,22150,32761,24064,51481,35255,18010,14907,10618,7314,3103,4181,336,9921,6386,6126,4736,4485,422,1390,260,94,84,12,166,3535,2324,1391,1181,1211,-888888888,-888888888,-888888888,-888888888,-888888888,-888888888,-888888888,-888888888,-888888888,-888888888,-888888888,-888888888,-888888888,-888888888,-888888888,-888888888,-888888888,-888888888,-888888888
2019,Jeff Davis County; Texas,1888,797,797,763,34,0,1091,797,-888888888,993,427,427,397,96,80,218,216,751,571,108,0,52,0,20,20.0,763,263,150,120,202,28,763,184,55,13,48,243,0,74,16,0,42,25,268,82,4,0,763,501,184,78,0,1054,19,36,144,123,189,212,232,89,6,4,53088,57275,619,46677,543,23374,406,24876,29,6910,0,-666666666,154,608,0,14,41,74,77,143,200,49,6,4,61230,65214,26531,446,38690,46453,27687,44358,38207,2177,1808,1311,995,369,364,70,1050,675,645,519,480,94,126,30,0,0,0,30,375,232,174,65,143,-888888888,-888888888,-888888888,-888888888,-888888888,-888888888,-888888888,-888888888,-888888888,-888888888,-888888888,-888888888,-888888888,-888888888,-888888888,-888888888,-888888888,-888888888,-888888888
2019,Jim Hogg County; Texas,3744,2171,2171,1940,231,0,1573,2171,-888888888,2012,941,941,880,535,246,878,535,1863,1343,423,15,22,28,32,30.5,1940,385,610,199,295,451,1940,296,187,63,48,247,19,60,136,0,43,61,641,167,120,147,1940,1410,404,126,0,1626,214,161,266,205,181,201,209,139,28,22,33382,48856,1098,52294,654,12064,355,22641,233,7052,48,502,546,1179,140,53,166,174,159,185,137,115,28,22,43977,54588,16864,447,16313,32342,19784,35042,17273,5200,4082,2117,2484,1118,1763,254,2693,1991,1793,1317,1165,244,476,198,130,31,99,68,702,382,235,161,320,-888888888,-888888888,-888888888,-888888888,-888888888,-888888888,-888888888,-888888888,-888888888,-888888888,-888888888,-888888888,-888888888,-888888888,-888888888,-888888888,-888888888,-888888888,-888888888
2019,Montgomery County; Texas,438066,284506,284265,272189,12076,241,153560,284265,-888888888,223126,124778,124753,118903,45554,26697,100438,61772,267446,217002,23996,2448,2192,3420,18388,32.2,272189,112619,40276,59584,28396,31314,272189,14403,25279,24835,48,339,9962,28189,17807,3834,15517,33084,51660,22885,15983,8751,272189,219908,30490,21405,386,198649,7430,4917,13405,13804,20401,31640,24982,35325,19529,27216,80902,115218,167103,115738,50383,21723,32708,32165,7541,10562,1964,2616,13169,148464,3567,2116,7404,8632,13081,22532,19327,29319,17317,25169,95962,131124,41211,50185,45600,63988,42408,65720,47611,569445,489217,399098,137702,80228,159841,14869,337369,261258,250870,208280,203857,8821,42590,10388,6420,5199,1358,3968,76111,58077,46748,14992,18034,-888888888,-888888888,-888888888,-888888888,-888888888,-888888888,-888888888,-888888888,-888888888,-888888888,-888888888,-888888888,-888888888,-888888888,-888888888,-888888888,-888888888,-888888888,-888888888
2019,Dimmit County; Texas,7800,3844,3844,3330,514,0,3956,3844,-888888888,4052,1706,1706,1611,906,543,1856,1213,3330,2888,159,17,101,40,125,21.2,3330,752,725,998,372,483,3330,632,195,94,48,127,39,137,307,18,128,118,739,543,114,266,3330,2234,716,380,0,3148,282,255,986,315,178,430,302,279,66,55,27161,50160,2232,51045,1446,13000,374,26675,324,8510,70,5380,893,2254,116,76,805,230,150,256,291,250,34,46,31373,54428,16925,894,16157,31571,20198,41401,21905,10326,8200,4000,4746,2126,3359,324,5257,3357,2877,1949,1786,197,928,480,203,95,108,277,1900,1303,623,701,597,-888888888,-888888888,-888888888,-888888888,-888888888,-888888888,-888888888,-888888888,-888888888,-888888888,-888888888,-888888888,-888888888,-888888888,-888888888,-888888888,-888888888,-888888888,-888888888
2019,Webb County; Texas,192461,115090,115028,109409,5619,62,77371,115028,-888888888,99674,51779,51779,49161,29488,15084,56987,33644,108124,88263,12255,1274,1675,1614,3043,21.3,109409,29313,24645,28639,11389,15423,109409,3441,6859,2458,48,479,3876,14976,15768,1090,4328,8070,26386,9453,5706,6998,109409,82321,18316,8597,175,74789,7829,4908,9204,7977,9815,12597,8019,9382,2519,2539,46475,63769,62649,64764,18770,13528,7083,25659,5075,8361,957,2745,19459,59936,4936,3199,7137,6516,8198,10388,6821,8129,2290,2322,49968,68110,18466,14853,23903,40085,25521,38592,29096,271326,196197,114247,94297,75129,95725,13425,150842,107928,103225,67189,63020,5977,36036,4703,1857,1240,663,2846,42914,21162,12324,9864,21752,-888888888,-888888888,-888888888,-888888888,-888888888,-888888888,-888888888,-888888888,-888888888,-888888888,-888888888,-888888888,-888888888,-888888888,-888888888,-888888888,-888888888,-888888888,-888888888
2019,Armstrong County; Texas,1571,901,897,888,9,4,670,897,-888888888,794,398,398,394,116,67,327,278,880,621,139,0,41,7,72,26.4,888,292,151,145,165,135,888,92,119,85,48,011,9,52,73,0,39,46,221,56,28,68,888,615,204,65,4,694,33,44,23,50,82,141,101,125,63,32,72500,83298,522,83051,256,21812,182,22416,51,16231,4,-999999999,15,555,11,12,17,44,48,122,87,119,63,32,79479,95079,31749,139,26875,32063,40871,68438,41442,1909,1769,1391,606,140,497,0,1026,773,764,673,657,38,91,9,4,4,0,5,253,209,154,81,44,-888888888,-888888888,-888888888,-888888888,-888888888,-888888888,-888888888,-888888888,-888888888,-888888888,-888888888,-888888888,-888888888,-888888888,-888888888,-888888888,-888888888,-888888888,-888888888
2019,Castro County; Texas,5678,3551,3551,3466,85,0,2127,3551,-888888888,2799,1432,1432,1407,712,314,1440,1075,3302,2784,235,38,86,0,159,16.9,3466,1017,494,823,550,582,3466,750,144,261,48,069,154,517,303,30,155,103,622,82,132,213,3466,2526,619,299,22,2532,165,128,239,288,441,474,359,254,135,49,50142,62964,2143,63999,770,19592,171,16870,102,9269,14,2486,333,1738,69,56,83,230,284,294,300,238,135,49,61304,73635,21884,794,28859,35326,32202,38293,35654,7590,5805,3882,2801,1785,2394,345,4078,3051,2971,2073,2000,198,898,80,22,10,12,58,1027,561,314,262,466,-888888888,-888888888,-888888888,-888888888,-888888888,-888888888,-888888888,-888888888,-888888888,-888888888,-888888888,-888888888,-888888888,-888888888,-888888888,-888888888,-888888888,-888888888,-888888888
2019,Kleberg County; Texas,24428,14664,14050,12854,1196,614,9764,14050,-888888888,12055,6331,6195,5661,2478,1356,4599,3157,13210,10429,1585,0,794,184,218,19.6,12854,3518,2546,2892,1853,2045,12854,1091,898,753,48,273,190,1716,600,83,467,837,3567,1270,532,850,12854,9030,3112,672,40,10955,1565,646,1380,938,1744,1279,1308,1450,401,244,43730,59512,8404,62021,3018,15623,2128,23201,515,8002,118,4377,1927,6979,824,166,565,501,1239,827,1025,1274,314,244,52327,72163,22646,3976,21277,33935,25395,48839,31721,30046,25400,17677,10990,4646,8195,446,18022,12942,11905,9402,8664,1183,2503,1037,433,282,197,604,5080,4066,2972,1297,1014,-888888888,-888888888,-888888888,-888888888,-888888888,-888888888,-888888888,-888888888,-888888888,-888888888,-888888888,-888888888,-888888888,-888888888,-888888888,-888888888,-888888888,-888888888,-888888888
2019,Cooke County; Texas,31590,20211,20211,19303,908,0,11379,20211,-888888888,16059,9137,9137,8578,2716,1796,5803,4416,18985,14467,2929,20,268,206,1095,25.0,19303,5721,4015,3546,2152,3869,19303,1558,1181,3030,48,097,360,1802,955,196,723,1141,3655,3055,1006,641,19303,15780,2240,1250,33,15351,672,448,1376,1657,2431,2808,2069,2417,681,792,60202,78698,11962,76936,5459,20608,3092,23146,594,10474,159,1347,1619,10820,424,116,579,935,1587,1978,1756,2023,652,770,73036,91361,30704,4531,34423,44529,32933,49656,37071,39576,33888,26229,13045,5688,10074,1151,22450,18013,17158,14253,13823,680,2905,855,386,244,149,469,4437,3275,2140,1456,1162,-888888888,-888888888,-888888888,-888888888,-888888888,-888888888,-888888888,-888888888,-888888888,-888888888,-888888888,-888888888,-888888888,-888888888,-888888888,-888888888,-888888888,-888888888,-888888888
2019,Crosby County; Texas,4430,2630,2630,2489,141,0,1800,2630,-888888888,2264,1140,1140,1081,449,352,1064,871,2458,2039,159,16,54,100,90,22.7,2489,656,507,548,455,323,2489,312,239,99,48,107,55,241,99,25,118,173,571,250,136,171,2489,1782,504,197,6,2061,209,123,324,235,358,363,217,159,32,41,40759,51516,1547,50836,793,16902,339,20118,111,10014,53,1906,431,1459,75,48,187,177,224,327,197,156,32,36,50797,60974,19443,602,21042,26294,24739,37753,31292,5758,4515,2822,2383,1243,1688,207,3062,2387,2258,1547,1506,111,711,129,22,15,7,107,675,457,298,234,218,-888888888,-888888888,-888888888,-888888888,-888888888,-888888888,-888888888,-888888888,-888888888,-888888888,-888888888,-888888888,-888888888,-888888888,-888888888,-888888888,-888888888,-888888888,-888888888
2019,Fisher County; Texas,3080,1787,1787,1709,78,0,1293,1787,-888888888,1597,770,770,735,312,205,490,303,1670,1350,218,0,35,19,48,20.0,1709,563,317,326,249,254,1709,218,124,158,48,151,22,156,109,15,53,59,458,97,119,121,1709,1227,292,188,2,1601,131,105,175,188,250,269,178,221,42,42,46146,65512,1110,70179,637,16275,369,21173,138,8916,52,1117,175,992,37,30,62,87,145,206,153,196,37,39,62000,78045,28750,609,24583,43052,31304,44107,32927,3838,3356,2512,1446,482,918,91,2040,1573,1502,1257,1187,98,245,71,37,26,11,34,467,355,185,184,112,-888888888,-888888888,-888888888,-888888888,-888888888,-888888888,-888888888,-888888888,-888888888,-888888888,-888888888,-888888888,-888888888,-888888888,-888888888,-888888888,-888888888,-888888888,-888888888
2019,Duval County; Texas,8634,4779,4779,4314,465,0,3855,4779,-888888888,4152,2232,2232,1985,853,436,1902,1358,4258,3112,772,3,86,58,227,27.8,4314,857,1354,588,949,566,4314,1035,302,218,48,131,12,326,92,48,151,131,1433,146,240,180,4314,3498,656,131,29,3511,402,271,572,340,392,885,277,251,94,27,41186,49597,2386,51065,1530,15065,761,24534,469,6477,12,-999999999,1122,2451,149,145,396,212,261,669,277,221,94,27,51929,57856,17637,1060,22601,27394,23295,42581,27070,10754,8388,5116,4704,2366,3070,274,5779,4247,3827,2416,2338,170,1411,420,177,177,0,243,1532,1094,488,667,438,-888888888,-888888888,-888888888,-888888888,-888888888,-888888888,-888888888,-888888888,-888888888,-888888888,-888888888,-888888888,-888888888,-888888888,-888888888,-888888888,-888888888,-888888888,-888888888
2019,Blanco County; Texas,9647,5782,5782,5488,294,0,3865,5782,-888888888,4784,2558,2558,2458,510,346,1371,1046,5199,4086,426,0,88,53,546,27.7,5488,1726,1001,1418,807,536,5488,405,752,525,48,031,268,590,268,55,147,595,1110,427,137,209,5488,3838,871,765,14,4343,159,159,327,353,709,825,499,727,334,251,66390,92547,3220,74744,1697,19985,1263,31635,97,11180,64,911,303,3139,80,44,195,214,449,681,338,636,275,227,70767,105287,37998,1204,43156,56306,30578,48635,34962,11384,9493,7688,3796,1891,2229,399,6356,4945,4665,3733,3618,135,932,280,89,63,46,191,1411,1056,832,411,355,-888888888,-888888888,-888888888,-888888888,-888888888,-888888888,-888888888,-888888888,-888888888,-888888888,-888888888,-888888888,-888888888,-888888888,-888888888,-888888888,-888888888,-888888888,-888888888
2019,Jasper County; Texas,27996,14668,14668,13464,1204,0,13328,14668,-888888888,14369,6651,6651,6160,2352,1471,5263,3097,13241,10913,1222,7,180,634,285,31.5,13464,3594,2874,2432,1964,2600,13464,553,1815,1848,48,241,420,1401,745,17,434,558,3250,781,751,891,13464,10671,2158,635,0,12936,1011,680,1899,1516,1870,2110,1472,1518,457,403,44370,64222,9273,65057,5569,18604,2650,21441,820,9633,154,3955,1660,8819,424,241,989,815,1390,1527,1293,1324,440,376,59031,75472,25269,4117,24307,38339,31109,55384,31785,34598,28529,19747,13917,6069,9136,919,18823,12864,11879,9165,8653,707,2714,985,297,148,184,688,5959,4232,2628,2048,1727,-888888888,-888888888,-888888888,-888888888,-888888888,-888888888,-888888888,-888888888,-888888888,-888888888,-888888888,-888888888,-888888888,-888888888,-888888888,-888888888,-888888888,-888888888,-888888888
2019,Jefferson County; Texas,199748,111728,111559,106092,5467,169,88020,111559,-888888888,97456,50654,50647,48310,20075,11480,36776,23120,104529,93266,7017,617,895,826,1908,20.4,106092,30558,20172,22891,15062,17409,106092,1424,13497,12158,48,245,2534,12954,5516,862,4046,9154,23998,9152,5846,4951,106092,87624,13946,4398,124,92988,8214,4707,10681,9301,12515,16036,10787,11731,5110,3906,51248,71052,70855,74565,29711,18814,16003,22541,4587,9124,1172,2819,14316,59839,3511,1713,4955,5317,8298,10926,8171,9470,4168,3310,62912,83507,27094,33149,30424,45916,32293,50600,38037,240481,192553,135101,81251,47928,64071,7234,141763,102921,97987,73971,70852,4826,24016,4934,2156,1555,687,2778,38842,25428,15281,12265,13414,-888888888,-888888888,-888888888,-888888888,-888888888,-888888888,-888888888,-888888888,-888888888,-888888888,-888888888,-888888888,-888888888,-888888888,-888888888,-888888888,-888888888,-888888888,-888888888
2019,Kinney County; Texas,3198,1254,1236,1202,34,18,1944,1236,-888888888,1321,432,432,432,113,36,328,110,1220,1012,60,9,0,0,139,10.3,1202,329,454,138,110,171,1202,40,133,0,48,271,0,44,170,0,21,37,297,83,41,336,1202,586,547,69,0,1337,102,115,423,138,93,134,166,100,55,11,26738,49365,690,56823,765,12404,368,29768,79,8725,27,-999999999,260,662,33,9,175,42,51,134,129,58,20,11,53452,61656,23934,675,19067,37310,34029,42268,41212,3386,3022,1961,1669,364,528,25,1955,1183,1149,944,941,3,205,34,0,0,0,34,772,672,294,449,100,-888888888,-888888888,-888888888,-888888888,-888888888,-888888888,-888888888,-888888888,-888888888,-888888888,-888888888,-888888888,-888888888,-888888888,-888888888,-888888888,-888888888,-888888888,-888888888
2019,Oldham County; Texas,1481,954,954,941,13,0,527,954,-888888888,733,443,443,441,129,102,153,111,933,656,148,0,74,7,48,21.7,941,312,149,215,137,128,941,101,61,111,48,359,13,76,88,3,17,31,253,76,48,63,941,733,150,52,6,594,25,12,59,59,48,142,106,56,46,41,64545,84947,504,81576,194,16986,93,18486,26,7673,3,-999999999,25,431,5,11,15,32,31,122,80,53,44,38,74922,99240,26408,163,28906,45540,32984,47230,30947,1669,1496,1305,405,173,308,7,1052,859,846,759,753,27,87,13,5,5,2,8,193,122,106,19,71,-888888888,-888888888,-888888888,-888888888,-888888888,-888888888,-888888888,-888888888,-888888888,-888888888,-888888888,-888888888,-888888888,-888888888,-888888888,-888888888,-888888888,-888888888,-888888888
2019,Lamb County; Texas,9802,5798,5798,5591,207,0,4004,5798,-888888888,4890,2515,2515,2449,1030,662,2425,1813,5515,4439,483,10,61,311,211,18.5,5591,1919,890,1061,930,791,5591,918,364,389,48,279,103,536,421,26,194,318,1353,406,244,319,5591,4225,1003,360,3,4728,354,362,557,573,697,1007,453,507,86,132,45111,59521,3610,61768,1372,17098,597,19340,277,8119,22,1627,674,3265,176,199,281,323,481,809,365,448,73,110,57060,68077,22337,1463,25194,34461,30013,41396,31542,12922,9954,6793,4497,2968,3875,569,7017,5326,5159,3590,3454,214,1569,167,22,8,14,145,1691,1006,675,447,685,-888888888,-888888888,-888888888,-888888888,-888888888,-888888888,-888888888,-888888888,-888888888,-888888888,-888888888,-888888888,-888888888,-888888888,-888888888,-888888888,-888888888,-888888888,-888888888
2019,Lipscomb County; Texas,2597,1715,1715,1611,104,0,882,1715,-888888888,1340,719,719,665,298,178,532,376,1582,1377,113,0,42,8,42,20.1,1611,446,237,318,276,334,1611,379,142,39,48,295,50,154,162,25,63,67,309,72,61,88,1611,1119,298,187,7,1192,67,70,73,157,116,233,193,171,54,58,59091,76016,931,71326,361,18448,214,21578,34,11424,13,1900,115,889,54,22,46,90,77,192,189,122,50,47,66750,83161,28131,303,31691,49503,30761,50857,31010,3357,2688,2209,927,669,935,194,1875,1513,1423,1157,1132,54,266,90,32,20,14,58,362,211,145,73,151,-888888888,-888888888,-888888888,-888888888,-888888888,-888888888,-888888888,-888888888,-888888888,-888888888,-888888888,-888888888,-888888888,-888888888,-888888888,-888888888,-888888888,-888888888,-888888888
2019,McCulloch County; Texas,6487,3819,3819,3702,117,0,2668,3819,-888888888,3131,1599,1599,1585,474,433,1080,868,3572,3059,243,3,129,70,68,17.6,3702,869,865,613,579,776,3702,612,208,265,48,307,54,332,291,30,124,189,620,384,360,233,3702,2746,552,398,6,3143,298,211,384,258,526,617,369,359,34,87,47707,58812,2369,56152,1223,17907,667,22593,201,8543,55,1404,392,2068,66,64,257,136,380,466,263,331,34,71,59009,68795,24311,1075,26250,37263,26027,50134,24932,7915,6281,4547,2989,1634,1883,341,4364,3275,3171,2388,2272,249,783,104,41,41,0,63,1089,642,419,271,447,-888888888,-888888888,-888888888,-888888888,-888888888,-888888888,-888888888,-888888888,-888888888,-888888888,-888888888,-888888888,-888888888,-888888888,-888888888,-888888888,-888888888,-888888888,-888888888
2019,Mason County; Texas,3352,2140,2140,2026,114,0,1212,2140,-888888888,1686,932,932,901,351,280,645,553,1946,1409,266,0,98,24,149,19.0,2026,586,414,416,484,126,2026,495,133,62,48,319,50,136,134,66,53,94,418,160,205,20,2026,1445,203,364,14,1696,163,112,153,300,240,266,146,123,103,90,42276,69255,1231,58045,804,18943,344,33908,40,14410,0,-666666666,162,1075,38,31,72,163,148,205,131,113,103,71,62532,86707,30388,621,26175,39044,25188,36541,30729,4176,3383,2760,1454,793,1080,178,2075,1753,1639,1152,1143,62,487,114,55,55,0,59,322,253,194,88,69,-888888888,-888888888,-888888888,-888888888,-888888888,-888888888,-888888888,-888888888,-888888888,-888888888,-888888888,-888888888,-888888888,-888888888,-888888888,-888888888,-888888888,-888888888,-888888888
2019,Dickens County; Texas,1836,852,852,769,83,0,984,852,-888888888,929,355,355,326,134,21,291,186,765,531,86,4,44,66,34,23.9,769,207,163,156,125,118,769,75,56,72,48,125,13,62,56,20,24,52,149,98,50,42,769,570,128,71,0,845,133,61,96,71,117,123,106,100,17,21,42540,59602,531,62185,369,17917,250,17177,65,11097,19,537,95,502,33,25,44,39,56,86,90,93,15,21,60625,79875,25025,343,19659,29672,29031,49010,42778,2088,1700,1219,874,388,462,44,1110,727,665,525,472,95,140,62,2,0,2,60,383,239,135,115,144,-888888888,-888888888,-888888888,-888888888,-888888888,-888888888,-888888888,-888888888,-888888888,-888888888,-888888888,-888888888,-888888888,-888888888,-888888888,-888888888,-888888888,-888888888,-888888888
2019,Ellis County; Texas,132496,88445,88379,85372,3007,66,44051,88379,-888888888,68235,41328,41328,39924,13223,8293,30986,22195,83835,68489,8727,190,721,687,5021,30.6,85372,29786,10765,21360,10211,13250,85372,1110,7833,11206,48,139,2574,10145,6472,1542,5722,8199,17248,6178,3909,3234,85372,68100,11320,5699,253,57307,1961,1801,3216,4600,5348,10882,8718,11321,5128,4332,76871,96100,48481,92889,15770,21356,10765,27677,2523,11328,891,3567,4542,45214,1122,827,1714,2738,3800,8548,7408,10129,4828,4100,86150,106326,32571,12093,39423,51641,38644,54128,44900,172528,146543,120367,42625,25985,49065,5961,102030,80830,78216,64990,63344,3511,13226,2614,1496,1270,311,1118,21200,15754,12058,5188,5446,-888888888,-888888888,-888888888,-888888888,-888888888,-888888888,-888888888,-888888888,-888888888,-888888888,-888888888,-888888888,-888888888,-888888888,-888888888,-888888888,-888888888,-888888888,-888888888
2019,Lee County; Texas,13741,8363,8363,8153,210,0,5378,8363,-888888888,6834,3660,3660,3608,1193,870,2341,1738,7927,6028,838,31,223,243,564,29.1,8153,2142,1680,1882,1292,1157,8153,577,1140,409,48,287,292,670,691,86,418,519,1373,688,607,683,8153,6027,1207,905,14,6036,415,289,678,490,831,1344,751,676,354,208,54744,70253,4574,68348,2129,19580,1264,22935,244,7559,35,3469,627,4485,178,104,358,312,666,1065,652,607,354,189,63836,81058,27227,1551,25203,36805,32000,48797,33207,16601,13985,11074,5286,2616,3934,367,9585,7324,7194,5588,5439,389,1606,130,75,71,4,55,2261,1673,1361,456,588,-888888888,-888888888,-888888888,-888888888,-888888888,-888888888,-888888888,-888888888,-888888888,-888888888,-888888888,-888888888,-888888888,-888888888,-888888888,-888888888,-888888888,-888888888,-888888888
2019,Tarrant County; Texas,1568856,1069433,1067061,1017012,50049,2372,499423,1067061,-888888888,811102,495563,495245,470686,169239,106141,351468,246473,1001794,821847,104515,5692,11417,10417,47906,27.4,1017012,377065,160508,236704,92763,149972,1017012,11329,76911,103274,48,439,33955,116633,85083,17411,80102,107980,201816,97063,52637,32818,1017012,846108,110629,58925,1350,708252,32868,23111,51061,62156,86390,131087,96569,116260,52068,56682,67700,92653,599208,92718,161841,20000,109337,27867,29227,10117,10155,2835,73836,495825,15650,9762,27714,36157,55056,88192,71458,95612,45390,50834,79859,105859,33292,212427,42740,57056,36693,53051,43650,2033815,1707238,1329442,529746,326577,572752,60528,1240911,991423,947588,775372,748190,46284,172216,43835,23712,18472,6324,20123,249488,180009,128177,64506,69479,-888888888,-888888888,-888888888,-888888888,-888888888,-888888888,-888888888,-888888888,-888888888,-888888888,-888888888,-888888888,-888888888,-888888888,-888888888,-888888888,-888888888,-888888888,-888888888
2019,Anderson County; Texas,47967,19868,19854,19213,641,14,28099,19854,-888888888,17742,8891,8891,8569,3367,2493,7350,5595,18989,15954,1945,88,108,199,695,23.4,19213,4063,4313,4466,2584,3787,19213,1559,1292,1490,48,001,333,3468,1375,71,601,1314,3799,1129,937,1845,19213,14183,3574,1433,23,16677,861,1302,2377,2115,2719,3302,1831,1517,411,242,43455,56912,11805,56667,6539,18979,3611,30534,848,9176,336,1799,1853,11602,383,478,1168,1381,1876,2775,1622,1333,392,194,53519,64282,17280,5075,23101,35764,27303,39202,29277,44396,37980,27753,15769,6416,11760,1137,25123,18562,17924,14411,13887,921,3513,638,393,174,219,245,6561,5046,2945,2451,1515,-888888888,-888888888,-888888888,-888888888,-888888888,-888888888,-888888888,-888888888,-888888888,-888888888,-888888888,-888888888,-888888888,-888888888,-888888888,-888888888,-888888888,-888888888,-888888888
2019,Jackson County; Texas,11429,6832,6832,6602,230,0,4597,6832,-888888888,5775,2905,2905,2808,1153,664,2464,1970,6560,5277,826,95,98,53,211,27.8,6602,1660,1067,1231,1319,1325,6602,863,752,1018,48,239,155,630,363,63,195,380,1377,380,161,265,6602,5060,983,528,31,4917,334,234,391,329,625,954,866,656,337,191,62806,75091,3881,74571,1622,19785,1034,22031,254,9531,43,8774,694,3561,162,109,205,256,371,705,637,627,328,161,73625,85604,27051,1356,40795,45573,32897,53950,31854,14594,12294,9439,4749,2300,3921,483,8236,6253,6067,4881,4710,247,1186,186,75,61,23,111,1983,1476,923,658,507,-888888888,-888888888,-888888888,-888888888,-888888888,-888888888,-888888888,-888888888,-888888888,-888888888,-888888888,-888888888,-888888888,-888888888,-888888888,-888888888,-888888888,-888888888,-888888888
2019,Kerr County; Texas,42993,23551,23548,22320,1228,3,19442,23548,-888888888,22565,11573,11573,10989,3015,1935,6280,4707,21747,17101,2813,8,451,211,1163,20.4,22320,6949,5340,5079,2733,2219,22320,707,2549,1237,48,265,310,2869,679,302,1276,1844,5231,2561,1810,945,22320,16485,3093,2736,6,21403,822,695,2509,2457,3164,4238,2898,2730,987,903,55990,78994,14688,68281,10010,19932,6498,30553,877,8405,294,5588,2107,14551,479,193,1257,1448,2018,2891,2306,2357,910,692,66006,89446,32988,6852,35055,52038,29200,43484,38743,50996,42784,31548,21930,8212,10450,1312,26933,20254,19385,14513,13612,1560,4872,869,457,347,128,412,6679,5088,3189,2400,1591,-888888888,-888888888,-888888888,-888888888,-888888888,-888888888,-888888888,-888888888,-888888888,-888888888,-888888888,-888888888,-888888888,-888888888,-888888888,-888888888,-888888888,-888888888,-888888888
2019,Milam County; Texas,19439,10276,10276,9788,488,0,9163,10276,-888888888,9901,4778,4778,4487,1726,932,3968,2757,9646,7961,1107,32,86,87,373,29.4,9788,2837,1609,1961,1994,1387,9788,1026,970,807,48,331,105,1250,638,160,428,461,1926,858,606,553,9788,7518,1479,751,40,9228,586,765,958,1078,1373,1799,1000,1024,378,267,47902,65836,6288,65383,3926,19427,2330,24370,546,6963,249,3201,1232,6217,212,333,441,588,916,1346,854,933,337,257,60348,78500,25714,3011,28573,37779,30308,46573,32190,24254,20990,14597,10071,3264,6335,480,13167,9217,8839,7206,6797,721,1633,378,230,131,102,148,3950,3007,1722,1614,943,-888888888,-888888888,-888888888,-888888888,-888888888,-888888888,-888888888,-888888888,-888888888,-888888888,-888888888,-888888888,-888888888,-888888888,-888888888,-888888888,-888888888,-888888888,-888888888
2019,Comanche County; Texas,10827,6191,6191,5975,216,0,4636,6191,-888888888,5440,2670,2670,2596,877,554,1888,1348,5860,4813,641,0,97,101,208,24.6,5975,1987,873,1106,930,1079,5975,589,490,729,48,093,97,779,507,65,237,185,1414,332,274,277,5975,4389,932,613,41,5487,408,222,578,457,904,1145,822,733,103,115,53516,63959,3834,63510,2399,19566,1185,32120,228,11490,197,2071,543,3763,145,74,115,235,706,935,723,622,103,105,60879,76187,26728,1724,23804,36244,31883,40980,31438,13327,11442,8878,4934,1885,3195,365,6996,5390,5209,4234,4103,267,975,181,82,59,38,99,1606,1171,867,432,435,-888888888,-888888888,-888888888,-888888888,-888888888,-888888888,-888888888,-888888888,-888888888,-888888888,-888888888,-888888888,-888888888,-888888888,-888888888,-888888888,-888888888,-888888888,-888888888
2019,Falls County; Texas,14016,6317,6307,5997,310,10,7699,6307,-888888888,7518,2880,2880,2680,1186,610,2297,1412,5955,4754,672,55,145,126,203,27.7,5997,1434,1032,1226,708,1597,5997,533,354,1072,48,145,200,675,361,46,218,258,1301,357,303,319,5997,4629,1029,332,7,5199,809,474,502,613,784,877,517,426,139,58,39497,50705,3127,57215,2172,16854,1167,20280,671,8335,61,2311,966,3337,314,222,257,298,551,632,477,389,139,58,51699,63362,18745,1862,21351,27187,26388,35203,40396,15526,12852,8421,6588,2674,3817,308,8743,5790,5480,4015,3734,378,1465,310,138,128,10,172,2953,2301,1195,1286,652,-888888888,-888888888,-888888888,-888888888,-888888888,-888888888,-888888888,-888888888,-888888888,-888888888,-888888888,-888888888,-888888888,-888888888,-888888888,-888888888,-888888888,-888888888,-888888888
2019,Brooks County; Texas,5438,2896,2896,2569,327,0,2542,2896,-888888888,2510,1154,1154,1116,582,332,1112,839,2426,2098,195,2,106,0,25,16.7,2569,617,843,494,266,349,2569,287,63,41,48,047,16,473,65,0,132,95,895,166,158,178,2569,1718,559,292,0,2120,416,201,288,405,192,268,124,173,53,0,28333,41308,1510,38410,916,15217,382,22467,217,7253,15,-999999999,755,1426,316,63,141,283,78,201,118,173,53,0,31385,48448,14523,694,16020,22014,14193,25912,22046,6598,5116,2727,3213,1482,1949,165,3608,2689,2362,1415,1091,381,947,327,250,250,0,77,919,645,263,456,274,-888888888,-888888888,-888888888,-888888888,-888888888,-888888888,-888888888,-888888888,-888888888,-888888888,-888888888,-888888888,-888888888,-888888888,-888888888,-888888888,-888888888,-888888888,-888888888
2019,Austin County; Texas,23503,14325,14318,13498,820,7,9178,14318,-888888888,11921,6529,6522,6097,2195,1242,4743,3346,13170,10913,1312,5,313,205,422,29.1,13498,4258,2128,3390,1596,2126,13498,684,1463,1588,48,015,541,1896,589,67,730,1182,2591,908,696,563,13498,10374,1726,1371,27,11301,474,515,1276,922,1283,1941,1405,2522,511,452,66206,78664,8894,78514,3962,20614,2077,27814,363,8313,181,3833,948,8434,228,177,789,446,1034,1409,1246,2204,503,398,78195,88387,30219,2867,29984,46529,34846,56176,39075,29488,25397,19764,9159,4091,7508,657,16568,12915,12122,9799,9601,459,2323,793,537,496,43,256,3653,2851,2072,981,802,-888888888,-888888888,-888888888,-888888888,-888888888,-888888888,-888888888,-888888888,-888888888,-888888888,-888888888,-888888888,-888888888,-888888888,-888888888,-888888888,-888888888,-888888888,-888888888
2019,Kenedy County; Texas,400,211,211,211,0,0,189,211,-888888888,232,79,79,79,100,30,68,68,207,201,0,0,6,0,0,17.0,211,8,56,37,97,13,211,93,15,13,48,261,0,29,4,0,0,0,31,0,1,25,211,170,41,0,0,197,19,4,53,0,67,32,22,0,0,0,38021,39930,157,40625,106,11515,25,-999999999,0,-666666666,0,-666666666,45,153,4,0,41,0,61,32,15,0,0,0,40688,42806,15211,44,23125,29930,31250,40724,24231,568,421,158,281,147,168,0,256,174,174,87,87,0,87,0,0,0,0,0,82,22,22,0,60,-888888888,-888888888,-888888888,-888888888,-888888888,-888888888,-888888888,-888888888,-888888888,-888888888,-888888888,-888888888,-888888888,-888888888,-888888888,-888888888,-888888888,-888888888,-888888888
2019,Colorado County; Texas,16758,9895,9895,9553,342,0,6863,9895,-888888888,8470,4373,4373,4295,1509,950,3237,2465,9478,7857,787,21,290,164,359,23.9,9553,2761,1641,1981,1560,1610,9553,886,829,1054,48,089,289,1138,612,24,353,704,2177,757,328,402,9553,7260,1514,775,4,7450,432,394,718,915,1092,1486,815,817,423,358,52559,73305,5237,75491,3124,20782,1616,29853,270,10884,42,1198,493,5034,105,71,386,429,774,1233,592,776,364,304,62905,86187,29552,2416,27218,44185,31689,42107,32520,20909,17781,13609,7075,3128,5416,839,11099,8731,8501,6888,6646,352,1613,230,41,29,20,189,2368,1894,1552,592,474,-888888888,-888888888,-888888888,-888888888,-888888888,-888888888,-888888888,-888888888,-888888888,-888888888,-888888888,-888888888,-888888888,-888888888,-888888888,-888888888,-888888888,-888888888,-888888888
2019,San Patricio County; Texas,50973,30208,30075,28539,1536,133,20765,30075,-888888888,25442,13191,13179,12617,5608,3399,11219,7855,28123,24499,2097,39,405,179,904,23.0,28539,8551,5248,5853,4541,4346,28539,1635,3951,2396,48,409,783,2826,1695,198,1500,2144,6568,2494,921,1428,28539,22530,4468,1488,53,22898,1724,1089,2443,2092,2923,3996,2893,3265,1506,967,56556,74270,17812,76662,7599,17872,4246,23242,1736,8840,403,1631,3527,16848,835,426,1341,1631,2081,3256,2248,2806,1388,836,63337,82424,26054,6050,26049,46754,31316,50804,32350,66220,55094,38635,22320,11126,19033,1808,37667,27981,26569,20465,19680,1468,6104,1412,692,478,224,720,9686,7210,4122,3465,2476,-888888888,-888888888,-888888888,-888888888,-888888888,-888888888,-888888888,-888888888,-888888888,-888888888,-888888888,-888888888,-888888888,-888888888,-888888888,-888888888,-888888888,-888888888,-888888888
2019,Randall County; Texas,105121,72862,72741,70231,2510,121,32259,72741,-888888888,54086,34396,34373,32951,9812,6585,20444,15723,69279,58511,6380,160,872,885,2471,19.8,70231,26786,11191,16892,6869,8493,70231,1706,5110,5043,48,381,2341,8500,4626,991,4506,5508,18239,5757,3982,3922,70231,53128,12159,4816,128,49389,1854,1289,3732,4542,6171,9410,7445,8940,3215,2791,68261,87396,40776,85910,13487,20649,9052,25994,1428,10452,564,3816,3195,33768,658,359,1605,2046,3263,6601,5822,7823,2973,2618,84353,103524,34293,15621,38857,49346,37178,54542,42210,133137,120511,101967,35355,12626,34510,1748,79125,65914,63849,55940,54475,3752,7909,2065,1347,1038,399,718,13211,11002,8295,3678,2209,-888888888,-888888888,-888888888,-888888888,-888888888,-888888888,-888888888,-888888888,-888888888,-888888888,-888888888,-888888888,-888888888,-888888888,-888888888,-888888888,-888888888,-888888888,-888888888
2019,San Saba County; Texas,4920,2598,2588,2538,50,10,2322,2588,-888888888,2383,812,812,789,337,271,710,429,2532,1793,617,0,33,2,87,26.5,2538,694,453,455,520,416,2538,540,341,216,48,411,52,260,62,15,132,70,429,118,107,196,2538,1753,455,321,9,2082,147,151,271,267,269,384,255,200,106,32,45083,64486,1410,57134,1014,21121,443,29032,58,7743,23,570,187,1329,55,9,125,146,247,309,158,200,51,29,58582,71987,24961,753,23239,48578,25142,36228,30759,5326,4333,3112,2216,993,1247,180,2726,2286,2245,1631,1543,115,614,41,12,7,5,29,440,275,199,112,165,-888888888,-888888888,-888888888,-888888888,-888888888,-888888888,-888888888,-888888888,-888888888,-888888888,-888888888,-888888888,-888888888,-888888888,-888888888,-888888888,-888888888,-888888888,-888888888
2019,Schleicher County; Texas,2277,1493,1490,1327,163,3,784,1490,-888888888,1143,703,700,621,223,122,531,421,1326,1080,127,12,0,38,69,26.8,1327,407,209,255,251,205,1327,305,93,34,48,413,39,137,71,23,118,85,313,27,49,33,1327,893,314,120,0,1075,103,41,126,118,146,164,200,122,42,13,53229,61890,855,61811,382,16873,261,16759,8,-999999999,7,-999999999,67,669,38,3,49,45,104,150,147,93,27,13,66975,72099,26560,406,26452,43924,31742,60938,27389,2980,2336,1954,747,644,821,226,1599,1353,1197,945,933,18,252,156,30,24,6,126,246,206,140,79,40,-888888888,-888888888,-888888888,-888888888,-888888888,-888888888,-888888888,-888888888,-888888888,-888888888,-888888888,-888888888,-888888888,-888888888,-888888888,-888888888,-888888888,-888888888,-888888888
2019,Zavala County; Texas,9004,4693,4693,4285,408,0,4311,4693,-888888888,4384,2209,2209,2060,1055,565,2197,1310,4279,3868,115,14,73,114,95,15.9,4285,1198,850,886,698,653,4285,451,267,237,48,507,95,565,294,31,64,153,1561,257,73,237,4285,3183,834,264,4,3571,463,479,387,503,680,572,305,148,19,15,34459,41014,2507,42896,1352,12518,595,21359,456,8307,117,991,1429,2881,198,373,325,469,564,488,305,125,19,15,36275,44519,13835,690,12133,19574,20256,35135,24910,11875,9970,4576,6153,1905,3750,140,6460,4294,3985,3085,2799,298,900,309,157,0,157,152,2166,1460,517,994,706,-888888888,-888888888,-888888888,-888888888,-888888888,-888888888,-888888888,-888888888,-888888888,-888888888,-888888888,-888888888,-888888888,-888888888,-888888888,-888888888,-888888888,-888888888,-888888888
2019,Calhoun County; Texas,16968,10188,10188,9625,563,0,6780,10188,-888888888,8248,4499,4499,4205,1703,1090,3351,2369,9405,7795,1155,44,61,25,325,18.9,9625,2282,1854,1526,1833,2130,9625,506,1176,2554,48,057,171,816,186,24,396,728,1643,518,495,412,9625,7815,1323,487,0,7582,442,305,667,887,982,1509,970,1223,435,162,58776,72536,5864,74435,2427,18255,1396,19188,642,11417,86,2188,1098,5135,199,70,342,602,637,843,872,1100,329,141,70735,80694,27268,2447,34317,50895,32265,48881,29392,21444,17350,12553,7169,4094,5610,791,12228,9388,8919,6652,6395,321,2267,469,139,139,0,330,2840,2134,1330,975,706,-888888888,-888888888,-888888888,-888888888,-888888888,-888888888,-888888888,-888888888,-888888888,-888888888,-888888888,-888888888,-888888888,-888888888,-888888888,-888888888,-888888888,-888888888,-888888888
2019,Foard County; Texas,1101,628,628,570,58,0,473,628,-888888888,537,284,284,266,50,44,127,53,558,444,56,0,31,0,27,16.6,570,143,148,91,109,79,570,80,78,40,48,155,16,53,21,0,32,27,127,29,33,34,570,317,158,89,6,533,18,34,74,81,95,131,27,36,18,19,43625,62021,390,57491,247,15480,89,24190,65,6755,0,-666666666,82,346,21,0,44,49,49,96,27,23,18,19,52717,73921,27573,187,35250,38462,20774,41131,19738,1239,1057,724,524,182,252,46,678,508,479,392,349,52,87,29,18,18,0,11,170,132,82,56,38,-888888888,-888888888,-888888888,-888888888,-888888888,-888888888,-888888888,-888888888,-888888888,-888888888,-888888888,-888888888,-888888888,-888888888,-888888888,-888888888,-888888888,-888888888,-888888888
2019,Goliad County; Texas,6132,3281,3266,3104,162,15,2851,3266,-888888888,3133,1576,1576,1469,371,178,1152,798,3075,2401,346,0,96,0,232,32.0,3104,1080,462,652,407,503,3104,363,260,344,48,175,50,303,150,35,133,192,780,258,99,137,3104,2242,622,240,0,2727,316,157,274,230,222,438,365,382,212,131,60690,77169,1877,79585,1070,19419,612,23644,181,7730,11,-999999999,432,1922,75,67,100,167,191,328,341,351,171,131,80625,94545,29855,805,19176,33967,37885,59698,41667,7464,6738,4970,2751,726,1726,178,4114,2992,2830,2541,2407,231,289,162,98,76,51,64,1122,927,623,364,195,-888888888,-888888888,-888888888,-888888888,-888888888,-888888888,-888888888,-888888888,-888888888,-888888888,-888888888,-888888888,-888888888,-888888888,-888888888,-888888888,-888888888,-888888888,-888888888
2019,Hamilton County; Texas,6788,3488,3480,3409,71,8,3300,3480,-888888888,3417,1605,1605,1599,512,231,1083,783,3315,2292,626,0,232,8,157,21.4,3409,1065,583,593,586,582,3409,424,341,192,48,193,35,380,199,4,162,135,915,313,168,141,3409,2393,579,394,43,2989,162,159,397,378,381,533,314,469,66,130,50825,70739,1999,70844,1348,18628,839,25600,129,9858,56,3041,318,2094,8,66,157,291,206,525,314,349,66,112,66118,80464,26930,895,22062,44022,27923,44139,29670,8116,6787,4881,3307,1329,1867,155,4383,3075,3004,2222,2125,147,782,71,52,46,17,19,1308,935,571,432,373,-888888888,-888888888,-888888888,-888888888,-888888888,-888888888,-888888888,-888888888,-888888888,-888888888,-888888888,-888888888,-888888888,-888888888,-888888888,-888888888,-888888888,-888888888,-888888888
2019,Mitchell County; Texas,7120,2935,2935,2795,140,0,4185,2935,-888888888,2675,1327,1327,1219,519,290,937,675,2789,2333,322,0,43,0,91,22.0,2795,868,618,520,548,241,2795,497,365,88,48,335,69,270,24,13,163,84,690,117,197,218,2795,1806,633,340,16,2382,86,107,291,241,429,339,445,263,73,108,51492,73526,1770,78598,892,16853,536,18830,241,10502,36,303,233,1514,3,35,100,136,148,286,387,247,64,108,78283,94763,21136,868,32130,35966,34861,45000,33634,6484,5309,4025,2200,1175,1742,227,3527,2642,2502,1915,1848,124,587,140,97,96,1,43,885,567,399,309,318,-888888888,-888888888,-888888888,-888888888,-888888888,-888888888,-888888888,-888888888,-888888888,-888888888,-888888888,-888888888,-888888888,-888888888,-888888888,-888888888,-888888888,-888888888,-888888888
2019,Titus County; Texas,24181,15235,15235,14466,769,0,8946,15235,-888888888,12337,6848,6848,6435,2805,1737,6011,3941,14325,12099,1673,35,67,260,191,18.8,14466,3100,2764,2964,1596,4042,14466,498,866,3336,48,449,582,2047,826,36,350,862,2744,1027,844,448,14466,11853,1769,812,32,10893,560,589,1525,1230,1518,2236,1318,1322,301,294,50196,62814,8716,63135,2966,18734,1676,21013,470,11136,154,3610,1714,8437,243,355,1061,894,1203,1853,1139,1140,296,253,54719,67867,21730,2456,30310,41153,27904,40429,29661,32418,26552,18491,11184,5866,9967,901,18091,14009,13347,10235,9778,668,3112,662,321,290,38,341,4082,2721,1839,1176,1361,-888888888,-888888888,-888888888,-888888888,-888888888,-888888888,-888888888,-888888888,-888888888,-888888888,-888888888,-888888888,-888888888,-888888888,-888888888,-888888888,-888888888,-888888888,-888888888
2019,Lavaca County; Texas,15794,9418,9418,9119,299,0,6376,9418,-888888888,8135,4285,4285,4181,1500,1060,3057,2418,9021,7314,1145,0,129,65,368,28.5,9119,2735,1181,1944,1405,1854,9119,917,660,1570,48,285,291,1047,412,49,525,459,1823,445,608,313,9119,6843,1432,790,54,7826,326,532,735,809,1150,1375,829,1186,418,466,54403,79698,5630,79132,3094,19737,1687,23107,270,9278,46,5035,625,5609,179,190,345,472,719,1109,669,1096,388,442,69898,94362,32188,2217,29022,38240,35171,46924,37338,19582,17600,14146,6411,1982,4962,362,10263,8259,7989,6858,6688,232,1131,270,121,110,24,149,2004,1680,1274,507,324,-888888888,-888888888,-888888888,-888888888,-888888888,-888888888,-888888888,-888888888,-888888888,-888888888,-888888888,-888888888,-888888888,-888888888,-888888888,-888888888,-888888888,-888888888,-888888888
2019,Terry County; Texas,9489,5342,5342,4849,493,0,4147,5342,-888888888,4573,2384,2384,2143,1137,476,2136,1230,4814,3589,900,13,93,3,216,18.5,4849,1157,1003,856,1239,594,4849,1082,416,163,48,445,359,337,259,37,158,73,936,551,174,304,4849,3889,612,348,0,4061,327,141,440,532,785,637,480,472,157,90,44627,62202,3228,59670,1297,16582,640,28814,305,10001,61,1480,768,2875,145,54,232,321,714,454,388,333,157,77,49328,69028,20627,1186,28263,40902,26165,45045,31670,11535,8868,5348,4559,2667,3572,562,6179,4830,4416,3139,2914,313,1277,414,167,135,32,247,1349,785,384,480,564,-888888888,-888888888,-888888888,-888888888,-888888888,-888888888,-888888888,-888888888,-888888888,-888888888,-888888888,-888888888,-888888888,-888888888,-888888888,-888888888,-888888888,-888888888,-888888888
2019,Wise County; Texas,51986,31526,31526,30152,1374,0,20460,31526,-888888888,25899,13553,13553,12861,4862,2900,10594,6865,29524,24311,2992,52,399,191,1579,32.2,30152,8704,4915,6508,4330,5695,30152,2265,2456,2725,48,497,977,3704,2743,447,1418,1992,5740,2317,2118,1250,30152,23999,3480,2590,83,22369,965,858,1771,2183,2631,4299,3216,3839,1348,1259,64536,82046,17550,83054,7450,20443,4348,27008,870,10602,296,3563,2137,16853,477,386,873,1497,1845,3335,2696,3326,1246,1172,75083,92228,29418,5516,36866,46706,33993,52947,38720,65372,53662,42332,18684,11710,17392,2555,38377,28970,27804,22032,21429,1096,5772,1166,582,451,138,584,9407,6693,4847,2532,2714,-888888888,-888888888,-888888888,-888888888,-888888888,-888888888,-888888888,-888888888,-888888888,-888888888,-888888888,-888888888,-888888888,-888888888,-888888888,-888888888,-888888888,-888888888,-888888888
2019,Matagorda County; Texas,28456,16676,16564,15607,957,112,11780,16564,-888888888,14325,7089,7014,6690,3077,1774,5925,3537,15449,13056,1509,129,147,166,442,23.1,15607,4148,2823,2937,2939,2760,15607,991,1876,2060,48,321,317,1723,1330,110,411,1061,2990,1352,1086,300,15607,12342,2001,1214,50,13848,1565,777,1391,1409,1942,2248,1980,1506,547,483,48913,64806,10508,66682,4688,15157,2169,22895,701,8721,143,2450,1938,9262,537,353,742,983,1374,1668,1437,1343,408,417,60061,74325,25172,4586,27044,42997,30894,52507,32232,36305,29793,20670,12894,6512,10044,1241,20450,14919,14088,10982,10335,966,3106,831,334,298,36,497,5531,4039,2597,1729,1492,-888888888,-888888888,-888888888,-888888888,-888888888,-888888888,-888888888,-888888888,-888888888,-888888888,-888888888,-888888888,-888888888,-888888888,-888888888,-888888888,-888888888,-888888888,-888888888
2019,Pecos County; Texas,12289,6284,6275,6122,153,9,6005,6275,-888888888,5069,2659,2659,2624,1220,518,2561,1291,6007,4965,602,10,172,42,216,16.6,6122,1530,1294,1160,1053,1085,6122,971,546,222,48,371,87,907,548,39,289,232,987,475,262,557,6122,4407,1236,479,0,4656,403,236,283,683,630,723,801,593,181,123,52397,68797,3910,70931,1153,17104,637,15980,252,7800,5,-999999999,391,3339,225,66,120,391,514,563,677,545,171,67,61183,72882,21120,1317,27942,54971,31320,42029,32212,13542,11092,8386,4250,2450,4148,517,7458,5645,5527,4246,4074,277,1281,118,86,15,71,32,1813,1246,922,478,567,-888888888,-888888888,-888888888,-888888888,-888888888,-888888888,-888888888,-888888888,-888888888,-888888888,-888888888,-888888888,-888888888,-888888888,-888888888,-888888888,-888888888,-888888888,-888888888
2019,Rockwall County; Texas,73948,50298,50230,48291,1939,68,23650,50230,-888888888,37864,22862,22844,21858,7059,4240,18578,13100,47766,38709,4361,383,223,485,3605,34.4,48291,23424,6166,11436,3459,3806,48291,554,3981,4709,48,397,1426,5848,2280,1099,3837,5938,11010,3337,1988,2284,48291,38379,6811,3000,101,33032,616,557,1259,1493,2936,4871,4639,7589,4352,4720,100920,122912,28199,123036,8400,22409,6354,30307,950,9846,148,4155,1009,26595,451,132,753,958,1877,3410,3721,6760,4068,4465,112753,133299,42346,6437,52543,72968,51501,74480,52960,96467,85361,76442,17988,11106,27871,2866,57208,46652,44959,39546,39072,1269,5413,1693,1101,974,186,592,10556,8447,7504,1615,2109,-888888888,-888888888,-888888888,-888888888,-888888888,-888888888,-888888888,-888888888,-888888888,-888888888,-888888888,-888888888,-888888888,-888888888,-888888888,-888888888,-888888888,-888888888,-888888888
2019,Taylor County; Texas,106389,69751,65648,63441,2207,4103,36638,65648,-888888888,55115,32847,32301,31442,11679,8192,20086,15325,66811,53494,7088,395,1333,805,3696,16.7,63441,20730,13730,14033,6913,8035,63441,1452,4204,4215,48,441,1234,7820,3372,625,4442,4108,18132,6066,3377,4394,63441,49772,9967,3548,154,49868,3205,2442,4871,5434,7680,9098,6247,6854,2146,1891,53143,71506,39953,70056,14256,18926,9255,23970,2861,10872,660,2862,6953,32740,1271,826,2339,2980,4934,6329,4939,5668,1824,1630,65192,83594,27162,17128,31952,44135,28419,42624,32325,131204,112882,87190,41465,18322,36184,2893,76289,59474,57727,47088,44935,3745,10639,1747,1002,813,254,745,16815,12912,8293,5853,3903,-888888888,-888888888,-888888888,-888888888,-888888888,-888888888,-888888888,-888888888,-888888888,-888888888,-888888888,-888888888,-888888888,-888888888,-888888888,-888888888,-888888888,-888888888,-888888888
2019,Throckmorton County; Texas,1237,718,718,684,34,0,519,718,-888888888,655,351,351,330,86,65,116,83,665,556,52,0,11,15,31,17.4,684,223,92,196,88,85,684,176,29,18,48,447,7,54,63,13,29,29,203,24,23,16,684,460,131,93,0,668,104,42,52,96,80,105,68,85,20,16,40000,61731,458,63526,285,20706,126,21032,19,9242,7,-999999999,68,424,36,6,27,52,51,82,60,75,20,15,59853,79028,30463,244,19531,30606,28281,53426,28864,1432,1204,849,588,228,240,24,794,602,568,433,417,19,135,34,8,6,6,26,192,154,78,79,38,-888888888,-888888888,-888888888,-888888888,-888888888,-888888888,-888888888,-888888888,-888888888,-888888888,-888888888,-888888888,-888888888,-888888888,-888888888,-888888888,-888888888,-888888888,-888888888
2019,Walker County; Texas,62588,27203,27172,26268,904,31,35385,27172,-888888888,25375,12243,12243,11754,3808,2258,6491,4020,25989,21433,1845,133,983,351,1244,27.5,26268,7943,7291,5311,2441,3282,26268,663,1502,987,48,471,410,3358,1253,317,1188,1342,7018,2690,1026,4514,26268,16426,8618,1170,54,21963,3178,1241,2138,2362,3178,3608,2913,2174,734,437,43742,57798,16338,56868,5696,20249,5244,30538,701,11121,240,3273,1360,13125,682,620,607,1169,1826,2580,2586,1984,655,416,64925,75193,18544,8838,23145,31090,27041,41045,35794,58240,50497,42750,14927,7743,12192,1053,37796,25605,24798,21331,20461,1264,3467,807,463,345,128,344,12191,9338,7911,2013,2853,-888888888,-888888888,-888888888,-888888888,-888888888,-888888888,-888888888,-888888888,-888888888,-888888888,-888888888,-888888888,-888888888,-888888888,-888888888,-888888888,-888888888,-888888888,-888888888
2019,Wood County; Texas,36679,17324,17324,16364,960,0,19355,17324,-888888888,18591,8135,8135,7759,2457,1405,5501,3727,15977,12904,1488,40,355,141,1049,30.7,16364,4793,2494,3815,2569,2693,16364,788,1489,1607,48,499,406,2424,1040,292,1021,1456,3217,1206,600,818,16364,12917,2185,1151,111,16510,1179,1145,1602,1778,2107,2968,2387,2139,645,560,53394,70971,10018,74184,8378,21254,4638,29213,879,11115,259,1475,1796,11642,546,328,782,1125,1508,2365,2023,1875,585,505,64187,83430,29005,4868,25540,38779,30806,50741,34538,43361,37664,26930,19214,5697,9221,882,22626,15356,14484,11611,11045,844,2873,872,331,244,136,541,7270,5906,3911,2885,1364,-888888888,-888888888,-888888888,-888888888,-888888888,-888888888,-888888888,-888888888,-888888888,-888888888,-888888888,-888888888,-888888888,-888888888,-888888888,-888888888,-888888888,-888888888,-888888888
2019,Aransas County; Texas,20564,10606,10606,9814,792,0,9958,10606,-888888888,10586,4777,4777,4355,1183,884,3095,1869,9531,7360,988,19,180,114,870,20.8,9814,2474,2878,2102,1262,1098,9814,342,1189,471,48,007,134,1311,336,55,555,821,1651,1884,501,564,9814,7143,1104,1516,51,9548,854,557,1028,1216,1576,1296,985,1076,379,581,45137,75855,6437,68247,4794,20077,2521,31079,524,8015,174,1420,1361,6132,355,108,545,742,1012,908,805,827,343,487,58299,86457,30863,3416,26875,53612,21291,44513,30810,24093,19286,13523,10740,4807,5107,826,12441,8573,7934,5534,5144,610,2400,639,219,165,54,420,3868,2707,1972,1227,1161,-888888888,-888888888,-888888888,-888888888,-888888888,-888888888,-888888888,-888888888,-888888888,-888888888,-888888888,-888888888,-888888888,-888888888,-888888888,-888888888,-888888888,-888888888,-888888888
2019,Cochran County; Texas,2201,1315,1315,1208,107,0,886,1315,-888888888,1064,543,543,499,238,141,443,296,1190,917,220,2,0,19,32,26.9,1208,288,149,194,319,258,1208,383,75,53,48,079,22,93,131,8,53,25,228,30,48,59,1208,881,219,108,0,998,106,109,111,121,124,128,117,99,71,12,40962,58478,749,63593,368,15120,142,20351,45,8958,10,540,156,687,39,61,86,79,49,92,108,91,70,12,58295,69678,21463,311,25156,28804,31078,40536,34511,2863,2080,1233,1019,783,809,208,1599,1188,1091,762,734,37,329,97,17,15,2,80,411,245,124,131,166,-888888888,-888888888,-888888888,-888888888,-888888888,-888888888,-888888888,-888888888,-888888888,-888888888,-888888888,-888888888,-888888888,-888888888,-888888888,-888888888,-888888888,-888888888,-888888888
2019,Coke County; Texas,2698,1491,1491,1448,43,0,1207,1491,-888888888,1401,714,714,682,71,58,480,401,1405,1146,125,0,79,0,55,21.4,1448,467,260,232,335,154,1448,118,101,61,48,081,36,170,183,5,31,102,434,87,71,49,1448,865,458,125,0,1644,79,123,245,180,297,275,216,212,9,8,45000,54420,1159,55909,676,18930,309,22894,81,9993,18,-999999999,136,1007,8,15,56,127,191,208,186,204,4,8,64850,68971,25285,637,22332,30818,29759,48277,31337,3206,2731,2024,1247,475,667,125,1636,1320,1292,1053,1018,41,239,28,10,1,9,18,316,224,124,104,92,-888888888,-888888888,-888888888,-888888888,-888888888,-888888888,-888888888,-888888888,-888888888,-888888888,-888888888,-888888888,-888888888,-888888888,-888888888,-888888888,-888888888,-888888888,-888888888
2019,Coryell County; Texas,59562,33889,26124,24032,2092,7765,25673,26124,-888888888,29966,13738,12842,11681,6084,3382,10345,6511,30503,22903,3784,93,1894,266,1563,22.2,24032,7443,5100,5507,3006,2976,24032,293,1784,1487,48,099,537,2959,1217,247,1107,2393,5488,1944,1074,3502,24032,15124,7407,1483,18,22322,1365,812,2030,2950,3427,4862,2987,2723,732,434,52893,66325,17600,59888,6117,16539,6628,28600,1247,9539,218,2970,2544,15975,819,327,912,1970,2286,3810,2503,2326,653,369,59635,73559,22400,6347,32157,43975,28077,35435,33262,57995,51775,42285,19321,6220,17994,777,32957,23832,21887,18663,17774,2613,3224,1945,1158,957,335,787,9125,7743,5448,3863,1382,-888888888,-888888888,-888888888,-888888888,-888888888,-888888888,-888888888,-888888888,-888888888,-888888888,-888888888,-888888888,-888888888,-888888888,-888888888,-888888888,-888888888,-888888888,-888888888
2019,Hemphill County; Texas,2911,1940,1940,1842,98,0,971,1940,-888888888,1390,730,730,701,253,131,931,575,1833,1243,381,0,133,0,76,16.3,1842,560,274,400,410,198,1842,467,108,43,48,211,29,248,93,41,125,83,330,125,79,71,1842,1333,358,138,13,1298,29,53,39,207,149,214,124,326,85,72,70625,93374,1124,79217,341,18516,157,22464,16,-999999999,12,-999999999,109,1035,0,39,32,141,121,171,95,305,74,57,84250,94237,31530,263,35817,85131,36029,61771,40227,3958,3018,2545,951,940,1367,348,2088,1676,1578,1231,1161,118,347,98,20,20,0,78,412,245,176,75,167,-888888888,-888888888,-888888888,-888888888,-888888888,-888888888,-888888888,-888888888,-888888888,-888888888,-888888888,-888888888,-888888888,-888888888,-888888888,-888888888,-888888888,-888888888,-888888888
2019,Moore County; Texas,15303,10431,10426,9903,523,5,4872,10426,-888888888,7295,4110,4110,3886,2231,1320,4196,2918,9823,8043,1286,25,225,177,67,17.2,9903,2172,1048,1550,1667,3466,9903,943,652,2759,48,341,241,1135,677,137,119,605,1219,593,353,470,9903,8240,1329,322,12,6733,226,231,563,754,975,1792,938,872,184,198,54871,67850,5760,68693,1616,17584,795,17877,270,9887,53,2017,434,5068,126,158,340,474,744,1340,774,756,158,198,59118,73693,23001,1665,41042,47725,32496,41381,31929,21242,17577,14424,5031,3665,7021,859,12026,9548,9039,7462,7327,486,1577,509,294,253,41,215,2478,1503,1251,361,975,-888888888,-888888888,-888888888,-888888888,-888888888,-888888888,-888888888,-888888888,-888888888,-888888888,-888888888,-888888888,-888888888,-888888888,-888888888,-888888888,-888888888,-888888888,-888888888
2019,Potter County; Texas,90103,53700,53614,51766,1848,86,36403,53614,-888888888,43616,24266,24242,23328,10593,6178,20108,13606,51353,42187,6255,215,852,622,1222,18.5,51766,12151,11367,10791,6774,10683,51766,804,4942,7942,48,375,1403,6433,2809,538,2281,3629,10330,5394,3008,2253,51766,42984,5978,2714,90,44380,3747,2740,6057,6051,6278,8693,4102,4147,1077,1488,42528,60595,35110,62647,11351,17379,5623,22075,2722,9618,655,2865,6926,28534,1754,842,3062,3384,4342,6396,2980,3493,963,1318,52700,71334,22568,15846,26484,38390,28022,39136,30921,112967,88015,61110,36276,24952,34098,4812,65240,49548,47962,34633,32679,2824,13329,1586,754,580,211,832,15692,9961,5503,5204,5731,-888888888,-888888888,-888888888,-888888888,-888888888,-888888888,-888888888,-888888888,-888888888,-888888888,-888888888,-888888888,-888888888,-888888888,-888888888,-888888888,-888888888,-888888888,-888888888
2019,San Augustine County; Texas,6872,3014,3014,2799,215,0,3858,3014,-888888888,3618,1482,1482,1439,460,220,966,669,2748,2289,294,0,22,83,60,27.7,2799,710,591,604,334,560,2799,167,204,340,48,405,24,437,129,55,120,121,777,128,214,83,2799,2125,391,283,0,3451,505,245,441,360,532,535,420,282,69,62,40353,55320,2097,61345,1740,18618,769,24363,244,7517,71,1606,549,2486,287,126,209,239,438,439,384,243,69,52,47250,63339,23683,965,20132,32403,26886,53000,29469,8050,6858,4710,3623,1192,1856,197,4165,2564,2374,1915,1745,199,459,190,69,69,20,121,1601,1196,682,587,405,-888888888,-888888888,-888888888,-888888888,-888888888,-888888888,-888888888,-888888888,-888888888,-888888888,-888888888,-888888888,-888888888,-888888888,-888888888,-888888888,-888888888,-888888888,-888888888
2019,Shackelford County; Texas,2615,1588,1588,1504,84,0,1027,1588,-888888888,1361,741,741,680,289,220,445,351,1490,1249,109,0,32,86,14,21.5,1504,480,310,356,207,151,1504,303,100,19,48,417,6,186,103,16,14,106,234,153,124,140,1504,1035,332,137,0,1317,90,95,148,100,264,272,152,113,61,22,46935,60781,945,59537,466,20740,348,17908,69,9728,28,864,97,870,20,30,52,52,237,184,123,104,52,16,55500,71794,24852,447,22656,39011,27610,34806,35592,3270,2850,2247,1164,420,860,29,1778,1342,1258,1037,995,86,221,84,53,16,37,31,436,297,159,186,139,-888888888,-888888888,-888888888,-888888888,-888888888,-888888888,-888888888,-888888888,-888888888,-888888888,-888888888,-888888888,-888888888,-888888888,-888888888,-888888888,-888888888,-888888888,-888888888
2019,Starr County; Texas,45233,25831,25831,22056,3775,0,19402,25831,-888888888,23455,12517,12517,10917,7392,4104,12904,9006,21143,14875,3747,58,854,97,1512,27.0,22056,4994,7117,3523,3525,2897,22056,1393,2261,639,48,427,156,2348,1253,86,673,1009,8785,1483,1160,810,22056,15850,4154,1890,162,16188,2173,1639,3235,2055,2364,2154,1038,961,286,283,30387,47269,12423,48886,5488,11224,1484,18195,2739,7499,202,1674,6570,12969,1097,1147,2779,1717,2060,1840,978,823,245,283,33231,51888,14179,3219,13667,23989,17828,30805,26536,63545,41458,16188,27352,22087,22194,4193,34207,23941,20661,11034,9773,1566,9627,3280,717,337,385,2563,10266,4900,1363,3708,5366,-888888888,-888888888,-888888888,-888888888,-888888888,-888888888,-888888888,-888888888,-888888888,-888888888,-888888888,-888888888,-888888888,-888888888,-888888888,-888888888,-888888888,-888888888,-888888888
2019,Upton County; Texas,2842,1506,1506,1428,78,0,1336,1506,-888888888,1339,574,574,548,266,89,619,364,1427,1232,134,6,15,0,40,24.8,1428,296,269,259,380,224,1428,444,139,47,48,461,15,82,91,28,41,57,311,79,39,55,1428,1042,294,85,7,1332,131,45,140,124,193,257,185,164,50,43,52171,65771,977,70705,413,19365,257,22488,114,11961,21,1810,93,863,40,14,58,57,99,202,150,150,50,43,71679,82534,25447,469,29896,34184,31447,52538,31307,3602,3197,2530,999,405,1026,73,1987,1405,1327,1146,1146,13,181,78,52,51,1,26,582,485,319,227,97,-888888888,-888888888,-888888888,-888888888,-888888888,-888888888,-888888888,-888888888,-888888888,-888888888,-888888888,-888888888,-888888888,-888888888,-888888888,-888888888,-888888888,-888888888,-888888888
2019,Brown County; Texas,30638,17090,17082,16369,713,8,13548,17082,-888888888,15677,8119,8119,7840,2387,1642,5399,3546,16155,13629,1427,41,283,168,607,16.3,16369,4978,3061,3451,1876,3003,16369,914,1116,2510,48,049,225,1865,566,186,606,1147,4018,1295,1083,838,16369,12799,2226,1329,15,14409,887,638,1804,1876,2178,2808,1639,1604,469,506,48365,69577,10499,68602,5723,19171,3259,25245,1198,10534,261,2591,1518,9572,254,172,945,893,1536,2118,1348,1471,399,436,61889,82803,27463,4837,28750,40472,29491,42261,31679,36785,31466,23172,13878,5319,8757,608,21084,15271,14747,11665,11073,1005,3082,524,388,238,174,136,5813,4349,2890,2053,1464,-888888888,-888888888,-888888888,-888888888,-888888888,-888888888,-888888888,-888888888,-888888888,-888888888,-888888888,-888888888,-888888888,-888888888,-888888888,-888888888,-888888888,-888888888,-888888888
2019,Hall County; Texas,2451,1380,1380,1239,141,0,1071,1380,-888888888,1234,627,627,559,140,101,468,331,1220,958,139,1,47,9,66,17.4,1239,306,276,250,272,135,1239,272,100,57,48,191,31,96,77,15,32,84,186,122,58,109,1239,828,250,143,18,1267,117,131,215,176,150,217,122,87,25,27,34673,53651,927,49114,510,19323,280,23006,82,6760,34,4112,205,803,22,71,96,122,126,167,82,68,22,27,43750,65369,21907,464,21210,30958,20909,39844,29659,2993,2264,1330,1317,729,759,48,1594,1155,1034,618,574,59,416,121,35,35,0,86,439,262,138,136,177,-888888888,-888888888,-888888888,-888888888,-888888888,-888888888,-888888888,-888888888,-888888888,-888888888,-888888888,-888888888,-888888888,-888888888,-888888888,-888888888,-888888888,-888888888,-888888888
2019,Franklin County; Texas,8492,5124,5124,4798,326,0,3368,5124,-888888888,4376,2437,2437,2270,718,435,1743,1453,4538,3740,423,29,0,59,287,27.6,4798,1627,768,1006,475,922,4798,323,326,649,48,159,99,548,349,15,319,208,1113,355,248,246,4798,3529,794,460,15,3965,144,129,450,563,558,706,456,620,132,207,53783,76173,2942,77189,1693,19643,821,27395,274,11476,47,8172,497,2817,32,78,178,367,425,442,412,557,137,189,64945,89268,28789,1148,31853,40344,31437,42214,35036,10622,9127,6673,4028,1495,2788,341,5564,4505,4252,3512,3345,329,740,253,168,128,43,85,1059,730,446,369,329,-888888888,-888888888,-888888888,-888888888,-888888888,-888888888,-888888888,-888888888,-888888888,-888888888,-888888888,-888888888,-888888888,-888888888,-888888888,-888888888,-888888888,-888888888,-888888888
2019,Frio County; Texas,15767,7112,7112,6634,478,0,8655,7112,-888888888,6045,2530,2530,2362,1409,906,2354,1674,6523,5663,439,0,82,30,309,19.3,6634,1604,1520,1123,1092,1295,6634,991,575,286,48,163,204,603,510,0,124,392,1304,772,367,506,6634,4847,1319,468,0,4542,340,440,522,456,682,743,542,574,122,121,46729,67332,3358,63513,1853,16743,642,22084,393,8268,104,3595,968,3372,150,193,470,329,393,678,449,519,104,87,54111,74697,19256,1170,29615,43580,21767,36083,34211,15664,12289,7260,6095,3375,4633,542,8624,6348,5938,4238,3911,376,1700,410,76,60,16,334,2276,1539,724,873,737,-888888888,-888888888,-888888888,-888888888,-888888888,-888888888,-888888888,-888888888,-888888888,-888888888,-888888888,-888888888,-888888888,-888888888,-888888888,-888888888,-888888888,-888888888,-888888888
2019,Lampasas County; Texas,16914,9729,9585,8951,634,144,7185,9585,-888888888,8398,4335,4335,4031,1290,896,3105,2439,8959,7185,1129,0,147,161,337,27.7,8951,3147,1771,1867,984,1182,8951,380,760,566,48,281,161,1303,291,66,433,771,1804,900,673,843,8951,6362,1923,644,22,7807,546,267,589,643,1168,1597,836,1368,491,302,60772,75447,5489,72018,2684,19731,2822,28395,396,12453,82,1226,934,5770,241,72,324,319,717,1320,671,1349,472,285,73071,88064,29412,2037,29631,37470,33400,50836,35820,20512,17833,14747,7496,2679,4803,391,11939,8939,8350,7097,6892,1129,1253,589,300,249,117,289,3000,2266,1713,1046,734,-888888888,-888888888,-888888888,-888888888,-888888888,-888888888,-888888888,-888888888,-888888888,-888888888,-888888888,-888888888,-888888888,-888888888,-888888888,-888888888,-888888888,-888888888,-888888888
