year,county_name,households_by_type_total_households,households_by_type_total_households_family_househo,households_by_type_total_households_family_househo,households_by_type_total_households_family_househo,households_by_type_total_households_family_househo,households_by_type_total_households_family_househo,households_by_type_total_households_family_househo,households_by_type_total_households_family_househo,households_by_type_total_households_family_househo,households_by_type_total_households_nonfamily_hous,households_by_type_total_households_nonfamily_hous,households_by_type_total_households_nonfamily_hous,households_by_type_total_households_households_wit,households_by_type_total_households_households_wit,households_by_type_total_households_average_househ,households_by_type_total_households_average_family,relationship_population_in_households,relationship_population_in_households_householder,relationship_population_in_households_spouse,relationship_population_in_households_child,relationship_population_in_households_other_relati,relationship_population_in_households_nonrelatives,relationship_population_in_households_nonrelatives,marital_status_males_15_years_and_over,marital_status_males_15_years_and_over_never_marri,marital_status_males_15_years_and_over_now_married,marital_status_males_15_years_and_over_separated,marital_status_males_15_years_and_over_widowed,marital_status_males_15_years_and_over_divorced,marital_status_females_15_years_and_over,marital_status_females_15_years_and_over_never_mar,marital_status_females_15_years_and_over_now_marri,marital_status_females_15_years_and_over_separated,marital_status_females_15_years_and_over_widowed,marital_status_females_15_years_and_over_divorced,fertility_number_of_women_15_to_50_years_old_who_h,fertility_number_of_women_15_to_50_years_old_who_h,fertility_number_of_women_15_to_50_years_old_who_h,fertility_number_of_women_15_to_50_years_old_who_h,fertility_number_of_women_15_to_50_years_old_who_h,fertility_number_of_women_15_to_50_years_old_who_h,fertility_number_of_women_15_to_50_years_old_who_h,grandparents_number_of_grandparents_living_with_ow,grandparents_number_of_grandparents_living_with_ow,grandparents_number_of_grandparents_living_with_ow,state_fips,county_fips,grandparents_number_of_grandparents_living_with_ow,grandparents_number_of_grandparents_living_with_ow,grandparents_number_of_grandparents_living_with_ow,grandparents_number_of_grandparents_responsible_fo,grandparents_number_of_grandparents_responsible_fo,grandparents_number_of_grandparents_responsible_fo,school_enrollment_population_3_years_and_over_enro,school_enrollment_population_3_years_and_over_enro,school_enrollment_population_3_years_and_over_enro,school_enrollment_population_3_years_and_over_enro,school_enrollment_population_3_years_and_over_enro,school_enrollment_population_3_years_and_over_enro,educational_attainment_population_25_years_and_ove,educational_attainment_population_25_years_and_ove,educational_attainment_population_25_years_and_ove,educational_attainment_population_25_years_and_ove,educational_attainment_population_25_years_and_ove,educational_attainment_population_25_years_and_ove,educational_attainment_population_25_years_and_ove,educational_attainment_population_25_years_and_ove,educational_attainment_population_25_years_and_ove,educational_attainment_population_25_years_and_ove,veteran_status_civilian_population_18_years_and_ov,veteran_status_civilian_population_18_years_and_ov,disability_status_of_the_civilian_noninstitutional,disability_status_of_the_civilian_noninstitutional,disability_status_of_the_civilian_noninstitutional,disability_status_of_the_civilian_noninstitutional,disability_status_of_the_civilian_noninstitutional,disability_status_of_the_civilian_noninstitutional,disability_status_of_the_civilian_noninstitutional,disability_status_of_the_civilian_noninstitutional,residence_1_year_ago_population_1_year_and_over,residence_1_year_ago_population_1_year_and_over_sa,residence_1_year_ago_population_1_year_and_over_di,residence_1_year_ago_population_1_year_and_over_di,residence_1_year_ago_population_1_year_and_over_di,residence_1_year_ago_population_1_year_and_over_di,residence_1_year_ago_population_1_year_and_over_di,residence_1_year_ago_population_1_year_and_over_ab,place_of_birth_total_population,place_of_birth_total_population_native,place_of_birth_total_population_native_born_in_uni,place_of_birth_total_population_native_born_in_uni,place_of_birth_total_population_native_born_in_uni,place_of_birth_total_population_native_born_in_pue,place_of_birth_total_population_foreign_born,u.s._citizenship_status_foreign_born_population,u.s._citizenship_status_foreign_born_population_na,u.s._citizenship_status_foreign_born_population_no,year_of_entry_population_born_outside_the_united_s,year_of_entry_population_born_outside_the_united_s,year_of_entry_population_born_outside_the_united_s,year_of_entry_population_born_outside_the_united_s,year_of_entry_population_born_outside_the_united_s,year_of_entry_population_born_outside_the_united_s,year_of_entry_population_born_outside_the_united_s,world_region_of_birth_of_foreign_born_foreign_born,world_region_of_birth_of_foreign_born_foreign_born,world_region_of_birth_of_foreign_born_foreign_born,world_region_of_birth_of_foreign_born_foreign_born,world_region_of_birth_of_foreign_born_foreign_born,world_region_of_birth_of_foreign_born_foreign_born,world_region_of_birth_of_foreign_born_foreign_born,language_spoken_at_home_population_5_years_and_ove,language_spoken_at_home_population_5_years_and_ove,language_spoken_at_home_population_5_years_and_ove,language_spoken_at_home_population_5_years_and_ove,language_spoken_at_home_population_5_years_and_ove,language_spoken_at_home_population_5_years_and_ove,language_spoken_at_home_population_5_years_and_ove,language_spoken_at_home_population_5_years_and_ove,language_spoken_at_home_population_5_years_and_ove,language_spoken_at_home_population_5_years_and_ove,language_spoken_at_home_population_5_years_and_ove,language_spoken_at_home_population_5_years_and_ove,ancestry_total_population,ancestry_total_population_american,ancestry_total_population_arab,ancestry_total_population_czech,ancestry_total_population_danish,ancestry_total_population_dutch,ancestry_total_population_english,ancestry_total_population_french_except_basque,ancestry_total_population_french_canadian,ancestry_total_population_german,ancestry_total_population_greek,ancestry_total_population_hungarian,ancestry_total_population_irish,ancestry_total_population_italian,ancestry_total_population_lithuanian,ancestry_total_population_norwegian,ancestry_total_population_polish,ancestry_total_population_portuguese,ancestry_total_population_russian,ancestry_total_population_scotch_irish,ancestry_total_population_scottish,ancestry_total_population_slovak,ancestry_total_population_subsaharan_african,ancestry_total_population_swedish,ancestry_total_population_swiss,ancestry_total_population_ukrainian,ancestry_total_population_welsh,ancestry_total_population_west_indian_excluding_hi,computers_and_internet_use_total_households,computers_and_internet_use_total_households_with_a,computers_and_internet_use_total_households_with_a
2017,Polk County; Texas,17632,12291,4194,8669,2432,991,455,2631,1307,5341,4641,2057,5064,6207,2.46,2.94,43456,17632,8612,11673,3527,2012,1026,21230,6004,10624,715,686,3201,17747,3543,8867,564,2046,2727,507,343,79,61,53,126,9,1235,687,131,48,373,185,109,262,687,441,512,8649,503,580,4382,2158,1026,33538,2571,4777,12485,7512,2082,3086,1025,-888888888.0,-888888888.0,37284,3915,43531,9443,9683,1062,25373,4763,8475,3618,46488,39116,6887,3310,3577,3229,348,485,46974,43776,43487,33650,9837,289,3198,3198,832,2366,3487,289,0,289,3198,688,2510,3198,187,272,84,0,2574,81,44429,38598,5831,2322,5038,2143,263,56,176,51,354,72,46974,4475,158,323,67,641,4305,1234,293,4729,17,14,5578,943,0,89,601,0,69,371,756,5,235,292,71,0,176,59,17632,13673,11088
2017,Refugio County; Texas,2694,1856,714,1343,438,140,91,373,185,838,782,395,877,1016,2.64,3.28,7116,2694,1356,2310,558,198,112,2888,846,1542,73,114,313,2973,639,1383,186,442,323,59,24,36,40,37,71,15,277,139,19,48,391,41,33,46,139,80,114,1571,99,85,785,378,224,4936,497,499,1686,1189,469,438,158,-888888888.0,-888888888.0,5567,523,7116,1558,1726,108,3951,744,1439,706,7233,6438,793,240,553,541,12,2,7293,7126,7050,6374,676,76,167,167,56,111,243,76,0,76,167,0,167,167,21,5,0,0,141,0,6831,4896,1935,352,1907,352,23,0,5,0,0,0,7293,247,0,173,2,49,618,171,2,1031,0,40,831,60,0,15,60,10,7,125,13,0,47,12,21,0,16,3,2694,2071,1745
2017,Van Zandt County; Texas,19354,13726,5081,11035,3884,769,342,1922,855,5628,4599,2210,5983,7100,2.73,3.26,52874,19354,11070,15325,4587,2538,869,21228,5457,11973,298,674,2826,22358,4117,12035,476,2649,3081,803,239,44,71,10,166,17,1887,789,99,48,467,80,114,496,789,513,561,11904,625,749,5708,3086,1736,37033,2031,3950,12674,9456,2763,4419,1740,-888888888.0,-888888888.0,41120,4159,52941,9321,12449,487,30230,4623,10262,4211,52879,46601,6254,2711,3543,2907,636,24,53607,50912,50517,39534,10983,395,2695,2695,965,1730,3090,395,10,385,2695,451,2244,2695,240,505,5,59,1858,28,50640,46614,4026,2032,3614,1815,246,148,83,69,83,0,53607,9576,98,188,119,618,5053,1070,365,5269,28,26,5562,449,0,141,266,101,53,902,1020,0,21,190,61,67,214,21,19354,15902,11926
2017,Caldwell County; Texas,12894,8975,3867,6307,2557,637,309,2031,1001,3919,3007,1407,4617,3703,2.85,3.38,36765,12894,6231,11604,3563,2473,893,16374,6095,7508,459,318,1994,16275,4844,6793,507,1769,2362,604,300,52,61,9,107,33,1222,666,21,48,055,129,137,379,666,442,420,10168,526,548,4311,2865,1918,26065,2898,2492,9853,5687,1409,2525,1201,-888888888.0,-888888888.0,30771,2406,38735,5383,9608,317,24026,2909,5101,2157,39959,33875,6018,1267,4751,4160,591,66,40544,36890,36422,30383,6039,468,3654,3654,1072,2582,4122,468,52,416,3654,395,3259,3654,57,302,64,4,3202,25,38074,24886,13188,4202,12619,4124,491,40,3,0,75,38,40544,1800,6,531,19,359,2252,718,219,4891,0,64,3049,324,16,226,148,32,15,536,473,6,133,150,10,4,99,37,12894,10597,7791
2017,Wilbarger County; Texas,5155,3320,1427,2401,791,286,184,633,452,1835,1702,874,1662,1575,2.39,2.97,12323,5155,2419,3374,759,616,406,5085,1487,2495,94,234,775,5428,1245,2594,71,594,924,201,71,44,66,34,112,33,511,397,116,48,487,43,52,186,397,214,314,3145,228,157,1322,757,681,8767,758,1063,2674,2176,763,1011,322,-888888888.0,-888888888.0,9973,927,12790,2623,2954,263,7763,1418,2073,942,12864,9893,2930,1948,982,705,277,41,12972,12422,12219,9425,2794,203,550,550,204,346,753,203,96,107,550,89,461,550,21,83,27,0,406,13,12224,10179,2045,754,1869,640,39,26,98,88,39,0,12972,913,46,12,18,68,671,132,0,1867,0,0,1015,55,0,71,11,19,39,73,274,0,61,50,95,0,12,35,5155,4128,3473
2017,Martin County; Texas,1635,1241,579,932,407,106,61,203,111,394,342,106,670,399,3.35,3.94,5477,1635,945,2152,557,188,81,2080,572,1071,23,143,271,1991,557,1116,36,133,149,23,0,0,18,0,48,0,162,102,0,48,317,31,20,51,102,58,91,1524,102,146,783,312,181,3257,288,437,1053,622,186,448,223,-888888888.0,-888888888.0,3825,240,5477,579,1722,50,3111,225,644,304,5532,4998,534,270,264,230,34,0,5547,5136,5136,4669,467,0,411,411,133,278,411,0,0,0,411,4,407,411,65,0,0,0,341,5,5048,3264,1784,437,1544,335,236,102,4,0,0,0,5547,204,0,18,7,41,267,163,0,725,0,0,243,5,0,92,8,0,0,116,34,0,3,0,7,0,0,0,1635,1386,1053
2017,Reagan County; Texas,1171,897,452,697,321,93,50,107,81,274,233,71,471,253,3.16,3.67,3698,1171,687,1299,405,136,52,1485,501,860,33,25,66,1369,311,865,28,75,90,45,7,19,53,51,108,0,178,14,14,48,383,0,0,0,14,4,0,938,43,72,514,257,52,2352,412,284,757,555,85,179,80,-888888888.0,-888888888.0,2666,92,3698,376,1069,3,2251,171,378,202,3682,3124,451,280,171,85,86,107,3735,2824,2812,2563,249,12,911,911,370,541,923,12,1,11,911,251,660,911,5,0,0,0,906,0,3484,1375,2109,773,2088,773,21,0,0,0,0,0,3735,88,0,26,0,17,140,19,0,247,0,0,99,0,0,0,20,0,3,29,18,0,2,0,0,0,0,16,1171,998,772
2017,Yoakum County; Texas,2652,2037,1095,1725,868,82,23,230,204,615,535,230,1148,657,3.20,3.79,8481,2652,1754,3288,644,143,97,3044,816,1887,73,70,198,3065,768,1760,3,270,264,150,32,33,77,0,162,15,233,207,5,48,501,121,73,8,207,100,207,2292,184,173,1385,366,184,4877,1032,420,1364,964,361,517,219,-888888888.0,-888888888.0,5684,246,8481,902,2797,105,4740,391,944,406,8295,7603,650,442,208,189,19,42,8481,6612,6516,5372,1144,96,1869,1869,338,1531,1965,96,0,96,1869,541,1328,1869,0,4,0,0,1839,26,7698,3678,4020,1543,3950,1537,70,6,0,0,0,0,8481,745,91,27,0,79,388,72,0,419,0,0,407,61,0,44,61,0,6,25,264,0,9,10,0,0,0,0,2652,2201,1782
2017,Hale County; Texas,11217,8070,3777,5648,2475,723,292,1699,1010,3147,2795,1081,4467,3005,2.87,3.44,32193,11217,5688,11034,2985,1269,534,13916,4957,6699,392,353,1515,12652,3226,6119,372,1370,1565,519,85,21,68,0,130,36,1118,414,3,48,189,82,132,197,414,211,366,9754,457,627,4420,2477,1773,20977,2759,2396,7083,4522,835,2324,1058,-888888888.0,-888888888.0,24945,1310,32742,3567,9570,109,18927,1706,4245,1752,34003,27731,6181,2793,3388,3083,305,91,34527,31181,31090,26813,4277,91,3346,3346,995,2351,3437,91,0,91,3346,209,3137,3346,82,133,9,0,3116,6,31991,20279,11712,3171,11468,3064,136,59,97,44,11,4,34527,1356,19,49,61,205,1805,450,54,2355,51,0,2128,218,22,85,90,2,1,276,369,0,1074,32,15,0,62,189,11217,9139,8251
2017,Shelby County; Texas,9218,6369,3000,4515,1836,464,329,1390,835,2849,2723,1242,3307,2867,2.76,3.43,25473,9218,4549,9200,1710,796,191,9845,2868,4844,384,526,1223,10192,2708,4733,362,1267,1122,639,421,146,115,37,247,21,783,523,190,48,419,46,60,227,523,348,332,6479,498,429,3130,1762,660,16398,1547,2465,5579,3447,859,1754,747,-888888888.0,-888888888.0,18881,1332,25497,4503,6808,508,14613,2318,4076,1677,25311,21296,4008,2530,1478,1016,462,7,25689,23467,23426,18609,4817,41,2222,2222,262,1960,2263,41,11,30,2222,128,2094,2222,23,107,0,0,2092,0,23866,19748,4118,1694,3963,1644,15,2,140,48,0,0,25689,2088,0,48,47,235,1841,1034,23,1517,27,5,3534,170,0,39,73,2,9,522,455,0,14,14,5,0,15,5,9218,6778,5002
2017,Red River County; Texas,5218,3334,993,2339,685,195,31,800,277,1884,1780,862,1305,1943,2.33,2.97,12139,5218,2339,3426,814,342,100,4861,1238,2429,119,287,788,5614,1354,2579,163,814,704,43,30,21,16,21,21,10,372,288,33,48,387,37,131,87,288,157,205,2354,126,221,1055,667,285,8888,499,983,3475,2138,569,934,290,-888888888.0,-888888888.0,9887,690,12139,2266,2466,121,6977,1088,2696,1057,12277,10670,1595,1068,527,457,70,12,12353,12083,11932,9892,2040,151,270,270,136,134,421,151,57,94,270,1,269,270,9,5,0,0,256,0,11828,11140,688,110,670,106,18,4,0,0,0,0,12353,2975,0,28,0,139,825,86,0,655,0,0,1012,107,0,19,89,0,0,86,119,0,36,7,0,0,26,23,5218,3766,3132
2017,Runnels County; Texas,3781,2699,975,1954,655,323,91,422,229,1082,951,537,1207,1440,2.65,3.11,10036,3781,1909,2672,1115,559,226,4051,1070,2171,97,194,519,4220,870,2191,14,636,509,83,53,48,40,0,59,37,178,108,10,48,399,16,54,28,108,68,70,2252,115,125,1204,582,226,6993,724,780,2515,1352,284,1063,275,-888888888.0,-888888888.0,7835,675,10041,1388,2431,84,5625,590,1985,714,10244,9710,509,238,271,220,51,25,10266,9875,9825,8739,1086,50,391,391,215,176,441,50,15,35,391,56,335,391,8,74,0,0,307,2,9654,8785,869,249,805,222,18,6,36,21,10,0,10266,300,0,192,29,81,1057,127,25,1684,6,0,973,34,0,11,72,5,0,134,107,0,20,24,0,0,17,21,3781,2887,2407
2017,San Jacinto County; Texas,9414,6588,2192,5227,1509,485,240,876,443,2826,2482,1441,2863,3901,2.90,3.51,27289,9414,5253,8230,3033,1359,378,10936,2987,5720,260,595,1374,11406,2216,5906,380,1125,1779,282,125,44,53,27,122,5,1167,313,19,48,407,89,12,193,313,172,253,5780,270,432,2948,1345,785,19122,1176,2095,9267,3961,698,1428,497,-888888888.0,-888888888.0,21351,2168,27289,6124,6085,378,15691,2967,5513,2779,27166,23777,3331,1085,2246,1894,352,58,27436,26330,25953,19465,6488,377,1106,1106,330,776,1483,377,155,222,1106,0,1106,1106,129,2,39,0,875,61,25932,23218,2714,837,2681,837,31,0,2,0,0,0,27436,2343,83,177,5,286,2131,915,105,2818,46,2,3179,585,10,270,233,0,0,612,594,0,71,82,32,44,42,0,9414,7799,6490
2017,Sutton County; Texas,1573,1153,526,899,341,74,43,180,142,420,380,209,542,502,2.46,2.88,3869,1573,842,1159,170,125,121,1648,300,1082,26,42,198,1473,270,859,5,102,237,47,12,30,59,0,117,37,34,20,0,48,435,3,0,17,20,8,3,870,69,48,375,280,98,2673,421,193,785,606,140,460,68,-888888888.0,-888888888.0,2904,176,3874,396,990,58,2230,143,654,195,3864,3298,540,135,405,312,93,26,3894,3485,3431,3002,429,54,409,409,149,260,463,54,0,54,409,113,296,409,0,0,0,0,409,0,3711,1851,1860,393,1790,393,41,0,0,0,29,0,3894,86,0,21,0,19,156,128,8,177,0,0,79,16,0,0,6,0,9,23,56,0,0,11,0,0,0,0,1573,1182,869
2017,Tom Green County; Texas,43081,27150,11325,20472,8133,1852,951,4826,2241,15931,13096,4557,12942,11695,2.57,3.28,110811,43081,20510,33143,8278,5799,2310,46132,16675,22054,903,1466,5034,47366,12851,22145,1180,4366,6824,1415,288,19,51,6,95,12,2673,1271,271,48,451,343,170,487,1271,745,963,29864,1735,1655,12384,5682,8408,74694,5288,6443,21625,17937,5597,12276,5528,-888888888.0,-888888888.0,86209,9618,112051,15767,27548,1777,67917,7313,16586,6677,115573,92967,22158,11800,10358,5144,5214,448,116906,109280,107364,81519,25845,1916,7626,7626,4000,3626,9542,1916,115,1801,7626,487,7139,7626,246,981,401,17,5929,52,108887,80694,28193,6355,26384,5969,618,138,830,236,361,12,116906,6216,146,1507,210,1030,7236,1861,366,14955,133,100,10015,2199,30,754,1013,249,212,1224,2004,69,587,772,58,44,476,219,43081,36182,31393
2017,Upshur County; Texas,14061,9904,3666,7777,2742,732,316,1395,608,4157,3620,1704,4573,4697,2.84,3.42,39928,14061,7802,12738,3433,1894,523,15847,3985,8645,420,797,2000,16540,3319,8443,451,1920,2407,412,145,36,47,0,109,13,1320,586,80,48,459,135,28,343,586,358,435,9463,491,431,4735,2237,1569,27470,1562,2973,9286,7080,1932,3255,1382,-888888888.0,-888888888.0,30782,2794,39952,7134,9704,507,23524,3657,6724,2970,39977,34707,5240,2262,2978,2304,674,30,40506,39243,38908,29493,9415,335,1263,1263,247,1016,1598,335,0,335,1263,12,1251,1263,101,74,5,0,1064,19,38021,35460,2561,755,2394,755,62,0,70,0,35,0,40506,8488,0,122,26,481,3682,669,40,4092,4,38,5205,531,3,119,237,111,25,722,810,7,54,102,57,0,229,127,14061,11550,9959
2017,Victoria County; Texas,32734,22989,9719,16663,6351,1887,803,4439,2565,9745,7847,3244,11740,9660,2.75,3.26,90160,32734,16702,27626,7557,5541,2482,34777,11040,18407,696,917,3717,37019,9443,17974,969,3787,4846,1140,591,54,54,25,90,26,2744,1251,184,48,469,238,159,670,1251,791,891,22926,1535,1630,10478,5212,4071,59263,4054,6017,18356,14183,5074,7819,3760,-888888888.0,-888888888.0,67896,5908,90445,13012,23514,1659,53732,6135,13199,5218,90457,75307,14891,10471,4420,3389,1031,259,91518,85451,84613,73621,10992,838,6067,6067,2226,3841,6905,838,115,723,6067,702,5365,6067,321,869,83,10,4682,102,84881,64609,20272,4834,18619,4312,743,101,842,421,68,0,91518,2911,217,3607,220,697,4626,1819,84,14911,50,187,6530,2145,13,233,1020,53,96,861,1137,47,217,218,118,29,270,116,32734,27418,22335
2017,Waller County; Texas,14698,10755,4526,7931,3191,939,236,1885,1099,3943,2849,1166,5218,3834,2.96,3.41,43542,14698,7987,14084,3854,2919,779,19010,7982,8783,448,365,1432,19605,7335,8815,412,1454,1589,483,100,13,37,6,61,29,1007,453,110,48,473,135,38,170,453,210,330,16922,991,506,5187,2434,7804,26108,2828,2830,8069,5762,1598,3477,1544,-888888888.0,-888888888.0,36706,1906,48192,6064,11718,305,31079,3297,5395,2462,47949,39888,7935,3429,4506,4005,501,126,48443,41292,40925,31480,9445,367,7151,7151,1850,5301,7518,367,58,309,7151,727,6424,7151,179,228,171,5,6527,41,45196,33410,11786,5826,11241,5760,221,15,240,44,84,7,48443,1736,91,710,40,316,2517,1133,13,4861,106,21,3242,923,35,47,660,14,142,476,595,2,857,134,17,0,196,181,14698,12321,9548
2017,Wharton County; Texas,15224,10735,4956,7601,3294,1035,400,2099,1262,4489,4013,1971,5549,4898,2.68,3.25,40868,15224,7605,13623,2956,1460,599,15759,5196,8276,184,551,1552,16665,4083,8474,522,1738,1848,450,172,38,50,24,96,17,1043,470,14,48,481,213,93,150,470,255,334,10073,513,522,5034,2627,1377,26830,2902,2760,8726,6385,2034,2560,1463,-888888888.0,-888888888.0,30613,1772,41070,6039,10807,381,23780,2909,6483,2749,40960,37302,3532,2383,1149,1058,91,126,41430,37868,37764,34279,3485,104,3562,3562,706,2856,3666,104,11,93,3562,254,3308,3562,121,38,19,20,3334,30,38601,29101,9500,3366,8949,3248,460,62,50,38,41,18,41430,1128,45,5774,386,188,1268,777,33,5607,0,71,2432,382,0,66,432,4,106,323,368,0,475,124,31,0,112,30,15224,11876,9435
2017,Wichita County; Texas,48528,30787,14139,21536,8584,2341,1201,6910,4354,17741,15056,5834,15863,13001,2.40,3.02,116271,48528,21537,33295,7238,5673,2749,55396,22388,24073,869,1573,6493,51346,14180,23441,1276,5398,7051,1771,493,31,60,25,99,24,2837,1728,354,48,485,361,393,620,1728,1142,1134,32925,2191,1905,13207,6161,9461,83946,4434,7185,26679,20185,6677,12916,5870,-888888888.0,-888888888.0,95675,10971,116552,18981,29717,1266,69641,10036,17194,7679,130236,103720,25621,13291,12330,5636,6694,895,131778,122547,120352,81330,39022,2195,9231,9231,3553,5678,11426,2195,325,1870,9231,1819,7412,9231,1170,2003,579,6,5370,103,123152,105752,17400,7428,13283,5866,1433,386,2118,1040,566,136,131778,10390,271,445,307,1489,9193,2630,391,17268,128,92,13120,2546,50,656,1146,205,297,1334,2262,7,1166,923,132,71,813,622,48528,41301,34837
2017,Wilson County; Texas,15755,12365,5137,9976,3928,872,457,1517,752,3390,2830,1112,5873,4306,2.96,3.33,46619,15755,9958,15373,3434,2099,896,18860,5276,10929,266,563,1826,18956,4542,10535,228,1578,2073,666,280,54,63,65,122,16,1396,410,98,48,493,116,75,121,410,303,291,11676,592,465,5624,2854,2141,31631,1965,2829,11156,7052,2467,4199,1963,-888888888.0,-888888888.0,35424,4460,46503,5493,11660,491,28452,2824,6391,2178,46653,41854,4610,2455,2155,1836,319,189,47205,45007,44366,35916,8450,641,2198,2198,1092,1106,2839,641,84,557,2198,308,1890,2198,106,193,0,8,1837,54,44444,33508,10936,3702,10275,3450,524,170,125,82,12,0,47205,1921,0,1009,61,451,2586,1323,86,9604,17,43,4131,941,31,280,4060,64,79,536,351,0,13,272,78,41,105,31,15755,13713,12240
2017,Borden County; Texas,248,179,79,152,62,11,11,16,6,69,66,36,80,93,2.43,2.93,602,248,144,184,18,8,5,216,27,143,0,10,36,246,36,158,0,36,16,23,0,0,193,0,444,57,0,0,0,48,033,0,0,0,0,0,0,108,0,3,60,31,14,417,2,21,112,91,29,116,46,-888888888.0,-888888888.0,435,41,602,118,167,20,293,48,142,50,577,507,66,23,43,41,2,4,602,588,588,480,108,0,14,14,14,0,14,0,0,0,14,0,14,14,0,14,0,0,0,0,527,449,78,4,34,0,7,0,4,4,33,0,602,120,7,0,0,4,40,9,0,37,0,0,51,3,0,0,27,0,26,6,14,0,0,0,0,0,0,0,248,224,189
2017,Hockley County; Texas,8065,5757,2549,4259,1838,517,200,981,511,2308,2057,901,3016,2217,2.79,3.36,22532,8065,4289,7211,2068,899,389,8844,2878,4766,110,282,808,9285,2417,4783,295,907,883,312,97,35,56,53,79,33,658,403,71,48,219,127,38,167,403,228,361,6785,246,397,2871,1431,1840,14313,1489,1761,4079,3610,1422,1313,639,-888888888.0,-888888888.0,17109,928,23073,3324,6159,293,13873,1746,3041,1285,22936,18833,4039,2011,2028,1810,218,64,23273,21499,21313,17812,3501,186,1774,1774,521,1253,1960,186,32,154,1774,102,1672,1774,25,36,15,0,1698,0,21671,15047,6624,2047,6443,1995,62,11,89,35,30,6,23273,2973,12,65,5,195,1268,218,0,1968,70,0,1468,185,0,64,35,22,14,126,189,0,205,74,10,0,67,68,8065,6576,5807
2017,Marion County; Texas,4457,2761,800,2272,648,98,7,391,145,1696,1497,672,965,1758,2.25,2.92,10011,4457,2284,2351,669,250,69,4149,962,2478,36,193,480,4424,758,2380,98,661,527,42,14,15,22,26,49,0,288,181,46,48,315,34,40,61,181,109,131,1837,94,171,709,521,342,7653,358,1012,2973,1798,434,778,300,-888888888.0,-888888888.0,8228,1024,9997,2305,1898,118,5704,1009,2395,1178,10046,9096,950,444,506,346,160,0,10140,10020,9968,6612,3356,52,120,120,47,73,172,52,0,52,120,6,114,120,4,27,0,0,89,0,9672,9359,313,143,290,125,5,0,18,18,0,0,10140,4114,9,0,5,96,628,122,39,493,0,0,434,132,0,121,36,0,5,75,139,0,123,78,0,0,7,10,4457,3154,2482
2017,Maverick County; Texas,16416,13297,7029,9375,4765,1022,384,2900,1880,3119,2737,1438,8224,4461,3.47,3.96,57039,16416,9408,23203,6730,1282,825,20848,7380,11315,489,400,1264,21404,6006,10577,1181,1950,1690,1222,545,82,89,77,134,50,3083,1200,238,48,323,201,420,341,1200,647,1083,16303,1104,910,7988,4079,2222,32205,8301,4831,6768,6173,2325,2808,999,-888888888.0,-888888888.0,39062,872,57072,9183,18409,715,32289,4685,6374,3783,56265,49129,6225,4122,2103,1446,657,911,57471,39044,37235,32847,4388,1809,18427,18427,6627,11800,20236,1809,316,1493,18427,2573,15854,18427,9,229,17,0,18172,0,52025,3583,48442,22007,47982,21796,0,0,229,156,231,55,57471,221,104,0,0,37,233,158,0,410,14,0,251,160,10,0,43,53,0,14,37,0,107,0,0,0,40,57,16416,11840,9117
2017,Midland County; Texas,55045,38371,18203,28561,12696,2796,1130,7014,4377,16674,13448,3974,20913,11325,2.87,3.45,157968,55045,28620,51198,14110,8995,3413,60795,19821,31828,1111,1161,6874,61040,15338,32403,1298,4589,7412,3320,1107,62,86,47,145,24,4921,2234,561,48,329,740,126,807,2234,1340,1724,40804,2475,2357,19922,8674,7376,99639,6755,9471,25416,24050,7214,19394,7339,-888888888.0,-888888888.0,115134,7369,158620,14747,44606,1171,98062,7513,15952,6063,156943,127877,28060,15641,12419,8000,4419,1006,159883,140114,138755,108538,30217,1359,19769,19769,6416,13353,21128,1359,243,1116,19769,3956,15813,19769,554,2525,536,0,15608,546,146130,97717,48413,14168,44418,12705,777,75,2624,1325,594,63,159883,7793,254,536,370,1022,9845,2363,311,14097,119,37,11475,1993,98,719,946,134,272,1820,2865,0,721,712,127,76,660,682,55045,49827,45093
2017,Grayson County; Texas,47550,32831,13642,24322,9037,2579,1402,5930,3203,14719,12540,5471,15776,15031,2.60,3.13,123600,47550,24294,36265,9286,6205,2477,48792,13232,26188,977,1717,6678,52438,11728,26668,1295,5455,7292,1862,689,49,67,9,139,18,3771,1315,194,48,181,333,141,647,1315,864,906,30846,1509,1722,13493,6948,7174,85080,3668,6371,26722,22904,8198,11483,5734,-888888888.0,-888888888.0,96036,10190,124699,21192,30004,1487,73779,11111,20916,8594,124372,103123,20778,12016,8762,6154,2608,471,126146,117948,116937,83816,33121,1011,8198,8198,2242,5956,9209,1011,51,960,8198,1200,6998,8198,613,1325,150,36,5972,102,118170,105029,13141,4918,10989,4160,821,145,1040,516,291,97,126146,15622,149,842,296,1709,9642,2489,295,16760,253,395,15867,2330,23,642,1043,70,434,1822,2603,17,423,818,64,29,607,318,47550,40520,34583
2017,Live Oak County; Texas,3586,2379,767,1927,574,181,20,271,173,1207,1072,634,929,1480,2.93,3.68,10495,3586,1937,3502,948,522,115,5541,1754,2653,143,303,688,4524,1102,2176,128,630,488,260,122,101,116,0,254,46,355,143,46,48,297,12,0,85,143,52,143,2220,86,87,1153,642,252,8735,813,1067,3032,2324,515,722,262,-888888888.0,-888888888.0,9637,1155,10509,2016,2394,92,5895,873,2220,1051,11884,10264,1483,620,863,733,130,137,12043,11177,11112,8851,2261,65,866,866,141,725,931,65,0,65,866,156,710,866,60,34,0,0,772,0,11399,8148,3251,1158,3094,1131,57,0,90,17,10,10,12043,544,0,158,0,57,797,357,30,2479,0,31,1465,80,0,95,323,0,8,80,136,0,45,53,15,0,41,88,3586,2614,1973
2017,Llano County; Texas,8681,5885,1321,5050,929,382,206,453,186,2796,2504,1585,1665,4812,2.30,2.77,19977,8681,5075,3738,1581,902,464,8655,1597,5174,162,487,1235,9149,1103,5296,201,1225,1324,210,117,81,72,14,159,19,614,320,102,48,299,93,54,71,320,160,284,2538,103,102,1380,556,397,16163,781,1406,4281,4281,1117,2981,1316,-888888888.0,-888888888.0,17267,2518,19985,5028,2928,220,10061,2060,6996,2748,20042,16969,3016,1047,1969,1676,293,57,20195,19443,19239,13054,6185,204,752,752,311,441,956,204,0,204,752,16,736,752,114,78,12,6,490,52,19435,18016,1419,540,1220,438,81,6,118,96,0,0,20195,1303,7,159,52,515,2763,1065,17,4429,15,22,3072,500,8,468,340,0,76,524,679,0,18,255,29,31,201,17,8681,7334,6246
2017,Palo Pinto County; Texas,10441,7192,2512,5393,1572,597,297,1202,643,3249,2685,1257,3150,3558,2.67,3.17,27843,10441,5379,7815,2432,1776,689,11048,2875,5896,341,477,1459,11619,2298,5900,492,1415,1514,300,124,42,51,7,119,5,745,312,42,48,363,111,40,119,312,193,261,5936,426,248,3094,1504,664,19131,1172,2005,6672,4926,1186,2239,931,-888888888.0,-888888888.0,21446,1890,27826,5132,6634,321,16056,2679,5136,2132,27909,22362,5483,3054,2429,1958,471,64,28109,26132,25919,20397,5522,213,1977,1977,880,1097,2190,213,0,213,1977,259,1718,1977,47,161,114,3,1628,24,26294,22612,3682,1861,3420,1768,171,83,77,2,14,8,28109,2215,60,65,5,163,1692,538,51,2402,31,11,1842,491,0,100,87,8,8,530,260,0,102,134,19,16,103,14,10441,8496,7139
2017,Fannin County; Texas,12027,8519,3194,6495,2293,574,246,1450,655,3508,2926,1545,3711,4194,2.55,3.04,30703,12027,6544,8893,1941,1298,685,14860,4322,7507,367,574,2090,13068,2456,6837,247,1677,1851,252,71,22,38,3,89,11,810,446,134,48,147,84,15,213,446,294,339,7434,453,356,3127,2162,1336,23829,1083,2452,8264,6517,1646,2603,1264,-888888888.0,-888888888.0,26640,3438,30882,4692,7136,258,18035,2286,5711,2148,33514,27035,6383,2065,4318,3701,617,96,33787,32016,31719,24149,7570,297,1771,1771,289,1482,2068,297,18,279,1771,421,1350,1771,134,210,16,0,1400,11,32067,29072,2995,1135,2311,920,577,168,95,43,12,4,33787,4988,4,125,53,400,2964,769,52,4195,16,20,3543,391,5,101,208,8,211,352,561,12,69,251,61,0,138,24,12027,10110,8294
2017,Karnes County; Texas,4303,2919,1241,2118,786,270,125,531,330,1384,1282,557,1407,1371,2.82,3.56,12114,4303,2153,4174,1143,341,158,7574,3173,3251,185,175,790,4813,1244,2407,141,541,480,128,69,55,51,26,118,2,292,143,17,48,255,14,28,84,143,77,133,2899,237,188,1493,602,379,10281,1108,1403,3737,2003,621,1031,378,-888888888.0,-888888888.0,11884,815,12462,1905,3167,139,7310,827,1985,939,14905,12903,1578,444,1134,1078,56,424,15051,13902,13810,12512,1298,92,1149,1149,222,927,1241,92,6,86,1149,489,660,1149,27,54,8,0,1060,0,14220,9898,4322,1622,4148,1528,96,43,71,51,7,0,15051,260,7,348,4,47,683,200,10,1766,42,5,879,219,0,67,1468,0,10,99,142,0,22,140,9,2,4,0,4303,2905,2367
2017,DeWitt County; Texas,7260,5251,2099,3948,1380,550,225,753,494,2009,1725,1013,2542,2581,2.56,3.03,18607,7260,4024,5083,1544,696,417,8767,2472,4644,294,286,1071,7839,1261,4494,126,1095,863,257,117,76,71,36,86,66,505,289,65,48,123,63,41,120,289,222,166,3920,394,95,2180,824,427,14430,1235,1539,5923,2985,783,1423,542,-888888888.0,-888888888.0,15840,1394,18636,3053,4621,269,10554,1354,3461,1430,20303,17742,2551,1037,1514,1410,104,10,20474,19669,19534,17320,2214,135,805,805,241,564,940,135,25,110,805,30,775,805,40,1,26,0,711,27,19100,15334,3766,907,3513,858,245,48,8,1,0,0,20474,733,18,1160,48,81,1562,232,67,5133,52,32,2098,214,4,32,729,0,6,171,114,0,0,40,20,0,37,1,7260,5158,4353
2017,Brazos County; Texas,77480,43236,20945,30355,13743,3588,1448,9293,5754,34244,21452,4803,23041,12661,2.56,3.13,198708,77480,30261,51156,10522,29289,4403,89420,47827,33411,1368,1089,5725,87327,40080,32645,1997,4960,7645,3008,830,19,47,11,63,33,3607,1572,325,48,041,372,159,716,1572,942,1222,89833,2750,2288,19550,8588,56657,111064,7930,7763,22167,22248,6965,23839,20152,-888888888.0,-888888888.0,169834,8593,210275,17876,44149,1659,148615,9661,17511,6556,211519,147530,61072,33089,27983,23467,4516,2917,214231,185828,183091,141489,41602,2737,28403,28403,7519,20884,31140,2737,200,2537,28403,8977,19426,28403,1651,9817,1088,116,15385,346,200856,153451,47405,18725,33601,13351,4750,1101,8000,3941,1054,332,214231,8657,1366,5142,629,1488,16232,6248,689,32620,423,263,18546,6411,126,1292,4422,273,674,4300,5186,123,1183,1725,307,397,1395,424,77480,71015,60650
2017,Callahan County; Texas,5291,3269,1063,2717,772,161,72,391,219,2022,1855,809,1246,1847,2.57,3.38,13575,5291,2712,4095,977,500,177,5358,1332,3022,92,218,694,5680,1109,2934,139,708,790,123,61,44,44,40,65,30,276,102,28,48,059,4,18,52,102,59,77,2973,112,207,1482,840,332,9547,399,831,3815,2445,528,1080,449,-888888888.0,-888888888.0,10386,1254,13569,2548,3268,252,7710,1124,2591,1172,13557,12091,1466,535,931,733,198,0,13660,13375,13284,11052,2232,91,285,285,139,146,376,91,0,91,285,25,260,285,35,67,0,0,177,6,12936,12275,661,137,575,131,59,0,27,6,0,0,13660,1525,4,47,7,113,923,212,61,1129,0,0,1099,80,0,83,90,50,5,363,245,6,0,43,3,0,42,3,5291,3720,3034
2017,Cass County; Texas,11811,8240,2836,6132,1888,623,285,1485,663,3571,3269,1646,3417,4500,2.51,3.04,29675,11811,6144,8026,2651,1043,324,11717,2807,6745,153,442,1570,12793,2488,6464,313,1841,1687,242,95,31,39,26,67,21,841,564,171,48,067,150,75,168,564,363,415,6448,349,339,2939,1774,1047,21048,840,2109,9612,4024,1247,2248,968,-888888888.0,-888888888.0,23249,2448,29687,5015,6861,161,16778,2520,6048,2334,29806,27268,2525,1550,975,755,220,13,30118,29498,29267,21178,8089,231,620,620,305,315,851,231,60,171,620,64,556,620,83,125,0,13,399,0,28367,27343,1024,258,936,209,57,18,31,31,0,0,30118,12141,0,37,0,174,2250,252,27,1640,10,94,1935,136,5,36,71,4,5,150,171,0,59,42,27,4,45,0,11811,8281,6611
2017,Gaines County; Texas,5716,4436,2373,3603,1896,366,216,467,261,1280,1143,428,2648,1185,3.46,4.04,19769,5716,3555,8224,1702,572,243,7059,1923,4232,107,207,590,6798,1614,3941,126,465,652,370,48,24,81,1,170,21,546,214,0,48,165,82,5,127,214,136,186,5088,265,470,3158,955,240,10902,2908,1263,3289,1617,607,798,420,-888888888.0,-888888888.0,12796,364,19774,2463,7093,208,11062,1281,1619,974,19451,16538,2675,1540,1135,740,395,238,19889,14700,14577,12022,2555,123,5189,5189,1862,3327,5312,123,51,72,5189,1175,4014,5189,23,113,14,0,4690,349,17821,7285,10536,3321,5887,1933,4552,1341,63,47,34,0,19889,1428,0,30,0,71,639,492,1,2101,0,12,647,84,0,22,302,26,430,42,244,0,12,0,6,43,12,80,5716,4829,3903
2017,Gregg County; Texas,45615,30446,13690,20807,8384,2255,988,7384,4318,15169,12965,4850,16042,12550,2.60,3.20,118809,45615,20820,36279,10017,6078,2604,46401,15949,22827,1161,1458,5006,49968,12904,22287,1886,5315,7576,1958,839,54,68,39,125,17,3839,2074,322,48,183,458,117,1177,2074,1273,1293,31185,1814,1717,14664,5993,6997,79339,4576,7742,22892,21671,6302,11233,4923,-888888888.0,-888888888.0,91458,7964,121202,17968,31901,2103,72490,8647,16811,7218,121611,96273,24817,15951,8866,6997,1869,521,123402,112574,111859,85859,26000,715,10828,10828,2950,7878,11543,715,64,651,10828,1650,9178,10828,415,1221,226,0,8905,61,113958,95000,18958,7916,17034,7284,795,269,1007,338,122,25,123402,11810,72,375,231,1961,9921,2717,304,12552,214,221,13298,1828,135,632,723,169,112,1512,1987,32,403,698,66,80,626,412,45615,38945,32790
2017,Gray County; Texas,7971,5229,2172,4112,1513,340,193,777,466,2742,2373,1115,2440,2571,2.68,3.35,21394,7971,4099,6602,1578,1144,596,9643,3057,4772,197,291,1326,8395,1861,4313,289,1010,922,300,116,53,64,38,119,17,626,243,41,48,179,74,17,111,243,133,186,5220,321,437,2621,1037,804,15296,1202,1800,4997,3960,1378,1508,451,-888888888.0,-888888888.0,17085,1451,21392,3650,5847,253,12119,2014,3426,1383,22682,18895,3765,1540,2225,1961,264,22,22962,20721,20462,15501,4961,259,2241,2241,761,1480,2500,259,19,240,2241,188,2053,2241,69,118,17,0,2037,0,21294,16918,4376,1723,4109,1661,135,46,50,7,82,9,22962,1341,57,86,24,315,2558,355,9,3096,26,23,2300,359,0,142,232,19,28,346,754,0,91,112,12,0,136,92,7971,6520,5366
2017,Madison County; Texas,4174,2834,1283,2184,914,162,105,488,264,1340,1158,595,1456,1529,2.35,2.89,9816,4174,2221,2476,669,276,204,7334,3168,2887,191,241,847,4286,637,2502,109,580,458,149,33,43,68,16,186,5,322,148,48,48,313,14,32,54,148,94,118,2433,140,163,1353,550,227,9671,909,1193,3701,2171,435,921,341,-888888888.0,-888888888.0,11202,944,9894,1609,2777,110,5169,687,1948,812,13872,11526,2319,536,1783,1691,92,27,13979,12877,12815,10701,2114,62,1102,1102,243,859,1164,62,0,62,1102,115,987,1102,85,126,8,0,881,2,13369,10905,2464,911,2229,845,80,0,152,66,3,0,13979,868,18,158,39,105,977,304,68,1674,0,19,1369,210,0,33,183,0,7,325,357,0,41,48,13,3,19,36,4174,3292,2702
2017,Lubbock County; Texas,110275,68845,30784,47635,19529,6047,2827,15163,8428,41430,30698,9716,35794,25009,2.59,3.20,285929,110275,47610,81943,21589,24512,7033,116381,47953,52351,2185,2644,11248,121152,41476,51455,3458,9228,15535,4939,1877,41,63,37,100,21,7938,4512,628,48,303,783,876,2225,4512,2633,3141,99824,4709,4691,31750,15501,43173,174904,10597,14760,45271,43309,10830,31162,18975,-888888888.0,-888888888.0,225814,14615,293628,42426,71710,4319,187862,23224,34056,14883,293923,220276,72428,46201,26227,20171,6056,1219,298042,280607,277620,222810,54810,2987,17435,17435,6762,10673,20422,2987,469,2518,17435,3128,14307,17435,1446,5130,984,55,9558,262,277739,214913,62826,14677,54167,12367,3877,890,3535,1127,1247,293,298042,18406,862,942,631,2217,20558,4899,493,30074,584,445,20728,5114,140,1251,1968,282,587,3731,4992,31,2302,1403,346,132,1047,608,110275,97947,82369
2017,Jack County; Texas,3075,2175,909,1787,683,102,47,286,179,900,790,254,1056,941,2.49,3.00,7666,3075,1782,1928,636,245,105,4166,1457,2133,85,38,453,3140,471,1957,67,309,336,125,36,55,76,40,150,36,264,109,11,48,237,10,62,26,109,58,109,1699,95,129,842,500,133,6105,526,678,2600,1253,352,415,281,-888888888.0,-888888888.0,6952,511,7666,1550,1887,160,4412,774,1367,616,8759,7308,1411,306,1105,1058,47,40,8839,8295,8252,6638,1614,43,544,544,68,476,587,43,0,43,544,37,507,544,4,9,17,0,514,0,8331,7235,1096,653,1073,650,3,3,3,0,17,0,8839,677,0,4,11,173,496,113,4,499,0,3,531,60,0,76,71,0,0,114,78,0,17,32,7,12,9,22,3075,2555,1999
2017,Kaufman County; Texas,36525,28264,13285,21672,10019,2045,931,4547,2335,8261,6910,2840,15285,9138,3.10,3.57,113404,36525,21642,39888,11084,4265,1759,43061,13096,24255,957,1023,3730,45396,11494,23168,1077,3866,5791,1806,632,47,65,26,112,36,3990,1511,319,48,257,273,277,642,1511,950,1054,31444,1828,1428,15010,7290,5888,73684,4074,6268,24568,17535,6018,10175,5046,-888888888.0,-888888888.0,82934,6698,113768,13515,31829,1310,68979,7273,12960,4932,113220,96408,16394,6449,9945,8549,1396,418,114852,105966,105106,81323,23783,860,8886,8886,2954,5932,9746,860,74,786,8886,818,8068,8886,358,830,258,0,7308,132,106682,88903,17779,6844,16179,6284,614,209,661,283,325,68,114852,15037,215,786,203,877,10514,2025,229,10547,155,114,9713,1727,72,479,845,135,126,1393,1820,53,539,397,194,85,702,120,36525,31956,27330
2017,Kendall County; Texas,13691,10265,4114,8580,3187,430,144,1255,783,3426,2953,1384,4524,4674,2.91,3.38,39798,13691,8540,13090,2770,1707,579,15828,4126,9596,174,416,1516,16875,3714,9544,295,1443,1879,265,0,0,31,0,77,12,1029,344,88,48,259,43,55,158,344,163,274,9787,521,494,4704,2757,1311,27557,1005,892,6126,6513,2272,7464,3285,-888888888.0,-888888888.0,30723,3447,39829,5285,9540,330,23147,2406,7142,2549,40033,33410,6613,1753,4860,3575,1285,10,40306,38096,37306,25834,11472,790,2210,2210,746,1464,3000,790,64,726,2210,324,1886,2210,239,258,23,46,1601,43,38219,33339,4880,1484,4258,1382,494,29,105,50,23,23,40306,2975,14,394,51,463,6055,1325,125,8867,12,31,3804,1251,57,462,492,17,21,801,1340,68,184,612,233,22,222,6,13691,12769,11307
2017,Bosque County; Texas,7027,5204,1975,4160,1328,424,284,620,363,1823,1605,924,2204,2787,2.50,2.89,17573,7027,4180,4765,886,715,418,7201,1654,4365,136,310,736,7561,1189,4458,218,913,783,116,52,36,34,12,82,3,506,218,34,48,035,78,9,97,218,110,206,3684,231,163,1779,918,593,12842,808,1225,4584,2907,949,1596,773,-888888888.0,-888888888.0,14053,1318,17584,3009,3902,222,9676,1276,4006,1511,17849,15324,2515,1165,1350,1236,114,10,17955,16803,16680,13575,3105,123,1152,1152,425,727,1275,123,20,103,1152,76,1076,1152,66,46,11,0,1014,15,16973,14563,2410,902,2224,854,155,35,22,13,9,0,17955,2751,7,188,26,279,1456,328,38,3214,26,0,2467,198,10,556,77,0,14,371,456,0,8,119,8,9,147,57,7027,5853,4746
2017,Floyd County; Texas,2320,1724,760,1364,535,51,26,309,199,596,526,262,821,740,2.55,3.02,5908,2320,1366,1772,336,114,80,2259,576,1427,18,54,184,2370,421,1453,83,254,159,33,0,0,26,0,64,0,89,38,21,48,153,0,8,9,38,25,37,1453,65,93,786,391,118,3829,562,439,989,888,286,489,176,-888888888.0,-888888888.0,4337,295,5908,744,1616,37,3236,331,1056,376,5915,5248,661,282,379,332,47,6,5953,5489,5485,5064,421,4,464,464,162,302,468,4,0,4,464,16,448,464,6,21,0,0,437,0,5571,3439,2132,374,2126,368,6,6,0,0,0,0,5953,243,0,4,0,45,385,49,0,376,0,0,332,17,0,0,2,0,0,61,61,0,51,27,28,0,3,19,2320,1863,1631
2017,Bexar County; Texas,627889,423390,200590,288272,129069,33336,14784,101782,56737,204499,168162,51935,231739,149890,2.96,3.66,1860058,627889,287943,644652,192118,107456,35494,723012,287270,332636,16629,15915,70562,757154,245372,323601,26150,58509,103522,28302,10870,40,59,23,98,28,58813,20431,4382,48,029,4682,4014,7353,20431,12774,14263,533711,30184,28289,221504,107870,145864,1197716,91435,103261,304405,277315,93741,208782,118777,-888888888.0,-888888888.0,1382670,151560,1861276,258510,492287,26149,1158172,143940,210817,88421,1864753,1539699,310582,221365,89217,48162,41055,14472,1892004,1643496,1599573,1212078,387495,43923,248508,248508,100155,148353,292431,43923,7271,36652,248508,37668,210840,248508,13092,44142,6246,291,182465,2272,1755248,1051044,704204,209125,637947,184807,25921,7512,30199,12807,10137,3999,1892004,58148,10024,7686,3952,10026,81428,28243,4012,162557,2906,2445,96165,37685,986,9156,23688,2743,4484,14198,19543,909,13867,8210,1764,1208,5425,4604,627889,547933,480536
2017,Bailey County; Texas,2230,1700,786,1331,660,73,25,296,101,530,506,289,889,667,3.10,3.64,6920,2230,1324,2539,633,194,102,2866,763,1541,121,86,355,2620,695,1448,117,273,87,42,0,0,27,0,82,0,261,184,38,48,017,69,0,77,184,75,184,1720,43,193,806,600,78,4338,732,557,1196,1043,186,478,146,-888888888.0,-888888888.0,5041,327,6920,955,2057,118,3907,397,956,440,7050,6492,558,318,240,145,95,0,7098,5622,5556,3980,1576,66,1476,1476,228,1248,1542,66,8,58,1476,389,1087,1476,25,27,0,0,1424,0,6571,3137,3434,1351,3417,1334,0,0,0,0,17,17,7098,471,0,0,0,87,195,77,35,522,0,0,262,62,0,0,27,0,0,21,17,0,2,0,0,0,0,0,2230,1843,1260
2017,Chambers County; Texas,13320,10432,5045,8749,4171,566,366,1117,508,2888,2697,1042,5626,2926,2.93,3.38,39007,13320,8784,13783,2219,901,587,15095,3817,9498,217,407,1156,15179,3761,9219,119,869,1211,662,249,66,69,0,146,23,912,423,88,48,071,45,52,238,423,272,283,10379,413,590,5278,2237,1861,24857,1804,1719,7483,6643,2106,3492,1610,-888888888.0,-888888888.0,28269,2128,39077,4802,10993,516,23919,2518,4165,1768,38826,35480,3328,775,2553,1638,915,18,39283,35592,35402,27661,7741,190,3691,3691,972,2719,3881,190,40,150,3691,469,3222,3691,244,571,0,12,2807,57,36540,29904,6636,3149,5581,2729,552,195,301,188,202,37,39283,2770,214,434,41,352,3110,2712,510,4909,22,0,3826,770,0,140,321,0,224,411,586,13,852,195,9,6,258,105,13320,11500,10539
2017,Baylor County; Texas,1644,971,378,788,276,49,28,134,74,673,618,375,415,617,2.14,2.78,3526,1644,752,815,165,150,88,1360,283,790,39,104,144,1576,276,780,46,273,201,77,45,127,110,88,173,64,130,49,15,48,023,11,15,8,49,33,38,633,53,43,364,109,64,2559,94,218,825,555,232,515,120,-888888888.0,-888888888.0,2820,210,3526,654,782,21,1948,284,796,349,3565,2962,603,442,161,141,20,0,3602,3555,3524,2994,530,31,47,47,38,9,78,31,0,31,47,0,47,47,31,0,0,9,7,0,3414,3270,144,0,104,0,33,0,7,0,0,0,3602,385,0,59,0,33,234,44,44,510,0,0,253,39,0,41,0,0,112,128,30,0,0,20,0,0,13,16,1644,1363,1149
2017,Bell County; Texas,116397,82041,41670,59768,27714,5006,2435,17267,11521,34356,29240,7885,45779,23224,2.81,3.38,326630,116397,59779,112298,23571,14585,5649,127895,43063,67650,2622,2906,11654,128834,33187,65560,3526,8737,17824,5900,1841,45,69,38,118,17,8052,3295,844,48,027,700,524,1227,3295,1951,2476,97887,5938,5277,39732,17988,28952,202550,8059,10795,54080,59013,21546,32377,16680,-888888888.0,-888888888.0,224112,48330,315444,46357,93458,5511,189536,26816,32450,14030,330749,252535,74074,40452,33622,13877,19745,4140,336506,309083,290905,158022,132883,18178,27423,27423,14437,12986,45601,18178,3905,14273,27423,4244,23179,27423,3449,6844,1449,328,15079,274,307050,248350,58700,15989,43067,12151,6137,836,7620,2805,1876,197,336506,40684,1002,4746,821,3092,20639,6148,961,40638,562,741,25047,7501,200,1906,4054,587,843,3342,5840,362,6121,2297,577,156,1560,2991,116397,104792,92661
2017,Cameron County; Texas,122188,96308,48577,64622,30702,7039,3557,24647,14318,25880,22969,11292,57206,36327,3.41,3.93,416394,122188,64485,167304,49971,12446,5145,147890,53525,76916,3533,4192,9724,162842,51205,73989,7664,15791,14193,5498,2136,39,54,37,94,22,17790,4812,920,48,061,1263,950,1679,4812,2807,4107,127140,9160,6841,59200,30528,21411,243247,49239,33015,60972,41873,16261,29742,12145,-888888888.0,-888888888.0,288124,14016,417802,53949,131818,7011,234397,24036,51587,22902,414137,375977,35333,27511,7822,5523,2299,2827,420201,319685,313599,276286,37313,6086,100516,100516,31868,68648,106602,6086,1271,4815,100516,10351,90165,100516,1116,2605,180,0,96040,575,384007,102074,281933,104160,278451,102761,1302,305,1511,848,669,246,420201,7255,746,284,355,692,6166,1894,394,8384,83,113,4413,2271,55,882,760,256,243,824,1486,103,127,786,171,104,338,118,122188,89921,64728
2017,Denton County; Texas,275164,195602,102231,154503,78378,10757,5086,30342,18767,79562,61428,14750,109616,48694,2.79,3.30,768792,275164,154556,245287,50577,43208,13948,298943,96945,168650,3957,4631,24760,315293,88770,164327,6655,17407,38134,10526,2303,22,50,16,92,22,16762,5074,1178,48,121,1524,890,1482,5074,3069,3791,228173,13952,11755,93145,43766,65555,506132,19149,21220,93186,115250,37863,148204,71260,-888888888.0,-888888888.0,579698,40774,776789,60989,200486,6214,506117,32403,70186,22372,771977,624638,141425,66804,74621,52496,22125,5914,781321,664053,652973,382114,270859,11080,117268,117268,50824,66444,128348,11080,1869,9211,117268,19549,97719,117268,7975,46868,6878,469,52361,2717,729780,561210,168570,58573,102199,38789,25754,5467,33815,13150,6802,1167,781321,46313,4509,4450,2860,8778,71518,20888,3041,103783,1841,1926,72496,27396,761,8041,12650,2011,3741,10089,17733,763,9712,7730,2038,1181,4677,2522,275164,263684,244268
2017,Deaf Smith County; Texas,6118,4355,2281,3387,1568,374,239,594,474,1763,1604,624,2445,1514,3.04,3.74,18597,6118,3402,7258,1255,564,166,6915,2225,3803,164,290,433,6983,1858,3623,335,604,563,307,111,52,72,51,143,6,389,206,93,48,117,32,29,52,206,129,152,5921,476,323,2638,1456,1028,11084,1788,1202,3547,2342,632,1186,387,-888888888.0,-888888888.0,12931,641,18733,2046,6006,156,10568,1028,2159,862,18553,16522,1987,1079,908,578,330,44,18947,15840,15775,12660,3115,65,3107,3107,763,2344,3172,65,12,53,3107,291,2816,3107,14,65,10,10,3002,6,17232,8176,9056,2601,8936,2534,0,0,73,36,47,31,18947,643,12,18,0,92,804,56,0,1399,6,0,823,68,0,25,39,15,7,114,171,0,37,8,16,0,7,0,6118,4835,4215
2017,Galveston County; Texas,117455,81866,36677,61003,25827,4937,2450,15926,8400,35589,29631,10097,41540,30017,2.68,3.23,314880,117455,61035,99234,22439,14717,6592,125074,40570,66003,2544,3032,12925,130694,34380,64562,2939,11144,17669,4238,1399,36,56,24,110,16,8201,3845,1047,48,167,866,389,1543,3845,2332,2774,86408,5859,4247,35605,18488,22209,214058,10415,15338,53959,51948,19307,41264,21827,-888888888.0,-888888888.0,241597,20662,316262,42596,79013,3634,196160,22477,41089,16485,317069,265827,49826,26612,23214,17460,5754,1416,321184,289622,284949,200759,84190,4673,31562,31562,13677,17885,36235,4673,542,4131,31562,4025,27537,31562,2878,7282,1296,160,19254,692,300345,240015,60330,20298,47789,16427,5475,1170,5845,2344,1221,357,321184,14928,1529,2797,874,3561,25024,11459,1750,45992,1015,707,33220,12628,506,2468,5204,366,1159,3906,5347,197,2067,3114,672,626,1381,654,117455,104174,94547
2017,El Paso County; Texas,263200,195606,93741,130027,60535,15154,6457,50425,26749,67594,59436,21002,109754,66626,3.11,3.71,819587,263200,129935,310591,89916,25945,11857,310322,117225,151697,7965,6956,26479,329632,103863,143099,13861,28014,40795,11839,4244,37,57,27,98,23,30638,11912,2908,48,141,2331,2098,4575,11912,6820,9169,258209,13334,12959,104376,54583,72957,503599,71411,45106,121262,116386,37885,76291,35258,-888888888.0,-888888888.0,582218,48216,809637,112152,234337,11548,481944,57480,93356,43124,821791,703520,107535,77756,29779,7959,21820,10736,834825,622468,602371,473188,129183,20097,212357,212357,93055,119302,232454,20097,4392,15705,212357,25461,186896,212357,4315,8006,1261,215,198207,353,769099,217037,552062,245814,536300,240176,6968,1931,6427,2961,2367,746,834825,22499,2703,1083,729,2152,12741,5244,930,28522,577,526,18140,9202,211,1709,3365,967,1363,1459,3335,205,2545,1473,384,452,1441,1478,263200,216668,187947
2017,La Salle County; Texas,2286,1470,544,1170,423,93,20,207,101,816,759,511,670,914,2.85,3.69,6511,2286,1147,2410,391,277,130,3612,1437,1619,56,224,276,2511,727,1227,17,307,233,110,0,0,80,0,159,0,214,186,87,48,283,0,2,97,186,93,170,1517,128,78,528,478,305,5094,769,844,2002,592,117,548,222,-888888888.0,-888888888.0,5839,177,6511,1194,1579,18,3771,624,1161,552,7279,5970,1150,501,649,471,178,159,7418,6838,6720,5915,805,118,580,580,128,452,698,118,0,118,580,116,464,580,0,0,0,0,580,0,6826,2432,4394,1406,4365,1398,10,0,11,0,8,8,7418,239,0,0,0,10,9,15,0,288,5,0,329,22,0,0,255,0,0,46,0,0,0,0,0,0,116,0,2286,1551,1246
2017,Roberts County; Texas,326,251,107,217,84,5,3,29,20,75,55,31,120,113,2.73,3.00,889,326,205,271,25,62,27,315,63,230,3,5,14,374,87,212,11,19,45,1,0,0,5,0,14,0,8,5,0,48,393,5,0,0,5,3,3,234,7,12,135,60,20,597,4,39,175,157,36,152,34,-888888888.0,-888888888.0,625,37,889,129,264,0,441,49,184,80,885,744,141,25,116,116,0,0,889,864,861,601,260,3,25,25,25,0,28,3,0,3,25,0,25,25,9,4,0,0,12,0,844,790,54,12,54,12,0,0,0,0,0,0,889,82,0,6,0,12,150,5,0,162,0,0,107,3,0,6,9,0,8,12,4,0,0,0,0,0,18,3,326,299,272
2017,Terrell County; Texas,343,182,64,136,47,2,0,44,17,161,152,84,64,184,2.10,3.00,721,343,126,207,31,14,10,277,52,160,0,38,27,309,16,150,18,67,58,2,0,0,16,0,34,0,0,0,0,48,443,0,0,0,0,0,0,158,0,46,76,22,14,561,68,39,160,189,8,54,43,-888888888.0,-888888888.0,571,69,721,104,150,2,346,21,225,81,719,685,29,17,12,12,0,5,721,696,644,502,142,52,25,25,0,25,77,52,0,52,25,5,20,25,0,0,0,0,25,0,715,339,376,60,366,60,10,0,0,0,0,0,721,19,0,0,0,0,38,17,0,69,0,0,23,0,0,0,11,0,0,29,4,0,0,3,0,0,0,0,343,205,146
2017,Tyler County; Texas,7312,5224,1663,4176,1250,164,70,884,343,2088,1934,971,2076,3017,2.56,3.08,18722,7312,4167,5321,1396,526,244,9924,3682,4501,173,277,1291,8178,1136,4574,214,1137,1117,181,71,43,49,0,128,4,703,393,124,48,457,58,102,109,393,278,329,3426,145,177,1727,923,454,15046,524,1795,6293,3860,754,1472,348,-888888888.0,-888888888.0,17381,1877,18722,4740,4041,232,10326,2515,4355,1993,21299,18390,2898,1092,1806,1509,297,11,21456,21009,20831,16852,3979,178,447,447,126,321,625,178,0,178,447,34,413,447,51,55,0,0,341,0,20354,18537,1817,310,1674,290,85,6,58,14,0,0,21456,2688,27,115,10,339,2016,1285,86,2191,63,40,2200,151,5,125,121,13,0,493,261,13,26,450,12,0,114,0,7312,5719,4500
2017,Uvalde County; Texas,8624,5860,2164,4101,1357,478,235,1281,572,2764,2483,1256,2554,3034,3.08,3.89,26538,8624,4088,10034,2838,954,209,10108,3718,4727,166,357,1140,10680,3068,4655,485,1153,1319,597,331,98,98,36,197,16,794,301,103,48,463,55,29,114,301,217,231,7086,441,451,2981,1563,1650,16679,2802,2005,4082,3726,1543,1823,698,-888888888.0,-888888888.0,19535,1360,26603,3732,7466,241,14931,1948,4206,1543,26506,23222,3194,1610,1584,765,819,90,27015,23546,23013,20021,2992,533,3469,3469,1290,2179,4002,533,81,452,3469,200,3269,3469,40,145,23,5,3237,19,24887,11882,13005,3299,12811,3253,41,5,149,41,4,0,27015,666,22,70,0,5,1141,373,80,2036,77,0,1247,224,0,129,161,68,99,460,246,0,41,45,121,0,39,38,8624,6241,5307
2017,Wheeler County; Texas,2287,1548,651,1213,442,96,51,239,158,739,617,267,763,687,2.42,2.90,5530,2287,1237,1527,184,295,155,2166,469,1281,60,57,299,2194,414,1304,49,209,218,86,30,63,76,118,115,19,159,112,34,48,483,23,41,14,112,52,92,1287,128,74,688,210,187,3748,260,526,1146,976,292,429,119,-888888888.0,-888888888.0,4141,287,5528,904,1456,103,3111,436,961,365,5540,4812,728,337,391,230,161,0,5599,5144,5119,3763,1356,25,455,455,60,395,480,25,5,20,455,26,429,455,0,20,18,0,412,5,5197,4141,1056,381,1002,371,0,0,26,7,28,3,5599,377,15,23,2,70,607,106,4,490,0,6,683,18,0,12,56,0,20,52,56,8,24,13,18,0,27,57,2287,1963,1589
2017,Bowie County; Texas,33171,22847,9224,16024,5432,1530,762,5293,3030,10324,9145,3670,10913,10048,2.66,3.24,88206,33171,16006,27669,7516,3844,681,37702,12841,18296,844,1093,4628,37557,9585,17251,1408,4209,5104,1147,435,39,55,55,108,9,3057,1754,296,48,037,400,189,869,1754,1143,1353,22422,1538,1383,9987,4920,4594,63181,2375,5565,22521,16533,4028,8340,3819,-888888888.0,-888888888.0,71327,7388,88253,12205,22247,840,51851,6033,14155,5332,92542,81944,10412,5307,5105,1903,3202,186,93635,89871,89289,58003,31286,582,3764,3764,1345,2419,4346,582,15,567,3764,595,3169,3764,297,780,227,83,2331,46,87662,82245,5417,2479,4076,2022,316,84,796,356,229,17,93635,33273,28,133,96,632,5131,1406,90,5888,39,76,6570,1078,78,338,234,48,81,866,1181,0,856,180,264,17,211,31,33171,25608,21926
2017,Archer County; Texas,3351,2391,890,2044,726,133,40,214,124,960,863,436,1002,1204,2.60,3.11,8716,3351,2043,2712,284,326,97,3552,900,2108,47,76,421,3712,670,2190,53,453,346,85,18,24,50,23,111,10,236,138,0,48,009,1,14,123,138,69,132,1985,93,78,979,508,327,6171,216,328,2059,1609,504,1122,333,-888888888.0,-888888888.0,6833,708,8725,1337,1952,46,5159,604,1614,687,8698,7887,811,391,420,382,38,0,8793,8603,8545,6817,1728,58,190,190,61,129,248,58,0,58,190,0,190,190,10,34,0,0,144,2,8375,7951,424,185,393,185,0,0,31,0,0,0,8793,673,0,40,5,172,492,95,0,1767,19,0,979,246,9,20,147,0,4,90,215,0,0,34,0,3,94,24,3351,2856,2347
2017,Brewster County; Texas,3932,2146,734,1647,527,179,63,320,144,1786,1572,571,966,1428,2.32,3.10,9110,3932,1626,2342,544,666,254,3753,1134,1834,77,106,602,3862,1103,1676,43,394,646,30,6,5,15,0,34,2,308,205,0,48,043,54,13,138,205,113,192,2068,273,61,858,384,492,6737,449,554,1523,1595,209,1492,915,-888888888.0,-888888888.0,7377,836,9135,2257,1838,74,5465,1147,1832,1036,9182,7360,1797,672,1125,951,174,25,9220,8633,8539,5954,2585,94,587,587,258,329,681,94,4,90,587,83,504,587,28,78,0,3,464,14,8717,5491,3226,645,2982,625,117,15,70,5,57,0,9220,825,5,1,26,140,700,163,2,1200,33,2,862,265,27,58,101,0,24,75,285,0,17,25,37,15,96,0,3932,3190,2634
2017,Kent County; Texas,275,162,58,143,53,7,5,12,0,113,108,65,66,119,2.30,3.15,633,275,148,174,26,10,10,253,51,158,4,14,26,295,38,147,0,75,35,32,6,136,267,0,561,148,9,6,0,48,263,0,0,6,6,6,0,104,12,0,58,31,3,496,35,78,121,130,14,86,32,-888888888.0,-888888888.0,527,39,633,179,143,0,335,87,155,92,640,542,98,46,52,51,1,0,680,676,675,578,97,1,4,4,4,0,5,1,0,1,4,0,4,4,0,0,0,0,4,0,618,547,71,16,71,16,0,0,0,0,0,0,680,95,0,2,0,11,75,8,0,91,0,0,66,0,0,8,0,0,0,0,19,0,1,0,0,0,0,0,275,205,171
2017,Hidalgo County; Texas,232523,190585,101542,127466,66772,12526,5357,50593,29413,41938,35694,14922,117435,59462,3.57,4.02,829622,232523,127341,350472,98293,20993,8962,290292,105077,153183,7164,6621,18247,313201,97450,146927,16137,23892,28795,13871,4308,40,66,33,116,28,33058,9768,1754,48,215,2364,1771,3879,9768,5745,7772,272122,15877,16614,127554,61367,50710,465095,104455,64427,107747,84089,21384,59522,23471,-888888888.0,-888888888.0,557856,19333,831048,107652,281400,14694,463962,49824,85686,43134,825922,744855,76262,59172,17090,10899,6191,4805,839539,610486,600314,522949,77365,10172,229053,229053,60971,168082,239225,10172,2424,7748,229053,26488,202565,229053,980,6501,213,97,220016,1246,759143,119489,639654,241619,631638,239126,2126,371,5460,1966,430,156,839539,20389,901,574,380,1656,7861,4178,632,16322,232,327,8236,3881,47,1638,1533,438,579,999,2277,0,801,1270,176,135,644,415,232523,188932,144996
2017,Smith County; Texas,77801,53391,22162,40390,15500,3153,1402,9848,5260,24410,20799,8553,25294,23598,2.79,3.39,216938,77801,40363,68661,18314,11799,2834,83728,26140,45234,1709,2061,8584,92578,24832,43751,2216,9735,12044,2667,960,34,50,14,92,18,6092,2789,595,48,423,612,311,1271,2789,1671,2037,59288,3031,3272,24555,12066,16364,144635,9820,12082,35519,37197,13616,25104,11297,-888888888.0,-888888888.0,166972,12561,219907,29843,55052,2929,131160,14889,33695,12025,219323,186464,32136,18641,13495,9535,3960,723,222277,203823,202282,153503,48779,1541,18454,18454,6170,12284,19995,1541,236,1305,18454,2209,16245,18454,666,2542,594,167,14213,272,207007,171054,35953,14941,31753,13514,1639,262,1994,880,567,285,222277,33418,436,631,277,2099,18155,5112,395,19632,369,173,18437,3807,64,850,1510,161,455,3151,4414,84,2424,1354,294,26,1286,394,77801,67924,59823
2017,Somervell County; Texas,3234,2446,1140,1742,743,199,86,505,311,788,670,319,1356,1039,2.57,2.84,8321,3234,1758,2275,461,593,278,3400,842,2087,20,84,367,3624,871,1666,34,409,644,145,95,88,76,0,106,79,280,138,0,48,425,91,0,47,138,101,90,2072,181,117,959,485,330,5975,192,700,1806,1553,527,822,375,-888888888.0,-888888888.0,6623,456,8448,1032,2007,132,5039,387,1402,513,8578,7575,1003,510,493,450,43,0,8650,8302,8166,5989,2177,136,348,348,108,240,484,136,0,136,348,0,348,348,0,0,0,24,320,4,8198,7242,956,306,956,306,0,0,0,0,0,0,8650,870,0,93,9,213,938,81,11,1029,8,165,992,38,0,166,14,0,0,109,150,16,0,39,4,0,60,0,3234,2780,2090
2017,Crockett County; Texas,1411,1050,502,870,358,36,0,144,144,361,361,113,583,312,2.66,3.18,3757,1411,922,1147,215,62,62,1460,390,995,0,36,39,1523,299,959,24,100,141,53,12,33,62,0,148,0,117,93,0,48,105,0,0,93,93,49,93,760,72,19,355,183,131,2460,160,445,858,567,211,166,53,-888888888.0,-888888888.0,2834,150,3757,400,1002,14,2258,203,497,183,3781,3170,611,435,176,172,4,0,3836,3553,3553,3076,477,0,283,283,67,216,283,0,0,0,283,0,283,283,0,25,52,0,206,0,3454,1697,1757,201,1680,177,53,0,0,0,24,24,3836,56,0,0,0,0,118,51,0,149,0,0,151,0,0,16,0,0,0,27,60,0,95,0,0,0,0,0,1411,1106,939
2017,Hardin County; Texas,20739,15129,6197,11788,4776,880,229,2461,1192,5610,5022,2219,7126,6155,2.68,3.19,55512,20739,11827,17023,4238,1685,474,21713,5546,12640,349,803,2375,22932,4219,12667,575,2637,2834,825,260,47,64,60,138,0,1362,572,56,48,199,87,22,407,572,430,376,13385,920,494,6424,3167,2380,37590,1355,3291,14314,9022,3308,4357,1943,-888888888.0,-888888888.0,42087,3611,55503,8190,13861,493,33228,4365,8414,3332,55392,48780,6514,3260,3254,2812,442,98,55993,55001,54685,43606,11079,316,992,992,325,667,1308,316,16,300,992,122,870,992,51,414,0,0,478,49,52363,49839,2524,585,1494,428,218,54,178,103,634,0,55993,3442,0,113,55,736,4269,5098,658,5903,86,36,8034,1214,0,240,482,5,51,660,1041,0,62,265,0,10,149,133,20739,17814,15731
2017,Haskell County; Texas,2128,1435,499,1053,249,147,94,235,156,693,606,304,597,845,2.34,2.87,4981,2128,1053,1144,483,173,95,2819,1069,1315,84,94,257,2162,452,1124,44,320,222,80,56,110,88,266,78,47,198,122,37,48,207,58,2,25,122,86,75,924,96,51,473,180,124,4333,776,543,1427,865,190,377,155,-888888888.0,-888888888.0,4828,332,4986,1300,978,85,2836,646,1172,569,5734,4357,1226,136,1090,923,167,151,5806,4886,4863,4218,645,23,920,920,61,859,943,23,14,9,920,175,745,920,11,41,3,0,860,5,5557,4194,1363,891,1285,870,37,0,36,21,5,0,5806,451,3,14,0,132,285,106,13,613,23,0,679,76,0,0,24,0,0,71,59,0,12,0,2,0,30,90,2128,1509,1179
2017,Howard County; Texas,11032,7370,3421,5444,2441,444,243,1482,737,3662,3125,1432,3889,3097,2.82,3.48,31149,11032,5394,9891,2995,1837,435,17093,6415,7309,532,592,2245,12677,3461,5725,274,1446,1771,598,312,80,81,27,134,41,1027,491,115,48,227,127,69,180,491,324,266,7910,305,289,3771,2018,1527,24729,2135,2854,8567,6362,1629,2271,911,-888888888.0,-888888888.0,28467,2519,31487,5096,7977,277,19292,2990,4218,1829,36023,30171,5379,2663,2716,1947,769,473,36491,32608,32408,25183,7225,200,3883,3883,696,3187,4083,200,0,200,3883,963,2920,3883,92,292,22,11,3458,8,34151,24171,9980,3800,9515,3558,164,34,238,164,63,44,36491,2705,32,23,14,154,2036,529,44,2807,22,33,2280,253,12,120,93,51,75,363,547,12,80,169,23,9,65,138,11032,9058,7544
2017,Leon County; Texas,6245,4372,1319,3110,757,382,194,880,368,1873,1615,868,1590,2501,2.70,3.27,16847,6245,3113,4962,1843,684,386,6877,1780,3751,97,404,845,6923,1188,3469,327,928,1011,377,173,114,116,88,229,43,407,210,134,48,289,63,0,13,210,186,160,3496,211,173,1794,840,478,11682,761,1245,4645,2457,719,1381,474,-888888888.0,-888888888.0,13117,1482,16865,2803,3849,91,9106,1490,3910,1222,16639,14131,2461,1363,1098,970,128,47,16966,15774,15742,12753,2989,32,1192,1192,405,787,1224,32,0,32,1192,52,1140,1192,100,101,0,18,951,22,15920,13855,2065,948,1842,891,84,0,139,57,0,0,16966,852,19,48,43,60,2272,489,52,2745,8,0,2593,224,0,22,162,10,8,491,438,0,10,56,0,16,176,0,6245,5077,4555
2017,Mills County; Texas,1833,1199,420,1011,316,36,0,152,104,634,607,372,458,829,2.57,3.21,4714,1833,1002,1352,298,229,30,1765,415,1053,5,129,163,2176,474,1112,13,301,276,24,0,0,26,0,88,0,88,83,9,48,333,4,9,61,83,57,80,1327,51,63,704,347,162,3346,308,264,938,814,253,502,267,-888888888.0,-888888888.0,3766,377,4716,971,1067,75,2394,425,1255,471,4851,4517,302,49,253,213,40,32,4887,4563,4529,3875,654,34,324,324,99,225,358,34,0,34,324,16,308,324,18,3,0,4,299,0,4732,4060,672,329,641,327,29,0,2,2,0,0,4887,406,0,87,0,35,670,54,25,576,0,0,499,31,0,37,4,3,4,227,136,0,0,119,0,0,72,18,1833,1469,1294
2017,Montague County; Texas,8044,5435,2119,4452,1594,396,235,587,290,2609,2332,1218,2326,3025,2.37,2.92,19048,8044,4431,4959,1025,589,333,7690,1448,4736,93,337,1076,7995,1259,4592,154,904,1086,312,24,15,82,31,185,12,392,256,75,48,337,19,9,153,256,135,202,4108,205,374,2139,962,428,13601,867,1484,4935,3216,891,1461,747,-888888888.0,-888888888.0,14940,1607,19080,3654,4446,146,10543,1736,4091,1772,19133,16132,2951,1359,1592,1343,249,50,19406,18339,18140,14228,3912,199,1067,1067,335,732,1266,199,19,180,1067,102,965,1067,123,13,28,12,878,13,18281,16305,1976,872,1806,866,151,0,19,6,0,0,19406,1756,0,47,106,387,2770,411,13,2323,37,28,1949,474,0,72,144,0,0,606,448,0,12,186,46,0,74,140,8044,6672,5288
2017,Newton County; Texas,4781,3158,1016,2233,593,426,183,499,240,1623,1477,602,1137,1829,2.93,3.68,14019,4781,2287,4389,1802,760,114,6350,2367,2794,173,307,709,5514,1172,2566,273,640,863,191,163,112,73,230,82,5,238,109,89,48,351,0,5,15,109,80,27,2913,162,101,1250,1105,295,9862,334,893,4737,2394,632,668,204,-888888888.0,-888888888.0,11194,1239,13986,3853,2949,307,8383,2079,2654,1467,14077,13181,890,454,436,379,57,6,14187,14039,13921,10883,3038,118,148,148,42,106,266,118,0,118,148,7,141,148,49,8,0,0,91,0,13450,13068,382,77,282,63,64,6,12,8,24,0,14187,2549,40,146,0,188,956,1214,225,1342,0,5,984,250,0,30,90,0,0,68,28,0,4,19,2,6,57,10,4781,3592,2608
2017,Panola County; Texas,9032,6358,2287,4908,1642,370,192,1080,453,2674,2286,1008,2877,2906,2.56,3.04,23138,9032,4916,6179,1873,1138,504,9197,2244,5340,201,301,1111,9671,2097,5011,192,1198,1173,213,101,39,41,35,83,8,749,528,99,48,365,111,28,290,528,304,327,5497,331,222,2860,1046,1038,15842,697,1700,5179,4755,1186,1599,726,-888888888.0,-888888888.0,17940,1436,23336,3839,5618,582,13766,1727,3952,1530,23384,20792,2581,1204,1377,1251,126,11,23574,22608,22449,16703,5746,159,966,966,245,721,1125,159,6,153,966,59,907,966,13,148,0,0,790,15,22106,20378,1728,557,1513,552,75,0,140,5,0,0,23574,2628,8,295,32,549,2765,846,16,2283,0,8,2874,220,0,27,192,43,93,306,589,186,6,40,0,0,105,18,9032,6869,5902
2017,Reeves County; Texas,3731,2589,1073,1994,887,224,38,371,148,1142,1031,424,1287,1264,3.31,4.16,12340,3731,1988,4625,1561,435,102,7550,2826,3435,430,185,674,4465,1281,2262,160,493,269,127,12,9,49,0,98,16,390,178,0,48,389,13,18,147,178,117,131,3159,129,208,1542,799,481,9773,1997,1690,2705,2042,406,683,250,-888888888.0,-888888888.0,11446,726,12341,1477,3317,39,7212,613,1812,825,14658,12323,1915,446,1469,1046,423,420,14791,11696,11626,9920,1706,70,3095,3095,528,2567,3165,70,0,70,3095,668,2427,3095,26,136,4,24,2905,0,13869,5176,8693,3192,8490,3110,81,52,117,25,5,5,14791,434,0,0,0,114,221,41,14,425,0,0,257,46,0,45,10,0,0,62,44,0,8,19,14,0,11,35,3731,2717,2010
2017,Sabine County; Texas,3811,2516,574,2059,379,105,58,352,137,1295,1249,718,653,1858,2.71,3.36,10327,3811,2042,2987,907,580,59,4377,1117,2161,70,265,764,4517,554,2187,286,828,662,102,0,0,57,163,62,6,141,136,89,48,403,1,0,46,136,60,135,1766,97,80,815,521,253,8040,266,862,3434,2014,305,749,410,-888888888.0,-888888888.0,8558,1278,10336,2671,1871,31,5429,1222,3036,1418,10290,9230,1060,537,523,287,236,0,10429,10325,10276,7772,2504,49,104,104,23,81,153,49,0,49,104,0,104,104,3,18,0,0,83,0,9934,9619,315,85,276,74,21,11,18,0,0,0,10429,1236,25,8,0,151,1764,474,39,1362,0,3,1767,233,0,17,37,0,23,160,315,6,0,4,0,0,46,23,3811,3107,2594
2017,Sherman County; Texas,1063,817,355,690,288,49,28,78,39,246,211,82,382,287,2.85,3.26,3034,1063,692,955,196,128,63,1303,362,727,36,21,157,1192,191,754,48,108,91,61,9,44,87,157,138,38,44,29,19,48,421,3,7,0,29,16,29,678,44,43,270,214,107,2077,369,188,521,463,91,340,105,-888888888.0,-888888888.0,2356,109,3027,490,704,7,1917,289,406,194,3028,2847,181,109,72,58,14,0,3067,2489,2440,1539,901,49,578,578,133,445,627,49,0,49,578,58,520,578,0,0,0,0,575,3,2884,1873,1011,457,1001,457,2,0,0,0,8,0,3067,234,0,5,0,10,268,39,0,373,0,0,307,19,0,18,34,10,16,55,58,0,1,3,1,0,5,0,1063,906,790
2017,Hansford County; Texas,1924,1430,778,1136,564,180,126,114,88,494,452,165,824,529,2.83,3.42,5453,1924,1189,1926,340,74,36,2034,529,1229,67,90,119,2151,428,1228,130,183,182,130,0,0,97,74,199,7,93,70,11,48,195,0,0,59,70,34,65,1431,71,53,868,294,145,3408,612,381,930,812,130,426,117,-888888888.0,-888888888.0,3911,245,5453,745,1621,0,3034,333,798,412,5488,4764,724,439,285,174,111,0,5532,4271,4268,3150,1118,3,1261,1261,259,1002,1264,3,0,3,1261,297,964,1261,0,0,0,0,1261,0,5148,3059,2089,1284,2089,1284,0,0,0,0,0,0,5532,277,0,35,0,122,524,90,0,353,0,4,467,22,0,65,0,0,0,11,64,0,0,31,0,0,61,0,1924,1606,1341
2017,Swisher County; Texas,2602,1925,895,1403,594,77,33,445,268,677,589,360,1003,936,2.64,3.10,6876,2602,1386,2209,454,225,69,3177,868,1772,117,84,336,2786,660,1351,129,389,257,50,34,52,35,100,43,0,133,57,12,48,437,4,6,35,57,41,32,1868,151,128,808,509,272,5034,443,712,1733,1287,206,507,146,-888888888.0,-888888888.0,5611,361,6891,1215,1930,69,3669,621,1292,525,7491,6361,1125,368,757,690,67,5,7541,6899,6869,5719,1150,30,642,642,210,432,672,30,0,30,642,42,600,642,22,13,0,0,605,2,7024,5168,1856,644,1838,640,6,0,11,4,1,0,7541,410,6,9,0,78,454,136,0,789,11,0,577,97,0,33,21,0,65,112,85,0,253,5,8,6,34,5,2602,2073,1868
2017,Hunt County; Texas,31781,21940,8854,17024,6263,1487,645,3429,1946,9841,8143,3097,10256,9362,2.76,3.32,87586,31781,16977,26194,7633,5001,1358,35322,10767,18613,792,898,4252,37098,8884,18573,1304,3745,4592,1225,483,46,59,20,115,21,2780,992,99,48,231,309,178,406,992,617,779,24220,1348,1161,10269,4684,6758,59772,3173,6099,20615,14355,4126,7264,4140,-888888888.0,-888888888.0,68656,6761,89490,14498,21637,977,54180,7541,13673,5980,89311,73596,15075,7873,7202,5913,1289,640,90322,84767,84066,62407,21659,701,5555,5555,1702,3853,6256,701,95,606,5555,1074,4481,5555,225,1016,38,38,4122,116,84689,72821,11868,3094,10365,2789,655,106,803,189,45,10,90322,9778,96,273,241,2356,7702,1972,273,11950,218,75,11225,1672,29,632,695,57,63,928,1626,15,91,365,190,17,417,212,31781,26942,22374
2017,Camp County; Texas,4730,3378,1420,2435,940,250,116,693,364,1352,1180,543,1704,1584,2.66,3.18,12595,4730,2414,3827,1135,489,196,4706,1236,2609,107,152,602,5174,1307,2607,151,711,398,298,159,113,106,34,209,36,507,225,64,48,063,64,34,63,225,140,211,3061,129,153,1495,669,615,8177,597,767,3104,1766,580,964,399,-888888888.0,-888888888.0,9310,854,12606,1980,3360,176,7048,837,2198,967,12434,11266,1160,509,651,458,193,8,12670,11333,11286,9112,2174,47,1337,1337,595,742,1384,47,0,47,1337,369,968,1337,8,40,0,8,1281,0,11736,9244,2492,964,2357,937,87,8,48,19,0,0,12670,1376,0,0,0,53,856,219,15,968,0,4,934,72,8,8,61,10,0,70,154,0,399,10,0,0,27,30,4730,3600,2667
2017,Guadalupe County; Texas,51990,39413,18519,30224,13219,2578,1257,6611,4043,12577,10744,4121,20911,13376,2.87,3.31,148965,51990,30238,49605,11176,5956,1899,58090,17710,32973,1068,1724,4615,60688,14924,31799,1388,5361,7216,1803,572,33,49,2,105,18,4648,1936,296,48,187,624,249,767,1936,1098,1417,41292,2072,2019,17986,9672,9543,98048,4718,6862,29428,22179,8565,17245,9051,-888888888.0,-888888888.0,110542,17416,148797,18353,39242,1448,90406,9354,19149,7551,149385,130006,18843,6018,12825,8816,4009,536,150889,139933,135621,90864,44757,4312,10956,10956,5647,5309,15268,4312,449,3863,10956,1115,9841,10956,883,1984,150,37,7625,277,141118,109047,32071,9322,28826,8309,1296,226,1818,691,131,96,150889,7299,138,1313,440,1272,10019,4010,428,26448,215,165,11011,3692,43,1050,2264,327,389,1529,1805,19,325,1138,160,102,401,375,51990,46249,41740
2017,Clay County; Texas,4076,2873,1048,2345,769,227,138,301,141,1203,1047,551,1157,1477,2.53,3.04,10301,4076,2322,2894,644,365,157,4265,941,2465,110,328,421,4334,720,2642,100,406,466,136,34,40,68,0,173,4,183,77,9,48,077,39,18,11,77,44,73,2270,102,138,1065,547,418,7446,312,478,3017,1851,456,953,379,-888888888.0,-888888888.0,8161,831,10295,2022,2201,174,5932,984,2162,864,10257,8872,1343,465,878,800,78,42,10369,10150,10103,7832,2271,47,219,219,34,185,266,47,0,47,219,61,158,219,7,23,0,0,187,2,9891,9357,534,209,470,186,10,0,54,23,0,0,10369,1026,0,68,9,221,1905,198,26,2095,10,0,1379,49,8,73,46,0,18,201,175,0,0,68,2,0,40,21,4076,3339,2690
2017,Hartley County; Texas,1754,1288,601,1171,513,22,4,95,84,466,397,211,680,558,2.44,2.90,4278,1754,1163,1161,129,71,62,2959,885,1284,95,135,560,1839,212,1299,30,167,131,78,29,115,76,153,137,0,99,76,12,48,205,50,2,12,76,23,70,1064,123,62,551,233,95,4340,328,504,1693,926,150,561,178,-888888888.0,-888888888.0,4566,326,4283,517,1253,31,2289,132,741,354,5748,4926,812,176,636,577,59,10,5821,5182,5145,3753,1392,37,639,639,197,442,676,37,2,35,639,160,479,639,35,74,7,0,511,12,5513,4421,1092,573,931,466,75,48,85,59,1,0,5821,375,0,20,0,65,533,48,6,994,0,0,776,73,0,39,31,0,72,59,44,0,7,30,3,0,21,21,1754,1511,1344
2017,Hill County; Texas,12674,8955,3297,7125,2342,434,182,1396,773,3719,3095,1529,3904,4628,2.69,3.22,34110,12674,7141,9959,2760,1576,617,13846,3531,7619,338,585,1773,14450,2992,7815,483,1460,1700,460,152,44,63,13,139,14,1259,595,49,48,217,161,89,296,595,348,488,8421,536,460,3694,2053,1678,23911,1766,2742,8080,5380,2022,2628,1293,-888888888.0,-888888888.0,26840,2714,34422,6471,8220,465,19518,3061,6684,2945,34700,29523,5104,2457,2647,2046,601,73,35098,32422,32319,25619,6700,103,2676,2676,886,1790,2779,103,8,95,2676,145,2531,2676,110,133,55,37,2330,11,33009,27559,5450,1770,5055,1729,221,7,111,31,63,3,35098,3359,18,886,16,359,3386,692,30,4810,50,30,4348,421,32,245,229,17,40,813,567,1,53,213,41,2,90,43,12674,10376,8660
2017,Limestone County; Texas,8100,5661,2050,4274,1371,316,169,1071,510,2439,2269,1136,2450,2798,2.77,3.41,22471,8100,4185,7172,2287,727,372,9859,3450,4621,124,387,1277,9196,2136,4395,277,1185,1203,315,141,59,68,18,149,14,555,289,22,48,293,76,62,129,289,173,213,4886,258,341,2271,1230,786,16048,1474,1672,5466,4219,1000,1572,645,-888888888.0,-888888888.0,18077,1355,22556,3911,5288,223,13368,1862,3900,1826,23184,20142,3015,1716,1299,1231,68,27,23480,21261,21203,18312,2891,58,2219,2219,497,1722,2277,58,0,58,2219,185,2034,2219,42,113,64,0,2000,0,21967,18023,3944,2360,3594,2168,142,44,120,89,88,59,23480,1253,57,195,35,347,1432,334,32,2548,0,9,3017,204,0,137,109,14,86,322,342,0,107,54,10,0,75,25,8100,6169,4739
2017,Nacogdoches County; Texas,23825,15329,6634,11137,4329,1384,640,2808,1665,8496,6762,2530,7581,6188,2.52,3.11,59920,23825,11115,17145,4084,3751,1284,24663,9544,12023,615,601,1880,27821,10129,11517,799,2532,2844,693,234,21,39,9,69,12,1434,706,62,48,347,176,77,391,706,400,578,21922,979,839,6753,2948,10403,37299,2529,3902,10697,8245,2521,5756,3649,-888888888.0,-888888888.0,50060,3510,64597,10142,15324,920,41045,5888,8228,3334,64706,50732,13844,7690,6154,5408,746,130,65411,59575,59151,48966,10185,424,5836,5836,1373,4463,6260,424,49,375,5836,491,5345,5836,235,875,109,0,4602,15,60967,50874,10093,4242,8807,3888,509,107,594,210,183,37,65411,4919,35,339,78,661,4540,1987,117,5957,53,31,6295,997,0,277,713,22,193,952,1182,15,286,471,88,0,249,68,23825,20055,17377
2017,Parmer County; Texas,3222,2499,1181,1900,763,186,118,413,300,723,576,292,1261,843,3.04,3.45,9789,3222,1878,3523,725,441,220,3820,1379,2134,47,37,223,3641,928,1954,195,369,195,175,52,54,80,22,155,32,181,80,58,48,369,0,0,22,80,36,73,2632,172,163,1302,672,323,6073,1054,687,2054,1042,259,747,230,-888888888.0,-888888888.0,6994,320,9784,1431,2872,87,5669,707,1243,637,9696,8320,1266,627,639,472,167,110,9871,7837,7688,5333,2355,149,2034,2034,601,1433,2183,149,0,149,2034,228,1806,2034,20,22,44,23,1911,14,9107,4510,4597,1760,4446,1728,129,10,22,22,0,0,9871,587,0,29,4,71,287,56,15,717,4,0,396,28,0,19,31,9,7,28,63,0,166,34,2,8,25,8,3222,2487,1795
2017,Parker County; Texas,43942,33503,14011,27804,10792,1886,1095,3813,2124,10439,8942,3843,15825,12816,2.82,3.23,123943,43942,27842,38455,8248,5456,1907,49577,12342,29728,766,1243,5498,50843,9623,29894,748,4065,6513,1793,548,44,63,23,129,25,3387,1372,500,48,367,348,73,451,1372,799,1025,30870,1865,1643,14568,6808,5986,84550,3641,5302,23397,22337,7090,16056,6727,-888888888.0,-888888888.0,94613,10195,124149,15411,31098,1550,74798,7378,18253,6483,124423,106604,17274,7293,9981,7597,2384,545,125963,119841,118302,84118,34184,1539,6122,6122,2407,3715,7661,1539,291,1248,6122,987,5135,6122,612,520,208,36,4523,223,118301,108185,10116,3666,8984,3435,558,93,371,89,203,49,125963,11405,207,724,280,1351,13326,3617,440,19225,266,259,15234,2658,43,1068,1112,68,337,2036,2794,165,251,1414,296,46,934,377,43942,40083,35674
2017,Presidio County; Texas,2589,1708,667,1289,457,134,27,285,183,881,858,514,764,1110,2.78,3.61,7186,2589,1281,2477,693,146,70,2670,784,1588,60,99,139,2818,684,1403,137,481,113,67,0,0,47,0,161,3,230,127,45,48,377,0,40,42,127,73,113,1832,37,87,1007,615,86,4517,1698,447,822,600,36,608,306,-888888888.0,-888888888.0,5169,196,7191,1569,2022,110,3596,503,1573,956,7050,5955,980,610,370,209,161,115,7191,4412,4346,3478,868,66,2779,2779,711,2068,2845,66,0,66,2779,404,2375,2779,0,227,0,0,2552,0,6649,992,5657,2664,5361,2627,0,0,295,37,1,0,7191,193,0,26,8,14,328,41,0,277,0,0,197,48,0,95,0,0,0,11,12,0,0,44,0,0,0,0,2589,1551,1116
2017,Val Verde County; Texas,15189,11541,5640,8846,4215,734,448,1961,977,3648,3221,1282,6431,4657,3.12,3.68,47325,15189,8887,17351,4645,1253,518,18820,6167,10357,368,480,1448,18328,4626,9694,507,1861,1640,828,235,45,75,64,123,26,1810,740,99,48,465,80,86,475,740,420,676,12576,560,764,6240,2817,2195,29286,6297,3261,7489,5254,1692,3772,1521,-888888888.0,-888888888.0,33396,2921,46436,7077,14194,526,25610,3457,6632,3094,48080,40975,6285,4057,2228,1052,1176,820,48976,38092,36805,29970,6835,1287,10884,10884,4574,6310,12171,1287,207,1080,10884,1158,9726,10884,210,190,10,0,10458,16,44777,14164,30613,9117,30103,8965,282,49,224,103,4,0,48976,1417,67,125,32,82,1205,287,55,1855,27,0,1563,547,10,146,74,7,111,172,187,2,16,169,0,11,44,18,15189,11810,10273
2017,Culberson County; Texas,735,507,208,345,123,36,20,126,65,228,224,108,261,296,3.02,3.82,2222,735,334,789,309,55,32,942,345,388,28,50,131,869,232,436,26,108,67,24,16,66,50,0,49,74,143,88,0,48,109,22,0,66,88,48,63,420,25,12,233,105,45,1567,365,208,530,267,56,104,37,-888888888.0,-888888888.0,1728,129,2248,579,529,31,1275,309,444,239,2216,1954,261,139,122,108,14,1,2257,1925,1897,1615,282,28,332,332,186,146,360,28,0,28,332,5,327,332,0,6,0,0,326,0,2085,721,1364,632,1358,626,0,0,6,6,0,0,2257,145,0,0,7,0,79,41,0,39,0,0,85,9,0,5,0,3,0,0,9,3,0,4,0,0,5,0,735,481,362
2017,Ector County; Texas,51475,36252,17597,24362,11682,3274,1461,8616,4454,15223,12484,4110,21121,10949,2.99,3.60,154014,51475,24401,54391,15472,8275,3330,58394,20799,28267,1346,1617,6365,57578,16278,26914,1916,5264,7206,3442,1527,79,90,53,154,26,5730,2577,603,48,135,610,386,978,2577,1524,1923,43805,2937,3069,20617,8777,8405,92135,8817,14246,27132,22490,5591,10084,3775,-888888888.0,-888888888.0,109084,6598,154456,19292,46580,2059,93415,10886,14461,6347,152809,125100,26194,16328,9866,7174,2692,1515,155744,134430,132543,107205,25338,1887,21314,21314,7401,13913,23201,1887,497,1390,21314,3313,18001,21314,388,1501,656,35,18657,77,141506,77954,63552,20417,61156,19592,690,229,1078,410,628,186,155744,11591,310,91,300,652,6047,1464,212,8149,66,30,7332,1310,6,370,486,114,132,712,1390,0,1221,487,101,58,423,206,51475,44655,41180
2017,Garza County; Texas,1715,1417,580,1020,403,38,14,359,163,298,219,120,669,500,2.79,3.04,4781,1715,940,1465,488,173,120,3884,1420,1700,292,75,397,1942,447,1031,30,186,248,40,18,36,35,0,78,17,131,52,23,48,169,0,6,23,52,37,29,1109,92,42,586,316,73,5062,1144,981,1399,920,102,412,104,-888888888.0,-888888888.0,5545,223,4797,583,1140,0,2933,270,724,313,6680,4509,1865,468,1397,993,404,306,6739,4502,4462,3277,1185,40,2237,2237,164,2073,2277,40,0,40,2237,566,1671,2237,33,38,0,9,2157,0,6450,3399,3051,1974,2996,1934,13,12,38,28,4,0,6739,347,0,50,0,53,442,51,0,380,22,0,429,11,0,23,5,8,4,16,101,0,0,18,0,0,0,5,1715,1365,1209
2017,Glasscock County; Texas,475,416,170,375,159,23,9,18,2,59,42,16,192,124,2.99,3.15,1420,475,366,433,97,49,13,629,201,425,0,0,3,551,118,397,0,26,10,28,16,136,98,0,389,0,6,0,0,48,173,0,0,0,0,0,0,394,7,0,180,137,70,936,182,53,220,195,49,187,50,-888888888.0,-888888888.0,1074,45,1420,87,346,0,876,18,198,69,1387,1211,122,26,96,88,8,54,1420,1130,1113,992,121,17,290,290,54,236,307,17,0,17,290,54,236,290,0,0,0,0,288,2,1364,897,467,275,467,275,0,0,0,0,0,0,1420,84,0,12,0,4,50,7,0,317,0,0,37,12,0,0,0,0,0,6,47,0,0,0,0,0,0,0,475,421,351
2017,Grimes County; Texas,8980,6253,2453,4437,1454,405,138,1411,861,2727,2368,1205,2963,3110,2.65,3.25,23791,8980,4464,7428,2147,772,377,12434,4420,5413,191,530,1880,9865,2474,4813,438,1042,1098,133,66,24,25,2,38,24,892,433,56,48,185,117,18,242,433,238,360,6334,374,356,2932,1699,973,18776,1600,2339,6661,4622,977,1703,874,-888888888.0,-888888888.0,21194,1796,23840,3022,6135,195,13733,1105,3972,1722,27239,23541,3676,1513,2163,2002,161,22,27358,25173,25017,20452,4565,156,2185,2185,567,1618,2341,156,0,156,2185,126,2059,2185,91,28,55,6,1978,27,25889,21113,4776,1780,4583,1722,148,28,38,30,7,0,27358,1393,39,512,80,227,1754,698,54,4519,67,25,3320,374,0,100,966,50,63,433,331,13,285,53,0,8,122,8,8980,7189,5879
2017,Travis County; Texas,447561,254476,123123,190619,88576,18110,7902,45747,26645,193085,139227,27570,133942,74052,2.58,3.30,1152727,447561,190511,316432,78205,120018,31047,477278,207433,212238,7446,6509,43652,472421,171583,205560,10566,24649,60063,14970,4005,21,46,9,65,34,21275,7236,1125,48,453,1954,1129,3028,7236,4573,4965,311399,21457,14702,119894,51042,104304,795223,48256,41080,135671,148380,44460,240380,136996,-888888888.0,-888888888.0,908764,51893,1169148,101001,266905,10513,800279,57321,101964,33167,1161821,934805,215339,132652,82687,48411,34276,11677,1176584,967620,945707,621413,324294,21913,208964,208964,71319,137645,230877,21913,3216,18697,208964,43134,165830,208964,14364,57812,8479,811,124153,3345,1098067,750835,347232,131481,262579,105467,33135,6953,41916,15973,9602,3088,1176584,40984,9196,11309,3710,9459,89759,27149,3497,131580,4015,2948,84857,33921,1581,10006,19603,2127,7918,16277,24001,1153,13238,12071,2599,2139,6897,2547,447561,416666,379334
2017,Collin County; Texas,323905,240307,129355,195817,103862,11769,6417,32721,19076,83598,69140,19008,137504,63082,2.81,3.30,910891,323905,195695,302362,55576,33353,13689,345989,100917,212189,3152,4757,24974,365705,88826,207853,6259,21123,41644,13040,2172,21,55,6,104,33,20730,5648,1541,48,085,1291,674,2142,5648,3439,4130,260518,18069,13899,114971,58043,55536,594927,19284,18547,89904,119639,44498,194541,108514,-888888888.0,-888888888.0,667699,41379,911167,62547,245777,6549,574727,29708,90663,26290,903008,771311,122277,57707,64570,39778,24792,9420,914075,733680,720053,407796,312257,13627,180395,180395,85979,94416,194022,13627,2141,11486,180395,37264,143131,180395,12388,96407,15415,561,51841,3783,855266,625767,229499,79298,94673,35064,52402,14293,65717,26056,16707,3885,914075,84109,10622,4960,2817,9372,82302,19739,2934,115657,2255,2150,81016,28505,961,7847,16831,1374,6335,11569,20970,675,18330,8089,1835,1906,5965,2355,323905,313010,291948
2017,Angelina County; Texas,30931,22400,10311,15827,6576,1721,866,4852,2869,8531,7556,3329,12116,9185,2.73,3.24,84590,30931,15826,27455,6794,3584,1850,33210,9744,17143,1055,1062,4206,35538,9052,17047,1138,3979,4322,1140,411,38,56,17,117,9,2995,1504,298,48,005,312,179,715,1504,981,1103,22482,1443,1331,10206,5326,4176,56963,4620,6124,17815,14384,4483,6426,3111,-888888888.0,-888888888.0,64806,5700,85494,16037,22850,1546,50180,8482,12464,6009,86687,71097,15424,9374,6050,4383,1667,166,87700,80646,80109,67413,12696,537,7054,7054,2338,4716,7591,537,80,457,7054,640,6414,7054,117,755,49,0,6108,25,81627,67077,14550,5629,13364,5161,309,80,775,342,102,46,87700,6353,320,289,71,1240,5310,2193,153,8090,54,103,9698,1165,53,387,376,248,108,772,836,31,141,237,40,15,147,276,30931,26726,23499
2017,Collingsworth County; Texas,1099,802,349,667,251,45,19,90,79,297,281,146,395,349,2.69,3.19,2958,1099,624,893,239,103,72,1200,352,731,35,5,77,1207,231,651,31,219,75,34,9,33,59,0,128,0,187,86,0,48,087,28,41,17,86,51,86,646,74,17,340,172,43,2062,195,270,665,500,110,221,101,-888888888.0,-888888888.0,2289,206,2958,411,737,36,1710,166,511,209,2998,2802,196,68,128,103,25,0,3026,2708,2689,2198,491,19,318,318,51,267,337,19,7,12,318,15,303,318,0,4,0,0,314,0,2822,2084,738,256,694,256,42,0,2,0,0,0,3026,178,0,21,29,49,285,100,5,286,0,0,353,0,0,4,10,0,6,8,29,0,0,4,0,0,13,0,1099,891,721
2017,Cottle County; Texas,664,462,162,380,97,3,3,79,62,202,200,117,205,271,2.26,2.76,1498,664,344,388,79,23,2,546,106,386,0,3,51,636,74,397,23,112,30,31,10,119,104,0,284,0,51,29,20,48,101,0,6,3,29,22,26,330,68,14,145,95,8,1061,109,152,349,224,50,114,63,-888888888.0,-888888888.0,1097,89,1498,282,401,16,713,103,384,163,1466,1206,260,171,89,79,10,0,1498,1440,1440,1209,231,0,58,58,0,58,58,0,0,0,58,0,58,58,0,0,0,0,58,0,1346,1025,321,51,309,51,12,0,0,0,0,0,1498,107,0,4,2,20,128,32,2,64,0,0,187,45,0,0,2,0,0,18,52,0,26,0,0,0,0,0,664,472,392
2017,Hays County; Texas,68045,44204,21097,33760,15523,3496,1763,6948,3811,23841,15384,4356,23420,13892,2.76,3.29,187628,68045,33722,52914,14383,18564,4819,77577,31236,37847,1164,1358,5972,79157,28509,35965,1486,4442,8755,2278,679,22,43,15,60,32,4262,1635,404,48,209,446,279,506,1635,1062,1089,64275,2766,2505,20703,9974,28327,115173,5645,6999,25458,27396,7556,27823,14296,-888888888.0,-888888888.0,148955,11414,193130,17058,45474,1783,128174,9105,19482,6170,192784,151179,40604,16396,24208,20255,3953,1001,194843,178062,174915,126271,48644,3147,16781,16781,5460,11321,19928,3147,483,2664,16781,3067,13714,16781,1349,2065,535,25,12498,309,182667,136962,45705,12725,41700,11634,1898,358,1555,495,552,238,194843,8315,589,2397,394,2149,14662,4834,712,29076,385,399,15728,5134,103,1773,2719,193,703,3412,5253,47,1137,2063,351,308,1355,388,68045,63157,54784
2017,Erath County; Texas,13827,8905,3746,7231,2718,497,297,1177,731,4922,3447,1232,3989,3593,2.82,3.30,39003,13827,7180,11157,2167,4672,893,16391,6686,7918,107,245,1435,17387,6245,7859,284,1147,1852,663,119,17,60,13,105,18,525,157,86,48,143,12,17,42,157,83,133,14227,312,621,4024,1924,7346,23213,1496,1972,5666,6092,1541,4288,2158,-888888888.0,-888888888.0,32381,2072,40492,4570,8575,390,26607,2204,5310,1976,40503,32619,7816,3852,3964,3446,518,68,41016,37815,37468,29016,8452,347,3201,3201,1106,2095,3548,347,28,319,3201,185,3016,3201,139,236,68,61,2687,10,38613,31489,7124,2250,6871,2197,134,23,106,30,13,0,41016,4613,111,329,26,750,3087,702,38,4526,159,145,3884,819,0,302,491,18,62,591,861,34,47,296,53,4,95,66,13827,12316,9974
2017,Brazoria County; Texas,117088,87576,43645,68511,33091,5987,2991,13078,7563,29512,24757,8189,48617,26638,2.86,3.34,334691,117088,68506,111172,25687,12238,6066,135463,40873,76591,2130,3041,12828,132948,32683,73650,2394,9943,14278,5413,1390,37,65,18,116,35,10403,4152,638,48,039,1045,605,1864,4152,2488,2990,93995,5779,6122,42070,19842,20182,224410,12605,15339,57147,54079,18509,42804,23927,-888888888.0,-888888888.0,253106,19846,334943,33025,92603,2716,205408,17033,36932,13276,341423,300803,39649,19487,20162,14322,5840,971,345995,300699,297244,222619,74625,3455,45296,45296,22706,22590,48751,3455,978,2477,45296,4075,41221,45296,1937,14519,1841,53,26218,728,321296,237904,83392,25474,63059,19121,4602,1000,13449,4810,2282,543,345995,21279,1065,4801,522,2456,18989,9301,971,37545,830,669,26501,6548,54,1796,3834,682,955,2705,4762,49,2713,1044,756,318,1253,1994,117088,106441,95181
2017,Motley County; Texas,469,308,132,228,82,15,9,65,41,161,151,67,151,212,2.38,2.90,1114,469,213,293,80,59,17,473,138,232,18,12,73,414,58,226,25,57,48,21,0,0,117,0,256,0,21,16,0,48,345,0,8,8,16,13,4,270,3,14,132,70,51,742,17,59,243,255,52,92,24,-888888888.0,-888888888.0,846,63,1114,184,268,1,525,59,321,124,1088,830,258,100,158,133,25,0,1114,1114,1111,895,216,3,0,0,0,0,3,3,0,3,0,0,0,0,0,0,0,0,0,0,1052,951,101,3,101,3,0,0,0,0,0,0,1114,42,0,11,6,10,185,25,0,135,7,0,112,17,0,6,0,0,14,4,49,0,0,19,0,0,2,0,469,390,323
2017,Donley County; Texas,1230,789,253,610,176,50,5,129,72,441,396,233,296,529,2.54,3.24,3126,1230,606,890,272,128,46,1451,497,667,74,47,166,1445,375,650,4,172,244,18,11,27,27,0,76,0,55,28,0,48,129,7,4,17,28,18,7,923,45,53,275,172,378,2250,103,148,719,728,126,290,136,-888888888.0,-888888888.0,2734,312,3365,613,686,24,1899,239,780,350,3408,2830,578,200,378,239,139,0,3433,3347,3309,2324,985,38,86,86,38,48,124,38,0,38,86,9,77,86,9,14,1,0,62,0,3262,3079,183,30,159,29,10,0,9,0,5,1,3433,289,0,40,2,62,292,20,24,509,0,0,561,47,0,7,30,0,0,52,50,0,9,9,0,0,66,29,1230,907,721
2017,Atascosa County; Texas,15509,11819,4788,8075,3091,1139,427,2605,1270,3690,3149,1381,6032,4647,3.08,3.57,47701,15509,8098,15981,6258,1855,1201,18336,5718,9646,512,693,1767,18698,4618,9495,713,1911,1961,603,54,10,55,0,123,11,2130,676,135,48,013,148,184,209,676,441,492,12298,787,755,6169,3012,1575,30432,3598,3756,11414,5894,1430,2926,1414,-888888888.0,-888888888.0,34676,3198,47655,5623,13409,569,27864,2672,6382,2382,47448,40153,7205,3796,3409,2538,871,90,48139,45191,44879,37859,7020,312,2948,2948,1130,1818,3260,312,61,251,2948,210,2738,2948,156,220,49,0,2500,23,44692,27307,17385,6457,16892,6333,292,75,132,0,69,49,48139,1557,78,520,40,276,2681,774,30,5840,4,46,3237,408,0,25,755,7,37,304,415,0,10,75,33,0,100,0,15509,12992,11428
2017,Coleman County; Texas,3470,2383,885,1823,603,154,53,406,229,1087,960,435,1076,1335,2.41,2.90,8365,3470,1769,1953,803,370,184,3463,715,2229,55,64,400,3402,480,1840,165,581,336,51,43,62,34,70,67,0,356,215,61,48,083,34,96,24,215,129,163,1499,137,222,759,304,77,6131,352,757,2287,1465,390,639,241,-888888888.0,-888888888.0,6585,615,8382,1068,1833,67,4708,561,1841,440,8378,7914,457,156,301,248,53,7,8422,8211,8184,6665,1519,27,211,211,43,168,238,27,0,27,211,34,177,211,11,74,0,0,126,0,7936,7481,455,192,399,158,56,34,0,0,0,0,8422,587,0,23,13,101,1031,247,31,1016,15,0,891,118,9,0,50,0,16,138,121,0,0,35,0,0,47,0,3470,2714,2164
2017,Nolan County; Texas,5552,3802,1522,2713,977,327,105,762,440,1750,1582,738,1774,1777,2.64,3.21,14651,5552,2726,4128,1538,707,143,5930,1838,3028,83,266,715,5879,947,3056,229,867,780,105,32,24,34,9,83,0,319,222,18,48,353,81,9,114,222,119,116,3588,266,271,1863,690,498,9757,909,1000,3327,2422,802,948,349,-888888888.0,-888888888.0,11217,918,14797,2772,3773,183,8535,1355,2489,1234,14847,12253,2489,1095,1394,1118,276,105,14990,14308,14262,11946,2316,46,682,682,236,446,728,46,7,39,682,221,461,682,11,56,23,0,581,11,14019,10461,3558,974,3403,945,88,12,18,4,49,13,14990,1048,13,14,0,88,603,83,11,1226,0,0,968,75,0,9,58,0,2,116,138,0,11,59,1,24,57,18,5552,4740,3771
2017,Hudspeth County; Texas,890,655,172,471,134,66,15,118,23,235,205,108,284,396,3.50,4.29,3116,890,465,938,751,72,20,1440,471,753,38,44,134,1506,531,591,58,234,92,83,30,52,93,79,188,6,163,100,0,48,229,21,7,72,100,40,60,817,8,57,443,222,87,2455,690,514,656,329,79,169,18,-888888888.0,-888888888.0,2798,174,3116,834,904,108,1609,375,603,351,3620,2846,358,121,237,179,58,416,3702,2344,2260,1700,560,84,1358,1358,217,1141,1442,84,10,74,1358,366,992,1358,21,44,40,4,1249,0,3490,845,2645,1598,2561,1522,31,27,25,21,28,28,3702,187,0,3,0,3,126,61,8,114,2,0,97,33,0,0,0,0,0,5,10,0,52,6,0,0,8,0,890,580,389
2017,Medina County; Texas,15154,11151,4049,8917,3083,611,177,1623,789,4003,3234,1667,5171,5254,3.03,3.57,45988,15154,8936,14073,5677,2148,318,20366,6898,10478,337,759,1894,18870,4610,10195,487,1622,1956,782,322,64,77,2,179,20,1934,478,139,48,325,173,11,155,478,235,421,12607,701,643,5322,3227,2714,32337,2451,3154,10374,7790,2089,4251,2228,-888888888.0,-888888888.0,37082,4406,46087,7018,11434,409,27260,3324,7393,3285,48040,41844,6196,2665,3531,3251,280,0,48548,45973,45299,36787,8512,674,2575,2575,1215,1360,3249,674,13,661,2575,234,2341,2575,100,220,0,5,2228,22,45745,29947,15798,3505,15368,3423,285,38,139,44,6,0,48548,1583,5,556,115,368,2941,1235,44,7775,20,49,3158,669,12,220,475,24,41,527,576,20,279,188,46,0,67,58,15154,12359,10401
2017,Ward County; Texas,3954,2671,1155,2085,904,203,39,383,212,1283,1106,429,1345,1117,2.88,3.66,11370,3954,2061,4064,968,323,247,4454,1554,2304,82,158,356,4389,1090,2216,37,468,578,202,19,15,79,122,95,43,391,270,3,48,475,19,66,182,270,143,246,2763,64,261,1518,693,227,7213,802,740,2613,1688,395,669,306,-888888888.0,-888888888.0,8291,576,11375,1334,3193,48,6619,709,1563,577,11334,9535,1799,1044,755,547,208,0,11498,10574,10558,8043,2515,16,924,924,298,626,940,16,0,16,924,130,794,924,49,32,0,6,834,3,10657,6666,3991,941,3948,918,15,0,28,23,0,0,11498,527,0,16,0,116,438,73,15,531,0,6,509,41,10,0,8,0,0,91,225,0,0,14,7,0,12,18,3954,3147,2653
2017,Henderson County; Texas,30459,21718,7831,17015,5504,1302,681,3401,1646,8741,7353,3945,9361,11529,2.57,3.05,78394,30459,17059,21989,5545,3342,1654,31502,7672,18036,539,1441,3814,33932,6714,18103,748,4058,4309,976,397,50,59,15,129,14,2237,1078,224,48,213,325,119,410,1078,656,798,16879,814,909,7924,4077,3155,55862,3747,5574,18926,13630,3871,6711,3403,-888888888.0,-888888888.0,62229,6701,78709,13063,17435,674,44876,6314,16398,6075,78594,68182,10308,5566,4742,3522,1220,104,79687,75263,74652,57859,16793,611,4424,4424,988,3436,5035,611,9,602,4424,667,3757,4424,186,386,4,0,3725,123,75171,67440,7731,3344,6826,3013,489,143,401,175,15,13,79687,8187,21,356,79,892,9066,1686,225,9877,98,89,10082,1514,2,462,556,51,194,1104,1724,1,99,456,220,106,449,297,30459,23809,20301
2017,Harrison County; Texas,23363,17101,7206,13132,5160,858,475,3111,1571,6262,5374,2423,8281,7208,2.79,3.30,65140,23363,13171,21695,4465,2446,543,25307,7283,14359,300,581,2784,27145,6392,14122,415,2734,3482,633,336,45,42,16,88,8,1909,1230,334,48,203,141,171,584,1230,665,1012,16340,1125,851,7536,3796,3032,43624,2072,4892,14779,10550,3127,5859,2345,-888888888.0,-888888888.0,49489,4268,65852,7883,16923,653,38890,3703,10039,3527,65904,60040,5746,2957,2789,2069,720,118,66606,62443,62230,45581,16649,213,4163,4163,1463,2700,4376,213,32,181,4163,540,3623,4163,137,364,75,0,3555,32,62242,56537,5705,2456,5172,2316,184,43,218,29,131,68,66606,23825,183,119,81,228,4280,1066,165,3677,44,12,4099,550,23,294,133,31,23,604,729,0,887,214,54,0,115,194,23363,17543,14733
2017,Menard County; Texas,964,582,213,473,135,26,16,83,62,382,358,241,240,412,2.15,2.78,2070,964,471,480,86,69,34,952,242,535,1,35,139,836,93,479,18,125,121,13,13,131,38,0,107,0,39,21,0,48,327,0,0,21,21,11,21,392,34,16,268,50,24,1638,208,135,592,370,75,170,88,-888888888.0,-888888888.0,1743,227,2070,409,380,9,1145,142,545,258,2112,1776,336,165,171,108,63,0,2123,1996,1977,1607,370,19,127,127,22,105,146,19,0,19,127,22,105,127,0,0,0,7,120,0,2076,1586,490,159,490,159,0,0,0,0,0,0,2123,42,0,0,1,24,376,122,9,634,0,0,343,45,0,0,0,0,0,32,98,0,0,33,0,0,0,18,964,675,540
2017,Lamar County; Texas,19085,13127,5405,9709,3195,764,520,2654,1690,5958,5173,2570,6025,6233,2.55,3.09,48582,19085,9666,14233,3566,2032,1050,18957,5067,10470,246,671,2503,20781,4315,10413,640,2553,2860,523,200,37,48,31,102,4,1415,813,149,48,277,335,126,203,813,573,656,11390,708,536,5185,2619,2342,33509,1720,3426,11455,8720,2466,4006,1716,-888888888.0,-888888888.0,37660,3125,48753,9190,11700,1277,28339,4043,8714,3870,48840,41594,7177,4929,2248,1606,642,69,49401,47370,47074,37694,9380,296,2031,2031,875,1156,2327,296,8,288,2031,168,1863,2031,115,392,26,0,1409,89,46142,42284,3858,1143,2727,897,747,117,343,103,41,26,49401,6869,53,58,25,922,2929,653,134,4818,16,28,4996,417,14,596,279,46,153,511,866,11,88,126,53,19,78,30,19085,15406,12487
2017,Fayette County; Texas,9298,6721,2360,5629,1890,455,123,637,347,2577,2218,1327,2628,3779,2.63,3.11,24438,9298,5614,7075,1503,948,297,10044,2505,6016,52,468,1003,10627,2158,5893,114,1290,1172,268,55,24,58,23,114,21,419,86,34,48,149,11,15,26,86,47,76,5058,325,356,2410,1211,756,17974,1638,1425,6876,3451,1339,2412,833,-888888888.0,-888888888.0,19761,1735,24504,3443,5190,253,13774,1413,5540,1777,24770,23290,1480,632,848,641,207,0,24963,23351,23191,19951,3240,160,1612,1612,607,1005,1772,160,10,150,1612,106,1506,1612,11,149,2,21,1405,24,23736,19310,4426,1125,3682,987,496,93,224,45,24,0,24963,1125,34,3782,65,150,1803,338,23,7389,19,11,1742,348,0,155,249,17,14,239,316,10,13,142,24,0,47,0,9298,6884,5517
2017,Williamson County; Texas,170051,122968,63010,99542,48665,6769,3639,16657,10706,47083,38437,11826,67937,37372,2.96,3.50,503664,170051,99557,172193,35106,26757,8664,192150,59248,110183,2631,3061,17027,203159,51385,107894,3787,13137,26956,6586,1476,24,50,15,89,29,12289,3114,817,48,491,715,524,1058,3114,1743,2677,141422,9998,7665,63745,30612,29402,332250,10456,12929,68056,79214,27882,89380,44333,-888888888.0,-888888888.0,371658,33985,504499,46975,135673,4309,312681,24950,56145,17716,501658,412885,85187,36794,48393,32796,15597,3586,508313,448343,439058,268002,171056,9285,59970,59970,27424,32546,69255,9285,1184,8101,59970,10248,49722,59970,4478,22561,2732,286,28758,1155,473761,374270,99491,31334,67799,21560,13606,2972,15458,5833,2628,969,508313,27135,1888,7937,1616,5487,48145,16044,2204,83735,861,1347,45303,15556,866,5618,9283,1120,2724,9092,11403,426,4185,6158,1392,636,3428,1436,170051,161372,152569
2017,Kimble County; Texas,1941,1352,401,1046,210,122,57,184,134,589,567,322,458,925,2.25,2.69,4373,1941,1047,941,294,150,81,1756,311,1134,12,53,246,2032,329,1048,48,302,305,89,45,108,115,86,251,36,149,123,38,48,267,37,0,48,123,64,106,681,53,18,325,235,50,3330,197,363,1130,784,214,388,254,-888888888.0,-888888888.0,3603,521,4373,860,829,62,2247,270,1297,528,4355,3639,692,300,392,293,99,24,4432,4221,4147,3604,543,74,211,211,93,118,285,74,0,74,211,0,211,211,14,0,0,0,197,0,4177,3436,741,286,718,269,23,17,0,0,0,0,4432,344,0,29,0,40,591,212,35,897,0,0,647,106,10,0,30,0,0,81,134,0,0,0,0,0,6,16,1941,1504,1199
2017,Hutchinson County; Texas,7799,5170,2249,3906,1484,325,172,939,593,2629,2408,1001,2509,2328,2.77,3.46,21569,7799,3932,7048,1726,1064,387,8460,2531,4337,227,241,1124,8567,2106,4076,297,1032,1056,379,193,78,78,31,149,29,523,248,63,48,233,83,17,85,248,153,149,5275,278,386,2345,1225,1041,14177,574,1483,4640,4318,1216,1412,534,-888888888.0,-888888888.0,16039,1343,21569,3971,5640,192,12629,2143,3300,1636,21391,18903,2484,1285,1199,866,333,4,21704,20545,20325,14598,5727,220,1159,1159,549,610,1379,220,22,198,1159,57,1102,1159,37,130,24,0,958,10,20214,17743,2471,817,2368,767,53,31,50,19,0,0,21704,1948,25,53,0,607,2369,382,28,2658,0,0,2472,486,0,103,125,0,29,223,380,0,26,72,135,0,96,29,7799,6579,5800
2017,Washington County; Texas,12205,8442,3083,6613,2242,468,140,1361,701,3763,3413,1792,3442,4737,2.65,3.27,32335,12205,6618,9697,2859,956,362,13865,4426,7220,377,366,1476,14684,3858,6969,440,1974,1443,277,101,26,38,60,43,22,860,178,33,48,477,65,24,56,178,76,151,8373,518,442,3217,1532,2664,23225,1435,2151,6893,5384,1808,3876,1678,-888888888.0,-888888888.0,27204,2331,34000,5028,7358,513,19915,2304,6727,2211,34368,30692,3551,1285,2266,2108,158,125,34667,31460,31273,25516,5757,187,3207,3207,1283,1924,3394,187,65,122,3207,217,2990,3207,139,344,277,0,2395,52,32701,27559,5142,1761,4288,1466,381,76,410,219,63,0,34667,1710,47,1056,27,148,2432,572,59,8594,0,16,1547,484,0,82,1381,0,66,442,561,0,598,48,28,9,144,59,12205,9520,7422
2017,Morris County; Texas,5024,3621,1422,2850,1092,192,51,579,279,1403,1327,710,1747,1824,2.46,2.99,12381,5024,2860,3004,1334,159,42,4774,964,3081,135,134,460,5365,808,3038,131,554,834,200,62,59,76,31,167,8,595,325,98,48,343,65,54,108,325,163,297,2774,221,90,1329,685,449,8873,361,683,3465,2477,465,893,529,-888888888.0,-888888888.0,9646,1298,12381,2458,2884,123,6975,1080,2522,1255,12381,11034,1335,647,688,631,57,12,12530,12075,12003,9913,2090,72,455,455,111,344,527,72,10,62,455,16,439,455,10,24,0,0,421,0,11735,10921,814,336,782,331,19,5,13,0,0,0,12530,3621,0,9,0,98,787,173,25,495,0,2,967,223,0,93,208,31,16,72,180,0,14,37,0,0,21,58,5024,3943,3623
2017,Orange County; Texas,32272,22834,9791,16728,6385,1966,1033,4140,2373,9438,8128,3222,11155,8734,2.57,3.05,83085,32272,16819,24557,5396,4041,1804,32578,8671,18024,592,1005,4286,34044,7138,17863,829,3122,5092,1163,564,62,62,4,120,24,2037,1286,277,48,361,195,206,608,1286,819,958,20179,1691,1208,8932,4806,3542,55998,1523,4600,21599,14866,4621,6754,2035,-888888888.0,-888888888.0,63079,5546,83143,13606,20808,1406,50193,6988,12142,5212,82886,69621,13073,8326,4747,3384,1363,192,83909,81546,81187,61487,19700,359,2363,2363,721,1642,2722,359,99,260,2363,229,2134,2363,238,591,0,9,1499,26,78199,73982,4217,1203,2893,808,618,178,674,215,32,2,83909,5903,75,76,88,800,5598,6384,3386,8017,133,71,7932,2174,21,313,385,33,142,1116,967,14,137,397,62,0,70,2,32272,27300,23851
2017,Stephens County; Texas,3361,2318,836,1848,609,106,50,364,177,1043,939,405,1038,1092,2.62,3.23,8801,3361,1879,2435,865,261,131,4007,1177,2199,102,160,369,3654,552,1959,146,440,557,137,39,59,80,87,143,16,283,206,72,48,429,41,13,80,206,134,127,1936,131,170,933,482,220,6435,424,1040,2106,1365,417,712,371,-888888888.0,-888888888.0,7284,427,8801,1597,2081,21,5037,730,1683,846,9257,7636,1592,701,891,823,68,29,9365,8706,8654,7382,1272,52,659,659,216,443,711,52,15,37,659,22,637,659,4,44,0,0,611,0,8878,7188,1690,621,1620,621,8,0,23,0,39,0,9365,673,10,8,15,91,788,106,6,700,0,0,930,67,0,45,51,0,14,47,114,0,0,0,0,0,3,0,3361,2584,2098
2017,Winkler County; Texas,2524,1772,803,1341,551,107,42,324,210,752,665,308,864,709,3.04,3.75,7679,2524,1365,2892,608,290,86,2931,989,1605,20,92,225,2892,666,1461,82,269,414,100,59,62,54,21,115,14,208,97,76,48,495,0,19,2,97,53,79,1821,84,152,905,550,130,4590,769,625,1311,1102,294,380,109,-888888888.0,-888888888.0,5436,323,7679,975,2341,91,4465,479,873,405,7628,6664,910,347,563,248,315,54,7777,6671,6614,5147,1467,57,1106,1106,280,826,1163,57,4,53,1106,252,854,1106,75,0,0,0,1031,0,7123,4435,2688,1034,2688,1034,0,0,0,0,0,0,7777,574,0,0,0,69,184,27,3,452,0,1,437,37,0,44,14,13,0,71,38,0,3,10,0,0,2,1,2524,2041,1710
2017,Harris County; Texas,1562813,1066649,532817,734108,353556,89319,40102,243222,139159,496164,408614,104067,600527,310895,2.87,3.52,4484299,1562813,733235,1530130,427569,230552,93793,1726209,669499,846982,39162,32372,138194,1768676,584720,803670,59531,120203,200552,71066,24741,39,61,22,101,31,130470,44701,8757,48,201,9314,8372,18258,44701,28259,31067,1264758,79486,72277,547291,262452,303252,2864864,311982,245616,668154,586375,178496,559393,314848,-888888888.0,-888888888.0,3298999,163317,4504029,414213,1224197,40156,2853709,221725,426123,152332,4458402,3713057,690355,519319,171036,90464,80572,54990,4525519,3350640,3288515,2398011,890504,62125,1174879,1174879,410112,764767,1237004,62125,13072,49053,1174879,208187,966692,1174879,47936,252401,60459,2883,801746,9454,4175737,2349185,1826552,851542,1445260,708154,131943,34765,191957,91774,57392,16849,4525519,191770,32921,25195,6215,23375,206890,87581,11647,299876,10151,7037,215300,80227,2828,17718,46124,4988,16272,31786,47517,2204,79501,19680,5028,4229,13210,19777,1562813,1379566,1225570
2017,Andrews County; Texas,5413,4157,2137,3460,1786,190,76,507,275,1256,1027,402,2330,1188,3.23,3.77,17478,5413,3436,6836,1234,559,258,6625,1884,3791,71,136,743,6332,1522,3404,186,481,739,373,145,76,92,62,160,30,482,263,104,48,003,80,28,51,263,173,175,4586,353,296,2420,1142,375,10390,1357,1285,3872,2178,680,663,355,-888888888.0,-888888888.0,12097,735,17478,1662,5480,174,10306,791,1692,697,17242,14889,2339,1163,1176,1068,108,14,17577,15233,15118,11762,3356,115,2344,2344,905,1439,2459,115,7,108,2344,373,1971,2344,16,37,11,0,2267,13,15982,9119,6863,2124,6718,2115,131,9,0,0,14,0,17577,1190,0,27,0,124,573,247,13,1439,24,0,1772,219,0,58,52,0,0,18,178,0,26,61,20,0,0,16,5413,4769,4414
2017,Burnet County; Texas,16545,12077,4183,9613,2695,1072,698,1392,790,4468,3877,1968,4782,6400,2.69,3.12,44515,16545,9603,12800,3155,2412,732,18163,4888,10310,417,695,1853,18914,3561,10677,375,2198,2103,401,133,29,45,0,98,16,1038,634,104,48,053,282,40,208,634,387,487,9304,589,379,4567,2508,1261,31237,1849,2125,9632,7493,2617,4998,2523,-888888888.0,-888888888.0,35229,3709,44582,8483,9779,837,25303,3869,9500,3777,44582,38757,5724,1871,3853,3381,472,101,45017,42247,41957,30853,11104,290,2770,2770,1306,1464,3060,290,55,235,2770,4,2766,2770,439,268,108,0,1930,25,42619,35673,6946,2304,6495,2205,295,44,55,9,101,46,45017,2983,34,287,93,417,5111,1339,174,8753,24,27,5092,511,18,363,468,34,142,1347,1398,12,70,670,268,38,311,28,16545,14464,11805
2017,Gillespie County; Texas,10795,7558,2304,6197,1680,391,106,970,518,3237,3013,1808,2580,4890,2.37,2.87,25554,10795,6166,6691,1310,592,373,10384,2418,6564,64,474,864,11339,2065,6362,183,1474,1255,249,181,82,55,42,121,18,411,149,31,48,171,33,14,71,149,95,85,4825,253,160,2490,1311,611,19001,992,927,5673,4087,967,4621,1734,-888888888.0,-888888888.0,20746,1947,25538,3518,5172,257,13269,1063,7097,2198,25746,22911,2752,1333,1419,1116,303,83,25939,23506,23377,17685,5692,129,2433,2433,995,1438,2562,129,0,129,2433,364,2069,2433,135,48,99,12,2126,13,24667,19805,4862,1686,4023,1552,792,91,29,25,18,18,25939,1513,35,377,94,255,2793,571,117,9159,0,157,2930,455,8,386,404,14,67,753,529,0,44,300,68,164,165,1,10795,9143,8197
2017,Gonzales County; Texas,7018,5054,2288,3827,1553,320,95,907,640,1964,1847,837,2641,2207,2.88,3.48,20235,7018,3842,6582,2100,693,264,7968,2362,4348,156,379,723,8003,1767,4259,125,903,949,399,139,65,91,64,176,21,798,303,83,48,177,111,7,102,303,217,233,4760,272,377,2484,1257,370,13194,1985,1548,4730,2691,497,1278,465,-888888888.0,-888888888.0,15008,1126,20264,3810,5550,724,11577,1778,3137,1308,20192,17586,2589,1523,1066,1006,60,17,20558,17812,17692,15526,2166,120,2746,2746,425,2321,2866,120,0,120,2746,146,2600,2746,41,36,0,0,2665,4,19065,11965,7100,2803,6960,2772,64,0,29,21,47,10,20558,561,0,788,10,106,1245,331,0,3468,117,23,1862,146,4,110,196,0,0,117,179,3,22,90,13,0,74,10,7018,5376,4703
2017,Dallas County; Texas,906179,590475,290008,391062,180839,54707,24757,144706,84412,315704,257425,67526,331332,184782,2.78,3.49,2521069,906179,390986,831362,249934,142608,58271,964229,383349,453834,22258,19370,85418,1012654,343834,436148,35149,70583,126940,38210,13840,37,58,25,95,28,76071,28882,5236,48,113,6738,4602,12306,28882,18142,20308,685116,42803,40691,307255,143161,151206,1621762,185820,165784,364902,325074,91567,311327,177288,-888888888.0,-888888888.0,1868623,95114,2532552,244427,682176,23130,1601176,131545,249200,89752,2515899,2100011,393757,275432,118325,71851,46474,22131,2552213,1940813,1912658,1398744,513914,28155,611400,611400,177719,433681,639555,28155,6161,21994,611400,100256,511144,611400,15116,119418,37074,721,435281,3790,2357598,1352947,1004651,500877,820201,431930,58746,16350,89533,40537,36171,12060,2552213,96806,12326,7923,3889,13807,129618,32448,4646,151595,5423,3170,115850,36076,1513,9893,18984,2137,8175,21811,30137,1241,51655,11358,2948,1900,8087,7105,906179,790521,692870
2017,Lynn County; Texas,2147,1637,673,1246,440,47,21,344,212,510,454,241,780,669,2.68,3.12,5745,2147,1242,1804,417,135,49,2309,613,1378,40,77,201,2183,438,1304,51,219,171,55,19,36,47,0,113,4,134,76,27,48,305,7,1,41,76,42,76,1436,93,85,740,313,205,3809,443,436,1238,901,145,523,123,-888888888.0,-888888888.0,4253,270,5754,1059,1532,61,3250,541,972,457,5751,4944,805,385,420,399,21,2,5785,5399,5265,4680,585,134,386,386,89,297,520,134,40,94,386,15,371,386,14,14,2,0,356,0,5399,3767,1632,427,1450,363,179,62,1,0,2,2,5785,424,0,17,1,19,366,21,3,678,0,2,395,66,0,1,7,0,24,53,96,0,2,60,0,0,15,9,2147,1726,1390
2017,McMullen County; Texas,194,153,52,121,47,5,0,27,5,41,33,11,56,99,3.09,3.59,600,194,94,207,96,9,9,243,79,157,0,4,3,205,18,113,12,46,16,1,0,0,12,0,32,0,13,0,0,48,311,0,0,0,0,0,0,165,21,7,85,40,12,401,28,34,160,87,9,49,34,-888888888.0,-888888888.0,430,35,600,120,170,5,271,34,159,81,593,542,51,18,33,28,5,0,600,576,574,512,62,2,24,24,0,24,26,2,0,2,24,18,6,24,13,0,0,0,11,0,555,433,122,36,117,36,5,0,0,0,0,0,600,18,0,4,0,0,7,0,0,33,0,0,124,0,0,0,3,0,0,0,2,0,0,0,0,0,0,0,194,129,109
2017,Young County; Texas,7066,5239,2031,4063,1350,361,152,815,529,1827,1591,758,2303,2337,2.53,2.93,17873,7066,4075,5022,1031,679,259,7079,1763,4154,167,350,645,7458,1536,4218,116,831,757,177,9,5,47,75,76,12,331,187,6,48,503,59,7,115,187,88,113,4242,199,251,2111,1139,542,12231,661,1467,4222,2995,486,1636,764,-888888888.0,-888888888.0,13732,1177,17861,2656,4422,111,10045,1101,3394,1444,18044,15809,2209,1492,717,661,56,26,18166,17237,16943,14093,2850,294,929,929,210,719,1223,294,0,294,929,127,802,929,9,100,11,0,802,7,16996,14665,2331,1546,2253,1511,43,0,35,35,0,0,18166,1713,0,40,0,445,1385,132,9,1603,35,0,1433,98,0,21,90,0,12,57,235,0,0,0,10,41,55,45,7066,5892,4856
2017,Zapata County; Texas,4457,3400,1836,2257,1151,311,112,832,573,1057,900,406,2119,1231,3.23,3.79,14378,4457,2247,5897,1328,449,335,4948,1816,2375,80,184,493,5292,1376,2503,305,570,538,450,88,54,132,0,252,41,592,297,0,48,505,71,135,91,297,152,198,4133,346,423,2211,863,290,8034,2134,1449,2013,1194,325,651,268,-888888888.0,-888888888.0,9532,384,14378,2467,4883,345,7697,1147,1798,975,13997,12128,1823,1608,215,196,19,46,14415,10485,10399,9721,678,86,3930,3930,768,3162,4016,86,0,86,3930,424,3506,3930,0,29,0,3,3898,0,12969,1250,11719,5734,11633,5687,86,47,0,0,0,0,14415,152,0,0,0,0,200,66,0,180,0,0,178,87,0,0,0,0,0,87,0,0,0,21,2,0,0,0,4457,3618,2423
2017,Johnson County; Texas,55467,42181,18776,32980,13636,2809,1613,6392,3527,13286,11047,4429,21473,14732,2.83,3.25,157226,55467,32943,49744,12336,6736,3029,62056,16981,35876,1268,1625,6306,63537,13012,35401,1316,5439,8369,2665,793,47,71,30,157,10,4949,2455,855,48,251,340,414,846,2455,1380,2127,37375,1769,2139,17762,8693,7012,104312,6265,10309,34442,26143,7822,13984,5347,-888888888.0,-888888888.0,118065,8666,157616,17293,41992,1173,94683,8446,20941,7674,157563,140093,17306,8605,8701,7124,1577,164,160173,151580,150296,107554,42742,1284,8593,8593,3010,5583,9877,1284,75,1209,8593,593,8000,8593,429,979,202,140,6751,92,149623,126016,23607,8121,21298,7310,1163,327,977,484,169,0,160173,37367,95,658,249,1645,10907,2262,361,16840,115,279,14126,3021,280,975,1547,88,407,1804,2639,52,672,860,310,93,944,402,55467,49906,44064
2017,Hood County; Texas,21527,14935,5023,12409,3869,706,284,1820,870,6592,5767,2783,5902,8721,2.54,3.08,54716,21527,12435,14514,4124,2116,877,22178,4751,13378,298,930,2821,23450,3763,13291,486,2668,3242,754,117,25,72,42,161,7,1332,637,102,48,221,221,34,280,637,440,372,10515,701,592,5185,2350,1687,39783,1669,2732,11741,10774,2406,7260,3201,-888888888.0,-888888888.0,43512,5254,54684,7472,11784,419,29963,3092,12937,3961,54758,48705,5782,2374,3408,2806,602,271,55418,53930,53612,35682,17930,318,1488,1488,701,787,1806,318,24,294,1488,131,1357,1488,155,300,1,19,904,109,52255,47032,5223,2031,4691,1823,424,173,107,34,1,1,55418,12337,42,329,70,967,6163,1138,203,7422,96,142,6888,857,15,359,394,33,82,1174,1015,3,31,485,60,48,252,181,21527,19313,17512
2017,Hopkins County; Texas,13287,9828,4179,7514,3045,627,180,1687,954,3459,2868,1427,4867,4261,2.67,3.10,35441,13287,7528,10448,2672,1506,572,13775,3576,8150,207,414,1428,14542,2748,8081,326,1779,1608,412,126,36,52,58,90,18,1162,594,65,48,223,98,54,377,594,344,441,8518,390,653,4112,1944,1419,23983,1894,2175,8749,5583,1423,2796,1363,-888888888.0,-888888888.0,26850,2422,35468,6075,9046,353,20412,3029,6010,2693,35550,29056,6461,4267,2194,1723,471,33,35929,33040,32793,26343,6450,247,2889,2889,1011,1878,3136,247,27,220,2889,158,2731,2889,230,146,20,3,2490,0,33574,28861,4713,1710,4375,1629,252,31,86,50,0,0,35929,4318,0,76,13,434,3029,928,117,3616,30,15,4581,691,0,71,227,25,8,741,399,0,18,107,27,0,59,49,13287,11177,9656
2017,Ochiltree County; Texas,3549,2752,1448,2359,1202,108,59,285,187,797,692,298,1603,745,2.94,3.40,10419,3549,2343,3678,596,253,162,3920,1143,2463,103,65,146,3786,819,2334,101,263,269,237,27,29,95,0,245,0,262,164,0,48,357,17,38,109,164,68,140,2979,181,109,1569,812,308,6192,829,682,1854,1360,336,849,282,-888888888.0,-888888888.0,7170,456,10419,1037,3314,137,6084,518,1021,382,10293,9254,1015,694,321,130,191,24,10484,8446,8435,5969,2466,11,2038,2038,432,1606,2049,11,4,7,2038,366,1672,2038,0,8,11,0,2019,0,9578,5030,4548,1760,4521,1752,19,0,8,8,0,0,10484,596,0,37,12,234,768,110,10,848,0,5,593,17,0,26,113,0,0,199,53,0,0,23,8,0,14,11,3549,3118,2489
2017,King County; Texas,101,62,25,59,22,0,0,3,3,39,24,5,28,15,2.86,3.52,289,101,60,73,23,32,0,126,34,73,9,2,8,97,19,64,0,5,9,6,0,0,97,0,182,0,7,4,4,48,269,0,0,0,4,4,4,64,13,3,32,11,5,207,30,11,69,49,7,30,11,-888888888.0,-888888888.0,216,7,289,11,73,0,195,2,21,9,285,280,5,0,5,5,0,0,289,247,247,217,30,0,42,42,10,32,42,0,0,0,42,0,42,42,0,0,0,0,42,0,268,207,61,36,61,36,0,0,0,0,0,0,289,7,0,2,0,2,8,7,0,33,8,0,41,7,0,0,0,0,0,4,0,0,0,0,0,6,0,24,101,93,74
2017,Knox County; Texas,1376,980,393,799,277,68,36,113,80,396,385,210,435,442,2.62,3.21,3603,1376,780,1209,172,66,53,1423,357,817,26,76,147,1459,270,863,49,187,90,38,7,27,54,0,89,35,78,52,6,48,275,12,15,19,52,24,52,872,90,24,497,173,88,2452,234,199,863,536,118,383,119,-888888888.0,-888888888.0,2725,229,3608,692,1028,77,1972,309,608,306,3720,3008,674,198,476,411,65,38,3753,3428,3421,3004,417,7,325,325,100,225,332,7,0,7,325,45,280,325,0,4,1,0,315,5,3460,2680,780,327,756,323,20,0,4,4,0,0,3753,150,0,35,0,37,220,98,8,575,0,0,399,37,0,43,16,15,0,38,46,0,1,15,0,0,9,0,1376,1088,920
2017,McLennan County; Texas,88208,58634,26371,41249,16253,3846,1801,13539,8317,29574,23623,8192,30154,23115,2.68,3.26,236374,88208,41221,74305,16987,15653,4384,94018,35649,45617,1314,2524,8914,101014,32206,44104,2916,9282,12506,2943,1180,33,48,25,81,16,6453,3085,751,48,309,710,660,964,3085,1939,2072,74556,3994,4239,26802,12817,26704,148119,9501,14194,41418,34333,14750,21969,11954,-888888888.0,-888888888.0,184535,15836,241367,31174,60664,2253,148783,16217,31920,12704,242700,193925,47870,32044,15826,11292,4534,905,245720,223986,221462,177338,44124,2524,21734,21734,6426,15308,24258,2524,206,2318,21734,3500,18234,21734,863,2799,866,61,16803,342,228411,184731,43680,22699,38286,20465,2378,616,2394,1305,622,313,245720,16668,833,6577,391,2373,15763,4988,382,33673,253,400,22034,4243,44,1618,2094,128,463,3170,4957,82,1637,1235,522,11,943,192,88208,74837,61796
2017,Cherokee County; Texas,17885,13197,5364,9796,3508,963,449,2438,1407,4688,3938,1789,6270,5758,2.72,3.21,48727,17885,9796,15268,4132,1646,636,20661,6765,10700,337,560,2299,19956,4551,10317,448,2224,2416,654,230,42,60,19,113,26,1397,824,326,48,073,34,161,303,824,499,632,13140,811,816,6017,3318,2178,33664,2814,4173,10506,7577,2499,4229,1866,-888888888.0,-888888888.0,38420,3144,49083,6434,13152,382,27714,3145,8217,2907,51002,45081,5796,2683,3113,2499,614,125,51594,46816,46730,38443,8287,86,4778,4778,1283,3495,4864,86,16,70,4778,616,4162,4778,92,258,12,20,4359,37,47982,38290,9692,4453,9197,4317,206,51,262,58,27,27,51594,7338,51,76,155,665,5283,1131,285,3958,17,50,4945,300,0,106,196,26,108,583,509,21,36,363,61,8,170,134,17885,14362,11918
2017,Concho County; Texas,791,554,148,482,126,15,0,57,22,237,221,90,170,312,3.27,3.97,2587,791,479,860,307,150,0,2373,877,1176,25,68,227,1060,243,492,21,135,169,40,31,107,82,0,308,0,12,6,0,48,095,6,0,0,6,4,6,756,55,33,256,369,43,2868,655,463,810,539,78,237,86,-888888888.0,-888888888.0,3315,219,2587,225,543,8,1431,54,613,163,3846,3305,407,5,402,258,144,134,3858,2624,2605,2270,335,19,1234,1234,33,1201,1253,19,0,19,1234,256,978,1234,0,58,15,0,1161,0,3754,2506,1248,860,1182,835,23,0,38,25,5,0,3858,91,0,62,15,21,295,38,0,393,0,0,189,50,0,0,0,0,0,46,35,3,11,2,0,0,2,10,791,598,552
2017,Delta County; Texas,2035,1414,532,1113,376,70,38,231,118,621,564,259,589,721,2.51,3.08,5099,2035,1114,1524,300,126,75,2098,600,1178,22,60,238,2115,389,1232,21,246,227,96,47,106,95,27,255,0,80,62,27,48,119,15,0,20,62,49,32,1176,78,78,518,332,170,3591,147,387,1256,979,198,454,170,-888888888.0,-888888888.0,4001,471,5099,980,1171,29,2968,538,960,413,5123,4286,837,371,466,412,54,0,5172,5094,5031,3844,1187,63,78,78,36,42,141,63,0,63,78,0,78,78,12,38,2,0,26,0,4848,4662,186,14,139,11,12,3,21,0,14,0,5172,901,0,63,30,166,441,53,0,587,0,6,614,53,0,12,42,9,6,66,52,0,0,0,0,0,36,10,2035,1643,1317
2017,Edwards County; Texas,634,404,74,349,61,27,13,28,0,230,223,188,90,396,3.31,4.44,2100,634,401,751,237,77,24,805,233,425,14,22,111,1049,327,477,0,200,45,0,0,0,0,0,0,0,20,6,0,48,137,6,0,0,6,2,6,205,45,12,100,48,0,1605,298,104,474,284,114,308,23,-888888888.0,-888888888.0,1796,221,2100,687,315,0,1185,366,600,321,2111,2050,60,6,54,53,1,1,2111,1934,1922,1498,424,12,177,177,146,31,189,12,0,12,177,1,176,177,10,0,0,0,89,78,2006,1120,886,98,876,88,10,10,0,0,0,0,2111,140,0,0,10,0,220,13,0,256,0,0,153,0,0,0,13,0,1,57,67,0,0,25,3,0,0,0,634,364,278
2017,Eastland County; Texas,6437,3672,969,2907,781,142,62,623,126,2765,2582,1043,1206,2486,2.69,3.76,17288,6437,2955,5555,1611,730,129,7584,2785,3006,134,259,1400,7523,1569,3415,118,1010,1411,104,28,14,30,12,67,2,547,219,24,48,133,22,5,168,219,158,183,3885,168,267,1678,717,1055,12529,818,1317,4366,3448,986,1032,562,-888888888.0,-888888888.0,14519,1153,18001,3660,3750,46,10444,2010,3807,1604,18036,15622,2353,919,1434,1217,217,61,18278,17566,17511,14557,2954,55,712,712,279,433,767,55,7,48,712,58,654,712,29,38,42,7,596,0,17320,15621,1699,823,1580,823,58,0,44,0,17,0,18278,2146,0,33,19,185,1393,166,11,1638,6,0,1281,210,0,176,198,0,0,275,265,0,15,63,48,5,21,4,6437,4427,3671
2017,Jones County; Texas,5635,3968,1426,3039,922,299,145,630,359,1667,1410,739,1846,1976,2.25,2.65,12687,5635,3021,2870,666,495,365,11188,4894,3865,636,285,1508,5886,923,3683,100,570,610,240,103,90,83,113,170,11,427,342,18,48,253,83,6,235,342,218,259,3514,102,304,1500,1168,440,14706,817,2479,5864,3422,521,1315,288,-888888888.0,-888888888.0,16422,1488,12740,2734,3514,170,6489,1403,2737,1161,19715,14799,4916,793,4123,4013,110,0,19969,19337,19135,15930,3205,202,632,632,137,495,834,202,0,202,632,26,606,632,8,53,8,0,559,4,19063,15336,3727,1034,3487,1000,112,0,67,34,61,0,19969,1246,0,20,18,284,848,310,1,1867,15,0,1717,91,31,84,32,19,15,117,371,0,174,217,15,9,121,131,5635,4642,3556
2017,Jeff Davis County; Texas,1007,593,130,576,127,4,0,13,3,414,362,109,158,444,2.16,2.86,2173,1007,563,410,131,62,47,882,139,580,6,34,123,1018,145,602,62,132,77,0,0,0,0,0,0,0,98,45,0,48,243,0,0,45,45,21,45,440,50,13,190,143,44,1768,207,153,260,430,76,326,316,-888888888.0,-888888888.0,1828,212,2173,394,353,15,1122,141,698,238,2236,2012,196,39,157,80,77,28,2236,1736,1701,1086,615,35,500,500,108,392,535,35,0,35,500,52,448,500,14,20,0,0,466,0,2180,1295,885,416,858,409,3,0,20,3,4,4,2236,253,0,38,13,25,283,48,0,208,0,0,248,38,0,21,3,0,0,115,89,0,0,0,15,0,5,4,1007,893,668
2017,Jim Hogg County; Texas,1587,1130,426,771,214,46,31,313,181,457,425,273,535,693,3.30,4.09,5235,1587,812,1909,771,156,90,1936,852,830,33,13,208,2074,693,835,82,222,242,140,115,183,143,85,248,64,232,142,0,48,247,13,46,83,142,73,97,1452,91,53,733,386,189,3190,363,543,1056,675,193,279,81,-888888888.0,-888888888.0,3695,185,5235,1427,1567,259,2689,556,979,612,5159,4619,540,304,236,235,1,0,5262,4963,4920,4717,203,43,299,299,49,250,342,43,0,43,299,101,198,299,0,0,0,0,299,0,4906,1429,3477,760,3452,735,25,25,0,0,0,0,5262,21,0,0,0,0,0,0,15,70,0,0,144,40,0,0,0,0,0,0,0,0,0,0,0,0,0,0,1587,1012,772
2017,Jim Wells County; Texas,13614,10080,4466,6611,2734,797,477,2672,1255,3534,3081,1287,5384,4062,3.00,3.52,40880,13614,6544,14502,4403,1817,826,15258,5651,7450,247,465,1445,16304,4462,7457,597,1952,1836,771,455,90,81,47,161,16,1608,549,107,48,249,245,53,144,549,317,412,10807,856,677,4987,2873,1414,25713,2838,4108,9328,5071,1470,2246,652,-888888888.0,-888888888.0,29618,2032,40901,6538,11700,505,23586,2939,5615,3094,40743,36393,4049,2669,1380,1259,121,301,41318,38986,38860,36732,2128,126,2332,2332,886,1446,2458,126,0,126,2332,400,1932,2332,71,208,6,35,1978,34,38051,20256,17795,4612,17450,4493,315,119,13,0,17,0,41318,806,0,103,20,269,938,221,17,3417,0,0,1350,22,0,90,86,15,9,167,173,0,19,6,0,0,6,0,13614,8732,7226
2017,Montgomery County; Texas,186861,139465,67509,112142,51517,7943,4341,19380,11651,47396,39541,14127,73338,45519,2.85,3.32,531857,186861,112073,177089,34767,21067,8477,204736,57904,121724,3208,4321,17579,212319,50473,116796,4654,16319,24077,7716,2315,40,61,11,123,24,11261,4459,837,48,339,1390,323,1909,4459,2703,3238,141480,9918,7489,65390,33440,25243,348041,17209,25967,83779,78866,24857,77686,39677,-888888888.0,-888888888.0,392218,30566,532016,54942,142636,5319,324521,27841,64859,21782,527830,447990,75879,37718,38161,25388,12773,3961,535187,465462,457003,292564,164439,8459,69725,69725,24544,45181,78184,8459,2075,6384,69725,12393,57332,69725,6741,10994,1562,465,48012,1951,498539,393598,104941,38995,87988,34979,8351,1198,7414,2630,1188,188,535187,35896,2016,4653,1149,6631,56643,19390,2885,82308,1874,1069,54783,18495,320,3315,12553,755,1972,7331,10938,365,2480,4524,1241,695,2309,1403,186861,172959,158901
2017,Dallam County; Texas,2432,1776,795,1347,578,163,91,266,126,656,536,214,868,561,2.95,3.46,7163,2432,1281,2703,390,357,210,2844,1098,1460,29,62,195,2486,596,1301,120,221,248,130,25,41,83,137,149,1,111,73,29,48,111,25,4,15,73,36,51,1857,114,94,982,444,223,4378,714,677,1279,983,184,367,174,-888888888.0,-888888888.0,4999,365,7168,942,2208,32,4185,548,775,362,7055,5697,1338,752,586,336,250,20,7207,5599,5558,3409,2149,41,1608,1608,383,1225,1649,41,0,41,1608,753,855,1608,22,35,27,0,1519,5,6534,4006,2528,1212,2038,841,467,368,23,3,0,0,7207,383,0,21,0,81,266,106,0,1683,0,18,351,16,0,43,37,0,44,154,105,9,18,14,0,23,5,0,2432,2025,1658
2017,Dimmit County; Texas,3476,2294,1104,1383,554,202,139,709,411,1182,1105,441,1302,1124,3.08,3.94,10697,3476,1405,4548,786,482,258,3917,1527,1596,57,117,620,4171,1479,1603,146,377,566,85,64,41,35,32,79,0,429,363,0,48,127,178,0,185,363,203,351,3073,210,180,1390,1027,266,6561,1595,749,2015,1382,159,400,261,-888888888.0,-888888888.0,7563,341,10713,2341,3259,241,5916,1192,1538,908,10712,9857,840,363,477,445,32,15,10822,10123,10062,8598,1464,61,699,699,315,384,760,61,0,61,699,16,683,699,3,21,0,0,675,0,9771,3450,6321,1460,6293,1460,0,0,21,0,7,0,10822,6,0,0,0,283,222,33,0,298,0,0,75,0,0,0,0,0,0,29,72,0,0,0,72,0,0,0,3476,2342,1991
2017,Webb County; Texas,72379,58364,31901,37713,20667,4619,2065,16032,9169,14015,12088,4561,38394,16968,3.68,4.20,266436,72379,37714,111210,37680,7453,3732,92664,35430,47032,2254,1766,6182,100356,34630,42698,5044,7802,10182,4352,1869,49,63,20,124,19,13485,4741,864,48,479,729,905,2243,4741,2578,3786,88808,5594,5211,41381,19636,16986,147331,28699,20425,39615,23558,9367,18078,7589,-888888888.0,-888888888.0,178179,5414,267399,31240,91325,4878,152822,14450,23252,11912,264486,235444,25945,22358,3587,2355,1232,3097,269624,197665,193525,180152,13373,4140,71959,71959,20317,51642,76099,4140,800,3340,71959,11536,60423,71959,282,1183,82,0,70337,75,242931,22891,220040,83953,218616,83436,471,146,895,371,58,0,269624,2796,186,18,13,119,1072,655,84,2076,190,1,1398,987,0,130,299,52,24,169,327,0,71,118,0,25,14,282,72379,52527,41602
2017,Fort Bend County; Texas,222331,182543,95202,146254,76406,9050,4056,27239,14740,39788,33556,10258,104009,46754,3.17,3.55,705630,222331,146222,259978,59487,17612,7547,265567,80935,161610,3013,3572,16437,281847,73893,158510,6044,17559,25841,8873,1660,21,49,9,98,24,22116,5957,667,48,157,1265,1488,2537,5957,3651,4409,216477,14318,11387,94280,45824,50668,453117,23199,23366,77798,88968,32651,129438,77697,-888888888.0,-888888888.0,512219,26736,706155,54604,198753,7242,439123,25982,68279,21380,703577,614466,78388,34761,43627,30650,12977,10723,711421,514728,503176,344028,159148,11552,196693,196693,106151,90542,208245,11552,2740,8812,196693,36346,160347,196693,9736,99115,17273,959,65916,3694,661564,407776,253788,85707,117429,40752,51103,12461,69335,28896,15921,3598,711421,25088,7413,10012,1265,3408,34299,11977,1983,58184,1296,1201,30977,15007,312,3056,9126,1694,4120,4717,7225,471,23995,3442,703,656,2201,4872,222331,212633,201840
2017,Armstrong County; Texas,702,540,216,490,181,8,0,42,35,162,136,90,218,243,2.65,2.98,1861,702,490,550,30,89,16,804,167,510,12,17,98,797,122,502,19,87,67,7,0,0,20,0,71,0,2,2,0,48,011,0,2,0,2,2,0,386,32,20,183,85,66,1400,56,85,345,422,162,237,93,-888888888.0,-888888888.0,1512,158,1861,250,417,34,1089,70,355,146,1920,1782,138,28,110,97,13,0,1929,1890,1884,1441,443,6,39,39,28,11,45,6,0,6,39,0,39,39,4,0,5,0,30,0,1826,1645,181,22,162,22,19,0,0,0,0,0,1929,105,0,3,3,60,177,56,2,197,0,0,251,6,0,3,23,0,0,57,39,0,0,35,0,0,2,0,702,618,513
2017,Castro County; Texas,2462,1779,697,1359,479,143,24,277,194,683,587,257,883,779,3.17,3.79,7798,2462,1357,2926,683,370,91,2970,968,1486,19,165,332,2915,760,1413,37,246,459,85,16,17,50,27,105,0,365,63,3,48,069,33,3,24,63,14,60,2197,79,227,1105,512,274,4738,904,408,1504,1069,219,414,220,-888888888.0,-888888888.0,5547,228,7798,862,2344,45,4365,391,1089,426,7781,6842,861,423,438,396,42,78,7891,6334,6314,5496,818,20,1557,1557,388,1169,1577,20,0,20,1557,267,1290,1557,0,49,4,0,1491,13,7251,3578,3673,1467,3571,1407,22,0,42,22,38,38,7891,500,0,0,14,37,398,47,0,854,0,0,364,30,0,5,11,0,5,159,104,0,17,5,0,22,0,0,2462,1963,1576
2017,Irion County; Texas,648,478,147,408,98,31,19,39,30,170,156,51,161,192,2.46,2.92,1592,648,400,476,42,26,11,659,154,432,0,21,52,609,108,394,0,68,39,7,0,0,23,0,68,0,20,0,0,48,235,0,0,0,0,0,0,380,2,12,199,92,75,1051,28,37,427,313,90,95,61,-888888888.0,-888888888.0,1219,108,1588,187,369,0,938,82,281,105,1588,1363,225,3,222,195,27,0,1592,1525,1513,1242,271,12,67,67,60,7,79,12,10,2,67,0,67,67,0,0,6,0,61,0,1514,1257,257,2,257,2,0,0,0,0,0,0,1592,56,0,0,7,76,103,49,0,220,0,0,170,13,0,10,0,0,0,31,51,0,0,0,0,0,16,9,648,571,447
2017,Kleberg County; Texas,10958,6829,3254,4716,2040,743,392,1370,822,4129,3162,1037,3691,2671,2.70,3.36,29567,10958,4666,8905,2533,2505,546,12892,5931,5171,191,223,1376,12223,4630,5130,362,1197,904,297,98,20,37,0,51,32,829,288,79,48,273,10,33,166,288,130,239,11035,638,388,3406,1643,4960,17405,1920,1932,3981,4271,1105,2897,1299,-888888888.0,-888888888.0,23494,1915,30869,4411,7720,501,19335,2202,3814,1708,31169,24657,6291,3578,2713,2065,648,221,31540,29797,29409,25360,4049,388,1743,1743,840,903,2131,388,21,367,1743,468,1275,1743,45,575,113,0,999,11,29359,16988,12371,2501,11836,2392,194,17,278,78,63,14,31540,1532,24,200,29,104,861,190,67,1618,0,53,651,278,25,65,169,0,34,119,134,0,140,81,8,20,58,26,10958,9516,8046
2017,Willacy County; Texas,5737,4689,1966,2958,1119,357,173,1374,674,1048,953,483,2411,1912,3.51,3.91,20134,5737,2951,7870,2835,741,256,9473,4364,4069,347,154,539,7865,2212,3421,446,742,1044,264,108,40,56,0,114,20,710,209,80,48,489,20,24,85,209,138,116,5393,204,309,2516,1524,840,13593,3083,1616,4990,2140,534,930,300,-888888888.0,-888888888.0,16457,746,20143,3415,5382,318,11952,1803,2809,1294,21582,19332,2019,814,1205,1077,128,231,21839,17990,17849,15998,1851,141,3849,3849,1439,2410,3990,141,9,132,3849,263,3586,3849,217,22,0,0,3585,25,20442,8252,12190,4597,12005,4558,155,12,22,22,8,5,21839,714,4,43,0,11,249,136,47,518,6,3,211,100,0,37,8,10,0,81,61,0,27,95,41,0,0,0,5737,3900,2881
2017,Cooke County; Texas,15185,10951,4342,8460,2865,765,370,1726,1107,4234,3358,1542,4985,4771,2.53,2.95,38380,15185,8507,10682,2114,1892,864,15464,4275,8756,272,610,1551,15906,3274,8987,334,1405,1906,473,117,30,57,0,121,11,954,299,61,48,097,67,74,97,299,211,179,9244,773,669,4056,1921,1825,26188,1355,2211,7715,6885,2077,4098,1847,-888888888.0,-888888888.0,29640,2469,38565,5587,9260,424,22568,2755,6737,2408,38704,32226,6415,3341,3074,2335,739,63,39064,35604,35311,26458,8853,293,3460,3460,734,2726,3753,293,4,289,3460,467,2993,3460,668,228,11,79,2438,36,36434,30670,5764,1948,4972,1703,503,24,238,221,51,0,39064,2919,3,192,33,413,3664,810,115,7459,43,84,4647,828,0,306,172,44,188,774,557,15,9,206,49,38,163,133,15185,12810,10966
2017,Crosby County; Texas,2064,1472,646,1048,374,125,91,299,181,592,553,271,744,687,2.81,3.43,5809,2064,1067,1895,616,167,144,2206,676,1206,29,75,220,2332,608,1113,93,245,273,115,66,94,94,13,184,40,244,151,25,48,107,48,21,57,151,96,123,1430,63,107,756,368,136,3723,419,510,1341,780,190,387,96,-888888888.0,-888888888.0,4275,172,5809,951,1620,63,3238,471,951,417,5773,4807,962,491,471,460,11,4,5895,5743,5712,5051,661,31,152,152,51,101,183,31,6,25,152,14,138,152,4,0,4,0,144,0,5479,3737,1742,431,1730,421,8,6,0,0,4,4,5895,522,5,13,17,89,323,42,7,306,16,0,275,59,0,44,51,0,10,77,138,0,0,0,0,0,24,6,2064,1620,1248
2017,Dawson County; Texas,4339,2958,1262,2153,839,153,45,652,378,1381,1236,498,1398,1345,2.61,3.20,11310,4339,2141,3796,570,464,256,5845,2326,2645,186,162,526,4488,1210,2188,96,571,423,172,90,70,68,0,163,0,227,113,14,48,115,0,3,96,113,78,90,3300,195,213,1552,900,440,8404,1068,1236,3029,1713,289,771,298,-888888888.0,-888888888.0,9840,463,11336,2043,3250,250,6267,1031,1819,762,12993,10099,2829,1450,1379,1085,294,65,13095,12134,12090,10530,1560,44,961,961,268,693,1005,44,3,41,961,84,877,961,18,78,0,0,830,35,12193,7559,4634,1329,4371,1199,157,77,70,53,36,0,13095,735,0,57,10,116,658,206,0,795,0,0,789,98,9,26,10,0,12,53,67,0,35,143,0,9,55,25,4339,3386,2653
2017,Fisher County; Texas,1696,1043,372,896,315,28,14,119,43,653,575,303,412,670,2.26,2.91,3836,1696,922,916,152,150,97,1595,386,941,27,51,190,1641,306,909,74,245,107,76,5,15,99,36,235,0,68,35,10,48,151,17,2,6,35,26,23,712,22,51,318,239,82,2743,260,200,855,699,236,368,125,-888888888.0,-888888888.0,3070,290,3853,684,805,57,2138,242,910,385,3803,3414,384,199,185,159,26,5,3875,3672,3639,3179,460,33,203,203,40,163,236,33,0,33,203,96,107,203,8,4,0,0,191,0,3639,2882,757,264,728,260,20,0,9,4,0,0,3875,441,3,0,0,24,292,72,0,352,0,0,412,16,0,20,14,0,0,51,54,0,0,12,0,0,26,8,1696,1316,1110
2017,Duval County; Texas,3845,2731,1178,1629,571,293,133,809,474,1114,877,472,1547,1422,2.84,3.36,10930,3845,1628,3534,1282,641,384,4665,1832,1964,77,206,586,4345,1253,1778,134,573,607,113,31,21,48,0,113,0,491,171,19,48,131,24,15,113,171,92,128,2681,269,157,1427,614,214,7395,1088,1300,2450,1450,466,394,247,-888888888.0,-888888888.0,8556,515,10935,2813,2878,189,6064,1397,1993,1227,11373,9328,2045,1262,783,783,0,0,11434,10794,10726,10314,412,68,640,640,367,273,708,68,0,68,640,68,572,640,5,32,0,0,603,0,10648,4645,6003,1466,5992,1466,11,0,0,0,0,0,11434,91,0,37,0,0,98,79,0,432,0,0,255,118,0,1,5,56,0,15,1,0,0,18,0,0,0,0,3845,2496,2122
2017,Burleson County; Texas,6565,4597,1572,3570,1054,312,148,715,370,1968,1743,831,1845,2419,2.65,3.16,17413,6565,3552,5279,1090,927,354,7017,2081,3701,137,335,763,7298,1568,3951,293,718,768,160,56,32,44,0,80,26,323,104,2,48,051,38,0,64,104,45,83,3655,204,243,1822,871,515,12293,896,1392,5009,2541,638,1129,688,-888888888.0,-888888888.0,13602,1331,17413,2750,3994,260,10002,980,3417,1510,17401,15273,2104,678,1426,1306,120,24,17596,16336,16299,13158,3141,37,1260,1260,447,813,1297,37,0,37,1260,175,1085,1260,119,59,36,0,1040,6,16560,14106,2454,831,2161,781,205,17,88,33,0,0,17596,941,37,1486,6,81,1207,243,14,2632,0,111,1331,258,0,147,238,0,51,225,182,4,71,247,17,24,20,7,6565,4765,4019
2017,Blanco County; Texas,4230,3068,866,2447,605,230,101,391,160,1162,958,494,1041,1607,2.59,3.00,10972,4230,2421,2824,896,601,193,4659,1188,2821,54,173,423,4765,802,2695,143,456,669,126,53,52,62,50,199,0,163,57,22,48,031,29,0,6,57,34,46,2254,91,143,981,472,567,8208,480,345,2470,1944,632,1453,884,-888888888.0,-888888888.0,9019,1163,10978,1982,2067,86,6377,1079,2534,817,10939,9585,1286,517,769,461,308,68,11089,10284,10180,6875,3305,104,805,805,285,520,909,104,0,104,805,136,669,805,76,47,0,0,676,6,10634,9256,1378,462,1214,385,117,35,47,42,0,0,11089,374,2,217,101,159,1546,390,11,3318,140,2,1524,427,0,252,147,67,20,532,265,0,0,170,25,0,240,4,4230,3721,3255
2017,Oldham County; Texas,581,421,166,390,143,8,5,23,18,160,132,67,187,180,2.58,3.03,1499,581,379,349,126,64,26,857,350,414,2,10,81,681,164,415,6,43,53,33,5,34,93,63,187,0,39,37,7,48,359,10,0,20,37,15,37,733,6,18,386,281,42,1159,36,104,337,281,94,227,80,-888888888.0,-888888888.0,1303,63,1526,195,301,1,938,77,287,117,2074,1794,280,38,242,186,56,0,2083,2042,2024,1440,584,18,41,41,27,14,59,18,0,18,41,12,29,41,7,2,7,0,25,0,1967,1739,228,37,220,31,6,6,2,0,0,0,2083,237,7,18,0,31,217,23,1,352,0,0,203,17,2,1,7,0,0,14,45,0,23,17,0,0,11,9,581,494,437
2017,Jasper County; Texas,11974,8165,2789,6271,1913,547,240,1347,636,3809,3555,1619,3193,4379,2.88,3.65,34506,11974,6287,11641,3700,904,267,13688,3876,7189,272,548,1803,14559,3365,7119,323,1857,1895,320,244,60,44,14,95,4,929,341,53,48,241,31,41,216,341,219,238,7534,459,464,3965,1911,735,23929,1040,2335,10719,5390,1662,1653,1130,-888888888.0,-888888888.0,26843,2322,34511,7323,8601,347,19637,3511,6273,3465,35225,30602,4608,2382,2226,1861,365,15,35444,34637,34463,28924,5539,174,807,807,402,405,981,174,67,107,807,59,748,807,60,107,0,0,622,18,33356,31294,2062,453,1635,348,261,22,147,83,19,0,35444,5880,6,44,70,489,3368,1824,391,3364,0,36,2853,258,0,78,145,0,55,380,395,0,83,13,10,0,111,21,11974,9061,6227
2017,Jefferson County; Texas,94020,59674,27034,39723,16091,4631,2211,15320,8732,34346,29729,10471,30972,25187,2.54,3.23,238515,94020,39718,76514,16931,11332,5195,104643,40299,46791,2440,3159,11954,99259,29567,43054,2616,10379,13643,3377,1456,45,60,34,100,24,5794,2929,485,48,245,509,317,1618,2929,1963,2020,59845,3702,3870,26126,12583,13564,168757,12086,15305,55612,41259,12634,21920,9941,-888888888.0,-888888888.0,193967,14977,240730,33358,60345,2838,147021,16403,33364,14117,251331,213707,36739,21315,15424,11239,4185,885,254574,224284,221973,173001,48972,2311,30290,30290,10038,20252,32601,2311,539,1772,30290,4652,25638,30290,592,7296,877,11,21332,182,237098,183251,53847,20634,42277,16206,4205,1066,6130,3085,1235,277,254574,7693,724,564,235,1928,10591,18049,4122,16537,308,308,16713,6207,40,644,847,209,246,2643,2001,71,2343,741,70,80,528,314,94020,73063,62179
2017,Kinney County; Texas,1200,680,141,588,116,47,2,45,23,520,471,294,161,500,2.77,4.01,3327,1200,531,1302,215,79,34,1861,528,923,13,45,352,1155,214,525,53,266,97,0,0,0,0,0,0,0,38,0,0,48,271,0,0,0,0,0,0,818,33,60,407,87,231,2662,329,354,907,645,122,237,68,-888888888.0,-888888888.0,2912,577,3311,410,703,0,1969,201,639,209,3631,2915,559,166,393,232,161,157,3631,2994,2807,2071,736,187,637,637,230,407,824,187,61,126,637,173,464,637,7,0,0,0,630,0,3523,1729,1794,537,1794,537,0,0,0,0,0,0,3631,425,0,26,11,2,103,227,0,622,0,0,437,3,0,0,3,17,11,37,48,0,0,9,30,11,24,0,1200,854,656
2017,Lamb County; Texas,4790,3346,1494,2448,978,224,114,674,402,1444,1274,680,1692,1457,2.75,3.30,13156,4790,2447,4318,915,686,392,5167,1683,2654,63,204,563,5057,1134,2567,176,639,541,154,56,45,57,58,101,10,301,163,58,48,279,66,10,29,163,104,98,3447,101,278,1779,822,467,8451,1255,970,2714,1641,482,945,444,-888888888.0,-888888888.0,9591,441,13156,1899,3777,75,7389,916,1990,908,13218,10865,2304,1227,1077,611,466,49,13368,11985,11893,10085,1808,92,1383,1383,515,868,1475,92,0,92,1383,124,1259,1383,15,44,0,0,1324,0,12401,7563,4838,1341,4773,1333,21,8,44,0,0,0,13368,605,0,63,5,51,653,110,22,973,0,0,778,177,0,29,6,7,5,168,169,0,275,55,12,0,6,17,4790,3797,2920
2017,Lipscomb County; Texas,1276,902,409,707,326,84,38,111,45,374,341,144,458,337,2.70,3.27,3447,1276,687,1069,293,122,51,1388,392,788,29,45,134,1304,213,747,19,177,148,65,15,55,96,76,166,23,74,61,46,48,295,4,3,8,61,38,58,791,42,91,409,189,60,2266,193,229,769,445,204,314,112,-888888888.0,-888888888.0,2540,198,3447,444,955,52,2009,225,483,167,3399,3039,359,181,178,131,47,1,3495,3091,3076,1704,1372,15,404,404,57,347,419,15,10,5,404,61,343,404,4,20,0,0,380,0,3232,2472,760,259,707,259,39,0,14,0,0,0,3495,180,0,56,2,41,421,54,3,723,1,0,362,16,0,7,34,5,13,25,63,2,0,8,22,0,11,3,1276,1102,1012
2017,McCulloch County; Texas,3143,2164,809,1592,454,149,94,423,261,979,873,370,980,1149,2.54,3.04,7991,3143,1549,2324,549,426,254,3262,1029,1662,27,66,478,3299,608,1761,106,355,469,5,0,0,3,0,0,6,254,182,15,48,307,84,51,32,182,95,146,1623,64,185,817,453,104,5832,487,742,1862,1592,217,671,261,-888888888.0,-888888888.0,6210,530,8003,1436,1933,217,4427,578,1643,641,8140,6677,1463,1017,446,403,43,0,8145,7742,7724,6450,1274,18,403,403,196,207,421,18,0,18,403,40,363,403,10,2,0,0,391,0,7664,6149,1515,433,1492,433,21,0,0,0,2,0,8145,689,2,90,0,52,956,167,12,1010,1,0,827,105,0,18,5,7,0,194,120,0,26,116,0,7,20,16,3143,2518,2203
2017,Mason County; Texas,1622,1027,331,822,208,29,27,176,96,595,531,282,368,780,2.53,3.20,4111,1622,821,1292,150,226,49,1809,640,894,5,57,213,1718,310,906,63,169,270,19,11,31,26,0,83,0,17,9,0,48,319,0,0,9,9,6,9,639,28,86,288,237,0,3071,204,140,1057,870,178,424,198,-888888888.0,-888888888.0,3265,308,4111,650,857,40,2186,216,1068,394,4101,3336,765,480,285,194,91,0,4122,3750,3580,3061,519,170,372,372,57,315,542,170,107,63,372,97,275,372,27,22,0,0,319,4,3889,3036,853,274,703,236,47,4,102,34,1,0,4122,118,0,55,0,92,885,159,0,1245,0,4,437,97,0,20,5,0,0,103,225,0,0,16,26,0,45,0,1622,1221,945
2017,Dickens County; Texas,832,541,233,431,157,30,17,80,59,291,270,128,262,315,2.50,3.08,2077,832,446,575,102,122,30,977,283,507,46,36,105,854,98,453,50,125,128,8,5,38,23,0,71,0,71,58,29,48,125,22,0,7,58,43,52,446,28,45,228,121,24,1607,87,230,499,471,76,158,86,-888888888.0,-888888888.0,1736,152,2082,470,488,19,1112,215,482,236,2219,1860,351,188,163,139,24,8,2224,2142,2112,1818,294,30,82,82,10,72,112,30,8,22,82,11,71,82,0,2,1,0,79,0,2110,1748,362,69,341,66,18,0,2,2,1,1,2224,279,0,0,0,4,159,30,3,221,0,13,307,9,0,0,5,0,0,24,51,0,1,9,0,0,7,6,832,675,593
2017,Lee County; Texas,6118,4513,1677,3493,1192,397,165,623,320,1605,1411,598,1901,1875,2.67,3.14,16321,6118,3491,5161,999,552,295,6995,2223,3853,101,181,637,6814,1536,3635,51,765,827,327,260,137,91,294,110,23,248,92,37,48,287,7,9,39,92,66,49,3987,289,152,1880,1065,601,11512,984,1009,4250,2485,753,1414,617,-888888888.0,-888888888.0,13035,1275,16362,2423,3630,87,9989,1220,2743,1116,16667,14366,2270,772,1498,1393,105,31,16850,15437,15259,12667,2592,178,1413,1413,364,1049,1591,178,6,172,1413,59,1354,1413,22,83,3,0,1305,0,15947,12930,3017,1176,2654,1025,213,46,144,99,6,6,16850,817,0,393,12,84,909,321,104,4176,0,0,793,231,0,176,178,12,0,230,380,0,531,222,0,25,0,4,6118,5098,4316
2017,Tarrant County; Texas,689921,481588,238924,346090,161782,38331,18871,97167,58271,208333,170762,50109,266051,145176,2.84,3.42,1959378,689921,345771,661387,160469,101830,40046,743823,258934,382017,13893,16871,72108,793829,236885,375949,20028,53725,107242,30837,11257,42,61,21,107,28,49825,19327,3755,48,439,4401,3471,7700,19327,11907,13371,556646,33673,29772,241374,116524,135303,1263581,86262,97843,301127,292669,92421,264881,128378,-888888888.0,-888888888.0,1447755,108552,1967683,204700,533879,19942,1231899,111949,201905,72809,1955096,1618146,321833,214339,107494,64025,43469,15117,1983675,1665433,1633061,1090643,542418,32372,318242,318242,121032,197210,350614,32372,6139,26233,318242,52240,266002,318242,15592,78569,29987,1773,188737,3584,1840364,1318474,521890,225854,387134,169756,45915,15192,61342,31267,27499,9639,1983675,121263,13968,10913,4625,18044,139268,38605,6525,197600,4051,3642,156897,43723,1608,12721,21289,3079,7007,21349,34641,1084,43347,13822,3051,2047,9351,5617,689921,632606,563081
2017,Anderson County; Texas,16567,11611,4688,8964,3222,890,541,1757,925,4956,4435,2064,5546,5395,2.68,3.23,44335,16567,8960,13227,3675,1906,734,30454,11070,12513,1271,920,4680,17993,3590,9395,391,1975,2642,521,221,47,56,34,110,12,1377,657,113,48,001,163,112,269,657,383,493,12888,658,369,5434,3433,2994,41873,2660,5630,14942,10413,3034,3221,1973,-888888888.0,-888888888.0,46502,4056,44367,5500,11234,221,25756,2740,7377,2539,57275,48643,8443,3143,5300,5019,281,189,57747,53984,53619,43615,10004,365,3763,3763,1167,2596,4128,365,103,262,3763,472,3291,3763,70,261,429,14,2926,63,54789,46306,8483,3224,7737,2982,134,33,275,196,337,13,57747,4484,19,264,24,668,7795,1234,29,5747,141,31,6877,815,8,213,506,51,367,363,1084,20,225,127,32,55,444,101,16567,13141,10637
2017,Ellis County; Texas,54725,43047,19572,34656,14839,2045,1060,6346,3673,11678,9745,4021,22339,13437,2.97,3.36,162288,54725,34672,54635,12393,5863,2485,62165,18184,36903,883,1157,5038,65490,15117,37266,1434,4499,7174,1971,526,29,49,19,103,14,5478,2268,251,48,139,383,284,1350,2268,1324,1929,45559,2335,2359,21303,10236,9326,104692,7244,8631,30158,26968,8549,16526,6616,-888888888.0,-888888888.0,119601,10353,162784,18057,44307,1258,99270,9588,19207,7211,162041,140400,21131,12864,8267,6851,1416,510,164092,150171,148938,115501,33437,1233,13921,13921,5016,8905,15154,1233,272,961,13921,1708,12213,13921,512,931,328,35,11861,254,153129,124793,28336,12053,26447,11485,841,229,589,222,459,117,164092,12756,355,2763,368,2087,14680,3162,552,18714,268,264,16523,3200,58,1171,1374,143,576,1728,3361,39,899,1267,287,71,815,107,54725,49803,44346
2017,Jackson County; Texas,5232,3667,1357,2912,1040,157,77,598,240,1565,1331,635,1587,1630,2.77,3.35,14510,5232,2921,4785,924,648,137,5711,1384,3290,173,226,638,5821,1523,2993,110,701,494,105,69,44,34,0,88,0,329,153,41,48,239,76,7,29,153,76,135,3565,308,113,1845,788,511,9757,454,1040,3207,2593,680,1301,482,-888888888.0,-888888888.0,10946,930,14510,2565,3804,189,8419,1230,2287,1146,14563,12544,2003,1140,863,734,129,16,14756,13706,13625,11859,1766,81,1050,1050,180,870,1131,81,0,81,1050,60,990,1050,4,42,67,0,911,26,13710,10781,2929,679,2818,658,66,7,44,14,1,0,14756,647,31,1454,38,160,1008,494,21,2943,0,0,2025,169,0,34,170,0,13,151,74,0,31,162,3,0,22,38,5232,4239,3394
2017,Kerr County; Texas,20580,13712,4573,10391,2680,896,453,2425,1440,6868,6126,3532,5414,9329,2.38,2.89,48942,20580,10407,12294,3267,2394,1041,20379,5514,11406,231,1003,2225,22275,4373,11128,455,3014,3305,694,206,40,73,0,145,21,1230,588,109,48,265,71,238,170,588,296,498,10019,668,528,4429,2321,2073,36657,1898,2472,10109,10166,2513,6047,3452,-888888888.0,-888888888.0,40820,5263,49833,9587,9765,632,26984,4162,13084,4793,50187,41781,8270,5015,3255,2658,597,136,50761,47212,46769,33368,13401,443,3549,3549,1289,2260,3992,443,20,423,3549,519,3030,3549,355,369,40,10,2616,159,48174,40301,7873,2489,7214,2330,327,45,266,108,66,6,50761,3013,46,188,254,802,5489,1853,172,9811,50,152,6157,917,32,373,728,17,105,1444,1479,12,31,468,143,82,439,60,20580,17210,15412
2017,Milam County; Texas,9437,6239,2565,4752,1754,303,166,1184,645,3198,2915,1465,2798,3307,2.54,3.20,23986,9437,4682,7270,1784,813,446,9644,2752,4935,256,651,1050,9958,2012,5337,229,1120,1260,297,157,67,60,0,115,29,457,232,20,48,331,89,12,111,232,132,156,5799,288,354,2759,1563,835,16592,1038,2006,6211,3538,1306,1860,633,-888888888.0,-888888888.0,18354,1702,23977,4569,6051,256,13411,2326,4515,1987,24241,20993,3182,1327,1855,1608,247,66,24479,23481,23060,19100,3960,421,998,998,323,675,1419,421,74,347,998,93,905,998,59,128,0,14,775,22,22948,19648,3300,822,2959,698,174,16,164,108,3,0,24479,1190,30,936,36,153,1760,535,44,3747,7,20,2332,400,0,133,184,3,13,168,376,0,16,117,5,0,73,0,9437,7251,5819
2017,Comanche County; Texas,5107,3508,1274,2742,885,188,75,578,314,1599,1491,812,1460,2128,2.60,3.18,13274,5107,2750,3800,1101,516,92,5459,1239,3238,95,140,747,5560,1006,2944,67,927,616,161,60,47,62,63,118,21,372,195,70,48,093,40,34,51,195,99,175,2737,160,162,1320,857,238,9415,1146,584,3494,1922,519,1204,546,-888888888.0,-888888888.0,10447,868,13279,2560,3045,120,7118,1013,3116,1427,13314,12161,1034,497,537,478,59,119,13492,12360,12296,10750,1546,64,1132,1132,237,895,1196,64,6,58,1132,172,960,1132,35,76,12,0,1009,0,12714,9910,2804,1183,2687,1153,94,30,17,0,6,0,13492,1402,0,20,0,164,1195,106,0,1416,0,5,1338,59,3,49,84,2,7,132,179,0,30,30,8,0,23,58,5107,3934,3073
2017,Falls County; Texas,5405,3554,1230,2520,810,347,118,687,302,1851,1667,841,1474,2014,2.87,3.67,15534,5405,2527,5222,1746,634,132,6586,2393,2946,213,298,736,7610,2388,3051,311,960,900,168,91,36,39,12,77,5,526,193,9,48,145,25,52,107,193,117,129,3584,220,129,1554,1048,633,11990,1155,1604,4497,2496,792,1148,298,-888888888.0,-888888888.0,13573,1194,15547,3228,3714,236,9029,1699,2804,1293,17128,15119,2000,381,1619,1486,133,9,17289,16295,16175,13597,2578,120,994,994,334,660,1114,120,36,84,994,34,960,994,51,54,0,0,875,14,16246,13344,2902,875,2669,845,201,16,18,12,14,2,17289,1146,5,454,8,126,943,380,7,3004,0,15,1429,283,10,30,290,12,30,219,220,0,33,23,133,0,14,21,5405,3823,2938
2017,Brooks County; Texas,2022,1443,696,764,283,183,120,496,293,579,554,277,814,763,3.31,3.95,6698,2022,761,2949,545,421,216,3002,1477,967,167,101,290,2619,1084,824,105,317,289,172,145,130,111,255,156,14,248,97,37,48,047,22,11,27,97,90,63,1929,158,117,854,467,333,4173,685,647,1175,993,60,412,201,-888888888.0,-888888888.0,5266,230,6709,1065,1985,60,3651,560,1073,445,7139,5210,1671,685,986,693,293,258,7251,6463,6459,6152,307,4,788,788,150,638,792,4,0,4,788,263,525,788,40,13,1,0,734,0,6661,2531,4130,1452,4124,1451,5,0,0,0,1,1,7251,61,0,0,6,6,31,45,0,159,0,6,33,102,0,5,21,9,29,0,12,0,1,0,0,0,0,0,2022,1361,1105
2017,Austin County; Texas,11021,8131,3448,6675,2648,363,193,1093,607,2890,2534,1227,3694,3656,2.63,3.11,29010,11021,6685,8995,1469,840,330,11555,2898,7180,127,290,1060,11909,2162,7248,292,1242,965,244,18,8,40,7,73,24,477,266,112,48,015,4,88,62,266,151,212,6555,248,413,3299,1625,970,19933,1745,1796,5940,4376,1633,3075,1368,-888888888.0,-888888888.0,22212,1577,29021,4197,7049,239,16854,2262,5118,1696,29151,25604,3504,1607,1897,1555,342,43,29292,26190,26172,20950,5222,18,3102,3102,1007,2095,3120,18,0,18,3102,428,2674,3102,166,48,8,4,2863,13,27507,21951,5556,2420,5208,2267,309,119,39,34,0,0,29292,1356,0,2114,40,262,2122,877,88,6489,20,20,2164,565,6,122,731,97,101,458,423,4,375,220,2,0,302,7,11021,9222,7816
2017,Kenedy County; Texas,152,106,50,62,42,6,0,38,8,46,46,21,58,68,3.68,4.75,559,152,67,285,45,10,0,220,96,76,1,0,47,198,38,73,21,44,22,9,0,0,83,0,0,138,11,11,4,48,261,0,0,7,11,7,7,136,0,0,103,28,5,341,88,112,89,22,8,11,11,-888888888.0,-888888888.0,400,0,564,120,164,6,317,35,83,79,555,510,45,38,7,6,1,0,564,400,400,393,7,0,164,164,22,142,164,0,0,0,164,104,60,164,0,1,0,0,163,0,524,114,410,300,409,299,0,0,1,1,0,0,564,37,0,0,0,0,1,4,0,1,0,0,1,22,0,0,1,0,0,0,0,0,0,0,0,0,0,0,152,66,55
2017,Nueces County; Texas,128857,87821,38491,58951,23678,8631,3598,20239,11215,41036,32204,11598,45355,34127,2.72,3.29,350488,128857,58992,108256,34009,20374,9114,138575,50108,66184,2989,3917,15377,145134,42665,65915,4897,13332,18325,5645,2455,52,65,22,110,32,11137,4704,1083,48,355,790,1049,1782,4704,2943,3135,92459,4759,4797,41070,19586,22247,231828,17902,23460,67676,56207,18194,31165,17224,-888888888.0,-888888888.0,266723,27282,353545,49034,89937,4280,216999,25462,46609,19292,353234,288600,63507,40585,22922,15569,7353,1127,358484,328685,324428,265693,58735,4257,29799,29799,11801,17998,34056,4257,680,3577,29799,4807,24992,29799,1750,6084,378,136,20972,479,333843,207662,126181,27157,118181,24770,2520,398,4508,1795,972,194,358484,10530,1196,2820,373,1837,15348,4974,850,28470,972,320,17773,4482,90,1456,2855,141,847,2437,4596,17,2439,1460,412,162,993,399,128857,110416,98048
2017,Colorado County; Texas,7603,5342,1870,4157,1244,277,157,908,469,2261,1996,1045,2063,2736,2.70,3.27,20556,7603,4141,6362,1611,839,322,8281,2532,4634,117,336,662,8506,2194,4281,117,953,961,272,79,33,67,0,141,30,335,193,4,48,089,18,132,39,193,84,182,4365,172,107,2478,1046,562,14213,1285,1265,5189,2757,1029,2137,551,-888888888.0,-888888888.0,16020,1279,20568,2881,4893,256,11724,1364,3951,1261,20542,19296,1199,495,704,503,201,47,20913,18966,18820,16640,2180,146,1947,1947,673,1274,2093,146,15,131,1947,399,1548,1947,38,142,0,0,1754,13,19608,14980,4628,1442,4310,1283,265,159,32,0,21,0,20913,551,0,2190,0,186,960,231,0,5467,4,0,1260,211,15,41,119,0,0,383,198,0,22,73,121,12,45,5,7603,5939,4675
2017,San Patricio County; Texas,23246,17294,7930,12420,5237,1484,591,3390,2102,5952,5042,2269,9157,6564,2.84,3.34,66087,23246,12451,22291,5760,2339,1449,25719,8639,13559,457,780,2284,26009,6081,13550,878,2254,3246,1452,584,79,95,31,188,27,2235,1071,335,48,409,305,91,340,1071,617,876,16513,775,1062,8239,4326,2111,42404,4036,5204,13741,10416,2944,4160,1903,-888888888.0,-888888888.0,48470,4521,66062,9675,18242,846,38695,4503,9125,4326,65808,54861,10653,5329,5324,4151,1173,294,66867,62698,62081,51047,11034,617,4169,4169,1484,2685,4786,617,38,579,4169,581,3588,4169,178,518,38,21,3336,78,61890,38725,23165,5386,22304,5138,468,37,392,210,1,1,66867,2348,128,485,98,517,2639,1040,162,7357,40,22,4645,904,0,209,727,30,251,451,699,0,91,233,23,26,274,152,23246,19993,15575
2017,Rains County; Texas,4333,3061,971,2359,678,263,135,439,158,1272,1144,697,1263,1821,2.58,3.10,11178,4333,2375,2809,1238,423,181,4665,1010,2697,147,151,660,4644,672,2442,64,638,828,107,49,53,53,7,134,0,432,161,0,48,379,49,11,101,161,111,95,2322,187,289,1032,516,298,8196,592,871,3308,1992,549,601,283,-888888888.0,-888888888.0,8882,1139,11180,2098,2364,91,6222,937,2594,1070,11133,9872,1218,538,680,621,59,43,11246,10848,10759,7716,3043,89,398,398,146,252,487,89,0,89,398,75,323,398,50,20,0,0,320,8,10701,9975,726,266,665,266,7,0,54,0,0,0,11246,2326,14,73,13,347,730,190,88,1181,0,22,1071,154,0,18,28,0,0,85,224,0,6,22,0,0,37,33,4333,3515,2919
2017,Randall County; Texas,49118,34000,14764,26465,10678,1982,920,5553,3166,15118,12299,4465,16262,12538,2.61,3.11,128223,49118,26379,38271,7254,7201,2693,50686,15740,28240,528,1302,4876,53545,12853,27494,1233,4714,7251,1470,360,23,47,16,86,15,2416,1426,289,48,381,461,165,511,1426,821,1109,36393,2049,1816,14109,7133,11286,85467,2038,5089,19032,24687,8172,17818,8631,-888888888.0,-888888888.0,98772,8975,129640,15616,31454,1177,80231,7467,17955,6972,129062,105952,22894,11293,11601,8838,2763,216,130552,124020,123171,90422,32749,849,6532,6532,2614,3918,7381,849,112,737,6532,906,5626,6532,392,2083,482,34,3415,126,122073,107415,14658,4172,11562,2838,1134,450,1168,416,794,468,130552,10783,552,686,214,1754,13686,2736,118,19257,123,138,13645,2769,56,695,1275,154,248,2282,3321,17,874,1080,408,18,641,297,49118,45135,41142
2017,Real County; Texas,1123,693,179,487,56,30,22,176,101,430,416,233,244,604,2.89,3.65,3242,1123,519,903,416,281,52,1354,361,628,35,203,127,1504,257,553,4,308,382,57,25,68,102,0,215,75,75,53,0,48,385,7,0,46,53,23,53,574,58,75,170,240,31,2418,286,203,617,608,174,391,139,-888888888.0,-888888888.0,2688,336,3262,811,657,28,1534,168,1071,615,3287,2729,558,219,339,306,33,0,3358,3222,3197,2434,763,25,136,136,27,109,161,25,0,25,136,0,136,136,0,1,0,0,135,0,3129,2748,381,165,368,164,7,0,1,1,5,0,3358,243,0,46,12,87,540,64,0,736,0,30,968,37,0,22,12,66,0,138,161,0,0,91,0,0,37,0,1123,899,669
2017,San Saba County; Texas,2135,1255,488,967,342,151,83,137,63,880,691,356,552,862,2.41,3.13,5148,2135,1013,1352,305,343,155,2473,708,1188,52,44,481,2373,573,1113,76,303,308,44,18,27,38,10,66,5,107,60,0,48,411,7,22,31,60,44,35,1322,85,57,540,495,145,4159,539,561,1240,1071,122,449,177,-888888888.0,-888888888.0,4641,369,5182,758,1176,80,2770,345,1236,333,5775,4752,977,262,715,594,121,46,5851,5153,5137,4542,595,16,698,698,165,533,714,16,0,16,698,89,609,698,6,1,0,0,691,0,5525,4247,1278,678,1264,678,13,0,1,0,0,0,5851,327,0,31,10,88,715,263,0,1074,29,0,596,66,0,26,7,0,32,139,145,0,9,17,0,0,24,15,2135,1575,1364
2017,Schleicher County; Texas,1102,808,333,696,290,0,0,112,43,294,245,112,362,349,2.83,3.43,3122,1102,694,931,335,60,41,1201,266,786,7,21,121,1198,272,718,70,98,40,34,0,0,50,0,125,0,51,51,24,48,413,25,2,0,51,24,49,825,62,54,442,170,97,1963,326,179,415,526,119,305,93,-888888888.0,-888888888.0,2242,77,3122,269,880,0,1739,127,503,142,3105,2849,256,186,70,66,4,0,3122,2657,2647,2291,356,10,465,465,164,301,475,10,0,10,465,5,460,465,0,0,0,0,465,0,2914,1654,1260,311,1254,311,6,0,0,0,0,0,3122,142,0,0,0,20,188,51,2,361,0,0,113,17,0,12,5,0,2,54,22,0,0,10,0,2,0,7,1102,891,697
2017,Sterling County; Texas,462,334,111,218,29,85,59,31,23,128,116,71,120,129,2.38,2.83,1098,462,214,332,65,25,17,438,98,236,42,3,59,420,27,216,13,78,86,7,7,103,34,0,125,0,16,16,5,48,431,0,7,4,16,9,12,194,0,8,130,54,2,779,79,31,351,121,30,103,64,-888888888.0,-888888888.0,810,36,1098,161,329,0,613,94,156,67,1132,1025,107,56,51,51,0,0,1139,1062,1056,828,228,6,77,77,24,53,83,6,0,6,77,0,77,77,4,0,11,0,62,0,1026,737,289,46,289,46,0,0,0,0,0,0,1139,59,11,25,0,3,61,109,0,92,0,0,83,26,0,0,0,0,0,13,0,0,3,8,0,0,0,4,462,393,322
2017,Zavala County; Texas,3536,2570,1104,1437,507,200,116,933,481,966,791,321,1389,1115,3.37,4.11,11926,3536,1456,4861,1663,410,309,4572,2053,1727,205,91,496,4504,1596,1497,400,588,423,131,119,70,49,98,55,23,538,238,100,48,507,35,28,75,238,146,238,3378,227,119,1685,676,671,6946,1358,1403,2074,1091,490,388,142,-888888888.0,-888888888.0,8509,314,11926,3205,3643,651,6669,1570,1614,984,12014,10569,1365,685,680,238,442,80,12152,11263,10972,9418,1554,291,889,889,433,456,1180,291,0,291,889,47,842,889,0,4,0,0,885,0,11145,2720,8425,2616,8396,2609,4,0,0,0,25,7,12152,184,0,7,0,33,119,4,0,282,0,0,166,0,0,0,41,0,0,0,7,0,3,0,0,0,0,5,3536,2294,1544
2017,Calhoun County; Texas,7733,5412,2550,3986,1653,535,240,891,657,2321,2026,769,2830,2367,2.79,3.32,21539,7733,3936,6766,1865,1239,467,8676,2840,4322,261,237,1016,8615,2222,4219,185,872,1117,297,140,53,62,67,102,24,582,161,5,48,057,27,17,112,161,120,86,5103,219,315,2533,1257,779,14444,1325,1494,4705,3429,1148,1587,756,-888888888.0,-888888888.0,16330,1157,21606,3511,5482,168,12655,1744,3469,1599,21542,18791,2598,1648,950,646,304,153,21821,19465,19339,16445,2894,126,2356,2356,826,1530,2482,126,93,33,2356,370,1986,2356,73,919,32,0,1312,20,20361,14550,5811,2250,4735,1575,134,0,927,660,15,15,21821,600,27,935,8,116,1408,364,68,3440,9,9,1861,179,0,12,197,0,17,284,292,0,28,74,9,5,74,5,7733,6791,5818
2017,Carson County; Texas,2292,1612,684,1335,496,52,29,225,159,680,583,316,722,726,2.61,3.12,5976,2292,1358,1896,156,274,90,2290,501,1364,55,93,277,2463,418,1429,9,269,338,85,15,24,63,0,129,26,18,3,0,48,065,0,0,3,3,3,0,1518,88,94,708,388,240,4056,63,218,1155,1022,413,753,432,-888888888.0,-888888888.0,4513,440,5997,603,1520,41,3443,269,1034,293,5975,5268,707,136,571,400,171,0,6033,5906,5880,4380,1500,26,127,127,47,80,153,26,5,21,127,18,109,127,26,37,8,4,47,5,5648,5281,367,40,288,35,66,0,13,5,0,0,6033,394,11,44,7,93,680,106,9,1349,35,26,805,130,0,49,100,0,8,180,101,2,12,29,10,0,24,11,2292,1982,1663
2017,Foard County; Texas,562,364,117,285,87,35,12,44,18,198,182,107,146,249,2.45,3.11,1377,562,286,404,79,46,22,663,182,368,11,44,58,524,119,277,7,86,35,8,8,68,38,286,0,0,19,12,12,48,155,0,0,0,12,4,0,316,13,0,161,93,49,1040,75,159,334,225,73,133,41,-888888888.0,-888888888.0,1133,89,1377,313,281,0,755,116,341,197,1405,1262,143,61,82,70,12,0,1414,1346,1328,1091,237,18,68,68,31,37,86,18,0,18,68,0,68,68,0,0,0,0,68,0,1365,1133,232,86,232,86,0,0,0,0,0,0,1414,124,0,30,0,32,87,0,0,181,0,0,205,1,0,0,0,0,0,13,42,0,0,10,0,0,2,19,562,463,383
2017,Freestone County; Texas,7232,5324,2106,3909,1432,464,239,951,435,1908,1745,932,2383,2525,2.49,2.91,18004,7232,3885,5229,1051,607,314,8361,2442,4497,268,306,848,7602,1480,4027,178,977,940,177,83,46,47,0,122,0,424,192,30,48,161,13,37,112,192,132,119,4108,200,222,2082,1084,520,13711,766,1732,4812,3462,1332,1200,407,-888888888.0,-888888888.0,15103,1337,17995,3208,4507,184,10016,1466,3472,1558,19478,16429,3027,1139,1888,1709,179,22,19646,18324,18235,15502,2733,89,1322,1322,394,928,1411,89,14,75,1322,193,1129,1322,16,87,61,0,1150,8,18494,16131,2363,930,2190,895,107,20,18,15,48,0,19646,1319,5,208,48,335,1705,540,29,1967,55,12,2013,238,0,96,254,11,16,270,341,0,59,117,0,0,88,13,7232,5784,4943
2017,Goliad County; Texas,2755,2107,723,1704,466,81,47,322,210,648,588,367,771,1078,2.69,3.11,7408,2755,1702,2267,481,203,81,3090,918,1856,6,125,185,3083,599,1745,33,445,261,91,33,49,63,73,137,0,174,88,0,48,175,21,24,43,88,31,59,1634,143,66,692,471,262,5213,290,250,1831,1490,432,603,317,-888888888.0,-888888888.0,5855,643,7385,1434,1618,28,4235,707,1532,699,7404,6849,546,84,462,321,141,9,7510,7345,7301,6304,997,44,165,165,52,113,209,44,0,44,165,1,164,165,32,17,4,0,112,0,7134,6107,1027,220,997,213,15,0,12,7,3,0,7510,281,123,215,0,17,699,323,0,1698,0,4,842,77,0,35,181,0,1,43,52,0,1,62,3,0,17,0,2755,2109,1688
2017,Hamilton County; Texas,3157,2215,702,1800,534,148,46,267,122,942,885,491,796,1309,2.51,2.99,7927,3157,1808,2098,509,355,100,3326,832,1869,91,155,379,3488,610,1973,47,504,354,50,13,19,33,0,96,0,129,75,2,48,193,10,8,55,75,40,44,1677,111,122,726,459,259,5868,398,590,1965,1123,456,982,354,-888888888.0,-888888888.0,6531,594,7976,1876,1675,89,4420,963,1881,824,8181,7462,673,380,293,289,4,46,8220,7898,7874,6455,1419,24,322,322,85,237,346,24,0,24,322,95,227,322,12,31,0,0,279,0,7779,6971,808,356,731,336,49,15,28,5,0,0,8220,670,8,35,11,77,794,209,0,1353,0,21,760,62,7,125,17,6,99,148,339,0,0,31,0,0,12,17,3157,2444,2009
2017,Hardeman County; Texas,1533,1002,353,853,286,8,2,141,65,531,477,252,418,582,2.58,3.27,3954,1533,872,943,458,148,48,1538,311,908,80,27,212,1670,338,871,30,255,176,58,7,17,70,0,96,67,156,116,0,48,197,2,48,66,116,58,102,883,52,36,533,163,99,2797,252,378,950,656,157,301,103,-888888888.0,-888888888.0,3089,256,3979,891,901,49,2279,515,799,327,3928,3511,398,160,238,197,41,19,3990,3714,3702,2983,719,12,276,276,19,257,288,12,0,12,276,99,177,276,2,0,0,0,274,0,3815,3246,569,288,558,288,5,0,0,0,6,0,3990,168,23,0,4,32,253,92,4,440,0,0,592,49,0,25,13,0,0,6,87,0,25,7,5,0,6,14,1533,1227,986
2017,Mitchell County; Texas,2639,1899,699,1532,471,101,30,266,198,740,567,248,786,818,2.41,2.81,6353,2639,1506,1657,278,273,111,4673,2010,1857,165,99,542,2636,347,1643,100,292,254,36,26,72,27,0,61,0,169,148,66,48,335,0,30,52,148,71,136,2048,129,166,842,655,256,5961,666,799,2180,1209,402,545,160,-888888888.0,-888888888.0,7098,445,6353,1121,1676,74,3535,546,1142,501,8722,6337,2351,796,1555,1326,229,34,8774,8286,8266,6602,1664,20,488,488,45,443,508,20,0,20,488,25,463,488,24,8,0,0,455,1,8315,6233,2082,602,2066,602,5,0,10,0,1,0,8774,623,0,11,16,80,267,113,0,670,0,0,479,73,0,0,85,5,8,57,71,0,68,0,0,0,3,0,2639,2138,1634
2017,Titus County; Texas,10675,8310,3668,5939,2533,845,335,1526,800,2365,2076,939,4371,2981,3.03,3.43,32376,10675,5922,10958,3278,1543,468,12110,4039,6605,146,327,993,12622,3248,6473,400,1108,1393,496,114,31,65,11,131,20,856,393,131,48,449,72,45,145,393,246,212,8897,481,602,4344,2139,1331,19787,2866,2283,5956,4176,1376,2192,938,-888888888.0,-888888888.0,23125,1818,32409,4863,9519,636,18741,2308,4149,1919,32287,29305,2875,1450,1425,945,480,107,32664,26387,25896,21156,4740,491,6277,6277,1658,4619,6768,491,195,296,6277,343,5934,6277,53,216,5,0,5998,5,30152,18326,11826,5550,11522,5399,223,121,63,25,18,5,32664,3903,21,101,0,89,1439,301,35,1253,0,9,1396,145,0,29,134,18,47,323,247,7,266,44,9,42,38,51,10675,8312,6900
2017,Briscoe County; Texas,664,435,166,352,121,9,7,74,38,229,198,137,196,288,2.40,2.91,1591,664,355,420,56,96,28,679,186,370,6,42,75,658,126,377,0,98,57,9,3,22,30,0,86,0,35,10,0,48,045,0,8,2,10,10,0,336,17,18,160,82,59,1136,131,89,347,266,54,197,52,-888888888.0,-888888888.0,1270,88,1591,190,321,0,902,65,368,125,1586,1431,155,62,93,21,72,0,1591,1462,1457,1203,254,5,129,129,41,88,134,5,0,5,129,7,122,129,7,0,1,0,121,0,1524,1148,376,122,369,116,6,6,0,0,1,0,1591,66,0,5,2,15,224,93,0,125,0,0,194,0,0,0,0,12,3,35,62,0,5,33,5,0,0,12,664,502,455
2017,Lavaca County; Texas,7684,5540,2232,4422,1603,340,149,778,480,2144,1992,1084,2380,2893,2.52,3.02,19386,7684,4451,5937,779,535,348,7694,1974,4743,201,232,544,8242,1706,4603,57,1104,772,262,64,34,69,28,130,28,243,114,0,48,285,15,29,70,114,47,92,4734,488,340,2189,1025,692,13710,1001,1110,5743,2600,870,1742,644,-888888888.0,-888888888.0,15181,1324,19394,3387,4678,461,10569,1302,4147,1624,19617,16976,2585,1135,1450,1389,61,56,19859,18860,18790,16885,1905,70,999,999,124,875,1069,70,0,70,999,126,873,999,32,63,0,0,896,8,18677,15447,3230,868,2477,784,693,52,60,32,0,0,19859,796,6,5694,22,98,1145,418,54,6434,4,8,2162,115,0,37,183,0,21,248,228,39,0,76,0,0,97,23,7684,5893,5383
2017,Liberty County; Texas,25974,18902,8191,14621,5879,1177,515,3104,1797,7072,6101,2576,9538,7235,2.81,3.34,73077,25974,14567,23749,5902,2885,1360,30758,9191,16841,868,1018,2840,32269,8836,15064,1587,2984,3798,1171,569,54,59,39,116,10,2181,1299,274,48,291,273,134,618,1299,770,971,18144,1147,1178,9239,4436,2144,52195,4923,7045,20780,11911,2671,3474,1391,-888888888.0,-888888888.0,59530,5107,73111,13267,20334,654,42840,7276,9937,5337,78836,64593,14180,4766,9414,8517,897,63,79884,73886,73218,58312,14906,668,5998,5998,1445,4553,6666,668,44,624,5998,620,5378,5998,121,340,13,0,5478,46,74366,60326,14040,5470,13199,5210,401,77,347,183,93,0,79884,4457,56,834,21,732,6160,4414,135,9620,53,42,9632,2009,83,282,622,105,144,730,1435,0,915,400,4,13,117,71,25974,21235,18858
2017,Terry County; Texas,4142,2987,1264,2010,775,327,94,650,395,1155,1073,540,1598,1400,2.80,3.36,11602,4142,2037,3783,1218,422,165,5254,1926,2242,198,212,676,4540,859,2203,93,621,764,159,79,65,63,9,132,10,481,292,18,48,445,101,63,110,292,171,268,3223,214,229,1612,674,494,8153,1416,1112,2503,1607,470,696,349,-888888888.0,-888888888.0,9279,478,11602,1920,3476,84,6349,800,1777,1036,12654,9806,2806,1455,1351,1142,209,42,12755,11650,11591,10409,1182,59,1105,1105,354,751,1164,59,0,59,1105,145,960,1105,28,2,0,0,1073,2,11724,7339,4385,1507,3850,1292,529,215,0,0,6,0,12755,1237,0,2,3,81,587,79,0,713,0,0,1079,59,0,4,36,0,0,32,186,0,86,128,17,22,6,0,4142,3308,2607
2017,Wise County; Texas,21691,16280,6996,12988,5298,825,373,2467,1325,5411,4388,1931,7898,6184,2.87,3.33,62214,21691,12984,20005,4896,2638,1076,25099,6588,14241,307,842,3121,25083,5006,13887,744,2458,2988,983,385,61,69,13,160,10,1522,665,116,48,497,116,126,307,665,374,615,14891,916,748,7250,3826,2151,42293,2506,3853,14640,10923,3115,5397,1859,-888888888.0,-888888888.0,47348,4771,62217,10230,15880,935,37349,5248,8988,4047,62360,53589,8541,3936,4605,3941,664,230,63247,58508,57775,43973,13802,733,4739,4739,1399,3340,5472,733,89,644,4739,459,4280,4739,327,269,8,0,4012,123,59017,50139,8878,3736,8301,3594,188,35,312,76,77,31,63247,5230,141,160,77,796,4658,564,68,6272,0,70,5896,725,3,537,276,12,137,611,871,0,0,340,38,3,370,47,21691,19208,15755
2017,Loving County; Texas,31,19,3,16,0,0,0,3,3,12,10,7,3,12,2.39,2.47,74,31,18,10,0,15,0,36,10,18,0,3,5,31,3,16,0,4,8,0,0,0,0,-666666666,-666666666,0,0,0,0,48,301,0,0,0,0,0,0,7,0,0,7,0,0,64,0,13,21,22,5,3,0,-888888888.0,-888888888.0,67,3,74,18,7,0,49,12,18,6,74,69,5,0,5,0,5,0,74,66,61,41,20,5,8,8,0,8,13,5,0,5,8,0,8,8,0,0,0,0,8,0,74,62,12,8,12,8,0,0,0,0,0,0,74,0,0,0,0,4,10,0,9,3,0,0,2,0,0,0,0,0,0,0,0,0,0,0,0,0,0,0,31,29,20
2017,Matagorda County; Texas,13811,9143,3700,6721,2292,758,341,1664,1067,4668,4318,1588,4225,3928,2.63,3.33,36318,13811,6747,11727,2838,1195,711,14266,4589,7203,196,633,1645,14585,3466,7434,707,1690,1288,425,200,50,53,10,117,1,963,513,79,48,321,62,34,338,513,341,424,8578,625,707,4258,1873,1115,23972,3179,2217,7891,5440,1718,2547,980,-888888888.0,-888888888.0,27169,2363,36298,5510,9548,430,21218,2633,5532,2447,36291,32703,3487,2275,1212,920,292,101,36744,33166,32844,28202,4642,322,3578,3578,1183,2395,3900,322,52,270,3578,419,3159,3578,38,430,0,0,3104,6,34158,24667,9491,3296,8773,3000,87,13,625,283,6,0,36744,1320,29,1622,62,283,1900,619,125,5311,17,39,3285,471,0,65,253,92,91,732,526,19,40,122,39,9,83,65,13811,10611,8307
2017,Pecos County; Texas,4420,2983,1194,2451,908,198,90,334,196,1437,1331,522,1357,1261,3.09,3.96,13677,4420,2409,4696,1713,439,211,7421,2671,3173,390,225,962,5148,1212,2793,191,539,413,162,50,36,54,78,72,26,380,172,73,48,371,19,24,56,172,85,172,3570,218,190,1720,908,534,10631,1796,1438,3888,2003,481,696,329,-888888888.0,-888888888.0,11973,891,13716,1775,3820,145,8007,840,1889,790,15660,13062,2576,1023,1553,1498,55,22,15804,13350,13101,11170,1931,249,2454,2454,867,1587,2703,249,40,209,2454,223,2231,2454,14,56,0,9,2375,0,14716,6558,8158,2254,7964,2215,96,3,49,36,49,0,15804,340,0,12,48,118,498,137,10,528,15,0,404,148,0,26,21,0,0,114,141,0,67,8,0,0,24,8,4420,3263,2571
2017,Robertson County; Texas,6298,4416,1690,3226,1113,278,220,912,357,1882,1577,669,1986,2087,2.62,3.18,16521,6298,3255,4945,1445,578,282,6487,1908,3335,175,308,761,6880,1583,3553,225,873,646,162,49,28,45,8,99,5,575,395,79,48,395,81,165,70,395,249,303,4082,357,181,1939,866,739,11278,810,1187,4056,2967,562,1170,526,-888888888.0,-888888888.0,12677,795,16522,2427,4045,107,9544,1268,2933,1052,16551,14340,2081,938,1143,1010,133,130,16727,15587,15394,13490,1904,193,1140,1140,330,810,1333,193,68,125,1140,138,1002,1140,16,73,131,0,885,35,15644,13128,2516,879,2208,686,76,8,18,18,214,167,16727,739,94,253,92,91,1293,260,48,1734,6,16,1819,371,0,13,481,72,32,263,191,12,359,154,46,6,42,78,6298,5146,4414
2017,Rockwall County; Texas,30365,24526,12337,20552,10053,973,490,3001,1794,5839,4792,2261,13320,7101,2.96,3.30,89742,30365,20556,31401,4476,2944,1124,34138,9137,22051,160,578,2212,35922,7550,21160,597,2740,3875,1371,197,22,62,4,148,22,2220,702,65,48,397,171,140,326,702,325,499,25829,1248,1248,11992,6218,5123,58304,2157,2660,11851,13735,4598,15356,7947,-888888888.0,-888888888.0,65272,5129,89661,7899,25061,901,54382,4192,10218,2806,89079,77294,11400,3727,7673,5799,1874,385,90414,82311,80686,52747,27939,1625,8103,8103,3742,4361,9728,1625,364,1261,8103,938,7165,8103,818,1652,642,45,4741,205,84757,71235,13522,4454,9957,3392,1319,493,1431,454,815,115,90414,6802,465,1060,99,1518,9685,2681,164,13389,239,264,9949,2699,0,825,1101,67,273,1256,2751,109,985,809,128,133,405,156,30365,28909,27105
2017,Rusk County; Texas,17982,13096,5556,9730,3904,873,389,2493,1263,4886,4214,1979,6564,5739,2.68,3.14,48135,17982,9678,14728,3580,2167,745,22666,7166,11385,468,893,2754,20117,4586,10041,510,2459,2521,697,260,47,64,23,130,18,1740,1146,214,48,401,246,313,373,1146,668,767,11072,687,670,5541,2534,1640,36180,2774,4606,11165,9247,2785,3855,1748,-888888888.0,-888888888.0,40674,3331,48169,7686,12309,1097,27848,3463,8012,3126,52279,42053,10138,2779,7359,6959,400,88,53026,49339,49120,39783,9337,219,3687,3687,1103,2584,3906,219,5,214,3687,303,3384,3687,188,207,5,1,3203,83,49793,43023,6770,2651,6339,2476,345,125,72,50,14,0,53026,6225,2,119,4,686,5015,1905,85,5034,54,3,7276,604,0,174,292,12,51,609,896,24,75,229,17,4,143,288,17982,14155,10677
2017,Taylor County; Texas,49443,32712,13910,23873,8906,2292,1159,6547,3845,16731,12967,4849,15946,12795,2.60,3.15,128676,49443,23816,37952,8649,8816,3188,51841,18382,25923,1175,1267,5094,55233,15807,25721,1847,4970,6888,2070,555,30,62,23,101,22,3199,1878,402,48,441,349,100,1027,1878,1136,1598,37956,2500,1999,14318,6547,12592,82140,4501,5946,24485,20890,6551,13250,6517,-888888888.0,-888888888.0,98331,10854,130082,20667,33314,1519,78751,10891,18017,8257,133490,101540,31032,20034,10998,7364,3634,918,135371,127740,125597,90490,35107,2143,7631,7631,3389,4242,9774,2143,475,1668,7631,1758,5873,7631,725,2094,1144,14,3496,158,125387,104307,21080,5112,16279,3196,2140,521,1823,924,838,471,135371,8762,493,472,171,1545,12090,2374,437,15654,167,178,12761,2506,59,1289,1107,93,159,2495,3054,2,1640,808,51,43,438,420,49443,43105,35377
2017,Throckmorton County; Texas,712,464,154,358,98,25,22,81,34,248,241,136,178,301,2.15,2.64,1528,712,349,331,79,57,31,614,140,383,14,38,39,705,144,354,23,120,64,39,13,73,119,0,256,57,44,27,6,48,447,16,0,5,27,21,15,280,11,6,116,120,27,1116,79,122,338,284,70,178,45,-888888888.0,-888888888.0,1222,107,1530,320,319,3,814,118,397,199,1521,1382,137,49,88,57,31,2,1541,1518,1508,1288,220,10,23,23,13,10,33,10,0,10,23,0,23,23,2,5,0,0,16,0,1453,1253,200,123,198,123,0,0,0,0,2,0,1541,86,0,10,0,10,162,2,0,202,0,0,170,0,0,24,0,0,0,17,20,0,0,5,10,0,3,0,712,539,424
2017,Trinity County; Texas,5934,3947,1026,2880,691,338,38,729,297,1987,1743,867,1357,2653,2.42,2.99,14363,5934,2838,3568,1429,594,263,5717,1341,3133,141,268,834,6295,1077,3136,253,908,921,145,38,28,54,49,117,13,470,315,61,48,455,70,105,79,315,167,267,2701,124,110,1532,584,351,10599,636,1111,4027,2726,856,878,365,-888888888.0,-888888888.0,11537,1525,14363,3942,2943,218,7738,1922,3682,1802,14369,12631,1738,649,1089,898,191,0,14481,13872,13859,11077,2782,13,609,609,166,443,622,13,0,13,609,72,537,609,54,68,0,0,487,0,13822,12762,1060,436,963,402,42,2,55,32,0,0,14481,830,32,51,17,204,2064,420,47,2043,15,2,3288,543,0,87,198,0,0,238,188,0,133,70,22,23,95,0,5934,4567,3359
2017,Walker County; Texas,21294,12366,4842,9273,3238,605,333,2488,1271,8928,6584,2292,5305,5646,2.45,3.10,52159,21294,9404,13475,3151,4835,948,36819,15502,13643,670,844,6160,25058,9633,10325,392,2067,2641,313,27,3,19,0,37,4,986,605,185,48,471,99,31,290,605,400,518,20555,813,680,4445,2632,11985,45996,2965,4595,17216,9452,2452,6546,2770,-888888888.0,-888888888.0,59837,5312,55328,5094,10731,501,36900,2283,7697,2310,70460,57340,12890,4170,8720,7813,907,230,70818,65139,64545,52294,12251,594,5679,5679,1744,3935,6273,594,7,587,5679,1242,4437,5679,210,863,804,21,3675,106,67698,56532,11166,3882,9593,3195,503,165,543,285,527,237,70818,7305,214,422,140,579,10692,2199,204,8679,162,36,5969,1462,25,368,1023,135,135,1102,1411,18,979,252,110,18,288,117,21294,18939,15879
2017,Wood County; Texas,16122,11660,3327,9427,2200,654,382,1579,745,4462,3895,2161,3912,7336,2.59,3.07,41821,16122,9405,11251,3521,1522,688,17887,4509,10045,408,729,2196,18452,3351,9877,443,2370,2411,381,174,43,49,11,87,30,1020,631,99,48,499,102,100,330,631,342,501,8709,310,408,4294,1848,1849,31470,1597,2978,10974,8796,2097,3719,1309,-888888888.0,-888888888.0,34858,4268,42388,9248,8456,580,22650,4101,11282,4567,42917,36700,6080,2352,3728,2881,847,137,43315,41967,41702,29966,11736,265,1348,1348,469,879,1613,265,8,257,1348,172,1176,1348,118,54,6,0,1135,35,41238,38302,2936,1101,2771,1081,92,6,41,14,32,0,43315,5857,25,178,109,634,4942,902,117,5298,201,64,5186,796,0,179,346,12,90,1089,1420,0,47,266,28,0,132,113,16122,13450,11894
2017,Bandera County; Texas,8278,5694,1655,4714,1110,186,65,794,480,2584,2254,1011,1839,3386,2.51,2.98,20770,8278,4673,5041,1560,1218,439,9016,2088,5024,165,281,1458,9313,1379,5325,216,776,1617,152,69,38,42,0,101,6,321,127,50,48,019,0,0,77,127,77,117,3785,209,289,1704,883,700,16297,661,1465,5060,3853,1383,2588,1287,-888888888.0,-888888888.0,17606,2624,21125,4005,3701,156,12108,1972,5316,1877,21192,17717,3463,1063,2400,2081,319,12,21316,20386,20117,13809,6308,269,930,930,419,511,1199,269,0,269,930,100,830,930,110,47,7,18,691,57,20414,18185,2229,568,2039,490,157,56,33,22,0,0,21316,1040,0,280,113,481,3116,869,114,4531,47,91,2641,894,5,245,728,27,151,633,579,7,8,265,50,8,338,22,8278,7028,5945
2017,Aransas County; Texas,9529,6277,1940,5335,1319,261,217,681,404,3252,2711,1511,2260,4098,2.56,3.08,24392,9529,5367,5928,1748,1820,501,10445,2911,5586,215,305,1428,10530,1697,6028,470,1083,1252,423,46,27,98,40,187,41,710,353,11,48,007,43,36,263,353,223,263,4279,218,209,2238,1135,479,18258,926,2068,5205,5270,1229,2251,1309,-888888888.0,-888888888.0,20119,2645,24416,5075,4709,440,13482,2172,6225,2463,24485,20540,3889,1556,2333,1967,366,56,24832,23401,23038,16248,6790,363,1431,1431,716,715,1794,363,30,333,1431,44,1387,1431,99,413,35,0,825,59,23601,19931,3670,1386,3169,1157,33,19,468,210,0,0,24832,1820,6,389,62,241,2750,1406,228,4572,42,87,2890,559,0,111,544,34,104,120,650,0,22,266,5,33,121,88,9529,8309,7213
2017,Childress County; Texas,2282,1473,624,1142,421,48,23,283,180,809,731,470,738,761,2.52,3.14,5745,2282,1179,1689,283,312,174,3442,1570,1395,44,23,410,2381,369,1209,4,461,338,215,86,143,171,270,280,16,134,101,0,48,075,28,0,73,101,45,101,1221,76,108,711,170,156,4763,346,466,1743,1002,324,581,301,-888888888.0,-888888888.0,5640,383,5745,1145,1424,193,3358,364,963,588,6938,6025,913,204,709,620,89,0,7064,6675,6670,4956,1714,5,389,389,148,241,394,5,0,5,389,69,320,389,2,49,0,0,338,0,6613,5594,1019,293,961,286,9,7,49,0,0,0,7064,683,0,0,0,434,260,160,0,587,0,0,522,93,2,0,343,0,39,161,108,0,0,23,0,17,12,13,2282,1765,1536
2017,Cochran County; Texas,1000,718,302,531,224,30,14,157,64,282,269,153,386,320,2.81,3.44,2814,1000,523,952,279,60,26,1130,351,601,14,49,115,1117,301,540,57,140,79,70,27,83,108,113,123,88,135,105,19,48,079,24,23,39,105,69,84,700,69,43,356,170,62,1820,419,192,539,420,58,125,67,-888888888.0,-888888888.0,2091,78,2899,469,823,22,1638,235,438,212,2877,2378,484,369,115,63,52,15,2932,2475,2434,2158,276,41,457,457,99,358,498,41,12,29,457,133,324,457,3,0,0,0,454,0,2704,1438,1266,567,1216,524,50,43,0,0,0,0,2932,339,0,0,0,7,124,8,13,214,0,0,118,0,2,8,2,0,0,4,21,0,16,1,0,0,0,49,1000,717,563
2017,Coke County; Texas,1574,967,363,780,234,55,41,132,88,607,530,253,421,603,1.99,2.49,3125,1574,781,601,63,106,44,1373,329,819,40,73,112,1367,171,802,14,205,175,22,1,4,39,15,127,0,69,62,18,48,081,0,6,38,62,29,59,719,20,18,385,190,106,2406,151,212,851,538,159,336,159,-888888888.0,-888888888.0,2575,176,3132,560,601,23,1708,171,823,366,3197,2819,374,184,190,176,14,4,3238,3133,3118,2572,546,15,105,105,80,25,120,15,0,15,105,2,103,105,0,5,0,0,100,0,3154,2801,353,151,342,144,6,2,5,5,0,0,3238,249,0,27,0,29,225,115,1,536,0,7,389,8,0,11,13,0,0,52,107,0,2,6,11,0,24,11,1574,1325,1035
2017,Comal County; Texas,47253,35407,14054,28895,10395,1998,1091,4514,2568,11846,9736,4535,15559,15361,2.71,3.11,127971,47253,28898,38457,7481,5882,2587,51225,14029,30851,557,1050,4738,53581,11410,30517,1084,4610,5960,1701,564,43,62,24,122,24,2868,1010,118,48,091,361,210,321,1010,586,835,29302,1261,1433,13773,6994,5841,89549,3488,3496,22607,20716,7023,21295,10924,-888888888.0,-888888888.0,99065,12249,127955,17484,29690,1249,76096,8760,22169,7475,127909,109275,18078,6184,11894,9649,2245,556,129100,120701,118469,78483,39986,2232,8399,8399,3220,5179,10631,2232,120,2112,8399,1412,6987,8399,949,1204,28,53,5759,406,121612,99448,22164,6106,19470,5473,1972,406,648,227,74,0,129100,7368,144,1416,371,1278,15007,4488,512,31765,121,325,12737,4159,121,1912,2870,152,294,1825,3032,39,73,1425,415,125,1408,128,47253,43024,40449
2017,Coryell County; Texas,22424,16295,8560,12499,6181,972,481,2824,1898,6129,5120,2026,9413,4835,2.74,3.24,61431,22424,12534,19709,4200,2564,1114,29951,10941,14059,619,764,3568,30193,7299,15064,1296,2402,4132,1310,361,37,62,31,104,18,1190,723,100,48,099,186,123,314,723,408,641,21127,1559,1047,8165,4556,5800,47102,2222,3340,13417,15731,5151,5159,2082,-888888888.0,-888888888.0,49080,10197,58228,9334,18293,1108,33330,5337,6605,2889,74791,56420,17138,5433,11705,6161,5544,1233,75818,70943,67060,33150,33910,3883,4875,4875,2647,2228,8758,3883,688,3195,4875,610,4265,4875,1269,1188,206,161,2005,46,70389,60296,10093,3135,6776,2188,1794,385,1267,505,256,57,75818,5795,77,205,172,956,4608,1975,292,13355,345,93,9272,2371,57,590,1278,195,213,1077,1466,56,1183,579,114,93,686,503,22424,20146,18542
2017,Hemphill County; Texas,1358,1078,568,886,423,93,72,99,73,280,222,75,606,305,3.03,3.43,4108,1358,916,1527,179,128,65,1483,375,957,37,8,106,1556,340,944,12,84,176,41,6,14,43,86,35,24,62,49,40,48,211,0,0,9,49,27,40,1278,12,77,665,374,150,2488,311,289,631,581,111,482,83,-888888888.0,-888888888.0,2820,148,4101,417,1325,12,2294,312,482,93,4091,3497,594,158,436,169,267,0,4152,3476,3469,2550,919,7,676,676,96,580,683,7,0,7,676,79,597,676,23,6,0,0,639,8,3866,2778,1088,435,1051,435,37,0,0,0,0,0,4152,217,9,0,0,54,378,100,9,347,0,0,390,8,0,7,6,0,22,89,38,0,0,7,11,0,25,0,1358,1222,974
2017,Houston County; Texas,8328,5445,1845,3928,1133,369,127,1148,585,2883,2625,1355,2206,3263,2.36,2.96,19625,8328,3939,5457,1278,623,310,10430,3596,4390,327,473,1644,8773,1914,4300,266,1213,1080,204,75,34,51,33,97,14,446,277,0,48,225,0,43,234,277,220,132,4094,172,220,2058,975,669,16647,946,2119,6164,3718,1290,1830,580,-888888888.0,-888888888.0,18421,1938,19679,3551,4341,192,10965,1505,4373,1854,22660,20825,1788,649,1139,1067,72,47,22849,22012,21865,18372,3493,147,837,837,317,520,984,147,19,128,837,74,763,837,84,79,0,7,656,11,21678,19956,1722,942,1553,883,59,9,90,50,20,0,22849,1094,27,154,24,365,4947,790,51,2415,93,16,3420,183,0,120,217,0,59,151,423,0,52,45,4,5,97,98,8328,6160,4532
2017,Moore County; Texas,6725,5110,2482,3989,1840,358,197,763,445,1615,1369,386,2951,1329,3.25,3.84,21837,6725,3971,7982,2565,594,178,8404,2819,4689,213,230,453,7659,1731,4411,128,494,895,498,188,89,100,110,161,29,806,566,127,48,341,170,105,164,566,285,494,6179,223,422,3181,1494,859,12664,3151,1235,3083,2823,680,1327,365,-888888888.0,-888888888.0,15007,631,21821,2768,6976,432,12802,1424,2043,912,21562,18637,2846,2071,775,653,122,79,22016,16320,16184,12439,3745,136,5696,5696,1436,4260,5832,136,33,103,5696,597,5099,5696,0,1343,192,0,4161,0,20082,10246,9836,4273,8249,3517,67,0,1381,696,139,60,22016,790,36,86,0,236,1100,125,0,2085,0,0,1272,343,0,27,190,0,0,144,178,37,369,100,6,0,144,20,6725,5647,4882
2017,Navarro County; Texas,17326,12931,5767,9241,3504,1177,651,2513,1612,4395,3768,1588,6662,5147,2.73,3.17,47317,17326,9196,15050,3831,1914,901,18288,5429,9913,274,585,2087,19436,4196,10368,394,2112,2366,987,330,64,93,102,167,24,1442,713,136,48,349,214,107,256,713,423,487,11753,536,780,5692,2820,1925,31447,3299,3858,9267,7250,2863,3170,1740,-888888888.0,-888888888.0,35537,2876,47450,8683,12575,905,27308,4228,7567,3550,47304,40370,6864,4415,2449,2073,376,70,48239,42402,42227,34735,7492,175,5837,5837,1358,4479,6012,175,23,152,5837,511,5326,5837,42,192,9,374,5218,2,44782,34292,10490,5006,9743,4631,264,83,427,269,56,23,48239,3545,64,475,69,432,2991,739,28,3933,72,87,4762,570,58,211,292,16,126,501,546,6,42,355,2,53,57,59,17326,14331,11617
2017,Potter County; Texas,43453,28289,13888,18951,8658,2417,966,6921,4264,15164,12977,4229,15839,10055,2.63,3.31,114167,43453,18900,37861,8464,5489,2430,47911,16709,21931,1537,1476,6258,44818,12456,19787,1971,4284,6320,2229,829,57,81,44,124,45,2659,1732,289,48,375,326,404,713,1732,1106,1248,32609,2787,2164,14816,6511,6331,76469,8100,9823,23244,18422,5574,7824,3482,-888888888.0,-888888888.0,87673,6720,114375,13466,33501,785,67720,7252,13154,5429,119054,96062,22154,13090,9064,6940,2124,838,121230,102190,101334,76438,24896,856,19040,19040,5320,13720,19896,856,159,697,19040,3500,15540,19040,370,5207,1514,42,11865,42,111289,75348,35941,15599,28460,10710,469,228,5153,3616,1859,1045,121230,5525,420,122,89,1424,6519,2070,142,11453,121,90,8087,1287,17,388,705,158,398,1390,1318,11,3395,538,160,29,230,251,43453,35576,29179
2017,San Augustine County; Texas,3202,2138,670,1593,466,121,38,424,166,1064,993,561,758,1393,2.54,3.23,8141,3202,1617,2414,732,176,82,3417,1148,1700,21,262,286,3584,792,1814,30,549,399,125,35,42,80,106,139,27,87,43,0,48,405,4,0,39,43,28,35,1499,120,67,688,469,155,6140,434,792,2412,1348,410,531,213,-888888888.0,-888888888.0,6702,705,8152,2061,1701,93,4573,1120,1878,848,8261,7486,667,242,425,368,57,108,8403,8160,8160,6948,1212,0,243,243,58,185,243,0,0,0,243,29,214,243,1,0,0,0,231,11,7933,7418,515,147,476,147,38,0,0,0,1,0,8403,902,0,89,0,70,1289,314,0,985,0,9,826,72,0,7,39,0,83,104,230,0,0,2,11,0,4,0,3202,2131,1790
2017,Scurry County; Texas,5838,3910,1709,3129,1201,245,156,536,352,1928,1726,688,1881,1723,2.65,3.32,15485,5838,3099,5013,943,592,311,7562,2774,3365,262,278,883,6107,1245,3408,154,717,583,270,85,56,81,70,125,36,286,169,89,48,415,41,26,13,169,84,134,4679,338,291,1982,1170,898,11184,1124,1331,3595,2665,610,1258,601,-888888888.0,-888888888.0,12986,747,15835,2446,4360,185,9021,1148,2454,1113,17077,14755,2230,828,1402,1292,110,92,17346,16363,16255,13366,2889,108,983,983,301,682,1091,108,22,86,983,293,690,983,17,26,31,0,909,0,16107,12065,4042,893,3970,878,18,0,30,8,24,7,17346,1106,5,48,3,122,808,199,0,1232,0,0,1229,212,0,19,81,15,42,99,93,0,66,15,0,0,10,141,5838,5096,4253
2017,Shackelford County; Texas,1257,847,338,675,202,51,44,121,92,410,363,181,389,398,2.64,3.22,3317,1257,668,988,227,177,34,1345,384,737,11,59,154,1362,239,758,42,170,153,73,37,117,102,0,298,23,75,9,2,48,417,0,0,7,9,6,5,882,69,44,297,306,166,2232,117,215,563,632,93,449,163,-888888888.0,-888888888.0,2540,215,3322,616,802,12,1914,317,606,287,3304,2940,364,182,182,175,7,0,3348,3266,3249,2896,353,17,82,82,47,35,99,17,0,17,82,1,81,82,0,6,1,0,75,0,3143,2969,174,81,162,75,1,0,10,6,1,0,3348,278,0,10,0,56,307,12,0,462,0,0,266,0,0,22,4,0,0,95,151,0,1,15,0,0,18,7,1257,940,833
2017,Starr County; Texas,16320,13314,6952,8491,4218,689,356,4134,2378,3006,2833,1369,8289,4744,3.85,4.40,62835,16320,8432,27502,9300,1281,664,21984,8607,10647,880,573,1277,23788,7134,10163,1562,2348,2581,894,307,36,57,22,109,18,3010,832,116,48,427,197,111,408,832,611,563,19067,1337,1294,9055,4765,2616,34979,11477,6419,8311,4300,1084,2467,921,-888888888.0,-888888888.0,42323,700,62893,11232,21092,1052,34834,5419,6967,4761,62126,56688,4608,3671,937,832,105,830,63420,43506,42152,39440,2712,1354,19914,19914,5839,14075,21268,1354,152,1202,19914,2389,17525,19914,0,51,0,0,19863,0,56972,2072,54900,29122,54838,29091,3,0,53,25,6,6,63420,448,8,31,0,0,31,65,0,63,0,0,115,135,8,0,60,0,0,12,39,0,0,0,0,0,0,0,16320,12149,8060
2017,Stonewall County; Texas,458,276,79,248,67,9,6,19,6,182,182,90,90,185,2.25,3.04,1031,458,242,235,87,9,5,438,62,295,0,35,46,411,36,241,13,69,52,6,0,0,49,0,105,0,13,9,0,48,433,0,0,9,9,6,6,249,16,0,156,50,27,793,52,76,341,198,27,71,28,-888888888.0,-888888888.0,824,129,1029,219,258,0,516,75,255,144,1071,921,143,92,51,46,5,7,1084,1064,1064,905,159,0,20,20,17,3,20,0,0,0,20,0,20,20,0,0,0,0,20,0,1033,902,131,14,131,14,0,0,0,0,0,0,1084,144,0,0,0,9,125,14,4,119,0,2,168,0,0,0,3,0,0,5,21,0,0,10,0,0,0,0,458,338,281
2017,Upton County; Texas,1308,865,429,693,313,35,22,137,94,443,419,152,442,330,2.68,3.42,3510,1308,687,1245,158,112,72,1348,318,784,9,39,198,1297,272,691,40,137,157,73,20,56,95,0,130,88,14,6,6,48,461,0,0,0,6,6,6,994,127,12,459,243,153,2224,237,248,835,565,92,145,102,-888888888.0,-888888888.0,2498,128,3515,319,1077,21,1981,134,457,164,3510,3214,275,133,142,108,34,21,3575,3227,3219,2870,349,8,348,348,112,236,356,8,4,4,348,30,318,348,15,9,0,0,319,5,3213,2139,1074,262,1069,259,3,3,2,0,0,0,3575,34,0,24,0,36,151,41,5,244,0,0,243,18,0,6,0,0,0,79,81,0,13,19,0,0,6,11,1308,1058,653
2017,Bastrop County; Texas,26015,18997,7625,14709,5671,1334,694,2954,1260,7018,5780,2284,9354,7385,3.00,3.56,78055,26015,14742,24522,9290,3486,1552,32236,10113,17054,734,833,3502,31125,7741,16307,566,2669,3842,1085,237,29,63,22,124,26,2827,969,291,48,021,228,158,292,969,514,816,20072,790,1081,9850,5179,3172,53159,4926,5310,15382,13244,3521,7527,3249,-888888888.0,-888888888.0,59702,7346,78172,11315,20592,909,46948,6515,10632,3891,79168,67899,10973,3757,7216,6000,1216,296,80306,71610,70031,53207,16824,1579,8696,8696,1785,6911,10275,1579,360,1219,8696,728,7968,8696,621,567,102,47,7305,54,75094,53762,21332,7221,19547,6654,1300,436,473,119,12,12,80306,3636,75,1114,299,758,6703,1871,88,11410,13,79,5750,758,33,514,1099,81,242,1139,1756,0,1294,598,539,57,279,269,26015,22665,19967
2017,Brown County; Texas,13835,9417,3681,7525,2667,710,406,1182,608,4418,3836,1957,4349,4818,2.61,3.16,36045,13835,7442,10045,2849,1874,496,15110,4225,8011,416,700,1758,15685,3196,8479,367,1863,1780,349,96,25,43,11,81,18,1268,762,71,48,049,137,218,336,762,357,623,8736,411,447,4058,1966,1854,25710,1719,1980,9749,6208,1485,3183,1386,-888888888.0,-888888888.0,29209,3107,36768,4657,8465,307,21438,1964,6865,2386,37435,34139,3203,1278,1925,1758,167,93,37787,35914,35695,28923,6772,219,1873,1873,537,1336,2092,219,33,186,1873,231,1642,1873,74,160,7,0,1590,42,35673,32864,2809,897,2494,804,55,0,234,93,26,0,37787,2877,50,218,31,373,5370,729,50,4138,62,20,3488,309,0,122,272,28,24,678,655,11,93,177,3,13,45,54,13835,10897,9462
2017,Hall County; Texas,1244,824,307,617,192,39,15,168,100,420,385,184,380,469,2.43,3.09,3029,1244,621,863,236,65,53,1227,319,678,1,83,146,1290,318,645,27,124,176,51,50,136,80,321,7,0,112,97,62,48,191,7,14,14,97,58,76,763,41,7,436,219,60,2079,305,212,609,620,69,167,97,-888888888.0,-888888888.0,2372,177,3039,661,730,98,1652,275,657,288,3084,2549,526,325,201,127,74,9,3102,2768,2748,2293,455,20,334,334,62,272,354,20,2,18,334,14,320,334,2,15,0,0,317,0,2995,2136,859,292,816,277,0,0,43,15,0,0,3102,218,0,3,0,21,176,21,0,304,0,0,223,20,0,12,8,0,0,17,78,0,3,11,41,0,0,0,1244,933,703
2017,Bee County; Texas,8531,6121,2702,4121,1693,519,339,1481,670,2410,2093,876,3168,2553,2.93,3.54,24991,8531,4099,8376,3044,941,480,16896,7471,6202,469,350,2404,9948,2668,4470,347,1145,1318,492,71,23,87,54,125,58,880,307,87,48,025,52,51,117,307,159,268,6908,368,631,3203,1579,1127,22180,2434,3618,7801,4914,1366,1263,784,-888888888.0,-888888888.0,25707,2089,25162,4215,6978,274,14535,2216,3649,1725,32278,26681,5534,1524,4010,3723,287,63,32729,31481,31242,27522,3720,239,1248,1248,466,782,1487,239,6,233,1248,71,1177,1248,44,208,32,0,938,26,30783,19187,11596,1822,11253,1735,191,66,121,21,31,0,32729,799,57,310,16,321,1500,316,21,2894,58,41,1922,269,0,61,169,0,45,156,280,24,1061,24,3,0,49,16,8531,7079,5366
2017,Franklin County; Texas,3931,2748,1037,2267,836,135,31,346,170,1183,1018,564,1116,1434,2.68,3.23,10540,3931,2264,3196,677,472,211,4236,1075,2440,52,183,486,4330,871,2380,47,394,638,97,4,4,43,0,90,22,247,157,63,48,159,88,0,6,157,76,82,2426,158,128,1105,653,382,7185,539,398,2303,2085,437,1031,392,-888888888.0,-888888888.0,8052,874,10535,2114,2582,106,5884,1109,2069,899,10520,9548,968,187,781,603,178,4,10639,9891,9847,7499,2348,44,748,748,120,628,792,44,0,44,748,57,691,748,109,0,0,0,619,20,10027,8763,1264,563,1121,542,117,15,5,0,21,6,10639,1039,21,11,0,190,1205,138,93,1592,30,31,1429,166,0,56,111,0,10,126,198,0,0,172,12,0,74,0,3931,3247,2773
2017,Frio County; Texas,4530,3366,1508,2384,885,278,150,704,473,1164,1096,347,1876,1403,3.52,4.25,15925,4530,2370,6304,2254,467,198,9367,4845,3401,209,134,778,6041,2122,2610,93,601,615,272,129,60,76,6,189,0,795,453,30,48,163,107,12,304,453,269,328,4461,371,316,1778,1303,693,11490,2371,1649,4001,1891,751,648,179,-888888888.0,-888888888.0,14502,694,15933,2914,4376,221,9309,1397,2248,1296,18896,15981,1680,531,1149,1083,66,1235,19110,16211,16101,14412,1689,110,2899,2899,782,2117,3009,110,0,110,2899,1562,1337,2899,10,99,52,0,2738,0,17885,7148,10737,3214,10473,3087,161,55,59,28,44,44,19110,416,0,17,0,85,437,141,0,708,2,10,701,39,0,0,32,122,17,95,45,0,106,0,0,0,45,19,4530,3108,2448
2017,Crane County; Texas,1479,1092,589,845,434,138,91,109,64,387,329,114,629,343,3.20,3.70,4732,1479,815,1780,354,304,79,1858,619,1010,81,35,113,1711,345,871,81,210,204,108,40,90,109,197,170,17,153,28,0,48,103,25,0,3,28,10,8,1448,70,28,754,324,272,2889,469,281,827,749,224,213,126,-888888888.0,-888888888.0,3316,143,4732,326,1515,0,2712,190,505,136,4715,4215,500,255,245,219,26,0,4836,3889,3830,3092,738,59,947,947,356,591,1006,59,0,59,947,109,838,947,9,0,0,0,938,0,4437,2225,2212,818,2212,818,0,0,0,0,0,0,4836,84,0,0,0,11,258,19,0,218,0,0,316,0,0,0,0,0,0,8,38,0,0,15,0,0,0,0,1479,1292,1016
2017,Lampasas County; Texas,7748,5731,2327,4674,1677,311,207,746,443,2017,1771,852,2544,2509,2.61,3.06,20199,7748,4685,5847,1264,655,375,8231,2053,5020,219,218,721,8375,1299,5041,179,812,1044,130,32,18,30,47,62,1,503,294,43,48,281,137,8,106,294,157,294,4995,282,195,2339,1298,881,14175,606,1002,3836,4054,1823,1871,983,-888888888.0,-888888888.0,15422,3173,20019,3530,4800,289,11755,1840,3464,1401,20348,18104,2166,968,1198,775,423,78,20473,19514,18743,11843,6900,771,959,959,403,556,1730,771,69,702,959,62,897,959,177,272,15,101,392,2,19331,17033,2298,656,1728,529,182,35,314,90,74,2,20473,1886,4,213,22,155,1786,567,25,2810,18,23,2625,521,3,269,395,3,71,302,712,0,15,98,10,13,69,19,7748,6616,5431
