year,county_name,employment_status_population_16_years_and_over,employment_status_population_16_years_and_over_in_,employment_status_population_16_years_and_over_in_,employment_status_population_16_years_and_over_in_,employment_status_population_16_years_and_over_in_,employment_status_population_16_years_and_over_in_,employment_status_population_16_years_and_over_not,employment_status_civilian_labor_force,employment_status_civilian_labor_force_unemploymen,employment_status_females_16_years_and_over,employment_status_females_16_years_and_over_in_lab,employment_status_females_16_years_and_over_in_lab,employment_status_females_16_years_and_over_in_lab,employment_status_own_children_of_the_householder_,employment_status_own_children_of_the_householder_,employment_status_own_children_of_the_householder_,employment_status_own_children_of_the_householder_,commuting_to_work_workers_16_years_and_over,commuting_to_work_workers_16_years_and_over_car_tr,commuting_to_work_workers_16_years_and_over_car_tr,commuting_to_work_workers_16_years_and_over_public,commuting_to_work_workers_16_years_and_over_walked,commuting_to_work_workers_16_years_and_over_other_,commuting_to_work_workers_16_years_and_over_worked,commuting_to_work_workers_16_years_and_over_mean_t,occupation_civilian_employed_population_16_years_a,occupation_civilian_employed_population_16_years_a,occupation_civilian_employed_population_16_years_a,occupation_civilian_employed_population_16_years_a,occupation_civilian_employed_population_16_years_a,occupation_civilian_employed_population_16_years_a,industry_civilian_employed_population_16_years_and,industry_civilian_employed_population_16_years_and,industry_civilian_employed_population_16_years_and,industry_civilian_employed_population_16_years_and,industry_civilian_employed_population_16_years_and,industry_civilian_employed_population_16_years_and,industry_civilian_employed_population_16_years_and,industry_civilian_employed_population_16_years_and,industry_civilian_employed_population_16_years_and,industry_civilian_employed_population_16_years_and,industry_civilian_employed_population_16_years_and,industry_civilian_employed_population_16_years_and,industry_civilian_employed_population_16_years_and,industry_civilian_employed_population_16_years_and,state_fips,county_fips,class_of_worker_civilian_employed_population_16_ye,class_of_worker_civilian_employed_population_16_ye,class_of_worker_civilian_employed_population_16_ye,class_of_worker_civilian_employed_population_16_ye,class_of_worker_civilian_employed_population_16_ye,income_and_benefits_in_2018_inflation_adjusted_dol,income_and_benefits_in_2018_inflation_adjusted_dol,income_and_benefits_in_2018_inflation_adjusted_dol,income_and_benefits_in_2018_inflation_adjusted_dol,income_and_benefits_in_2018_inflation_adjusted_dol,income_and_benefits_in_2018_inflation_adjusted_dol,income_and_benefits_in_2018_inflation_adjusted_dol,income_and_benefits_in_2018_inflation_adjusted_dol,income_and_benefits_in_2018_inflation_adjusted_dol,income_and_benefits_in_2018_inflation_adjusted_dol,income_and_benefits_in_2018_inflation_adjusted_dol,income_and_benefits_in_2018_inflation_adjusted_dol,income_and_benefits_in_2018_inflation_adjusted_dol,income_and_benefits_in_2018_inflation_adjusted_dol,income_and_benefits_in_2018_inflation_adjusted_dol,income_and_benefits_in_2018_inflation_adjusted_dol,income_and_benefits_in_2018_inflation_adjusted_dol,income_and_benefits_in_2018_inflation_adjusted_dol,income_and_benefits_in_2018_inflation_adjusted_dol,income_and_benefits_in_2018_inflation_adjusted_dol,income_and_benefits_in_2018_inflation_adjusted_dol,income_and_benefits_in_2018_inflation_adjusted_dol,income_and_benefits_in_2018_inflation_adjusted_dol,income_and_benefits_in_2018_inflation_adjusted_dol,income_and_benefits_in_2018_inflation_adjusted_dol,income_and_benefits_in_2018_inflation_adjusted_dol,income_and_benefits_in_2018_inflation_adjusted_dol,income_and_benefits_in_2018_inflation_adjusted_dol,income_and_benefits_in_2018_inflation_adjusted_dol,income_and_benefits_in_2018_inflation_adjusted_dol,income_and_benefits_in_2018_inflation_adjusted_dol,income_and_benefits_in_2018_inflation_adjusted_dol,income_and_benefits_in_2018_inflation_adjusted_dol,income_and_benefits_in_2018_inflation_adjusted_dol,income_and_benefits_in_2018_inflation_adjusted_dol,income_and_benefits_in_2018_inflation_adjusted_dol,income_and_benefits_in_2018_inflation_adjusted_dol,income_and_benefits_in_2018_inflation_adjusted_dol,income_and_benefits_in_2018_inflation_adjusted_dol,income_and_benefits_in_2018_inflation_adjusted_dol,income_and_benefits_in_2018_inflation_adjusted_dol,income_and_benefits_in_2018_inflation_adjusted_dol,income_and_benefits_in_2018_inflation_adjusted_dol,income_and_benefits_in_2018_inflation_adjusted_dol,health_insurance_coverage_civilian_noninstitutiona,health_insurance_coverage_civilian_noninstitutiona,health_insurance_coverage_civilian_noninstitutiona,health_insurance_coverage_civilian_noninstitutiona,health_insurance_coverage_civilian_noninstitutiona,health_insurance_coverage_civilian_noninstitutiona,health_insurance_coverage_civilian_noninstitutiona,health_insurance_coverage_civilian_noninstitutiona,health_insurance_coverage_civilian_noninstitutiona,health_insurance_coverage_civilian_noninstitutiona,health_insurance_coverage_civilian_noninstitutiona,health_insurance_coverage_civilian_noninstitutiona,health_insurance_coverage_civilian_noninstitutiona,health_insurance_coverage_civilian_noninstitutiona,health_insurance_coverage_civilian_noninstitutiona,health_insurance_coverage_civilian_noninstitutiona,health_insurance_coverage_civilian_noninstitutiona,health_insurance_coverage_civilian_noninstitutiona,health_insurance_coverage_civilian_noninstitutiona,health_insurance_coverage_civilian_noninstitutiona,health_insurance_coverage_civilian_noninstitutiona,health_insurance_coverage_civilian_noninstitutiona,health_insurance_coverage_civilian_noninstitutiona,health_insurance_coverage_civilian_noninstitutiona,percentage_of_families_and_people_whose_income_in_,percentage_of_families_and_people_whose_income_in_,percentage_of_families_and_people_whose_income_in_,percentage_of_families_and_people_whose_income_in_,percentage_of_families_and_people_whose_income_in_,percentage_of_families_and_people_whose_income_in_,percentage_of_families_and_people_whose_income_in_,percentage_of_families_and_people_whose_income_in_,percentage_of_families_and_people_whose_income_in_,percentage_of_families_and_people_whose_income_in_,percentage_of_families_and_people_whose_income_in_,percentage_of_families_and_people_whose_income_in_,percentage_of_families_and_people_whose_income_in_,percentage_of_families_and_people_whose_income_in_,percentage_of_families_and_people_whose_income_in_,percentage_of_families_and_people_whose_income_in_,percentage_of_families_and_people_whose_income_in_,percentage_of_families_and_people_whose_income_in_,percentage_of_families_and_people_whose_income_in_
2018,Greenup County; Kentucky,28998,15264,15264,14012,1252,0,13734,15264,-888888888.0,15100,7233,7233,6667,2176,1528,4700,3344,13737,11880,1331,45,176,40,265,23.1,14012,5276,2199,3317,1342,1878,14012,159,944,1416,257,2235,863,191,665,821,4307,1048,586,520,21,089,14012,11307,2078,608,19,14057,956,837,1689,1755,1893,2705,1313,1896,563,450,49343,66593,9194,69308,6503,20993,3656,21826,1032,10089,281,2419,2087,10084,502,317,788,1091,1367,2278,1110,1687,527,417,59356,77027,26712,3973,24971,37613,29142,51250,39666,35356,33337,23082,16720,2019,8128,329,20298,14027,13000,12017,10428,2054,983,1027,843,495,359,184,6271,5748,2979,3699,523,-888888888.0,-888888888.0,-888888888.0,-888888888.0,-888888888.0,-888888888.0,-888888888.0,-888888888.0,-888888888.0,-888888888.0,-888888888.0,-888888888.0,-888888888.0,-888888888.0,-888888888.0,-888888888.0,-888888888.0,-888888888.0,-888888888.0
2018,Fleming County; Kentucky,11255,6601,6601,6145,456,0,4654,6601,-888888888.0,5754,2887,2887,2730,1224,531,2050,1311,6024,4715,867,0,96,49,297,28.8,6145,1711,785,1191,1061,1397,6145,238,613,1173,74,855,618,46,104,239,1472,235,302,176,21,069,6145,4504,1048,593,0,5888,483,412,896,775,842,1013,718,477,125,147,42213,57177,4263,60395,2184,16232,1148,19164,688,9203,89,1194,1207,4283,180,169,553,553,609,902,615,464,103,135,51601,66640,23482,1605,18630,30493,26741,42051,29020,14479,13048,7750,7468,1431,3678,459,8343,5953,5532,4996,4024,1284,536,421,309,135,178,112,2390,2076,791,1537,314,-888888888.0,-888888888.0,-888888888.0,-888888888.0,-888888888.0,-888888888.0,-888888888.0,-888888888.0,-888888888.0,-888888888.0,-888888888.0,-888888888.0,-888888888.0,-888888888.0,-888888888.0,-888888888.0,-888888888.0,-888888888.0,-888888888.0
2018,Carter County; Kentucky,21923,9522,9509,8769,740,13,12401,9509,-888888888.0,11233,4396,4396,4042,1833,888,3620,1856,8575,6745,1190,15,275,96,254,31.8,8769,2343,1747,1912,1223,1544,8769,301,716,849,106,1007,564,235,344,411,2718,682,361,475,21,043,8769,6561,1558,640,10,9972,1624,921,1422,1261,1334,1548,827,823,153,59,33067,45726,5387,53400,4147,17571,2397,19551,1040,9901,273,2626,2307,6838,632,489,780,932,1029,1216,779,778,153,50,42285,54326,17782,3134,16350,25907,24052,36563,31346,26975,24832,14100,14285,2143,6609,303,15610,8758,8076,7337,6278,1520,739,682,512,173,377,170,6852,5971,2543,3903,881,-888888888.0,-888888888.0,-888888888.0,-888888888.0,-888888888.0,-888888888.0,-888888888.0,-888888888.0,-888888888.0,-888888888.0,-888888888.0,-888888888.0,-888888888.0,-888888888.0,-888888888.0,-888888888.0,-888888888.0,-888888888.0,-888888888.0
2018,Grant County; Kentucky,18707,11095,11082,10685,397,13,7612,11082,-888888888.0,9434,4960,4956,4777,1995,1067,3940,2282,10178,8468,1314,14,79,29,274,31.2,10685,2338,1769,2350,1253,2975,10685,86,779,2200,400,1262,872,132,477,734,1747,1227,313,456,21,081,10685,8912,1461,307,5,8849,577,655,1182,911,1366,1507,1065,1185,264,137,45610,59312,6492,62117,3290,17936,1795,20155,599,9347,227,2441,1439,6610,377,317,545,708,1074,1176,1034,1035,219,125,54770,66321,22073,2239,23730,35513,30283,44311,36174,24490,22969,15539,10727,1521,7235,464,14024,10059,9730,9065,7943,1536,665,329,187,73,114,142,3965,3722,1650,2488,243,-888888888.0,-888888888.0,-888888888.0,-888888888.0,-888888888.0,-888888888.0,-888888888.0,-888888888.0,-888888888.0,-888888888.0,-888888888.0,-888888888.0,-888888888.0,-888888888.0,-888888888.0,-888888888.0,-888888888.0,-888888888.0,-888888888.0
2018,Jefferson County; Kentucky,613949,404780,404378,380718,23660,402,209169,404378,-888888888.0,321443,196897,196816,185487,55047,40283,105846,80290,372989,299727,32948,10337,7362,6462,16153,22.4,380718,142002,60669,86379,23702,67966,380718,1555,18313,44679,10952,42260,29843,7813,30371,38534,88675,39523,17566,10634,21,111,380718,324626,38938,16551,603,310318,22112,15143,31420,30548,44378,56220,37003,40608,16437,16449,54357,76517,240282,77642,97383,18503,60634,25258,18552,9827,6969,2900,38977,185093,7955,4761,12675,14734,23702,34171,26152,32471,14197,14275,70412,94258,31980,125225,35113,47545,32490,49768,41065,758768,716861,529841,288447,41907,180737,4599,464186,371233,350251,324573,291174,42321,25678,20982,16583,6907,10431,4399,92953,86008,44378,50090,6945,-888888888.0,-888888888.0,-888888888.0,-888888888.0,-888888888.0,-888888888.0,-888888888.0,-888888888.0,-888888888.0,-888888888.0,-888888888.0,-888888888.0,-888888888.0,-888888888.0,-888888888.0,-888888888.0,-888888888.0,-888888888.0,-888888888.0
2018,Logan County; Kentucky,21147,11406,11395,10758,637,11,9741,11395,-888888888.0,10885,5019,5019,4761,1883,1152,3806,2569,10658,9310,831,6,122,87,302,23.8,10758,2803,1749,1968,1454,2784,10758,566,708,2950,241,1361,539,109,278,390,1956,618,593,449,21,141,10758,8680,1267,765,46,10565,1033,799,1076,1262,1632,2093,1418,955,143,154,43842,56271,7322,56180,3823,17101,2016,20428,728,8699,171,3298,1345,6962,301,336,514,754,1028,1730,1238,827,123,111,56154,64304,23177,3603,25190,38865,30511,42736,31920,26538,24698,16460,11607,1840,6749,320,15114,10477,9949,9000,8041,1113,949,528,430,126,327,98,4637,4200,1972,2626,437,-888888888.0,-888888888.0,-888888888.0,-888888888.0,-888888888.0,-888888888.0,-888888888.0,-888888888.0,-888888888.0,-888888888.0,-888888888.0,-888888888.0,-888888888.0,-888888888.0,-888888888.0,-888888888.0,-888888888.0,-888888888.0,-888888888.0
2018,Mason County; Kentucky,13636,7488,7472,7067,405,16,6148,7472,-888888888.0,7005,3461,3461,3283,1071,637,2445,1602,7003,5703,803,38,114,50,295,24.4,7067,2181,1100,1495,865,1426,7067,521,560,1173,71,856,618,55,249,345,1556,604,216,243,21,161,7067,5782,903,360,22,6711,750,485,933,814,843,891,753,744,313,185,41415,63281,4471,73158,2515,17197,1203,24484,445,7694,169,2779,1095,4453,210,177,418,519,654,716,605,678,307,169,58093,78009,25658,2258,18983,31831,28700,45587,40096,16842,15524,10341,7588,1318,4119,313,9857,6810,6461,5860,5101,924,601,349,249,97,177,100,3047,2743,1048,1870,304,-888888888.0,-888888888.0,-888888888.0,-888888888.0,-888888888.0,-888888888.0,-888888888.0,-888888888.0,-888888888.0,-888888888.0,-888888888.0,-888888888.0,-888888888.0,-888888888.0,-888888888.0,-888888888.0,-888888888.0,-888888888.0,-888888888.0
2018,Pendleton County; Kentucky,11593,6633,6633,6375,258,0,4960,6633,-888888888.0,5814,3040,3040,2920,845,672,2170,1611,6248,5462,553,22,10,7,194,34.3,6375,1463,827,1512,877,1696,6375,99,631,1094,180,993,677,82,218,475,1126,310,249,241,21,191,6375,5413,669,283,10,5260,400,392,580,551,666,907,774,836,117,37,52620,59575,3881,62505,2060,15983,1138,18760,330,10901,201,6299,791,3869,238,141,236,338,578,702,709,782,115,30,62146,68459,22620,1391,23294,31385,31154,49675,32790,14422,13651,9097,6417,771,3546,91,8743,6143,5896,5515,4688,1005,381,247,211,117,131,36,2600,2366,1007,1586,234,-888888888.0,-888888888.0,-888888888.0,-888888888.0,-888888888.0,-888888888.0,-888888888.0,-888888888.0,-888888888.0,-888888888.0,-888888888.0,-888888888.0,-888888888.0,-888888888.0,-888888888.0,-888888888.0,-888888888.0,-888888888.0,-888888888.0
2018,Robertson County; Kentucky,1807,959,959,916,43,0,848,959,-888888888.0,829,409,409,395,110,58,257,162,908,765,90,0,19,3,31,36.2,916,274,133,177,124,208,916,59,79,244,4,71,40,8,34,63,180,44,16,74,21,201,916,669,212,35,0,902,136,52,136,110,46,215,49,133,9,16,38864,54045,627,59170,343,15378,189,16263,45,8707,22,2673,151,560,55,17,79,63,20,143,42,126,9,6,59231,64580,23467,342,23478,34593,31969,52819,37857,2080,1920,1194,975,160,433,44,1235,902,859,805,710,123,54,43,43,9,34,0,333,276,86,205,57,-888888888.0,-888888888.0,-888888888.0,-888888888.0,-888888888.0,-888888888.0,-888888888.0,-888888888.0,-888888888.0,-888888888.0,-888888888.0,-888888888.0,-888888888.0,-888888888.0,-888888888.0,-888888888.0,-888888888.0,-888888888.0,-888888888.0
2018,Spencer County; Kentucky,14715,10175,10175,9673,502,0,4540,10175,-888888888.0,7203,4642,4642,4410,1105,922,2779,2013,9419,7966,913,5,81,167,287,32.3,9673,3317,1229,1870,1320,1937,9673,148,932,1886,279,978,800,31,631,548,2131,490,485,334,21,215,9673,8046,1198,429,0,6709,314,148,317,595,598,1313,1111,1405,599,309,77738,90035,5573,91682,1887,20556,1142,23173,370,9688,55,2938,363,5469,185,88,200,322,384,1089,1092,1257,547,305,86781,97330,33568,1240,32464,50961,40973,56807,44215,18122,17454,14664,4988,668,4421,32,11457,9252,8836,8466,7975,681,370,416,268,193,75,148,2205,2087,1403,969,118,-888888888.0,-888888888.0,-888888888.0,-888888888.0,-888888888.0,-888888888.0,-888888888.0,-888888888.0,-888888888.0,-888888888.0,-888888888.0,-888888888.0,-888888888.0,-888888888.0,-888888888.0,-888888888.0,-888888888.0,-888888888.0,-888888888.0
2018,Bath County; Kentucky,9482,5117,5115,4750,365,2,4365,5115,-888888888.0,4831,2394,2394,2205,890,629,1893,1079,4545,3710,563,0,87,17,168,27.8,4750,1311,754,920,457,1308,4750,214,346,1079,55,495,299,85,74,346,1027,419,122,189,21,011,4750,3533,699,518,0,4624,505,241,667,493,824,849,445,434,89,77,40837,54937,3100,57376,1820,16603,953,32185,647,8665,70,1677,1071,3386,215,97,345,354,818,676,356,367,81,77,47315,62452,21175,1238,18398,29935,30201,40404,35622,12186,11277,6503,6602,909,3261,253,7017,4762,4443,4050,3351,952,393,319,267,77,207,52,2255,2044,679,1534,211,-888888888.0,-888888888.0,-888888888.0,-888888888.0,-888888888.0,-888888888.0,-888888888.0,-888888888.0,-888888888.0,-888888888.0,-888888888.0,-888888888.0,-888888888.0,-888888888.0,-888888888.0,-888888888.0,-888888888.0,-888888888.0,-888888888.0
2018,Ballard County; Kentucky,6487,3537,3537,3341,196,0,2950,3537,-888888888.0,3280,1646,1646,1577,402,233,1200,823,3297,2944,126,70,12,32,113,24.0,3341,978,552,801,342,668,3341,108,294,479,103,421,216,16,169,272,780,194,150,139,21,007,3341,2738,398,205,0,3085,221,229,370,340,527,512,280,423,125,58,44350,63324,2052,64231,1300,18299,853,25698,267,10650,75,5563,405,2105,79,67,220,191,379,411,235,352,115,56,57292,74914,25571,980,27500,36895,28042,50313,31813,7972,7213,4618,3784,759,1886,143,4526,3288,3122,2779,2351,488,343,166,110,69,66,56,1238,1029,474,667,209,-888888888.0,-888888888.0,-888888888.0,-888888888.0,-888888888.0,-888888888.0,-888888888.0,-888888888.0,-888888888.0,-888888888.0,-888888888.0,-888888888.0,-888888888.0,-888888888.0,-888888888.0,-888888888.0,-888888888.0,-888888888.0,-888888888.0
2018,Boyle County; Kentucky,24668,12973,12973,12357,616,0,11695,12973,-888888888.0,12545,6273,6273,6086,1576,1070,3656,2729,12018,9572,1283,18,451,119,575,21.2,12357,4216,2092,2271,1040,2738,12357,315,694,2253,146,1230,500,221,388,619,3778,1235,523,455,21,021,12357,9787,1811,738,21,10984,722,611,1677,1398,1673,1832,957,1392,322,400,43274,64196,7682,67521,4414,17935,2646,23148,626,9244,260,3181,1594,7267,198,140,933,905,1115,1267,816,1287,243,363,54426,77345,24933,3717,24893,35226,26405,43471,32077,28501,27148,19251,12234,1353,6603,41,16731,11910,11379,10618,9416,1514,761,531,507,254,263,24,4821,4294,2102,2581,527,-888888888.0,-888888888.0,-888888888.0,-888888888.0,-888888888.0,-888888888.0,-888888888.0,-888888888.0,-888888888.0,-888888888.0,-888888888.0,-888888888.0,-888888888.0,-888888888.0,-888888888.0,-888888888.0,-888888888.0,-888888888.0,-888888888.0
2018,Green County; Kentucky,8967,4767,4767,4562,205,0,4200,4767,-888888888.0,4509,2306,2306,2233,677,476,1570,1022,4513,3640,605,9,41,19,199,26.9,4562,976,779,1000,469,1338,4562,120,321,1023,25,688,362,31,190,205,1000,206,157,234,21,087,4562,3479,681,395,7,4466,384,438,633,665,608,793,464,279,88,114,37374,57586,2981,64118,2069,15994,958,18662,543,8980,91,1801,806,2973,114,154,339,389,454,713,381,273,88,68,51825,64296,24098,1493,19595,42570,26300,39041,28368,10898,10372,6471,5538,526,2388,96,6426,4341,4161,3861,3203,748,300,180,159,81,78,21,2085,1976,677,1521,109,-888888888.0,-888888888.0,-888888888.0,-888888888.0,-888888888.0,-888888888.0,-888888888.0,-888888888.0,-888888888.0,-888888888.0,-888888888.0,-888888888.0,-888888888.0,-888888888.0,-888888888.0,-888888888.0,-888888888.0,-888888888.0,-888888888.0
2018,Harlan County; Kentucky,21554,8285,8277,7489,788,8,13269,8277,-888888888.0,11208,3947,3947,3633,1766,770,3645,1593,7239,5845,1026,39,130,15,184,21.7,7489,2103,1640,1621,1028,1097,7489,671,503,424,38,866,422,45,376,469,2499,621,221,334,21,095,7489,5477,1569,440,3,11213,2116,1075,2193,1314,1614,1544,667,450,159,81,26324,38158,5863,43443,5229,16588,2198,18579,1694,8368,407,2045,3439,7707,1189,598,1351,847,1203,1328,584,393,144,70,32426,43550,15834,3506,17479,24696,23150,40035,28814,26659,24941,10760,17426,1718,6500,186,15665,7745,7053,6307,4868,1928,746,692,569,61,511,123,7920,7259,1768,6148,661,-888888888.0,-888888888.0,-888888888.0,-888888888.0,-888888888.0,-888888888.0,-888888888.0,-888888888.0,-888888888.0,-888888888.0,-888888888.0,-888888888.0,-888888888.0,-888888888.0,-888888888.0,-888888888.0,-888888888.0,-888888888.0,-888888888.0
2018,Lincoln County; Kentucky,19331,10467,10467,9763,704,0,8864,10467,-888888888.0,10042,5059,5059,4622,1682,944,3275,1918,9554,7735,1065,35,169,24,526,29.6,9763,2527,2192,1502,1193,2349,9763,198,854,1341,106,1156,680,266,267,595,2412,718,726,444,21,137,9763,7091,1554,1114,4,9706,999,783,1337,1129,1577,1837,1038,767,119,120,39833,50537,6541,55508,3924,16307,2136,16453,763,8613,213,2748,1803,6535,411,337,756,780,1061,1424,846,735,97,88,48300,57484,20212,3171,23343,33102,28083,39986,30498,24214,21934,13872,11221,2280,5934,495,14133,9713,9083,7940,7027,1177,1143,630,437,167,270,193,4420,3971,1641,2657,449,-888888888.0,-888888888.0,-888888888.0,-888888888.0,-888888888.0,-888888888.0,-888888888.0,-888888888.0,-888888888.0,-888888888.0,-888888888.0,-888888888.0,-888888888.0,-888888888.0,-888888888.0,-888888888.0,-888888888.0,-888888888.0,-888888888.0
2018,Monroe County; Kentucky,8546,4689,4689,4397,292,0,3857,4689,-888888888.0,4302,1918,1918,1818,687,433,1505,912,4256,3315,545,24,84,19,269,23.4,4397,1293,484,722,789,1109,4397,520,436,940,149,477,63,36,94,132,885,185,290,190,21,171,4397,3073,596,665,63,4414,571,458,637,573,524,748,345,287,144,127,34167,54800,2907,62851,1928,14218,860,18619,413,8577,52,2860,670,2816,171,155,267,424,350,627,271,287,144,120,50833,69402,23025,1598,16198,28191,25507,32181,32930,10501,9549,5389,5459,952,2491,261,6143,4182,3904,3513,2891,782,391,278,210,21,189,68,1961,1749,648,1221,212,-888888888.0,-888888888.0,-888888888.0,-888888888.0,-888888888.0,-888888888.0,-888888888.0,-888888888.0,-888888888.0,-888888888.0,-888888888.0,-888888888.0,-888888888.0,-888888888.0,-888888888.0,-888888888.0,-888888888.0,-888888888.0,-888888888.0
2018,Ohio County; Kentucky,18794,10637,10594,9628,966,43,8157,10594,-888888888.0,9366,4808,4808,4366,1408,944,3784,2283,9511,8087,1065,32,61,100,166,23.8,9628,2436,1561,2057,1432,2142,9628,640,615,2125,105,1177,436,31,267,484,2100,689,704,255,21,183,9628,7674,1206,748,0,9076,790,603,1050,1214,1493,1672,1049,878,164,163,42826,62337,6432,57081,3657,17937,2066,23173,735,8158,59,2237,1354,6470,415,206,554,900,1169,1278,931,715,153,149,49735,71256,24231,2606,23636,35008,25943,40384,29424,23725,22451,14406,11258,1274,6205,104,13463,9702,8952,8362,7272,1355,590,750,565,137,428,185,3761,3386,1304,2325,375,-888888888.0,-888888888.0,-888888888.0,-888888888.0,-888888888.0,-888888888.0,-888888888.0,-888888888.0,-888888888.0,-888888888.0,-888888888.0,-888888888.0,-888888888.0,-888888888.0,-888888888.0,-888888888.0,-888888888.0,-888888888.0,-888888888.0
2018,Union County; Kentucky,12189,6794,6785,6230,555,9,5395,6785,-888888888.0,5906,2861,2861,2632,905,703,1672,1092,6173,5283,449,22,326,65,28,22.3,6230,1361,1127,1020,1216,1506,6230,904,320,1128,116,667,461,36,113,278,1348,369,228,262,21,225,6230,4575,1282,348,25,5465,400,280,756,769,991,774,592,682,127,94,42844,56945,3897,59060,2008,19064,1193,19541,332,8518,91,6359,723,3590,92,153,350,398,669,651,462,614,113,88,55310,68391,22027,1875,24498,33507,26241,39953,29885,14637,13757,9251,6346,880,3160,57,9274,6286,5769,5340,4758,700,429,517,448,159,289,69,2988,2663,1318,1531,325,-888888888.0,-888888888.0,-888888888.0,-888888888.0,-888888888.0,-888888888.0,-888888888.0,-888888888.0,-888888888.0,-888888888.0,-888888888.0,-888888888.0,-888888888.0,-888888888.0,-888888888.0,-888888888.0,-888888888.0,-888888888.0,-888888888.0
2018,Webster County; Kentucky,10469,5408,5408,5143,265,0,5061,5408,-888888888.0,5357,2477,2477,2335,839,495,1917,1161,4972,4230,499,8,148,11,76,25.1,5143,1393,818,819,781,1332,5143,691,191,1110,183,488,336,34,113,169,1106,284,249,189,21,233,5143,4064,734,339,6,4975,400,486,604,681,769,814,592,458,78,93,40947,55956,3278,61691,1963,17911,1034,20091,381,11771,70,2339,818,3400,132,157,360,413,571,659,491,461,71,85,52068,65932,21880,1575,21214,33053,28154,41987,32153,12809,11897,7717,5892,912,3214,146,7473,4977,4747,4285,3749,645,462,230,178,70,110,52,2496,2263,906,1527,233,-888888888.0,-888888888.0,-888888888.0,-888888888.0,-888888888.0,-888888888.0,-888888888.0,-888888888.0,-888888888.0,-888888888.0,-888888888.0,-888888888.0,-888888888.0,-888888888.0,-888888888.0,-888888888.0,-888888888.0,-888888888.0,-888888888.0
2018,Martin County; Kentucky,9758,3591,3591,3099,492,0,6167,3591,-888888888.0,4254,1522,1522,1367,667,396,1429,887,2909,2432,410,0,40,5,22,33.0,3099,886,572,810,457,374,3099,316,183,85,103,572,84,36,283,62,894,188,68,225,21,159,3099,2243,796,60,0,4112,754,269,694,334,794,622,359,224,48,14,35125,41944,2125,48226,2131,17250,922,17664,831,9834,135,2055,1198,2870,402,143,362,229,616,520,331,205,48,14,43417,49010,15492,1242,15932,23922,24264,42174,26477,10577,9875,4692,6329,702,2504,228,6442,3378,2924,2770,2180,738,154,454,360,35,333,94,3064,2855,610,2470,209,-888888888.0,-888888888.0,-888888888.0,-888888888.0,-888888888.0,-888888888.0,-888888888.0,-888888888.0,-888888888.0,-888888888.0,-888888888.0,-888888888.0,-888888888.0,-888888888.0,-888888888.0,-888888888.0,-888888888.0,-888888888.0,-888888888.0
2018,Garrard County; Kentucky,13826,7947,7947,7471,476,0,5879,7947,-888888888.0,7154,3874,3874,3672,1080,798,2493,1798,7300,6079,668,13,29,88,423,34.3,7471,2259,1337,1467,1109,1299,7471,250,918,1050,196,733,350,130,260,362,2053,495,465,209,21,079,7471,5871,930,662,8,6823,518,274,747,819,1060,1322,1022,687,186,188,49888,64161,4965,60998,2632,18757,1508,23152,440,10409,83,657,1185,5033,282,134,406,533,649,1171,934,600,177,147,62351,69135,25751,1790,27370,45493,30810,43623,35430,17225,15934,10836,7472,1291,4030,131,10270,7447,7028,6213,5430,1024,815,419,363,164,207,56,2823,2534,1276,1505,289,-888888888.0,-888888888.0,-888888888.0,-888888888.0,-888888888.0,-888888888.0,-888888888.0,-888888888.0,-888888888.0,-888888888.0,-888888888.0,-888888888.0,-888888888.0,-888888888.0,-888888888.0,-888888888.0,-888888888.0,-888888888.0,-888888888.0
2018,Campbell County; Kentucky,75215,48911,48901,46679,2222,10,26304,48901,-888888888.0,38778,23825,23825,22789,6165,4410,12423,9614,46011,36781,4495,1043,1383,597,1712,22.5,46679,19394,6900,10861,3538,5986,46679,289,2674,4925,1043,5285,2817,785,4444,5571,11256,3950,1845,1795,21,037,46679,39671,5249,1724,35,36308,2820,1325,3170,3480,4598,6172,4365,6067,2600,1711,59782,79669,28274,84837,10943,17942,7032,23798,1649,9162,743,2616,2971,23188,1085,393,1160,1746,2541,3901,3466,4972,2412,1512,80207,96307,32225,13120,34021,47690,36641,54525,41904,90680,86524,67309,29873,4156,21108,455,56306,45099,43192,40482,37302,4372,2710,1907,1584,776,856,323,11207,10572,6102,5421,635,-888888888.0,-888888888.0,-888888888.0,-888888888.0,-888888888.0,-888888888.0,-888888888.0,-888888888.0,-888888888.0,-888888888.0,-888888888.0,-888888888.0,-888888888.0,-888888888.0,-888888888.0,-888888888.0,-888888888.0,-888888888.0,-888888888.0
2018,Elliott County; Kentucky,6323,1880,1880,1792,88,0,4443,1880,-888888888.0,2641,821,821,814,393,153,775,345,1734,1460,180,4,40,16,34,39.4,1792,531,287,269,419,286,1792,37,204,207,0,160,150,35,16,55,485,149,185,109,21,063,1792,1344,261,176,11,2576,427,165,424,346,310,471,287,125,6,15,33377,43443,1533,52030,1147,16710,605,12858,282,9328,39,2279,806,1968,217,120,289,320,260,409,216,125,6,6,38420,46522,14461,608,15984,31015,25361,44583,35353,6144,5827,2944,3837,317,1469,22,3388,1723,1635,1519,1231,381,116,88,47,36,11,41,1665,1527,562,1125,138,-888888888.0,-888888888.0,-888888888.0,-888888888.0,-888888888.0,-888888888.0,-888888888.0,-888888888.0,-888888888.0,-888888888.0,-888888888.0,-888888888.0,-888888888.0,-888888888.0,-888888888.0,-888888888.0,-888888888.0,-888888888.0,-888888888.0
2018,Larue County; Kentucky,11398,6687,6674,6287,387,13,4711,6674,-888888888.0,5747,3041,3041,2852,908,666,1979,1381,6117,5020,814,0,77,7,199,26.0,6287,1337,949,1125,878,1998,6287,90,376,1590,97,871,416,57,306,309,987,418,501,269,21,123,6287,5188,728,352,19,5654,324,454,786,845,904,1178,596,383,85,99,41779,53458,4037,54151,2108,16753,1332,17680,604,10752,135,3067,1117,3873,177,100,384,656,608,863,533,375,78,99,50261,63103,21939,1781,24181,31019,25819,40257,28250,13869,13052,8395,6768,817,3315,143,8226,6126,5817,5281,4198,1274,536,309,251,82,169,58,2100,2022,828,1415,78,-888888888.0,-888888888.0,-888888888.0,-888888888.0,-888888888.0,-888888888.0,-888888888.0,-888888888.0,-888888888.0,-888888888.0,-888888888.0,-888888888.0,-888888888.0,-888888888.0,-888888888.0,-888888888.0,-888888888.0,-888888888.0,-888888888.0
2018,Mercer County; Kentucky,17277,10457,10436,9480,956,21,6820,10436,-888888888.0,8942,4843,4843,4313,1386,1034,3154,2392,9174,7683,972,15,82,54,368,25.6,9480,2967,1503,1790,1067,2153,9480,258,855,1986,170,951,435,97,534,553,2110,426,460,645,21,167,9480,7205,1472,779,24,8571,664,494,1086,917,1084,1645,971,1241,265,204,50475,63337,6287,65751,3143,17652,1809,21101,598,8707,104,1834,1144,5835,243,87,538,635,710,1185,871,1133,239,194,62764,75450,25745,2736,24505,34771,31617,45196,38621,21345,19945,14764,8371,1400,4945,252,12671,9640,8710,7974,7169,1028,736,930,718,323,426,212,3031,2831,1510,1663,200,-888888888.0,-888888888.0,-888888888.0,-888888888.0,-888888888.0,-888888888.0,-888888888.0,-888888888.0,-888888888.0,-888888888.0,-888888888.0,-888888888.0,-888888888.0,-888888888.0,-888888888.0,-888888888.0,-888888888.0,-888888888.0,-888888888.0
2018,Russell County; Kentucky,14198,6872,6872,6298,574,0,7326,6872,-888888888.0,7305,3385,3385,3282,1317,810,2154,1445,6160,5367,503,28,76,64,122,21.0,6298,1976,932,1167,645,1578,6298,119,516,1452,114,786,304,69,171,248,1552,485,273,209,21,207,6298,5009,836,450,3,7027,788,716,1025,870,1329,1136,519,435,97,112,36159,45749,4237,52618,2954,16925,1339,19160,837,11217,173,3406,1227,4562,311,303,577,563,880,913,430,382,97,106,45065,54923,19149,2465,20583,26787,26452,34360,32112,17571,16007,8905,9628,1564,4157,421,10130,6434,5887,5202,4358,1058,685,547,377,167,235,170,3696,3408,957,2743,288,-888888888.0,-888888888.0,-888888888.0,-888888888.0,-888888888.0,-888888888.0,-888888888.0,-888888888.0,-888888888.0,-888888888.0,-888888888.0,-888888888.0,-888888888.0,-888888888.0,-888888888.0,-888888888.0,-888888888.0,-888888888.0,-888888888.0
2018,Washington County; Kentucky,9468,6047,6047,5751,296,0,3421,6047,-888888888.0,4840,2847,2847,2757,773,613,1968,1523,5699,4723,495,59,82,70,270,26.1,5751,1614,929,843,717,1648,5751,239,352,1513,132,629,264,26,226,302,1406,316,162,184,21,229,5751,4359,819,559,14,4667,267,368,556,469,636,1074,422,662,78,135,50794,62267,3418,65294,1841,17060,933,19590,358,7947,42,2555,654,3101,111,133,284,229,385,791,360,606,78,124,63770,74244,24570,1566,28979,37465,28586,42120,32213,11893,10964,8144,4565,929,2967,241,6931,5446,5195,4662,4269,502,533,251,211,103,118,40,1485,1376,519,1018,109,-888888888.0,-888888888.0,-888888888.0,-888888888.0,-888888888.0,-888888888.0,-888888888.0,-888888888.0,-888888888.0,-888888888.0,-888888888.0,-888888888.0,-888888888.0,-888888888.0,-888888888.0,-888888888.0,-888888888.0,-888888888.0,-888888888.0
2018,Barren County; Kentucky,34610,20074,20063,18622,1441,11,14536,20063,-888888888.0,17970,9396,9396,8633,2976,1866,6419,4327,18095,14699,2047,38,278,180,853,21.0,18622,5251,2718,3776,2062,4815,18622,824,1176,4277,554,2272,718,246,601,1051,3751,1676,834,642,21,009,18622,14600,2425,1514,83,16965,1626,1230,2195,2186,3412,3021,1410,1342,302,241,40216,51371,12289,51998,6144,16974,3483,19059,1462,8778,457,2998,2831,11325,630,693,1204,1477,2138,2300,1153,1237,279,214,47087,59828,20832,5640,27107,33243,25435,39735,30302,42964,39564,24667,20462,3400,10969,860,25000,18196,16870,15257,12881,2731,1613,1326,1165,298,911,161,6804,6051,2374,4071,753,-888888888.0,-888888888.0,-888888888.0,-888888888.0,-888888888.0,-888888888.0,-888888888.0,-888888888.0,-888888888.0,-888888888.0,-888888888.0,-888888888.0,-888888888.0,-888888888.0,-888888888.0,-888888888.0,-888888888.0,-888888888.0,-888888888.0
2018,Hancock County; Kentucky,6721,3852,3852,3628,224,0,2869,3852,-888888888.0,3350,1655,1655,1586,685,412,1384,913,3545,3194,175,13,59,32,72,22.6,3628,835,549,684,459,1101,3628,109,148,1269,36,319,248,57,113,162,770,173,172,52,21,091,3628,3006,422,200,0,3301,219,138,233,390,597,678,503,398,137,8,52019,61646,2421,64323,1197,20342,823,15233,254,10307,54,4531,398,2482,144,65,105,291,401,526,468,337,137,8,61413,67999,23523,819,33405,39437,34924,58750,32589,8661,8306,5908,3616,355,2332,155,4900,3578,3389,3288,2931,443,101,189,172,61,111,17,1322,1240,668,752,82,-888888888.0,-888888888.0,-888888888.0,-888888888.0,-888888888.0,-888888888.0,-888888888.0,-888888888.0,-888888888.0,-888888888.0,-888888888.0,-888888888.0,-888888888.0,-888888888.0,-888888888.0,-888888888.0,-888888888.0,-888888888.0,-888888888.0
2018,Hardin County; Kentucky,84498,54238,50956,47969,2987,3282,30260,50956,-888888888.0,42736,24810,24390,22981,8095,5260,17263,12350,50420,41513,5345,149,1180,768,1465,22.3,47969,15278,9057,10797,4018,8819,47969,456,2504,6380,1047,6167,2664,1215,1926,4055,9783,4847,2623,4302,21,093,47969,36238,9801,1908,22,41111,2743,1640,4376,4662,5919,7924,5120,5885,1745,1097,53168,69340,31796,67231,11947,17380,10220,27973,2791,9475,709,3363,5045,27952,1206,627,2079,2687,3557,5797,4141,5138,1685,1035,66515,81962,27666,13159,31450,39676,31030,48132,37001,103569,98291,74620,41770,5278,28044,895,61599,46742,44185,41384,36530,8888,2801,2557,2152,1194,1223,405,14857,13719,7990,7904,1138,-888888888.0,-888888888.0,-888888888.0,-888888888.0,-888888888.0,-888888888.0,-888888888.0,-888888888.0,-888888888.0,-888888888.0,-888888888.0,-888888888.0,-888888888.0,-888888888.0,-888888888.0,-888888888.0,-888888888.0,-888888888.0,-888888888.0
2018,McLean County; Kentucky,7269,4065,4055,3771,284,10,3204,4055,-888888888.0,3740,1745,1735,1595,666,422,1490,930,3709,3272,245,0,125,18,49,27.7,3771,994,501,811,634,831,3771,348,261,787,31,434,282,13,139,123,862,118,196,177,21,149,3771,2939,544,267,21,3818,313,236,445,341,540,791,471,477,162,42,50445,60440,2705,64951,1578,19028,730,15491,248,11181,44,3284,599,2723,176,72,254,188,416,577,431,414,153,42,58867,69816,24557,1095,24904,35202,36123,52779,36059,9239,8648,5821,4082,591,2335,95,5216,3675,3412,3141,2857,363,271,263,218,57,168,45,1541,1361,715,795,180,-888888888.0,-888888888.0,-888888888.0,-888888888.0,-888888888.0,-888888888.0,-888888888.0,-888888888.0,-888888888.0,-888888888.0,-888888888.0,-888888888.0,-888888888.0,-888888888.0,-888888888.0,-888888888.0,-888888888.0,-888888888.0,-888888888.0
2018,Powell County; Kentucky,9677,4995,4995,4644,351,0,4682,4995,-888888888.0,4920,2405,2405,2210,711,473,1805,979,4429,3592,692,9,61,33,42,28.7,4644,1145,782,941,540,1236,4644,53,471,1002,81,414,228,29,139,320,1036,394,217,260,21,197,4644,3503,703,365,73,4831,558,410,613,663,629,798,772,261,74,53,36958,50622,3171,54207,1923,15708,1015,21153,761,9145,158,1730,1359,3395,281,103,450,418,457,601,713,253,74,45,47604,58740,20397,1436,18520,28220,25707,42276,35648,12051,11364,6497,6611,687,3079,82,7180,4601,4276,3882,3295,804,394,325,284,6,281,41,2579,2409,871,1787,170,-888888888.0,-888888888.0,-888888888.0,-888888888.0,-888888888.0,-888888888.0,-888888888.0,-888888888.0,-888888888.0,-888888888.0,-888888888.0,-888888888.0,-888888888.0,-888888888.0,-888888888.0,-888888888.0,-888888888.0,-888888888.0,-888888888.0
2018,Caldwell County; Kentucky,10217,5646,5646,5365,281,0,4571,5646,-888888888.0,5353,2728,2728,2562,894,707,1813,1477,5228,4367,481,13,71,211,85,23.7,5365,1483,810,1139,579,1354,5365,363,210,1262,136,592,248,49,321,313,1089,394,151,237,21,033,5365,4192,734,392,47,5176,450,320,610,602,786,1042,591,502,87,186,44940,67929,3428,68325,2031,19819,1342,19761,278,11382,105,3541,798,3523,229,123,250,483,430,752,522,487,75,172,56911,79467,28500,1653,26037,40486,31719,46697,31656,12612,11885,8087,5740,727,2992,46,7096,5083,4832,4400,3849,715,432,251,210,79,148,41,2013,1829,742,1238,184,-888888888.0,-888888888.0,-888888888.0,-888888888.0,-888888888.0,-888888888.0,-888888888.0,-888888888.0,-888888888.0,-888888888.0,-888888888.0,-888888888.0,-888888888.0,-888888888.0,-888888888.0,-888888888.0,-888888888.0,-888888888.0,-888888888.0
2018,Boyd County; Kentucky,38929,20195,20173,18353,1820,22,18734,20173,-888888888.0,19616,9811,9811,9071,3285,2269,5907,4305,18126,14865,2032,48,636,164,381,21.6,18353,6997,3465,4111,1454,2326,18353,90,837,1872,370,2411,901,430,658,1429,5433,2093,820,1009,21,019,18353,14580,2843,854,76,18798,2071,1320,2025,1850,2739,3470,2319,1981,555,468,46165,62885,12657,64187,7611,19922,5070,23795,1663,9051,545,3162,3258,12578,801,606,968,1105,1819,2601,1983,1806,524,365,59402,72278,25467,6220,23175,41560,27832,49798,36256,46231,43342,28089,22970,2889,10620,312,27082,18465,16778,15332,12985,2968,1446,1687,1229,387,898,458,8617,7969,3514,5749,648,-888888888.0,-888888888.0,-888888888.0,-888888888.0,-888888888.0,-888888888.0,-888888888.0,-888888888.0,-888888888.0,-888888888.0,-888888888.0,-888888888.0,-888888888.0,-888888888.0,-888888888.0,-888888888.0,-888888888.0,-888888888.0,-888888888.0
2018,Fayette County; Kentucky,258326,176061,175829,166264,9565,232,82265,175829,-888888888.0,132629,84965,84950,80464,21656,15350,40493,31829,163113,128066,15201,3133,6348,3399,6966,20.9,166264,71918,29419,36206,9723,18998,166264,2979,7141,15158,4331,21346,5810,2746,8621,19333,46365,18164,8555,5715,21,067,166264,131334,25925,8880,125,128806,9649,6563,12647,13356,16932,22713,15438,16974,7029,7505,54918,79535,106085,77041,31656,19330,22142,27508,5873,9642,1589,3525,13424,74297,3615,2410,5170,5447,8130,13211,10414,13336,6003,6561,73235,100174,32965,54509,35542,49178,29324,48098,41293,313845,291090,225541,100004,22755,72334,3046,202632,162596,154314,140462,126614,17042,13852,8282,6445,3196,3482,1837,40036,36253,24239,14902,3783,-888888888.0,-888888888.0,-888888888.0,-888888888.0,-888888888.0,-888888888.0,-888888888.0,-888888888.0,-888888888.0,-888888888.0,-888888888.0,-888888888.0,-888888888.0,-888888888.0,-888888888.0,-888888888.0,-888888888.0,-888888888.0,-888888888.0
2018,Johnson County; Kentucky,18369,7581,7581,6854,727,0,10788,7581,-888888888.0,9480,3520,3520,3137,1594,859,3073,1666,6704,5451,780,13,238,6,216,28.6,6854,2561,1237,1569,768,719,6854,429,400,264,88,1039,373,94,312,365,2105,618,312,455,21,115,6854,5196,1268,390,0,8737,1233,692,1270,896,1306,1234,884,910,149,163,37559,54150,4766,68641,4166,18042,1836,19674,1341,8685,74,3193,2359,6031,459,293,754,515,1084,1079,808,776,142,121,48002,64471,21089,2706,16114,28138,31693,48629,33180,22344,21431,11624,12588,913,5305,80,13203,7140,6461,5994,5163,1096,467,679,567,101,471,112,6063,5823,1787,4535,240,-888888888.0,-888888888.0,-888888888.0,-888888888.0,-888888888.0,-888888888.0,-888888888.0,-888888888.0,-888888888.0,-888888888.0,-888888888.0,-888888888.0,-888888888.0,-888888888.0,-888888888.0,-888888888.0,-888888888.0,-888888888.0,-888888888.0
2018,Morgan County; Kentucky,11147,3902,3902,3671,231,0,7245,3902,-888888888.0,4853,1894,1894,1824,711,258,1510,642,3557,3054,347,0,17,39,100,32.9,3671,1227,576,678,532,658,3671,80,372,443,52,464,201,136,90,99,1103,85,148,398,21,175,3671,2393,1076,202,0,4958,636,442,928,519,684,846,452,362,40,49,34419,46585,2934,51620,2311,16171,1018,23877,840,10294,172,1680,1348,3518,325,183,621,325,550,672,411,346,40,45,42667,54245,17307,1440,17365,26402,28583,38922,32136,11653,10969,5651,6569,684,2552,132,7123,3673,3457,3223,2731,663,234,216,161,75,86,55,3450,3202,1048,2350,248,-888888888.0,-888888888.0,-888888888.0,-888888888.0,-888888888.0,-888888888.0,-888888888.0,-888888888.0,-888888888.0,-888888888.0,-888888888.0,-888888888.0,-888888888.0,-888888888.0,-888888888.0,-888888888.0,-888888888.0,-888888888.0,-888888888.0
2018,Pulaski County; Kentucky,51522,27508,27508,25191,2317,0,24014,27508,-888888888.0,26555,13508,13508,12478,4156,2712,8734,6301,24550,21284,2157,36,319,307,447,21.2,25191,7482,4682,5662,2741,4624,25191,365,1928,3152,571,3284,1075,458,1109,1785,6493,2224,1646,1101,21,199,25191,19738,3935,1475,43,25663,3211,2154,3793,3100,3417,4062,2689,2142,720,375,37921,53882,16778,57697,10390,17255,5566,20977,2412,9574,504,3060,4745,16819,1427,789,1981,1821,2297,3291,2355,1889,653,316,50541,63931,22342,8844,20289,32387,25655,39382,30934,63370,59643,36923,33228,3727,14856,463,37120,25300,23222,21227,18002,4451,1995,2078,1722,560,1321,356,11820,10907,4086,8108,913,-888888888.0,-888888888.0,-888888888.0,-888888888.0,-888888888.0,-888888888.0,-888888888.0,-888888888.0,-888888888.0,-888888888.0,-888888888.0,-888888888.0,-888888888.0,-888888888.0,-888888888.0,-888888888.0,-888888888.0,-888888888.0,-888888888.0
2018,Adair County; Kentucky,15923,8549,8549,8020,529,0,7374,8549,-888888888.0,8163,3881,3881,3648,1158,829,2358,1487,7882,6625,601,0,193,77,386,21.5,8020,2354,1291,1456,927,1992,8020,257,763,1519,96,857,474,96,239,336,2171,575,324,313,21,001,8020,6033,1257,714,16,7020,719,642,1035,790,1284,1181,639,492,149,89,39346,52038,4691,56656,3013,16893,1264,18915,784,9104,210,2729,1191,4879,260,187,671,544,1058,964,573,390,149,83,45760,61789,20166,2141,17007,28241,22085,35194,29243,18978,17673,10927,8949,1305,4213,220,11458,7783,7336,6619,5651,1313,717,447,316,109,215,131,3675,3444,1660,2012,231,-888888888.0,-888888888.0,-888888888.0,-888888888.0,-888888888.0,-888888888.0,-888888888.0,-888888888.0,-888888888.0,-888888888.0,-888888888.0,-888888888.0,-888888888.0,-888888888.0,-888888888.0,-888888888.0,-888888888.0,-888888888.0,-888888888.0
2018,Breathitt County; Kentucky,10771,4470,4470,3950,520,0,6301,4470,-888888888.0,5405,2082,2082,1879,836,402,1335,631,3761,3005,422,0,139,150,45,29.0,3950,1204,853,834,493,566,3950,180,290,258,41,439,168,25,63,290,1334,310,206,346,21,025,3950,2482,1145,316,7,5322,1098,688,777,618,530,770,406,274,74,87,26376,43243,2827,52655,2336,16377,861,26466,1206,8986,187,2105,1887,3679,537,332,517,483,430,657,331,266,58,68,33683,49855,17729,1643,13543,26985,25063,37500,30361,12977,12459,5024,8637,518,2798,60,8205,4120,3641,3358,2625,862,283,479,446,121,325,33,4085,3943,792,3358,142,-888888888.0,-888888888.0,-888888888.0,-888888888.0,-888888888.0,-888888888.0,-888888888.0,-888888888.0,-888888888.0,-888888888.0,-888888888.0,-888888888.0,-888888888.0,-888888888.0,-888888888.0,-888888888.0,-888888888.0,-888888888.0,-888888888.0
2018,Hart County; Kentucky,14482,7622,7622,7096,526,0,6860,7622,-888888888.0,7397,3460,3460,3215,1353,575,2866,1447,6868,5305,1032,0,114,212,205,29.6,7096,1734,1066,1325,954,2017,7096,220,631,1854,166,722,472,88,292,292,1285,537,271,266,21,099,7096,5335,1097,622,42,7311,914,563,1024,958,1109,1318,723,485,124,93,37795,50353,4838,52400,2858,15420,1353,21607,1009,8331,120,1754,1376,4821,298,219,541,655,821,1041,604,439,124,79,47354,58539,20421,2490,19317,32837,28036,41999,30485,18359,16725,10240,8896,1634,4852,528,10571,6940,6442,5854,4918,1245,588,498,415,242,173,83,3631,3267,1266,2246,364,-888888888.0,-888888888.0,-888888888.0,-888888888.0,-888888888.0,-888888888.0,-888888888.0,-888888888.0,-888888888.0,-888888888.0,-888888888.0,-888888888.0,-888888888.0,-888888888.0,-888888888.0,-888888888.0,-888888888.0,-888888888.0,-888888888.0
2018,Trimble County; Kentucky,6997,4246,4246,3809,437,0,2751,4246,-888888888.0,3588,1987,1987,1797,456,293,1136,858,3709,2992,474,0,7,63,173,26.2,3809,988,530,772,542,977,3809,78,181,817,64,338,474,66,146,305,779,304,99,158,21,223,3809,2995,551,239,24,3604,355,136,448,375,514,748,396,495,59,78,47470,62457,2441,70430,1412,18562,771,19009,234,10116,51,2188,517,2360,194,32,194,250,365,477,308,407,59,74,58889,72541,26089,1244,30671,40984,31644,51233,31521,8603,8155,5416,3875,448,2127,38,5024,3696,3450,3188,2903,446,262,246,227,51,182,19,1328,1199,506,841,129,-888888888.0,-888888888.0,-888888888.0,-888888888.0,-888888888.0,-888888888.0,-888888888.0,-888888888.0,-888888888.0,-888888888.0,-888888888.0,-888888888.0,-888888888.0,-888888888.0,-888888888.0,-888888888.0,-888888888.0,-888888888.0,-888888888.0
2018,Hickman County; Kentucky,3796,1712,1712,1613,99,0,2084,1712,-888888888.0,2040,852,852,822,234,137,570,376,1604,1290,100,0,3,81,130,18.8,1613,557,315,208,213,320,1613,122,98,207,31,150,156,2,60,49,504,77,138,19,21,105,1613,1266,211,136,0,1855,213,127,271,212,318,280,163,181,45,45,40463,55778,1072,64088,889,18089,513,20862,183,8511,31,2439,220,1087,52,29,86,153,186,218,130,177,11,45,54207,70682,24432,768,22155,34481,31446,41440,36767,4418,4212,2479,2469,206,1037,0,2382,1498,1399,1331,1166,233,68,99,60,20,40,39,884,785,308,617,99,-888888888.0,-888888888.0,-888888888.0,-888888888.0,-888888888.0,-888888888.0,-888888888.0,-888888888.0,-888888888.0,-888888888.0,-888888888.0,-888888888.0,-888888888.0,-888888888.0,-888888888.0,-888888888.0,-888888888.0,-888888888.0,-888888888.0
2018,Lyon County; Kentucky,7101,2936,2936,2857,79,0,4165,2936,-888888888.0,3164,1214,1214,1174,361,289,744,588,2832,2453,263,0,50,31,35,19.9,2857,709,715,632,377,424,2857,65,170,444,25,481,182,0,33,173,445,386,190,263,21,143,2857,2130,537,190,0,3258,241,181,358,382,463,758,313,339,150,73,50097,64990,2104,58432,1617,20060,975,28979,149,9174,37,5908,356,1961,58,40,120,163,352,502,265,257,134,70,61946,81448,26621,1297,30503,39888,22156,39014,32326,6909,6454,4602,3587,455,1262,111,3733,2634,2569,2251,2003,365,318,65,65,48,17,0,1099,1073,571,651,26,-888888888.0,-888888888.0,-888888888.0,-888888888.0,-888888888.0,-888888888.0,-888888888.0,-888888888.0,-888888888.0,-888888888.0,-888888888.0,-888888888.0,-888888888.0,-888888888.0,-888888888.0,-888888888.0,-888888888.0,-888888888.0,-888888888.0
2018,Lewis County; Kentucky,10922,4932,4932,4590,342,0,5990,4932,-888888888.0,5526,2216,2216,2101,842,414,1860,910,4477,3665,492,5,28,86,201,36.9,4590,1338,786,551,651,1264,4590,153,480,913,23,463,360,102,87,256,1230,163,184,176,21,135,4590,3472,622,496,0,5435,981,524,855,555,647,782,502,369,168,52,31096,48130,3224,54499,2239,16672,932,19570,838,8417,81,1407,1516,3725,380,228,492,423,547,645,436,354,168,52,45459,59784,20059,1710,14197,21063,27417,43750,32172,13348,12599,7086,7361,749,3187,99,7850,4649,4314,4061,3437,793,253,335,272,64,219,63,3201,2867,884,2179,334,-888888888.0,-888888888.0,-888888888.0,-888888888.0,-888888888.0,-888888888.0,-888888888.0,-888888888.0,-888888888.0,-888888888.0,-888888888.0,-888888888.0,-888888888.0,-888888888.0,-888888888.0,-888888888.0,-888888888.0,-888888888.0,-888888888.0
2018,Woodford County; Kentucky,20868,13516,13483,13046,437,33,7352,13483,-888888888.0,10876,6200,6189,5978,1707,1174,3990,2961,12880,10586,1139,12,298,200,645,20.9,13046,5211,2096,2437,1545,1757,13046,1197,741,1617,351,1169,474,183,578,1152,2920,1001,839,824,21,239,13046,9946,2047,1042,11,10198,534,282,1044,1079,1244,1926,1243,1802,606,438,62629,78278,8094,75527,3406,20335,2210,24937,448,9607,104,1460,1029,7322,294,72,461,652,745,1507,1029,1580,601,381,73674,89929,31259,2876,31641,46469,32344,47188,37312,25966,24142,18437,9449,1824,6289,358,15192,12216,11884,10731,9615,1452,1153,332,285,136,157,47,2976,2710,1670,1306,266,-888888888.0,-888888888.0,-888888888.0,-888888888.0,-888888888.0,-888888888.0,-888888888.0,-888888888.0,-888888888.0,-888888888.0,-888888888.0,-888888888.0,-888888888.0,-888888888.0,-888888888.0,-888888888.0,-888888888.0,-888888888.0,-888888888.0
2018,Leslie County; Kentucky,8405,3210,3210,2880,330,0,5195,3210,-888888888.0,4283,1405,1405,1331,494,125,1400,578,2812,2439,294,0,27,12,40,34.8,2880,856,590,490,491,453,2880,412,94,162,71,305,105,26,96,240,988,76,89,216,21,131,2880,1995,721,160,4,4223,901,378,579,472,683,704,306,131,50,19,30798,39783,2207,51840,1935,15776,765,13869,726,7999,82,2641,1110,2883,280,274,301,352,550,694,284,116,13,19,38769,47820,15691,1340,11231,17930,28115,37801,26500,10183,9722,4465,6301,461,2404,47,6085,3026,2696,2466,1982,547,230,330,266,29,237,64,3059,2939,751,2409,120,-888888888.0,-888888888.0,-888888888.0,-888888888.0,-888888888.0,-888888888.0,-888888888.0,-888888888.0,-888888888.0,-888888888.0,-888888888.0,-888888888.0,-888888888.0,-888888888.0,-888888888.0,-888888888.0,-888888888.0,-888888888.0,-888888888.0
2018,Lawrence County; Kentucky,12449,5145,5145,4679,466,0,7304,5145,-888888888.0,6371,2349,2349,2216,1069,289,2239,1101,4523,3780,395,16,30,107,195,30.4,4679,1258,680,1154,547,1040,4679,208,228,523,94,603,427,146,128,402,1094,384,239,203,21,127,4679,3709,739,224,7,5956,979,663,736,717,944,835,483,440,99,60,31813,46305,3183,58103,2495,19061,969,18431,900,11280,149,3891,1429,4139,440,168,428,594,791,780,376,403,99,60,41735,56411,18199,1817,13789,21150,27185,37096,33290,15677,14249,7729,8332,1428,3900,309,9194,4904,4465,3869,3394,601,596,439,324,154,170,115,4290,3882,1301,3011,408,-888888888.0,-888888888.0,-888888888.0,-888888888.0,-888888888.0,-888888888.0,-888888888.0,-888888888.0,-888888888.0,-888888888.0,-888888888.0,-888888888.0,-888888888.0,-888888888.0,-888888888.0,-888888888.0,-888888888.0,-888888888.0,-888888888.0
2018,McCracken County; Kentucky,52532,30235,30146,28879,1267,89,22297,30146,-888888888.0,27814,14351,14316,13792,4587,2792,8729,6272,28474,24999,1636,103,511,388,837,18.2,28879,9834,5715,6873,2550,3907,28879,399,1814,2598,693,3739,1876,350,1331,2886,7042,3105,1977,1069,21,145,28879,23172,3666,2025,16,27841,2137,1923,4258,3068,3612,4607,2874,3158,1128,1076,44486,71901,19052,73685,11145,18046,6187,20850,1588,8071,509,3017,3750,16142,915,473,1439,1357,2217,3126,2233,2527,959,896,63320,91943,31850,11699,25823,42435,30293,45796,34778,64066,60257,41176,28773,3809,15160,607,36988,27165,25979,23634,20029,4416,2345,1186,918,440,500,268,9823,9253,4478,5674,570,-888888888.0,-888888888.0,-888888888.0,-888888888.0,-888888888.0,-888888888.0,-888888888.0,-888888888.0,-888888888.0,-888888888.0,-888888888.0,-888888888.0,-888888888.0,-888888888.0,-888888888.0,-888888888.0,-888888888.0,-888888888.0,-888888888.0
2018,Whitley County; Kentucky,28125,13886,13786,12639,1147,100,14239,13786,-888888888.0,14476,6613,6613,6259,2740,1337,5317,3509,12378,10035,1325,70,496,23,429,21.8,12639,3988,2346,3048,1193,2064,12639,256,450,1974,350,1577,539,178,333,795,3897,1021,583,686,21,235,12639,9263,2703,673,0,12490,1734,1113,1678,1550,1398,2399,1110,1116,143,249,36897,52771,7882,54537,5325,17855,2394,22900,1657,9450,112,1968,2948,9181,926,591,852,1253,1101,2019,1135,987,104,213,47651,60947,19145,3309,17354,27715,23132,38516,30312,35447,33420,18099,19472,2027,9578,339,20448,12880,11831,11082,9330,2256,749,1049,757,121,636,292,7568,6953,2312,5229,615,-888888888.0,-888888888.0,-888888888.0,-888888888.0,-888888888.0,-888888888.0,-888888888.0,-888888888.0,-888888888.0,-888888888.0,-888888888.0,-888888888.0,-888888888.0,-888888888.0,-888888888.0,-888888888.0,-888888888.0,-888888888.0,-888888888.0
2018,Floyd County; Kentucky,29996,11999,11989,10592,1397,10,17997,11989,-888888888.0,15591,5630,5630,5151,2416,915,4879,1845,10292,8988,876,23,144,32,229,24.3,10592,3066,1983,2815,1184,1544,10592,592,706,505,315,1464,678,216,485,589,3058,861,490,633,21,071,10592,7572,2330,686,4,15163,2370,1545,2506,1919,2262,2112,1258,930,99,162,31267,44930,8167,51296,7274,17870,3186,15749,2381,8207,330,5347,4572,10438,1350,675,1379,1295,1774,1786,1080,875,99,125,38649,51122,18462,4725,17220,29595,26288,41823,34229,36436,34042,16736,22490,2394,8245,153,22033,11286,9961,8841,7094,2060,1120,1325,980,279,726,345,10747,9979,2639,8240,768,-888888888.0,-888888888.0,-888888888.0,-888888888.0,-888888888.0,-888888888.0,-888888888.0,-888888888.0,-888888888.0,-888888888.0,-888888888.0,-888888888.0,-888888888.0,-888888888.0,-888888888.0,-888888888.0,-888888888.0,-888888888.0,-888888888.0
2018,Kenton County; Kentucky,129244,87892,87789,83543,4246,103,41352,87789,-888888888.0,65834,41962,41962,40120,12689,9391,23943,18519,81722,66665,7346,1961,1438,1309,3003,23.4,83543,32199,12357,19759,5918,13310,83543,446,4347,9833,3190,8874,5386,1869,7914,9893,17557,8176,3177,2881,21,117,83543,72366,8178,2908,91,63529,3710,2675,5384,6135,7861,11964,9134,10041,3304,3321,61606,80194,51102,81423,18037,19669,11446,22554,3974,10148,1098,3301,7045,40640,1816,1021,2167,3064,4020,7332,7080,8192,3058,2890,78144,95162,31811,22889,37870,50457,35708,51233,42461,163196,153547,117121,54430,9649,41505,1331,100086,81208,77451,71638,65982,7502,5813,3757,3155,1556,1681,602,18878,17016,9041,9677,1862,-888888888.0,-888888888.0,-888888888.0,-888888888.0,-888888888.0,-888888888.0,-888888888.0,-888888888.0,-888888888.0,-888888888.0,-888888888.0,-888888888.0,-888888888.0,-888888888.0,-888888888.0,-888888888.0,-888888888.0,-888888888.0,-888888888.0
2018,Magoffin County; Kentucky,10133,4144,4144,3654,490,0,5989,4144,-888888888.0,5102,2047,2047,1747,731,267,1835,1014,3556,2990,431,18,30,12,75,33.2,3654,1169,695,418,801,571,3654,155,415,302,0,297,174,7,100,157,1414,175,174,284,21,153,3654,2515,1047,92,0,5084,925,453,851,640,663,773,397,311,43,28,29516,43877,2773,51156,2300,14564,845,19238,1140,10508,100,1799,1771,3509,394,237,464,440,609,650,362,285,43,25,40073,52425,18233,1575,15450,24313,29232,42768,31663,12538,11912,5884,7676,626,2991,29,7642,3944,3454,3169,2715,549,285,490,395,183,310,95,3698,3486,954,2847,212,-888888888.0,-888888888.0,-888888888.0,-888888888.0,-888888888.0,-888888888.0,-888888888.0,-888888888.0,-888888888.0,-888888888.0,-888888888.0,-888888888.0,-888888888.0,-888888888.0,-888888888.0,-888888888.0,-888888888.0,-888888888.0,-888888888.0
2018,Rowan County; Kentucky,20282,10567,10567,10065,502,0,9715,10567,-888888888.0,10647,5328,5328,5075,1385,888,2372,1706,9936,7925,1097,139,211,148,416,23.2,10065,3563,2140,1997,741,1624,10065,206,607,1192,59,1339,227,123,433,456,3135,1134,580,574,21,205,10065,7373,2187,454,51,8505,932,664,1329,1074,1305,1236,848,736,149,232,37639,53829,5700,55920,3201,16692,1726,26396,838,10857,249,3322,1706,5240,301,353,653,523,796,882,696,717,116,203,49545,65710,19692,3265,21670,32842,20225,40153,27347,24287,22962,14736,11209,1325,5665,176,15426,10009,9599,8747,7203,1860,852,410,399,55,359,11,5417,5131,2664,2922,286,-888888888.0,-888888888.0,-888888888.0,-888888888.0,-888888888.0,-888888888.0,-888888888.0,-888888888.0,-888888888.0,-888888888.0,-888888888.0,-888888888.0,-888888888.0,-888888888.0,-888888888.0,-888888888.0,-888888888.0,-888888888.0,-888888888.0
2018,Taylor County; Kentucky,20297,10872,10854,10231,623,18,9425,10854,-888888888.0,10512,5323,5323,4900,2126,1436,3370,2165,9832,8062,983,0,337,135,315,19.0,10231,2716,1903,2463,970,2179,10231,294,445,1763,175,1818,504,174,322,631,2685,759,383,278,21,217,10231,8404,1169,622,36,9596,995,845,1474,1001,1493,1908,833,698,208,141,39055,53202,6653,54759,4338,15624,2247,18356,1001,8410,188,1989,1725,6470,410,251,982,657,1042,1421,732,670,184,121,48033,62964,20966,3126,21485,29975,22107,37850,27271,25103,23710,15092,12210,1393,6449,206,14372,9607,9107,8510,7641,1360,597,500,442,103,339,58,4765,4233,1674,2970,532,-888888888.0,-888888888.0,-888888888.0,-888888888.0,-888888888.0,-888888888.0,-888888888.0,-888888888.0,-888888888.0,-888888888.0,-888888888.0,-888888888.0,-888888888.0,-888888888.0,-888888888.0,-888888888.0,-888888888.0,-888888888.0,-888888888.0
2018,Carlisle County; Kentucky,3897,1979,1979,1862,117,0,1918,1979,-888888888.0,2040,901,901,834,327,135,588,342,1833,1548,158,0,0,35,92,26.9,1862,502,358,418,214,370,1862,76,176,302,63,179,153,46,72,136,387,143,45,84,21,039,1862,1471,288,96,7,2020,152,154,320,280,264,354,202,204,26,64,39664,59971,1261,68052,969,17819,503,19657,129,8895,29,2028,234,1296,91,55,106,162,182,278,192,148,20,62,54527,71987,24943,724,23688,35966,28750,46215,29694,4782,4556,2778,2439,226,1120,0,2717,1765,1657,1515,1309,281,142,108,101,64,37,7,952,875,331,607,77,-888888888.0,-888888888.0,-888888888.0,-888888888.0,-888888888.0,-888888888.0,-888888888.0,-888888888.0,-888888888.0,-888888888.0,-888888888.0,-888888888.0,-888888888.0,-888888888.0,-888888888.0,-888888888.0,-888888888.0,-888888888.0,-888888888.0
2018,Estill County; Kentucky,11679,5257,5257,4625,632,0,6422,5257,-888888888.0,5901,2492,2492,2180,645,239,2020,1191,4513,3618,662,0,25,23,185,32.5,4625,1136,615,956,615,1303,4625,88,297,1146,67,857,244,24,122,110,1023,257,208,182,21,065,4625,3630,714,245,36,5503,892,679,777,636,721,907,433,344,41,73,31337,43614,3116,49199,2444,17389,1232,16685,660,10436,235,2454,1517,3719,482,295,458,398,534,758,423,263,35,73,39912,51049,17658,1784,17435,26079,23533,41366,34608,14193,13399,7383,8173,794,3195,79,8456,4879,4341,3903,3171,988,438,538,455,180,306,83,3577,3383,1278,2461,194,-888888888.0,-888888888.0,-888888888.0,-888888888.0,-888888888.0,-888888888.0,-888888888.0,-888888888.0,-888888888.0,-888888888.0,-888888888.0,-888888888.0,-888888888.0,-888888888.0,-888888888.0,-888888888.0,-888888888.0,-888888888.0,-888888888.0
2018,Calloway County; Kentucky,32556,18799,18748,17816,932,51,13757,18748,-888888888.0,16893,9102,9102,8731,2252,1420,4296,3394,17396,13444,1670,24,1273,280,705,16.9,17816,5306,3909,4027,1747,2827,17816,320,1108,1998,256,2149,925,195,656,1220,5638,1908,781,662,21,035,17816,13222,3345,1195,54,14641,1793,1286,1770,1641,2144,2316,1484,1351,542,314,40219,56113,10365,57917,5060,18096,3037,20053,902,9158,110,4995,1457,8701,488,317,742,897,1264,1820,1200,1236,496,241,57565,72322,22489,5940,21101,31100,21436,43727,35313,38390,36146,26549,15171,2244,8131,510,23956,17019,16203,15275,12925,2781,928,816,614,358,292,202,6937,6333,4071,2972,604,-888888888.0,-888888888.0,-888888888.0,-888888888.0,-888888888.0,-888888888.0,-888888888.0,-888888888.0,-888888888.0,-888888888.0,-888888888.0,-888888888.0,-888888888.0,-888888888.0,-888888888.0,-888888888.0,-888888888.0,-888888888.0,-888888888.0
2018,Casey County; Kentucky,12620,6069,6069,5563,506,0,6551,6069,-888888888.0,6577,2748,2748,2523,1041,511,2197,1398,5433,4429,701,5,29,68,201,30.1,5563,1599,835,903,928,1298,5563,174,443,1169,94,592,314,63,139,231,1588,277,302,177,21,045,5563,4074,1030,436,23,6330,715,755,969,771,1052,859,510,548,107,44,34457,45474,4131,48728,2810,15242,1375,18332,622,7917,72,2363,1486,4177,307,260,581,556,710,701,430,494,102,36,41241,54021,18285,2153,19240,27833,24164,36882,27081,15440,13932,7618,8033,1508,3733,319,8677,5628,5160,4543,3765,907,617,468,306,73,270,162,3049,2654,879,1923,395,-888888888.0,-888888888.0,-888888888.0,-888888888.0,-888888888.0,-888888888.0,-888888888.0,-888888888.0,-888888888.0,-888888888.0,-888888888.0,-888888888.0,-888888888.0,-888888888.0,-888888888.0,-888888888.0,-888888888.0,-888888888.0,-888888888.0
2018,Christian County; Kentucky,54190,33578,25851,23711,2140,7727,20612,25851,-888888888.0,25155,12959,12551,11401,7621,3789,10848,7032,30910,24452,2265,135,3013,485,560,17.0,23711,6631,4892,4758,2040,5390,23711,601,1210,4722,376,2641,1069,453,780,1879,5219,1941,1241,1579,21,047,23711,17895,4410,1383,23,25682,2611,1612,3154,3378,4641,4743,2312,2215,490,526,41235,55019,19284,55287,7743,16809,4455,21680,1890,9826,509,1748,4486,17415,1138,650,1704,2178,3362,3502,2044,1888,470,479,47987,64141,21770,8267,25492,33002,27444,33340,31849,62695,57351,38526,26490,5344,20347,1554,34249,23925,22015,19713,16228,4465,2302,1910,1536,757,797,374,10324,9283,4701,5279,1041,-888888888.0,-888888888.0,-888888888.0,-888888888.0,-888888888.0,-888888888.0,-888888888.0,-888888888.0,-888888888.0,-888888888.0,-888888888.0,-888888888.0,-888888888.0,-888888888.0,-888888888.0,-888888888.0,-888888888.0,-888888888.0,-888888888.0
2018,Daviess County; Kentucky,78005,48022,47976,45375,2601,46,29983,47976,-888888888.0,40658,22960,22960,21788,7993,5239,15310,10464,44440,38524,3570,182,825,483,856,19.1,45375,14239,8142,10379,3933,8682,45375,890,2749,7328,992,5558,2029,489,3335,3160,10842,3860,2480,1663,21,059,45375,37589,5472,2240,74,39808,3102,1897,4269,4776,5914,7323,4927,4843,1368,1389,49836,68599,29417,69368,14040,18724,8374,19521,2908,9656,797,2607,4466,26543,1434,848,1987,2370,3809,5171,3958,4429,1271,1266,63112,80648,27462,13265,29704,41585,30594,49246,35001,97977,93574,66334,40608,4403,25497,432,56904,43771,41583,39084,34566,5686,2499,2188,1771,857,939,417,13133,12095,5892,7195,1038,-888888888.0,-888888888.0,-888888888.0,-888888888.0,-888888888.0,-888888888.0,-888888888.0,-888888888.0,-888888888.0,-888888888.0,-888888888.0,-888888888.0,-888888888.0,-888888888.0,-888888888.0,-888888888.0,-888888888.0,-888888888.0,-888888888.0
2018,Grayson County; Kentucky,20682,11047,11040,10556,484,7,9635,11040,-888888888.0,10368,5076,5076,4795,1867,1166,3737,2525,10390,8446,1268,11,125,289,251,28.4,10556,2668,1700,1828,1512,2848,10556,473,1146,2448,372,1199,579,81,312,324,2012,760,319,531,21,085,10556,8163,1494,879,20,9771,935,640,1505,1494,1445,1530,1056,852,191,123,37906,52103,6714,54743,3833,17383,1850,21923,906,8465,234,2458,1857,6814,433,224,928,927,1060,1209,989,737,191,116,46585,61028,20721,2957,22492,29361,26910,40880,31461,25859,24453,14344,13494,1406,6577,248,15018,10322,9903,9276,7700,2103,627,419,383,90,297,36,4696,4235,1580,2987,461,-888888888.0,-888888888.0,-888888888.0,-888888888.0,-888888888.0,-888888888.0,-888888888.0,-888888888.0,-888888888.0,-888888888.0,-888888888.0,-888888888.0,-888888888.0,-888888888.0,-888888888.0,-888888888.0,-888888888.0,-888888888.0,-888888888.0
2018,Henderson County; Kentucky,36813,21433,21413,20402,1011,20,15380,21413,-888888888.0,19234,10306,10306,9857,3138,2443,6984,5457,20032,17581,1490,81,318,141,421,21.4,20402,5914,3656,4098,2111,4623,20402,453,1508,3878,573,2672,991,257,618,1350,4700,1763,907,732,21,101,20402,16931,2604,834,33,18480,1548,1237,2416,2145,2723,3171,2180,1842,784,434,45389,61596,13153,64717,6851,18378,3874,23055,1586,9393,362,2805,2814,12251,472,466,1094,1123,1904,2585,1784,1721,781,321,57886,73367,25376,6229,23571,32989,30095,44352,35623,44996,42804,29579,19730,2192,11293,175,26215,19245,18397,17094,15129,2664,1303,848,686,259,431,162,6970,6418,2891,4259,552,-888888888.0,-888888888.0,-888888888.0,-888888888.0,-888888888.0,-888888888.0,-888888888.0,-888888888.0,-888888888.0,-888888888.0,-888888888.0,-888888888.0,-888888888.0,-888888888.0,-888888888.0,-888888888.0,-888888888.0,-888888888.0,-888888888.0
2018,Henry County; Kentucky,12560,7451,7451,7058,393,0,5109,7451,-888888888.0,6511,3646,3646,3435,1035,705,2515,1765,6970,5580,904,8,115,24,339,29.0,7058,1626,1598,1397,954,1483,7058,286,528,1104,141,896,297,25,339,439,1689,563,403,348,21,103,7058,5543,879,611,25,5999,469,285,605,704,841,1277,831,713,179,95,51447,63636,4527,59882,2283,18471,1516,21479,631,9606,113,3049,1055,4278,254,195,340,372,534,922,760,657,161,83,58956,72512,24519,1721,29883,38420,27635,41852,30851,15734,14419,9741,6958,1315,3950,238,9270,6618,6277,5649,5004,816,628,341,202,28,180,139,2652,2352,1136,1551,300,-888888888.0,-888888888.0,-888888888.0,-888888888.0,-888888888.0,-888888888.0,-888888888.0,-888888888.0,-888888888.0,-888888888.0,-888888888.0,-888888888.0,-888888888.0,-888888888.0,-888888888.0,-888888888.0,-888888888.0,-888888888.0,-888888888.0
2018,Hopkins County; Kentucky,36390,19864,19843,18721,1122,21,16526,19843,-888888888.0,18990,9422,9422,8890,3215,2003,6535,4212,18434,16594,1081,43,203,250,263,21.8,18721,5388,3476,3527,2445,3885,18721,1454,849,2827,312,2145,1282,152,663,1142,5052,1246,737,860,21,107,18721,14813,3031,842,35,18560,1994,1052,2132,2184,2604,3396,2313,2119,391,375,45738,58611,12616,65512,6812,18524,4045,17681,1462,9366,254,2874,2717,12593,830,509,987,1244,1909,2533,2026,1835,377,343,58096,69251,24190,5967,24174,33488,31819,48392,33769,44651,41173,29702,17667,3478,10954,926,26144,18307,17314,16021,14652,1686,1293,993,793,298,578,200,7837,6808,3486,4061,1029,-888888888.0,-888888888.0,-888888888.0,-888888888.0,-888888888.0,-888888888.0,-888888888.0,-888888888.0,-888888888.0,-888888888.0,-888888888.0,-888888888.0,-888888888.0,-888888888.0,-888888888.0,-888888888.0,-888888888.0,-888888888.0,-888888888.0
2018,Jackson County; Kentucky,10734,4769,4769,4290,479,0,5965,4769,-888888888.0,5476,1994,1994,1831,936,454,1894,1034,4290,3535,468,83,35,36,133,32.5,4290,944,479,919,721,1227,4290,84,517,737,39,437,380,219,139,288,930,102,206,212,21,109,4290,2983,949,358,0,5455,796,706,606,789,861,905,424,223,51,94,32143,42860,3184,50676,2222,15328,1023,21214,871,9076,84,1619,1535,3967,406,340,483,530,642,857,349,215,51,94,41211,49914,17692,1488,14822,23241,28515,37415,30938,13267,12728,6987,7067,539,3260,30,7875,4464,4009,3743,3140,677,266,455,439,162,305,16,3411,3192,1035,2321,219,-888888888.0,-888888888.0,-888888888.0,-888888888.0,-888888888.0,-888888888.0,-888888888.0,-888888888.0,-888888888.0,-888888888.0,-888888888.0,-888888888.0,-888888888.0,-888888888.0,-888888888.0,-888888888.0,-888888888.0,-888888888.0,-888888888.0
2018,Laurel County; Kentucky,47877,25345,25278,23236,2042,67,22532,25278,-888888888.0,24783,12167,12141,11271,3706,1682,8785,4747,22876,19652,2141,16,185,258,624,19.7,23236,6293,3681,5952,2232,5078,23236,323,1143,3022,412,3553,1836,430,1110,2045,5017,2036,1131,1178,21,125,23236,18458,3443,1262,73,22735,2606,1886,3030,2773,3622,4071,2036,1830,396,485,39230,52703,15115,57959,9660,16375,3812,21413,2678,9171,527,1797,4774,15592,1408,905,1595,1704,2549,3227,1801,1599,387,417,47741,60981,21039,7143,21585,31008,27433,40096,30930,59383,55801,31948,30790,3582,14693,388,35511,23292,21524,19590,16601,3683,1934,1768,1277,571,715,491,12219,11466,3852,8727,753,-888888888.0,-888888888.0,-888888888.0,-888888888.0,-888888888.0,-888888888.0,-888888888.0,-888888888.0,-888888888.0,-888888888.0,-888888888.0,-888888888.0,-888888888.0,-888888888.0,-888888888.0,-888888888.0,-888888888.0,-888888888.0,-888888888.0
2018,Marshall County; Kentucky,25633,13705,13704,12950,754,1,11928,13704,-888888888.0,13188,6612,6612,6303,1919,1346,4031,2843,12723,11428,835,24,93,170,173,23.6,12950,4218,1777,2845,1499,2611,12950,398,1082,2158,529,1480,708,250,465,755,3163,890,641,431,21,157,12950,10131,2014,756,49,13390,889,792,1581,1547,1807,2388,1785,1793,529,279,50731,65258,8644,69908,5604,19240,3362,25911,853,11411,210,2366,1326,9246,433,161,706,956,1263,1679,1668,1655,475,250,65195,77862,27994,4144,26145,34712,33888,52967,35381,30602,29195,21345,13061,1407,6731,202,17435,12491,11888,11114,10077,1444,774,603,486,295,191,117,4944,4630,2523,2615,314,-888888888.0,-888888888.0,-888888888.0,-888888888.0,-888888888.0,-888888888.0,-888888888.0,-888888888.0,-888888888.0,-888888888.0,-888888888.0,-888888888.0,-888888888.0,-888888888.0,-888888888.0,-888888888.0,-888888888.0,-888888888.0,-888888888.0
2018,Meade County; Kentucky,22496,13791,13037,12105,932,754,8705,13037,-888888888.0,11165,6047,5917,5435,1845,1157,4260,2594,12676,10853,1257,45,80,99,342,31.4,12105,3498,1854,2439,1854,2460,12105,210,1246,1633,267,1299,1021,226,495,673,2701,1021,495,818,21,163,12105,9217,2425,451,12,10638,689,360,858,847,1635,2122,1651,1738,509,229,57963,73426,8094,73263,3438,17751,3002,25765,710,9516,94,1922,1272,7836,369,217,426,540,1029,1578,1448,1614,403,212,70778,80607,28078,2802,37160,50864,35470,50010,38563,27341,25800,20281,10327,1541,6994,332,16584,12145,11407,10616,9751,1906,791,738,623,260,376,115,4439,4136,2675,2200,303,-888888888.0,-888888888.0,-888888888.0,-888888888.0,-888888888.0,-888888888.0,-888888888.0,-888888888.0,-888888888.0,-888888888.0,-888888888.0,-888888888.0,-888888888.0,-888888888.0,-888888888.0,-888888888.0,-888888888.0,-888888888.0,-888888888.0
2018,Montgomery County; Kentucky,21861,12143,12143,11353,790,0,9718,12143,-888888888.0,11411,5745,5745,5313,1952,1371,4050,2911,11208,9277,1512,0,52,51,316,23.6,11353,2916,1847,2632,1020,2938,11353,141,804,2760,128,1944,413,166,351,481,2359,829,415,562,21,173,11353,9238,1526,565,24,10472,938,645,1412,1356,1621,1803,1303,999,229,166,41974,55650,7465,58849,4145,16627,1804,19276,973,9189,324,2664,1968,7476,476,281,1007,934,924,1468,1152,850,218,166,52599,63512,21877,2996,25180,31465,26926,40194,33552,27413,25412,16176,12841,2001,6948,317,16317,11331,10624,9531,8117,1638,1093,707,572,176,453,135,4986,4530,1900,3133,456,-888888888.0,-888888888.0,-888888888.0,-888888888.0,-888888888.0,-888888888.0,-888888888.0,-888888888.0,-888888888.0,-888888888.0,-888888888.0,-888888888.0,-888888888.0,-888888888.0,-888888888.0,-888888888.0,-888888888.0,-888888888.0,-888888888.0
2018,Nicholas County; Kentucky,5613,3020,3020,2805,215,0,2593,3020,-888888888.0,2971,1394,1394,1297,501,317,928,550,2705,2029,492,16,59,5,104,32.7,2805,697,537,515,386,670,2805,195,340,525,32,291,163,11,108,248,524,136,133,99,21,181,2805,2125,377,286,17,2694,201,192,347,412,375,475,273,299,58,62,41354,58566,1898,60049,1056,16831,590,17011,304,8205,124,3294,588,1950,74,29,234,280,285,457,261,226,50,54,53816,66455,22472,744,18125,31600,28711,41095,31518,7004,6352,3481,3816,652,1752,190,4148,2793,2589,2357,1860,590,232,204,175,46,129,29,1355,1201,395,919,154,-888888888.0,-888888888.0,-888888888.0,-888888888.0,-888888888.0,-888888888.0,-888888888.0,-888888888.0,-888888888.0,-888888888.0,-888888888.0,-888888888.0,-888888888.0,-888888888.0,-888888888.0,-888888888.0,-888888888.0,-888888888.0,-888888888.0
2018,Oldham County; Kentucky,50706,32691,32574,31579,995,117,18015,32574,-888888888.0,23740,14818,14818,14322,3949,2712,12348,8926,30926,26347,2036,110,176,318,1939,27.8,31579,14258,4032,7609,2256,3424,31579,274,1675,3879,902,3613,1916,540,3116,3719,7032,2453,1336,1124,21,185,31579,26244,3760,1523,52,20733,455,442,965,1276,1604,3020,2841,4929,2012,3189,97597,124231,17815,119758,5523,21559,4354,35154,543,8474,256,2343,914,16934,227,233,385,731,1012,2310,2410,4602,1930,3094,110677,138079,40779,3799,39033,58454,41827,72902,51144,61533,59682,52518,13970,1851,17819,279,36112,29657,28851,27685,26366,1962,1166,806,732,503,243,74,6455,6123,4895,1802,332,-888888888.0,-888888888.0,-888888888.0,-888888888.0,-888888888.0,-888888888.0,-888888888.0,-888888888.0,-888888888.0,-888888888.0,-888888888.0,-888888888.0,-888888888.0,-888888888.0,-888888888.0,-888888888.0,-888888888.0,-888888888.0,-888888888.0
2018,Owen County; Kentucky,8494,4320,4320,4098,222,0,4174,4320,-888888888.0,4400,2088,2088,2006,664,505,1742,1206,4002,3254,426,20,48,56,198,32.0,4098,1219,643,692,351,1193,4098,171,173,1027,91,346,253,53,181,241,896,217,123,326,21,187,4098,3104,816,172,6,3921,270,333,544,472,569,679,411,465,78,100,45338,61428,2762,63226,1662,17272,1085,19062,238,8559,40,1348,597,2737,122,149,209,393,356,551,344,462,78,73,52993,71911,23045,1184,21565,35158,29407,45038,35668,10664,10155,6601,5154,509,2697,27,6155,3997,3776,3504,2985,619,272,221,189,90,113,32,2158,1980,904,1332,178,-888888888.0,-888888888.0,-888888888.0,-888888888.0,-888888888.0,-888888888.0,-888888888.0,-888888888.0,-888888888.0,-888888888.0,-888888888.0,-888888888.0,-888888888.0,-888888888.0,-888888888.0,-888888888.0,-888888888.0,-888888888.0,-888888888.0
2018,Rockcastle County; Kentucky,13618,7062,7062,6477,585,0,6556,7062,-888888888.0,6995,3380,3380,3068,991,737,2317,1858,6381,5368,587,25,227,53,121,23.6,6477,1855,870,1380,917,1455,6477,177,510,1390,97,451,285,306,208,518,1677,339,251,268,21,203,6477,4885,1184,408,0,6525,749,592,1124,710,690,1338,488,634,141,59,36468,49283,4271,54618,2687,16403,1255,16851,838,9304,151,2498,1501,4626,308,269,670,532,539,1035,469,609,136,59,49844,58843,19913,1899,18040,25145,27328,46590,31267,16540,15785,9258,8420,755,3867,35,9926,6609,6095,5691,4907,947,404,514,347,140,207,167,3317,3177,858,2566,140,-888888888.0,-888888888.0,-888888888.0,-888888888.0,-888888888.0,-888888888.0,-888888888.0,-888888888.0,-888888888.0,-888888888.0,-888888888.0,-888888888.0,-888888888.0,-888888888.0,-888888888.0,-888888888.0,-888888888.0,-888888888.0,-888888888.0
2018,Scott County; Kentucky,41378,28742,28677,27517,1160,65,12636,28677,-888888888.0,20965,13475,13469,12826,4157,3004,8778,6773,27192,22829,2565,156,487,185,970,21.3,27517,9478,4231,4901,2708,6199,27517,678,1347,7382,440,2263,1081,286,924,2486,5882,2216,1273,1259,21,209,27517,22304,3890,1311,12,20206,771,1096,1211,1788,2617,3763,3099,3487,1314,1060,66966,82824,16847,82116,5152,17990,3847,25343,849,11123,294,2890,2458,14802,423,528,748,878,1692,2615,2560,3210,1222,926,79067,93222,31505,5404,38727,50187,34475,53957,39830,53234,49922,40482,15337,3312,14302,654,32898,26736,25700,23677,22062,2302,2023,1036,861,587,338,175,6162,5709,3719,2593,453,-888888888.0,-888888888.0,-888888888.0,-888888888.0,-888888888.0,-888888888.0,-888888888.0,-888888888.0,-888888888.0,-888888888.0,-888888888.0,-888888888.0,-888888888.0,-888888888.0,-888888888.0,-888888888.0,-888888888.0,-888888888.0,-888888888.0
2018,Warren County; Kentucky,100801,65571,65441,62113,3328,130,35230,65441,-888888888.0,51795,31088,31088,29581,9004,5822,17721,12514,59280,48318,6574,149,1796,761,1682,20.4,62113,20536,10534,14365,4405,12273,62113,744,3272,10918,2128,7919,3488,975,2322,4337,15271,6620,2493,1626,21,227,62113,50721,8545,2778,69,47142,3597,2757,4792,4674,6978,9036,6000,5688,1709,1911,52007,71487,37310,71563,13648,17942,8289,24601,2598,9133,738,2906,6075,30339,1248,966,2516,2737,3887,6194,4632,4996,1491,1672,63381,85363,27322,16803,30847,43421,26224,47228,34871,125088,117640,87589,44533,7448,31782,732,78046,59932,57214,53141,47467,7098,4073,2718,2084,1087,1113,634,18114,16188,9235,8381,1926,-888888888.0,-888888888.0,-888888888.0,-888888888.0,-888888888.0,-888888888.0,-888888888.0,-888888888.0,-888888888.0,-888888888.0,-888888888.0,-888888888.0,-888888888.0,-888888888.0,-888888888.0,-888888888.0,-888888888.0,-888888888.0,-888888888.0
2018,Allen County; Kentucky,16327,9126,9120,8616,504,6,7201,9120,-888888888.0,8337,4142,4142,3922,1656,954,2990,2103,8428,6650,933,11,193,133,508,24.0,8616,2149,1444,1733,1044,2246,8616,406,605,1978,121,1073,523,81,202,451,1860,561,414,341,21,003,8616,6614,1133,865,4,7697,649,488,1017,1031,1215,1435,963,670,123,106,40893,54747,5548,55787,3188,17737,1753,16918,568,9773,104,3168,932,5516,337,194,625,655,724,1201,945,621,115,99,55420,64004,21262,2181,21904,28620,26171,40055,31033,20599,19018,12281,10056,1581,5186,394,11960,8200,7743,7015,6065,1228,728,457,354,49,316,103,3760,3464,1291,2629,296,-888888888.0,-888888888.0,-888888888.0,-888888888.0,-888888888.0,-888888888.0,-888888888.0,-888888888.0,-888888888.0,-888888888.0,-888888888.0,-888888888.0,-888888888.0,-888888888.0,-888888888.0,-888888888.0,-888888888.0,-888888888.0,-888888888.0
2018,Bourbon County; Kentucky,16059,10044,10044,9402,642,0,6015,10044,-888888888.0,8337,4892,4892,4668,1367,1074,2876,2153,9276,7413,837,43,218,226,539,22.6,9402,2890,1790,2063,1086,1573,9402,959,542,1439,332,1034,384,110,492,588,1855,742,363,562,21,017,9402,7242,1439,686,35,8128,567,419,977,1032,955,1339,1285,1076,270,208,51462,67854,6148,67683,2882,18541,1748,21439,543,8750,161,1658,1137,5403,197,174,495,547,705,1036,965,855,267,162,62639,77305,27477,2725,28226,45292,30065,45072,36674,19901,18340,12987,8234,1561,4823,145,11495,8978,8364,7410,6827,963,954,614,399,138,261,215,2517,2270,1054,1443,247,-888888888.0,-888888888.0,-888888888.0,-888888888.0,-888888888.0,-888888888.0,-888888888.0,-888888888.0,-888888888.0,-888888888.0,-888888888.0,-888888888.0,-888888888.0,-888888888.0,-888888888.0,-888888888.0,-888888888.0,-888888888.0,-888888888.0
2018,Bullitt County; Kentucky,63802,41330,41271,39278,1993,59,22472,41271,-888888888.0,32375,19578,19568,18710,4823,3747,11748,9375,38659,32805,3833,44,284,453,1240,27.8,39278,10943,5186,9152,4525,9472,39278,281,2571,6807,1262,5105,4473,1026,2371,2823,7377,2285,1826,1071,21,029,39278,34131,3707,1398,42,29374,1433,980,2644,2417,4302,6417,4400,4634,1522,625,60534,71527,22812,73547,9868,18760,6761,20709,1639,9423,538,2284,2669,21590,592,488,1311,1479,2781,4890,3768,4324,1409,548,70778,80288,27423,7784,32944,42016,34907,50895,37774,79060,75929,59771,27027,3131,18882,696,48509,38096,36388,34980,32333,3713,1408,1708,1331,658,701,377,10413,9804,5639,5487,609,-888888888.0,-888888888.0,-888888888.0,-888888888.0,-888888888.0,-888888888.0,-888888888.0,-888888888.0,-888888888.0,-888888888.0,-888888888.0,-888888888.0,-888888888.0,-888888888.0,-888888888.0,-888888888.0,-888888888.0,-888888888.0,-888888888.0
2018,Crittenden County; Kentucky,7334,3795,3795,3643,152,0,3539,3795,-888888888.0,3650,1647,1647,1627,566,377,1188,705,3558,2876,367,32,124,59,100,27.2,3643,973,602,645,660,763,3643,333,317,600,58,381,144,9,209,212,809,168,129,274,21,055,3643,2616,642,373,12,3645,328,247,565,377,530,686,327,425,80,80,43169,58097,2559,59542,1565,19076,799,23245,311,9426,30,773,377,2453,133,20,258,302,370,558,290,383,80,59,57481,68469,24011,1192,20688,34819,26994,46480,29091,8867,7955,5111,4118,912,2019,231,5111,3433,3304,2964,2632,437,340,129,87,30,57,42,1678,1450,526,1034,228,-888888888.0,-888888888.0,-888888888.0,-888888888.0,-888888888.0,-888888888.0,-888888888.0,-888888888.0,-888888888.0,-888888888.0,-888888888.0,-888888888.0,-888888888.0,-888888888.0,-888888888.0,-888888888.0,-888888888.0,-888888888.0,-888888888.0
2018,Fulton County; Kentucky,5015,2400,2381,2223,158,19,2615,2381,-888888888.0,2551,1277,1272,1166,443,324,828,559,2197,1822,185,18,43,42,87,19.8,2223,616,594,372,201,440,2223,78,88,312,29,282,140,32,105,138,497,262,90,170,21,075,2223,1558,455,199,11,2524,410,244,505,239,331,367,224,138,37,29,28559,43485,1550,46753,1121,15805,558,18332,225,8683,68,1263,647,1530,203,107,229,107,201,327,173,138,25,20,44387,52629,19043,994,19609,26790,21767,39602,27959,5761,5436,2896,3570,325,1403,20,3166,2069,1916,1668,1270,485,248,153,131,21,110,22,1097,1062,340,821,35,-888888888.0,-888888888.0,-888888888.0,-888888888.0,-888888888.0,-888888888.0,-888888888.0,-888888888.0,-888888888.0,-888888888.0,-888888888.0,-888888888.0,-888888888.0,-888888888.0,-888888888.0,-888888888.0,-888888888.0,-888888888.0,-888888888.0
2018,Knott County; Kentucky,12660,5281,5281,4626,655,0,7379,5281,-888888888.0,6405,2489,2489,2222,840,329,1926,669,4543,3726,371,5,234,134,73,31.3,4626,1351,1226,936,565,548,4626,323,332,121,96,564,251,71,95,257,1517,262,339,398,21,119,4626,3299,1046,279,2,6348,945,518,1259,836,770,999,559,279,108,75,29326,43078,3518,46372,3037,16743,1386,19467,1324,10265,214,2018,2243,4397,467,284,743,569,607,840,485,247,108,47,38902,49198,18201,1951,17597,27748,20417,41538,30174,15362,14387,6326,10126,975,3443,186,9406,4860,4269,3855,2886,1170,414,591,522,101,429,69,4546,4240,1089,3556,306,-888888888.0,-888888888.0,-888888888.0,-888888888.0,-888888888.0,-888888888.0,-888888888.0,-888888888.0,-888888888.0,-888888888.0,-888888888.0,-888888888.0,-888888888.0,-888888888.0,-888888888.0,-888888888.0,-888888888.0,-888888888.0,-888888888.0
2018,Menifee County; Kentucky,5214,2446,2446,2293,153,0,2768,2446,-888888888.0,2482,1074,1074,994,420,190,717,387,2231,1882,269,0,17,0,63,33.3,2293,552,331,484,271,655,2293,95,137,589,52,293,137,13,55,72,485,100,108,157,21,165,2293,1615,516,162,0,2593,344,266,281,268,468,464,314,163,12,13,39905,46514,1583,52445,1220,16759,545,18304,224,8284,36,5472,562,1729,172,88,105,190,357,377,283,132,12,13,47672,54767,19825,864,18125,28285,29451,41150,31188,6332,6104,3455,3718,228,1399,5,3727,2171,2034,1940,1582,444,94,137,87,44,50,50,1556,1477,519,1152,79,-888888888.0,-888888888.0,-888888888.0,-888888888.0,-888888888.0,-888888888.0,-888888888.0,-888888888.0,-888888888.0,-888888888.0,-888888888.0,-888888888.0,-888888888.0,-888888888.0,-888888888.0,-888888888.0,-888888888.0,-888888888.0,-888888888.0
2018,Muhlenberg County; Kentucky,25564,12921,12921,11770,1151,0,12643,12921,-888888888.0,12957,5942,5942,5512,1878,907,4022,3073,11378,10014,1092,9,65,96,102,25.0,11770,2730,2397,2113,1701,2829,11770,766,693,2006,266,1397,833,69,382,625,2695,940,714,384,21,177,11770,9144,1858,719,49,11317,1020,900,1259,1512,1758,2165,1190,1138,234,141,43110,54486,7382,57274,4999,18143,2876,19115,1111,8960,264,2345,1912,8018,470,312,609,889,1496,1770,1088,1098,185,101,54025,63179,21521,3299,21305,31210,26654,46565,29670,30428,28480,19113,13679,1948,6732,283,18148,11912,10899,10007,8992,1249,892,1013,762,462,308,251,6236,5719,2512,3702,517,-888888888.0,-888888888.0,-888888888.0,-888888888.0,-888888888.0,-888888888.0,-888888888.0,-888888888.0,-888888888.0,-888888888.0,-888888888.0,-888888888.0,-888888888.0,-888888888.0,-888888888.0,-888888888.0,-888888888.0,-888888888.0,-888888888.0
2018,Perry County; Kentucky,21621,10304,10304,8870,1434,0,11317,10304,-888888888.0,11086,5167,5167,4456,1783,993,3416,1883,8643,6943,973,32,21,353,321,21.8,8870,2841,1607,2208,1102,1112,8870,514,582,286,266,1108,389,81,372,955,3075,477,331,434,21,193,8870,6652,1818,400,0,11172,1908,1075,1572,1450,1451,1705,868,713,225,205,31046,47987,6477,57012,4908,17160,2149,17516,1751,8802,297,2727,3470,7656,716,636,899,1052,1162,1346,781,649,228,187,43634,57947,20140,3516,15752,24106,27294,40623,30562,26322,24734,12005,15908,1588,6206,165,16152,9671,8319,7616,6002,1873,703,1352,1164,191,997,188,6481,5949,1395,5100,532,-888888888.0,-888888888.0,-888888888.0,-888888888.0,-888888888.0,-888888888.0,-888888888.0,-888888888.0,-888888888.0,-888888888.0,-888888888.0,-888888888.0,-888888888.0,-888888888.0,-888888888.0,-888888888.0,-888888888.0,-888888888.0,-888888888.0
2018,Wolfe County; Kentucky,5719,2182,2170,1788,382,12,3537,2170,-888888888.0,2951,1142,1142,939,483,124,890,406,1767,1308,338,0,15,36,70,28.8,1788,300,649,308,231,300,1788,45,159,213,8,156,112,30,78,53,423,179,118,214,21,237,1788,1105,520,136,27,2817,549,372,553,271,447,362,107,124,32,0,22458,34629,1384,37788,1332,15320,485,19383,643,9760,63,2898,1147,1819,332,149,258,138,414,273,99,124,32,0,36563,41913,14113,998,13594,17562,18554,31663,20609,7073,6739,2817,4903,334,1685,41,4123,1922,1617,1526,1166,412,91,305,242,38,226,63,2201,2062,439,1771,139,-888888888.0,-888888888.0,-888888888.0,-888888888.0,-888888888.0,-888888888.0,-888888888.0,-888888888.0,-888888888.0,-888888888.0,-888888888.0,-888888888.0,-888888888.0,-888888888.0,-888888888.0,-888888888.0,-888888888.0,-888888888.0,-888888888.0
2018,Clay County; Kentucky,16644,6134,6134,5492,642,0,10510,6134,-888888888.0,7834,2690,2690,2520,1360,617,2575,939,5384,4102,865,8,156,113,140,30.5,5492,1225,1169,1125,651,1322,5492,179,361,566,45,606,439,265,129,321,1579,469,255,278,21,051,5492,4075,1101,301,15,7625,1635,707,1381,819,1033,1088,558,291,44,69,26250,39093,4048,46694,3504,15434,1365,17714,1937,8894,300,2600,2682,5599,686,411,1175,633,917,948,467,249,44,69,33535,45096,15063,2026,11182,18574,21638,31975,25595,19220,17670,6992,12584,1550,4644,256,11716,5602,5038,4386,3323,1298,652,564,429,84,349,135,6114,5630,951,4998,484,-888888888.0,-888888888.0,-888888888.0,-888888888.0,-888888888.0,-888888888.0,-888888888.0,-888888888.0,-888888888.0,-888888888.0,-888888888.0,-888888888.0,-888888888.0,-888888888.0,-888888888.0,-888888888.0,-888888888.0,-888888888.0,-888888888.0
2018,Bell County; Kentucky,22027,8300,8286,7543,743,14,13727,8286,-888888888.0,11411,3886,3886,3700,1839,878,3262,1577,7433,5675,1145,24,183,195,211,21.4,7543,1772,1539,1567,860,1805,7543,393,364,1091,55,1059,474,116,194,430,2031,597,340,399,21,013,7543,5930,1164,449,0,10940,2146,1378,1989,1409,1522,1215,679,441,99,62,24628,36718,5703,38815,4989,15878,2228,19714,1854,9460,414,3843,3872,7076,1056,604,1236,924,1075,1048,628,371,99,35,31981,41918,15279,3864,15055,25687,20077,31803,27547,26384,24972,9845,18126,1412,6161,223,15459,7596,6885,6398,4718,1999,487,711,627,105,522,84,7863,7245,1418,6242,618,-888888888.0,-888888888.0,-888888888.0,-888888888.0,-888888888.0,-888888888.0,-888888888.0,-888888888.0,-888888888.0,-888888888.0,-888888888.0,-888888888.0,-888888888.0,-888888888.0,-888888888.0,-888888888.0,-888888888.0,-888888888.0,-888888888.0
2018,Cumberland County; Kentucky,5473,2586,2586,2440,146,0,2887,2586,-888888888.0,2821,1335,1335,1251,406,323,874,532,2357,1944,209,0,7,16,181,19.3,2440,712,336,547,320,525,2440,47,164,558,13,294,118,0,109,170,698,105,100,64,21,057,2440,1828,419,193,0,2769,496,293,307,322,532,416,177,176,36,14,32906,42275,1518,51937,1278,15391,603,17853,197,7838,68,2499,446,1778,214,86,169,228,334,388,147,176,22,14,45035,52348,17926,991,15220,23355,26009,36176,28770,6627,5923,3761,3073,704,1541,156,3755,2348,2226,1970,1725,318,256,122,70,34,36,52,1407,1167,432,796,240,-888888888.0,-888888888.0,-888888888.0,-888888888.0,-888888888.0,-888888888.0,-888888888.0,-888888888.0,-888888888.0,-888888888.0,-888888888.0,-888888888.0,-888888888.0,-888888888.0,-888888888.0,-888888888.0,-888888888.0,-888888888.0,-888888888.0
2018,Graves County; Kentucky,29278,16952,16952,15639,1313,0,12326,16952,-888888888.0,15065,8257,8257,7676,2851,2096,5415,3761,15316,13575,1064,36,75,221,345,23.0,15639,4540,2948,3124,1903,3124,15639,637,1035,2545,374,1737,895,162,774,958,3687,1118,1052,665,21,083,15639,12519,2160,957,3,14484,1701,949,1858,1585,2213,2513,1378,1643,445,199,41615,57201,9693,60334,5944,18294,3360,18308,1018,9775,172,3870,1881,9367,688,249,788,989,1376,1918,1203,1525,451,180,56462,70604,23189,5117,22366,31680,27762,47449,32085,36911,34381,22853,16800,2530,9524,394,20921,15241,14156,12968,11184,2184,1188,1085,628,272,416,457,5680,5189,2413,3327,491,-888888888.0,-888888888.0,-888888888.0,-888888888.0,-888888888.0,-888888888.0,-888888888.0,-888888888.0,-888888888.0,-888888888.0,-888888888.0,-888888888.0,-888888888.0,-888888888.0,-888888888.0,-888888888.0,-888888888.0,-888888888.0,-888888888.0
2018,Lee County; Kentucky,5512,2012,2012,1838,174,0,3500,2012,-888888888.0,2670,1020,1020,931,387,264,810,482,1800,1512,129,0,46,88,25,34.1,1838,595,224,416,231,372,1838,18,152,220,11,225,144,58,53,95,546,55,56,205,21,129,1838,1158,531,142,7,2864,680,294,502,210,385,398,212,151,2,30,23972,38875,1467,46980,1357,14301,407,16849,529,8468,73,1723,999,1527,281,59,248,116,248,262,163,127,0,23,37095,45524,17179,1337,15901,30657,26242,38814,31406,6222,6028,2774,3798,194,1514,6,3541,1942,1775,1702,1387,353,73,167,137,18,125,30,1599,1514,311,1248,85,-888888888.0,-888888888.0,-888888888.0,-888888888.0,-888888888.0,-888888888.0,-888888888.0,-888888888.0,-888888888.0,-888888888.0,-888888888.0,-888888888.0,-888888888.0,-888888888.0,-888888888.0,-888888888.0,-888888888.0,-888888888.0,-888888888.0
2018,Butler County; Kentucky,10212,5404,5404,5078,326,0,4808,5404,-888888888.0,5161,2448,2448,2317,830,424,1751,999,4971,4196,498,15,22,43,197,26.3,5078,1398,554,983,620,1523,5078,193,470,1277,119,361,448,41,235,317,1016,209,215,177,21,031,5078,3815,873,335,55,4996,545,286,691,679,627,885,588,505,119,71,40061,55810,3302,61555,1966,16294,1235,18083,355,7487,131,1597,726,3537,236,132,385,438,441,780,492,467,119,47,54204,63374,22597,1459,22047,35271,27873,44429,30139,12529,11414,7479,5562,1115,2999,252,7367,5048,4736,4283,3826,534,453,312,211,33,178,101,2319,2022,942,1304,297,-888888888.0,-888888888.0,-888888888.0,-888888888.0,-888888888.0,-888888888.0,-888888888.0,-888888888.0,-888888888.0,-888888888.0,-888888888.0,-888888888.0,-888888888.0,-888888888.0,-888888888.0,-888888888.0,-888888888.0,-888888888.0,-888888888.0
2018,Edmonson County; Kentucky,10132,5083,5083,4642,441,0,5049,5083,-888888888.0,5051,2393,2393,2154,691,423,1391,918,4518,3641,517,0,155,120,85,29.2,4642,1247,937,895,833,730,4642,29,671,680,127,467,144,116,203,301,1154,470,149,131,21,061,4642,3428,926,275,13,4886,464,413,547,609,803,964,404,542,84,56,41360,52374,3288,55111,2223,16191,1080,16931,387,10723,38,2842,783,3385,115,153,427,449,530,707,380,504,71,49,50734,60898,21459,1501,20439,31217,27691,41266,31799,12029,11455,7067,6310,574,2439,72,7297,4702,4340,4026,3430,796,314,362,344,58,292,18,2595,2425,1091,1614,170,-888888888.0,-888888888.0,-888888888.0,-888888888.0,-888888888.0,-888888888.0,-888888888.0,-888888888.0,-888888888.0,-888888888.0,-888888888.0,-888888888.0,-888888888.0,-888888888.0,-888888888.0,-888888888.0,-888888888.0,-888888888.0,-888888888.0
2018,Harrison County; Kentucky,14893,8438,8438,8008,430,0,6455,8438,-888888888.0,7703,3809,3809,3606,1113,672,2798,1898,7841,6395,875,19,147,120,285,25.1,8008,2054,1314,1394,943,2303,8008,296,522,2448,40,829,303,73,209,405,1735,491,280,377,21,097,8008,6458,1000,550,0,7149,677,488,801,524,1103,1369,943,973,196,75,49696,60393,5126,65208,2730,16308,1556,20146,640,8570,207,2432,1031,4970,190,179,354,393,814,1158,762,876,172,72,61506,71025,23851,2179,19502,30932,30647,48156,36195,18464,17051,12022,7887,1413,4480,439,10860,7650,7299,6646,5949,1108,653,351,346,134,223,5,3210,2896,1466,1851,314,-888888888.0,-888888888.0,-888888888.0,-888888888.0,-888888888.0,-888888888.0,-888888888.0,-888888888.0,-888888888.0,-888888888.0,-888888888.0,-888888888.0,-888888888.0,-888888888.0,-888888888.0,-888888888.0,-888888888.0,-888888888.0,-888888888.0
2018,Bracken County; Kentucky,6457,3833,3833,3622,211,0,2624,3833,-888888888.0,3235,1726,1726,1637,677,492,1219,838,3566,2821,484,5,59,47,150,36.1,3622,965,552,719,599,787,3622,119,391,618,125,394,326,91,200,219,655,128,227,129,21,023,3622,2818,532,267,5,3377,360,254,353,379,440,682,380,440,69,20,45827,57309,2400,62490,1244,16285,627,15214,199,10024,46,4552,515,2150,136,103,148,211,277,441,351,421,42,20,64360,70065,23480,1227,26382,34014,32209,50918,37214,8274,7826,5344,3537,448,2157,108,4843,3502,3313,3119,2659,540,194,189,169,67,108,20,1341,1215,476,837,126,-888888888.0,-888888888.0,-888888888.0,-888888888.0,-888888888.0,-888888888.0,-888888888.0,-888888888.0,-888888888.0,-888888888.0,-888888888.0,-888888888.0,-888888888.0,-888888888.0,-888888888.0,-888888888.0,-888888888.0,-888888888.0,-888888888.0
2018,Nelson County; Kentucky,35586,23132,23132,21821,1311,0,12454,23132,-888888888.0,18298,10949,10949,10304,3185,2418,7280,5443,21273,17823,2204,0,242,127,877,26.0,21821,6128,3217,3879,2438,6159,21821,604,1495,5238,452,2352,1763,248,1122,1513,4218,1207,840,769,21,179,21821,18123,2672,1024,2,17491,819,842,1822,1750,2257,3799,2477,2563,561,601,57469,79045,13845,71811,5895,18302,3725,40672,1062,11190,292,1554,2068,12013,389,342,750,821,1442,2799,2073,2405,536,456,69819,87543,31387,5478,31713,57854,31711,46812,36030,45085,42845,32818,16275,2240,11493,462,27141,21300,20085,18850,17114,2589,1235,1215,943,441,580,272,5841,5570,3240,2994,271,-888888888.0,-888888888.0,-888888888.0,-888888888.0,-888888888.0,-888888888.0,-888888888.0,-888888888.0,-888888888.0,-888888888.0,-888888888.0,-888888888.0,-888888888.0,-888888888.0,-888888888.0,-888888888.0,-888888888.0,-888888888.0,-888888888.0
2018,Wayne County; Kentucky,16790,7703,7703,7224,479,0,9087,7703,-888888888.0,8571,3592,3592,3421,1101,500,2571,1620,7176,6001,703,110,86,65,211,23.5,7224,1864,1248,1624,764,1724,7224,360,346,1619,114,875,232,120,421,261,1765,423,350,338,21,231,7224,5475,1168,565,16,8019,1074,680,1331,1041,1271,1413,460,515,120,114,34039,45817,4590,53010,3890,15020,1633,20297,1208,8819,231,3203,1674,4933,446,280,524,658,863,1111,435,440,120,56,43087,54530,19130,3086,17399,29936,23771,31416,29851,20331,18329,10722,10564,2002,4440,332,11926,7094,6653,5777,5014,1079,876,441,273,119,163,168,4832,4206,1518,3139,626,-888888888.0,-888888888.0,-888888888.0,-888888888.0,-888888888.0,-888888888.0,-888888888.0,-888888888.0,-888888888.0,-888888888.0,-888888888.0,-888888888.0,-888888888.0,-888888888.0,-888888888.0,-888888888.0,-888888888.0,-888888888.0,-888888888.0
2018,Marion County; Kentucky,15069,8526,8526,7751,775,0,6543,8526,-888888888.0,7525,4021,4021,3716,1304,978,3158,2068,7353,5750,943,25,224,62,349,19.6,7751,2275,1314,1198,810,2154,7751,336,429,2353,127,614,214,61,237,509,1624,495,378,374,21,155,7751,5674,1263,788,26,7453,636,568,973,1260,1024,1144,763,862,139,84,38544,54373,5336,55299,2974,15808,1608,20245,701,9722,169,1691,1663,4547,164,192,419,741,540,886,599,799,139,68,56617,68162,21659,2906,23885,30768,27315,40647,33805,18471,17290,11089,8871,1181,4904,121,10640,7712,7032,6448,5507,1103,584,680,485,84,401,195,2928,2647,1038,1899,281,-888888888.0,-888888888.0,-888888888.0,-888888888.0,-888888888.0,-888888888.0,-888888888.0,-888888888.0,-888888888.0,-888888888.0,-888888888.0,-888888888.0,-888888888.0,-888888888.0,-888888888.0,-888888888.0,-888888888.0,-888888888.0,-888888888.0
2018,Trigg County; Kentucky,11622,6437,6373,5750,623,64,5185,6373,-888888888.0,6030,3100,3100,2754,865,503,1941,1416,5760,4834,570,0,131,46,179,27.0,5750,1854,806,1112,561,1417,5750,201,346,825,50,811,588,28,167,450,1354,447,96,387,21,221,5750,4234,1157,351,8,5970,340,200,836,650,897,1190,880,745,109,123,52279,63696,4048,63543,2608,18697,1746,24536,324,9199,150,3682,653,4154,169,48,396,325,691,999,744,605,89,88,63736,69278,26893,1816,28676,49122,31961,49312,35097,14237,12871,9363,6218,1366,3346,463,7753,5561,5130,4610,3987,810,520,431,321,213,131,110,2192,1933,1181,1117,259,-888888888.0,-888888888.0,-888888888.0,-888888888.0,-888888888.0,-888888888.0,-888888888.0,-888888888.0,-888888888.0,-888888888.0,-888888888.0,-888888888.0,-888888888.0,-888888888.0,-888888888.0,-888888888.0,-888888888.0,-888888888.0,-888888888.0
2018,Boone County; Kentucky,98981,69297,69183,66174,3009,114,29684,69183,-888888888.0,50256,32766,32766,31462,10199,7177,22443,17101,64903,54346,5464,477,471,753,3392,24.6,66174,25773,8818,16954,4159,10470,66174,391,3335,9159,2448,9049,5828,1202,5936,6704,12180,5034,2450,2458,21,015,66174,57409,6350,2347,68,46404,1273,1259,3194,3652,5547,8265,6862,9200,3939,3213,75043,93086,38642,94310,12537,20168,8996,25233,1944,10534,548,2723,2893,34312,665,443,1541,2087,3376,5834,5662,8146,3478,3080,88948,105823,34433,12092,41130,52540,38303,57929,45511,128148,122211,101918,35082,5937,35660,1061,76654,63418,60843,57290,54078,4872,3553,2575,2266,1307,1020,309,13236,12222,8365,5120,1014,-888888888.0,-888888888.0,-888888888.0,-888888888.0,-888888888.0,-888888888.0,-888888888.0,-888888888.0,-888888888.0,-888888888.0,-888888888.0,-888888888.0,-888888888.0,-888888888.0,-888888888.0,-888888888.0,-888888888.0,-888888888.0,-888888888.0
2018,Jessamine County; Kentucky,41025,25679,25679,24081,1598,0,15346,25679,-888888888.0,21356,12081,12081,11372,3739,2628,8407,6127,23420,18463,2804,68,669,130,1286,23.8,24081,8384,4236,5176,2611,3674,24081,387,2208,2355,654,2993,1159,367,1039,2127,6554,2233,1393,612,21,113,24081,19961,2603,1432,85,18773,1340,1084,1522,1552,2771,3609,2387,2336,986,1186,56728,82566,14836,82684,5735,19960,3669,27166,1347,9962,413,3340,3066,14074,689,616,1081,987,1756,2796,1992,2179,868,1110,65996,93483,30215,4699,30266,43101,29439,50054,38136,51880,48406,34896,20017,3474,13860,742,30810,23335,21940,20262,17486,3288,1678,1395,995,502,538,400,7475,6835,3622,3781,640,-888888888.0,-888888888.0,-888888888.0,-888888888.0,-888888888.0,-888888888.0,-888888888.0,-888888888.0,-888888888.0,-888888888.0,-888888888.0,-888888888.0,-888888888.0,-888888888.0,-888888888.0,-888888888.0,-888888888.0,-888888888.0,-888888888.0
2018,Knox County; Kentucky,24906,10984,10984,10191,793,0,13922,10984,-888888888.0,12917,5056,5056,4608,2146,1077,4668,2286,9970,8520,968,99,197,0,186,23.5,10191,3101,1779,2270,860,2181,10191,129,635,1269,93,1499,638,146,338,901,3070,770,377,326,21,121,10191,7908,1783,500,0,12270,2398,1177,1926,1584,1687,1658,974,569,168,129,28790,42570,6987,51184,5150,16250,1614,21612,1884,9191,119,2378,3873,7958,1033,569,1096,1198,1213,1280,885,433,136,115,35833,50349,17498,4312,15522,26453,24950,38837,27685,31112,29063,13062,19341,2049,7848,77,18099,9983,9238,8300,6483,2247,938,745,565,180,385,180,8116,7267,1859,5909,849,-888888888.0,-888888888.0,-888888888.0,-888888888.0,-888888888.0,-888888888.0,-888888888.0,-888888888.0,-888888888.0,-888888888.0,-888888888.0,-888888888.0,-888888888.0,-888888888.0,-888888888.0,-888888888.0,-888888888.0,-888888888.0,-888888888.0
2018,Letcher County; Kentucky,18340,8021,8021,6993,1028,0,10319,8021,-888888888.0,9456,3968,3968,3611,1215,781,2941,1617,6867,5874,420,37,220,60,256,25.4,6993,2436,1158,1428,1024,947,6993,511,421,362,133,733,351,145,175,351,2556,526,389,340,21,133,6993,5346,1368,260,19,9892,1824,913,1515,1342,1466,1229,712,724,75,92,29856,43053,5528,50665,4460,17576,1870,16386,1292,9017,307,2159,3122,6693,895,533,932,860,1084,986,590,658,68,87,36871,49521,18811,3199,17521,27457,25935,47909,27811,22495,21277,10329,14167,1218,5204,150,13313,7568,6610,6136,4855,1639,474,958,768,83,694,190,5745,5377,1547,4432,368,-888888888.0,-888888888.0,-888888888.0,-888888888.0,-888888888.0,-888888888.0,-888888888.0,-888888888.0,-888888888.0,-888888888.0,-888888888.0,-888888888.0,-888888888.0,-888888888.0,-888888888.0,-888888888.0,-888888888.0,-888888888.0,-888888888.0
2018,Livingston County; Kentucky,7546,4178,4178,3955,223,0,3368,4178,-888888888.0,3804,1916,1916,1808,525,303,1287,836,3829,3294,274,12,33,64,152,22.9,3955,886,616,840,929,684,3955,222,347,410,105,547,384,54,218,223,854,222,220,149,21,139,3955,3108,598,241,8,3967,353,199,540,467,514,885,523,362,38,86,46076,64241,2747,62545,1774,18461,927,36839,236,9044,75,4700,569,2622,139,75,255,254,376,655,440,339,38,51,58641,67516,27338,1345,27610,57659,26509,47826,26849,9204,8852,6046,4139,352,2078,20,5291,3799,3616,3445,3107,418,171,183,152,11,141,31,1492,1387,641,969,105,-888888888.0,-888888888.0,-888888888.0,-888888888.0,-888888888.0,-888888888.0,-888888888.0,-888888888.0,-888888888.0,-888888888.0,-888888888.0,-888888888.0,-888888888.0,-888888888.0,-888888888.0,-888888888.0,-888888888.0,-888888888.0,-888888888.0
2018,Pike County; Kentucky,49356,22504,22504,20501,2003,0,26852,22504,-888888888.0,25510,10342,10342,9633,3676,1617,7540,4221,20054,16358,2217,113,500,297,569,24.5,20501,6157,3576,4819,2840,3109,20501,1705,965,1656,441,3044,1039,297,737,1284,5913,1762,813,845,21,195,20501,15797,3791,897,16,25768,4120,2052,3679,3343,3888,3417,2372,1943,533,421,34081,50468,15077,59593,11401,18166,5116,17170,3541,9320,512,1602,5688,17695,1723,990,2195,2163,3038,2838,2095,1814,491,348,42401,59036,21646,8073,17931,29619,26586,45949,30213,59765,56296,32337,33357,3469,13156,493,36510,21004,19145,17708,15151,3489,1437,1859,1550,498,1052,309,15506,14290,4665,11363,1216,-888888888.0,-888888888.0,-888888888.0,-888888888.0,-888888888.0,-888888888.0,-888888888.0,-888888888.0,-888888888.0,-888888888.0,-888888888.0,-888888888.0,-888888888.0,-888888888.0,-888888888.0,-888888888.0,-888888888.0,-888888888.0,-888888888.0
2018,Shelby County; Kentucky,36884,23943,23861,22729,1132,82,12941,23861,-888888888.0,19430,11499,11499,10903,3800,2882,6659,4699,22185,18113,2146,74,414,390,1048,25.9,22729,8002,3687,4547,2237,4256,22729,753,1339,4016,618,2565,1305,250,1479,1979,4619,1734,958,1114,21,211,22729,18490,2738,1439,62,16569,945,703,1452,1715,1788,2892,2593,2380,1073,1028,64240,84096,13252,81993,5661,19075,3553,26911,734,8281,499,1789,2017,11673,327,267,705,1056,1388,2053,1975,1966,991,945,75504,97257,30932,4896,29640,47705,31757,52214,39367,45645,41572,31990,15818,4073,11593,524,27269,21732,20726,18150,16434,2051,2576,1006,670,269,433,336,5537,4900,2914,2621,637,-888888888.0,-888888888.0,-888888888.0,-888888888.0,-888888888.0,-888888888.0,-888888888.0,-888888888.0,-888888888.0,-888888888.0,-888888888.0,-888888888.0,-888888888.0,-888888888.0,-888888888.0,-888888888.0,-888888888.0,-888888888.0,-888888888.0
2018,Anderson County; Kentucky,17474,11242,11242,10381,861,0,6232,11242,-888888888.0,9090,5376,5376,5045,1729,1260,3124,2346,10324,9073,925,0,121,14,191,26.2,10381,3536,1569,2351,1061,1864,10381,144,604,1811,252,1215,319,183,520,503,1767,900,692,1471,21,005,10381,7207,2561,593,20,8627,598,298,829,945,1327,1635,1231,1249,300,215,54160,66456,6566,65021,2663,18670,2211,23917,387,8977,188,3987,946,5960,284,136,443,521,705,1213,1058,1101,297,202,67265,77586,26339,2667,32455,38274,31695,45193,38141,22111,21218,16069,8041,893,5523,132,13353,10374,9701,9174,8387,1019,527,673,565,172,393,108,2979,2862,1545,1590,117,-888888888.0,-888888888.0,-888888888.0,-888888888.0,-888888888.0,-888888888.0,-888888888.0,-888888888.0,-888888888.0,-888888888.0,-888888888.0,-888888888.0,-888888888.0,-888888888.0,-888888888.0,-888888888.0,-888888888.0,-888888888.0,-888888888.0
2018,Breckinridge County; Kentucky,15994,8495,8492,7785,707,3,7499,8492,-888888888.0,8056,3697,3697,3317,1263,677,3140,2137,7509,5698,1106,81,147,106,371,31.8,7785,2050,1134,1348,1340,1913,7785,309,780,1863,128,856,531,76,284,319,1707,395,306,231,21,027,7785,5942,1242,595,6,7675,642,439,1022,924,980,1594,962,792,203,117,48189,58434,5228,60298,3383,17965,1866,21539,694,8911,109,2541,1290,5261,242,196,522,551,628,1225,852,754,195,96,61377,68594,22521,2414,25227,33364,27799,44522,35731,19817,18261,12780,8806,1556,4853,314,11306,7794,7163,6430,5706,1040,733,631,410,89,327,221,3512,3224,1678,1967,288,-888888888.0,-888888888.0,-888888888.0,-888888888.0,-888888888.0,-888888888.0,-888888888.0,-888888888.0,-888888888.0,-888888888.0,-888888888.0,-888888888.0,-888888888.0,-888888888.0,-888888888.0,-888888888.0,-888888888.0,-888888888.0,-888888888.0
2018,Franklin County; Kentucky,41074,25844,25804,24329,1475,40,15230,25804,-888888888.0,21447,12790,12750,12077,3140,2278,6616,5477,23947,19915,2756,77,391,167,641,19.2,24329,8819,4062,5855,1823,3770,24329,652,1282,2671,234,3072,967,360,1112,2146,4040,2253,846,4694,21,073,24329,15910,7285,1134,0,20875,987,858,1753,2424,3202,4639,2849,2816,893,454,55068,67316,16055,60588,7051,19039,6606,34052,1022,8849,238,4536,2255,12784,377,391,730,952,1529,2882,2218,2467,840,398,68840,80749,28801,8091,37746,44379,30892,42488,38239,49534,45533,35920,17541,4001,11119,675,30163,23804,22504,20187,18403,2280,2317,1300,820,495,361,480,6359,5830,3399,2908,529,-888888888.0,-888888888.0,-888888888.0,-888888888.0,-888888888.0,-888888888.0,-888888888.0,-888888888.0,-888888888.0,-888888888.0,-888888888.0,-888888888.0,-888888888.0,-888888888.0,-888888888.0,-888888888.0,-888888888.0,-888888888.0,-888888888.0
2018,McCreary County; Kentucky,14313,5243,5243,4407,836,0,9070,5243,-888888888.0,6448,2220,2220,1879,1185,448,2015,1028,4351,3658,416,0,112,116,49,31.0,4407,986,942,947,571,961,4407,47,496,475,111,714,270,113,234,173,910,397,177,290,21,147,4407,3149,884,356,18,6203,1177,894,1197,942,616,771,305,227,28,46,23273,34828,3356,41536,2955,14152,909,16649,1127,8568,207,1948,1957,4361,679,365,698,744,560,726,305,210,28,46,31598,42431,12903,1842,13293,15713,18658,31257,25503,16170,15371,6506,10863,799,4031,47,9588,4837,4066,3801,2914,1146,265,771,684,227,479,87,4751,4351,1247,3633,400,-888888888.0,-888888888.0,-888888888.0,-888888888.0,-888888888.0,-888888888.0,-888888888.0,-888888888.0,-888888888.0,-888888888.0,-888888888.0,-888888888.0,-888888888.0,-888888888.0,-888888888.0,-888888888.0,-888888888.0,-888888888.0,-888888888.0
2018,Madison County; Kentucky,72741,45086,45013,42056,2957,73,27655,45013,-888888888.0,37716,21672,21671,20176,6197,3957,11442,8409,40969,32895,3650,44,2090,894,1396,22.9,42056,15010,8448,8642,2919,7037,42056,531,2134,5676,624,4919,1446,845,1400,3215,12146,4890,1814,2416,21,151,42056,32202,7780,1946,128,33229,3007,2228,3796,3315,4603,5846,4076,4373,1165,820,48687,63966,25561,64081,10273,18018,6395,21536,1900,9833,668,2415,4668,20726,1175,766,1741,1603,2670,3932,3314,3693,1039,793,64955,78910,24553,12503,27062,36214,24905,47925,35758,88838,84072,60968,33003,4766,21680,557,55825,41624,39075,36419,31770,6016,2656,2549,2061,1158,1010,488,14201,13211,7499,6829,990,-888888888.0,-888888888.0,-888888888.0,-888888888.0,-888888888.0,-888888888.0,-888888888.0,-888888888.0,-888888888.0,-888888888.0,-888888888.0,-888888888.0,-888888888.0,-888888888.0,-888888888.0,-888888888.0,-888888888.0,-888888888.0,-888888888.0
2018,Metcalfe County; Kentucky,7972,4152,4144,3920,224,8,3820,4144,-888888888.0,4161,1961,1961,1785,652,473,1492,856,3848,3103,496,0,24,15,210,24.5,3920,998,642,652,457,1171,3920,290,194,1040,51,509,183,64,113,323,674,156,97,226,21,169,3920,2877,563,362,118,3998,427,373,754,434,629,603,308,369,66,35,35809,47629,2577,53951,1551,15478,847,18990,378,8179,68,1149,801,2783,167,240,329,396,418,557,250,335,66,25,44944,55897,19436,1215,18540,25428,26725,39352,29321,9904,9340,5397,5319,564,2383,151,5811,3925,3706,3432,2709,882,274,219,193,101,104,26,1886,1798,705,1331,88,-888888888.0,-888888888.0,-888888888.0,-888888888.0,-888888888.0,-888888888.0,-888888888.0,-888888888.0,-888888888.0,-888888888.0,-888888888.0,-888888888.0,-888888888.0,-888888888.0,-888888888.0,-888888888.0,-888888888.0,-888888888.0,-888888888.0
2018,Owsley County; Kentucky,3726,1395,1395,1245,150,0,2331,1395,-888888888.0,2096,620,620,558,302,215,506,291,1242,1015,137,0,22,50,18,24.8,1245,494,256,228,160,107,1245,98,83,42,28,66,106,31,56,38,399,44,77,177,21,189,1245,764,383,98,0,1664,481,166,178,134,149,203,169,178,0,6,25530,44903,806,52155,674,14433,323,28487,496,9265,123,5654,793,1158,175,115,107,133,110,211,145,161,0,1,39123,51615,17766,506,9237,27848,26404,40132,34539,4384,4286,1522,3152,98,968,0,2672,1200,1058,1027,680,363,31,142,142,0,142,0,1472,1405,215,1256,67,-888888888.0,-888888888.0,-888888888.0,-888888888.0,-888888888.0,-888888888.0,-888888888.0,-888888888.0,-888888888.0,-888888888.0,-888888888.0,-888888888.0,-888888888.0,-888888888.0,-888888888.0,-888888888.0,-888888888.0,-888888888.0,-888888888.0
2018,Simpson County; Kentucky,14112,8515,8515,8242,273,0,5597,8515,-888888888.0,7316,3899,3899,3754,1422,912,2637,1666,7996,7094,526,19,27,127,203,19.2,8242,2173,1186,1849,636,2398,8242,285,378,2270,238,1025,451,86,237,481,1337,559,429,466,21,213,8242,6712,895,608,27,6914,563,289,675,996,1082,1410,853,665,180,201,48311,60543,5284,61400,2359,20414,1079,24230,161,12474,93,3341,815,4988,284,94,310,625,708,1141,823,640,174,189,58547,70834,23991,1926,23041,30086,29463,45469,32092,17715,16473,11976,6610,1242,4633,253,10244,7690,7493,6884,6304,757,609,197,177,65,149,20,2554,2202,1140,1206,352,-888888888.0,-888888888.0,-888888888.0,-888888888.0,-888888888.0,-888888888.0,-888888888.0,-888888888.0,-888888888.0,-888888888.0,-888888888.0,-888888888.0,-888888888.0,-888888888.0,-888888888.0,-888888888.0,-888888888.0,-888888888.0,-888888888.0
2018,Clark County; Kentucky,28770,17316,17270,16231,1039,46,11454,17270,-888888888.0,15018,7887,7887,7381,2097,1628,4974,3557,16014,13233,1567,25,285,351,553,24.9,16231,5300,2361,3656,1798,3116,16231,250,1179,2860,375,1987,878,125,829,1286,3526,1294,686,956,21,049,16231,12892,2526,800,13,14427,848,758,1831,1625,1706,2860,1976,1894,529,400,52938,67817,10609,69139,5271,18607,3302,19350,1130,9609,256,2807,2143,9748,436,240,843,921,1145,2031,1615,1701,449,367,64934,79466,27416,4679,28750,40340,31074,46778,36573,35484,33471,22986,15456,2013,8479,249,20976,15639,14798,13621,12171,1958,1177,841,660,344,366,181,5337,4941,2156,3305,396,-888888888.0,-888888888.0,-888888888.0,-888888888.0,-888888888.0,-888888888.0,-888888888.0,-888888888.0,-888888888.0,-888888888.0,-888888888.0,-888888888.0,-888888888.0,-888888888.0,-888888888.0,-888888888.0,-888888888.0,-888888888.0,-888888888.0
2018,Todd County; Kentucky,9396,5114,5074,4716,358,40,4282,5074,-888888888.0,4761,2412,2412,2213,1153,531,2076,1122,4637,3798,411,0,62,199,167,27.7,4716,1454,603,770,701,1188,4716,442,392,878,60,536,262,8,172,337,964,192,214,259,21,219,4716,3371,866,454,25,4663,408,376,614,642,598,928,424,457,78,138,41865,61316,3260,67692,1811,17532,715,17694,343,7569,154,2401,948,3437,146,142,378,529,478,750,399,405,78,132,51750,72278,23188,1226,18019,26257,29830,42959,28666,12124,10263,6071,5532,1861,3443,638,6822,4728,4379,3732,3129,778,647,349,215,37,178,134,2094,1681,681,1225,413,-888888888.0,-888888888.0,-888888888.0,-888888888.0,-888888888.0,-888888888.0,-888888888.0,-888888888.0,-888888888.0,-888888888.0,-888888888.0,-888888888.0,-888888888.0,-888888888.0,-888888888.0,-888888888.0,-888888888.0,-888888888.0,-888888888.0
2018,Carroll County; Kentucky,8250,4911,4888,4446,442,23,3339,4888,-888888888.0,4032,2199,2176,1968,850,613,1577,1160,4439,3687,515,2,92,36,107,19.0,4446,809,851,937,622,1227,4446,143,366,1155,145,446,302,20,159,279,565,489,212,165,21,041,4446,3772,467,207,0,3981,311,431,576,427,565,488,500,316,216,151,43258,60809,2939,62654,1423,16221,694,21481,369,8902,74,4428,779,2627,267,212,287,157,382,288,402,293,188,151,50531,71910,23546,1354,25577,35328,29278,52908,33772,10436,9622,5720,5129,814,2804,17,6104,4516,4102,3613,3073,731,489,414,226,10,216,188,1588,1499,598,1034,89,-888888888.0,-888888888.0,-888888888.0,-888888888.0,-888888888.0,-888888888.0,-888888888.0,-888888888.0,-888888888.0,-888888888.0,-888888888.0,-888888888.0,-888888888.0,-888888888.0,-888888888.0,-888888888.0,-888888888.0,-888888888.0,-888888888.0
2018,Clinton County; Kentucky,8191,3849,3849,3573,276,0,4342,3849,-888888888.0,4140,1852,1852,1787,812,453,1336,758,3463,2936,301,1,35,93,97,17.1,3573,1124,649,755,292,753,3573,218,162,783,80,329,139,120,117,163,916,273,76,197,21,053,3573,2682,666,220,5,3835,449,428,700,559,583,528,200,237,79,72,31115,49008,2193,57176,1845,15188,658,20426,556,9031,60,5177,954,2439,180,123,476,294,416,412,177,259,45,57,39317,55747,20235,1396,17096,34558,23789,35446,30299,10056,9198,4697,5684,858,2421,291,5764,3429,3153,2830,2373,553,323,276,175,93,100,101,2335,2204,567,1827,131,-888888888.0,-888888888.0,-888888888.0,-888888888.0,-888888888.0,-888888888.0,-888888888.0,-888888888.0,-888888888.0,-888888888.0,-888888888.0,-888888888.0,-888888888.0,-888888888.0,-888888888.0,-888888888.0,-888888888.0,-888888888.0,-888888888.0
2018,Gallatin County; Kentucky,6840,4054,4046,3808,238,8,2786,4046,-888888888.0,3378,1827,1827,1680,631,408,1287,850,3737,2953,529,2,80,17,156,28.1,3808,742,750,839,450,1027,3808,78,370,804,143,324,326,24,226,303,518,283,148,261,21,077,3808,3049,534,220,5,3073,223,160,398,298,450,625,417,417,73,12,50204,59104,2323,61692,1118,16762,573,16611,177,9415,37,665,351,1952,96,59,173,253,307,435,280,270,73,6,53164,63778,23043,1121,36750,47194,30492,49621,30952,8590,7804,5264,3278,786,2314,213,5185,3692,3459,3047,2737,354,412,233,183,111,74,50,1493,1382,556,919,111,-888888888.0,-888888888.0,-888888888.0,-888888888.0,-888888888.0,-888888888.0,-888888888.0,-888888888.0,-888888888.0,-888888888.0,-888888888.0,-888888888.0,-888888888.0,-888888888.0,-888888888.0,-888888888.0,-888888888.0,-888888888.0,-888888888.0
