year,county_name,employment_status_population_16_years_and_over,employment_status_in_labor_force,employment_status_in_labor_force_civilian_labor_fo,employment_status_in_labor_force_civilian_labor_fo,employment_status_in_labor_force_civilian_labor_fo,employment_status_in_labor_force_armed_forces,employment_status_not_in_labor_force,employment_status_civilian_labor_force,employment_status_percent_unemployed,employment_status_females_16_years_and_over,employment_status_in_labor_force,employment_status_in_labor_force_civilian_labor_fo,employment_status_in_labor_force_civilian_labor_fo,employment_status_own_children_under_6_years,employment_status_all_parents_in_family_in_labor_f,employment_status_own_children_6_to_17_years,employment_status_all_parents_in_family_in_labor_f,commuting_to_work_workers_16_years_and_over,commuting_to_work_car_truck_or_van____drove_alone,commuting_to_work_car_truck_or_van____carpooled,commuting_to_work_public_transportation_excluding_,commuting_to_work_walked,commuting_to_work_other_means,commuting_to_work_worked_at_home,commuting_to_work_mean_travel_time_to_work_minutes,occupation_civilian_employed_population_16_years_a,occupation_management_business_science_and_arts_oc,occupation_service_occupations,occupation_sales_and_office_occupations,occupation_natural_resources_construction_and_main,occupation_production_transportation_and_material_,industry_civilian_employed_population_16_years_and,industry_agriculture_forestry_fishing_and_hunting_,industry_construction,industry_manufacturing,state_fips,county_fips,industry_wholesale_trade,industry_retail_trade,industry_transportation_and_warehousing_and_utilit,industry_information,industry_finance_and_insurance_and_real_estate_and,industry_professional_scientific_and_management_an,industry_educational_services_and_health_care_and_,industry_arts_entertainment_and_recreation_and_acc,industry_other_services_except_public_administrati,industry_public_administration,class_of_worker_civilian_employed_population_16_ye,class_of_worker_private_wage_and_salary_workers,class_of_worker_government_workers,class_of_worker_self_employed_in_own_not_incorpora,class_of_worker_unpaid_family_workers,income_and_benefits_in_2012_inflation_adjusted_dol,income_and_benefits_in_2012_inflation_adjusted_dol,income_and_benefits_in_2012_inflation_adjusted_dol,income_and_benefits_in_2012_inflation_adjusted_dol,income_and_benefits_in_2012_inflation_adjusted_dol,income_and_benefits_in_2012_inflation_adjusted_dol,income_and_benefits_in_2012_inflation_adjusted_dol,income_and_benefits_in_2012_inflation_adjusted_dol,income_and_benefits_in_2012_inflation_adjusted_dol,income_and_benefits_in_2012_inflation_adjusted_dol,income_and_benefits_in_2012_inflation_adjusted_dol,income_and_benefits_in_2012_inflation_adjusted_dol,income_and_benefits_in_2012_inflation_adjusted_dol,income_and_benefits_in_2012_inflation_adjusted_dol,income_and_benefits_in_2012_inflation_adjusted_dol,income_and_benefits_in_2012_inflation_adjusted_dol,income_and_benefits_in_2012_inflation_adjusted_dol,income_and_benefits_in_2012_inflation_adjusted_dol,income_and_benefits_in_2012_inflation_adjusted_dol,income_and_benefits_in_2012_inflation_adjusted_dol,income_and_benefits_in_2012_inflation_adjusted_dol,income_and_benefits_in_2012_inflation_adjusted_dol,income_and_benefits_in_2012_inflation_adjusted_dol,income_and_benefits_in_2012_inflation_adjusted_dol,income_and_benefits_in_2012_inflation_adjusted_dol,income_and_benefits_in_2012_inflation_adjusted_dol,income_and_benefits_in_2012_inflation_adjusted_dol,income_and_benefits_in_2012_inflation_adjusted_dol,income_and_benefits_in_2012_inflation_adjusted_dol,income_and_benefits_in_2012_inflation_adjusted_dol,income_and_benefits_in_2012_inflation_adjusted_dol,income_and_benefits_in_2012_inflation_adjusted_dol,income_and_benefits_in_2012_inflation_adjusted_dol,income_and_benefits_in_2012_inflation_adjusted_dol,income_and_benefits_in_2012_inflation_adjusted_dol,income_and_benefits_in_2012_inflation_adjusted_dol,income_and_benefits_in_2012_inflation_adjusted_dol,income_and_benefits_in_2012_inflation_adjusted_dol,income_and_benefits_in_2012_inflation_adjusted_dol,income_and_benefits_in_2012_inflation_adjusted_dol,income_and_benefits_in_2012_inflation_adjusted_dol,income_and_benefits_in_2012_inflation_adjusted_dol,income_and_benefits_in_2012_inflation_adjusted_dol,income_and_benefits_in_2012_inflation_adjusted_dol,health_insurance_coverage_civilian_noninstitutiona,health_insurance_coverage_with_health_insurance_co,health_insurance_coverage_with_health_insurance_co,health_insurance_coverage_with_health_insurance_co,health_insurance_coverage_no_health_insurance_cove,health_insurance_coverage_civilian_noninstitutiona,health_insurance_coverage_no_health_insurance_cove,health_insurance_coverage_civilian_noninstitutiona,health_insurance_coverage_in_labor_force,health_insurance_coverage_in_labor_force_employed,health_insurance_coverage_in_labor_force_employed_,health_insurance_coverage_in_labor_force_employed_,health_insurance_coverage_in_labor_force_employed_,health_insurance_coverage_in_labor_force_employed_,health_insurance_coverage_in_labor_force_unemploye,health_insurance_coverage_in_labor_force_unemploye,health_insurance_coverage_in_labor_force_unemploye,health_insurance_coverage_in_labor_force_unemploye,health_insurance_coverage_in_labor_force_unemploye,health_insurance_coverage_not_in_labor_force,health_insurance_coverage_not_in_labor_force_with_,health_insurance_coverage_not_in_labor_force_with_,health_insurance_coverage_not_in_labor_force_with_,health_insurance_coverage_not_in_labor_force_no_he,percentage_of_families_and_people_whose_income_in_,percentage_of_families_and_people_whose_income_in_,percentage_of_families_and_people_whose_income_in_,percentage_of_families_and_people_whose_income_in_,percentage_of_families_and_people_whose_income_in_,percentage_of_families_and_people_whose_income_in_,percentage_of_families_and_people_whose_income_in_,percentage_of_families_and_people_whose_income_in_,percentage_of_families_and_people_whose_income_in_,percentage_of_families_and_people_whose_income_in_,percentage_of_families_and_people_whose_income_in_,percentage_of_families_and_people_whose_income_in_,percentage_of_families_and_people_whose_income_in_,percentage_of_families_and_people_whose_income_in_,percentage_of_families_and_people_whose_income_in_,percentage_of_families_and_people_whose_income_in_,percentage_of_families_and_people_whose_income_in_,percentage_of_families_and_people_whose_income_in_,percentage_of_families_and_people_whose_income_in_
2012,Polk County; Texas,37139,17643,17643,15431,2212,0,19496,17643,-888888888,17189,8034,8034,7088,3061,1702,5571,3727,15006,11201,2449,68,357,362,569,26.0,15431,3822,3409,3381,2708,2111,15431,789,1801,1075,48,373,272,1706,835,196,715,1339,3315,1063,1033,1292,15431,10679,3110,1597,45,17038,1644,1257,2629,2358,2756,2876,1675,1284,290,269,37194,50650,11206,51538,7335,17280,3905,19484,1313,8866,234,2184,3071,11899,893,544,1715,1465,1959,2284,1488,1112,222,217,44794,56799,19260,5139,23474,30797,25145,36884,30611,41432,31267,20191,16954,10165,9538,1432,23553,16315,14267,9594,9095,847,4673,2048,607,332,290,1441,7238,4641,2050,2938,2597,-888888888,-888888888,-888888888,-888888888,-888888888,-888888888,-888888888,-888888888,-888888888,-888888888,-888888888,-888888888,-888888888,-888888888,-888888888,-888888888,-888888888,-888888888,-888888888
2012,Refugio County; Texas,5873,3228,3228,3004,224,0,2645,3228,-888888888,2947,1393,1393,1325,463,270,1152,810,2993,2341,390,0,100,40,122,22.2,3004,765,690,739,464,346,3004,488,228,132,48,391,168,261,144,62,152,227,567,263,112,200,3004,2096,593,292,23,2784,196,199,438,353,459,472,274,265,107,21,42589,56386,2096,52929,1333,14656,562,15938,189,7536,46,1063,458,2005,121,95,227,302,315,367,197,253,107,21,47854,64050,21936,779,22423,32591,21894,43919,25804,7055,5661,4093,2610,1394,1763,279,3958,2837,2632,1956,1907,115,676,205,43,30,31,162,1121,847,511,408,274,-888888888,-888888888,-888888888,-888888888,-888888888,-888888888,-888888888,-888888888,-888888888,-888888888,-888888888,-888888888,-888888888,-888888888,-888888888,-888888888,-888888888,-888888888,-888888888
2012,Van Zandt County; Texas,41457,22936,22936,21275,1661,0,18521,22936,-888888888,21277,10290,10290,9698,3507,2049,8159,5459,20709,16550,3024,7,345,198,585,34.3,21275,5675,4056,4816,3762,2966,21275,897,2042,1953,48,467,813,2446,1629,278,873,1524,4996,1420,1522,882,21275,15493,3397,2259,126,19330,1578,1425,2556,2323,3251,3991,1908,1749,200,349,42668,54733,13557,57755,7848,16906,3594,20720,924,8304,251,2463,2045,13625,729,525,1334,1708,2462,3226,1686,1442,193,320,50565,62742,21529,5705,22068,34028,26611,41065,30193,51735,39829,29343,17804,11906,12555,1852,30044,21188,19614,13689,12949,1180,5925,1574,432,336,117,1142,8856,5934,3908,2831,2922,-888888888,-888888888,-888888888,-888888888,-888888888,-888888888,-888888888,-888888888,-888888888,-888888888,-888888888,-888888888,-888888888,-888888888,-888888888,-888888888,-888888888,-888888888,-888888888
2012,Caldwell County; Texas,29552,16767,16731,14918,1813,36,12785,16731,-888888888,14737,7420,7420,6835,2977,1782,6137,4301,14757,10959,2740,10,180,172,696,30.5,14918,3964,2848,3786,2352,1968,14918,576,1783,981,48,055,448,1878,772,261,741,1324,3062,1062,809,1221,14918,10459,3007,1447,5,11640,949,756,1588,1607,1831,2108,1147,1074,289,291,43393,56833,9168,56956,3325,15551,1866,21186,697,10329,141,2816,1843,8176,549,214,866,1050,1332,1805,858,981,273,248,51019,65454,19368,3464,24208,32199,25552,41025,31820,35898,26843,19182,10824,9055,9864,1553,21728,15655,13972,10179,9805,543,3793,1683,621,506,151,1062,6073,3451,1901,1780,2622,-888888888,-888888888,-888888888,-888888888,-888888888,-888888888,-888888888,-888888888,-888888888,-888888888,-888888888,-888888888,-888888888,-888888888,-888888888,-888888888,-888888888,-888888888,-888888888
2012,Wilbarger County; Texas,10394,5929,5929,5654,275,0,4465,5929,-888888888,5301,2878,2878,2712,1039,631,2177,1837,5594,4692,547,9,79,50,217,13.2,5654,1655,1343,1102,895,659,5654,499,447,397,48,487,65,507,293,77,205,247,2219,308,122,268,5654,3315,1913,426,0,5125,403,418,730,687,757,991,648,292,127,72,42271,54459,3761,56767,1615,16160,913,20751,443,8536,50,896,652,3357,218,151,359,361,653,662,555,280,61,57,48255,61745,21098,1768,24796,37351,24620,36185,25554,13032,10997,8205,4549,2035,3326,242,7637,5473,5243,4060,3987,200,1183,230,102,76,45,128,2164,1690,961,923,474,-888888888,-888888888,-888888888,-888888888,-888888888,-888888888,-888888888,-888888888,-888888888,-888888888,-888888888,-888888888,-888888888,-888888888,-888888888,-888888888,-888888888,-888888888,-888888888
2012,Martin County; Texas,3602,2142,2142,2007,135,0,1460,2142,-888888888,1868,877,877,812,463,192,930,639,1954,1522,254,5,61,22,90,17.4,2007,529,324,344,499,311,2007,442,222,131,48,317,9,182,155,8,37,29,385,95,163,149,2007,1221,488,295,3,1531,112,112,175,230,221,214,246,110,81,30,41964,61137,1188,62305,389,16382,127,26180,72,9010,36,4031,129,1171,61,42,102,180,185,173,219,100,79,30,52571,69838,20904,360,23621,28826,26503,38587,28060,4725,3427,2618,1357,1298,1414,332,2725,1971,1836,1294,1257,63,542,135,36,23,13,99,754,429,283,165,325,-888888888,-888888888,-888888888,-888888888,-888888888,-888888888,-888888888,-888888888,-888888888,-888888888,-888888888,-888888888,-888888888,-888888888,-888888888,-888888888,-888888888,-888888888,-888888888
2012,Reagan County; Texas,2491,1635,1635,1616,19,0,856,1635,-888888888,1178,579,579,560,237,66,702,483,1602,1236,298,0,32,0,36,17.1,1616,340,208,294,464,310,1616,673,94,66,48,383,76,58,106,5,74,21,201,127,47,68,1616,1318,220,65,13,1172,34,80,88,64,235,261,194,133,63,20,55968,67282,1015,66822,252,16787,95,12175,59,6003,35,714,126,913,11,48,58,55,180,229,187,112,20,13,58169,66354,25078,259,42120,69249,35969,52292,29914,3315,2429,2055,611,886,981,270,2019,1568,1549,1158,1118,44,391,19,0,0,0,19,451,245,204,59,206,-888888888,-888888888,-888888888,-888888888,-888888888,-888888888,-888888888,-888888888,-888888888,-888888888,-888888888,-888888888,-888888888,-888888888,-888888888,-888888888,-888888888,-888888888,-888888888
2012,Yoakum County; Texas,5605,3674,3674,3326,348,0,1931,3674,-888888888,2866,1437,1437,1149,750,284,1677,1128,3301,2385,765,0,25,22,104,20.0,3326,770,448,461,1136,511,3326,1367,148,94,48,501,64,232,121,5,77,80,626,147,178,187,3326,2094,827,388,17,2610,181,62,354,357,366,551,232,376,57,74,48611,62768,2225,61539,669,17683,269,22672,97,6455,24,1833,127,2042,73,14,238,254,303,457,243,353,57,50,55608,68733,20565,568,19692,27300,27402,42684,24985,7868,6079,4878,1981,1789,2565,425,4431,3434,3086,2176,2124,114,910,348,238,238,0,110,997,653,379,303,344,-888888888,-888888888,-888888888,-888888888,-888888888,-888888888,-888888888,-888888888,-888888888,-888888888,-888888888,-888888888,-888888888,-888888888,-888888888,-888888888,-888888888,-888888888,-888888888
2012,Hale County; Texas,26904,15801,15780,14662,1118,21,11103,15780,-888888888,12838,7347,7347,6734,3277,2025,6575,4671,14247,11799,1575,23,159,135,556,14.7,14662,3558,2632,3589,2181,2702,14662,1137,869,2048,48,189,466,1894,803,126,728,591,3000,1164,973,863,14662,11392,2181,1080,9,11709,1001,812,1617,1742,1979,2151,1166,796,210,235,40521,51792,9518,52313,3364,14840,1128,15722,657,6744,145,1707,1950,8659,515,413,1133,1122,1478,1758,1039,764,210,227,47274,58924,17586,3050,24545,28754,23235,34295,26484,33220,26431,18828,10534,6789,10360,1645,18743,14672,13669,10447,9961,730,3222,1003,437,224,213,566,4071,2715,1561,1259,1356,-888888888,-888888888,-888888888,-888888888,-888888888,-888888888,-888888888,-888888888,-888888888,-888888888,-888888888,-888888888,-888888888,-888888888,-888888888,-888888888,-888888888,-888888888,-888888888
2012,Shelby County; Texas,19520,11184,11181,10277,904,3,8336,11181,-888888888,10031,4891,4891,4501,2190,1188,3976,2430,10031,7555,1423,191,276,164,422,22.5,10277,2391,1392,2141,2055,2298,10277,1416,874,1672,48,419,347,1340,522,61,455,474,1826,456,543,291,10277,7846,1280,1140,11,9768,1053,688,1700,1349,1275,1486,1082,571,283,281,35732,54511,7114,59198,3301,15385,1323,19960,696,8788,181,2667,1731,6958,524,432,938,963,975,1138,953,524,271,240,43517,62925,21457,2810,20756,31047,22781,40083,26097,25237,18533,12452,8646,6704,6827,1233,14684,10580,9711,6300,6093,278,3411,869,320,214,106,549,4104,2593,1253,1491,1511,-888888888,-888888888,-888888888,-888888888,-888888888,-888888888,-888888888,-888888888,-888888888,-888888888,-888888888,-888888888,-888888888,-888888888,-888888888,-888888888,-888888888,-888888888,-888888888
2012,Red River County; Texas,10341,5241,5237,4767,470,4,5100,5237,-888888888,5479,2579,2575,2441,759,457,1757,1240,4654,3624,646,40,57,70,217,26.0,4767,1157,844,1012,672,1082,4767,243,347,918,48,387,60,450,266,33,175,191,1133,297,221,433,4767,3273,1011,439,44,4945,453,531,884,638,754,935,331,338,44,37,34430,44441,3340,46964,2056,14981,1093,16785,259,9405,24,1633,759,3355,115,279,359,483,676,840,237,290,44,32,44690,52512,18653,1590,18273,26094,24705,34817,28324,12524,10012,7018,5015,2512,2742,269,7290,4899,4448,3045,2942,212,1403,451,183,149,50,268,2391,1839,1011,1033,552,-888888888,-888888888,-888888888,-888888888,-888888888,-888888888,-888888888,-888888888,-888888888,-888888888,-888888888,-888888888,-888888888,-888888888,-888888888,-888888888,-888888888,-888888888,-888888888
2012,Runnels County; Texas,8218,4664,4664,4554,110,0,3554,4664,-888888888,4170,2199,2199,2156,684,450,1687,1369,4456,3723,441,1,50,41,200,17.2,4554,1201,715,1205,716,717,4554,533,343,740,48,399,46,605,217,49,329,116,1118,162,139,157,4554,3199,825,502,28,3976,246,348,715,509,649,562,463,384,45,55,39115,52636,2991,54421,1388,14885,655,21478,227,6652,46,3135,514,2899,164,210,397,319,486,501,382,360,25,55,45653,59245,20848,1077,22483,32288,25886,37685,25495,10211,8365,5901,3762,1846,2553,333,5785,4297,4216,3181,3093,158,1035,81,14,0,14,67,1488,1081,513,624,407,-888888888,-888888888,-888888888,-888888888,-888888888,-888888888,-888888888,-888888888,-888888888,-888888888,-888888888,-888888888,-888888888,-888888888,-888888888,-888888888,-888888888,-888888888,-888888888
2012,Sutton County; Texas,3057,1888,1888,1859,29,0,1169,1888,-888888888,1533,716,716,697,372,266,763,463,1820,1463,227,0,42,26,62,13.4,1859,473,242,280,479,385,1859,719,85,80,48,435,71,118,115,0,41,37,353,110,98,32,1859,1396,269,194,0,1328,65,65,108,90,200,348,145,167,78,62,62321,78255,1071,76256,380,17576,186,30881,13,18208,0,-666666666,87,999,10,36,48,76,147,292,126,146,62,56,64899,80538,26748,329,34028,70043,35105,48560,35116,4098,2991,2486,871,1107,1235,281,2353,1750,1732,1205,1205,14,527,18,0,0,0,18,603,337,248,115,266,-888888888,-888888888,-888888888,-888888888,-888888888,-888888888,-888888888,-888888888,-888888888,-888888888,-888888888,-888888888,-888888888,-888888888,-888888888,-888888888,-888888888,-888888888,-888888888
2012,Tom Green County; Texas,87299,57460,53479,49687,3792,3981,29839,53479,-888888888,44954,26953,26137,24007,8539,5678,15690,11473,52513,41351,5163,182,2966,1020,1831,17.0,49687,14302,10553,13251,6048,5533,49687,2823,3221,3353,48,451,1274,6366,1312,1405,2460,3918,12898,4581,2640,3436,49687,37374,8618,3530,165,41796,2598,3353,5648,5166,6414,7423,4851,4426,997,920,44310,59082,33122,56293,13452,15653,7434,22287,1837,7815,601,4536,5264,28184,1279,1169,2835,3069,4278,5680,4250,3947,887,790,56795,68808,23273,13612,25362,36317,23327,37283,29726,105326,84230,65582,31778,21096,25908,3154,64539,50050,46433,34938,33499,2483,11495,3617,1440,1151,329,2177,14489,10270,7073,4309,4219,-888888888,-888888888,-888888888,-888888888,-888888888,-888888888,-888888888,-888888888,-888888888,-888888888,-888888888,-888888888,-888888888,-888888888,-888888888,-888888888,-888888888,-888888888,-888888888
2012,Victoria County; Texas,66602,44025,43973,40737,3236,52,22577,43973,-888888888,34516,20304,20304,18919,7317,4865,14313,10893,39710,31231,6253,426,582,379,839,20.6,40737,11776,7162,10624,5445,5730,40737,2196,2927,4651,48,469,1127,5677,1883,499,1956,3284,9524,3433,2301,1279,40737,32145,5392,3134,66,31927,2232,1805,3910,3561,4422,6361,3855,3867,1079,835,50097,64698,25887,64426,9728,16150,5561,19653,1654,8186,330,3913,4718,22782,1354,833,2186,2244,3205,4668,3222,3326,996,748,56669,72395,24473,9145,29305,41484,26643,43970,30769,86102,67154,51248,25221,18948,23131,3588,51667,41173,38279,28270,27255,1758,10009,2894,1198,703,510,1696,10494,6875,4272,3204,3619,-888888888,-888888888,-888888888,-888888888,-888888888,-888888888,-888888888,-888888888,-888888888,-888888888,-888888888,-888888888,-888888888,-888888888,-888888888,-888888888,-888888888,-888888888,-888888888
2012,Wharton County; Texas,31317,20368,20368,18931,1437,0,10949,20368,-888888888,16101,9320,9320,8733,3529,2436,6891,5507,18566,14563,2744,92,278,257,632,23.5,18931,5076,3447,3807,3470,3131,18931,2209,2065,1852,48,481,689,1866,1061,71,819,1048,4566,1007,968,710,18931,13871,3037,1992,31,14638,1404,1475,1982,1728,1880,2730,1262,1324,530,323,40988,56200,11225,58146,4905,14986,1872,19160,600,8936,103,1856,2337,9866,500,476,1143,1175,1322,2276,1005,1208,481,280,52999,67463,21353,4772,18817,31368,24106,36856,25705,40801,31071,22681,12531,9730,10939,1403,24017,18941,17569,12078,11862,470,5491,1372,436,372,127,936,5076,3182,2115,1406,1894,-888888888,-888888888,-888888888,-888888888,-888888888,-888888888,-888888888,-888888888,-888888888,-888888888,-888888888,-888888888,-888888888,-888888888,-888888888,-888888888,-888888888,-888888888,-888888888
2012,Wichita County; Texas,104256,65736,59234,55637,3597,6502,38520,59234,-888888888,50863,29930,28968,27081,10284,6711,18134,13809,61365,48372,5588,255,3215,762,3173,15.8,55637,16451,11668,14100,5412,8006,55637,1499,2795,5465,48,485,1435,7327,2379,1253,2853,3898,13855,5225,3523,4130,55637,40993,10591,3962,91,48135,3285,3320,5748,5854,8173,9177,5866,4469,1074,1169,45589,62194,37875,60973,14256,15970,9399,22616,2477,9093,796,2333,5622,31904,1270,1052,3011,3331,5198,7170,4856,3948,992,1076,55874,73906,23656,16231,26984,36016,25077,39601,30722,117972,96379,76834,34859,21593,30158,3156,71628,55011,51794,39363,38203,2638,12431,3217,1548,1128,464,1669,16617,12315,8043,5581,4302,-888888888,-888888888,-888888888,-888888888,-888888888,-888888888,-888888888,-888888888,-888888888,-888888888,-888888888,-888888888,-888888888,-888888888,-888888888,-888888888,-888888888,-888888888,-888888888
2012,Borden County; Texas,452,288,288,278,10,0,164,288,-888888888,233,122,122,122,64,36,124,109,273,218,9,0,0,4,42,21.1,278,150,42,33,33,20,278,66,6,22,48,033,9,12,18,0,7,8,75,2,0,53,278,117,129,30,2,239,0,2,27,20,22,58,28,33,15,34,69688,131419,199,125796,98,16746,30,16023,1,17500,0,-666666666,4,183,0,0,14,11,22,41,27,33,15,20,80208,140020,40241,56,54167,102084,39643,55139,38125,642,598,533,170,44,198,6,304,253,243,222,222,0,21,10,4,4,0,6,51,40,34,6,11,-888888888,-888888888,-888888888,-888888888,-888888888,-888888888,-888888888,-888888888,-888888888,-888888888,-888888888,-888888888,-888888888,-888888888,-888888888,-888888888,-888888888,-888888888,-888888888
2012,Marion County; Texas,8706,4496,4496,4108,388,0,4210,4496,-888888888,4458,2048,2048,1856,678,360,1154,798,3863,3151,391,18,100,53,150,27.4,4108,883,818,894,667,846,4108,287,360,552,48,315,49,586,262,33,215,234,857,347,237,89,4108,3253,485,370,0,4620,817,338,713,568,654,724,350,323,36,97,32226,46407,3065,50213,1926,15279,911,17690,348,8019,25,1612,677,3096,269,157,347,433,516,690,308,288,26,62,43864,55138,20570,1524,15294,27814,21915,40682,25737,10415,8369,5423,4395,2046,1988,170,6162,4186,3798,2847,2640,291,951,388,168,124,63,220,1976,1278,671,768,698,-888888888,-888888888,-888888888,-888888888,-888888888,-888888888,-888888888,-888888888,-888888888,-888888888,-888888888,-888888888,-888888888,-888888888,-888888888,-888888888,-888888888,-888888888,-888888888
2012,Maverick County; Texas,37968,22095,22095,19706,2389,0,15873,22095,-888888888,19711,9609,9609,8483,5642,2908,11782,6886,19242,14894,2564,114,484,765,421,20.4,19706,4325,5093,4758,2320,3210,19706,1064,1414,1045,48,323,631,2420,1501,205,813,822,5696,1526,516,2053,19706,13236,5098,1330,42,15448,2229,1275,3100,1737,2143,2358,1288,853,300,165,30959,44724,12405,46366,4492,11077,1269,21024,1750,6532,181,1854,5231,12664,1283,924,2595,1653,1969,1979,1073,778,285,125,33913,47249,13498,2784,14635,29989,17810,29927,24455,53676,34160,16838,19025,19516,18092,4054,29806,20803,18637,9683,8940,974,8954,2166,514,199,353,1652,9003,4345,2047,2506,4658,-888888888,-888888888,-888888888,-888888888,-888888888,-888888888,-888888888,-888888888,-888888888,-888888888,-888888888,-888888888,-888888888,-888888888,-888888888,-888888888,-888888888,-888888888,-888888888
2012,Grayson County; Texas,95126,58593,58529,53280,5249,64,36533,58529,-888888888,49552,27631,27616,25393,8636,5725,18421,12877,52070,41925,6123,161,966,729,2166,24.0,53280,16016,9652,13375,6501,7736,53280,1342,4634,7377,48,181,1220,6674,2066,860,3740,4338,12281,4444,2568,1736,53280,42257,6898,4016,109,46600,3348,3224,5520,5637,7092,8602,5971,4519,1503,1184,46587,60501,35522,61457,15786,16590,8128,19904,2337,8974,955,2756,6362,32566,1462,1289,3051,3642,4635,6727,5228,4094,1315,1123,57492,70635,23936,14034,25808,34538,27140,43590,32474,119084,93872,72503,37177,25212,28918,4302,72187,54935,50122,37603,36228,2343,12519,4813,1725,1067,700,3088,17252,12008,7535,5787,5244,-888888888,-888888888,-888888888,-888888888,-888888888,-888888888,-888888888,-888888888,-888888888,-888888888,-888888888,-888888888,-888888888,-888888888,-888888888,-888888888,-888888888,-888888888,-888888888
2012,Live Oak County; Texas,9472,4203,4203,4007,196,0,5269,4203,-888888888,4211,1979,1979,1900,609,331,1499,1082,3818,2781,423,8,58,256,292,23.8,4007,1336,795,835,526,515,4007,478,335,260,48,297,119,386,230,42,273,187,827,342,157,371,4007,2675,966,361,5,3829,200,280,625,456,723,710,241,401,78,115,42182,57807,2685,60597,1784,14592,882,17453,206,11038,21,1376,359,2769,62,114,366,313,601,604,197,349,48,115,47793,66002,21622,1060,22984,33915,21957,41964,31211,9921,7852,5940,3397,2069,2319,330,5523,3820,3627,2597,2497,145,1030,193,63,35,28,130,1703,1151,840,554,552,-888888888,-888888888,-888888888,-888888888,-888888888,-888888888,-888888888,-888888888,-888888888,-888888888,-888888888,-888888888,-888888888,-888888888,-888888888,-888888888,-888888888,-888888888,-888888888
2012,Palo Pinto County; Texas,21854,13124,13090,12111,979,34,8730,13090,-888888888,11171,6114,6114,5738,2283,1339,4326,3142,11714,9508,1140,23,276,460,307,23.8,12111,3173,2294,2808,1741,2095,12111,1074,712,1562,48,363,348,1511,585,81,646,783,2325,1024,652,808,12111,8921,2080,1081,29,10556,824,780,1374,1342,1518,1962,1264,1057,158,277,43041,59961,7943,60468,3655,15554,1787,17151,653,8030,441,4202,1209,7414,328,322,786,997,1033,1522,1040,985,152,249,53198,68674,23109,3142,22152,35076,26355,42917,29976,27673,21094,15809,8864,6579,6956,1479,16262,12052,11133,8164,7689,640,2969,919,219,147,114,700,4210,2796,1619,1455,1414,-888888888,-888888888,-888888888,-888888888,-888888888,-888888888,-888888888,-888888888,-888888888,-888888888,-888888888,-888888888,-888888888,-888888888,-888888888,-888888888,-888888888,-888888888,-888888888
2012,Karnes County; Texas,12336,5055,5055,4768,287,0,7281,5055,-888888888,4697,2559,2559,2445,921,656,1883,1258,4687,3682,622,1,100,51,231,21.8,4768,1443,902,1160,674,589,4768,451,384,297,48,255,75,573,278,28,275,216,1175,302,211,503,4768,3108,1284,370,6,4496,563,488,484,535,611,679,420,449,120,147,39706,58866,3288,51918,1669,12831,983,19831,278,7484,113,7094,977,3145,273,218,259,426,428,508,463,367,82,121,48250,67137,18296,1351,18705,35335,23648,40489,32958,10979,9227,6686,4190,1752,2888,350,6216,4635,4379,3519,3345,250,860,256,116,86,36,140,1581,1179,599,745,402,-888888888,-888888888,-888888888,-888888888,-888888888,-888888888,-888888888,-888888888,-888888888,-888888888,-888888888,-888888888,-888888888,-888888888,-888888888,-888888888,-888888888,-888888888,-888888888
2012,DeWitt County; Texas,16318,8720,8720,8260,460,0,7598,8720,-888888888,7788,4060,4060,3829,1341,920,2839,1880,7980,6443,794,55,130,118,440,23.9,8260,2126,1365,1714,1429,1626,8260,941,590,1001,48,123,280,827,277,42,356,367,2011,566,551,451,8260,5805,1707,737,11,6890,597,520,844,902,1008,1296,672,665,154,232,45457,62212,5107,59457,2760,15701,1332,16837,339,7033,71,2613,946,4654,120,195,515,454,744,1082,618,614,120,192,54237,75079,23281,2236,23089,33501,24215,38598,25558,18372,14770,10905,6487,3602,4363,785,10652,8023,7601,5726,5389,562,1875,422,122,71,51,300,2629,1987,1196,983,642,-888888888,-888888888,-888888888,-888888888,-888888888,-888888888,-888888888,-888888888,-888888888,-888888888,-888888888,-888888888,-888888888,-888888888,-888888888,-888888888,-888888888,-888888888,-888888888
2012,Callahan County; Texas,10727,6222,6191,5783,408,31,4505,6191,-888888888,5513,2862,2862,2656,937,529,2151,1508,5566,4372,855,5,130,34,170,22.4,5783,1629,899,1532,1021,702,5783,276,708,444,48,059,101,850,386,43,309,245,1385,441,291,304,5783,4190,953,488,152,5182,441,231,645,651,854,947,661,448,220,84,46812,58344,3691,62523,1983,15307,1157,19220,264,10777,197,6051,410,3500,220,73,182,365,649,780,562,416,176,77,58420,69143,23311,1682,24375,33856,29713,42493,34668,13384,10469,8148,4464,2915,3180,439,7772,5688,5334,3906,3668,364,1428,354,87,26,61,267,2084,1333,895,652,751,-888888888,-888888888,-888888888,-888888888,-888888888,-888888888,-888888888,-888888888,-888888888,-888888888,-888888888,-888888888,-888888888,-888888888,-888888888,-888888888,-888888888,-888888888,-888888888
2012,Cass County; Texas,24284,13012,13012,11572,1440,0,11272,13012,-888888888,12757,6297,6297,5786,2121,1262,4335,2972,11314,9279,1180,6,249,165,435,27.6,11572,2831,2330,2765,1712,1934,11572,512,881,1838,48,067,243,1240,774,89,584,550,2875,603,694,689,11572,8350,2182,1023,17,11739,1168,1209,2017,1351,1874,1877,1054,948,145,96,35932,47321,8011,48527,4693,15526,2524,18636,801,7957,182,1911,2008,7932,483,435,1006,895,1418,1607,934,913,145,96,46800,57641,19788,3807,17999,23608,24131,42005,29119,29705,23025,16046,11182,6680,6928,1325,17225,12025,10649,7782,7426,625,2867,1376,454,352,111,922,5200,3634,1524,2402,1566,-888888888,-888888888,-888888888,-888888888,-888888888,-888888888,-888888888,-888888888,-888888888,-888888888,-888888888,-888888888,-888888888,-888888888,-888888888,-888888888,-888888888,-888888888,-888888888
2012,Gregg County; Texas,93934,59687,59658,55223,4435,29,34247,59658,-888888888,48443,26953,26953,25097,10131,6592,19330,13852,54200,44435,6295,257,503,1329,1381,20.5,55223,15862,9764,14101,6889,8607,55223,3603,3662,7226,48,183,2133,6710,2297,698,2952,4722,11864,4654,3265,1437,55223,45458,6042,3609,114,45083,3516,3169,5260,5514,7172,8360,4953,4364,1357,1418,45233,62132,35396,63371,13018,16119,6941,17157,2890,8989,864,3264,5450,30802,1671,1287,2759,3351,4563,6296,4369,3977,1270,1259,56370,72638,23968,14281,26500,37432,26462,44969,31378,119254,93562,70379,35976,25692,30990,4490,72725,55590,51749,38188,36498,2686,13561,3841,1441,894,764,2400,17135,12027,7147,5728,5108,-888888888,-888888888,-888888888,-888888888,-888888888,-888888888,-888888888,-888888888,-888888888,-888888888,-888888888,-888888888,-888888888,-888888888,-888888888,-888888888,-888888888,-888888888,-888888888
2012,Madison County; Texas,11041,4681,4681,4384,297,0,6360,4681,-888888888,4433,2296,2296,2242,817,421,1924,1075,4348,3198,556,0,205,113,276,27.7,4384,1051,1080,1065,752,436,4384,548,406,163,48,313,50,542,332,17,125,259,870,362,91,619,4384,2879,1143,362,0,3588,253,248,552,414,729,584,394,215,151,48,41202,53777,2644,53954,1360,15878,825,17064,176,9128,123,3574,528,2609,150,109,330,229,533,489,380,202,151,36,47628,61209,15191,979,24738,31130,22238,37122,25888,10539,8479,6312,3530,2060,2892,454,5863,4156,3901,3200,3087,128,701,255,120,26,94,135,1707,961,630,390,746,-888888888,-888888888,-888888888,-888888888,-888888888,-888888888,-888888888,-888888888,-888888888,-888888888,-888888888,-888888888,-888888888,-888888888,-888888888,-888888888,-888888888,-888888888,-888888888
2012,Lubbock County; Texas,217891,145067,144946,135556,9390,121,72824,144946,-888888888,111183,69187,69164,64458,22869,16022,40047,30018,132622,109052,13573,1216,2695,1511,4575,16.2,135556,44346,27208,37117,13114,13771,135556,3464,8801,7570,48,303,4877,16902,4853,2890,7958,11669,37687,15395,8132,5358,135556,100700,24802,9722,332,104791,10296,6822,13533,12100,15283,18893,11099,10105,3331,3329,43993,61999,87614,59638,25651,16314,13365,21801,4748,7944,2074,2569,13554,66109,3551,2846,6241,7234,9323,13062,9103,8925,2855,2969,56501,75912,23880,38682,25342,35930,21998,40178,31796,274387,223257,174542,75271,51130,67158,7338,177504,136458,127699,98588,94300,7347,29111,8759,4388,3244,1308,4371,41046,30874,22328,10647,10172,-888888888,-888888888,-888888888,-888888888,-888888888,-888888888,-888888888,-888888888,-888888888,-888888888,-888888888,-888888888,-888888888,-888888888,-888888888,-888888888,-888888888,-888888888,-888888888
2012,Kaufman County; Texas,77029,52179,52091,47389,4702,88,24850,52091,-888888888,39657,24282,24260,21985,9153,6137,18887,14137,46083,37500,5992,64,456,390,1681,32.5,47389,15788,7388,12463,5564,6186,47389,643,4467,5028,48,257,2181,5163,3337,832,3257,3778,10729,2809,2363,2802,47389,36318,8370,2659,42,34597,1995,1750,2921,2999,4114,7224,5325,5719,1499,1051,61564,72437,28866,72620,8891,16765,5563,20056,1697,9181,615,4398,3948,27316,1020,868,1867,2229,3137,6350,4661,4880,1277,1027,67054,78726,24806,7281,30539,42555,32493,50760,38799,102373,81167,65667,24374,21206,29523,4265,62422,49510,45250,35290,34349,1684,9960,4260,1585,1205,409,2675,12912,8656,5697,3898,4256,-888888888,-888888888,-888888888,-888888888,-888888888,-888888888,-888888888,-888888888,-888888888,-888888888,-888888888,-888888888,-888888888,-888888888,-888888888,-888888888,-888888888,-888888888,-888888888
2012,Kendall County; Texas,26718,16715,16625,15966,659,90,10003,16625,-888888888,13666,7488,7475,7126,2077,1161,5750,3982,15790,11597,2140,6,422,131,1494,26.7,15966,7469,2232,3607,1610,1048,15966,720,1455,1205,48,259,190,1509,634,263,1765,2061,3265,1180,977,742,15966,11006,2729,2231,0,12742,479,301,1157,1025,1755,1887,1536,2424,1072,1106,71553,96018,10163,89844,4119,18537,2816,31405,362,9665,151,1917,881,9872,75,99,529,636,1351,1559,1429,2166,1050,978,84630,108272,35992,2870,28795,45721,32561,58925,45336,33235,28688,24809,8666,4547,8054,752,19835,15262,14705,12226,11974,904,2479,557,298,246,84,259,4573,3554,3138,693,1019,-888888888,-888888888,-888888888,-888888888,-888888888,-888888888,-888888888,-888888888,-888888888,-888888888,-888888888,-888888888,-888888888,-888888888,-888888888,-888888888,-888888888,-888888888,-888888888
2012,Floyd County; Texas,4757,2992,2992,2873,119,0,1765,2992,-888888888,2473,1340,1340,1281,548,393,1262,1054,2841,2461,222,0,54,0,104,17.7,2873,895,436,656,546,340,2873,468,172,217,48,153,54,451,146,0,91,59,778,90,215,132,2873,2056,546,265,6,2598,284,314,274,419,334,412,254,205,68,34,35323,49342,2006,49934,867,13009,317,19885,150,7428,50,1292,513,1910,113,185,152,315,242,403,201,197,68,34,47679,57519,19112,688,16761,25783,25678,31563,28551,6309,5098,3545,2237,1211,1880,176,3391,2798,2687,2000,1866,144,687,111,31,7,24,80,593,325,123,222,268,-888888888,-888888888,-888888888,-888888888,-888888888,-888888888,-888888888,-888888888,-888888888,-888888888,-888888888,-888888888,-888888888,-888888888,-888888888,-888888888,-888888888,-888888888,-888888888
2012,Bailey County; Texas,5145,3486,3486,3119,367,0,1659,3486,-888888888,2518,1376,1376,1237,693,326,1308,984,3048,2501,359,0,24,25,139,17.1,3119,926,583,795,554,261,3119,538,94,193,48,017,269,177,290,45,190,134,631,330,61,167,3119,2031,763,325,0,2357,178,300,283,240,490,413,225,201,9,18,41075,49846,1798,55021,760,15512,350,7700,95,6266,34,6482,394,1714,18,93,208,195,407,354,225,187,9,18,47470,59629,17411,643,13906,22630,25096,35449,31544,7005,4590,3070,2176,2415,2263,632,3792,3063,2696,1687,1613,106,1009,367,88,88,0,279,729,234,175,135,495,-888888888,-888888888,-888888888,-888888888,-888888888,-888888888,-888888888,-888888888,-888888888,-888888888,-888888888,-888888888,-888888888,-888888888,-888888888,-888888888,-888888888,-888888888,-888888888
2012,Chambers County; Texas,25739,16318,16293,15161,1132,25,9421,16293,-888888888,12755,6383,6383,5941,2670,1404,6499,4119,14740,12986,1087,0,181,231,255,31.9,15161,5368,1801,2900,2186,2906,15161,393,1998,3022,48,071,805,957,1160,252,579,1324,2860,531,554,726,15161,11891,2367,903,0,11822,521,430,801,936,1174,2037,1934,2236,1225,528,75200,87646,9992,91209,2748,16668,1718,22481,371,9686,121,1879,714,9601,212,165,460,681,919,1644,1738,2086,1175,521,83987,97498,30310,2221,31518,41522,42350,65739,41799,34280,28755,24558,6942,5525,9790,910,21297,15570,14510,12136,11931,370,2374,1060,582,463,149,478,5727,3964,3263,1001,1763,-888888888,-888888888,-888888888,-888888888,-888888888,-888888888,-888888888,-888888888,-888888888,-888888888,-888888888,-888888888,-888888888,-888888888,-888888888,-888888888,-888888888,-888888888,-888888888
2012,Bell County; Texas,230994,154787,130707,119309,11398,24080,76207,130707,-888888888,117580,69218,65368,59621,32219,18570,50868,33661,141453,117065,14512,422,3489,2236,3729,19.2,119309,38148,24942,31281,11424,13514,119309,856,6780,6524,48,027,3009,15778,5728,2100,5405,10808,32087,11468,6586,12180,119309,84183,29429,5594,103,103715,7620,4881,10310,12380,16573,21092,13535,11524,3595,2205,50085,63219,85035,61726,22171,15599,20584,23564,4079,8745,1943,3536,9654,75114,4134,1997,5641,8345,11716,16212,11515,10331,3152,2071,58186,71301,23078,28601,30299,38867,29567,38752,33710,283710,239432,202969,72168,44278,87595,7922,169733,123832,113464,91949,88594,10633,21515,10368,5954,4707,1886,4414,45901,35696,26906,13344,10205,-888888888,-888888888,-888888888,-888888888,-888888888,-888888888,-888888888,-888888888,-888888888,-888888888,-888888888,-888888888,-888888888,-888888888,-888888888,-888888888,-888888888,-888888888,-888888888
2012,Cameron County; Texas,286971,157250,156865,142270,14595,385,129721,156865,-888888888,152121,73080,73048,66504,42087,21516,84507,50363,139608,111108,18034,1112,3012,3051,3291,19.8,142270,38125,35736,36182,15871,16356,142270,3783,10172,7598,48,061,3885,17849,7538,2283,5951,11052,42616,12725,7992,8826,142270,99202,29224,13591,253,116839,16857,11116,18792,15205,15781,18580,8521,8071,2004,1912,32558,47544,88087,49917,34565,12896,13397,21401,10806,7330,3077,3041,32233,93501,10563,8108,14889,12696,13193,15880,7687,6991,1801,1693,35528,50567,14405,23338,18290,32558,19929,30712,25210,402896,263213,134183,151459,139683,133208,23756,225412,150198,136471,74735,69715,7191,61736,13727,3349,1677,1845,10378,75214,33433,15641,20264,41781,-888888888,-888888888,-888888888,-888888888,-888888888,-888888888,-888888888,-888888888,-888888888,-888888888,-888888888,-888888888,-888888888,-888888888,-888888888,-888888888,-888888888,-888888888,-888888888
2012,Deaf Smith County; Texas,13793,8590,8581,8091,490,9,5203,8581,-888888888,6988,3457,3457,3233,2032,1004,3704,2467,7948,5998,1432,2,110,59,347,16.0,8091,1988,1193,1585,1648,1677,8091,1428,658,988,48,117,191,846,568,68,411,435,1443,323,466,266,8091,6255,1088,748,0,6268,350,359,916,769,1251,1212,666,516,168,61,42577,54560,5218,54294,1792,16021,739,16756,233,7188,64,983,754,4642,132,196,553,533,921,938,637,510,168,54,49767,62026,17889,1626,26020,31570,26323,33983,27194,19063,13336,9052,5772,5727,6212,1297,10743,7884,7488,4956,4786,318,2532,396,92,44,48,304,2859,1313,685,677,1546,-888888888,-888888888,-888888888,-888888888,-888888888,-888888888,-888888888,-888888888,-888888888,-888888888,-888888888,-888888888,-888888888,-888888888,-888888888,-888888888,-888888888,-888888888,-888888888
2012,El Paso County; Texas,589554,357931,342473,314337,28136,15458,231623,342473,-888888888,308375,161163,159664,146718,76216,42058,151323,96071,323612,256058,36246,5942,6890,9239,9237,23.0,314337,91931,65246,84870,32026,40264,314337,2713,22154,25325,48,141,8830,38604,20976,8373,16132,28054,78391,27189,15703,21893,314337,231673,63190,19148,326,252426,25853,19140,36299,32317,37796,43532,23658,22149,6629,5053,39699,54668,205379,54980,67494,13249,33250,21521,15029,7448,12138,3584,55635,192617,13535,11742,27026,25046,30649,35448,19829,19631,5454,4257,43935,58859,18086,59809,23691,38282,22102,35384,27489,778070,553770,352947,253880,224300,239375,35837,457286,327345,301305,188369,176411,19791,112936,26040,9998,6774,4071,16042,129941,73611,41705,37465,56330,-888888888,-888888888,-888888888,-888888888,-888888888,-888888888,-888888888,-888888888,-888888888,-888888888,-888888888,-888888888,-888888888,-888888888,-888888888,-888888888,-888888888,-888888888,-888888888
2012,La Salle County; Texas,5197,2408,2408,2181,227,0,2789,2408,-888888888,2153,1005,1005,925,579,284,1196,758,2114,1413,444,1,78,68,110,27.1,2181,425,561,364,550,281,2181,523,212,21,48,283,25,193,122,7,84,131,363,236,42,222,2181,1437,475,269,0,1884,331,184,382,211,227,203,176,76,65,29,26731,45842,1236,55657,856,11682,235,9959,295,5889,42,283,555,1274,164,37,307,116,155,171,154,76,65,29,37616,56277,14254,610,14580,21777,19990,29783,29333,6075,4405,2096,2818,1670,1892,223,3275,2224,1997,1075,986,117,922,227,42,20,22,185,1051,711,194,578,340,-888888888,-888888888,-888888888,-888888888,-888888888,-888888888,-888888888,-888888888,-888888888,-888888888,-888888888,-888888888,-888888888,-888888888,-888888888,-888888888,-888888888,-888888888,-888888888
2012,Terrell County; Texas,860,427,427,427,0,0,433,427,-888888888,418,139,139,139,60,16,125,68,427,328,20,0,27,3,49,23.5,427,80,101,98,120,28,427,74,60,2,48,443,0,37,26,9,7,27,31,41,4,109,427,188,205,26,8,439,14,59,72,72,78,32,67,32,8,5,37750,51866,303,56541,162,13251,92,14821,23,10100,0,-666666666,0,249,5,5,41,27,49,32,60,17,8,5,46458,65992,24773,190,21250,31269,25729,42596,21771,1001,783,585,308,218,191,24,567,376,376,279,279,0,97,0,0,0,0,0,191,99,81,28,92,-888888888,-888888888,-888888888,-888888888,-888888888,-888888888,-888888888,-888888888,-888888888,-888888888,-888888888,-888888888,-888888888,-888888888,-888888888,-888888888,-888888888,-888888888,-888888888
2012,Tyler County; Texas,17854,8036,8013,7107,906,23,9818,8013,-888888888,8028,3331,3331,3025,1261,673,2427,1594,6959,5358,1036,17,124,233,191,31.4,7107,1943,1439,1425,1181,1119,7107,822,711,695,48,457,56,678,345,74,185,461,1779,360,378,563,7107,4875,1465,718,49,8179,728,612,1337,1184,1445,1486,618,546,168,55,36785,47202,5283,49059,3839,15157,1973,17990,596,7853,93,2640,1662,5615,309,141,853,1016,964,1112,529,524,127,40,41151,53421,18534,2564,19074,29740,23734,42076,28004,19608,15500,10270,8373,4108,4372,613,11207,7568,6719,4538,4336,350,2181,849,324,188,136,525,3639,2866,1533,1766,773,-888888888,-888888888,-888888888,-888888888,-888888888,-888888888,-888888888,-888888888,-888888888,-888888888,-888888888,-888888888,-888888888,-888888888,-888888888,-888888888,-888888888,-888888888,-888888888
2012,Wheeler County; Texas,4212,2678,2678,2554,124,0,1534,2678,-888888888,2173,1090,1090,1063,421,225,726,525,2519,1956,332,2,101,72,56,20.1,2554,813,471,384,488,398,2554,601,188,15,48,483,23,142,254,6,116,128,586,143,219,133,2554,1723,523,304,4,2354,106,129,398,227,325,436,269,277,76,111,49615,72389,1862,65178,794,14729,221,13659,68,7060,30,5537,261,1646,13,14,266,142,244,338,247,217,72,93,59359,79957,30326,708,25481,51200,29968,51471,34196,5325,3891,3198,1345,1434,1342,366,3060,2409,2303,1638,1615,74,665,106,20,17,3,86,651,334,250,119,317,-888888888,-888888888,-888888888,-888888888,-888888888,-888888888,-888888888,-888888888,-888888888,-888888888,-888888888,-888888888,-888888888,-888888888,-888888888,-888888888,-888888888,-888888888,-888888888
2012,Archer County; Texas,7057,4337,4325,4203,122,12,2720,4325,-888888888,3490,1829,1829,1779,502,335,1571,1035,4163,3574,369,0,15,28,177,21.0,4203,1280,575,957,743,648,4203,529,348,415,48,009,115,502,274,53,181,280,935,139,204,228,4203,2944,758,491,10,3330,181,165,302,324,482,694,520,464,88,110,56250,70423,2726,68687,997,17665,542,17903,137,7643,67,2079,259,2574,62,61,226,206,333,580,478,432,88,108,66569,79493,27057,756,29828,37980,35400,47108,36790,8831,7044,5835,2352,1787,2117,433,5297,4047,3927,3121,3061,135,806,120,70,50,26,50,1250,771,550,297,479,-888888888,-888888888,-888888888,-888888888,-888888888,-888888888,-888888888,-888888888,-888888888,-888888888,-888888888,-888888888,-888888888,-888888888,-888888888,-888888888,-888888888,-888888888,-888888888
2012,Brewster County; Texas,7514,4818,4800,4692,108,18,2696,4800,-888888888,3735,2123,2123,2045,632,466,1114,817,4543,3306,526,2,276,171,262,12.3,4692,1807,874,1079,746,186,4692,268,556,44,48,043,94,534,111,60,158,225,1435,574,249,384,4692,2501,1650,531,10,4106,244,252,635,589,692,672,446,412,79,85,40086,60952,3253,59479,1316,15989,781,23832,106,7066,14,5936,344,2325,72,48,241,223,349,468,390,378,71,85,59334,82516,26777,1781,27051,31723,25832,37382,30127,9081,7076,5759,2408,2005,1838,212,5735,4366,4273,3014,2960,95,1259,93,28,22,6,65,1369,900,722,234,469,-888888888,-888888888,-888888888,-888888888,-888888888,-888888888,-888888888,-888888888,-888888888,-888888888,-888888888,-888888888,-888888888,-888888888,-888888888,-888888888,-888888888,-888888888,-888888888
2012,Hidalgo County; Texas,536791,314687,314294,280833,33461,393,222104,314294,-888888888,279686,141397,141386,128674,88707,44285,169370,99080,274317,213935,33380,743,3675,11799,10785,21.5,280833,73009,67497,73870,36928,29529,280833,9496,22443,12623,48,215,8254,41593,13998,3398,12058,22966,84930,21543,16428,11103,280833,198100,49784,32531,418,214396,30994,20755,33250,26708,30065,31571,17742,15403,4107,3801,33218,48645,171902,49788,58568,12732,21627,19300,18215,6836,6094,2549,69003,176120,20538,16254,26915,23145,25339,27382,15702,13930,3657,3258,35630,51149,14126,38276,18901,33924,18069,30884,25523,769529,485535,240692,281128,283994,267494,49591,430232,303483,272183,137108,127411,12848,135075,31300,6882,3585,3494,24418,126749,55205,23614,34415,71544,-888888888,-888888888,-888888888,-888888888,-888888888,-888888888,-888888888,-888888888,-888888888,-888888888,-888888888,-888888888,-888888888,-888888888,-888888888,-888888888,-888888888,-888888888,-888888888
2012,Smith County; Texas,161873,102604,102445,94439,8006,159,59269,102445,-888888888,85335,48695,48695,45083,16867,10873,33465,23308,92263,74120,9438,341,1260,2173,4931,21.9,94439,31688,18099,23185,9385,12082,94439,3226,6473,8662,48,423,3024,12515,3354,1716,4928,7853,25483,8463,5409,3333,94439,76487,11901,5974,77,77916,5697,4565,9644,9456,11459,13876,9104,8441,2511,3163,47312,67195,61373,66973,22787,17049,14480,20373,3518,8379,885,3672,8633,53631,1999,1806,5247,5738,7579,10660,7733,7599,2255,3015,59340,80252,25656,24285,26447,36580,26423,43571,32769,207441,163951,127426,60874,43490,53465,6757,124775,95910,88490,65251,62915,4003,23239,7420,2869,2107,865,4551,28865,20329,13938,8272,8536,-888888888,-888888888,-888888888,-888888888,-888888888,-888888888,-888888888,-888888888,-888888888,-888888888,-888888888,-888888888,-888888888,-888888888,-888888888,-888888888,-888888888,-888888888,-888888888
2012,Crockett County; Texas,2869,1926,1926,1783,143,0,943,1926,-888888888,1471,788,788,712,327,227,478,311,1752,1460,171,0,51,37,33,16.5,1783,245,312,471,372,383,1783,623,172,19,48,105,9,169,98,0,131,62,224,166,24,86,1783,1404,299,75,5,1273,94,138,101,142,163,158,285,174,10,8,49850,60370,1051,63342,383,13360,128,15472,48,6521,18,2122,94,901,55,27,24,136,142,178,229,92,10,8,51979,66339,22365,372,22772,42759,24056,46518,24900,3576,2871,2057,916,705,891,72,2175,1788,1658,1192,1174,18,466,130,27,27,0,103,387,323,211,112,64,-888888888,-888888888,-888888888,-888888888,-888888888,-888888888,-888888888,-888888888,-888888888,-888888888,-888888888,-888888888,-888888888,-888888888,-888888888,-888888888,-888888888,-888888888,-888888888
2012,Haskell County; Texas,4793,2559,2559,2346,213,0,2234,2559,-888888888,2318,1061,1061,917,332,171,736,477,2272,2036,151,0,7,12,66,16.0,2346,862,365,510,359,250,2346,477,113,46,48,207,69,416,96,5,131,145,554,35,57,202,2346,1484,534,316,12,2480,276,177,429,250,362,401,195,287,64,39,40247,53115,1725,55671,1003,14702,470,19356,195,7003,56,1284,562,1753,101,71,205,185,316,351,157,266,64,37,49956,63381,22734,727,16977,24866,23893,44049,30135,5497,4382,2855,2463,1115,1235,301,2984,2265,2079,1551,1442,150,528,186,72,6,66,114,719,552,254,353,167,-888888888,-888888888,-888888888,-888888888,-888888888,-888888888,-888888888,-888888888,-888888888,-888888888,-888888888,-888888888,-888888888,-888888888,-888888888,-888888888,-888888888,-888888888,-888888888
2012,Howard County; Texas,27912,13467,13459,12521,938,8,14445,13459,-888888888,11908,6474,6466,6102,2646,1737,4509,3458,12217,9724,1664,0,294,254,281,16.3,12521,3151,2932,3131,1673,1634,12521,1423,754,692,48,227,310,1690,570,105,596,521,3183,797,769,1111,12521,8479,3303,713,26,11079,836,739,1301,1704,1600,2331,1041,1028,361,138,43393,56051,8062,56455,3979,15431,2314,20983,615,6580,225,2547,1274,7480,425,232,649,1069,964,1893,855,943,338,112,56092,64690,18770,3599,27225,35818,25774,41108,29197,29382,23178,17141,10151,6204,7841,1430,17116,12417,11628,8678,8335,761,2950,789,274,145,169,515,4699,3390,2037,1732,1309,-888888888,-888888888,-888888888,-888888888,-888888888,-888888888,-888888888,-888888888,-888888888,-888888888,-888888888,-888888888,-888888888,-888888888,-888888888,-888888888,-888888888,-888888888,-888888888
2012,Mills County; Texas,3852,2017,2011,1859,152,6,1835,2011,-888888888,2040,884,884,771,303,133,702,480,1821,1641,81,0,36,8,55,17.4,1859,599,293,378,362,227,1859,264,158,94,48,333,19,339,87,63,89,35,488,57,66,100,1859,1233,431,185,10,1855,228,98,309,293,184,364,181,126,37,35,34984,50186,1310,52961,707,13976,304,28469,74,5781,26,5719,172,1337,78,27,179,234,153,323,167,120,37,19,49671,57604,19556,518,16173,30439,25087,39567,24032,4712,3774,2957,1492,938,1173,178,2557,1809,1668,1291,1248,77,377,141,40,24,16,101,748,504,347,166,244,-888888888,-888888888,-888888888,-888888888,-888888888,-888888888,-888888888,-888888888,-888888888,-888888888,-888888888,-888888888,-888888888,-888888888,-888888888,-888888888,-888888888,-888888888,-888888888
2012,Montague County; Texas,15711,9081,9080,8474,606,1,6630,9080,-888888888,8042,4081,4081,3761,1421,774,2942,1696,8320,6285,1270,6,159,147,453,26.6,8474,2408,1381,1643,1466,1576,8474,1137,620,613,48,337,137,852,750,80,362,444,1818,674,635,352,8474,6274,1192,935,73,8058,651,699,1046,800,1228,1581,756,811,284,202,45287,58885,5672,60327,3249,16057,1731,19918,242,8921,93,3391,810,5511,290,225,523,491,890,1270,650,740,230,202,56044,70308,24667,2547,21690,32537,25550,46890,32540,19509,14812,10863,6915,4697,4604,1082,11079,8288,7746,5387,5092,459,2359,542,197,88,109,345,2791,1892,1157,966,899,-888888888,-888888888,-888888888,-888888888,-888888888,-888888888,-888888888,-888888888,-888888888,-888888888,-888888888,-888888888,-888888888,-888888888,-888888888,-888888888,-888888888,-888888888,-888888888
2012,Panola County; Texas,18618,10715,10715,10000,715,0,7903,10715,-888888888,9432,4599,4599,4190,1708,823,3620,2241,9753,8142,1089,0,169,144,209,24.9,10000,2458,1513,2002,1748,2279,10000,2051,965,809,48,365,282,1014,721,46,508,447,2131,307,457,262,10000,8302,950,748,0,8870,771,439,994,782,1397,1964,1104,908,318,193,50508,63944,6550,62143,3168,15200,1578,20720,572,8932,100,1228,1106,6467,217,187,555,576,1126,1595,940,812,310,149,57455,73198,25094,2403,20351,35253,30499,45000,30951,23469,19215,15141,7216,4254,5805,641,14064,10045,9383,7418,7239,418,1965,662,289,189,125,373,4019,2768,1741,1192,1251,-888888888,-888888888,-888888888,-888888888,-888888888,-888888888,-888888888,-888888888,-888888888,-888888888,-888888888,-888888888,-888888888,-888888888,-888888888,-888888888,-888888888,-888888888,-888888888
2012,Sabine County; Texas,8775,3450,3450,3028,422,0,5325,3450,-888888888,4488,1608,1608,1504,499,294,1387,912,2868,2340,227,16,68,104,113,25.8,3028,938,571,550,483,486,3028,241,276,289,48,403,24,311,214,11,69,113,995,152,152,181,3028,2012,912,104,0,4269,505,250,869,653,681,657,281,276,83,14,33053,42682,2130,45920,2252,17112,1184,18289,218,8194,138,2288,473,2800,242,130,473,427,480,452,247,258,83,8,37920,48935,17991,1469,22031,29314,22343,33504,24106,10520,7869,5199,4741,2651,2063,222,5686,3197,2775,1855,1790,154,920,422,83,74,9,339,2489,1319,688,780,1170,-888888888,-888888888,-888888888,-888888888,-888888888,-888888888,-888888888,-888888888,-888888888,-888888888,-888888888,-888888888,-888888888,-888888888,-888888888,-888888888,-888888888,-888888888,-888888888
2012,Sherman County; Texas,2181,1450,1450,1352,98,0,731,1450,-888888888,1095,648,648,621,236,153,717,507,1293,965,122,0,95,36,75,14.8,1352,459,209,222,291,171,1352,306,128,107,48,421,14,120,80,16,45,36,339,52,70,39,1352,957,242,143,10,996,22,24,125,146,218,203,89,128,23,18,47500,61621,843,59933,270,16889,91,18477,20,8585,0,-666666666,49,777,34,14,77,77,146,181,86,128,20,14,56719,67441,20680,219,32244,39160,28182,37564,27500,2987,2240,1896,640,747,986,252,1650,1332,1249,946,922,36,303,83,14,14,0,69,318,198,174,50,120,-888888888,-888888888,-888888888,-888888888,-888888888,-888888888,-888888888,-888888888,-888888888,-888888888,-888888888,-888888888,-888888888,-888888888,-888888888,-888888888,-888888888,-888888888,-888888888
2012,Swisher County; Texas,5975,3217,3214,2869,345,3,2758,3214,-888888888,2711,1364,1364,1212,707,381,1148,702,2761,2107,428,0,37,26,163,17.6,2869,840,491,618,480,440,2869,426,166,241,48,437,155,433,96,21,162,48,555,120,223,223,2869,1840,561,468,0,2622,172,216,519,271,361,466,284,277,28,28,40227,50829,1944,50851,987,14880,413,19125,68,7507,20,345,327,1835,95,70,227,208,302,378,252,247,28,28,50596,60076,17616,787,17888,25172,23170,35955,30417,7170,5434,3817,2409,1736,2037,377,3883,2971,2686,1922,1785,162,764,285,70,21,49,215,912,532,373,189,380,-888888888,-888888888,-888888888,-888888888,-888888888,-888888888,-888888888,-888888888,-888888888,-888888888,-888888888,-888888888,-888888888,-888888888,-888888888,-888888888,-888888888,-888888888,-888888888
2012,Hunt County; Texas,67082,40345,40218,35485,4733,127,26737,40218,-888888888,34211,18010,17978,15850,6648,4004,13112,8490,34857,28345,4273,77,555,504,1103,29.0,35485,11105,5777,8756,4602,5245,35485,528,3125,6272,48,231,815,4056,1833,474,1502,3311,7698,2525,2037,1309,35485,27202,5339,2944,0,30682,2510,2572,3602,3472,4622,5473,3389,3276,1060,706,45170,59499,23316,61287,10126,16526,5252,19919,1577,7713,481,2874,3975,20832,1131,904,1926,2078,3376,4337,2797,2757,882,644,54903,69367,22424,9850,24874,36757,26506,45685,32159,84979,66144,49497,26503,18835,21355,3123,52069,37793,33265,24994,24364,1549,8271,4528,1480,1132,468,3048,14276,9965,6188,4690,4311,-888888888,-888888888,-888888888,-888888888,-888888888,-888888888,-888888888,-888888888,-888888888,-888888888,-888888888,-888888888,-888888888,-888888888,-888888888,-888888888,-888888888,-888888888,-888888888
2012,Camp County; Texas,9443,5359,5359,4866,493,0,4084,5359,-888888888,4907,2503,2503,2293,979,523,2207,1125,4630,3964,504,27,46,42,47,19.8,4866,1384,677,1040,628,1137,4866,247,389,968,48,063,90,772,245,45,154,215,1082,321,187,151,4866,3949,698,219,0,4350,528,209,671,578,722,672,545,252,83,90,36495,50658,3029,52685,1589,16545,739,20642,248,7645,73,971,787,3139,167,118,444,450,554,556,449,242,69,90,43976,58693,19678,1211,22825,28862,25837,33783,27945,12196,9295,6008,4645,2901,3289,546,6907,5005,4559,3344,3146,282,1215,446,110,96,14,336,1902,1144,637,646,758,-888888888,-888888888,-888888888,-888888888,-888888888,-888888888,-888888888,-888888888,-888888888,-888888888,-888888888,-888888888,-888888888,-888888888,-888888888,-888888888,-888888888,-888888888,-888888888
2012,Hansford County; Texas,4106,2728,2728,2658,70,0,1378,2728,-888888888,2042,1170,1170,1138,475,286,1145,708,2638,2060,391,5,34,70,78,19.0,2658,766,362,599,525,406,2658,704,116,121,48,195,95,356,119,15,124,120,582,113,97,96,2658,1806,560,274,18,1918,133,115,187,199,338,443,225,173,46,59,49626,60890,1585,60079,531,16485,203,19949,52,8777,11,1327,225,1421,88,16,119,145,211,387,189,163,44,59,56743,69583,21770,497,25579,31914,26243,43036,21609,5496,4420,3383,1523,1076,1668,188,3102,2448,2400,1807,1747,79,593,48,21,17,4,27,654,413,267,189,241,-888888888,-888888888,-888888888,-888888888,-888888888,-888888888,-888888888,-888888888,-888888888,-888888888,-888888888,-888888888,-888888888,-888888888,-888888888,-888888888,-888888888,-888888888,-888888888
2012,Clay County; Texas,8654,5400,5357,5037,320,43,3254,5357,-888888888,4439,2402,2394,2266,621,434,1599,1175,5003,4089,575,11,81,35,212,25.0,5037,1616,918,1184,560,759,5037,484,289,465,48,077,133,563,268,87,215,298,1329,299,276,331,5037,3488,1103,439,7,4272,184,261,453,406,619,834,779,571,102,63,54298,63305,3414,62352,1608,16227,811,17792,186,9626,27,1719,250,2996,52,33,206,263,442,688,658,504,92,58,65745,73268,25165,1276,24778,38109,31361,43343,35076,10591,8991,7189,3266,1600,2425,260,6321,4714,4430,3728,3660,213,702,284,68,43,28,216,1607,1185,824,495,422,-888888888,-888888888,-888888888,-888888888,-888888888,-888888888,-888888888,-888888888,-888888888,-888888888,-888888888,-888888888,-888888888,-888888888,-888888888,-888888888,-888888888,-888888888,-888888888
2012,Hartley County; Texas,4873,2387,2384,2323,61,3,2486,2384,-888888888,1798,1054,1054,1017,386,262,872,671,2290,1856,200,8,78,45,103,13.4,2323,923,323,519,356,202,2323,488,137,66,48,205,120,192,192,30,132,133,488,86,77,182,2323,1578,472,273,0,1717,55,57,140,185,284,336,243,277,60,80,63407,80324,1470,77703,505,20124,183,19293,21,10171,4,2450,78,1305,0,20,95,82,234,299,208,227,60,80,71402,92325,26563,412,29459,40416,31417,44781,31109,4558,3927,3381,1234,631,1310,91,2508,2084,2040,1684,1657,67,356,44,30,29,1,14,424,254,214,43,170,-888888888,-888888888,-888888888,-888888888,-888888888,-888888888,-888888888,-888888888,-888888888,-888888888,-888888888,-888888888,-888888888,-888888888,-888888888,-888888888,-888888888,-888888888,-888888888
2012,Hill County; Texas,27428,15648,15648,14378,1270,0,11780,15648,-888888888,14116,7193,7193,6489,2545,1502,5424,3625,14132,11279,1908,11,230,188,516,29.7,14378,3663,2221,3654,2322,2518,14378,705,1508,1686,48,217,453,2011,982,175,752,664,3125,1000,636,681,14378,10711,2397,1234,36,13503,1040,1023,2115,1873,2023,2492,1224,1195,344,174,39405,52348,9874,53572,5018,16382,2315,21227,642,6890,488,3857,2066,9331,410,432,1162,1165,1442,2087,1148,1000,325,160,50634,61239,20568,4172,21513,29309,24648,38125,27168,34436,26239,18888,12070,8197,8522,1598,19825,14371,13178,9452,9022,751,3726,1193,412,306,111,781,5454,3421,2316,1552,2033,-888888888,-888888888,-888888888,-888888888,-888888888,-888888888,-888888888,-888888888,-888888888,-888888888,-888888888,-888888888,-888888888,-888888888,-888888888,-888888888,-888888888,-888888888,-888888888
2012,Limestone County; Texas,18598,9778,9778,9210,568,0,8820,9778,-888888888,8863,4618,4618,4418,1726,1146,3244,2233,9046,7025,1204,33,230,134,420,21.0,9210,2796,1816,1961,1280,1357,9210,794,568,635,48,293,229,963,401,109,327,586,2999,419,558,622,9210,5745,2686,779,0,7928,538,698,1127,1076,1125,1384,904,811,191,74,40213,53709,5945,53970,3157,15729,1633,17914,253,9406,99,3088,707,5615,202,266,630,737,772,1153,814,777,190,74,53667,63619,19753,2313,21471,27797,24651,41771,27357,21134,16735,12304,7334,4399,5342,941,12245,8910,8405,6220,5927,552,2185,505,242,193,58,263,3335,2355,1435,1172,980,-888888888,-888888888,-888888888,-888888888,-888888888,-888888888,-888888888,-888888888,-888888888,-888888888,-888888888,-888888888,-888888888,-888888888,-888888888,-888888888,-888888888,-888888888,-888888888
2012,Nacogdoches County; Texas,51186,29891,29833,27467,2366,58,21295,29833,-888888888,27271,14071,14071,12881,5284,3249,8989,6182,26906,21296,2580,101,1323,480,1126,18.7,27467,8636,4906,6555,3143,4227,27467,1325,2264,3428,48,347,746,3272,1041,234,1090,1661,8065,2356,1198,787,27467,20298,4998,2125,46,23247,2973,2107,3320,3051,2925,4000,2229,1864,418,360,35641,50776,17654,51196,6405,15463,3233,22068,1410,8721,356,4782,3485,14652,1188,858,1740,1743,1760,3171,1860,1676,365,291,50175,61250,19271,8595,20955,31824,20579,35778,27551,63821,49072,36369,18873,14749,15088,2032,41456,28575,26254,18554,17737,1396,7700,2321,1008,741,308,1313,12881,9220,6598,3316,3661,-888888888,-888888888,-888888888,-888888888,-888888888,-888888888,-888888888,-888888888,-888888888,-888888888,-888888888,-888888888,-888888888,-888888888,-888888888,-888888888,-888888888,-888888888,-888888888
2012,Parmer County; Texas,7419,4931,4928,4757,171,3,2488,4928,-888888888,3631,1955,1955,1883,1000,416,1987,1279,4658,3529,692,15,120,26,276,15.0,4757,1095,809,750,902,1201,4757,944,331,967,48,369,142,442,186,62,172,185,704,279,208,135,4757,3869,486,382,20,3299,263,120,431,402,647,602,381,320,58,75,44925,58641,2787,59893,926,14767,230,15048,111,7768,60,1612,454,2569,174,97,326,285,470,471,340,313,37,56,47864,61683,19182,730,27424,42626,25096,33171,26850,10016,7771,5872,2826,2245,3122,434,5736,4470,4310,3137,2983,218,1173,160,35,24,11,125,1266,773,536,312,493,-888888888,-888888888,-888888888,-888888888,-888888888,-888888888,-888888888,-888888888,-888888888,-888888888,-888888888,-888888888,-888888888,-888888888,-888888888,-888888888,-888888888,-888888888,-888888888
2012,Parker County; Texas,90809,57135,57008,53341,3667,127,33674,57008,-888888888,44988,25798,25761,23915,8167,4186,20271,13080,52480,43475,5702,137,516,364,2286,30.7,53341,18979,7450,12991,7267,6654,53341,2696,4988,6341,48,367,1329,6217,3684,931,2988,4496,10010,3413,3254,2994,53341,41528,7815,3862,136,41640,2155,1747,3558,3649,5038,7274,5844,6906,3294,2175,65299,83181,33748,83931,11619,17555,7678,21300,1131,9674,519,2600,3148,31395,964,548,2008,2332,3489,5637,5255,6060,3027,2075,77116,94229,30407,10245,31427,46734,35314,58344,39022,113718,93679,78591,27023,20039,29559,4060,70003,53549,50117,40565,39521,2201,9552,3432,1677,1337,370,1755,16454,11864,9069,3749,4590,-888888888,-888888888,-888888888,-888888888,-888888888,-888888888,-888888888,-888888888,-888888888,-888888888,-888888888,-888888888,-888888888,-888888888,-888888888,-888888888,-888888888,-888888888,-888888888
2012,Presidio County; Texas,5849,3360,3360,3064,296,0,2489,3360,-888888888,2963,1420,1420,1272,664,355,1343,940,2942,1891,497,37,204,25,288,17.1,3064,1005,733,704,422,200,3064,509,137,132,48,377,20,277,109,0,127,86,672,346,245,404,3064,1647,993,340,84,2654,382,356,448,408,263,508,115,81,52,41,29400,40821,1695,45887,1129,11914,568,13917,300,6576,0,-666666666,764,1632,99,137,222,377,137,425,102,64,28,41,34637,49749,17168,1022,15395,26465,18790,37360,22083,7614,5408,2888,2928,2206,2061,454,4129,3097,2815,1922,1802,145,893,282,71,27,44,211,1032,441,308,152,591,-888888888,-888888888,-888888888,-888888888,-888888888,-888888888,-888888888,-888888888,-888888888,-888888888,-888888888,-888888888,-888888888,-888888888,-888888888,-888888888,-888888888,-888888888,-888888888
2012,Val Verde County; Texas,35677,22115,20920,18834,2086,1195,13562,20920,-888888888,17800,9552,9399,8580,4559,2715,8831,5857,19644,14987,2682,49,543,744,639,20.2,18834,4785,4844,4293,2297,2615,18834,687,1090,1460,48,465,297,2177,1127,198,694,879,5074,1509,724,2918,18834,12223,5903,683,25,14903,1560,1149,1968,1783,2670,2366,1499,1417,364,127,40509,52426,11540,54839,4449,12339,2206,19531,861,6157,216,2668,2806,11384,602,758,1497,1398,2114,2033,1243,1318,308,113,44594,57692,17504,3519,20979,31821,22002,38277,29288,46593,34075,22322,14796,12518,14435,2220,26289,19716,17867,11724,11182,887,6143,1849,526,382,144,1323,6573,3838,2202,1893,2735,-888888888,-888888888,-888888888,-888888888,-888888888,-888888888,-888888888,-888888888,-888888888,-888888888,-888888888,-888888888,-888888888,-888888888,-888888888,-888888888,-888888888,-888888888,-888888888
2012,Culberson County; Texas,1848,1265,1265,1129,136,0,583,1265,-888888888,1030,677,677,641,204,101,486,405,1129,918,74,9,39,69,20,8.0,1129,257,363,305,111,93,1129,84,48,5,48,109,17,232,95,35,18,26,274,218,39,38,1129,759,273,97,0,854,180,96,66,115,161,127,37,56,16,0,33500,40175,709,40434,203,9638,102,13605,94,7648,0,-666666666,212,519,68,65,39,44,116,94,32,45,16,0,43533,48444,15568,335,18281,26640,13774,38710,21850,2361,1623,976,704,738,693,102,1425,1164,1028,616,556,60,412,136,33,28,5,103,261,140,32,108,121,-888888888,-888888888,-888888888,-888888888,-888888888,-888888888,-888888888,-888888888,-888888888,-888888888,-888888888,-888888888,-888888888,-888888888,-888888888,-888888888,-888888888,-888888888,-888888888
2012,Ector County; Texas,101902,68404,68390,64519,3871,14,33498,68390,-888888888,52083,29603,29603,27750,13553,7678,23901,15882,63150,50828,9384,333,657,447,1501,20.5,64519,14531,11006,16976,10633,11373,64519,7848,5377,5709,48,135,2843,6909,3729,1122,3310,4081,11627,6203,3929,1832,64519,51577,7865,5026,51,49065,3208,3195,5539,5478,6776,10168,6070,5380,1896,1355,50851,67334,41441,68013,12110,15229,5097,18339,2627,8374,1758,4069,6888,34520,1590,1513,3008,3690,4782,7547,5093,4483,1606,1208,59661,76045,24358,14545,27869,39852,28187,47475,29952,136762,97902,72302,36516,38860,40103,9473,82955,64031,60552,41087,39092,3342,19465,3479,1419,942,519,2060,18924,11356,7012,5171,7568,-888888888,-888888888,-888888888,-888888888,-888888888,-888888888,-888888888,-888888888,-888888888,-888888888,-888888888,-888888888,-888888888,-888888888,-888888888,-888888888,-888888888,-888888888,-888888888
2012,Garza County; Texas,5356,1765,1765,1721,44,0,3591,1765,-888888888,1770,840,840,825,492,291,501,265,1659,1362,124,0,70,15,88,15.8,1721,492,380,366,300,183,1721,251,224,110,48,169,51,107,22,17,120,42,301,82,150,244,1721,1045,434,229,13,1659,117,213,274,179,207,266,158,123,60,62,41750,55443,1220,55552,544,16705,265,21130,72,5314,5,4960,256,1177,81,98,135,95,134,259,130,123,60,62,54018,67063,14526,482,23099,25420,30321,47031,30689,3920,2943,1953,1538,977,1012,211,2159,1588,1544,998,960,65,546,44,3,0,3,41,571,392,222,218,179,-888888888,-888888888,-888888888,-888888888,-888888888,-888888888,-888888888,-888888888,-888888888,-888888888,-888888888,-888888888,-888888888,-888888888,-888888888,-888888888,-888888888,-888888888,-888888888
2012,Glasscock County; Texas,934,604,604,595,9,0,330,604,-888888888,376,176,176,168,83,40,270,179,585,443,43,14,14,4,67,24.0,595,199,31,84,179,102,595,254,59,4,48,173,39,58,45,10,4,21,76,3,0,22,595,379,90,117,9,431,2,34,17,41,18,101,51,127,19,21,76563,90440,390,85767,90,17240,21,37305,5,5660,0,-666666666,7,309,2,0,6,22,11,73,35,124,19,17,100372,107088,32659,122,33125,47358,37250,63125,34545,1255,1032,907,242,223,363,48,751,557,549,435,421,25,114,8,0,0,0,8,194,141,133,8,53,-888888888,-888888888,-888888888,-888888888,-888888888,-888888888,-888888888,-888888888,-888888888,-888888888,-888888888,-888888888,-888888888,-888888888,-888888888,-888888888,-888888888,-888888888,-888888888
2012,Grimes County; Texas,21323,11000,11000,10253,747,0,10323,11000,-888888888,9394,5198,5198,4911,1872,1024,3753,2652,10013,7952,1254,0,88,141,578,35.2,10253,2398,2124,2178,1666,1887,10253,851,1176,1248,48,185,162,1114,751,102,341,780,1838,713,474,703,10253,7687,1809,746,11,8716,891,458,1136,1059,1192,1455,1070,1031,200,224,43810,60958,6548,65238,3106,15200,1178,19518,593,7494,204,3492,1291,6241,271,205,666,789,820,1240,995,919,130,206,57348,71194,20379,2475,20482,30412,26759,40858,30331,23391,18527,14433,7020,4864,5998,986,13854,10265,9540,7343,7008,525,2197,725,258,233,71,467,3589,2427,1594,1210,1162,-888888888,-888888888,-888888888,-888888888,-888888888,-888888888,-888888888,-888888888,-888888888,-888888888,-888888888,-888888888,-888888888,-888888888,-888888888,-888888888,-888888888,-888888888,-888888888
2012,Collin County; Texas,587912,430276,429815,406348,23467,461,157636,429815,-888888888,302053,196683,196636,185406,71252,42716,148698,103187,400325,326275,29185,4862,3155,7030,29818,27.4,406348,207681,46997,106352,22248,23070,406348,3470,19083,43209,48,085,12398,48823,13056,17596,47852,66387,76955,28745,18466,10308,406348,340612,40072,25126,538,283025,10017,6109,15608,19799,30199,45920,39323,59282,28495,28273,83238,104020,256345,102962,44400,18447,29810,26733,5515,9626,2631,4879,9495,208722,4579,3070,7896,11264,17861,30934,30377,50343,26327,26071,98297,118240,37797,74303,46940,61168,43389,68141,48126,785722,669700,612404,106385,116022,224216,22571,500527,408695,387308,324350,321243,7623,62958,21387,11830,10508,1789,9557,91832,72142,65233,10401,19690,-888888888,-888888888,-888888888,-888888888,-888888888,-888888888,-888888888,-888888888,-888888888,-888888888,-888888888,-888888888,-888888888,-888888888,-888888888,-888888888,-888888888,-888888888,-888888888
2012,Angelina County; Texas,65671,39090,39009,35938,3071,81,26581,39009,-888888888,33761,19042,19042,17692,7387,4595,14358,10288,34895,28644,4279,116,480,711,665,18.5,35938,10076,7139,8381,4302,6040,35938,1254,2153,4698,48,005,1266,4133,1602,674,1288,2408,9707,3184,2054,1517,35938,26771,6976,2172,19,30846,2466,2476,4028,4442,5192,5011,3233,2508,831,659,40150,57842,23936,56781,10042,16524,5952,17615,1793,9271,919,3237,5339,22169,957,1223,2513,3356,3708,4038,2805,2258,705,606,47567,66257,21280,8677,22096,32759,23605,35671,27967,83879,68198,47737,30604,15681,23049,2491,49510,36694,33869,25746,24094,2646,8123,2825,1017,646,459,1808,12816,9588,4859,5858,3228,-888888888,-888888888,-888888888,-888888888,-888888888,-888888888,-888888888,-888888888,-888888888,-888888888,-888888888,-888888888,-888888888,-888888888,-888888888,-888888888,-888888888,-888888888,-888888888
2012,Cottle County; Texas,1318,715,715,702,13,0,603,715,-888888888,740,372,372,372,101,77,218,159,670,519,90,5,26,12,18,18.6,702,202,172,197,102,29,702,109,49,11,48,101,1,75,19,3,68,12,170,26,26,133,702,370,257,75,0,719,46,82,100,136,125,121,46,51,3,9,34770,46164,490,46201,348,14265,150,15861,61,8520,2,850,97,524,20,21,61,118,99,99,46,51,3,6,41389,52842,21429,195,17898,27694,26575,41146,27218,1581,1206,932,585,375,338,85,833,607,594,410,403,15,184,13,0,0,0,13,226,133,75,83,93,-888888888,-888888888,-888888888,-888888888,-888888888,-888888888,-888888888,-888888888,-888888888,-888888888,-888888888,-888888888,-888888888,-888888888,-888888888,-888888888,-888888888,-888888888,-888888888
2012,Hays County; Texas,123852,81674,81492,75388,6104,182,42178,81492,-888888888,62798,38131,38131,35331,12663,8265,24966,18603,74636,57522,9302,631,1437,729,5015,29.3,75388,29026,12636,20452,7025,6249,75388,746,6830,5134,48,209,1447,10380,3144,1538,4953,7386,17815,7321,3796,4898,75388,54408,15758,5146,76,54543,4435,2963,5373,4493,6588,9306,6986,8592,3213,2594,57834,75332,47086,73131,10741,16989,7837,26218,1269,8958,613,3906,3974,35667,1120,1055,2202,2504,4043,6659,5629,7415,2736,2304,75906,91644,26662,18876,27006,42184,27170,50946,38398,156823,127296,111767,27877,29527,38539,4639,105002,78541,72795,57663,56591,2322,15132,5746,3204,2848,536,2542,26461,19306,17260,3218,7155,-888888888,-888888888,-888888888,-888888888,-888888888,-888888888,-888888888,-888888888,-888888888,-888888888,-888888888,-888888888,-888888888,-888888888,-888888888,-888888888,-888888888,-888888888,-888888888
2012,Brazoria County; Texas,236481,154783,154502,144620,9882,281,81698,154502,-888888888,116640,71036,70971,66200,27383,16750,55704,39862,142224,120179,14243,373,1352,2495,3582,28.5,144620,57204,20998,31754,17370,17294,144620,3383,13735,19530,48,039,4492,14211,7198,2211,7108,15777,33551,9266,7276,6882,144620,114978,22161,7396,85,105920,5047,4017,8858,8736,12713,18377,14775,19895,7758,5744,68008,83864,90037,85994,23774,17644,14766,21996,2986,9215,1379,2754,9552,79539,2629,1579,5059,5827,8439,13892,11963,17536,7158,5457,79221,94602,29042,26381,38942,48779,39182,57362,41544,302697,242889,203145,63409,59808,86443,11813,187002,147593,138115,108771,106445,4831,29344,9478,4230,3440,878,5248,39409,26499,19698,8837,12910,-888888888,-888888888,-888888888,-888888888,-888888888,-888888888,-888888888,-888888888,-888888888,-888888888,-888888888,-888888888,-888888888,-888888888,-888888888,-888888888,-888888888,-888888888,-888888888
2012,Donley County; Texas,2989,1616,1616,1579,37,0,1373,1616,-888888888,1514,693,693,683,193,158,513,369,1579,1215,146,0,76,35,107,17.7,1579,537,257,366,253,166,1579,199,100,65,48,129,6,228,109,0,73,76,402,90,70,161,1579,978,450,151,0,1348,77,77,243,182,151,293,177,84,41,23,41875,54471,988,54821,543,15950,313,16788,65,11212,15,1453,112,937,20,20,145,99,118,232,160,79,41,23,56211,64799,21867,411,24219,30267,25181,37958,32619,3596,2888,2167,1245,708,758,114,2086,1417,1382,994,966,49,388,35,7,5,2,28,669,505,358,173,164,-888888888,-888888888,-888888888,-888888888,-888888888,-888888888,-888888888,-888888888,-888888888,-888888888,-888888888,-888888888,-888888888,-888888888,-888888888,-888888888,-888888888,-888888888,-888888888
2012,Atascosa County; Texas,33531,20674,20593,18497,2096,81,12857,20593,-888888888,17184,9198,9192,8498,3896,2571,7999,4885,18058,14284,2680,46,366,117,565,30.2,18497,4635,3037,4750,3259,2816,18497,1084,2286,1605,48,013,709,2558,939,199,1153,1131,4026,1375,689,743,18497,13895,2808,1729,65,14995,1385,814,1882,1792,2255,2763,1737,1681,425,261,45702,58806,11899,57813,5571,14797,2843,19662,975,7866,261,5304,2907,11450,636,381,1256,1314,1923,2353,1442,1494,401,250,51834,65501,19937,3545,22260,33392,26072,40306,30382,44665,34629,23514,15981,10036,12905,1394,26216,19257,17356,12250,11284,1420,5106,1901,827,404,466,1074,6959,4626,2694,2583,2333,-888888888,-888888888,-888888888,-888888888,-888888888,-888888888,-888888888,-888888888,-888888888,-888888888,-888888888,-888888888,-888888888,-888888888,-888888888,-888888888,-888888888,-888888888,-888888888
2012,Nolan County; Texas,11707,7349,7349,6803,546,0,4358,7349,-888888888,5917,3418,3418,3173,1175,787,2390,1726,6610,5068,1008,56,213,134,131,17.8,6803,1840,1558,1423,998,984,6803,337,466,679,48,353,62,849,464,130,368,384,1739,684,277,364,6803,4574,1575,542,112,5709,595,435,739,798,947,1069,440,474,85,127,37671,51154,4344,50425,1987,15434,857,21943,372,8343,120,690,896,3742,196,214,282,514,648,871,409,406,78,124,50234,62459,20008,1967,20732,28666,21438,37185,26776,14847,11444,8446,4835,3403,3752,527,8772,6802,6326,4380,4203,294,1946,476,134,72,66,342,1970,1389,822,735,581,-888888888,-888888888,-888888888,-888888888,-888888888,-888888888,-888888888,-888888888,-888888888,-888888888,-888888888,-888888888,-888888888,-888888888,-888888888,-888888888,-888888888,-888888888,-888888888
2012,Hudspeth County; Texas,2541,1324,1324,1212,112,0,1217,1324,-888888888,1240,560,560,483,250,100,673,382,1163,870,160,4,15,58,56,22.3,1212,267,285,262,225,173,1212,167,93,61,48,229,6,126,113,48,15,78,208,94,30,173,1212,694,413,102,3,1097,188,178,237,143,137,77,59,59,8,11,22083,36930,791,41930,351,12076,117,11394,67,5851,6,883,285,796,122,83,172,127,100,66,53,54,8,11,26346,42772,13066,301,14077,20924,16581,22346,20457,3253,2181,953,1426,1072,992,179,1782,1166,1054,638,601,42,416,112,32,12,20,80,616,226,48,178,390,-888888888,-888888888,-888888888,-888888888,-888888888,-888888888,-888888888,-888888888,-888888888,-888888888,-888888888,-888888888,-888888888,-888888888,-888888888,-888888888,-888888888,-888888888,-888888888
2012,Ward County; Texas,8016,4624,4624,4394,230,0,3392,4624,-888888888,4162,1964,1964,1811,814,473,1985,1185,4254,3499,496,4,124,48,83,19.1,4394,837,960,1014,832,751,4394,972,392,164,48,475,81,340,352,54,292,162,778,218,233,356,4394,3170,907,306,11,3934,384,399,465,408,622,704,356,386,91,119,40222,55916,2917,60951,1230,15478,581,13007,322,8766,121,2841,571,2765,145,227,246,300,489,485,337,328,91,117,49183,65377,21409,1169,18870,28422,30686,48461,28208,10444,8325,5724,3695,2119,2905,343,6044,4348,4133,2996,2890,208,1137,215,137,80,60,78,1696,1137,546,677,559,-888888888,-888888888,-888888888,-888888888,-888888888,-888888888,-888888888,-888888888,-888888888,-888888888,-888888888,-888888888,-888888888,-888888888,-888888888,-888888888,-888888888,-888888888,-888888888
2012,Harrison County; Texas,51040,31533,31527,28997,2530,6,19507,31527,-888888888,26469,14773,14773,13651,5230,3395,10403,7690,28396,23300,3440,32,445,272,907,23.3,28997,8269,4857,7140,4283,4448,28997,2121,2119,3519,48,203,1007,3045,1635,294,1853,2252,6454,2130,1699,869,28997,23864,3279,1833,21,23147,2209,1462,2391,2633,3467,4034,2705,2876,796,574,46718,61770,17833,63276,7607,15340,3736,20968,1015,7261,228,3051,3312,17166,1324,526,1325,1964,2584,3291,2304,2599,695,554,56667,69530,22669,5981,22434,35090,26118,46784,27429,64948,49805,38293,18548,15143,16802,3135,39500,29526,27068,20397,19710,1327,6671,2458,877,671,224,1581,9974,6270,4140,2864,3704,-888888888,-888888888,-888888888,-888888888,-888888888,-888888888,-888888888,-888888888,-888888888,-888888888,-888888888,-888888888,-888888888,-888888888,-888888888,-888888888,-888888888,-888888888,-888888888
2012,Menard County; Texas,1746,1021,1021,922,99,0,725,1021,-888888888,914,555,555,503,150,114,376,345,922,722,72,0,93,27,8,21.4,922,223,271,227,159,42,922,147,74,42,48,327,0,136,27,0,71,23,145,160,41,56,922,538,176,208,0,869,125,82,131,96,169,108,73,36,14,35,35048,50027,546,52826,396,13313,145,24487,30,4177,24,2983,161,582,42,16,55,89,126,105,69,36,14,30,44397,63901,20754,287,14276,21337,18036,29550,19398,2181,1607,991,930,574,535,57,1165,914,815,483,397,111,332,99,40,40,0,59,251,140,44,99,111,-888888888,-888888888,-888888888,-888888888,-888888888,-888888888,-888888888,-888888888,-888888888,-888888888,-888888888,-888888888,-888888888,-888888888,-888888888,-888888888,-888888888,-888888888,-888888888
2012,Fayette County; Texas,19817,11976,11976,11670,306,0,7841,11976,-888888888,10226,5526,5526,5397,1566,1159,3668,2861,11557,8809,1698,15,259,279,497,22.6,11670,3335,1587,2806,1915,2027,11670,801,1387,1634,48,149,364,1256,869,180,588,790,2075,828,620,278,11670,9016,1329,1288,37,10470,632,740,1633,1166,1440,2225,1017,962,220,435,45478,64105,7649,64010,3862,17127,1725,25264,361,10225,133,4322,742,7092,227,214,711,791,1057,1747,873,853,215,404,57277,77089,27520,3378,22103,35813,26485,40177,27026,24079,20308,15860,8121,3771,5379,698,13696,10815,10527,8413,8195,521,2114,288,135,107,35,153,2881,2158,1567,728,723,-888888888,-888888888,-888888888,-888888888,-888888888,-888888888,-888888888,-888888888,-888888888,-888888888,-888888888,-888888888,-888888888,-888888888,-888888888,-888888888,-888888888,-888888888,-888888888
2012,Williamson County; Texas,316431,228651,227553,210928,16625,1098,87780,227553,-888888888,162604,106944,106684,99713,40109,26283,77976,56922,208257,166733,21592,1095,2125,2969,13743,25.7,210928,94238,29454,54890,15832,16514,210928,1943,13661,24501,48,491,5623,27642,7204,5024,15872,28558,42621,15811,9593,12875,210928,166325,32485,11872,246,151352,4647,3396,9298,11918,20001,31001,25531,29275,10018,6267,70849,83761,131777,81827,30092,17856,23715,26959,3349,10015,2082,4133,9928,110495,2097,1367,4781,7015,12424,22254,20292,25336,9352,5577,81150,93217,30540,40857,43843,54374,37228,54861,42164,422885,362362,322264,80009,60523,121424,11890,263877,217886,202586,171388,167647,8697,31198,15300,8413,7048,1721,6887,45991,36067,30166,8997,9924,-888888888,-888888888,-888888888,-888888888,-888888888,-888888888,-888888888,-888888888,-888888888,-888888888,-888888888,-888888888,-888888888,-888888888,-888888888,-888888888,-888888888,-888888888,-888888888
2012,Hutchinson County; Texas,17029,10239,10229,9461,768,10,6790,10229,-888888888,8648,4547,4547,4148,1800,998,3547,2439,9234,7375,1105,32,109,163,450,19.2,9461,2421,1542,2379,1571,1548,9461,678,996,1369,48,233,243,1420,535,62,375,483,1720,736,396,448,9461,7551,1279,619,12,8318,570,551,936,999,1389,1574,949,973,254,123,46677,59834,6252,63184,2553,16660,1349,21181,317,8319,73,3273,772,5663,270,222,437,777,885,1202,732,851,212,75,54690,66388,23560,2655,28258,43668,29643,48129,32843,21775,17041,13152,6576,4734,5745,792,12810,9507,8815,6398,6077,473,2417,692,244,126,130,448,3303,2255,1596,883,1048,-888888888,-888888888,-888888888,-888888888,-888888888,-888888888,-888888888,-888888888,-888888888,-888888888,-888888888,-888888888,-888888888,-888888888,-888888888,-888888888,-888888888,-888888888,-888888888
2012,Morris County; Texas,10308,5405,5405,4826,579,0,4903,5405,-888888888,5439,2659,2659,2460,981,639,1688,1098,4649,4009,454,0,32,37,117,22.3,4826,1417,885,1049,452,1023,4826,175,315,808,48,343,211,426,200,24,199,159,1629,288,203,189,4826,3639,923,264,0,5028,560,439,807,498,737,923,531,334,96,103,39122,50444,3232,55205,2156,15787,1135,18531,384,7160,67,1533,793,3435,283,109,454,411,512,714,450,320,79,103,48260,59634,20344,1593,18873,29164,26336,44925,28931,12680,10060,6702,5143,2620,2977,399,7247,5011,4485,3344,3207,197,1141,526,145,77,74,381,2236,1544,803,934,692,-888888888,-888888888,-888888888,-888888888,-888888888,-888888888,-888888888,-888888888,-888888888,-888888888,-888888888,-888888888,-888888888,-888888888,-888888888,-888888888,-888888888,-888888888,-888888888
2012,Orange County; Texas,64358,37703,37686,34376,3310,17,26655,37686,-888888888,32698,16557,16557,15292,6175,3669,13091,9263,33857,29860,2558,59,243,568,569,23.0,34376,9148,5429,7953,5676,6170,34376,455,4015,6300,48,361,628,4099,1878,314,1263,2562,7299,2443,2210,910,34376,28020,4216,2085,55,31105,2590,1762,3434,3604,4387,5711,3979,3603,1384,651,48864,63469,23426,66218,9642,17296,6296,18061,2167,9553,766,3648,4979,22216,1135,856,1588,2292,3268,4570,3391,3333,1205,578,59666,73558,24362,8889,25005,35050,29083,54341,32543,81559,65054,49200,25569,16505,20571,2176,49807,35697,32648,24227,23206,1632,8421,3049,1131,663,507,1918,14110,10181,6757,4454,3929,-888888888,-888888888,-888888888,-888888888,-888888888,-888888888,-888888888,-888888888,-888888888,-888888888,-888888888,-888888888,-888888888,-888888888,-888888888,-888888888,-888888888,-888888888,-888888888
2012,Winkler County; Texas,5218,3218,3218,3111,107,0,2000,3218,-888888888,2616,1318,1318,1272,710,479,1338,811,3042,2362,529,3,26,43,79,23.3,3111,560,544,588,930,489,3111,742,420,90,48,495,30,188,293,8,126,132,599,185,108,190,3111,2147,620,297,47,2672,227,205,279,267,457,604,228,303,65,37,47167,58237,2107,56454,814,15110,349,18605,117,9481,132,2474,382,1826,91,91,172,146,335,490,174,243,47,37,53309,66092,22318,846,26302,36351,26892,51554,24205,6993,5256,3914,2101,1737,2115,477,4038,2969,2865,2040,1873,267,825,104,66,23,43,38,1069,677,488,274,392,-888888888,-888888888,-888888888,-888888888,-888888888,-888888888,-888888888,-888888888,-888888888,-888888888,-888888888,-888888888,-888888888,-888888888,-888888888,-888888888,-888888888,-888888888,-888888888
2012,Harris County; Texas,3079828,2119643,2117835,1944732,173103,1808,960185,2117835,-888888888,1558257,936233,935881,856239,386548,225119,706213,464996,1909380,1495276,228430,57653,29493,37592,60936,27.4,1944732,656491,335853,471667,229846,250875,1944732,54942,188604,209080,48,201,72917,212753,124556,28843,114451,251360,361478,159599,112941,53208,1944732,1603092,207450,131775,2415,1412895,97301,69805,154274,153209,191688,246760,165861,176732,73195,84070,53160,77751,1225790,77892,264874,16058,140871,22758,50300,8409,23499,3423,158945,968252,50470,37215,95810,98451,125413,165681,121631,140910,60548,72123,60641,87034,27780,444643,37922,54305,30319,44869,36757,4079200,2999631,2206724,1029767,1079569,1144162,193067,2603525,2023082,1861904,1305449,1232612,99187,556455,161178,63175,41207,24027,98003,580443,359408,237829,143050,221035,-888888888,-888888888,-888888888,-888888888,-888888888,-888888888,-888888888,-888888888,-888888888,-888888888,-888888888,-888888888,-888888888,-888888888,-888888888,-888888888,-888888888,-888888888,-888888888
2012,Burnet County; Texas,34307,19881,19867,18643,1224,14,14426,19867,-888888888,17524,8791,8791,8245,2913,1643,6358,4375,18429,14016,2154,0,126,200,1933,25.9,18643,5145,3904,4931,3022,1641,18643,609,2702,1163,48,053,530,2359,858,404,871,1732,3302,2029,1004,1080,18643,13315,2752,2553,23,16648,938,840,2192,2143,2402,3524,1932,1668,534,475,49047,62294,11924,57735,6203,18491,3881,29386,849,7539,236,3284,1859,11954,433,203,1236,1498,1747,2680,1753,1476,480,448,58568,71493,24991,4694,28196,36380,26225,40158,31499,42321,33185,25834,14029,9136,9828,1416,24394,18290,17242,11989,11553,619,5253,1048,383,262,157,665,6104,4375,2911,1919,1729,-888888888,-888888888,-888888888,-888888888,-888888888,-888888888,-888888888,-888888888,-888888888,-888888888,-888888888,-888888888,-888888888,-888888888,-888888888,-888888888,-888888888,-888888888,-888888888
2012,Gillespie County; Texas,20551,12358,12331,11721,610,27,8193,12331,-888888888,10727,6031,6031,5803,1329,950,3405,2822,11472,8553,1699,0,295,153,772,19.1,11721,3941,2303,2783,1493,1201,11721,496,1176,758,48,171,374,1588,578,149,690,1032,2340,1628,660,252,11721,8730,1219,1684,88,10694,471,532,1123,1237,1507,2459,1500,1078,435,352,55017,67962,7416,64703,4710,17252,2830,26493,253,8767,119,3384,587,7309,78,167,629,721,951,1919,1209,989,361,285,63626,78393,29178,3385,33344,44097,26118,39134,30532,24266,19582,15407,9143,4684,4902,688,13156,10830,10251,7330,6936,741,2921,579,295,188,107,284,2326,1558,1148,491,768,-888888888,-888888888,-888888888,-888888888,-888888888,-888888888,-888888888,-888888888,-888888888,-888888888,-888888888,-888888888,-888888888,-888888888,-888888888,-888888888,-888888888,-888888888,-888888888
2012,Dallas County; Texas,1792988,1232587,1231313,1124454,106859,1274,560401,1231313,-888888888,915123,560047,559825,508176,222953,133085,401439,271290,1106207,875587,125349,31323,16800,16594,40554,25.9,1124454,364942,197257,287287,130773,144195,1124454,7436,105711,107718,48,113,34415,123830,64575,28783,103957,152806,200754,103918,60396,30155,1124454,936816,113509,72663,1466,849874,60739,43715,98677,101399,126859,156093,91883,94059,34468,41982,49159,71959,722047,72007,166186,16026,89352,22690,30820,8586,13721,3410,95481,555311,29790,21823,60404,63060,78894,100628,66289,72254,27592,34577,54848,80827,26576,294563,37314,52330,29074,39366,36911,2356126,1690977,1234054,607821,665149,654736,122972,1497141,1174427,1075448,732532,702923,44418,342916,98979,37415,25711,13294,61564,322714,190129,122346,80667,132585,-888888888,-888888888,-888888888,-888888888,-888888888,-888888888,-888888888,-888888888,-888888888,-888888888,-888888888,-888888888,-888888888,-888888888,-888888888,-888888888,-888888888,-888888888,-888888888
2012,Guadalupe County; Texas,100530,68243,66791,62280,4511,1452,32287,66791,-888888888,51753,31630,31252,29010,10416,6708,24216,17482,62237,51562,7212,75,688,740,1960,25.7,62280,21525,10418,16707,6130,7500,62280,957,4531,6078,48,187,1724,9324,2710,910,3694,4711,13935,4792,3358,5556,62280,46327,12506,3330,117,45411,2128,1874,3889,3616,5644,9308,7714,7518,2560,1160,63889,74718,37741,71406,12557,15618,10323,25990,1849,8445,646,3798,3874,34806,1096,760,2175,2607,4126,6998,6743,6846,2430,1025,73684,82995,26233,10605,35159,43255,31033,48763,37017,129782,109721,93591,31547,20061,36069,3989,78584,63011,58967,48572,47394,3548,10395,4044,1920,1650,457,2124,15573,12166,9664,4022,3407,-888888888,-888888888,-888888888,-888888888,-888888888,-888888888,-888888888,-888888888,-888888888,-888888888,-888888888,-888888888,-888888888,-888888888,-888888888,-888888888,-888888888,-888888888,-888888888
2012,McMullen County; Texas,632,418,418,415,3,0,214,418,-888888888,243,108,108,105,39,21,30,9,409,297,22,12,32,5,41,11.8,415,71,78,110,111,45,415,96,34,35,48,311,6,26,52,0,18,6,19,23,19,81,415,221,104,85,5,289,16,37,52,32,39,62,20,31,0,0,38438,46162,219,44858,97,14841,68,21260,4,8375,0,-666666666,25,154,11,12,6,12,33,37,12,31,0,0,55000,58322,20879,135,21641,31862,13235,32321,24167,696,548,421,247,148,69,0,469,379,376,266,246,32,110,3,0,0,0,3,90,61,38,23,29,-888888888,-888888888,-888888888,-888888888,-888888888,-888888888,-888888888,-888888888,-888888888,-888888888,-888888888,-888888888,-888888888,-888888888,-888888888,-888888888,-888888888,-888888888,-888888888
2012,Young County; Texas,14392,8729,8729,8336,393,0,5663,8729,-888888888,7357,3990,3990,3841,1256,808,2932,2188,8111,6441,1147,0,103,135,285,15.7,8336,2000,1458,2123,1384,1371,8336,1223,719,630,48,503,167,1195,304,131,474,341,1576,538,593,445,8336,6108,1227,1001,0,7209,472,450,1072,1110,892,1424,704,598,213,274,42008,66104,5301,62514,2701,18700,1098,23281,295,8716,55,1956,826,4951,262,124,401,731,665,1167,649,524,207,221,56490,76301,27177,2258,22143,41854,25677,40152,28170,18176,13986,10694,6117,4190,4450,1033,10445,7950,7582,5334,5275,253,2248,368,131,109,22,237,2495,1830,1033,1018,665,-888888888,-888888888,-888888888,-888888888,-888888888,-888888888,-888888888,-888888888,-888888888,-888888888,-888888888,-888888888,-888888888,-888888888,-888888888,-888888888,-888888888,-888888888,-888888888
2012,Johnson County; Texas,114475,74179,74066,68106,5960,113,40296,74066,-888888888,57439,33184,33158,30665,12126,7177,26457,17384,66864,56784,6616,245,484,971,1764,29.4,68106,19927,10550,17034,8930,11665,68106,2620,5702,10338,48,251,1765,8030,4803,796,3621,4877,14185,4866,3170,3333,68106,53387,10488,4127,104,51776,2387,1829,4675,5451,8031,10855,7650,7394,2251,1253,57016,70363,43232,68456,14291,17607,7870,20469,1849,9774,886,3369,5958,39841,1389,786,2755,3390,6003,8876,6567,6848,2041,1186,64326,77994,24527,11935,31431,40169,31438,48636,35274,148819,114256,88994,37816,34563,40984,6739,90872,70121,64611,48308,47008,2369,16303,5510,1771,1301,535,3739,20751,13137,8727,5342,7614,-888888888,-888888888,-888888888,-888888888,-888888888,-888888888,-888888888,-888888888,-888888888,-888888888,-888888888,-888888888,-888888888,-888888888,-888888888,-888888888,-888888888,-888888888,-888888888
2012,Hopkins County; Texas,27176,16686,16682,15387,1295,4,10490,16682,-888888888,13825,7612,7612,7065,2743,1504,5507,3814,15079,11782,1449,8,322,164,1354,20.9,15387,4468,2628,3345,1873,3073,15387,816,1203,1690,48,223,1165,1879,946,225,920,788,3277,1038,930,510,15387,11757,2115,1491,24,13262,1098,949,1595,1653,2362,2607,1325,1010,401,262,42257,55381,10128,55527,4367,15805,2514,18688,673,8568,148,4036,1799,9763,466,469,954,1106,1739,2266,1205,920,376,262,51669,64008,21423,3499,23554,30532,25980,39590,30171,34402,25808,18951,10978,8594,8886,1834,20303,15511,14270,10164,9775,617,4106,1241,541,326,271,700,4792,2845,1685,1367,1947,-888888888,-888888888,-888888888,-888888888,-888888888,-888888888,-888888888,-888888888,-888888888,-888888888,-888888888,-888888888,-888888888,-888888888,-888888888,-888888888,-888888888,-888888888,-888888888
2012,Ochiltree County; Texas,7368,4955,4955,4588,367,0,2413,4955,-888888888,3649,1951,1951,1836,1168,566,2005,1248,4513,3452,835,0,74,64,88,16.2,4588,1060,727,907,1011,883,4588,1329,349,286,48,357,40,489,179,116,103,263,681,372,278,103,4588,3785,483,304,16,3732,179,339,501,354,437,698,513,561,78,72,50881,62553,3178,60721,799,16172,313,19481,91,11396,37,941,298,2797,104,168,294,269,329,521,449,513,78,72,59185,70491,22769,935,23074,32975,26612,52396,25063,10244,7627,6144,2426,2617,3277,779,5905,4617,4260,3175,3043,308,1085,357,132,99,33,225,1288,760,602,173,528,-888888888,-888888888,-888888888,-888888888,-888888888,-888888888,-888888888,-888888888,-888888888,-888888888,-888888888,-888888888,-888888888,-888888888,-888888888,-888888888,-888888888,-888888888,-888888888
2012,Knox County; Texas,2884,1662,1662,1566,96,0,1222,1662,-888888888,1498,722,722,640,320,199,595,374,1490,1234,158,0,51,33,14,14.9,1566,431,378,302,353,102,1566,402,84,12,48,275,11,216,45,0,74,67,344,54,87,170,1566,983,437,139,7,1598,203,173,274,181,242,267,141,88,18,11,33667,44625,1176,44021,607,14243,273,16317,132,7217,19,1105,249,984,83,59,149,107,140,225,118,79,18,6,45000,53446,19635,614,20179,29633,22462,31987,31364,3568,2835,1959,1480,733,919,149,1926,1501,1412,1019,963,106,393,89,13,4,9,76,425,311,181,158,114,-888888888,-888888888,-888888888,-888888888,-888888888,-888888888,-888888888,-888888888,-888888888,-888888888,-888888888,-888888888,-888888888,-888888888,-888888888,-888888888,-888888888,-888888888,-888888888
2012,McLennan County; Texas,181995,113219,113103,104749,8354,116,68776,113103,-888888888,94874,54427,54421,50502,19378,11757,36299,25914,102713,82806,13338,524,2878,825,2342,18.8,104749,33405,19288,26569,10742,14745,104749,1092,7508,13125,48,309,2784,13381,4418,1763,6763,7554,27957,8655,5148,4601,104749,82377,15602,6663,107,83966,9093,5738,10824,10387,12110,14132,8910,8375,2536,1861,41589,57453,66448,57971,23988,15705,13009,19984,4320,8361,1589,3086,11032,56076,3353,2400,6149,6278,8097,11212,7252,7379,2290,1666,53373,68288,21459,27890,23579,33061,23224,40505,30299,230721,186215,143891,68175,44506,58740,7688,144079,107059,99270,76080,73003,5270,23190,7789,3435,2008,1598,4354,37020,27922,19759,10697,9098,-888888888,-888888888,-888888888,-888888888,-888888888,-888888888,-888888888,-888888888,-888888888,-888888888,-888888888,-888888888,-888888888,-888888888,-888888888,-888888888,-888888888,-888888888,-888888888
2012,Concho County; Texas,3533,1316,1304,1215,89,12,2217,1304,-888888888,1018,431,431,394,160,96,296,161,1216,853,229,0,82,0,52,22.3,1215,416,205,171,288,135,1215,421,126,40,48,095,17,46,59,13,35,24,209,63,42,120,1215,634,325,240,16,918,85,69,116,96,90,184,137,76,55,10,50278,60216,688,55472,385,15751,243,21026,64,7967,5,1460,126,699,58,33,49,76,68,175,111,96,25,8,57538,63434,18669,219,22723,42366,18993,33393,30625,2731,1912,1375,998,819,581,172,1632,1177,1088,677,662,15,411,89,21,15,6,68,455,287,181,213,168,-888888888,-888888888,-888888888,-888888888,-888888888,-888888888,-888888888,-888888888,-888888888,-888888888,-888888888,-888888888,-888888888,-888888888,-888888888,-888888888,-888888888,-888888888,-888888888
2012,Edwards County; Texas,1672,1086,1086,962,124,0,586,1086,-888888888,888,540,540,480,102,54,287,260,951,670,52,0,45,65,119,19.9,962,278,184,201,200,99,962,180,137,13,48,137,10,118,3,20,76,46,218,94,11,36,962,563,244,155,0,854,89,49,135,107,163,138,70,80,6,17,41613,62863,624,44147,351,15311,151,23330,78,12608,0,-666666666,123,547,8,22,94,109,70,96,70,74,0,4,47893,54258,27577,307,26250,77227,19760,35089,34167,2004,1581,1035,793,423,389,25,1193,975,863,603,572,31,260,112,69,34,35,43,218,133,34,99,85,-888888888,-888888888,-888888888,-888888888,-888888888,-888888888,-888888888,-888888888,-888888888,-888888888,-888888888,-888888888,-888888888,-888888888,-888888888,-888888888,-888888888,-888888888,-888888888
2012,Eastland County; Texas,14997,7440,7440,7120,320,0,7557,7440,-888888888,7665,3359,3359,3220,1192,651,2468,1543,6963,5594,875,7,126,56,305,20.8,7120,2147,1405,1462,1117,989,7120,613,600,637,48,133,265,941,210,25,314,386,1883,506,354,386,7120,5303,1137,601,79,7145,914,576,1061,1017,1124,1056,760,411,57,169,35044,53733,4661,50378,2889,15077,1260,33481,553,7675,608,5293,1128,4561,451,187,458,718,748,788,650,395,57,109,43505,60510,21895,2584,22323,41374,23690,34839,29937,18246,13899,8909,7635,4347,4165,704,10538,6867,6568,4455,4142,511,2113,299,139,90,49,160,3671,2336,1166,1438,1335,-888888888,-888888888,-888888888,-888888888,-888888888,-888888888,-888888888,-888888888,-888888888,-888888888,-888888888,-888888888,-888888888,-888888888,-888888888,-888888888,-888888888,-888888888,-888888888
2012,Jeff Davis County; Texas,2004,1181,1177,1109,68,4,823,1177,-888888888,931,467,467,458,136,121,156,109,1038,646,184,2,54,23,129,16.9,1109,372,210,210,272,45,1109,254,93,5,48,243,8,60,44,19,96,41,208,161,71,49,1109,589,317,179,24,879,41,9,102,184,118,246,33,88,30,28,49375,60604,669,50311,373,21295,162,20909,43,7286,15,1260,68,636,11,1,77,87,88,207,28,79,30,28,52578,69944,25340,243,30365,34696,23987,30408,26905,2247,1813,1372,896,434,332,39,1275,994,939,703,695,15,236,55,0,0,0,55,281,205,83,131,76,-888888888,-888888888,-888888888,-888888888,-888888888,-888888888,-888888888,-888888888,-888888888,-888888888,-888888888,-888888888,-888888888,-888888888,-888888888,-888888888,-888888888,-888888888,-888888888
2012,Jim Hogg County; Texas,4155,2642,2642,2405,237,0,1513,2642,-888888888,1972,1092,1092,925,412,287,741,658,2367,1632,517,0,108,30,80,27.3,2405,345,606,409,665,380,2405,445,196,159,48,247,0,189,183,36,96,12,593,260,96,140,2405,1747,407,232,19,1784,181,101,264,270,318,314,226,66,0,44,36919,47949,1355,47637,740,12662,295,18530,186,7351,8,888,442,1306,78,47,169,190,302,213,206,57,0,44,41250,53913,17727,478,23289,31655,18182,33291,18505,5219,3574,2206,1919,1645,1223,141,3206,2474,2237,1209,1132,124,1028,237,80,3,77,157,732,430,181,269,302,-888888888,-888888888,-888888888,-888888888,-888888888,-888888888,-888888888,-888888888,-888888888,-888888888,-888888888,-888888888,-888888888,-888888888,-888888888,-888888888,-888888888,-888888888,-888888888
2012,Montgomery County; Texas,346423,230467,230292,214530,15762,175,115956,230292,-888888888,176650,101034,101019,93496,39799,21806,81831,51808,210358,164433,26773,2932,2271,2993,10956,31.5,214530,80273,32210,53568,23707,24772,214530,9230,19181,22751,48,339,8637,24258,16571,2859,11577,23450,40886,18075,10557,6498,214530,171275,26107,16835,313,160190,6950,6334,13918,14362,19562,28114,21524,24507,11579,13340,66422,91107,135340,91994,39545,18070,22865,24479,5029,9433,1905,4185,11692,119577,3962,3274,7480,9393,13315,20549,17415,21154,10544,12491,77484,103271,32660,40613,36550,51014,35030,57130,40252,456016,367389,306114,99086,88627,126329,16096,282260,217426,203088,156768,153252,6452,46320,14338,6188,5118,1381,8150,64834,47454,37403,13301,17380,-888888888,-888888888,-888888888,-888888888,-888888888,-888888888,-888888888,-888888888,-888888888,-888888888,-888888888,-888888888,-888888888,-888888888,-888888888,-888888888,-888888888,-888888888,-888888888
2012,Dimmit County; Texas,7529,4383,4383,3932,451,0,3146,4383,-888888888,3895,1978,1978,1834,1185,754,1704,1109,3834,2928,506,40,155,60,145,18.1,3932,655,947,988,855,487,3932,836,388,94,48,127,52,444,165,0,93,128,948,245,234,305,3932,2571,1004,319,38,3428,484,545,446,310,417,667,289,162,87,21,32960,45373,2554,48279,1387,10309,349,24039,610,7177,90,1048,941,2517,180,335,401,191,339,651,171,162,87,0,39269,48486,15995,911,12128,35163,18761,45956,25714,9935,7510,4190,4037,2425,3014,402,5480,3759,3496,2450,2248,307,1046,263,61,51,10,202,1721,949,312,662,772,-888888888,-888888888,-888888888,-888888888,-888888888,-888888888,-888888888,-888888888,-888888888,-888888888,-888888888,-888888888,-888888888,-888888888,-888888888,-888888888,-888888888,-888888888,-888888888
2012,Webb County; Texas,171761,104108,104063,96893,7170,45,67653,104063,-888888888,90153,46568,46568,43476,29012,15321,54164,32793,94110,73606,13315,1427,1534,979,3249,21.7,96893,24920,21873,28168,9688,12244,96893,2479,6110,2412,48,479,3094,12908,13383,1025,4083,7450,24616,6913,5129,7291,96893,68773,21291,6673,156,67003,7663,5287,9379,8539,10196,11076,6098,6007,1623,1135,38421,52289,57524,51798,15495,12022,5822,18784,4444,7343,1878,3408,20322,55288,5094,3647,7644,7513,8675,9429,5412,5495,1462,917,40366,54855,14692,11715,20111,35977,20374,32109,24741,248342,159800,87217,81372,88542,87813,15877,141236,99584,93120,50761,47839,4108,42359,6464,1472,938,553,4992,41652,17569,9133,9064,24083,-888888888,-888888888,-888888888,-888888888,-888888888,-888888888,-888888888,-888888888,-888888888,-888888888,-888888888,-888888888,-888888888,-888888888,-888888888,-888888888,-888888888,-888888888,-888888888
2012,Armstrong County; Texas,1457,833,833,793,40,0,624,833,-888888888,730,357,357,340,98,61,241,197,783,632,74,0,9,11,57,26.0,793,313,83,204,130,63,793,96,136,29,48,011,53,86,44,10,36,31,166,29,24,53,793,515,151,127,0,668,55,44,40,77,68,150,112,95,24,3,56974,62580,476,66859,291,16425,146,21010,25,5664,0,-666666666,25,527,9,18,19,56,48,148,112,90,24,3,70990,73229,24234,141,14712,22065,33350,48214,37273,1742,1482,1213,508,260,399,49,982,735,695,595,591,8,100,40,37,37,0,3,247,139,106,54,108,-888888888,-888888888,-888888888,-888888888,-888888888,-888888888,-888888888,-888888888,-888888888,-888888888,-888888888,-888888888,-888888888,-888888888,-888888888,-888888888,-888888888,-888888888,-888888888
2012,Castro County; Texas,5821,3512,3512,3368,144,0,2309,3512,-888888888,2910,1338,1338,1256,826,307,1614,913,3240,2305,631,49,42,47,166,15.9,3368,875,577,585,710,621,3368,679,159,407,48,069,85,268,199,10,104,187,664,241,218,147,3368,2331,628,399,10,2597,165,311,392,421,489,408,179,164,51,17,35301,46194,2066,46976,759,12940,365,17420,28,9268,43,2726,402,1884,24,155,262,363,393,332,172,141,25,17,40964,51473,16439,713,20105,30729,23653,30952,25728,7886,5672,3494,2895,2214,2475,461,4359,3170,3068,1964,1834,183,1104,102,56,46,10,46,1189,589,347,277,600,-888888888,-888888888,-888888888,-888888888,-888888888,-888888888,-888888888,-888888888,-888888888,-888888888,-888888888,-888888888,-888888888,-888888888,-888888888,-888888888,-888888888,-888888888,-888888888
2012,Kleberg County; Texas,24916,15052,14528,13071,1457,524,9864,14528,-888888888,12202,6815,6779,5931,2791,1497,4642,3472,13374,10094,2203,83,508,261,225,17.8,13071,4163,2711,3028,2002,1167,13071,1431,792,510,48,273,206,1427,448,25,260,707,4421,1545,418,881,13071,8440,4018,580,33,11024,1597,670,1609,1266,1367,1717,1423,1005,146,224,38058,53903,8688,53248,3034,14275,1774,24087,629,6643,113,1716,2006,7509,618,340,1163,858,968,1319,1129,817,117,180,47686,60248,19455,3515,20393,32373,19230,40704,26704,31089,24289,17832,9210,6800,7843,1005,19760,13829,12475,9335,8864,634,3140,1354,499,403,96,855,5931,4152,2789,1681,1779,-888888888,-888888888,-888888888,-888888888,-888888888,-888888888,-888888888,-888888888,-888888888,-888888888,-888888888,-888888888,-888888888,-888888888,-888888888,-888888888,-888888888,-888888888,-888888888
2012,Cooke County; Texas,29918,19588,19564,17888,1676,24,10330,19564,-888888888,15277,9294,9270,8286,3252,2167,6124,4635,17321,12989,3054,70,327,187,694,24.5,17888,4637,3718,3796,2339,3398,17888,1329,1366,2873,48,097,365,2123,1024,134,483,1103,3317,2047,939,785,17888,13804,2496,1570,18,14489,987,1054,1621,1504,2121,2790,2065,1486,460,401,49735,62825,11377,61804,4632,16862,2880,18961,440,7921,148,1814,1590,10309,406,483,719,1048,1581,2323,1722,1251,410,366,58093,72132,24121,4180,24780,36516,28372,43704,30687,37767,28784,23050,10733,8983,9657,2047,22226,17965,16515,12187,11915,598,4328,1450,420,297,127,1030,4261,2704,1884,1176,1557,-888888888,-888888888,-888888888,-888888888,-888888888,-888888888,-888888888,-888888888,-888888888,-888888888,-888888888,-888888888,-888888888,-888888888,-888888888,-888888888,-888888888,-888888888,-888888888
2012,Crosby County; Texas,4538,2711,2695,2519,176,16,1827,2695,-888888888,2367,1234,1234,1105,597,398,1071,741,2502,1929,290,11,86,74,112,19.5,2519,714,547,492,564,202,2519,513,199,82,48,107,113,213,165,68,75,106,738,71,96,80,2519,1543,613,358,5,2195,220,181,348,299,353,381,196,137,44,36,36768,49290,1716,48662,778,15023,332,14042,151,6599,49,2047,507,1564,85,83,284,198,261,295,172,131,30,25,41404,54842,17882,631,21767,33752,21388,31301,26795,5975,4659,2784,2588,1316,1764,111,3237,2414,2240,1502,1348,211,738,174,46,16,33,128,823,486,252,291,337,-888888888,-888888888,-888888888,-888888888,-888888888,-888888888,-888888888,-888888888,-888888888,-888888888,-888888888,-888888888,-888888888,-888888888,-888888888,-888888888,-888888888,-888888888,-888888888
2012,Fisher County; Texas,3149,1903,1903,1765,138,0,1246,1903,-888888888,1540,809,809,732,211,132,606,523,1755,1316,310,0,61,36,32,20.0,1765,497,373,213,381,301,1765,289,160,204,48,151,20,120,66,13,36,54,467,44,181,111,1765,1270,335,160,0,1484,91,101,236,188,240,312,148,137,10,21,42900,58902,1085,59120,630,14099,252,19775,91,7891,22,3791,150,1073,39,39,127,132,178,259,131,137,10,21,53292,70366,22401,411,22218,28317,22643,34477,28494,3886,3189,2270,1460,697,917,83,2143,1709,1581,1134,1053,106,447,128,66,60,6,62,434,334,148,211,100,-888888888,-888888888,-888888888,-888888888,-888888888,-888888888,-888888888,-888888888,-888888888,-888888888,-888888888,-888888888,-888888888,-888888888,-888888888,-888888888,-888888888,-888888888,-888888888
2012,Duval County; Texas,9245,5256,5256,4840,416,0,3989,5256,-888888888,4367,2503,2503,2309,901,584,1875,1461,4760,3493,698,0,293,58,218,24.3,4840,802,1578,833,878,749,4840,1087,343,207,48,131,81,475,231,0,90,256,1445,180,277,168,4840,3718,856,246,20,3843,395,361,713,443,689,475,406,279,27,55,35167,49661,2987,49165,1573,12970,613,15944,407,6428,14,2021,976,2755,131,233,511,353,563,395,306,206,27,30,38096,53311,17945,1088,19877,36436,17835,36641,21416,11105,7850,4634,4338,3255,2943,828,6273,4756,4368,2671,2505,301,1697,388,141,141,0,247,1517,1046,275,802,471,-888888888,-888888888,-888888888,-888888888,-888888888,-888888888,-888888888,-888888888,-888888888,-888888888,-888888888,-888888888,-888888888,-888888888,-888888888,-888888888,-888888888,-888888888,-888888888
2012,Blanco County; Texas,8530,5315,5315,4880,435,0,3215,5315,-888888888,4328,2386,2386,2248,725,496,1411,1126,4733,3480,697,0,95,72,389,26.2,4880,1618,867,1152,908,335,4880,252,762,178,48,031,89,511,260,41,327,426,958,455,331,290,4880,3101,834,945,0,4104,172,173,467,502,874,473,553,572,188,130,46881,66920,3307,56390,1514,17040,1030,32296,140,9979,50,4700,304,2810,67,60,163,360,587,361,440,519,132,121,63773,77420,27014,1294,27269,40344,25262,39883,29635,10294,8349,6623,3189,1945,2243,240,6209,4731,4375,3101,2931,245,1274,356,201,157,44,155,1478,1265,1063,320,213,-888888888,-888888888,-888888888,-888888888,-888888888,-888888888,-888888888,-888888888,-888888888,-888888888,-888888888,-888888888,-888888888,-888888888,-888888888,-888888888,-888888888,-888888888,-888888888
2012,Jasper County; Texas,27845,14564,14564,13161,1403,0,13281,14564,-888888888,14321,6671,6671,6083,2580,1547,5393,3430,12884,10168,1632,1,327,239,517,27.7,13161,3154,2424,3250,2328,2005,13161,925,1529,1123,48,241,330,1742,774,102,526,649,3041,992,635,793,13161,9911,2273,959,18,13722,1461,997,1940,1685,2148,1981,1883,1152,321,154,40603,52918,9506,56085,5065,16598,2871,19784,1073,8251,455,2583,2664,9726,735,340,1041,1181,1681,1565,1666,1059,304,154,48831,62246,20582,3996,19161,29108,27001,45069,27489,34684,26447,18516,12934,8237,8881,1070,20069,13849,12569,8667,8243,740,3902,1280,567,314,297,713,6220,3691,2265,1879,2529,-888888888,-888888888,-888888888,-888888888,-888888888,-888888888,-888888888,-888888888,-888888888,-888888888,-888888888,-888888888,-888888888,-888888888,-888888888,-888888888,-888888888,-888888888,-888888888
2012,Jefferson County; Texas,198747,115385,115204,103708,11496,181,83362,115204,-888888888,96983,53620,53605,48035,19435,11823,37104,25719,100970,83061,12054,837,1581,1314,2123,18.9,103708,30340,20358,24621,14022,14367,103708,1459,10800,12216,48,245,2551,11661,5103,1445,4217,9773,24305,8729,5772,5677,103708,80943,16921,5762,82,92754,8701,6795,12283,10434,13424,15459,10064,9815,3157,2622,43750,61326,70589,63662,28954,15691,15150,18992,5232,8103,2381,4083,17139,60573,4335,2813,6679,5895,8598,10894,8189,8214,2763,2193,54035,71218,23479,32181,27431,40402,26634,46417,32026,236654,182446,131616,76519,54208,60082,8684,145609,109479,98909,70988,67772,5436,27921,10570,4217,2849,1663,6353,36130,25098,15274,12356,11032,-888888888,-888888888,-888888888,-888888888,-888888888,-888888888,-888888888,-888888888,-888888888,-888888888,-888888888,-888888888,-888888888,-888888888,-888888888,-888888888,-888888888,-888888888,-888888888
2012,Kinney County; Texas,2862,1294,1294,1136,158,0,1568,1294,-888888888,1314,538,538,448,258,129,497,265,1119,900,65,9,36,17,92,19.1,1136,230,297,266,297,46,1136,126,181,16,48,271,0,72,136,21,41,19,189,86,16,233,1136,631,366,139,0,1185,110,91,261,147,154,212,165,5,34,6,34083,45246,663,49537,607,15443,259,10466,38,5789,14,814,223,880,80,27,187,90,132,194,144,5,15,6,38984,48302,16829,305,19293,36283,22234,42672,20382,3404,2656,1725,1426,748,827,100,1894,1188,1043,726,673,146,317,145,0,0,0,145,706,520,316,280,186,-888888888,-888888888,-888888888,-888888888,-888888888,-888888888,-888888888,-888888888,-888888888,-888888888,-888888888,-888888888,-888888888,-888888888,-888888888,-888888888,-888888888,-888888888,-888888888
2012,Oldham County; Texas,1543,982,982,920,62,0,561,982,-888888888,754,486,486,452,155,135,325,264,903,661,87,0,45,16,94,15.8,920,307,247,181,111,74,920,119,57,24,48,359,14,82,63,3,16,23,367,58,44,50,920,621,200,99,0,727,24,66,95,68,97,191,57,70,42,17,50993,63717,611,62343,205,14716,101,22699,13,7577,3,3900,14,499,3,37,29,50,73,153,31,67,41,15,62083,75888,22152,228,22969,35017,26410,33182,28854,1907,1583,1181,648,324,485,74,1109,892,843,672,641,59,171,49,13,13,4,36,217,182,60,126,35,-888888888,-888888888,-888888888,-888888888,-888888888,-888888888,-888888888,-888888888,-888888888,-888888888,-888888888,-888888888,-888888888,-888888888,-888888888,-888888888,-888888888,-888888888,-888888888
2012,Lamb County; Texas,10371,6447,6430,5843,587,17,3924,6430,-888888888,5370,2966,2955,2647,1313,906,2528,1908,5763,4297,911,0,278,70,207,14.9,5843,1490,1092,1248,1064,949,5843,904,283,687,48,279,134,766,401,36,302,212,1379,262,222,255,5843,4180,1071,589,3,4890,383,365,830,847,819,667,375,420,131,53,35265,48995,3756,50657,1723,14201,528,16250,196,4954,109,1243,760,3539,213,154,580,502,642,589,299,387,120,53,43198,55677,17948,1351,21396,28106,21973,32039,25981,13718,10187,6829,4896,3531,4120,812,7527,5842,5295,3688,3618,181,1607,547,144,76,84,403,1685,986,555,573,699,-888888888,-888888888,-888888888,-888888888,-888888888,-888888888,-888888888,-888888888,-888888888,-888888888,-888888888,-888888888,-888888888,-888888888,-888888888,-888888888,-888888888,-888888888,-888888888
2012,Lipscomb County; Texas,2517,1700,1700,1644,56,0,817,1700,-888888888,1235,687,687,664,327,99,530,399,1603,1136,287,7,49,83,41,19.7,1644,481,216,269,406,272,1644,388,204,53,48,295,56,153,155,4,87,48,285,80,68,63,1644,1081,300,242,21,1129,44,62,107,120,131,298,162,152,20,33,56131,71247,945,64885,337,15027,152,14705,30,8227,23,2974,97,794,15,21,53,76,84,229,141,128,18,29,62576,80783,26489,335,32188,46939,27405,41065,32857,3277,2598,2076,946,679,927,130,1930,1533,1485,1108,1049,106,377,48,24,21,7,24,397,251,173,100,146,-888888888,-888888888,-888888888,-888888888,-888888888,-888888888,-888888888,-888888888,-888888888,-888888888,-888888888,-888888888,-888888888,-888888888,-888888888,-888888888,-888888888,-888888888,-888888888
2012,McCulloch County; Texas,6454,3770,3770,3637,133,0,2684,3770,-888888888,3316,1664,1664,1590,596,363,1310,1031,3620,2827,498,0,121,55,119,16.2,3637,1047,668,821,556,545,3637,476,215,195,48,307,93,605,182,18,108,180,755,333,292,185,3637,2257,671,697,12,3053,178,246,570,457,529,350,349,245,14,115,36560,54496,2247,48962,1296,14316,695,17687,55,5851,73,1262,354,2001,62,82,384,219,303,275,324,245,14,93,46114,66350,21134,1052,27414,31362,18202,41042,27369,8158,6479,4626,3170,1679,2043,315,4649,3369,3251,2544,2455,238,707,118,61,11,50,57,1280,680,368,346,600,-888888888,-888888888,-888888888,-888888888,-888888888,-888888888,-888888888,-888888888,-888888888,-888888888,-888888888,-888888888,-888888888,-888888888,-888888888,-888888888,-888888888,-888888888,-888888888
2012,Mason County; Texas,3260,1937,1937,1820,117,0,1323,1937,-888888888,1589,812,812,768,222,173,553,477,1774,1174,250,0,35,50,265,16.4,1820,667,251,435,399,68,1820,273,299,59,48,319,56,150,137,0,165,56,312,131,129,53,1820,990,289,527,14,1690,146,158,190,214,287,184,132,182,81,116,44408,65793,1129,59671,855,16064,458,28506,60,5715,19,3826,178,1203,14,66,110,147,226,158,123,162,81,116,58015,81779,27590,487,16393,25798,19945,44871,35921,3968,2946,2339,1498,1022,796,213,2081,1670,1553,910,853,70,643,117,28,0,28,89,411,334,306,40,77,-888888888,-888888888,-888888888,-888888888,-888888888,-888888888,-888888888,-888888888,-888888888,-888888888,-888888888,-888888888,-888888888,-888888888,-888888888,-888888888,-888888888,-888888888,-888888888
2012,Dickens County; Texas,2016,946,946,895,51,0,1070,946,-888888888,930,487,487,454,127,64,295,228,870,717,39,0,57,12,45,16.2,895,287,174,207,149,78,895,157,54,12,48,125,11,97,91,48,28,26,213,36,31,91,895,554,245,92,4,875,108,109,101,130,94,127,133,50,4,19,33950,48779,620,44879,344,15130,148,18691,43,6312,10,340,128,584,45,42,59,95,50,115,113,42,4,19,50313,59331,19250,291,17083,26957,20068,30673,30735,2034,1596,1212,681,438,448,60,1174,852,806,613,591,35,193,46,9,2,7,37,322,178,97,95,144,-888888888,-888888888,-888888888,-888888888,-888888888,-888888888,-888888888,-888888888,-888888888,-888888888,-888888888,-888888888,-888888888,-888888888,-888888888,-888888888,-888888888,-888888888,-888888888
2012,Lee County; Texas,12884,7773,7773,7326,447,0,5111,7773,-888888888,6407,3560,3560,3358,1347,973,2627,2086,7238,5555,991,17,288,120,267,27.7,7326,1913,1173,2002,1263,975,7326,869,729,599,48,287,235,947,512,55,229,319,1398,409,277,748,7326,5240,1544,529,13,6026,382,331,701,623,912,1238,771,782,183,103,50860,62833,4702,61512,1972,17063,1181,16885,218,7893,72,1629,464,4312,145,69,374,400,663,960,739,705,154,103,62442,73605,23837,1714,26420,34672,30587,44507,32304,15971,12961,10792,4397,3010,4153,576,9243,7176,6802,5101,5023,233,1701,374,262,183,90,112,2067,1446,1124,518,621,-888888888,-888888888,-888888888,-888888888,-888888888,-888888888,-888888888,-888888888,-888888888,-888888888,-888888888,-888888888,-888888888,-888888888,-888888888,-888888888,-888888888,-888888888,-888888888
2012,Tarrant County; Texas,1361612,952717,950466,872257,78209,2251,408895,950466,-888888888,702364,437829,437449,400693,166877,102940,318867,222490,859034,706871,90134,5773,9592,14100,32564,25.9,872257,309842,133077,236582,80358,112398,872257,8682,61681,102352,48,439,30051,101325,68853,20333,72737,89658,166237,75408,44592,30348,872257,717740,104479,49085,953,651877,37576,29800,63368,66977,88853,124491,83831,92589,33063,31329,56859,76454,560191,75928,130913,16774,85090,23788,19944,9153,13533,3635,64394,451651,17985,14232,35163,40623,56930,85339,65269,78220,29556,28334,67328,87625,28125,200226,36235,47939,31672,48326,38588,1797974,1413724,1129526,411154,384250,505753,70392,1133944,905540,833062,638719,617669,35757,194343,72478,31479,23443,9118,40999,228404,152913,112116,51467,75491,-888888888,-888888888,-888888888,-888888888,-888888888,-888888888,-888888888,-888888888,-888888888,-888888888,-888888888,-888888888,-888888888,-888888888,-888888888,-888888888,-888888888,-888888888,-888888888
2012,Anderson County; Texas,48218,22361,22331,20774,1557,30,25857,22331,-888888888,18710,9539,9539,8767,3647,2171,7300,4892,20287,17173,2102,88,327,144,453,22.4,20774,4546,5503,4971,3074,2680,20774,1782,1464,665,48,001,273,2716,1497,156,718,1406,4548,1354,1213,2982,20774,14217,5146,1256,155,16245,1542,1459,1806,2194,2428,2458,2067,1513,448,330,41471,57003,11972,57698,5594,16423,2969,19867,981,8759,261,4767,2344,11519,658,721,1035,1452,1727,1987,1920,1354,388,277,52275,65522,18699,4726,20691,33056,27702,37545,30914,47734,37422,28206,14694,10312,11430,1409,29310,21230,19741,14999,14463,1009,4742,1489,700,391,316,789,8080,4848,2657,2693,3232,-888888888,-888888888,-888888888,-888888888,-888888888,-888888888,-888888888,-888888888,-888888888,-888888888,-888888888,-888888888,-888888888,-888888888,-888888888,-888888888,-888888888,-888888888,-888888888
2012,Ellis County; Texas,112002,77444,77395,71714,5681,49,34558,77395,-888888888,57500,36215,36215,33426,12952,8656,27852,21023,69885,57059,8861,349,606,490,2520,28.6,71714,23013,10913,19481,8316,9991,71714,710,6172,10123,48,139,2395,8460,4998,1282,4980,6307,13841,5013,4131,3302,71714,55517,11070,5006,121,50327,2084,2049,4477,4421,6329,10206,7619,8800,2350,1992,62832,76262,43323,75163,12751,16761,7149,22775,1836,8145,575,3485,5613,40204,1154,879,3005,3350,5103,7800,6817,8039,2162,1895,70500,83195,26061,10123,34325,43378,32028,49655,39043,148565,121285,98774,35394,27280,42959,4996,90810,72785,67530,53832,52510,2897,13698,5255,2509,2082,568,2746,18025,12382,8954,4759,5643,-888888888,-888888888,-888888888,-888888888,-888888888,-888888888,-888888888,-888888888,-888888888,-888888888,-888888888,-888888888,-888888888,-888888888,-888888888,-888888888,-888888888,-888888888,-888888888
2012,Jackson County; Texas,10893,6333,6333,6023,310,0,4560,6333,-888888888,5626,2693,2693,2568,1065,668,2317,1305,5964,4803,814,13,126,24,184,25.3,6023,1825,880,1285,1136,897,6023,821,537,620,48,239,262,752,301,55,265,340,1155,334,389,192,6023,4397,966,638,22,5191,261,490,565,505,894,947,621,530,262,116,47591,62675,3745,67128,1844,16065,975,20151,308,8704,59,4061,652,3654,89,217,279,274,646,750,517,504,262,116,60329,75106,23678,1537,24375,30125,29355,42341,28597,13895,11351,8657,4201,2544,3607,633,8084,5828,5569,4377,4264,183,1192,259,68,52,16,191,2256,1728,1183,626,528,-888888888,-888888888,-888888888,-888888888,-888888888,-888888888,-888888888,-888888888,-888888888,-888888888,-888888888,-888888888,-888888888,-888888888,-888888888,-888888888,-888888888,-888888888,-888888888
2012,Kerr County; Texas,40725,22213,22208,20690,1518,5,18512,22208,-888888888,21261,10494,10489,10089,2904,1783,6174,4554,20183,15912,2358,44,430,264,1175,19.4,20690,6955,4463,5339,2101,1832,20690,827,1579,854,48,265,436,2897,608,261,1337,1877,6170,1890,1141,813,20690,14493,3610,2537,50,20376,1429,1281,2855,2603,3111,3640,2223,1863,660,711,43849,62070,13402,61532,9217,16694,5302,27636,582,6842,174,1560,1980,13618,766,446,1357,1665,1845,2609,1994,1725,615,596,56641,73443,26433,6758,26358,37515,23977,43801,27884,48477,39126,29853,19112,9351,9777,1518,26815,19952,18641,13551,12813,1183,5090,1311,715,413,332,596,6863,4807,3295,2055,2056,-888888888,-888888888,-888888888,-888888888,-888888888,-888888888,-888888888,-888888888,-888888888,-888888888,-888888888,-888888888,-888888888,-888888888,-888888888,-888888888,-888888888,-888888888,-888888888
2012,Milam County; Texas,18994,10803,10795,9808,987,8,8191,10795,-888888888,9689,5033,5033,4537,1965,1069,4090,2598,9639,7567,1150,0,167,456,299,25.8,9808,2531,1861,2436,1670,1310,9808,775,1071,1159,48,331,110,1237,649,128,435,476,2110,557,621,480,9808,7147,1643,1000,18,9398,828,794,1430,1204,1257,1555,1040,900,184,206,39170,55022,6703,55191,3645,15332,2086,20059,475,6364,917,2893,1724,6522,317,366,739,760,1022,1251,958,727,183,199,50601,64383,21605,2876,20467,31130,22495,40183,27614,24288,19669,14398,9332,4619,6425,865,13728,9892,8985,6815,6468,690,2170,907,453,273,217,454,3836,2706,1507,1479,1130,-888888888,-888888888,-888888888,-888888888,-888888888,-888888888,-888888888,-888888888,-888888888,-888888888,-888888888,-888888888,-888888888,-888888888,-888888888,-888888888,-888888888,-888888888,-888888888
2012,Comanche County; Texas,10953,5379,5379,5021,358,0,5574,5379,-888888888,5576,2446,2446,2219,978,544,2137,1298,4992,4174,440,0,95,90,193,22.9,5021,1610,886,990,638,897,5021,404,291,685,48,093,117,483,273,38,157,221,1359,286,403,304,5021,3589,919,464,49,5296,660,407,620,874,777,990,436,390,93,49,36599,47574,3270,53033,2253,16614,1050,18151,375,8530,142,4085,622,3535,331,151,399,429,538,831,421,340,62,33,48235,54754,18845,1761,24720,31291,27067,38177,29090,13692,9641,6809,5010,4051,3323,956,7546,4857,4545,3111,3003,190,1434,312,78,48,30,234,2689,1262,614,788,1427,-888888888,-888888888,-888888888,-888888888,-888888888,-888888888,-888888888,-888888888,-888888888,-888888888,-888888888,-888888888,-888888888,-888888888,-888888888,-888888888,-888888888,-888888888,-888888888
2012,Falls County; Texas,14366,7201,7201,6640,561,0,7165,7201,-888888888,7734,3604,3604,3329,1251,764,2376,1570,6465,4990,927,73,111,101,263,25.1,6640,1744,1506,1455,899,1036,6640,526,549,748,48,145,103,581,294,26,311,215,1982,328,251,726,6640,4058,2009,566,7,5738,617,571,803,992,738,949,572,355,102,39,33744,45592,4054,47704,2189,14621,1078,16633,525,9456,69,1907,1089,3816,200,199,571,676,464,759,500,327,85,35,42558,53693,16384,1922,20055,26691,24104,35514,30821,15902,12796,8707,6364,3106,3861,362,9390,6668,6146,4650,4325,590,1496,522,154,67,87,368,2722,1845,863,1220,877,-888888888,-888888888,-888888888,-888888888,-888888888,-888888888,-888888888,-888888888,-888888888,-888888888,-888888888,-888888888,-888888888,-888888888,-888888888,-888888888,-888888888,-888888888,-888888888
2012,Brooks County; Texas,5555,2724,2724,2282,442,0,2831,2724,-888888888,2804,1177,1177,1156,671,502,988,574,2256,1802,214,13,110,0,117,17.4,2282,404,877,554,293,154,2282,307,85,60,48,047,11,354,143,13,23,64,713,296,46,167,2282,1717,492,73,0,2465,461,430,593,194,138,202,176,219,49,3,21445,39154,1497,47178,1132,11506,221,11577,469,7032,25,2312,999,1665,208,196,372,171,138,162,156,214,45,3,27641,48865,14069,800,11238,15389,17698,40071,20604,7153,5104,2219,3563,2049,1916,319,4009,2562,2129,1296,1011,314,833,433,56,56,0,377,1447,927,257,813,520,-888888888,-888888888,-888888888,-888888888,-888888888,-888888888,-888888888,-888888888,-888888888,-888888888,-888888888,-888888888,-888888888,-888888888,-888888888,-888888888,-888888888,-888888888,-888888888
2012,Austin County; Texas,22021,13925,13912,12847,1065,13,8096,13912,-888888888,11247,6344,6344,5776,2042,1352,4978,3605,12730,10339,1139,37,311,229,675,27.9,12847,3951,2119,2756,1818,2203,12847,668,1413,2451,48,015,433,1572,898,180,637,860,2043,806,520,366,12847,9971,1653,1215,8,10600,852,461,1196,1168,1504,1861,1357,1549,285,367,51340,67217,8059,71084,3443,16706,1867,22075,393,8177,152,3083,932,7503,368,113,581,770,953,1619,1131,1341,292,335,61912,79067,26206,3097,25215,34914,31377,44754,33121,28152,22675,19251,6550,5477,7141,1158,16593,12966,12049,9297,9142,362,2752,917,373,366,14,544,3627,2726,2300,648,901,-888888888,-888888888,-888888888,-888888888,-888888888,-888888888,-888888888,-888888888,-888888888,-888888888,-888888888,-888888888,-888888888,-888888888,-888888888,-888888888,-888888888,-888888888,-888888888
2012,Kenedy County; Texas,332,181,181,181,0,0,151,181,-888888888,182,56,56,56,20,13,92,70,181,170,0,0,10,0,1,16.8,181,49,50,27,52,3,181,85,0,4,48,261,0,0,6,0,14,6,19,0,2,45,181,93,84,4,0,168,26,5,36,2,34,46,11,8,0,0,37206,41420,136,43261,74,9186,20,19265,0,-666666666,0,-666666666,10,116,2,0,15,0,34,46,11,8,0,0,58529,54454,16033,52,11000,12344,30769,31683,28235,451,393,236,176,58,123,5,231,171,171,151,151,0,20,0,0,0,0,0,60,27,25,2,33,-888888888,-888888888,-888888888,-888888888,-888888888,-888888888,-888888888,-888888888,-888888888,-888888888,-888888888,-888888888,-888888888,-888888888,-888888888,-888888888,-888888888,-888888888,-888888888
2012,Colorado County; Texas,16528,9680,9672,9195,477,8,6848,9672,-888888888,8441,4251,4251,4088,1552,907,2877,2053,9016,7206,1204,16,155,86,349,24.7,9195,2675,1471,1841,1516,1692,9195,723,880,1192,48,089,400,1009,628,17,352,685,2228,504,327,250,9195,6865,1266,1029,35,8048,660,537,1254,866,1269,1502,757,666,245,292,43273,61047,5785,61865,3097,16679,1165,23502,271,8986,93,480,875,5569,402,172,629,396,933,1233,734,572,229,269,53737,73112,24706,2479,22104,30880,28045,36103,30747,20425,15795,12014,6606,4630,4872,829,11697,8880,8437,5901,5679,276,2536,443,187,155,32,256,2817,1826,1209,703,991,-888888888,-888888888,-888888888,-888888888,-888888888,-888888888,-888888888,-888888888,-888888888,-888888888,-888888888,-888888888,-888888888,-888888888,-888888888,-888888888,-888888888,-888888888,-888888888
2012,San Patricio County; Texas,49361,30669,30239,27815,2424,430,18692,30239,-888888888,24979,13953,13939,12865,5259,3127,11952,8332,27530,21826,2789,43,378,1547,947,22.1,27815,8080,5672,6434,3779,3850,27815,1803,2959,2355,48,409,582,2863,1229,259,1228,2130,6595,2386,1584,1842,27815,21158,5205,1452,0,22235,1425,1599,2349,2597,2944,4368,3074,2563,674,642,51104,64730,17764,64502,7096,15682,3566,20642,1581,7261,487,2936,3294,16812,781,909,1664,1880,2087,3609,2514,2233,626,509,57076,67657,22958,5423,28744,51278,26510,46651,28458,64253,50861,36187,20628,13392,18169,2148,37963,28503,26269,19533,18617,1637,6736,2234,728,509,228,1506,9460,6458,3911,3095,3002,-888888888,-888888888,-888888888,-888888888,-888888888,-888888888,-888888888,-888888888,-888888888,-888888888,-888888888,-888888888,-888888888,-888888888,-888888888,-888888888,-888888888,-888888888,-888888888
2012,Randall County; Texas,94403,65342,65199,62528,2671,143,29061,65199,-888888888,49270,30969,30957,29636,9704,6489,18837,14225,61238,51383,6116,230,1025,497,1987,19.0,62528,23135,9962,17288,5923,6220,62528,1462,3259,5696,48,381,2310,8226,3806,823,4499,4524,16108,4969,3410,3436,62528,47537,11362,3548,81,47312,2390,2676,4536,4500,6557,9228,6984,6553,2013,1875,57509,72488,38994,72421,11965,17848,7351,21562,1114,9289,572,3611,3400,32238,801,826,1740,2625,4080,6747,6045,5730,1900,1744,71684,86601,28994,15074,29487,40287,31459,48491,37796,120235,102030,87742,28169,18205,29866,2879,75407,61444,59048,48697,47491,2974,10351,2396,1036,741,378,1360,13963,10381,8034,3346,3582,-888888888,-888888888,-888888888,-888888888,-888888888,-888888888,-888888888,-888888888,-888888888,-888888888,-888888888,-888888888,-888888888,-888888888,-888888888,-888888888,-888888888,-888888888,-888888888
2012,San Saba County; Texas,4861,2430,2430,2284,146,0,2431,2430,-888888888,2179,989,989,912,230,131,946,734,2238,1651,356,0,100,23,108,21.7,2284,610,319,478,400,477,2284,237,219,255,48,411,45,358,149,25,77,130,371,137,96,185,2284,1552,446,278,8,2054,244,172,275,303,408,308,170,99,27,48,37230,47783,1483,45872,874,15014,391,23014,90,7896,24,354,239,1372,95,89,112,165,337,250,166,90,20,48,45140,58222,18316,682,19528,25714,22472,26966,27867,5432,4583,3379,2120,849,1290,119,2991,2111,1987,1526,1499,93,461,124,38,38,0,86,880,697,324,398,183,-888888888,-888888888,-888888888,-888888888,-888888888,-888888888,-888888888,-888888888,-888888888,-888888888,-888888888,-888888888,-888888888,-888888888,-888888888,-888888888,-888888888,-888888888,-888888888
2012,Schleicher County; Texas,2396,1565,1565,1487,78,0,831,1565,-888888888,1197,619,619,592,287,110,589,300,1462,1162,133,0,38,21,108,21.3,1487,531,229,285,224,218,1487,505,36,31,48,413,12,137,81,19,57,22,293,131,95,68,1487,995,271,213,8,1114,137,98,124,70,124,156,198,146,20,41,50417,61633,910,61672,383,16486,120,23457,12,4675,3,633,89,852,55,51,89,57,89,125,194,131,20,41,64674,71983,22505,262,15357,27161,25944,51875,26111,3291,2443,1925,891,848,984,266,1859,1422,1348,1031,1010,27,317,74,0,0,0,74,437,246,175,124,191,-888888888,-888888888,-888888888,-888888888,-888888888,-888888888,-888888888,-888888888,-888888888,-888888888,-888888888,-888888888,-888888888,-888888888,-888888888,-888888888,-888888888,-888888888,-888888888
2012,Zavala County; Texas,8516,4378,4378,3891,487,0,4138,4378,-888888888,4344,1924,1924,1732,1159,695,2211,1622,3801,2715,690,0,119,104,173,16.9,3891,814,1218,704,793,362,3891,538,267,167,48,507,25,233,94,27,164,159,1091,512,214,400,3891,2712,951,219,9,3557,751,395,613,538,589,267,101,244,19,40,25206,36397,2433,38007,1422,11661,612,15159,534,6298,122,1130,1349,2683,265,265,564,447,519,236,90,238,19,40,28659,42793,11919,874,9393,15085,14812,26495,22571,11348,8313,3689,5373,3035,3712,453,6176,4176,3692,2051,1869,203,1641,484,125,65,60,359,2000,1418,391,1067,582,-888888888,-888888888,-888888888,-888888888,-888888888,-888888888,-888888888,-888888888,-888888888,-888888888,-888888888,-888888888,-888888888,-888888888,-888888888,-888888888,-888888888,-888888888,-888888888
2012,Calhoun County; Texas,16387,9930,9900,8750,1150,30,6457,9900,-888888888,7964,4225,4223,3671,1847,1099,3480,2395,8556,6472,1594,160,68,66,196,20.2,8750,2476,1193,1853,1526,1702,8750,460,1308,1610,48,057,190,1089,365,117,281,511,1664,664,148,343,8750,6606,1472,666,6,7827,575,589,1100,899,1197,1459,780,743,248,237,45122,58894,5900,59320,2840,16290,1534,22646,317,11509,89,7163,1140,5581,369,262,634,602,732,1147,724,695,179,237,55056,67286,22439,2246,27857,35848,26242,48847,30974,21157,17161,12519,7024,3996,5596,722,12398,9203,8136,6623,6363,386,1513,1067,331,249,82,736,3195,2170,1298,1024,1025,-888888888,-888888888,-888888888,-888888888,-888888888,-888888888,-888888888,-888888888,-888888888,-888888888,-888888888,-888888888,-888888888,-888888888,-888888888,-888888888,-888888888,-888888888,-888888888
2012,Foard County; Texas,1044,587,587,491,96,0,457,587,-888888888,561,300,300,258,84,76,183,167,486,432,18,0,23,0,13,13.2,491,196,127,71,72,25,491,98,24,16,48,155,8,23,12,4,30,8,142,36,58,32,491,336,111,44,0,535,62,37,125,58,74,60,93,26,0,0,32443,42846,359,41140,215,16025,112,19622,61,7634,13,7292,74,319,19,23,42,43,78,35,53,26,0,0,41211,49292,18954,216,18942,32202,18547,38017,28958,1234,879,516,570,355,305,54,654,492,420,203,193,10,217,72,18,0,18,54,162,132,58,84,30,-888888888,-888888888,-888888888,-888888888,-888888888,-888888888,-888888888,-888888888,-888888888,-888888888,-888888888,-888888888,-888888888,-888888888,-888888888,-888888888,-888888888,-888888888,-888888888
2012,Goliad County; Texas,5846,3178,3175,3023,152,3,2668,3175,-888888888,2947,1469,1466,1387,495,344,1022,706,2988,2336,389,0,91,27,145,30.3,3023,889,696,555,411,472,3023,363,177,422,48,175,135,201,61,20,80,154,733,239,227,211,3023,2078,613,323,9,3056,224,259,434,264,316,611,351,392,93,112,50635,66353,2030,67828,1263,15116,860,20074,133,9916,4,2575,301,2078,112,94,158,169,223,409,355,353,93,112,66017,82784,28372,978,21780,29864,33589,49977,32115,7027,6097,4778,2500,930,1594,89,4066,2939,2816,2233,2181,115,583,123,52,24,28,71,1127,950,654,438,177,-888888888,-888888888,-888888888,-888888888,-888888888,-888888888,-888888888,-888888888,-888888888,-888888888,-888888888,-888888888,-888888888,-888888888,-888888888,-888888888,-888888888,-888888888,-888888888
2012,Hamilton County; Texas,6918,3495,3487,3244,243,8,3423,3487,-888888888,3577,1648,1648,1593,525,314,1147,887,3159,2600,370,0,84,27,78,21.1,3244,891,726,750,585,292,3244,197,365,311,48,193,73,505,176,34,62,146,784,181,102,308,3244,2360,653,230,1,3081,247,248,376,461,568,541,272,258,57,53,39709,54420,2028,52816,1407,15735,633,18994,176,9648,32,834,318,2150,88,89,133,372,443,422,255,252,52,44,47269,60613,21921,931,21170,39091,27022,39787,31280,8189,6907,5521,3124,1282,1802,225,4445,3203,2992,2332,2276,117,660,211,93,55,38,118,1242,963,538,554,279,-888888888,-888888888,-888888888,-888888888,-888888888,-888888888,-888888888,-888888888,-888888888,-888888888,-888888888,-888888888,-888888888,-888888888,-888888888,-888888888,-888888888,-888888888,-888888888
2012,Mitchell County; Texas,7747,2949,2949,2780,169,0,4798,2949,-888888888,2809,1257,1257,1171,531,286,1052,692,2669,2323,204,9,23,61,49,22.8,2780,626,473,545,689,447,2780,513,294,218,48,335,35,248,93,7,102,138,586,75,99,372,2780,1799,757,215,9,2747,139,246,387,433,423,610,186,246,56,21,41082,51856,1981,55071,1039,14719,433,13028,120,7954,51,4031,347,1972,76,12,267,250,332,595,150,246,36,8,53136,57513,15463,775,22684,36575,26943,42913,30000,6908,5619,4299,2244,1289,1801,303,3919,2782,2634,2006,1936,111,628,148,57,35,22,91,1137,877,587,392,260,-888888888,-888888888,-888888888,-888888888,-888888888,-888888888,-888888888,-888888888,-888888888,-888888888,-888888888,-888888888,-888888888,-888888888,-888888888,-888888888,-888888888,-888888888,-888888888
2012,Titus County; Texas,23378,14601,14590,13509,1081,11,8777,14590,-888888888,11894,6471,6471,5972,3297,2073,5982,3990,12994,10557,1684,83,228,166,276,17.1,13509,2916,2222,2777,1879,3715,13509,485,833,3554,48,449,322,1645,758,82,511,644,2721,943,712,299,13509,10497,1817,1168,27,10631,791,545,1591,1656,1543,2103,1103,920,187,192,40909,55146,8410,55317,2928,16855,1750,18218,448,9496,140,2671,1557,7882,421,213,973,1241,1169,1749,957,827,169,163,48430,60922,18803,2749,24569,34842,22499,30010,26052,31701,23319,16663,10045,8382,9701,1784,18451,13568,12593,8668,8325,584,3925,975,351,274,77,624,4883,2872,1877,1264,2011,-888888888,-888888888,-888888888,-888888888,-888888888,-888888888,-888888888,-888888888,-888888888,-888888888,-888888888,-888888888,-888888888,-888888888,-888888888,-888888888,-888888888,-888888888,-888888888
2012,Lavaca County; Texas,15327,9504,9504,8869,635,0,5823,9504,-888888888,7954,4379,4379,4032,1460,1305,2850,2332,8587,6729,1307,12,162,37,340,25.2,8869,2525,1311,1876,1299,1858,8869,692,836,1464,48,285,436,974,400,45,423,388,2117,369,428,297,8869,6530,1288,1038,13,7879,380,595,1080,1334,1070,1474,785,759,203,199,42934,59146,5665,59446,2940,16603,1511,19029,355,7599,151,2462,683,5549,75,234,582,968,768,1145,685,722,183,187,53051,68454,24594,2330,23041,35358,26217,37092,26360,18863,15821,12472,6260,3042,4460,473,10701,8654,8162,6258,6104,241,1904,492,257,219,53,235,2047,1617,998,778,430,-888888888,-888888888,-888888888,-888888888,-888888888,-888888888,-888888888,-888888888,-888888888,-888888888,-888888888,-888888888,-888888888,-888888888,-888888888,-888888888,-888888888,-888888888,-888888888
2012,Terry County; Texas,9674,5463,5463,5143,320,0,4211,5463,-888888888,4337,2229,2229,2146,1089,687,1655,1115,5022,4048,823,0,33,1,117,20.2,5143,1450,1105,922,927,739,5143,929,479,330,48,445,104,667,206,104,111,192,1073,340,287,321,5143,3570,920,637,16,4096,433,358,510,712,729,547,367,202,143,95,35537,55548,3143,59181,1370,13539,492,16726,266,8765,190,2557,684,2663,103,56,246,540,553,427,322,178,143,95,44527,71517,20008,1433,18544,23912,21376,32748,30607,11447,8337,5567,3963,3110,3180,751,6525,5027,4752,3127,2975,214,1625,275,47,47,0,228,1498,992,597,536,506,-888888888,-888888888,-888888888,-888888888,-888888888,-888888888,-888888888,-888888888,-888888888,-888888888,-888888888,-888888888,-888888888,-888888888,-888888888,-888888888,-888888888,-888888888,-888888888
2012,Wise County; Texas,45798,29387,29341,26353,2988,46,16411,29341,-888888888,22776,13111,13111,11711,4540,2821,9798,6331,25913,20973,3448,7,218,197,1070,30.5,26353,7105,4018,6794,3964,4472,26353,3262,1768,2387,48,497,654,3438,2550,543,1006,1967,4742,1463,1441,1132,26353,20840,3454,2009,50,20352,1007,931,1803,1860,3298,4016,3235,2829,703,670,55492,71686,16429,70743,5849,17698,3514,18452,876,9337,188,8967,1963,15819,582,425,1040,1386,2403,3336,2748,2636,659,604,63286,78631,25532,4533,34162,44206,31049,48799,32548,58471,45798,36035,15304,12673,15432,2474,35765,27844,24965,19203,18768,830,5762,2879,1152,748,429,1727,7921,5234,3551,2110,2687,-888888888,-888888888,-888888888,-888888888,-888888888,-888888888,-888888888,-888888888,-888888888,-888888888,-888888888,-888888888,-888888888,-888888888,-888888888,-888888888,-888888888,-888888888,-888888888
2012,Matagorda County; Texas,28270,17231,17221,15527,1694,10,11039,17221,-888888888,14419,7990,7990,7254,3101,1923,6053,4100,15114,12049,2123,1,346,131,464,21.6,15527,4220,2813,3281,2754,2459,15527,1288,1339,1755,48,321,352,1930,1394,114,673,1044,3417,950,858,413,15527,11731,2499,1281,16,13338,1311,821,1954,1665,1720,2178,1116,1710,598,265,43146,60909,10218,62165,3962,15872,2453,18217,510,10085,168,3216,1938,9762,713,365,1189,1100,1335,1680,1039,1501,588,252,51019,70394,23079,3576,23060,33693,26245,45193,29165,36117,26961,18772,12012,9156,9599,1231,21478,15973,14464,9563,9233,604,4901,1509,546,457,109,963,5505,3478,2248,1611,2027,-888888888,-888888888,-888888888,-888888888,-888888888,-888888888,-888888888,-888888888,-888888888,-888888888,-888888888,-888888888,-888888888,-888888888,-888888888,-888888888,-888888888,-888888888,-888888888
2012,Pecos County; Texas,12173,6514,6514,6297,217,0,5659,6514,-888888888,5073,3029,3029,2948,1361,905,2291,1709,6119,5060,629,0,200,44,186,16.1,6297,1200,1444,1571,1290,792,6297,1150,450,52,48,371,48,920,381,79,311,189,1259,565,311,582,6297,4269,1737,285,6,4745,377,383,707,439,777,907,487,495,125,48,43529,55922,4039,55077,1319,13453,597,20228,296,7397,16,263,594,3367,144,253,416,268,559,726,460,403,106,32,50806,62233,18345,1378,24671,37469,26433,42783,27167,13057,10130,7591,3427,2927,3810,602,7434,6031,5817,4135,3942,298,1682,214,81,64,21,133,1403,943,666,343,460,-888888888,-888888888,-888888888,-888888888,-888888888,-888888888,-888888888,-888888888,-888888888,-888888888,-888888888,-888888888,-888888888,-888888888,-888888888,-888888888,-888888888,-888888888,-888888888
2012,Rockwall County; Texas,57955,40223,40135,37711,2424,88,17732,40135,-888888888,29900,18127,18127,16823,6811,4683,15751,11331,37262,30125,4130,104,270,339,2294,30.5,37711,16438,4827,10290,3336,2820,37711,506,2660,3666,48,397,1548,4692,1838,1146,2571,4320,8273,2368,2002,2121,37711,28708,6038,2875,90,26141,807,711,1388,1188,2660,4777,4311,5450,2865,1984,82725,100403,22715,99216,5635,19278,4003,28204,474,10754,239,4389,1323,21219,415,319,987,825,1838,3778,3739,4841,2607,1870,89780,108774,34068,4922,47299,57604,43035,62014,47398,78036,65921,59811,12547,12115,23249,2716,47502,37727,35634,29464,28989,1147,6170,2093,1152,1030,146,941,9775,7523,6791,1227,2252,-888888888,-888888888,-888888888,-888888888,-888888888,-888888888,-888888888,-888888888,-888888888,-888888888,-888888888,-888888888,-888888888,-888888888,-888888888,-888888888,-888888888,-888888888,-888888888
2012,Taylor County; Texas,102769,66873,63256,59320,3936,3617,35896,63256,-888888888,53359,31386,30869,28970,10745,6038,19222,13749,61965,49913,6585,449,1739,2018,1261,15.9,59320,18459,12542,15970,5999,6350,59320,1722,3754,3208,48,441,1478,7298,2664,983,3564,4159,17023,6026,3534,3907,59320,45064,10445,3668,143,49423,4040,2983,6170,6543,7461,9845,4930,4832,1428,1191,44372,60518,39517,58219,13983,15380,9332,21312,2010,8192,1018,2408,5362,32484,1559,1306,3211,3648,4783,7443,4110,4126,1289,1009,55332,70010,23790,16939,27826,40365,24454,38664,29927,126354,103591,79621,39588,22763,32031,3287,77592,58907,55356,42407,40271,4072,12949,3551,1694,956,784,1857,18685,14134,9608,5672,4551,-888888888,-888888888,-888888888,-888888888,-888888888,-888888888,-888888888,-888888888,-888888888,-888888888,-888888888,-888888888,-888888888,-888888888,-888888888,-888888888,-888888888,-888888888,-888888888
2012,Throckmorton County; Texas,1374,759,759,754,5,0,615,759,-888888888,661,286,286,286,99,26,176,103,736,633,44,0,1,12,46,25.9,754,165,155,185,181,68,754,194,63,32,48,447,37,94,37,0,24,22,156,15,36,44,754,539,141,74,0,758,43,15,152,109,137,145,78,45,19,15,41019,53170,548,50437,290,15909,156,17694,42,4667,4,5725,58,471,9,2,81,81,103,72,57,35,16,15,43347,60923,24557,287,32917,39810,26116,40662,31250,1613,1266,939,632,347,304,46,901,654,649,474,458,32,175,5,1,0,1,4,247,125,86,44,122,-888888888,-888888888,-888888888,-888888888,-888888888,-888888888,-888888888,-888888888,-888888888,-888888888,-888888888,-888888888,-888888888,-888888888,-888888888,-888888888,-888888888,-888888888,-888888888
2012,Walker County; Texas,57803,23595,23595,22349,1246,0,34208,23595,-888888888,22143,12473,12473,11819,3781,2231,6603,5057,22126,18555,1973,35,707,142,714,24.4,22349,7291,6051,5157,1840,2010,22349,808,1123,987,48,471,259,2460,812,238,688,1076,6339,2192,1018,4349,22349,13136,7945,1228,40,20151,2981,1427,2129,2668,2763,3463,2230,1671,460,359,38654,54358,15502,53556,5143,17330,3668,25662,893,9416,316,2513,2275,11619,914,441,946,1117,1756,2587,1668,1482,390,318,55934,69742,16346,8532,24365,32809,25529,38694,30682,49421,41415,34505,12637,8006,10953,1797,32144,22371,21195,17501,16956,933,3694,1176,631,481,150,545,9773,7843,6441,1957,1930,-888888888,-888888888,-888888888,-888888888,-888888888,-888888888,-888888888,-888888888,-888888888,-888888888,-888888888,-888888888,-888888888,-888888888,-888888888,-888888888,-888888888,-888888888,-888888888
2012,Wood County; Texas,34390,16925,16891,15510,1381,34,17465,16891,-888888888,17538,7831,7831,7218,2566,1413,5462,4238,15225,11696,1577,69,397,121,1365,28.9,15510,4253,3167,3796,2070,2224,15510,949,1300,1300,48,499,410,1705,885,244,950,1092,3464,1125,1240,846,15510,11477,2181,1842,10,15904,1019,1159,2085,2199,2699,2853,1641,1438,476,335,42404,57674,10279,54633,7778,18597,4212,25528,803,9103,229,3476,1499,11393,519,403,1162,1361,2114,2499,1359,1218,469,289,51599,65535,22850,4511,24704,35011,23787,38475,31581,40641,31940,23803,15978,8701,8538,1343,22536,15440,14156,9672,9322,550,4484,1284,436,299,181,848,7096,5098,3127,2660,1998,-888888888,-888888888,-888888888,-888888888,-888888888,-888888888,-888888888,-888888888,-888888888,-888888888,-888888888,-888888888,-888888888,-888888888,-888888888,-888888888,-888888888,-888888888,-888888888
2012,Aransas County; Texas,19279,9648,9648,8903,745,0,9631,9648,-888888888,9981,4598,4598,4311,1484,903,2752,1631,8556,6494,1120,0,227,138,577,20.4,8903,2609,1574,2169,1383,1168,8903,390,1015,673,48,007,95,1329,439,92,485,824,1596,1020,562,383,8903,6149,1437,1311,6,9825,920,572,1391,1051,1389,1764,932,1142,376,288,44769,62217,6367,59229,4395,18312,2282,26068,436,6552,236,2728,1384,6765,498,159,814,744,1011,1295,754,974,344,172,53331,67109,26218,3060,23511,48881,23336,45122,33870,23037,17856,12317,9254,5181,4626,603,12920,8916,8255,5602,5376,295,2653,661,114,54,79,547,4004,2721,1458,1463,1283,-888888888,-888888888,-888888888,-888888888,-888888888,-888888888,-888888888,-888888888,-888888888,-888888888,-888888888,-888888888,-888888888,-888888888,-888888888,-888888888,-888888888,-888888888,-888888888
2012,Cochran County; Texas,2323,1327,1325,1177,148,2,996,1325,-888888888,1151,504,504,417,284,107,517,305,1124,839,198,9,36,21,21,18.2,1177,259,187,175,367,189,1177,417,69,76,48,079,7,75,87,9,46,8,222,28,59,74,1177,792,241,144,0,1069,132,53,108,164,192,204,125,77,6,8,40406,50272,831,50617,328,13852,182,18393,83,6952,30,1903,188,811,67,22,70,120,168,177,106,70,6,5,45990,55703,17416,258,21771,29568,22822,30617,28750,2998,2028,1241,1139,970,852,217,1728,1190,1053,617,546,102,436,137,39,21,19,98,538,319,158,171,219,-888888888,-888888888,-888888888,-888888888,-888888888,-888888888,-888888888,-888888888,-888888888,-888888888,-888888888,-888888888,-888888888,-888888888,-888888888,-888888888,-888888888,-888888888,-888888888
2012,Coke County; Texas,2761,1512,1506,1430,76,6,1249,1506,-888888888,1422,711,711,687,163,87,376,294,1391,1110,121,0,11,12,137,23.1,1430,528,279,260,188,175,1430,150,98,59,48,081,19,133,110,41,25,84,402,118,109,82,1430,895,341,190,4,1411,67,60,335,165,198,350,128,71,8,29,40844,55457,1003,56844,664,15855,367,17766,50,6708,0,-666666666,129,961,32,10,156,94,147,313,106,71,3,29,54607,67350,24000,450,22034,27902,23044,39574,27011,3099,2348,1886,1054,751,553,144,1763,1337,1261,831,790,50,430,76,41,20,25,35,426,284,194,97,142,-888888888,-888888888,-888888888,-888888888,-888888888,-888888888,-888888888,-888888888,-888888888,-888888888,-888888888,-888888888,-888888888,-888888888,-888888888,-888888888,-888888888,-888888888,-888888888
2012,Coryell County; Texas,56961,33850,25634,23390,2244,8216,23111,25634,-888888888,29382,14156,13489,12250,7336,2975,12504,7231,31101,23545,3719,44,2621,373,799,19.4,23390,6667,5742,5937,2707,2337,23390,288,1485,974,48,099,449,2644,894,409,1323,2228,5414,1782,1185,4315,23390,14249,8068,996,77,20464,1455,712,1832,2395,3810,4447,3068,2083,415,247,50104,59669,16430,58479,4538,14418,4742,21760,693,10253,323,3872,1623,16324,894,411,1239,1687,2980,3740,2813,1909,404,247,55880,64955,19366,4140,31085,35980,28945,36836,31800,61626,54547,47683,15319,7079,20560,998,35471,24391,22197,18816,18237,2284,3381,2194,1337,1015,446,857,11080,9332,7608,3334,1748,-888888888,-888888888,-888888888,-888888888,-888888888,-888888888,-888888888,-888888888,-888888888,-888888888,-888888888,-888888888,-888888888,-888888888,-888888888,-888888888,-888888888,-888888888,-888888888
2012,Hemphill County; Texas,2842,1883,1883,1856,27,0,959,1883,-888888888,1399,752,752,738,352,229,763,520,1827,1385,194,0,58,42,148,17.7,1856,483,310,366,391,306,1856,464,181,98,48,211,20,219,190,18,64,81,256,125,67,73,1856,1396,207,253,0,1405,71,154,127,65,195,261,238,163,61,70,53295,75499,1161,67060,411,12315,186,26019,53,10996,12,383,125,973,68,59,75,21,102,170,209,153,54,62,72083,88824,28739,432,36250,42072,26769,51745,27377,3813,3017,2430,1018,796,1128,119,2183,1678,1651,1201,1145,93,450,27,14,14,0,13,505,291,222,93,214,-888888888,-888888888,-888888888,-888888888,-888888888,-888888888,-888888888,-888888888,-888888888,-888888888,-888888888,-888888888,-888888888,-888888888,-888888888,-888888888,-888888888,-888888888,-888888888
2012,Moore County; Texas,15480,10895,10888,10292,596,7,4585,10888,-888888888,7677,4547,4547,4333,2305,1598,4343,3283,10017,7476,1674,62,340,235,230,15.8,10292,2424,1865,1947,1663,2393,10292,868,650,2711,48,341,264,915,386,63,431,587,1892,766,482,277,10292,8051,1349,886,6,6799,277,270,790,945,1239,1511,828,668,191,80,48489,57963,5758,58647,1646,14805,724,17090,279,9409,124,4018,605,5228,132,184,385,693,1007,1293,699,590,176,69,52056,62999,18973,1571,27779,38235,24987,35740,25809,21589,16210,12624,5429,5379,6993,1346,12591,10192,9702,6823,6542,442,2879,490,125,107,35,365,2399,1641,1204,600,758,-888888888,-888888888,-888888888,-888888888,-888888888,-888888888,-888888888,-888888888,-888888888,-888888888,-888888888,-888888888,-888888888,-888888888,-888888888,-888888888,-888888888,-888888888,-888888888
2012,Potter County; Texas,90753,58108,58007,54519,3488,101,32645,58007,-888888888,44210,25754,25732,24057,11668,7317,19817,14330,53893,41111,9008,685,1021,735,1333,18.0,54519,13518,12478,12583,6849,9091,54519,778,4566,6295,48,375,1442,7371,3494,1011,3050,3628,10711,6063,3698,2412,54519,42911,7549,3981,78,42430,4301,3416,6257,6022,6369,7619,3673,3011,1028,734,37848,51798,34089,52292,10977,14810,5175,19426,1940,7556,755,2519,6434,27299,2290,1319,3186,3552,4163,5609,3158,2544,817,661,47228,60435,19336,15131,24343,33646,23948,33882,27935,117058,85677,59676,35221,31381,33588,5044,71232,55000,51838,34360,32538,2886,17478,3162,1355,818,577,1807,16232,9364,5012,5047,6868,-888888888,-888888888,-888888888,-888888888,-888888888,-888888888,-888888888,-888888888,-888888888,-888888888,-888888888,-888888888,-888888888,-888888888,-888888888,-888888888,-888888888,-888888888,-888888888
2012,San Augustine County; Texas,7255,3166,3166,2823,343,0,4089,3166,-888888888,3777,1306,1306,1157,473,391,837,502,2717,2196,290,25,71,85,50,23.5,2823,529,756,456,448,634,2823,212,254,225,48,405,60,364,203,0,119,164,807,117,228,70,2823,2132,421,255,15,3368,450,583,499,369,598,441,125,155,67,81,27580,43012,1848,53917,1706,13640,738,16938,291,7374,88,1793,547,2004,174,214,216,238,477,376,89,133,32,55,41450,51703,18009,1364,15878,30078,21180,34646,23078,8684,6794,3698,4371,1890,1897,227,4894,2897,2603,1823,1593,382,780,294,127,119,17,167,1997,1281,486,877,716,-888888888,-888888888,-888888888,-888888888,-888888888,-888888888,-888888888,-888888888,-888888888,-888888888,-888888888,-888888888,-888888888,-888888888,-888888888,-888888888,-888888888,-888888888,-888888888
2012,Shackelford County; Texas,2679,1651,1651,1586,65,0,1028,1651,-888888888,1383,707,707,670,206,112,558,409,1537,1191,214,0,32,29,71,17.0,1586,517,318,283,277,191,1586,410,137,80,48,417,101,73,40,18,82,64,210,187,99,85,1586,1126,250,177,33,1354,106,96,155,176,197,339,109,104,44,28,46181,56744,1051,56786,424,17629,177,18993,45,10618,7,6614,73,922,54,38,87,75,139,284,96,79,42,28,56727,66266,23931,432,26136,34053,26939,36344,27074,3290,2573,2153,909,717,781,153,1926,1490,1425,1059,1029,72,366,65,33,26,10,32,436,270,175,103,166,-888888888,-888888888,-888888888,-888888888,-888888888,-888888888,-888888888,-888888888,-888888888,-888888888,-888888888,-888888888,-888888888,-888888888,-888888888,-888888888,-888888888,-888888888,-888888888
2012,Starr County; Texas,42494,22847,22847,19989,2858,0,19647,22847,-888888888,22264,10923,10923,10044,6538,3320,12902,8535,19447,14074,2730,72,1040,506,1025,21.3,19989,4303,6384,4230,2855,2217,19989,1271,1692,568,48,427,367,2154,1253,70,511,1092,8129,947,1027,908,19989,13197,4457,2237,98,15671,2487,2208,3229,2342,1755,1761,844,626,228,191,24653,39872,11788,42399,5062,9996,1735,12325,2738,6772,352,2761,6894,13175,1477,1747,2788,2019,1662,1644,830,650,222,136,27476,42644,11537,2496,11969,21389,15245,24971,20288,60425,36081,12415,25481,24344,20606,4348,33496,22034,19374,8065,7219,973,11309,2660,486,161,326,2174,11462,5147,1058,4240,6315,-888888888,-888888888,-888888888,-888888888,-888888888,-888888888,-888888888,-888888888,-888888888,-888888888,-888888888,-888888888,-888888888,-888888888,-888888888,-888888888,-888888888,-888888888,-888888888
2012,Upton County; Texas,2473,1483,1483,1434,49,0,990,1483,-888888888,1208,611,611,592,331,189,529,371,1378,1073,183,0,54,21,47,18.9,1434,343,268,252,292,279,1434,288,85,53,48,461,56,76,248,6,59,58,335,51,19,100,1434,938,355,139,2,1179,84,69,130,150,132,221,143,183,56,11,52042,63326,971,62076,392,14772,160,23346,66,8492,20,2860,149,885,46,42,85,89,102,181,122,168,39,11,56250,68966,23170,294,29464,44265,30563,53333,29605,3229,2486,1855,978,743,924,194,1841,1355,1306,958,906,81,348,49,22,14,8,27,486,326,218,138,160,-888888888,-888888888,-888888888,-888888888,-888888888,-888888888,-888888888,-888888888,-888888888,-888888888,-888888888,-888888888,-888888888,-888888888,-888888888,-888888888,-888888888,-888888888,-888888888
2012,Brown County; Texas,30022,15833,15804,15239,565,29,14189,15804,-888888888,15395,7287,7287,7057,2640,1086,5560,3692,15099,12971,1438,27,216,177,270,17.0,15239,4434,3119,3703,1553,2430,15239,554,880,2252,48,049,304,1871,587,125,583,778,4120,1137,829,1219,15239,11018,2886,1311,24,13302,1072,1027,1857,1869,2070,2620,1239,1112,158,278,40821,55732,9461,57228,5023,16518,2867,23387,707,7557,195,3695,1662,9476,438,361,1128,1317,1486,2206,1129,1007,149,255,50076,63249,20979,3826,21286,35234,26580,36739,27469,36663,29380,21912,12307,7283,8874,1353,21598,14472,13970,10380,10023,724,3590,502,170,132,51,332,7126,5121,3240,2257,2005,-888888888,-888888888,-888888888,-888888888,-888888888,-888888888,-888888888,-888888888,-888888888,-888888888,-888888888,-888888888,-888888888,-888888888,-888888888,-888888888,-888888888,-888888888,-888888888
2012,Hall County; Texas,2617,1346,1339,1244,95,7,1271,1339,-888888888,1364,581,581,533,266,137,542,400,1215,974,159,2,16,17,47,15.0,1244,347,219,268,266,144,1244,198,101,73,48,191,42,162,67,11,57,35,298,99,57,44,1244,936,162,144,2,1270,124,154,283,132,226,191,56,55,35,14,32097,45712,849,47745,530,15706,208,17505,112,9767,4,1075,183,851,39,70,157,80,172,183,50,55,34,11,43458,56490,17790,419,16875,22811,15981,27596,18000,3268,2586,1694,1342,682,864,118,1682,1178,1085,728,678,64,357,93,31,18,13,62,504,359,177,214,145,-888888888,-888888888,-888888888,-888888888,-888888888,-888888888,-888888888,-888888888,-888888888,-888888888,-888888888,-888888888,-888888888,-888888888,-888888888,-888888888,-888888888,-888888888,-888888888
2012,Franklin County; Texas,8308,4920,4920,4644,276,0,3388,4920,-888888888,4283,2182,2182,2085,739,447,1564,1092,4482,3789,344,0,74,39,236,22.5,4644,1347,1066,939,500,792,4644,239,425,227,48,159,71,717,404,38,171,297,1176,466,246,167,4644,3588,616,416,24,4207,297,110,677,518,583,718,631,310,198,165,45684,70344,3081,66011,1632,18997,830,29562,215,7856,68,5276,400,2976,151,50,340,304,345,626,598,235,181,146,60693,82811,27875,1231,22160,35272,25674,37959,30362,10413,8253,5783,3649,2160,2592,372,5893,4448,4264,3144,2951,233,1120,184,90,37,53,94,1445,875,553,386,570,-888888888,-888888888,-888888888,-888888888,-888888888,-888888888,-888888888,-888888888,-888888888,-888888888,-888888888,-888888888,-888888888,-888888888,-888888888,-888888888,-888888888,-888888888,-888888888
2012,Frio County; Texas,13575,6839,6839,6299,540,0,6736,6839,-888888888,5414,2728,2728,2578,1203,985,2544,1631,6177,4723,1049,12,167,186,40,19.6,6299,1045,1880,1578,993,803,6299,648,602,79,48,163,158,900,451,0,190,543,1245,519,120,844,6299,4475,1366,446,12,4831,369,483,665,697,834,665,607,252,190,69,38161,55361,3863,52373,1784,13804,690,15613,412,9330,133,2043,1282,3731,178,232,490,596,811,456,565,221,113,69,41243,59149,16463,1100,19795,38978,20032,36104,22002,14611,11150,6371,5902,3461,4284,322,8399,6300,5805,3876,3423,502,1929,495,95,82,50,400,2099,1297,644,769,802,-888888888,-888888888,-888888888,-888888888,-888888888,-888888888,-888888888,-888888888,-888888888,-888888888,-888888888,-888888888,-888888888,-888888888,-888888888,-888888888,-888888888,-888888888,-888888888
2012,Lampasas County; Texas,15506,9460,9207,8416,791,253,6046,9207,-888888888,7950,4492,4455,3994,1488,838,3296,2417,8559,6425,1283,0,250,176,425,27.9,8416,2320,1595,2053,1363,1085,8416,352,1109,487,48,281,195,1173,276,104,326,991,1745,450,267,941,8416,5511,2082,815,8,7091,432,291,822,1028,1105,1334,895,652,382,150,47968,64891,5174,61319,2290,15180,2400,21812,217,9292,84,2333,714,5131,149,165,458,657,769,1046,803,620,352,112,57129,73513,24158,1960,28796,39559,26003,40256,30449,19230,15138,12425,6059,4092,4988,705,11232,8699,7935,5656,5353,794,2279,764,346,244,102,418,2533,1852,1393,763,681,-888888888,-888888888,-888888888,-888888888,-888888888,-888888888,-888888888,-888888888,-888888888,-888888888,-888888888,-888888888,-888888888,-888888888,-888888888,-888888888,-888888888,-888888888,-888888888
2012,San Jacinto County; Texas,20751,11331,11329,9722,1607,2,9420,11329,-888888888,10497,4664,4664,3894,1917,914,4161,2351,9536,7311,1462,33,202,35,493,40.0,9722,2445,1955,1751,1771,1800,9722,616,1313,1033,48,407,164,836,961,147,243,624,1929,553,464,839,9722,6338,2312,1063,9,9238,981,467,917,1041,1538,1562,1109,1001,270,352,46413,63028,6705,64412,3542,16242,2111,19009,541,7621,306,986,1524,7104,507,210,569,699,1167,1480,959,894,267,352,53975,72084,23331,2134,22500,30812,30433,51114,34930,26318,20231,14491,9265,6087,6449,856,15354,10519,9034,6668,6212,691,2366,1485,513,318,210,972,4835,2942,1879,1340,1893,-888888888,-888888888,-888888888,-888888888,-888888888,-888888888,-888888888,-888888888,-888888888,-888888888,-888888888,-888888888,-888888888,-888888888,-888888888,-888888888,-888888888,-888888888,-888888888
2012,Upshur County; Texas,30633,18111,18111,16775,1336,0,12522,18111,-888888888,15690,8279,8279,7648,2783,1867,6404,4424,16217,12813,2148,23,266,151,816,26.8,16775,4107,2952,4316,2715,2685,16775,1277,1767,2076,48,459,453,2385,849,321,587,1071,3591,773,822,803,16775,12877,2342,1528,28,14643,1089,927,1748,1736,2331,2707,2037,1421,302,345,45696,59616,11106,61385,5367,16035,2663,16409,954,8033,186,2590,1883,10681,487,242,1033,1274,1577,2287,1897,1310,257,317,57138,68908,22772,3962,22208,30470,28443,43399,31356,38762,30428,22462,12645,8334,9721,1383,23199,16919,15655,11385,10813,945,4270,1264,503,330,229,761,6280,4436,2810,2217,1844,-888888888,-888888888,-888888888,-888888888,-888888888,-888888888,-888888888,-888888888,-888888888,-888888888,-888888888,-888888888,-888888888,-888888888,-888888888,-888888888,-888888888,-888888888,-888888888
2012,Waller County; Texas,33749,20541,20525,18975,1550,16,13208,20525,-888888888,17135,8442,8442,7666,3737,1649,6417,4148,18408,15017,2083,55,410,203,640,30.6,18975,5250,3529,4478,2726,2992,18975,995,1939,2673,48,473,422,2313,881,164,781,1743,3767,1498,836,963,18975,14331,3382,1241,21,13492,1214,609,1375,1466,1857,2942,1440,1607,555,427,51576,65668,11096,65552,3279,16085,1684,23092,655,7976,270,2009,1509,9787,546,262,866,1100,1320,2157,1264,1463,462,347,60707,73951,22524,3705,30722,41551,26035,40153,30533,42622,31564,24070,10605,11058,10506,2286,27757,19217,17786,12693,12339,664,5093,1431,734,554,183,697,8540,5693,4010,2167,2847,-888888888,-888888888,-888888888,-888888888,-888888888,-888888888,-888888888,-888888888,-888888888,-888888888,-888888888,-888888888,-888888888,-888888888,-888888888,-888888888,-888888888,-888888888,-888888888
2012,Wilson County; Texas,33132,21695,21592,20406,1186,103,11437,21592,-888888888,16921,10180,10154,9486,3102,2321,7711,5545,20028,15500,3040,82,373,143,890,32.4,20406,6822,3245,4592,3254,2493,20406,754,2312,1866,48,493,665,2046,1777,318,1091,1475,4582,1298,711,1511,20406,14055,4748,1586,17,15122,744,742,1383,1140,1926,3200,2081,2588,846,472,62870,75120,12423,71320,4879,15345,3258,22380,666,8134,257,3569,1521,12234,355,312,844,837,1601,2711,1905,2461,793,415,69731,82387,26777,2888,25833,40808,32305,50021,36962,42381,36651,30648,10918,5730,11257,948,25851,20382,19316,16379,15962,1025,2937,1066,498,430,122,568,5469,4192,3139,1557,1277,-888888888,-888888888,-888888888,-888888888,-888888888,-888888888,-888888888,-888888888,-888888888,-888888888,-888888888,-888888888,-888888888,-888888888,-888888888,-888888888,-888888888,-888888888,-888888888
2012,Hockley County; Texas,17496,11290,11277,10586,691,13,6206,11277,-888888888,8921,4979,4979,4634,2134,1144,3648,2465,10202,7875,1607,34,281,86,319,20.4,10586,2833,2031,2402,1738,1582,10586,1789,693,531,48,219,380,1053,463,120,495,543,2478,856,764,421,10586,8001,1886,695,4,7978,606,396,965,1023,921,1751,935,821,333,227,51054,63788,6490,64074,2400,15896,985,23276,292,7730,140,2681,1055,6080,255,168,602,702,795,1400,868,753,326,211,59511,72071,22290,1898,22167,33768,25782,44606,28259,22784,17702,13231,6661,5082,6165,1121,13767,10444,9816,7237,6866,681,2579,628,319,209,150,309,3323,2251,1643,816,1072,-888888888,-888888888,-888888888,-888888888,-888888888,-888888888,-888888888,-888888888,-888888888,-888888888,-888888888,-888888888,-888888888,-888888888,-888888888,-888888888,-888888888,-888888888,-888888888
2012,Midland County; Texas,104298,72132,72085,69165,2920,47,32166,72085,-888888888,53808,31531,31531,29902,13130,7897,23202,16871,68074,57413,7133,129,520,689,2190,18.3,69165,21373,10679,18888,10436,7789,69165,12103,5185,3715,48,329,2820,7668,3223,1257,3678,5696,12048,5891,3905,1976,69165,55954,7835,5174,202,49898,2436,2085,4425,5339,6458,9893,6058,6864,2748,3592,59391,86773,42714,83915,11429,17026,5604,19752,1628,9021,584,3330,4486,35944,1156,677,2604,3228,4323,7401,4954,5975,2392,3234,69730,99177,32223,13954,33467,51247,31317,52722,31357,137346,107899,89865,30692,29447,37961,6587,84761,67729,65034,49712,48465,2652,15322,2695,855,572,307,1840,17032,11640,8564,3908,5392,-888888888,-888888888,-888888888,-888888888,-888888888,-888888888,-888888888,-888888888,-888888888,-888888888,-888888888,-888888888,-888888888,-888888888,-888888888,-888888888,-888888888,-888888888,-888888888
2012,Llano County; Texas,16449,8102,8068,7660,408,34,8347,8068,-888888888,8555,3610,3610,3381,913,395,1869,1292,7605,5625,718,0,114,169,979,26.2,7660,2170,1497,2424,921,648,7660,136,984,392,48,299,116,1078,317,87,597,925,1456,805,479,288,7660,5158,1054,1448,0,8536,469,712,1335,1112,848,1466,1017,882,272,423,45533,72898,5128,64721,4270,18748,2447,27260,373,8265,65,11268,689,5443,149,177,610,677,578,1246,813,723,96,374,58760,87194,33905,3093,22247,45430,24481,37991,26958,18894,15507,11446,8787,3387,3020,498,9965,7000,6637,4461,4191,319,2176,363,267,208,81,96,2965,2360,1559,990,605,-888888888,-888888888,-888888888,-888888888,-888888888,-888888888,-888888888,-888888888,-888888888,-888888888,-888888888,-888888888,-888888888,-888888888,-888888888,-888888888,-888888888,-888888888,-888888888
2012,Fannin County; Texas,27288,14861,14846,13704,1142,15,12427,14846,-888888888,12719,6450,6450,6053,2255,1225,4763,3413,13233,10752,1648,25,166,154,488,29.4,13704,3895,2319,3225,1814,2451,13704,523,1049,1981,48,147,437,1817,939,206,937,765,2766,744,557,983,13704,9954,2713,1005,32,11783,833,1078,1485,1538,1756,2125,1579,1031,158,200,43382,54561,8499,55603,4613,15295,2468,18591,620,8908,345,4789,1703,8471,352,466,897,994,1362,1762,1429,883,151,175,52726,62053,20072,3312,22312,32941,25526,36562,32973,31497,24964,18197,11036,6533,7442,1118,18722,13691,12574,9360,8881,821,3214,1117,403,229,191,714,5031,3562,1877,2151,1469,-888888888,-888888888,-888888888,-888888888,-888888888,-888888888,-888888888,-888888888,-888888888,-888888888,-888888888,-888888888,-888888888,-888888888,-888888888,-888888888,-888888888,-888888888,-888888888
2012,Brazos County; Texas,158562,99662,99276,91456,7820,386,58900,99276,-888888888,78537,46037,46015,42242,14479,9150,23204,16016,89770,68660,10042,2456,3516,2618,2478,18.0,91456,36425,15946,22859,9317,6909,91456,2880,6885,4442,48,041,1748,9623,2372,1243,4642,8324,32135,9562,4260,3340,91456,59872,26645,4698,241,68936,12022,4478,8946,7093,8412,10076,6341,6562,2566,2440,37638,57728,58326,56769,11343,16230,7056,24705,2482,7547,1755,3418,6998,38546,2793,1445,3799,3885,4851,6948,4763,5449,2426,2187,58032,77296,21340,30390,19342,31219,16970,42392,32769,190345,160275,137360,36411,30070,39636,3897,136875,95068,87781,71557,69642,3422,16224,7287,4256,3314,1072,3031,41807,35128,31351,4984,6679,-888888888,-888888888,-888888888,-888888888,-888888888,-888888888,-888888888,-888888888,-888888888,-888888888,-888888888,-888888888,-888888888,-888888888,-888888888,-888888888,-888888888,-888888888,-888888888
2012,Gaines County; Texas,12281,7742,7742,7369,373,0,4539,7742,-888888888,6037,2997,2997,2823,2018,753,3795,1684,7233,5280,1351,0,178,184,240,18.7,7369,1847,812,1464,2153,1093,7369,1808,1093,426,48,165,191,942,386,84,163,211,1105,409,482,69,7369,5224,970,1142,33,5402,396,342,716,459,718,1081,752,557,149,232,50850,69102,4548,72739,1194,14792,552,17462,90,4918,27,3411,323,4120,234,176,447,368,519,885,599,540,128,224,56641,77158,22360,1282,25692,40021,26835,46620,26949,17467,11373,7385,5091,6094,5948,1855,9951,7341,7023,4239,3689,596,2784,318,178,124,54,140,2610,1295,917,490,1315,-888888888,-888888888,-888888888,-888888888,-888888888,-888888888,-888888888,-888888888,-888888888,-888888888,-888888888,-888888888,-888888888,-888888888,-888888888,-888888888,-888888888,-888888888,-888888888
2012,Gray County; Texas,17777,10204,10199,9397,802,5,7573,10199,-888888888,8418,4525,4525,4150,1869,1056,3320,2311,9166,7439,1284,11,209,76,147,18.5,9397,2453,1456,2051,1694,1743,9397,1346,636,875,48,179,275,1090,660,149,385,533,1974,440,634,400,9397,7328,1357,700,12,8465,502,659,1052,1064,1414,1650,1065,709,187,163,44455,59792,6500,60353,2750,16805,1452,18347,206,8939,81,899,815,5846,243,254,476,678,925,1334,1010,605,169,152,54928,70530,22623,2619,23765,32874,26614,46762,26342,20910,15842,12242,6509,5068,5559,1025,11944,9385,8657,6075,5770,613,2582,728,176,84,92,552,2559,1657,1205,597,902,-888888888,-888888888,-888888888,-888888888,-888888888,-888888888,-888888888,-888888888,-888888888,-888888888,-888888888,-888888888,-888888888,-888888888,-888888888,-888888888,-888888888,-888888888,-888888888
2012,Jack County; Texas,7339,3615,3615,3377,238,0,3724,3615,-888888888,3149,1537,1537,1447,570,214,1205,634,3312,2524,491,0,60,61,176,25.2,3377,848,464,714,705,646,3377,815,269,169,48,237,83,263,239,24,120,202,563,145,266,219,3377,2354,675,305,43,3010,196,135,347,454,482,498,469,258,83,88,43902,61040,2233,61095,1067,17174,477,19692,276,7684,21,1495,273,2009,68,56,155,271,287,373,418,230,83,68,58650,72137,21492,1001,30472,37239,28672,41875,29149,7784,6322,4879,2433,1462,1960,345,4537,3271,3055,2345,2327,69,710,216,99,71,28,117,1266,976,595,417,290,-888888888,-888888888,-888888888,-888888888,-888888888,-888888888,-888888888,-888888888,-888888888,-888888888,-888888888,-888888888,-888888888,-888888888,-888888888,-888888888,-888888888,-888888888,-888888888
2012,Bosque County; Texas,14643,8019,8017,7234,783,2,6624,8017,-888888888,7441,3637,3637,3346,1182,785,2704,1857,7003,5778,741,37,196,71,180,27.1,7234,2204,1390,1585,939,1116,7234,528,611,896,48,035,213,727,436,75,315,364,2015,363,371,320,7234,5255,1251,720,8,6883,455,446,1048,815,1043,1219,1034,508,163,152,44860,59416,4664,58886,2856,17346,1339,19565,418,9639,72,1192,843,4891,113,141,515,642,846,987,860,493,155,139,55246,70207,23512,1992,19526,29629,26797,42091,28607,17659,13876,10454,6250,3783,4060,627,10078,7337,6624,4805,4602,292,1819,713,204,115,109,509,2741,1919,1161,965,822,-888888888,-888888888,-888888888,-888888888,-888888888,-888888888,-888888888,-888888888,-888888888,-888888888,-888888888,-888888888,-888888888,-888888888,-888888888,-888888888,-888888888,-888888888,-888888888
2012,Bexar County; Texas,1307860,856690,833682,768369,65313,23008,451170,833682,-888888888,674228,397046,391554,361463,150355,90528,290382,198844,776516,612822,87173,21365,15558,11199,28399,24.2,768369,263786,146712,205943,76128,75800,768369,5890,57695,46384,48,029,20297,91862,35426,16030,70502,84377,177385,81154,39706,41661,768369,601390,121330,44789,860,596862,50108,31785,67545,66426,87118,112112,70072,68093,22593,21010,49141,66435,488584,65358,147362,14474,104640,25602,32282,8201,12625,3115,81339,404241,21733,14995,38778,40328,57431,80131,54719,57950,19564,18612,58023,76454,24133,192621,30842,42269,26966,40644,34040,1679479,1339422,1020784,498237,340057,462831,52145,1043168,791340,730803,552099,523865,52692,178704,60537,27233,18725,10197,33304,251828,178549,117553,82979,73279,-888888888,-888888888,-888888888,-888888888,-888888888,-888888888,-888888888,-888888888,-888888888,-888888888,-888888888,-888888888,-888888888,-888888888,-888888888,-888888888,-888888888,-888888888,-888888888
2012,Baylor County; Texas,3139,1550,1550,1506,44,0,1589,1550,-888888888,1661,673,673,657,168,85,481,373,1499,1300,128,0,5,20,46,16.7,1506,422,205,416,372,91,1506,121,188,40,48,023,34,131,69,21,159,114,373,11,121,124,1506,819,364,323,0,1735,199,167,215,302,237,335,127,72,59,22,34688,48311,1140,48124,734,16485,366,17344,72,8925,33,930,154,1053,28,33,90,131,185,325,108,72,59,22,55422,65401,23041,682,17000,21415,29732,35938,36940,3644,2953,2400,1298,691,698,94,2006,1363,1347,971,956,15,376,16,7,7,0,9,643,431,295,167,212,-888888888,-888888888,-888888888,-888888888,-888888888,-888888888,-888888888,-888888888,-888888888,-888888888,-888888888,-888888888,-888888888,-888888888,-888888888,-888888888,-888888888,-888888888,-888888888
2012,Denton County; Texas,504289,378594,378224,353234,24990,370,125695,378224,-888888888,259440,176936,176878,165129,60159,37726,117538,84888,342383,276663,34539,2558,4352,4475,19796,27.3,353234,150172,49332,98825,24237,30668,353234,4180,18007,33527,48,121,12804,43573,18948,11370,36090,46669,71680,29929,16325,10132,353234,289601,44148,18964,521,237732,9318,5848,16719,18628,27577,43855,32323,46087,19820,17557,72939,92404,215528,90458,38090,17196,26887,25090,4863,9402,3312,3946,11694,168703,3120,1846,7844,10360,15935,29981,25686,39975,17915,16041,89193,106870,33585,69029,41391,53084,37355,58513,44723,663650,560543,503263,99533,103107,182519,17479,434880,361165,338225,281278,277401,8861,56947,22940,11822,10449,1700,11118,73715,57029,48773,11621,16686,-888888888,-888888888,-888888888,-888888888,-888888888,-888888888,-888888888,-888888888,-888888888,-888888888,-888888888,-888888888,-888888888,-888888888,-888888888,-888888888,-888888888,-888888888,-888888888
2012,Galveston County; Texas,227203,151971,151293,139005,12288,678,75232,151293,-888888888,116123,70157,70095,64330,23089,15386,47458,34067,136822,109729,14119,1434,2815,4464,4261,26.4,139005,55451,22803,31002,14756,14993,139005,2111,11869,15597,48,167,3645,12877,8577,1701,8913,14244,34490,12551,6262,6168,139005,104382,26017,8415,191,109142,7892,4839,9252,9613,13412,18880,13815,17508,7505,6426,61555,80825,91169,81569,27582,16897,18735,22517,4325,9499,1485,4348,11540,74846,3357,1822,4634,5668,8647,12708,10936,14486,6861,5727,76105,93692,30804,34296,35737,49893,34461,57984,42828,289091,235904,194524,68937,53187,74158,8788,182358,142690,131509,103020,100136,5246,28489,11181,5093,4119,1186,6088,39668,30141,22999,9708,9527,-888888888,-888888888,-888888888,-888888888,-888888888,-888888888,-888888888,-888888888,-888888888,-888888888,-888888888,-888888888,-888888888,-888888888,-888888888,-888888888,-888888888,-888888888,-888888888
2012,Roberts County; Texas,788,516,516,493,23,0,272,516,-888888888,465,268,268,266,71,38,177,143,478,371,80,0,11,0,16,16.2,493,188,106,115,57,27,493,77,32,16,48,393,6,62,47,8,0,37,131,38,15,24,493,276,158,55,4,347,8,1,53,42,25,80,38,54,28,18,64688,85933,268,74797,92,18964,76,23337,12,11392,0,-666666666,7,275,6,0,36,25,11,64,33,60,22,18,73125,97176,33821,72,25781,35221,27875,46875,38750,992,835,759,245,157,258,29,588,456,433,375,375,2,58,23,2,2,0,21,132,83,73,16,49,-888888888,-888888888,-888888888,-888888888,-888888888,-888888888,-888888888,-888888888,-888888888,-888888888,-888888888,-888888888,-888888888,-888888888,-888888888,-888888888,-888888888,-888888888,-888888888
2012,Uvalde County; Texas,19779,11339,11339,10101,1238,0,8440,11339,-888888888,10217,5575,5575,5018,2207,1227,5073,3330,9728,7390,1299,10,534,148,347,17.9,10101,2811,2356,2134,1587,1213,10101,779,884,420,48,463,168,1035,614,89,312,598,3137,925,449,691,10101,6559,2461,1081,0,8660,1212,663,1343,1201,1255,1322,709,658,126,171,34110,48814,6401,48870,3334,13527,1386,18244,706,6379,158,1489,2002,6315,607,210,1038,930,946,1101,664,548,111,160,39103,55561,17001,2345,16148,29086,20145,35535,22371,26052,19080,10928,10847,6972,7577,1276,14673,10565,9405,6038,5242,1044,3367,1160,289,173,124,871,4108,2650,1274,1561,1458,-888888888,-888888888,-888888888,-888888888,-888888888,-888888888,-888888888,-888888888,-888888888,-888888888,-888888888,-888888888,-888888888,-888888888,-888888888,-888888888,-888888888,-888888888,-888888888
2012,Bowie County; Texas,72758,42331,42195,38182,4013,136,30427,42195,-888888888,36073,20168,20137,18370,6663,4710,14066,10711,37411,30606,4723,170,341,713,858,17.2,38182,11144,7178,10043,4752,5065,38182,532,2539,3598,48,037,949,4867,1697,364,1691,2382,9281,3638,2386,4258,38182,27521,8188,2399,74,33920,3656,2190,4939,3699,4912,5962,3797,3153,831,781,42346,58123,25329,59454,10681,14745,7069,20347,1801,7869,522,3176,5254,22975,1678,792,2819,2312,3215,4562,3280,2882,773,662,53744,68861,22536,10945,23251,33377,26723,44688,31729,87931,70828,53285,28213,17103,22352,2547,53097,39538,35748,27259,26313,1805,8489,3790,1501,1039,592,2289,13559,9837,6130,4994,3722,-888888888,-888888888,-888888888,-888888888,-888888888,-888888888,-888888888,-888888888,-888888888,-888888888,-888888888,-888888888,-888888888,-888888888,-888888888,-888888888,-888888888,-888888888,-888888888
2012,Kent County; Texas,697,463,463,450,13,0,234,463,-888888888,347,173,173,164,54,30,88,70,440,348,30,0,18,3,41,13.4,450,191,68,67,81,43,450,95,43,2,48,263,42,45,20,0,2,2,121,3,19,56,450,198,198,53,1,394,17,20,91,65,43,82,46,23,4,3,38750,47735,324,39426,139,16135,77,16248,9,1878,0,-666666666,31,220,9,2,17,41,28,59,42,15,4,3,52969,59278,22949,174,22151,33140,21304,31250,28333,783,619,528,213,164,153,37,470,392,379,290,286,12,89,13,12,9,3,1,78,41,23,18,37,-888888888,-888888888,-888888888,-888888888,-888888888,-888888888,-888888888,-888888888,-888888888,-888888888,-888888888,-888888888,-888888888,-888888888,-888888888,-888888888,-888888888,-888888888,-888888888
2012,Somervell County; Texas,6530,3954,3954,3877,77,0,2576,3954,-888888888,3382,1655,1655,1595,646,262,1377,901,3692,3441,143,14,40,0,54,27.4,3877,1656,760,455,530,476,3877,222,562,236,48,425,81,245,587,24,112,249,840,308,133,278,3877,2777,812,288,0,3221,369,163,247,169,601,583,424,430,82,153,51618,68326,2396,71847,942,16585,644,22876,43,6828,12,67,204,2191,179,13,106,112,389,475,389,305,70,153,63911,81936,27210,1030,27429,39077,32363,52347,31680,8222,6258,5387,1716,1964,2117,461,4938,3648,3571,2531,2511,51,1040,77,57,57,0,20,1290,847,684,200,443,-888888888,-888888888,-888888888,-888888888,-888888888,-888888888,-888888888,-888888888,-888888888,-888888888,-888888888,-888888888,-888888888,-888888888,-888888888,-888888888,-888888888,-888888888,-888888888
2012,Hardin County; Texas,41870,25366,25319,23587,1732,47,16504,25319,-888888888,21615,11620,11620,10880,4334,2405,8920,6289,23227,20201,2166,8,212,324,316,26.8,23587,7122,3320,5796,4105,3244,23587,969,2744,3308,48,199,672,2918,1201,228,961,1718,5048,1461,1378,981,23587,18770,3521,1263,33,20468,1542,948,2462,1965,2511,3776,3384,2548,917,415,54275,65907,15693,69422,6792,16803,3700,17394,863,9097,385,2033,2804,15154,678,291,1402,1345,1868,3153,2835,2396,782,404,63866,75545,24868,5314,24284,35068,32747,53915,34529,54044,44587,35392,15397,9457,14055,1388,32803,24189,22546,17684,16994,1228,4862,1643,663,511,159,980,8614,6418,4449,2562,2196,-888888888,-888888888,-888888888,-888888888,-888888888,-888888888,-888888888,-888888888,-888888888,-888888888,-888888888,-888888888,-888888888,-888888888,-888888888,-888888888,-888888888,-888888888,-888888888
2012,Leon County; Texas,13596,7028,7028,6551,477,0,6568,7028,-888888888,6896,3075,3075,2912,1128,503,2197,1649,6336,5096,842,15,85,92,206,24.3,6551,1742,1147,1339,1463,860,6551,1066,878,311,48,289,74,668,424,115,285,330,1054,689,293,364,6551,4652,1053,846,0,6434,576,342,1057,718,824,1057,823,568,258,211,43534,60010,4186,66255,2914,17231,1447,20562,306,9399,28,4407,636,4568,289,102,476,518,669,897,667,558,197,195,54984,70129,23952,1866,20833,31134,27590,48937,29912,16720,13399,10042,6361,3321,3791,495,9404,6461,6036,4381,4232,326,1655,425,167,149,18,258,2943,2050,1101,1136,893,-888888888,-888888888,-888888888,-888888888,-888888888,-888888888,-888888888,-888888888,-888888888,-888888888,-888888888,-888888888,-888888888,-888888888,-888888888,-888888888,-888888888,-888888888,-888888888
2012,Newton County; Texas,11532,6271,6271,5587,684,0,5261,6271,-888888888,5582,2670,2670,2467,980,702,2117,1455,5474,4427,796,40,23,155,33,34.0,5587,1463,1062,1103,1071,888,5587,400,799,664,48,351,45,625,297,85,111,408,1375,314,229,235,5587,4337,987,263,0,5185,482,452,776,586,912,865,643,293,72,104,38574,52653,3517,54101,2065,15407,1143,17143,500,8427,156,1427,911,3684,253,177,352,452,691,795,562,251,47,104,47075,61485,20245,1501,17223,28016,22782,41458,22665,13921,10742,7715,4829,3179,3300,358,8297,5828,5148,3696,3447,333,1452,680,141,118,23,539,2469,1652,968,945,817,-888888888,-888888888,-888888888,-888888888,-888888888,-888888888,-888888888,-888888888,-888888888,-888888888,-888888888,-888888888,-888888888,-888888888,-888888888,-888888888,-888888888,-888888888,-888888888
2012,Reeves County; Texas,10823,5375,5375,4779,596,0,5448,5375,-888888888,4720,2494,2494,2231,995,456,1882,1536,4644,3798,399,0,212,93,142,16.3,4779,1238,1292,1130,554,565,4779,677,256,272,48,389,123,639,214,7,145,392,857,553,160,484,4779,3205,1187,364,23,3474,443,371,421,367,411,550,503,253,147,8,39577,51202,2641,51636,1176,14595,494,16694,370,8206,53,4945,633,2444,274,160,313,212,286,416,468,217,90,8,45758,55582,15843,1030,21771,37062,19553,42716,25330,11823,8702,4885,4495,3121,3068,484,6771,5004,4428,2844,2586,299,1584,576,50,28,22,526,1767,1240,512,813,527,-888888888,-888888888,-888888888,-888888888,-888888888,-888888888,-888888888,-888888888,-888888888,-888888888,-888888888,-888888888,-888888888,-888888888,-888888888,-888888888,-888888888,-888888888,-888888888
2012,Travis County; Texas,812916,589989,589028,545863,43165,961,222927,589028,-888888888,403884,264560,264336,245359,88348,54796,149097,103372,536112,389776,59192,20370,11547,18976,36251,24.0,545863,243479,91785,128207,48757,33635,545863,2790,44713,45291,48,453,11937,56511,15026,14427,37617,83884,110986,58013,28784,35884,545863,411639,91618,41934,672,405406,30135,17611,36311,40827,57067,70974,47344,53333,23753,28051,56403,82031,358368,79157,61606,16795,45227,28859,10691,8815,5316,3885,37973,233949,11774,7702,16824,19334,27568,37897,30407,39056,19315,24072,72131,100615,32777,171457,40867,54377,30734,46784,40736,1028267,816575,673366,212954,211692,246359,31507,707732,567807,526673,403380,386868,24265,123293,41134,20389,15027,6009,20745,139925,105399,80514,30646,34526,-888888888,-888888888,-888888888,-888888888,-888888888,-888888888,-888888888,-888888888,-888888888,-888888888,-888888888,-888888888,-888888888,-888888888,-888888888,-888888888,-888888888,-888888888,-888888888
2012,Collingsworth County; Texas,2260,1391,1391,1328,63,0,869,1391,-888888888,1142,581,581,554,319,231,474,275,1320,917,256,6,57,29,55,16.8,1328,516,181,229,293,109,1328,261,204,10,48,087,27,48,62,27,70,80,299,100,47,93,1328,859,248,221,0,1197,117,140,131,113,187,222,117,66,33,71,41940,58114,908,61001,479,14242,177,21859,40,8045,0,-666666666,137,786,33,73,93,76,143,120,96,50,31,71,46406,68748,23857,411,26250,36723,22727,42083,28056,2963,2326,1689,1010,637,856,104,1541,1196,1163,755,738,50,408,33,6,6,0,27,345,247,183,70,98,-888888888,-888888888,-888888888,-888888888,-888888888,-888888888,-888888888,-888888888,-888888888,-888888888,-888888888,-888888888,-888888888,-888888888,-888888888,-888888888,-888888888,-888888888,-888888888
2012,Erath County; Texas,30786,19938,19930,18904,1026,8,10848,19930,-888888888,15909,9053,9053,8470,2707,1630,5142,4310,18338,15194,1677,40,568,150,709,17.2,18904,5478,2945,4605,3066,2810,18904,2118,1554,2095,48,143,369,2560,649,101,531,974,4307,1881,1207,558,18904,14194,3185,1492,33,14223,1828,1056,1805,1707,2419,2204,1350,1160,281,413,40176,55598,11335,54406,3581,15476,2107,23431,445,9691,169,2216,1256,8777,388,479,896,1030,1528,1579,1264,1028,268,317,51223,69964,22048,5446,21319,30783,21113,36386,29026,37684,28093,22764,8990,9591,8354,1627,24903,18616,17660,12012,11709,450,5648,956,440,374,66,516,6287,4527,3429,1428,1760,-888888888,-888888888,-888888888,-888888888,-888888888,-888888888,-888888888,-888888888,-888888888,-888888888,-888888888,-888888888,-888888888,-888888888,-888888888,-888888888,-888888888,-888888888,-888888888
2012,Motley County; Texas,916,468,468,429,39,0,448,468,-888888888,406,168,168,157,60,30,198,83,418,337,34,3,14,0,30,16.2,429,183,53,80,89,24,429,116,67,5,48,345,2,27,39,11,2,10,79,12,33,26,429,246,112,68,3,457,55,57,41,72,101,55,39,24,13,0,35313,43720,287,46016,218,13467,79,33187,36,8917,0,-666666666,27,266,8,11,34,40,65,46,25,24,13,0,40357,55627,19288,191,22639,26452,21010,37989,26111,1153,825,609,398,328,281,46,604,405,366,199,183,16,167,39,7,7,7,32,199,116,80,50,83,-888888888,-888888888,-888888888,-888888888,-888888888,-888888888,-888888888,-888888888,-888888888,-888888888,-888888888,-888888888,-888888888,-888888888,-888888888,-888888888,-888888888,-888888888,-888888888
2012,Coleman County; Texas,7099,3425,3425,3228,197,0,3674,3425,-888888888,3551,1542,1542,1452,649,387,1164,746,3180,2688,283,0,30,16,163,24.4,3228,1021,686,531,508,482,3228,311,290,192,48,083,50,401,297,25,110,64,968,165,196,159,3228,1921,699,600,8,3511,493,304,720,474,414,530,234,233,68,41,30690,45084,2320,47749,1443,15921,721,17703,121,7981,58,2126,615,2406,219,69,449,371,342,457,174,219,68,38,38608,53726,18404,1105,16056,24706,21819,40271,26789,8679,6062,3645,3597,2617,1967,413,4921,3093,2929,1724,1623,181,1205,164,80,37,43,84,1828,923,470,538,905,-888888888,-888888888,-888888888,-888888888,-888888888,-888888888,-888888888,-888888888,-888888888,-888888888,-888888888,-888888888,-888888888,-888888888,-888888888,-888888888,-888888888,-888888888,-888888888
2012,Medina County; Texas,35805,20267,20211,18496,1715,56,15538,20211,-888888888,17443,9537,9537,8608,3349,2251,7941,5444,18265,14722,2527,0,369,214,433,31.2,18496,5904,3673,4269,2718,1932,18496,872,1707,959,48,325,430,2192,1055,182,1385,1573,4788,1238,1018,1097,18496,13511,3583,1399,3,15413,1214,938,1789,1611,1903,2904,2358,1496,865,335,52206,64194,11964,63248,5127,14702,3583,24414,1003,7771,256,2876,2317,12179,640,526,1181,1084,1454,2572,2171,1457,774,320,60974,71777,21786,3234,23516,33433,26466,40604,32043,43396,35360,26801,14816,8036,11778,1532,25620,19160,17595,13638,13196,1203,3957,1565,810,532,400,755,6460,4690,3149,1991,1770,-888888888,-888888888,-888888888,-888888888,-888888888,-888888888,-888888888,-888888888,-888888888,-888888888,-888888888,-888888888,-888888888,-888888888,-888888888,-888888888,-888888888,-888888888,-888888888
2012,Henderson County; Texas,62603,34488,34482,31341,3141,6,28115,34482,-888888888,32440,15441,15441,14110,5315,2839,10981,7425,30501,23268,5366,78,459,171,1159,29.9,31341,8123,5903,7837,4580,4898,31341,1346,3399,3566,48,213,715,4000,1446,512,1902,2214,6538,2549,1681,1473,31341,23486,4259,3577,19,30311,2581,2429,4214,3855,4788,5607,2965,2532,755,585,41100,55191,21299,56251,11733,17117,7171,20240,1736,7892,523,3866,4155,20337,1121,648,2294,2430,3514,4446,2606,2135,597,546,50617,65074,22205,9974,22921,33440,24705,40072,30710,77674,59953,42054,28909,17721,17880,2403,45255,31996,29181,20144,19044,1665,9037,2815,1020,770,276,1795,13259,8874,4986,4665,4385,-888888888,-888888888,-888888888,-888888888,-888888888,-888888888,-888888888,-888888888,-888888888,-888888888,-888888888,-888888888,-888888888,-888888888,-888888888,-888888888,-888888888,-888888888,-888888888
2012,Lamar County; Texas,39051,22878,22812,21224,1588,66,16173,22812,-888888888,20538,10991,10982,10232,3878,2429,7277,5163,20706,17078,2204,5,381,449,589,18.7,21224,5793,3871,5259,2445,3856,21224,591,1747,2968,48,277,384,2695,1284,178,893,1217,5645,1637,1133,852,21224,16443,3046,1716,19,19260,1921,1517,2433,2791,2843,3341,2023,1673,442,276,39630,53176,13885,56121,7010,15488,3754,17101,1419,8147,384,2370,3485,13621,887,774,1410,1715,2142,2768,1772,1517,411,225,49046,60809,21077,5639,22520,32887,25939,41821,29461,48715,38899,27446,18036,9816,12032,1557,28694,21205,19671,14465,13407,1459,5206,1534,701,447,269,833,7489,5347,2728,3226,2142,-888888888,-888888888,-888888888,-888888888,-888888888,-888888888,-888888888,-888888888,-888888888,-888888888,-888888888,-888888888,-888888888,-888888888,-888888888,-888888888,-888888888,-888888888,-888888888
2012,Kimble County; Texas,3828,2328,2328,2206,122,0,1500,2328,-888888888,1923,1121,1121,1044,253,157,512,475,2188,1629,343,0,110,14,92,15.6,2206,673,423,523,428,159,2206,258,263,177,48,267,39,194,156,0,106,97,393,257,152,114,2206,1597,317,282,10,1950,168,156,187,183,357,366,157,204,139,33,46786,61128,1503,53421,811,16929,473,28895,97,6525,18,3928,248,1250,98,61,66,104,256,262,122,173,91,17,53672,67380,26859,700,27679,47798,21488,37738,26667,4487,3620,2685,1802,867,844,71,2538,1963,1852,1249,1154,134,603,111,33,33,0,78,575,473,328,195,102,-888888888,-888888888,-888888888,-888888888,-888888888,-888888888,-888888888,-888888888,-888888888,-888888888,-888888888,-888888888,-888888888,-888888888,-888888888,-888888888,-888888888,-888888888,-888888888
2012,Washington County; Texas,27135,15234,15234,14597,637,0,11901,15234,-888888888,13993,7095,7095,6898,2572,1752,4635,3447,14275,11174,1969,43,323,150,616,20.0,14597,4290,2813,3363,1976,2155,14597,781,1307,1857,48,477,335,1487,521,340,877,1022,3701,821,954,594,14597,10401,3040,1140,16,12279,1037,897,1508,1669,1624,2245,1363,1258,400,278,44162,59135,8647,59012,4392,16706,2048,21796,634,10232,303,2523,1204,8423,432,302,796,1044,1101,1799,1169,1152,367,261,56114,70798,23368,3856,24693,32749,25617,39026,28476,33005,27645,21536,10652,5360,7355,1087,19769,13831,13265,10713,10335,732,2552,566,321,271,67,245,5938,4472,2976,1775,1466,-888888888,-888888888,-888888888,-888888888,-888888888,-888888888,-888888888,-888888888,-888888888,-888888888,-888888888,-888888888,-888888888,-888888888,-888888888,-888888888,-888888888,-888888888,-888888888
2012,Stephens County; Texas,7594,3992,3992,3826,166,0,3602,3992,-888888888,3615,1795,1795,1725,676,340,1401,1057,3767,3044,485,0,76,78,84,14.6,3826,1016,492,1005,699,614,3826,673,325,274,48,429,38,392,203,36,253,194,729,229,306,174,3826,2693,687,446,0,3552,292,297,519,491,509,663,426,239,32,84,38424,51520,2613,51314,1272,17940,496,20353,153,8131,39,2038,422,2586,190,140,316,270,404,603,317,230,32,84,48893,58750,19896,966,21929,28527,22024,37563,24773,8818,6491,4666,2950,2327,2230,515,4909,3635,3494,2337,2253,84,1157,141,64,35,29,77,1274,738,411,376,536,-888888888,-888888888,-888888888,-888888888,-888888888,-888888888,-888888888,-888888888,-888888888,-888888888,-888888888,-888888888,-888888888,-888888888,-888888888,-888888888,-888888888,-888888888,-888888888
2012,Andrews County; Texas,11077,7305,7293,6907,386,12,3772,7293,-888888888,5626,3056,3056,2864,1417,679,2542,1472,6764,5480,916,47,33,137,151,23.5,6907,1573,1102,1460,1771,1001,6907,1648,547,628,48,003,195,427,441,96,140,338,1479,529,301,138,6907,5343,844,695,25,5183,336,303,536,595,597,733,815,714,324,230,55327,81905,4125,86985,1432,14739,630,15500,109,8157,58,1869,570,3904,162,99,361,382,416,599,722,698,244,221,69063,95479,29068,1279,25694,35441,33471,57118,30868,14932,10455,8314,3323,4477,4417,1418,8887,6842,6487,4519,4337,416,1968,355,123,91,32,232,2045,1212,1079,267,833,-888888888,-888888888,-888888888,-888888888,-888888888,-888888888,-888888888,-888888888,-888888888,-888888888,-888888888,-888888888,-888888888,-888888888,-888888888,-888888888,-888888888,-888888888,-888888888
2012,Gonzales County; Texas,15015,9266,9234,8312,922,32,5749,9234,-888888888,7509,4084,4084,3671,1680,868,3531,2388,8234,6219,1234,63,302,72,344,22.3,8312,2166,1190,1768,1637,1551,8312,1361,464,1362,48,177,297,890,389,36,212,370,1603,444,575,309,8312,6415,1029,841,27,6804,549,470,1246,775,1007,1260,651,567,109,170,39115,54192,5160,52218,2515,15801,1038,19435,289,6532,36,2164,929,4933,240,181,993,502,771,914,588,486,109,149,44422,59830,20225,1871,22188,34957,22296,31738,25734,19448,13739,9340,6518,5709,5362,1090,11104,8390,7559,4522,4345,267,3037,831,254,218,95,577,2714,1796,1044,850,918,-888888888,-888888888,-888888888,-888888888,-888888888,-888888888,-888888888,-888888888,-888888888,-888888888,-888888888,-888888888,-888888888,-888888888,-888888888,-888888888,-888888888,-888888888,-888888888
2012,Lynn County; Texas,4540,2832,2832,2686,146,0,1708,2832,-888888888,2235,1321,1321,1227,490,385,988,772,2615,2167,205,0,55,15,173,17.2,2686,751,528,591,472,344,2686,492,175,163,48,305,70,256,208,36,184,115,468,193,149,177,2686,1920,449,314,3,2173,181,146,221,373,270,395,349,192,13,33,45066,53952,1731,50416,813,14449,275,17353,113,5718,20,1185,335,1634,64,73,129,275,263,362,255,167,13,33,50833,59136,20363,539,22321,31524,22323,33750,25154,5812,4210,2973,1974,1602,1571,297,3330,2582,2452,1598,1497,137,854,130,44,32,12,86,748,383,230,206,365,-888888888,-888888888,-888888888,-888888888,-888888888,-888888888,-888888888,-888888888,-888888888,-888888888,-888888888,-888888888,-888888888,-888888888,-888888888,-888888888,-888888888,-888888888,-888888888
2012,Zapata County; Texas,9800,5486,5486,5121,365,0,4314,5486,-888888888,4921,2314,2314,2193,1791,835,2793,1883,4979,4020,629,10,76,32,212,17.6,5121,1056,1442,901,973,749,5121,893,337,141,48,505,29,321,415,22,316,195,1414,175,446,417,5121,3342,1088,691,0,4357,667,546,627,626,409,490,321,508,90,73,28617,48527,3372,51633,1325,12161,464,11616,220,7524,52,1294,1439,3727,456,456,590,445,344,488,281,508,86,73,31700,52374,15857,630,20135,22143,19779,45625,17767,13986,9291,5038,5010,4695,4793,556,7768,5318,4953,2551,2493,102,2402,365,69,57,12,296,2450,1018,458,621,1432,-888888888,-888888888,-888888888,-888888888,-888888888,-888888888,-888888888,-888888888,-888888888,-888888888,-888888888,-888888888,-888888888,-888888888,-888888888,-888888888,-888888888,-888888888,-888888888
2012,Hood County; Texas,41819,24125,24079,22363,1716,46,17694,24079,-888888888,21383,11190,11190,10505,3468,1898,6905,4956,21726,17871,2131,100,379,181,1064,32.5,22363,7898,3568,5259,3089,2549,22363,1639,2332,1606,48,221,506,2735,1502,236,1455,2129,4627,1177,1453,966,22363,16992,2786,2453,132,20631,919,996,1860,2450,3154,4320,2155,2744,1246,787,54902,74460,15138,72371,7768,18626,4687,27114,577,8993,298,1295,1508,14777,540,242,931,1337,2159,3471,1896,2395,1032,774,64491,86103,30599,5854,31979,42197,30521,51066,35497,50570,40681,32813,16892,9889,10775,2093,29107,21980,20418,15372,14679,1071,5046,1562,837,551,335,725,7127,5172,3895,1745,1955,-888888888,-888888888,-888888888,-888888888,-888888888,-888888888,-888888888,-888888888,-888888888,-888888888,-888888888,-888888888,-888888888,-888888888,-888888888,-888888888,-888888888,-888888888,-888888888
2012,King County; Texas,210,152,152,147,5,0,58,152,-888888888,96,62,62,62,0,0,26,26,147,131,0,0,14,0,2,10.1,147,62,31,8,37,9,147,54,18,7,48,269,1,0,0,0,2,0,40,6,0,19,147,68,77,2,0,103,4,4,11,8,20,15,26,7,8,0,63750,65394,85,64504,26,13958,27,13948,0,-666666666,0,-666666666,0,68,4,0,4,0,11,15,19,7,8,0,77500,77531,32356,35,31563,41814,39904,42308,42738,227,191,172,43,36,26,12,160,146,141,129,129,0,12,5,0,0,0,5,14,7,5,2,7,-888888888,-888888888,-888888888,-888888888,-888888888,-888888888,-888888888,-888888888,-888888888,-888888888,-888888888,-888888888,-888888888,-888888888,-888888888,-888888888,-888888888,-888888888,-888888888
2012,Cherokee County; Texas,38869,20893,20893,19527,1366,0,17976,20893,-888888888,19027,9693,9693,9095,4032,2484,8180,5579,19200,16234,1820,11,341,289,505,23.3,19527,4574,4419,4124,2856,3554,19527,1493,1302,2231,48,073,512,2412,1010,292,801,1501,4507,997,1118,1351,19527,14367,3681,1450,29,17273,1977,1446,2518,2249,2448,2890,1805,1403,304,233,37508,50715,12648,51472,6513,14969,2968,19597,754,7777,283,2883,2737,12445,959,636,1578,1550,1959,2420,1609,1236,285,213,47391,58464,18121,4828,20193,29310,23084,36272,26122,48430,36810,25327,16928,11620,13065,2338,28215,19643,18403,12716,12105,954,5687,1240,526,425,114,714,8572,5706,3315,2918,2866,-888888888,-888888888,-888888888,-888888888,-888888888,-888888888,-888888888,-888888888,-888888888,-888888888,-888888888,-888888888,-888888888,-888888888,-888888888,-888888888,-888888888,-888888888,-888888888
2012,Delta County; Texas,4186,2303,2303,2088,215,0,1883,2303,-888888888,2151,1062,1062,955,307,204,782,566,2064,1522,330,0,47,5,160,28.1,2088,535,399,360,255,539,2088,127,160,476,48,119,13,110,163,0,94,116,556,107,57,109,2088,1473,423,187,5,1955,174,159,321,195,249,308,361,164,10,14,41406,51483,1344,53740,833,16832,516,17362,126,8185,14,2150,277,1321,64,56,180,111,196,279,269,144,10,12,55402,59759,20303,634,22273,33223,26291,40361,29351,5149,4056,2850,1865,1093,1211,243,2949,2149,1963,1449,1406,74,514,186,69,41,28,117,800,581,294,319,219,-888888888,-888888888,-888888888,-888888888,-888888888,-888888888,-888888888,-888888888,-888888888,-888888888,-888888888,-888888888,-888888888,-888888888,-888888888,-888888888,-888888888,-888888888,-888888888
2012,Jones County; Texas,16946,6011,5999,5556,443,12,10935,5999,-888888888,6183,3282,3282,3079,1091,575,2499,1796,5439,4286,776,0,126,118,133,24.7,5556,1553,1161,1293,958,591,5556,760,494,253,48,253,73,591,325,34,251,141,1666,225,360,383,5556,3862,1024,663,7,5566,434,399,929,745,926,966,585,370,142,70,38896,51287,4081,51487,2297,14613,958,15753,342,9432,112,8510,641,3663,193,152,393,391,658,832,509,364,117,54,51294,61424,14339,1903,21623,30564,20323,37927,26262,13527,10838,7826,4829,2689,3704,566,7313,5321,4944,3670,3534,179,1274,377,132,107,43,245,1992,1388,690,819,604,-888888888,-888888888,-888888888,-888888888,-888888888,-888888888,-888888888,-888888888,-888888888,-888888888,-888888888,-888888888,-888888888,-888888888,-888888888,-888888888,-888888888,-888888888,-888888888
2012,Jim Wells County; Texas,30589,18457,18414,17100,1314,43,12132,18414,-888888888,15530,8318,8318,7801,3725,1955,7257,5231,16731,13800,1991,22,283,313,322,23.9,17100,4541,3529,3918,3110,2002,17100,2690,827,948,48,249,499,1530,810,155,763,1085,4403,1534,1062,794,17100,13363,2694,1025,18,13515,1378,1239,1745,1427,1952,2474,1055,1459,537,249,40723,56952,10482,60158,4446,14874,1820,16525,1456,6871,59,1207,2741,10030,610,834,1048,1307,1342,1959,911,1283,515,221,47632,63913,19818,3485,21443,32801,24756,44740,28237,40393,31147,20695,13820,9246,11793,1588,23469,17238,16043,11083,10464,1004,4960,1195,494,322,246,701,6231,4263,2225,2377,1968,-888888888,-888888888,-888888888,-888888888,-888888888,-888888888,-888888888,-888888888,-888888888,-888888888,-888888888,-888888888,-888888888,-888888888,-888888888,-888888888,-888888888,-888888888,-888888888
2012,Dallam County; Texas,4861,3662,3662,3552,110,0,1199,3662,-888888888,2363,1539,1539,1473,795,492,1101,805,3515,2240,551,0,144,341,239,16.6,3552,855,630,570,650,847,3552,474,315,291,48,111,235,358,349,69,72,138,561,337,190,163,3552,2643,460,364,85,2339,73,108,406,362,375,557,220,156,29,53,42781,54957,2128,53256,424,16567,169,16202,122,7386,45,1418,206,1648,81,64,95,302,293,413,180,138,29,53,49402,61286,20120,691,24308,34719,23576,35211,24401,6680,5070,3745,1993,1610,2081,388,4060,3349,3263,2398,2015,526,865,86,44,44,0,42,711,407,289,159,304,-888888888,-888888888,-888888888,-888888888,-888888888,-888888888,-888888888,-888888888,-888888888,-888888888,-888888888,-888888888,-888888888,-888888888,-888888888,-888888888,-888888888,-888888888,-888888888
2012,Fort Bend County; Texas,435379,296376,296102,280214,15888,274,139003,296102,-888888888,224693,136974,136965,129640,51459,32833,114797,78451,276406,227218,28428,4840,1707,2590,11623,30.2,280214,130695,35285,72347,19110,22777,280214,13459,17281,26308,48,157,11074,31193,13678,4480,19923,37012,65758,16551,13227,10270,280214,224776,38086,16999,353,184182,6158,4644,10319,12775,18304,30559,25650,37307,18886,19580,84211,104570,166640,103965,31286,17070,19334,25369,4658,10066,1949,5662,10717,153442,3476,2985,6817,9650,13421,24481,22143,34058,17765,18646,92709,112893,33343,30740,44447,57120,41389,61841,45634,581803,479230,421946,87722,102573,172105,19786,365875,282929,268163,219279,216465,6036,48884,14766,7660,6690,1223,7106,82946,58252,49616,11013,24694,-888888888,-888888888,-888888888,-888888888,-888888888,-888888888,-888888888,-888888888,-888888888,-888888888,-888888888,-888888888,-888888888,-888888888,-888888888,-888888888,-888888888,-888888888,-888888888
2012,Irion County; Texas,1206,849,849,813,36,0,357,849,-888888888,624,400,400,388,91,56,310,234,784,580,86,2,32,25,59,23.2,813,256,121,144,133,159,813,199,51,57,48,235,16,51,47,0,49,40,125,80,30,68,813,487,144,141,41,587,19,23,87,52,119,91,94,67,9,26,48646,69289,466,72353,171,18292,94,17894,6,6433,6,2217,35,451,10,0,52,33,99,86,76,63,9,23,57708,77501,26161,136,23750,40667,23833,48472,26875,1596,1224,1011,406,372,425,101,959,772,741,523,509,40,218,31,19,19,0,12,187,152,122,48,35,-888888888,-888888888,-888888888,-888888888,-888888888,-888888888,-888888888,-888888888,-888888888,-888888888,-888888888,-888888888,-888888888,-888888888,-888888888,-888888888,-888888888,-888888888,-888888888
2012,Willacy County; Texas,16828,6052,6052,5557,495,0,10776,6052,-888888888,7557,2735,2735,2569,1816,641,3756,2034,5540,5041,357,0,27,75,40,18.2,5557,1243,1694,1447,594,579,5557,421,145,244,48,489,42,783,389,112,124,300,1638,167,132,1060,5557,3241,1988,325,3,5382,1299,567,739,656,626,759,285,332,73,46,26369,39937,3169,50761,1939,11351,651,22323,668,7437,161,3678,1896,4226,734,401,614,538,594,674,279,282,73,37,32210,44760,11895,1156,10083,20407,21727,31127,23465,19853,12937,6108,7777,6916,5901,1426,11357,5751,5265,3256,3045,319,2009,486,79,40,62,407,5606,2561,984,1685,3045,-888888888,-888888888,-888888888,-888888888,-888888888,-888888888,-888888888,-888888888,-888888888,-888888888,-888888888,-888888888,-888888888,-888888888,-888888888,-888888888,-888888888,-888888888,-888888888
2012,Dawson County; Texas,10880,5211,5211,4838,373,0,5669,5211,-888888888,4436,2272,2272,2134,1212,861,1919,1439,4764,3964,533,0,47,101,119,14.0,4838,1067,1008,1269,876,618,4838,692,305,286,48,115,118,593,206,157,179,132,1040,264,316,550,4838,3194,1130,504,10,4382,432,372,712,474,515,922,468,356,41,90,40152,52468,3141,55007,1554,14472,364,29405,303,10683,38,1621,575,2992,153,209,348,334,304,790,398,336,40,80,52885,62090,17115,1390,20147,28464,26049,42750,26178,11486,8742,5852,3930,2744,3224,531,6342,4730,4487,3047,2961,152,1440,243,153,118,43,90,1612,966,433,625,646,-888888888,-888888888,-888888888,-888888888,-888888888,-888888888,-888888888,-888888888,-888888888,-888888888,-888888888,-888888888,-888888888,-888888888,-888888888,-888888888,-888888888,-888888888,-888888888
2012,Burleson County; Texas,13512,7746,7735,7261,474,11,5766,7735,-888888888,6917,3547,3547,3319,1186,638,2547,1582,7050,5781,934,0,51,96,188,28.4,7261,1898,1129,1843,1247,1144,7261,691,740,785,48,051,83,929,390,91,260,424,1642,571,389,266,7261,5248,1558,439,16,6293,595,434,823,579,973,1254,833,612,104,86,43976,55065,4647,56222,2386,15589,1073,19570,411,9925,247,3298,983,4488,183,229,484,404,669,1065,725,564,110,55,56633,63500,21339,1805,22181,31387,28428,40884,30508,16907,14252,11033,5797,2655,4053,380,9873,7078,6637,5345,5096,374,1292,441,266,193,86,175,2795,2078,1387,874,717,-888888888,-888888888,-888888888,-888888888,-888888888,-888888888,-888888888,-888888888,-888888888,-888888888,-888888888,-888888888,-888888888,-888888888,-888888888,-888888888,-888888888,-888888888,-888888888
2012,Nueces County; Texas,262679,168586,166331,153000,13331,2255,94093,166331,-888888888,135405,77870,77530,70960,27325,17049,55654,38881,151783,119118,17400,2886,2948,5123,4308,19.4,153000,45445,31907,37694,20435,17519,153000,4990,12471,10448,48,355,3770,18265,7777,2589,8133,12439,37887,16186,8411,9634,153000,115818,26417,10530,235,122305,10767,7506,14270,14916,17236,22592,13295,13954,4325,3444,46499,63269,98656,63192,34684,14124,19475,22977,7527,8008,2179,2397,20560,83017,5435,3024,8525,9556,11424,16274,10653,11389,3795,2942,54342,71663,23660,39288,29764,42126,25605,43914,30988,335639,263592,183371,111371,72047,87905,9634,207682,156892,144653,104026,97548,10485,40627,12239,5446,3341,2368,6793,50790,36222,20352,18643,14568,-888888888,-888888888,-888888888,-888888888,-888888888,-888888888,-888888888,-888888888,-888888888,-888888888,-888888888,-888888888,-888888888,-888888888,-888888888,-888888888,-888888888,-888888888,-888888888
2012,Rains County; Texas,8937,5154,5154,4663,491,0,3783,5154,-888888888,4462,2399,2399,2233,663,552,1538,1207,4632,3532,582,40,23,121,334,33.6,4663,1248,689,1187,846,693,4663,123,604,625,48,379,75,609,282,49,263,404,935,270,199,225,4663,3273,835,551,4,4256,295,247,550,492,734,916,423,509,75,15,45099,53712,2971,53982,2044,17855,928,18139,157,10125,43,3444,334,3046,76,57,269,386,538,875,363,425,48,9,55179,60733,21664,1210,21406,32197,25099,36468,27382,10876,8379,6069,4192,2497,2380,385,6260,4681,4313,2838,2681,309,1475,368,151,83,74,217,1579,1159,620,759,420,-888888888,-888888888,-888888888,-888888888,-888888888,-888888888,-888888888,-888888888,-888888888,-888888888,-888888888,-888888888,-888888888,-888888888,-888888888,-888888888,-888888888,-888888888,-888888888
2012,Real County; Texas,2810,1222,1222,1084,138,0,1588,1222,-888888888,1364,513,513,446,110,43,323,262,1064,669,130,0,49,43,173,26.5,1084,418,202,186,186,92,1084,124,174,46,48,385,0,80,43,22,53,79,216,125,62,60,1084,620,239,225,0,1218,114,72,285,203,167,186,92,89,5,5,31713,43131,705,37207,665,16204,366,24472,62,4687,0,-666666666,137,923,31,48,218,147,140,171,92,71,5,0,36620,45997,18240,295,23160,32457,17280,32614,21731,3248,2378,1399,1586,870,642,132,1574,1038,904,454,440,33,450,134,44,15,29,90,536,342,212,146,194,-888888888,-888888888,-888888888,-888888888,-888888888,-888888888,-888888888,-888888888,-888888888,-888888888,-888888888,-888888888,-888888888,-888888888,-888888888,-888888888,-888888888,-888888888,-888888888
2012,Sterling County; Texas,1018,593,593,593,0,0,425,593,-888888888,500,243,243,243,101,23,172,106,577,409,42,0,14,17,95,18.1,593,192,90,98,179,34,593,220,39,25,48,431,12,40,23,5,41,17,118,6,15,32,593,428,109,56,0,464,34,42,58,62,57,106,33,55,9,8,44239,56283,375,53613,140,14549,35,21531,17,7953,10,410,19,372,34,5,24,48,53,103,33,55,9,8,53690,64981,22091,92,17500,19391,22286,46042,21250,1189,926,742,278,263,276,68,764,543,543,425,403,36,118,0,0,0,0,0,221,144,114,33,77,-888888888,-888888888,-888888888,-888888888,-888888888,-888888888,-888888888,-888888888,-888888888,-888888888,-888888888,-888888888,-888888888,-888888888,-888888888,-888888888,-888888888,-888888888,-888888888
2012,Carson County; Texas,4874,3013,3013,2952,61,0,1861,3013,-888888888,2513,1334,1334,1311,384,237,1149,856,2921,2474,231,0,58,50,108,19.6,2952,939,295,701,518,499,2952,384,284,387,48,065,51,366,188,25,168,160,563,63,200,113,2952,2034,560,358,0,2337,80,104,258,248,286,484,471,282,72,52,60813,66984,1803,70426,747,16946,396,21699,50,8008,22,3214,71,1810,32,37,146,174,178,451,400,268,75,49,69949,75305,25990,527,27094,35876,33695,52706,31297,6146,5301,4576,1520,845,1583,205,3572,2789,2733,2323,2288,99,410,56,36,24,12,20,783,573,414,230,210,-888888888,-888888888,-888888888,-888888888,-888888888,-888888888,-888888888,-888888888,-888888888,-888888888,-888888888,-888888888,-888888888,-888888888,-888888888,-888888888,-888888888,-888888888,-888888888
2012,Freestone County; Texas,15521,8142,8123,7653,470,19,7379,8123,-888888888,7256,3638,3638,3436,1521,908,2877,2152,7376,6303,773,37,41,58,164,24.8,7653,2378,1525,1367,1387,996,7653,1205,707,496,48,161,91,621,539,39,258,475,1907,437,473,405,7653,5354,1558,713,28,7028,410,522,1099,789,1013,1316,890,635,216,138,45510,59770,5057,59553,2908,17314,1499,22121,252,8003,99,2397,848,4678,96,227,584,504,651,1007,739,562,202,106,55316,69812,22295,2350,24972,38344,25718,46275,26851,18116,14378,11557,5518,3738,4592,688,10369,7466,7025,5194,5109,256,1831,441,167,139,41,274,2903,2037,1420,828,866,-888888888,-888888888,-888888888,-888888888,-888888888,-888888888,-888888888,-888888888,-888888888,-888888888,-888888888,-888888888,-888888888,-888888888,-888888888,-888888888,-888888888,-888888888,-888888888
2012,Hardeman County; Texas,3255,1846,1846,1632,214,0,1409,1846,-888888888,1673,914,914,802,274,210,585,484,1587,1188,183,39,43,70,64,17.7,1632,521,316,311,213,271,1632,146,31,188,48,197,75,161,75,8,89,56,512,104,62,125,1632,940,501,191,0,1740,158,256,256,187,242,346,164,105,24,2,35332,43460,1249,41988,673,14592,329,18850,139,10374,41,688,253,1181,137,131,176,67,177,243,138,88,24,0,37995,47224,19025,559,28504,33249,22252,34375,23567,4072,3447,2252,1810,625,987,134,2306,1711,1497,1183,1180,43,314,214,127,16,111,87,595,505,195,340,90,-888888888,-888888888,-888888888,-888888888,-888888888,-888888888,-888888888,-888888888,-888888888,-888888888,-888888888,-888888888,-888888888,-888888888,-888888888,-888888888,-888888888,-888888888,-888888888
2012,Briscoe County; Texas,1356,747,747,723,24,0,609,747,-888888888,646,276,276,252,159,109,207,133,721,567,90,0,13,1,50,19.1,723,255,93,110,185,80,723,178,88,48,48,045,19,54,27,9,25,13,122,47,37,56,723,421,157,137,8,657,49,59,90,130,84,112,70,57,2,4,35078,48560,448,50534,289,16327,122,17398,31,8048,4,1550,39,441,19,21,52,81,47,88,70,57,2,4,50074,58507,20099,216,22500,27035,25699,27165,30650,1674,1137,870,566,537,372,102,927,659,641,396,379,20,245,18,9,0,9,9,268,87,43,58,181,-888888888,-888888888,-888888888,-888888888,-888888888,-888888888,-888888888,-888888888,-888888888,-888888888,-888888888,-888888888,-888888888,-888888888,-888888888,-888888888,-888888888,-888888888,-888888888
2012,Liberty County; Texas,58850,32985,32966,29067,3899,19,25865,32966,-888888888,30173,14268,14268,12479,6247,3255,12114,7789,28174,22629,4593,0,397,356,199,34.1,29067,6176,4713,7131,5455,5592,29067,1435,3947,4028,48,291,407,3810,2191,152,1297,1869,5274,1465,1728,1464,29067,22077,4667,2299,24,24461,1785,1552,3316,2736,3179,4553,2903,3340,660,437,48408,60377,19083,62614,7688,15710,3358,16178,1293,8879,542,1550,4115,18169,1046,593,1934,1790,2540,3782,2498,3039,573,374,57206,67706,20114,6292,21719,34756,28211,48568,31107,69891,52859,37873,21442,17032,19361,2512,42341,30922,27325,19424,18613,1430,7901,3597,1039,751,304,2558,11419,7417,4388,3660,4002,-888888888,-888888888,-888888888,-888888888,-888888888,-888888888,-888888888,-888888888,-888888888,-888888888,-888888888,-888888888,-888888888,-888888888,-888888888,-888888888,-888888888,-888888888,-888888888
2012,Loving County; Texas,85,71,71,65,6,0,14,71,-888888888,20,12,12,12,0,0,0,0,65,46,4,0,0,0,15,28.1,65,10,8,33,7,7,65,10,10,0,48,301,0,0,0,0,0,0,3,27,7,8,65,49,13,3,0,35,0,5,9,2,2,10,3,4,0,0,39375,51017,26,60012,9,14789,0,-666666666,0,-666666666,0,-666666666,5,15,0,0,2,0,0,10,0,3,0,0,65893,74800,33315,20,18750,33185,42670,43011,41429,85,65,54,33,20,0,0,80,71,65,54,54,22,11,6,0,0,0,6,9,6,0,6,3,-888888888,-888888888,-888888888,-888888888,-888888888,-888888888,-888888888,-888888888,-888888888,-888888888,-888888888,-888888888,-888888888,-888888888,-888888888,-888888888,-888888888,-888888888,-888888888
2012,Robertson County; Texas,12865,7338,7325,6659,666,13,5527,7325,-888888888,6620,3416,3416,3143,1286,1009,2578,1709,6403,4697,880,0,250,326,250,26.4,6659,1926,1386,1527,962,858,6659,620,714,294,48,395,59,651,496,63,304,407,1671,653,303,424,6659,4429,1460,753,17,5989,640,538,923,537,881,902,716,444,131,277,40711,59157,4217,56304,2300,14642,1167,29139,438,7230,340,2042,1215,4290,378,236,552,353,724,732,571,393,124,227,47975,67481,22243,1699,19728,36747,24834,43692,30907,16349,13429,9241,6572,2920,4238,528,9348,6820,6178,4912,4503,725,1266,642,257,162,95,385,2528,1828,1067,1013,700,-888888888,-888888888,-888888888,-888888888,-888888888,-888888888,-888888888,-888888888,-888888888,-888888888,-888888888,-888888888,-888888888,-888888888,-888888888,-888888888,-888888888,-888888888,-888888888
2012,Rusk County; Texas,42221,22917,22917,21659,1258,0,19304,22917,-888888888,19707,10465,10465,9916,3982,2096,7761,5137,21057,18731,1152,41,254,274,605,24.3,21659,5614,3864,4858,3622,3701,21659,2368,1631,2265,48,401,734,2272,1245,223,839,1350,4825,1585,1220,1102,21659,16635,3377,1622,25,18060,1319,1274,2258,1983,2842,3524,2150,1728,461,521,46220,60835,13719,63341,6012,15449,2936,17472,823,8837,258,2824,1601,12811,631,379,1218,1391,1998,2805,1944,1652,379,414,56224,69768,21696,5249,22085,36072,26267,44552,30288,48273,37792,28286,14563,10481,12327,2098,28582,21360,20186,14988,14530,749,5198,1174,526,360,209,648,7222,4709,3221,1942,2513,-888888888,-888888888,-888888888,-888888888,-888888888,-888888888,-888888888,-888888888,-888888888,-888888888,-888888888,-888888888,-888888888,-888888888,-888888888,-888888888,-888888888,-888888888,-888888888
2012,Trinity County; Texas,11589,5172,5166,4768,398,6,6417,5166,-888888888,6108,2474,2474,2225,894,517,2057,1211,4677,3837,388,0,45,89,318,34.0,4768,1130,1020,1005,866,747,4768,510,275,342,48,455,75,579,332,53,185,192,890,415,221,699,4768,3010,1211,488,59,4707,472,308,713,728,875,680,404,391,79,57,37223,49707,2663,55293,2392,15950,1547,22118,307,7661,104,1466,411,3175,170,119,383,388,661,622,369,345,79,39,46662,58413,19243,1532,21921,30239,26595,33592,27486,14341,11320,8335,5340,3021,3208,640,7885,4858,4472,3222,3118,160,1250,386,28,0,28,358,3027,2309,1412,1167,718,-888888888,-888888888,-888888888,-888888888,-888888888,-888888888,-888888888,-888888888,-888888888,-888888888,-888888888,-888888888,-888888888,-888888888,-888888888,-888888888,-888888888,-888888888,-888888888
2012,Bandera County; Texas,16969,9248,9248,8588,660,0,7721,9248,-888888888,8622,4221,4221,3973,914,349,2772,1874,8372,6919,730,39,244,53,387,36.4,8588,3252,1699,1779,1262,596,8588,451,1028,349,48,019,112,865,222,73,664,872,2052,574,615,711,8588,6026,1634,908,20,8495,697,474,836,987,1416,1791,913,911,278,192,47927,59206,6049,54701,3528,17027,2546,27175,235,8537,162,3026,935,5895,107,231,415,635,955,1476,819,864,227,166,59797,70195,24783,2600,24291,32582,25446,38084,38138,20329,16252,12354,7375,4077,3973,541,12247,8418,7825,5906,5440,642,1919,593,233,180,53,360,3829,2576,1837,1087,1253,-888888888,-888888888,-888888888,-888888888,-888888888,-888888888,-888888888,-888888888,-888888888,-888888888,-888888888,-888888888,-888888888,-888888888,-888888888,-888888888,-888888888,-888888888,-888888888
2012,Childress County; Texas,5834,3065,3065,2944,121,0,2769,3065,-888888888,2197,1508,1508,1480,264,250,928,776,2904,2215,487,0,21,15,166,12.9,2944,796,1001,719,262,166,2944,156,192,95,48,075,31,322,71,9,70,146,931,309,145,467,2944,1603,1029,307,5,2431,220,187,291,273,367,358,318,296,45,76,44455,58715,1863,60200,703,16281,303,21462,40,6788,120,9613,192,1698,135,40,179,150,245,341,234,253,45,76,54535,68277,19587,733,25260,33698,25611,33596,27479,5505,4522,3700,1754,983,1335,179,3262,2824,2703,2104,2057,204,599,121,78,44,34,43,438,276,175,101,162,-888888888,-888888888,-888888888,-888888888,-888888888,-888888888,-888888888,-888888888,-888888888,-888888888,-888888888,-888888888,-888888888,-888888888,-888888888,-888888888,-888888888,-888888888,-888888888
2012,Comal County; Texas,86462,54638,54328,50923,3405,310,31824,54328,-888888888,44586,25078,25025,23376,7006,4140,17169,12111,50136,39270,6067,47,606,854,3292,29.0,50923,18958,7932,13596,5381,5056,50923,789,4657,4208,48,091,1604,6931,2284,1277,3790,5556,10672,4634,2178,2343,50923,38540,7512,4809,62,41112,1848,1708,3389,4277,5177,7105,5450,6821,2716,2621,63480,85620,32332,81330,13411,17561,9428,32156,1273,8759,368,3257,2743,30902,903,682,2000,2511,3340,5743,4705,6024,2612,2382,76326,97416,32736,10210,32629,46608,31243,51993,37708,107836,90954,77298,28847,16882,25622,2864,65719,50750,47778,38564,37482,2242,9214,2972,1585,1226,451,1387,14969,11696,9658,3310,3273,-888888888,-888888888,-888888888,-888888888,-888888888,-888888888,-888888888,-888888888,-888888888,-888888888,-888888888,-888888888,-888888888,-888888888,-888888888,-888888888,-888888888,-888888888,-888888888
2012,Houston County; Texas,19298,9443,9433,8751,682,10,9855,9433,-888888888,8859,4248,4248,3963,1323,872,2831,2033,8431,5933,1530,4,289,157,518,23.8,8751,2209,2063,1926,1377,1176,8751,762,802,612,48,225,220,1067,545,49,422,345,2050,590,445,842,8751,5493,2133,1016,109,7883,955,766,1408,1078,1002,1103,770,462,178,161,32859,51914,5226,54163,3466,15171,1618,23272,633,7382,69,2613,1482,5240,259,224,910,679,783,932,717,423,174,139,44020,63453,19654,2643,15680,28143,22007,32145,27349,21461,16654,11032,8822,4807,4673,769,12517,8500,7873,5378,5071,432,2495,627,318,261,102,309,4017,2795,1207,1956,1222,-888888888,-888888888,-888888888,-888888888,-888888888,-888888888,-888888888,-888888888,-888888888,-888888888,-888888888,-888888888,-888888888,-888888888,-888888888,-888888888,-888888888,-888888888,-888888888
2012,Navarro County; Texas,36271,22945,22907,20987,1920,38,13326,22907,-888888888,18708,10845,10845,9962,4109,3020,7805,5628,20411,16253,2930,13,284,233,698,23.8,20987,5301,3608,5120,2749,4209,20987,759,1721,3139,48,349,624,2709,1416,204,771,1603,4578,1154,1146,1163,20987,15842,3556,1559,30,17441,1680,1177,2314,2073,2777,3438,1719,1529,300,434,41511,55544,13735,53788,5885,16043,2999,20823,1021,9145,217,1644,2666,12354,978,360,1516,1316,1958,2589,1511,1433,298,395,50851,63944,20630,5087,25524,32687,23147,35442,29455,47037,36331,25766,15714,10706,12766,2021,27642,21205,19388,14131,13374,1038,5257,1817,495,316,221,1322,6437,4373,2428,2295,2064,-888888888,-888888888,-888888888,-888888888,-888888888,-888888888,-888888888,-888888888,-888888888,-888888888,-888888888,-888888888,-888888888,-888888888,-888888888,-888888888,-888888888,-888888888,-888888888
2012,Scurry County; Texas,13121,7498,7498,7182,316,0,5623,7498,-888888888,6056,3166,3166,3028,1386,780,2620,1608,7119,5979,791,24,82,154,89,15.4,7182,1951,1429,1303,1657,842,7182,1325,696,270,48,415,211,620,243,88,268,211,1498,739,592,421,7182,5236,1293,591,62,6148,526,314,884,608,996,976,791,707,166,180,46340,63671,4994,62500,1788,15442,774,23290,287,8034,133,1623,887,4644,183,126,531,467,742,868,718,675,166,168,57689,74170,22926,1504,20243,29736,28681,47237,31371,15301,12530,9634,4827,2771,4209,467,8851,6931,6653,5064,4836,412,1589,278,125,60,65,153,1920,1370,953,510,550,-888888888,-888888888,-888888888,-888888888,-888888888,-888888888,-888888888,-888888888,-888888888,-888888888,-888888888,-888888888,-888888888,-888888888,-888888888,-888888888,-888888888,-888888888,-888888888
2012,Stonewall County; Texas,1138,701,701,655,46,0,437,701,-888888888,520,276,276,264,87,63,233,229,631,492,75,0,27,11,26,19.2,655,286,103,110,85,71,655,161,64,11,48,433,20,59,19,0,61,20,149,27,24,40,655,295,155,201,4,615,54,46,63,32,93,136,84,63,13,31,52917,65377,460,64570,222,15380,115,17423,26,6281,0,-666666666,36,440,37,21,27,13,74,102,84,42,13,27,57016,72616,27670,175,26458,46220,30658,51985,36071,1393,1133,866,494,260,353,61,738,609,574,432,423,9,142,35,26,0,26,9,129,81,67,30,48,-888888888,-888888888,-888888888,-888888888,-888888888,-888888888,-888888888,-888888888,-888888888,-888888888,-888888888,-888888888,-888888888,-888888888,-888888888,-888888888,-888888888,-888888888,-888888888
2012,Bastrop County; Texas,56528,36143,36033,33244,2789,110,20385,36033,-888888888,27632,16588,16523,15483,5512,3227,12591,9042,32649,25164,5078,123,627,470,1187,33.1,33244,9949,4919,8878,5449,4049,33244,577,4039,3578,48,021,648,3767,2214,519,1791,3073,5908,2679,1438,3013,33244,23475,7075,2525,169,25471,1546,1228,3051,2486,3747,5151,3148,3624,837,653,52516,66092,20448,65236,7020,17669,5257,23513,902,7717,552,2698,2971,18756,712,510,1636,1642,2764,4060,2898,3207,717,610,62760,75220,23940,6715,28308,38008,29501,40810,35435,71765,56622,43672,20846,15143,19247,2803,44159,34195,31551,24568,23428,1913,6983,2644,817,713,115,1827,9964,6434,4386,2931,3530,-888888888,-888888888,-888888888,-888888888,-888888888,-888888888,-888888888,-888888888,-888888888,-888888888,-888888888,-888888888,-888888888,-888888888,-888888888,-888888888,-888888888,-888888888,-888888888
2012,Bee County; Texas,26046,10835,10811,9796,1015,24,15211,10811,-888888888,9685,5081,5081,4552,2034,1371,4363,2806,9488,7316,1381,54,267,168,302,23.9,9796,2089,3024,1901,1502,1280,9796,1059,525,336,48,025,121,1179,436,143,293,392,2124,569,783,1836,9796,6119,2909,687,81,8681,1015,875,975,927,1520,1637,730,563,176,263,40707,53532,6363,54160,2909,13089,1640,21881,493,8471,63,841,1267,5920,531,367,602,733,866,1366,657,440,176,182,48515,59640,15701,2761,22720,36062,21636,35665,28405,24113,19292,13937,8343,4821,6788,461,14068,10237,9239,6784,6463,587,2455,998,294,206,92,704,3831,2669,1620,1398,1162,-888888888,-888888888,-888888888,-888888888,-888888888,-888888888,-888888888,-888888888,-888888888,-888888888,-888888888,-888888888,-888888888,-888888888,-888888888,-888888888,-888888888,-888888888,-888888888
2012,Crane County; Texas,3237,1859,1859,1702,157,0,1378,1859,-888888888,1642,743,743,659,346,112,842,382,1664,1287,299,0,29,21,28,21.9,1702,380,291,345,256,430,1702,428,91,86,48,103,80,112,177,5,38,71,393,90,98,33,1702,1251,290,161,0,1551,99,100,189,141,247,326,218,170,36,25,49974,61556,1230,62657,404,14891,230,21143,96,7050,18,3428,154,1225,95,46,170,92,126,282,188,165,36,25,55802,67003,21930,326,35250,37224,27202,52943,21959,4254,3355,2550,1153,899,1245,155,2514,1738,1591,1210,1181,73,381,147,44,34,10,103,776,521,395,165,255,-888888888,-888888888,-888888888,-888888888,-888888888,-888888888,-888888888,-888888888,-888888888,-888888888,-888888888,-888888888,-888888888,-888888888,-888888888,-888888888,-888888888,-888888888,-888888888
