year,county_name,employment_status_population_16_years_and_over,employment_status_in_labor_force,employment_status_in_labor_force_civilian_labor_fo,employment_status_in_labor_force_civilian_labor_fo,employment_status_in_labor_force_civilian_labor_fo,employment_status_in_labor_force_armed_forces,employment_status_not_in_labor_force,employment_status_civilian_labor_force,employment_status_percent_unemployed,employment_status_females_16_years_and_over,employment_status_in_labor_force,employment_status_in_labor_force_civilian_labor_fo,employment_status_in_labor_force_civilian_labor_fo,employment_status_own_children_under_6_years,employment_status_all_parents_in_family_in_labor_f,employment_status_own_children_6_to_17_years,employment_status_all_parents_in_family_in_labor_f,commuting_to_work_workers_16_years_and_over,commuting_to_work_car_truck_or_van____drove_alone,commuting_to_work_car_truck_or_van____carpooled,commuting_to_work_public_transportation_excluding_,commuting_to_work_walked,commuting_to_work_other_means,commuting_to_work_worked_at_home,commuting_to_work_mean_travel_time_to_work_minutes,occupation_civilian_employed_population_16_years_a,occupation_management_business_science_and_arts_oc,occupation_service_occupations,occupation_sales_and_office_occupations,occupation_natural_resources_construction_and_main,occupation_production_transportation_and_material_,industry_civilian_employed_population_16_years_and,industry_agriculture_forestry_fishing_and_hunting_,industry_construction,industry_manufacturing,state_fips,county_fips,industry_wholesale_trade,industry_retail_trade,industry_transportation_and_warehousing_and_utilit,industry_information,industry_finance_and_insurance_and_real_estate_and,industry_professional_scientific_and_management_an,industry_educational_services_and_health_care_and_,industry_arts_entertainment_and_recreation_and_acc,industry_other_services_except_public_administrati,industry_public_administration,class_of_worker_civilian_employed_population_16_ye,class_of_worker_private_wage_and_salary_workers,class_of_worker_government_workers,class_of_worker_self_employed_in_own_not_incorpora,class_of_worker_unpaid_family_workers,income_and_benefits_in_2011_inflation_adjusted_dol,income_and_benefits_in_2011_inflation_adjusted_dol,income_and_benefits_in_2011_inflation_adjusted_dol,income_and_benefits_in_2011_inflation_adjusted_dol,income_and_benefits_in_2011_inflation_adjusted_dol,income_and_benefits_in_2011_inflation_adjusted_dol,income_and_benefits_in_2011_inflation_adjusted_dol,income_and_benefits_in_2011_inflation_adjusted_dol,income_and_benefits_in_2011_inflation_adjusted_dol,income_and_benefits_in_2011_inflation_adjusted_dol,income_and_benefits_in_2011_inflation_adjusted_dol,income_and_benefits_in_2011_inflation_adjusted_dol,income_and_benefits_in_2011_inflation_adjusted_dol,income_and_benefits_in_2011_inflation_adjusted_dol,income_and_benefits_in_2011_inflation_adjusted_dol,income_and_benefits_in_2011_inflation_adjusted_dol,income_and_benefits_in_2011_inflation_adjusted_dol,income_and_benefits_in_2011_inflation_adjusted_dol,income_and_benefits_in_2011_inflation_adjusted_dol,income_and_benefits_in_2011_inflation_adjusted_dol,income_and_benefits_in_2011_inflation_adjusted_dol,income_and_benefits_in_2011_inflation_adjusted_dol,income_and_benefits_in_2011_inflation_adjusted_dol,income_and_benefits_in_2011_inflation_adjusted_dol,income_and_benefits_in_2011_inflation_adjusted_dol,income_and_benefits_in_2011_inflation_adjusted_dol,income_and_benefits_in_2011_inflation_adjusted_dol,income_and_benefits_in_2011_inflation_adjusted_dol,income_and_benefits_in_2011_inflation_adjusted_dol,income_and_benefits_in_2011_inflation_adjusted_dol,income_and_benefits_in_2011_inflation_adjusted_dol,income_and_benefits_in_2011_inflation_adjusted_dol,income_and_benefits_in_2011_inflation_adjusted_dol,income_and_benefits_in_2011_inflation_adjusted_dol,income_and_benefits_in_2011_inflation_adjusted_dol,income_and_benefits_in_2011_inflation_adjusted_dol,income_and_benefits_in_2011_inflation_adjusted_dol,income_and_benefits_in_2011_inflation_adjusted_dol,income_and_benefits_in_2011_inflation_adjusted_dol,income_and_benefits_in_2011_inflation_adjusted_dol,income_and_benefits_in_2011_inflation_adjusted_dol,income_and_benefits_in_2011_inflation_adjusted_dol,income_and_benefits_in_2011_inflation_adjusted_dol,income_and_benefits_in_2011_inflation_adjusted_dol,health_insurance_coverage_civilian_noninstitutiona,health_insurance_coverage_with_health_insurance_co,health_insurance_coverage_with_health_insurance_co,health_insurance_coverage_with_health_insurance_co,health_insurance_coverage_no_health_insurance_cove,health_insurance_coverage_civilian_noninstitutiona,health_insurance_coverage_no_health_insurance_cove,health_insurance_coverage_civilian_noninstitutiona,health_insurance_coverage_in_labor_force,health_insurance_coverage_in_labor_force_employed,health_insurance_coverage_in_labor_force_employed_,health_insurance_coverage_in_labor_force_employed_,health_insurance_coverage_in_labor_force_employed_,health_insurance_coverage_in_labor_force_employed_,health_insurance_coverage_in_labor_force_unemploye,health_insurance_coverage_in_labor_force_unemploye,health_insurance_coverage_in_labor_force_unemploye,health_insurance_coverage_in_labor_force_unemploye,health_insurance_coverage_in_labor_force_unemploye,health_insurance_coverage_not_in_labor_force,health_insurance_coverage_not_in_labor_force_with_,health_insurance_coverage_not_in_labor_force_with_,health_insurance_coverage_not_in_labor_force_with_,health_insurance_coverage_not_in_labor_force_no_he,percentage_of_families_and_people_whose_income_in_,percentage_of_families_and_people_whose_income_in_,percentage_of_families_and_people_whose_income_in_,percentage_of_families_and_people_whose_income_in_,percentage_of_families_and_people_whose_income_in_,percentage_of_families_and_people_whose_income_in_,percentage_of_families_and_people_whose_income_in_,percentage_of_families_and_people_whose_income_in_,percentage_of_families_and_people_whose_income_in_,percentage_of_families_and_people_whose_income_in_,percentage_of_families_and_people_whose_income_in_,percentage_of_families_and_people_whose_income_in_,percentage_of_families_and_people_whose_income_in_,percentage_of_families_and_people_whose_income_in_,percentage_of_families_and_people_whose_income_in_,percentage_of_families_and_people_whose_income_in_,percentage_of_families_and_people_whose_income_in_,percentage_of_families_and_people_whose_income_in_,percentage_of_families_and_people_whose_income_in_
2011,Pendleton County; Kentucky,11481,7097,7097,6461,636,0,4384,7097,-888888888,5745,3284,3284,3010,1196,582,2473,1636,6367,5066,952,57,118,32,142,37.0,6461,1592,803,1593,940,1533,6461,181,739,1008,21,191,202,769,598,129,339,574,1067,294,241,320,6461,5158,904,375,24,5339,447,336,590,734,629,1312,545,556,170,20,48354,54970,3966,58946,1818,15239,1072,17629,276,6950,48,1446,920,3726,245,148,335,387,498,975,475,500,143,20,54515,62005,20758,1613,27465,37375,28923,42667,33063,-888888888,-888888888,-888888888,-888888888,-888888888,-888888888,-888888888,-888888888,-888888888,-888888888,-888888888,-888888888,-888888888,-888888888,-888888888,-888888888,-888888888,-888888888,-888888888,-888888888,-888888888,-888888888,-888888888,-888888888,-888888888,-888888888,-888888888,-888888888,-888888888,-888888888,-888888888,-888888888,-888888888,-888888888,-888888888,-888888888,-888888888,-888888888,-888888888,-888888888,-888888888,-888888888,-888888888
2011,Robertson County; Kentucky,1731,841,836,665,171,5,890,836,-888888888,830,401,401,323,261,207,380,269,670,526,13,5,30,0,96,33.7,665,159,129,94,79,204,665,76,37,144,21,201,6,68,55,0,8,67,136,17,47,4,665,543,41,81,0,776,120,73,153,101,88,167,57,17,0,0,26544,36528,512,37090,301,12226,177,12677,66,6421,39,713,202,474,54,31,35,78,65,145,57,9,0,0,47593,44991,13749,302,17925,23245,19887,33229,25568,-888888888,-888888888,-888888888,-888888888,-888888888,-888888888,-888888888,-888888888,-888888888,-888888888,-888888888,-888888888,-888888888,-888888888,-888888888,-888888888,-888888888,-888888888,-888888888,-888888888,-888888888,-888888888,-888888888,-888888888,-888888888,-888888888,-888888888,-888888888,-888888888,-888888888,-888888888,-888888888,-888888888,-888888888,-888888888,-888888888,-888888888,-888888888,-888888888,-888888888,-888888888,-888888888,-888888888
2011,Russell County; Kentucky,14103,7544,7544,6883,661,0,6559,7544,-888888888,7309,3695,3695,3373,1096,760,2505,1713,6703,5586,644,15,108,239,111,20.0,6883,2014,976,1325,1116,1452,6883,252,670,1449,21,207,162,743,194,181,175,226,1822,380,252,377,6883,4920,1165,729,69,7409,1418,621,1041,1172,1109,1005,517,333,92,101,31087,42383,4638,48234,2913,13086,1403,21382,727,8131,100,2373,1403,4749,549,240,532,748,783,955,475,286,92,89,39831,53056,18626,2660,15906,22137,26041,31719,27701,-888888888,-888888888,-888888888,-888888888,-888888888,-888888888,-888888888,-888888888,-888888888,-888888888,-888888888,-888888888,-888888888,-888888888,-888888888,-888888888,-888888888,-888888888,-888888888,-888888888,-888888888,-888888888,-888888888,-888888888,-888888888,-888888888,-888888888,-888888888,-888888888,-888888888,-888888888,-888888888,-888888888,-888888888,-888888888,-888888888,-888888888,-888888888,-888888888,-888888888,-888888888,-888888888,-888888888
2011,Spencer County; Kentucky,13112,9293,9234,8354,880,59,3819,9234,-888888888,6537,4257,4257,3853,1380,905,2606,2192,8160,6975,653,20,121,78,313,32.5,8354,2286,1270,1974,1344,1480,8354,173,848,1220,21,215,465,895,601,118,720,388,1653,424,496,353,8354,7034,806,503,11,6224,183,199,657,396,917,1365,1037,1059,241,170,61921,72414,5217,73387,1731,14776,1375,17628,289,7039,289,3771,413,4833,70,84,274,298,649,1262,880,932,214,170,70191,79819,26834,1391,32153,44718,33169,51173,36938,-888888888,-888888888,-888888888,-888888888,-888888888,-888888888,-888888888,-888888888,-888888888,-888888888,-888888888,-888888888,-888888888,-888888888,-888888888,-888888888,-888888888,-888888888,-888888888,-888888888,-888888888,-888888888,-888888888,-888888888,-888888888,-888888888,-888888888,-888888888,-888888888,-888888888,-888888888,-888888888,-888888888,-888888888,-888888888,-888888888,-888888888,-888888888,-888888888,-888888888,-888888888,-888888888,-888888888
2011,Washington County; Kentucky,9242,5948,5937,5343,594,11,3294,5937,-888888888,4716,2628,2628,2429,725,419,1865,1265,5233,4054,772,9,117,38,243,30.8,5343,1538,763,963,791,1288,5343,377,376,1256,21,229,151,345,268,67,307,273,1142,242,314,225,5343,4167,741,419,16,4541,400,186,552,794,619,966,512,376,50,86,42516,54072,3457,54515,1565,14415,971,13230,236,6438,46,2704,471,3428,108,141,307,606,497,869,451,319,44,86,51545,60752,21206,1113,19750,31143,26385,40653,29412,-888888888,-888888888,-888888888,-888888888,-888888888,-888888888,-888888888,-888888888,-888888888,-888888888,-888888888,-888888888,-888888888,-888888888,-888888888,-888888888,-888888888,-888888888,-888888888,-888888888,-888888888,-888888888,-888888888,-888888888,-888888888,-888888888,-888888888,-888888888,-888888888,-888888888,-888888888,-888888888,-888888888,-888888888,-888888888,-888888888,-888888888,-888888888,-888888888,-888888888,-888888888,-888888888,-888888888
2011,Bath County; Kentucky,9016,4594,4594,3953,641,0,4422,4594,-888888888,4658,2185,2185,1959,1003,549,1406,758,3846,3104,432,0,103,46,161,27.0,3953,1229,434,858,462,970,3953,260,444,819,21,011,29,486,258,23,196,141,869,81,203,144,3953,2805,617,531,0,4306,743,504,648,578,700,634,201,210,42,46,28776,39091,2804,42824,1566,12328,779,17860,508,7681,79,3618,1082,3008,428,151,466,407,512,575,198,186,42,43,36354,45695,15630,1298,13468,20937,21354,38365,29207,-888888888,-888888888,-888888888,-888888888,-888888888,-888888888,-888888888,-888888888,-888888888,-888888888,-888888888,-888888888,-888888888,-888888888,-888888888,-888888888,-888888888,-888888888,-888888888,-888888888,-888888888,-888888888,-888888888,-888888888,-888888888,-888888888,-888888888,-888888888,-888888888,-888888888,-888888888,-888888888,-888888888,-888888888,-888888888,-888888888,-888888888,-888888888,-888888888,-888888888,-888888888,-888888888,-888888888
2011,Ballard County; Kentucky,6616,3756,3753,3467,286,3,2860,3753,-888888888,3384,1572,1572,1440,461,252,1164,670,3296,2795,366,12,47,23,53,21.5,3467,868,622,780,542,655,3467,254,341,465,21,007,137,455,176,66,100,302,634,230,147,160,3467,2662,494,311,0,3358,298,309,404,409,586,540,345,340,46,81,41875,58816,2288,63512,1314,15270,760,21064,178,7305,31,2326,458,2327,73,121,236,279,456,412,342,307,23,78,49871,69935,24405,1031,20963,32441,26726,43363,28699,-888888888,-888888888,-888888888,-888888888,-888888888,-888888888,-888888888,-888888888,-888888888,-888888888,-888888888,-888888888,-888888888,-888888888,-888888888,-888888888,-888888888,-888888888,-888888888,-888888888,-888888888,-888888888,-888888888,-888888888,-888888888,-888888888,-888888888,-888888888,-888888888,-888888888,-888888888,-888888888,-888888888,-888888888,-888888888,-888888888,-888888888,-888888888,-888888888,-888888888,-888888888,-888888888,-888888888
2011,Barren County; Kentucky,32855,19931,19886,18436,1450,45,12924,19886,-888888888,17238,9528,9528,8899,3071,2285,6528,4986,17922,14940,1891,34,354,120,583,19.8,18436,5395,3085,3708,1697,4551,18436,611,1233,4375,21,009,395,1960,994,315,616,761,4180,1584,877,535,18436,13859,2636,1883,58,16708,2094,1533,2278,1809,2290,3329,1711,1288,139,237,38616,49725,12113,52152,5825,13385,3107,17485,1452,8258,337,2118,3403,11780,823,749,1501,1269,1663,2788,1493,1149,122,223,48836,57721,19991,4928,18681,28775,24332,36474,27903,-888888888,-888888888,-888888888,-888888888,-888888888,-888888888,-888888888,-888888888,-888888888,-888888888,-888888888,-888888888,-888888888,-888888888,-888888888,-888888888,-888888888,-888888888,-888888888,-888888888,-888888888,-888888888,-888888888,-888888888,-888888888,-888888888,-888888888,-888888888,-888888888,-888888888,-888888888,-888888888,-888888888,-888888888,-888888888,-888888888,-888888888,-888888888,-888888888,-888888888,-888888888,-888888888,-888888888
2011,Boyle County; Kentucky,22828,13563,13544,12407,1137,19,9265,13544,-888888888,11769,6469,6460,5889,1963,1308,3850,2817,12066,9538,1494,38,335,123,538,20.8,12407,3768,2306,2898,1237,2198,12407,195,775,1824,21,021,434,1333,609,486,434,871,3512,951,505,478,12407,9490,1873,1031,13,10916,961,815,1286,1618,1814,1990,1047,866,228,291,41035,58892,7989,57385,4030,15354,2417,18940,772,7619,265,5892,1543,7520,419,406,727,1100,1211,1449,912,818,210,268,48283,69294,23499,3396,27083,33592,21175,39402,29159,-888888888,-888888888,-888888888,-888888888,-888888888,-888888888,-888888888,-888888888,-888888888,-888888888,-888888888,-888888888,-888888888,-888888888,-888888888,-888888888,-888888888,-888888888,-888888888,-888888888,-888888888,-888888888,-888888888,-888888888,-888888888,-888888888,-888888888,-888888888,-888888888,-888888888,-888888888,-888888888,-888888888,-888888888,-888888888,-888888888,-888888888,-888888888,-888888888,-888888888,-888888888,-888888888,-888888888
2011,Green County; Kentucky,9106,5195,5195,4721,474,0,3911,5195,-888888888,4644,2494,2494,2274,799,580,1643,1254,4544,3588,606,29,19,61,241,28.5,4721,1426,717,917,580,1081,4721,387,313,787,21,087,45,546,340,60,198,279,1333,158,144,131,4721,3379,807,463,72,4422,559,442,643,557,660,704,489,234,67,67,35313,50950,3076,56860,1738,13591,855,13188,472,7079,125,6050,746,3299,164,185,433,468,605,658,423,229,67,67,44600,61227,20981,1123,12738,18819,22139,37228,27335,-888888888,-888888888,-888888888,-888888888,-888888888,-888888888,-888888888,-888888888,-888888888,-888888888,-888888888,-888888888,-888888888,-888888888,-888888888,-888888888,-888888888,-888888888,-888888888,-888888888,-888888888,-888888888,-888888888,-888888888,-888888888,-888888888,-888888888,-888888888,-888888888,-888888888,-888888888,-888888888,-888888888,-888888888,-888888888,-888888888,-888888888,-888888888,-888888888,-888888888,-888888888,-888888888,-888888888
2011,Hancock County; Kentucky,6564,3946,3946,3702,244,0,2618,3946,-888888888,3318,1790,1790,1650,652,416,1532,1104,3569,3091,307,7,23,13,128,23.4,3702,779,585,543,507,1288,3702,130,248,1315,21,091,19,279,140,0,91,219,760,261,198,42,3702,3129,395,169,9,3309,217,134,415,401,586,701,544,243,59,9,47895,53548,2450,55388,1125,16723,832,15386,131,5339,77,1562,375,2486,79,65,251,227,513,553,516,221,59,2,54325,59385,21352,823,25722,34557,27279,50781,27012,-888888888,-888888888,-888888888,-888888888,-888888888,-888888888,-888888888,-888888888,-888888888,-888888888,-888888888,-888888888,-888888888,-888888888,-888888888,-888888888,-888888888,-888888888,-888888888,-888888888,-888888888,-888888888,-888888888,-888888888,-888888888,-888888888,-888888888,-888888888,-888888888,-888888888,-888888888,-888888888,-888888888,-888888888,-888888888,-888888888,-888888888,-888888888,-888888888,-888888888,-888888888,-888888888,-888888888
2011,Harlan County; Kentucky,23447,9134,9134,8253,881,0,14313,9134,-888888888,12232,3931,3931,3580,2068,715,4330,1963,8122,6359,1248,76,201,196,42,23.5,8253,2372,1274,1725,1391,1491,8253,1130,467,572,21,095,207,1148,285,133,228,435,2456,507,409,276,8253,6606,1251,394,2,10642,1817,1428,1841,1302,1341,1539,680,504,127,63,26914,38653,5995,43867,4647,14096,2430,15718,1280,7474,389,2053,2792,7268,910,769,1185,905,969,1278,599,470,120,63,32917,45413,15146,3374,15316,22934,25199,39592,30968,-888888888,-888888888,-888888888,-888888888,-888888888,-888888888,-888888888,-888888888,-888888888,-888888888,-888888888,-888888888,-888888888,-888888888,-888888888,-888888888,-888888888,-888888888,-888888888,-888888888,-888888888,-888888888,-888888888,-888888888,-888888888,-888888888,-888888888,-888888888,-888888888,-888888888,-888888888,-888888888,-888888888,-888888888,-888888888,-888888888,-888888888,-888888888,-888888888,-888888888,-888888888,-888888888,-888888888
2011,Martin County; Kentucky,10518,3312,3312,2912,400,0,7206,3312,-888888888,4916,1704,1704,1500,834,351,1881,563,2728,2259,303,42,44,6,74,28.6,2912,809,384,724,603,392,2912,476,165,64,21,159,58,455,304,0,67,108,908,87,70,150,2912,1959,851,102,0,4391,747,589,920,564,450,351,429,321,20,0,23920,37339,2162,48965,1965,16140,775,13685,1113,8533,160,3458,1705,3250,412,396,653,440,317,330,361,321,20,0,28529,42025,13759,1141,13849,22237,20857,39700,38088,-888888888,-888888888,-888888888,-888888888,-888888888,-888888888,-888888888,-888888888,-888888888,-888888888,-888888888,-888888888,-888888888,-888888888,-888888888,-888888888,-888888888,-888888888,-888888888,-888888888,-888888888,-888888888,-888888888,-888888888,-888888888,-888888888,-888888888,-888888888,-888888888,-888888888,-888888888,-888888888,-888888888,-888888888,-888888888,-888888888,-888888888,-888888888,-888888888,-888888888,-888888888,-888888888,-888888888
2011,Hardin County; Kentucky,79219,50781,44912,41189,3723,5869,28438,44912,-888888888,40241,22624,22223,20209,8811,5575,16542,10591,46196,38213,4676,107,620,507,2073,21.5,41189,13425,7395,10552,3716,6101,41189,436,2707,4280,21,093,1106,5164,2353,891,1906,3433,9299,3757,1610,4247,41189,29538,9543,2012,96,37883,2308,2058,4648,4316,5973,7734,4808,4333,925,780,48743,61475,30068,59199,9803,14908,9990,23313,2054,7324,1255,3049,4178,27431,1233,813,2487,2879,4364,6003,4305,3887,881,579,57199,68895,23719,10452,27660,39027,27066,39984,29794,-888888888,-888888888,-888888888,-888888888,-888888888,-888888888,-888888888,-888888888,-888888888,-888888888,-888888888,-888888888,-888888888,-888888888,-888888888,-888888888,-888888888,-888888888,-888888888,-888888888,-888888888,-888888888,-888888888,-888888888,-888888888,-888888888,-888888888,-888888888,-888888888,-888888888,-888888888,-888888888,-888888888,-888888888,-888888888,-888888888,-888888888,-888888888,-888888888,-888888888,-888888888,-888888888,-888888888
2011,Lincoln County; Kentucky,19206,10589,10588,9468,1120,1,8617,10588,-888888888,9858,5087,5087,4612,1655,970,4012,2744,9106,7230,1466,23,106,39,242,27.9,9468,2229,1616,2340,1279,2004,9468,337,825,1808,21,137,169,1294,551,221,218,563,2359,615,302,206,9468,6903,1659,906,0,9793,1504,1009,1250,1361,1643,1573,922,475,49,7,33398,40372,6624,44841,3518,13783,1636,16279,873,7461,333,2260,1708,6680,460,391,882,913,1281,1419,852,430,45,7,41693,48660,16511,3113,13884,21250,24451,34599,28653,-888888888,-888888888,-888888888,-888888888,-888888888,-888888888,-888888888,-888888888,-888888888,-888888888,-888888888,-888888888,-888888888,-888888888,-888888888,-888888888,-888888888,-888888888,-888888888,-888888888,-888888888,-888888888,-888888888,-888888888,-888888888,-888888888,-888888888,-888888888,-888888888,-888888888,-888888888,-888888888,-888888888,-888888888,-888888888,-888888888,-888888888,-888888888,-888888888,-888888888,-888888888,-888888888,-888888888
2011,McLean County; Kentucky,7596,4320,4320,4012,308,0,3276,4320,-888888888,3916,2017,2017,1927,699,389,1445,974,3798,3018,436,22,101,69,152,26.2,4012,1290,639,711,569,803,4012,317,398,665,21,149,90,405,279,20,92,123,961,256,206,200,4012,2875,754,372,11,3765,342,266,559,478,603,729,418,256,54,60,40183,51655,2590,57516,1485,16247,843,13843,242,6964,38,2184,536,2654,203,38,385,282,419,568,400,251,54,54,50000,60735,21219,1111,21094,27538,27900,41297,30709,-888888888,-888888888,-888888888,-888888888,-888888888,-888888888,-888888888,-888888888,-888888888,-888888888,-888888888,-888888888,-888888888,-888888888,-888888888,-888888888,-888888888,-888888888,-888888888,-888888888,-888888888,-888888888,-888888888,-888888888,-888888888,-888888888,-888888888,-888888888,-888888888,-888888888,-888888888,-888888888,-888888888,-888888888,-888888888,-888888888,-888888888,-888888888,-888888888,-888888888,-888888888,-888888888,-888888888
2011,Monroe County; Kentucky,8874,4779,4779,4433,346,0,4095,4779,-888888888,4530,2154,2154,1974,716,495,1567,1143,4319,3406,540,37,42,4,290,21.4,4433,1210,787,1000,615,821,4433,368,439,835,21,171,76,537,170,86,78,162,1103,227,136,216,4433,3025,861,547,0,4358,806,522,631,632,564,665,276,149,109,4,28548,38406,2624,46475,1781,12250,527,14574,574,6899,76,4679,1068,2870,287,167,382,533,516,549,201,122,109,4,37324,45968,15876,1488,12867,20431,20883,30091,23939,-888888888,-888888888,-888888888,-888888888,-888888888,-888888888,-888888888,-888888888,-888888888,-888888888,-888888888,-888888888,-888888888,-888888888,-888888888,-888888888,-888888888,-888888888,-888888888,-888888888,-888888888,-888888888,-888888888,-888888888,-888888888,-888888888,-888888888,-888888888,-888888888,-888888888,-888888888,-888888888,-888888888,-888888888,-888888888,-888888888,-888888888,-888888888,-888888888,-888888888,-888888888,-888888888,-888888888
2011,Ohio County; Kentucky,18632,9919,9871,8895,976,48,8713,9871,-888888888,9508,4309,4309,4028,1998,784,3685,2021,8734,7615,813,49,94,46,117,23.4,8895,1785,1358,1905,1466,2381,8895,608,643,2128,21,183,180,1252,497,89,240,202,1599,560,443,454,8895,6853,1439,591,12,8667,907,683,1282,1066,1557,1649,887,507,33,96,38252,49089,5839,52049,3542,14942,1882,14408,682,7882,202,5070,1450,6198,461,196,783,751,1200,1419,796,486,33,73,45087,55711,19090,2469,20031,30906,23681,37309,26984,-888888888,-888888888,-888888888,-888888888,-888888888,-888888888,-888888888,-888888888,-888888888,-888888888,-888888888,-888888888,-888888888,-888888888,-888888888,-888888888,-888888888,-888888888,-888888888,-888888888,-888888888,-888888888,-888888888,-888888888,-888888888,-888888888,-888888888,-888888888,-888888888,-888888888,-888888888,-888888888,-888888888,-888888888,-888888888,-888888888,-888888888,-888888888,-888888888,-888888888,-888888888,-888888888,-888888888
2011,Powell County; Kentucky,9841,4901,4899,4411,488,2,4940,4899,-888888888,4939,2267,2267,2061,842,356,1957,1081,4253,3399,605,47,38,29,135,29.3,4411,1036,784,782,631,1178,4411,105,402,1012,21,197,39,505,265,136,144,343,887,213,217,143,4411,3489,606,291,25,4581,774,519,573,791,588,659,449,187,27,14,28382,39254,2916,44460,1947,12587,840,12842,612,7012,65,2809,1496,3273,272,283,419,612,524,515,420,187,27,14,36578,46199,15007,1308,11365,19716,25222,37078,28277,-888888888,-888888888,-888888888,-888888888,-888888888,-888888888,-888888888,-888888888,-888888888,-888888888,-888888888,-888888888,-888888888,-888888888,-888888888,-888888888,-888888888,-888888888,-888888888,-888888888,-888888888,-888888888,-888888888,-888888888,-888888888,-888888888,-888888888,-888888888,-888888888,-888888888,-888888888,-888888888,-888888888,-888888888,-888888888,-888888888,-888888888,-888888888,-888888888,-888888888,-888888888,-888888888,-888888888
2011,Webster County; Kentucky,10881,5629,5629,5304,325,0,5252,5629,-888888888,5587,2468,2468,2347,999,442,1981,1237,5218,4455,491,8,100,55,109,24.0,5304,1328,883,804,920,1369,5304,589,364,1063,21,233,74,529,405,18,142,288,1086,239,238,269,5304,4173,732,379,20,4990,398,441,656,621,837,997,457,435,116,32,42115,51870,3398,57640,1981,15750,1099,13773,384,9331,91,5478,680,3646,181,192,335,405,640,907,435,433,86,32,52160,60361,20058,1344,21402,27620,28947,41804,30146,-888888888,-888888888,-888888888,-888888888,-888888888,-888888888,-888888888,-888888888,-888888888,-888888888,-888888888,-888888888,-888888888,-888888888,-888888888,-888888888,-888888888,-888888888,-888888888,-888888888,-888888888,-888888888,-888888888,-888888888,-888888888,-888888888,-888888888,-888888888,-888888888,-888888888,-888888888,-888888888,-888888888,-888888888,-888888888,-888888888,-888888888,-888888888,-888888888,-888888888,-888888888,-888888888,-888888888
2011,Caldwell County; Kentucky,10491,5640,5640,5052,588,0,4851,5640,-888888888,5503,2819,2819,2496,881,625,1908,1468,4887,4191,494,0,70,77,55,20.5,5052,1491,712,1089,706,1054,5052,237,422,1048,21,033,39,837,187,37,136,272,1096,279,218,244,5052,3761,926,365,0,5047,760,431,671,595,758,832,506,287,120,87,37078,48440,3207,52315,2104,15911,1166,15244,438,7305,87,4021,773,3206,250,152,269,394,560,687,463,224,120,87,49127,61274,20001,1841,17931,26036,24424,40175,32364,-888888888,-888888888,-888888888,-888888888,-888888888,-888888888,-888888888,-888888888,-888888888,-888888888,-888888888,-888888888,-888888888,-888888888,-888888888,-888888888,-888888888,-888888888,-888888888,-888888888,-888888888,-888888888,-888888888,-888888888,-888888888,-888888888,-888888888,-888888888,-888888888,-888888888,-888888888,-888888888,-888888888,-888888888,-888888888,-888888888,-888888888,-888888888,-888888888,-888888888,-888888888,-888888888,-888888888
2011,Casey County; Kentucky,12312,6727,6727,6263,464,0,5585,6727,-888888888,6406,3158,3158,2919,1223,759,2349,1293,6125,4733,614,0,101,219,458,28.3,6263,1713,997,1260,788,1505,6263,569,344,1135,21,045,139,684,500,112,209,234,1389,351,335,262,6263,4478,1148,609,28,6032,926,760,1061,816,992,766,390,289,22,10,27327,37172,4201,39398,2317,12781,911,14511,466,6563,88,2227,1014,4178,342,397,646,555,806,739,390,281,22,0,38307,44675,14813,1854,14045,19106,17978,32384,23049,-888888888,-888888888,-888888888,-888888888,-888888888,-888888888,-888888888,-888888888,-888888888,-888888888,-888888888,-888888888,-888888888,-888888888,-888888888,-888888888,-888888888,-888888888,-888888888,-888888888,-888888888,-888888888,-888888888,-888888888,-888888888,-888888888,-888888888,-888888888,-888888888,-888888888,-888888888,-888888888,-888888888,-888888888,-888888888,-888888888,-888888888,-888888888,-888888888,-888888888,-888888888,-888888888,-888888888
2011,Christian County; Kentucky,54361,34653,27519,23931,3588,7134,19708,27519,-888888888,26783,14485,13871,11895,7901,3923,11768,7022,29920,22929,3791,35,1357,474,1334,18.6,23931,6715,4532,5029,2801,4854,23931,895,1439,4326,21,047,402,2890,1011,212,1040,1665,5476,1846,973,1756,23931,17421,4799,1621,90,26117,2800,1528,3788,3831,4635,4946,2255,1566,450,318,37958,48209,20217,48078,6800,14387,4869,18233,1462,7497,593,1845,4497,18771,1482,683,2204,2731,3539,4186,1924,1349,398,275,44194,53963,18623,7346,23029,31145,24362,32382,28563,-888888888,-888888888,-888888888,-888888888,-888888888,-888888888,-888888888,-888888888,-888888888,-888888888,-888888888,-888888888,-888888888,-888888888,-888888888,-888888888,-888888888,-888888888,-888888888,-888888888,-888888888,-888888888,-888888888,-888888888,-888888888,-888888888,-888888888,-888888888,-888888888,-888888888,-888888888,-888888888,-888888888,-888888888,-888888888,-888888888,-888888888,-888888888,-888888888,-888888888,-888888888,-888888888,-888888888
2011,Grayson County; Kentucky,20189,11280,11224,9808,1416,56,8909,11224,-888888888,10298,5181,5181,4592,1778,1081,3863,2306,9580,7771,1192,41,35,110,431,27.0,9808,2592,1581,1719,1578,2338,9808,344,1290,2077,21,085,159,1277,375,55,302,332,2186,412,455,544,9808,7031,1788,976,13,9939,1187,1097,1632,1359,1528,1676,786,556,74,44,32919,43415,6609,47818,3743,13964,1939,16615,904,7622,163,2531,1805,6845,549,532,939,808,1211,1453,718,527,74,34,42473,50669,17720,3094,19212,26387,22678,37046,27217,-888888888,-888888888,-888888888,-888888888,-888888888,-888888888,-888888888,-888888888,-888888888,-888888888,-888888888,-888888888,-888888888,-888888888,-888888888,-888888888,-888888888,-888888888,-888888888,-888888888,-888888888,-888888888,-888888888,-888888888,-888888888,-888888888,-888888888,-888888888,-888888888,-888888888,-888888888,-888888888,-888888888,-888888888,-888888888,-888888888,-888888888,-888888888,-888888888,-888888888,-888888888,-888888888,-888888888
2011,Henry County; Kentucky,12004,7595,7595,6930,665,0,4409,7595,-888888888,6176,3567,3567,3187,981,638,2437,1749,6628,5209,950,7,207,38,217,27.1,6930,1865,1264,1496,983,1322,6930,372,734,897,21,103,114,810,346,123,302,494,1323,525,391,499,6930,5152,1160,602,16,6023,620,343,822,628,1141,1115,662,416,186,90,42506,53174,4544,51857,2053,13933,1475,21416,494,6232,152,5194,1219,4350,332,155,499,429,833,890,602,356,169,85,48658,60078,21156,1673,22949,31084,24435,38304,29552,-888888888,-888888888,-888888888,-888888888,-888888888,-888888888,-888888888,-888888888,-888888888,-888888888,-888888888,-888888888,-888888888,-888888888,-888888888,-888888888,-888888888,-888888888,-888888888,-888888888,-888888888,-888888888,-888888888,-888888888,-888888888,-888888888,-888888888,-888888888,-888888888,-888888888,-888888888,-888888888,-888888888,-888888888,-888888888,-888888888,-888888888,-888888888,-888888888,-888888888,-888888888,-888888888,-888888888
2011,Hopkins County; Kentucky,37181,21954,21889,20071,1818,65,15227,21889,-888888888,19260,9927,9927,9412,3689,2125,6681,4151,19574,16717,1885,1,339,268,364,20.3,20071,5713,3499,4646,2682,3531,20071,1556,1272,3157,21,107,505,2461,1057,85,713,1008,4779,1470,1162,846,20071,15994,3002,1069,6,18518,1878,1453,2747,2181,2891,3163,2148,1470,355,232,39187,52541,13464,53933,6556,16306,3608,18410,1111,8094,408,4008,3033,12881,940,470,1414,1400,2295,2612,1861,1356,349,184,49520,61325,21885,5637,20570,31050,25683,45268,28352,-888888888,-888888888,-888888888,-888888888,-888888888,-888888888,-888888888,-888888888,-888888888,-888888888,-888888888,-888888888,-888888888,-888888888,-888888888,-888888888,-888888888,-888888888,-888888888,-888888888,-888888888,-888888888,-888888888,-888888888,-888888888,-888888888,-888888888,-888888888,-888888888,-888888888,-888888888,-888888888,-888888888,-888888888,-888888888,-888888888,-888888888,-888888888,-888888888,-888888888,-888888888,-888888888,-888888888
2011,Laurel County; Kentucky,45724,25868,25789,22844,2945,79,19856,25789,-888888888,23486,12309,12263,11096,4611,3092,8688,6007,22319,18317,2710,29,329,134,800,22.5,22844,6546,3592,6490,2147,4069,22844,375,1130,3047,21,125,765,3438,1286,509,964,2194,5249,1564,1225,1098,22844,17465,3651,1657,71,22002,2364,1979,3273,2797,3191,4114,2239,1424,282,339,37286,51322,15221,57662,8035,14489,3580,17292,1947,7572,411,2223,3826,16457,1208,1040,2065,2222,2550,3412,2020,1337,275,328,43880,58202,19823,5545,18977,28423,25862,37681,28865,-888888888,-888888888,-888888888,-888888888,-888888888,-888888888,-888888888,-888888888,-888888888,-888888888,-888888888,-888888888,-888888888,-888888888,-888888888,-888888888,-888888888,-888888888,-888888888,-888888888,-888888888,-888888888,-888888888,-888888888,-888888888,-888888888,-888888888,-888888888,-888888888,-888888888,-888888888,-888888888,-888888888,-888888888,-888888888,-888888888,-888888888,-888888888,-888888888,-888888888,-888888888,-888888888,-888888888
2011,Marshall County; Kentucky,25679,15214,15136,14178,958,78,10465,15136,-888888888,13224,7332,7313,6918,1898,1306,4244,3150,13966,11994,1364,26,125,129,328,21.5,14178,3720,2907,3497,1577,2477,14178,219,1190,1737,21,157,582,1398,1074,224,581,841,3332,1489,942,569,14178,11387,2051,740,0,12434,909,787,1505,1409,2158,2429,1632,1236,199,170,45605,56178,8892,55321,4982,17290,3091,19029,506,8801,133,2801,1123,9108,438,242,748,943,1682,1946,1572,1184,199,154,56472,65532,23304,3326,21450,27907,25344,43327,27927,-888888888,-888888888,-888888888,-888888888,-888888888,-888888888,-888888888,-888888888,-888888888,-888888888,-888888888,-888888888,-888888888,-888888888,-888888888,-888888888,-888888888,-888888888,-888888888,-888888888,-888888888,-888888888,-888888888,-888888888,-888888888,-888888888,-888888888,-888888888,-888888888,-888888888,-888888888,-888888888,-888888888,-888888888,-888888888,-888888888,-888888888,-888888888,-888888888,-888888888,-888888888,-888888888,-888888888
2011,Montgomery County; Kentucky,20385,11807,11784,10749,1035,23,8578,11784,-888888888,10593,5378,5378,4940,2007,1143,3973,2560,10510,9096,1080,19,155,72,88,24.3,10749,2985,1420,2128,1241,2975,10749,246,750,3125,21,173,208,1363,615,116,325,553,2142,512,340,454,10749,8446,1824,464,15,10189,1248,802,1474,1292,1330,1879,1062,771,182,149,37393,52770,7550,54538,3116,14082,1840,26876,745,8080,146,2153,2055,7023,712,265,927,907,927,1296,945,721,182,141,45532,61774,21168,3166,22836,30859,28098,40705,31641,-888888888,-888888888,-888888888,-888888888,-888888888,-888888888,-888888888,-888888888,-888888888,-888888888,-888888888,-888888888,-888888888,-888888888,-888888888,-888888888,-888888888,-888888888,-888888888,-888888888,-888888888,-888888888,-888888888,-888888888,-888888888,-888888888,-888888888,-888888888,-888888888,-888888888,-888888888,-888888888,-888888888,-888888888,-888888888,-888888888,-888888888,-888888888,-888888888,-888888888,-888888888,-888888888,-888888888
2011,Nicholas County; Kentucky,5639,3379,3371,3192,179,8,2260,3371,-888888888,2911,1604,1604,1498,452,347,1098,807,3080,2399,420,0,73,45,143,31.6,3192,862,525,682,475,648,3192,149,241,669,21,181,38,409,137,48,106,107,836,178,103,171,3192,2316,543,333,0,2798,353,299,287,247,599,509,285,157,38,24,39586,46736,2151,47655,959,13080,568,16101,201,8004,57,4344,418,2026,118,137,216,228,537,349,239,157,21,24,42387,52030,18758,772,14430,31180,22459,36250,33140,-888888888,-888888888,-888888888,-888888888,-888888888,-888888888,-888888888,-888888888,-888888888,-888888888,-888888888,-888888888,-888888888,-888888888,-888888888,-888888888,-888888888,-888888888,-888888888,-888888888,-888888888,-888888888,-888888888,-888888888,-888888888,-888888888,-888888888,-888888888,-888888888,-888888888,-888888888,-888888888,-888888888,-888888888,-888888888,-888888888,-888888888,-888888888,-888888888,-888888888,-888888888,-888888888,-888888888
2011,Owen County; Kentucky,8497,5595,5595,5259,336,0,2902,5595,-888888888,4272,2544,2544,2395,827,497,1745,1299,4992,3921,776,4,27,9,255,29.2,5259,1269,875,1118,901,1096,5259,237,512,1032,21,187,96,606,303,34,237,283,816,479,237,387,5259,3783,1039,437,0,4713,444,293,497,535,798,1007,492,530,112,5,45551,54039,3665,52194,1313,15081,1053,26230,246,7944,46,1098,555,3251,174,108,255,233,529,936,405,521,85,5,60457,64559,22897,1462,24736,28831,28717,42185,32891,-888888888,-888888888,-888888888,-888888888,-888888888,-888888888,-888888888,-888888888,-888888888,-888888888,-888888888,-888888888,-888888888,-888888888,-888888888,-888888888,-888888888,-888888888,-888888888,-888888888,-888888888,-888888888,-888888888,-888888888,-888888888,-888888888,-888888888,-888888888,-888888888,-888888888,-888888888,-888888888,-888888888,-888888888,-888888888,-888888888,-888888888,-888888888,-888888888,-888888888,-888888888,-888888888,-888888888
2011,Scott County; Kentucky,35060,24129,24060,21994,2066,69,10931,24060,-888888888,18094,11301,11285,10199,3939,2636,7421,4944,21616,18048,2337,0,362,132,737,22.1,21994,7923,2947,5106,1606,4412,21994,417,908,4808,21,209,771,1989,1248,126,851,1904,4858,1787,1202,1125,21994,17216,3588,1129,61,17628,1492,927,1170,1503,2495,3465,2445,2885,777,469,57967,70590,14484,72547,4396,14668,2977,18143,864,8140,459,3869,2602,12611,839,276,654,903,1666,2617,2081,2440,666,469,69682,80596,27188,5017,34339,41628,33658,53668,39697,-888888888,-888888888,-888888888,-888888888,-888888888,-888888888,-888888888,-888888888,-888888888,-888888888,-888888888,-888888888,-888888888,-888888888,-888888888,-888888888,-888888888,-888888888,-888888888,-888888888,-888888888,-888888888,-888888888,-888888888,-888888888,-888888888,-888888888,-888888888,-888888888,-888888888,-888888888,-888888888,-888888888,-888888888,-888888888,-888888888,-888888888,-888888888,-888888888,-888888888,-888888888,-888888888,-888888888
2011,Warren County; Kentucky,89086,58820,58712,53673,5039,108,30266,58712,-888888888,46132,28335,28335,26090,8586,5445,15255,11104,52573,42784,6065,168,1507,799,1250,18.6,53673,18086,8994,13573,4245,8775,53673,938,3068,8642,21,227,1343,7316,1979,860,2048,4547,13771,4942,2803,1416,53673,41504,9072,3039,58,42910,4117,3041,5617,5188,5930,7683,5136,4198,1005,995,43018,59681,34730,58564,10751,15539,7088,20797,1989,8940,865,2543,5270,27075,1619,1094,2493,3027,3542,5404,4249,3795,927,925,56675,73755,23635,15835,25304,33886,22102,42384,31063,-888888888,-888888888,-888888888,-888888888,-888888888,-888888888,-888888888,-888888888,-888888888,-888888888,-888888888,-888888888,-888888888,-888888888,-888888888,-888888888,-888888888,-888888888,-888888888,-888888888,-888888888,-888888888,-888888888,-888888888,-888888888,-888888888,-888888888,-888888888,-888888888,-888888888,-888888888,-888888888,-888888888,-888888888,-888888888,-888888888,-888888888,-888888888,-888888888,-888888888,-888888888,-888888888,-888888888
2011,Bourbon County; Kentucky,15842,9767,9767,8783,984,0,6075,9767,-888888888,8200,4671,4671,4239,1324,924,3142,2388,8443,6741,1036,0,339,45,282,21.8,8783,2436,1391,1949,1279,1728,8783,973,661,1488,21,017,337,1008,369,161,245,580,1551,720,455,235,8783,7061,1065,635,22,7933,807,629,985,947,1180,1277,1041,752,227,88,42192,55285,5940,58401,2763,14678,1738,13305,452,8481,216,3522,1111,5449,377,348,508,627,829,894,921,630,227,88,50772,64500,22566,2484,22962,31802,26339,40335,31000,-888888888,-888888888,-888888888,-888888888,-888888888,-888888888,-888888888,-888888888,-888888888,-888888888,-888888888,-888888888,-888888888,-888888888,-888888888,-888888888,-888888888,-888888888,-888888888,-888888888,-888888888,-888888888,-888888888,-888888888,-888888888,-888888888,-888888888,-888888888,-888888888,-888888888,-888888888,-888888888,-888888888,-888888888,-888888888,-888888888,-888888888,-888888888,-888888888,-888888888,-888888888,-888888888,-888888888
2011,Boyd County; Kentucky,40195,20729,20711,18658,2053,18,19466,20711,-888888888,20275,9534,9534,8752,3210,2190,6092,4392,18266,15099,2125,2,587,206,247,20.5,18658,5938,3306,5029,1618,2767,18658,237,1071,1816,21,019,660,2525,1350,521,745,1477,4818,1710,1095,633,18658,15523,2359,763,13,19521,2123,1624,2629,2492,2873,3302,1893,1760,407,418,38848,55474,12903,58628,7935,16785,5036,19384,1447,8440,594,3212,3346,12961,781,552,1101,1606,2018,2891,1593,1653,378,388,53097,68192,22698,6560,19202,29050,24036,44646,31095,-888888888,-888888888,-888888888,-888888888,-888888888,-888888888,-888888888,-888888888,-888888888,-888888888,-888888888,-888888888,-888888888,-888888888,-888888888,-888888888,-888888888,-888888888,-888888888,-888888888,-888888888,-888888888,-888888888,-888888888,-888888888,-888888888,-888888888,-888888888,-888888888,-888888888,-888888888,-888888888,-888888888,-888888888,-888888888,-888888888,-888888888,-888888888,-888888888,-888888888,-888888888,-888888888,-888888888
2011,Crittenden County; Kentucky,7399,3972,3954,3627,327,18,3427,3954,-888888888,3751,1876,1876,1779,677,359,1265,645,3565,2757,418,8,51,82,249,27.6,3627,875,662,702,697,691,3627,394,395,548,21,055,57,431,193,67,115,99,766,167,231,164,3627,2805,555,267,0,3855,490,349,594,577,509,702,394,157,56,27,32545,47145,2522,51042,1727,14696,735,22021,145,7856,98,3296,392,2402,148,124,305,345,322,600,336,146,56,20,47321,59162,20382,1453,20377,26710,23094,41913,26127,-888888888,-888888888,-888888888,-888888888,-888888888,-888888888,-888888888,-888888888,-888888888,-888888888,-888888888,-888888888,-888888888,-888888888,-888888888,-888888888,-888888888,-888888888,-888888888,-888888888,-888888888,-888888888,-888888888,-888888888,-888888888,-888888888,-888888888,-888888888,-888888888,-888888888,-888888888,-888888888,-888888888,-888888888,-888888888,-888888888,-888888888,-888888888,-888888888,-888888888,-888888888,-888888888,-888888888
2011,Fayette County; Kentucky,237217,164857,164700,152791,11909,157,72360,164700,-888888888,121723,79025,78975,73713,20990,13900,36539,26330,149681,119449,15419,2361,5700,2075,4677,19.7,152791,63420,25768,39337,10930,13336,152791,3325,7425,14102,21,067,4300,17273,5263,3826,8884,15808,44978,15172,7025,5410,152791,116545,28033,7990,223,122075,11137,7139,14372,13402,16477,21138,14474,14357,4592,4987,48306,68651,102670,67252,25401,15899,17315,24080,4079,7838,1831,3706,12064,71215,3847,2487,5802,5977,8638,12667,11192,11995,4158,4452,67179,87583,29125,50860,30134,40262,26667,45285,37309,-888888888,-888888888,-888888888,-888888888,-888888888,-888888888,-888888888,-888888888,-888888888,-888888888,-888888888,-888888888,-888888888,-888888888,-888888888,-888888888,-888888888,-888888888,-888888888,-888888888,-888888888,-888888888,-888888888,-888888888,-888888888,-888888888,-888888888,-888888888,-888888888,-888888888,-888888888,-888888888,-888888888,-888888888,-888888888,-888888888,-888888888,-888888888,-888888888,-888888888,-888888888,-888888888,-888888888
2011,Johnson County; Kentucky,18635,8711,8711,7993,718,0,9924,8711,-888888888,9580,3840,3840,3522,1557,575,3275,1540,7693,6610,644,50,104,84,201,26.3,7993,1858,1232,2357,1439,1107,7993,802,664,252,21,115,271,1374,345,283,459,393,1721,500,384,545,7993,6045,1495,425,28,9397,1231,902,1532,1165,1363,1543,894,476,95,196,32421,48225,5977,54451,3983,14390,1795,16021,1166,7743,229,2541,2375,6919,531,450,1147,887,1072,1299,810,451,95,177,40427,55491,19276,2478,14991,25144,23383,42151,26449,-888888888,-888888888,-888888888,-888888888,-888888888,-888888888,-888888888,-888888888,-888888888,-888888888,-888888888,-888888888,-888888888,-888888888,-888888888,-888888888,-888888888,-888888888,-888888888,-888888888,-888888888,-888888888,-888888888,-888888888,-888888888,-888888888,-888888888,-888888888,-888888888,-888888888,-888888888,-888888888,-888888888,-888888888,-888888888,-888888888,-888888888,-888888888,-888888888,-888888888,-888888888,-888888888,-888888888
2011,Menifee County; Kentucky,5213,2256,2247,2000,247,9,2957,2247,-888888888,2682,1091,1091,979,285,187,927,520,1907,1564,231,9,48,13,42,31.2,2000,473,330,397,145,655,2000,11,198,464,21,165,27,225,148,3,64,162,454,83,99,62,2000,1466,367,167,0,2173,383,226,333,344,324,288,193,64,18,0,28279,37338,1244,42906,877,14004,470,20960,291,8185,38,1318,670,1406,154,58,268,184,228,239,193,64,18,0,36912,46176,14069,767,14583,20945,22884,32250,25815,-888888888,-888888888,-888888888,-888888888,-888888888,-888888888,-888888888,-888888888,-888888888,-888888888,-888888888,-888888888,-888888888,-888888888,-888888888,-888888888,-888888888,-888888888,-888888888,-888888888,-888888888,-888888888,-888888888,-888888888,-888888888,-888888888,-888888888,-888888888,-888888888,-888888888,-888888888,-888888888,-888888888,-888888888,-888888888,-888888888,-888888888,-888888888,-888888888,-888888888,-888888888,-888888888,-888888888
2011,Morgan County; Kentucky,11487,4927,4927,4542,385,0,6560,4927,-888888888,4906,2239,2239,2137,769,390,1860,1173,4466,3599,506,0,117,0,244,30.7,4542,1143,832,1033,889,645,4542,290,501,218,21,175,43,706,340,179,184,234,789,270,137,651,4542,3120,1111,311,0,4627,711,420,850,630,550,636,424,289,22,95,29872,53588,2922,65394,1816,13658,967,21821,571,7927,88,1561,1236,3402,346,159,572,500,462,547,424,289,22,81,39368,63869,19623,1225,14250,22427,20496,32930,28980,-888888888,-888888888,-888888888,-888888888,-888888888,-888888888,-888888888,-888888888,-888888888,-888888888,-888888888,-888888888,-888888888,-888888888,-888888888,-888888888,-888888888,-888888888,-888888888,-888888888,-888888888,-888888888,-888888888,-888888888,-888888888,-888888888,-888888888,-888888888,-888888888,-888888888,-888888888,-888888888,-888888888,-888888888,-888888888,-888888888,-888888888,-888888888,-888888888,-888888888,-888888888,-888888888,-888888888
2011,Perry County; Kentucky,23272,11201,11201,10235,966,0,12071,11201,-888888888,11900,5127,5127,4749,1811,708,3806,2222,9762,7966,1168,37,204,78,309,21.2,10235,2967,1703,2600,1548,1417,10235,955,602,285,21,193,379,1413,818,39,400,569,3297,756,407,315,10235,7636,2124,475,0,10849,1906,1235,1452,1124,1502,1668,890,759,130,183,32538,48402,6939,57721,4224,14092,1658,15374,1295,7521,226,2330,3075,7623,958,684,930,840,1093,1319,818,690,130,161,41072,56750,19357,3226,14715,26703,25192,43824,28424,-888888888,-888888888,-888888888,-888888888,-888888888,-888888888,-888888888,-888888888,-888888888,-888888888,-888888888,-888888888,-888888888,-888888888,-888888888,-888888888,-888888888,-888888888,-888888888,-888888888,-888888888,-888888888,-888888888,-888888888,-888888888,-888888888,-888888888,-888888888,-888888888,-888888888,-888888888,-888888888,-888888888,-888888888,-888888888,-888888888,-888888888,-888888888,-888888888,-888888888,-888888888,-888888888,-888888888
2011,Pulaski County; Kentucky,50164,27311,27290,25057,2233,21,22853,27290,-888888888,25996,12787,12787,11842,4246,2453,8627,5533,24580,20341,2610,118,457,400,654,21.9,25057,7215,4363,6844,2623,4012,25057,646,1889,3454,21,199,750,3351,1539,276,1086,1247,6827,1692,1176,1124,25057,19400,4006,1591,60,26199,3962,2615,3908,3286,3663,3965,2246,1671,264,619,33282,48317,17556,54305,10234,13044,5029,17197,2362,7383,533,2799,4621,17904,1501,1037,2453,2276,2986,3283,2087,1463,237,581,42745,58889,20220,8295,15320,24291,23721,35287,30083,-888888888,-888888888,-888888888,-888888888,-888888888,-888888888,-888888888,-888888888,-888888888,-888888888,-888888888,-888888888,-888888888,-888888888,-888888888,-888888888,-888888888,-888888888,-888888888,-888888888,-888888888,-888888888,-888888888,-888888888,-888888888,-888888888,-888888888,-888888888,-888888888,-888888888,-888888888,-888888888,-888888888,-888888888,-888888888,-888888888,-888888888,-888888888,-888888888,-888888888,-888888888,-888888888,-888888888
2011,Clay County; Kentucky,17829,6570,6570,4853,1717,0,11259,6570,-888888888,8268,3146,3146,2469,1382,848,2804,1364,4600,3896,433,22,76,83,90,23.7,4853,1241,944,1197,595,876,4853,307,355,480,21,051,112,580,220,98,132,222,1387,261,209,490,4853,3164,1360,275,54,6731,1621,1007,1047,757,801,935,349,124,42,48,20206,34034,3407,44468,3125,12433,901,14446,1454,7305,230,4951,1857,4612,665,602,692,636,670,822,326,124,27,48,29290,41018,12568,2119,11320,17623,18725,30920,28381,-888888888,-888888888,-888888888,-888888888,-888888888,-888888888,-888888888,-888888888,-888888888,-888888888,-888888888,-888888888,-888888888,-888888888,-888888888,-888888888,-888888888,-888888888,-888888888,-888888888,-888888888,-888888888,-888888888,-888888888,-888888888,-888888888,-888888888,-888888888,-888888888,-888888888,-888888888,-888888888,-888888888,-888888888,-888888888,-888888888,-888888888,-888888888,-888888888,-888888888,-888888888,-888888888,-888888888
2011,Adair County; Kentucky,14932,7868,7847,6849,998,21,7064,7847,-888888888,7548,3648,3648,3201,1297,913,2448,1487,6714,5286,729,75,225,101,298,24.7,6849,1857,1080,1557,713,1642,6849,299,475,1235,21,001,136,1057,436,159,144,295,1781,256,243,333,6849,4904,1163,769,13,7193,1216,794,914,843,1258,1270,487,353,31,27,31775,39742,4399,46592,3145,12003,1298,17112,881,6129,131,2249,1355,4754,349,325,658,483,977,1175,481,253,31,22,44177,48090,15962,2439,13031,21222,21093,32682,26669,-888888888,-888888888,-888888888,-888888888,-888888888,-888888888,-888888888,-888888888,-888888888,-888888888,-888888888,-888888888,-888888888,-888888888,-888888888,-888888888,-888888888,-888888888,-888888888,-888888888,-888888888,-888888888,-888888888,-888888888,-888888888,-888888888,-888888888,-888888888,-888888888,-888888888,-888888888,-888888888,-888888888,-888888888,-888888888,-888888888,-888888888,-888888888,-888888888,-888888888,-888888888,-888888888,-888888888
2011,Breathitt County; Kentucky,11314,4648,4644,4187,457,4,6666,4644,-888888888,5589,2240,2240,2106,976,315,1868,808,4124,3120,730,41,140,12,81,28.7,4187,924,1086,954,587,636,4187,340,265,218,21,025,185,597,107,38,173,255,1324,232,156,297,4187,3037,952,198,0,5314,1121,612,1110,531,683,654,331,204,40,28,22304,36767,2747,44790,2142,12605,814,21102,1079,8488,275,1554,1810,3566,447,358,678,467,492,561,310,199,40,14,31510,42033,15048,1748,12358,24589,20497,33941,23953,-888888888,-888888888,-888888888,-888888888,-888888888,-888888888,-888888888,-888888888,-888888888,-888888888,-888888888,-888888888,-888888888,-888888888,-888888888,-888888888,-888888888,-888888888,-888888888,-888888888,-888888888,-888888888,-888888888,-888888888,-888888888,-888888888,-888888888,-888888888,-888888888,-888888888,-888888888,-888888888,-888888888,-888888888,-888888888,-888888888,-888888888,-888888888,-888888888,-888888888,-888888888,-888888888,-888888888
2011,Graves County; Kentucky,29042,16934,16934,15282,1652,0,12108,16934,-888888888,15064,7856,7856,7169,2661,1493,5689,3851,14876,12189,1564,124,174,189,636,23.2,15282,3912,2336,3762,2282,2990,15282,868,1056,2402,21,083,541,2092,734,183,598,853,3661,879,1052,363,15282,11699,1940,1595,48,14789,1660,1460,2027,2147,2112,2329,1547,939,340,228,35514,49565,10232,52463,5552,14648,3442,17101,888,8006,301,2295,2041,10295,632,522,1220,1411,1665,2057,1385,863,319,221,46914,59822,20326,4494,17267,24761,22251,39602,27610,-888888888,-888888888,-888888888,-888888888,-888888888,-888888888,-888888888,-888888888,-888888888,-888888888,-888888888,-888888888,-888888888,-888888888,-888888888,-888888888,-888888888,-888888888,-888888888,-888888888,-888888888,-888888888,-888888888,-888888888,-888888888,-888888888,-888888888,-888888888,-888888888,-888888888,-888888888,-888888888,-888888888,-888888888,-888888888,-888888888,-888888888,-888888888,-888888888,-888888888,-888888888,-888888888,-888888888
2011,Hart County; Kentucky,14335,8079,8050,7091,959,29,6256,8050,-888888888,7316,3599,3599,3103,1228,637,2940,1617,6930,5237,1078,44,163,58,350,27.3,7091,1398,1269,1117,1277,2030,7091,418,624,1830,21,099,139,703,431,64,291,269,1136,553,409,224,7091,5299,858,902,32,6892,1074,730,1031,859,1002,1264,422,363,119,28,31858,43645,4708,45450,2495,13479,1457,20581,870,7366,150,1507,1506,4862,463,349,586,567,904,1095,402,369,99,28,42677,52794,16796,2030,14444,19448,20198,31113,24492,-888888888,-888888888,-888888888,-888888888,-888888888,-888888888,-888888888,-888888888,-888888888,-888888888,-888888888,-888888888,-888888888,-888888888,-888888888,-888888888,-888888888,-888888888,-888888888,-888888888,-888888888,-888888888,-888888888,-888888888,-888888888,-888888888,-888888888,-888888888,-888888888,-888888888,-888888888,-888888888,-888888888,-888888888,-888888888,-888888888,-888888888,-888888888,-888888888,-888888888,-888888888,-888888888,-888888888
2011,Butler County; Kentucky,10223,5489,5482,4920,562,7,4734,5482,-888888888,5167,2392,2392,2189,936,421,1733,1007,4762,3670,870,8,51,40,123,30.7,4920,987,487,1077,943,1426,4920,195,654,1368,21,031,59,474,350,24,100,298,828,162,128,280,4920,3741,708,462,9,5081,823,391,848,640,757,791,557,208,39,27,32508,41832,3320,48185,1919,13039,887,15410,476,6119,152,2402,1032,3556,293,184,531,445,652,693,491,214,26,27,42554,49582,17163,1525,15315,22384,25580,36791,28739,-888888888,-888888888,-888888888,-888888888,-888888888,-888888888,-888888888,-888888888,-888888888,-888888888,-888888888,-888888888,-888888888,-888888888,-888888888,-888888888,-888888888,-888888888,-888888888,-888888888,-888888888,-888888888,-888888888,-888888888,-888888888,-888888888,-888888888,-888888888,-888888888,-888888888,-888888888,-888888888,-888888888,-888888888,-888888888,-888888888,-888888888,-888888888,-888888888,-888888888,-888888888,-888888888,-888888888
2011,Trimble County; Kentucky,6940,4156,4156,3820,336,0,2784,4156,-888888888,3472,1779,1779,1638,599,412,1460,800,3623,3007,318,24,57,54,163,30.2,3820,898,613,804,501,1004,3820,111,297,838,21,223,81,404,406,0,210,327,666,172,131,177,3820,3148,475,190,7,3420,318,115,415,347,394,759,629,408,32,3,52224,56378,2654,56920,1128,14906,744,17309,93,7297,95,2517,430,2633,155,21,268,265,298,611,609,387,16,3,58639,62866,21996,787,22446,34115,28157,50403,27179,-888888888,-888888888,-888888888,-888888888,-888888888,-888888888,-888888888,-888888888,-888888888,-888888888,-888888888,-888888888,-888888888,-888888888,-888888888,-888888888,-888888888,-888888888,-888888888,-888888888,-888888888,-888888888,-888888888,-888888888,-888888888,-888888888,-888888888,-888888888,-888888888,-888888888,-888888888,-888888888,-888888888,-888888888,-888888888,-888888888,-888888888,-888888888,-888888888,-888888888,-888888888,-888888888,-888888888
2011,Harrison County; Kentucky,14826,9003,8994,8120,874,9,5823,8994,-888888888,7730,4424,4424,4007,1288,749,3023,2386,7905,6550,908,82,122,62,181,24.9,8120,2019,1133,2005,1060,1903,8120,492,448,1919,21,097,159,1096,404,32,470,405,1764,369,340,222,8120,6362,1050,663,45,7172,897,512,965,1032,937,1188,863,610,119,49,38690,49389,5142,53205,2537,14199,1429,16383,496,8271,238,2197,981,4694,262,104,539,695,613,1001,796,528,112,44,52359,60365,19711,2478,18368,27480,24172,40344,29387,-888888888,-888888888,-888888888,-888888888,-888888888,-888888888,-888888888,-888888888,-888888888,-888888888,-888888888,-888888888,-888888888,-888888888,-888888888,-888888888,-888888888,-888888888,-888888888,-888888888,-888888888,-888888888,-888888888,-888888888,-888888888,-888888888,-888888888,-888888888,-888888888,-888888888,-888888888,-888888888,-888888888,-888888888,-888888888,-888888888,-888888888,-888888888,-888888888,-888888888,-888888888,-888888888,-888888888
2011,Hickman County; Kentucky,3959,2110,2110,1858,252,0,1849,2110,-888888888,2097,1047,1047,953,270,148,729,488,1818,1489,156,1,53,66,53,19.2,1858,566,337,377,219,359,1858,267,101,267,21,105,30,168,64,46,90,58,446,136,77,108,1858,1442,312,104,0,1983,188,148,354,273,326,323,215,125,4,27,37535,47333,1314,50353,811,16276,507,11668,121,6886,14,3114,215,1185,85,21,103,135,254,249,187,120,4,27,49900,61170,20732,798,20037,26303,21895,42800,25732,-888888888,-888888888,-888888888,-888888888,-888888888,-888888888,-888888888,-888888888,-888888888,-888888888,-888888888,-888888888,-888888888,-888888888,-888888888,-888888888,-888888888,-888888888,-888888888,-888888888,-888888888,-888888888,-888888888,-888888888,-888888888,-888888888,-888888888,-888888888,-888888888,-888888888,-888888888,-888888888,-888888888,-888888888,-888888888,-888888888,-888888888,-888888888,-888888888,-888888888,-888888888,-888888888,-888888888
2011,Lyon County; Kentucky,7313,3084,3084,2818,266,0,4229,3084,-888888888,3282,1412,1412,1290,331,253,823,582,2766,2350,269,0,62,10,75,21.2,2818,749,741,577,275,476,2818,82,220,510,21,143,30,330,147,51,92,94,457,235,127,443,2818,1971,687,160,0,3295,336,278,405,363,630,526,395,312,26,24,40546,50073,2168,48567,1453,16032,970,18447,172,7240,46,5637,380,2205,152,102,225,220,405,422,356,273,26,24,49928,59270,21128,1090,24861,31173,22198,40286,30978,-888888888,-888888888,-888888888,-888888888,-888888888,-888888888,-888888888,-888888888,-888888888,-888888888,-888888888,-888888888,-888888888,-888888888,-888888888,-888888888,-888888888,-888888888,-888888888,-888888888,-888888888,-888888888,-888888888,-888888888,-888888888,-888888888,-888888888,-888888888,-888888888,-888888888,-888888888,-888888888,-888888888,-888888888,-888888888,-888888888,-888888888,-888888888,-888888888,-888888888,-888888888,-888888888,-888888888
2011,Wayne County; Kentucky,16634,8324,8324,7084,1240,0,8310,8324,-888888888,8327,3756,3756,3275,1262,701,2860,1787,6866,5552,901,22,177,37,177,25.0,7084,1690,1107,1160,885,2242,7084,351,318,1965,21,231,140,639,433,188,98,275,1681,434,267,295,7084,5248,1270,554,12,8526,1721,895,1480,1265,1282,1043,390,296,98,56,26309,36397,5244,39032,3648,12978,1496,16339,1272,6658,186,1181,2259,5998,872,411,1106,960,965,907,345,296,98,38,31752,42326,15620,2528,14216,20853,19937,30536,26078,-888888888,-888888888,-888888888,-888888888,-888888888,-888888888,-888888888,-888888888,-888888888,-888888888,-888888888,-888888888,-888888888,-888888888,-888888888,-888888888,-888888888,-888888888,-888888888,-888888888,-888888888,-888888888,-888888888,-888888888,-888888888,-888888888,-888888888,-888888888,-888888888,-888888888,-888888888,-888888888,-888888888,-888888888,-888888888,-888888888,-888888888,-888888888,-888888888,-888888888,-888888888,-888888888,-888888888
2011,Lewis County; Kentucky,11107,5641,5641,5036,605,0,5466,5641,-888888888,5540,2391,2391,2190,1055,506,2081,1424,4851,3843,518,72,174,149,95,28.5,5036,1212,667,840,909,1408,5036,269,614,1028,21,135,81,509,337,12,144,314,937,302,263,226,5036,3575,819,631,11,4983,880,514,971,558,801,418,480,284,47,30,27181,39413,3359,43706,1940,12942,952,13493,636,7591,131,1940,1260,3638,487,206,605,443,691,379,475,275,47,30,36226,46663,14898,1345,14056,18792,20461,31782,24475,-888888888,-888888888,-888888888,-888888888,-888888888,-888888888,-888888888,-888888888,-888888888,-888888888,-888888888,-888888888,-888888888,-888888888,-888888888,-888888888,-888888888,-888888888,-888888888,-888888888,-888888888,-888888888,-888888888,-888888888,-888888888,-888888888,-888888888,-888888888,-888888888,-888888888,-888888888,-888888888,-888888888,-888888888,-888888888,-888888888,-888888888,-888888888,-888888888,-888888888,-888888888,-888888888,-888888888
2011,Trigg County; Kentucky,11420,6037,5974,5442,532,63,5383,5974,-888888888,5828,2927,2927,2640,1016,710,1971,1511,5342,4362,667,0,104,48,161,23.7,5442,1477,741,1202,746,1276,5442,288,484,1064,21,221,116,602,293,56,275,380,1061,438,237,148,5442,3992,971,425,54,6149,544,482,762,730,1034,1237,837,349,97,77,43331,54430,4297,54029,2327,16218,1816,20495,377,6912,59,2124,796,4409,287,143,458,538,808,1019,653,349,97,57,49524,62348,23489,1740,21725,33362,27049,39077,31161,-888888888,-888888888,-888888888,-888888888,-888888888,-888888888,-888888888,-888888888,-888888888,-888888888,-888888888,-888888888,-888888888,-888888888,-888888888,-888888888,-888888888,-888888888,-888888888,-888888888,-888888888,-888888888,-888888888,-888888888,-888888888,-888888888,-888888888,-888888888,-888888888,-888888888,-888888888,-888888888,-888888888,-888888888,-888888888,-888888888,-888888888,-888888888,-888888888,-888888888,-888888888,-888888888,-888888888
2011,Woodford County; Kentucky,19384,13091,13071,12228,843,20,6293,13071,-888888888,10083,5950,5950,5489,1757,1134,3926,2879,12036,9337,1720,20,257,105,597,21.2,12228,4729,1798,2374,1917,1410,12228,1329,957,1553,21,239,214,1229,392,172,705,1209,2285,760,683,740,12228,9646,1634,940,8,9878,722,559,735,989,1426,2133,1295,1279,352,388,55124,70836,7974,70012,2769,15720,1846,25040,392,8433,116,4613,953,6638,267,199,399,510,781,1555,1032,1172,352,371,68285,85431,28816,3240,33492,39903,31304,47392,38694,-888888888,-888888888,-888888888,-888888888,-888888888,-888888888,-888888888,-888888888,-888888888,-888888888,-888888888,-888888888,-888888888,-888888888,-888888888,-888888888,-888888888,-888888888,-888888888,-888888888,-888888888,-888888888,-888888888,-888888888,-888888888,-888888888,-888888888,-888888888,-888888888,-888888888,-888888888,-888888888,-888888888,-888888888,-888888888,-888888888,-888888888,-888888888,-888888888,-888888888,-888888888,-888888888,-888888888
2011,Leslie County; Kentucky,9195,3603,3589,3339,250,14,5592,3589,-888888888,4698,1560,1560,1440,564,212,1510,522,3186,2686,453,0,15,12,20,28.2,3339,862,741,562,719,455,3339,1026,150,80,21,131,30,205,107,27,137,130,1136,96,132,83,3339,2484,658,157,40,4428,871,384,771,492,609,551,499,168,71,12,29050,39404,2476,48541,1859,13456,886,14432,846,6958,36,2606,1184,3045,294,273,547,341,466,431,499,111,71,12,37770,46440,16345,1383,13947,21740,29701,44167,26050,-888888888,-888888888,-888888888,-888888888,-888888888,-888888888,-888888888,-888888888,-888888888,-888888888,-888888888,-888888888,-888888888,-888888888,-888888888,-888888888,-888888888,-888888888,-888888888,-888888888,-888888888,-888888888,-888888888,-888888888,-888888888,-888888888,-888888888,-888888888,-888888888,-888888888,-888888888,-888888888,-888888888,-888888888,-888888888,-888888888,-888888888,-888888888,-888888888,-888888888,-888888888,-888888888,-888888888
2011,Jessamine County; Kentucky,37199,24605,24560,22645,1915,45,12594,24560,-888888888,19401,11857,11837,10873,3862,2476,8127,5661,21970,17724,2288,1,747,102,1108,23.1,22645,7486,4376,5421,2435,2927,22645,551,1800,2485,21,113,846,2945,1112,248,976,2017,6112,1608,1294,651,22645,17530,3270,1814,31,17797,1680,1057,1832,2170,2385,3714,1966,1834,641,518,48547,66253,14642,65996,4667,16035,2940,19279,950,6269,250,2097,2498,13391,957,475,1175,1394,1852,3045,1723,1697,555,518,57725,75875,25006,4406,26084,34708,25591,44222,34201,-888888888,-888888888,-888888888,-888888888,-888888888,-888888888,-888888888,-888888888,-888888888,-888888888,-888888888,-888888888,-888888888,-888888888,-888888888,-888888888,-888888888,-888888888,-888888888,-888888888,-888888888,-888888888,-888888888,-888888888,-888888888,-888888888,-888888888,-888888888,-888888888,-888888888,-888888888,-888888888,-888888888,-888888888,-888888888,-888888888,-888888888,-888888888,-888888888,-888888888,-888888888,-888888888,-888888888
2011,Lawrence County; Kentucky,12637,5969,5954,5313,641,15,6668,5954,-888888888,6436,2821,2821,2573,1069,543,2319,1322,5193,4333,706,11,61,0,82,30.0,5313,1287,884,1253,888,1001,5313,436,391,344,21,127,99,910,615,10,225,248,1277,364,157,237,5313,4010,1009,236,58,5800,653,575,1226,615,1156,803,393,279,48,52,32279,43139,3714,45237,2541,14564,1297,18635,597,7222,248,2863,1327,4176,257,349,736,450,924,726,377,279,48,30,38901,48460,16839,1624,17247,28560,20404,41417,26576,-888888888,-888888888,-888888888,-888888888,-888888888,-888888888,-888888888,-888888888,-888888888,-888888888,-888888888,-888888888,-888888888,-888888888,-888888888,-888888888,-888888888,-888888888,-888888888,-888888888,-888888888,-888888888,-888888888,-888888888,-888888888,-888888888,-888888888,-888888888,-888888888,-888888888,-888888888,-888888888,-888888888,-888888888,-888888888,-888888888,-888888888,-888888888,-888888888,-888888888,-888888888,-888888888,-888888888
2011,Livingston County; Kentucky,7761,4124,4107,3723,384,17,3637,4107,-888888888,3952,2004,2004,1870,576,185,1293,802,3671,3195,326,0,29,61,60,28.8,3723,1006,742,790,634,551,3723,262,274,341,21,139,44,294,248,21,192,169,1068,431,303,76,3723,3004,477,236,6,3576,198,249,680,495,665,551,366,255,90,27,40248,50534,2439,52222,1525,16331,998,13868,181,7414,114,2507,342,2625,98,122,307,365,532,518,340,252,75,16,46186,57771,20511,951,21947,29411,24514,38662,29286,-888888888,-888888888,-888888888,-888888888,-888888888,-888888888,-888888888,-888888888,-888888888,-888888888,-888888888,-888888888,-888888888,-888888888,-888888888,-888888888,-888888888,-888888888,-888888888,-888888888,-888888888,-888888888,-888888888,-888888888,-888888888,-888888888,-888888888,-888888888,-888888888,-888888888,-888888888,-888888888,-888888888,-888888888,-888888888,-888888888,-888888888,-888888888,-888888888,-888888888,-888888888,-888888888,-888888888
2011,McCracken County; Kentucky,52331,31176,31118,28644,2474,58,21155,31118,-888888888,27569,14829,14815,13568,4487,3024,9125,6423,27655,23186,2678,190,263,476,862,17.4,28644,9032,5196,7799,2753,3864,28644,513,1830,3027,21,145,1132,3796,2047,533,1292,2446,6004,3147,1885,992,28644,23038,3729,1822,55,27182,2316,2075,3680,3200,4000,4631,2790,2926,868,696,44054,60316,19869,61716,10080,15447,6060,19457,1437,7490,528,1805,3437,18104,964,613,1850,1778,2631,3787,2366,2657,823,635,57068,73712,25676,9078,23490,32371,25621,50523,31265,-888888888,-888888888,-888888888,-888888888,-888888888,-888888888,-888888888,-888888888,-888888888,-888888888,-888888888,-888888888,-888888888,-888888888,-888888888,-888888888,-888888888,-888888888,-888888888,-888888888,-888888888,-888888888,-888888888,-888888888,-888888888,-888888888,-888888888,-888888888,-888888888,-888888888,-888888888,-888888888,-888888888,-888888888,-888888888,-888888888,-888888888,-888888888,-888888888,-888888888,-888888888,-888888888,-888888888
2011,Shelby County; Kentucky,32434,21612,21553,19986,1567,59,10822,21553,-888888888,17129,9996,9996,9304,3040,1968,6672,4535,19555,14865,3267,33,424,126,840,24.7,19986,6391,3438,4866,2260,3031,19986,768,1284,3039,21,211,498,2038,984,291,1326,1692,3818,1767,1319,1162,19986,16000,2850,1062,74,15030,879,577,1383,1497,2462,2638,2252,1955,705,682,56417,73594,12204,73746,4149,16664,2942,22176,535,7876,609,3836,1590,11128,387,372,654,842,1682,1990,2101,1783,662,655,70897,84926,27655,3902,29971,37756,30730,49172,36767,-888888888,-888888888,-888888888,-888888888,-888888888,-888888888,-888888888,-888888888,-888888888,-888888888,-888888888,-888888888,-888888888,-888888888,-888888888,-888888888,-888888888,-888888888,-888888888,-888888888,-888888888,-888888888,-888888888,-888888888,-888888888,-888888888,-888888888,-888888888,-888888888,-888888888,-888888888,-888888888,-888888888,-888888888,-888888888,-888888888,-888888888,-888888888,-888888888,-888888888,-888888888,-888888888,-888888888
2011,Whitley County; Kentucky,28180,13821,13775,12357,1418,46,14359,13775,-888888888,14679,6651,6651,6240,2766,1877,5025,2920,12079,9896,1519,143,291,48,182,20.9,12357,3137,2726,3276,920,2298,12357,248,590,1781,21,235,256,1661,550,242,365,907,3693,900,448,716,12357,9194,2490,667,6,13197,1999,1331,2509,1640,2099,1826,874,763,99,57,29280,40283,8278,44305,5136,14846,2480,14639,1714,8374,397,3836,3189,9226,719,714,1701,1313,1729,1498,777,631,95,49,36189,46327,15430,3971,15004,24594,19713,35684,24863,-888888888,-888888888,-888888888,-888888888,-888888888,-888888888,-888888888,-888888888,-888888888,-888888888,-888888888,-888888888,-888888888,-888888888,-888888888,-888888888,-888888888,-888888888,-888888888,-888888888,-888888888,-888888888,-888888888,-888888888,-888888888,-888888888,-888888888,-888888888,-888888888,-888888888,-888888888,-888888888,-888888888,-888888888,-888888888,-888888888,-888888888,-888888888,-888888888,-888888888,-888888888,-888888888,-888888888
2011,Anderson County; Kentucky,16570,11202,11153,10283,870,49,5368,11153,-888888888,8732,5343,5343,4971,1513,1006,3246,2306,10188,8508,1388,12,38,87,155,26.7,10283,3453,1434,2430,941,2025,10283,148,634,1846,21,005,201,1226,424,134,519,613,2241,734,412,1151,10283,7558,2189,487,49,8386,447,320,902,868,1470,1806,1329,927,226,91,52447,62280,6811,57710,2418,15951,2133,20957,336,9261,210,7611,1047,6008,213,159,353,528,969,1479,1176,832,208,91,65391,71446,24910,2378,29962,35943,30632,43361,35851,-888888888,-888888888,-888888888,-888888888,-888888888,-888888888,-888888888,-888888888,-888888888,-888888888,-888888888,-888888888,-888888888,-888888888,-888888888,-888888888,-888888888,-888888888,-888888888,-888888888,-888888888,-888888888,-888888888,-888888888,-888888888,-888888888,-888888888,-888888888,-888888888,-888888888,-888888888,-888888888,-888888888,-888888888,-888888888,-888888888,-888888888,-888888888,-888888888,-888888888,-888888888,-888888888,-888888888
2011,Breckinridge County; Kentucky,15593,8420,8416,7251,1165,4,7173,8416,-888888888,7857,3757,3757,3323,1416,876,3254,2191,7129,5614,779,3,125,136,472,29.8,7251,1919,996,1416,1337,1583,7251,400,784,1294,21,027,263,1011,360,78,212,330,1402,446,384,287,7251,5216,1128,882,25,7519,653,511,1455,822,1288,1586,697,386,62,59,38325,46486,5054,48421,3095,15092,1755,18365,692,7964,73,1760,1240,5400,202,334,963,496,963,1372,623,330,58,59,45679,52897,17872,2119,22550,28415,21994,37738,26824,-888888888,-888888888,-888888888,-888888888,-888888888,-888888888,-888888888,-888888888,-888888888,-888888888,-888888888,-888888888,-888888888,-888888888,-888888888,-888888888,-888888888,-888888888,-888888888,-888888888,-888888888,-888888888,-888888888,-888888888,-888888888,-888888888,-888888888,-888888888,-888888888,-888888888,-888888888,-888888888,-888888888,-888888888,-888888888,-888888888,-888888888,-888888888,-888888888,-888888888,-888888888,-888888888,-888888888
2011,Floyd County; Kentucky,31823,13480,13467,12185,1282,13,18343,13467,-888888888,16471,6456,6456,5998,2723,1184,5239,2350,11831,9958,1107,23,390,28,325,22.4,12185,3343,2116,3426,1748,1552,12185,1155,894,540,21,071,339,2275,589,133,477,738,2775,1138,337,795,12185,9243,2404,538,0,15562,2633,1366,2862,2346,1935,2290,967,870,180,113,28221,39920,8821,46793,7496,14419,3113,14602,1648,7673,420,2659,4026,10614,1199,545,1836,1830,1605,1762,828,732,180,97,34077,46064,16201,4948,16085,24980,22708,41797,24588,-888888888,-888888888,-888888888,-888888888,-888888888,-888888888,-888888888,-888888888,-888888888,-888888888,-888888888,-888888888,-888888888,-888888888,-888888888,-888888888,-888888888,-888888888,-888888888,-888888888,-888888888,-888888888,-888888888,-888888888,-888888888,-888888888,-888888888,-888888888,-888888888,-888888888,-888888888,-888888888,-888888888,-888888888,-888888888,-888888888,-888888888,-888888888,-888888888,-888888888,-888888888,-888888888,-888888888
2011,Franklin County; Kentucky,39706,25020,24903,22774,2129,117,14686,24903,-888888888,20682,12259,12238,11419,3561,2789,6635,5395,22459,17636,2957,359,590,223,694,18.1,22774,8168,3945,5710,2359,2592,22774,321,1464,2279,21,073,117,2075,751,397,1394,1806,3863,2452,1067,4788,22774,13826,7547,1385,16,20936,1623,1088,2294,2443,3530,3658,2753,2431,670,446,47062,62243,16083,57550,6014,15667,6173,30746,871,8426,121,3058,2580,12717,829,218,1159,1198,1840,2368,1992,2089,627,397,60901,74716,26714,8219,33495,41305,28010,41348,36418,-888888888,-888888888,-888888888,-888888888,-888888888,-888888888,-888888888,-888888888,-888888888,-888888888,-888888888,-888888888,-888888888,-888888888,-888888888,-888888888,-888888888,-888888888,-888888888,-888888888,-888888888,-888888888,-888888888,-888888888,-888888888,-888888888,-888888888,-888888888,-888888888,-888888888,-888888888,-888888888,-888888888,-888888888,-888888888,-888888888,-888888888,-888888888,-888888888,-888888888,-888888888,-888888888,-888888888
2011,Kenton County; Kentucky,123695,84836,84808,78617,6191,28,38859,84808,-888888888,63493,40469,40469,37981,13531,8821,24445,18180,76970,64125,7103,1952,1183,479,2128,22.4,78617,27317,12385,22540,5963,10412,78617,265,4629,9477,21,117,2806,8481,5750,1700,7388,7712,16027,7659,2912,3811,78617,65974,9305,3301,37,62054,3715,3138,6586,6159,9442,12800,7998,7772,2182,2262,53375,69117,50488,69828,16029,16429,9905,21220,2818,8172,1321,2999,5793,40479,1710,1148,2924,3287,5471,8699,6364,6943,1995,1938,66062,81891,27484,21575,33057,42176,32057,46631,38193,-888888888,-888888888,-888888888,-888888888,-888888888,-888888888,-888888888,-888888888,-888888888,-888888888,-888888888,-888888888,-888888888,-888888888,-888888888,-888888888,-888888888,-888888888,-888888888,-888888888,-888888888,-888888888,-888888888,-888888888,-888888888,-888888888,-888888888,-888888888,-888888888,-888888888,-888888888,-888888888,-888888888,-888888888,-888888888,-888888888,-888888888,-888888888,-888888888,-888888888,-888888888,-888888888,-888888888
2011,McCreary County; Kentucky,14490,5958,5958,5000,958,0,8532,5958,-888888888,6585,2603,2603,2290,1283,673,2296,1575,4838,3853,622,50,131,45,137,26.9,5000,1167,1064,968,817,984,5000,195,506,683,21,147,64,665,264,91,79,263,1417,385,78,310,5000,3557,1097,318,28,6333,975,775,1476,1175,640,815,251,226,0,0,24292,32407,3564,37906,2474,13702,1000,15063,1213,8068,280,3008,2156,4637,208,541,1073,1023,624,735,261,172,0,0,30003,37244,12425,1696,10971,17737,17145,30761,25901,-888888888,-888888888,-888888888,-888888888,-888888888,-888888888,-888888888,-888888888,-888888888,-888888888,-888888888,-888888888,-888888888,-888888888,-888888888,-888888888,-888888888,-888888888,-888888888,-888888888,-888888888,-888888888,-888888888,-888888888,-888888888,-888888888,-888888888,-888888888,-888888888,-888888888,-888888888,-888888888,-888888888,-888888888,-888888888,-888888888,-888888888,-888888888,-888888888,-888888888,-888888888,-888888888,-888888888
2011,Madison County; Kentucky,66433,42521,42427,38694,3733,94,23912,42427,-888888888,34627,20091,20091,18367,5779,3842,10726,7691,38089,29513,5084,33,2094,562,803,22.8,38694,12951,7908,9424,3560,4851,38694,561,2430,4533,21,151,943,4805,1193,734,1629,2315,11568,4109,1931,1943,38694,29698,7160,1816,20,31130,3082,2465,3977,3595,4619,5597,3397,3110,827,461,41876,55773,24222,55985,8814,15171,6120,21268,1798,7280,884,3034,4598,20270,972,1073,1950,2246,2973,4351,2892,2647,735,431,55301,66748,21737,10860,23052,32461,20835,44364,32071,-888888888,-888888888,-888888888,-888888888,-888888888,-888888888,-888888888,-888888888,-888888888,-888888888,-888888888,-888888888,-888888888,-888888888,-888888888,-888888888,-888888888,-888888888,-888888888,-888888888,-888888888,-888888888,-888888888,-888888888,-888888888,-888888888,-888888888,-888888888,-888888888,-888888888,-888888888,-888888888,-888888888,-888888888,-888888888,-888888888,-888888888,-888888888,-888888888,-888888888,-888888888,-888888888,-888888888
2011,Magoffin County; Kentucky,10421,4099,4099,3658,441,0,6322,4099,-888888888,5338,1774,1774,1670,925,275,2036,911,3431,2790,474,31,61,7,68,29.8,3658,1104,633,615,697,609,3658,233,389,379,21,153,119,331,155,18,228,239,991,318,122,136,3658,2648,819,178,13,4795,1101,492,766,562,507,848,248,196,43,32,25410,37502,2875,44142,1852,11878,825,17145,793,7316,113,8126,1535,3437,519,266,505,390,403,848,235,196,43,32,36816,46011,14506,1358,11126,14762,21859,32419,26714,-888888888,-888888888,-888888888,-888888888,-888888888,-888888888,-888888888,-888888888,-888888888,-888888888,-888888888,-888888888,-888888888,-888888888,-888888888,-888888888,-888888888,-888888888,-888888888,-888888888,-888888888,-888888888,-888888888,-888888888,-888888888,-888888888,-888888888,-888888888,-888888888,-888888888,-888888888,-888888888,-888888888,-888888888,-888888888,-888888888,-888888888,-888888888,-888888888,-888888888,-888888888,-888888888,-888888888
2011,Metcalfe County; Kentucky,8015,4742,4742,4431,311,0,3273,4742,-888888888,4054,2137,2137,1958,648,323,1455,961,4284,3424,585,0,74,24,177,22.6,4431,1019,572,749,601,1490,4431,347,391,1373,21,169,82,375,329,71,88,182,741,275,100,77,4431,3295,516,620,0,4019,508,376,441,669,824,745,224,179,51,2,35199,41340,2959,41349,1507,12923,637,14553,401,6524,49,11698,612,2814,188,177,203,499,644,682,217,151,51,2,41382,48897,16577,1205,18639,22092,21390,30850,22430,-888888888,-888888888,-888888888,-888888888,-888888888,-888888888,-888888888,-888888888,-888888888,-888888888,-888888888,-888888888,-888888888,-888888888,-888888888,-888888888,-888888888,-888888888,-888888888,-888888888,-888888888,-888888888,-888888888,-888888888,-888888888,-888888888,-888888888,-888888888,-888888888,-888888888,-888888888,-888888888,-888888888,-888888888,-888888888,-888888888,-888888888,-888888888,-888888888,-888888888,-888888888,-888888888,-888888888
2011,Owsley County; Kentucky,3891,1312,1312,1079,233,0,2579,1312,-888888888,1916,711,711,606,258,115,600,322,1071,813,94,0,88,0,76,18.1,1079,232,370,177,166,134,1079,59,151,29,21,189,32,113,27,0,20,50,347,41,48,162,1079,548,390,141,0,1650,413,198,403,218,149,119,88,62,0,0,19344,29455,769,33127,840,12171,354,16426,333,8574,37,2005,485,1105,152,89,298,162,149,107,88,60,0,0,25649,36722,11883,545,10991,14635,18118,33510,30846,-888888888,-888888888,-888888888,-888888888,-888888888,-888888888,-888888888,-888888888,-888888888,-888888888,-888888888,-888888888,-888888888,-888888888,-888888888,-888888888,-888888888,-888888888,-888888888,-888888888,-888888888,-888888888,-888888888,-888888888,-888888888,-888888888,-888888888,-888888888,-888888888,-888888888,-888888888,-888888888,-888888888,-888888888,-888888888,-888888888,-888888888,-888888888,-888888888,-888888888,-888888888,-888888888,-888888888
2011,Rowan County; Kentucky,19231,10350,10332,9676,656,18,8881,10332,-888888888,9906,5240,5240,5043,1438,761,2877,2099,9522,7212,1230,5,515,75,485,21.8,9676,3149,1932,2436,839,1320,9676,219,663,1004,21,205,45,1472,313,115,360,390,3440,1035,283,337,9676,6720,2279,571,106,8206,1258,832,1196,1055,918,1287,810,591,116,143,32763,47052,5821,51146,2643,14393,1341,19803,606,6794,183,3102,1383,5450,353,478,692,711,773,971,728,505,116,123,45147,56398,16889,2756,17391,26007,18894,35702,29178,-888888888,-888888888,-888888888,-888888888,-888888888,-888888888,-888888888,-888888888,-888888888,-888888888,-888888888,-888888888,-888888888,-888888888,-888888888,-888888888,-888888888,-888888888,-888888888,-888888888,-888888888,-888888888,-888888888,-888888888,-888888888,-888888888,-888888888,-888888888,-888888888,-888888888,-888888888,-888888888,-888888888,-888888888,-888888888,-888888888,-888888888,-888888888,-888888888,-888888888,-888888888,-888888888,-888888888
2011,Simpson County; Kentucky,13738,8667,8667,7916,751,0,5071,8667,-888888888,7095,4348,4348,3938,1244,904,2716,1927,7795,6387,851,0,143,150,264,19.2,7916,1934,1064,2340,757,1821,7916,262,575,1950,21,213,123,968,252,107,447,445,1396,759,394,238,7916,6336,805,758,17,6672,675,331,923,871,1003,1457,775,512,60,65,41493,52394,4962,54310,2250,15840,975,16470,310,8069,116,5200,817,4772,301,182,377,620,794,1251,671,451,60,65,51366,60243,20736,1900,21064,28955,25409,40752,29694,-888888888,-888888888,-888888888,-888888888,-888888888,-888888888,-888888888,-888888888,-888888888,-888888888,-888888888,-888888888,-888888888,-888888888,-888888888,-888888888,-888888888,-888888888,-888888888,-888888888,-888888888,-888888888,-888888888,-888888888,-888888888,-888888888,-888888888,-888888888,-888888888,-888888888,-888888888,-888888888,-888888888,-888888888,-888888888,-888888888,-888888888,-888888888,-888888888,-888888888,-888888888,-888888888,-888888888
2011,Taylor County; Kentucky,19600,11396,11366,10206,1160,30,8204,11366,-888888888,10356,5476,5476,4996,1651,885,3569,2336,10030,7985,1145,34,235,95,536,18.7,10206,2593,1754,2823,969,2067,10206,324,523,1748,21,217,216,1725,555,51,388,964,1911,709,521,571,10206,8189,1141,876,0,9633,1132,1006,1464,1206,1581,1678,812,600,107,47,35054,44277,6593,47110,3668,14299,2147,14169,753,7639,307,2962,1591,6501,589,351,628,738,1220,1581,716,524,107,47,45698,53266,18087,3132,18750,23749,22137,31481,27902,-888888888,-888888888,-888888888,-888888888,-888888888,-888888888,-888888888,-888888888,-888888888,-888888888,-888888888,-888888888,-888888888,-888888888,-888888888,-888888888,-888888888,-888888888,-888888888,-888888888,-888888888,-888888888,-888888888,-888888888,-888888888,-888888888,-888888888,-888888888,-888888888,-888888888,-888888888,-888888888,-888888888,-888888888,-888888888,-888888888,-888888888,-888888888,-888888888,-888888888,-888888888,-888888888,-888888888
2011,Clark County; Kentucky,28113,17375,17370,15867,1503,5,10738,17370,-888888888,14819,8184,8184,7391,2466,1733,5049,3504,15317,12657,1784,96,257,124,399,23.7,15867,4990,2488,3999,1692,2698,15867,624,861,2432,21,049,444,2414,907,241,802,1368,3009,954,968,843,15867,12533,2379,854,101,14406,1228,994,1928,1512,2104,2793,1516,1679,397,255,45726,59024,10667,61759,4800,14121,3153,19885,886,7739,419,2735,2393,10295,563,509,1103,909,1427,2400,1250,1531,368,235,55536,68440,24022,4111,23602,32093,28011,42936,31102,-888888888,-888888888,-888888888,-888888888,-888888888,-888888888,-888888888,-888888888,-888888888,-888888888,-888888888,-888888888,-888888888,-888888888,-888888888,-888888888,-888888888,-888888888,-888888888,-888888888,-888888888,-888888888,-888888888,-888888888,-888888888,-888888888,-888888888,-888888888,-888888888,-888888888,-888888888,-888888888,-888888888,-888888888,-888888888,-888888888,-888888888,-888888888,-888888888,-888888888,-888888888,-888888888,-888888888
2011,Todd County; Kentucky,9394,5486,5427,4986,441,59,3908,5427,-888888888,4880,2375,2375,2170,1123,660,2042,1285,5016,3938,661,19,143,188,67,24.4,4986,1011,869,1109,677,1320,4986,474,298,1155,21,219,103,633,245,127,193,129,945,249,269,166,4986,3776,855,337,18,4665,512,355,610,692,843,853,417,244,106,33,39417,47482,3319,48865,1534,13939,740,21149,455,8036,131,2921,615,3326,180,215,394,535,565,700,400,211,93,33,44955,54134,18176,1339,21568,29460,24559,34788,27541,-888888888,-888888888,-888888888,-888888888,-888888888,-888888888,-888888888,-888888888,-888888888,-888888888,-888888888,-888888888,-888888888,-888888888,-888888888,-888888888,-888888888,-888888888,-888888888,-888888888,-888888888,-888888888,-888888888,-888888888,-888888888,-888888888,-888888888,-888888888,-888888888,-888888888,-888888888,-888888888,-888888888,-888888888,-888888888,-888888888,-888888888,-888888888,-888888888,-888888888,-888888888,-888888888,-888888888
2011,Carlisle County; Kentucky,4070,2197,2197,1927,270,0,1873,2197,-888888888,2134,977,977,863,394,260,749,473,1855,1546,204,15,11,1,78,26.2,1927,351,367,459,349,401,1927,137,200,331,21,039,43,215,130,0,170,75,328,84,114,100,1927,1454,292,181,0,2018,190,146,422,211,368,374,173,97,30,7,35699,43786,1370,47126,888,13697,359,14533,70,8150,15,1853,271,1470,78,42,259,146,357,302,170,81,28,7,41637,50513,17926,548,16875,24863,24892,41196,24732,-888888888,-888888888,-888888888,-888888888,-888888888,-888888888,-888888888,-888888888,-888888888,-888888888,-888888888,-888888888,-888888888,-888888888,-888888888,-888888888,-888888888,-888888888,-888888888,-888888888,-888888888,-888888888,-888888888,-888888888,-888888888,-888888888,-888888888,-888888888,-888888888,-888888888,-888888888,-888888888,-888888888,-888888888,-888888888,-888888888,-888888888,-888888888,-888888888,-888888888,-888888888,-888888888,-888888888
2011,Carroll County; Kentucky,8437,5120,5120,4417,703,0,3317,5120,-888888888,4202,2411,2411,2095,825,609,1720,1350,4292,3473,539,5,79,132,64,19.8,4417,892,763,922,866,974,4417,120,650,1217,21,041,40,267,405,4,164,198,624,420,58,250,4417,3494,678,232,13,4195,447,267,779,380,543,698,485,421,121,54,42063,54809,2979,60309,1343,13440,859,13489,359,7512,32,2434,925,3062,316,187,385,283,417,543,411,387,79,54,48716,60098,20966,1133,22204,36836,24497,48665,29621,-888888888,-888888888,-888888888,-888888888,-888888888,-888888888,-888888888,-888888888,-888888888,-888888888,-888888888,-888888888,-888888888,-888888888,-888888888,-888888888,-888888888,-888888888,-888888888,-888888888,-888888888,-888888888,-888888888,-888888888,-888888888,-888888888,-888888888,-888888888,-888888888,-888888888,-888888888,-888888888,-888888888,-888888888,-888888888,-888888888,-888888888,-888888888,-888888888,-888888888,-888888888,-888888888,-888888888
2011,Clinton County; Kentucky,8071,4232,4214,3868,346,18,3839,4214,-888888888,4126,1804,1804,1696,658,264,1551,917,3810,3235,302,0,53,34,186,16.4,3868,768,531,1042,465,1062,3868,372,258,948,21,053,92,419,251,47,125,122,601,250,162,221,3868,2782,658,428,0,3986,700,452,657,614,714,368,247,124,17,93,27654,38478,2426,43587,1625,11938,736,25314,425,8319,37,427,1023,2773,265,199,504,507,599,357,208,77,17,40,31595,42051,15876,1213,13352,29376,21193,27463,25592,-888888888,-888888888,-888888888,-888888888,-888888888,-888888888,-888888888,-888888888,-888888888,-888888888,-888888888,-888888888,-888888888,-888888888,-888888888,-888888888,-888888888,-888888888,-888888888,-888888888,-888888888,-888888888,-888888888,-888888888,-888888888,-888888888,-888888888,-888888888,-888888888,-888888888,-888888888,-888888888,-888888888,-888888888,-888888888,-888888888,-888888888,-888888888,-888888888,-888888888,-888888888,-888888888,-888888888
2011,Estill County; Kentucky,11680,5369,5363,4638,725,6,6311,5363,-888888888,5874,2452,2449,2173,998,349,2274,1176,4585,3587,811,26,133,0,28,32.0,4638,1042,693,973,557,1373,4638,94,376,1000,21,065,186,518,276,47,166,262,969,181,218,345,4638,3512,970,156,0,5680,1159,330,979,797,899,679,477,295,25,40,28148,40058,3426,43451,2254,14412,1173,15482,735,8250,305,2017,1726,3891,674,73,597,507,618,657,468,245,14,38,36554,46774,16212,1789,17019,24440,25128,34500,27109,-888888888,-888888888,-888888888,-888888888,-888888888,-888888888,-888888888,-888888888,-888888888,-888888888,-888888888,-888888888,-888888888,-888888888,-888888888,-888888888,-888888888,-888888888,-888888888,-888888888,-888888888,-888888888,-888888888,-888888888,-888888888,-888888888,-888888888,-888888888,-888888888,-888888888,-888888888,-888888888,-888888888,-888888888,-888888888,-888888888,-888888888,-888888888,-888888888,-888888888,-888888888,-888888888,-888888888
2011,Greenup County; Kentucky,29578,14962,14947,13581,1366,15,14616,14947,-888888888,15525,7297,7297,6686,2177,1465,5318,3496,13347,11695,1171,59,102,75,245,22.4,13581,4620,2220,3372,1542,1827,13581,204,851,1222,21,089,211,2008,1048,304,635,850,4202,1143,411,492,13581,10724,2133,703,21,14309,1465,1018,1940,1846,2111,2889,1290,1183,348,219,41902,53771,9362,57850,5739,17496,3414,19135,1336,7878,365,5684,2270,10013,553,382,1077,1107,1736,2515,1092,1048,335,168,51552,62894,21565,4296,19923,31105,25979,45132,30571,-888888888,-888888888,-888888888,-888888888,-888888888,-888888888,-888888888,-888888888,-888888888,-888888888,-888888888,-888888888,-888888888,-888888888,-888888888,-888888888,-888888888,-888888888,-888888888,-888888888,-888888888,-888888888,-888888888,-888888888,-888888888,-888888888,-888888888,-888888888,-888888888,-888888888,-888888888,-888888888,-888888888,-888888888,-888888888,-888888888,-888888888,-888888888,-888888888,-888888888,-888888888,-888888888,-888888888
2011,Fleming County; Kentucky,11267,6723,6713,6093,620,10,4544,6713,-888888888,5838,2975,2975,2782,1046,542,2462,1568,5988,4723,674,10,134,38,409,26.9,6093,1976,495,1385,744,1493,6093,617,381,1095,21,069,268,799,381,94,129,196,1598,140,156,239,6093,4151,985,957,0,5611,735,720,810,761,504,931,666,449,11,24,31979,44304,3962,49005,2204,11861,942,15101,499,6245,142,1997,1029,3933,245,299,491,554,360,863,671,415,11,24,50205,54316,17456,1678,13966,19188,24207,34982,28536,-888888888,-888888888,-888888888,-888888888,-888888888,-888888888,-888888888,-888888888,-888888888,-888888888,-888888888,-888888888,-888888888,-888888888,-888888888,-888888888,-888888888,-888888888,-888888888,-888888888,-888888888,-888888888,-888888888,-888888888,-888888888,-888888888,-888888888,-888888888,-888888888,-888888888,-888888888,-888888888,-888888888,-888888888,-888888888,-888888888,-888888888,-888888888,-888888888,-888888888,-888888888,-888888888,-888888888
2011,Carter County; Kentucky,22088,11841,11824,10843,981,17,10247,11824,-888888888,11279,5549,5549,5245,1736,780,4218,2456,10523,8080,1841,42,288,98,174,28.9,10843,2971,1897,2261,1809,1905,10843,214,1016,1457,21,043,147,1404,719,467,346,559,2708,1000,580,226,10843,8528,1793,514,8,10407,1359,874,1490,1401,1722,1693,875,698,130,165,35637,48100,7008,52125,4176,14490,2093,16842,955,7335,238,2079,1685,7287,423,322,1096,919,1284,1494,830,658,96,165,44429,57747,19559,3120,15386,24116,21542,42235,26555,-888888888,-888888888,-888888888,-888888888,-888888888,-888888888,-888888888,-888888888,-888888888,-888888888,-888888888,-888888888,-888888888,-888888888,-888888888,-888888888,-888888888,-888888888,-888888888,-888888888,-888888888,-888888888,-888888888,-888888888,-888888888,-888888888,-888888888,-888888888,-888888888,-888888888,-888888888,-888888888,-888888888,-888888888,-888888888,-888888888,-888888888,-888888888,-888888888,-888888888,-888888888,-888888888,-888888888
2011,Elliott County; Kentucky,6182,2424,2406,2108,298,18,3758,2406,-888888888,2704,1106,1106,962,477,230,879,552,2016,1616,281,15,13,39,52,32.3,2108,641,444,297,236,490,2108,46,219,238,21,063,35,281,157,75,8,52,513,120,182,182,2108,1450,512,146,0,2602,486,406,393,354,262,332,229,108,32,0,25769,36183,1511,42761,1023,12474,442,19149,422,7300,88,1568,918,1865,161,244,288,266,248,289,229,108,32,0,34424,44185,13952,737,11026,15262,18500,31052,28309,-888888888,-888888888,-888888888,-888888888,-888888888,-888888888,-888888888,-888888888,-888888888,-888888888,-888888888,-888888888,-888888888,-888888888,-888888888,-888888888,-888888888,-888888888,-888888888,-888888888,-888888888,-888888888,-888888888,-888888888,-888888888,-888888888,-888888888,-888888888,-888888888,-888888888,-888888888,-888888888,-888888888,-888888888,-888888888,-888888888,-888888888,-888888888,-888888888,-888888888,-888888888,-888888888,-888888888
2011,Jefferson County; Kentucky,583467,386199,385278,348636,36642,921,197268,385278,-888888888,306596,188011,187909,170581,54501,38135,106004,79379,341572,278593,30711,11278,6923,4547,9520,21.6,348636,123882,58347,90781,24251,51375,348636,728,17542,38896,21,111,11048,36777,27105,8221,28343,35079,83119,33446,17327,11005,348636,291381,40789,16087,379,301312,25995,18543,35476,34640,44934,54407,33744,32670,10183,10720,46298,64992,233140,65704,85862,15918,58739,21447,15052,8148,8182,3211,36458,186142,10516,6761,15537,17500,25862,36809,26632,27997,9137,9391,61217,79437,27301,115170,29403,39704,28982,44453,35802,-888888888,-888888888,-888888888,-888888888,-888888888,-888888888,-888888888,-888888888,-888888888,-888888888,-888888888,-888888888,-888888888,-888888888,-888888888,-888888888,-888888888,-888888888,-888888888,-888888888,-888888888,-888888888,-888888888,-888888888,-888888888,-888888888,-888888888,-888888888,-888888888,-888888888,-888888888,-888888888,-888888888,-888888888,-888888888,-888888888,-888888888,-888888888,-888888888,-888888888,-888888888,-888888888,-888888888
2011,Larue County; Kentucky,11363,6157,6111,5615,496,46,5206,6111,-888888888,5717,2770,2770,2584,861,334,2261,1392,5547,4662,572,0,59,40,214,27.8,5615,1457,794,1048,993,1323,5615,279,594,1073,21,123,106,545,465,42,248,177,1201,310,306,269,5615,4121,888,529,77,5035,555,455,759,584,730,1036,414,366,84,52,37920,48044,3485,50488,1770,14395,1261,18659,445,7024,151,1795,747,3466,241,132,331,417,572,909,380,356,84,44,50613,57912,18499,1569,18002,24382,21897,32708,25593,-888888888,-888888888,-888888888,-888888888,-888888888,-888888888,-888888888,-888888888,-888888888,-888888888,-888888888,-888888888,-888888888,-888888888,-888888888,-888888888,-888888888,-888888888,-888888888,-888888888,-888888888,-888888888,-888888888,-888888888,-888888888,-888888888,-888888888,-888888888,-888888888,-888888888,-888888888,-888888888,-888888888,-888888888,-888888888,-888888888,-888888888,-888888888,-888888888,-888888888,-888888888,-888888888,-888888888
2011,Mason County; Kentucky,13711,8237,8229,7441,788,8,5474,8229,-888888888,7245,4065,4065,3744,1492,1119,2433,1889,7295,5949,752,29,182,129,254,22.9,7441,2099,1468,1825,846,1203,7441,388,556,966,21,161,189,958,587,122,329,397,1594,671,364,320,7441,5755,1014,655,17,6568,647,497,907,921,835,1267,654,609,80,151,40678,58374,4947,56338,2408,13167,1228,17935,531,7514,185,2270,1174,4819,236,185,672,664,659,1040,591,580,80,112,49804,67107,22599,1749,19786,33270,22497,43299,26330,-888888888,-888888888,-888888888,-888888888,-888888888,-888888888,-888888888,-888888888,-888888888,-888888888,-888888888,-888888888,-888888888,-888888888,-888888888,-888888888,-888888888,-888888888,-888888888,-888888888,-888888888,-888888888,-888888888,-888888888,-888888888,-888888888,-888888888,-888888888,-888888888,-888888888,-888888888,-888888888,-888888888,-888888888,-888888888,-888888888,-888888888,-888888888,-888888888,-888888888,-888888888,-888888888,-888888888
2011,Garrard County; Kentucky,13526,8453,8446,7382,1064,7,5073,8446,-888888888,6974,4067,4067,3565,1066,597,2525,2038,7033,5699,865,55,49,24,341,29.0,7382,1700,1037,1861,1247,1537,7382,200,971,1395,21,079,168,747,548,126,277,315,1682,402,307,244,7382,5402,1293,619,68,6388,765,409,888,812,882,1181,1014,292,101,44,40137,49649,4825,49138,2115,14382,1279,15724,451,8302,81,7185,1175,4683,353,210,562,455,710,1002,962,284,101,44,51038,57757,19437,1705,21686,25292,24795,40394,30828,-888888888,-888888888,-888888888,-888888888,-888888888,-888888888,-888888888,-888888888,-888888888,-888888888,-888888888,-888888888,-888888888,-888888888,-888888888,-888888888,-888888888,-888888888,-888888888,-888888888,-888888888,-888888888,-888888888,-888888888,-888888888,-888888888,-888888888,-888888888,-888888888,-888888888,-888888888,-888888888,-888888888,-888888888,-888888888,-888888888,-888888888,-888888888,-888888888,-888888888,-888888888,-888888888,-888888888
2011,Campbell County; Kentucky,71593,49191,49150,45535,3615,41,22402,49150,-888888888,36875,24024,24024,22462,6442,4891,13119,9999,44562,36606,4227,882,1176,366,1305,21.7,45535,16135,6856,13027,4028,5489,45535,235,2996,5275,21,037,1481,5536,2674,924,3708,4287,10231,4155,2074,1959,45535,37547,5940,1938,110,35258,2234,2005,4015,3470,4962,7021,4145,4942,1481,983,53018,67773,27719,70433,9903,16333,6696,18992,1603,8868,555,3123,2903,22386,699,722,1518,1772,2681,5106,3482,4127,1383,896,68155,83150,27501,12872,30490,38962,31194,47358,37893,-888888888,-888888888,-888888888,-888888888,-888888888,-888888888,-888888888,-888888888,-888888888,-888888888,-888888888,-888888888,-888888888,-888888888,-888888888,-888888888,-888888888,-888888888,-888888888,-888888888,-888888888,-888888888,-888888888,-888888888,-888888888,-888888888,-888888888,-888888888,-888888888,-888888888,-888888888,-888888888,-888888888,-888888888,-888888888,-888888888,-888888888,-888888888,-888888888,-888888888,-888888888,-888888888,-888888888
2011,Grant County; Kentucky,18520,12127,12119,10916,1203,8,6393,12119,-888888888,9361,5649,5649,5160,2053,1341,4251,2861,10672,8665,1555,73,76,49,254,29.1,10916,2601,1783,2715,1452,2365,10916,234,842,2121,21,081,349,1295,893,86,612,698,2106,887,450,343,10916,8750,1453,713,0,8755,657,491,983,1061,1821,1483,1056,848,200,155,43755,58129,7286,53688,2744,15050,1741,19127,493,7799,247,3027,1663,6953,481,267,741,762,1350,1205,1030,762,200,155,48585,63490,20894,1802,28125,32934,25590,38100,29783,-888888888,-888888888,-888888888,-888888888,-888888888,-888888888,-888888888,-888888888,-888888888,-888888888,-888888888,-888888888,-888888888,-888888888,-888888888,-888888888,-888888888,-888888888,-888888888,-888888888,-888888888,-888888888,-888888888,-888888888,-888888888,-888888888,-888888888,-888888888,-888888888,-888888888,-888888888,-888888888,-888888888,-888888888,-888888888,-888888888,-888888888,-888888888,-888888888,-888888888,-888888888,-888888888,-888888888
2011,Logan County; Kentucky,21135,12848,12804,11587,1217,44,8287,12804,-888888888,10903,5800,5800,5197,2087,1138,4076,2740,11324,9221,1138,48,208,264,445,23.4,11587,2636,1884,2392,1482,3193,11587,725,668,3315,21,141,194,1249,620,159,333,432,2144,714,735,299,11587,9180,1392,994,21,11044,1164,838,1728,1697,1539,2140,989,683,149,117,35973,47623,8178,49596,3747,14386,2268,14783,763,7037,331,2791,1848,7846,536,167,1212,1049,1182,1832,981,621,149,117,46414,56171,19502,3198,17491,23720,23359,38879,28614,-888888888,-888888888,-888888888,-888888888,-888888888,-888888888,-888888888,-888888888,-888888888,-888888888,-888888888,-888888888,-888888888,-888888888,-888888888,-888888888,-888888888,-888888888,-888888888,-888888888,-888888888,-888888888,-888888888,-888888888,-888888888,-888888888,-888888888,-888888888,-888888888,-888888888,-888888888,-888888888,-888888888,-888888888,-888888888,-888888888,-888888888,-888888888,-888888888,-888888888,-888888888,-888888888,-888888888
2011,Mercer County; Kentucky,16725,10684,10684,9512,1172,0,6041,10684,-888888888,8710,5101,5101,4566,1749,1172,3048,2295,9047,7514,1215,0,15,66,237,25.0,9512,2965,1540,2088,988,1931,9512,314,725,1954,21,167,221,1291,443,240,402,547,2005,648,345,377,9512,7552,1241,709,10,8330,722,716,892,920,1097,1829,946,850,216,142,47690,58068,6148,58657,2983,15238,2060,21018,414,7261,206,3130,1109,5819,242,249,464,590,824,1561,834,742,209,104,57192,66418,23723,2511,21773,36726,27212,41581,32113,-888888888,-888888888,-888888888,-888888888,-888888888,-888888888,-888888888,-888888888,-888888888,-888888888,-888888888,-888888888,-888888888,-888888888,-888888888,-888888888,-888888888,-888888888,-888888888,-888888888,-888888888,-888888888,-888888888,-888888888,-888888888,-888888888,-888888888,-888888888,-888888888,-888888888,-888888888,-888888888,-888888888,-888888888,-888888888,-888888888,-888888888,-888888888,-888888888,-888888888,-888888888,-888888888,-888888888
2011,Union County; Kentucky,12008,6214,6214,5621,593,0,5794,6214,-888888888,5829,2834,2834,2615,1123,829,1988,1320,5503,4635,412,78,151,57,170,21.6,5621,1602,822,1291,810,1096,5621,823,208,953,21,225,69,805,297,95,174,247,1260,249,220,221,5621,4259,821,526,15,5468,531,457,783,685,822,1022,619,434,67,48,38651,49229,3865,52734,1975,14362,1121,14185,479,9775,114,1989,771,3865,269,44,492,491,609,904,515,426,67,48,50724,58494,18681,1603,18327,25078,25208,44122,28147,-888888888,-888888888,-888888888,-888888888,-888888888,-888888888,-888888888,-888888888,-888888888,-888888888,-888888888,-888888888,-888888888,-888888888,-888888888,-888888888,-888888888,-888888888,-888888888,-888888888,-888888888,-888888888,-888888888,-888888888,-888888888,-888888888,-888888888,-888888888,-888888888,-888888888,-888888888,-888888888,-888888888,-888888888,-888888888,-888888888,-888888888,-888888888,-888888888,-888888888,-888888888,-888888888,-888888888
2011,Calloway County; Kentucky,31052,19289,19192,17460,1732,97,11763,19192,-888888888,16542,9489,9472,8533,2045,1550,4224,3121,17198,14180,1371,27,734,199,687,17.8,17460,5614,3157,4427,1656,2606,17460,472,1127,2376,21,035,445,1949,617,119,729,997,5399,1672,953,605,17460,12590,3422,1438,10,14967,1471,1401,2056,1707,2649,2644,1418,1101,292,228,39316,51515,11401,51175,4637,15709,2947,16697,594,7095,204,2646,1542,8998,356,319,822,735,1659,2301,1261,1058,272,215,55186,67953,21273,5969,20718,26151,18937,37994,28609,-888888888,-888888888,-888888888,-888888888,-888888888,-888888888,-888888888,-888888888,-888888888,-888888888,-888888888,-888888888,-888888888,-888888888,-888888888,-888888888,-888888888,-888888888,-888888888,-888888888,-888888888,-888888888,-888888888,-888888888,-888888888,-888888888,-888888888,-888888888,-888888888,-888888888,-888888888,-888888888,-888888888,-888888888,-888888888,-888888888,-888888888,-888888888,-888888888,-888888888,-888888888,-888888888,-888888888
2011,Daviess County; Kentucky,75028,45936,45866,42747,3119,70,29092,45866,-888888888,39163,21757,21757,20422,7459,4861,14652,10167,42136,36219,3741,150,661,418,947,17.7,42747,12348,7400,10232,4536,8231,42747,890,3060,7609,21,059,976,5093,2371,587,2043,2758,10374,3455,1938,1593,42747,34505,5679,2519,44,37279,2905,2735,4825,4325,5613,7460,4651,3340,833,592,44763,56281,27485,58987,12666,15548,7492,18874,2038,8221,875,3224,4426,25144,1308,965,2127,2627,3624,6115,4069,3035,740,534,57174,67031,22516,12135,24085,32331,26934,43657,30627,-888888888,-888888888,-888888888,-888888888,-888888888,-888888888,-888888888,-888888888,-888888888,-888888888,-888888888,-888888888,-888888888,-888888888,-888888888,-888888888,-888888888,-888888888,-888888888,-888888888,-888888888,-888888888,-888888888,-888888888,-888888888,-888888888,-888888888,-888888888,-888888888,-888888888,-888888888,-888888888,-888888888,-888888888,-888888888,-888888888,-888888888,-888888888,-888888888,-888888888,-888888888,-888888888,-888888888
2011,Henderson County; Kentucky,36388,22993,22975,20916,2059,18,13395,22975,-888888888,19183,10862,10862,9884,3413,2389,6539,4439,20472,17852,1889,69,215,151,296,20.6,20916,6177,3480,4815,2172,4272,20916,914,899,4318,21,101,619,2232,1055,340,857,1459,4995,1292,1044,892,20916,17002,2805,1098,11,18652,1530,1292,2590,2597,2736,3361,2272,1533,471,270,41473,55084,14000,55278,6016,16614,3482,22716,1104,8220,309,2511,2572,12297,555,515,1149,1471,2025,2628,1878,1399,447,230,53275,66186,22875,6355,22699,31397,26876,42712,31646,-888888888,-888888888,-888888888,-888888888,-888888888,-888888888,-888888888,-888888888,-888888888,-888888888,-888888888,-888888888,-888888888,-888888888,-888888888,-888888888,-888888888,-888888888,-888888888,-888888888,-888888888,-888888888,-888888888,-888888888,-888888888,-888888888,-888888888,-888888888,-888888888,-888888888,-888888888,-888888888,-888888888,-888888888,-888888888,-888888888,-888888888,-888888888,-888888888,-888888888,-888888888,-888888888,-888888888
2011,Jackson County; Kentucky,10723,5068,5050,4369,681,18,5655,5050,-888888888,5514,2446,2446,2240,975,548,1992,1199,4331,3157,863,32,44,106,129,32.9,4369,891,857,799,599,1223,4369,183,409,863,21,109,73,393,358,64,144,212,1012,269,130,259,4369,3300,767,302,0,5569,1280,715,1086,701,550,591,436,112,42,56,21448,33522,3402,38521,2083,12744,825,14356,868,7353,155,1854,1990,3924,561,467,877,504,470,483,385,93,42,42,25864,38204,14172,1645,11355,20874,20400,35718,25913,-888888888,-888888888,-888888888,-888888888,-888888888,-888888888,-888888888,-888888888,-888888888,-888888888,-888888888,-888888888,-888888888,-888888888,-888888888,-888888888,-888888888,-888888888,-888888888,-888888888,-888888888,-888888888,-888888888,-888888888,-888888888,-888888888,-888888888,-888888888,-888888888,-888888888,-888888888,-888888888,-888888888,-888888888,-888888888,-888888888,-888888888,-888888888,-888888888,-888888888,-888888888,-888888888,-888888888
2011,Meade County; Kentucky,21791,13905,12778,11431,1347,1127,7886,12778,-888888888,10973,6352,6184,5520,2266,1366,5257,3575,12153,10331,1193,68,126,164,271,31.0,11431,2920,1381,2863,1994,2273,11431,261,1343,1206,21,163,364,1380,1256,252,490,629,2247,771,413,819,11431,8299,2458,674,0,10162,730,553,1187,1361,1896,1848,1315,914,325,33,45007,54800,7976,53511,2658,16580,2271,22085,474,9428,184,1889,1185,7634,432,237,697,985,1547,1316,1220,857,310,33,48988,61050,20188,2528,25912,32731,26059,40718,30494,-888888888,-888888888,-888888888,-888888888,-888888888,-888888888,-888888888,-888888888,-888888888,-888888888,-888888888,-888888888,-888888888,-888888888,-888888888,-888888888,-888888888,-888888888,-888888888,-888888888,-888888888,-888888888,-888888888,-888888888,-888888888,-888888888,-888888888,-888888888,-888888888,-888888888,-888888888,-888888888,-888888888,-888888888,-888888888,-888888888,-888888888,-888888888,-888888888,-888888888,-888888888,-888888888,-888888888
2011,Oldham County; Kentucky,44955,29148,29078,27305,1773,70,15807,29078,-888888888,21108,13741,13741,12712,4132,3042,12117,8536,26808,22567,2275,153,355,106,1352,25.5,27305,12570,3646,6475,2092,2522,27305,333,1716,3045,21,185,853,2726,1960,487,2626,2612,6526,2542,1045,834,27305,22384,3427,1484,10,19400,818,594,1214,1045,1828,3465,2784,4141,1627,1884,82578,101787,16983,99674,4356,17431,3397,26063,563,8779,374,4673,923,15732,428,187,637,676,1233,2938,2489,3858,1539,1747,93002,112682,33366,3668,35000,52636,37135,67762,43633,-888888888,-888888888,-888888888,-888888888,-888888888,-888888888,-888888888,-888888888,-888888888,-888888888,-888888888,-888888888,-888888888,-888888888,-888888888,-888888888,-888888888,-888888888,-888888888,-888888888,-888888888,-888888888,-888888888,-888888888,-888888888,-888888888,-888888888,-888888888,-888888888,-888888888,-888888888,-888888888,-888888888,-888888888,-888888888,-888888888,-888888888,-888888888,-888888888,-888888888,-888888888,-888888888,-888888888
2011,Rockcastle County; Kentucky,13581,6750,6750,6050,700,0,6831,6750,-888888888,6935,3302,3302,3077,1089,606,2672,1492,5846,4878,686,0,89,31,162,29.1,6050,1474,964,1693,758,1161,6050,88,591,927,21,203,82,936,304,117,107,242,1512,509,191,444,6050,4533,1144,338,35,6474,1394,704,925,731,837,927,548,356,10,42,26967,39241,4008,45383,2672,12295,1331,15945,758,6061,134,2940,1675,4584,599,341,598,598,700,840,521,335,10,42,38367,47872,15506,1890,11250,16203,22663,37045,31503,-888888888,-888888888,-888888888,-888888888,-888888888,-888888888,-888888888,-888888888,-888888888,-888888888,-888888888,-888888888,-888888888,-888888888,-888888888,-888888888,-888888888,-888888888,-888888888,-888888888,-888888888,-888888888,-888888888,-888888888,-888888888,-888888888,-888888888,-888888888,-888888888,-888888888,-888888888,-888888888,-888888888,-888888888,-888888888,-888888888,-888888888,-888888888,-888888888,-888888888,-888888888,-888888888,-888888888
2011,Allen County; Kentucky,15709,8882,8834,7594,1240,48,6827,8834,-888888888,8058,4061,4061,3590,1458,977,2914,1900,7453,5966,949,13,165,99,261,26.2,7594,1669,1067,2234,1052,1572,7594,459,581,1256,21,003,404,1362,259,79,336,404,1566,386,241,261,7594,5948,999,635,12,7849,1010,831,1067,969,1299,1446,821,294,71,41,35357,43042,5424,44701,2806,14795,1690,16311,621,8848,190,3222,1286,5454,356,254,730,659,1077,1222,750,294,71,41,45133,51718,17582,2395,14774,21977,23710,35844,28918,-888888888,-888888888,-888888888,-888888888,-888888888,-888888888,-888888888,-888888888,-888888888,-888888888,-888888888,-888888888,-888888888,-888888888,-888888888,-888888888,-888888888,-888888888,-888888888,-888888888,-888888888,-888888888,-888888888,-888888888,-888888888,-888888888,-888888888,-888888888,-888888888,-888888888,-888888888,-888888888,-888888888,-888888888,-888888888,-888888888,-888888888,-888888888,-888888888,-888888888,-888888888,-888888888,-888888888
2011,Bullitt County; Kentucky,57326,38320,38244,35002,3242,76,19006,38244,-888888888,29256,18210,18198,16706,5130,3790,12140,9211,33966,29263,3517,120,400,146,520,26.7,35002,8692,4623,9801,4544,7342,35002,222,3134,5401,21,029,1430,3825,3929,586,2322,2716,7099,1873,1255,1210,35002,28752,4657,1517,76,27705,1468,1175,2945,2957,4755,6088,4092,3475,528,222,51857,61529,22420,60418,8249,16048,6173,21941,1295,7446,1060,2910,2835,20565,696,450,1634,1930,3268,5104,3570,3265,426,222,60408,69017,23357,7140,30719,35287,30013,43188,33884,-888888888,-888888888,-888888888,-888888888,-888888888,-888888888,-888888888,-888888888,-888888888,-888888888,-888888888,-888888888,-888888888,-888888888,-888888888,-888888888,-888888888,-888888888,-888888888,-888888888,-888888888,-888888888,-888888888,-888888888,-888888888,-888888888,-888888888,-888888888,-888888888,-888888888,-888888888,-888888888,-888888888,-888888888,-888888888,-888888888,-888888888,-888888888,-888888888,-888888888,-888888888,-888888888,-888888888
2011,Fulton County; Kentucky,5558,2917,2900,2450,450,17,2641,2900,-888888888,2839,1244,1244,1032,389,267,903,613,2427,2030,221,0,31,71,74,16.0,2450,572,355,396,313,814,2450,95,194,739,21,075,124,210,122,68,48,47,416,138,113,136,2450,1910,415,125,0,2876,418,298,430,308,511,459,265,133,29,25,34545,42683,1935,42806,1117,15252,589,15973,251,7155,129,4447,710,2041,265,127,237,270,398,351,223,122,29,19,37450,47085,18074,835,20099,29484,22056,36821,24085,-888888888,-888888888,-888888888,-888888888,-888888888,-888888888,-888888888,-888888888,-888888888,-888888888,-888888888,-888888888,-888888888,-888888888,-888888888,-888888888,-888888888,-888888888,-888888888,-888888888,-888888888,-888888888,-888888888,-888888888,-888888888,-888888888,-888888888,-888888888,-888888888,-888888888,-888888888,-888888888,-888888888,-888888888,-888888888,-888888888,-888888888,-888888888,-888888888,-888888888,-888888888,-888888888,-888888888
2011,Knott County; Kentucky,13314,5594,5594,5093,501,0,7720,5594,-888888888,6810,2449,2449,2326,960,412,2348,1107,4788,4117,405,15,113,37,101,26.5,5093,1709,703,987,815,879,5093,819,272,38,21,119,158,547,262,70,100,318,1700,351,163,295,5093,3635,1210,240,8,5878,800,558,1049,766,768,940,553,345,77,22,31735,43382,3656,49645,2499,14148,1172,14958,863,8014,190,4126,1414,4226,414,291,646,581,589,763,524,319,77,22,38690,50046,16857,1652,16891,24244,24219,39659,30694,-888888888,-888888888,-888888888,-888888888,-888888888,-888888888,-888888888,-888888888,-888888888,-888888888,-888888888,-888888888,-888888888,-888888888,-888888888,-888888888,-888888888,-888888888,-888888888,-888888888,-888888888,-888888888,-888888888,-888888888,-888888888,-888888888,-888888888,-888888888,-888888888,-888888888,-888888888,-888888888,-888888888,-888888888,-888888888,-888888888,-888888888,-888888888,-888888888,-888888888,-888888888,-888888888,-888888888
2011,Muhlenberg County; Kentucky,25567,12351,12284,11283,1001,67,13216,12284,-888888888,12696,5439,5439,5022,1955,1065,4215,2196,11014,9240,1269,63,136,130,176,24.0,11283,3127,2020,2136,1634,2366,11283,657,789,1339,21,177,119,1476,926,121,289,507,3111,660,594,695,11283,8075,2451,706,51,12117,1315,1053,1860,1567,1942,2203,969,825,237,146,37440,49104,8073,53216,4913,15247,3069,13550,1039,7343,265,2844,1768,8923,604,475,979,1321,1723,1780,908,767,220,146,43779,56983,19452,3194,17238,25547,24131,41031,25884,-888888888,-888888888,-888888888,-888888888,-888888888,-888888888,-888888888,-888888888,-888888888,-888888888,-888888888,-888888888,-888888888,-888888888,-888888888,-888888888,-888888888,-888888888,-888888888,-888888888,-888888888,-888888888,-888888888,-888888888,-888888888,-888888888,-888888888,-888888888,-888888888,-888888888,-888888888,-888888888,-888888888,-888888888,-888888888,-888888888,-888888888,-888888888,-888888888,-888888888,-888888888,-888888888,-888888888
2011,Wolfe County; Kentucky,5766,2120,2120,1943,177,0,3646,2120,-888888888,2942,1109,1109,1096,593,205,1044,396,1887,1630,91,101,2,11,52,27.1,1943,524,327,519,340,233,1943,36,148,122,21,237,29,307,114,6,34,73,706,34,190,144,1943,1190,619,120,14,2543,719,276,427,323,206,361,136,92,0,3,21968,31359,1309,38275,1077,13214,397,14813,555,8011,52,3669,860,1780,383,192,265,226,224,273,129,85,0,3,27820,36327,12058,763,9948,17500,18589,35719,25143,-888888888,-888888888,-888888888,-888888888,-888888888,-888888888,-888888888,-888888888,-888888888,-888888888,-888888888,-888888888,-888888888,-888888888,-888888888,-888888888,-888888888,-888888888,-888888888,-888888888,-888888888,-888888888,-888888888,-888888888,-888888888,-888888888,-888888888,-888888888,-888888888,-888888888,-888888888,-888888888,-888888888,-888888888,-888888888,-888888888,-888888888,-888888888,-888888888,-888888888,-888888888,-888888888,-888888888
2011,Bell County; Kentucky,23243,10230,10230,9024,1206,0,13013,10230,-888888888,12282,4999,4999,4504,1817,921,3649,1870,8826,7607,704,49,229,65,172,20.5,9024,2507,1765,2338,1269,1145,9024,549,496,803,21,013,176,1355,510,238,251,472,2673,636,504,361,9024,6808,1639,577,0,10632,2223,1292,1759,1330,1499,1312,661,406,66,84,25269,36935,6303,43302,4302,13379,1973,16158,1224,7363,335,2280,2737,7237,921,762,1265,993,1120,1062,594,380,56,84,31314,43712,14745,3395,12716,21007,21046,34394,29123,-888888888,-888888888,-888888888,-888888888,-888888888,-888888888,-888888888,-888888888,-888888888,-888888888,-888888888,-888888888,-888888888,-888888888,-888888888,-888888888,-888888888,-888888888,-888888888,-888888888,-888888888,-888888888,-888888888,-888888888,-888888888,-888888888,-888888888,-888888888,-888888888,-888888888,-888888888,-888888888,-888888888,-888888888,-888888888,-888888888,-888888888,-888888888,-888888888,-888888888,-888888888,-888888888,-888888888
2011,Cumberland County; Kentucky,5567,3130,3130,2787,343,0,2437,3130,-888888888,2842,1533,1533,1370,391,220,1004,699,2687,1994,392,17,60,16,208,20.5,2787,590,469,560,511,657,2787,153,365,557,21,057,4,243,75,127,62,136,629,246,110,80,2787,1996,424,351,16,2668,289,336,459,491,458,368,103,149,15,0,29528,37382,1722,36873,1154,13781,493,17028,276,6459,47,2485,562,1813,89,166,327,361,367,285,101,110,7,0,33175,41514,15546,855,17946,27551,20047,28064,24235,-888888888,-888888888,-888888888,-888888888,-888888888,-888888888,-888888888,-888888888,-888888888,-888888888,-888888888,-888888888,-888888888,-888888888,-888888888,-888888888,-888888888,-888888888,-888888888,-888888888,-888888888,-888888888,-888888888,-888888888,-888888888,-888888888,-888888888,-888888888,-888888888,-888888888,-888888888,-888888888,-888888888,-888888888,-888888888,-888888888,-888888888,-888888888,-888888888,-888888888,-888888888,-888888888,-888888888
2011,Lee County; Kentucky,6456,2766,2766,2493,273,0,3690,2766,-888888888,2899,1141,1141,1041,397,154,1027,488,2477,2088,289,0,45,40,15,28.7,2493,675,459,509,350,500,2493,49,355,304,21,129,97,212,142,14,41,77,580,155,154,313,2493,1589,706,195,3,2827,680,251,500,275,443,318,191,126,35,8,24674,36548,1676,41799,1042,12744,519,16023,429,7427,126,2994,932,1971,299,137,298,218,412,252,191,122,34,8,35775,44451,14340,856,11471,17148,18104,32587,27393,-888888888,-888888888,-888888888,-888888888,-888888888,-888888888,-888888888,-888888888,-888888888,-888888888,-888888888,-888888888,-888888888,-888888888,-888888888,-888888888,-888888888,-888888888,-888888888,-888888888,-888888888,-888888888,-888888888,-888888888,-888888888,-888888888,-888888888,-888888888,-888888888,-888888888,-888888888,-888888888,-888888888,-888888888,-888888888,-888888888,-888888888,-888888888,-888888888,-888888888,-888888888,-888888888,-888888888
2011,Edmonson County; Kentucky,9857,5569,5569,4957,612,0,4288,5569,-888888888,4977,2471,2471,2305,856,624,1651,1107,4793,3856,679,0,132,55,71,33.1,4957,1167,814,1111,838,1027,4957,122,608,893,21,061,129,449,177,60,311,347,1105,354,271,131,4957,3691,916,350,0,4770,592,429,683,675,765,748,584,222,37,35,35217,46728,3253,45437,1859,14662,1137,27839,429,9088,156,1768,958,3471,193,159,400,541,653,689,561,213,27,35,47232,56108,19588,1299,13845,20536,21699,37235,25818,-888888888,-888888888,-888888888,-888888888,-888888888,-888888888,-888888888,-888888888,-888888888,-888888888,-888888888,-888888888,-888888888,-888888888,-888888888,-888888888,-888888888,-888888888,-888888888,-888888888,-888888888,-888888888,-888888888,-888888888,-888888888,-888888888,-888888888,-888888888,-888888888,-888888888,-888888888,-888888888,-888888888,-888888888,-888888888,-888888888,-888888888,-888888888,-888888888,-888888888,-888888888,-888888888,-888888888
2011,Bracken County; Kentucky,6620,3931,3931,3649,282,0,2689,3931,-888888888,3303,1777,1777,1691,607,320,1363,972,3540,2886,358,0,89,63,144,32.5,3649,969,613,688,629,750,3649,223,348,688,21,023,102,234,253,45,101,477,745,166,186,81,3649,2681,599,369,0,3070,232,220,485,442,499,595,310,216,54,17,39643,50763,2245,53644,1097,14447,557,12215,201,9317,57,1595,390,2130,109,82,259,271,382,446,294,216,54,17,47935,60635,19701,940,22851,26206,26525,39300,31033,-888888888,-888888888,-888888888,-888888888,-888888888,-888888888,-888888888,-888888888,-888888888,-888888888,-888888888,-888888888,-888888888,-888888888,-888888888,-888888888,-888888888,-888888888,-888888888,-888888888,-888888888,-888888888,-888888888,-888888888,-888888888,-888888888,-888888888,-888888888,-888888888,-888888888,-888888888,-888888888,-888888888,-888888888,-888888888,-888888888,-888888888,-888888888,-888888888,-888888888,-888888888,-888888888,-888888888
2011,Nelson County; Kentucky,33130,21538,21495,19424,2071,43,11592,21495,-888888888,17119,10129,10129,9173,3396,2410,7331,5270,18670,15544,2312,20,129,188,477,25.0,19424,5243,2627,4211,2647,4696,19424,395,1787,4745,21,179,533,2295,1033,255,969,1137,3973,916,817,569,19424,15854,2355,1215,0,16160,1056,1148,1722,2193,2656,3235,2183,1319,397,251,45149,57333,13041,55274,4569,16107,3305,15533,774,6939,744,3489,2151,11831,664,472,933,1469,2002,2619,1950,1144,349,229,52504,63988,21938,4329,26087,35457,27698,42113,31716,-888888888,-888888888,-888888888,-888888888,-888888888,-888888888,-888888888,-888888888,-888888888,-888888888,-888888888,-888888888,-888888888,-888888888,-888888888,-888888888,-888888888,-888888888,-888888888,-888888888,-888888888,-888888888,-888888888,-888888888,-888888888,-888888888,-888888888,-888888888,-888888888,-888888888,-888888888,-888888888,-888888888,-888888888,-888888888,-888888888,-888888888,-888888888,-888888888,-888888888,-888888888,-888888888,-888888888
2011,Marion County; Kentucky,15461,8623,8587,7993,594,36,6838,8587,-888888888,7368,3797,3797,3579,1425,963,3321,2307,7784,6436,955,47,111,71,164,21.4,7993,2171,1250,1532,1032,2008,7993,445,525,2113,21,155,133,841,292,106,312,475,1665,477,356,253,7993,6275,1127,563,28,7206,950,485,889,871,1310,1207,867,417,94,116,38202,50115,5155,54142,2274,12973,1429,18915,576,6616,226,2760,976,4753,426,110,446,524,919,960,786,395,83,104,49261,60415,18784,2453,20518,28292,25445,34699,27908,-888888888,-888888888,-888888888,-888888888,-888888888,-888888888,-888888888,-888888888,-888888888,-888888888,-888888888,-888888888,-888888888,-888888888,-888888888,-888888888,-888888888,-888888888,-888888888,-888888888,-888888888,-888888888,-888888888,-888888888,-888888888,-888888888,-888888888,-888888888,-888888888,-888888888,-888888888,-888888888,-888888888,-888888888,-888888888,-888888888,-888888888,-888888888,-888888888,-888888888,-888888888,-888888888,-888888888
2011,Boone County; Kentucky,87382,63328,63267,59801,3466,61,24054,63267,-888888888,44796,29438,29438,28135,10321,6567,21411,16226,58976,50650,4616,778,520,613,1799,24.4,59801,21924,8301,16761,4221,8594,59801,343,3068,8945,21,015,2095,6806,6005,1073,4698,5130,11033,5547,2485,2573,59801,50531,6952,2259,59,41843,1562,1471,3066,3108,5642,8480,7410,7464,2195,1445,68087,79126,35744,79186,9578,16599,7449,20965,1085,8896,564,4777,2619,30860,659,559,1572,1608,3346,6774,6162,6825,2115,1240,78765,89541,28630,10983,36863,46854,34801,52469,39174,-888888888,-888888888,-888888888,-888888888,-888888888,-888888888,-888888888,-888888888,-888888888,-888888888,-888888888,-888888888,-888888888,-888888888,-888888888,-888888888,-888888888,-888888888,-888888888,-888888888,-888888888,-888888888,-888888888,-888888888,-888888888,-888888888,-888888888,-888888888,-888888888,-888888888,-888888888,-888888888,-888888888,-888888888,-888888888,-888888888,-888888888,-888888888,-888888888,-888888888,-888888888,-888888888,-888888888
2011,Knox County; Kentucky,25011,11659,11623,9776,1847,36,13352,11623,-888888888,13066,5760,5744,4925,2418,1779,4908,2880,9565,8103,923,33,325,22,159,20.5,9776,2342,1778,2645,1145,1866,9776,318,433,1444,21,121,189,1460,497,195,561,686,2291,601,532,569,9776,7290,1702,695,89,12541,2745,1623,2257,1714,1596,1094,644,588,127,153,22364,36214,7155,43668,4729,13548,2047,14304,2301,8227,346,2513,3805,8142,968,858,1422,1173,1370,979,578,572,112,110,32802,44489,14673,4399,13051,20271,19395,31463,26244,-888888888,-888888888,-888888888,-888888888,-888888888,-888888888,-888888888,-888888888,-888888888,-888888888,-888888888,-888888888,-888888888,-888888888,-888888888,-888888888,-888888888,-888888888,-888888888,-888888888,-888888888,-888888888,-888888888,-888888888,-888888888,-888888888,-888888888,-888888888,-888888888,-888888888,-888888888,-888888888,-888888888,-888888888,-888888888,-888888888,-888888888,-888888888,-888888888,-888888888,-888888888,-888888888,-888888888
2011,Letcher County; Kentucky,19699,8678,8676,7806,870,2,11021,8676,-888888888,10120,3670,3670,3273,1775,432,3025,1406,7421,6156,848,17,179,97,124,24.9,7806,2267,1411,1472,1607,1049,7806,1545,372,338,21,133,153,888,431,117,83,435,2162,532,366,384,7806,6001,1366,418,21,9300,1550,889,1597,1082,1090,1309,899,731,106,47,29564,42985,5476,51847,4019,14323,1842,14182,1054,6904,283,3307,2208,6354,644,435,873,807,909,1078,799,668,106,35,41403,51233,17203,2946,16031,23881,25353,50990,29938,-888888888,-888888888,-888888888,-888888888,-888888888,-888888888,-888888888,-888888888,-888888888,-888888888,-888888888,-888888888,-888888888,-888888888,-888888888,-888888888,-888888888,-888888888,-888888888,-888888888,-888888888,-888888888,-888888888,-888888888,-888888888,-888888888,-888888888,-888888888,-888888888,-888888888,-888888888,-888888888,-888888888,-888888888,-888888888,-888888888,-888888888,-888888888,-888888888,-888888888,-888888888,-888888888,-888888888
2011,Pike County; Kentucky,52427,23708,23672,21759,1913,36,28719,23672,-888888888,27131,10904,10904,10021,4382,1599,8669,4694,21123,17594,2699,87,383,181,179,23.7,21759,5610,3590,5682,3971,2906,21759,3072,1264,956,21,195,451,3104,1444,310,967,1431,5702,1228,871,959,21759,16916,3824,994,25,26904,3514,2356,4779,3603,3920,4162,2167,1671,354,378,33148,45924,16560,51561,12217,15662,5742,13957,3418,8429,1071,2279,6156,18748,1464,1157,2733,2757,3020,3535,1984,1443,344,311,41313,53244,19326,8156,17580,27308,26155,44788,27076,-888888888,-888888888,-888888888,-888888888,-888888888,-888888888,-888888888,-888888888,-888888888,-888888888,-888888888,-888888888,-888888888,-888888888,-888888888,-888888888,-888888888,-888888888,-888888888,-888888888,-888888888,-888888888,-888888888,-888888888,-888888888,-888888888,-888888888,-888888888,-888888888,-888888888,-888888888,-888888888,-888888888,-888888888,-888888888,-888888888,-888888888,-888888888,-888888888,-888888888,-888888888,-888888888,-888888888
2011,Gallatin County; Kentucky,6540,4186,4186,3703,483,0,2354,4186,-888888888,3286,1924,1924,1661,605,374,1479,840,3645,2846,492,66,86,53,102,28.2,3703,717,784,701,575,926,3703,140,310,849,21,077,155,284,298,117,179,278,610,200,163,120,3703,2816,585,293,9,2988,268,294,407,361,289,688,387,211,69,14,45400,51303,2326,52698,1111,13181,437,14616,116,11620,66,1758,390,2002,58,99,331,238,175,507,340,171,69,14,53750,59913,19113,986,21328,31290,28546,39487,32621,-888888888,-888888888,-888888888,-888888888,-888888888,-888888888,-888888888,-888888888,-888888888,-888888888,-888888888,-888888888,-888888888,-888888888,-888888888,-888888888,-888888888,-888888888,-888888888,-888888888,-888888888,-888888888,-888888888,-888888888,-888888888,-888888888,-888888888,-888888888,-888888888,-888888888,-888888888,-888888888,-888888888,-888888888,-888888888,-888888888,-888888888,-888888888,-888888888,-888888888,-888888888,-888888888,-888888888
