year,county_name,employment_status_population_16_years_and_over,employment_status_in_labor_force,employment_status_in_labor_force_civilian_labor_fo,employment_status_in_labor_force_civilian_labor_fo,employment_status_in_labor_force_civilian_labor_fo,employment_status_in_labor_force_armed_forces,employment_status_not_in_labor_force,employment_status_civilian_labor_force,employment_status_percent_unemployed,employment_status_females_16_years_and_over,employment_status_in_labor_force,employment_status_in_labor_force_civilian_labor_fo,employment_status_in_labor_force_civilian_labor_fo,employment_status_own_children_under_6_years,employment_status_all_parents_in_family_in_labor_f,employment_status_own_children_6_to_17_years,employment_status_all_parents_in_family_in_labor_f,commuting_to_work_workers_16_years_and_over,commuting_to_work_car_truck_or_van____drove_alone,commuting_to_work_car_truck_or_van____carpooled,commuting_to_work_public_transportation_excluding_,commuting_to_work_walked,commuting_to_work_other_means,commuting_to_work_worked_at_home,commuting_to_work_mean_travel_time_to_work_minutes,occupation_civilian_employed_population_16_years_a,occupation_management_business_science_and_arts_oc,occupation_service_occupations,occupation_sales_and_office_occupations,occupation_natural_resources_construction_and_main,occupation_production_transportation_and_material_,industry_civilian_employed_population_16_years_and,industry_agriculture_forestry_fishing_and_hunting_,industry_construction,industry_manufacturing,state_fips,county_fips,industry_wholesale_trade,industry_retail_trade,industry_transportation_and_warehousing_and_utilit,industry_information,industry_finance_and_insurance_and_real_estate_and,industry_professional_scientific_and_management_an,industry_educational_services_and_health_care_and_,industry_arts_entertainment_and_recreation_and_acc,industry_other_services_except_public_administrati,industry_public_administration,class_of_worker_civilian_employed_population_16_ye,class_of_worker_private_wage_and_salary_workers,class_of_worker_government_workers,class_of_worker_self_employed_in_own_not_incorpora,class_of_worker_unpaid_family_workers,income_and_benefits_in_2011_inflation_adjusted_dol,income_and_benefits_in_2011_inflation_adjusted_dol,income_and_benefits_in_2011_inflation_adjusted_dol,income_and_benefits_in_2011_inflation_adjusted_dol,income_and_benefits_in_2011_inflation_adjusted_dol,income_and_benefits_in_2011_inflation_adjusted_dol,income_and_benefits_in_2011_inflation_adjusted_dol,income_and_benefits_in_2011_inflation_adjusted_dol,income_and_benefits_in_2011_inflation_adjusted_dol,income_and_benefits_in_2011_inflation_adjusted_dol,income_and_benefits_in_2011_inflation_adjusted_dol,income_and_benefits_in_2011_inflation_adjusted_dol,income_and_benefits_in_2011_inflation_adjusted_dol,income_and_benefits_in_2011_inflation_adjusted_dol,income_and_benefits_in_2011_inflation_adjusted_dol,income_and_benefits_in_2011_inflation_adjusted_dol,income_and_benefits_in_2011_inflation_adjusted_dol,income_and_benefits_in_2011_inflation_adjusted_dol,income_and_benefits_in_2011_inflation_adjusted_dol,income_and_benefits_in_2011_inflation_adjusted_dol,income_and_benefits_in_2011_inflation_adjusted_dol,income_and_benefits_in_2011_inflation_adjusted_dol,income_and_benefits_in_2011_inflation_adjusted_dol,income_and_benefits_in_2011_inflation_adjusted_dol,income_and_benefits_in_2011_inflation_adjusted_dol,income_and_benefits_in_2011_inflation_adjusted_dol,income_and_benefits_in_2011_inflation_adjusted_dol,income_and_benefits_in_2011_inflation_adjusted_dol,income_and_benefits_in_2011_inflation_adjusted_dol,income_and_benefits_in_2011_inflation_adjusted_dol,income_and_benefits_in_2011_inflation_adjusted_dol,income_and_benefits_in_2011_inflation_adjusted_dol,income_and_benefits_in_2011_inflation_adjusted_dol,income_and_benefits_in_2011_inflation_adjusted_dol,income_and_benefits_in_2011_inflation_adjusted_dol,income_and_benefits_in_2011_inflation_adjusted_dol,income_and_benefits_in_2011_inflation_adjusted_dol,income_and_benefits_in_2011_inflation_adjusted_dol,income_and_benefits_in_2011_inflation_adjusted_dol,income_and_benefits_in_2011_inflation_adjusted_dol,income_and_benefits_in_2011_inflation_adjusted_dol,income_and_benefits_in_2011_inflation_adjusted_dol,income_and_benefits_in_2011_inflation_adjusted_dol,income_and_benefits_in_2011_inflation_adjusted_dol,health_insurance_coverage_civilian_noninstitutiona,health_insurance_coverage_with_health_insurance_co,health_insurance_coverage_with_health_insurance_co,health_insurance_coverage_with_health_insurance_co,health_insurance_coverage_no_health_insurance_cove,health_insurance_coverage_civilian_noninstitutiona,health_insurance_coverage_no_health_insurance_cove,health_insurance_coverage_civilian_noninstitutiona,health_insurance_coverage_in_labor_force,health_insurance_coverage_in_labor_force_employed,health_insurance_coverage_in_labor_force_employed_,health_insurance_coverage_in_labor_force_employed_,health_insurance_coverage_in_labor_force_employed_,health_insurance_coverage_in_labor_force_employed_,health_insurance_coverage_in_labor_force_unemploye,health_insurance_coverage_in_labor_force_unemploye,health_insurance_coverage_in_labor_force_unemploye,health_insurance_coverage_in_labor_force_unemploye,health_insurance_coverage_in_labor_force_unemploye,health_insurance_coverage_not_in_labor_force,health_insurance_coverage_not_in_labor_force_with_,health_insurance_coverage_not_in_labor_force_with_,health_insurance_coverage_not_in_labor_force_with_,health_insurance_coverage_not_in_labor_force_no_he,percentage_of_families_and_people_whose_income_in_,percentage_of_families_and_people_whose_income_in_,percentage_of_families_and_people_whose_income_in_,percentage_of_families_and_people_whose_income_in_,percentage_of_families_and_people_whose_income_in_,percentage_of_families_and_people_whose_income_in_,percentage_of_families_and_people_whose_income_in_,percentage_of_families_and_people_whose_income_in_,percentage_of_families_and_people_whose_income_in_,percentage_of_families_and_people_whose_income_in_,percentage_of_families_and_people_whose_income_in_,percentage_of_families_and_people_whose_income_in_,percentage_of_families_and_people_whose_income_in_,percentage_of_families_and_people_whose_income_in_,percentage_of_families_and_people_whose_income_in_,percentage_of_families_and_people_whose_income_in_,percentage_of_families_and_people_whose_income_in_,percentage_of_families_and_people_whose_income_in_,percentage_of_families_and_people_whose_income_in_
2011,Mercer County; Missouri,2951,1706,1703,1544,159,3,1245,1703,-888888888,1442,773,773,728,363,306,524,389,1513,1101,226,0,20,16,150,22.7,1544,559,206,298,281,200,1544,376,101,90,29,129,46,140,111,34,62,42,347,55,59,81,1544,1061,286,197,0,1560,167,113,299,214,218,268,154,90,29,8,34440,45539,1081,48331,665,14286,247,16045,88,5925,55,2913,143,1039,51,17,150,149,192,221,147,75,29,8,46555,55901,19577,521,16487,23381,25844,36189,27212,-888888888,-888888888,-888888888,-888888888,-888888888,-888888888,-888888888,-888888888,-888888888,-888888888,-888888888,-888888888,-888888888,-888888888,-888888888,-888888888,-888888888,-888888888,-888888888,-888888888,-888888888,-888888888,-888888888,-888888888,-888888888,-888888888,-888888888,-888888888,-888888888,-888888888,-888888888,-888888888,-888888888,-888888888,-888888888,-888888888,-888888888,-888888888,-888888888,-888888888,-888888888,-888888888,-888888888
2011,Wright County; Missouri,14521,7395,7391,6576,815,4,7126,7391,-888888888,7449,3372,3368,3078,1489,868,2942,1394,6358,4855,761,0,222,74,446,24.9,6576,1826,1048,1371,1076,1255,6576,530,630,1093,29,229,187,758,378,74,230,188,1457,395,481,175,6576,4768,809,978,21,7529,932,905,1390,1153,1294,1048,437,282,60,28,29212,39084,5206,40093,2843,13669,1480,14253,723,6632,354,1685,1788,5199,432,344,845,899,991,943,418,246,53,28,36430,45892,15706,2330,16122,22712,19650,31183,23750,-888888888,-888888888,-888888888,-888888888,-888888888,-888888888,-888888888,-888888888,-888888888,-888888888,-888888888,-888888888,-888888888,-888888888,-888888888,-888888888,-888888888,-888888888,-888888888,-888888888,-888888888,-888888888,-888888888,-888888888,-888888888,-888888888,-888888888,-888888888,-888888888,-888888888,-888888888,-888888888,-888888888,-888888888,-888888888,-888888888,-888888888,-888888888,-888888888,-888888888,-888888888,-888888888,-888888888
2011,Clay County; Missouri,168251,121184,121003,113900,7103,181,47067,121003,-888888888,87439,58225,58187,54695,18769,13254,35521,27916,111967,94844,10789,866,1394,887,3187,23.0,113900,42699,17400,30637,8604,14560,113900,604,6332,12823,29,047,4727,12369,7372,2972,10236,11912,23997,10156,5140,5260,113900,94304,14375,5138,83,86954,3456,3125,7271,8459,12509,18561,13364,14147,3537,2525,60507,73203,73278,73619,20543,17645,14541,21228,2270,9134,1640,2965,6253,59064,1463,922,3330,4206,7597,12784,11039,12323,3154,2246,73175,84674,29326,27890,37450,46156,34936,51262,38742,-888888888,-888888888,-888888888,-888888888,-888888888,-888888888,-888888888,-888888888,-888888888,-888888888,-888888888,-888888888,-888888888,-888888888,-888888888,-888888888,-888888888,-888888888,-888888888,-888888888,-888888888,-888888888,-888888888,-888888888,-888888888,-888888888,-888888888,-888888888,-888888888,-888888888,-888888888,-888888888,-888888888,-888888888,-888888888,-888888888,-888888888,-888888888,-888888888,-888888888,-888888888,-888888888,-888888888
2011,Dent County; Missouri,12389,6725,6725,6059,666,0,5664,6725,-888888888,6310,3004,3004,2726,1014,491,2164,1377,5989,4920,620,0,95,178,176,26.8,6059,1624,1152,1309,882,1092,6059,450,446,555,29,065,275,977,312,52,237,197,1599,414,274,271,6059,4547,980,520,12,6063,591,442,915,947,1017,1281,480,330,16,44,36715,46556,4231,44433,2398,14237,1746,16711,490,7630,72,3763,946,4337,198,193,569,672,775,1099,448,323,16,44,45090,54386,19003,1726,19091,24385,23385,35756,27688,-888888888,-888888888,-888888888,-888888888,-888888888,-888888888,-888888888,-888888888,-888888888,-888888888,-888888888,-888888888,-888888888,-888888888,-888888888,-888888888,-888888888,-888888888,-888888888,-888888888,-888888888,-888888888,-888888888,-888888888,-888888888,-888888888,-888888888,-888888888,-888888888,-888888888,-888888888,-888888888,-888888888,-888888888,-888888888,-888888888,-888888888,-888888888,-888888888,-888888888,-888888888,-888888888,-888888888
2011,Saline County; Missouri,18608,11322,11294,10574,720,28,7286,11294,-888888888,9499,5307,5307,4973,1604,1122,3135,2397,10409,8145,1223,17,351,147,526,20.9,10574,2795,2026,1958,1421,2374,10574,664,662,2115,29,195,278,1004,523,95,355,453,2736,848,441,400,10574,8119,1574,826,55,8928,811,663,1380,1102,1438,1891,881,606,96,60,39727,48467,6795,48412,3163,14810,1813,14463,453,8159,168,2193,1381,5912,339,334,734,657,1054,1527,681,438,88,60,48034,54577,19239,3016,23905,32699,22221,35807,28375,-888888888,-888888888,-888888888,-888888888,-888888888,-888888888,-888888888,-888888888,-888888888,-888888888,-888888888,-888888888,-888888888,-888888888,-888888888,-888888888,-888888888,-888888888,-888888888,-888888888,-888888888,-888888888,-888888888,-888888888,-888888888,-888888888,-888888888,-888888888,-888888888,-888888888,-888888888,-888888888,-888888888,-888888888,-888888888,-888888888,-888888888,-888888888,-888888888,-888888888,-888888888,-888888888,-888888888
2011,Worth County; Missouri,1797,1222,1218,1147,71,4,575,1218,-888888888,979,612,612,588,88,73,332,302,1149,932,120,0,37,16,44,22.5,1147,363,251,199,136,198,1147,154,82,163,29,227,29,90,72,8,40,38,276,78,56,61,1147,791,231,125,0,977,63,120,100,160,205,212,88,16,11,2,39671,43308,770,42146,335,14520,118,16970,23,4004,0,-666666666,88,687,15,70,49,93,173,172,88,16,11,0,46607,49759,19409,290,23636,26410,21893,30339,23603,-888888888,-888888888,-888888888,-888888888,-888888888,-888888888,-888888888,-888888888,-888888888,-888888888,-888888888,-888888888,-888888888,-888888888,-888888888,-888888888,-888888888,-888888888,-888888888,-888888888,-888888888,-888888888,-888888888,-888888888,-888888888,-888888888,-888888888,-888888888,-888888888,-888888888,-888888888,-888888888,-888888888,-888888888,-888888888,-888888888,-888888888,-888888888,-888888888,-888888888,-888888888,-888888888,-888888888
2011,Grundy County; Missouri,8075,4889,4867,4538,329,22,3186,4867,-888888888,4203,2228,2228,2091,761,468,1559,1199,4501,3212,665,4,221,114,285,22.3,4538,1193,861,929,693,862,4538,528,304,612,29,079,115,602,195,47,221,181,1076,238,194,225,4538,3404,670,422,42,4335,358,374,692,594,770,813,440,239,31,24,36590,45331,3117,45237,1800,15307,721,14837,192,6854,62,1469,440,2739,125,76,323,391,495,650,412,212,31,24,48632,55397,19344,1596,20854,26105,21418,33555,26123,-888888888,-888888888,-888888888,-888888888,-888888888,-888888888,-888888888,-888888888,-888888888,-888888888,-888888888,-888888888,-888888888,-888888888,-888888888,-888888888,-888888888,-888888888,-888888888,-888888888,-888888888,-888888888,-888888888,-888888888,-888888888,-888888888,-888888888,-888888888,-888888888,-888888888,-888888888,-888888888,-888888888,-888888888,-888888888,-888888888,-888888888,-888888888,-888888888,-888888888,-888888888,-888888888,-888888888
2011,Morgan County; Missouri,16722,8356,8356,7329,1027,0,8366,8356,-888888888,8630,3830,3830,3318,1488,734,2501,1583,7117,4989,1128,50,239,163,548,25.9,7329,2103,1183,1683,1130,1230,7329,488,880,856,29,141,114,913,266,83,248,421,1599,430,435,596,7329,4960,1394,932,43,8215,881,609,1030,1353,1438,1665,620,524,88,7,36928,44967,5279,44821,3678,15898,2127,19651,440,8587,175,2605,1034,5832,380,259,610,849,1164,1450,555,474,88,3,45120,51192,18425,2383,20280,28060,22975,33521,27399,-888888888,-888888888,-888888888,-888888888,-888888888,-888888888,-888888888,-888888888,-888888888,-888888888,-888888888,-888888888,-888888888,-888888888,-888888888,-888888888,-888888888,-888888888,-888888888,-888888888,-888888888,-888888888,-888888888,-888888888,-888888888,-888888888,-888888888,-888888888,-888888888,-888888888,-888888888,-888888888,-888888888,-888888888,-888888888,-888888888,-888888888,-888888888,-888888888,-888888888,-888888888,-888888888,-888888888
2011,Reynolds County; Missouri,5330,2815,2815,2457,358,0,2515,2815,-888888888,2643,1210,1210,1054,398,305,842,635,2340,1732,392,6,67,67,76,27.4,2457,468,525,357,505,602,2457,489,224,315,29,179,27,254,89,28,79,76,545,164,59,108,2457,1770,429,258,0,2856,274,254,524,431,478,540,176,162,12,5,33382,41831,1886,43073,1201,15528,775,12884,245,9229,67,1416,539,1794,161,64,294,243,300,413,174,128,12,5,40086,48119,17560,1062,22294,28233,22739,43698,24957,-888888888,-888888888,-888888888,-888888888,-888888888,-888888888,-888888888,-888888888,-888888888,-888888888,-888888888,-888888888,-888888888,-888888888,-888888888,-888888888,-888888888,-888888888,-888888888,-888888888,-888888888,-888888888,-888888888,-888888888,-888888888,-888888888,-888888888,-888888888,-888888888,-888888888,-888888888,-888888888,-888888888,-888888888,-888888888,-888888888,-888888888,-888888888,-888888888,-888888888,-888888888,-888888888,-888888888
2011,St. Louis County; Missouri,793141,531738,530851,489339,41512,887,261403,530851,-888888888,425398,264287,264048,246025,68344,47338,158783,118389,478681,398430,35014,11695,7343,5546,20653,23.3,489339,206120,76292,133548,27837,45542,489339,1900,22372,50924,29,189,16364,55286,22358,13207,45264,59447,119124,44670,23102,15321,489339,415983,49281,23426,649,404158,22345,16695,39768,40267,54655,73277,52073,55243,23405,26430,58630,83700,323157,83234,114633,17763,78496,23164,12432,8697,6367,3031,34128,266067,8952,5589,16113,21132,30665,50406,41002,47131,20858,24219,75106,101515,34334,138091,34248,47399,33181,55658,40461,-888888888,-888888888,-888888888,-888888888,-888888888,-888888888,-888888888,-888888888,-888888888,-888888888,-888888888,-888888888,-888888888,-888888888,-888888888,-888888888,-888888888,-888888888,-888888888,-888888888,-888888888,-888888888,-888888888,-888888888,-888888888,-888888888,-888888888,-888888888,-888888888,-888888888,-888888888,-888888888,-888888888,-888888888,-888888888,-888888888,-888888888,-888888888,-888888888,-888888888,-888888888,-888888888,-888888888
2011,Stone County; Missouri,26663,14528,14510,12974,1536,18,12135,14510,-888888888,13653,6986,6986,6414,1493,1158,4135,3122,12257,9169,2184,25,190,48,641,27.0,12974,3458,2891,3542,1825,1258,12974,110,1493,700,29,209,230,1921,546,117,732,1049,2207,2722,657,490,12974,10030,1280,1638,26,13297,1048,976,1789,1952,2299,2757,1386,706,178,206,41069,50241,9078,44873,6356,17431,3564,21040,752,9104,237,3456,2037,9742,467,426,1052,1528,1815,2189,1223,673,163,206,46899,56860,21149,3555,21041,29741,18978,34748,22793,-888888888,-888888888,-888888888,-888888888,-888888888,-888888888,-888888888,-888888888,-888888888,-888888888,-888888888,-888888888,-888888888,-888888888,-888888888,-888888888,-888888888,-888888888,-888888888,-888888888,-888888888,-888888888,-888888888,-888888888,-888888888,-888888888,-888888888,-888888888,-888888888,-888888888,-888888888,-888888888,-888888888,-888888888,-888888888,-888888888,-888888888,-888888888,-888888888,-888888888,-888888888,-888888888,-888888888
2011,Barry County; Missouri,27573,16635,16635,15151,1484,0,10938,16635,-888888888,14058,7714,7714,6963,2651,1728,5615,4272,14678,11507,2065,77,161,212,656,21.7,15151,4308,2188,3035,1906,3714,15151,755,1239,3959,29,009,366,2186,635,184,534,945,2494,852,606,396,15151,12020,1730,1401,0,13891,1028,1146,1790,2322,2625,2599,1406,620,218,137,38321,49108,10161,47992,5241,15429,2676,17648,780,7450,503,2489,2012,9681,427,387,993,1612,1735,2340,1295,567,188,137,47378,57674,19755,4210,22664,26963,22860,33348,26617,-888888888,-888888888,-888888888,-888888888,-888888888,-888888888,-888888888,-888888888,-888888888,-888888888,-888888888,-888888888,-888888888,-888888888,-888888888,-888888888,-888888888,-888888888,-888888888,-888888888,-888888888,-888888888,-888888888,-888888888,-888888888,-888888888,-888888888,-888888888,-888888888,-888888888,-888888888,-888888888,-888888888,-888888888,-888888888,-888888888,-888888888,-888888888,-888888888,-888888888,-888888888,-888888888,-888888888
2011,Boone County; Missouri,130658,90832,90562,85097,5465,270,39826,90562,-888888888,68260,45567,45496,42885,11356,8141,20996,16477,83278,64234,9992,421,3980,1642,3009,18.4,85097,37033,13568,22158,5458,6880,85097,637,4196,4569,29,019,2075,10737,2533,1825,6659,5808,31567,7469,3396,3626,85097,59231,21905,3868,93,63790,6078,3608,7482,6713,9370,11761,8044,6989,1909,1836,47123,64508,53840,62392,13356,15863,8862,26631,1673,8196,1307,2353,6553,36743,1347,1351,2872,2670,4881,7560,6496,6161,1709,1696,66943,83727,25970,27047,27930,36839,23899,43241,35830,-888888888,-888888888,-888888888,-888888888,-888888888,-888888888,-888888888,-888888888,-888888888,-888888888,-888888888,-888888888,-888888888,-888888888,-888888888,-888888888,-888888888,-888888888,-888888888,-888888888,-888888888,-888888888,-888888888,-888888888,-888888888,-888888888,-888888888,-888888888,-888888888,-888888888,-888888888,-888888888,-888888888,-888888888,-888888888,-888888888,-888888888,-888888888,-888888888,-888888888,-888888888,-888888888,-888888888
2011,Cole County; Missouri,59584,40022,39696,37808,1888,326,19562,39696,-888888888,29447,19487,19428,18680,5627,4086,11434,9670,37718,30916,4377,241,606,398,1180,17.2,37808,15138,6000,10105,2984,3581,37808,463,2524,2148,29,051,885,4162,1380,814,2437,3264,7537,2718,1759,7717,37808,24360,11574,1719,155,29356,2022,1401,2646,3075,4339,5506,4931,3903,937,596,55580,66583,23902,65720,7837,16230,6086,24244,703,8904,922,2628,2608,19436,791,442,1071,1666,2368,4113,4035,3585,860,505,70805,79452,26626,9920,31128,38968,31788,42764,36013,-888888888,-888888888,-888888888,-888888888,-888888888,-888888888,-888888888,-888888888,-888888888,-888888888,-888888888,-888888888,-888888888,-888888888,-888888888,-888888888,-888888888,-888888888,-888888888,-888888888,-888888888,-888888888,-888888888,-888888888,-888888888,-888888888,-888888888,-888888888,-888888888,-888888888,-888888888,-888888888,-888888888,-888888888,-888888888,-888888888,-888888888,-888888888,-888888888,-888888888,-888888888,-888888888,-888888888
2011,Crawford County; Missouri,19275,11274,11274,9978,1296,0,8001,11274,-888888888,9857,5364,5364,4810,1738,1291,4025,3045,9711,7110,1900,29,232,80,360,28.4,9978,1951,1863,2238,1457,2469,9978,325,940,2492,29,055,252,1301,453,69,255,431,1786,775,379,520,9978,7939,1312,727,0,9528,789,824,1688,1313,1724,1927,724,412,84,43,35947,43332,6887,43048,3662,15230,2232,15394,617,8268,297,2748,1536,6351,376,307,740,880,1371,1636,599,329,73,40,45017,49842,17416,3177,21014,27772,21616,35325,24336,-888888888,-888888888,-888888888,-888888888,-888888888,-888888888,-888888888,-888888888,-888888888,-888888888,-888888888,-888888888,-888888888,-888888888,-888888888,-888888888,-888888888,-888888888,-888888888,-888888888,-888888888,-888888888,-888888888,-888888888,-888888888,-888888888,-888888888,-888888888,-888888888,-888888888,-888888888,-888888888,-888888888,-888888888,-888888888,-888888888,-888888888,-888888888,-888888888,-888888888,-888888888,-888888888,-888888888
2011,Iron County; Missouri,8559,4206,4201,3705,496,5,4353,4201,-888888888,4350,1871,1871,1712,702,312,1544,927,3654,2806,486,2,114,44,202,24.6,3705,979,964,766,439,557,3705,261,240,456,29,093,41,363,225,40,74,187,1125,232,97,364,3705,2567,913,211,14,4298,602,367,682,683,611,654,368,280,36,15,32029,43122,2820,47072,1653,14543,1106,12268,473,7755,88,2175,1028,2840,147,131,403,485,486,572,353,212,36,15,41870,52248,18153,1458,15328,24538,22615,40966,25017,-888888888,-888888888,-888888888,-888888888,-888888888,-888888888,-888888888,-888888888,-888888888,-888888888,-888888888,-888888888,-888888888,-888888888,-888888888,-888888888,-888888888,-888888888,-888888888,-888888888,-888888888,-888888888,-888888888,-888888888,-888888888,-888888888,-888888888,-888888888,-888888888,-888888888,-888888888,-888888888,-888888888,-888888888,-888888888,-888888888,-888888888,-888888888,-888888888,-888888888,-888888888,-888888888,-888888888
2011,Livingston County; Missouri,12151,7059,7044,6759,285,15,5092,7044,-888888888,6826,3400,3400,3316,1041,727,2203,1748,6598,5598,494,54,87,95,270,16.8,6759,1891,1102,1598,903,1265,6759,426,513,800,29,117,216,1026,326,188,228,374,1451,430,348,433,6759,5077,1114,535,33,5547,403,486,735,736,822,1185,607,417,101,55,42260,51001,4070,52122,1976,16152,1081,15373,226,9484,137,2524,538,3682,188,195,417,410,471,943,566,352,85,55,53832,59832,20203,1865,26250,31086,24886,37955,25556,-888888888,-888888888,-888888888,-888888888,-888888888,-888888888,-888888888,-888888888,-888888888,-888888888,-888888888,-888888888,-888888888,-888888888,-888888888,-888888888,-888888888,-888888888,-888888888,-888888888,-888888888,-888888888,-888888888,-888888888,-888888888,-888888888,-888888888,-888888888,-888888888,-888888888,-888888888,-888888888,-888888888,-888888888,-888888888,-888888888,-888888888,-888888888,-888888888,-888888888,-888888888,-888888888,-888888888
2011,Moniteau County; Missouri,12035,6973,6950,6565,385,23,5062,6950,-888888888,5679,3419,3409,3179,1232,945,2437,1828,6433,4738,1281,0,113,60,241,25.6,6565,2063,1087,1331,1053,1031,6565,343,727,870,29,135,161,522,248,65,380,354,1258,461,283,893,6565,4376,1479,690,20,5507,380,490,670,457,715,1353,852,412,169,9,50887,55133,4410,53953,1828,15508,1062,17204,247,8941,168,1983,603,4030,189,177,335,369,475,1234,689,399,158,5,59826,62344,19422,1477,19185,31746,26078,37328,31310,-888888888,-888888888,-888888888,-888888888,-888888888,-888888888,-888888888,-888888888,-888888888,-888888888,-888888888,-888888888,-888888888,-888888888,-888888888,-888888888,-888888888,-888888888,-888888888,-888888888,-888888888,-888888888,-888888888,-888888888,-888888888,-888888888,-888888888,-888888888,-888888888,-888888888,-888888888,-888888888,-888888888,-888888888,-888888888,-888888888,-888888888,-888888888,-888888888,-888888888,-888888888,-888888888,-888888888
2011,Pemiscot County; Missouri,13854,7238,7238,6578,660,0,6616,7238,-888888888,7427,3452,3452,3161,1638,932,3029,1788,6455,5283,738,11,170,42,211,15.7,6578,1489,1704,1294,558,1533,6578,332,149,1278,29,155,129,651,368,119,171,228,1727,701,328,397,6578,4988,1172,412,6,6842,1079,989,1022,708,989,1056,452,399,96,52,28798,41248,4488,46909,2924,12589,910,16625,871,6374,365,3152,2063,4449,471,437,583,452,744,858,394,368,90,52,39249,49939,16365,2393,14493,23347,22786,38469,24710,-888888888,-888888888,-888888888,-888888888,-888888888,-888888888,-888888888,-888888888,-888888888,-888888888,-888888888,-888888888,-888888888,-888888888,-888888888,-888888888,-888888888,-888888888,-888888888,-888888888,-888888888,-888888888,-888888888,-888888888,-888888888,-888888888,-888888888,-888888888,-888888888,-888888888,-888888888,-888888888,-888888888,-888888888,-888888888,-888888888,-888888888,-888888888,-888888888,-888888888,-888888888,-888888888,-888888888
2011,Pettis County; Missouri,32237,20432,20233,18901,1332,199,11805,20233,-888888888,16621,9626,9626,8991,3516,1990,6633,4796,18658,14482,2640,67,288,205,976,21.9,18901,4696,3204,4193,2067,4741,18901,703,1222,3917,29,159,426,2098,1077,339,652,1261,4160,1456,926,664,18901,14880,2429,1576,16,16275,1475,1234,2300,2409,2687,3159,1505,1117,182,207,38669,50029,12556,48862,5382,15230,2870,17049,677,8326,291,2210,2310,10620,374,425,1156,1472,1795,2675,1270,1075,171,207,50812,61510,19909,5655,22064,26360,23403,35611,26739,-888888888,-888888888,-888888888,-888888888,-888888888,-888888888,-888888888,-888888888,-888888888,-888888888,-888888888,-888888888,-888888888,-888888888,-888888888,-888888888,-888888888,-888888888,-888888888,-888888888,-888888888,-888888888,-888888888,-888888888,-888888888,-888888888,-888888888,-888888888,-888888888,-888888888,-888888888,-888888888,-888888888,-888888888,-888888888,-888888888,-888888888,-888888888,-888888888,-888888888,-888888888,-888888888,-888888888
2011,Shannon County; Missouri,6736,3663,3663,3250,413,0,3073,3663,-888888888,3387,1752,1752,1606,574,330,1313,753,3131,2297,582,0,68,66,118,22.9,3250,932,516,501,529,772,3250,283,281,540,29,203,63,274,188,4,128,69,733,324,218,145,3250,2171,510,536,33,3362,372,327,551,548,658,530,175,177,5,19,31748,39699,2298,41059,1389,14291,615,15644,298,7320,124,2609,632,2481,203,140,324,428,606,455,152,163,5,5,38280,43695,16095,881,17157,27183,18934,32278,23399,-888888888,-888888888,-888888888,-888888888,-888888888,-888888888,-888888888,-888888888,-888888888,-888888888,-888888888,-888888888,-888888888,-888888888,-888888888,-888888888,-888888888,-888888888,-888888888,-888888888,-888888888,-888888888,-888888888,-888888888,-888888888,-888888888,-888888888,-888888888,-888888888,-888888888,-888888888,-888888888,-888888888,-888888888,-888888888,-888888888,-888888888,-888888888,-888888888,-888888888,-888888888,-888888888,-888888888
2011,Randolph County; Missouri,20220,11079,11054,10245,809,25,9141,11054,-888888888,9513,5238,5232,4876,1674,1093,3669,2657,10061,8156,969,73,129,172,562,21.1,10245,2601,1703,2983,965,1993,10245,157,657,1468,29,175,344,1443,795,281,588,572,2034,615,617,674,10245,7760,1541,933,11,9064,675,765,1367,1541,1619,1644,772,491,95,95,36484,46083,6738,47575,3129,15609,1555,12735,514,7443,308,2906,1480,5997,243,203,871,934,1091,1395,669,401,95,95,45006,54138,17345,3067,21721,27479,22914,35586,28097,-888888888,-888888888,-888888888,-888888888,-888888888,-888888888,-888888888,-888888888,-888888888,-888888888,-888888888,-888888888,-888888888,-888888888,-888888888,-888888888,-888888888,-888888888,-888888888,-888888888,-888888888,-888888888,-888888888,-888888888,-888888888,-888888888,-888888888,-888888888,-888888888,-888888888,-888888888,-888888888,-888888888,-888888888,-888888888,-888888888,-888888888,-888888888,-888888888,-888888888,-888888888,-888888888,-888888888
2011,Dunklin County; Missouri,25003,12748,12748,11508,1240,0,12255,12748,-888888888,13197,6009,6009,5553,2540,1187,4896,3293,11315,9447,1398,17,100,152,201,21.3,11508,2910,2419,2311,1278,2590,11508,849,537,2102,29,069,129,1427,726,150,474,626,3006,474,492,516,11508,9038,1685,785,0,12862,1605,1574,2024,1959,2202,1735,848,656,113,146,30806,42294,8386,46189,5356,13376,2283,14261,1589,7591,422,2953,3422,8350,642,727,1131,1345,1488,1397,736,625,113,146,38513,51309,17904,4512,17493,23721,22811,36517,25543,-888888888,-888888888,-888888888,-888888888,-888888888,-888888888,-888888888,-888888888,-888888888,-888888888,-888888888,-888888888,-888888888,-888888888,-888888888,-888888888,-888888888,-888888888,-888888888,-888888888,-888888888,-888888888,-888888888,-888888888,-888888888,-888888888,-888888888,-888888888,-888888888,-888888888,-888888888,-888888888,-888888888,-888888888,-888888888,-888888888,-888888888,-888888888,-888888888,-888888888,-888888888,-888888888,-888888888
2011,Franklin County; Missouri,79104,51904,51862,47723,4139,42,27200,51862,-888888888,40254,24329,24329,22663,7427,4837,16303,12262,46748,38823,5689,65,613,203,1355,27.1,47723,13228,7708,11005,6205,9577,47723,583,4843,10124,29,071,949,5467,2319,749,2273,3468,9186,3970,2400,1392,47723,40500,4382,2763,78,38817,2314,2006,4330,4642,6082,8060,5560,4099,970,754,50098,62001,30400,62220,11700,16377,7956,17397,1252,8689,888,3383,3648,27556,940,723,1840,2989,4287,6388,5003,3789,916,681,60706,72030,24118,11261,26055,34718,28641,44134,30947,-888888888,-888888888,-888888888,-888888888,-888888888,-888888888,-888888888,-888888888,-888888888,-888888888,-888888888,-888888888,-888888888,-888888888,-888888888,-888888888,-888888888,-888888888,-888888888,-888888888,-888888888,-888888888,-888888888,-888888888,-888888888,-888888888,-888888888,-888888888,-888888888,-888888888,-888888888,-888888888,-888888888,-888888888,-888888888,-888888888,-888888888,-888888888,-888888888,-888888888,-888888888,-888888888,-888888888
2011,Howard County; Missouri,8129,5025,5019,4665,354,6,3104,5019,-888888888,4121,2447,2447,2290,740,581,1382,994,4578,3476,666,3,108,51,274,24.1,4665,1481,890,907,703,684,4665,192,333,521,29,089,106,421,227,55,265,173,1455,459,190,268,4665,3006,1086,539,34,3794,323,281,416,415,528,889,423,387,75,57,46991,59584,2943,57228,1306,14505,689,21566,136,7895,102,2004,423,2575,120,82,172,249,365,757,383,343,75,29,58854,64781,23479,1219,21996,45559,25455,41115,30552,-888888888,-888888888,-888888888,-888888888,-888888888,-888888888,-888888888,-888888888,-888888888,-888888888,-888888888,-888888888,-888888888,-888888888,-888888888,-888888888,-888888888,-888888888,-888888888,-888888888,-888888888,-888888888,-888888888,-888888888,-888888888,-888888888,-888888888,-888888888,-888888888,-888888888,-888888888,-888888888,-888888888,-888888888,-888888888,-888888888,-888888888,-888888888,-888888888,-888888888,-888888888,-888888888,-888888888
2011,Jackson County; Missouri,522847,353398,353007,320428,32579,391,169449,353007,-888888888,274043,173440,173440,158538,55028,38348,100629,76354,314100,257182,27645,8437,5199,4191,11446,22.9,320428,112217,55545,86143,26977,39546,320428,968,20906,30510,29,095,9773,34985,16599,11222,26588,36831,69983,29583,16561,15919,320428,260202,42818,16924,484,270493,24503,16161,30426,32184,39635,49716,32047,29782,9269,6770,46874,61843,215582,63213,71402,16117,46300,19622,11642,8410,7372,2610,34655,165772,10619,5417,13788,16841,22480,33501,24666,24870,7896,5694,59580,73831,25605,104721,30378,40551,30149,45538,36239,-888888888,-888888888,-888888888,-888888888,-888888888,-888888888,-888888888,-888888888,-888888888,-888888888,-888888888,-888888888,-888888888,-888888888,-888888888,-888888888,-888888888,-888888888,-888888888,-888888888,-888888888,-888888888,-888888888,-888888888,-888888888,-888888888,-888888888,-888888888,-888888888,-888888888,-888888888,-888888888,-888888888,-888888888,-888888888,-888888888,-888888888,-888888888,-888888888,-888888888,-888888888,-888888888,-888888888
2011,Miller County; Missouri,19484,12182,12179,11196,983,3,7302,12179,-888888888,9899,5863,5863,5477,1906,1302,3947,2782,10861,7864,1691,88,166,423,629,27.4,11196,2754,2199,2848,1641,1754,11196,343,1185,1029,29,131,123,1825,542,129,535,677,2264,1047,807,690,11196,8242,1861,1071,22,10320,1071,820,1592,1506,1620,2007,938,545,133,88,36411,46165,7661,45652,3602,14789,1981,17752,476,7142,448,2185,1730,6747,358,146,979,879,1203,1652,841,503,103,83,47216,55366,19133,3573,19703,26251,22069,32084,28478,-888888888,-888888888,-888888888,-888888888,-888888888,-888888888,-888888888,-888888888,-888888888,-888888888,-888888888,-888888888,-888888888,-888888888,-888888888,-888888888,-888888888,-888888888,-888888888,-888888888,-888888888,-888888888,-888888888,-888888888,-888888888,-888888888,-888888888,-888888888,-888888888,-888888888,-888888888,-888888888,-888888888,-888888888,-888888888,-888888888,-888888888,-888888888,-888888888,-888888888,-888888888,-888888888,-888888888
2011,Putnam County; Missouri,3956,2244,2244,2173,71,0,1712,2244,-888888888,2020,1046,1046,1008,274,195,898,605,2095,1584,266,19,11,7,208,22.8,2173,725,317,418,377,336,2173,383,269,246,29,171,58,204,98,60,133,39,425,51,130,77,2173,1394,356,423,0,2238,204,285,312,326,400,424,172,62,17,36,34556,46968,1573,43786,834,14924,477,18137,190,6730,39,2808,257,1577,59,137,200,240,319,344,163,62,17,36,43227,56243,20463,661,17404,24073,22533,31182,26659,-888888888,-888888888,-888888888,-888888888,-888888888,-888888888,-888888888,-888888888,-888888888,-888888888,-888888888,-888888888,-888888888,-888888888,-888888888,-888888888,-888888888,-888888888,-888888888,-888888888,-888888888,-888888888,-888888888,-888888888,-888888888,-888888888,-888888888,-888888888,-888888888,-888888888,-888888888,-888888888,-888888888,-888888888,-888888888,-888888888,-888888888,-888888888,-888888888,-888888888,-888888888,-888888888,-888888888
2011,Taney County; Missouri,40822,26159,26117,23853,2264,42,14663,26117,-888888888,21238,12903,12903,11784,3367,2269,7156,5005,23290,17803,3652,95,590,52,1098,20.5,23853,6036,6427,7585,2338,1467,23853,223,2171,559,29,213,365,3545,890,556,1324,1938,4052,6271,1164,795,23853,19636,2135,2077,5,20525,1848,1103,2948,2918,3768,3747,2035,1447,261,450,40120,55518,15693,54754,8028,15176,3697,18914,1018,7128,411,3045,3257,13858,716,516,1584,1714,2910,2934,1722,1233,236,293,47074,61924,22192,6667,24863,39612,19863,34160,26814,-888888888,-888888888,-888888888,-888888888,-888888888,-888888888,-888888888,-888888888,-888888888,-888888888,-888888888,-888888888,-888888888,-888888888,-888888888,-888888888,-888888888,-888888888,-888888888,-888888888,-888888888,-888888888,-888888888,-888888888,-888888888,-888888888,-888888888,-888888888,-888888888,-888888888,-888888888,-888888888,-888888888,-888888888,-888888888,-888888888,-888888888,-888888888,-888888888,-888888888,-888888888,-888888888,-888888888
2011,Buchanan County; Missouri,70268,45066,44932,41631,3301,134,25202,44932,-888888888,35682,21941,21915,20583,6852,4622,12820,9672,41119,33356,4787,414,895,532,1135,17.4,41631,11855,7992,10173,3662,7949,41631,580,2443,7360,29,021,1060,4611,2043,589,2629,2484,9767,3922,2239,1904,41631,34029,5354,2162,86,33662,2683,2141,4278,4172,5822,6668,3882,2887,617,512,43386,56832,26121,57915,10227,15702,6434,16258,1632,7539,994,2152,4824,21315,1025,640,1727,2318,3795,5127,3185,2456,583,459,54611,68264,22349,12347,25551,34168,25116,40406,30253,-888888888,-888888888,-888888888,-888888888,-888888888,-888888888,-888888888,-888888888,-888888888,-888888888,-888888888,-888888888,-888888888,-888888888,-888888888,-888888888,-888888888,-888888888,-888888888,-888888888,-888888888,-888888888,-888888888,-888888888,-888888888,-888888888,-888888888,-888888888,-888888888,-888888888,-888888888,-888888888,-888888888,-888888888,-888888888,-888888888,-888888888,-888888888,-888888888,-888888888,-888888888,-888888888,-888888888
2011,Caldwell County; Missouri,7306,4330,4330,4043,287,0,2976,4330,-888888888,3728,1888,1888,1742,700,454,1574,1001,3943,2917,621,1,58,44,302,35.0,4043,1060,750,810,710,713,4043,326,390,483,29,025,64,460,353,46,170,206,811,216,213,305,4043,2952,568,502,21,3708,387,255,503,541,500,715,393,313,71,30,40522,50499,2734,53406,1233,15239,638,16610,213,8641,54,2254,437,2686,218,85,219,396,394,649,345,279,71,30,51006,58772,20225,1022,18991,26622,27054,37731,28393,-888888888,-888888888,-888888888,-888888888,-888888888,-888888888,-888888888,-888888888,-888888888,-888888888,-888888888,-888888888,-888888888,-888888888,-888888888,-888888888,-888888888,-888888888,-888888888,-888888888,-888888888,-888888888,-888888888,-888888888,-888888888,-888888888,-888888888,-888888888,-888888888,-888888888,-888888888,-888888888,-888888888,-888888888,-888888888,-888888888,-888888888,-888888888,-888888888,-888888888,-888888888,-888888888,-888888888
2011,Cass County; Missouri,75477,51832,51617,48485,3132,215,23645,51617,-888888888,39045,24500,24456,23143,7968,5678,17079,13564,47838,39833,5188,178,462,305,1872,28.2,48485,15902,7096,12781,6250,6456,48485,740,5218,5003,29,037,1790,6065,2523,1576,3773,4824,8724,3017,2905,2327,48485,39355,5692,3327,111,36864,1202,1462,2814,3488,5352,8446,5853,5872,1622,753,60807,72075,30279,70567,10169,16974,7923,24128,943,9724,826,3065,3137,27727,701,576,1391,2067,3910,6608,5185,5174,1436,679,69369,79550,27129,9137,34275,43751,32858,50657,38097,-888888888,-888888888,-888888888,-888888888,-888888888,-888888888,-888888888,-888888888,-888888888,-888888888,-888888888,-888888888,-888888888,-888888888,-888888888,-888888888,-888888888,-888888888,-888888888,-888888888,-888888888,-888888888,-888888888,-888888888,-888888888,-888888888,-888888888,-888888888,-888888888,-888888888,-888888888,-888888888,-888888888,-888888888,-888888888,-888888888,-888888888,-888888888,-888888888,-888888888,-888888888,-888888888,-888888888
2011,Clinton County; Missouri,16232,10487,10477,9569,908,10,5745,10477,-888888888,8210,4926,4916,4493,1452,960,3290,2635,9334,7570,1234,6,158,71,295,28.3,9569,2499,1817,2437,1355,1461,9569,297,730,1203,29,049,218,1222,648,135,548,739,2137,526,441,725,9569,7132,1630,793,14,8085,332,298,799,980,1504,1648,1182,991,223,128,51439,62197,6494,60714,2619,17731,1806,18076,218,8525,148,2616,768,5837,156,81,384,566,1095,1315,1044,907,204,85,59357,69686,24553,2248,31074,39710,29408,47286,32981,-888888888,-888888888,-888888888,-888888888,-888888888,-888888888,-888888888,-888888888,-888888888,-888888888,-888888888,-888888888,-888888888,-888888888,-888888888,-888888888,-888888888,-888888888,-888888888,-888888888,-888888888,-888888888,-888888888,-888888888,-888888888,-888888888,-888888888,-888888888,-888888888,-888888888,-888888888,-888888888,-888888888,-888888888,-888888888,-888888888,-888888888,-888888888,-888888888,-888888888,-888888888,-888888888,-888888888
2011,Dallas County; Missouri,13196,7565,7565,6635,930,0,5631,7565,-888888888,6577,3412,3412,3013,1338,837,2592,1734,6436,5100,730,35,174,94,303,27.9,6635,1635,760,1563,960,1717,6635,352,662,957,29,059,253,974,603,54,304,338,1414,281,185,258,6635,5006,969,660,0,6368,582,482,862,998,1090,1128,726,389,28,83,39132,48100,4417,49893,2645,15633,1310,15518,439,6872,331,3452,1080,4622,262,174,491,722,808,1025,687,359,11,83,46904,55322,18384,1746,20373,26798,23669,33067,27467,-888888888,-888888888,-888888888,-888888888,-888888888,-888888888,-888888888,-888888888,-888888888,-888888888,-888888888,-888888888,-888888888,-888888888,-888888888,-888888888,-888888888,-888888888,-888888888,-888888888,-888888888,-888888888,-888888888,-888888888,-888888888,-888888888,-888888888,-888888888,-888888888,-888888888,-888888888,-888888888,-888888888,-888888888,-888888888,-888888888,-888888888,-888888888,-888888888,-888888888,-888888888,-888888888,-888888888
2011,Hickory County; Missouri,8081,3692,3692,3265,427,0,4389,3692,-888888888,4102,1794,1794,1661,447,287,1181,814,3174,2585,283,8,32,43,223,32.8,3265,787,711,834,386,547,3265,181,328,242,29,085,47,650,212,77,141,207,534,291,144,211,3265,2295,426,509,35,4301,527,446,893,767,805,422,245,145,30,21,28850,36654,2429,37129,2245,15703,1065,18968,276,6683,121,1281,809,2858,160,209,488,565,673,354,234,130,28,17,35126,43943,16844,1443,16766,20913,18996,28945,20974,-888888888,-888888888,-888888888,-888888888,-888888888,-888888888,-888888888,-888888888,-888888888,-888888888,-888888888,-888888888,-888888888,-888888888,-888888888,-888888888,-888888888,-888888888,-888888888,-888888888,-888888888,-888888888,-888888888,-888888888,-888888888,-888888888,-888888888,-888888888,-888888888,-888888888,-888888888,-888888888,-888888888,-888888888,-888888888,-888888888,-888888888,-888888888,-888888888,-888888888,-888888888,-888888888,-888888888
2011,Lincoln County; Missouri,38994,26856,26826,23841,2985,30,12138,26826,-888888888,19758,12704,12701,11428,4367,3153,9555,7110,23386,19246,2979,119,336,182,524,33.6,23841,5878,3684,6231,4054,3994,23841,330,3047,3809,29,113,750,3011,1336,536,1379,1609,4558,1624,1097,755,23841,20292,2315,1226,8,18638,1058,915,1625,2062,2870,4495,2826,2200,393,194,53726,60972,15346,60435,4859,17280,3359,17708,654,8664,512,3944,2387,14061,580,380,923,1354,2154,3639,2453,2029,355,194,61721,67518,22092,4577,30575,37328,27700,47710,31117,-888888888,-888888888,-888888888,-888888888,-888888888,-888888888,-888888888,-888888888,-888888888,-888888888,-888888888,-888888888,-888888888,-888888888,-888888888,-888888888,-888888888,-888888888,-888888888,-888888888,-888888888,-888888888,-888888888,-888888888,-888888888,-888888888,-888888888,-888888888,-888888888,-888888888,-888888888,-888888888,-888888888,-888888888,-888888888,-888888888,-888888888,-888888888,-888888888,-888888888,-888888888,-888888888,-888888888
2011,Monroe County; Missouri,7093,4246,4236,3948,288,10,2847,4236,-888888888,3597,1986,1986,1822,601,468,1466,1192,3903,2934,638,14,46,60,211,26.4,3948,1085,656,898,456,853,3948,179,285,645,29,137,112,421,369,61,171,242,845,252,163,203,3948,2960,593,385,10,3630,224,251,537,560,610,812,352,227,43,14,39495,48448,2642,49045,1417,15792,640,13461,128,7470,88,2358,297,2458,89,61,236,312,475,728,336,174,43,4,52000,56470,20048,1172,21966,30402,25929,35488,27113,-888888888,-888888888,-888888888,-888888888,-888888888,-888888888,-888888888,-888888888,-888888888,-888888888,-888888888,-888888888,-888888888,-888888888,-888888888,-888888888,-888888888,-888888888,-888888888,-888888888,-888888888,-888888888,-888888888,-888888888,-888888888,-888888888,-888888888,-888888888,-888888888,-888888888,-888888888,-888888888,-888888888,-888888888,-888888888,-888888888,-888888888,-888888888,-888888888,-888888888,-888888888,-888888888,-888888888
2011,Newton County; Missouri,44902,28090,28064,26038,2026,26,16812,28064,-888888888,22952,13019,13019,12028,4349,2883,9501,6729,25648,20194,3193,17,423,560,1261,20.3,26038,7436,4057,7057,2845,4643,26038,685,1806,4461,29,145,865,3199,1730,525,950,1937,5520,2042,1452,866,26038,20777,2692,2498,71,21719,1562,1659,2965,3031,3464,4129,2472,1498,492,447,41873,57259,16617,58985,6956,15666,4032,16125,1061,7902,489,2569,2594,15829,790,674,1707,2170,2739,3382,2178,1410,426,353,49076,61711,22054,5890,22173,42212,24128,38523,28967,-888888888,-888888888,-888888888,-888888888,-888888888,-888888888,-888888888,-888888888,-888888888,-888888888,-888888888,-888888888,-888888888,-888888888,-888888888,-888888888,-888888888,-888888888,-888888888,-888888888,-888888888,-888888888,-888888888,-888888888,-888888888,-888888888,-888888888,-888888888,-888888888,-888888888,-888888888,-888888888,-888888888,-888888888,-888888888,-888888888,-888888888,-888888888,-888888888,-888888888,-888888888,-888888888,-888888888
2011,Pike County; Missouri,14880,8355,8305,7590,715,50,6525,8305,-888888888,6649,4030,3980,3649,1367,1003,2730,2070,7466,5771,1043,8,127,135,382,21.7,7590,1867,1592,1871,1045,1215,7590,395,742,911,29,163,280,981,331,84,424,480,1513,604,298,547,7590,5696,1295,576,23,6581,478,564,959,738,1074,1357,766,481,98,66,42276,51715,5209,50209,2203,15636,1150,15620,346,8263,208,1932,859,4650,225,267,439,553,758,1149,683,427,98,51,52096,59505,18756,1931,20823,29410,24334,37111,27664,-888888888,-888888888,-888888888,-888888888,-888888888,-888888888,-888888888,-888888888,-888888888,-888888888,-888888888,-888888888,-888888888,-888888888,-888888888,-888888888,-888888888,-888888888,-888888888,-888888888,-888888888,-888888888,-888888888,-888888888,-888888888,-888888888,-888888888,-888888888,-888888888,-888888888,-888888888,-888888888,-888888888,-888888888,-888888888,-888888888,-888888888,-888888888,-888888888,-888888888,-888888888,-888888888,-888888888
2011,St. Charles County; Missouri,274300,200617,200346,188236,12110,271,73683,200346,-888888888,141047,95859,95826,90657,28506,20491,61368,48684,184977,160616,12900,326,1768,1537,7830,25.1,188236,75557,27993,52150,15539,16997,188236,869,12582,23916,29,183,7594,22608,9444,4646,18722,19579,38126,16255,8531,5364,188236,163267,17323,7322,324,132908,3435,3467,8707,9812,17316,27318,22286,26308,9084,5175,71458,83517,112431,83444,31598,18097,25466,20253,3110,10051,1613,4300,5902,96568,1537,969,3328,5123,10455,19731,18662,23439,8537,4787,83819,95383,31388,36340,40375,49112,37200,60070,40988,-888888888,-888888888,-888888888,-888888888,-888888888,-888888888,-888888888,-888888888,-888888888,-888888888,-888888888,-888888888,-888888888,-888888888,-888888888,-888888888,-888888888,-888888888,-888888888,-888888888,-888888888,-888888888,-888888888,-888888888,-888888888,-888888888,-888888888,-888888888,-888888888,-888888888,-888888888,-888888888,-888888888,-888888888,-888888888,-888888888,-888888888,-888888888,-888888888,-888888888,-888888888,-888888888,-888888888
2011,Cape Girardeau County; Missouri,60507,39977,39861,37205,2656,116,20530,39861,-888888888,31541,19407,19407,18346,5262,3816,10404,8113,36485,29450,4250,98,1171,505,1011,18.8,37205,11501,6305,10308,4160,4931,37205,488,2915,4374,29,031,1113,4790,1595,840,2155,2338,10067,3704,1690,1136,37205,29693,4866,2515,131,29452,2603,1936,2714,3807,4860,5911,3548,2745,686,642,45795,58591,23218,58123,8407,15884,5171,20600,1357,8449,817,2688,3563,19906,1012,635,1510,1981,3400,4651,3078,2416,638,585,56460,69355,23445,9546,26780,33305,23725,38978,29658,-888888888,-888888888,-888888888,-888888888,-888888888,-888888888,-888888888,-888888888,-888888888,-888888888,-888888888,-888888888,-888888888,-888888888,-888888888,-888888888,-888888888,-888888888,-888888888,-888888888,-888888888,-888888888,-888888888,-888888888,-888888888,-888888888,-888888888,-888888888,-888888888,-888888888,-888888888,-888888888,-888888888,-888888888,-888888888,-888888888,-888888888,-888888888,-888888888,-888888888,-888888888,-888888888,-888888888
2011,Shelby County; Missouri,5000,3049,3049,2908,141,0,1951,3049,-888888888,2553,1430,1430,1380,455,293,915,712,2867,2100,358,14,139,43,213,23.1,2908,772,535,638,347,616,2908,304,227,364,29,205,73,418,180,17,119,135,669,115,150,137,2908,2090,476,336,6,2653,219,271,491,338,541,390,229,149,23,2,35124,42481,1832,42852,1105,13928,374,17821,180,6808,54,2883,443,1651,33,70,224,222,412,323,218,135,12,2,44675,52168,18458,1002,19000,25765,21268,33500,22195,-888888888,-888888888,-888888888,-888888888,-888888888,-888888888,-888888888,-888888888,-888888888,-888888888,-888888888,-888888888,-888888888,-888888888,-888888888,-888888888,-888888888,-888888888,-888888888,-888888888,-888888888,-888888888,-888888888,-888888888,-888888888,-888888888,-888888888,-888888888,-888888888,-888888888,-888888888,-888888888,-888888888,-888888888,-888888888,-888888888,-888888888,-888888888,-888888888,-888888888,-888888888,-888888888,-888888888
2011,Webster County; Missouri,27386,16278,16233,15019,1214,45,11108,16233,-888888888,13632,7143,7143,6606,3167,1688,6072,3504,14666,11659,2165,72,113,157,500,31.1,15019,3359,2174,3989,2576,2921,15019,519,1913,1817,29,225,527,1917,1280,232,935,741,2972,842,739,585,15019,11526,1785,1705,3,12848,1083,876,1661,1494,2764,2521,1384,710,227,128,41764,50490,9878,50707,4164,14859,2232,16498,795,6821,475,2938,1768,9854,527,334,998,1220,2304,2142,1330,703,170,126,47538,56639,18709,2994,19327,28249,23926,37010,26963,-888888888,-888888888,-888888888,-888888888,-888888888,-888888888,-888888888,-888888888,-888888888,-888888888,-888888888,-888888888,-888888888,-888888888,-888888888,-888888888,-888888888,-888888888,-888888888,-888888888,-888888888,-888888888,-888888888,-888888888,-888888888,-888888888,-888888888,-888888888,-888888888,-888888888,-888888888,-888888888,-888888888,-888888888,-888888888,-888888888,-888888888,-888888888,-888888888,-888888888,-888888888,-888888888,-888888888
2011,Atchison County; Missouri,4723,2970,2968,2827,141,2,1753,2968,-888888888,2403,1342,1342,1267,362,279,663,540,2791,2223,275,0,101,30,162,20.1,2827,884,498,605,380,460,2827,407,167,275,29,005,37,304,408,23,126,94,590,102,139,155,2827,1884,504,436,3,2447,165,197,305,285,398,588,219,219,27,44,44330,54913,1841,56204,937,15296,332,16521,111,7967,31,1406,232,1592,47,39,171,175,261,464,181,183,27,44,56279,65974,23976,855,25426,32987,27559,41074,28567,-888888888,-888888888,-888888888,-888888888,-888888888,-888888888,-888888888,-888888888,-888888888,-888888888,-888888888,-888888888,-888888888,-888888888,-888888888,-888888888,-888888888,-888888888,-888888888,-888888888,-888888888,-888888888,-888888888,-888888888,-888888888,-888888888,-888888888,-888888888,-888888888,-888888888,-888888888,-888888888,-888888888,-888888888,-888888888,-888888888,-888888888,-888888888,-888888888,-888888888,-888888888,-888888888,-888888888
2011,Bates County; Missouri,13348,8024,7982,7315,667,42,5324,7982,-888888888,6884,3672,3672,3467,1170,779,2870,1958,7095,5389,1100,16,111,48,431,28.5,7315,1790,1109,1743,1237,1436,7315,560,835,847,29,013,159,1169,509,67,246,399,1700,206,436,182,7315,5520,921,825,49,6602,625,495,1120,763,1017,1124,709,585,120,44,38966,49420,4800,50285,2595,15215,1140,13900,504,8800,248,3599,1049,4440,223,197,501,507,741,898,657,598,86,32,52550,59363,19882,2162,19553,27512,23512,39551,28276,-888888888,-888888888,-888888888,-888888888,-888888888,-888888888,-888888888,-888888888,-888888888,-888888888,-888888888,-888888888,-888888888,-888888888,-888888888,-888888888,-888888888,-888888888,-888888888,-888888888,-888888888,-888888888,-888888888,-888888888,-888888888,-888888888,-888888888,-888888888,-888888888,-888888888,-888888888,-888888888,-888888888,-888888888,-888888888,-888888888,-888888888,-888888888,-888888888,-888888888,-888888888,-888888888,-888888888
2011,Benton County; Missouri,16142,7623,7623,7131,492,0,8519,7623,-888888888,8162,3606,3606,3390,883,483,2307,1446,6814,5449,673,10,179,59,444,33.9,7131,1900,1425,1531,1061,1214,7131,396,692,865,29,015,170,871,485,120,390,395,1421,609,412,305,7131,5171,1131,798,31,8253,714,855,1345,1273,1298,1414,693,455,106,100,34512,46571,4888,47033,4176,16804,2412,18438,497,6226,237,2571,1279,5797,377,299,715,884,1022,1241,618,435,106,100,44870,55419,20551,2456,18593,24872,21791,39630,25356,-888888888,-888888888,-888888888,-888888888,-888888888,-888888888,-888888888,-888888888,-888888888,-888888888,-888888888,-888888888,-888888888,-888888888,-888888888,-888888888,-888888888,-888888888,-888888888,-888888888,-888888888,-888888888,-888888888,-888888888,-888888888,-888888888,-888888888,-888888888,-888888888,-888888888,-888888888,-888888888,-888888888,-888888888,-888888888,-888888888,-888888888,-888888888,-888888888,-888888888,-888888888,-888888888,-888888888
2011,Carter County; Missouri,4928,2646,2646,2416,230,0,2282,2646,-888888888,2553,1347,1347,1253,513,235,980,637,2382,1915,251,5,41,21,149,25.1,2416,705,510,489,258,454,2416,92,192,415,29,035,0,207,168,33,16,112,760,282,81,58,2416,1592,488,316,20,2472,255,371,560,376,290,319,121,163,0,17,26689,37750,1577,42289,1131,14019,356,13254,180,5985,134,2404,415,1583,103,126,367,197,261,247,113,152,0,17,34886,46210,15597,889,16477,22095,18487,32454,29205,-888888888,-888888888,-888888888,-888888888,-888888888,-888888888,-888888888,-888888888,-888888888,-888888888,-888888888,-888888888,-888888888,-888888888,-888888888,-888888888,-888888888,-888888888,-888888888,-888888888,-888888888,-888888888,-888888888,-888888888,-888888888,-888888888,-888888888,-888888888,-888888888,-888888888,-888888888,-888888888,-888888888,-888888888,-888888888,-888888888,-888888888,-888888888,-888888888,-888888888,-888888888,-888888888,-888888888
2011,Dade County; Missouri,6368,3411,3411,3079,332,0,2957,3411,-888888888,3158,1570,1570,1423,413,257,1236,854,2997,2435,267,9,144,68,74,27.7,3079,749,543,667,451,669,3079,261,190,487,29,057,166,368,187,28,118,160,664,205,114,131,3079,2187,549,332,11,3222,343,351,582,486,494,579,200,152,22,13,32248,42485,2256,43524,1362,14929,610,12525,210,8219,101,4008,448,2131,172,148,290,330,362,483,165,146,22,13,38919,51185,17738,1091,17456,23586,20808,34208,25241,-888888888,-888888888,-888888888,-888888888,-888888888,-888888888,-888888888,-888888888,-888888888,-888888888,-888888888,-888888888,-888888888,-888888888,-888888888,-888888888,-888888888,-888888888,-888888888,-888888888,-888888888,-888888888,-888888888,-888888888,-888888888,-888888888,-888888888,-888888888,-888888888,-888888888,-888888888,-888888888,-888888888,-888888888,-888888888,-888888888,-888888888,-888888888,-888888888,-888888888,-888888888,-888888888,-888888888
2011,Linn County; Missouri,10034,5587,5587,5179,408,0,4447,5587,-888888888,5265,2704,2704,2581,977,724,2028,1466,5137,3934,719,5,62,106,311,19.7,5179,1416,820,1138,552,1253,5179,228,313,881,29,115,168,627,266,422,176,212,1147,254,255,230,5179,4050,603,518,8,4968,505,489,773,544,792,931,490,330,39,75,38211,51231,3473,55213,1901,14588,928,15444,356,6926,112,1972,527,3262,226,107,387,355,585,822,404,265,38,73,49275,62302,20666,1706,18925,29333,25123,36250,27643,-888888888,-888888888,-888888888,-888888888,-888888888,-888888888,-888888888,-888888888,-888888888,-888888888,-888888888,-888888888,-888888888,-888888888,-888888888,-888888888,-888888888,-888888888,-888888888,-888888888,-888888888,-888888888,-888888888,-888888888,-888888888,-888888888,-888888888,-888888888,-888888888,-888888888,-888888888,-888888888,-888888888,-888888888,-888888888,-888888888,-888888888,-888888888,-888888888,-888888888,-888888888,-888888888,-888888888
2011,Howell County; Missouri,31176,17086,17063,15905,1158,23,14090,17063,-888888888,16214,8032,8029,7547,3095,1938,6458,4498,15666,13200,1522,38,296,145,465,19.3,15905,4404,2286,3670,1743,3802,15905,561,1072,2920,29,091,359,1740,1000,155,633,539,4712,822,813,579,15905,12295,2453,1141,16,15538,1586,1386,2631,2060,2663,2783,1255,795,184,195,35625,45323,10585,48324,6022,14154,3053,18883,1305,7375,503,3284,2372,11109,680,717,1632,1517,1993,2534,972,689,180,195,41677,51697,18056,4429,18750,27292,22549,32427,26575,-888888888,-888888888,-888888888,-888888888,-888888888,-888888888,-888888888,-888888888,-888888888,-888888888,-888888888,-888888888,-888888888,-888888888,-888888888,-888888888,-888888888,-888888888,-888888888,-888888888,-888888888,-888888888,-888888888,-888888888,-888888888,-888888888,-888888888,-888888888,-888888888,-888888888,-888888888,-888888888,-888888888,-888888888,-888888888,-888888888,-888888888,-888888888,-888888888,-888888888,-888888888,-888888888,-888888888
2011,Johnson County; Missouri,41872,27007,24289,22346,1943,2718,14865,24289,-888888888,20629,12265,11813,10955,4113,2138,7182,4729,24540,19738,2528,77,1256,194,747,26.1,22346,6466,4735,5187,2818,3140,22346,422,1838,2553,29,101,412,2650,1081,404,968,922,6034,2122,930,2010,22346,15299,5264,1733,50,19435,1398,1074,2742,2088,2754,4080,2677,2080,387,155,47268,56347,16363,53177,4697,15710,3981,21036,575,8627,388,4120,1706,12771,359,353,1143,1229,1758,3183,2294,1994,320,138,60314,67967,21292,6664,23730,32380,21753,38835,29247,-888888888,-888888888,-888888888,-888888888,-888888888,-888888888,-888888888,-888888888,-888888888,-888888888,-888888888,-888888888,-888888888,-888888888,-888888888,-888888888,-888888888,-888888888,-888888888,-888888888,-888888888,-888888888,-888888888,-888888888,-888888888,-888888888,-888888888,-888888888,-888888888,-888888888,-888888888,-888888888,-888888888,-888888888,-888888888,-888888888,-888888888,-888888888,-888888888,-888888888,-888888888,-888888888,-888888888
2011,Laclede County; Missouri,27715,16927,16822,15395,1427,105,10788,16822,-888888888,14177,7699,7699,7094,2791,1627,5546,4109,15301,12374,2131,15,129,226,426,21.1,15395,3273,2589,3379,1897,4257,15395,558,980,3957,29,105,319,2113,906,172,669,831,2552,1053,604,681,15395,11971,1997,1414,13,14357,1351,858,2061,2067,2587,2928,1160,896,243,206,39697,51582,10902,50542,4595,14513,3046,18935,888,6960,556,2770,2210,10288,661,407,1212,1517,2052,2262,1034,786,226,131,44772,54682,20784,4069,21371,40145,23272,34134,25756,-888888888,-888888888,-888888888,-888888888,-888888888,-888888888,-888888888,-888888888,-888888888,-888888888,-888888888,-888888888,-888888888,-888888888,-888888888,-888888888,-888888888,-888888888,-888888888,-888888888,-888888888,-888888888,-888888888,-888888888,-888888888,-888888888,-888888888,-888888888,-888888888,-888888888,-888888888,-888888888,-888888888,-888888888,-888888888,-888888888,-888888888,-888888888,-888888888,-888888888,-888888888,-888888888,-888888888
2011,Maries County; Missouri,7271,4520,4504,4048,456,16,2751,4504,-888888888,3673,2049,2049,1871,655,490,1469,1083,3946,2982,602,10,77,4,271,28.4,4048,1296,679,829,599,645,4048,269,389,574,29,125,113,442,273,35,234,269,695,218,171,366,4048,2646,783,619,0,3635,364,180,559,390,554,923,379,210,61,15,42018,48834,2676,49001,1296,15257,899,18748,84,7321,31,2897,388,2638,137,61,303,281,478,760,371,171,61,15,52021,56355,20392,997,18608,25423,24119,35902,28141,-888888888,-888888888,-888888888,-888888888,-888888888,-888888888,-888888888,-888888888,-888888888,-888888888,-888888888,-888888888,-888888888,-888888888,-888888888,-888888888,-888888888,-888888888,-888888888,-888888888,-888888888,-888888888,-888888888,-888888888,-888888888,-888888888,-888888888,-888888888,-888888888,-888888888,-888888888,-888888888,-888888888,-888888888,-888888888,-888888888,-888888888,-888888888,-888888888,-888888888,-888888888,-888888888,-888888888
2011,Phelps County; Missouri,36253,21101,20947,19269,1678,154,15152,20947,-888888888,17418,9827,9799,9051,2868,1926,6197,4451,18630,14481,2190,57,786,378,738,17.9,19269,6693,3635,4756,1892,2293,19269,313,1421,1326,29,161,439,2757,870,346,869,1053,5634,2043,976,1222,19269,13593,4194,1418,64,16688,1711,1354,2192,1932,2713,3184,1771,1255,304,272,40675,52561,12748,51809,5334,14073,3615,22362,1074,7397,411,2605,2177,10608,565,416,1122,1143,1720,2396,1569,1175,292,210,52051,64091,20245,6080,21418,30593,19653,41370,26917,-888888888,-888888888,-888888888,-888888888,-888888888,-888888888,-888888888,-888888888,-888888888,-888888888,-888888888,-888888888,-888888888,-888888888,-888888888,-888888888,-888888888,-888888888,-888888888,-888888888,-888888888,-888888888,-888888888,-888888888,-888888888,-888888888,-888888888,-888888888,-888888888,-888888888,-888888888,-888888888,-888888888,-888888888,-888888888,-888888888,-888888888,-888888888,-888888888,-888888888,-888888888,-888888888,-888888888
2011,Platte County; Missouri,69267,50026,49512,46564,2948,514,19241,49512,-888888888,35461,23662,23629,22204,6732,4772,14363,11094,46121,38694,4147,339,291,611,2039,22.9,46564,19055,6389,12573,3086,5461,46564,283,2230,4569,29,165,1915,5716,3260,1581,4158,5566,8667,3839,1727,3053,46564,38102,6303,2140,19,35686,1433,987,2309,3233,4779,7275,5034,6263,2370,2003,66487,85323,30462,84824,7948,18531,6286,22532,878,8942,576,3734,1908,24427,650,319,1090,1642,2690,4810,4004,5331,2138,1753,80564,98964,34918,11259,43245,54012,37797,56634,42216,-888888888,-888888888,-888888888,-888888888,-888888888,-888888888,-888888888,-888888888,-888888888,-888888888,-888888888,-888888888,-888888888,-888888888,-888888888,-888888888,-888888888,-888888888,-888888888,-888888888,-888888888,-888888888,-888888888,-888888888,-888888888,-888888888,-888888888,-888888888,-888888888,-888888888,-888888888,-888888888,-888888888,-888888888,-888888888,-888888888,-888888888,-888888888,-888888888,-888888888,-888888888,-888888888,-888888888
2011,St. Francois County; Missouri,52428,27943,27892,24900,2992,51,24485,27892,-888888888,24070,13457,13457,12265,4267,3009,8619,6136,24464,20091,3062,48,229,327,707,25.3,24900,7565,5436,5781,2585,3533,24900,372,1896,2541,29,187,557,3262,1333,175,999,1547,7176,1499,948,2595,24900,17752,5687,1404,57,24519,2295,1980,3658,3615,3475,4396,2484,1878,443,295,37630,49795,17910,51287,8213,15016,5500,17062,1863,7557,625,2227,4674,16002,924,654,1853,2155,2541,3486,2065,1694,353,277,49169,59309,18844,8517,21448,29375,23177,39021,28640,-888888888,-888888888,-888888888,-888888888,-888888888,-888888888,-888888888,-888888888,-888888888,-888888888,-888888888,-888888888,-888888888,-888888888,-888888888,-888888888,-888888888,-888888888,-888888888,-888888888,-888888888,-888888888,-888888888,-888888888,-888888888,-888888888,-888888888,-888888888,-888888888,-888888888,-888888888,-888888888,-888888888,-888888888,-888888888,-888888888,-888888888,-888888888,-888888888,-888888888,-888888888,-888888888,-888888888
2011,St. Louis city; Missouri,257027,170267,170077,146638,23439,190,86760,170077,-888888888,135026,85762,85703,74460,23634,17802,40379,31929,143697,100870,15482,14431,6006,2649,4259,24.3,146638,51866,36102,33954,8680,16036,146638,423,5972,12111,29,510,3499,14066,7080,3800,9120,16596,38896,19176,7632,8267,146638,121256,19090,6170,122,139693,21248,11963,19849,17732,20147,21473,12011,10221,3018,2031,34402,48696,106694,52632,35755,13253,17955,15947,9474,7693,4954,2463,32502,66803,7263,3934,8044,8931,9077,11520,7372,6923,2236,1503,42779,59739,22050,72890,26122,37271,25789,40616,33278,-888888888,-888888888,-888888888,-888888888,-888888888,-888888888,-888888888,-888888888,-888888888,-888888888,-888888888,-888888888,-888888888,-888888888,-888888888,-888888888,-888888888,-888888888,-888888888,-888888888,-888888888,-888888888,-888888888,-888888888,-888888888,-888888888,-888888888,-888888888,-888888888,-888888888,-888888888,-888888888,-888888888,-888888888,-888888888,-888888888,-888888888,-888888888,-888888888,-888888888,-888888888,-888888888,-888888888
2011,Andrew County; Missouri,13530,9547,9501,8819,682,46,3983,9501,-888888888,7012,4472,4465,4200,1012,729,2697,2184,8769,7239,964,7,84,77,398,23.6,8819,2799,1616,1941,1150,1313,8819,340,937,1368,29,003,186,955,405,93,484,375,2078,735,429,434,8819,6597,1286,880,56,6634,366,393,700,769,775,1397,949,1000,196,89,54148,64636,5218,67606,2056,16231,1147,14143,166,10043,72,2354,401,4882,102,106,376,403,677,1149,884,920,181,84,66657,75253,25409,1752,23521,31135,30542,45669,32144,-888888888,-888888888,-888888888,-888888888,-888888888,-888888888,-888888888,-888888888,-888888888,-888888888,-888888888,-888888888,-888888888,-888888888,-888888888,-888888888,-888888888,-888888888,-888888888,-888888888,-888888888,-888888888,-888888888,-888888888,-888888888,-888888888,-888888888,-888888888,-888888888,-888888888,-888888888,-888888888,-888888888,-888888888,-888888888,-888888888,-888888888,-888888888,-888888888,-888888888,-888888888,-888888888,-888888888
2011,Butler County; Missouri,33807,19523,19502,17932,1570,21,14284,19502,-888888888,17824,9728,9728,8984,3042,2128,6163,4672,17447,14818,1669,110,161,122,567,16.6,17932,5036,3579,4117,1554,3646,17932,254,848,2927,29,023,427,1713,914,196,765,944,5593,1544,1012,795,17932,13391,3017,1406,118,17375,1977,1711,3055,2113,2832,2660,1479,967,375,206,34080,45905,12531,47431,6377,14085,2628,18589,1365,8936,637,1461,3854,11425,852,705,1555,1380,1957,2262,1310,881,328,195,43309,54850,19464,5950,19533,26785,22632,36788,27089,-888888888,-888888888,-888888888,-888888888,-888888888,-888888888,-888888888,-888888888,-888888888,-888888888,-888888888,-888888888,-888888888,-888888888,-888888888,-888888888,-888888888,-888888888,-888888888,-888888888,-888888888,-888888888,-888888888,-888888888,-888888888,-888888888,-888888888,-888888888,-888888888,-888888888,-888888888,-888888888,-888888888,-888888888,-888888888,-888888888,-888888888,-888888888,-888888888,-888888888,-888888888,-888888888,-888888888
2011,Carroll County; Missouri,7477,4635,4621,4326,295,14,2842,4621,-888888888,3827,2121,2121,2012,651,392,1495,1001,4258,3183,578,20,155,42,280,26.3,4326,1285,695,937,671,738,4326,453,377,640,29,033,60,482,216,77,305,131,971,233,161,220,4326,3202,609,489,26,3660,371,236,458,421,503,749,441,362,24,95,44015,61333,2686,66957,1345,14811,616,15029,90,8674,49,1233,338,2591,107,72,199,319,381,648,425,321,24,95,59005,75294,25546,1069,17861,24450,28733,41435,28850,-888888888,-888888888,-888888888,-888888888,-888888888,-888888888,-888888888,-888888888,-888888888,-888888888,-888888888,-888888888,-888888888,-888888888,-888888888,-888888888,-888888888,-888888888,-888888888,-888888888,-888888888,-888888888,-888888888,-888888888,-888888888,-888888888,-888888888,-888888888,-888888888,-888888888,-888888888,-888888888,-888888888,-888888888,-888888888,-888888888,-888888888,-888888888,-888888888,-888888888,-888888888,-888888888,-888888888
2011,Daviess County; Missouri,6388,3800,3796,3618,178,4,2588,3796,-888888888,3231,1733,1729,1664,654,319,1412,786,3512,2547,635,0,47,68,215,29.6,3618,1015,684,764,510,645,3618,481,358,322,29,061,94,548,271,50,161,80,693,241,145,174,3618,2394,627,594,3,3179,262,224,384,480,571,686,223,228,70,51,41133,51447,2350,53328,1108,15494,675,16031,108,8578,78,1882,267,2293,123,64,257,300,420,615,181,216,70,47,48633,58932,19714,886,22361,29357,25345,34290,27892,-888888888,-888888888,-888888888,-888888888,-888888888,-888888888,-888888888,-888888888,-888888888,-888888888,-888888888,-888888888,-888888888,-888888888,-888888888,-888888888,-888888888,-888888888,-888888888,-888888888,-888888888,-888888888,-888888888,-888888888,-888888888,-888888888,-888888888,-888888888,-888888888,-888888888,-888888888,-888888888,-888888888,-888888888,-888888888,-888888888,-888888888,-888888888,-888888888,-888888888,-888888888,-888888888,-888888888
2011,Holt County; Missouri,4055,2489,2484,2374,110,5,1566,2484,-888888888,2061,1156,1153,1104,334,181,567,398,2341,1875,238,0,83,6,139,24.3,2374,757,435,486,283,413,2374,349,137,297,29,087,80,241,116,30,115,63,571,183,84,108,2374,1653,368,353,0,2199,121,169,310,272,412,580,174,105,22,34,41737,52844,1636,54514,830,15493,379,17087,108,6676,35,1946,179,1468,49,33,146,166,294,470,155,102,22,31,51643,63934,23815,731,22139,29334,25656,36632,28899,-888888888,-888888888,-888888888,-888888888,-888888888,-888888888,-888888888,-888888888,-888888888,-888888888,-888888888,-888888888,-888888888,-888888888,-888888888,-888888888,-888888888,-888888888,-888888888,-888888888,-888888888,-888888888,-888888888,-888888888,-888888888,-888888888,-888888888,-888888888,-888888888,-888888888,-888888888,-888888888,-888888888,-888888888,-888888888,-888888888,-888888888,-888888888,-888888888,-888888888,-888888888,-888888888,-888888888
2011,Marion County; Missouri,22496,14059,14029,13029,1000,30,8437,14029,-888888888,11876,6853,6836,6481,2197,1399,4226,3135,12873,10229,1389,53,445,176,581,18.3,13029,3697,2529,2949,1200,2654,13029,318,686,2187,29,127,257,1618,825,176,559,785,3496,1173,513,436,13029,10501,1521,963,44,11194,916,865,1539,1529,1745,2230,1212,809,109,240,40915,54966,8543,56309,3712,15206,1919,16157,705,8962,318,3286,1680,7495,383,246,732,936,1144,1863,1109,746,96,240,53239,67574,21835,3699,21223,27192,23913,40748,26671,-888888888,-888888888,-888888888,-888888888,-888888888,-888888888,-888888888,-888888888,-888888888,-888888888,-888888888,-888888888,-888888888,-888888888,-888888888,-888888888,-888888888,-888888888,-888888888,-888888888,-888888888,-888888888,-888888888,-888888888,-888888888,-888888888,-888888888,-888888888,-888888888,-888888888,-888888888,-888888888,-888888888,-888888888,-888888888,-888888888,-888888888,-888888888,-888888888,-888888888,-888888888,-888888888,-888888888
2011,Osage County; Missouri,10841,6970,6951,6723,228,19,3871,6951,-888888888,5181,3028,3025,2951,1116,921,2196,1748,6656,4847,1213,7,108,50,431,26.6,6723,1924,880,1629,978,1312,6723,380,825,1196,29,151,274,627,303,102,312,377,1015,212,282,818,6723,4601,1427,558,137,5331,312,299,546,613,1034,1115,823,443,83,63,47836,57352,4204,58184,1730,16431,1032,17562,237,8983,63,8397,435,3905,89,160,260,441,644,1001,773,417,66,54,58229,65464,22275,1426,27870,32143,29447,40181,30130,-888888888,-888888888,-888888888,-888888888,-888888888,-888888888,-888888888,-888888888,-888888888,-888888888,-888888888,-888888888,-888888888,-888888888,-888888888,-888888888,-888888888,-888888888,-888888888,-888888888,-888888888,-888888888,-888888888,-888888888,-888888888,-888888888,-888888888,-888888888,-888888888,-888888888,-888888888,-888888888,-888888888,-888888888,-888888888,-888888888,-888888888,-888888888,-888888888,-888888888,-888888888,-888888888,-888888888
2011,Ripley County; Missouri,11290,6066,6066,5214,852,0,5224,6066,-888888888,5781,2925,2925,2588,1032,640,2084,1325,4957,3810,859,23,115,31,119,22.6,5214,1121,1297,970,707,1119,5214,181,409,966,29,181,117,408,311,23,145,258,1541,352,305,198,5214,3643,1012,559,0,5556,474,543,1221,1006,897,1006,254,99,43,13,30198,37151,3883,35721,2407,14021,1074,14942,418,7836,252,1600,1025,4023,203,315,790,768,749,896,159,96,34,13,33689,40779,14966,1533,19256,25265,17660,28098,21956,-888888888,-888888888,-888888888,-888888888,-888888888,-888888888,-888888888,-888888888,-888888888,-888888888,-888888888,-888888888,-888888888,-888888888,-888888888,-888888888,-888888888,-888888888,-888888888,-888888888,-888888888,-888888888,-888888888,-888888888,-888888888,-888888888,-888888888,-888888888,-888888888,-888888888,-888888888,-888888888,-888888888,-888888888,-888888888,-888888888,-888888888,-888888888,-888888888,-888888888,-888888888,-888888888,-888888888
2011,Warren County; Missouri,24942,16741,16732,15101,1631,9,8201,16732,-888888888,12632,7913,7913,7236,2536,1683,5058,3737,14799,11934,2144,13,196,47,465,30.8,15101,4009,2519,3973,2116,2484,15101,293,1474,2734,29,219,326,2136,761,177,885,1016,2894,1197,903,305,15101,13022,1431,648,0,12501,644,725,1459,1502,1899,2165,1779,1533,410,385,50182,66171,9743,65676,4400,17241,2590,18568,477,6142,292,3834,1659,8871,301,421,633,778,1134,1770,1716,1350,383,385,66763,78726,25645,3630,27781,33006,28743,47710,33214,-888888888,-888888888,-888888888,-888888888,-888888888,-888888888,-888888888,-888888888,-888888888,-888888888,-888888888,-888888888,-888888888,-888888888,-888888888,-888888888,-888888888,-888888888,-888888888,-888888888,-888888888,-888888888,-888888888,-888888888,-888888888,-888888888,-888888888,-888888888,-888888888,-888888888,-888888888,-888888888,-888888888,-888888888,-888888888,-888888888,-888888888,-888888888,-888888888,-888888888,-888888888,-888888888,-888888888
2011,Washington County; Missouri,19663,10177,10177,8718,1459,0,9486,10177,-888888888,9566,4832,4832,4256,1834,1252,3984,2598,8401,6431,1510,14,167,138,141,33.0,8718,1619,1719,1967,1415,1998,8718,484,869,1509,29,221,142,1231,321,174,147,325,2040,605,444,427,8718,6646,1482,581,9,9161,1016,955,1428,1162,1670,1415,884,494,94,43,35148,44532,6300,45647,3597,14968,2017,14685,858,7812,355,3024,2064,6614,381,370,1022,824,1341,1308,765,487,78,38,42790,51375,16841,2547,15427,24650,23924,37072,29732,-888888888,-888888888,-888888888,-888888888,-888888888,-888888888,-888888888,-888888888,-888888888,-888888888,-888888888,-888888888,-888888888,-888888888,-888888888,-888888888,-888888888,-888888888,-888888888,-888888888,-888888888,-888888888,-888888888,-888888888,-888888888,-888888888,-888888888,-888888888,-888888888,-888888888,-888888888,-888888888,-888888888,-888888888,-888888888,-888888888,-888888888,-888888888,-888888888,-888888888,-888888888,-888888888,-888888888
2011,Christian County; Missouri,57561,39502,39434,36900,2534,68,18059,39434,-888888888,29916,18600,18599,17580,6765,4486,13016,9443,36357,30097,3916,24,341,553,1426,24.5,36900,13222,5869,9831,3469,4509,36900,286,2614,3299,29,043,1275,5275,2277,621,2733,2839,8808,3507,1960,1406,36900,29644,4581,2626,49,29166,1370,1240,3174,3408,4674,6528,3859,3282,984,647,51961,63974,24085,63743,8033,16777,4590,18409,790,8008,422,2340,2674,22439,735,458,1794,2237,3621,5664,3282,3123,910,615,59600,71451,24284,6727,27772,36987,28782,43033,33205,-888888888,-888888888,-888888888,-888888888,-888888888,-888888888,-888888888,-888888888,-888888888,-888888888,-888888888,-888888888,-888888888,-888888888,-888888888,-888888888,-888888888,-888888888,-888888888,-888888888,-888888888,-888888888,-888888888,-888888888,-888888888,-888888888,-888888888,-888888888,-888888888,-888888888,-888888888,-888888888,-888888888,-888888888,-888888888,-888888888,-888888888,-888888888,-888888888,-888888888,-888888888,-888888888,-888888888
2011,DeKalb County; Missouri,10866,5135,5135,4872,263,0,5731,5135,-888888888,3829,2294,2294,2200,657,506,1447,1155,4809,3911,469,9,76,42,302,25.5,4872,1327,1098,1010,600,837,4872,355,367,466,29,063,143,635,264,74,346,179,894,267,283,599,4872,3279,1125,468,0,3947,309,252,480,434,732,934,380,298,81,47,45252,53923,2925,58576,1249,14731,789,14251,228,7636,181,2318,337,2615,79,50,195,278,471,807,347,276,81,31,55779,64630,17754,1332,23715,32234,26375,35809,29117,-888888888,-888888888,-888888888,-888888888,-888888888,-888888888,-888888888,-888888888,-888888888,-888888888,-888888888,-888888888,-888888888,-888888888,-888888888,-888888888,-888888888,-888888888,-888888888,-888888888,-888888888,-888888888,-888888888,-888888888,-888888888,-888888888,-888888888,-888888888,-888888888,-888888888,-888888888,-888888888,-888888888,-888888888,-888888888,-888888888,-888888888,-888888888,-888888888,-888888888,-888888888,-888888888,-888888888
2011,Harrison County; Missouri,6998,4145,4145,3777,368,0,2853,4145,-888888888,3598,1944,1944,1782,730,496,1368,1097,3688,2987,361,8,70,48,214,21.9,3777,860,678,957,621,661,3777,463,339,321,29,081,131,610,250,28,162,129,658,206,172,308,3777,2544,719,491,23,3482,339,289,521,536,582,633,374,150,24,34,35915,45617,2491,47216,1415,13256,713,13356,241,7735,104,1686,441,2313,99,93,264,392,445,510,342,116,18,34,45532,54089,19080,1169,17940,27162,22291,32866,25327,-888888888,-888888888,-888888888,-888888888,-888888888,-888888888,-888888888,-888888888,-888888888,-888888888,-888888888,-888888888,-888888888,-888888888,-888888888,-888888888,-888888888,-888888888,-888888888,-888888888,-888888888,-888888888,-888888888,-888888888,-888888888,-888888888,-888888888,-888888888,-888888888,-888888888,-888888888,-888888888,-888888888,-888888888,-888888888,-888888888,-888888888,-888888888,-888888888,-888888888,-888888888,-888888888,-888888888
2011,Lafayette County; Missouri,26321,17090,17061,16252,809,29,9231,17061,-888888888,13438,7930,7930,7520,2239,1601,5451,4227,15850,12596,2021,58,253,402,520,28.2,16252,4741,2748,3579,2334,2850,16252,532,1345,2436,29,107,644,1542,895,221,927,1030,3753,1239,796,892,16252,12243,2711,1291,7,13290,638,689,1531,1683,2104,2836,1837,1526,356,90,50000,58963,10336,58444,4289,16044,3253,17722,563,9229,344,1705,1418,9300,231,268,672,1138,1323,2234,1603,1420,321,90,61981,68197,23584,3990,27333,34319,28922,42783,32315,-888888888,-888888888,-888888888,-888888888,-888888888,-888888888,-888888888,-888888888,-888888888,-888888888,-888888888,-888888888,-888888888,-888888888,-888888888,-888888888,-888888888,-888888888,-888888888,-888888888,-888888888,-888888888,-888888888,-888888888,-888888888,-888888888,-888888888,-888888888,-888888888,-888888888,-888888888,-888888888,-888888888,-888888888,-888888888,-888888888,-888888888,-888888888,-888888888,-888888888,-888888888,-888888888,-888888888
2011,Adair County; Missouri,21159,12107,12095,11211,884,12,9052,12095,-888888888,11268,5973,5973,5503,1516,836,3087,2164,11021,8497,892,63,972,230,367,13.9,11211,4273,2149,2555,1019,1215,11211,326,664,790,29,001,107,1347,516,136,460,552,4277,1224,460,352,11211,8045,2409,741,16,9636,1638,957,1189,1222,1359,1509,738,720,193,111,33157,46154,7697,44400,2746,14570,1257,18840,449,8286,206,3071,1213,5624,369,254,549,662,882,1287,707,613,218,83,51818,62092,17997,4012,14962,22790,14414,36550,27801,-888888888,-888888888,-888888888,-888888888,-888888888,-888888888,-888888888,-888888888,-888888888,-888888888,-888888888,-888888888,-888888888,-888888888,-888888888,-888888888,-888888888,-888888888,-888888888,-888888888,-888888888,-888888888,-888888888,-888888888,-888888888,-888888888,-888888888,-888888888,-888888888,-888888888,-888888888,-888888888,-888888888,-888888888,-888888888,-888888888,-888888888,-888888888,-888888888,-888888888,-888888888,-888888888,-888888888
2011,Scotland County; Missouri,3677,2276,2276,2179,97,0,1401,2276,-888888888,1830,931,931,922,473,195,745,338,2156,1490,300,0,81,32,253,21.6,2179,691,324,508,282,374,2179,262,130,283,29,199,12,380,128,18,73,59,485,121,119,109,2179,1353,400,402,24,2020,274,175,276,247,305,477,95,67,66,38,36863,47411,1482,49510,691,14254,272,16022,89,5342,120,4413,215,1335,75,60,125,188,233,389,94,67,66,38,47446,59892,19178,685,16827,22713,21391,30714,27105,-888888888,-888888888,-888888888,-888888888,-888888888,-888888888,-888888888,-888888888,-888888888,-888888888,-888888888,-888888888,-888888888,-888888888,-888888888,-888888888,-888888888,-888888888,-888888888,-888888888,-888888888,-888888888,-888888888,-888888888,-888888888,-888888888,-888888888,-888888888,-888888888,-888888888,-888888888,-888888888,-888888888,-888888888,-888888888,-888888888,-888888888,-888888888,-888888888,-888888888,-888888888,-888888888,-888888888
2011,Sullivan County; Missouri,5263,3093,3093,2874,219,0,2170,3093,-888888888,2616,1320,1320,1215,481,296,994,727,2785,1950,493,3,75,40,224,17.0,2874,667,510,551,300,846,2874,317,138,720,29,211,66,311,103,79,111,96,474,241,117,101,2874,2121,321,407,25,2605,257,214,450,461,463,481,160,90,11,18,33193,41572,1889,42125,970,13016,464,12658,169,7137,61,1272,439,1779,69,62,264,364,391,378,141,81,11,18,41005,48554,17599,826,17838,24420,21598,30458,25156,-888888888,-888888888,-888888888,-888888888,-888888888,-888888888,-888888888,-888888888,-888888888,-888888888,-888888888,-888888888,-888888888,-888888888,-888888888,-888888888,-888888888,-888888888,-888888888,-888888888,-888888888,-888888888,-888888888,-888888888,-888888888,-888888888,-888888888,-888888888,-888888888,-888888888,-888888888,-888888888,-888888888,-888888888,-888888888,-888888888,-888888888,-888888888,-888888888,-888888888,-888888888,-888888888,-888888888
2011,Clark County; Missouri,5611,3330,3288,3083,205,42,2281,3288,-888888888,2827,1529,1529,1454,524,312,1073,841,3081,2376,372,0,103,33,197,24.5,3083,814,407,622,426,814,3083,196,285,676,29,045,81,480,234,18,59,129,575,149,95,106,3083,2235,394,433,21,2846,215,239,435,276,596,514,355,192,6,18,40333,48113,2015,49473,1115,14796,596,13168,108,8307,52,3044,256,1921,60,47,247,138,420,460,346,192,0,11,51595,58238,20014,925,20409,26012,25391,38026,25645,-888888888,-888888888,-888888888,-888888888,-888888888,-888888888,-888888888,-888888888,-888888888,-888888888,-888888888,-888888888,-888888888,-888888888,-888888888,-888888888,-888888888,-888888888,-888888888,-888888888,-888888888,-888888888,-888888888,-888888888,-888888888,-888888888,-888888888,-888888888,-888888888,-888888888,-888888888,-888888888,-888888888,-888888888,-888888888,-888888888,-888888888,-888888888,-888888888,-888888888,-888888888,-888888888,-888888888
2011,Jasper County; Missouri,89403,58100,58024,53259,4765,76,31303,58024,-888888888,46313,27151,27151,24829,9898,6814,17932,13418,52232,42810,5523,166,1100,742,1891,17.9,53259,14843,10070,13228,5328,9790,53259,777,3113,9517,29,097,1435,7089,2821,1225,1951,3303,12514,5172,3034,1308,53259,43972,5505,3703,79,44674,3586,3337,6914,5808,7653,8710,4053,3093,881,639,39522,52524,34555,52697,13791,15127,7226,17347,2328,7855,1314,2685,7062,29694,1854,1132,3833,3588,5295,6544,3431,2660,771,586,47297,61234,20735,14980,24684,31930,23636,36667,28155,-888888888,-888888888,-888888888,-888888888,-888888888,-888888888,-888888888,-888888888,-888888888,-888888888,-888888888,-888888888,-888888888,-888888888,-888888888,-888888888,-888888888,-888888888,-888888888,-888888888,-888888888,-888888888,-888888888,-888888888,-888888888,-888888888,-888888888,-888888888,-888888888,-888888888,-888888888,-888888888,-888888888,-888888888,-888888888,-888888888,-888888888,-888888888,-888888888,-888888888,-888888888,-888888888,-888888888
2011,Lewis County; Missouri,8092,5047,5044,4668,376,3,3045,5044,-888888888,4066,2437,2437,2244,774,571,1548,1024,4578,3235,599,12,429,42,261,22.9,4668,1124,1034,896,656,958,4668,309,257,733,29,111,97,416,342,46,270,148,1373,327,202,148,4668,3618,597,448,5,3795,284,315,481,547,668,689,446,310,33,22,40579,50778,2991,49359,1358,15069,619,11555,144,8309,95,2812,496,2623,102,97,249,361,560,565,380,276,25,8,47088,57964,19283,1172,22000,33609,21469,37357,26446,-888888888,-888888888,-888888888,-888888888,-888888888,-888888888,-888888888,-888888888,-888888888,-888888888,-888888888,-888888888,-888888888,-888888888,-888888888,-888888888,-888888888,-888888888,-888888888,-888888888,-888888888,-888888888,-888888888,-888888888,-888888888,-888888888,-888888888,-888888888,-888888888,-888888888,-888888888,-888888888,-888888888,-888888888,-888888888,-888888888,-888888888,-888888888,-888888888,-888888888,-888888888,-888888888,-888888888
2011,McDonald County; Missouri,17552,10844,10825,9858,967,19,6708,10825,-888888888,8738,4895,4876,4513,1994,1281,4257,3080,9667,7374,1439,0,169,242,443,27.8,9858,2137,1714,2245,1575,2187,9858,377,1108,2245,29,119,161,1599,471,209,210,760,1388,639,395,296,9858,7853,927,996,82,8240,872,690,1282,1002,1473,1472,776,512,68,93,37701,47267,6116,50835,2539,14045,1311,15592,275,6748,230,2609,1491,5877,350,241,806,722,1091,1314,705,490,68,90,46005,55550,17841,2363,17715,25023,23737,35233,30071,-888888888,-888888888,-888888888,-888888888,-888888888,-888888888,-888888888,-888888888,-888888888,-888888888,-888888888,-888888888,-888888888,-888888888,-888888888,-888888888,-888888888,-888888888,-888888888,-888888888,-888888888,-888888888,-888888888,-888888888,-888888888,-888888888,-888888888,-888888888,-888888888,-888888888,-888888888,-888888888,-888888888,-888888888,-888888888,-888888888,-888888888,-888888888,-888888888,-888888888,-888888888,-888888888,-888888888
2011,Perry County; Missouri,14875,9742,9732,9271,461,10,5133,9732,-888888888,7479,4358,4358,4227,1443,905,2979,2226,9204,7337,1176,13,337,68,273,21.5,9271,2101,1624,2142,1299,2105,9271,401,769,2190,29,157,117,1154,483,32,496,534,1622,757,448,268,9271,7663,808,752,48,7600,334,572,966,1056,1257,1639,844,703,99,130,44383,54966,5925,55791,2398,14897,1263,15821,272,8297,78,963,892,5198,166,133,487,634,839,1349,730,651,99,110,55698,64003,21693,2402,26841,33916,25764,37421,27038,-888888888,-888888888,-888888888,-888888888,-888888888,-888888888,-888888888,-888888888,-888888888,-888888888,-888888888,-888888888,-888888888,-888888888,-888888888,-888888888,-888888888,-888888888,-888888888,-888888888,-888888888,-888888888,-888888888,-888888888,-888888888,-888888888,-888888888,-888888888,-888888888,-888888888,-888888888,-888888888,-888888888,-888888888,-888888888,-888888888,-888888888,-888888888,-888888888,-888888888,-888888888,-888888888,-888888888
2011,Polk County; Missouri,24191,13815,13805,12478,1327,10,10376,13805,-888888888,12330,6466,6466,5841,2246,1313,4652,2989,12205,10097,1072,21,317,118,580,24.8,12478,3749,2443,2856,1420,2010,12478,475,1139,1020,29,167,379,1735,868,43,475,712,3543,677,830,582,12478,9557,1463,1396,62,11700,933,975,1936,1595,1682,2312,1166,827,132,142,38423,48894,8544,49496,4167,15600,1966,19156,688,8175,321,2524,1873,8288,376,448,1016,1087,1313,1952,1086,747,130,133,48829,57143,18905,3412,21272,27805,20992,38420,27178,-888888888,-888888888,-888888888,-888888888,-888888888,-888888888,-888888888,-888888888,-888888888,-888888888,-888888888,-888888888,-888888888,-888888888,-888888888,-888888888,-888888888,-888888888,-888888888,-888888888,-888888888,-888888888,-888888888,-888888888,-888888888,-888888888,-888888888,-888888888,-888888888,-888888888,-888888888,-888888888,-888888888,-888888888,-888888888,-888888888,-888888888,-888888888,-888888888,-888888888,-888888888,-888888888,-888888888
2011,Ray County; Missouri,18328,11527,11527,10710,817,0,6801,11527,-888888888,9237,5345,5345,5044,1663,1174,4098,3026,10366,8307,1278,86,146,121,428,32.4,10710,2656,1770,2471,1516,2297,10710,223,852,2122,29,177,382,1212,767,216,509,624,2347,527,634,295,10710,8577,1501,632,0,9041,510,491,933,1065,1141,1911,1487,1141,205,157,54670,66774,6936,68543,2950,16070,2172,22506,459,9021,222,2011,873,6562,218,157,404,697,766,1644,1380,977,193,126,64219,75036,25759,2479,27145,41251,31930,47109,33265,-888888888,-888888888,-888888888,-888888888,-888888888,-888888888,-888888888,-888888888,-888888888,-888888888,-888888888,-888888888,-888888888,-888888888,-888888888,-888888888,-888888888,-888888888,-888888888,-888888888,-888888888,-888888888,-888888888,-888888888,-888888888,-888888888,-888888888,-888888888,-888888888,-888888888,-888888888,-888888888,-888888888,-888888888,-888888888,-888888888,-888888888,-888888888,-888888888,-888888888,-888888888,-888888888,-888888888
2011,Madison County; Missouri,9733,5587,5587,4951,636,0,4146,5587,-888888888,4996,2694,2694,2442,915,685,1810,1353,4829,3908,569,13,203,15,121,22.7,4951,1065,882,1080,781,1143,4951,252,501,756,29,123,135,653,254,43,247,337,945,256,306,266,4951,3794,725,420,12,4774,401,492,772,713,768,942,480,144,28,34,35141,43476,3267,44323,1966,14511,930,18308,414,7665,98,1543,850,3295,152,209,436,506,611,773,450,96,28,34,41284,49722,17491,1479,19113,28373,20620,33589,22303,-888888888,-888888888,-888888888,-888888888,-888888888,-888888888,-888888888,-888888888,-888888888,-888888888,-888888888,-888888888,-888888888,-888888888,-888888888,-888888888,-888888888,-888888888,-888888888,-888888888,-888888888,-888888888,-888888888,-888888888,-888888888,-888888888,-888888888,-888888888,-888888888,-888888888,-888888888,-888888888,-888888888,-888888888,-888888888,-888888888,-888888888,-888888888,-888888888,-888888888,-888888888,-888888888,-888888888
2011,Vernon County; Missouri,16260,10093,10083,9423,660,10,6167,10083,-888888888,8483,5057,5057,4740,1687,1117,3194,2367,9317,7164,1202,21,190,175,565,18.0,9423,2748,1937,2148,1115,1475,9423,716,503,1078,29,217,292,1182,428,249,630,363,2567,447,443,525,9423,6628,1470,1274,51,8137,790,791,1218,1079,1431,1361,801,495,140,31,37312,45686,6109,44660,3007,14702,1888,14780,555,8304,245,2162,1312,5466,415,226,694,724,1041,1139,699,361,136,31,44654,52502,18554,2671,20339,29288,20800,33265,26478,-888888888,-888888888,-888888888,-888888888,-888888888,-888888888,-888888888,-888888888,-888888888,-888888888,-888888888,-888888888,-888888888,-888888888,-888888888,-888888888,-888888888,-888888888,-888888888,-888888888,-888888888,-888888888,-888888888,-888888888,-888888888,-888888888,-888888888,-888888888,-888888888,-888888888,-888888888,-888888888,-888888888,-888888888,-888888888,-888888888,-888888888,-888888888,-888888888,-888888888,-888888888,-888888888,-888888888
2011,Nodaway County; Missouri,19472,12501,12486,11730,756,15,6971,12486,-888888888,9756,6159,6159,5642,1407,1016,2586,1974,11409,8724,1067,12,921,95,590,15.6,11730,3016,2398,2813,1140,2363,11730,601,621,2064,29,147,169,1448,329,104,358,458,3303,1413,494,368,11730,8503,2352,861,14,8574,1105,741,1165,869,1449,1656,801,572,132,84,38680,49241,7023,48210,2298,14818,1164,21223,228,6500,116,1472,577,4712,148,315,314,361,872,1234,736,532,117,83,56972,67139,18971,3862,20317,25905,15666,34854,30245,-888888888,-888888888,-888888888,-888888888,-888888888,-888888888,-888888888,-888888888,-888888888,-888888888,-888888888,-888888888,-888888888,-888888888,-888888888,-888888888,-888888888,-888888888,-888888888,-888888888,-888888888,-888888888,-888888888,-888888888,-888888888,-888888888,-888888888,-888888888,-888888888,-888888888,-888888888,-888888888,-888888888,-888888888,-888888888,-888888888,-888888888,-888888888,-888888888,-888888888,-888888888,-888888888,-888888888
2011,Chariton County; Missouri,6286,3761,3756,3585,171,5,2525,3756,-888888888,3201,1767,1767,1704,562,397,1117,917,3544,2831,277,0,80,34,322,22.2,3585,1082,466,862,561,614,3585,399,276,383,29,041,137,449,305,112,220,86,757,113,203,145,3585,2578,490,501,16,3065,296,215,415,433,439,605,361,282,5,14,40958,49183,2111,55236,1201,15156,556,12833,105,8878,58,1426,182,2056,80,60,205,258,285,530,352,270,5,11,54701,60472,19904,1009,20609,25610,25999,34625,28068,-888888888,-888888888,-888888888,-888888888,-888888888,-888888888,-888888888,-888888888,-888888888,-888888888,-888888888,-888888888,-888888888,-888888888,-888888888,-888888888,-888888888,-888888888,-888888888,-888888888,-888888888,-888888888,-888888888,-888888888,-888888888,-888888888,-888888888,-888888888,-888888888,-888888888,-888888888,-888888888,-888888888,-888888888,-888888888,-888888888,-888888888,-888888888,-888888888,-888888888,-888888888,-888888888,-888888888
2011,Wayne County; Missouri,10941,5648,5641,5079,562,7,5293,5641,-888888888,5558,2668,2668,2562,783,463,1674,1226,4999,3774,562,22,155,126,360,25.1,5079,1481,806,1061,679,1052,5079,134,436,973,29,223,88,624,313,12,228,237,1200,254,254,326,5079,3525,1007,531,16,5638,772,623,998,795,765,937,447,217,55,29,29331,41259,3392,45398,2653,14625,1187,17621,819,7998,193,3731,1186,3618,214,231,574,490,597,814,397,217,55,29,42122,52057,17925,2020,15492,21003,22148,31032,26534,-888888888,-888888888,-888888888,-888888888,-888888888,-888888888,-888888888,-888888888,-888888888,-888888888,-888888888,-888888888,-888888888,-888888888,-888888888,-888888888,-888888888,-888888888,-888888888,-888888888,-888888888,-888888888,-888888888,-888888888,-888888888,-888888888,-888888888,-888888888,-888888888,-888888888,-888888888,-888888888,-888888888,-888888888,-888888888,-888888888,-888888888,-888888888,-888888888,-888888888,-888888888,-888888888,-888888888
2011,Scott County; Missouri,30439,19284,19240,17755,1485,44,11155,19240,-888888888,16122,9588,9588,8917,2973,2249,6493,4936,17482,14129,2274,100,176,133,670,19.5,17755,4227,3440,4519,1801,3768,17755,777,1100,2652,29,201,360,2503,1529,340,744,1060,4116,1246,553,775,17755,14138,2391,1217,9,15203,1480,1476,2217,1858,2482,2663,1432,1056,311,228,39113,50251,10992,53347,5294,15088,2622,16142,1129,7761,453,2008,2916,10755,537,524,1402,1393,1898,2175,1324,982,296,224,47294,59662,20088,4448,17346,25143,23154,38577,26595,-888888888,-888888888,-888888888,-888888888,-888888888,-888888888,-888888888,-888888888,-888888888,-888888888,-888888888,-888888888,-888888888,-888888888,-888888888,-888888888,-888888888,-888888888,-888888888,-888888888,-888888888,-888888888,-888888888,-888888888,-888888888,-888888888,-888888888,-888888888,-888888888,-888888888,-888888888,-888888888,-888888888,-888888888,-888888888,-888888888,-888888888,-888888888,-888888888,-888888888,-888888888,-888888888,-888888888
2011,Barton County; Missouri,9589,5781,5768,5365,403,13,3808,5768,-888888888,4902,2607,2607,2430,1013,642,1926,1214,5247,4172,529,3,142,64,337,22.2,5365,1390,872,1181,712,1210,5365,288,486,996,29,011,100,568,363,75,219,263,1245,318,280,164,5365,3875,781,686,23,4995,525,349,710,692,832,1091,393,273,78,52,39144,47441,3671,48933,1766,15031,713,13775,282,7245,224,1955,704,3609,177,157,445,513,642,898,386,261,78,52,46545,55483,19036,1386,20316,25681,22943,33688,27898,-888888888,-888888888,-888888888,-888888888,-888888888,-888888888,-888888888,-888888888,-888888888,-888888888,-888888888,-888888888,-888888888,-888888888,-888888888,-888888888,-888888888,-888888888,-888888888,-888888888,-888888888,-888888888,-888888888,-888888888,-888888888,-888888888,-888888888,-888888888,-888888888,-888888888,-888888888,-888888888,-888888888,-888888888,-888888888,-888888888,-888888888,-888888888,-888888888,-888888888,-888888888,-888888888,-888888888
2011,Cedar County; Missouri,11187,5629,5629,5083,546,0,5558,5629,-888888888,5679,2740,2740,2502,901,634,2027,1263,4846,3784,522,12,290,31,207,22.3,5083,1269,1083,1111,704,916,5083,377,347,636,29,039,103,538,325,31,157,322,1440,439,180,188,5083,3556,959,528,40,6101,641,771,891,1026,1227,971,323,198,41,12,31353,37700,3900,36599,2617,16129,1454,15982,342,10672,309,2368,971,4091,287,253,502,614,1086,795,310,191,41,12,39610,45156,15980,2010,15828,21321,18131,28430,25030,-888888888,-888888888,-888888888,-888888888,-888888888,-888888888,-888888888,-888888888,-888888888,-888888888,-888888888,-888888888,-888888888,-888888888,-888888888,-888888888,-888888888,-888888888,-888888888,-888888888,-888888888,-888888888,-888888888,-888888888,-888888888,-888888888,-888888888,-888888888,-888888888,-888888888,-888888888,-888888888,-888888888,-888888888,-888888888,-888888888,-888888888,-888888888,-888888888,-888888888,-888888888,-888888888,-888888888
2011,Gasconade County; Missouri,12323,7733,7733,7000,733,0,4590,7733,-888888888,6287,3707,3707,3483,907,786,2205,1770,6891,5532,817,0,128,71,343,26.5,7000,2001,1061,1533,834,1571,7000,311,598,1615,29,073,150,854,350,64,508,214,1317,446,203,370,7000,5508,909,583,0,6368,489,459,741,1023,1175,1218,616,527,48,72,40788,51736,4764,51923,2569,14828,1226,16911,216,8874,186,1817,676,4173,153,95,428,506,866,1004,560,441,48,72,50758,62489,21848,2195,23580,28446,24953,36957,28878,-888888888,-888888888,-888888888,-888888888,-888888888,-888888888,-888888888,-888888888,-888888888,-888888888,-888888888,-888888888,-888888888,-888888888,-888888888,-888888888,-888888888,-888888888,-888888888,-888888888,-888888888,-888888888,-888888888,-888888888,-888888888,-888888888,-888888888,-888888888,-888888888,-888888888,-888888888,-888888888,-888888888,-888888888,-888888888,-888888888,-888888888,-888888888,-888888888,-888888888,-888888888,-888888888,-888888888
2011,Macon County; Missouri,12135,7318,7307,6874,433,11,4817,7307,-888888888,6366,3563,3559,3442,1123,733,2363,1710,6758,5287,837,5,132,134,363,22.1,6874,2097,1295,1404,1034,1044,6874,324,621,810,29,121,133,862,427,169,254,277,1803,545,236,413,6874,4748,1314,797,15,6311,514,552,817,1029,1123,1234,600,321,77,44,37889,46660,4631,46451,2417,15096,1521,14950,190,7648,138,2261,541,4204,184,150,431,654,826,1021,516,306,72,44,48176,55926,19357,2107,21425,26704,23982,32213,26947,-888888888,-888888888,-888888888,-888888888,-888888888,-888888888,-888888888,-888888888,-888888888,-888888888,-888888888,-888888888,-888888888,-888888888,-888888888,-888888888,-888888888,-888888888,-888888888,-888888888,-888888888,-888888888,-888888888,-888888888,-888888888,-888888888,-888888888,-888888888,-888888888,-888888888,-888888888,-888888888,-888888888,-888888888,-888888888,-888888888,-888888888,-888888888,-888888888,-888888888,-888888888,-888888888,-888888888
2011,Oregon County; Missouri,8695,4243,4243,3760,483,0,4452,4243,-888888888,4381,2012,2012,1756,667,391,1424,809,3668,2933,404,85,75,54,117,29.0,3760,709,705,891,577,878,3760,323,379,398,29,149,76,470,401,51,82,111,948,240,140,141,3760,2656,524,560,20,4518,806,422,846,636,765,605,284,102,27,25,27885,36495,2695,41791,2212,13693,696,14427,439,7064,221,1085,905,2898,267,119,589,402,682,448,247,94,25,25,37803,44060,15396,1620,14057,21113,18975,31855,24040,-888888888,-888888888,-888888888,-888888888,-888888888,-888888888,-888888888,-888888888,-888888888,-888888888,-888888888,-888888888,-888888888,-888888888,-888888888,-888888888,-888888888,-888888888,-888888888,-888888888,-888888888,-888888888,-888888888,-888888888,-888888888,-888888888,-888888888,-888888888,-888888888,-888888888,-888888888,-888888888,-888888888,-888888888,-888888888,-888888888,-888888888,-888888888,-888888888,-888888888,-888888888,-888888888,-888888888
2011,Ste. Genevieve County; Missouri,14576,9246,9243,8642,601,3,5330,9243,-888888888,7292,4186,4186,3897,1097,682,2800,2046,8375,6924,915,71,112,24,329,27.9,8642,2067,1385,1865,1611,1714,8642,550,851,1751,29,186,212,1003,458,150,428,319,1606,575,333,406,8642,7279,932,379,52,7214,466,368,1026,610,1295,1619,903,702,148,77,48110,57674,5423,59588,2522,16306,1775,15547,276,9030,97,4784,859,5098,183,165,460,350,923,1318,821,666,135,77,54475,67762,23442,2116,24144,31012,26454,45214,27043,-888888888,-888888888,-888888888,-888888888,-888888888,-888888888,-888888888,-888888888,-888888888,-888888888,-888888888,-888888888,-888888888,-888888888,-888888888,-888888888,-888888888,-888888888,-888888888,-888888888,-888888888,-888888888,-888888888,-888888888,-888888888,-888888888,-888888888,-888888888,-888888888,-888888888,-888888888,-888888888,-888888888,-888888888,-888888888,-888888888,-888888888,-888888888,-888888888,-888888888,-888888888,-888888888,-888888888
2011,Douglas County; Missouri,10943,5526,5526,5026,500,0,5417,5526,-888888888,5533,2504,2504,2348,922,615,2005,1341,4964,3975,546,5,143,48,247,29.7,5026,1147,731,1147,1075,926,5026,328,593,779,29,067,113,862,300,164,147,158,877,303,255,147,5026,3686,800,533,7,5096,573,435,944,757,951,906,357,126,20,27,32300,39927,3338,42779,2157,14265,1120,12896,282,9140,64,1113,624,3539,268,178,595,564,662,789,310,137,9,27,37419,46149,16175,1557,19090,24040,21174,32079,23218,-888888888,-888888888,-888888888,-888888888,-888888888,-888888888,-888888888,-888888888,-888888888,-888888888,-888888888,-888888888,-888888888,-888888888,-888888888,-888888888,-888888888,-888888888,-888888888,-888888888,-888888888,-888888888,-888888888,-888888888,-888888888,-888888888,-888888888,-888888888,-888888888,-888888888,-888888888,-888888888,-888888888,-888888888,-888888888,-888888888,-888888888,-888888888,-888888888,-888888888,-888888888,-888888888,-888888888
2011,Henry County; Missouri,17987,10817,10749,9853,896,68,7170,10749,-888888888,9259,5243,5219,4807,1363,717,3167,2293,9743,7658,1324,52,164,78,467,25.6,9853,2665,1853,2177,1407,1751,9853,286,1002,1397,29,083,127,1259,592,166,554,440,2322,786,450,472,9853,7642,1376,798,37,9458,1048,685,1346,1419,1581,1469,876,679,228,127,36944,52005,6757,51882,3664,15438,1964,17085,718,9589,330,2031,1502,6310,311,268,559,986,1141,1262,845,655,221,62,48840,61441,22055,3148,17840,31023,24731,35369,30073,-888888888,-888888888,-888888888,-888888888,-888888888,-888888888,-888888888,-888888888,-888888888,-888888888,-888888888,-888888888,-888888888,-888888888,-888888888,-888888888,-888888888,-888888888,-888888888,-888888888,-888888888,-888888888,-888888888,-888888888,-888888888,-888888888,-888888888,-888888888,-888888888,-888888888,-888888888,-888888888,-888888888,-888888888,-888888888,-888888888,-888888888,-888888888,-888888888,-888888888,-888888888,-888888888,-888888888
2011,Lawrence County; Missouri,29741,18219,18132,16623,1509,87,11522,18132,-888888888,15386,8440,8431,7819,3181,1952,6360,4837,16482,13196,1920,29,448,81,808,21.4,16623,4556,2874,3427,2196,3570,16623,807,1248,3194,29,109,402,1855,936,267,676,995,3832,947,816,648,16623,12420,2168,1976,59,15012,1345,1167,2555,1596,2721,2871,1627,756,250,124,39829,48420,11162,48711,5104,14863,2512,24056,849,7304,294,2630,2211,10535,622,423,1357,892,2152,2597,1423,705,250,114,48856,56992,19357,4477,20671,26812,24370,37668,26303,-888888888,-888888888,-888888888,-888888888,-888888888,-888888888,-888888888,-888888888,-888888888,-888888888,-888888888,-888888888,-888888888,-888888888,-888888888,-888888888,-888888888,-888888888,-888888888,-888888888,-888888888,-888888888,-888888888,-888888888,-888888888,-888888888,-888888888,-888888888,-888888888,-888888888,-888888888,-888888888,-888888888,-888888888,-888888888,-888888888,-888888888,-888888888,-888888888,-888888888,-888888888,-888888888,-888888888
2011,Pulaski County; Missouri,39764,29583,16762,14866,1896,12821,10181,16762,-888888888,16930,10615,7915,7033,4463,2434,6957,4347,27004,14637,2581,117,291,366,9012,19.6,14866,4752,3606,3032,1677,1799,14866,230,725,840,29,169,120,1870,731,145,555,875,2893,1953,617,3312,14866,8156,5758,905,47,15708,1226,690,1590,1792,3029,3509,2184,1382,227,79,46919,54537,12993,52767,3573,12822,3652,20679,615,7773,315,3815,2006,10188,473,359,907,1004,1751,2394,1766,1238,217,79,55027,62520,20168,5520,35132,38293,21950,35824,31622,-888888888,-888888888,-888888888,-888888888,-888888888,-888888888,-888888888,-888888888,-888888888,-888888888,-888888888,-888888888,-888888888,-888888888,-888888888,-888888888,-888888888,-888888888,-888888888,-888888888,-888888888,-888888888,-888888888,-888888888,-888888888,-888888888,-888888888,-888888888,-888888888,-888888888,-888888888,-888888888,-888888888,-888888888,-888888888,-888888888,-888888888,-888888888,-888888888,-888888888,-888888888,-888888888,-888888888
2011,Texas County; Missouri,20705,9663,9525,8878,647,138,11042,9525,-888888888,10075,4378,4378,4149,1906,1164,3656,2405,8803,7185,955,16,248,79,320,25.0,8878,2059,1726,2149,1315,1629,8878,528,573,1103,29,215,90,1230,691,45,539,189,1805,588,385,1112,8878,6150,1926,768,34,9560,1040,856,1563,1607,1653,1612,590,373,93,173,33128,44589,6339,46654,3978,14491,2426,15072,708,8491,295,2259,1291,6645,388,245,914,1116,1365,1484,564,303,93,173,40315,53839,17034,2915,16413,22360,20518,31330,24271,-888888888,-888888888,-888888888,-888888888,-888888888,-888888888,-888888888,-888888888,-888888888,-888888888,-888888888,-888888888,-888888888,-888888888,-888888888,-888888888,-888888888,-888888888,-888888888,-888888888,-888888888,-888888888,-888888888,-888888888,-888888888,-888888888,-888888888,-888888888,-888888888,-888888888,-888888888,-888888888,-888888888,-888888888,-888888888,-888888888,-888888888,-888888888,-888888888,-888888888,-888888888,-888888888,-888888888
2011,Callaway County; Missouri,35219,22728,22680,21440,1240,48,12491,22680,-888888888,17148,11218,11207,10686,3124,2371,6475,5241,21007,17013,2423,80,595,164,732,20.3,21440,6939,3986,5269,2421,2825,21440,521,1720,1807,29,027,289,2167,1353,331,1123,1588,5913,1386,894,2348,21440,14535,5524,1303,78,16899,1192,808,1713,1739,2837,4036,2202,1682,441,249,50669,60563,13642,60064,4375,16125,3595,18966,484,9089,503,3002,1605,11779,448,293,869,947,1912,3312,1864,1540,395,199,60806,69826,23487,5120,28831,37533,27330,41627,32110,-888888888,-888888888,-888888888,-888888888,-888888888,-888888888,-888888888,-888888888,-888888888,-888888888,-888888888,-888888888,-888888888,-888888888,-888888888,-888888888,-888888888,-888888888,-888888888,-888888888,-888888888,-888888888,-888888888,-888888888,-888888888,-888888888,-888888888,-888888888,-888888888,-888888888,-888888888,-888888888,-888888888,-888888888,-888888888,-888888888,-888888888,-888888888,-888888888,-888888888,-888888888,-888888888,-888888888
2011,Cooper County; Missouri,14190,8652,8652,7870,782,0,5538,8652,-888888888,6565,4136,4136,3932,1226,890,2501,2113,7722,5812,1439,13,107,98,253,25.2,7870,2507,1419,1815,1033,1096,7870,280,580,771,29,053,230,933,557,107,501,245,1825,759,407,675,7870,5687,1533,634,16,6376,408,431,838,729,1041,1329,787,630,111,72,45869,56200,4940,55679,2108,15926,988,16591,169,8853,174,2544,727,4472,206,220,471,391,749,1138,635,537,78,47,54247,61527,21316,1904,25833,40188,25580,36456,28444,-888888888,-888888888,-888888888,-888888888,-888888888,-888888888,-888888888,-888888888,-888888888,-888888888,-888888888,-888888888,-888888888,-888888888,-888888888,-888888888,-888888888,-888888888,-888888888,-888888888,-888888888,-888888888,-888888888,-888888888,-888888888,-888888888,-888888888,-888888888,-888888888,-888888888,-888888888,-888888888,-888888888,-888888888,-888888888,-888888888,-888888888,-888888888,-888888888,-888888888,-888888888,-888888888,-888888888
2011,Gentry County; Missouri,5328,3252,3247,3028,219,5,2076,3247,-888888888,2755,1527,1527,1465,491,378,1079,794,2967,2294,372,2,99,64,136,20.8,3028,923,503,652,449,501,3028,355,205,353,29,075,92,461,161,25,113,142,749,109,119,144,3028,2206,481,331,10,2731,272,167,437,421,452,501,279,146,26,30,36307,47589,2032,48980,1066,14031,411,13298,122,6988,80,3743,227,1830,76,53,245,255,346,424,247,128,26,30,46813,56912,19858,901,21559,27134,23877,33348,27985,-888888888,-888888888,-888888888,-888888888,-888888888,-888888888,-888888888,-888888888,-888888888,-888888888,-888888888,-888888888,-888888888,-888888888,-888888888,-888888888,-888888888,-888888888,-888888888,-888888888,-888888888,-888888888,-888888888,-888888888,-888888888,-888888888,-888888888,-888888888,-888888888,-888888888,-888888888,-888888888,-888888888,-888888888,-888888888,-888888888,-888888888,-888888888,-888888888,-888888888,-888888888,-888888888,-888888888
2011,Mississippi County; Missouri,11384,6454,6454,5587,867,0,4930,6454,-888888888,5393,2797,2797,2496,1075,952,1812,1294,5450,4142,921,0,102,46,239,20.2,5587,1282,1410,1053,798,1044,5587,502,337,606,29,133,74,638,571,43,177,301,1399,382,184,373,5587,4120,948,519,0,5289,831,559,913,850,747,753,332,263,41,0,28474,37699,3460,40122,2142,13708,829,17693,798,7535,167,2627,1700,3348,241,342,553,537,566,501,325,244,39,0,35023,44948,15532,1941,18663,23368,19198,31547,25180,-888888888,-888888888,-888888888,-888888888,-888888888,-888888888,-888888888,-888888888,-888888888,-888888888,-888888888,-888888888,-888888888,-888888888,-888888888,-888888888,-888888888,-888888888,-888888888,-888888888,-888888888,-888888888,-888888888,-888888888,-888888888,-888888888,-888888888,-888888888,-888888888,-888888888,-888888888,-888888888,-888888888,-888888888,-888888888,-888888888,-888888888,-888888888,-888888888,-888888888,-888888888,-888888888,-888888888
2011,Ozark County; Missouri,8068,3699,3696,3400,296,3,4369,3696,-888888888,4016,1693,1690,1545,500,320,1234,741,3330,2600,293,8,254,17,158,29.7,3400,735,582,772,620,691,3400,367,428,478,29,153,40,472,212,2,153,108,705,213,81,141,3400,2549,466,344,41,4000,313,304,867,637,851,555,258,187,0,28,31992,41365,2456,40121,1852,14994,1004,19341,329,9384,182,3703,587,2968,155,146,551,465,690,518,245,179,0,19,39471,46469,17710,1032,19194,25289,21225,28950,22949,-888888888,-888888888,-888888888,-888888888,-888888888,-888888888,-888888888,-888888888,-888888888,-888888888,-888888888,-888888888,-888888888,-888888888,-888888888,-888888888,-888888888,-888888888,-888888888,-888888888,-888888888,-888888888,-888888888,-888888888,-888888888,-888888888,-888888888,-888888888,-888888888,-888888888,-888888888,-888888888,-888888888,-888888888,-888888888,-888888888,-888888888,-888888888,-888888888,-888888888,-888888888,-888888888,-888888888
2011,Bollinger County; Missouri,9813,5581,5581,5177,404,0,4232,5581,-888888888,4970,2518,2518,2380,865,516,2000,1201,5058,3985,613,30,125,60,245,32.5,5177,1066,840,1140,936,1195,5177,214,715,939,29,017,179,465,344,84,180,181,1236,298,178,164,5177,4048,705,417,7,4788,489,385,781,692,741,784,480,315,77,44,36119,47132,3385,49088,2201,13794,997,14840,323,7747,172,2543,937,3406,165,193,443,503,591,651,459,315,56,30,44487,54109,18709,1382,17908,27791,25102,35494,27904,-888888888,-888888888,-888888888,-888888888,-888888888,-888888888,-888888888,-888888888,-888888888,-888888888,-888888888,-888888888,-888888888,-888888888,-888888888,-888888888,-888888888,-888888888,-888888888,-888888888,-888888888,-888888888,-888888888,-888888888,-888888888,-888888888,-888888888,-888888888,-888888888,-888888888,-888888888,-888888888,-888888888,-888888888,-888888888,-888888888,-888888888,-888888888,-888888888,-888888888,-888888888,-888888888,-888888888
2011,Knox County; Missouri,3235,1993,1993,1853,140,0,1242,1993,-888888888,1648,960,960,879,279,150,672,464,1825,1391,206,7,46,43,132,24.3,1853,598,325,305,358,267,1853,359,131,138,29,103,39,204,115,25,71,81,402,88,92,108,1853,1171,354,297,31,1760,192,193,289,217,286,262,147,102,12,60,34596,50255,1226,56078,693,14444,233,13806,76,7875,76,2100,194,1083,50,55,147,162,172,225,118,98,9,47,45134,63408,21731,677,16574,27333,23004,32500,26974,-888888888,-888888888,-888888888,-888888888,-888888888,-888888888,-888888888,-888888888,-888888888,-888888888,-888888888,-888888888,-888888888,-888888888,-888888888,-888888888,-888888888,-888888888,-888888888,-888888888,-888888888,-888888888,-888888888,-888888888,-888888888,-888888888,-888888888,-888888888,-888888888,-888888888,-888888888,-888888888,-888888888,-888888888,-888888888,-888888888,-888888888,-888888888,-888888888,-888888888,-888888888,-888888888,-888888888
2011,Montgomery County; Missouri,9740,6056,6051,5442,609,5,3684,6051,-888888888,4942,2909,2909,2603,880,666,1835,1560,5372,4235,761,16,126,17,217,28.9,5442,1076,1060,1237,815,1254,5442,336,462,892,29,139,147,741,347,69,267,222,998,408,246,307,5442,4217,773,441,11,4979,342,338,795,659,917,1010,459,328,81,50,40175,49824,3781,46393,1931,15208,993,18139,238,7550,188,3711,743,3565,134,72,546,476,726,795,434,268,76,38,46616,56200,20142,1414,21587,30429,22774,37105,23890,-888888888,-888888888,-888888888,-888888888,-888888888,-888888888,-888888888,-888888888,-888888888,-888888888,-888888888,-888888888,-888888888,-888888888,-888888888,-888888888,-888888888,-888888888,-888888888,-888888888,-888888888,-888888888,-888888888,-888888888,-888888888,-888888888,-888888888,-888888888,-888888888,-888888888,-888888888,-888888888,-888888888,-888888888,-888888888,-888888888,-888888888,-888888888,-888888888,-888888888,-888888888,-888888888,-888888888
2011,Stoddard County; Missouri,24097,13726,13709,12375,1334,17,10371,13709,-888888888,12523,6147,6147,5527,2081,1489,4003,2870,12065,9994,1305,48,169,141,408,21.0,12375,2828,2162,2778,1704,2903,12375,798,824,2328,29,207,180,1728,922,166,775,461,2741,652,347,453,12375,9592,1624,1131,28,12235,1040,1113,1931,2057,1900,1835,1211,846,156,146,34839,51752,8565,52970,5309,13624,2557,16830,1003,8162,349,2471,2387,8232,279,325,1159,1276,1409,1625,1112,768,147,132,45456,63711,21460,4003,19237,25712,22999,36397,25749,-888888888,-888888888,-888888888,-888888888,-888888888,-888888888,-888888888,-888888888,-888888888,-888888888,-888888888,-888888888,-888888888,-888888888,-888888888,-888888888,-888888888,-888888888,-888888888,-888888888,-888888888,-888888888,-888888888,-888888888,-888888888,-888888888,-888888888,-888888888,-888888888,-888888888,-888888888,-888888888,-888888888,-888888888,-888888888,-888888888,-888888888,-888888888,-888888888,-888888888,-888888888,-888888888,-888888888
2011,Audrain County; Missouri,20066,11362,11362,10586,776,0,8704,11362,-888888888,11176,5362,5362,5006,1952,1210,4123,2952,10404,8135,1152,43,268,131,675,21.0,10586,2757,1988,2465,1226,2150,10586,505,516,1675,29,007,309,1663,627,125,459,431,2432,646,635,563,10586,7978,1749,838,21,9426,551,750,1232,1444,1475,2168,964,621,121,100,41567,51208,7041,50487,3357,16181,1823,16531,387,9393,315,2916,1138,6536,287,306,662,846,1052,1710,886,566,121,100,51188,59424,19275,2890,27329,31268,25771,36753,28137,-888888888,-888888888,-888888888,-888888888,-888888888,-888888888,-888888888,-888888888,-888888888,-888888888,-888888888,-888888888,-888888888,-888888888,-888888888,-888888888,-888888888,-888888888,-888888888,-888888888,-888888888,-888888888,-888888888,-888888888,-888888888,-888888888,-888888888,-888888888,-888888888,-888888888,-888888888,-888888888,-888888888,-888888888,-888888888,-888888888,-888888888,-888888888,-888888888,-888888888,-888888888,-888888888,-888888888
2011,Greene County; Missouri,221764,144160,143900,132993,10907,260,77604,143900,-888888888,115286,69509,69488,64643,19489,12779,34620,24946,131100,108250,11580,788,3534,1977,4971,19.2,132993,43753,24607,38079,10600,15954,132993,734,7639,10916,29,077,5087,18085,6988,3030,8459,11465,34437,13748,8444,3961,132993,110093,14825,7981,94,113800,9860,7638,15945,14841,18226,21884,11588,8745,2663,2410,41622,56549,89082,55979,33016,15878,19315,20088,5032,8138,2454,3090,13631,69686,3788,2871,6294,7567,11103,16166,9608,7744,2341,2204,54213,69529,23956,44114,25197,33847,23251,39344,30802,-888888888,-888888888,-888888888,-888888888,-888888888,-888888888,-888888888,-888888888,-888888888,-888888888,-888888888,-888888888,-888888888,-888888888,-888888888,-888888888,-888888888,-888888888,-888888888,-888888888,-888888888,-888888888,-888888888,-888888888,-888888888,-888888888,-888888888,-888888888,-888888888,-888888888,-888888888,-888888888,-888888888,-888888888,-888888888,-888888888,-888888888,-888888888,-888888888,-888888888,-888888888,-888888888,-888888888
2011,St. Clair County; Missouri,8073,4364,4364,4040,324,0,3709,4364,-888888888,4015,2042,2042,1931,520,284,1333,1048,3915,2968,437,23,234,29,224,24.5,4040,1223,583,1080,592,562,4040,399,320,398,29,185,184,612,323,38,181,244,913,129,70,229,4040,2685,690,617,48,4351,512,376,834,569,649,877,307,208,12,7,32553,40511,2779,43491,2052,14403,804,15072,235,8062,68,1690,581,2905,189,67,492,421,567,678,275,199,10,7,43724,48554,18166,1446,16309,21933,21462,30408,26097,-888888888,-888888888,-888888888,-888888888,-888888888,-888888888,-888888888,-888888888,-888888888,-888888888,-888888888,-888888888,-888888888,-888888888,-888888888,-888888888,-888888888,-888888888,-888888888,-888888888,-888888888,-888888888,-888888888,-888888888,-888888888,-888888888,-888888888,-888888888,-888888888,-888888888,-888888888,-888888888,-888888888,-888888888,-888888888,-888888888,-888888888,-888888888,-888888888,-888888888,-888888888,-888888888,-888888888
2011,Schuyler County; Missouri,3447,2093,2089,1906,183,4,1354,2089,-888888888,1811,987,987,900,358,196,659,456,1852,1418,302,0,21,14,97,28.1,1906,495,383,408,227,393,1906,142,133,315,29,197,99,251,114,0,66,100,411,83,115,77,1906,1428,232,242,4,1944,181,203,377,276,378,327,97,60,31,14,32862,41058,1360,42746,836,13537,319,13610,96,7422,35,1960,319,1243,55,43,222,180,266,298,88,58,31,2,43028,49079,18246,701,16580,25913,21059,33207,21159,-888888888,-888888888,-888888888,-888888888,-888888888,-888888888,-888888888,-888888888,-888888888,-888888888,-888888888,-888888888,-888888888,-888888888,-888888888,-888888888,-888888888,-888888888,-888888888,-888888888,-888888888,-888888888,-888888888,-888888888,-888888888,-888888888,-888888888,-888888888,-888888888,-888888888,-888888888,-888888888,-888888888,-888888888,-888888888,-888888888,-888888888,-888888888,-888888888,-888888888,-888888888,-888888888,-888888888
2011,Camden County; Missouri,36261,21111,21104,19634,1470,7,15150,21104,-888888888,18484,9949,9949,9294,2710,1808,4716,3556,18784,14064,2221,109,315,426,1649,21.5,19634,6184,3589,5355,2431,2075,19634,302,2249,1563,29,029,211,2928,470,430,1424,1428,3941,2729,1121,838,19634,14906,2126,2515,87,18104,983,861,2416,2551,3488,3659,2046,1289,315,496,44961,57894,13183,50947,7622,18533,5159,20361,442,7870,469,2372,1926,12814,619,318,1260,1704,2648,3007,1592,961,276,429,49215,62501,25068,5290,27494,43311,23008,34830,29273,-888888888,-888888888,-888888888,-888888888,-888888888,-888888888,-888888888,-888888888,-888888888,-888888888,-888888888,-888888888,-888888888,-888888888,-888888888,-888888888,-888888888,-888888888,-888888888,-888888888,-888888888,-888888888,-888888888,-888888888,-888888888,-888888888,-888888888,-888888888,-888888888,-888888888,-888888888,-888888888,-888888888,-888888888,-888888888,-888888888,-888888888,-888888888,-888888888,-888888888,-888888888,-888888888,-888888888
2011,Jefferson County; Missouri,168709,116583,116424,106824,9600,159,52126,116424,-888888888,85520,54165,54130,50169,17700,12336,35306,26972,104753,89138,11251,163,849,795,2557,29.9,106824,30198,17783,27677,16100,15066,106824,430,11636,13365,29,099,3379,12987,6281,2044,7447,9954,21597,8076,6104,3524,106824,90285,11024,5367,148,80703,3980,3443,7800,7454,11959,17905,13259,11231,2462,1210,56400,65990,65903,65962,21935,16902,15879,19543,3021,9269,1934,2851,8440,59051,2091,1584,3767,4491,8391,13680,11597,10164,2219,1067,65950,74009,24965,21652,31788,39531,31125,49650,35325,-888888888,-888888888,-888888888,-888888888,-888888888,-888888888,-888888888,-888888888,-888888888,-888888888,-888888888,-888888888,-888888888,-888888888,-888888888,-888888888,-888888888,-888888888,-888888888,-888888888,-888888888,-888888888,-888888888,-888888888,-888888888,-888888888,-888888888,-888888888,-888888888,-888888888,-888888888,-888888888,-888888888,-888888888,-888888888,-888888888,-888888888,-888888888,-888888888,-888888888,-888888888,-888888888,-888888888
2011,New Madrid County; Missouri,14835,8415,8387,7792,595,28,6420,8387,-888888888,7903,4172,4165,3868,1491,900,2768,2035,7676,6549,644,0,204,44,235,17.0,7792,1999,1374,1696,1151,1572,7792,671,328,1320,29,143,149,940,522,114,318,294,1874,427,352,483,7792,5752,1371,639,30,7620,919,850,1240,823,1096,1318,651,550,83,90,34772,49208,5367,49735,3163,13890,1079,27207,685,7282,249,2928,1722,4993,312,331,629,672,828,1050,561,473,83,54,45419,54131,20373,2627,16377,37427,25016,34339,27865,-888888888,-888888888,-888888888,-888888888,-888888888,-888888888,-888888888,-888888888,-888888888,-888888888,-888888888,-888888888,-888888888,-888888888,-888888888,-888888888,-888888888,-888888888,-888888888,-888888888,-888888888,-888888888,-888888888,-888888888,-888888888,-888888888,-888888888,-888888888,-888888888,-888888888,-888888888,-888888888,-888888888,-888888888,-888888888,-888888888,-888888888,-888888888,-888888888,-888888888,-888888888,-888888888,-888888888
2011,Ralls County; Missouri,8160,5254,5254,5072,182,0,2906,5254,-888888888,4104,2491,2491,2424,626,431,1533,1046,4936,3942,614,12,49,26,293,22.8,5072,1446,814,1092,731,989,5072,265,436,1016,29,173,146,568,185,80,176,265,1096,315,206,318,5072,3898,751,423,0,4222,171,250,493,474,808,1015,506,383,64,58,47286,56095,3429,53796,1374,17964,730,18064,143,7389,64,6408,312,3148,74,70,270,325,667,864,416,340,64,58,52525,63095,23255,1074,25556,34098,26201,42545,25823,-888888888,-888888888,-888888888,-888888888,-888888888,-888888888,-888888888,-888888888,-888888888,-888888888,-888888888,-888888888,-888888888,-888888888,-888888888,-888888888,-888888888,-888888888,-888888888,-888888888,-888888888,-888888888,-888888888,-888888888,-888888888,-888888888,-888888888,-888888888,-888888888,-888888888,-888888888,-888888888,-888888888,-888888888,-888888888,-888888888,-888888888,-888888888,-888888888,-888888888,-888888888,-888888888,-888888888
