year,county_name,employment_status_population_16_years_and_over,employment_status_population_16_years_and_over_in_,employment_status_population_16_years_and_over_in_,employment_status_population_16_years_and_over_in_,employment_status_population_16_years_and_over_in_,employment_status_population_16_years_and_over_in_,employment_status_population_16_years_and_over_not,employment_status_civilian_labor_force,employment_status_civilian_labor_force_percent_une,employment_status_females_16_years_and_over,employment_status_females_16_years_and_over_in_lab,employment_status_females_16_years_and_over_in_lab,employment_status_females_16_years_and_over_in_lab,employment_status_own_children_under_6_years,employment_status_own_children_under_6_years_all_p,employment_status_own_children_6_to_17_years,employment_status_own_children_6_to_17_years_all_p,commuting_to_work_workers_16_years_and_over,commuting_to_work_workers_16_years_and_over_car_tr,commuting_to_work_workers_16_years_and_over_car_tr,commuting_to_work_workers_16_years_and_over_public,commuting_to_work_workers_16_years_and_over_walked,commuting_to_work_workers_16_years_and_over_other_,commuting_to_work_workers_16_years_and_over_worked,commuting_to_work_mean_travel_time_to_work_minutes,occupation_civilian_employed_population_16_years_a,occupation_civilian_employed_population_16_years_a,occupation_civilian_employed_population_16_years_a,occupation_civilian_employed_population_16_years_a,occupation_civilian_employed_population_16_years_a,occupation_civilian_employed_population_16_years_a,industry_civilian_employed_population_16_years_and,industry_civilian_employed_population_16_years_and,industry_civilian_employed_population_16_years_and,industry_civilian_employed_population_16_years_and,industry_civilian_employed_population_16_years_and,industry_civilian_employed_population_16_years_and,industry_civilian_employed_population_16_years_and,industry_civilian_employed_population_16_years_and,industry_civilian_employed_population_16_years_and,industry_civilian_employed_population_16_years_and,industry_civilian_employed_population_16_years_and,industry_civilian_employed_population_16_years_and,industry_civilian_employed_population_16_years_and,industry_civilian_employed_population_16_years_and,state_fips,county_fips,class_of_worker_civilian_employed_population_16_ye,class_of_worker_civilian_employed_population_16_ye,class_of_worker_civilian_employed_population_16_ye,class_of_worker_civilian_employed_population_16_ye,class_of_worker_civilian_employed_population_16_ye,income_and_benefits_in_2013_inflation_adjusted_dol,income_and_benefits_in_2013_inflation_adjusted_dol,income_and_benefits_in_2013_inflation_adjusted_dol,income_and_benefits_in_2013_inflation_adjusted_dol,income_and_benefits_in_2013_inflation_adjusted_dol,income_and_benefits_in_2013_inflation_adjusted_dol,income_and_benefits_in_2013_inflation_adjusted_dol,income_and_benefits_in_2013_inflation_adjusted_dol,income_and_benefits_in_2013_inflation_adjusted_dol,income_and_benefits_in_2013_inflation_adjusted_dol,income_and_benefits_in_2013_inflation_adjusted_dol,income_and_benefits_in_2013_inflation_adjusted_dol,income_and_benefits_in_2013_inflation_adjusted_dol,income_and_benefits_in_2013_inflation_adjusted_dol,income_and_benefits_in_2013_inflation_adjusted_dol,income_and_benefits_in_2013_inflation_adjusted_dol,income_and_benefits_in_2013_inflation_adjusted_dol,income_and_benefits_in_2013_inflation_adjusted_dol,income_and_benefits_in_2013_inflation_adjusted_dol,income_and_benefits_in_2013_inflation_adjusted_dol,income_and_benefits_in_2013_inflation_adjusted_dol,income_and_benefits_in_2013_inflation_adjusted_dol,income_and_benefits_in_2013_inflation_adjusted_dol,income_and_benefits_in_2013_inflation_adjusted_dol,income_and_benefits_in_2013_inflation_adjusted_dol,income_and_benefits_in_2013_inflation_adjusted_dol,income_and_benefits_in_2013_inflation_adjusted_dol,income_and_benefits_in_2013_inflation_adjusted_dol,income_and_benefits_in_2013_inflation_adjusted_dol,income_and_benefits_in_2013_inflation_adjusted_dol,income_and_benefits_in_2013_inflation_adjusted_dol,income_and_benefits_in_2013_inflation_adjusted_dol,income_and_benefits_in_2013_inflation_adjusted_dol,income_and_benefits_in_2013_inflation_adjusted_dol,income_and_benefits_in_2013_inflation_adjusted_dol,income_and_benefits_in_2013_inflation_adjusted_dol,income_and_benefits_in_2013_inflation_adjusted_dol,income_and_benefits_in_2013_inflation_adjusted_dol,income_and_benefits_in_2013_inflation_adjusted_dol,income_and_benefits_in_2013_inflation_adjusted_dol,income_and_benefits_in_2013_inflation_adjusted_dol,income_and_benefits_in_2013_inflation_adjusted_dol,income_and_benefits_in_2013_inflation_adjusted_dol,income_and_benefits_in_2013_inflation_adjusted_dol,health_insurance_coverage_civilian_noninstitutiona,health_insurance_coverage_civilian_noninstitutiona,health_insurance_coverage_civilian_noninstitutiona,health_insurance_coverage_civilian_noninstitutiona,health_insurance_coverage_civilian_noninstitutiona,health_insurance_coverage_civilian_noninstitutiona,health_insurance_coverage_civilian_noninstitutiona,health_insurance_coverage_civilian_noninstitutiona,health_insurance_coverage_civilian_noninstitutiona,health_insurance_coverage_civilian_noninstitutiona,health_insurance_coverage_civilian_noninstitutiona,health_insurance_coverage_civilian_noninstitutiona,health_insurance_coverage_civilian_noninstitutiona,health_insurance_coverage_civilian_noninstitutiona,health_insurance_coverage_civilian_noninstitutiona,health_insurance_coverage_civilian_noninstitutiona,health_insurance_coverage_civilian_noninstitutiona,health_insurance_coverage_civilian_noninstitutiona,health_insurance_coverage_civilian_noninstitutiona,health_insurance_coverage_civilian_noninstitutiona,health_insurance_coverage_civilian_noninstitutiona,health_insurance_coverage_civilian_noninstitutiona,health_insurance_coverage_civilian_noninstitutiona,health_insurance_coverage_civilian_noninstitutiona,percentage_of_families_and_people_whose_income_in_,percentage_of_families_and_people_whose_income_in_,percentage_of_families_and_people_whose_income_in_,percentage_of_families_and_people_whose_income_in_,percentage_of_families_and_people_whose_income_in_,percentage_of_families_and_people_whose_income_in_,percentage_of_families_and_people_whose_income_in_,percentage_of_families_and_people_whose_income_in_,percentage_of_families_and_people_whose_income_in_,percentage_of_families_and_people_whose_income_in_,percentage_of_families_and_people_whose_income_in_,percentage_of_families_and_people_whose_income_in_,percentage_of_families_and_people_whose_income_in_,percentage_of_families_and_people_whose_income_in_,percentage_of_families_and_people_whose_income_in_,percentage_of_families_and_people_whose_income_in_,percentage_of_families_and_people_whose_income_in_,percentage_of_families_and_people_whose_income_in_,percentage_of_families_and_people_whose_income_in_
2013,Morgan County; Missouri,16553,8089,8087,6699,1388,2,8464,8087,-888888888,8466,3649,3649,3111,1502,762,2457,1495,6487,4670,934,33,217,173,460,25.0,6699,1801,1096,1538,1117,1147,6699,402,738,793,106,1014,266,71,314,356,1368,416,455,400,29,141,6699,4812,1057,813,17,8164,951,716,1227,1213,1224,1676,614,432,109,2,34797,43510,4989,43236,3757,16780,2256,19355,590,8673,241,2523,1535,5514,377,299,712,718,918,1478,524,377,109,2,45048,51247,17935,2650,19000,26312,22158,33474,26449,20107,15506,9895,8930,4601,4376,1170,11347,7399,6112,4622,4112,631,1490,1287,604,297,352,683,3948,2750,1234,1784,1198,-888888888,-888888888,-888888888,-888888888,-888888888,-888888888,-888888888,-888888888,-888888888,-888888888,-888888888,-888888888,-888888888,-888888888,-888888888,-888888888,-888888888,-888888888,-888888888
2013,Saline County; Missouri,18833,11301,11283,10460,823,18,7532,11283,-888888888,9599,5550,5550,5097,1747,1376,3185,2395,10309,8199,1069,20,430,126,465,17.8,10460,2876,2172,2007,1374,2031,10460,594,629,1793,268,1135,460,111,402,360,2856,897,427,528,29,195,10460,7725,1843,852,40,8764,668,669,1511,999,1494,1920,794,534,116,59,39519,48052,6596,47966,3159,15697,1964,14570,431,8918,246,2591,1262,5764,361,170,789,686,1067,1463,661,397,111,59,46731,54633,19006,3000,22587,31564,21953,34780,27492,22836,19847,15554,7647,2989,5179,557,14094,10425,9692,8323,7950,699,1369,733,382,256,152,351,3669,2966,1981,1300,703,-888888888,-888888888,-888888888,-888888888,-888888888,-888888888,-888888888,-888888888,-888888888,-888888888,-888888888,-888888888,-888888888,-888888888,-888888888,-888888888,-888888888,-888888888,-888888888
2013,Worth County; Missouri,1743,1106,1102,1047,55,4,637,1102,-888888888,898,516,516,494,123,97,310,252,1045,765,143,0,62,15,60,26.5,1047,410,208,141,107,181,1047,173,84,125,8,95,52,10,54,52,222,84,41,47,29,227,1047,704,161,180,2,940,48,100,146,132,160,152,116,54,17,15,39348,51359,708,52124,362,15515,180,14666,33,7645,19,2605,90,613,17,35,71,68,124,119,106,44,17,12,49034,61115,22967,327,22875,32458,23308,33214,29500,2060,1788,1444,703,272,441,46,1161,966,911,735,686,52,176,55,29,13,16,26,195,171,105,68,24,-888888888,-888888888,-888888888,-888888888,-888888888,-888888888,-888888888,-888888888,-888888888,-888888888,-888888888,-888888888,-888888888,-888888888,-888888888,-888888888,-888888888,-888888888,-888888888
2013,Grundy County; Missouri,8071,4607,4607,4328,279,0,3464,4607,-888888888,4225,2059,2059,1954,746,412,1630,1232,4285,3176,611,10,196,70,222,20.3,4328,1190,884,922,570,762,4328,372,297,677,78,473,209,23,152,234,1220,204,218,171,29,079,4328,3132,727,469,0,4148,369,332,573,638,729,746,486,175,43,57,37964,47519,2893,49156,1640,16586,800,14560,260,7383,73,2226,603,2692,168,67,325,385,496,576,428,147,43,57,47000,56645,19527,1456,23651,28101,22411,36467,27677,10104,8450,6372,3598,1654,2464,286,5634,4267,4009,3108,2941,202,901,258,108,43,65,150,1367,1056,576,540,311,-888888888,-888888888,-888888888,-888888888,-888888888,-888888888,-888888888,-888888888,-888888888,-888888888,-888888888,-888888888,-888888888,-888888888,-888888888,-888888888,-888888888,-888888888,-888888888
2013,Reynolds County; Missouri,5292,2701,2701,2325,376,0,2591,2701,-888888888,2639,1271,1271,1095,391,272,948,733,2258,1620,446,4,40,78,70,25.0,2325,558,545,282,369,571,2325,391,132,295,43,162,114,35,77,108,698,96,43,131,29,179,2325,1572,574,179,0,2664,257,305,488,305,405,484,193,204,17,6,34496,44850,1706,44841,1170,15505,784,13429,250,9686,92,1904,494,1785,149,95,300,209,294,348,182,188,17,3,39632,50574,18449,879,20313,32085,20408,47902,25332,6547,5694,3411,3287,853,1439,27,3724,2497,2134,1615,1361,301,519,363,225,93,137,138,1227,1062,469,686,165,-888888888,-888888888,-888888888,-888888888,-888888888,-888888888,-888888888,-888888888,-888888888,-888888888,-888888888,-888888888,-888888888,-888888888,-888888888,-888888888,-888888888,-888888888,-888888888
2013,St. Louis County; Missouri,798112,533299,532745,486741,46004,554,264813,532745,-888888888,427777,265504,265355,245362,67644,47777,154776,115961,477241,400579,31412,11809,7219,5001,21221,23.4,486741,209748,77088,130061,25868,43976,486741,2261,20168,48448,15047,55971,21760,12285,45199,58951,124282,44576,22966,14827,29,189,486741,415386,47729,23095,531,403293,22654,16593,39661,39552,53999,72550,50402,55668,24621,27593,58910,84730,319388,84993,118479,18649,79246,24074,14629,9168,6923,3357,40770,263717,8938,6348,16187,20647,30283,48580,38816,46928,21807,25183,75532,102775,34795,139576,35217,48357,33474,56981,41696,987474,891195,752950,255363,96279,229968,10282,611671,496662,454445,404704,394402,17325,49741,42217,24177,17752,7364,18040,115009,97594,74944,30211,17415,-888888888,-888888888,-888888888,-888888888,-888888888,-888888888,-888888888,-888888888,-888888888,-888888888,-888888888,-888888888,-888888888,-888888888,-888888888,-888888888,-888888888,-888888888,-888888888
2013,Stone County; Missouri,26582,14168,14147,12325,1822,21,12414,14147,-888888888,13595,6903,6903,6179,1488,1061,3981,2880,11846,9298,1661,23,242,42,580,28.2,12325,3438,2718,3328,1592,1249,12325,238,1088,842,237,1716,488,143,679,721,2358,2555,775,485,29,209,12325,9587,1291,1422,25,13320,1062,848,1904,1878,2159,2734,1430,906,239,160,40850,50820,8982,45212,6627,18220,3497,20765,802,9006,204,3332,1986,9596,462,350,942,1374,1715,2287,1315,793,213,145,49527,57819,21733,3724,21610,30905,20903,35141,26887,31580,25931,19066,13585,5649,5875,667,17893,12576,10920,8188,7620,830,2732,1656,743,572,275,913,5317,3991,2365,2224,1326,-888888888,-888888888,-888888888,-888888888,-888888888,-888888888,-888888888,-888888888,-888888888,-888888888,-888888888,-888888888,-888888888,-888888888,-888888888,-888888888,-888888888,-888888888,-888888888
2013,Barry County; Missouri,27998,16534,16534,14297,2237,0,11464,16534,-888888888,14240,7537,7537,6473,2571,1862,5407,4173,13812,11018,1780,61,217,122,614,22.4,14297,3923,1971,2931,1764,3708,14297,911,971,3534,506,2044,599,76,537,801,2425,862,685,346,29,009,14297,11562,1512,1219,4,13464,1039,927,1808,2277,2416,2568,1290,832,143,164,38710,48753,9724,47445,5525,17336,2405,15512,796,8708,362,3030,2052,9496,377,343,949,1536,1801,2246,1208,827,50,159,47663,56802,19489,3968,21842,27091,22921,33717,27362,35286,28899,20982,13108,6387,8559,1035,20393,15409,13303,10634,9973,1017,2669,2106,772,506,323,1334,4984,3651,2110,1986,1333,-888888888,-888888888,-888888888,-888888888,-888888888,-888888888,-888888888,-888888888,-888888888,-888888888,-888888888,-888888888,-888888888,-888888888,-888888888,-888888888,-888888888,-888888888,-888888888
2013,Boone County; Missouri,134734,93933,93721,88035,5686,212,40801,93721,-888888888,70498,46600,46532,43687,11883,7959,21633,17023,85944,66925,9934,556,3889,1610,3030,18.2,88035,40794,14513,20867,5235,6626,88035,804,3688,4543,1808,10795,2902,1871,6594,6928,32532,8698,2953,3919,29,019,88035,61757,22307,3884,87,65649,6823,3877,7355,6529,9035,11742,7659,7548,2688,2393,48627,66942,54977,66789,13837,16504,9086,26390,1840,9361,1108,2320,7030,37372,1211,1208,2847,2575,4513,7664,6289,6313,2489,2263,70096,89209,26895,28277,26976,36207,24964,44607,37304,164502,148702,130284,33310,15800,34462,1941,114886,89177,83987,74756,72987,3088,9231,5190,3128,2277,903,2062,25709,23197,19019,5408,2512,-888888888,-888888888,-888888888,-888888888,-888888888,-888888888,-888888888,-888888888,-888888888,-888888888,-888888888,-888888888,-888888888,-888888888,-888888888,-888888888,-888888888,-888888888,-888888888
2013,Cole County; Missouri,60413,39146,39003,37040,1963,143,21267,39003,-888888888,29963,19162,19148,18393,5813,4125,10978,9194,36665,30168,4154,124,578,602,1039,16.9,37040,14678,6056,9918,2986,3402,37040,494,2405,1907,889,3959,1465,840,2620,3188,7966,2299,1769,7239,29,051,37040,23963,11212,1742,123,29302,1940,1365,2876,3165,4347,5853,4007,3793,1326,630,53931,66319,23220,66539,8320,16903,6183,26409,818,9453,693,3172,2935,19243,920,446,1132,1681,2449,4323,3143,3440,1185,524,66712,78170,26160,10059,31604,41482,31992,44247,37580,72894,66206,55977,19443,6688,17851,671,45713,36496,34642,30953,30075,1557,3689,1854,1090,765,357,764,9217,7666,5293,3230,1551,-888888888,-888888888,-888888888,-888888888,-888888888,-888888888,-888888888,-888888888,-888888888,-888888888,-888888888,-888888888,-888888888,-888888888,-888888888,-888888888,-888888888,-888888888,-888888888
2013,Crawford County; Missouri,19395,10990,10990,9681,1309,0,8405,10990,-888888888,9887,5218,5218,4624,1844,1313,3710,2680,9502,7191,1611,13,202,83,402,28.6,9681,2322,1873,2056,1202,2228,9681,387,761,2172,153,1024,437,116,346,396,2026,868,377,618,29,055,9681,7495,1479,697,10,9485,966,855,1550,1280,1463,2002,558,641,118,52,35897,46292,6767,46793,3855,15182,2199,16747,655,8673,378,2297,1654,6421,592,308,624,925,1160,1692,428,545,105,42,44985,51769,18415,3064,20778,31753,22114,37279,27140,24428,21176,14707,9631,3252,5985,315,14550,10285,9057,7522,6998,744,1535,1228,609,203,406,619,4265,3482,1805,2020,783,-888888888,-888888888,-888888888,-888888888,-888888888,-888888888,-888888888,-888888888,-888888888,-888888888,-888888888,-888888888,-888888888,-888888888,-888888888,-888888888,-888888888,-888888888,-888888888
2013,Iron County; Missouri,8421,4367,4364,3789,575,3,4054,4364,-888888888,4264,2047,2047,1860,626,268,1434,829,3699,2930,364,1,112,88,204,24.7,3789,933,1000,809,475,572,3789,249,228,455,40,422,213,31,56,228,1320,187,114,246,29,093,3789,2718,867,202,2,4126,483,325,652,527,710,704,396,271,46,12,36387,46178,2829,48751,1518,15914,1075,13285,533,8085,132,2218,1050,2817,155,193,357,372,519,626,330,217,36,12,44069,53220,19101,1309,17780,28173,24589,39375,27298,10175,8512,5205,4567,1663,2325,160,6199,3960,3413,2692,2392,447,721,547,198,145,57,349,2239,1811,718,1264,428,-888888888,-888888888,-888888888,-888888888,-888888888,-888888888,-888888888,-888888888,-888888888,-888888888,-888888888,-888888888,-888888888,-888888888,-888888888,-888888888,-888888888,-888888888,-888888888
2013,Livingston County; Missouri,12209,6938,6928,6495,433,10,5271,6928,-888888888,6836,3327,3327,3190,1085,756,2076,1552,6364,5262,479,27,159,103,334,16.4,6495,1890,1185,1531,697,1192,6495,429,387,768,244,945,297,98,240,332,1449,403,378,525,29,117,6495,4836,1146,495,18,5660,417,468,886,746,826,974,658,500,109,76,40116,53573,4043,55974,2202,15450,1198,16013,318,9629,112,2952,634,3684,211,154,448,397,492,781,606,431,104,60,54663,64116,21011,1976,24559,31135,26070,38570,26511,13742,11891,9342,4771,1851,3247,293,7875,6233,5910,4894,4693,341,1016,323,153,95,59,170,1642,1298,690,749,344,-888888888,-888888888,-888888888,-888888888,-888888888,-888888888,-888888888,-888888888,-888888888,-888888888,-888888888,-888888888,-888888888,-888888888,-888888888,-888888888,-888888888,-888888888,-888888888
2013,Moniteau County; Missouri,12097,7044,7023,6546,477,21,5053,7023,-888888888,5697,3422,3410,3162,1211,914,2536,1963,6447,4909,1082,0,69,99,288,25.8,6546,1924,1131,1378,1012,1101,6546,426,549,994,99,573,254,76,268,311,1202,534,242,1018,29,135,6546,4385,1613,538,10,5464,405,404,673,477,916,1162,749,514,141,23,47118,54626,4218,53958,1909,15887,1112,19477,256,9826,108,2413,723,3822,169,141,273,346,614,1005,659,456,141,18,59253,64171,19451,1642,20474,31225,27378,37205,31316,14253,11907,9849,3982,2346,3913,497,8273,6569,6130,4997,4838,323,1133,439,227,114,117,212,1704,1231,830,561,473,-888888888,-888888888,-888888888,-888888888,-888888888,-888888888,-888888888,-888888888,-888888888,-888888888,-888888888,-888888888,-888888888,-888888888,-888888888,-888888888,-888888888,-888888888,-888888888
2013,Pemiscot County; Missouri,13759,7254,7254,6503,751,0,6505,7254,-888888888,7424,3470,3470,3149,1577,791,3068,1906,6448,5460,566,13,219,45,145,15.5,6503,1585,1697,1199,598,1424,6503,330,157,1182,99,703,287,36,203,280,1821,706,340,359,29,155,6503,5080,1098,322,3,6941,1022,794,1347,876,905,906,529,425,74,63,28889,41682,4529,47144,2930,13476,947,18120,995,6747,304,2759,2179,4362,453,318,733,562,652,671,470,372,68,63,38152,50757,16881,2579,16886,24598,22973,38178,24587,17963,15180,8387,8967,2783,4962,309,10390,6721,5999,4606,4286,522,1393,722,349,155,209,373,3669,2961,803,2336,708,-888888888,-888888888,-888888888,-888888888,-888888888,-888888888,-888888888,-888888888,-888888888,-888888888,-888888888,-888888888,-888888888,-888888888,-888888888,-888888888,-888888888,-888888888,-888888888
2013,Pettis County; Missouri,32552,20354,20186,18815,1371,168,12198,20186,-888888888,16791,9553,9548,8972,3472,1911,6612,4547,18725,14897,2368,78,338,145,899,19.4,18815,4956,3540,4036,1774,4509,18815,714,1032,3680,394,2124,1130,232,655,1489,4307,1424,1016,618,29,159,18815,14960,2290,1509,56,16212,1287,1358,2377,2354,2634,3099,1501,1180,225,197,38580,50007,12397,48515,5534,15853,2925,18573,857,8930,305,2490,2654,10755,423,449,1294,1482,1834,2391,1397,1095,194,196,49064,59993,19709,5457,22207,28455,22450,35324,27418,41425,34323,24955,14517,7102,10661,744,24812,18776,17509,13545,12962,1030,3964,1267,585,348,248,682,6036,4352,2279,2487,1684,-888888888,-888888888,-888888888,-888888888,-888888888,-888888888,-888888888,-888888888,-888888888,-888888888,-888888888,-888888888,-888888888,-888888888,-888888888,-888888888,-888888888,-888888888,-888888888
2013,Shannon County; Missouri,6633,3686,3686,3275,411,0,2947,3686,-888888888,3354,1677,1677,1520,557,293,1374,835,3127,2510,369,0,83,24,141,20.9,3275,934,482,477,628,754,3275,373,229,612,66,298,130,16,75,103,720,313,196,144,29,203,3275,2138,618,498,21,3220,362,262,712,409,485,534,171,256,14,15,31132,42470,2163,44265,1258,15466,586,16760,341,7414,124,2821,650,2281,143,73,407,338,431,468,154,244,14,9,41440,50158,16862,939,16649,22873,19021,34148,25398,8302,6746,4378,3632,1556,2046,220,4819,3278,2922,2068,1855,291,854,356,200,92,108,156,1541,1215,575,795,326,-888888888,-888888888,-888888888,-888888888,-888888888,-888888888,-888888888,-888888888,-888888888,-888888888,-888888888,-888888888,-888888888,-888888888,-888888888,-888888888,-888888888,-888888888,-888888888
2013,Randolph County; Missouri,20071,10885,10880,9918,962,5,9186,10880,-888888888,9641,5144,5139,4731,1792,1394,3357,2674,9758,8077,791,44,71,258,517,20.9,9918,2363,1676,2919,983,1977,9918,211,672,1242,439,1641,689,259,556,507,2011,454,660,577,29,175,9918,7786,1348,773,11,8925,878,760,1230,1361,1461,1421,1081,561,116,56,37203,47103,6379,49867,3051,16496,1708,14588,595,8266,257,3431,1599,5977,396,273,689,786,992,1236,911,528,110,56,47844,55997,17587,2948,21844,27283,24448,38824,29628,23307,19773,13783,9102,3534,5771,316,14114,10295,9414,7486,7019,708,1928,881,394,209,202,487,3819,3024,1357,1944,795,-888888888,-888888888,-888888888,-888888888,-888888888,-888888888,-888888888,-888888888,-888888888,-888888888,-888888888,-888888888,-888888888,-888888888,-888888888,-888888888,-888888888,-888888888,-888888888
2013,Dunklin County; Missouri,24743,12799,12799,11585,1214,0,11944,12799,-888888888,13072,6158,6158,5716,2703,1416,4834,3333,11440,9733,1307,12,86,142,160,20.1,11585,3051,2491,2378,1346,2319,11585,937,539,1912,108,1388,649,146,498,495,3335,619,420,539,29,069,11585,8978,1898,699,10,12882,1636,1342,2133,1979,2286,1613,884,733,164,112,31304,42579,8505,46764,5235,14369,2235,13965,1601,7656,491,2528,3491,8369,531,684,1230,1357,1548,1297,818,657,147,100,38503,50698,17990,4513,18457,26241,23848,36281,26105,31199,25928,15277,15068,5271,8135,477,18121,11796,10737,7943,7127,1094,2794,1059,459,172,287,600,6325,4955,1656,3778,1370,-888888888,-888888888,-888888888,-888888888,-888888888,-888888888,-888888888,-888888888,-888888888,-888888888,-888888888,-888888888,-888888888,-888888888,-888888888,-888888888,-888888888,-888888888,-888888888
2013,Franklin County; Missouri,79654,52060,52030,47216,4814,30,27594,52030,-888888888,40574,24432,24432,22515,7455,5074,15906,11878,46534,38778,5517,208,615,201,1215,27.9,47216,13584,7778,10751,5938,9165,47216,593,4496,9423,1144,5340,2607,650,1979,4049,9572,4005,2065,1293,29,071,47216,40055,4482,2654,25,39263,2377,1937,4742,4800,6151,7830,5193,4351,912,970,48857,63006,30352,63882,12352,16909,7835,18857,1480,9098,1036,3920,4499,27726,1018,564,2259,2879,4317,6275,4571,4090,898,855,60741,73903,24742,11537,26224,34185,29012,44410,31955,100730,89415,72882,27605,11315,24769,1337,62124,49097,44605,39169,37772,2289,5436,4492,2270,1649,723,2222,13027,10717,7572,4066,2310,-888888888,-888888888,-888888888,-888888888,-888888888,-888888888,-888888888,-888888888,-888888888,-888888888,-888888888,-888888888,-888888888,-888888888,-888888888,-888888888,-888888888,-888888888,-888888888
2013,Howard County; Missouri,8161,4737,4737,4381,356,0,3424,4737,-888888888,4137,2361,2361,2167,732,544,1423,1018,4302,3377,563,8,117,31,206,24.5,4381,1353,882,823,662,661,4381,198,264,413,74,359,205,43,249,210,1384,476,193,313,29,089,4381,3018,952,382,29,3825,441,282,456,416,606,744,423,329,88,40,42747,55168,2803,54463,1402,14489,672,22562,205,8897,104,1175,496,2478,153,114,187,225,382,642,373,295,81,26,54167,62209,21598,1347,19770,38929,26382,40420,32035,10056,9139,6959,3462,917,2257,75,6271,4373,4028,3508,3351,247,520,345,203,142,67,142,1898,1732,1148,729,166,-888888888,-888888888,-888888888,-888888888,-888888888,-888888888,-888888888,-888888888,-888888888,-888888888,-888888888,-888888888,-888888888,-888888888,-888888888,-888888888,-888888888,-888888888,-888888888
2013,Jackson County; Missouri,528421,354133,353908,320520,33388,225,174288,353908,-888888888,276612,174739,174735,159246,54883,36521,100677,75999,315094,258479,26818,7595,5355,4454,12393,22.8,320520,113150,58666,85138,24091,39475,320520,999,19266,28470,8818,35273,17349,9199,26222,38239,73352,31022,16348,15963,29,095,320520,261831,41552,16710,427,271545,24698,16017,31098,31838,38698,49065,33080,29954,9741,7356,47015,62955,212865,64988,72921,17178,46440,20331,13242,9134,7775,2829,38627,164397,10759,5415,14037,15789,21581,32563,24632,25059,8398,6164,60580,75835,26062,107148,30795,40718,30493,46224,37414,669314,559118,438671,190068,110196,163878,14417,422567,334189,303165,247689,238135,14577,55476,31024,14764,9218,6118,16260,88378,64956,39809,30661,23422,-888888888,-888888888,-888888888,-888888888,-888888888,-888888888,-888888888,-888888888,-888888888,-888888888,-888888888,-888888888,-888888888,-888888888,-888888888,-888888888,-888888888,-888888888,-888888888
2013,Miller County; Missouri,19587,11576,11572,10403,1169,4,8011,11572,-888888888,9923,5626,5626,5127,1786,1212,3889,2498,10156,7706,1363,40,178,238,631,28.8,10403,2497,2265,2729,1440,1472,10403,259,1205,865,158,1696,315,140,434,691,1937,1238,734,731,29,131,10403,7649,1628,1046,80,10034,1035,844,1583,1486,1563,1574,1065,643,95,146,35507,47134,7100,46940,3692,16447,2188,19499,665,7930,388,2672,1803,6732,428,217,997,895,1179,1395,943,539,53,86,44911,53911,19385,3302,18906,29170,22151,33523,30699,24593,20519,13885,9737,4074,6053,493,14522,10688,9629,7488,6932,782,2141,1059,461,287,204,598,3834,2992,1435,1806,842,-888888888,-888888888,-888888888,-888888888,-888888888,-888888888,-888888888,-888888888,-888888888,-888888888,-888888888,-888888888,-888888888,-888888888,-888888888,-888888888,-888888888,-888888888,-888888888
2013,Putnam County; Missouri,3971,2184,2184,2119,65,0,1787,2184,-888888888,2024,1028,1028,986,340,272,716,488,2107,1657,273,0,22,0,155,22.0,2119,698,327,321,402,371,2119,329,218,300,54,123,106,41,78,87,519,67,130,67,29,171,2119,1402,362,349,6,2230,230,269,313,242,449,448,159,96,17,7,36713,42918,1409,45660,932,14923,481,20933,172,8187,41,1995,327,1425,62,88,174,188,332,349,112,96,17,7,44309,51317,19397,805,16631,26721,27063,33235,29856,4876,4123,3098,1824,753,1121,79,2707,1980,1930,1442,1406,76,488,50,26,10,16,24,727,569,306,332,158,-888888888,-888888888,-888888888,-888888888,-888888888,-888888888,-888888888,-888888888,-888888888,-888888888,-888888888,-888888888,-888888888,-888888888,-888888888,-888888888,-888888888,-888888888,-888888888
2013,Taney County; Missouri,42294,25658,25607,22601,3006,51,16636,25607,-888888888,22047,12812,12812,11366,3472,2300,7109,5397,22099,16877,3376,121,703,121,901,19.8,22601,5299,6612,7093,1861,1736,22601,336,1456,891,239,3494,810,468,1223,2239,3914,5797,1109,625,29,213,22601,18718,1937,1941,5,20698,2093,1196,3219,2991,3654,3467,1743,1710,369,256,38461,49893,15215,48053,8528,16085,3669,22191,1060,8675,389,4271,3700,13618,771,441,1784,1800,2512,2880,1526,1385,369,150,46764,57501,20231,7080,23522,33176,18674,33649,26205,51938,40186,27482,19814,11752,11385,1391,31176,23160,20674,14003,12997,1565,6671,2486,801,531,290,1685,8016,6047,3304,3422,1969,-888888888,-888888888,-888888888,-888888888,-888888888,-888888888,-888888888,-888888888,-888888888,-888888888,-888888888,-888888888,-888888888,-888888888,-888888888,-888888888,-888888888,-888888888,-888888888
2013,Buchanan County; Missouri,70738,44840,44716,40961,3755,124,25898,44716,-888888888,35695,21555,21545,19800,7071,5061,12682,9641,40443,33463,4568,476,709,303,924,17.4,40961,10963,8297,10112,3388,8201,40961,447,2150,7713,1091,5049,1919,696,2173,2683,9371,3717,2275,1677,29,021,40961,34223,4799,1874,65,33331,3045,2115,4184,4039,5067,6596,4098,3119,649,419,44363,55937,25282,56186,10689,16679,6462,18851,1837,8632,960,2815,5462,21256,1242,681,1735,2274,3115,5040,3525,2640,611,393,57326,67663,21961,12075,25143,32253,25461,40842,30910,86509,74218,56719,28492,12291,20865,1206,53776,41970,38525,31604,29957,2558,6921,3445,1693,1032,740,1752,11806,9399,4822,5465,2407,-888888888,-888888888,-888888888,-888888888,-888888888,-888888888,-888888888,-888888888,-888888888,-888888888,-888888888,-888888888,-888888888,-888888888,-888888888,-888888888,-888888888,-888888888,-888888888
2013,Caldwell County; Missouri,7257,4254,4247,3938,309,7,3003,4247,-888888888,3652,1945,1940,1789,692,430,1508,1057,3825,2959,527,1,82,34,222,32.9,3938,1051,792,806,689,600,3938,278,385,401,89,477,319,37,192,177,809,197,239,338,29,025,3938,2814,673,428,23,3743,315,262,443,504,626,743,394,353,72,31,41169,52502,2723,56071,1306,15878,722,16452,245,9211,196,2091,500,2667,201,94,166,338,432,647,349,340,69,31,53186,61152,21482,1076,22692,28397,28853,41823,30923,9061,7967,6263,2988,1094,2303,205,5236,3855,3576,3094,2966,198,482,279,157,124,36,122,1381,1100,604,585,281,-888888888,-888888888,-888888888,-888888888,-888888888,-888888888,-888888888,-888888888,-888888888,-888888888,-888888888,-888888888,-888888888,-888888888,-888888888,-888888888,-888888888,-888888888,-888888888
2013,Cass County; Missouri,76927,51876,51716,47828,3888,160,25051,51716,-888888888,39951,24446,24433,22789,7730,5534,17078,12870,47182,39393,4559,178,421,323,2308,27.8,47828,15922,7300,11979,6139,6488,47828,745,4906,5147,1583,5618,2574,1311,3582,5086,9204,3151,2784,2137,29,037,47828,38870,5906,3002,50,37307,1575,1646,2907,3501,4971,8793,5523,5656,1806,929,60350,72731,29993,71082,10951,18049,7979,26620,1251,9350,890,2767,4001,27627,880,549,1389,2036,3697,6880,4665,5067,1634,830,68480,81148,27463,9680,33663,44511,32888,51035,40580,98904,87935,74802,25783,10969,26051,1568,59443,48250,44777,38857,37511,2710,5920,3473,1915,1507,441,1558,11193,9315,6998,3137,1878,-888888888,-888888888,-888888888,-888888888,-888888888,-888888888,-888888888,-888888888,-888888888,-888888888,-888888888,-888888888,-888888888,-888888888,-888888888,-888888888,-888888888,-888888888,-888888888
2013,Clinton County; Missouri,16283,10681,10681,9817,864,0,5602,10681,-888888888,8159,4940,4940,4567,1449,975,3106,2326,9512,7803,1217,8,112,111,261,27.2,9817,2625,1871,2555,1244,1522,9817,334,739,1191,263,1315,640,108,712,787,2006,589,451,682,29,049,9817,7733,1444,625,15,8089,427,300,796,905,1237,1849,1175,975,311,114,53826,63571,6535,62153,2526,18629,1695,19515,201,7754,216,4001,823,5806,220,45,447,505,938,1357,976,938,293,87,64341,72114,25100,2283,30413,36940,30662,50632,33015,20238,17433,14546,5648,2805,5054,486,12247,9966,9202,7779,7543,520,1423,764,333,230,103,431,2281,1820,1337,724,461,-888888888,-888888888,-888888888,-888888888,-888888888,-888888888,-888888888,-888888888,-888888888,-888888888,-888888888,-888888888,-888888888,-888888888,-888888888,-888888888,-888888888,-888888888,-888888888
2013,Dallas County; Missouri,13121,7285,7285,6218,1067,0,5836,7285,-888888888,6598,3345,3345,2891,1274,670,2694,1633,6011,4291,1004,30,158,118,410,31.0,6218,1613,857,1540,739,1469,6218,282,595,748,288,956,575,74,279,253,1362,265,188,353,29,059,6218,4605,981,625,7,6443,508,492,868,858,1285,1387,565,397,41,42,40120,47865,4513,48702,2547,16344,1414,16883,496,7774,351,3543,1356,4804,308,164,512,683,1023,1120,527,384,41,42,44382,53509,18155,1639,22057,29106,26417,36405,31069,16557,12964,8613,6550,3593,4064,913,9675,6953,5934,4746,4261,677,1188,1019,437,325,120,582,2722,1902,899,1227,820,-888888888,-888888888,-888888888,-888888888,-888888888,-888888888,-888888888,-888888888,-888888888,-888888888,-888888888,-888888888,-888888888,-888888888,-888888888,-888888888,-888888888,-888888888,-888888888
2013,Hickory County; Missouri,8056,3654,3654,3082,572,0,4402,3654,-888888888,4120,1944,1944,1689,517,347,1050,760,3002,2445,281,0,19,44,213,32.6,3082,730,607,804,483,458,3082,154,276,220,70,542,176,83,135,137,607,268,188,226,29,085,3082,2222,468,384,8,4219,493,507,728,725,696,566,321,144,32,7,29325,37791,2408,36486,2224,16875,1205,18129,298,7641,145,2301,767,2826,199,172,444,524,561,474,301,117,32,2,36457,44446,17361,1393,17031,22748,18941,31769,22610,9410,7537,5041,4957,1873,1675,215,4923,3171,2654,1779,1649,246,875,517,133,103,90,384,1752,1353,666,859,399,-888888888,-888888888,-888888888,-888888888,-888888888,-888888888,-888888888,-888888888,-888888888,-888888888,-888888888,-888888888,-888888888,-888888888,-888888888,-888888888,-888888888,-888888888,-888888888
2013,Lincoln County; Missouri,40201,26878,26855,23584,3271,23,13323,26855,-888888888,20377,12775,12771,11505,4440,3002,9370,6795,23027,19158,2678,79,273,178,661,34.1,23584,6130,3903,6044,3619,3888,23584,398,2623,3775,653,3083,1309,422,1573,1773,4515,1682,1127,651,29,113,23584,20125,2165,1294,0,18714,1052,807,2048,1875,2918,4145,3107,2075,440,247,52835,60782,15126,60207,5273,17556,4030,18325,807,10494,574,4670,2529,13476,459,448,1023,1131,2174,3321,2502,1768,403,247,59074,67629,22063,5238,30896,38955,27095,46538,31752,52579,46310,37592,14593,6269,14535,809,32269,25385,22384,19316,18539,1471,3068,3001,1801,1392,507,1200,6884,5692,3687,2659,1192,-888888888,-888888888,-888888888,-888888888,-888888888,-888888888,-888888888,-888888888,-888888888,-888888888,-888888888,-888888888,-888888888,-888888888,-888888888,-888888888,-888888888,-888888888,-888888888
2013,Monroe County; Missouri,6975,3972,3972,3726,246,0,3003,3972,-888888888,3510,1849,1849,1747,573,390,1312,991,3700,2908,467,6,68,61,190,25.9,3726,962,677,821,430,836,3726,197,242,640,120,375,292,90,168,194,878,196,160,174,29,137,3726,2854,534,338,0,3497,192,291,450,509,661,759,379,193,49,14,40657,49071,2436,49398,1364,16906,719,16354,186,10353,65,1888,303,2294,50,89,191,282,459,648,363,158,49,5,53116,58242,20331,1203,22699,30333,25033,35471,25986,8660,7375,5685,2960,1285,2031,196,5030,3644,3438,2815,2736,127,623,206,120,108,22,86,1386,1006,575,530,380,-888888888,-888888888,-888888888,-888888888,-888888888,-888888888,-888888888,-888888888,-888888888,-888888888,-888888888,-888888888,-888888888,-888888888,-888888888,-888888888,-888888888,-888888888,-888888888
2013,Newton County; Missouri,45580,28061,28022,25995,2027,39,17519,28022,-888888888,23265,13067,13067,12122,4347,2826,9514,6701,25624,20387,3253,14,344,502,1124,20.9,25995,7638,4283,6766,2676,4632,25995,733,1651,4304,807,3158,1529,544,871,2066,6011,2160,1137,1024,29,145,25995,20998,2933,2042,22,22045,1517,1537,2986,3063,3586,4072,2631,1761,370,522,42268,58491,16663,60786,7348,16358,4251,17058,1062,8739,557,1994,2663,15801,648,604,1816,2040,2699,3352,2289,1610,284,459,50565,65789,22341,6244,24495,36397,24851,38297,30965,57843,48355,37724,18320,9488,14697,1293,34148,25987,24156,19305,18653,1273,4851,1831,760,553,229,1071,8161,5929,3618,2989,2232,-888888888,-888888888,-888888888,-888888888,-888888888,-888888888,-888888888,-888888888,-888888888,-888888888,-888888888,-888888888,-888888888,-888888888,-888888888,-888888888,-888888888,-888888888,-888888888
2013,Pike County; Missouri,14875,7971,7909,7310,599,62,6904,7909,-888888888,6522,3784,3726,3484,1258,999,2668,2117,7303,5775,842,12,149,176,349,21.3,7310,1766,1444,1757,1050,1293,7310,377,495,1055,264,976,271,112,432,460,1495,446,339,588,29,163,7310,5623,1079,584,24,6559,527,497,997,883,964,1225,798,473,152,43,39850,51661,4896,53007,2317,15716,1229,15953,424,7879,209,1940,985,4524,267,158,457,666,618,1053,691,432,152,30,52000,60361,18650,2035,21250,29835,25109,38024,30674,16278,14049,10532,5802,2229,4090,293,9507,7252,6730,5626,5224,612,1104,522,194,135,67,328,2255,1754,888,1018,501,-888888888,-888888888,-888888888,-888888888,-888888888,-888888888,-888888888,-888888888,-888888888,-888888888,-888888888,-888888888,-888888888,-888888888,-888888888,-888888888,-888888888,-888888888,-888888888
2013,St. Charles County; Missouri,283209,204017,203691,189799,13892,326,79192,203691,-888888888,145561,97527,97510,91536,28131,19944,61837,47992,186859,162758,11574,317,1934,1721,8555,24.9,189799,78018,28428,51669,14292,17392,189799,1211,12255,24973,6746,23281,8795,4417,18338,19308,40578,16446,7773,5678,29,183,189799,165385,16898,7294,222,135974,3572,3844,9444,10568,17211,27029,22216,26325,9589,6176,71077,83957,114029,84413,34516,19072,26672,20922,3383,10002,1862,3806,7392,98782,1635,1493,4010,5567,9974,19659,18206,23555,9110,5573,83907,95788,31586,37192,39979,49110,37164,60827,42218,363027,336922,308341,64577,26105,92335,3362,228594,192390,179775,165594,163706,4150,14181,12615,8221,7192,1258,4394,36204,32201,27526,7157,4003,-888888888,-888888888,-888888888,-888888888,-888888888,-888888888,-888888888,-888888888,-888888888,-888888888,-888888888,-888888888,-888888888,-888888888,-888888888,-888888888,-888888888,-888888888,-888888888
2013,Cape Girardeau County; Missouri,61146,39948,39860,36929,2931,88,21198,39860,-888888888,31978,19669,19669,18278,5573,4108,10323,7852,36126,30017,3693,120,847,665,784,18.6,36929,11549,6775,10229,3688,4688,36929,522,2458,4224,929,4776,1480,676,2175,2518,10537,3795,1613,1226,29,031,36929,29846,4868,2145,70,29411,2395,1812,3353,3425,4876,5833,3446,2728,1036,507,46516,60091,22994,60148,8653,16734,5099,20533,1402,9082,663,2382,3566,19274,873,581,1673,1931,3137,4441,2920,2369,917,432,57604,70467,23751,10137,27335,37874,25060,40944,31757,75028,66246,53847,21500,8782,16557,833,48338,37612,34861,29826,28846,1608,5035,2751,1618,1057,586,1133,10726,8950,6213,3719,1776,-888888888,-888888888,-888888888,-888888888,-888888888,-888888888,-888888888,-888888888,-888888888,-888888888,-888888888,-888888888,-888888888,-888888888,-888888888,-888888888,-888888888,-888888888,-888888888
2013,Shelby County; Missouri,4952,3084,3081,2875,206,3,1868,3081,-888888888,2530,1432,1432,1319,437,280,975,741,2848,2162,303,17,138,37,191,22.4,2875,788,507,619,416,545,2875,298,304,312,66,375,132,14,142,137,644,117,209,125,29,205,2875,2101,404,361,9,2597,199,261,463,359,449,437,177,215,28,9,35938,45329,1884,43752,1033,15150,350,18083,164,7963,69,3500,383,1639,51,97,183,211,321,394,170,184,21,7,48274,55228,19331,958,19050,27656,21107,36163,24375,6090,5346,3744,2418,744,1466,76,3498,2743,2542,2088,1940,212,454,201,97,61,37,104,755,645,339,364,110,-888888888,-888888888,-888888888,-888888888,-888888888,-888888888,-888888888,-888888888,-888888888,-888888888,-888888888,-888888888,-888888888,-888888888,-888888888,-888888888,-888888888,-888888888,-888888888
2013,Webster County; Missouri,27548,15688,15655,14347,1308,33,11860,15655,-888888888,13652,6820,6820,6261,3071,1467,6264,3105,14064,11255,2072,49,191,178,319,30.7,14347,3555,2465,3525,2171,2631,14347,539,1472,1750,432,1697,1165,226,655,892,2940,1074,895,610,29,225,14347,11369,1664,1273,41,12668,989,882,1342,1436,2649,2571,1478,821,313,187,44596,55165,9428,56115,4539,16556,2348,17758,883,7684,502,2102,1940,9512,546,238,884,1012,2071,2239,1381,709,250,182,50033,61818,19955,3156,22112,33454,25216,40052,29503,35513,28047,20561,11385,7466,10015,2084,20731,14438,13246,10366,10014,662,2880,1192,560,301,268,632,6293,4423,2541,2403,1870,-888888888,-888888888,-888888888,-888888888,-888888888,-888888888,-888888888,-888888888,-888888888,-888888888,-888888888,-888888888,-888888888,-888888888,-888888888,-888888888,-888888888,-888888888,-888888888
2013,Dent County; Missouri,12458,6515,6511,5880,631,4,5943,6511,-888888888,6332,3084,3084,2831,992,571,2208,1274,5768,4959,406,0,64,171,168,24.1,5880,1403,1284,1430,811,952,5880,360,326,592,185,1010,225,46,211,171,1599,560,318,277,29,065,5880,4448,959,461,12,5858,687,394,878,863,1084,1023,667,128,58,76,36311,45967,3903,45001,2338,15467,1568,17322,551,8880,164,3754,1064,4217,256,121,608,654,873,829,620,122,58,76,42356,53413,18544,1641,16817,22927,24234,36971,26748,15459,12599,8136,6759,2860,3572,339,9030,6094,5491,3932,3566,491,1559,603,294,171,144,309,2936,2283,931,1667,653,-888888888,-888888888,-888888888,-888888888,-888888888,-888888888,-888888888,-888888888,-888888888,-888888888,-888888888,-888888888,-888888888,-888888888,-888888888,-888888888,-888888888,-888888888,-888888888
2013,Atchison County; Missouri,4640,2886,2879,2712,167,7,1754,2879,-888888888,2364,1300,1300,1230,366,243,684,557,2681,2152,260,5,104,21,139,18.1,2712,888,457,556,339,472,2712,371,129,267,31,294,346,30,125,87,607,149,184,92,29,005,2712,1967,375,366,4,2448,146,152,345,313,415,463,304,237,18,55,44426,55405,1849,54459,949,16349,380,17074,129,9102,36,1331,199,1524,48,31,156,183,250,355,257,186,18,40,54247,64544,24748,924,26990,38977,26907,42399,29107,5430,4670,3781,1816,760,1072,77,3180,2580,2423,1935,1883,120,488,157,82,36,48,75,600,480,311,212,120,-888888888,-888888888,-888888888,-888888888,-888888888,-888888888,-888888888,-888888888,-888888888,-888888888,-888888888,-888888888,-888888888,-888888888,-888888888,-888888888,-888888888,-888888888,-888888888
2013,Bates County; Missouri,13264,8005,7965,7233,732,40,5259,7965,-888888888,6887,3782,3782,3480,1150,689,2629,1807,7053,5391,1059,7,187,52,357,28.5,7233,1873,1315,1755,1154,1136,7233,462,751,668,140,1314,419,60,262,468,1716,269,424,280,29,013,7233,5512,1006,685,30,6832,602,611,1030,960,999,1046,811,608,92,73,38579,50557,4940,50706,2608,16096,1362,15557,474,9280,362,4062,1090,4529,250,265,477,573,686,800,737,609,69,63,50469,60835,21047,2303,20443,27877,24040,40567,29384,16531,14084,10693,6022,2447,4113,389,9558,7235,6576,5359,5039,590,1217,659,361,319,90,298,2323,1780,999,975,543,-888888888,-888888888,-888888888,-888888888,-888888888,-888888888,-888888888,-888888888,-888888888,-888888888,-888888888,-888888888,-888888888,-888888888,-888888888,-888888888,-888888888,-888888888,-888888888
2013,Benton County; Missouri,16044,7238,7238,6646,592,0,8806,7238,-888888888,8055,3416,3416,3117,866,395,2230,1418,6406,4973,715,27,200,91,400,29.0,6646,1815,1224,1546,905,1156,6646,254,736,780,154,760,496,111,278,435,1374,543,429,296,29,015,6646,4753,1075,774,44,8225,781,802,1414,1327,1209,1411,693,461,61,66,32951,44819,4685,43386,4243,18342,2456,17650,457,7973,276,4396,1407,5756,392,320,761,950,963,1189,608,446,61,66,42896,52915,19717,2469,18824,24773,21457,35938,27474,18795,16186,11008,9203,2609,3406,378,10554,6504,5989,4911,4574,624,1078,515,271,123,160,244,4050,3167,1701,1921,883,-888888888,-888888888,-888888888,-888888888,-888888888,-888888888,-888888888,-888888888,-888888888,-888888888,-888888888,-888888888,-888888888,-888888888,-888888888,-888888888,-888888888,-888888888,-888888888
2013,Carter County; Missouri,4939,2862,2862,2580,282,0,2077,2862,-888888888,2585,1522,1522,1414,522,291,892,613,2567,2021,279,0,43,52,172,23.5,2580,870,610,483,199,418,2580,81,138,329,5,308,110,20,63,169,867,280,132,78,29,035,2580,1760,529,291,0,2426,243,289,481,340,365,218,257,159,14,60,30962,44627,1672,48682,1141,14110,328,12600,130,6992,54,1841,439,1521,111,86,222,237,285,157,243,140,14,26,40597,51777,18245,905,17807,29497,20039,34570,32530,6224,5165,3058,2733,1059,1527,53,3676,2638,2364,1742,1566,221,622,274,141,103,38,133,1038,815,278,584,223,-888888888,-888888888,-888888888,-888888888,-888888888,-888888888,-888888888,-888888888,-888888888,-888888888,-888888888,-888888888,-888888888,-888888888,-888888888,-888888888,-888888888,-888888888,-888888888
2013,Dade County; Missouri,6271,3503,3500,3236,264,3,2768,3500,-888888888,3143,1633,1633,1549,426,262,1195,811,3174,2472,413,7,135,46,101,24.9,3236,985,533,736,414,568,3236,286,216,552,154,393,171,12,125,161,741,191,124,110,29,057,3236,2333,484,391,28,3175,288,340,530,409,549,543,293,148,30,45,35483,48083,2232,49206,1309,16462,635,15265,193,8354,117,3484,400,2177,129,158,239,321,380,504,249,130,28,39,44175,57394,20034,998,19304,25636,21591,34298,27586,7609,6198,4122,3100,1411,1712,165,4337,3259,3027,2244,2167,162,783,232,74,38,36,158,1078,773,426,472,305,-888888888,-888888888,-888888888,-888888888,-888888888,-888888888,-888888888,-888888888,-888888888,-888888888,-888888888,-888888888,-888888888,-888888888,-888888888,-888888888,-888888888,-888888888,-888888888
2013,Linn County; Missouri,9983,5384,5383,5037,346,1,4599,5383,-888888888,5251,2563,2563,2454,898,628,2014,1472,5015,3965,639,1,55,76,279,17.7,5037,1426,746,1260,513,1092,5037,227,330,742,208,703,216,434,173,171,1023,341,242,227,29,115,5037,4012,546,466,13,4854,494,401,711,612,821,908,402,378,31,96,38250,52897,3341,57174,1929,16276,889,16674,437,6512,70,2653,522,3173,199,109,342,419,593,747,341,296,31,96,47327,64265,21015,1681,20619,30361,24814,38212,28153,12469,10861,8433,4557,1608,3045,384,7103,4956,4642,4024,3851,369,618,314,187,114,76,127,2147,1668,943,911,479,-888888888,-888888888,-888888888,-888888888,-888888888,-888888888,-888888888,-888888888,-888888888,-888888888,-888888888,-888888888,-888888888,-888888888,-888888888,-888888888,-888888888,-888888888,-888888888
2013,Howell County; Missouri,31326,17342,17327,15814,1513,15,13984,17327,-888888888,16383,8209,8209,7547,3112,1774,6528,4220,15540,13188,1228,12,348,159,605,19.6,15814,4224,2713,3641,1811,3425,15814,357,1010,2659,378,1924,1023,159,533,468,4840,963,839,661,29,091,15814,12051,2446,1273,44,15796,2091,1537,2603,2112,2533,2639,1161,782,177,161,32533,42953,10528,46207,6110,15126,2805,17692,1305,7802,483,3548,3066,10883,872,925,1353,1507,1943,2257,1024,696,174,132,41181,50072,17416,4913,17408,25717,22035,33319,26173,39962,33750,22301,16448,6212,10111,734,23132,16242,14849,11821,11018,1176,3028,1393,636,293,347,757,6890,5238,2507,3248,1652,-888888888,-888888888,-888888888,-888888888,-888888888,-888888888,-888888888,-888888888,-888888888,-888888888,-888888888,-888888888,-888888888,-888888888,-888888888,-888888888,-888888888,-888888888,-888888888
2013,Johnson County; Missouri,42758,28124,25244,23006,2238,2880,14634,25244,-888888888,20949,12569,12151,11265,4325,2420,7042,4591,25489,20852,2331,57,1285,270,694,22.7,23006,6776,5169,5165,2974,2922,23006,494,1559,2660,315,2627,995,373,1047,1185,6248,2239,973,2291,29,101,23006,15672,5746,1518,70,20092,1697,1081,2671,2227,2904,4182,2716,1978,400,236,47223,56038,16890,51775,4739,17130,3920,22764,701,8180,395,4312,2309,13189,515,342,1184,1331,1910,3182,2263,1912,348,202,58641,67510,21547,6903,24828,32327,22748,38876,30037,50083,44089,37545,12361,5994,12056,778,32526,23895,21828,18594,18212,1056,3234,2067,1371,1030,433,696,8631,7381,6094,1917,1250,-888888888,-888888888,-888888888,-888888888,-888888888,-888888888,-888888888,-888888888,-888888888,-888888888,-888888888,-888888888,-888888888,-888888888,-888888888,-888888888,-888888888,-888888888,-888888888
2013,Laclede County; Missouri,27894,16456,16365,14680,1685,91,11438,16365,-888888888,14319,7613,7613,6873,2881,1724,5416,3748,14562,11939,1792,14,263,180,374,21.6,14680,3278,2739,3232,1479,3952,14680,521,732,3989,239,1964,566,191,585,723,2464,1218,764,724,29,105,14680,11440,1907,1310,23,13912,1349,767,2241,2001,2430,2630,1205,873,232,184,39013,48925,10343,46501,4927,15162,3082,21158,944,7755,491,2259,2642,10042,919,339,1397,1202,2004,2025,1028,796,186,146,43826,53324,19553,3870,22826,32562,23043,34974,25068,35113,28909,19945,13484,6204,8825,774,20809,15017,13491,10455,9865,898,3036,1526,589,412,191,937,5792,4364,2238,2617,1428,-888888888,-888888888,-888888888,-888888888,-888888888,-888888888,-888888888,-888888888,-888888888,-888888888,-888888888,-888888888,-888888888,-888888888,-888888888,-888888888,-888888888,-888888888,-888888888
2013,Maries County; Missouri,7226,4215,4208,3790,418,7,3011,4208,-888888888,3635,1953,1953,1746,600,434,1365,982,3700,2752,548,13,63,55,269,28.2,3790,1065,591,831,446,857,3790,192,318,546,49,401,344,24,231,228,766,156,177,358,29,125,3790,2657,720,413,0,3749,307,197,583,485,520,950,305,257,100,45,42566,52066,2577,53047,1592,15018,1013,20298,158,8411,57,1916,404,2601,144,61,271,315,343,816,285,221,100,45,55331,61871,22026,1148,21071,27322,26901,36127,30221,9012,7760,5934,3181,1252,2116,146,5261,3958,3556,2912,2770,205,644,402,197,150,59,205,1303,1046,535,620,257,-888888888,-888888888,-888888888,-888888888,-888888888,-888888888,-888888888,-888888888,-888888888,-888888888,-888888888,-888888888,-888888888,-888888888,-888888888,-888888888,-888888888,-888888888,-888888888
2013,Phelps County; Missouri,36249,20851,20733,19144,1589,118,15398,20733,-888888888,17267,9425,9404,8653,2987,1929,6152,4230,18604,14642,2151,67,702,330,712,19.2,19144,6808,3350,4824,1546,2616,19144,362,1044,1713,360,2745,830,219,769,921,6045,1959,977,1200,29,161,19144,13890,3984,1263,7,16699,1610,1120,2228,2054,2682,3336,1540,1475,319,335,41964,55260,12664,54519,5212,14626,3627,24848,949,7422,491,2603,2020,10685,517,330,986,1249,1773,2611,1331,1301,291,296,54015,67874,21173,6014,22732,30855,20836,41967,27159,44108,38519,31100,12826,5589,9548,918,28592,19459,18052,15275,14603,1250,2777,1407,820,620,211,587,9133,7853,6028,2441,1280,-888888888,-888888888,-888888888,-888888888,-888888888,-888888888,-888888888,-888888888,-888888888,-888888888,-888888888,-888888888,-888888888,-888888888,-888888888,-888888888,-888888888,-888888888,-888888888
2013,Platte County; Missouri,71281,51526,50957,47815,3142,569,19755,50957,-888888888,36320,24457,24420,22908,7045,5273,14511,11217,47563,39717,4269,341,399,563,2274,23.3,47815,19742,7095,12533,3034,5411,47815,406,2224,4389,1535,6015,3273,1402,4026,6133,9814,4143,1719,2736,29,165,47815,39306,6176,2300,33,36781,1618,909,2979,3179,4902,6587,5341,6718,2525,2023,67721,85629,31067,84577,8546,19498,6634,23631,1151,9410,475,3876,2136,24719,579,315,1394,1601,2679,4251,4089,5751,2270,1790,83110,100811,35143,12062,41373,52354,38363,57715,42101,89803,82810,74539,18051,6993,22161,678,57271,47951,45283,40992,39989,1882,4291,2668,1683,1305,458,985,9320,8363,6928,2052,957,-888888888,-888888888,-888888888,-888888888,-888888888,-888888888,-888888888,-888888888,-888888888,-888888888,-888888888,-888888888,-888888888,-888888888,-888888888,-888888888,-888888888,-888888888,-888888888
2013,St. Francois County; Missouri,53130,27506,27490,24659,2831,16,25624,27490,-888888888,24152,13415,13415,12307,4316,3085,8430,6451,24163,20231,2833,21,267,338,473,25.5,24659,6841,5416,5530,2603,4269,24659,265,1810,2954,687,3627,1430,138,908,1644,6586,1440,992,2178,29,187,24659,18435,5145,1057,22,24654,2633,2058,3428,3439,3897,4341,2437,1883,303,235,37238,48466,17123,51437,8558,16039,5405,17541,2191,8092,766,2545,5344,16013,1010,663,1868,1969,3002,3249,2055,1688,274,235,46537,58070,18544,8641,20870,28793,23185,37832,27911,57998,50224,37229,21647,7774,13890,650,35254,26006,23395,19118,18231,1536,4277,2611,1316,879,499,1295,9248,7696,3761,4925,1552,-888888888,-888888888,-888888888,-888888888,-888888888,-888888888,-888888888,-888888888,-888888888,-888888888,-888888888,-888888888,-888888888,-888888888,-888888888,-888888888,-888888888,-888888888,-888888888
2013,St. Louis city; Missouri,259965,170072,169948,145581,24367,124,89893,169948,-888888888,136109,85699,85655,73884,23892,17542,37597,29762,142895,101563,14036,13972,6115,2938,4271,23.9,145581,54015,35469,33267,7720,15110,145581,513,5460,11376,3311,13050,6787,3510,9420,16398,40133,19752,7226,8645,29,510,145581,119780,19640,5974,187,140652,22469,11959,19090,17469,19828,21103,11874,10813,3495,2552,34582,50431,105554,54992,36094,13964,18063,18026,10793,8231,5254,2631,36032,65731,7598,3966,7399,8293,8944,10934,7091,7230,2521,1755,43627,61545,23048,74921,26487,39367,26645,41819,35507,314135,256818,172485,109761,57317,66240,4582,214014,162549,139336,111603,104642,9988,27733,23213,10629,4490,6615,12584,51465,39294,18834,23102,12171,-888888888,-888888888,-888888888,-888888888,-888888888,-888888888,-888888888,-888888888,-888888888,-888888888,-888888888,-888888888,-888888888,-888888888,-888888888,-888888888,-888888888,-888888888,-888888888
2013,Andrew County; Missouri,13804,9350,9322,8667,655,28,4454,9322,-888888888,7093,4491,4491,4309,979,795,2735,2230,8611,7202,804,8,124,58,415,23.3,8667,2727,1614,2016,972,1338,8667,276,827,1310,206,801,493,101,399,417,2191,712,383,551,29,003,8667,6420,1472,716,59,6691,300,374,657,978,831,1323,1032,923,138,135,54336,64793,5178,67781,2163,17613,1193,16305,202,9947,92,2521,474,4687,99,93,308,570,584,1026,921,830,134,122,67006,75761,25302,2004,27335,35376,30621,47027,31946,17074,15187,12900,4460,1887,4073,204,10316,8705,8085,6963,6720,395,1122,620,282,258,24,338,1611,1388,1021,489,223,-888888888,-888888888,-888888888,-888888888,-888888888,-888888888,-888888888,-888888888,-888888888,-888888888,-888888888,-888888888,-888888888,-888888888,-888888888,-888888888,-888888888,-888888888,-888888888
2013,Butler County; Missouri,33993,19540,19519,17653,1866,21,14453,19519,-888888888,17875,9879,9879,9003,2874,2024,6290,4746,17225,14526,1723,85,151,279,461,16.9,17653,4595,3566,4194,1593,3705,17653,295,906,3013,482,1693,982,175,751,695,5448,1376,1008,829,29,023,17653,13529,2790,1323,11,17085,1861,1503,2845,2342,2874,2742,1452,911,290,265,34969,47010,11992,48284,6681,14490,2950,18470,1593,9199,688,2284,3943,11271,715,616,1574,1495,1846,2324,1309,850,290,252,43135,56737,19246,5814,20777,26205,23010,35909,27806,42244,36040,24021,17920,6204,9978,452,25353,18163,16496,13076,12137,1424,3420,1667,811,287,551,856,7190,5747,2473,3812,1443,-888888888,-888888888,-888888888,-888888888,-888888888,-888888888,-888888888,-888888888,-888888888,-888888888,-888888888,-888888888,-888888888,-888888888,-888888888,-888888888,-888888888,-888888888,-888888888
2013,Carroll County; Missouri,7328,4453,4435,4117,318,18,2875,4435,-888888888,3824,2044,2044,1866,566,326,1488,1051,4092,3205,448,17,149,41,232,24.4,4117,1098,789,871,653,706,4117,429,369,505,93,481,296,45,258,139,938,253,116,195,29,033,4117,3023,532,524,38,3613,238,251,515,454,499,647,533,346,57,73,46002,58957,2683,59880,1422,14671,660,17072,145,9141,85,1072,325,2474,56,85,256,298,327,518,521,286,54,73,61400,71513,24073,1139,22102,28264,26281,43875,26840,9115,8012,6472,2925,1103,2193,166,5210,4035,3742,3069,2936,236,673,293,223,126,110,70,1175,998,651,438,177,-888888888,-888888888,-888888888,-888888888,-888888888,-888888888,-888888888,-888888888,-888888888,-888888888,-888888888,-888888888,-888888888,-888888888,-888888888,-888888888,-888888888,-888888888,-888888888
2013,Daviess County; Missouri,6407,3784,3782,3552,230,2,2623,3782,-888888888,3214,1758,1756,1693,664,296,1364,713,3487,2528,544,4,75,142,194,28.9,3552,1088,645,767,508,544,3552,461,296,336,47,467,251,46,197,90,793,216,151,201,29,061,3552,2374,613,555,10,3151,250,205,418,445,482,703,314,218,76,40,42393,51989,2312,53719,1103,16918,697,17682,156,7735,128,2268,314,2258,144,62,240,267,365,597,258,209,76,40,51500,59703,19890,893,24317,28579,26113,35561,30867,8211,6266,4947,2611,1945,2179,538,4595,3422,3201,2415,2330,171,786,221,77,53,33,144,1173,728,457,389,445,-888888888,-888888888,-888888888,-888888888,-888888888,-888888888,-888888888,-888888888,-888888888,-888888888,-888888888,-888888888,-888888888,-888888888,-888888888,-888888888,-888888888,-888888888,-888888888
2013,Holt County; Missouri,3916,2446,2446,2321,125,0,1470,2446,-888888888,1998,1141,1141,1077,323,206,568,424,2294,1794,281,0,94,12,113,20.3,2321,689,487,434,354,357,2321,315,161,278,47,203,118,29,142,97,572,217,81,61,29,087,2321,1679,308,330,4,2218,142,158,321,257,362,627,219,81,18,33,42979,51559,1690,49922,802,15932,393,18587,95,6987,53,3126,192,1473,46,47,143,138,281,489,205,74,18,32,53578,62242,24127,745,21875,29471,24483,38958,28750,4658,4027,3257,1589,631,934,50,2781,2279,2169,1766,1662,142,403,110,57,35,25,53,502,386,257,180,116,-888888888,-888888888,-888888888,-888888888,-888888888,-888888888,-888888888,-888888888,-888888888,-888888888,-888888888,-888888888,-888888888,-888888888,-888888888,-888888888,-888888888,-888888888,-888888888
2013,Christian County; Missouri,59689,40434,40361,37289,3072,73,19255,40361,-888888888,30911,19194,19194,18089,6779,4540,13441,10186,36782,30020,4152,47,202,536,1825,25.6,37289,13403,6222,10028,3260,4376,37289,288,2376,3160,1220,5411,1907,551,2714,3021,9535,3448,2146,1512,29,043,37289,29721,4850,2663,55,29652,1396,1044,3272,3310,4886,6538,3799,3409,1189,809,52838,66571,24160,66253,8666,17263,5160,19917,889,8476,519,3954,3012,22601,761,353,1837,2128,3862,5403,3292,3131,1098,736,60493,74206,25134,7051,29533,39711,29434,44373,33087,78180,67978,56085,20215,10202,21181,1335,47139,38138,35287,29794,28901,1686,5493,2851,1305,900,484,1546,9001,7216,5272,2668,1785,-888888888,-888888888,-888888888,-888888888,-888888888,-888888888,-888888888,-888888888,-888888888,-888888888,-888888888,-888888888,-888888888,-888888888,-888888888,-888888888,-888888888,-888888888,-888888888
2013,Ripley County; Missouri,11251,6313,6299,5501,798,14,4938,6299,-888888888,5776,2981,2981,2710,999,690,1982,1317,5222,4231,746,19,117,39,70,22.0,5501,1280,1316,1147,674,1084,5501,198,322,797,85,535,316,40,240,214,1876,406,226,246,29,181,5501,3981,1041,479,0,5544,472,481,1299,787,889,1091,325,135,37,28,32291,40121,3748,39745,2414,14828,821,19407,581,8598,207,1613,1271,3892,193,272,808,583,707,904,267,93,37,28,37009,44735,16408,1652,18246,26770,19193,28229,22806,13970,11426,6291,6851,2544,3297,183,8102,5812,5062,3584,3208,524,1478,750,351,151,220,399,2290,1813,437,1500,477,-888888888,-888888888,-888888888,-888888888,-888888888,-888888888,-888888888,-888888888,-888888888,-888888888,-888888888,-888888888,-888888888,-888888888,-888888888,-888888888,-888888888,-888888888,-888888888
2013,Warren County; Missouri,25514,17145,17138,15323,1815,7,8369,17138,-888888888,12844,8205,8205,7373,2569,2025,5265,4009,15041,12254,1874,11,289,65,548,30.8,15323,3951,2636,3778,2179,2779,15323,312,1647,2450,349,1859,906,271,710,1203,3214,1188,927,287,29,219,15323,13107,1424,774,18,12572,564,530,1369,1461,2212,2488,1763,1459,421,305,50830,64428,9934,62321,4382,17836,2693,20404,566,8263,416,3762,1990,9085,264,411,552,899,1363,1942,1638,1308,403,305,64196,74250,24692,3487,30586,35038,28174,48463,32212,32477,29348,23525,10435,3129,8110,401,19367,15794,14158,12591,12117,1017,1567,1636,1029,821,333,607,3573,3019,2068,1321,554,-888888888,-888888888,-888888888,-888888888,-888888888,-888888888,-888888888,-888888888,-888888888,-888888888,-888888888,-888888888,-888888888,-888888888,-888888888,-888888888,-888888888,-888888888,-888888888
2013,Washington County; Missouri,19900,10357,10357,8902,1455,0,9543,10357,-888888888,9652,4816,4816,4277,1761,1169,3689,2335,8703,6946,1275,48,122,165,147,33.1,8902,1726,2053,1824,1466,1833,8902,366,978,1341,96,1117,420,144,175,328,2223,786,461,467,29,221,8902,6725,1581,594,2,9199,915,879,1488,1344,1750,1386,768,526,65,78,34702,45903,6267,47844,3358,15716,2341,13911,928,8354,412,2453,2214,6515,376,264,1014,988,1308,1192,724,518,53,78,41108,54393,17703,2684,17500,23731,22354,35743,27375,24067,19930,12478,10107,4137,5894,311,14829,9808,8513,6503,6027,791,2010,1295,597,309,303,698,5021,3903,1506,2737,1118,-888888888,-888888888,-888888888,-888888888,-888888888,-888888888,-888888888,-888888888,-888888888,-888888888,-888888888,-888888888,-888888888,-888888888,-888888888,-888888888,-888888888,-888888888,-888888888
2013,DeKalb County; Missouri,10965,4717,4708,4360,348,9,6248,4708,-888888888,3879,2343,2343,2203,613,456,1439,1248,4319,3474,513,57,76,74,125,23.7,4360,1093,967,958,483,859,4360,264,238,528,102,519,179,40,258,248,1063,292,185,444,29,063,4360,3145,826,386,3,3769,252,300,503,480,583,799,467,290,47,48,44092,54206,2736,57056,1430,15939,856,14566,249,7520,104,4614,381,2531,92,109,162,298,396,698,435,277,41,23,57163,61924,16635,1238,21429,38005,25254,39016,31494,9347,8287,6843,2970,1060,2238,141,5441,4289,3965,3492,3336,227,473,324,160,138,34,164,1152,870,437,535,282,-888888888,-888888888,-888888888,-888888888,-888888888,-888888888,-888888888,-888888888,-888888888,-888888888,-888888888,-888888888,-888888888,-888888888,-888888888,-888888888,-888888888,-888888888,-888888888
2013,Harrison County; Missouri,6902,4072,4072,3784,288,0,2830,4072,-888888888,3538,1877,1877,1758,777,487,1287,973,3710,3028,353,5,132,26,166,21.2,3784,1000,763,844,546,631,3784,455,325,323,82,538,200,53,177,123,731,286,198,293,29,081,3784,2667,638,460,19,3515,270,346,514,484,658,582,410,191,29,31,37739,47826,2579,48478,1513,13965,613,13435,194,8506,122,1913,505,2319,155,98,241,326,508,421,362,159,29,20,44691,54314,19468,1196,21964,33633,22967,35508,27877,8702,7467,5167,3802,1235,2175,181,4779,3676,3401,2736,2502,307,665,275,125,62,73,150,1103,906,412,621,197,-888888888,-888888888,-888888888,-888888888,-888888888,-888888888,-888888888,-888888888,-888888888,-888888888,-888888888,-888888888,-888888888,-888888888,-888888888,-888888888,-888888888,-888888888,-888888888
2013,Lafayette County; Missouri,26200,16715,16702,15483,1219,13,9485,16702,-888888888,13245,7776,7776,7245,2078,1654,5366,4155,15079,11894,1845,85,285,377,593,26.5,15483,4396,2693,3280,2341,2773,15483,559,1281,2264,487,1400,1013,179,921,984,3704,1090,747,854,29,107,15483,11640,2747,1057,39,13117,601,724,1407,1581,2186,2824,1867,1544,287,96,50527,59158,9949,59240,4456,17657,3199,17989,647,8432,447,4779,1537,9248,234,223,623,992,1525,2201,1674,1422,258,96,65057,68577,23637,3869,27190,34327,29649,44435,32277,32590,28843,24087,9560,3747,7925,352,19498,15551,14521,12561,12139,655,1960,1030,526,352,186,504,3947,3016,1885,1451,931,-888888888,-888888888,-888888888,-888888888,-888888888,-888888888,-888888888,-888888888,-888888888,-888888888,-888888888,-888888888,-888888888,-888888888,-888888888,-888888888,-888888888,-888888888,-888888888
2013,Adair County; Missouri,21294,11928,11928,11123,805,0,9366,11928,-888888888,11343,6007,6007,5590,1573,945,2990,2221,10888,8630,940,55,775,210,278,16.7,11123,4080,2080,2684,1003,1276,11123,302,568,878,90,1427,528,249,463,676,3782,1285,465,410,29,001,11123,8352,2098,658,15,9648,1519,813,1365,1164,1262,1552,718,779,342,134,34733,49296,7522,48561,2923,15820,1372,21952,468,8359,186,2421,1143,5501,275,221,626,617,753,1245,614,686,364,100,54609,66579,19258,4147,16569,25425,15685,38413,30241,25248,22153,17816,7214,3095,4832,326,17216,11100,10317,8643,8302,667,1674,783,412,260,158,371,6116,5397,4368,1262,719,-888888888,-888888888,-888888888,-888888888,-888888888,-888888888,-888888888,-888888888,-888888888,-888888888,-888888888,-888888888,-888888888,-888888888,-888888888,-888888888,-888888888,-888888888,-888888888
2013,Scotland County; Missouri,3631,2269,2269,2173,96,0,1362,2269,-888888888,1868,1027,1027,1003,427,219,875,430,2125,1401,305,0,66,62,291,20.7,2173,678,368,386,345,396,2173,259,183,294,21,278,205,14,64,59,484,106,126,80,29,199,2173,1376,375,388,34,1915,224,143,267,249,317,394,157,63,51,50,39028,49993,1478,49819,684,14878,324,13107,115,7061,63,6463,214,1244,82,60,114,163,221,314,127,62,51,50,49328,61593,20363,671,21922,27751,22304,32003,30098,4758,3136,2128,1594,1622,1385,580,2565,2007,1911,1147,1104,77,764,96,74,19,59,22,558,344,161,229,214,-888888888,-888888888,-888888888,-888888888,-888888888,-888888888,-888888888,-888888888,-888888888,-888888888,-888888888,-888888888,-888888888,-888888888,-888888888,-888888888,-888888888,-888888888,-888888888
2013,Sullivan County; Missouri,5193,3015,3007,2797,210,8,2178,3007,-888888888,2563,1417,1417,1313,480,317,986,706,2704,1894,497,4,94,24,191,17.0,2797,668,438,513,337,841,2797,258,143,829,49,245,128,52,122,142,536,98,113,82,29,211,2797,2138,333,310,16,2640,244,264,432,323,473,530,233,96,15,30,36676,45307,1846,46296,1113,14565,488,15371,178,9687,79,1605,447,1751,76,77,190,283,391,403,194,96,15,26,44783,53899,19279,889,18362,25892,23637,36875,28250,6530,5655,4208,2466,875,1562,114,3831,2766,2576,2158,2055,155,418,190,85,67,44,105,1065,827,429,471,238,-888888888,-888888888,-888888888,-888888888,-888888888,-888888888,-888888888,-888888888,-888888888,-888888888,-888888888,-888888888,-888888888,-888888888,-888888888,-888888888,-888888888,-888888888,-888888888
2013,Clark County; Missouri,5548,3312,3293,3083,210,19,2236,3293,-888888888,2787,1482,1482,1405,520,327,1075,764,3055,2478,238,6,102,28,203,25.3,3083,782,433,588,396,884,3083,236,189,718,93,482,205,0,70,122,597,121,92,158,29,045,3083,2269,431,359,24,2749,217,274,415,339,481,481,276,228,23,15,40204,47853,1939,50164,1153,15611,554,15085,89,8422,60,2400,357,1784,66,53,216,199,355,417,235,214,14,15,50288,58268,20279,965,20663,27780,25606,39540,27378,6929,5883,4228,2597,1046,1675,164,4045,2973,2776,2210,2118,148,566,197,122,70,52,75,1072,833,429,494,239,-888888888,-888888888,-888888888,-888888888,-888888888,-888888888,-888888888,-888888888,-888888888,-888888888,-888888888,-888888888,-888888888,-888888888,-888888888,-888888888,-888888888,-888888888,-888888888
2013,Jasper County; Missouri,89705,57927,57816,52998,4818,111,31778,57816,-888888888,46301,27227,27218,25017,9798,6735,18047,13075,52294,43789,4854,127,794,746,1984,18.4,52998,14967,9957,13682,4712,9680,52998,789,2695,9290,1526,7228,2576,1179,2071,3540,12212,5401,3050,1441,29,097,52998,43918,5544,3488,48,44849,3849,3331,6667,5614,7376,8512,4545,3335,974,646,40399,53573,34339,54485,14493,16016,7287,16330,2722,8279,1253,2785,7625,29632,1657,1091,3470,3519,5308,6206,3904,2938,961,578,49154,63556,21124,15217,22723,31081,25104,39706,29863,115728,95942,71944,37391,19786,29944,2974,70668,54611,50137,40336,38504,2802,9801,4474,2092,970,1191,2382,16057,11471,5985,6694,4586,-888888888,-888888888,-888888888,-888888888,-888888888,-888888888,-888888888,-888888888,-888888888,-888888888,-888888888,-888888888,-888888888,-888888888,-888888888,-888888888,-888888888,-888888888,-888888888
2013,Lewis County; Missouri,8048,5097,5094,4725,369,3,2951,5094,-888888888,4063,2498,2498,2284,761,589,1536,1170,4651,3326,635,19,306,42,323,24.1,4725,1132,1096,883,637,977,4725,348,211,837,140,378,305,38,244,201,1287,320,268,148,29,111,4725,3752,526,436,11,3936,330,236,603,409,830,761,434,266,59,8,42071,49836,3077,50102,1404,15353,624,12348,151,7925,116,2191,518,2692,93,70,309,276,642,651,370,221,52,8,49043,58172,19317,1244,20964,30398,21631,36957,26531,9981,8657,6727,3147,1324,2383,275,6042,4640,4292,3741,3588,242,551,348,214,154,60,134,1402,1038,664,428,364,-888888888,-888888888,-888888888,-888888888,-888888888,-888888888,-888888888,-888888888,-888888888,-888888888,-888888888,-888888888,-888888888,-888888888,-888888888,-888888888,-888888888,-888888888,-888888888
2013,McDonald County; Missouri,17345,10299,10294,9271,1023,5,7046,10294,-888888888,8627,4708,4708,4187,1997,1128,4160,2882,9165,7208,1141,11,170,178,457,27.1,9271,1937,1495,2148,1392,2299,9271,407,952,2225,152,1454,475,143,248,639,1328,570,371,307,29,119,9271,7503,932,782,54,8221,921,763,1034,1127,1514,1581,656,484,58,83,37997,46550,5912,49591,2706,14697,1418,19235,395,6789,264,3213,1660,5687,351,270,652,877,1073,1246,625,466,58,69,45172,54240,17505,2534,17110,27177,24888,33883,30784,22748,18488,12600,8667,4260,6321,606,13554,9844,8905,6810,6427,759,2095,939,506,254,256,433,3710,2593,1344,1626,1117,-888888888,-888888888,-888888888,-888888888,-888888888,-888888888,-888888888,-888888888,-888888888,-888888888,-888888888,-888888888,-888888888,-888888888,-888888888,-888888888,-888888888,-888888888,-888888888
2013,Perry County; Missouri,14843,9636,9628,9176,452,8,5207,9628,-888888888,7575,4484,4484,4345,1251,865,3203,2432,9090,7356,1162,31,183,55,303,21.5,9176,2186,1377,2007,1410,2196,9176,479,803,2216,73,1229,442,56,439,501,1637,438,563,300,29,157,9176,7659,853,645,19,7511,291,515,866,962,1243,1734,885,761,100,154,47876,58971,5803,60916,2392,15874,1351,16618,343,8358,51,2396,823,5305,153,78,427,652,811,1441,765,743,94,141,58656,69168,23435,2206,24417,32449,28217,41847,30409,18741,17014,13723,5775,1727,4708,104,11192,8876,8474,7476,7183,480,998,402,209,159,50,193,2316,1884,1261,777,432,-888888888,-888888888,-888888888,-888888888,-888888888,-888888888,-888888888,-888888888,-888888888,-888888888,-888888888,-888888888,-888888888,-888888888,-888888888,-888888888,-888888888,-888888888,-888888888
2013,Polk County; Missouri,24478,14136,14122,12594,1528,14,10342,14122,-888888888,12512,6679,6679,5910,2198,1330,4713,2847,12246,10038,1087,0,391,159,571,24.3,12594,3731,2653,2904,1581,1725,12594,491,755,955,504,1524,853,44,583,863,3900,783,872,467,29,167,12594,9585,1429,1526,54,11937,910,996,1962,1393,1881,2268,1248,926,223,130,39512,51113,8786,50669,4208,16091,2098,19607,756,9237,489,2833,2303,8347,470,468,951,1008,1326,1860,1088,850,209,117,49245,59263,19511,3590,20658,30522,21270,37210,28465,30632,26207,18646,11978,4425,7380,522,18262,13285,11806,9590,9237,715,2216,1479,932,343,664,547,4977,3855,2208,1867,1122,-888888888,-888888888,-888888888,-888888888,-888888888,-888888888,-888888888,-888888888,-888888888,-888888888,-888888888,-888888888,-888888888,-888888888,-888888888,-888888888,-888888888,-888888888,-888888888
2013,Ray County; Missouri,18289,11123,11123,10190,933,0,7166,11123,-888888888,9262,5182,5182,4724,1493,877,3943,2699,9926,8172,1115,70,175,99,295,31.2,10190,2632,1714,2275,1251,2318,10190,223,761,2015,395,943,714,153,460,550,2252,606,645,473,29,177,10190,8179,1457,524,30,8735,409,469,957,1111,1220,1906,1133,1115,309,106,52698,63744,6538,65506,3009,18161,2073,22377,519,9714,197,1733,950,6306,177,157,468,727,820,1541,1052,989,292,83,63014,71594,24549,2429,26197,38663,31868,46963,33538,22958,20940,17213,7090,2018,5726,216,13868,10461,9595,8591,8167,607,1004,866,573,448,189,293,3407,2917,1958,1333,490,-888888888,-888888888,-888888888,-888888888,-888888888,-888888888,-888888888,-888888888,-888888888,-888888888,-888888888,-888888888,-888888888,-888888888,-888888888,-888888888,-888888888,-888888888,-888888888
2013,Marion County; Missouri,22689,13887,13874,12881,993,13,8802,13874,-888888888,11957,6828,6815,6422,2236,1569,4240,3408,12801,10450,1083,31,342,270,625,19.5,12881,3910,2553,2789,1067,2562,12881,407,559,2130,217,1483,780,235,552,741,3449,1222,478,628,29,127,12881,10292,1583,997,9,11203,853,814,1479,1559,1815,2320,1285,731,132,215,42046,55261,8449,57053,3819,16068,1851,16487,954,9202,274,3253,1533,7669,428,303,789,920,1187,1867,1173,688,108,206,52844,65320,21909,3534,25359,30572,24719,39724,30047,27977,24400,18162,9532,3577,6822,329,16934,12723,11805,9822,9341,595,1983,918,435,184,261,483,4211,3455,1964,1872,756,-888888888,-888888888,-888888888,-888888888,-888888888,-888888888,-888888888,-888888888,-888888888,-888888888,-888888888,-888888888,-888888888,-888888888,-888888888,-888888888,-888888888,-888888888,-888888888
2013,Osage County; Missouri,10847,6959,6950,6707,243,9,3888,6950,-888888888,5165,3008,3008,2935,1050,929,2250,1820,6639,4891,1257,4,95,32,360,26.0,6707,1868,783,1841,900,1315,6707,374,648,1215,257,694,381,134,290,272,1126,215,286,815,29,151,6707,4508,1489,567,143,5168,331,181,509,578,856,1216,789,564,127,17,51408,59116,4026,59095,1780,16622,1123,19861,243,8181,108,6398,399,3800,98,103,203,408,571,1051,718,535,104,9,61660,67199,22629,1368,25948,32694,30128,40493,31383,13718,12726,10884,3625,992,3411,44,8284,6577,6343,5807,5666,249,536,234,127,96,42,107,1707,1411,1001,568,296,-888888888,-888888888,-888888888,-888888888,-888888888,-888888888,-888888888,-888888888,-888888888,-888888888,-888888888,-888888888,-888888888,-888888888,-888888888,-888888888,-888888888,-888888888,-888888888
2013,Mercer County; Missouri,2936,1711,1707,1539,168,4,1225,1707,-888888888,1483,792,792,744,349,265,541,358,1506,1089,191,4,52,19,151,21.1,1539,511,234,338,274,182,1539,357,81,93,43,161,88,45,70,36,343,52,78,92,29,129,1539,1005,302,222,10,1575,155,98,269,185,241,295,201,96,32,3,40272,48531,1151,49117,656,15908,262,16291,72,8256,42,2783,166,1077,60,26,126,144,192,235,199,64,28,3,49087,56304,20178,498,19010,29872,25629,37396,28650,3697,3076,2374,1308,621,915,152,2062,1556,1401,1190,1166,69,211,155,77,69,11,78,506,329,206,176,177,-888888888,-888888888,-888888888,-888888888,-888888888,-888888888,-888888888,-888888888,-888888888,-888888888,-888888888,-888888888,-888888888,-888888888,-888888888,-888888888,-888888888,-888888888,-888888888
2013,Wright County; Missouri,14442,7385,7379,6584,795,6,7057,7379,-888888888,7430,3384,3378,3034,1450,948,3014,1618,6370,4731,1000,0,210,80,349,26.0,6584,1660,1289,1437,1061,1137,6584,682,482,995,73,741,444,81,161,208,1644,447,362,264,29,229,6584,4760,862,944,18,7295,871,742,1571,1068,1052,1391,329,230,23,18,28645,36906,5000,36162,2974,14727,1396,17195,608,8178,231,1680,1743,5071,466,312,989,707,812,1216,321,207,23,18,37295,42308,14752,2224,17859,23440,19245,31327,24507,18416,14928,9069,8472,3488,4747,477,10516,6771,6063,4422,3954,669,1641,708,280,141,154,428,3745,2831,1381,1850,914,-888888888,-888888888,-888888888,-888888888,-888888888,-888888888,-888888888,-888888888,-888888888,-888888888,-888888888,-888888888,-888888888,-888888888,-888888888,-888888888,-888888888,-888888888,-888888888
2013,Clay County; Missouri,173705,123532,123330,114925,8405,202,50173,123330,-888888888,89921,59332,59293,55440,18904,12859,36478,28571,113416,96449,9957,1120,1303,956,3631,23.0,114925,43233,18493,29577,8575,15047,114925,703,6274,12388,4298,13156,7164,2810,9784,12742,24007,10619,5434,5546,29,047,114925,95046,14169,5574,136,86934,3325,3319,7085,7903,13219,17964,13284,14058,4106,2671,60936,74715,72411,74988,22443,18291,15462,23013,2481,8943,1712,3659,7046,59138,1423,1331,3206,4521,7539,12307,10639,12076,3737,2359,73380,86120,29406,27796,39135,46965,34492,52893,40329,223436,200893,176975,48442,22543,57402,2666,140649,116648,109063,96764,94923,4086,12299,7585,4234,3225,1112,3351,24001,19889,15468,6224,4112,-888888888,-888888888,-888888888,-888888888,-888888888,-888888888,-888888888,-888888888,-888888888,-888888888,-888888888,-888888888,-888888888,-888888888,-888888888,-888888888,-888888888,-888888888,-888888888
2013,Madison County; Missouri,9814,5508,5508,4687,821,0,4306,5508,-888888888,5051,2631,2631,2250,846,727,1830,1367,4556,3757,446,19,173,51,110,25.7,4687,1074,944,954,625,1090,4687,159,378,648,148,696,330,34,164,288,1016,221,286,319,29,123,4687,3529,810,336,12,4603,305,435,856,646,860,893,379,152,37,40,35870,44110,3033,45313,1948,15922,967,17970,488,8464,83,2498,848,3264,126,224,487,449,672,749,332,148,37,40,39718,50298,17316,1339,20636,27095,20465,30488,24772,12181,10011,6716,4943,2170,2885,235,7104,5107,4443,3343,3168,250,1100,664,271,165,150,393,1997,1555,687,1047,442,-888888888,-888888888,-888888888,-888888888,-888888888,-888888888,-888888888,-888888888,-888888888,-888888888,-888888888,-888888888,-888888888,-888888888,-888888888,-888888888,-888888888,-888888888,-888888888
2013,Vernon County; Missouri,16320,9744,9734,9121,613,10,6576,9734,-888888888,8617,4839,4839,4604,1522,1074,3345,2608,9005,6837,1207,36,318,167,440,17.9,9121,2568,2021,2011,1107,1414,9121,704,504,1058,202,1145,479,130,647,295,2652,547,355,403,29,217,9121,6779,1331,963,48,7999,747,471,1350,1103,1284,1514,703,662,93,72,38679,48913,5916,47118,3235,15600,2024,14639,604,7660,384,2319,1454,5238,371,123,641,637,963,1184,610,561,76,72,48014,57220,19734,2761,21646,31565,21352,33142,26400,20472,16827,11999,7914,3645,5181,620,12057,9017,8472,6418,5971,746,2054,545,173,88,85,372,3040,2441,1270,1366,599,-888888888,-888888888,-888888888,-888888888,-888888888,-888888888,-888888888,-888888888,-888888888,-888888888,-888888888,-888888888,-888888888,-888888888,-888888888,-888888888,-888888888,-888888888,-888888888
2013,Nodaway County; Missouri,19759,12618,12580,11764,816,38,7141,12580,-888888888,9875,6223,6223,5815,1298,1013,2499,1940,11534,8856,1226,15,850,99,488,15.5,11764,3049,2676,2589,1161,2289,11764,587,761,1815,153,1248,358,157,368,477,3315,1733,435,357,29,147,11764,8745,2080,910,29,8599,1037,670,1330,1084,1370,1540,709,675,107,77,36641,46712,6896,45008,2338,15404,1292,20535,281,8083,201,2619,841,4605,149,138,480,489,801,1093,654,631,96,74,56449,63501,18079,3994,20518,25829,14447,37680,30327,22411,19684,16777,5231,2727,4147,489,15405,11818,11056,9566,9218,511,1490,762,529,493,39,233,3587,3083,2526,695,504,-888888888,-888888888,-888888888,-888888888,-888888888,-888888888,-888888888,-888888888,-888888888,-888888888,-888888888,-888888888,-888888888,-888888888,-888888888,-888888888,-888888888,-888888888,-888888888
2013,Chariton County; Missouri,6218,3524,3524,3353,171,0,2694,3524,-888888888,3172,1636,1636,1568,560,422,1048,812,3311,2587,362,8,81,48,225,21.9,3353,910,553,771,474,645,3353,337,220,358,127,364,342,132,172,91,745,141,202,122,29,041,3353,2493,433,422,5,2958,302,184,462,423,455,525,315,242,37,13,39385,48740,1998,52226,1230,16016,599,15064,132,11295,59,2508,247,1961,94,66,206,292,297,440,302,229,22,13,51356,58817,19481,997,20617,27727,23390,37346,24855,7532,6897,5362,2805,635,1736,29,4272,3228,3078,2719,2537,218,359,150,81,63,28,69,1044,866,439,472,178,-888888888,-888888888,-888888888,-888888888,-888888888,-888888888,-888888888,-888888888,-888888888,-888888888,-888888888,-888888888,-888888888,-888888888,-888888888,-888888888,-888888888,-888888888,-888888888
2013,Wayne County; Missouri,10985,5771,5771,5139,632,0,5214,5771,-888888888,5548,2760,2760,2563,811,438,1731,1213,5053,4106,542,44,113,17,231,26.1,5139,1237,891,1182,755,1074,5139,126,434,911,133,642,338,52,234,275,1039,418,193,344,29,223,5139,3675,952,512,0,5589,629,450,1007,830,941,903,482,206,105,36,33159,44429,3510,46352,2493,16109,1121,18931,708,7851,199,2905,1271,3831,208,164,638,490,768,792,427,203,105,36,39465,53705,18970,1758,17751,23238,22577,31487,27049,13281,11006,6699,6722,2275,2766,177,7735,5474,4865,3579,3224,555,1286,609,197,57,140,412,2261,1861,735,1333,400,-888888888,-888888888,-888888888,-888888888,-888888888,-888888888,-888888888,-888888888,-888888888,-888888888,-888888888,-888888888,-888888888,-888888888,-888888888,-888888888,-888888888,-888888888,-888888888
2013,Scott County; Missouri,30667,19397,19384,17818,1566,13,11270,19384,-888888888,16176,9495,9495,8739,3117,2420,6024,4587,17542,13832,2614,100,116,168,712,19.2,17818,4635,3487,4193,1778,3725,17818,802,1009,2896,411,2408,1382,395,717,971,4234,1275,428,890,29,201,17818,14112,2528,1159,19,15169,1323,1285,2161,1914,2484,2519,1590,1369,298,226,40651,52651,11047,55352,5581,16010,2616,16514,1210,8749,402,2487,3252,10796,639,448,1304,1411,1755,2034,1441,1258,289,217,48705,61676,20825,4373,19209,26549,24461,39289,28011,38771,33790,23700,14805,4981,9626,380,23339,18056,16607,13479,12801,1012,3128,1449,809,354,468,640,5283,4450,2057,2930,833,-888888888,-888888888,-888888888,-888888888,-888888888,-888888888,-888888888,-888888888,-888888888,-888888888,-888888888,-888888888,-888888888,-888888888,-888888888,-888888888,-888888888,-888888888,-888888888
2013,Barton County; Missouri,9575,5502,5500,5113,387,2,4073,5500,-888888888,4928,2581,2581,2364,950,572,2122,1175,5032,4081,450,6,199,51,245,19.3,5113,1456,897,1003,624,1133,5113,368,391,886,121,551,218,37,185,312,1291,308,290,155,29,011,5113,3758,658,684,13,5065,522,422,807,447,803,1105,408,369,86,96,40580,50908,3567,54005,1929,15788,726,13366,352,9367,219,1787,710,3650,230,188,440,281,696,941,357,346,75,96,49713,59923,20678,1415,18818,25770,24514,33721,28361,12289,10825,8140,4781,1464,3169,107,6963,4993,4661,3976,3756,414,685,332,151,64,105,181,1970,1494,813,796,476,-888888888,-888888888,-888888888,-888888888,-888888888,-888888888,-888888888,-888888888,-888888888,-888888888,-888888888,-888888888,-888888888,-888888888,-888888888,-888888888,-888888888,-888888888,-888888888
2013,Cedar County; Missouri,11039,5523,5523,4957,566,0,5516,5523,-888888888,5622,2588,2588,2340,943,675,1948,987,4793,3851,447,1,239,66,189,25.1,4957,1460,1012,1066,601,818,4957,339,346,617,116,646,290,28,208,192,1272,443,240,220,29,039,4957,3447,925,542,43,5970,779,829,871,1088,878,883,345,179,88,30,30302,37957,3703,37426,2855,14503,1306,15834,282,10637,388,2740,1095,3816,312,282,456,689,708,745,327,179,88,30,38058,47187,16362,2154,15398,20825,18992,29909,26604,13682,10792,6976,6166,2890,3207,683,7514,4982,4460,3305,3086,461,1155,522,225,64,181,297,2532,1777,864,1196,755,-888888888,-888888888,-888888888,-888888888,-888888888,-888888888,-888888888,-888888888,-888888888,-888888888,-888888888,-888888888,-888888888,-888888888,-888888888,-888888888,-888888888,-888888888,-888888888
2013,Gasconade County; Missouri,12235,7307,7307,6653,654,0,4928,7307,-888888888,6285,3405,3405,3192,911,694,2162,1513,6580,5100,890,16,108,58,408,27.1,6653,1760,1096,1472,888,1437,6653,308,576,1750,98,770,296,143,305,227,1340,466,182,192,29,073,6653,5317,621,695,20,6168,476,515,757,821,1085,1301,580,471,104,58,41392,51822,4509,52053,2591,15758,1278,15580,332,8618,102,2301,774,4103,169,153,330,459,803,1091,531,410,99,58,52579,62752,21830,2065,23148,28796,25095,39131,30949,14812,13250,10166,5245,1562,3281,149,8685,6571,5965,5139,5017,236,826,606,353,255,116,253,2114,1780,1129,859,334,-888888888,-888888888,-888888888,-888888888,-888888888,-888888888,-888888888,-888888888,-888888888,-888888888,-888888888,-888888888,-888888888,-888888888,-888888888,-888888888,-888888888,-888888888,-888888888
2013,Macon County; Missouri,12155,7255,7248,6707,541,7,4900,7248,-888888888,6314,3629,3622,3386,1122,783,2440,1859,6626,5088,947,26,159,104,302,20.8,6707,1940,1472,1402,923,970,6707,339,536,688,124,879,378,137,225,344,1754,468,318,517,29,121,6707,4435,1435,822,15,6389,489,482,1028,943,1009,1275,661,351,67,84,38443,48208,4506,49464,2505,16464,1424,15771,289,9799,82,3850,614,4045,198,96,451,600,653,994,579,328,63,83,50393,59359,20054,2344,22145,27520,25761,34118,29975,15213,12949,10195,5286,2264,3721,498,8696,6777,6255,5128,4909,428,1127,522,291,195,140,231,1919,1511,1000,710,408,-888888888,-888888888,-888888888,-888888888,-888888888,-888888888,-888888888,-888888888,-888888888,-888888888,-888888888,-888888888,-888888888,-888888888,-888888888,-888888888,-888888888,-888888888,-888888888
2013,Oregon County; Missouri,8880,4349,4349,3865,484,0,4531,4349,-888888888,4499,2033,2033,1802,666,399,1498,934,3764,2964,464,44,91,77,124,21.2,3865,806,679,967,616,797,3865,278,250,469,74,647,403,51,95,131,897,189,208,173,29,149,3865,2759,676,430,0,4572,692,410,938,727,671,547,339,204,15,29,27743,38256,2878,39730,2156,14897,832,17100,504,6726,221,1924,988,2910,205,161,559,482,515,457,290,201,11,29,36791,46938,16331,1662,16905,22009,19027,32018,23766,10823,8690,5133,4928,2133,2429,165,6265,4057,3595,2379,2313,206,1216,462,168,72,96,294,2208,1754,757,1123,454,-888888888,-888888888,-888888888,-888888888,-888888888,-888888888,-888888888,-888888888,-888888888,-888888888,-888888888,-888888888,-888888888,-888888888,-888888888,-888888888,-888888888,-888888888,-888888888
2013,Ste. Genevieve County; Missouri,14306,8742,8742,8192,550,0,5564,8742,-888888888,7117,3857,3857,3599,1089,752,2764,2021,7868,6438,889,57,126,45,313,27.3,8192,1775,1203,1910,1620,1684,8192,566,765,1680,220,799,547,125,386,370,1663,506,273,292,29,186,8192,6838,908,396,50,7235,363,465,1065,790,1031,1738,949,565,218,51,48433,56742,5160,60562,2647,16715,1495,16061,443,9048,92,2022,962,4998,106,123,499,480,784,1377,841,538,199,51,55208,67579,22921,2237,22073,29892,28227,47261,27396,17765,16231,13473,5369,1534,4116,238,10834,8226,7707,7229,7116,321,478,519,205,113,92,314,2608,2110,1380,1037,498,-888888888,-888888888,-888888888,-888888888,-888888888,-888888888,-888888888,-888888888,-888888888,-888888888,-888888888,-888888888,-888888888,-888888888,-888888888,-888888888,-888888888,-888888888,-888888888
2013,Douglas County; Missouri,11022,5472,5472,4924,548,0,5550,5472,-888888888,5562,2466,2466,2249,869,517,1842,1171,4836,3891,604,14,91,53,183,30.7,4924,1062,653,1240,951,1018,4924,187,388,933,92,901,327,211,218,171,998,208,175,115,29,067,4924,3999,634,291,0,5178,546,387,1003,789,1036,940,267,149,36,25,32130,40191,3388,41593,2247,15473,1247,13241,290,8497,72,1357,780,3648,281,145,547,653,703,879,230,159,26,25,38312,46597,16404,1530,19426,23070,20529,33621,21852,13534,11091,7484,5717,2443,3009,347,7789,5177,4659,3384,3236,233,1275,518,305,223,135,213,2612,2036,1158,1095,576,-888888888,-888888888,-888888888,-888888888,-888888888,-888888888,-888888888,-888888888,-888888888,-888888888,-888888888,-888888888,-888888888,-888888888,-888888888,-888888888,-888888888,-888888888,-888888888
2013,Henry County; Missouri,17787,10433,10341,9458,883,92,7354,10341,-888888888,9205,4995,4968,4508,1323,735,3008,2126,9332,7661,1123,79,94,91,284,23.0,9458,2527,1937,1811,1462,1721,9458,253,841,1364,240,1200,661,113,356,403,2327,881,420,399,29,083,9458,7608,1204,637,9,9551,1032,575,1219,1487,1518,2037,769,620,143,151,39839,51870,6546,51906,3783,16347,2008,18785,780,10217,313,2651,1656,6154,334,200,655,810,1049,1662,640,590,125,89,50344,59811,22394,3397,23181,34202,24620,36532,28352,21880,18930,13910,8748,2950,4946,327,12697,9666,8838,7293,6756,853,1545,828,363,227,149,465,3031,2425,1106,1519,606,-888888888,-888888888,-888888888,-888888888,-888888888,-888888888,-888888888,-888888888,-888888888,-888888888,-888888888,-888888888,-888888888,-888888888,-888888888,-888888888,-888888888,-888888888,-888888888
2013,Lawrence County; Missouri,29573,17559,17509,15986,1523,50,12014,17509,-888888888,15184,8063,8063,7422,2955,1904,6064,3988,15893,12391,2222,36,391,84,769,21.6,15986,4204,3147,3419,1988,3228,15986,747,955,3165,314,1874,776,338,555,1085,3607,974,886,710,29,109,15986,12404,1978,1559,45,14817,1124,1172,2524,1925,2638,2667,1510,886,231,140,39334,49140,11002,48455,5291,15822,2437,26927,965,7988,433,2148,2827,10280,553,490,1306,1137,1973,2281,1329,861,229,121,47950,57646,19060,4537,21616,28318,24256,37034,27228,37885,32045,23793,13033,5840,9982,954,21964,16378,15028,12185,11634,976,2843,1350,656,433,276,694,5586,4250,2369,2339,1336,-888888888,-888888888,-888888888,-888888888,-888888888,-888888888,-888888888,-888888888,-888888888,-888888888,-888888888,-888888888,-888888888,-888888888,-888888888,-888888888,-888888888,-888888888,-888888888
2013,Pulaski County; Missouri,41657,30906,17666,15701,1965,13240,10751,17666,-888888888,17610,10877,8313,7414,5050,2717,6878,4546,28490,15665,2531,47,254,353,9640,18.6,15701,5321,3571,3272,1730,1807,15701,199,741,903,91,1816,643,211,580,984,3228,2000,627,3678,29,169,15701,8691,6241,714,55,15747,987,804,1640,1668,2799,3595,2212,1530,423,89,49820,57727,13122,56116,3476,13697,3802,19478,694,7697,365,3942,2049,10241,478,431,829,953,1818,2416,1625,1292,319,80,56933,63625,20863,5506,36787,44150,22268,38141,33197,39049,34181,28469,10684,4868,12390,648,23066,16496,14610,12022,11404,1912,2588,1886,1289,1073,271,597,6570,5541,4118,2021,1029,-888888888,-888888888,-888888888,-888888888,-888888888,-888888888,-888888888,-888888888,-888888888,-888888888,-888888888,-888888888,-888888888,-888888888,-888888888,-888888888,-888888888,-888888888,-888888888
2013,Gentry County; Missouri,5336,3228,3222,2967,255,6,2108,3222,-888888888,2757,1514,1514,1437,507,404,1030,774,2862,2217,359,10,110,63,103,20.5,2967,976,564,599,419,409,2967,371,180,265,92,350,171,20,143,108,861,125,102,179,29,075,2967,2120,481,346,20,2800,265,170,402,380,542,514,237,224,39,27,39192,49397,2056,49789,1084,15426,512,17334,172,8065,122,2764,277,1871,87,66,199,221,403,430,199,200,39,27,47750,58897,20534,929,21458,28697,24756,35860,28411,6624,5666,4309,2456,958,1642,154,3695,2889,2676,2202,2064,192,474,213,98,85,13,115,806,594,336,347,212,-888888888,-888888888,-888888888,-888888888,-888888888,-888888888,-888888888,-888888888,-888888888,-888888888,-888888888,-888888888,-888888888,-888888888,-888888888,-888888888,-888888888,-888888888,-888888888
2013,Texas County; Missouri,20988,10309,10185,9427,758,124,10679,10185,-888888888,10198,4924,4923,4643,1820,1087,3425,2177,9390,7660,1245,16,120,64,285,27.5,9427,2148,1766,2500,1277,1736,9427,566,692,1094,65,1328,674,56,539,221,2049,613,497,1033,29,215,9427,6602,1924,883,18,9370,978,787,1511,1245,1693,1816,616,538,88,98,36082,46458,6150,48855,3889,15855,2233,16545,710,9383,286,2556,1465,6535,283,369,787,827,1407,1623,550,508,88,93,45212,55930,17868,2835,17643,23697,21771,32291,25760,24137,20427,13145,10483,3710,5627,413,14007,9402,8736,6817,6127,956,1919,666,290,185,149,376,4605,3628,1627,2319,977,-888888888,-888888888,-888888888,-888888888,-888888888,-888888888,-888888888,-888888888,-888888888,-888888888,-888888888,-888888888,-888888888,-888888888,-888888888,-888888888,-888888888,-888888888,-888888888
2013,Callaway County; Missouri,35616,21489,21467,19967,1500,22,14127,21467,-888888888,17415,10661,10661,9972,3019,2284,6363,4953,19712,16224,2157,47,386,167,731,21.3,19967,6314,3903,4774,2161,2815,19967,454,1629,1531,291,2108,1376,406,878,1211,5436,1571,894,2182,29,027,19967,13636,5235,1003,93,16548,1263,848,1841,1955,2705,3574,1997,1644,411,310,47964,59626,12709,60000,4819,16711,3780,19935,555,8673,391,5066,1789,11233,492,252,857,1057,1769,3053,1675,1455,365,258,58357,69916,23171,5315,27003,35359,27242,42036,32741,41950,37494,31984,11067,4456,9776,664,26689,20411,19084,16497,15967,1082,2587,1327,824,618,254,503,6278,5576,4017,2066,702,-888888888,-888888888,-888888888,-888888888,-888888888,-888888888,-888888888,-888888888,-888888888,-888888888,-888888888,-888888888,-888888888,-888888888,-888888888,-888888888,-888888888,-888888888,-888888888
2013,Cooper County; Missouri,14148,8602,8599,7848,751,3,5546,8599,-888888888,6625,4197,4197,3960,1194,784,2558,2034,7741,6139,1056,5,172,95,274,22.5,7848,2175,1570,2016,976,1111,7848,238,564,798,159,925,555,88,548,282,1844,832,373,642,29,053,7848,5822,1453,571,2,6568,395,511,833,822,936,1356,779,717,128,91,45992,59967,5124,57893,2110,17263,1123,17275,242,8968,222,1395,825,4635,186,263,376,509,730,1103,676,648,89,55,56565,67142,22910,1933,23286,40184,26928,36772,29970,16022,14183,11446,5006,1839,3915,312,9586,8023,7322,6443,6148,487,879,701,337,220,133,364,1563,1279,778,651,284,-888888888,-888888888,-888888888,-888888888,-888888888,-888888888,-888888888,-888888888,-888888888,-888888888,-888888888,-888888888,-888888888,-888888888,-888888888,-888888888,-888888888,-888888888,-888888888
2013,Mississippi County; Missouri,11445,6291,6289,5453,836,2,5154,6289,-888888888,5257,2849,2847,2516,967,741,1859,1279,5398,4189,795,0,129,36,249,18.6,5453,1273,1334,1201,824,821,5453,440,397,447,114,657,446,21,221,336,1355,363,192,464,29,133,5453,3754,1094,592,13,5227,693,607,932,736,741,879,332,237,48,22,29787,40523,3635,41242,2118,14605,896,15172,667,8079,132,2676,1675,3338,210,265,583,479,520,662,313,237,47,22,38789,49664,15558,1889,16590,21486,19379,30524,24121,13081,10344,5690,5996,2737,3123,81,7874,5752,4927,3306,2963,418,1621,825,251,148,103,574,2122,1661,545,1267,461,-888888888,-888888888,-888888888,-888888888,-888888888,-888888888,-888888888,-888888888,-888888888,-888888888,-888888888,-888888888,-888888888,-888888888,-888888888,-888888888,-888888888,-888888888,-888888888
2013,Ozark County; Missouri,8044,3490,3487,3101,386,3,4554,3487,-888888888,3940,1643,1640,1443,504,184,1200,719,3026,2325,425,3,104,22,147,29.7,3101,754,518,599,558,672,3101,247,327,525,56,341,170,0,116,155,763,135,192,74,29,153,3101,2382,380,331,8,4063,362,293,877,724,729,586,286,191,6,9,32078,40159,2391,38076,2026,15898,1057,19945,343,9173,243,3597,877,2983,125,122,574,553,625,529,275,172,4,4,37938,45495,17215,1080,16529,23471,20225,30323,22984,9593,7919,4993,4990,1674,1840,196,5441,3100,2757,2106,1920,337,651,343,114,18,96,229,2341,1743,924,1110,598,-888888888,-888888888,-888888888,-888888888,-888888888,-888888888,-888888888,-888888888,-888888888,-888888888,-888888888,-888888888,-888888888,-888888888,-888888888,-888888888,-888888888,-888888888,-888888888
2013,Bollinger County; Missouri,9888,5388,5388,5052,336,0,4500,5388,-888888888,4984,2403,2403,2256,959,575,1736,1068,4996,3992,691,21,129,26,137,34.2,5052,1195,702,1107,920,1128,5052,315,610,854,135,506,261,68,141,290,1249,241,218,164,29,017,5052,3834,691,524,3,4758,601,363,706,564,871,741,422,327,73,90,37716,48665,3205,53912,2040,15482,929,14377,274,10045,150,2417,959,3337,251,119,435,370,681,637,369,327,58,90,45273,58033,19470,1421,17452,24946,26274,35538,31222,12308,10943,7390,5044,1365,2863,146,7407,4993,4732,4103,3858,364,629,261,167,73,100,94,2414,1922,855,1276,492,-888888888,-888888888,-888888888,-888888888,-888888888,-888888888,-888888888,-888888888,-888888888,-888888888,-888888888,-888888888,-888888888,-888888888,-888888888,-888888888,-888888888,-888888888,-888888888
2013,Knox County; Missouri,3213,1941,1941,1796,145,0,1272,1941,-888888888,1656,919,919,846,266,96,703,411,1766,1300,155,10,77,39,185,21.1,1796,535,351,352,320,238,1796,231,120,118,59,234,113,22,75,86,384,156,113,85,29,103,1796,1173,264,314,45,1724,244,139,287,203,277,265,132,120,17,40,34481,49505,1199,50377,664,14084,256,14359,97,8233,48,2115,214,1121,70,46,134,205,163,216,132,112,14,29,44073,61536,20946,603,15926,25167,21133,39120,26078,4036,3032,2004,1655,1004,1016,271,2251,1761,1633,1096,977,144,537,128,76,29,47,52,490,360,141,257,130,-888888888,-888888888,-888888888,-888888888,-888888888,-888888888,-888888888,-888888888,-888888888,-888888888,-888888888,-888888888,-888888888,-888888888,-888888888,-888888888,-888888888,-888888888,-888888888
2013,Montgomery County; Missouri,9647,6043,6030,5325,705,13,3604,6030,-888888888,4925,2896,2886,2504,775,634,1768,1515,5208,4104,744,5,149,36,170,28.3,5325,1373,975,1147,658,1172,5325,327,418,966,172,612,254,28,323,182,1099,411,243,290,29,139,5325,4112,717,483,13,5091,466,402,686,686,830,940,572,361,107,41,40236,50553,3757,48106,2052,16297,966,20147,347,8469,212,2364,934,3524,191,104,425,465,635,711,544,317,102,30,48314,58831,20991,1567,19910,28700,24281,40981,26425,11793,10194,7400,4496,1599,2818,122,6932,5562,4924,4096,3839,407,828,638,234,89,163,404,1370,1125,531,716,245,-888888888,-888888888,-888888888,-888888888,-888888888,-888888888,-888888888,-888888888,-888888888,-888888888,-888888888,-888888888,-888888888,-888888888,-888888888,-888888888,-888888888,-888888888,-888888888
2013,Stoddard County; Missouri,24008,13561,13548,12135,1413,13,10447,13548,-888888888,12519,6166,6166,5548,1978,1480,4000,2635,11823,9868,1143,21,261,169,361,21.4,12135,3226,2127,2627,1565,2590,12135,774,738,2152,180,1712,804,162,608,530,2962,595,378,540,29,207,12135,9232,1785,1107,11,12224,963,1101,1885,1853,1859,2010,1282,916,185,170,37965,54479,8522,58173,5306,14686,2233,16933,964,8251,389,2501,2328,8210,266,319,953,1054,1545,1689,1194,871,173,146,49565,67519,22967,4014,19554,26662,26092,39212,28409,29471,24525,16913,12106,4946,6684,542,17614,12556,11232,8755,8201,922,2477,1324,533,241,300,791,5058,3927,1633,2745,1131,-888888888,-888888888,-888888888,-888888888,-888888888,-888888888,-888888888,-888888888,-888888888,-888888888,-888888888,-888888888,-888888888,-888888888,-888888888,-888888888,-888888888,-888888888,-888888888
2013,Audrain County; Missouri,20185,11698,11690,10774,916,8,8487,11690,-888888888,11284,5738,5738,5304,1944,1471,3872,2867,10684,8486,1131,63,243,305,456,21.1,10774,2753,2137,2510,1138,2236,10774,456,546,1811,248,1711,657,157,386,393,2647,638,546,578,29,007,10774,8259,1727,759,29,9327,577,654,1336,1179,1512,2107,1195,568,97,102,43013,52396,6883,52081,3467,17235,1802,15227,513,8819,246,4147,1247,6430,338,246,690,614,1036,1743,1071,522,84,86,53564,60370,19687,2897,25979,32141,25828,39809,29433,23914,20307,15362,8204,3607,6213,839,13774,10778,9946,8308,7972,613,1638,832,428,288,160,404,2996,2275,1072,1449,721,-888888888,-888888888,-888888888,-888888888,-888888888,-888888888,-888888888,-888888888,-888888888,-888888888,-888888888,-888888888,-888888888,-888888888,-888888888,-888888888,-888888888,-888888888,-888888888
2013,Greene County; Missouri,225761,144860,144594,132328,12266,266,80901,144594,-888888888,117322,69772,69762,64255,19688,13250,35612,25220,130563,108353,11582,744,3007,2108,4769,19.0,132328,44998,25891,36225,9714,15500,132328,719,6786,10549,4190,17918,6758,3098,8314,11851,35464,14730,7838,4113,29,077,132328,109911,15307,7030,80,115574,10364,8010,16493,15982,18199,21069,11301,9135,2569,2452,40337,55391,89114,54419,34250,16642,19987,21939,5615,8709,2619,3170,15242,69461,4253,2914,6633,7817,10767,15277,9298,8028,2259,2215,53359,67984,23520,46113,25721,34610,22900,39000,31451,274162,231796,181596,82218,42366,58561,4850,177492,136423,124797,101207,96879,6740,23590,11626,6415,4159,2385,5211,41069,32396,21249,13585,8673,-888888888,-888888888,-888888888,-888888888,-888888888,-888888888,-888888888,-888888888,-888888888,-888888888,-888888888,-888888888,-888888888,-888888888,-888888888,-888888888,-888888888,-888888888,-888888888
2013,St. Clair County; Missouri,8027,3982,3980,3615,365,2,4045,3980,-888888888,4002,1827,1827,1672,488,210,1270,935,3501,2712,311,35,164,91,188,22.8,3615,1034,615,928,542,496,3615,298,283,295,116,461,250,73,214,222,930,149,165,159,29,185,3615,2509,595,469,42,4139,483,428,770,597,595,819,208,211,6,22,31539,40465,2560,42157,2059,15899,858,15220,279,7999,139,3001,711,2736,227,160,349,407,533,653,168,213,4,22,42242,48335,17337,1403,17849,23054,19506,32663,26329,9442,7699,5474,3876,1743,1903,188,5302,3526,3213,2458,2364,110,755,313,142,88,54,171,1776,1156,620,726,620,-888888888,-888888888,-888888888,-888888888,-888888888,-888888888,-888888888,-888888888,-888888888,-888888888,-888888888,-888888888,-888888888,-888888888,-888888888,-888888888,-888888888,-888888888,-888888888
2013,Schuyler County; Missouri,3464,2029,2027,1848,179,2,1435,2027,-888888888,1786,916,916,837,344,223,738,440,1805,1383,263,0,32,29,98,27.2,1848,480,239,435,324,370,1848,178,142,256,57,283,131,3,96,122,369,51,91,69,29,197,1848,1324,260,259,5,1773,157,160,302,274,341,320,114,54,36,15,34688,44344,1242,44628,810,14283,301,15967,118,7884,35,2883,327,1190,37,51,152,213,239,291,104,52,36,15,45269,54016,18160,583,17701,23483,21077,31278,23949,4346,3544,2428,1769,802,1121,201,2406,1864,1687,1269,1202,120,418,177,115,54,63,62,542,421,225,309,121,-888888888,-888888888,-888888888,-888888888,-888888888,-888888888,-888888888,-888888888,-888888888,-888888888,-888888888,-888888888,-888888888,-888888888,-888888888,-888888888,-888888888,-888888888,-888888888
2013,Camden County; Missouri,36407,20120,20115,18382,1733,5,16287,20115,-888888888,18429,9518,9518,8866,2791,1825,5008,3870,17732,13792,2209,83,258,310,1080,21.1,18382,5748,3862,4696,1901,2175,18382,214,1576,1433,254,2625,659,361,1325,1353,3939,2667,1242,734,29,029,18382,14288,2149,1894,51,17647,1288,966,2362,2353,3265,3532,2019,1258,304,300,43458,54285,12328,46222,7774,19329,4949,21995,687,8368,381,3446,2409,12558,623,390,1363,1601,2311,2999,1653,1085,297,236,49942,60453,23038,5089,26451,36558,21650,33991,30017,43480,35966,26174,17800,7514,8281,764,25408,18213,16581,12371,11529,1186,4210,1632,721,443,300,911,7195,5589,3618,2651,1606,-888888888,-888888888,-888888888,-888888888,-888888888,-888888888,-888888888,-888888888,-888888888,-888888888,-888888888,-888888888,-888888888,-888888888,-888888888,-888888888,-888888888,-888888888,-888888888
2013,Jefferson County; Missouri,171295,117052,116848,105383,11465,204,54243,116848,-888888888,86725,54490,54459,49513,17672,12461,34743,26641,103744,87952,11167,144,680,737,3064,30.1,105383,30050,18873,27082,13918,15460,105383,485,10172,12570,3327,13373,5839,1916,7909,10471,21402,8201,6099,3619,29,099,105383,88941,10617,5688,137,80812,4300,3833,7507,7817,12319,17904,12118,10794,2870,1350,54845,65670,64968,65949,23374,17919,16676,19902,3271,9625,2128,3001,9725,59036,2313,1647,3576,4739,8404,14137,10464,9857,2700,1199,64116,74319,24792,21776,30792,38198,30446,50266,36826,218041,194331,163137,52357,23710,54356,2298,138846,110799,100236,87924,86084,3748,12312,10563,5878,4655,1432,4685,28047,23693,16595,9564,4354,-888888888,-888888888,-888888888,-888888888,-888888888,-888888888,-888888888,-888888888,-888888888,-888888888,-888888888,-888888888,-888888888,-888888888,-888888888,-888888888,-888888888,-888888888,-888888888
2013,New Madrid County; Missouri,14768,8530,8500,7770,730,30,6238,8500,-888888888,7850,4264,4251,3932,1433,919,2683,1916,7720,6738,558,0,175,67,182,16.2,7770,2104,1566,1638,953,1509,7770,684,275,1075,259,1031,549,133,265,360,1990,392,330,427,29,143,7770,5930,1282,554,4,7423,813,702,1362,773,1022,1219,701,612,127,92,35793,52050,5338,50699,3013,16029,1057,29620,751,8454,221,3435,1809,5066,337,329,739,550,832,979,571,536,127,66,45469,56707,21215,2357,20719,39218,24841,33976,27635,18347,14967,9085,7821,3380,4396,255,11105,7740,7058,5066,4684,484,1992,682,268,154,130,414,3365,2650,864,2040,715,-888888888,-888888888,-888888888,-888888888,-888888888,-888888888,-888888888,-888888888,-888888888,-888888888,-888888888,-888888888,-888888888,-888888888,-888888888,-888888888,-888888888,-888888888,-888888888
2013,Ralls County; Missouri,8181,5206,5206,4924,282,0,2975,5206,-888888888,4082,2476,2476,2365,616,456,1444,981,4826,3769,636,11,96,39,275,21.5,4924,1390,739,1091,708,996,4924,274,443,920,155,616,276,73,140,233,1000,305,176,313,29,173,4924,3657,804,463,0,4044,201,153,437,460,823,1024,464,356,69,57,47969,57422,3256,53502,1451,18712,848,20277,128,8041,70,5223,334,2988,94,50,270,339,566,807,416,320,69,57,54936,63700,23299,1056,34583,37569,26852,40250,27269,10148,8866,7386,3203,1282,2276,178,6133,4709,4475,3744,3615,297,731,234,112,90,22,122,1424,1183,861,555,241,-888888888,-888888888,-888888888,-888888888,-888888888,-888888888,-888888888,-888888888,-888888888,-888888888,-888888888,-888888888,-888888888,-888888888,-888888888,-888888888,-888888888,-888888888,-888888888
